order,subset,domain,left,right,channel,dice_n,dice_mean,dice_median,dice_p10,dice_p90,dice_positive,dice_zero,dice_negative,dice_minimum,dice_worst_decile_mean,dice_tail_count,assd_common_valid,assd_not_jointly_defined,assd_left_undefined,assd_right_undefined,assd_delta_mean_px,assd_delta_median_px,assd_adverse_upper_decile_mean_px
0,remaining_dev,REFUGE,C_SENS,C,OD,336,0.0,0.0,0.0,0.0,0,336,0,0.0,0.0,34,336,0,0,0,0.0,0.0,0.0
0,remaining_dev,REFUGE,C_SENS,C,OC,336,0.0,0.0,0.0,0.0,0,336,0,0.0,0.0,34,336,0,0,0,0.0,0.0,0.0
0,remaining_dev,REFUGE,C_SENS,C,macro,336,0.0,0.0,0.0,0.0,0,336,0,0.0,0.0,34,,,,,,,
0,remaining_dev,REFUGE,C_PER256,C,OD,336,-0.35965405423789065,0.0,-1.450276489119856,0.0,16,219,101,-6.605233847846758,-2.102456888879516,34,336,0,0,0,0.4603184699028918,0.0,3.2601362741167494
0,remaining_dev,REFUGE,C_PER256,C,OC,336,-0.13490189555811244,0.0,-1.1219069550179483,0.8242929753114525,58,219,59,-6.6253595671434296,-2.7418307491900986,34,336,0,0,0,0.057549432220695626,0.0,1.2608212631844886
0,remaining_dev,REFUGE,C_PER256,C,macro,336,-0.24727797489800143,0.0,-1.0486903622735244,0.031044535418434105,34,219,83,-5.84565358926058,-2.189792942930442,34,,,,,,,
0,remaining_dev,REFUGE,C_SENS,C_PER256,OD,336,0.35965405423789065,0.0,0.0,1.450276489119856,101,219,16,-2.0103926537272665,-0.3146459095698381,34,336,0,0,0,-0.4603184699028918,0.0,0.2734557664155159
0,remaining_dev,REFUGE,C_SENS,C_PER256,OC,336,0.13490189555811244,0.0,-0.8242929753114525,1.1219069550179483,59,219,58,-3.552200381727999,-1.63236291577491,34,336,0,0,0,-0.057549432220695626,0.0,0.8003276408935796
0,remaining_dev,REFUGE,C_SENS,C_PER256,macro,336,0.24727797489800143,0.0,-0.031044535418434105,1.0486903622735244,83,219,34,-2.6629548803635217,-0.6109587794487076,34,,,,,,,
0,remaining_dev,REFUGE,C_PCA_GLOBAL,C,OD,336,0.07046821609186125,0.0508278511389626,0.0,0.16888231557669053,290,22,24,-0.15793019928246332,-0.014977826800046406,34,336,0,0,0,-0.10069003228954915,-0.042421275733167896,0.05098502872682034
0,remaining_dev,REFUGE,C_PCA_GLOBAL,C,OC,336,-0.006907454418599503,-0.0026409063229149154,-0.0528030592013784,0.03944964342431634,131,32,173,-0.191910426317754,-0.08649372242498705,34,336,0,0,0,-0.0015158163519962263,0.0,0.08717836670662535
0,remaining_dev,REFUGE,C_PCA_GLOBAL,C,macro,336,0.031780380836630956,0.024301317663888433,-0.0036143290461088107,0.08489835927018019,269,20,47,-0.10352763681548138,-0.024240592891627506,34,,,,,,,
0,remaining_dev,REFUGE,C_PCA_REGION,C,OD,336,0.033882583167712,0.026384092233810996,-0.011711031798217197,0.09556794251927014,247,21,68,-0.15719262936787493,-0.03832429003369187,34,336,0,0,0,-0.06267320832236133,-0.021784492216555318,0.06763185399015226
0,remaining_dev,REFUGE,C_PCA_REGION,C,OC,336,-0.00622233185801994,0.0,-0.2538568509956707,0.23231014418453877,163,21,152,-0.6559206915517368,-0.3824878983073791,34,336,0,0,0,0.014731599273247289,0.0028205280247148856,0.22691606455735147
0,remaining_dev,REFUGE,C_PCA_REGION,C,macro,336,0.01383012565484578,0.008545377547108934,-0.10589128233822187,0.1521564824963073,184,19,133,-0.3366811087982535,-0.17560882349072654,34,,,,,,,
0,remaining_dev,REFUGE,C_PCA_REGION,C_PCA_GLOBAL,OD,336,-0.03658563292414926,-0.02853304290216796,-0.09130831791659966,0.0,24,21,291,-0.17373915814387075,-0.11406028822663616,34,336,0,0,0,0.03801682396718782,0.02430334856045846,0.19088867942123514
0,remaining_dev,REFUGE,C_PCA_REGION,C_PCA_GLOBAL,OC,336,0.0006851225605795652,0.0,-0.24367365369664107,0.23610703177026626,164,21,151,-0.6032736089742419,-0.35707842777089793,34,336,0,0,0,0.016247415625243518,0.0046522087169726944,0.223865049600474
0,remaining_dev,REFUGE,C_PCA_REGION,C_PCA_GLOBAL,macro,336,-0.01795025518178517,-0.0014700444897597365,-0.14472886909386307,0.10715398769307605,145,17,174,-0.3122810272260468,-0.20674505731938875,34,,,,,,,
0,remaining_dev,REFUGE,C_PCA_REGION,C_PCA_SHUFFLED,OD,336,-0.03633844480567772,-0.029076526492988197,-0.09196154332300477,0.0,26,20,290,-0.177841337644713,-0.11478187576788508,34,336,0,0,0,0.037606372895688044,0.021212368460495235,0.19525222326626893
0,remaining_dev,REFUGE,C_PCA_REGION,C_PCA_SHUFFLED,OC,336,0.0008728991936900532,0.0,-0.24607685805335677,0.24365929168148615,164,21,151,-0.5966976704463223,-0.36357296535082045,34,336,0,0,0,0.015997349165148455,0.004877523101193937,0.22235275871935836
0,remaining_dev,REFUGE,C_PCA_REGION,C_PCA_SHUFFLED,macro,336,-0.01773277280599446,-0.00039839751134751467,-0.145197293550009,0.10378157706715241,147,18,171,-0.30509311101702963,-0.20903835453004646,34,,,,,,,
0,remaining_dev,REFUGE,C_PCA_SHUFFLED,C,OD,336,0.07022102797338972,0.05096960397746875,0.0,0.170662351145906,290,24,22,-0.14763632064537235,-0.014800972219072022,34,336,0,0,0,-0.10027958121804938,-0.04144248962119068,0.052797897990077274
0,remaining_dev,REFUGE,C_PCA_SHUFFLED,C,OC,336,-0.007095231051709992,-0.003065661139539655,-0.05523351430689605,0.036310543599693546,130,34,172,-0.17931279467250372,-0.08730556793058648,34,336,0,0,0,-0.0012657498919011652,0.0,0.08870998049210767
0,remaining_dev,REFUGE,C_PCA_SHUFFLED,C,macro,336,0.03156289846084024,0.024036500667995453,-0.005664823331347213,0.08476604161425372,263,20,53,-0.0893600882057588,-0.024776255107885028,34,,,,,,,
0,remaining_dev,ORIGA,C_SENS,C,OD,586,0.0,0.0,0.0,0.0,0,586,0,0.0,0.0,59,586,0,0,0,0.0,0.0,0.0
0,remaining_dev,ORIGA,C_SENS,C,OC,586,0.0,0.0,0.0,0.0,0,586,0,0.0,0.0,59,586,0,0,0,0.0,0.0,0.0
0,remaining_dev,ORIGA,C_SENS,C,macro,586,0.0,0.0,0.0,0.0,0,586,0,0.0,0.0,59,,,,,,,
0,remaining_dev,ORIGA,C_PER256,C,OD,586,-7.29589459972453,-4.99848568706146,-15.992221146460462,-0.9325679807135001,26,0,560,-53.328954563945445,-26.998299087310226,59,586,0,0,0,8.051761646608828,5.29118266461367,31.62394509145477
0,remaining_dev,ORIGA,C_PER256,C,OC,586,-8.812466413433132,-4.880291514103141,-24.61267960779682,1.4862142826772395,86,0,500,-81.67633794605091,-42.36832534043024,59,586,0,0,0,4.255944787439022,2.284413009990483,21.784452715898155
0,remaining_dev,ORIGA,C_PER256,C,macro,586,-8.054180506578831,-4.735127789327986,-20.275037554813164,-0.1561362971794933,51,0,535,-67.50264625499817,-34.09596655237804,59,,,,,,,
0,remaining_dev,ORIGA,C_SENS,C_PER256,OD,586,7.29589459972453,4.99848568706146,0.9325679807135001,15.992221146460462,560,0,26,-4.315738436492278,-0.1191000801085814,59,586,0,0,0,-8.051761646608828,-5.29118266461367,0.26787979933444894
0,remaining_dev,ORIGA,C_SENS,C_PER256,OC,586,8.812466413433132,4.880291514103141,-1.4862142826772395,24.61267960779682,500,0,86,-15.173307240702648,-4.377575032390189,59,586,0,0,0,-4.255944787439022,-2.284413009990483,3.1960424697985603
0,remaining_dev,ORIGA,C_SENS,C_PER256,macro,586,8.054180506578831,4.735127789327986,0.1561362971794933,20.275037554813164,535,0,51,-7.401697206403368,-1.088290165751578,59,,,,,,,
0,remaining_dev,ORIGA,C_PCA_GLOBAL,C,OD,586,0.09872834919145732,0.10407472846308274,-0.045371835225033186,0.23122737963679474,482,0,104,-0.43455372280412075,-0.12082155435357997,59,586,0,0,0,-0.10427480941744532,-0.09525647159908512,0.23072074996101155
0,remaining_dev,ORIGA,C_PCA_GLOBAL,C,OC,586,-0.0746014269039254,-0.06586833698771777,-0.2626349567228681,0.11940813223371705,183,0,403,-1.2230368590956608,-0.3973938852740548,59,586,0,0,0,0.04175015705455306,0.025705545732107815,0.4215462022521488
0,remaining_dev,ORIGA,C_PCA_GLOBAL,C,macro,586,0.012063461143766253,0.011647370864276141,-0.11533219261632977,0.14271687966136426,318,0,268,-0.6648267656272577,-0.17884459194041105,59,,,,,,,
0,remaining_dev,ORIGA,C_PCA_REGION,C,OD,586,-0.032448037037073725,-0.03817078905942184,-0.15907876638565077,0.0930782242535455,179,1,406,-0.4102810442132787,-0.20466129502277602,59,586,0,0,0,0.02615748653721074,0.0450140472510725,0.28319901874454584
0,remaining_dev,ORIGA,C_PCA_REGION,C,OC,586,0.4686785199453992,0.4620530348539431,-0.23438641906367574,1.2149456540165138,488,0,98,-1.2647364378505443,-0.6213035404902256,59,586,0,0,0,-0.24677870488410222,-0.18664082021804074,0.5653461726453591
0,remaining_dev,ORIGA,C_PCA_REGION,C,macro,586,0.21811524145416283,0.223350603936473,-0.15370075712738962,0.5816030950476503,468,0,118,-0.7245622794467943,-0.3369698028971275,59,,,,,,,
0,remaining_dev,ORIGA,C_PCA_REGION,C_PCA_GLOBAL,OD,586,-0.13117638622853106,-0.1384974585937504,-0.2955589140383075,0.04479237243611989,95,0,491,-0.4977798849068127,-0.3517570673498878,59,586,0,0,0,0.13043229595465605,0.12877200987169424,0.4869709864886715
0,remaining_dev,ORIGA,C_PCA_REGION,C_PCA_GLOBAL,OC,586,0.5432799468493246,0.4884246465082287,-0.18920435982706652,1.3534141290822699,490,0,96,-1.3214399727610515,-0.5935068048130314,59,586,0,0,0,-0.2885288619386553,-0.2054273733096057,0.5570327554705036
0,remaining_dev,ORIGA,C_PCA_REGION,C_PCA_GLOBAL,macro,586,0.20605178031039656,0.19932394722285418,-0.18358968292237487,0.6175800978971191,451,0,135,-0.7670248519206724,-0.3418343486764579,59,,,,,,,
0,remaining_dev,ORIGA,C_PCA_REGION,C_PCA_SHUFFLED,OD,586,-0.12844711646755533,-0.13884926360741012,-0.2784980378993829,0.0357847618078444,92,0,494,-0.4991071548970938,-0.33393125983286087,59,586,0,0,0,0.12788960442301947,0.12357541661542837,0.46440764947425556
0,remaining_dev,ORIGA,C_PCA_REGION,C_PCA_SHUFFLED,OC,586,0.5437637626947645,0.4941009250494566,-0.19484442719076012,1.3504431708551201,487,0,99,-1.352990117236541,-0.6087159962014933,59,586,0,0,0,-0.28513704928831085,-0.201940154694372,0.5621678440521237
0,remaining_dev,ORIGA,C_PCA_REGION,C_PCA_SHUFFLED,macro,586,0.2076583231136045,0.19904665337642236,-0.17759409910153012,0.6266031609545086,450,0,136,-0.7839026872528798,-0.349429628965922,59,,,,,,,
0,remaining_dev,ORIGA,C_PCA_SHUFFLED,C,OD,586,0.09599907943048162,0.10209993445279286,-0.037390213382892945,0.22241886519548393,488,0,98,-0.40272661488285344,-0.10930015410118371,59,586,0,0,0,-0.10173211788580873,-0.09620418336443137,0.22133621207735443
0,remaining_dev,ORIGA,C_PCA_SHUFFLED,C,OC,586,-0.07508524274936527,-0.06887824108670615,-0.24606911532985554,0.11104108439227711,178,0,408,-0.9240799270389011,-0.383198314981306,59,586,0,0,0,0.03835834440420861,0.024739347770910136,0.42094952853455997
0,remaining_dev,ORIGA,C_PCA_SHUFFLED,C,macro,586,0.010456918340558305,0.008487657530109605,-0.1164072435271224,0.1457131956451696,324,0,262,-0.4898885368193939,-0.17335274938075598,59,,,,,,,
0,remaining_dev,REFUGE_Valid,C_SENS,C,OD,736,0.0,0.0,0.0,0.0,0,736,0,0.0,0.0,74,736,0,0,0,0.0,0.0,0.0
0,remaining_dev,REFUGE_Valid,C_SENS,C,OC,736,0.0,0.0,0.0,0.0,0,736,0,0.0,0.0,74,736,0,0,0,0.0,0.0,0.0
0,remaining_dev,REFUGE_Valid,C_SENS,C,macro,736,0.0,0.0,0.0,0.0,0,736,0,0.0,0.0,74,,,,,,,
0,remaining_dev,REFUGE_Valid,C_PER256,C,OD,736,7.5385514703807415,8.418423892029224,0.44485862798301357,13.943677462229015,668,0,68,-30.84529696374544,-4.459444879198969,74,736,0,0,0,-3.545040800471653,-6.072062235908186,22.88532611641388
0,remaining_dev,REFUGE_Valid,C_PER256,C,OC,736,6.461419483439278,7.266509664542282,2.2844322860054387,10.491171103593905,684,0,52,-17.879336846347925,-3.694663006816548,74,736,0,0,0,-3.921475353425058,-4.549979459502947,4.517036801520457
0,remaining_dev,REFUGE_Valid,C_PER256,C,macro,736,6.99998547691001,7.797823278108524,1.6449897187708173,11.644672809748618,690,0,46,-19.351203953140228,-2.2403506833973585,74,,,,,,,
0,remaining_dev,REFUGE_Valid,C_SENS,C_PER256,OD,736,-7.5385514703807415,-8.418423892029224,-13.943677462229015,-0.44485862798301357,68,0,668,-19.528492847896818,-15.478841964652235,74,736,0,0,0,3.545040800471653,6.072062235908186,16.523178586468774
0,remaining_dev,REFUGE_Valid,C_SENS,C_PER256,OC,736,-6.461419483439278,-7.266509664542282,-10.491171103593905,-2.2844322860054387,52,0,684,-19.368907159382598,-11.56198022509947,74,736,0,0,0,3.921475353425058,4.549979459502947,7.899157386925831
0,remaining_dev,REFUGE_Valid,C_SENS,C_PER256,macro,736,-6.99998547691001,-7.797823278108524,-11.644672809748618,-1.6449897187708173,46,0,690,-15.304552171796848,-12.554287411863282,74,,,,,,,
0,remaining_dev,REFUGE_Valid,C_PCA_GLOBAL,C,OD,736,-0.57740653343875,-0.5754900031073373,-0.8438793915185483,-0.3146770271952426,7,0,729,-1.5906789375084607,-0.9772046445370172,74,736,0,0,0,0.6425248321549037,0.6397348468217272,1.8038192564295006
0,remaining_dev,REFUGE_Valid,C_PCA_GLOBAL,C,OC,736,-0.08742177078952774,-0.09025123581479777,-0.18698820973498953,0.011358909168013298,99,1,636,-0.3661107925616691,-0.22803924318436125,74,736,0,0,0,0.19121357911113782,0.13628599274931386,0.7472533032942151
0,remaining_dev,REFUGE_Valid,C_PCA_GLOBAL,C,macro,736,-0.3324141521141391,-0.3334183329262774,-0.482123193519729,-0.1833304944767522,6,0,730,-0.9204333641391393,-0.5491548283011332,74,,,,,,,
0,remaining_dev,REFUGE_Valid,C_PCA_REGION,C,OD,736,-0.35673987160358167,-0.34103312325543533,-0.6025462971493145,-0.12851641801950864,12,0,724,-1.4863732234092208,-0.7364644031655558,74,736,0,0,0,0.2650116791056892,0.31402694090358985,1.1462344718761863
0,remaining_dev,REFUGE_Valid,C_PCA_REGION,C,OC,736,-1.013473236484941,-1.044284368394302,-1.474821030126658,-0.6234946803208435,24,0,712,-1.9812792647304622,-1.6219853192579412,74,736,0,0,0,0.7118618161278465,0.7339043654036477,1.4397941792323938
0,remaining_dev,REFUGE_Valid,C_PCA_REGION,C,macro,736,-0.6851065540442616,-0.6934795675109906,-1.0049374449050796,-0.40069910603515724,14,0,722,-1.343714354921155,-1.0976677797627765,74,,,,,,,
0,remaining_dev,REFUGE_Valid,C_PCA_REGION,C_PCA_GLOBAL,OD,736,0.22066666183516837,0.220439968721986,0.05816972059264902,0.36475191729996026,702,0,34,-0.2716756515660612,-0.003486984871347831,74,736,0,0,0,-0.37751315304921457,-0.32901655339853697,0.34266301459970216
0,remaining_dev,REFUGE_Valid,C_PCA_REGION,C_PCA_GLOBAL,OC,736,-0.9260514656954133,-0.9590291927563693,-1.3527345373868183,-0.5665916085214856,26,0,710,-1.8609092365557633,-1.516611934766306,74,736,0,0,0,0.5206482370167087,0.5490509119362894,1.1525139710941013
0,remaining_dev,REFUGE_Valid,C_PCA_REGION,C_PCA_GLOBAL,macro,736,-0.3526924019301225,-0.36786016134426336,-0.5951665883339674,-0.11372120451603462,39,0,697,-0.9614464342639795,-0.6953763842030333,74,,,,,,,
0,remaining_dev,REFUGE_Valid,C_PCA_REGION,C_PCA_SHUFFLED,OD,736,0.21835939744179525,0.21486787535944796,0.06646197983135038,0.35193783417649116,705,0,31,-0.25387426919873946,0.0014189922014204513,74,736,0,0,0,-0.3754626656781217,-0.31574529615811375,0.3676819842101141
0,remaining_dev,REFUGE_Valid,C_PCA_REGION,C_PCA_SHUFFLED,OC,736,-0.9363051508610319,-0.9693924698757739,-1.3595611368631244,-0.5764819396260001,26,0,710,-1.8609092365557633,-1.5209168014597205,74,736,0,0,0,0.5310731150419624,0.5736514774061128,1.156949692771584
0,remaining_dev,REFUGE_Valid,C_PCA_REGION,C_PCA_SHUFFLED,macro,736,-0.35897287670961847,-0.37841198631682893,-0.5938732811383518,-0.12452906455601709,38,0,698,-0.9410072747648157,-0.692049389819975,74,,,,,,,
0,remaining_dev,REFUGE_Valid,C_PCA_SHUFFLED,C,OD,736,-0.575099269045377,-0.5635891026569029,-0.8496856649311546,-0.31290224550602486,7,0,729,-1.683739487862168,-0.9943326219126802,74,736,0,0,0,0.6404743447838108,0.6268575678630564,1.8245804565980517
0,remaining_dev,REFUGE_Valid,C_PCA_SHUFFLED,C,OC,736,-0.07716808562390902,-0.07853294735620797,-0.1759579684195961,0.019131257941129576,109,5,622,-0.37582183793634094,-0.21769589743545475,74,736,0,0,0,0.18078870108588402,0.13139138607619572,0.7324291562440588
0,remaining_dev,REFUGE_Valid,C_PCA_SHUFFLED,C,macro,736,-0.32613367733464316,-0.32340119591152683,-0.48628181117899016,-0.171752933950009,7,0,729,-0.9245829758436352,-0.5541878237581739,74,,,,,,,
0,remaining_dev,Drishti_GS,C_SENS,C,OD,37,0.0,0.0,0.0,0.0,0,37,0,0.0,0.0,4,37,0,0,0,0.0,0.0,0.0
0,remaining_dev,Drishti_GS,C_SENS,C,OC,37,0.0,0.0,0.0,0.0,0,37,0,0.0,0.0,4,37,0,0,0,0.0,0.0,0.0
0,remaining_dev,Drishti_GS,C_SENS,C,macro,37,0.0,0.0,0.0,0.0,0,37,0,0.0,0.0,4,,,,,,,
0,remaining_dev,Drishti_GS,C_PER256,C,OD,37,-6.749064827893621,-6.466706878331352,-9.092632836167185,-4.396659398444029,0,0,37,-12.33120386237373,-10.4445861166776,4,37,0,0,0,6.915961643400283,7.16828711519284,10.921204579293562
0,remaining_dev,Drishti_GS,C_PER256,C,OC,37,-8.561314919165028,-9.036783261412118,-13.27532004582854,-5.126386020761922,2,0,35,-21.27337648343094,-15.618100022537725,4,37,0,0,0,3.6044343986049228,4.117295225651009,8.582845248183432
0,remaining_dev,Drishti_GS,C_PER256,C,macro,37,-7.6551898735293245,-7.9065585168458075,-10.213634308524558,-5.631559809535004,1,0,36,-15.43118934629797,-11.86871039442621,4,,,,,,,
0,remaining_dev,Drishti_GS,C_SENS,C_PER256,OD,37,6.749064827893621,6.466706878331352,4.396659398444029,9.092632836167184,37,0,0,2.6456996666917587,3.668859671374583,4,37,0,0,0,-6.915961643400283,-7.16828711519284,-3.5708278802323203
0,remaining_dev,Drishti_GS,C_SENS,C_PER256,OC,37,8.561314919165028,9.036783261412118,5.126386020761919,13.27532004582854,35,0,2,-10.813869524193409,-2.366535649354698,4,37,0,0,0,-3.6044343986049228,-4.117295225651009,3.2187831288794975
0,remaining_dev,Drishti_GS,C_SENS,C_PER256,macro,37,7.6551898735293245,7.9065585168458075,5.631559809535003,10.213634308524556,36,0,1,-2.7430362515310835,1.7560161422291443,4,,,,,,,
0,remaining_dev,Drishti_GS,C_PCA_GLOBAL,C,OD,37,0.24384203976762234,0.26704508188927223,0.05326030853072261,0.4110012082150072,34,0,3,-0.42529424950508155,-0.10887882920944669,4,37,0,0,0,-0.2667672859556654,-0.289524769029744,0.1465140561042505
0,remaining_dev,Drishti_GS,C_PCA_GLOBAL,C,OC,37,-0.6577873297689155,-0.562921710508979,-1.390207192143642,0.020103705027150143,5,0,32,-3.052792335384369,-2.3996687874851985,4,37,0,0,0,0.25332621551224166,0.15435344823428032,0.9741253478429845
0,remaining_dev,Drishti_GS,C_PCA_GLOBAL,C,macro,37,-0.20697264500064674,-0.14793831430984783,-0.5796171477678724,0.14050733807638327,11,0,26,-1.4249017063492353,-1.0876547457340209,4,,,,,,,
0,remaining_dev,Drishti_GS,C_PCA_REGION,C,OD,37,0.23764790606801553,0.2813657166354844,0.016723499278659126,0.42310941971572147,34,0,3,-0.27813725666034905,-0.06666390753687079,4,37,0,0,0,-0.282084703600228,-0.3073013651235019,0.10374765939882125
0,remaining_dev,Drishti_GS,C_PCA_REGION,C,OC,37,2.155234822029737,2.499826591757237,-0.46079404197763907,3.654406134570085,32,0,5,-2.784032921537394,-1.682714400411525,4,37,0,0,0,-1.2809507850852317,-1.3640512183938682,1.0763809518346819
0,remaining_dev,Drishti_GS,C_PCA_REGION,C,macro,37,1.1964413640488774,1.4463393008551817,-0.10791541136435875,1.9686414903868021,33,0,4,-1.3925322006779983,-0.8199139615680223,4,,,,,,,
0,remaining_dev,Drishti_GS,C_PCA_REGION,C_PCA_GLOBAL,OD,37,-0.006194133699606848,-0.004852314657177725,-0.11964270780937314,0.0894961184545151,18,0,19,-0.18837161887685916,-0.14724890608887042,4,37,0,0,0,-0.015317417644562658,-0.04384095779561825,0.18554877723035346
0,remaining_dev,Drishti_GS,C_PCA_REGION,C_PCA_GLOBAL,OC,37,2.813022151798653,2.9379023669956483,-0.6286771525517376,4.95837029561128,32,0,5,-2.9369857381681186,-1.744732144109462,4,37,0,0,0,-1.5342770005974735,-1.7366983300255026,1.1357370569773382
0,remaining_dev,Drishti_GS,C_PCA_REGION,C_PCA_GLOBAL,macro,37,1.403414009049524,1.4615542477191101,-0.3028863020269812,2.478688220035889,32,0,5,-1.4531806171561357,-0.8780650384379612,4,,,,,,,
0,remaining_dev,Drishti_GS,C_PCA_REGION,C_PCA_SHUFFLED,OD,37,-0.009844800622595242,-0.0037891743452811433,-0.12304638141434454,0.08292804718302849,18,0,19,-0.1777928906543047,-0.14593265459907634,4,37,0,0,0,-0.010957085482351315,-0.03206772757142584,0.17661492229729547
0,remaining_dev,Drishti_GS,C_PCA_REGION,C_PCA_SHUFFLED,OC,37,2.8143948755201276,2.93826360547208,-0.6104661937004363,4.935000859697411,32,0,5,-2.918515061512894,-1.741041692495257,4,37,0,0,0,-1.5383980063700617,-1.7655872803052617,1.1370814326819034
0,remaining_dev,Drishti_GS,C_PCA_REGION,C_PCA_SHUFFLED,macro,37,1.402275037448767,1.4672372155633884,-0.2895937602227616,2.4660941958449896,32,0,5,-1.4467643336203873,-0.8751778969606133,4,,,,,,,
0,remaining_dev,Drishti_GS,C_PCA_SHUFFLED,C,OD,37,0.24749270669061071,0.2685801650578412,0.04957811682809288,0.4114540997141303,34,0,3,-0.4360674319050517,-0.1100704119813195,4,37,0,0,0,-0.27112761811787667,-0.2868572813309167,0.14670112791941348
0,remaining_dev,Drishti_GS,C_PCA_SHUFFLED,C,OC,37,-0.6591600534903908,-0.5776128684536697,-1.3855659759440009,0.018701451993796674,5,0,32,-3.0794381722727913,-2.40902752608083,4,37,0,0,0,0.2574472212848301,0.17325371178037585,0.9169696472908964
0,remaining_dev,Drishti_GS,C_PCA_SHUFFLED,C,macro,37,-0.20583367339988934,-0.1510261642119426,-0.5778544570244137,0.13875819134220532,11,0,26,-1.4408769938115462,-1.0918806437815314,4,,,,,,,
0,legacy_dev,REFUGE,C_SENS,C,OD,32,0.0,0.0,0.0,0.0,0,32,0,0.0,0.0,4,32,0,0,0,0.0,0.0,0.0
0,legacy_dev,REFUGE,C_SENS,C,OC,32,0.0,0.0,0.0,0.0,0,32,0,0.0,0.0,4,32,0,0,0,0.0,0.0,0.0
0,legacy_dev,REFUGE,C_SENS,C,macro,32,0.0,0.0,0.0,0.0,0,32,0,0.0,0.0,4,,,,,,,
0,legacy_dev,REFUGE,C_PER256,C,OD,32,-0.40427815772210124,0.0,-1.5810635923557914,0.0,3,18,11,-1.623563983652343,-1.6127794499760233,4,32,0,0,0,0.3810946432000634,0.0,1.6711650367330282
0,legacy_dev,REFUGE,C_PER256,C,OC,32,-0.2854161593552354,0.0,-1.016333416211176,0.056843319881248036,5,18,9,-3.924884681616281,-2.580563856530413,4,32,0,0,0,0.04469792055527154,0.0,1.0700364742274182
0,legacy_dev,REFUGE,C_PER256,C,macro,32,-0.34484715853866854,0.0,-1.1618231818873315,0.0,2,18,12,-2.7736336349202806,-1.8283293066761215,4,,,,,,,
0,legacy_dev,REFUGE,C_SENS,C_PER256,OD,32,0.40427815772210124,0.0,0.0,1.5810635923557914,11,18,3,-0.30611110310123646,-0.17322737449025905,4,32,0,0,0,-0.3810946432000634,0.0,0.2317287035601765
0,legacy_dev,REFUGE,C_SENS,C_PER256,OC,32,0.2854161593552354,0.0,-0.056843319881247904,1.0163334162111766,9,18,5,-1.925589710336506,-0.6845951621567758,4,32,0,0,0,-0.04469792055527154,0.0,0.7064391502974869
0,legacy_dev,REFUGE,C_SENS,C_PER256,macro,32,0.34484715853866854,0.0,0.0,1.1618231818873324,12,18,2,-0.3254948706828298,-0.09794756997801024,4,,,,,,,
0,legacy_dev,REFUGE,C_PCA_GLOBAL,C,OD,32,0.08719701464440684,0.09281764375939638,0.013766146832190351,0.17490832306459647,30,0,2,-0.032784774611305245,-0.006693248869910073,4,32,0,0,0,-0.08582923546774072,-0.08904709565391933,0.019281328999405378
0,legacy_dev,REFUGE,C_PCA_GLOBAL,C,OC,32,-0.0047113169454517795,-0.0007651240230055478,-0.0829093555807292,0.03357763838369388,15,1,16,-0.14995495417140514,-0.10354636474376733,4,32,0,0,0,-0.00857294194931113,-0.005619850408489668,0.05793964335725399
0,legacy_dev,REFUGE,C_PCA_GLOBAL,C,macro,32,0.04124284884947614,0.03546422522381354,0.0012842500728138528,0.0902813347845899,29,0,3,-0.03461143435596892,-0.021759788291786375,4,,,,,,,
0,legacy_dev,REFUGE,C_PCA_REGION,C,OD,32,0.046007050922220946,0.050282060770839854,0.003465747344573167,0.09756865966160101,30,0,2,-0.05566829127813255,-0.01499661220213111,4,32,0,0,0,-0.04235075822031857,-0.02848347793349837,0.023770961203806174
0,legacy_dev,REFUGE,C_PCA_REGION,C,OC,32,0.01589912197060353,0.005908094313189505,-0.1787262631591091,0.23680238641223492,16,0,16,-0.3316295456132323,-0.24432284827414774,4,32,0,0,0,-0.003823931772908469,0.006804902924480327,0.14686673502035408
0,legacy_dev,REFUGE,C_PCA_REGION,C,macro,32,0.030953086446411024,0.025602447568562336,-0.08440932129560652,0.1334360906519072,19,0,13,-0.12515720327179736,-0.10763060763542831,4,,,,,,,
0,legacy_dev,REFUGE,C_PCA_REGION,C_PCA_GLOBAL,OD,32,-0.04118996372218589,-0.0361392921112591,-0.10047361024739798,0.00186080354652287,4,0,28,-0.12277992782241398,-0.11195239475031149,4,32,0,0,0,0.043478477247422154,0.0325967581264095,0.1270093908794001
0,legacy_dev,REFUGE,C_PCA_REGION,C_PCA_GLOBAL,OC,32,0.02061043891605531,0.01648485336271377,-0.18708156582361246,0.2296910607558145,17,0,15,-0.34611610737930176,-0.2598430326367335,4,32,0,0,0,0.004749010176402661,0.024287073298449036,0.12811089509300388
0,legacy_dev,REFUGE,C_PCA_REGION,C_PCA_GLOBAL,macro,32,-0.010289762403065117,-0.02354911342783428,-0.09622122489863383,0.09381898674603929,14,0,18,-0.18114147793384383,-0.12503596765276181,4,,,,,,,
0,legacy_dev,REFUGE,C_PCA_REGION,C_PCA_SHUFFLED,OD,32,-0.040195310828090164,-0.033158802906552154,-0.09455838407581907,0.00428168170551027,4,0,28,-0.12453200197133363,-0.10940846920730884,4,32,0,0,0,0.04365066570310362,0.03404620507603706,0.13093701758180432
0,legacy_dev,REFUGE,C_PCA_REGION,C_PCA_SHUFFLED,OC,32,0.021245737559659125,0.009877399264374143,-0.18899098199275932,0.22316109885787694,16,0,16,-0.33887211609210377,-0.259527602991827,4,32,0,0,0,0.005017415467406312,0.02244356065933939,0.12739158350337132
0,legacy_dev,REFUGE,C_PCA_REGION,C_PCA_SHUFFLED,macro,32,-0.00947478663421604,-0.0216126843190112,-0.09814681500888489,0.09823527967339543,15,0,17,-0.175811461274189,-0.12214922552356289,4,,,,,,,
0,legacy_dev,REFUGE,C_PCA_SHUFFLED,C,OD,32,0.08620236175031111,0.09146501505759574,0.013766146832190351,0.17318369193380923,29,0,3,-0.023912285012861467,-0.0062432428940079054,4,32,0,0,0,-0.0860014239234222,-0.08278000767575211,0.01703732782554712
0,legacy_dev,REFUGE,C_PCA_SHUFFLED,C,OC,32,-0.005346615589055595,-0.0017495301969261412,-0.07169296031170447,0.024106295276834507,15,1,16,-0.13556894496657979,-0.09857913734049317,4,32,0,0,0,-0.008841347240314781,-0.005779316431550718,0.058235167272816746
0,legacy_dev,REFUGE,C_PCA_SHUFFLED,C,macro,32,0.040427873080627064,0.03230083200385092,-0.003578755465621919,0.08811634448502859,27,0,5,-0.028096876647842883,-0.019311801594418254,4,,,,,,,
0,legacy_dev,ORIGA,C_SENS,C,OD,32,0.0,0.0,0.0,0.0,0,32,0,0.0,0.0,4,32,0,0,0,0.0,0.0,0.0
0,legacy_dev,ORIGA,C_SENS,C,OC,32,0.0,0.0,0.0,0.0,0,32,0,0.0,0.0,4,32,0,0,0,0.0,0.0,0.0
0,legacy_dev,ORIGA,C_SENS,C,macro,32,0.0,0.0,0.0,0.0,0,32,0,0.0,0.0,4,,,,,,,
0,legacy_dev,ORIGA,C_PER256,C,OD,32,-6.864711227801639,-4.083628669085315,-19.886784811796094,-1.5739190927266657,2,0,30,-35.472150049433786,-27.610594718371402,4,32,0,0,0,7.328389206806964,3.909445363474193,29.607584427622193
0,legacy_dev,ORIGA,C_PER256,C,OC,32,-8.926155054622981,-3.2956446975725417,-30.261797663805417,-0.05658740051208661,3,0,29,-63.861412242932225,-45.66483023239616,4,32,0,0,0,4.534942789254606,1.5762139370734811,23.116337831238326
0,legacy_dev,ORIGA,C_PER256,C,macro,32,-7.895433141212309,-3.705022538357039,-25.857625374538895,-1.089686198512666,1,0,31,-47.81972920478722,-36.63771247538378,4,,,,,,,
0,legacy_dev,ORIGA,C_SENS,C_PER256,OD,32,6.864711227801639,4.083628669085315,1.5739190927266666,19.886784811796115,30,0,2,-1.1369890511297887,0.1638623998284905,4,32,0,0,0,-7.328389206806964,-3.909445363474193,0.2246070552512036
0,legacy_dev,ORIGA,C_SENS,C_PER256,OC,32,8.926155054622981,3.2956446975725417,0.05658740051208701,30.26179766380545,29,0,3,-1.6600513180030196,-0.7670910168839001,4,32,0,0,0,-4.534942789254606,-1.5762139370734811,0.8879644263498547
0,legacy_dev,ORIGA,C_SENS,C_PER256,macro,32,7.895433141212309,3.705022538357039,1.089686198512666,25.857625374538923,31,0,1,-1.1868446007438416,0.3713721917016466,4,,,,,,,
0,legacy_dev,ORIGA,C_PCA_GLOBAL,C,OD,32,0.12909445146963502,0.10444527384682045,-0.016234738595604092,0.32777202141897627,27,0,5,-0.2254738288679059,-0.09317568350547811,4,32,0,0,0,-0.08476258662638114,-0.08009537128994504,0.2248734890527362
0,legacy_dev,ORIGA,C_PCA_GLOBAL,C,OC,32,-0.02593866442329555,-0.0023705463898293644,-0.20176715130357237,0.11759480613075746,13,1,18,-0.46460818388529557,-0.285997901390847,4,32,0,0,0,0.04149093976566974,0.03215870768772544,0.3095327235197112
0,legacy_dev,ORIGA,C_PCA_GLOBAL,C,macro,32,0.05157789352317026,0.0526233499893225,-0.08722141501041891,0.19370115767091814,25,0,7,-0.22574810732278738,-0.15716438101901764,4,,,,,,,
0,legacy_dev,ORIGA,C_PCA_REGION,C,OD,32,-0.02366203516085963,-0.019851193461317695,-0.13170369451263375,0.08656188274133178,12,0,20,-0.2660261818204779,-0.17772278892075333,4,32,0,0,0,0.02974013455830901,0.03077352662671995,0.24591367146222765
0,legacy_dev,ORIGA,C_PCA_REGION,C,OC,32,0.35946752423971684,0.31631335422369344,-0.1422991560436715,1.066103508267282,26,0,6,-0.7022552002465376,-0.4215149468560525,4,32,0,0,0,-0.19992243521269681,-0.1820656405576111,0.3500000213994301
0,legacy_dev,ORIGA,C_PCA_REGION,C,macro,32,0.16790274453942872,0.2078968296001682,-0.13311505478146968,0.5485971471743603,24,0,8,-0.37334403000781613,-0.24877585332669094,4,,,,,,,
0,legacy_dev,ORIGA,C_PCA_REGION,C_PCA_GLOBAL,OD,32,-0.15275648663049465,-0.15135621667532462,-0.3018815067031233,-0.008695841179431287,3,0,29,-0.3849645226047582,-0.3377141868710687,4,32,0,0,0,0.11450272118469015,0.112730045313167,0.38041232923388213
0,legacy_dev,ORIGA,C_PCA_REGION,C_PCA_GLOBAL,OC,32,0.38540618866301235,0.3826943102076208,-0.1568475777555567,1.0376054214690722,26,0,6,-0.7072865142601747,-0.4251538946873218,4,32,0,0,0,-0.24141337497836657,-0.21836611515489635,0.341031338604725
0,legacy_dev,ORIGA,C_PCA_REGION,C_PCA_GLOBAL,macro,32,0.11632485101625845,0.08901562348778147,-0.11917327585700299,0.3840077979208956,23,0,9,-0.4371372868243517,-0.2719156143626056,4,,,,,,,
0,legacy_dev,ORIGA,C_PCA_REGION,C_PCA_SHUFFLED,OD,32,-0.1522350981803304,-0.16971347176065743,-0.2709277047662695,-0.009063412653738046,3,0,29,-0.35953955405427784,-0.3153501239757578,4,32,0,0,0,0.12304500468451599,0.1456497938100707,0.36248270934951
0,legacy_dev,ORIGA,C_PCA_REGION,C_PCA_SHUFFLED,OC,32,0.3916835442078715,0.37853427375850734,-0.14127934801370423,1.0930050060852148,26,0,6,-0.6871648349691339,-0.421269727065518,4,32,0,0,0,-0.24442649611529316,-0.21613778551747664,0.3514355228441517
0,legacy_dev,ORIGA,C_PCA_REGION,C_PCA_SHUFFLED,macro,32,0.11972422301376948,0.07898211574872138,-0.1178946812894166,0.4174045745242351,24,0,8,-0.43671252434009933,-0.2744458547697143,4,,,,,,,
0,legacy_dev,ORIGA,C_PCA_SHUFFLED,C,OD,32,0.12857306301947077,0.11384552122278846,-0.015082993653097175,0.317206292749428,28,0,4,-0.1995844257314472,-0.09294912896791185,4,32,0,0,0,-0.09330487012620697,-0.08687166422184678,0.18769635423140807
0,legacy_dev,ORIGA,C_PCA_SHUFFLED,C,OC,32,-0.032216019968154576,-0.020054268706565237,-0.21533063071114023,0.1361441912922102,14,0,18,-0.462809340689041,-0.29455790008884597,4,32,0,0,0,0.04450406090259633,0.04160182301406201,0.30924907389185696
0,legacy_dev,ORIGA,C_PCA_SHUFFLED,C,macro,32,0.048178521525659226,0.050078429641065014,-0.10289878085348869,0.17457798546575368,25,0,7,-0.20325782634893486,-0.15690432041471913,4,,,,,,,
0,legacy_dev,REFUGE_Valid,C_SENS,C,OD,32,0.0,0.0,0.0,0.0,0,32,0,0.0,0.0,4,32,0,0,0,0.0,0.0,0.0
0,legacy_dev,REFUGE_Valid,C_SENS,C,OC,32,0.0,0.0,0.0,0.0,0,32,0,0.0,0.0,4,32,0,0,0,0.0,0.0,0.0
0,legacy_dev,REFUGE_Valid,C_SENS,C,macro,32,0.0,0.0,0.0,0.0,0,32,0,0.0,0.0,4,,,,,,,
0,legacy_dev,REFUGE_Valid,C_PER256,C,OD,32,6.415489118953937,8.889674093879545,-3.874526933315461,13.16031485893194,26,0,6,-7.357772855480482,-5.699479636571397,4,32,0,0,0,0.40655827575250536,-4.755205591584604,40.23735357131328
0,legacy_dev,REFUGE_Valid,C_PER256,C,OC,32,6.177639888424736,7.58137083169434,3.7441156892573266,10.207738637419606,29,0,3,-10.659449013766276,-5.699367875685233,4,32,0,0,0,-3.7983098955739933,-4.656557371143883,6.276210631403503
0,legacy_dev,REFUGE_Valid,C_PER256,C,macro,32,6.296564503689336,7.663652128317155,-0.08272490216555732,11.282427790663005,28,0,4,-6.921494480179691,-3.805328652457765,4,,,,,,,
0,legacy_dev,REFUGE_Valid,C_SENS,C_PER256,OD,32,-6.415489118953937,-8.889674093879545,-13.16031485893194,3.8745269333154626,6,0,26,-15.853763742290482,-14.336663297779047,4,32,0,0,0,-0.40655827575250536,4.755205591584604,16.678781536315828
0,legacy_dev,REFUGE_Valid,C_SENS,C_PER256,OC,32,-6.177639888424736,-7.58137083169434,-10.207738637419606,-3.744115689257324,3,0,29,-12.020800231113682,-10.811023893596069,4,32,0,0,0,3.7983098955739933,4.656557371143883,8.27432831634392
0,legacy_dev,REFUGE_Valid,C_SENS,C_PER256,macro,32,-6.296564503689336,-7.663652128317155,-11.282427790663005,0.08272490216555908,4,0,28,-13.040415600824096,-11.810044122534713,4,,,,,,,
0,legacy_dev,REFUGE_Valid,C_PCA_GLOBAL,C,OD,32,-0.596912777683023,-0.6077338448957137,-0.9063311298356225,-0.3053405024336063,0,0,32,-0.9894049223304613,-0.9535044349318594,4,32,0,0,0,0.6973594240165841,0.7217963984647637,1.7959515437903946
0,legacy_dev,REFUGE_Valid,C_PCA_GLOBAL,C,OC,32,-0.09259567463930397,-0.12121322367270038,-0.1876000498735797,0.03847351885751472,6,0,26,-0.22041206378137224,-0.20155169286154712,4,32,0,0,0,0.2974082331401781,0.2112863451760214,0.819789299841128
0,legacy_dev,REFUGE_Valid,C_PCA_GLOBAL,C,macro,32,-0.344754226161164,-0.3805469693692387,-0.5296174511893537,-0.1543076727044112,0,0,32,-0.573431798623536,-0.557777601201423,4,,,,,,,
0,legacy_dev,REFUGE_Valid,C_PCA_REGION,C,OD,32,-0.34933499926421696,-0.3500014090141612,-0.5557264931232431,-0.13735556208284586,1,0,31,-0.7551833462331126,-0.6508059641388342,4,32,0,0,0,0.1338714404576994,0.22585154574035382,0.6243181971266623
0,legacy_dev,REFUGE_Valid,C_PCA_REGION,C,OC,32,-1.0066808847908748,-1.1383919928360742,-1.3601784079802082,-0.7457122622333323,1,0,31,-1.396078548309021,-1.3775923730657516,4,32,0,0,0,0.8254235609794917,0.826519014652801,1.4909911926858257
0,legacy_dev,REFUGE_Valid,C_PCA_REGION,C,macro,32,-0.6780079420275471,-0.7628440144533233,-0.9285515005745371,-0.46638854102607263,1,0,31,-0.959032164703999,-0.9454363501589208,4,,,,,,,
0,legacy_dev,REFUGE_Valid,C_PCA_REGION,C_PCA_GLOBAL,OD,32,0.24757777841880602,0.2586933508263001,0.10693150200498214,0.39524853576247354,30,0,2,-0.07702188844792568,0.009832772760692832,4,32,0,0,0,-0.5634879835588849,-0.4188417680605001,0.11944257330450325
0,legacy_dev,REFUGE_Valid,C_PCA_REGION,C_PCA_GLOBAL,OC,32,-0.9140852101515708,-1.0277045339602635,-1.238991666034071,-0.5968398525196632,1,0,31,-1.3214759268428466,-1.2689318790209057,4,32,0,0,0,0.5280153278393136,0.5669881222053128,1.150940785748821
0,legacy_dev,REFUGE_Valid,C_PCA_REGION,C_PCA_GLOBAL,macro,32,-0.333253715866383,-0.3954387160461481,-0.522561206685157,-0.06644438492099886,2,0,30,-0.5898237568822018,-0.5557243215601665,4,,,,,,,
0,legacy_dev,REFUGE_Valid,C_PCA_REGION,C_PCA_SHUFFLED,OD,32,0.24642697430130242,0.240906108137523,0.08318432490007188,0.38723861973957163,30,0,2,-0.06278138935289501,0.011683305344342698,4,32,0,0,0,-0.5077376783674465,-0.4457943310619026,0.13851661449904307
0,legacy_dev,REFUGE_Valid,C_PCA_REGION,C_PCA_SHUFFLED,OC,32,-0.9265421086184628,-1.0460282473520848,-1.2537159891386411,-0.620451319096582,1,0,31,-1.3538384532976289,-1.287843436970064,4,32,0,0,0,0.5542888221796265,0.6103622731065785,1.1439203777476932
0,legacy_dev,REFUGE_Valid,C_PCA_REGION,C_PCA_SHUFFLED,macro,32,-0.34005756715858104,-0.4133198906916269,-0.5399645493672645,-0.0892692685049678,2,0,30,-0.5720507213979764,-0.5578707375347131,4,,,,,,,
0,legacy_dev,REFUGE_Valid,C_PCA_SHUFFLED,C,OD,32,-0.5957619735655194,-0.6036467156384784,-0.9024556480705714,-0.29397393867983224,0,0,32,-1.0089780721732389,-0.9558844931181448,4,32,0,0,0,0.6416091188251459,0.6834106469618879,1.7587029330283697
0,legacy_dev,REFUGE_Valid,C_PCA_SHUFFLED,C,OC,32,-0.08013877617241202,-0.10591541284207528,-0.17515900827675457,0.06523960041519623,8,0,24,-0.19662428183120917,-0.18476682330277744,4,32,0,0,0,0.2711347387998651,0.2151274283990059,0.7894164158852446
0,legacy_dev,REFUGE_Valid,C_PCA_SHUFFLED,C,macro,32,-0.33795037486896595,-0.36365598789814824,-0.5388824606368603,-0.16491805428856532,0,0,32,-0.5683811864226174,-0.5530843689056166,4,,,,,,,
0,legacy_dev,Drishti_GS,C_SENS,C,OD,32,0.0,0.0,0.0,0.0,0,32,0,0.0,0.0,4,32,0,0,0,0.0,0.0,0.0
0,legacy_dev,Drishti_GS,C_SENS,C,OC,32,0.0,0.0,0.0,0.0,0,32,0,0.0,0.0,4,32,0,0,0,0.0,0.0,0.0
0,legacy_dev,Drishti_GS,C_SENS,C,macro,32,0.0,0.0,0.0,0.0,0,32,0,0.0,0.0,4,,,,,,,
0,legacy_dev,Drishti_GS,C_PER256,C,OD,32,-7.14261860183321,-6.832782304207669,-9.372845776628802,-4.816431716160925,0,0,32,-17.204555509668783,-12.864497302778698,4,32,0,0,0,7.161593192463371,6.716596271197546,13.523490601792957
0,legacy_dev,Drishti_GS,C_PER256,C,OC,32,-7.487816912260059,-9.132507518260935,-11.33290155622169,-1.73318785422456,3,0,29,-17.011005687622326,-13.440036129866419,4,32,0,0,0,3.64290427463421,4.386113440554871,7.985074414022403
0,legacy_dev,Drishti_GS,C_PER256,C,macro,32,-7.315217757046634,-7.8728196846976966,-10.354346307524283,-3.680610746663974,3,0,29,-13.670641496878133,-12.0034061195706,4,,,,,,,
0,legacy_dev,Drishti_GS,C_SENS,C_PER256,OD,32,7.14261860183321,6.832782304207669,4.816431716160925,9.372845776628802,32,0,0,2.9646617457508517,4.0838661119973025,4,32,0,0,0,-7.161593192463371,-6.716596271197546,-3.4821116619546557
0,legacy_dev,Drishti_GS,C_SENS,C_PER256,OC,32,7.487816912260059,9.132507518260935,1.7331878542245698,11.33290155622169,29,0,3,-11.965482733668964,-7.313745525705162,4,32,0,0,0,-3.64290427463421,-4.386113440554871,4.051169656235073
0,legacy_dev,Drishti_GS,C_SENS,C_PER256,macro,32,7.315217757046634,7.8728196846976966,3.6806107466639784,10.354346307524285,29,0,3,-2.017960648043049,-0.015446840290808672,4,,,,,,,
0,legacy_dev,Drishti_GS,C_PCA_GLOBAL,C,OD,32,0.1733073781945406,0.20996120824782194,-0.03836413609230149,0.34504848460858,27,0,5,-0.20360802864657357,-0.11763556096097416,4,32,0,0,0,-0.20314570946987132,-0.22254451121264873,0.14301930765182702
0,legacy_dev,Drishti_GS,C_PCA_GLOBAL,C,OC,32,-0.5560673401513628,-0.4118957673530932,-1.1545941699153772,-0.03867279687578494,2,0,30,-2.321765265392439,-1.7282813627452167,4,32,0,0,0,0.38033802582095055,0.26606684890513055,1.2184039175196286
0,legacy_dev,Drishti_GS,C_PCA_GLOBAL,C,macro,32,-0.1913799809784119,-0.12210475426929768,-0.5048952725886968,0.044364820873574747,5,0,27,-1.0020538293454395,-0.7332060650978245,4,,,,,,,
0,legacy_dev,Drishti_GS,C_PCA_REGION,C,OD,32,0.16406730834613753,0.1797514876202,-0.013311862444638223,0.3802848470700983,27,0,5,-0.18582062270846578,-0.09567859862774919,4,32,0,0,0,-0.23373922767575178,-0.2288082295169549,0.10769440081993764
0,legacy_dev,Drishti_GS,C_PCA_REGION,C,OC,32,1.843590266484344,2.0790678526980964,-0.12437606707043847,2.911745096120674,28,0,4,-2.378407728975318,-1.3831949661207545,4,32,0,0,0,-1.3410862670849268,-1.5192754334128198,1.1099221089993725
0,legacy_dev,Drishti_GS,C_PCA_REGION,C,macro,32,1.0038287874152396,1.090884071785675,-0.017422313512560572,1.599432440784876,28,0,4,-1.0874766067387687,-0.6314318750166331,4,,,,,,,
0,legacy_dev,Drishti_GS,C_PCA_REGION,C_PCA_GLOBAL,OD,32,-0.009240069848403046,-0.010144551336388474,-0.10147466307395159,0.09943640315786102,13,0,19,-0.20592636858576263,-0.1496938902937922,4,32,0,0,0,-0.030593518205880466,0.0031514421350715693,0.16669648069158427
0,legacy_dev,Drishti_GS,C_PCA_REGION,C_PCA_GLOBAL,OC,32,2.3996576066357065,2.6325813275755507,0.2932292542537963,4.027326993280299,29,0,3,-2.441494621133944,-1.2871431947213574,4,32,0,0,0,-1.7214242929058774,-1.7712651795589514,1.1143134374577837
0,legacy_dev,Drishti_GS,C_PCA_REGION,C_PCA_GLOBAL,macro,32,1.1952087683936514,1.3040156614030962,0.05386133627277917,2.0121594568981074,28,0,4,-1.2282926796828852,-0.6477340109564494,4,,,,,,,
0,legacy_dev,Drishti_GS,C_PCA_REGION,C_PCA_SHUFFLED,OD,32,-0.009505765765567553,-0.00927345010389713,-0.10414368606113111,0.09627483756442849,13,0,19,-0.20795034482768981,-0.1509340331749348,4,32,0,0,0,-0.03307464784720639,-0.0016692766280479443,0.1423488642323434
0,legacy_dev,Drishti_GS,C_PCA_REGION,C_PCA_SHUFFLED,OC,32,2.4104502477103305,2.6462930611535707,0.2837519728057637,4.086833736197117,29,0,3,-2.468575360332048,-1.3102129571164935,4,32,0,0,0,-1.728573307792005,-1.8122436559051085,1.1696136331203624
0,legacy_dev,Drishti_GS,C_PCA_REGION,C_PCA_SHUFFLED,macro,32,1.2004722409723805,1.314735294961844,0.047833981232721146,2.0420082981435086,28,0,4,-1.244111139847004,-0.6575366657787712,4,,,,,,,
0,legacy_dev,Drishti_GS,C_PCA_SHUFFLED,C,OD,32,0.17357307411170508,0.20928331119981491,-0.03987403649978516,0.3505052866790915,27,0,5,-0.2203418251088607,-0.1279711033399744,4,32,0,0,0,-0.2006645798285454,-0.22533061207388982,0.14658892045778715
0,legacy_dev,Drishti_GS,C_PCA_SHUFFLED,C,OC,32,-0.5668599812259865,-0.4302414499750884,-1.1906339525900411,-0.03287122325868248,2,0,30,-2.3522252203631466,-1.7499456203665011,4,32,0,0,0,0.3874870407070782,0.26815237337659337,1.2691596184751095
0,legacy_dev,Drishti_GS,C_PCA_SHUFFLED,C,macro,32,-0.19664345355714097,-0.12530133856336056,-0.5095699903933881,0.024179667312114194,5,0,27,-1.0150212325895858,-0.735912091194954,4,,,,,,,
0,p1_extension_dev,REFUGE,C_SENS,C,OD,32,0.0,0.0,0.0,0.0,0,32,0,0.0,0.0,4,32,0,0,0,0.0,0.0,0.0
0,p1_extension_dev,REFUGE,C_SENS,C,OC,32,0.0,0.0,0.0,0.0,0,32,0,0.0,0.0,4,32,0,0,0,0.0,0.0,0.0
0,p1_extension_dev,REFUGE,C_SENS,C,macro,32,0.0,0.0,0.0,0.0,0,32,0,0.0,0.0,4,,,,,,,
0,p1_extension_dev,REFUGE,C_PER256,C,OD,32,-0.3105132603018822,0.0,-1.3377143868510477,0.0,2,19,11,-1.8622155591905165,-1.588033799831143,4,32,0,0,0,0.30171763498580023,0.0,1.746995930301728
0,p1_extension_dev,REFUGE,C_PER256,C,OC,32,0.1529202277369045,0.0,-0.29252565235524775,1.3355399065607918,7,19,6,-2.116497666160899,-0.8855280945077149,4,32,0,0,0,-0.06559552808988456,0.0,0.45397901219282166
0,p1_extension_dev,REFUGE,C_PER256,C,macro,32,-0.07879651628248802,0.0,-0.7763686143599702,0.27822940410394637,4,19,9,-1.4735354232171205,-1.0057434263078924,4,,,,,,,
0,p1_extension_dev,REFUGE,C_SENS,C_PER256,OD,32,0.3105132603018822,0.0,0.0,1.337714386851048,11,19,2,-1.3532982983631259,-0.4040435233168854,4,32,0,0,0,-0.30171763498580023,0.0,0.35233160270222963
0,p1_extension_dev,REFUGE,C_SENS,C_PER256,OC,32,-0.1529202277369045,0.0,-1.3355399065607898,0.2925256523552479,6,19,7,-2.9868789746107294,-2.0022127083133388,4,32,0,0,0,0.06559552808988456,0.0,0.9896240057327923
0,p1_extension_dev,REFUGE,C_SENS,C_PER256,macro,32,0.07879651628248802,0.0,-0.2782294041039457,0.7763686143599706,9,19,4,-2.170088636486933,-0.798301135435428,4,,,,,,,
0,p1_extension_dev,REFUGE,C_PCA_GLOBAL,C,OD,32,0.07640258206271129,0.08332735955742243,0.0004963077358532968,0.13964079590998324,28,2,2,-0.04267475527139908,-0.016820023763230996,4,32,0,0,0,-0.06409812015599733,-0.06682078744253284,0.029928888269122877
0,p1_extension_dev,REFUGE,C_PCA_GLOBAL,C,OC,32,-0.007377437180418334,0.0,-0.06050812488171742,0.030337929694925776,15,3,14,-0.07677190237792564,-0.06588331837718842,4,32,0,0,0,-0.0028119180400563576,-0.0032121758202166006,0.08657571554471244
0,p1_extension_dev,REFUGE,C_PCA_GLOBAL,C,macro,32,0.034512572441147346,0.03311647960724251,0.0002857233339870205,0.08376256514409322,28,2,2,-0.019547871520664284,-0.0057797226935607515,4,,,,,,,
0,p1_extension_dev,REFUGE,C_PCA_REGION,C,OD,32,0.029796401093131614,0.03151611549943589,-0.00965433061642873,0.06977448807239717,24,2,6,-0.05834879551614991,-0.03221564066057947,4,32,0,0,0,-0.024880662265941406,-0.024448005693313846,0.06022510848397311
0,p1_extension_dev,REFUGE,C_PCA_REGION,C,OC,32,0.024769711647184764,0.0312685284080183,-0.21424811683240508,0.27398569805081263,18,1,13,-0.6611691007548215,-0.35291775111054857,4,32,0,0,0,-0.028295095653096625,-0.003253620489280351,0.18458520016174407
0,p1_extension_dev,REFUGE,C_PCA_REGION,C,macro,32,0.02728305637015871,0.035713387297342525,-0.1014437685571945,0.15730326557055754,20,1,11,-0.2807996442790839,-0.1646596654549609,4,,,,,,,
0,p1_extension_dev,REFUGE,C_PCA_REGION,C_PCA_GLOBAL,OD,32,-0.04660618096957968,-0.04350818237860432,-0.09527427904794772,-0.007884499095960335,0,2,30,-0.12939470075651327,-0.1080160664175045,4,32,0,0,0,0.03921745789005593,0.031029119845648268,0.12045998510838363
0,p1_extension_dev,REFUGE,C_PCA_REGION,C_PCA_GLOBAL,OC,32,0.0321471488276031,0.030606017203560487,-0.1938017171146078,0.3056235350694437,18,1,13,-0.6541529263618839,-0.35356791181007097,4,32,0,0,0,-0.025483177613040267,-0.0005122950819664851,0.2109416496855212
0,p1_extension_dev,REFUGE,C_PCA_REGION,C_PCA_GLOBAL,macro,32,-0.007229516070988637,0.0009021755445481894,-0.1252888237401839,0.12730782687760403,16,1,15,-0.37146952227880004,-0.21949055016725894,4,,,,,,,
0,p1_extension_dev,REFUGE,C_PCA_REGION,C_PCA_SHUFFLED,OD,32,-0.046418575092727066,-0.042150525936207606,-0.09533015037837655,-0.006101474378429336,1,2,29,-0.14490475726819385,-0.11030753389037473,4,32,0,0,0,0.04066871739332861,0.0334672123835551,0.12006591115334242
0,p1_extension_dev,REFUGE,C_PCA_REGION,C_PCA_SHUFFLED,OC,32,0.03212816429440761,0.031949956828764,-0.19314315409910798,0.3024580343861572,19,1,12,-0.6611691007548215,-0.35324123959135645,4,32,0,0,0,-0.0258281812256779,-0.0005122950819664851,0.21446107696806394
0,p1_extension_dev,REFUGE,C_PCA_REGION,C_PCA_SHUFFLED,macro,32,-0.007145205399159554,0.0009021755445481894,-0.12266951019927919,0.12632115884144035,16,1,15,-0.375256966127413,-0.22022327823278676,4,,,,,,,
0,p1_extension_dev,REFUGE,C_PCA_SHUFFLED,C,OD,32,0.07621497618585868,0.08138012004925699,0.0004963077358532968,0.15370305983708035,28,2,2,-0.045253120578714334,-0.016932090759719243,4,32,0,0,0,-0.06554937965927002,-0.06593266352204363,0.026636262356865892
0,p1_extension_dev,REFUGE,C_PCA_SHUFFLED,C,OC,32,-0.007358452647222846,0.0,-0.05605846943523729,0.030561394727740554,14,4,14,-0.07886784308595018,-0.06677329874635596,4,32,0,0,0,-0.002466914427418726,-0.00423169507443677,0.09027860910794194
0,p1_extension_dev,REFUGE,C_PCA_SHUFFLED,C,macro,32,0.034428261769318264,0.029519242415032565,0.0,0.08893720072045368,27,2,3,-0.0184828228599887,-0.005008119468030703,4,,,,,,,
0,p1_extension_dev,ORIGA,C_SENS,C,OD,32,0.0,0.0,0.0,0.0,0,32,0,0.0,0.0,4,32,0,0,0,0.0,0.0,0.0
0,p1_extension_dev,ORIGA,C_SENS,C,OC,32,0.0,0.0,0.0,0.0,0,32,0,0.0,0.0,4,32,0,0,0,0.0,0.0,0.0
0,p1_extension_dev,ORIGA,C_SENS,C,macro,32,0.0,0.0,0.0,0.0,0,32,0,0.0,0.0,4,,,,,,,
0,p1_extension_dev,ORIGA,C_PER256,C,OD,32,-8.710779806044386,-5.772816593611301,-17.119812595085616,-2.3394449633488437,0,0,32,-31.79691542610567,-23.661717239518616,4,32,0,0,0,10.515308376546544,6.262573021224751,36.60987370902174
0,p1_extension_dev,ORIGA,C_PER256,C,OC,32,-10.925110783460283,-8.350131920210046,-30.7220949162651,-0.4219075100046368,3,0,29,-37.48131834654797,-34.64801702477269,4,32,0,0,0,4.6142960026193265,3.580370681009999,14.846387290616464
0,p1_extension_dev,ORIGA,C_PER256,C,macro,32,-9.817945294752334,-7.347522059322825,-25.957141465249013,-1.09405267178723,0,0,32,-33.21139122743413,-29.154867132145654,4,,,,,,,
0,p1_extension_dev,ORIGA,C_SENS,C_PER256,OD,32,8.710779806044386,5.772816593611301,2.3394449633488446,17.119812595085616,32,0,0,0.9139583376973515,1.766493132822586,4,32,0,0,0,-10.515308376546544,-6.262573021224751,-1.631443176687842
0,p1_extension_dev,ORIGA,C_SENS,C_PER256,OC,32,10.925110783460283,8.350131920210046,0.4219075100046377,30.722094916265103,29,0,3,-4.2217481713229805,-2.5572515772366575,4,32,0,0,0,-4.6142960026193265,-3.580370681009999,2.3973577473452083
0,p1_extension_dev,ORIGA,C_SENS,C_PER256,macro,32,9.817945294752334,7.347522059322825,1.0940526717872312,25.957141465249023,32,0,0,0.06287258621722192,0.5991611877867481,4,,,,,,,
0,p1_extension_dev,ORIGA,C_PCA_GLOBAL,C,OD,32,0.11785290975733984,0.1188525441842947,-0.07392003256913582,0.24113374597500073,26,0,6,-0.2545861074264355,-0.12170935879188549,4,32,0,0,0,-0.1358040355143219,-0.16419233973480907,0.12893317112928326
0,p1_extension_dev,ORIGA,C_PCA_GLOBAL,C,OC,32,-0.034889753978715674,-0.028915895101805367,-0.34024659447384753,0.19613625446079258,15,0,17,-0.5644798488190106,-0.4415316108759726,4,32,0,0,0,0.04523641868470965,0.022270238611294957,0.4523545834298561
0,p1_extension_dev,ORIGA,C_PCA_GLOBAL,C,macro,32,0.04148157788931156,0.028848448836538143,-0.12338282556334956,0.25724037755942364,20,0,12,-0.31534862190838453,-0.20083096744428486,4,,,,,,,
0,p1_extension_dev,ORIGA,C_PCA_REGION,C,OD,32,-0.07127201514636576,-0.0762931814944523,-0.17954803653793205,0.05865870098818009,9,0,23,-0.6760976775403771,-0.33163674666371046,4,32,0,0,0,0.05437636634845197,0.0569003721734882,0.34335505601602057
0,p1_extension_dev,ORIGA,C_PCA_REGION,C,OC,32,0.5409005250366756,0.6237664514649244,0.07084724525993402,1.0599620581861737,29,0,3,-0.8950158646127804,-0.4633945455651406,4,32,0,0,0,-0.3894037741316146,-0.2655121775059861,0.46530965648038825
0,p1_extension_dev,ORIGA,C_PCA_REGION,C,macro,32,0.23481425494515545,0.2534406104917897,-0.028116919686221875,0.5362014993812247,26,0,6,-0.6165301279816182,-0.35200563884752456,4,,,,,,,
0,p1_extension_dev,ORIGA,C_PCA_REGION,C_PCA_GLOBAL,OD,32,-0.18912492490370558,-0.167643600102646,-0.40251260769394337,-6.781319425108518e-05,4,0,28,-0.554240657812588,-0.4606960920575859,4,32,0,0,0,0.1901804018627739,0.21221262257004225,0.5397693604358671
0,p1_extension_dev,ORIGA,C_PCA_REGION,C_PCA_GLOBAL,OC,32,0.5757902790153913,0.5040506668150813,-0.09384762043556871,1.2521007626693994,27,0,5,-0.6804395179002221,-0.33782752467980126,4,32,0,0,0,-0.43464019281632427,-0.19122707995020782,0.3156742611221932
0,p1_extension_dev,ORIGA,C_PCA_REGION,C_PCA_GLOBAL,macro,32,0.19333267705584392,0.19340949673862795,-0.21594239337028975,0.6297843138424835,23,0,9,-0.4550051198505378,-0.3134259987718879,4,,,,,,,
0,p1_extension_dev,ORIGA,C_PCA_REGION,C_PCA_SHUFFLED,OD,32,-0.18468240701516625,-0.14789012844433902,-0.37575055153615033,0.01220065406186692,4,0,28,-0.5071305069870524,-0.44416047291438165,4,32,0,0,0,0.19151867916642068,0.18830839980760938,0.5370968427325384
0,p1_extension_dev,ORIGA,C_PCA_REGION,C_PCA_SHUFFLED,OC,32,0.5825640077773204,0.499732205632214,-0.0582781201922844,1.2556847129475615,27,0,5,-0.7421827432336658,-0.3601636926901436,4,32,0,0,0,-0.4352299895916023,-0.2290036362265644,0.32578405189553616
0,p1_extension_dev,ORIGA,C_PCA_REGION,C_PCA_SHUFFLED,macro,32,0.1989408003810762,0.2036771293219053,-0.22625650929541496,0.6291539723270448,23,0,9,-0.4853404149077756,-0.32313653734783176,4,,,,,,,
0,p1_extension_dev,ORIGA,C_PCA_SHUFFLED,C,OD,32,0.1134103918688005,0.10754774051685012,-0.04069534878335723,0.23287309926758093,25,0,7,-0.21791193491594862,-0.09782443403207886,4,32,0,0,0,-0.13714231281796874,-0.12975155434044394,0.10760786600455496
0,p1_extension_dev,ORIGA,C_PCA_SHUFFLED,C,OC,32,-0.0416634827406448,-0.03796305001869116,-0.32696267194369244,0.20142848773915487,13,0,19,-0.5927374188499868,-0.45226873490995245,4,32,0,0,0,0.04582621545998766,0.014628935632011064,0.45906274383662815
0,p1_extension_dev,ORIGA,C_PCA_SHUFFLED,C,macro,32,0.03587345456407924,0.02216510190579668,-0.10702343777860168,0.2521634321307899,20,0,12,-0.29332986771737346,-0.20237193341996196,4,,,,,,,
0,p1_extension_dev,REFUGE_Valid,C_SENS,C,OD,32,0.0,0.0,0.0,0.0,0,32,0,0.0,0.0,4,32,0,0,0,0.0,0.0,0.0
0,p1_extension_dev,REFUGE_Valid,C_SENS,C,OC,32,0.0,0.0,0.0,0.0,0,32,0,0.0,0.0,4,32,0,0,0,0.0,0.0,0.0
0,p1_extension_dev,REFUGE_Valid,C_SENS,C,macro,32,0.0,0.0,0.0,0.0,0,32,0,0.0,0.0,4,,,,,,,
0,p1_extension_dev,REFUGE_Valid,C_PER256,C,OD,32,7.2713390332050984,8.268324258353255,-0.34107241726774923,14.151738446048174,28,0,4,-5.095837346599275,-2.0956554961632237,4,32,0,0,0,0.2459493277804763,-2.9777698144834086,30.05970353993883
0,p1_extension_dev,REFUGE_Valid,C_PER256,C,OC,32,5.823848258830296,7.128798322063231,-2.1544947874817533,11.42717637459307,28,0,4,-8.442207811624169,-4.948244484545327,4,32,0,0,0,-4.126904034085499,-4.772558434487211,2.469369988652657
0,p1_extension_dev,REFUGE_Valid,C_PER256,C,macro,32,6.547593646017696,6.812971472943497,0.06704369026938173,11.759485703939518,28,0,4,-2.844746476761073,-1.399315903695714,4,,,,,,,
0,p1_extension_dev,REFUGE_Valid,C_SENS,C_PER256,OD,32,-7.2713390332050984,-8.268324258353255,-14.151738446048174,0.3410724172677501,4,0,28,-14.911602416597825,-14.582909083987953,4,32,0,0,0,-0.2459493277804763,2.9777698144834086,12.43223109332363
0,p1_extension_dev,REFUGE_Valid,C_SENS,C_PER256,OC,32,-5.823848258830296,-7.128798322063231,-11.427176374593065,2.1544947874817586,4,0,28,-12.328906628330373,-12.023292785265602,4,32,0,0,0,4.126904034085499,4.772558434487211,8.608886102366741
0,p1_extension_dev,REFUGE_Valid,C_SENS,C_PER256,macro,32,-6.547593646017696,-6.812971472943497,-11.759485703939518,-0.06704369026937865,4,0,28,-13.224085433933652,-12.525689948743619,4,,,,,,,
0,p1_extension_dev,REFUGE_Valid,C_PCA_GLOBAL,C,OD,32,-0.5208428347576333,-0.5561831876989776,-0.795555939492828,-0.2061124611902731,1,0,31,-1.0746235077877642,-0.8737767060881058,4,32,0,0,0,0.7073474081052249,0.711796189636102,1.5801258783932708
0,p1_extension_dev,REFUGE_Valid,C_PCA_GLOBAL,C,OC,32,-0.09408857092475277,-0.10538642788718855,-0.1751253038692735,-0.00785528675510842,2,1,29,-0.2996817737555002,-0.2308374564747223,4,32,0,0,0,0.14340392796875212,0.12080948222710175,0.47639435312871914
0,p1_extension_dev,REFUGE_Valid,C_PCA_GLOBAL,C,macro,32,-0.3074657028411927,-0.34015095122019723,-0.44763910706651977,-0.0865223664083457,0,0,32,-0.619027190852417,-0.5043844665636843,4,,,,,,,
0,p1_extension_dev,REFUGE_Valid,C_PCA_REGION,C,OD,32,-0.34096616569764293,-0.32287385166523963,-0.5329302537572433,-0.16056617614170207,1,0,31,-0.8542587707553895,-0.6583903738722974,4,32,0,0,0,0.3969249372021886,0.3997115646290679,1.0620834909213315
0,p1_extension_dev,REFUGE_Valid,C_PCA_REGION,C,OC,32,-0.9995959985232661,-1.078854931891668,-1.430920258626867,-0.7021346723679055,2,0,30,-1.467328090729897,-1.444005883110465,4,32,0,0,0,0.6435044035472952,0.7256696902220079,1.0562593675961782
0,p1_extension_dev,REFUGE_Valid,C_PCA_REGION,C,macro,32,-0.6702810821104552,-0.7132167258084854,-0.9534228885433327,-0.4465945362159883,1,0,31,-1.1320419072344379,-1.0014552339645015,4,,,,,,,
0,p1_extension_dev,REFUGE_Valid,C_PCA_REGION,C_PCA_GLOBAL,OD,32,0.1798766690599904,0.19430727003857395,0.02991346415910812,0.3154362123894461,30,0,2,-0.11365008127850462,-0.026379550289751252,4,32,0,0,0,-0.3104224709030364,-0.34537381499614206,0.056606851692260984
0,p1_extension_dev,REFUGE_Valid,C_PCA_REGION,C_PCA_GLOBAL,OC,32,-0.9055074275985134,-0.9971113028008571,-1.2810350089385414,-0.6189659562040206,2,0,30,-1.6008470110218775,-1.391194193385867,4,32,0,0,0,0.500100475578543,0.6003834426926549,0.8640689454936847
0,p1_extension_dev,REFUGE_Valid,C_PCA_REGION,C_PCA_GLOBAL,macro,32,-0.36281537926926255,-0.3878198860704063,-0.5738604892670873,-0.18373236123439543,2,0,30,-0.7599837327414427,-0.6303360068812908,4,,,,,,,
0,p1_extension_dev,REFUGE_Valid,C_PCA_REGION,C_PCA_SHUFFLED,OD,32,0.17947038610372257,0.1993212877308581,0.012656815583190765,0.30665314688560374,29,0,3,-0.07914683222255414,-0.024611456153236788,4,32,0,0,0,-0.30166130340027825,-0.3214584882790996,0.08442673814277779
0,p1_extension_dev,REFUGE_Valid,C_PCA_REGION,C_PCA_SHUFFLED,OC,32,-0.9187869980886545,-0.9941114834582626,-1.2789004460144893,-0.6382999242926451,2,0,30,-1.6131733689693895,-1.392742025018931,4,32,0,0,0,0.5057177387262841,0.6104436466705634,0.8710206338451005
0,p1_extension_dev,REFUGE_Valid,C_PCA_REGION,C_PCA_SHUFFLED,macro,32,-0.3696583059924664,-0.38703401327570275,-0.568492031096367,-0.2098273305445996,2,0,30,-0.7663657485513675,-0.6282954929144408,4,,,,,,,
0,p1_extension_dev,REFUGE_Valid,C_PCA_SHUFFLED,C,OD,32,-0.5204365518013655,-0.5378109089369365,-0.7914041273371086,-0.2081494018585061,0,0,32,-1.1185478713246266,-0.8872758559560628,4,32,0,0,0,0.6985862406024668,0.6661587612672086,1.5494104476320345
0,p1_extension_dev,REFUGE_Valid,C_PCA_SHUFFLED,C,OC,32,-0.08080900043461164,-0.09503836405360122,-0.16719942406533017,0.018606861802392696,5,0,27,-0.27761711972238423,-0.22052531758065264,4,32,0,0,0,0.1377866648210111,0.0944388415092412,0.5251841822495908
0,p1_extension_dev,REFUGE_Valid,C_PCA_SHUFFLED,C,macro,32,-0.3006227761179888,-0.3489741351844933,-0.4526049818065281,-0.08523605730463274,0,0,32,-0.6344007325783774,-0.5056037539771852,4,,,,,,,
0,p1_extension_dev,Drishti_GS,C_SENS,C,OD,32,0.0,0.0,0.0,0.0,0,32,0,0.0,0.0,4,32,0,0,0,0.0,0.0,0.0
0,p1_extension_dev,Drishti_GS,C_SENS,C,OC,32,0.0,0.0,0.0,0.0,0,32,0,0.0,0.0,4,32,0,0,0,0.0,0.0,0.0
0,p1_extension_dev,Drishti_GS,C_SENS,C,macro,32,0.0,0.0,0.0,0.0,0,32,0,0.0,0.0,4,,,,,,,
0,p1_extension_dev,Drishti_GS,C_PER256,C,OD,32,-7.2417174672640785,-6.958280222917324,-10.813490322842922,-3.6873951620474483,1,0,31,-17.71503876815409,-13.65170434077162,4,32,0,0,0,7.349107197551803,6.696429631696952,14.206471758225248
0,p1_extension_dev,Drishti_GS,C_PER256,C,OC,32,-5.454811265198913,-8.736792018287026,-11.682516576469897,7.115030596855043,9,0,23,-19.867777212633055,-13.983173680737226,4,32,0,0,0,2.3866878700688345,4.218903863664373,6.98200784029761
0,p1_extension_dev,Drishti_GS,C_PER256,C,macro,32,-6.348264366231495,-7.28866640805319,-9.689077549459368,1.0860887363118175,5,0,27,-13.88299769691198,-10.919963256060349,4,,,,,,,
0,p1_extension_dev,Drishti_GS,C_SENS,C_PER256,OD,32,7.2417174672640785,6.958280222917324,3.687395162047451,10.813490322842926,31,0,1,-0.7632290951965826,2.078780911857386,4,32,0,0,0,-7.349107197551803,-6.696429631696952,-2.018765608671414
0,p1_extension_dev,Drishti_GS,C_SENS,C_PER256,OC,32,5.454811265198913,8.736792018287026,-7.115030596855034,11.682516576469897,23,0,9,-12.319093108257073,-9.27661444208059,4,32,0,0,0,-2.3866878700688345,-4.218903863664373,4.682813419674426
0,p1_extension_dev,Drishti_GS,C_SENS,C_PER256,macro,32,6.348264366231495,7.28866640805319,-1.0860887363118155,9.68907754945937,27,0,5,-3.1008778341044207,-1.8895343273358736,4,,,,,,,
0,p1_extension_dev,Drishti_GS,C_PCA_GLOBAL,C,OD,32,0.16258413032858127,0.22051359278949523,-0.18237447613226987,0.3754512670743782,26,0,6,-0.4716408655493498,-0.3326211698211512,4,32,0,0,0,-0.15899156956486551,-0.2084601006122906,0.35597205747269
0,p1_extension_dev,Drishti_GS,C_PCA_GLOBAL,C,OC,32,-0.3897125224907037,-0.2978979108051283,-1.1274913431130162,0.23895269467141603,7,0,25,-1.4875610989024124,-1.3089889525450593,4,32,0,0,0,0.1985080416718284,0.13185210185327012,1.0464793077773562
0,p1_extension_dev,Drishti_GS,C_PCA_GLOBAL,C,macro,32,-0.11356419608106287,-0.1157448809935846,-0.4335849202049491,0.15792238013057092,9,0,23,-0.6337516047840497,-0.5231313889971584,4,,,,,,,
0,p1_extension_dev,Drishti_GS,C_PCA_REGION,C,OD,32,0.1454737821647626,0.1837593901182044,-0.1764202064446463,0.37310757905430925,25,0,7,-0.39476339149540074,-0.23942169904266064,4,32,0,0,0,-0.15314872430819196,-0.1851825650929757,0.2526052078741712
0,p1_extension_dev,Drishti_GS,C_PCA_REGION,C,OC,32,1.2052474792585328,1.9929595503777764,-2.068117058273029,3.2447495392752224,24,0,8,-3.359072191469026,-2.6499463486420183,4,32,0,0,0,-0.7966223422147316,-1.235755437618181,2.4318187365319464
0,p1_extension_dev,Drishti_GS,C_PCA_REGION,C,macro,32,0.6753606307116449,1.04316321116944,-1.2109778719529873,1.7622883515316135,24,0,8,-1.4906709132849083,-1.3692123764541595,4,,,,,,,
0,p1_extension_dev,Drishti_GS,C_PCA_REGION,C_PCA_GLOBAL,OD,32,-0.01711034816381865,-0.011167420102731196,-0.1250610845848421,0.0628952151780171,15,0,17,-0.33892352614356414,-0.21488523909122814,4,32,0,0,0,0.005842845256673557,0.009406573622008585,0.20653934287413822
0,p1_extension_dev,Drishti_GS,C_PCA_REGION,C_PCA_GLOBAL,OC,32,1.5949600017492367,2.280690208083591,-2.2753296942688093,4.244059615025094,24,0,8,-3.915329301356596,-2.93389113929004,4,32,0,0,0,-0.9951303838865598,-1.3446259994889118,2.673766864126941
0,p1_extension_dev,Drishti_GS,C_PCA_REGION,C_PCA_GLOBAL,macro,32,0.7889248267927078,1.147098029514959,-1.1146137327126249,2.1554908056081334,24,0,8,-1.9324587156948847,-1.4146347323218014,4,,,,,,,
0,p1_extension_dev,Drishti_GS,C_PCA_REGION,C_PCA_SHUFFLED,OD,32,-0.0211805553015261,-0.011521178905143925,-0.12376941755365412,0.0632038186274342,15,0,17,-0.33757206783882054,-0.21329586860586724,4,32,0,0,0,0.007698681030223836,0.015283712904647917,0.18315028664134714
0,p1_extension_dev,Drishti_GS,C_PCA_REGION,C_PCA_SHUFFLED,OC,32,1.5933758338186856,2.28201114737851,-2.3132412087868803,4.239027989157141,24,0,8,-3.9134064146432834,-2.9468466238810294,4,32,0,0,0,-0.9948125301992965,-1.2981888204979013,2.6786560876803467
0,p1_extension_dev,Drishti_GS,C_PCA_REGION,C_PCA_SHUFFLED,macro,32,0.7860976392585796,1.1365921277537439,-1.1389947314723647,2.1505306049000263,24,0,8,-1.9387239336248085,-1.4292829208243094,4,,,,,,,
0,p1_extension_dev,Drishti_GS,C_PCA_SHUFFLED,C,OD,32,0.16665433746628872,0.23216983680504066,-0.16944357052830483,0.3727123196741234,26,0,6,-0.45846499366933857,-0.32249865036073355,4,32,0,0,0,-0.1608474053384158,-0.21067375693331591,0.334771263836419
0,p1_extension_dev,Drishti_GS,C_PCA_SHUFFLED,C,OC,32,-0.38812835456015304,-0.3000323169074115,-1.1214062247322825,0.27599155332936004,7,0,25,-1.5001060706379965,-1.3219900799258484,4,32,0,0,0,0.19819018798456503,0.15472611016319515,1.0477444659413395
0,p1_extension_dev,Drishti_GS,C_PCA_SHUFFLED,C,macro,32,-0.11073700854693468,-0.10499333632312258,-0.4290736090838587,0.153731525768537,9,0,23,-0.6342349979987949,-0.5289527962121288,4,,,,,,,
0,all_dev,REFUGE,C_SENS,C,OD,400,0.0,0.0,0.0,0.0,0,400,0,0.0,0.0,40,400,0,0,0,0.0,0.0,0.0
0,all_dev,REFUGE,C_SENS,C,OC,400,0.0,0.0,0.0,0.0,0,400,0,0.0,0.0,40,400,0,0,0,0.0,0.0,0.0
0,all_dev,REFUGE,C_SENS,C,macro,400,0.0,0.0,0.0,0.0,0,400,0,0.0,0.0,40,,,,,,,
0,all_dev,REFUGE,C_PER256,C,OD,400,-0.3592927190017468,0.0,-1.492122646942534,0.0,21,256,123,-6.605233847846758,-2.038933794006365,40,400,0,0,0,0.4412924969732981,0.0,3.052311745636569
0,all_dev,REFUGE,C_PER256,C,OC,400,-0.1239172667982809,0.0,-1.0344121097063685,0.772346041561644,70,256,74,-6.6253595671434296,-2.6692801989721953,40,400,0,0,0,0.046669714462615294,0.0,1.2261449328441418
0,all_dev,REFUGE,C_PER256,C,macro,400,-0.24160499290001372,0.0,-0.9884482897871946,0.006208907083688233,40,256,104,-5.84565358926058,-2.1071253443831144,40,,,,,,,
0,all_dev,REFUGE,C_SENS,C_PER256,OD,400,0.3592927190017468,0.0,0.0,1.4921226469425346,123,256,21,-2.0103926537272665,-0.32517611291507686,40,400,0,0,0,-0.4412924969732981,0.0,0.29084343207942914
0,all_dev,REFUGE,C_SENS,C_PER256,OC,400,0.1239172667982809,0.0,-0.7723460415616433,1.034412109706369,74,256,70,-3.552200381727999,-1.6556758767451079,40,400,0,0,0,-0.046669714462615294,0.0,0.8343096566661359
0,all_dev,REFUGE,C_SENS,C_PER256,macro,400,0.24160499290001372,0.0,-0.006208907083686468,0.9884482897871963,104,256,40,-2.6629548803635217,-0.6089398330727452,40,,,,,,,
0,all_dev,REFUGE,C_PCA_GLOBAL,C,OD,400,0.0722812692537329,0.0586013179299516,0.0,0.16918804913583219,348,24,28,-0.15793019928246332,-0.015488850501949036,40,400,0,0,0,-0.09657381557312032,-0.049200299600548725,0.0480918544688967
0,all_dev,REFUGE,C_PCA_GLOBAL,C,OC,400,-0.006769362041693192,-0.0018431890240866444,-0.05574114036636767,0.0377529477603034,161,36,203,-0.191910426317754,-0.08820459302467443,40,400,0,0,0,-0.002184074534826229,0.0,0.08612127466781987
0,all_dev,REFUGE,C_PCA_GLOBAL,C,macro,400,0.03275595360601988,0.025922175227122146,-0.0034985469458537195,0.08602070723609413,326,22,52,-0.10352763681548138,-0.02347826098740957,40,,,,,,,
0,all_dev,REFUGE,C_PCA_REGION,C,OD,400,0.034525646022106275,0.02873230181145714,-0.010565228015019239,0.09361281623655131,301,23,76,-0.15719262936787493,-0.0375251296853743,40,400,0,0,0,-0.058024008629684314,-0.02300198883316984,0.06505556834851545
0,all_dev,REFUGE,C_PCA_REGION,C,OC,400,-0.001973252071313686,0.0,-0.246137424806061,0.23454562117928526,197,22,181,-0.6611691007548215,-0.37686084805781256,40,400,0,0,0,0.009805021195447317,0.001739462793520996,0.22294976841876704
0,all_dev,REFUGE,C_PCA_REGION,C,macro,400,0.016276196975396034,0.010709693992028146,-0.10414724647757612,0.15511069353385976,223,20,157,-0.3366811087982535,-0.17189707052104375,40,,,,,,,
0,all_dev,REFUGE,C_PCA_REGION,C_PCA_GLOBAL,OD,400,-0.03775562323162662,-0.029933355359174074,-0.09310971116703315,0.0,28,23,349,-0.17373915814387075,-0.11444754578942203,40,400,0,0,0,0.038549806943436016,0.025908460037514125,0.18215559205599635
0,all_dev,REFUGE,C_PCA_REGION,C_PCA_GLOBAL,OC,400,0.004796109970379505,0.0,-0.2338239738577707,0.24953632160443553,199,22,179,-0.6541529263618839,-0.3562445973801731,40,400,0,0,0,0.011989095730273545,0.005980598558579686,0.21925878754371447
0,all_dev,REFUGE,C_PCA_REGION,C_PCA_GLOBAL,macro,400,-0.016479756630623843,-0.0017580817925744174,-0.13844229167769728,0.10724179855104433,175,18,207,-0.37146952227880004,-0.20608890136223082,40,,,,,,,
0,all_dev,REFUGE,C_PCA_REGION,C_PCA_SHUFFLED,OD,400,-0.03745340451043466,-0.030929652930328233,-0.09300729710078892,0.0,31,22,347,-0.177841337644713,-0.11494589490796488,40,400,0,0,0,0.03833490388009254,0.023983572392887176,0.1863532665534438
0,all_dev,REFUGE,C_PCA_REGION,C_PCA_SHUFFLED,OC,400,0.005003147471024986,0.0,-0.2353271787097255,0.25186441666823167,199,22,179,-0.6611691007548215,-0.36131796460579596,40,400,0,0,0,0.011772912038062975,0.005566829112588767,0.2181772305405937
0,all_dev,REFUGE,C_PCA_REGION,C_PCA_SHUFFLED,macro,400,-0.016225128519705395,-0.00039839751134751467,-0.14068240133261023,0.10852442003097654,178,19,203,-0.375256966127413,-0.20812254873795286,40,,,,,,,
0,all_dev,REFUGE,C_PCA_SHUFFLED,C,OD,400,0.07197905053254094,0.05777388079662438,0.0,0.16912124591516034,347,26,27,-0.14763632064537235,-0.01524148066430503,40,400,0,0,0,-0.09635891250977685,-0.04865867678293512,0.049500873334058934
0,all_dev,REFUGE,C_PCA_SHUFFLED,C,OC,400,-0.006976399542338668,-0.002058942608951231,-0.05792998617281331,0.03550401307858669,159,39,202,-0.17931279467250372,-0.08827099434561836,40,400,0,0,0,-0.0019678908426156595,0.0,0.08779590368351911
0,all_dev,REFUGE,C_PCA_SHUFFLED,C,macro,400,0.03250132549510143,0.025070646600122704,-0.004594363887672198,0.08635940829757051,317,22,61,-0.0893600882057588,-0.02363775691250264,40,,,,,,,
0,all_dev,ORIGA,C_SENS,C,OD,650,0.0,0.0,0.0,0.0,0,650,0,0.0,0.0,65,650,0,0,0,0.0,0.0,0.0
0,all_dev,ORIGA,C_SENS,C,OC,650,0.0,0.0,0.0,0.0,0,650,0,0.0,0.0,65,650,0,0,0,0.0,0.0,0.0
0,all_dev,ORIGA,C_SENS,C,macro,650,0.0,0.0,0.0,0.0,0,650,0,0.0,0.0,65,,,,,,,
0,all_dev,ORIGA,C_PER256,C,OD,650,-7.344322997725611,-5.026739043054773,-16.779697909770533,-0.9735887200100731,28,0,622,-53.328954563945445,-27.17120830836106,65,650,0,0,0,8.137431765507824,5.295603761894581,32.20579003957071
0,all_dev,ORIGA,C_PER256,C,OC,650,-8.922070500139199,-4.846715381714089,-25.228082369097976,1.3436041173267876,92,0,558,-81.67633794605091,-42.677913107122464,65,650,0,0,0,4.2873219796603586,2.2914353410907946,21.752200291141435
0,all_dev,ORIGA,C_PER256,C,macro,650,-8.133196748932406,-4.743624819042491,-20.803530818627625,-0.21051598839363553,52,0,598,-67.50264625499817,-34.39690754311228,65,,,,,,,
0,all_dev,ORIGA,C_SENS,C_PER256,OD,650,7.344322997725611,5.026739043054773,0.9735887200100736,16.779697909770537,622,0,28,-4.315738436492278,-0.07870010973806918,65,650,0,0,0,-8.137431765507824,-5.295603761894581,0.23616629785362958
0,all_dev,ORIGA,C_SENS,C_PER256,OC,650,8.922070500139199,4.846715381714089,-1.3436041173267863,25.22808236909798,558,0,92,-15.173307240702648,-4.20546636667809,65,650,0,0,0,-4.2873219796603586,-2.2914353410907946,3.0914180234276922
0,all_dev,ORIGA,C_SENS,C_PER256,macro,650,8.133196748932406,4.743624819042491,0.21051598839363592,20.803530818627628,598,0,52,-7.401697206403368,-0.9936706771706493,65,,,,,,,
0,all_dev,ORIGA,C_PCA_GLOBAL,C,OD,650,0.10116481259301106,0.10424785778331835,-0.0458197679897354,0.2326063116774546,535,0,115,-0.43455372280412075,-0.12264183542290308,65,650,0,0,0,-0.10486641573403917,-0.09681630240193817,0.2294624180862851
0,all_dev,ORIGA,C_PCA_GLOBAL,C,OC,650,-0.07025068546856099,-0.060576060376132945,-0.2617088368011189,0.12622694529115688,211,1,438,-1.2230368590956608,-0.39906266950937797,65,650,0,0,0,0.04190902692981575,0.025705545732107815,0.4225537263431198
0,all_dev,ORIGA,C_PCA_GLOBAL,C,macro,650,0.0154570635622253,0.014969848602641722,-0.11477760886199227,0.1506061677643811,363,0,287,-0.6648267656272577,-0.18135938151533854,65,,,,,,,
0,all_dev,ORIGA,C_PCA_REGION,C,OD,650,-0.033926829713163714,-0.03817078905942184,-0.16050361863991003,0.09042596601718694,200,1,449,-0.6760976775403771,-0.21330675367524196,65,650,0,0,0,0.02772310021511053,0.043667274886876495,0.2876779637098566
0,all_dev,ORIGA,C_PCA_REGION,C,OC,650,0.46685752348438236,0.45558242432008345,-0.23129409843824938,1.2130022160221066,543,0,107,-1.2647364378505443,-0.617084374952682,65,650,0,0,0,-0.25149347655554133,-0.19369072778605645,0.5556447804595865
0,all_dev,ORIGA,C_PCA_REGION,C,macro,650,0.2164653468856094,0.22584319758334748,-0.151446264693561,0.5809063151370497,518,0,132,-0.7245622794467943,-0.3402131239135374,65,,,,,,,
0,all_dev,ORIGA,C_PCA_REGION,C_PCA_GLOBAL,OD,650,-0.13509164230617476,-0.14179492237896274,-0.30052384301770596,0.040604891553994715,102,0,548,-0.554240657812588,-0.36210653120255876,65,650,0,0,0,0.1325895159491497,0.1303456464803503,0.4902387253771011
0,all_dev,ORIGA,C_PCA_REGION,C_PCA_GLOBAL,OC,650,0.5371082089529433,0.47501420104024694,-0.1812843739235914,1.3476609172052192,543,0,107,-1.3214399727610515,-0.5817833154212254,65,650,0,0,0,-0.29340250348535707,-0.2054273733096057,0.5417721061564051
0,all_dev,ORIGA,C_PCA_REGION,C_PCA_GLOBAL,macro,650,0.20100828332338402,0.19699178640131265,-0.18331086822023557,0.6144897981998332,497,0,153,-0.7670248519206724,-0.34167843535141934,65,,,,,,,
0,all_dev,ORIGA,C_PCA_REGION,C_PCA_SHUFFLED,OD,650,-0.1323867237172974,-0.1401487595382167,-0.2844082123253566,0.03383463494051942,99,0,551,-0.5071305069870524,-0.34499084199547836,65,650,0,0,0,0.1307836093463375,0.12424448774318186,0.4701113736927226
0,all_dev,ORIGA,C_PCA_REGION,C_PCA_SHUFFLED,OC,650,0.5381869024656278,0.48440735537114143,-0.18838891447760742,1.347068251370589,540,0,110,-1.352990117236541,-0.5975320132008259,65,650,0,0,0,-0.29052202834703195,-0.20579461358868434,0.5471523299839394
0,all_dev,ORIGA,C_PCA_REGION,C_PCA_SHUFFLED,macro,650,0.2029000893741651,0.19506610622044285,-0.1788292839530703,0.6213193535691686,497,0,153,-0.7839026872528798,-0.3495490383388306,65,,,,,,,
0,all_dev,ORIGA,C_PCA_SHUFFLED,C,OD,650,0.0984598940041337,0.10232183179690324,-0.03879352160619631,0.22359079598272438,541,0,109,-0.40272661488285344,-0.11037568918677124,65,650,0,0,0,-0.103060509131227,-0.09638883376208796,0.21838898762340744
0,all_dev,ORIGA,C_PCA_SHUFFLED,C,OC,650,-0.07132937898124557,-0.06649899587862773,-0.24631736830084572,0.12406657487100908,205,0,445,-0.9240799270389011,-0.3870630819841487,65,650,0,0,0,0.039028551791490666,0.024789745636605964,0.423137623368444
0,all_dev,ORIGA,C_PCA_SHUFFLED,C,macro,650,0.013565257511444304,0.011195301867827911,-0.1157166340385718,0.14965935514403064,369,0,281,-0.4898885368193939,-0.17616376924902238,65,,,,,,,
0,all_dev,REFUGE_Valid,C_SENS,C,OD,800,0.0,0.0,0.0,0.0,0,800,0,0.0,0.0,80,800,0,0,0,0.0,0.0,0.0
0,all_dev,REFUGE_Valid,C_SENS,C,OC,800,0.0,0.0,0.0,0.0,0,800,0,0.0,0.0,80,800,0,0,0,0.0,0.0,0.0
0,all_dev,REFUGE_Valid,C_SENS,C,macro,800,0.0,0.0,0.0,0.0,0,800,0,0.0,0.0,80,,,,,,,
0,all_dev,REFUGE_Valid,C_PER256,C,OD,800,7.482940478836644,8.418423892029224,0.20942782331582208,13.95692064525608,722,0,78,-30.84529696374544,-4.582717403154936,80,800,0,0,0,-3.235337232292602,-5.929553375797919,24.661960030758525
0,all_dev,REFUGE_Valid,C_PER256,C,OC,800,6.424565450654337,7.2671157091944,2.0905210466076443,10.48895859878443,741,0,59,-17.879336846347925,-4.058049638780955,80,800,0,0,0,-3.924765882337433,-4.555572006491144,4.658865071314432
0,all_dev,REFUGE_Valid,C_PER256,C,macro,800,6.95375296474549,7.782023582375719,1.6115576780153442,11.626955577793733,746,0,54,-19.351203953140228,-2.3956218725676193,80,,,,,,,
0,all_dev,REFUGE_Valid,C_SENS,C_PER256,OD,800,-7.482940478836644,-8.418423892029224,-13.956920645256078,-0.20942782331582163,78,0,722,-19.528492847896818,-15.435390487407528,80,800,0,0,0,3.235337232292602,5.929553375797919,16.459154757092346
0,all_dev,REFUGE_Valid,C_SENS,C_PER256,OC,800,-6.424565450654337,-7.2671157091944,-10.48895859878443,-2.0905210466076425,59,0,741,-19.368907159382598,-11.579704017159155,80,800,0,0,0,3.924765882337433,4.555572006491144,7.978499814578375
0,all_dev,REFUGE_Valid,C_SENS,C_PER256,macro,800,-6.95375296474549,-7.782023582375719,-11.626955577793732,-1.6115576780153427,54,0,746,-15.304552171796848,-12.548055379612794,80,,,,,,,
0,all_dev,REFUGE_Valid,C_PCA_GLOBAL,C,OD,800,-0.5759242352612763,-0.5756639433755539,-0.8421348506478943,-0.30985269481161204,8,0,792,-1.5906789375084607,-0.97555708631388,80,800,0,0,0,0.6473111188673839,0.6447154733170359,1.8111162471017064
0,all_dev,REFUGE_Valid,C_PCA_GLOBAL,C,OC,800,-0.0878953989489278,-0.09167367553648553,-0.18684503228150073,0.011484449487186878,107,2,691,-0.3661107925616691,-0.22808075845260417,80,800,0,0,0,0.193548979226604,0.13690314813926285,0.7549430066511356
0,all_dev,REFUGE_Valid,C_PCA_GLOBAL,C,macro,800,-0.3319098171051022,-0.33466394076036576,-0.4828823831536022,-0.1784080623713513,6,0,794,-0.9204333641391393,-0.5497191713424007,80,,,,,,,
0,all_dev,REFUGE_Valid,C_PCA_REGION,C,OD,800,-0.35581272847376966,-0.34103312325543533,-0.602509577739273,-0.12862905883589848,14,0,786,-1.4863732234092208,-0.7330626792427957,80,800,0,0,0,0.26504259988362955,0.31402694090358985,1.1336209116379625
0,all_dev,REFUGE_Valid,C_PCA_REGION,C,OC,800,-1.0126464528987114,-1.0489750152539445,-1.4583993762155112,-0.6262224511327579,27,0,773,-1.9812792647304622,-1.6103950648827392,80,800,0,0,0,0.7136699894186901,0.7348942615665539,1.4406166730596823
0,all_dev,REFUGE_Valid,C_PCA_REGION,C,macro,800,-0.6842295906862408,-0.6973792789071787,-0.9956553279838309,-0.40288313090847894,16,0,784,-1.343714354921155,-1.0920848857695233,80,,,,,,,
0,all_dev,REFUGE_Valid,C_PCA_REGION,C_PCA_GLOBAL,OD,800,0.22011150678750674,0.21962617831768894,0.055832254199543754,0.36321908424681204,762,0,38,-0.2716756515660612,-0.006137249698918434,80,800,0,0,0,-0.3822685189837543,-0.3307162586389314,0.32714856548763865
0,all_dev,REFUGE_Valid,C_PCA_REGION,C_PCA_GLOBAL,OC,800,-0.9247510539497835,-0.9626449730534059,-1.3435899156593833,-0.5669613442436067,29,0,771,-1.8609092365557633,-1.5074236728565125,80,800,0,0,0,0.5201210101920861,0.5533844521033933,1.1486190869763557
0,all_dev,REFUGE_Valid,C_PCA_REGION,C_PCA_GLOBAL,macro,800,-0.3523197735811386,-0.37039774056402686,-0.5892525226411027,-0.11209277098921386,43,0,757,-0.9614464342639795,-0.6898906179052198,80,,,,,,,
0,all_dev,REFUGE_Valid,C_PCA_REGION,C_PCA_SHUFFLED,OD,800,0.21792654006265258,0.21486787535944796,0.06403254966959926,0.3532097579683791,764,0,36,-0.25387426919873946,-0.0016847719930344895,80,800,0,0,0,-0.377801611694581,-0.31657292408622695,0.3514456501756225
0,all_dev,REFUGE_Valid,C_PCA_REGION,C_PCA_SHUFFLED,OC,800,-0.9352139030604341,-0.9745372563042087,-1.3528130104547598,-0.5791702925114027,29,0,771,-1.8609092365557633,-1.5117950853515434,80,800,0,0,0,0.5309875282748419,0.5742372043086821,1.152759146340329
0,all_dev,REFUGE_Valid,C_PCA_REGION,C_PCA_SHUFFLED,macro,800,-0.35864368149889087,-0.37993752967410144,-0.5848212242342687,-0.12299515198143973,42,0,758,-0.9410072747648157,-0.6867895128246828,80,,,,,,,
0,all_dev,REFUGE_Valid,C_PCA_SHUFFLED,C,OD,800,-0.5737392685364222,-0.5647986827379936,-0.84883929319159,-0.2986485283237117,7,0,793,-1.683739487862168,-0.9922014869953804,80,800,0,0,0,0.6428442115782105,0.6316156771150823,1.8264100301011361
0,all_dev,REFUGE_Valid,C_PCA_SHUFFLED,C,OC,800,-0.07743254983827724,-0.08038836204227462,-0.17552165910099338,0.02175683111387551,122,5,673,-0.37582183793634094,-0.21733021805912456,80,800,0,0,0,0.1826824611438483,0.131670316577571,0.7384902882245556
0,all_dev,REFUGE_Valid,C_PCA_SHUFFLED,C,macro,800,-0.3255859091873499,-0.3258436483859317,-0.48580732722321995,-0.16926931561472958,7,0,793,-0.9245829758436352,-0.5543849045992474,80,,,,,,,
0,all_dev,Drishti_GS,C_SENS,C,OD,101,0.0,0.0,0.0,0.0,0,101,0,0.0,0.0,11,101,0,0,0,0.0,0.0,0.0
0,all_dev,Drishti_GS,C_SENS,C,OC,101,0.0,0.0,0.0,0.0,0,101,0,0.0,0.0,11,101,0,0,0,0.0,0.0,0.0
0,all_dev,Drishti_GS,C_SENS,C,macro,101,0.0,0.0,0.0,0.0,0,101,0,0.0,0.0,11,,,,,,,
0,all_dev,Drishti_GS,C_PER256,C,OD,101,-7.029843097457198,-6.699328773008794,-9.589002209164999,-4.48165326468879,1,0,100,-17.71503876815409,-12.604360260744734,11,101,0,0,0,7.1310197355078815,6.7433239551506015,13.301212399679976
0,all_dev,Drishti_GS,C_PER256,C,OC,101,-7.236957957304883,-9.036783261412118,-12.109105458000924,3.168421036864763,14,0,87,-21.27337648343094,-14.811856100764993,11,101,0,0,0,3.230802191870094,4.1946126940828385,8.016640134355757
0,all_dev,Drishti_GS,C_PER256,C,macro,101,-7.133400527381042,-7.861593179950588,-10.030400161369457,-2.689463669362313,9,0,92,-15.43118934629797,-11.789139717122994,11,,,,,,,
0,all_dev,Drishti_GS,C_SENS,C_PER256,OD,101,7.029843097457198,6.699328773008794,4.48165326468879,9.589002209164999,100,0,1,-0.7632290951965826,3.128545316680501,11,101,0,0,0,-7.1310197355078815,-6.7433239551506015,-2.9102355417361916
0,all_dev,Drishti_GS,C_SENS,C_PER256,OC,101,7.236957957304883,9.036783261412118,-3.168421036864763,12.109105458000924,87,0,14,-12.319093108257073,-8.165766443128526,11,101,0,0,0,-3.230802191870094,-4.1946126940828385,4.429528130697742
0,all_dev,Drishti_GS,C_SENS,C_PER256,macro,101,7.133400527381042,7.861593179950588,2.689463669362313,10.030400161369457,92,0,9,-3.1008778341044207,-0.9672344768393798,11,,,,,,,
0,all_dev,Drishti_GS,C_PCA_GLOBAL,C,OD,101,0.19574934400140526,0.23710762164514954,-0.03165598367446121,0.3946078931770902,87,0,14,-0.4716408655493498,-0.20980988733636619,11,101,0,0,0,-0.21246319316308118,-0.24326954402012113,0.24238858149811443
0,all_dev,Drishti_GS,C_PCA_GLOBAL,C,OC,101,-0.5406246218415446,-0.39973589888699923,-1.1575275399456464,0.046894349958348513,14,0,87,-3.052792335384369,-1.8742801382474141,11,101,0,0,0,0.27619944686853337,0.19470989249234094,1.1245423145627904
0,all_dev,Drishti_GS,C_PCA_GLOBAL,C,macro,101,-0.17243763892007047,-0.13124238323201087,-0.45291141395927825,0.13656965735189264,25,0,76,-1.4249017063492353,-0.81285235922321,11,,,,,,,
0,all_dev,Drishti_GS,C_PCA_REGION,C,OD,101,0.18513155862242955,0.19764613798187725,-0.04176730888797442,0.3878038308982146,86,0,15,-0.39476339149540074,-0.1698111565687504,11,101,0,0,0,-0.2259163217494519,-0.23550046309760475,0.18052122826845807
0,all_dev,Drishti_GS,C_PCA_REGION,C,OC,101,1.7555098641472509,2.1097662746864754,-1.0090500339508979,3.4433330296236297,84,0,17,-3.359072191469026,-2.2362369659674863,11,101,0,0,0,-1.1465530153043826,-1.3456062275618859,1.9101710516026111
0,all_dev,Drishti_GS,C_PCA_REGION,C,macro,101,0.9703207113848393,1.1425183704677377,-0.5818917668408474,1.884984371306675,85,0,16,-1.4906709132849083,-1.1054906725731566,11,,,,,,,
0,all_dev,Drishti_GS,C_PCA_REGION,C_PCA_GLOBAL,OD,101,-0.01061778537897572,-0.009871825569240933,-0.11779579829459541,0.08941547485061818,46,0,55,-0.33892352614356414,-0.1768404674109446,11,101,0,0,0,-0.013453128586370688,0.00031828390919841354,0.19252080296382337
0,all_dev,Drishti_GS,C_PCA_REGION,C_PCA_GLOBAL,OC,101,2.2961344859887958,2.6647043246686875,-1.2073251970618704,4.3846802501799615,85,0,16,-3.915329301356596,-2.3975592329782596,11,101,0,0,0,-1.4227524621729157,-1.6562613189063242,2.008813953013857
0,all_dev,Drishti_GS,C_PCA_REGION,C_PCA_GLOBAL,macro,101,1.14275835030491,1.3110093420771185,-0.6479517536123636,2.1902819903256043,84,0,17,-1.9324587156948847,-1.2012016088531026,11,,,,,,,
0,all_dev,Drishti_GS,C_PCA_REGION,C_PCA_SHUFFLED,OD,101,-0.013328909873099216,-0.009286999954005726,-0.11845772974775626,0.08221469044097374,46,0,55,-0.33757206783882054,-0.1763470423066561,11,101,0,0,0,-0.01205389208901426,-0.0007015735566380243,0.17786037859735246
0,all_dev,Drishti_GS,C_PCA_REGION,C_PCA_SHUFFLED,OC,101,2.2995549010215175,2.663664243199837,-1.196311189002075,4.37842244518018,85,0,16,-3.9134064146432834,-2.4107958851514404,11,101,0,0,0,-1.4264264658555836,-1.6732371563472288,2.032763271394245
0,all_dev,Drishti_GS,C_PCA_REGION,C_PCA_SHUFFLED,macro,101,1.1431129955742088,1.3211952227552004,-0.6573844593749212,2.1838025292090446,84,0,17,-1.9387239336248085,-1.212789018734202,11,,,,,,,
0,all_dev,Drishti_GS,C_PCA_SHUFFLED,C,OD,101,0.19846046849552867,0.2333682008222926,-0.030711974409303178,0.39472025715394654,87,0,14,-0.45846499366933857,-0.21072462233679978,11,101,0,0,0,-0.2138624296604376,-0.24736387227881362,0.23407055766816368
0,all_dev,Drishti_GS,C_PCA_SHUFFLED,C,OC,101,-0.5440450368742665,-0.40491099038267864,-1.1930276761442093,0.05891188147770787,14,0,87,-3.0794381722727913,-1.8908578018283777,11,101,0,0,0,0.27987345055120094,0.21170670038156203,1.1266620444569808
0,all_dev,Drishti_GS,C_PCA_SHUFFLED,C,macro,101,-0.17279228418936954,-0.12928074705116366,-0.4650527901071566,0.1246309804265211,25,0,76,-1.4408769938115462,-0.8178801731529105,11,,,,,,,
1,remaining_dev,REFUGE,C_SENS,C,OD,336,0.0,0.0,0.0,0.0,0,336,0,0.0,0.0,34,336,0,0,0,0.0,0.0,0.0
1,remaining_dev,REFUGE,C_SENS,C,OC,336,0.0,0.0,0.0,0.0,0,336,0,0.0,0.0,34,336,0,0,0,0.0,0.0,0.0
1,remaining_dev,REFUGE,C_SENS,C,macro,336,0.0,0.0,0.0,0.0,0,336,0,0.0,0.0,34,,,,,,,
1,remaining_dev,REFUGE,C_PER256,C,OD,336,-3.4638624761298384,-4.251809464715162,-9.587814856635068,3.9134375984788914,84,0,252,-15.997439767744625,-10.999015214851912,34,336,0,0,0,3.350769680383939,3.7481932058308636,13.976796767772955
1,remaining_dev,REFUGE,C_PER256,C,OC,336,2.1188326262066144,3.452942069727877,-7.762801874750924,9.769971183377042,214,0,122,-12.30653359414855,-9.507503455836812,34,336,0,0,0,-1.1841572168492123,-1.8735635156016934,4.878236959158869
1,remaining_dev,REFUGE,C_PER256,C,macro,336,-0.6725149249616122,-0.6877823848652209,-7.837345570017101,5.535464185721228,154,0,182,-12.568469957202222,-9.102835760720732,34,,,,,,,
1,remaining_dev,REFUGE,C_SENS,C_PER256,OD,336,3.4638624761298384,4.251809464715162,-3.9134375984788914,9.587814856635068,252,0,84,-18.525090871796223,-7.649103896167469,34,336,0,0,0,-3.350769680383939,-3.7481932058308636,8.198171976522003
1,remaining_dev,REFUGE,C_SENS,C_PER256,OC,336,-2.1188326262066144,-3.452942069727877,-9.769971183377042,7.762801874750924,122,0,214,-17.749060598290477,-11.349218448387731,34,336,0,0,0,1.1841572168492123,1.8735635156016934,6.238242040772907
1,remaining_dev,REFUGE,C_SENS,C_PER256,macro,336,0.6725149249616122,0.6877823848652209,-5.535464185721228,7.837345570017101,182,0,154,-14.454909206652989,-8.216112357948568,34,,,,,,,
1,remaining_dev,REFUGE,C_PCA_GLOBAL,C,OD,336,-0.07473052970818003,-0.05036937025466037,-0.45571104551471175,0.32577395306684354,141,0,195,-0.8385641504077834,-0.6094185952876585,34,336,0,0,0,0.1255901692997426,0.1121678325437121,0.736286957244114
1,remaining_dev,REFUGE,C_PCA_GLOBAL,C,OC,336,-0.06367090559937083,-0.05831433912224515,-0.24231800891350574,0.11914916307582679,111,1,224,-0.9088334492083905,-0.36691645469836276,34,336,0,0,0,0.029456130619809107,0.02660471476664661,0.3288177049655286
1,remaining_dev,REFUGE,C_PCA_GLOBAL,C,macro,336,-0.06920071765377488,-0.06376130360387089,-0.27551063483694516,0.14311768671241287,118,0,218,-0.6178743095270112,-0.3743779892788516,34,,,,,,,
1,remaining_dev,REFUGE,C_PCA_REGION,C,OD,336,-0.043785648097853444,-0.027988492318309355,-0.34258940910471547,0.24480177508952594,154,0,182,-0.7674270141007522,-0.47216526389091945,34,336,0,0,0,0.07867760488303219,0.07048713451134314,0.5458307708048896
1,remaining_dev,REFUGE,C_PCA_REGION,C,OC,336,-1.0644340817293252,-1.5145653537974146,-2.8094595130969124,1.478458102147484,83,0,253,-3.7895505724076073,-3.142542207436936,34,336,0,0,0,0.6003016052643111,0.7177358317497191,1.8745641618482598
1,remaining_dev,REFUGE,C_PCA_REGION,C,macro,336,-0.5541098649135895,-0.7913802548383475,-1.5054452643227412,0.7992564470480301,86,0,250,-1.99349344459816,-1.674323452097946,34,,,,,,,
1,remaining_dev,REFUGE,C_PCA_REGION,C_PCA_GLOBAL,OD,336,0.03094488161032658,0.02099655268752998,-0.09228046939790402,0.15850425428505233,201,0,135,-0.2235286095015332,-0.12331753374468366,34,336,0,0,0,-0.0469125644167104,-0.0259249225278102,0.1729484897240211
1,remaining_dev,REFUGE,C_PCA_REGION,C_PCA_GLOBAL,OC,336,-1.0007631761299545,-1.4343607829740868,-2.8446853078344105,1.6914693415259419,88,0,248,-3.64766657816169,-3.1303221637747654,34,336,0,0,0,0.5708454746445019,0.6960281929893792,1.8791977629576229
1,remaining_dev,REFUGE,C_PCA_REGION,C_PCA_GLOBAL,macro,336,-0.48490914725981443,-0.6945335353408744,-1.3837491477539265,0.8263088864336077,90,0,246,-1.7651324422680803,-1.5395710166817977,34,,,,,,,
1,remaining_dev,REFUGE,C_PCA_REGION,C_PCA_SHUFFLED,OD,336,0.031032780917188734,0.022447351459942144,-0.09704625066323525,0.17054960131036578,198,0,138,-0.23559205247140058,-0.13183965383935548,34,336,0,0,0,-0.046175228639908486,-0.02437152361504502,0.182714268171571
1,remaining_dev,REFUGE,C_PCA_REGION,C_PCA_SHUFFLED,OC,336,-1.011168908292814,-1.442978769844666,-2.867635995224921,1.7155350815130588,90,0,246,-3.6710968447754566,-3.1589895602819875,34,336,0,0,0,0.5765293854929345,0.6979392571272434,1.8901599380915528
1,remaining_dev,REFUGE,C_PCA_REGION,C_PCA_SHUFFLED,macro,336,-0.49006806368781275,-0.692125461115406,-1.3929788122950482,0.8473251680669647,90,0,246,-1.7780669974909125,-1.5541774790215115,34,,,,,,,
1,remaining_dev,REFUGE,C_PCA_SHUFFLED,C,OD,336,-0.07481842901504218,-0.054674500876739085,-0.45090624089301756,0.33465401159701313,144,0,192,-0.8744600314539941,-0.6210400658496353,34,336,0,0,0,0.12485283352294067,0.0933859600273963,0.7494978305431331
1,remaining_dev,REFUGE,C_PCA_SHUFFLED,C,OC,336,-0.053265173436511354,-0.04107904641024729,-0.2517230625294131,0.14008193552899617,136,2,198,-0.8852720084035481,-0.3733375372744083,34,336,0,0,0,0.02377221977137644,0.016356943827189774,0.3327292776617745
1,remaining_dev,REFUGE,C_PCA_SHUFFLED,C,macro,336,-0.06404180122577666,-0.05485256392262494,-0.27625015291388166,0.1368217033731134,127,0,209,-0.648560255361208,-0.37512396624346767,34,,,,,,,
1,remaining_dev,ORIGA,C_SENS,C,OD,586,0.0,0.0,0.0,0.0,0,586,0,0.0,0.0,59,586,0,0,0,0.0,0.0,0.0
1,remaining_dev,ORIGA,C_SENS,C,OC,586,0.0,0.0,0.0,0.0,0,586,0,0.0,0.0,59,586,0,0,0,0.0,0.0,0.0
1,remaining_dev,ORIGA,C_SENS,C,macro,586,0.0,0.0,0.0,0.0,0,586,0,0.0,0.0,59,,,,,,,
1,remaining_dev,ORIGA,C_PER256,C,OD,586,-6.787907705167209,-5.743314320327481,-15.493879770403769,0.646642187688079,82,0,504,-50.65169742881752,-24.12864112056083,59,586,0,0,0,7.238763388095357,6.139816219846064,28.3787936901156
1,remaining_dev,ORIGA,C_PER256,C,OC,586,-6.256274512808027,-4.33499255285979,-18.003879945368382,4.394116582863628,148,0,438,-73.36903727182128,-34.400908606672246,59,586,0,0,0,2.611042217600456,1.6093546299849901,17.50643269101361
1,remaining_dev,ORIGA,C_PER256,C,macro,586,-6.522091108987617,-4.823268821436572,-16.055573183803567,1.565930751602962,106,0,480,-62.0103673503194,-28.79056341231926,59,,,,,,,
1,remaining_dev,ORIGA,C_SENS,C_PER256,OD,586,6.787907705167209,5.743314320327481,-0.646642187688079,15.493879770403769,504,0,82,-9.562923399195267,-2.859315281645483,59,586,0,0,0,-7.238763388095357,-6.139816219846064,3.6809260793378678
1,remaining_dev,ORIGA,C_SENS,C_PER256,OC,586,6.256274512808027,4.33499255285979,-4.394116582863628,18.003879945368382,438,0,148,-16.76821501901743,-7.690696751176949,59,586,0,0,0,-2.611042217600456,-1.6093546299849901,5.180822639251581
1,remaining_dev,ORIGA,C_SENS,C_PER256,macro,586,6.522091108987617,4.823268821436572,-1.565930751602962,16.055573183803567,480,0,106,-8.469786272862612,-3.948754515291755,59,,,,,,,
1,remaining_dev,ORIGA,C_PCA_GLOBAL,C,OD,586,-0.03712280607783772,-0.032225372283412046,-0.23445383100860195,0.15313912367137528,248,0,338,-0.48803720392810446,-0.3260214850119679,59,586,0,0,0,0.062180215876193545,0.04621039698660567,0.5248221301179338
1,remaining_dev,ORIGA,C_PCA_GLOBAL,C,OC,586,-0.29142048607547877,-0.26776029277923996,-0.645514775864181,0.05233479178946565,84,0,502,-2.428464969788319,-0.8946870950734822,59,586,0,0,0,0.14962876002786946,0.11136052777822592,0.8094069658470121
1,remaining_dev,ORIGA,C_PCA_GLOBAL,C,macro,586,-0.1642716460766582,-0.15673972474775644,-0.35278401954375593,0.027989880095380393,80,0,506,-1.093231160458008,-0.4577045451591985,59,,,,,,,
1,remaining_dev,ORIGA,C_PCA_REGION,C,OD,586,-0.057447799113347534,-0.04769513932338376,-0.2504178662471934,0.12050162124744301,198,1,387,-0.4726293327807052,-0.3173475631986408,59,586,0,0,0,0.07130694525705607,0.06653219801863153,0.4915013452200541
1,remaining_dev,ORIGA,C_PCA_REGION,C,OC,586,0.6983282359545478,0.6561121937471326,-0.550854545790086,1.9962577885554833,463,0,123,-2.320597758454357,-1.198557271708201,59,586,0,0,0,-0.31461918599386346,-0.19142486383838886,1.0433645269292349
1,remaining_dev,ORIGA,C_PCA_REGION,C,macro,586,0.32044021842060016,0.30638256612395276,-0.33649749160488684,1.0108971221332974,440,0,146,-1.2112653607536328,-0.6635675117660826,59,,,,,,,
1,remaining_dev,ORIGA,C_PCA_REGION,C_PCA_GLOBAL,OD,586,-0.02032499303550982,-0.021484662893250794,-0.12961915837449434,0.08841203114277607,229,1,356,-0.36985603954142743,-0.18516628896624757,59,586,0,0,0,0.009126729380862527,0.020196780360429933,0.2780585919934242
1,remaining_dev,ORIGA,C_PCA_REGION,C_PCA_GLOBAL,OC,586,0.9897487220300268,0.9080857002338572,-0.4807506655841398,2.598251424960135,487,0,99,-2.8218817611782354,-1.2966588360868434,59,586,0,0,0,-0.46424794602173286,-0.2977608893202861,1.150609361828454
1,remaining_dev,ORIGA,C_PCA_REGION,C_PCA_GLOBAL,macro,586,0.48471186449725845,0.442410243725333,-0.23556777219004843,1.2849985229638372,485,0,101,-1.4017281217291733,-0.6315187709594039,59,,,,,,,
1,remaining_dev,ORIGA,C_PCA_REGION,C_PCA_SHUFFLED,OD,586,-0.015113163543592614,-0.016892429946469,-0.128456499787577,0.10254123794958825,244,0,342,-0.4412031562496921,-0.18130417399885393,59,586,0,0,0,0.0024070528159316255,0.016489826014777886,0.27885164816753333
1,remaining_dev,ORIGA,C_PCA_REGION,C_PCA_SHUFFLED,OC,586,1.0011455976865498,0.9190597753532037,-0.48634488146288013,2.608695605679073,490,0,96,-2.8315683068871444,-1.2903038930879014,59,586,0,0,0,-0.471879069150988,-0.28985507105310404,1.1480288424840668
1,remaining_dev,ORIGA,C_PCA_REGION,C_PCA_SHUFFLED,macro,586,0.4930162170714784,0.4400889586151868,-0.22729559973115876,1.2933909270120614,489,0,97,-1.4133297196417316,-0.6245618872065256,59,,,,,,,
1,remaining_dev,ORIGA,C_PCA_SHUFFLED,C,OD,586,-0.04233463556975492,-0.040817901056211525,-0.24909913319894894,0.15776391676233792,238,0,348,-0.5334130630507916,-0.3450301081459634,59,586,0,0,0,0.06889989244112445,0.05276547464874004,0.5542205153000909
1,remaining_dev,ORIGA,C_PCA_SHUFFLED,C,OC,586,-0.30281736173200186,-0.27825336820272994,-0.668329755738456,0.043206506666909616,83,0,503,-2.4215520443919223,-0.9184316347044404,59,586,0,0,0,0.1572598831571246,0.11076541845284238,0.8252721129093596
1,remaining_dev,ORIGA,C_PCA_SHUFFLED,C,macro,586,-0.17257599865087825,-0.16149318112604893,-0.3692091602095715,0.03038444995887568,79,0,507,-1.0907893929694157,-0.47746355064901197,59,,,,,,,
1,remaining_dev,REFUGE_Valid,C_SENS,C,OD,736,0.0,0.0,0.0,0.0,0,736,0,0.0,0.0,74,736,0,0,0,0.0,0.0,0.0
1,remaining_dev,REFUGE_Valid,C_SENS,C,OC,736,0.0,0.0,0.0,0.0,0,736,0,0.0,0.0,74,736,0,0,0,0.0,0.0,0.0
1,remaining_dev,REFUGE_Valid,C_SENS,C,macro,736,0.0,0.0,0.0,0.0,0,736,0,0.0,0.0,74,,,,,,,
1,remaining_dev,REFUGE_Valid,C_PER256,C,OD,736,3.557770908211339,3.22190941607991,0.0,8.529808821253908,530,146,60,-7.257036559602725,-1.7081775835934836,74,736,0,0,0,0.20837900672328402,-0.7877148922938,21.517106007788474
1,remaining_dev,REFUGE_Valid,C_PER256,C,OC,736,1.8545532157245206,1.8994232331615402,0.0,4.418723776334909,530,146,60,-11.623786127471892,-1.8456943266268515,74,736,0,0,0,-1.0191524030272847,-0.9986524378823507,1.9621372583156416
1,remaining_dev,REFUGE_Valid,C_PER256,C,macro,736,2.70616206196793,2.5634325798361166,0.0,6.554682112966148,538,146,52,-9.136636654932461,-1.1763801734216313,74,,,,,,,
1,remaining_dev,REFUGE_Valid,C_SENS,C_PER256,OD,736,-3.557770908211339,-3.22190941607991,-8.529808821253908,0.0,60,146,530,-24.344944152216407,-11.566234113836554,74,736,0,0,0,-0.20837900672328402,0.7877148922938,10.394164341693836
1,remaining_dev,REFUGE_Valid,C_SENS,C_PER256,OC,736,-1.8545532157245206,-1.8994232331615402,-4.418723776334909,0.0,60,146,530,-11.310504115946319,-5.643292385117237,74,736,0,0,0,1.0191524030272847,0.9986524378823507,3.946392812593621
1,remaining_dev,REFUGE_Valid,C_SENS,C_PER256,macro,736,-2.70616206196793,-2.5634325798361166,-6.554682112966148,0.0,52,146,538,-13.622280625966088,-7.909073674683706,74,,,,,,,
1,remaining_dev,REFUGE_Valid,C_PCA_GLOBAL,C,OD,736,-0.23644322531778283,-0.21708038102551952,-0.4780285035357157,-0.01555252242537164,55,1,680,-0.9030599533986661,-0.577150397014876,74,736,0,0,0,0.19001592289799915,0.17416281857548555,1.083594697899704
1,remaining_dev,REFUGE_Valid,C_PCA_GLOBAL,C,OC,736,-0.04609315552734412,-0.039034319524031136,-0.12054376308383574,0.019044876905977004,144,22,570,-0.657986644288111,-0.18394050522927624,74,736,0,0,0,0.0399196616539189,0.02353019041132809,0.349886127373329
1,remaining_dev,REFUGE_Valid,C_PCA_GLOBAL,C,macro,736,-0.1412681904225636,-0.13316424142685301,-0.28492967940934033,-0.01062080358610884,56,0,680,-0.5745868698293521,-0.3460212509241584,74,,,,,,,
1,remaining_dev,REFUGE_Valid,C_PCA_REGION,C,OD,736,-0.24129513034203617,-0.24725165075492606,-0.46196194183751316,-0.018299217232164988,51,0,685,-0.9088468055146182,-0.5278922853240673,74,736,0,0,0,0.16464097244118686,0.2054886461762644,0.7788649215306984
1,remaining_dev,REFUGE_Valid,C_PCA_REGION,C,OC,736,-0.3802112021265811,-0.3523896355140277,-0.8058469478399832,-0.024083323153056835,49,0,687,-1.4363595279349717,-0.9601855128592167,74,736,0,0,0,0.26909024340929405,0.2381188760651849,0.8808603125785136
1,remaining_dev,REFUGE_Valid,C_PCA_REGION,C,macro,736,-0.310753166234309,-0.30618674038383475,-0.6156852818340108,-0.025280563430030156,46,0,690,-0.8951308719805651,-0.6901982262321535,74,,,,,,,
1,remaining_dev,REFUGE_Valid,C_PCA_REGION,C_PCA_GLOBAL,OD,736,-0.004851905024253323,-0.024386959932876096,-0.07708099768101717,0.09514311272155185,244,1,491,-0.20995549333975294,-0.1012069452485726,74,736,0,0,0,-0.025374950456812324,0.02608493980311266,0.3520494201137895
1,remaining_dev,REFUGE_Valid,C_PCA_REGION,C_PCA_GLOBAL,OC,736,-0.33411804659923694,-0.293426581029399,-0.7450877959009117,-0.01499178345396035,58,0,678,-1.4000898656634897,-0.8931762395173856,74,736,0,0,0,0.22917058175537514,0.19593142834203459,0.7392270489127665
1,remaining_dev,REFUGE_Valid,C_PCA_REGION,C_PCA_GLOBAL,macro,736,-0.16948497581174538,-0.1682377575907501,-0.35434528234163376,-0.009319780779637465,59,0,677,-0.7009458526157974,-0.4241648731211555,74,,,,,,,
1,remaining_dev,REFUGE_Valid,C_PCA_REGION,C_PCA_SHUFFLED,OD,736,0.014726345957465315,-0.01358441400250432,-0.06705054249384057,0.1417853752986864,297,6,433,-0.1699491289957833,-0.0875497906198595,74,736,0,0,0,-0.04837221239866247,0.01769498762599575,0.3515286229978701
1,remaining_dev,REFUGE_Valid,C_PCA_REGION,C_PCA_SHUFFLED,OC,736,-0.3293188418160565,-0.29072780466447845,-0.7441288072474184,-0.012587289487603348,61,0,675,-1.4182201265292904,-0.8878072005515,74,736,0,0,0,0.22589445664761088,0.20086891323613765,0.729551241027016
1,remaining_dev,REFUGE_Valid,C_PCA_REGION,C_PCA_SHUFFLED,macro,736,-0.15729624792929578,-0.15535311969550603,-0.33406499875274775,-0.008302164605916706,61,0,675,-0.6819919262989083,-0.4038210034336486,74,,,,,,,
1,remaining_dev,REFUGE_Valid,C_PCA_SHUFFLED,C,OD,736,-0.2560214762995015,-0.23127048548007845,-0.5288401632193795,-0.018246272052130363,53,0,683,-0.9808757189910255,-0.6333749169856568,74,736,0,0,0,0.21301318483984932,0.19100627541788295,1.1910588420766872
1,remaining_dev,REFUGE_Valid,C_PCA_SHUFFLED,C,OC,736,-0.05089236031052469,-0.04302362447904384,-0.12780208912083202,0.018345783814710526,135,20,581,-0.8003843830129309,-0.20113478766123924,74,736,0,0,0,0.04319578676168317,0.025359747934067478,0.36416881887292146
1,remaining_dev,REFUGE_Valid,C_PCA_SHUFFLED,C,macro,736,-0.15345691830501326,-0.13979866427037968,-0.3056401429893829,-0.009450125162130396,50,0,686,-0.6919194209717594,-0.37946703071443927,74,,,,,,,
1,remaining_dev,Drishti_GS,C_SENS,C,OD,37,0.0,0.0,0.0,0.0,0,37,0,0.0,0.0,4,37,0,0,0,0.0,0.0,0.0
1,remaining_dev,Drishti_GS,C_SENS,C,OC,37,0.0,0.0,0.0,0.0,0,37,0,0.0,0.0,4,37,0,0,0,0.0,0.0,0.0
1,remaining_dev,Drishti_GS,C_SENS,C,macro,37,0.0,0.0,0.0,0.0,0,37,0,0.0,0.0,4,,,,,,,
1,remaining_dev,Drishti_GS,C_PER256,C,OD,37,0.0,0.0,0.0,0.0,0,37,0,0.0,0.0,4,37,0,0,0,0.0,0.0,0.0
1,remaining_dev,Drishti_GS,C_PER256,C,OC,37,0.0,0.0,0.0,0.0,0,37,0,0.0,0.0,4,37,0,0,0,0.0,0.0,0.0
1,remaining_dev,Drishti_GS,C_PER256,C,macro,37,0.0,0.0,0.0,0.0,0,37,0,0.0,0.0,4,,,,,,,
1,remaining_dev,Drishti_GS,C_SENS,C_PER256,OD,37,0.0,0.0,0.0,0.0,0,37,0,0.0,0.0,4,37,0,0,0,0.0,0.0,0.0
1,remaining_dev,Drishti_GS,C_SENS,C_PER256,OC,37,0.0,0.0,0.0,0.0,0,37,0,0.0,0.0,4,37,0,0,0,0.0,0.0,0.0
1,remaining_dev,Drishti_GS,C_SENS,C_PER256,macro,37,0.0,0.0,0.0,0.0,0,37,0,0.0,0.0,4,,,,,,,
1,remaining_dev,Drishti_GS,C_PCA_GLOBAL,C,OD,37,0.00652984720126156,0.004390202200243998,0.0,0.01603642728729593,28,9,0,0.0,0.0,4,37,0,0,0,-0.006725807452230557,0.0,0.012070207104760255
1,remaining_dev,Drishti_GS,C_PCA_GLOBAL,C,OC,37,-0.008613657964536265,-0.005621460637894593,-0.022272009157304762,0.0016135893970847747,4,12,21,-0.074800090450311,-0.039689456242228416,4,37,0,0,0,0.01664195339981714,0.0,0.10582249324666826
1,remaining_dev,Drishti_GS,C_PCA_GLOBAL,C,macro,37,-0.0010419053816382532,0.0,-0.007208960897795436,0.0030820349238180884,13,8,16,-0.02404834472742312,-0.01295058381264591,4,,,,,,,
1,remaining_dev,Drishti_GS,C_PCA_REGION,C,OD,37,-0.00429798677528336,-0.0027345062429295908,-0.012486716178918833,0.0025743155713842084,5,8,24,-0.02332340491491003,-0.017134122377204797,4,37,0,0,0,0.0070894905561469015,0.0012970580532876141,0.05071759232813422
1,remaining_dev,Drishti_GS,C_PCA_REGION,C,OC,37,0.014828073523288422,0.011110598931773907,0.0,0.04489326926852222,27,8,2,-0.03351455022018168,-0.013322475445964876,4,37,0,0,0,0.007377102899788332,0.0,0.07064466313651518
1,remaining_dev,Drishti_GS,C_PCA_REGION,C,macro,37,0.005265043374001931,0.0017681611259812158,-0.0008192946892826569,0.019996662359322844,23,6,8,-0.023675424713942572,-0.009234317344194998,4,,,,,,,
1,remaining_dev,Drishti_GS,C_PCA_REGION,C_PCA_GLOBAL,OD,37,-0.01082783397654492,-0.008622175985750768,-0.026258062084849598,0.0,0,7,30,-0.034204370304236065,-0.029854058571965325,4,37,0,0,0,0.013815298008377459,0.0054729651459553,0.05886117327433027
1,remaining_dev,Drishti_GS,C_PCA_REGION,C_PCA_GLOBAL,OC,37,0.023441731487824687,0.01564868733114899,-0.001072016023400124,0.05976168879085141,27,6,4,-0.049338592288483696,-0.017049711644548382,4,37,0,0,0,-0.009264850500028805,0.0,0.040221643254716
1,remaining_dev,Drishti_GS,C_PCA_REGION,C_PCA_GLOBAL,macro,37,0.006306948755640184,0.0047572470879941875,-0.0028557401271633864,0.022399987011272326,23,5,9,-0.03850382498546967,-0.013254357631731217,4,,,,,,,
1,remaining_dev,Drishti_GS,C_PCA_REGION,C_PCA_SHUFFLED,OD,37,-0.010590306101414598,-0.008622175985750768,-0.025498695220360634,0.0,1,6,30,-0.032650074831275244,-0.02946548470372512,4,37,0,0,0,0.013792844247074425,0.005963268640554631,0.05921483893851409
1,remaining_dev,Drishti_GS,C_PCA_REGION,C_PCA_SHUFFLED,OC,37,0.024274704104192624,0.014111756104162598,-0.00161358939708478,0.06283120180202717,27,6,4,-0.04316802521845409,-0.015208305094441266,4,37,0,0,0,-0.009902233241097463,0.0,0.03728247914302907
1,remaining_dev,Drishti_GS,C_PCA_REGION,C_PCA_SHUFFLED,macro,37,0.006842199001389838,0.004699622166171036,-0.003417450389466836,0.021474645530992206,23,5,9,-0.03541854145046042,-0.01294619909080752,4,,,,,,,
1,remaining_dev,Drishti_GS,C_PCA_SHUFFLED,C,OD,37,0.006292319326131238,0.004604469204394501,0.0,0.014425915860987182,26,8,3,-0.0015258701367537597,-0.0009161066558849296,4,37,0,0,0,-0.006703353690927524,-0.0004378621385949799,0.011925555906494134
1,remaining_dev,Drishti_GS,C_PCA_SHUFFLED,C,OC,37,-0.0094466305809042,-0.005088925530816191,-0.022545001001512688,0.0040684332772444876,6,11,20,-0.0801463966206617,-0.04447057492721063,4,37,0,0,0,0.017279336140885795,0.0,0.10043408450967739
1,remaining_dev,Drishti_GS,C_PCA_SHUFFLED,C,macro,37,-0.001577155627387907,0.0,-0.009041354497294485,0.006213753718526947,14,6,17,-0.02672149781259847,-0.015038609649833945,4,,,,,,,
1,legacy_dev,REFUGE,C_SENS,C,OD,32,0.0,0.0,0.0,0.0,0,32,0,0.0,0.0,4,32,0,0,0,0.0,0.0,0.0
1,legacy_dev,REFUGE,C_SENS,C,OC,32,0.0,0.0,0.0,0.0,0,32,0,0.0,0.0,4,32,0,0,0,0.0,0.0,0.0
1,legacy_dev,REFUGE,C_SENS,C,macro,32,0.0,0.0,0.0,0.0,0,32,0,0.0,0.0,4,,,,,,,
1,legacy_dev,REFUGE,C_PER256,C,OD,32,-3.8150071010912203,-4.244058855745997,-9.132463058830599,0.6063782954698904,4,0,28,-9.532649756651402,-9.323963247787374,4,32,0,0,0,3.4389605986703753,3.4483773871208863,9.076869703015435
1,legacy_dev,REFUGE,C_PER256,C,OC,32,2.277517554934394,3.271729776671534,-6.373993865497072,8.510103610668843,25,0,7,-10.90697882457059,-9.105387316690674,4,32,0,0,0,-1.3264427392321796,-1.5899468566793042,4.527740559437715
1,legacy_dev,REFUGE,C_PER256,C,macro,32,-0.7687447730784108,-0.7752134600385374,-7.025948493818739,4.848473753414143,14,0,18,-10.219814290610996,-8.557587927713598,4,,,,,,,
1,legacy_dev,REFUGE,C_SENS,C_PER256,OD,32,3.8150071010912203,4.244058855745997,-0.6063782954698881,9.1324630588306,28,0,4,-12.72563840322941,-6.663562866076378,4,32,0,0,0,-3.4389605986703753,-3.4483773871208863,6.267513401498987
1,legacy_dev,REFUGE,C_SENS,C_PER256,OC,32,-2.277517554934394,-3.271729776671534,-8.51010361066884,6.373993865497076,7,0,25,-11.614809046181929,-9.54233980612241,4,32,0,0,0,1.3264427392321796,1.5899468566793042,4.810307058842601
1,legacy_dev,REFUGE,C_SENS,C_PER256,macro,32,0.7687447730784108,0.7752134600385374,-4.848473753414139,7.025948493818741,18,0,14,-10.536086106789188,-7.440602844393007,4,,,,,,,
1,legacy_dev,REFUGE,C_PCA_GLOBAL,C,OD,32,-0.06363101072689101,0.015049207854872515,-0.6339705731590695,0.42047663176141403,17,0,15,-0.6872213051767329,-0.6632195927613688,4,32,0,0,0,0.13968394920659022,0.1495592303204405,0.7685783411551108
1,legacy_dev,REFUGE,C_PCA_GLOBAL,C,OC,32,-0.06531651527488976,-0.07520085235296348,-0.18778174976963435,0.07033491075659207,9,0,23,-0.36359022842299416,-0.2630461811384238,4,32,0,0,0,0.026379032219696494,0.00755186712234579,0.2992586646752742
1,legacy_dev,REFUGE,C_PCA_GLOBAL,C,macro,32,-0.06447376300088986,-0.04886001836799658,-0.36020332440142133,0.1826793155489393,15,0,17,-0.4312797437497906,-0.3922418221375734,4,,,,,,,
1,legacy_dev,REFUGE,C_PCA_REGION,C,OD,32,-0.050439549766370315,-0.0665938836233615,-0.42164133226107126,0.3441040986979673,13,0,19,-0.5619204456905225,-0.5214541088973568,4,32,0,0,0,0.136928681990735,0.13761450757094917,0.6247305330025392
1,legacy_dev,REFUGE,C_PCA_REGION,C,OC,32,-0.8924456525648687,-1.110184146838672,-2.595233325206224,1.0535243062065773,7,0,25,-3.408699657646408,-2.997391070082683,4,32,0,0,0,0.5947898012303658,0.4852272907277322,1.7996648540256392
1,legacy_dev,REFUGE,C_PCA_REGION,C,macro,32,-0.4714426011656191,-0.5008148469713092,-1.3820789034094805,0.5284405501356139,8,0,24,-1.9853100516684652,-1.6269409936814194,4,,,,,,,
1,legacy_dev,REFUGE,C_PCA_REGION,C_PCA_GLOBAL,OD,32,0.013191460960520693,-0.009505613605709229,-0.13181347140424848,0.1823875289131927,14,0,18,-0.20474730129875773,-0.17625449749588684,4,32,0,0,0,-0.0027552672158552283,0.0007344913954261401,0.2900410061993206
1,legacy_dev,REFUGE,C_PCA_REGION,C_PCA_GLOBAL,OC,32,-0.8271291372899792,-1.01503777524804,-2.599091454284621,1.187817232884627,9,0,23,-3.499002810066565,-3.1047414465598084,4,32,0,0,0,0.5684107690106694,0.45276035543584214,1.764549368689261
1,legacy_dev,REFUGE,C_PCA_REGION,C_PCA_GLOBAL,macro,32,-0.4069688381647292,-0.4720724973103607,-1.2993601810977162,0.5532143364821611,10,0,22,-1.714758930551219,-1.516615574498703,4,,,,,,,
1,legacy_dev,REFUGE,C_PCA_REGION,C_PCA_SHUFFLED,OD,32,0.013399255367329416,-0.020803779761258134,-0.1269494638810098,0.19044619195670032,14,0,18,-0.2094157428623511,-0.16658065604813477,4,32,0,0,0,0.0006694732576094098,0.02417627526842825,0.2665228527719208
1,legacy_dev,REFUGE,C_PCA_REGION,C_PCA_SHUFFLED,OC,32,-0.8318334229115993,-0.990386912101493,-2.616856495526332,1.1944691895453496,9,0,23,-3.525061677357222,-3.1248931303323206,4,32,0,0,0,0.5704090835722208,0.4675143203145984,1.7802864765621282
1,legacy_dev,REFUGE,C_PCA_REGION,C_PCA_SHUFFLED,macro,32,-0.409217083772136,-0.4631591526843559,-1.3082674395068394,0.5515632254329178,10,0,22,-1.7271174601785733,-1.5285110324751412,4,,,,,,,
1,legacy_dev,REFUGE,C_PCA_SHUFFLED,C,OD,32,-0.06383880513369973,0.013635553788016175,-0.6319072612994292,0.42708361624183466,17,0,15,-0.7014330789538947,-0.6649181475033544,4,32,0,0,0,0.13625920873312558,0.1529263368598266,0.7549235263638898
1,legacy_dev,REFUGE,C_PCA_SHUFFLED,C,OC,32,-0.060612229653269484,-0.07735884933356973,-0.20630999538878814,0.10963713254140696,9,0,23,-0.4233506452410718,-0.288410898103697,4,32,0,0,0,0.02438071765814516,0.023358920731368915,0.27536248219869397
1,legacy_dev,REFUGE,C_PCA_SHUFFLED,C,macro,32,-0.062225517393483046,-0.036687387439054975,-0.35544177293699963,0.17467161732083747,15,0,17,-0.44158846708046706,-0.3904078804190303,4,,,,,,,
1,legacy_dev,ORIGA,C_SENS,C,OD,32,0.0,0.0,0.0,0.0,0,32,0,0.0,0.0,4,32,0,0,0,0.0,0.0,0.0
1,legacy_dev,ORIGA,C_SENS,C,OC,32,0.0,0.0,0.0,0.0,0,32,0,0.0,0.0,4,32,0,0,0,0.0,0.0,0.0
1,legacy_dev,ORIGA,C_SENS,C,macro,32,0.0,0.0,0.0,0.0,0,32,0,0.0,0.0,4,,,,,,,
1,legacy_dev,ORIGA,C_PER256,C,OD,32,-6.78326466288342,-5.842556984357994,-18.24723015310307,0.6115162962834553,4,0,28,-28.60199970409143,-24.51071601967979,4,32,0,0,0,6.761699293530835,4.6966076917155615,26.415786468832508
1,legacy_dev,ORIGA,C_PER256,C,OC,32,-6.708686909505379,-4.235193117291395,-17.961083545950075,3.049822231854013,11,0,21,-46.48833621749863,-33.63151548945129,4,32,0,0,0,2.79213972860202,1.5105042764577918,16.714618079208954
1,legacy_dev,ORIGA,C_PER256,C,macro,32,-6.745975786194399,-4.6106715610467415,-18.077358046978535,1.168801869585288,5,0,27,-36.141817042706855,-29.071115754565536,4,,,,,,,
1,legacy_dev,ORIGA,C_SENS,C_PER256,OD,32,6.78326466288342,5.842556984357994,-0.6115162962834529,18.24723015310309,28,0,4,-6.508785286733154,-3.851079076262551,4,32,0,0,0,-6.761699293530835,-4.6966076917155615,4.698588322811116
1,legacy_dev,ORIGA,C_SENS,C_PER256,OC,32,6.708686909505379,4.235193117291395,-3.0498222318540122,17.96108354595009,21,0,11,-7.73803046128787,-4.667026697377041,4,32,0,0,0,-2.79213972860202,-1.5105042764577918,4.214981400248581
1,legacy_dev,ORIGA,C_SENS,C_PER256,macro,32,6.745975786194399,4.6106715610467415,-1.1688018695852875,18.077358046978553,27,0,5,-5.313971038334997,-3.197952617000194,4,,,,,,,
1,legacy_dev,ORIGA,C_PCA_GLOBAL,C,OD,32,-0.03338895685541521,-0.013863382248918699,-0.2066320480056738,0.16863118767009633,13,0,19,-0.49587952945550073,-0.36668431286447645,4,32,0,0,0,0.014876447318503336,0.031791355792997855,0.3262183639161229
1,legacy_dev,ORIGA,C_PCA_GLOBAL,C,OC,32,-0.2201853137337416,-0.17246823406420475,-0.555275918046495,0.05324107954679859,5,0,27,-0.8451850006535477,-0.6741567599986772,4,32,0,0,0,0.12287126282853153,0.09295425581311179,0.4978865382709259
1,legacy_dev,ORIGA,C_PCA_GLOBAL,C,macro,32,-0.12678713529457702,-0.11666687799276598,-0.3121341296182767,0.06408879723124997,5,0,27,-0.410374574534178,-0.34429953337472563,4,,,,,,,
1,legacy_dev,ORIGA,C_PCA_REGION,C,OD,32,-0.06947905501646125,-0.0628502608928605,-0.286061408601771,0.11535628491399885,13,0,19,-0.5522056399407616,-0.4054989130520964,4,32,0,0,0,0.09970241367742057,0.10246631787591376,0.5654777106913205
1,legacy_dev,ORIGA,C_PCA_REGION,C,OC,32,0.47049162663886035,0.5850781014033468,-0.7261721191279491,1.4220852524942054,22,0,10,-1.3338831980664878,-0.9889344387770282,4,32,0,0,0,-0.32680794424293974,-0.33394582927290983,0.7655213208374456
1,legacy_dev,ORIGA,C_PCA_REGION,C,macro,32,0.2005062858112,0.22561758500786455,-0.5462604859356734,0.726819625255143,21,0,11,-0.645046894431911,-0.604002527884881,4,,,,,,,
1,legacy_dev,ORIGA,C_PCA_REGION,C_PCA_GLOBAL,OD,32,-0.03609009816104604,-0.020630355470607764,-0.1523959072405323,0.07675346096518322,12,0,20,-0.2604075593287791,-0.19511349524928,4,32,0,0,0,0.08482596635891723,0.06477081729357392,0.41479647134942566
1,legacy_dev,ORIGA,C_PCA_REGION,C_PCA_GLOBAL,OC,32,0.690676940372602,0.9044350937183143,-0.7772279476887733,1.7484311997576976,23,0,9,-1.5329854562700418,-1.0879634512892782,4,32,0,0,0,-0.44967920707147124,-0.43282459618367763,0.8314404597048712
1,legacy_dev,ORIGA,C_PCA_REGION,C_PCA_GLOBAL,macro,32,0.327293421105777,0.4410858496702641,-0.3524561899546108,0.8471368496842425,23,0,9,-0.773871504938417,-0.5588779187370219,4,,,,,,,
1,legacy_dev,ORIGA,C_PCA_REGION,C_PCA_SHUFFLED,OD,32,-0.025203188774312185,-0.006884139518614774,-0.15218115032450186,0.08182872507530359,13,0,19,-0.20183046534361093,-0.16532150451012972,4,32,0,0,0,0.07445394413079635,0.07885387272554589,0.38207609649319396
1,legacy_dev,ORIGA,C_PCA_REGION,C_PCA_SHUFFLED,OC,32,0.7149312880410255,0.9363057205538539,-0.7547961193123987,1.7500917969615317,23,0,9,-1.4976056821032646,-1.0820638883668048,4,32,0,0,0,-0.4628799295855849,-0.45488686679274526,0.7927036260614253
1,legacy_dev,ORIGA,C_PCA_REGION,C_PCA_SHUFFLED,macro,32,0.3448640496333553,0.48746685518829547,-0.3420143394311337,0.848537320162074,23,0,9,-0.7461602911924881,-0.5513234783075333,4,,,,,,,
1,legacy_dev,ORIGA,C_PCA_SHUFFLED,C,OD,32,-0.04427586624214906,-0.02744953498153846,-0.2220478296413375,0.17387144376893596,13,0,19,-0.5052767251520596,-0.38707391755296583,4,32,0,0,0,0.025248469546624214,0.034718537109732495,0.3572042717623114
1,legacy_dev,ORIGA,C_PCA_SHUFFLED,C,OC,32,-0.2444396614021651,-0.18364023227927517,-0.597052495332997,0.03191800216871725,4,0,28,-0.9403767428073584,-0.7229222505586219,4,32,0,0,0,0.13607198534264514,0.1070577435615494,0.5422624187366369
1,legacy_dev,ORIGA,C_PCA_SHUFFLED,C,macro,32,-0.14435776382215534,-0.14001118564839765,-0.3550438795383415,0.03607223466137962,5,0,27,-0.4917472560209246,-0.39835982497713196,4,,,,,,,
1,legacy_dev,REFUGE_Valid,C_SENS,C,OD,32,0.0,0.0,0.0,0.0,0,32,0,0.0,0.0,4,32,0,0,0,0.0,0.0,0.0
1,legacy_dev,REFUGE_Valid,C_SENS,C,OC,32,0.0,0.0,0.0,0.0,0,32,0,0.0,0.0,4,32,0,0,0,0.0,0.0,0.0
1,legacy_dev,REFUGE_Valid,C_SENS,C,macro,32,0.0,0.0,0.0,0.0,0,32,0,0.0,0.0,4,,,,,,,
1,legacy_dev,REFUGE_Valid,C_PER256,C,OD,32,3.919304761350285,3.2399392437816643,0.0,8.001621426302302,26,4,2,-3.963169959740276,-1.050885667878776,4,32,0,0,0,1.435893612332262,-2.042200308651824,31.051222118818806
1,legacy_dev,REFUGE_Valid,C_PER256,C,OC,32,2.3709873770344787,2.2987195496392667,0.0,4.728847252972204,27,4,1,-0.7244617371951922,-0.18111543429879806,4,32,0,0,0,-1.9857312543756989,-1.3383089150455199,0.07153654464037884
1,legacy_dev,REFUGE_Valid,C_PER256,C,macro,32,3.145146069192383,2.6578387276272872,0.0,6.781463202346772,27,4,1,-0.916089297506989,-0.22902232437674724,4,,,,,,,
1,legacy_dev,REFUGE_Valid,C_SENS,C_PER256,OD,32,-3.919304761350285,-3.2399392437816643,-8.001621426302302,0.0,2,4,26,-15.523927784211677,-10.934238427351374,4,32,0,0,0,-1.435893612332262,2.042200308651824,11.772223786860412
1,legacy_dev,REFUGE_Valid,C_SENS,C_PER256,OC,32,-2.3709873770344787,-2.2987195496392667,-4.728847252972203,0.0,1,4,27,-6.078106720057952,-5.413975387962049,4,32,0,0,0,1.9857312543756989,1.3383089150455199,7.2513359874814425
1,legacy_dev,REFUGE_Valid,C_SENS,C_PER256,macro,32,-3.145146069192383,-2.6578387276272872,-6.781463202346769,0.0,1,4,27,-9.899737687041199,-7.717144942709608,4,,,,,,,
1,legacy_dev,REFUGE_Valid,C_PCA_GLOBAL,C,OD,32,-0.2540697539333534,-0.19762969111616346,-0.5091851194342212,-0.025001124496153392,2,0,30,-0.7980720865344848,-0.5914966119113102,4,32,0,0,0,0.03041376415785005,0.18061212391331782,1.2050496682336993
1,legacy_dev,REFUGE_Valid,C_PCA_GLOBAL,C,OC,32,-0.06914738449338743,-0.05770433649361362,-0.15696416207610253,-0.005803137410945734,2,1,29,-0.2821340600408506,-0.19432327393902743,4,32,0,0,0,0.11466968503482777,0.05832208718070486,0.5390023996522446
1,legacy_dev,REFUGE_Valid,C_PCA_GLOBAL,C,macro,32,-0.1616085692133692,-0.13580575118727345,-0.29130176745280734,-0.01953426476449027,1,0,31,-0.4602067825624445,-0.35734282830694464,4,,,,,,,
1,legacy_dev,REFUGE_Valid,C_PCA_REGION,C,OD,32,-0.241968479622489,-0.2163746216510165,-0.48530058263233533,-0.040397782178834746,3,0,29,-0.5513969465308022,-0.5100252631123237,4,32,0,0,0,-0.008512019612062105,0.20666481803772596,0.7086577374498768
1,legacy_dev,REFUGE_Valid,C_PCA_REGION,C,OC,32,-0.4081227036252719,-0.4363490507677703,-0.8021938191225741,-0.03754754495747466,3,0,29,-1.0010204483538343,-0.9035571165250417,4,32,0,0,0,0.32876758390416005,0.2119298807455383,1.167464283925728
1,legacy_dev,REFUGE_Valid,C_PCA_REGION,C,macro,32,-0.325045591623878,-0.32141691540961415,-0.5975661501310592,-0.025043205297258203,3,0,29,-0.6225285659737234,-0.6131759401087289,4,,,,,,,
1,legacy_dev,REFUGE_Valid,C_PCA_REGION,C_PCA_GLOBAL,OD,32,0.012101274310864427,-0.01895816732922495,-0.06672578245399685,0.08922833107758987,12,0,20,-0.09219748899585989,-0.0787931452842533,4,32,0,0,0,-0.03892578376991215,0.04783409874372291,0.3471296690499708
1,legacy_dev,REFUGE_Valid,C_PCA_REGION,C_PCA_GLOBAL,OC,32,-0.3389753191318845,-0.3664624936957295,-0.68490231413675,-0.005379746958689099,3,0,29,-1.01683354811557,-0.7913501960454137,4,32,0,0,0,0.2140978988693323,0.1699355017984665,0.7019497183438848
1,legacy_dev,REFUGE_Valid,C_PCA_REGION,C_PCA_GLOBAL,macro,32,-0.16343702241050884,-0.18857264913856864,-0.32517099460860455,-0.007383536717092657,3,0,29,-0.4680615370811547,-0.38491570763657945,4,,,,,,,
1,legacy_dev,REFUGE_Valid,C_PCA_REGION,C_PCA_SHUFFLED,OD,32,0.03430926475695775,-0.008724540523274982,-0.06465576873066148,0.1305076023955576,14,1,17,-0.08883421440502026,-0.0746293346082727,4,32,0,0,0,-0.022273757300978914,0.019573536896684507,0.3851360338002121
1,legacy_dev,REFUGE_Valid,C_PCA_REGION,C_PCA_SHUFFLED,OC,32,-0.3325843573648103,-0.34273658253745065,-0.6697898835177252,0.002061667442049302,4,0,28,-1.0126449688341532,-0.7751228308912117,4,32,0,0,0,0.20826536214361988,0.17606412587615772,0.6674915242656478
1,legacy_dev,REFUGE_Valid,C_PCA_REGION,C_PCA_SHUFFLED,macro,32,-0.14913754630392403,-0.18258357471305775,-0.31018307049884175,0.03786637892517992,5,0,27,-0.44657611178082757,-0.3491624886829858,4,,,,,,,
1,legacy_dev,REFUGE_Valid,C_PCA_SHUFFLED,C,OD,32,-0.27627774437944674,-0.22238329036565752,-0.5472636904619532,-0.025001124496153392,2,0,30,-0.9932649007762473,-0.6672808546326792,4,32,0,0,0,0.013761737688916809,0.18470057996787403,0.9798331516817003
1,legacy_dev,REFUGE_Valid,C_PCA_SHUFFLED,C,OC,32,-0.07553834626046162,-0.05988224566495226,-0.14752493937703504,-0.000510646773500534,2,2,28,-0.3647201243923037,-0.23797702903358975,4,32,0,0,0,0.1205022217605402,0.04556779441626713,0.5949836066823284
1,legacy_dev,REFUGE_Valid,C_PCA_SHUFFLED,C,macro,32,-0.17590804531995402,-0.13782257623118355,-0.321863604523831,-0.01466877805496035,2,0,30,-0.5601499463413262,-0.40813984308920304,4,,,,,,,
1,legacy_dev,Drishti_GS,C_SENS,C,OD,32,0.0,0.0,0.0,0.0,0,32,0,0.0,0.0,4,32,0,0,0,0.0,0.0,0.0
1,legacy_dev,Drishti_GS,C_SENS,C,OC,32,0.0,0.0,0.0,0.0,0,32,0,0.0,0.0,4,32,0,0,0,0.0,0.0,0.0
1,legacy_dev,Drishti_GS,C_SENS,C,macro,32,0.0,0.0,0.0,0.0,0,32,0,0.0,0.0,4,,,,,,,
1,legacy_dev,Drishti_GS,C_PER256,C,OD,32,0.0,0.0,0.0,0.0,0,32,0,0.0,0.0,4,32,0,0,0,0.0,0.0,0.0
1,legacy_dev,Drishti_GS,C_PER256,C,OC,32,0.0,0.0,0.0,0.0,0,32,0,0.0,0.0,4,32,0,0,0,0.0,0.0,0.0
1,legacy_dev,Drishti_GS,C_PER256,C,macro,32,0.0,0.0,0.0,0.0,0,32,0,0.0,0.0,4,,,,,,,
1,legacy_dev,Drishti_GS,C_SENS,C_PER256,OD,32,0.0,0.0,0.0,0.0,0,32,0,0.0,0.0,4,32,0,0,0,0.0,0.0,0.0
1,legacy_dev,Drishti_GS,C_SENS,C_PER256,OC,32,0.0,0.0,0.0,0.0,0,32,0,0.0,0.0,4,32,0,0,0,0.0,0.0,0.0
1,legacy_dev,Drishti_GS,C_SENS,C_PER256,macro,32,0.0,0.0,0.0,0.0,0,32,0,0.0,0.0,4,,,,,,,
1,legacy_dev,Drishti_GS,C_PCA_GLOBAL,C,OD,32,0.007824666807960262,0.007282285402149258,0.0,0.01348660823984438,24,8,0,0.0,0.0,4,32,0,0,0,-0.008940829365190195,-0.0027819662047670057,0.009341890029727962
1,legacy_dev,Drishti_GS,C_PCA_GLOBAL,C,OC,32,-0.006365449549807292,-0.0033381612542959793,-0.02561594862212746,0.005001006178120271,7,8,17,-0.03745247096726967,-0.032024244922915224,4,32,0,0,0,0.0038158124577425956,0.0,0.07285960765556077
1,legacy_dev,Drishti_GS,C_PCA_GLOBAL,C,macro,32,0.0007296086290773524,0.0,-0.00802058284536944,0.009097297899689495,15,6,11,-0.0151315298884791,-0.011264707624214498,4,,,,,,,
1,legacy_dev,Drishti_GS,C_PCA_REGION,C,OD,32,-0.0025941601132617453,0.0,-0.01593157520158317,0.004555835139681278,7,10,15,-0.024304421909582263,-0.01878667297504355,4,32,0,0,0,-0.0014750998917441027,0.0,0.02703882561912785
1,legacy_dev,Drishti_GS,C_PCA_REGION,C,OC,32,0.0129448199516052,0.0076223945223330425,-0.011285219217100906,0.04692060688640699,18,7,7,-0.0289379874674367,-0.019913176597530224,4,32,0,0,0,-0.009185484469931893,-0.000539573760414136,0.04994108951358189
1,legacy_dev,Drishti_GS,C_PCA_REGION,C,macro,32,0.005175329919171814,0.002377736206765624,-0.009058563423808286,0.02027285851124329,17,6,9,-0.018639765213257498,-0.012131762092912335,4,,,,,,,
1,legacy_dev,Drishti_GS,C_PCA_REGION,C_PCA_GLOBAL,OD,32,-0.010418826921222007,-0.006746854658495893,-0.02407499422813375,0.0,1,6,25,-0.03761637780422822,-0.029589823578110575,4,32,0,0,0,0.007465729473446092,0.0010808100104942042,0.041034391280112104
1,legacy_dev,Drishti_GS,C_PCA_REGION,C_PCA_GLOBAL,OC,32,0.019310269501412493,0.009031576844664713,-0.0041466756912389435,0.06148460338609496,22,6,4,-0.03360048252321057,-0.01993787800807223,4,32,0,0,0,-0.013001296927674488,-0.0008735264771386753,0.04231999279887377
1,legacy_dev,Drishti_GS,C_PCA_REGION,C_PCA_GLOBAL,macro,32,0.004445721290094462,0.00025953363390063267,-0.007928089687579964,0.021399965624553385,16,5,11,-0.021975947160735032,-0.014203119761163618,4,,,,,,,
1,legacy_dev,Drishti_GS,C_PCA_REGION,C_PCA_SHUFFLED,OD,32,-0.009833061251712447,-0.005772830281020047,-0.02407499422813375,0.0,1,6,25,-0.03761637780422822,-0.02813948062411198,4,32,0,0,0,0.007563938334926218,0.0,0.041239774594764356
1,legacy_dev,Drishti_GS,C_PCA_REGION,C_PCA_SHUFFLED,OC,32,0.021154068590503033,0.01094304069770291,-0.003953974203361188,0.060406938065626914,21,6,5,-0.026878190088008846,-0.016904635660233702,4,32,0,0,0,-0.013539032760159692,-0.000928895503832905,0.04324310244579399
1,legacy_dev,Drishti_GS,C_PCA_REGION,C_PCA_SHUFFLED,macro,32,0.005660503669394079,0.0015527044714913618,-0.0073570816323687005,0.02031995298043432,17,5,10,-0.019520360967129058,-0.012780525884872884,4,,,,,,,
1,legacy_dev,Drishti_GS,C_PCA_SHUFFLED,C,OD,32,0.007238901138450701,0.005755124926626332,0.0,0.013525247718152444,24,8,0,0.0,0.0,4,32,0,0,0,-0.00903903822667032,-0.0061285423491934665,0.004015078944196171
1,legacy_dev,Drishti_GS,C_PCA_SHUFFLED,C,OC,32,-0.008209248638897833,-0.0012556786974815548,-0.026345220476363673,0.005001006178120271,6,10,16,-0.057561056985122594,-0.03937295652729489,4,32,0,0,0,0.004353548290227799,0.0,0.08145220856257485
1,legacy_dev,Drishti_GS,C_PCA_SHUFFLED,C,macro,32,-0.0004851737502222647,0.0,-0.010475373245829589,0.007512892368919388,15,7,10,-0.02734259219403512,-0.015252220545566852,4,,,,,,,
1,p1_extension_dev,REFUGE,C_SENS,C,OD,32,0.0,0.0,0.0,0.0,0,32,0,0.0,0.0,4,32,0,0,0,0.0,0.0,0.0
1,p1_extension_dev,REFUGE,C_SENS,C,OC,32,0.0,0.0,0.0,0.0,0,32,0,0.0,0.0,4,32,0,0,0,0.0,0.0,0.0
1,p1_extension_dev,REFUGE,C_SENS,C,macro,32,0.0,0.0,0.0,0.0,0,32,0,0.0,0.0,4,,,,,,,
1,p1_extension_dev,REFUGE,C_PER256,C,OD,32,-3.0792324331022423,-4.542951232295539,-9.157862866900986,4.828180237181738,5,0,27,-10.806806558450067,-10.188392559769579,4,32,0,0,0,2.6123297003646693,4.18250267849081,9.621656581531854
1,p1_extension_dev,REFUGE,C_PER256,C,OC,32,1.2395191992675914,1.2375050233356832,-7.934934987359383,11.265040313648852,17,0,15,-10.836086279734136,-8.81339133116264,4,32,0,0,0,-0.7305207489129867,-0.6784326889538828,5.128304919981434
1,p1_extension_dev,REFUGE,C_PER256,C,macro,32,-0.919856616917326,-2.106719281771091,-7.319844787682908,5.816099740941661,13,0,19,-9.26372202441027,-8.228524380646215,4,,,,,,,
1,p1_extension_dev,REFUGE,C_SENS,C_PER256,OD,32,3.0792324331022423,4.542951232295539,-4.828180237181735,9.157862866900988,27,0,5,-12.737570388125263,-9.806753559030332,4,32,0,0,0,-2.6123297003646693,-4.18250267849081,10.04387608946736
1,p1_extension_dev,REFUGE,C_SENS,C_PER256,OC,32,-1.2395191992675914,-1.2375050233356832,-11.265040313648852,7.934934987359384,15,0,17,-13.232363037937656,-12.036463407365794,4,32,0,0,0,0.7305207489129867,0.6784326889538828,6.656284043585239
1,p1_extension_dev,REFUGE,C_SENS,C_PER256,macro,32,0.919856616917326,2.106719281771091,-5.81609974094166,7.319844787682909,19,0,13,-11.605853651969289,-9.038852247566174,4,,,,,,,
1,p1_extension_dev,REFUGE,C_PCA_GLOBAL,C,OD,32,-0.05900722163684029,-0.03241987165505389,-0.4811380959959899,0.2452427210271069,15,0,17,-0.6332480426172626,-0.5913479806538086,4,32,0,0,0,0.09809294798180375,0.11279919578633368,0.6377512589269179
1,p1_extension_dev,REFUGE,C_PCA_GLOBAL,C,OC,32,-0.1288096298119365,-0.12285769055855877,-0.24339991490088364,0.08472367639053016,7,0,25,-0.8570898219308676,-0.5429185042017809,4,32,0,0,0,0.04691605459997257,0.03122527722495505,0.29014080178570767
1,p1_extension_dev,REFUGE,C_PCA_GLOBAL,C,macro,32,-0.09390842572438926,-0.08412371178787015,-0.2976447588587894,0.07565741795611872,12,0,20,-0.38970323168365795,-0.3470585414299121,4,,,,,,,
1,p1_extension_dev,REFUGE,C_PCA_REGION,C,OD,32,-0.03985393309862348,-0.025025026385722127,-0.2887119931934701,0.17321083791382202,14,0,18,-0.47298967374302947,-0.37471801491654466,4,32,0,0,0,0.05765342662172544,0.04873520897629713,0.33658754684147585
1,p1_extension_dev,REFUGE,C_PCA_REGION,C,OC,32,-0.5434170888080521,-0.7019254678796938,-3.0334326134503407,2.1049719273411607,13,0,19,-3.4036312433971205,-3.1721874128625482,4,32,0,0,0,0.16790196138568902,0.2782699086344058,1.5775019385805042
1,p1_extension_dev,REFUGE,C_PCA_REGION,C,macro,32,-0.2916355109533395,-0.30856571338977457,-1.6428924764915287,1.141412957632807,12,0,20,-1.8298438510936155,-1.7396769486737906,4,,,,,,,
1,p1_extension_dev,REFUGE,C_PCA_REGION,C_PCA_GLOBAL,OD,32,0.01915328853821681,-0.0057171194004890236,-0.12498887458474717,0.19516170226023155,15,0,17,-0.17543019874965982,-0.14855389407129604,4,32,0,0,0,-0.04043952136007831,-0.013043089768593141,0.18784706660860173
1,p1_extension_dev,REFUGE,C_PCA_REGION,C_PCA_GLOBAL,OC,32,-0.4146074589961156,-0.655471292727694,-2.9540975657286017,2.286661089713792,13,0,19,-3.1597936326039022,-3.0297924269547725,4,32,0,0,0,0.12098590678571645,0.3242210634126912,1.5572375821436335
1,p1_extension_dev,REFUGE,C_PCA_REGION,C_PCA_GLOBAL,macro,32,-0.19772708522895027,-0.3368879641953648,-1.4272587447053653,1.178378651778568,13,0,19,-1.5414135437057164,-1.468990704848669,4,,,,,,,
1,p1_extension_dev,REFUGE,C_PCA_REGION,C_PCA_SHUFFLED,OD,32,0.018674395522957216,-0.013662606493869411,-0.12451063410310104,0.20821156988441122,15,0,17,-0.19277838621234444,-0.14837228356141263,4,32,0,0,0,-0.044668224452753674,-0.010630491804410003,0.18373369830234987
1,p1_extension_dev,REFUGE,C_PCA_REGION,C_PCA_SHUFFLED,OC,32,-0.421792392808815,-0.6500663426885545,-2.977149551371526,2.3113669845942653,13,0,19,-3.2016920014896977,-3.057759917114075,4,32,0,0,0,0.1234338944035371,0.3446149951334201,1.5607069834148577
1,p1_extension_dev,REFUGE,C_PCA_REGION,C_PCA_SHUFFLED,macro,32,-0.20155899864293048,-0.3495110296810877,-1.4385118891073434,1.1946890615633223,13,0,19,-1.5756086384738133,-1.4818325399608756,4,,,,,,,
1,p1_extension_dev,REFUGE,C_PCA_SHUFFLED,C,OD,32,-0.058528328621580694,-0.031749194393615454,-0.4922183913787037,0.24268618289606136,15,0,17,-0.6487077875643399,-0.5997552810911772,4,32,0,0,0,0.10232165107447912,0.1241938019320159,0.6957551296543731
1,p1_extension_dev,REFUGE,C_PCA_SHUFFLED,C,OC,32,-0.1216246959992371,-0.0921882343633551,-0.2371906524284051,0.09152410851486885,8,0,24,-0.8570898219308676,-0.5432911075689939,4,32,0,0,0,0.044468066982151944,0.016289487940175373,0.32223885008346054
1,p1_extension_dev,REFUGE,C_PCA_SHUFFLED,C,macro,32,-0.09007651231040907,-0.06945427786478331,-0.3018541611707659,0.08613688886790932,12,0,20,-0.3828387550173562,-0.3464365276889203,4,,,,,,,
1,p1_extension_dev,ORIGA,C_SENS,C,OD,32,0.0,0.0,0.0,0.0,0,32,0,0.0,0.0,4,32,0,0,0,0.0,0.0,0.0
1,p1_extension_dev,ORIGA,C_SENS,C,OC,32,0.0,0.0,0.0,0.0,0,32,0,0.0,0.0,4,32,0,0,0,0.0,0.0,0.0
1,p1_extension_dev,ORIGA,C_SENS,C,macro,32,0.0,0.0,0.0,0.0,0,32,0,0.0,0.0,4,,,,,,,
1,p1_extension_dev,ORIGA,C_PER256,C,OD,32,-8.023787378321483,-7.561619280937393,-15.219348598175984,-0.0011745836648106578,4,0,28,-29.543171293274874,-20.859958100012623,4,32,0,0,0,9.256621627982616,7.127530339676671,30.907144710024085
1,p1_extension_dev,ORIGA,C_PER256,C,OC,32,-7.295125620551185,-6.652816452280069,-20.201820064666773,6.916271240908881,8,0,24,-37.85465552794223,-29.001627228251795,4,32,0,0,0,2.2007435713033825,2.2333518126177703,11.948440342925087
1,p1_extension_dev,ORIGA,C_PER256,C,macro,32,-7.659456499436334,-7.040879433259557,-17.94493320973821,1.1950771908608957,6,0,26,-30.21881757269632,-24.930792664132213,4,,,,,,,
1,p1_extension_dev,ORIGA,C_SENS,C_PER256,OD,32,8.023787378321483,7.561619280937393,0.0011745836648114072,15.219348598175984,28,0,4,-3.0422913647753624,-1.5625915775805383,4,32,0,0,0,-9.256621627982616,-7.127530339676671,2.510686438280171
1,p1_extension_dev,ORIGA,C_SENS,C_PER256,OC,32,7.295125620551185,6.652816452280069,-6.9162712409088805,20.201820064666773,24,0,8,-8.338102721491214,-7.498540060968509,4,32,0,0,0,-2.2007435713033825,-2.2333518126177703,5.14411409122713
1,p1_extension_dev,ORIGA,C_SENS,C_PER256,macro,32,7.659456499436334,7.040879433259557,-1.1950771908608937,17.944933209738213,26,0,6,-4.994124802542766,-3.460730670632464,4,,,,,,,
1,p1_extension_dev,ORIGA,C_PCA_GLOBAL,C,OD,32,-0.03471861317408467,-0.006006237110289803,-0.28354534695398836,0.18212173346182417,15,0,17,-0.39364716827927637,-0.3348634538895223,4,32,0,0,0,0.04734929434623952,0.016433358864309966,0.42964906121133106
1,p1_extension_dev,ORIGA,C_PCA_GLOBAL,C,OC,32,-0.3266253966992344,-0.2538118895179242,-0.5897082983865964,0.004105627845982833,4,0,28,-1.2911657175705193,-0.8973893925877829,4,32,0,0,0,0.1727405126715857,0.16102769672484563,0.7734562002987673
1,p1_extension_dev,ORIGA,C_PCA_GLOBAL,C,macro,32,-0.18067200493666058,-0.18255740221468364,-0.38848267594068786,0.008984337756833289,5,0,27,-0.5537280735096295,-0.45373162928898925,4,,,,,,,
1,p1_extension_dev,ORIGA,C_PCA_REGION,C,OD,32,-0.09774678417115643,-0.08850494437037115,-0.2696057276949615,0.06722056598696409,7,0,25,-0.44434342441156405,-0.34959849248999975,4,32,0,0,0,0.11699219299600264,0.12414152778334397,0.5197461990310037
1,p1_extension_dev,ORIGA,C_PCA_REGION,C,OC,32,0.8102497540870408,0.6965564144246816,-0.00931717546995947,2.067071521998343,28,0,4,-1.2563608839824214,-0.5588389237119934,4,32,0,0,0,-0.3879144775537055,-0.21832237961998935,0.7864529958270059
1,p1_extension_dev,ORIGA,C_PCA_REGION,C,macro,32,0.3562514849579409,0.2550216337538602,-0.07511285533262413,0.9909193116986184,23,0,9,-0.6227589642143427,-0.3561561284383813,4,,,,,,,
1,p1_extension_dev,ORIGA,C_PCA_REGION,C_PCA_GLOBAL,OD,32,-0.06302817099707175,-0.05651271548307024,-0.20958726660854188,0.07279819707385893,10,0,22,-0.367680882899879,-0.280390615316764,4,32,0,0,0,0.06964289864976311,0.09947959917873961,0.40437621524179246
1,p1_extension_dev,ORIGA,C_PCA_REGION,C_PCA_GLOBAL,OC,32,1.136875150786275,0.998262155096008,0.023370705861078814,2.72890582225314,29,0,3,-1.2025662377820878,-0.5275118554357555,4,32,0,0,0,-0.5606549902252912,-0.3837779034103459,0.7707302898378647
1,p1_extension_dev,ORIGA,C_PCA_REGION,C_PCA_GLOBAL,macro,32,0.5369234898946016,0.4777998287917862,0.006190535883081611,1.3650347216002852,28,0,4,-0.600593877892841,-0.26309502520945605,4,,,,,,,
1,p1_extension_dev,ORIGA,C_PCA_REGION,C_PCA_SHUFFLED,OD,32,-0.05294051335737841,-0.05394856450578467,-0.20398303947567475,0.09650511592529613,11,0,21,-0.36660367527895366,-0.26047401940700043,4,32,0,0,0,0.05134449536262997,0.08173619102670093,0.3659534710300556
1,p1_extension_dev,ORIGA,C_PCA_REGION,C_PCA_SHUFFLED,OC,32,1.153175251781962,1.00480380774563,0.0711445265704147,2.770077122205628,29,0,3,-1.2258096144615371,-0.5200837490250965,4,32,0,0,0,-0.559492990116095,-0.3713560185954652,0.753702752351789
1,p1_extension_dev,ORIGA,C_PCA_REGION,C_PCA_SHUFFLED,macro,32,0.550117369212292,0.4902958921310596,0.05580763625612217,1.3886029477479696,29,0,3,-0.6142012271552311,-0.24714530368159238,4,,,,,,,
1,p1_extension_dev,ORIGA,C_PCA_SHUFFLED,C,OD,32,-0.04480627081377801,-0.018639766102784838,-0.2897521795827307,0.19552518650939657,14,0,18,-0.44438723819734127,-0.34754063984420713,4,32,0,0,0,0.06564769763337266,0.025946585096948915,0.46858530152780054
1,p1_extension_dev,ORIGA,C_PCA_SHUFFLED,C,OC,32,-0.3429254976949212,-0.25104994313041584,-0.6311937627101993,-0.011418331498069766,3,0,29,-1.3523015505844116,-0.9304273374815819,4,32,0,0,0,0.17157851256238948,0.18573915694685716,0.7622904449406827
1,p1_extension_dev,ORIGA,C_PCA_SHUFFLED,C,macro,32,-0.193865884254351,-0.19116739893283996,-0.4043525881991783,0.01487328956888412,5,0,27,-0.5775571216650066,-0.46729764911609684,4,,,,,,,
1,p1_extension_dev,REFUGE_Valid,C_SENS,C,OD,32,0.0,0.0,0.0,0.0,0,32,0,0.0,0.0,4,32,0,0,0,0.0,0.0,0.0
1,p1_extension_dev,REFUGE_Valid,C_SENS,C,OC,32,0.0,0.0,0.0,0.0,0,32,0,0.0,0.0,4,32,0,0,0,0.0,0.0,0.0
1,p1_extension_dev,REFUGE_Valid,C_SENS,C,macro,32,0.0,0.0,0.0,0.0,0,32,0,0.0,0.0,4,,,,,,,
1,p1_extension_dev,REFUGE_Valid,C_PER256,C,OD,32,3.331868545373575,3.3254286853502233,0.0,6.238950007695698,24,5,3,-4.656181415343886,-1.9869373878368126,4,32,0,0,0,2.9985226561364806,-0.8434272657026813,33.59613038620851
1,p1_extension_dev,REFUGE_Valid,C_PER256,C,OC,32,2.0082188623771584,1.99891699648648,0.0,4.864409230955308,24,5,3,-1.7097926235977723,-1.0875815619138889,4,32,0,0,0,-1.4359511470033577,-1.1919888703418113,0.4464481156402398
1,p1_extension_dev,REFUGE_Valid,C_PER256,C,macro,32,2.670043703875366,2.690584632430104,0.0,5.115838058908457,26,5,1,-0.9298411483938729,-0.23246028709846822,4,,,,,,,
1,p1_extension_dev,REFUGE_Valid,C_SENS,C_PER256,OD,32,-3.331868545373575,-3.3254286853502233,-6.238950007695696,0.0,3,5,24,-14.143824900524072,-10.503053330373172,4,32,0,0,0,-2.9985226561364806,0.8434272657026813,9.300621406207878
1,p1_extension_dev,REFUGE_Valid,C_SENS,C_PER256,OC,32,-2.0082188623771584,-1.99891699648648,-4.864409230955308,0.0,3,5,24,-6.469000690587123,-5.322360645320852,4,32,0,0,0,1.4359511470033577,1.1919888703418113,4.332726784875147
1,p1_extension_dev,REFUGE_Valid,C_SENS,C_PER256,macro,32,-2.670043703875366,-2.690584632430104,-5.115838058908455,0.0,1,5,26,-8.686949163098568,-7.466504649216271,4,,,,,,,
1,p1_extension_dev,REFUGE_Valid,C_PCA_GLOBAL,C,OD,32,-0.2180327772667131,-0.22351469067311003,-0.5124259071309412,-0.002843959370064628,3,0,29,-0.5863664195114193,-0.556316740815016,4,32,0,0,0,0.21311413528121698,0.14356646792140637,0.9779079997264288
1,p1_extension_dev,REFUGE_Valid,C_PCA_GLOBAL,C,OC,32,-0.048410012522847115,-0.037086472118655345,-0.12461858865228215,0.015404490438207801,6,0,26,-0.16274431213585405,-0.13760172027715567,4,32,0,0,0,0.02902716783634393,0.019858040786807862,0.16942058813005523
1,p1_extension_dev,REFUGE_Valid,C_PCA_GLOBAL,C,macro,32,-0.13322139489477974,-0.1399075173945552,-0.29037240855102064,0.0018738196669021833,4,0,28,-0.34722256445463007,-0.3153785001188819,4,,,,,,,
1,p1_extension_dev,REFUGE_Valid,C_PCA_REGION,C,OD,32,-0.23312566890208652,-0.2566234679974855,-0.4403874418797449,-0.004318602632534766,3,0,29,-0.5705076892415284,-0.5050526885998469,4,32,0,0,0,0.1833338020773378,0.17408792878969237,0.6777835733322659
1,p1_extension_dev,REFUGE_Valid,C_PCA_REGION,C,OC,32,-0.3818243443093209,-0.39126365540730346,-0.8018219611132238,0.012407763059891816,4,0,28,-0.961957889154319,-0.8850566225520856,4,32,0,0,0,0.21470381763066543,0.1493571650530292,0.6913112175801426
1,p1_extension_dev,REFUGE_Valid,C_PCA_REGION,C,macro,32,-0.30747500660570326,-0.36111091088838476,-0.5664678412314483,-0.04401105799771487,2,0,30,-0.7212596275744554,-0.6280854203056546,4,,,,,,,
1,p1_extension_dev,REFUGE_Valid,C_PCA_REGION,C_PCA_GLOBAL,OD,32,-0.015092891635373404,-0.04300326556416767,-0.07253392786220503,0.08242790108625277,8,0,24,-0.09502667967328238,-0.08365719487307133,4,32,0,0,0,-0.029780333203879183,-0.01574510832367393,0.34516034587276767
1,p1_extension_dev,REFUGE_Valid,C_PCA_REGION,C_PCA_GLOBAL,OC,32,-0.3334143317864737,-0.32860091299840577,-0.7360550975945923,0.005262410871400568,5,0,27,-0.8309134410721009,-0.7729960529983482,4,32,0,0,0,0.1856766497943215,0.1283594785018316,0.6972499202377485
1,p1_extension_dev,REFUGE_Valid,C_PCA_REGION,C_PCA_GLOBAL,macro,32,-0.1742536117109235,-0.18195703590497825,-0.37195696669081624,0.005576847302836169,4,0,28,-0.39651130012766655,-0.3820441113505185,4,,,,,,,
1,p1_extension_dev,REFUGE_Valid,C_PCA_REGION,C_PCA_SHUFFLED,OD,32,-0.0008791083327134436,-0.03082973527570032,-0.07101426810090405,0.14580471966916927,10,0,22,-0.08895492137029892,-0.07596222166492694,4,32,0,0,0,-0.02763422712403603,-0.0160828063717815,0.4279174454321546
1,p1_extension_dev,REFUGE_Valid,C_PCA_REGION,C_PCA_SHUFFLED,OC,32,-0.3308436662688369,-0.3185574778849981,-0.7326964271959074,0.006336730359511887,5,0,27,-0.8360097716620496,-0.7706877642646783,4,32,0,0,0,0.1826358021060641,0.11224891433122597,0.6912931517743512
1,p1_extension_dev,REFUGE_Valid,C_PCA_REGION,C_PCA_SHUFFLED,macro,32,-0.16586138730077632,-0.1560312125306107,-0.34263617062553875,0.003535971734556233,4,0,28,-0.3932438809518768,-0.3686193741090221,4,,,,,,,
1,p1_extension_dev,REFUGE_Valid,C_PCA_SHUFFLED,C,OD,32,-0.23224656056937304,-0.22728153796208184,-0.5308762843785597,-0.004363835575249537,3,0,29,-0.6346776124727227,-0.6001920274096295,4,32,0,0,0,0.2109680292013738,0.15418049208949647,1.0299970784105046
1,p1_extension_dev,REFUGE_Valid,C_PCA_SHUFFLED,C,OC,32,-0.05098067804048395,-0.03762439672396478,-0.12574735476259646,0.008999882070965812,5,0,27,-0.17591016909611623,-0.1414555808440257,4,32,0,0,0,0.03206801552460134,0.013359064691804257,0.21045290829384955
1,p1_extension_dev,REFUGE_Valid,C_PCA_SHUFFLED,C,macro,32,-0.14161361930492694,-0.1467438398851384,-0.3191861697549647,-0.00041847543448156506,4,0,28,-0.378143980614809,-0.3413663614564244,4,,,,,,,
1,p1_extension_dev,Drishti_GS,C_SENS,C,OD,32,0.0,0.0,0.0,0.0,0,32,0,0.0,0.0,4,32,0,0,0,0.0,0.0,0.0
1,p1_extension_dev,Drishti_GS,C_SENS,C,OC,32,0.0,0.0,0.0,0.0,0,32,0,0.0,0.0,4,32,0,0,0,0.0,0.0,0.0
1,p1_extension_dev,Drishti_GS,C_SENS,C,macro,32,0.0,0.0,0.0,0.0,0,32,0,0.0,0.0,4,,,,,,,
1,p1_extension_dev,Drishti_GS,C_PER256,C,OD,32,0.0,0.0,0.0,0.0,0,32,0,0.0,0.0,4,32,0,0,0,0.0,0.0,0.0
1,p1_extension_dev,Drishti_GS,C_PER256,C,OC,32,0.0,0.0,0.0,0.0,0,32,0,0.0,0.0,4,32,0,0,0,0.0,0.0,0.0
1,p1_extension_dev,Drishti_GS,C_PER256,C,macro,32,0.0,0.0,0.0,0.0,0,32,0,0.0,0.0,4,,,,,,,
1,p1_extension_dev,Drishti_GS,C_SENS,C_PER256,OD,32,0.0,0.0,0.0,0.0,0,32,0,0.0,0.0,4,32,0,0,0,0.0,0.0,0.0
1,p1_extension_dev,Drishti_GS,C_SENS,C_PER256,OC,32,0.0,0.0,0.0,0.0,0,32,0,0.0,0.0,4,32,0,0,0,0.0,0.0,0.0
1,p1_extension_dev,Drishti_GS,C_SENS,C_PER256,macro,32,0.0,0.0,0.0,0.0,0,32,0,0.0,0.0,4,,,,,,,
1,p1_extension_dev,Drishti_GS,C_PCA_GLOBAL,C,OD,32,0.00874718950790547,0.004969709662383526,0.0,0.021138282307547884,22,9,1,-0.0013772387462362978,-0.00034430968655907446,4,32,0,0,0,-0.017177715170960006,-0.004975661109756224,0.011324632554537306
1,p1_extension_dev,Drishti_GS,C_PCA_GLOBAL,C,OC,32,-0.004214106347227766,0.0,-0.02477740909231696,0.009906215394143996,7,15,10,-0.04266343697191255,-0.03251022971111073,4,32,0,0,0,-0.0013630057134969148,0.0,0.021190729976844125
1,p1_extension_dev,Drishti_GS,C_PCA_GLOBAL,C,macro,32,0.002266541580338982,0.00018012075345130718,-0.006389501203548642,0.014246414505146866,16,9,7,-0.012959282323865562,-0.009379556506960984,4,,,,,,,
1,p1_extension_dev,Drishti_GS,C_PCA_REGION,C,OD,32,-0.0016650604199058838,0.0,-0.009556417483691515,0.00258340000200197,6,13,13,-0.02243579456260303,-0.017374069931674896,4,32,0,0,0,-0.011608109647530562,0.0,0.012403779808951132
1,p1_extension_dev,Drishti_GS,C_PCA_REGION,C,OC,32,0.011636570336104497,0.0,-0.005973477478462552,0.03021715969856343,14,11,7,-0.012505038206822583,-0.009762450544850698,4,32,0,0,0,0.001514027525290118,0.0,0.046238130778433195
1,p1_extension_dev,Drishti_GS,C_PCA_REGION,C,macro,32,0.004985754958100608,0.0,-0.00429155717304508,0.013155233716046776,14,11,7,-0.008174411946360038,-0.00649925304082033,4,,,,,,,
1,p1_extension_dev,Drishti_GS,C_PCA_REGION,C_PCA_GLOBAL,OD,32,-0.010412249927811354,-0.007925262668534439,-0.023273513776816968,0.0,0,9,23,-0.033821491982022334,-0.027683902025324447,4,32,0,0,0,0.005569605523429444,0.0,0.04406488116188889
1,p1_extension_dev,Drishti_GS,C_PCA_REGION,C_PCA_GLOBAL,OC,32,0.015850676683332263,0.002206860589384907,-0.015945133610171247,0.037453087181027474,17,10,5,-0.030747796131946892,-0.022399512138426142,4,32,0,0,0,0.002877033238787033,0.0,0.04800706163313517
1,p1_extension_dev,Drishti_GS,C_PCA_REGION,C_PCA_GLOBAL,macro,32,0.0027192133777616256,0.0,-0.014215060140865265,0.01263127931176778,13,9,10,-0.026961635572253506,-0.021870098968124196,4,,,,,,,
1,p1_extension_dev,Drishti_GS,C_PCA_REGION,C_PCA_SHUFFLED,OD,32,-0.009822225275856952,-0.0074048892025557755,-0.02317894741802773,0.0,0,10,22,-0.031116490892468818,-0.02832633043954591,4,32,0,0,0,0.0024978273822268415,0.0,0.032270546150508395
1,p1_extension_dev,Drishti_GS,C_PCA_REGION,C_PCA_SHUFFLED,OC,32,0.016207364827859443,0.002206860589384907,-0.016357588178950166,0.04069302851439361,17,10,5,-0.03411600307043905,-0.027401284341080356,4,32,0,0,0,-0.0003002972588051628,0.0,0.03508919946864175
1,p1_extension_dev,Drishti_GS,C_PCA_REGION,C_PCA_SHUFFLED,macro,32,0.0031925697760018523,0.0,-0.01587640632595866,0.014783646228888617,14,10,8,-0.03113174435387389,-0.024619540616799274,4,,,,,,,
1,p1_extension_dev,Drishti_GS,C_PCA_SHUFFLED,C,OD,32,0.008157164855951068,0.004220075474736795,0.0,0.018644389931836702,20,11,1,-0.0009856403747954268,-0.0002464100936988567,4,32,0,0,0,-0.014105937029757404,-0.00024661829567751425,0.011833257925389251
1,p1_extension_dev,Drishti_GS,C_PCA_SHUFFLED,C,OC,32,-0.004570794491754945,0.0,-0.02625058148467585,0.007587505008560542,6,15,11,-0.04948130827983066,-0.035869708889735286,4,32,0,0,0,0.0018143247840952809,0.0,0.028859600718130096
1,p1_extension_dev,Drishti_GS,C_PCA_SHUFFLED,C,macro,32,0.0017931851820987554,0.0,-0.006548042282273903,0.01599554966226104,14,10,8,-0.015769370083207335,-0.011213732794498887,4,,,,,,,
1,all_dev,REFUGE,C_SENS,C,OD,400,0.0,0.0,0.0,0.0,0,400,0,0.0,0.0,40,400,0,0,0,0.0,0.0,0.0
1,all_dev,REFUGE,C_SENS,C,OC,400,0.0,0.0,0.0,0.0,0,400,0,0.0,0.0,40,400,0,0,0,0.0,0.0,0.0
1,all_dev,REFUGE,C_SENS,C,macro,400,0.0,0.0,0.0,0.0,0,400,0,0.0,0.0,40,,,,,,,
1,all_dev,REFUGE,C_PER256,C,OD,400,-3.4611836426845413,-4.262041860952081,-9.534433263656213,4.013079784801703,93,0,307,-15.997439767744625,-10.853168711712076,40,400,0,0,0,3.2987497554453125,3.7481932058308636,13.343268646533028
1,all_dev,REFUGE,C_PER256,C,OC,400,2.0611823463497148,3.3751291620085224,-7.831512245123801,9.795063268361773,256,0,144,-12.30653359414855,-9.512916070352697,40,400,0,0,0,-1.1592491412049515,-1.7513897883661975,4.970900447749174
1,all_dev,REFUGE,C_PER256,C,macro,400,-0.7000006481674133,-0.7208459222512342,-7.773251712773919,5.589847923056744,181,0,219,-12.568469957202222,-9.07060380507761,40,,,,,,,
1,all_dev,REFUGE,C_SENS,C_PER256,OD,400,3.4611836426845413,4.262041860952081,-4.0130797848016915,9.534433263656213,307,0,93,-18.525090871796223,-8.031719140515383,40,400,0,0,0,-3.2987497554453125,-3.7481932058308636,8.456779427769078
1,all_dev,REFUGE,C_SENS,C_PER256,OC,400,-2.0611823463497148,-3.3751291620085224,-9.795063268361769,7.831512245123806,144,0,256,-17.749060598290477,-11.448125673983792,40,400,0,0,0,1.1592491412049515,1.7513897883661975,6.2560050686842885
1,all_dev,REFUGE,C_SENS,C_PER256,macro,400,0.7000006481674133,0.7208459222512342,-5.589847923056741,7.77325171277392,219,0,181,-14.454909206652989,-8.367273092395738,40,,,,,,,
1,all_dev,REFUGE,C_PCA_GLOBAL,C,OD,400,-0.07258470354396974,-0.04790042840960296,-0.48592002293265435,0.33129766489661155,173,0,227,-0.8385641504077834,-0.6262288036551672,40,400,0,0,0,0.12451789398685528,0.11433089718262357,0.7428342178185406
1,all_dev,REFUGE,C_PCA_GLOBAL,C,OC,400,-0.0690136523104176,-0.06279075984044757,-0.24213399132993918,0.11499464900827207,127,1,272,-0.9088334492083905,-0.38252084631055977,40,400,0,0,0,0.030606756666213174,0.02660471476664661,0.3291641415104826
1,all_dev,REFUGE,C_PCA_GLOBAL,C,macro,400,-0.07079917792719323,-0.0653282325352944,-0.2920753856662261,0.14033485820702524,145,0,255,-0.6178743095270112,-0.38125582805651287,40,,,,,,,
1,all_dev,REFUGE,C_PCA_REGION,C,OD,400,-0.0440034230313964,-0.030728412705260943,-0.3503028314514889,0.24867272827537878,181,0,219,-0.7674270141007522,-0.4767020071733425,40,400,0,0,0,0.08165575679074387,0.07539912087179923,0.5501704823867383
1,all_dev,REFUGE,C_PCA_REGION,C,OC,400,-1.0089936479624668,-1.4071128436535352,-2.8813237511969625,1.5717225447553436,103,0,297,-3.7895505724076073,-3.1532840012808045,40,400,0,0,0,0.5652686894313057,0.6891107604078832,1.868345040932541
1,all_dev,REFUGE,C_PCA_REGION,C,macro,400,-0.5264985354969318,-0.7330206207963208,-1.5097252324752664,0.8137411817566033,106,0,294,-1.99349344459816,-1.693528770923992,40,,,,,,,
1,all_dev,REFUGE,C_PCA_REGION,C_PCA_GLOBAL,OD,400,0.02858128051257333,0.016590665824184336,-0.09476936776874667,0.16491288166205048,230,0,170,-0.2235286095015332,-0.13345578159882687,40,400,0,0,0,-0.04286213719611142,-0.023039082436522307,0.18902967412984767
1,all_dev,REFUGE,C_PCA_REGION,C_PCA_GLOBAL,OC,400,-0.9399799956520494,-1.3502669733503003,-2.850437390111734,1.7567464642309785,110,0,290,-3.64766657816169,-3.137592719237231,40,400,0,0,0,0.5346619327650926,0.6485295535734741,1.8640723858096506
1,all_dev,REFUGE,C_PCA_REGION,C_PCA_GLOBAL,macro,400,-0.45569935756973856,-0.640138791936451,-1.3866283498277499,0.87100293485746,113,0,287,-1.7651324422680803,-1.5401208740888823,40,,,,,,,
1,all_dev,REFUGE,C_PCA_REGION,C_PCA_SHUFFLED,OD,400,0.02863342804166147,0.017667630825357605,-0.10115142103977903,0.1726834384744269,227,0,173,-0.23559205247140058,-0.13906972621610253,40,400,0,0,0,-0.04230709215313467,-0.022546539878639305,0.19397212016950363
1,all_dev,REFUGE,C_PCA_REGION,C_PCA_SHUFFLED,OC,400,-0.9496719482235967,-1.362674189119667,-2.8695457182330406,1.775976482782189,112,0,288,-3.6710968447754566,-3.165677888146012,40,400,0,0,0,0.5397921220521256,0.650283927959062,1.8757109978125819
1,all_dev,REFUGE,C_PCA_REGION,C_PCA_SHUFFLED,macro,400,-0.46051926009096805,-0.6484029887547149,-1.396566308537196,0.8903638228993884,113,0,287,-1.7780669974909125,-1.5548941590486964,40,,,,,,,
1,all_dev,REFUGE,C_PCA_SHUFFLED,C,OD,400,-0.07263685107305788,-0.05348813071211489,-0.496022296450902,0.34048807610876364,176,0,224,-0.8744600314539941,-0.6360136728904306,40,400,0,0,0,0.12396284894387855,0.11075365465100573,0.7582902572132696
1,all_dev,REFUGE,C_PCA_SHUFFLED,C,OC,400,-0.05932169973887007,-0.051921806958371564,-0.24146502868643943,0.12878399496517368,153,2,245,-0.8852720084035481,-0.3902967392798187,40,400,0,0,0,0.025476567379179978,0.017105610673641802,0.33265086795636656
1,all_dev,REFUGE,C_PCA_SHUFFLED,C,macro,400,-0.06597927540596377,-0.0552510064265932,-0.300098685444855,0.13273288112060969,154,0,246,-0.648560255361208,-0.3810565515476044,40,,,,,,,
1,all_dev,ORIGA,C_SENS,C,OD,650,0.0,0.0,0.0,0.0,0,650,0,0.0,0.0,65,650,0,0,0,0.0,0.0,0.0
1,all_dev,ORIGA,C_SENS,C,OC,650,0.0,0.0,0.0,0.0,0,650,0,0.0,0.0,65,650,0,0,0,0.0,0.0,0.0
1,all_dev,ORIGA,C_SENS,C,macro,650,0.0,0.0,0.0,0.0,0,650,0,0.0,0.0,65,,,,,,,
1,all_dev,ORIGA,C_PER256,C,OD,650,-6.848522431610062,-5.8168808722878556,-15.502046640344714,0.6217173298008086,90,0,560,-50.65169742881752,-24.220158982159823,65,650,0,0,0,7.314617869095862,6.162327470556427,28.796742681582035
1,all_dev,ORIGA,C_PER256,C,OC,650,-6.329690562257405,-4.469763181982806,-18.64294202362858,4.455004373517319,167,0,483,-73.36903727182128,-34.54040183713866,65,650,0,0,0,2.599758469401293,1.6348636887830756,17.421528741256594
1,all_dev,ORIGA,C_PER256,C,macro,650,-6.589106496933734,-4.823268821436572,-16.35384800689447,1.529793126407095,117,0,533,-62.0103673503194,-28.95314447398408,65,,,,,,,
1,all_dev,ORIGA,C_SENS,C_PER256,OD,650,6.848522431610062,5.8168808722878556,-0.6217173298008069,15.502046640344714,560,0,90,-9.562923399195267,-2.918804905871737,65,650,0,0,0,-7.314617869095862,-6.162327470556427,3.758117779415402
1,all_dev,ORIGA,C_SENS,C_PER256,OC,650,6.329690562257405,4.469763181982806,-4.455004373517318,18.642942023628596,483,0,167,-16.76821501901743,-7.663789876205371,65,650,0,0,0,-2.599758469401293,-1.6348636887830756,5.206843818468138
1,all_dev,ORIGA,C_SENS,C_PER256,macro,650,6.589106496933734,4.823268821436572,-1.5297931264070939,16.35384800689447,533,0,117,-8.469786272862612,-3.957014443087637,65,,,,,,,
1,all_dev,ORIGA,C_PCA_GLOBAL,C,OD,650,-0.03682062554239523,-0.02775870232067379,-0.2414665798679505,0.15421392583374385,276,0,374,-0.49587952945550073,-0.33257622194427033,65,650,0,0,0,0.05912127728726336,0.04405305342606258,0.5152988742674287
1,all_dev,ORIGA,C_PCA_GLOBAL,C,OC,650,-0.2896466885755166,-0.26391829278337164,-0.6409878612986786,0.052328718044678535,93,0,557,-2.428464969788319,-0.8912438889313216,65,650,0,0,0,0.1494492772189773,0.11167239070612123,0.7990475443107844
1,all_dev,ORIGA,C_PCA_GLOBAL,C,macro,650,-0.16323365705895587,-0.15610388633074956,-0.35242313426476657,0.027775270254299947,90,0,560,-1.093231160458008,-0.45515595614813387,65,,,,,,,
1,all_dev,ORIGA,C_PCA_REGION,C,OD,650,-0.06002405712988526,-0.05125815648964194,-0.2529781882679405,0.11880984478078063,218,1,431,-0.5522056399407616,-0.3268373599835799,65,650,0,0,0,0.07495399589874524,0.07058461722745246,0.5027275109284974
1,all_dev,ORIGA,C_PCA_REGION,C,OC,650,0.6926216468501445,0.6519938713917484,-0.5473327576890774,1.994865613589184,513,0,137,-2.320597758454357,-1.180495109277904,65,650,0,0,0,-0.3188276315229179,-0.2052532945336658,1.0223168262661857
1,all_dev,ORIGA,C_PCA_REGION,C,macro,650,0.3162987948601296,0.3004042826766862,-0.3361954194134176,1.0103460800985353,484,0,166,-1.2112653607536328,-0.6559604119434941,65,,,,,,,
1,all_dev,ORIGA,C_PCA_REGION,C_PCA_GLOBAL,OD,650,-0.023203431587490036,-0.022735267963119865,-0.14307008064298077,0.0853512671975032,251,1,398,-0.36985603954142743,-0.19608650278954995,65,650,0,0,0,0.015832718611481864,0.024399944830749476,0.30097323044124824
1,all_dev,ORIGA,C_PCA_REGION,C_PCA_GLOBAL,OC,650,0.982268335425661,0.9197970293065016,-0.49203514909895263,2.597486958642771,539,0,111,-2.8218817611782354,-1.2776683653303653,65,650,0,0,0,-0.4682769087418952,-0.31519943125476857,1.1249524294854012
1,all_dev,ORIGA,C_PCA_REGION,C_PCA_GLOBAL,macro,650,0.47953245191908556,0.4428259359471165,-0.2525950518476927,1.2826735903219957,536,0,114,-1.4017281217291733,-0.6229534306613688,65,,,,,,,
1,all_dev,ORIGA,C_PCA_REGION,C_PCA_SHUFFLED,OD,650,-0.017472172776552875,-0.01708914858802868,-0.13584540699271286,0.09885468836745571,268,0,382,-0.4412031562496921,-0.19007740772883355,65,650,0,0,0,0.008363204636808575,0.019474655319939416,0.2965458706932596
1,all_dev,ORIGA,C_PCA_REGION,C_PCA_SHUFFLED,OC,650,0.994539583874852,0.9281454073156503,-0.4858669319257636,2.6025170038263536,542,0,108,-2.8315683068871444,-1.2706313153066975,65,650,0,0,0,-0.47574933531220426,-0.31204603125055375,1.1199918609063204
1,all_dev,ORIGA,C_PCA_REGION,C_PCA_SHUFFLED,macro,650,0.4885337055491494,0.44273019413638703,-0.2199664910375797,1.2929231274292752,541,0,109,-1.4133297196417316,-0.6158454214177024,65,,,,,,,
1,all_dev,ORIGA,C_PCA_SHUFFLED,C,OD,650,-0.04255188435333238,-0.03884473469871752,-0.2516389866186652,0.16397366797167634,265,0,385,-0.5334130630507916,-0.3515082683726375,65,650,0,0,0,0.06659079126193665,0.050704648555414567,0.5440539623346299
1,all_dev,ORIGA,C_PCA_SHUFFLED,C,OC,650,-0.3019179370247075,-0.27473373262803524,-0.6656743060456172,0.04278931625241513,90,0,560,-2.4215520443919223,-0.9163981481310067,65,650,0,0,0,0.15692170378928635,0.11206608495661241,0.8161519613979314
1,all_dev,ORIGA,C_PCA_SHUFFLED,C,macro,650,-0.17223491068901978,-0.16120851949325,-0.3741718381413217,0.0305610494752684,89,0,561,-1.0907893929694157,-0.47598418612458154,65,,,,,,,
1,all_dev,REFUGE_Valid,C_SENS,C,OD,800,0.0,0.0,0.0,0.0,0,800,0,0.0,0.0,80,800,0,0,0,0.0,0.0,0.0
1,all_dev,REFUGE_Valid,C_SENS,C,OC,800,0.0,0.0,0.0,0.0,0,800,0,0.0,0.0,80,800,0,0,0,0.0,0.0,0.0
1,all_dev,REFUGE_Valid,C_SENS,C,macro,800,0.0,0.0,0.0,0.0,0,800,0,0.0,0.0,80,,,,,,,
1,all_dev,REFUGE_Valid,C_PER256,C,OD,800,3.5631961678233868,3.2413503881421004,0.0,8.523660936540706,580,155,65,-7.257036559602725,-1.7319554176097518,80,800,0,0,0,0.3690853369241711,-0.8427617949631903,23.11336598204465
1,all_dev,REFUGE_Valid,C_PER256,C,OC,800,1.8813572080430243,1.9165323029538301,0.0,4.478269882731823,581,155,64,-11.623786127471892,-1.770702101940472,80,800,0,0,0,-1.0744875068402642,-1.0270922745123485,1.8408761969559997
1,all_dev,REFUGE_Valid,C_PER256,C,macro,800,2.722276687933205,2.574461211312257,0.0,6.557503113863871,591,155,54,-9.136636654932461,-1.1112257909887697,80,,,,,,,
1,all_dev,REFUGE_Valid,C_SENS,C_PER256,OD,800,-3.5631961678233868,-3.2413503881421004,-8.523660936540704,0.0,65,155,580,-24.344944152216407,-11.59138529441266,80,800,0,0,0,-0.3690853369241711,0.8427617949631903,10.559115419418365
1,all_dev,REFUGE_Valid,C_SENS,C_PER256,OC,800,-1.8813572080430243,-1.9165323029538301,-4.478269882731823,0.0,64,155,581,-11.310504115946319,-5.650485595069075,80,800,0,0,0,1.0744875068402642,1.0270922745123485,4.196171069982112
1,all_dev,REFUGE_Valid,C_SENS,C_PER256,macro,800,-2.722276687933205,-2.574461211312257,-6.55750311386387,0.0,54,155,591,-13.622280625966088,-7.9279173546259845,80,,,,,,,
1,all_dev,REFUGE_Valid,C_PCA_GLOBAL,C,OD,800,-0.23641186854036292,-0.2158465141925192,-0.4863668742119842,-0.0151230434475813,60,1,739,-0.9030599533986661,-0.5793857694092688,80,800,0,0,0,0.1845557650437219,0.17404470926845583,1.096118570884212
1,all_dev,REFUGE_Valid,C_PCA_GLOBAL,C,OC,800,-0.04710799896580598,-0.03942112055355662,-0.12237930359114246,0.017484940729545245,152,23,625,-0.657986644288111,-0.1838987608198146,80,800,0,0,0,0.042473962836452245,0.02353019041132809,0.35795668826238797
1,all_dev,REFUGE_Valid,C_PCA_GLOBAL,C,macro,800,-0.1417599337530845,-0.13346793673821855,-0.2867270420472168,-0.010672742522775943,61,0,739,-0.5745868698293521,-0.3465456064601527,80,,,,,,,
1,all_dev,REFUGE_Valid,C_PCA_REGION,C,OD,800,-0.2409952858556563,-0.24713814999062222,-0.4624034670936161,-0.01818287193208644,57,0,743,-0.9088468055146182,-0.5277231387776925,80,800,0,0,0,0.15846256594450292,0.2032701874083096,0.7766544901555918
1,all_dev,REFUGE_Valid,C_PCA_REGION,C,OC,800,-0.38139218787383833,-0.3590311135978297,-0.806492421749404,-0.02267103832095494,56,0,744,-1.4363595279349717,-0.9574606476175734,80,800,0,0,0,0.2693018799979436,0.23392634810238988,0.8937764136609836
1,all_dev,REFUGE_Valid,C_PCA_REGION,C,macro,800,-0.3111937368647475,-0.30845644859773813,-0.6108979967453665,-0.025888438189767236,51,0,749,-0.8951308719805651,-0.6863541853977765,80,,,,,,,
1,all_dev,REFUGE_Valid,C_PCA_REGION,C_PCA_GLOBAL,OD,800,-0.004583417315293419,-0.02480024864772723,-0.07634833273899799,0.09509678554348477,264,1,535,-0.20995549333975294,-0.10011520199084271,80,800,0,0,0,-0.02609319909921898,0.025488540433326046,0.35685508868395244
1,all_dev,REFUGE_Valid,C_PCA_REGION,C_PCA_GLOBAL,OC,800,-0.33428418890803235,-0.2968358976704666,-0.7408402868792763,-0.011436389259343867,66,0,734,-1.4000898656634897,-0.8868979857461777,80,800,0,0,0,0.22682791716149128,0.19374811800509883,0.7432815914339729
1,all_dev,REFUGE_Valid,C_PCA_REGION,C_PCA_GLOBAL,macro,800,-0.16943380311166303,-0.16916878009295977,-0.3546093302044684,-0.009264030685507407,66,0,734,-0.7009458526157974,-0.4222987514062117,80,,,,,,,
1,all_dev,REFUGE_Valid,C_PCA_REGION,C_PCA_SHUFFLED,OD,800,0.014885444537837862,-0.01443168310655274,-0.06757884355968358,0.14275376388425134,321,7,472,-0.1699491289957833,-0.08692569768823072,80,800,0,0,0,-0.04649875478377008,0.016831867256815514,0.3626807918134534
1,all_dev,REFUGE_Valid,C_PCA_REGION,C_PCA_SHUFFLED,OC,800,-0.3295104554161178,-0.29214911632297613,-0.7398799789310356,-0.009826842461329022,70,0,730,-1.4182201265292904,-0.8817632997864464,80,800,0,0,0,0.22345894668578936,0.19689486938054745,0.7313078076923614
1,all_dev,REFUGE_Valid,C_PCA_REGION,C_PCA_SHUFFLED,macro,800,-0.1573125054391401,-0.1558748431686463,-0.33383350102598186,-0.00740518744631324,70,0,730,-0.6819919262989083,-0.40177660932406856,80,,,,,,,
1,all_dev,REFUGE_Valid,C_PCA_SHUFFLED,C,OD,800,-0.2558807303934941,-0.22894965847446436,-0.5305176544488754,-0.017631031681599726,58,0,742,-0.9932649007762473,-0.6362341326337229,80,800,0,0,0,0.204961320728273,0.18637961452237306,1.187712935852612
1,all_dev,REFUGE_Valid,C_PCA_SHUFFLED,C,OC,800,-0.05188173245772052,-0.0431816501009763,-0.12931058606006518,0.017653130365864484,142,22,636,-0.8003843830129309,-0.20203982688785532,80,800,0,0,0,0.04584293331215417,0.025828108044896325,0.3765684308908567
1,all_dev,REFUGE_Valid,C_PCA_SHUFFLED,C,macro,800,-0.15388123142560742,-0.139854237872028,-0.30782322945875795,-0.0094184794342389,56,0,744,-0.6919194209717594,-0.38080529497583687,80,,,,,,,
1,all_dev,Drishti_GS,C_SENS,C,OD,101,0.0,0.0,0.0,0.0,0,101,0,0.0,0.0,11,101,0,0,0,0.0,0.0,0.0
1,all_dev,Drishti_GS,C_SENS,C,OC,101,0.0,0.0,0.0,0.0,0,101,0,0.0,0.0,11,101,0,0,0,0.0,0.0,0.0
1,all_dev,Drishti_GS,C_SENS,C,macro,101,0.0,0.0,0.0,0.0,0,101,0,0.0,0.0,11,,,,,,,
1,all_dev,Drishti_GS,C_PER256,C,OD,101,0.0,0.0,0.0,0.0,0,101,0,0.0,0.0,11,101,0,0,0,0.0,0.0,0.0
1,all_dev,Drishti_GS,C_PER256,C,OC,101,0.0,0.0,0.0,0.0,0,101,0,0.0,0.0,11,101,0,0,0,0.0,0.0,0.0
1,all_dev,Drishti_GS,C_PER256,C,macro,101,0.0,0.0,0.0,0.0,0,101,0,0.0,0.0,11,,,,,,,
1,all_dev,Drishti_GS,C_SENS,C_PER256,OD,101,0.0,0.0,0.0,0.0,0,101,0,0.0,0.0,11,101,0,0,0,0.0,0.0,0.0
1,all_dev,Drishti_GS,C_SENS,C_PER256,OC,101,0.0,0.0,0.0,0.0,0,101,0,0.0,0.0,11,101,0,0,0,0.0,0.0,0.0
1,all_dev,Drishti_GS,C_SENS,C_PER256,macro,101,0.0,0.0,0.0,0.0,0,101,0,0.0,0.0,11,,,,,,,
1,all_dev,Drishti_GS,C_PCA_GLOBAL,C,OD,101,0.007642611371825556,0.0051171427863816454,0.0,0.017771006058853178,74,26,1,-0.0013772387462362978,-0.000125203522385118,11,101,0,0,0,-0.010739092088013238,-0.002353030565348746,0.011455292486811108
1,all_dev,Drishti_GS,C_PCA_GLOBAL,C,OC,101,-0.0065074369642867695,0.0,-0.025095278189335435,0.006435685852668183,18,35,48,-0.074800090450311,-0.03586865981924117,11,101,0,0,0,0.006873684075337583,0.0,0.08587572671748121
1,all_dev,Drishti_GS,C_PCA_GLOBAL,C,macro,101,0.0005675872037693796,0.0,-0.007418074621146076,0.009161470373875158,44,23,34,-0.02404834472742312,-0.011633465170047718,11,,,,,,,
1,all_dev,Drishti_GS,C_PCA_REGION,C,OD,101,-0.0029239660172955292,-0.001229871542773875,-0.013653463737905991,0.003783653829925182,18,31,52,-0.024304421909582263,-0.01844713187138676,11,101,0,0,0,-0.0015480351948450883,0.0,0.03316612280029856
1,all_dev,Drishti_GS,C_PCA_REGION,C,OC,101,0.013220229797706751,0.0060869706698718495,-0.005956364784820423,0.0411861853015838,59,26,16,-0.03351455022018168,-0.01617716137620033,11,101,0,0,0,0.0002719424263725893,0.0,0.05951892662842795
1,all_dev,Drishti_GS,C_PCA_REGION,C,macro,101,0.005148131890205831,0.00133748182747917,-0.005375030515664125,0.019409112474688683,54,23,24,-0.023675424713942572,-0.010780257500937878,11,,,,,,,
1,all_dev,Drishti_GS,C_PCA_REGION,C_PCA_GLOBAL,OD,101,-0.010566577389121085,-0.00724670002972827,-0.025261382010932643,0.0,1,22,78,-0.03761637780422822,-0.029692987133023152,11,101,0,0,0,0.00919105689316815,0.0028719953684657185,0.0493964095103425
1,all_dev,Drishti_GS,C_PCA_REGION,C_PCA_GLOBAL,OC,101,0.01972766676199352,0.011242456653859367,-0.004607417434709937,0.06045384448424285,66,22,13,-0.049338592288483696,-0.02152816113653109,11,101,0,0,0,-0.006601741648964994,0.0,0.04532389206528639
1,all_dev,Drishti_GS,C_PCA_REGION,C_PCA_GLOBAL,macro,101,0.004580544686436452,0.0009854318490210012,-0.0056579027718162145,0.021811977387564685,52,19,30,-0.03850382498546967,-0.017853769708990483,11,,,,,,,
1,all_dev,Drishti_GS,C_PCA_REGION,C_PCA_SHUFFLED,OD,101,-0.010107034600342187,-0.006430605636331688,-0.024304421909582263,0.0,2,22,77,-0.03761637780422822,-0.02913097964515332,11,101,0,0,0,0.008240710297927244,0.001734920191882594,0.046809528749136575
1,all_dev,Drishti_GS,C_PCA_REGION,C_PCA_SHUFFLED,OC,101,0.020729999220225014,0.011242456653859367,-0.0045162032068724045,0.06045384448424285,65,22,14,-0.04316802521845409,-0.021444581173947107,11,101,0,0,0,-0.008012289015123578,0.0,0.04057081885065921
1,all_dev,Drishti_GS,C_PCA_REGION,C_PCA_SHUFFLED,macro,101,0.005311482309941523,0.0019153746194988663,-0.006160967748247703,0.020337807986858802,54,20,27,-0.03541854145046042,-0.01803830577188359,11,,,,,,,
1,all_dev,Drishti_GS,C_PCA_SHUFFLED,C,OD,101,0.007183068583046658,0.004750682108189963,0.0,0.01640420768225237,70,27,4,-0.0015258701367537597,-0.0004227333634850132,11,101,0,0,0,-0.009788745492772333,-0.0025471495600228877,0.010736274533454675
1,all_dev,Drishti_GS,C_PCA_SHUFFLED,C,OC,101,-0.007509769422518261,0.0,-0.026378948517491452,0.005010926976789509,18,36,47,-0.0801463966206617,-0.04145465064665712,11,101,0,0,0,0.008284231441496167,0.0,0.0871362627046419
1,all_dev,Drishti_GS,C_PCA_SHUFFLED,C,macro,101,-0.0001633504197356917,0.0,-0.009478992806932762,0.007525131872387902,43,23,35,-0.02734259219403512,-0.014800146069407745,11,,,,,,,
2,remaining_dev,REFUGE,C_SENS,C,OD,336,0.0,0.0,0.0,0.0,0,336,0,0.0,0.0,34,336,0,0,0,0.0,0.0,0.0
2,remaining_dev,REFUGE,C_SENS,C,OC,336,0.0,0.0,0.0,0.0,0,336,0,0.0,0.0,34,336,0,0,0,0.0,0.0,0.0
2,remaining_dev,REFUGE,C_SENS,C,macro,336,0.0,0.0,0.0,0.0,0,336,0,0.0,0.0,34,,,,,,,
2,remaining_dev,REFUGE,C_PER256,C,OD,336,-2.5232315471757247,-3.297186100993504,-5.119852951576448,1.2494693458651063,60,0,276,-15.284258025559694,-6.139281806878039,34,336,0,0,0,2.8183102801312248,3.003011572286065,11.411484597997436
2,remaining_dev,REFUGE,C_PER256,C,OC,336,0.04575035076803983,0.3323500625097009,-4.680297308067278,4.297406926874204,176,0,160,-12.044790379745818,-6.652291925582184,34,336,0,0,0,-0.08319936280702563,-0.15390656670434533,3.1464515558354225
2,remaining_dev,REFUGE,C_PER256,C,macro,336,-1.2387405982038429,-1.5220997978448891,-4.385631270751478,2.198097347453504,101,0,235,-9.141310487939124,-5.692780755934284,34,,,,,,,
2,remaining_dev,REFUGE,C_SENS,C_PER256,OD,336,2.5232315471757247,3.297186100993504,-1.2494693458651063,5.119852951576448,276,0,60,-8.765105539085837,-3.4727078323412957,34,336,0,0,0,-2.8183102801312248,-3.003011572286065,3.879252273272708
2,remaining_dev,REFUGE,C_SENS,C_PER256,OC,336,-0.04575035076803983,-0.3323500625097009,-4.297406926874204,4.680297308067278,160,0,176,-10.87082414402567,-6.238277944083979,34,336,0,0,0,0.08319936280702563,0.15390656670434533,3.3124739367808593
2,remaining_dev,REFUGE,C_SENS,C_PER256,macro,336,1.2387405982038429,1.5220997978448891,-2.198097347453504,4.385631270751478,235,0,101,-9.81796484155575,-4.057703091933946,34,,,,,,,
2,remaining_dev,REFUGE,C_PCA_GLOBAL,C,OD,336,0.06554478268354898,0.07286098556149034,-0.03668765354806758,0.15086327908874209,276,0,60,-0.1456071405663395,-0.07394068231965481,34,336,0,0,0,-0.05547496948514844,-0.05910995356977855,0.14821667189716362
2,remaining_dev,REFUGE,C_PCA_GLOBAL,C,OC,336,-0.03280764524280826,-0.030664963147641888,-0.15222619364942402,0.07719111181286875,130,1,205,-0.2940923136857121,-0.1906596669123419,34,336,0,0,0,0.018281103743899706,0.014906399215179222,0.15495895673568888
2,remaining_dev,REFUGE,C_PCA_GLOBAL,C,macro,336,0.01636856872037024,0.0209574897552689,-0.0749004642725759,0.094099752493082,215,0,121,-0.16725367094430066,-0.109766120155386,34,,,,,,,
2,remaining_dev,REFUGE,C_PCA_REGION,C,OD,336,-0.019023295956102436,-0.021576916826704373,-0.08913024485002752,0.055067449046336536,117,1,218,-0.17938543542560526,-0.11840074788896239,34,336,0,0,0,0.030753665348059893,0.03384884687948686,0.19075198210935365
2,remaining_dev,REFUGE,C_PCA_REGION,C,OC,336,-0.13493004901132302,-0.1747636508464212,-0.8434872246732894,0.6523348239202975,136,0,200,-1.2821589353003815,-0.9941033456030326,34,336,0,0,0,0.08005098419366682,0.09908513474275216,0.5207039535230497
2,remaining_dev,REFUGE,C_PCA_REGION,C,macro,336,-0.07697667248371245,-0.10235405732919589,-0.4315664258857099,0.321372187509239,132,0,204,-0.6930245186242745,-0.5183010742423686,34,,,,,,,
2,remaining_dev,REFUGE,C_PCA_REGION,C_PCA_GLOBAL,OD,336,-0.0845680786396514,-0.09637760928672967,-0.15271261413550286,0.0007761119934612815,35,0,301,-0.24394680794528334,-0.17846538316794364,34,336,0,0,0,0.08622863483320833,0.0914424304249204,0.2643979637552042
2,remaining_dev,REFUGE,C_PCA_REGION,C_PCA_GLOBAL,OC,336,-0.10212240376851475,-0.13696865723331064,-0.7337049025156028,0.5947583287939429,137,0,199,-1.1206498610914495,-0.862670985521756,34,336,0,0,0,0.06176988044976711,0.08984467352321923,0.4801624418956945
2,remaining_dev,REFUGE,C_PCA_REGION,C_PCA_GLOBAL,macro,336,-0.09334524120408269,-0.11428121780028833,-0.4126964186093207,0.2549441387997231,119,0,217,-0.6159412312646051,-0.47723643764362683,34,,,,,,,
2,remaining_dev,REFUGE,C_PCA_REGION,C_PCA_SHUFFLED,OD,336,-0.0831604471320374,-0.09703694925752848,-0.15349988585828256,0.004033496924682467,36,0,300,-0.24046901462452253,-0.17641870145535207,34,336,0,0,0,0.08528821018886898,0.09003264683784096,0.26345999183705426
2,remaining_dev,REFUGE,C_PCA_REGION,C_PCA_SHUFFLED,OC,336,-0.10353199062608748,-0.1442150691854438,-0.7449574339302656,0.6011456855112063,135,0,201,-1.1268497240014663,-0.8728826709378898,34,336,0,0,0,0.06277531933680629,0.09078841489876366,0.4848264006838723
2,remaining_dev,REFUGE,C_PCA_REGION,C_PCA_SHUFFLED,macro,336,-0.09334621887906193,-0.11495307782479758,-0.41858791946586815,0.26341476327736424,119,0,217,-0.6199497429728917,-0.4817407756386589,34,,,,,,,
2,remaining_dev,REFUGE,C_PCA_SHUFFLED,C,OD,336,0.06413715117593495,0.0712818440187224,-0.037733510437482076,0.15070566878525593,273,0,63,-0.1520033242291663,-0.07598014172693313,34,336,0,0,0,-0.05453454484080907,-0.05768433186684718,0.15269990080578597
2,remaining_dev,REFUGE,C_PCA_SHUFFLED,C,OC,336,-0.03139805838523556,-0.028990436665543573,-0.1469787358040764,0.06949095723913778,124,0,212,-0.30036590941338037,-0.18333483713736634,34,336,0,0,0,0.017275664856860547,0.01585652230850032,0.1485744006661086
2,remaining_dev,REFUGE,C_PCA_SHUFFLED,C,macro,336,0.01636954639534947,0.021747436010310928,-0.06875064200525527,0.09174520945145481,214,0,122,-0.17303869503353386,-0.10770428975898116,34,,,,,,,
2,remaining_dev,ORIGA,C_SENS,C,OD,586,0.0,0.0,0.0,0.0,0,586,0,0.0,0.0,59,586,0,0,0,0.0,0.0,0.0
2,remaining_dev,ORIGA,C_SENS,C,OC,586,0.0,0.0,0.0,0.0,0,586,0,0.0,0.0,59,586,0,0,0,0.0,0.0,0.0
2,remaining_dev,ORIGA,C_SENS,C,macro,586,0.0,0.0,0.0,0.0,0,586,0,0.0,0.0,59,,,,,,,
2,remaining_dev,ORIGA,C_PER256,C,OD,586,-3.4719515177399596,-2.0373584012104318,-8.62632441550642,0.0,12,231,343,-38.632262256876395,-15.64994323841119,59,586,0,0,0,3.9794053848955806,2.0530549902941004,19.613785690380475
2,remaining_dev,ORIGA,C_PER256,C,OC,586,-3.811921139553531,-0.4570957568774625,-12.698204497873594,0.0,48,231,307,-48.74635271779466,-22.413592589006832,59,586,0,0,0,1.8035052539473682,0.0,11.390495028780409
2,remaining_dev,ORIGA,C_PER256,C,macro,586,-3.6419363286467448,-1.4591273508558045,-10.746852518235473,0.0,18,231,337,-36.22000533086543,-18.76106586456184,59,,,,,,,
2,remaining_dev,ORIGA,C_SENS,C_PER256,OD,586,3.4719515177399596,2.0373584012104318,0.0,8.62632441550642,343,231,12,-2.2423775595701856,-0.14035566072944433,59,586,0,0,0,-3.9794053848955806,-2.0530549902941004,0.20893115111403265
2,remaining_dev,ORIGA,C_SENS,C_PER256,OC,586,3.811921139553531,0.4570957568774625,0.0,12.698204497873594,307,231,48,-9.579289258467927,-1.519034208619035,59,586,0,0,0,-1.8035052539473682,0.0,1.4470496866282492
2,remaining_dev,ORIGA,C_SENS,C_PER256,macro,586,3.6419363286467448,1.4591273508558045,0.0,10.746852518235473,337,231,18,-2.115441703127141,-0.2992104006638998,59,,,,,,,
2,remaining_dev,ORIGA,C_PCA_GLOBAL,C,OD,586,0.034382918351434075,0.02994305100775807,-0.00015318728868729536,0.08193782402619032,498,28,60,-0.08151087633678777,-0.01568376973030007,59,586,0,0,0,-0.040825940048214576,-0.02400802099483812,0.07557335514370657
2,remaining_dev,ORIGA,C_PCA_GLOBAL,C,OC,586,0.004862626001270571,0.0052012756767250146,-0.04425088479193262,0.05591007740257947,324,36,226,-0.27783276327707496,-0.08854227081635205,59,586,0,0,0,-0.013272974947054303,-0.0051763086369991385,0.11520876129302061
2,remaining_dev,ORIGA,C_PCA_GLOBAL,C,macro,586,0.01962277217635211,0.0151327414585678,-0.013794338004829987,0.060849691362135916,444,23,119,-0.1531551619023075,-0.03455124593247588,59,,,,,,,
2,remaining_dev,ORIGA,C_PCA_REGION,C,OD,586,0.020177355758347715,0.010605929804868852,-0.03768940376732699,0.08572862850892427,371,24,191,-0.16288081220572348,-0.062231901178243114,59,586,0,0,0,-0.022658650000820874,-0.0046275275788767445,0.13562886656285564
2,remaining_dev,ORIGA,C_PCA_REGION,C,OC,586,0.162654214831396,0.12438843636060348,-0.03973941008398596,0.4645973297761119,475,23,88,-0.6564341233777471,-0.20337553342898207,59,586,0,0,0,-0.08714883817418373,-0.05211326056180976,0.23692970626126386
2,remaining_dev,ORIGA,C_PCA_REGION,C,macro,586,0.09141578529487165,0.07791045678560149,-0.020896991438490442,0.23880536634128813,484,18,84,-0.35204394135905925,-0.10618367814295761,59,,,,,,,
2,remaining_dev,ORIGA,C_PCA_REGION,C_PCA_GLOBAL,OD,586,-0.01420556259308636,-0.004484220109235437,-0.08774433485969069,0.039438778601230684,243,24,319,-0.17978853288663776,-0.11474439287748832,59,586,0,0,0,0.018167290047393703,0.00947104728054371,0.19136824023090865
2,remaining_dev,ORIGA,C_PCA_REGION,C_PCA_GLOBAL,OC,586,0.15779158883012542,0.11604861096986552,-0.029099041069458043,0.44199026276703357,480,27,79,-0.5823919954402013,-0.15562706220063618,59,586,0,0,0,-0.07387586322712943,-0.03604164614856842,0.20637616833607633
2,remaining_dev,ORIGA,C_PCA_REGION,C_PCA_GLOBAL,macro,586,0.07179301311851954,0.05679226387584335,-0.016890528681046124,0.19864687250761848,476,20,90,-0.33855280015782085,-0.09431976560735147,59,,,,,,,
2,remaining_dev,ORIGA,C_PCA_REGION,C_PCA_SHUFFLED,OD,586,-0.01736091615224206,-0.006856104989544365,-0.08933701058144727,0.03618279684547976,222,27,337,-0.17978853288663776,-0.11474316664841712,59,586,0,0,0,0.020525811381337678,0.011499100928216599,0.1963151857514745
2,remaining_dev,ORIGA,C_PCA_REGION,C_PCA_SHUFFLED,OC,586,0.1572918331733474,0.11535210905891935,-0.02767112432909835,0.4414941846610898,483,23,80,-0.5896947976593347,-0.15988961009141925,59,586,0,0,0,-0.07286787670519343,-0.03252412462117249,0.20416979853872294
2,remaining_dev,ORIGA,C_PCA_REGION,C_PCA_SHUFFLED,macro,586,0.0699654585105529,0.053610695918954177,-0.018374070136861764,0.2018869556835612,475,18,93,-0.3435342184246126,-0.09759257057173318,59,,,,,,,
2,remaining_dev,ORIGA,C_PCA_SHUFFLED,C,OD,586,0.03753827191058979,0.03307950953495564,0.0,0.08679632038205987,513,26,47,-0.0881682795910721,-0.01365338799193943,59,586,0,0,0,-0.04318446138215855,-0.026258539105351808,0.07438632457279254
2,remaining_dev,ORIGA,C_PCA_SHUFFLED,C,OC,586,0.005362381658048614,0.004860596700495545,-0.045539013394149674,0.05397286187368011,325,34,227,-0.2866172481166607,-0.08626783250642231,59,586,0,0,0,-0.01428096146899029,-0.007274982921884998,0.1210449600327787
2,remaining_dev,ORIGA,C_PCA_SHUFFLED,C,macro,586,0.021450326784318755,0.017513611422520503,-0.01137373588658841,0.059650495954272076,447,23,116,-0.15265481970824224,-0.03182196607471086,59,,,,,,,
2,remaining_dev,REFUGE_Valid,C_SENS,C,OD,736,0.0,0.0,0.0,0.0,0,736,0,0.0,0.0,74,736,0,0,0,0.0,0.0,0.0
2,remaining_dev,REFUGE_Valid,C_SENS,C,OC,736,0.0,0.0,0.0,0.0,0,736,0,0.0,0.0,74,736,0,0,0,0.0,0.0,0.0
2,remaining_dev,REFUGE_Valid,C_SENS,C,macro,736,0.0,0.0,0.0,0.0,0,736,0,0.0,0.0,74,,,,,,,
2,remaining_dev,REFUGE_Valid,C_PER256,C,OD,736,5.144125600837725,5.632384319060657,-1.0437298193113786,11.053409540621505,638,0,98,-22.378357371756906,-5.239116076937983,74,736,0,0,0,-0.6446708681667858,-3.15504438275029,26.227547653924155
2,remaining_dev,REFUGE_Valid,C_PER256,C,OC,736,4.339242394384716,4.997921436760983,0.6543120964210447,7.8862906070538585,671,0,65,-29.036842860218627,-4.820013116046789,74,736,0,0,0,-2.4790350040194093,-3.0110622052903846,5.083083142622954
2,remaining_dev,REFUGE_Valid,C_PER256,C,macro,736,4.74168399761122,5.214128504067583,0.3723640212164203,8.938726295317434,668,0,68,-22.54773820786675,-3.5020017155505556,74,,,,,,,
2,remaining_dev,REFUGE_Valid,C_SENS,C_PER256,OD,736,-5.144125600837725,-5.632384319060657,-11.053409540621505,1.0437298193113786,98,0,638,-23.575779643518747,-13.27095318603514,74,736,0,0,0,0.6446708681667858,3.15504438275029,14.541258448109767
2,remaining_dev,REFUGE_Valid,C_SENS,C_PER256,OC,736,-4.339242394384716,-4.997921436760983,-7.8862906070538585,-0.6543120964210447,65,0,671,-14.583330131643402,-8.778677224525538,74,736,0,0,0,2.4790350040194093,3.0110622052903846,6.070590539570748
2,remaining_dev,REFUGE_Valid,C_SENS,C_PER256,macro,736,-4.74168399761122,-5.214128504067583,-8.938726295317434,-0.3723640212164203,68,0,668,-14.921335376813916,-10.083171867337336,74,,,,,,,
2,remaining_dev,REFUGE_Valid,C_PCA_GLOBAL,C,OD,736,-0.4688448580900159,-0.4513173753057764,-0.7939803553212776,-0.15355113944386933,13,0,723,-1.5773105478158467,-0.9443450993094247,74,736,0,0,0,0.5625007888178474,0.5354211026293507,1.6983894061892144
2,remaining_dev,REFUGE_Valid,C_PCA_GLOBAL,C,OC,736,-0.17868544807572673,-0.18159958521919428,-0.28276158200343515,-0.07000593982025016,39,0,697,-0.5049767391539561,-0.32648898560115436,74,736,0,0,0,0.1777985782860557,0.16129785105647443,0.5576156727437671
2,remaining_dev,REFUGE_Valid,C_PCA_GLOBAL,C,macro,736,-0.32376515308287146,-0.31813790386525653,-0.5078705581602339,-0.14240743989836768,7,0,729,-0.851252352901799,-0.5861164284778173,74,,,,,,,
2,remaining_dev,REFUGE_Valid,C_PCA_REGION,C,OD,736,-0.31515829823534725,-0.29660783651194733,-0.6110891553500919,-0.050645876797911216,28,0,708,-1.077983066094812,-0.715641028625148,74,736,0,0,0,0.2868960590760101,0.2793334714048119,1.1080319976598045
2,remaining_dev,REFUGE_Valid,C_PCA_REGION,C,OC,736,-0.8047580581886962,-0.8465709877577249,-1.1663279400159599,-0.47320395292044237,33,0,703,-1.6162990589081883,-1.26337659482972,74,736,0,0,0,0.5139890181498104,0.5172492739388757,1.1414959428629055
2,remaining_dev,REFUGE_Valid,C_PCA_REGION,C,macro,736,-0.559958178212022,-0.5731647055931655,-0.8533617893457857,-0.2927475972631155,23,0,713,-1.2205319205142229,-0.9240267264388193,74,,,,,,,
2,remaining_dev,REFUGE_Valid,C_PCA_REGION,C_PCA_GLOBAL,OD,736,0.15368655985466864,0.153293213978406,0.03483201121936008,0.2685216790739853,688,0,48,-0.11678523070141056,-0.01894997570571316,74,736,0,0,0,-0.27560472974183725,-0.2219500929499425,0.4517311958252377
2,remaining_dev,REFUGE_Valid,C_PCA_REGION,C_PCA_GLOBAL,OC,736,-0.6260726101129694,-0.6577687124179193,-0.9444924384550024,-0.3469830823569109,33,0,703,-1.4052788769970959,-1.0542400838670378,74,736,0,0,0,0.3361904398637547,0.3470264351229311,0.8670832966175983
2,remaining_dev,REFUGE_Valid,C_PCA_REGION,C_PCA_GLOBAL,macro,736,-0.2361930251291505,-0.25148268933684603,-0.405894187994027,-0.07022592488408197,50,0,686,-0.6434406886272059,-0.46926546955402715,74,,,,,,,
2,remaining_dev,REFUGE_Valid,C_PCA_REGION,C_PCA_SHUFFLED,OD,736,0.14406512224255283,0.14430769013130673,0.026497521746732255,0.24737206022250047,685,0,51,-0.13505385314468432,-0.02460997177461039,74,736,0,0,0,-0.26990019344107985,-0.21422461308738505,0.4488512227538385
2,remaining_dev,REFUGE_Valid,C_PCA_REGION,C_PCA_SHUFFLED,OC,736,-0.6449572785712053,-0.6808473551111027,-0.9698411738418011,-0.35220531666205757,32,0,704,-1.452641806790278,-1.0846757456794172,74,736,0,0,0,0.3574330317228467,0.3685609635575444,0.8924646223051649
2,remaining_dev,REFUGE_Valid,C_PCA_REGION,C_PCA_SHUFFLED,macro,736,-0.25044607816432635,-0.26137299685782267,-0.4308968232903665,-0.08178659358815676,47,0,689,-0.6578541567739071,-0.4889914871744265,74,,,,,,,
2,remaining_dev,REFUGE_Valid,C_PCA_SHUFFLED,C,OD,736,-0.45922342047790016,-0.44352028938490773,-0.7829424515614691,-0.15264105309654719,14,0,722,-1.541103789157805,-0.9268303739345396,74,736,0,0,0,0.55679625251709,0.5275135930474053,1.6722897550157798
2,remaining_dev,REFUGE_Valid,C_PCA_SHUFFLED,C,OC,736,-0.1598007796174908,-0.16204347924601015,-0.2618317356634092,-0.06320415268429858,39,0,697,-0.5077748013457117,-0.30684613128021865,74,736,0,0,0,0.15655598642696372,0.13678264921379757,0.5171807414375398
2,remaining_dev,REFUGE_Valid,C_PCA_SHUFFLED,C,macro,736,-0.30951210004769564,-0.30530700825976975,-0.48603836431826974,-0.13569732575591242,8,0,728,-0.8115399829697667,-0.5652042390116455,74,,,,,,,
2,remaining_dev,Drishti_GS,C_SENS,C,OD,37,0.0,0.0,0.0,0.0,0,37,0,0.0,0.0,4,37,0,0,0,0.0,0.0,0.0
2,remaining_dev,Drishti_GS,C_SENS,C,OC,37,0.0,0.0,0.0,0.0,0,37,0,0.0,0.0,4,37,0,0,0,0.0,0.0,0.0
2,remaining_dev,Drishti_GS,C_SENS,C,macro,37,0.0,0.0,0.0,0.0,0,37,0,0.0,0.0,4,,,,,,,
2,remaining_dev,Drishti_GS,C_PER256,C,OD,37,-2.6540173086240757,-2.6287685833555674,-3.728509189690017,-1.5909766794859765,0,0,37,-4.79914831153091,-4.262921855086416,4,37,0,0,0,2.6707929152581706,2.685909678951684,4.235929736313244
2,remaining_dev,Drishti_GS,C_PER256,C,OC,37,-2.3896617327797998,-2.445260050228737,-4.14759751667535,-0.32331984047378914,4,0,33,-9.23973933226192,-5.80641599380679,4,37,0,0,0,1.0300714497856167,1.140387204824144,4.224339901761538
2,remaining_dev,Drishti_GS,C_PER256,C,macro,37,-2.521839520701938,-2.6128106713522947,-3.2723181054787176,-1.1955335477624731,0,0,37,-6.403584908723792,-4.514384705944008,4,,,,,,,
2,remaining_dev,Drishti_GS,C_SENS,C_PER256,OD,37,2.6540173086240757,2.6287685833555674,1.5909766794859759,3.728509189690017,37,0,0,1.0210857010150898,1.1818527063111621,4,37,0,0,0,-2.6707929152581706,-2.685909678951684,-1.093330214221201
2,remaining_dev,Drishti_GS,C_SENS,C_PER256,OC,37,2.3896617327797998,2.445260050228737,0.3233198404737881,4.14759751667535,33,0,4,-2.124396857254096,-0.8594195233671859,4,37,0,0,0,-1.0300714497856167,-1.140387204824144,1.5115171786440058
2,remaining_dev,Drishti_GS,C_SENS,C_PER256,macro,37,2.521839520701938,2.6128106713522947,1.195533547762473,3.272318105478717,37,0,0,0.10328271311214055,0.8340719047333189,4,,,,,,,
2,remaining_dev,Drishti_GS,C_PCA_GLOBAL,C,OD,37,0.08061034855200305,0.08409938029012576,0.04423872639897075,0.10923682157041535,37,0,0,0.02750495363399441,0.035645796063052404,4,37,0,0,0,-0.08155917278472871,-0.08957658215823905,0.04309663375825645
2,remaining_dev,Drishti_GS,C_PCA_GLOBAL,C,OC,37,-0.017234737234309693,-0.010798250101173856,-0.08509843023419617,0.07899555813861035,14,3,20,-0.32638453184829497,-0.22566803768070548,4,37,0,0,0,-0.03272204673743039,-0.024008600567040794,0.1543381132135515
2,remaining_dev,Drishti_GS,C_PCA_GLOBAL,C,macro,37,0.031687805658847504,0.036220781232843,-0.009453738553575342,0.0866706236511372,31,0,6,-0.12607375188710135,-0.0689253084106306,4,,,,,,,
2,remaining_dev,Drishti_GS,C_PCA_REGION,C,OD,37,-0.026356395485003056,-0.021991126831610863,-0.06362371070070427,0.01372528619779434,7,1,29,-0.1274776435830849,-0.09704252852857365,4,37,0,0,0,0.019669654750847664,0.025967810856593943,0.09055183094114883
2,remaining_dev,Drishti_GS,C_PCA_REGION,C,OC,37,0.8027118714959028,0.7619727026839662,0.36023905107949394,1.3590217735651011,35,0,2,-0.9777878210282531,-0.25670906092207235,4,37,0,0,0,-0.4606339193728388,-0.4647969871283699,0.26530987211952195
2,remaining_dev,Drishti_GS,C_PCA_REGION,C,macro,37,0.3881777380054506,0.3801938720693787,0.1788964167737328,0.6716720190297298,35,0,2,-0.5154755854326787,-0.15094921351311297,4,,,,,,,
2,remaining_dev,Drishti_GS,C_PCA_REGION,C_PCA_GLOBAL,OD,37,-0.10696674403700611,-0.10452210411511231,-0.15350900986411453,-0.06532222690520229,0,0,37,-0.1863984045334055,-0.1683218851356777,4,37,0,0,0,0.10122882753557637,0.10332867292007109,0.18974783697623865
2,remaining_dev,Drishti_GS,C_PCA_REGION,C_PCA_GLOBAL,OC,37,0.8199466087302125,0.7630164429426878,0.32241018604362903,1.4593277615686737,35,0,2,-0.8975001042394237,-0.21762675686020083,4,37,0,0,0,-0.4279118726354084,-0.37963021850210765,0.3018957138546683
2,remaining_dev,Drishti_GS,C_PCA_REGION,C_PCA_GLOBAL,macro,37,0.356489932346603,0.3292471694137822,0.10983597549087953,0.6702257489127027,35,0,2,-0.5225372346213675,-0.16418950190222048,4,,,,,,,
2,remaining_dev,Drishti_GS,C_PCA_REGION,C_PCA_SHUFFLED,OD,37,-0.10594215696958749,-0.10591507790861376,-0.15569035245805551,-0.06135241140898362,0,0,37,-0.18050907723499154,-0.1692811998915189,4,37,0,0,0,0.0984969785600129,0.10819447862505882,0.1801357835091637
2,remaining_dev,Drishti_GS,C_PCA_REGION,C_PCA_SHUFFLED,OC,37,0.8362617608561702,0.7792501053625167,0.33126126122050126,1.480840508077914,35,0,2,-0.9089598382898467,-0.21986239743679303,4,37,0,0,0,-0.44027092875829194,-0.385393794450529,0.3235842691309303
2,remaining_dev,Drishti_GS,C_PCA_REGION,C_PCA_SHUFFLED,macro,37,0.36515980194329206,0.33665846039888647,0.11379963253032921,0.6795989592668094,35,0,2,-0.5282671016465734,-0.16530175772288547,4,,,,,,,
2,remaining_dev,Drishti_GS,C_PCA_SHUFFLED,C,OD,37,0.07958576148458443,0.08115599832573261,0.041538756987253844,0.11514423602022371,37,0,0,0.016048399648538325,0.030249453943231863,4,37,0,0,0,-0.07882732380916524,-0.08713398114426152,0.04305115678208937
2,remaining_dev,Drishti_GS,C_PCA_SHUFFLED,C,OC,37,-0.033549889360267246,-0.025903121881265534,-0.08134295104374356,0.06610499077572604,13,0,24,-0.36726906747927557,-0.24851976514443236,4,37,0,0,0,-0.020362990614546925,-0.019500917031329834,0.1628308456802432
2,remaining_dev,Drishti_GS,C_PCA_SHUFFLED,C,macro,37,0.023017936062158368,0.02481728749106349,-0.014691511165425553,0.0805300110878071,29,0,8,-0.13963693126470833,-0.08218690664753558,4,,,,,,,
2,legacy_dev,REFUGE,C_SENS,C,OD,32,0.0,0.0,0.0,0.0,0,32,0,0.0,0.0,4,32,0,0,0,0.0,0.0,0.0
2,legacy_dev,REFUGE,C_SENS,C,OC,32,0.0,0.0,0.0,0.0,0,32,0,0.0,0.0,4,32,0,0,0,0.0,0.0,0.0
2,legacy_dev,REFUGE,C_SENS,C,macro,32,0.0,0.0,0.0,0.0,0,32,0,0.0,0.0,4,,,,,,,
2,legacy_dev,REFUGE,C_PER256,C,OD,32,-3.0006420402396845,-3.4621730982712373,-4.552429833254197,-0.9722602334515357,2,0,30,-6.175927268866488,-5.34072919376393,4,32,0,0,0,2.727161495547298,3.1722118210109613,4.687174743288244
2,legacy_dev,REFUGE,C_PER256,C,OC,32,0.3220863835880112,0.16842738068926222,-3.2524682928824897,4.592168569764426,17,0,15,-6.8257731330826354,-5.19400961710886,4,32,0,0,0,-0.21123357016886635,-0.23574046682321548,2.5969337590896098
2,legacy_dev,REFUGE,C_PER256,C,macro,32,-1.3392778283258364,-1.9196055099441223,-3.5566086059753776,1.4801125928971253,6,0,26,-5.418918845453991,-4.772450915769627,4,,,,,,,
2,legacy_dev,REFUGE,C_SENS,C_PER256,OD,32,3.0006420402396845,3.4621730982712373,0.9722602334515362,4.552429833254197,30,0,2,-3.974816231853051,-1.1457674046504271,4,32,0,0,0,-2.727161495547298,-3.1722118210109613,0.9290762057254219
2,legacy_dev,REFUGE,C_SENS,C_PER256,OC,32,-0.3220863835880112,-0.16842738068926222,-4.592168569764424,3.25246829288249,15,0,17,-6.04621791137917,-5.404890403344317,4,32,0,0,0,0.21123357016886635,0.23574046682321548,2.961540860337378
2,legacy_dev,REFUGE,C_SENS,C_PER256,macro,32,1.3392778283258364,1.9196055099441223,-1.4801125928971237,3.5566086059753785,26,0,6,-3.9845941335640456,-2.6246226637006544,4,,,,,,,
2,legacy_dev,REFUGE,C_PCA_GLOBAL,C,OD,32,0.07775572744441912,0.08246715688971507,-0.022411683484286904,0.15577797562314036,27,0,5,-0.1177292762131188,-0.07482163506347395,4,32,0,0,0,-0.0851964992343486,-0.09831977879413767,0.08666433035749099
2,legacy_dev,REFUGE,C_PCA_GLOBAL,C,OC,32,-0.02133368736647115,-0.014024326898171013,-0.1311623692204067,0.07234526380966003,13,0,19,-0.2612856758591908,-0.17720517420553028,4,32,0,0,0,0.022616805687754954,0.01557781536243752,0.1580223163710226
2,legacy_dev,REFUGE,C_PCA_GLOBAL,C,macro,32,0.028211020038973814,0.04208076071304245,-0.06344366191812556,0.0967297270069645,23,0,9,-0.09416824532412216,-0.07515376760353631,4,,,,,,,
2,legacy_dev,REFUGE,C_PCA_REGION,C,OD,32,-0.015297056796278324,-0.016653268364391627,-0.08071275863666405,0.04990089022697377,12,0,20,-0.16884498586544616,-0.11834014731654241,4,32,0,0,0,0.03195814023209628,0.02053906025687846,0.16699958034281437
2,legacy_dev,REFUGE,C_PCA_REGION,C,OC,32,-0.11920156793324352,-0.08655866798214507,-0.7928966562498252,0.4832980734713899,12,0,20,-1.2874032821515224,-1.0096720293789803,4,32,0,0,0,0.08700782564698148,0.08797079615931747,0.6048857627059798
2,legacy_dev,REFUGE,C_PCA_REGION,C,macro,32,-0.06724931236476057,-0.0687047259911644,-0.3805144273529304,0.2542052856957278,12,0,20,-0.6294325671802214,-0.4825326407179059,4,,,,,,,
2,legacy_dev,REFUGE,C_PCA_REGION,C_PCA_GLOBAL,OD,32,-0.09305278424069745,-0.08913221023759688,-0.21497728800613958,0.02416201264254246,4,0,28,-0.25084141015624395,-0.23158187293794708,4,32,0,0,0,0.11715463946644489,0.1289324754084884,0.27928925708339314
2,legacy_dev,REFUGE,C_PCA_REGION,C_PCA_GLOBAL,OC,32,-0.09786788056677237,-0.0782497193206888,-0.657114101915588,0.44489681998210795,13,0,19,-1.1558741481771495,-0.924496068821673,4,32,0,0,0,0.06439101995922653,0.04443461594536835,0.5070465729922041
2,legacy_dev,REFUGE,C_PCA_REGION,C_PCA_GLOBAL,macro,32,-0.09546033240373439,-0.07871805393014908,-0.339482029736593,0.16767466731464015,9,0,23,-0.5976080248068727,-0.46222740717184463,4,,,,,,,
2,legacy_dev,REFUGE,C_PCA_REGION,C_PCA_SHUFFLED,OD,32,-0.0937851930846792,-0.0924274355798782,-0.21035759246309294,0.021748678341434534,4,0,28,-0.25017606548898286,-0.23249924101537145,4,32,0,0,0,0.11687882674579052,0.11769706128548041,0.2818828943752929
2,legacy_dev,REFUGE,C_PCA_REGION,C_PCA_SHUFFLED,OC,32,-0.09584001560285459,-0.07163252725890801,-0.6690636156610674,0.4420194718917281,13,0,19,-1.148964823837495,-0.935377461424855,4,32,0,0,0,0.06380960222665749,0.05241425230906316,0.48923744484980203
2,legacy_dev,REFUGE,C_PCA_REGION,C_PCA_SHUFFLED,macro,32,-0.09481260434376602,-0.08037701647107265,-0.343686008129398,0.17055764888527006,8,0,24,-0.5949403558008881,-0.46322527821075765,4,,,,,,,
2,legacy_dev,REFUGE,C_PCA_SHUFFLED,C,OD,32,0.07848813628840087,0.08579140571464694,-0.020009129703459916,0.155568480874988,27,0,5,-0.10739064448871405,-0.07179628123406279,4,32,0,0,0,-0.08492068651369424,-0.09348753869777449,0.08606959402416237
2,legacy_dev,REFUGE,C_PCA_SHUFFLED,C,OC,32,-0.023361552330388932,-0.03267880853429217,-0.1379885044256346,0.0633943950497107,13,0,19,-0.2459235128666415,-0.17899822132198262,4,32,0,0,0,0.023198223420323988,0.011545276715679398,0.1708002081161406
2,legacy_dev,REFUGE,C_PCA_SHUFFLED,C,macro,32,0.02756329197900545,0.038163546341946075,-0.06082380089695083,0.09185864448897797,22,0,10,-0.08017781193507822,-0.07177230551740077,4,,,,,,,
2,legacy_dev,ORIGA,C_SENS,C,OD,32,0.0,0.0,0.0,0.0,0,32,0,0.0,0.0,4,32,0,0,0,0.0,0.0,0.0
2,legacy_dev,ORIGA,C_SENS,C,OC,32,0.0,0.0,0.0,0.0,0,32,0,0.0,0.0,4,32,0,0,0,0.0,0.0,0.0
2,legacy_dev,ORIGA,C_SENS,C,macro,32,0.0,0.0,0.0,0.0,0,32,0,0.0,0.0,4,,,,,,,
2,legacy_dev,ORIGA,C_PER256,C,OD,32,-1.9090260693849908,0.0,-5.448385309081729,0.0,1,17,14,-13.692721909525762,-8.326494268158358,4,32,0,0,0,1.8951931546914884,0.0,8.446352682470827
2,legacy_dev,ORIGA,C_PER256,C,OC,32,-2.1175421075101983,0.0,-5.669997479646984,0.0,1,17,14,-14.555388361381471,-10.329659251373965,4,32,0,0,0,1.0927414359505772,0.0,5.290123015718097
2,legacy_dev,ORIGA,C_PER256,C,macro,32,-2.0132840884475947,0.0,-5.923914646331303,0.0,1,17,14,-13.504696620069268,-9.298709412244788,4,,,,,,,
2,legacy_dev,ORIGA,C_SENS,C_PER256,OD,32,1.9090260693849908,0.0,0.0,5.448385309081729,14,17,1,-0.7842321971074262,-0.19605804927685655,4,32,0,0,0,-1.8951931546914884,0.0,0.1744828104856535
2,legacy_dev,ORIGA,C_SENS,C_PER256,OC,32,2.1175421075101983,0.0,0.0,5.669997479646986,14,17,1,-0.3652867573225693,-0.09132168933064233,4,32,0,0,0,-1.0927414359505772,0.0,0.09971288566829317
2,legacy_dev,ORIGA,C_SENS,C_PER256,macro,32,2.0132840884475947,0.0,0.0,5.923914646331306,14,17,1,-0.5747594772149922,-0.14368986930374805,4,,,,,,,
2,legacy_dev,ORIGA,C_PCA_GLOBAL,C,OD,32,0.029015851360218725,0.026340863899138034,-0.00011026394070801063,0.07554174792862803,28,0,4,-0.06828716192741613,-0.01900648829074314,4,32,0,0,0,-0.041897736618478704,-0.03340571251155566,0.07438032154040908
2,legacy_dev,ORIGA,C_PCA_GLOBAL,C,OC,32,0.01463006008724562,0.0,-0.037648461385461074,0.0728666344267348,14,6,12,-0.04849095269321424,-0.04298093649680035,4,32,0,0,0,-0.017456231832125024,0.0,0.06109590030774337
2,legacy_dev,ORIGA,C_PCA_GLOBAL,C,macro,32,0.021822955723732954,0.008671506065655032,-0.0026188970627039065,0.07466944515742925,24,0,8,-0.05353869500479558,-0.017334900254134533,4,,,,,,,
2,legacy_dev,ORIGA,C_PCA_REGION,C,OD,32,0.0177185740023917,0.013312576440033252,-0.037848988202753286,0.08651970232755218,23,0,9,-0.0670526861094145,-0.051399935965648624,4,32,0,0,0,-0.011682990114829345,-0.009704896693714105,0.16755701120162803
2,legacy_dev,ORIGA,C_PCA_REGION,C,OC,32,0.12893301005379615,0.06655191401528371,-0.010690288010928861,0.3687147872344166,26,1,5,-0.31208138885153724,-0.09858047054545627,4,32,0,0,0,-0.07184450614969556,-0.0375982256970504,0.11960704533844702
2,legacy_dev,ORIGA,C_PCA_REGION,C,macro,32,0.07332579202809272,0.03587195402567911,-0.0002554277143240744,0.21873223459740967,28,0,4,-0.1421599599005563,-0.05114935614107252,4,,,,,,,
2,legacy_dev,ORIGA,C_PCA_REGION,C_PCA_GLOBAL,OD,32,-0.011297277357827026,-0.0007959706484483853,-0.08608693101399556,0.03319876502867804,16,0,16,-0.1228161028521968,-0.10839620452820498,4,32,0,0,0,0.03021474650364936,0.0152073864526443,0.1982993415017511
2,legacy_dev,ORIGA,C_PCA_REGION,C_PCA_GLOBAL,OC,32,0.11430294996655055,0.0681430393780158,-0.0032064685480998056,0.2790389988758535,26,1,5,-0.27431144113589934,-0.07645425582196996,4,32,0,0,0,-0.05438827431757054,-0.030715780538487003,0.13713732836868875
2,legacy_dev,ORIGA,C_PCA_REGION,C_PCA_GLOBAL,macro,32,0.05150283630435976,0.03119548181501619,-0.0005937206797690385,0.13287607746653107,28,0,4,-0.1390987130385546,-0.049891914183591846,4,,,,,,,
2,legacy_dev,ORIGA,C_PCA_REGION,C_PCA_SHUFFLED,OD,32,-0.014374440311836975,-0.0006795404876580591,-0.08610402229606517,0.02886633516898775,16,0,16,-0.12336211116102946,-0.1105860082230431,4,32,0,0,0,0.02574389509483846,0.01184999760412353,0.1698149583392048
2,legacy_dev,ORIGA,C_PCA_REGION,C_PCA_SHUFFLED,OC,32,0.11490588411841066,0.06314380692413746,-0.0017982793672405293,0.27472595520788073,27,1,4,-0.28890098142699827,-0.07881088096607508,4,32,0,0,0,-0.05568516075838452,-0.026736333479078223,0.12903703042435666
2,legacy_dev,ORIGA,C_PCA_REGION,C_PCA_SHUFFLED,macro,32,0.050265721903284925,0.028128399459526054,0.003232800635132316,0.13738527696605554,30,0,2,-0.14792853526190974,-0.052246462636465485,4,,,,,,,
2,legacy_dev,ORIGA,C_PCA_SHUFFLED,C,OD,32,0.032093014314228674,0.029626543238647773,0.0017656449917224926,0.08032731052759369,29,0,3,-0.0667953720545289,-0.020972384730041926,4,32,0,0,0,-0.037426885209667804,-0.027607566308655684,0.1145743946686073
2,legacy_dev,ORIGA,C_PCA_SHUFFLED,C,OC,32,0.01402712593538552,0.0,-0.03337746482020565,0.06880118516770839,13,4,15,-0.058114494458860744,-0.04492321807273436,4,32,0,0,0,-0.016159345391311045,-0.0006998940603590853,0.058956613407552094
2,legacy_dev,ORIGA,C_PCA_SHUFFLED,C,macro,32,0.02306007012480779,0.007503062027985896,0.000790693346292004,0.07473549415457859,29,0,3,-0.05609812878512033,-0.018818886049909445,4,,,,,,,
2,legacy_dev,REFUGE_Valid,C_SENS,C,OD,32,0.0,0.0,0.0,0.0,0,32,0,0.0,0.0,4,32,0,0,0,0.0,0.0,0.0
2,legacy_dev,REFUGE_Valid,C_SENS,C,OC,32,0.0,0.0,0.0,0.0,0,32,0,0.0,0.0,4,32,0,0,0,0.0,0.0,0.0
2,legacy_dev,REFUGE_Valid,C_SENS,C,macro,32,0.0,0.0,0.0,0.0,0,32,0,0.0,0.0,4,,,,,,,
2,legacy_dev,REFUGE_Valid,C_PER256,C,OD,32,4.693139408906618,5.303567061283681,-2.3771224653342236,10.77977164159474,26,0,6,-8.513811849218234,-4.407178465421211,4,32,0,0,0,4.089990250096914,-2.43126837257116,54.39706821183016
2,legacy_dev,REFUGE_Valid,C_PER256,C,OC,32,4.460718375665986,5.685157777668989,0.8859370284317616,7.625073170789878,29,0,3,-9.877639499543733,-5.794180126130804,4,32,0,0,0,-2.023246894627867,-3.210768022046781,8.861580815150747
2,legacy_dev,REFUGE_Valid,C_PER256,C,macro,32,4.576928892286301,5.40215193700066,-1.1429759608715084,8.605831469103167,27,0,5,-5.782399544739858,-4.3314299301580155,4,,,,,,,
2,legacy_dev,REFUGE_Valid,C_SENS,C_PER256,OD,32,-4.693139408906618,-5.303567061283681,-10.779771641594738,2.3771224653342253,6,0,26,-15.698389262627476,-12.438510024395566,4,32,0,0,0,-4.089990250096914,2.43126837257116,15.645826416673374
2,legacy_dev,REFUGE_Valid,C_SENS,C_PER256,OC,32,-4.460718375665986,-5.685157777668989,-7.625073170789878,-0.8859370284317563,3,0,29,-10.221931682470508,-8.441733612109594,4,32,0,0,0,2.023246894627867,3.210768022046781,5.7429664628972015
2,legacy_dev,REFUGE_Valid,C_SENS,C_PER256,macro,32,-4.576928892286301,-5.40215193700066,-8.605831469103165,1.1429759608715104,5,0,27,-11.160527599494486,-9.670013767238775,4,,,,,,,
2,legacy_dev,REFUGE_Valid,C_PCA_GLOBAL,C,OD,32,-0.4999830227005706,-0.41903362858095594,-0.8316153734538723,-0.140710556170954,1,0,31,-1.2429449302358897,-1.0878877822906112,4,32,0,0,0,0.5374183686989025,0.47380052353171953,1.2793302014565517
2,legacy_dev,REFUGE_Valid,C_PCA_GLOBAL,C,OC,32,-0.18171239065010186,-0.1936415743773956,-0.3048262646875366,-0.03749992713218953,2,0,30,-0.40304945705226247,-0.34929168848308184,4,32,0,0,0,0.23981537609442274,0.1428700812674979,0.8819593197401181
2,legacy_dev,REFUGE_Valid,C_PCA_GLOBAL,C,macro,32,-0.34084770667533754,-0.31948479258779305,-0.5662056411647565,-0.14678907867045066,1,0,31,-0.7301389763860966,-0.6429299852388853,4,,,,,,,
2,legacy_dev,REFUGE_Valid,C_PCA_REGION,C,OD,32,-0.31181022481167747,-0.268564378985231,-0.5394168501631069,-0.08857705417299679,1,0,31,-0.8506098478482604,-0.6553427228204178,4,32,0,0,0,0.18421314106669395,0.21925907959368907,0.7877665118660797
2,legacy_dev,REFUGE_Valid,C_PCA_REGION,C,OC,32,-0.7712608247078991,-0.868366416329841,-1.1038191196714031,-0.387514405358802,2,0,30,-1.2731914516317056,-1.1723567213827113,4,32,0,0,0,0.5221182442439527,0.542279781053085,1.01869009253818
2,legacy_dev,REFUGE_Valid,C_PCA_REGION,C,macro,32,-0.54153552475979,-0.5725944931628035,-0.7918787621003265,-0.3003584243536382,2,0,30,-0.9085444892664385,-0.8671029308013084,4,,,,,,,
2,legacy_dev,REFUGE_Valid,C_PCA_REGION,C_PCA_GLOBAL,OD,32,0.18817279788889313,0.17270090855011078,0.01882541807245564,0.35159374445647107,29,0,3,-0.06657416546533845,-0.01406834382153832,4,32,0,0,0,-0.3532052276322085,-0.21729296328435677,0.045901759710011425
2,legacy_dev,REFUGE_Valid,C_PCA_REGION,C_PCA_GLOBAL,OC,32,-0.5895484340577973,-0.6680908483339909,-0.891848707067977,-0.1584063148824389,2,0,30,-1.11392879356359,-0.9522921822559038,4,32,0,0,0,0.28230286814953,0.3473474069155831,0.6553356836377096
2,legacy_dev,REFUGE_Valid,C_PCA_REGION,C_PCA_GLOBAL,macro,32,-0.20068781808445252,-0.26531255441142876,-0.3744037957548074,0.03721347817323599,4,0,28,-0.41585411880397105,-0.3950369355357225,4,,,,,,,
2,legacy_dev,REFUGE_Valid,C_PCA_REGION,C_PCA_SHUFFLED,OD,32,0.17924977562012792,0.1598221183332582,0.01585333514948384,0.3348864549838549,31,0,1,-0.08155977148748272,-0.015898085427831776,4,32,0,0,0,-0.3568402902709529,-0.20750475353080766,0.04305652703303431
2,legacy_dev,REFUGE_Valid,C_PCA_REGION,C_PCA_SHUFFLED,OC,32,-0.6071260667192614,-0.6913816651991589,-0.9198072697213389,-0.14030728875197912,2,0,30,-1.1273809972194182,-0.9782694891377828,4,32,0,0,0,0.30991940852588606,0.3666494475819908,0.6882447084185208
2,legacy_dev,REFUGE_Valid,C_PCA_REGION,C_PCA_SHUFFLED,macro,32,-0.2139381455495684,-0.2805491447593511,-0.3982753955479601,0.02112729571546855,4,0,28,-0.42896348553710384,-0.41129236305341155,4,,,,,,,
2,legacy_dev,REFUGE_Valid,C_PCA_SHUFFLED,C,OD,32,-0.4910600004318054,-0.4095320340189501,-0.8133541725779903,-0.12913602755115736,1,0,31,-1.2182024691392623,-1.0699433734777664,4,32,0,0,0,0.5410534313376467,0.5093288466849781,1.2659663988449283
2,legacy_dev,REFUGE_Valid,C_PCA_SHUFFLED,C,OC,32,-0.1641347579886378,-0.16912389898016966,-0.29432091751319,-0.017795390145512895,3,0,29,-0.36443292317414056,-0.3243289999174795,4,32,0,0,0,0.21219883571806666,0.1425183141560602,0.7937373179641884
2,legacy_dev,REFUGE_Valid,C_PCA_SHUFFLED,C,macro,32,-0.3275973792102217,-0.3065911785190889,-0.5562179825011138,-0.12729106171696644,1,0,31,-0.7116437464916747,-0.625444895088556,4,,,,,,,
2,legacy_dev,Drishti_GS,C_SENS,C,OD,32,0.0,0.0,0.0,0.0,0,32,0,0.0,0.0,4,32,0,0,0,0.0,0.0,0.0
2,legacy_dev,Drishti_GS,C_SENS,C,OC,32,0.0,0.0,0.0,0.0,0,32,0,0.0,0.0,4,32,0,0,0,0.0,0.0,0.0
2,legacy_dev,Drishti_GS,C_SENS,C,macro,32,0.0,0.0,0.0,0.0,0,32,0,0.0,0.0,4,,,,,,,
2,legacy_dev,Drishti_GS,C_PER256,C,OD,32,-3.06153266551037,-2.6897540041127046,-4.210678199748873,-2.091823235029121,0,0,32,-7.777669154731893,-5.5127296249620095,4,32,0,0,0,3.0627480747170375,2.919801000463398,5.671654976849849
2,legacy_dev,Drishti_GS,C_PER256,C,OC,32,-2.0870007824980448,-2.7688802041428815,-3.8970448329353524,2.0348182112649664,4,0,28,-7.375712711598458,-4.934735566144016,4,32,0,0,0,0.7191882112764614,1.0050189125201516,2.36295356508338
2,legacy_dev,Drishti_GS,C_PER256,C,macro,32,-2.5742667240042083,-2.6310490000710782,-3.857338740996062,-0.5030646661807054,3,0,29,-6.020326341654059,-4.87042140248593,4,,,,,,,
2,legacy_dev,Drishti_GS,C_SENS,C_PER256,OD,32,3.06153266551037,2.6897540041127046,2.0918232350291213,4.210678199748873,32,0,0,1.3063639174183073,1.7992465266354785,4,32,0,0,0,-3.0627480747170375,-2.919801000463398,-1.683305086081035
2,legacy_dev,Drishti_GS,C_SENS,C_PER256,OC,32,2.0870007824980448,2.7688802041428815,-2.034818211264958,3.8970448329353524,28,0,4,-5.760629593075106,-4.170454173846339,4,32,0,0,0,-0.7191882112764614,-1.0050189125201516,1.3401571993302601
2,legacy_dev,Drishti_GS,C_SENS,C_PER256,macro,32,2.5742667240042083,2.6310490000710782,0.5030646661807082,3.8573387409960627,29,0,3,-1.2105624460200137,-0.5007102021671095,4,,,,,,,
2,legacy_dev,Drishti_GS,C_PCA_GLOBAL,C,OD,32,0.07483189308730223,0.07522766959761062,0.03548857558668295,0.11282712982948584,32,0,0,0.002819762445138707,0.02471020726794171,4,32,0,0,0,-0.08119767984355654,-0.07604721615763932,-0.00457785192010407
2,legacy_dev,Drishti_GS,C_PCA_GLOBAL,C,OC,32,-0.026666871976747594,-0.023990251426714293,-0.12178557931401102,0.05319975222541684,14,0,18,-0.31568386826447137,-0.19561849458495234,4,32,0,0,0,-0.0016188575758343537,-0.01991767567135394,0.3003355864154562
2,legacy_dev,Drishti_GS,C_PCA_GLOBAL,C,macro,32,0.024082510555277492,0.018723230626394027,-0.03505173531679451,0.06653978669312943,23,0,9,-0.10139586025392777,-0.05678213905659646,4,,,,,,,
2,legacy_dev,Drishti_GS,C_PCA_REGION,C,OD,32,-0.024889114291730408,-0.02249334682465909,-0.058866482657597974,0.0162308065698269,6,1,25,-0.10435329781266489,-0.07778654204464996,4,32,0,0,0,0.015253560236391225,0.020085731330174106,0.11126920594022272
2,legacy_dev,Drishti_GS,C_PCA_REGION,C,OC,32,0.641196790766781,0.6407279847872038,0.20642321827820664,1.1326389132356565,29,0,3,-0.5808419685226052,-0.21769760760975976,4,32,0,0,0,-0.3910722043178284,-0.35312887567162177,0.20905095614257085
2,legacy_dev,Drishti_GS,C_PCA_REGION,C,macro,32,0.3081538382375248,0.31640276492228003,0.08015382497092549,0.5354583960491144,29,0,3,-0.3016853481130455,-0.11530323413748711,4,,,,,,,
2,legacy_dev,Drishti_GS,C_PCA_REGION,C_PCA_GLOBAL,OD,32,-0.09972100737903264,-0.11269504004164377,-0.14746514767443486,-0.02925646440902867,2,0,30,-0.2006752072796547,-0.16953112073246068,4,32,0,0,0,0.09645124007994776,0.09186754263161445,0.22038256304561132
2,legacy_dev,Drishti_GS,C_PCA_REGION,C_PCA_GLOBAL,OC,32,0.6678636627435286,0.6550488642632413,0.18345056044679842,1.1763404423095793,29,0,3,-0.4840455693675749,-0.1541072184149117,4,32,0,0,0,-0.38945334674199406,-0.33447308121503383,0.2942086818226153
2,legacy_dev,Drishti_GS,C_PCA_REGION,C_PCA_GLOBAL,macro,32,0.2840713276822473,0.2752905404453998,0.03503498292609098,0.53343259499406,29,0,3,-0.31605769980199705,-0.12541541150596913,4,,,,,,,
2,legacy_dev,Drishti_GS,C_PCA_REGION,C_PCA_SHUFFLED,OD,32,-0.0990575045180405,-0.1061319813394801,-0.1554112939706731,-0.026327006634504418,2,0,30,-0.1980901679022984,-0.1706155570147,4,32,0,0,0,0.09884129468559454,0.09414797166385602,0.21618225069244001
2,legacy_dev,Drishti_GS,C_PCA_REGION,C_PCA_SHUFFLED,OC,32,0.6826355901411167,0.6705937775387583,0.20100207117217606,1.1929219688761867,29,0,3,-0.47836091105860623,-0.1427461134796415,4,32,0,0,0,-0.4032870082234452,-0.34820549536470047,0.25143442105961955
2,legacy_dev,Drishti_GS,C_PCA_REGION,C_PCA_SHUFFLED,macro,32,0.29178904281153795,0.2847095083046647,0.04230498478852041,0.5542927580170788,29,0,3,-0.31738893567444526,-0.12036202784487249,4,,,,,,,
2,legacy_dev,Drishti_GS,C_PCA_SHUFFLED,C,OD,32,0.0741683902263101,0.07430224748082859,0.03660631084569155,0.10675025732726273,32,0,0,0.0011957302201603959,0.02423047910257714,4,32,0,0,0,-0.08358773444920331,-0.07391643895631139,-0.005340647144482791
2,legacy_dev,Drishti_GS,C_PCA_SHUFFLED,C,OC,32,-0.041438799374335714,-0.03767657754029097,-0.14242729252322284,0.04112431610921232,12,0,20,-0.32459695609431405,-0.21624791333053617,4,32,0,0,0,0.012214803905616828,0.0014292146584127252,0.34008487365670437
2,legacy_dev,Drishti_GS,C_PCA_SHUFFLED,C,macro,32,0.016364795425986844,0.015617850688687263,-0.0461250810257241,0.05585863083382492,22,0,10,-0.10885211782979409,-0.06866205277672455,4,,,,,,,
2,p1_extension_dev,REFUGE,C_SENS,C,OD,32,0.0,0.0,0.0,0.0,0,32,0,0.0,0.0,4,32,0,0,0,0.0,0.0,0.0
2,p1_extension_dev,REFUGE,C_SENS,C,OC,32,0.0,0.0,0.0,0.0,0,32,0,0.0,0.0,4,32,0,0,0,0.0,0.0,0.0
2,p1_extension_dev,REFUGE,C_SENS,C,macro,32,0.0,0.0,0.0,0.0,0,32,0,0.0,0.0,4,,,,,,,
2,p1_extension_dev,REFUGE,C_PER256,C,OD,32,-2.2252822273561166,-3.1161636225390588,-4.937557417996065,2.923394444140478,5,0,27,-6.01141805925085,-5.384115632901637,4,32,0,0,0,1.9958618805884296,2.6645951849724314,5.61504645148734
2,p1_extension_dev,REFUGE,C_PER256,C,OC,32,0.24527411731505855,-0.5876578193875603,-3.7042727346613034,5.125904613845319,16,0,16,-8.52934881566123,-5.221687990209963,4,32,0,0,0,-0.12100920105810677,0.47294799168547086,2.9531653787379275
2,p1_extension_dev,REFUGE,C_PER256,C,macro,32,-0.9900040550205282,-1.775780774401281,-3.655548353977618,4.157942809674904,10,0,22,-7.045898906084491,-4.7478171133125,4,,,,,,,
2,p1_extension_dev,REFUGE,C_SENS,C_PER256,OD,32,2.2252822273561166,3.1161636225390588,-2.9233944441404778,4.937557417996066,27,0,5,-5.5915158543462855,-4.801131637936268,4,32,0,0,0,-1.9958618805884296,-2.6645951849724314,5.249523078014382
2,p1_extension_dev,REFUGE,C_SENS,C_PER256,OC,32,-0.24527411731505855,0.5876578193875603,-5.125904613845318,3.7042727346613042,16,0,16,-7.89232858387453,-6.448029465745162,4,32,0,0,0,0.12100920105810677,-0.47294799168547086,3.5151570084365638
2,p1_extension_dev,REFUGE,C_SENS,C_PER256,macro,32,0.9900040550205282,1.775780774401281,-4.157942809674903,3.655548353977618,22,0,10,-5.330490331277826,-4.926438208260117,4,,,,,,,
2,p1_extension_dev,REFUGE,C_PCA_GLOBAL,C,OD,32,0.05997557309987342,0.06308603586003825,-0.06722431925329286,0.13865977731249204,28,0,4,-0.14748046136966453,-0.1047322692729058,4,32,0,0,0,-0.05531738526093721,-0.04971726931114251,0.17137114421256938
2,p1_extension_dev,REFUGE,C_PCA_GLOBAL,C,OC,32,-0.023795840740924515,-0.01376368209837775,-0.13772197201633363,0.07645760103955902,13,2,17,-0.20777443035679966,-0.16047458872746612,4,32,0,0,0,0.008298013594649295,-0.0039864439310250965,0.14559856211061972
2,p1_extension_dev,REFUGE,C_PCA_GLOBAL,C,macro,32,0.018089866179474973,0.026061589219050774,-0.0562817823246764,0.09785141078562877,22,0,10,-0.1507134569108004,-0.11921554452147265,4,,,,,,,
2,p1_extension_dev,REFUGE,C_PCA_REGION,C,OD,32,-0.02736297988794288,-0.016328793813308318,-0.10208840751699588,0.029763756626137727,13,0,19,-0.17888224504807315,-0.1371590871561995,4,32,0,0,0,0.04634652922700269,0.013135906722555823,0.28183886555907534
2,p1_extension_dev,REFUGE,C_PCA_REGION,C,OC,32,0.008350295633460444,0.1106018231150252,-1.0185952656604813,0.7958273543947425,19,0,13,-1.3299870206650022,-1.124155977777777,4,32,0,0,0,-0.0013744731465234056,0.04735832570915144,0.558656316349298
2,p1_extension_dev,REFUGE,C_PCA_REGION,C,macro,32,-0.009506342127240872,0.07713721011228802,-0.5530756092199374,0.402102862722803,19,0,13,-0.7544346328565377,-0.6225629156264956,4,,,,,,,
2,p1_extension_dev,REFUGE,C_PCA_REGION,C_PCA_GLOBAL,OD,32,-0.0873385529878163,-0.10906671675274815,-0.14772953508373154,-0.01536794397460458,3,0,29,-0.16281514533900143,-0.15561553575964004,4,32,0,0,0,0.1016639144879399,0.09150178107448648,0.2832393678574905
2,p1_extension_dev,REFUGE,C_PCA_REGION,C_PCA_GLOBAL,OC,32,0.03214613637438496,0.12680719904281657,-0.9112897348175797,0.7618124696972695,19,0,13,-1.1222125903082025,-0.9923118870707404,4,32,0,0,0,-0.0096724867411727,0.03902779441081483,0.5195090869986347
2,p1_extension_dev,REFUGE,C_PCA_REGION,C_PCA_GLOBAL,macro,32,-0.027596208306715844,0.02134311856140103,-0.4484719785508662,0.34213817842979616,17,0,15,-0.6037211759457373,-0.5372212713823321,4,,,,,,,
2,p1_extension_dev,REFUGE,C_PCA_REGION,C_PCA_SHUFFLED,OD,32,-0.0856778625169606,-0.1054178968145969,-0.14845444890323023,-0.0063705277583058755,3,0,29,-0.16096768499832548,-0.1556412525157591,4,32,0,0,0,0.09974451200528717,0.09378626620901631,0.2817783220849124
2,p1_extension_dev,REFUGE,C_PCA_REGION,C_PCA_SHUFFLED,OC,32,0.03381775428542115,0.14577303683840914,-0.9279935767352121,0.7932523912791857,19,0,13,-1.1389139111485314,-1.0140631418547348,4,32,0,0,0,-0.007358362285241074,0.024447494006693216,0.536855222817654
2,p1_extension_dev,REFUGE,C_PCA_REGION,C_PCA_SHUFFLED,macro,32,-0.02593005411576886,0.022894424112401834,-0.47016051194899267,0.3514232348617364,18,0,14,-0.6118615945366557,-0.5470806419347218,4,,,,,,,
2,p1_extension_dev,REFUGE,C_PCA_SHUFFLED,C,OD,32,0.058314882629017725,0.06148826186092582,-0.0661669933668696,0.13475377357402896,28,0,4,-0.1498166507342802,-0.10605517377526297,4,32,0,0,0,-0.053397982778284475,-0.04986806982862335,0.17265865219369214
2,p1_extension_dev,REFUGE,C_PCA_SHUFFLED,C,OC,32,-0.025467458651960706,-0.019022751474706556,-0.12349573932217917,0.06635857661439151,13,0,19,-0.19107310951647083,-0.15159222548284113,4,32,0,0,0,0.0059838891387176685,-0.00039558655806049003,0.13474927199925024
2,p1_extension_dev,REFUGE,C_PCA_SHUFFLED,C,macro,32,0.01642371198852799,0.026238019708724192,-0.043714455257035656,0.08471179067744194,21,0,11,-0.142573038319882,-0.10978370361463541,4,,,,,,,
2,p1_extension_dev,ORIGA,C_SENS,C,OD,32,0.0,0.0,0.0,0.0,0,32,0,0.0,0.0,4,32,0,0,0,0.0,0.0,0.0
2,p1_extension_dev,ORIGA,C_SENS,C,OC,32,0.0,0.0,0.0,0.0,0,32,0,0.0,0.0,4,32,0,0,0,0.0,0.0,0.0
2,p1_extension_dev,ORIGA,C_SENS,C,macro,32,0.0,0.0,0.0,0.0,0,32,0,0.0,0.0,4,,,,,,,
2,p1_extension_dev,ORIGA,C_PER256,C,OD,32,-5.545243157790684,-3.4603976649725423,-13.7706624070688,0.0,0,8,24,-28.199825536602035,-19.4678776633471,4,32,0,0,0,5.458659902176377,3.448600214071295,18.340470347831662
2,p1_extension_dev,ORIGA,C_PER256,C,OC,32,-6.375827105894775,-3.0887971743286666,-15.552715810588488,0.0,1,8,23,-35.42684360409285,-25.449563471630135,4,32,0,0,0,2.7181011645680555,0.8525406944388845,13.357380447554505
2,p1_extension_dev,ORIGA,C_PER256,C,macro,32,-5.960535131842729,-4.074471140278696,-14.661689108828648,0.0,0,8,24,-31.217536081506083,-22.45872056748862,4,,,,,,,
2,p1_extension_dev,ORIGA,C_SENS,C_PER256,OD,32,5.545243157790684,3.4603976649725423,0.0,13.770662407068807,24,8,0,0.0,0.0,4,32,0,0,0,-5.458659902176377,-3.448600214071295,0.0
2,p1_extension_dev,ORIGA,C_SENS,C_PER256,OC,32,6.375827105894775,3.0887971743286666,0.0,15.552715810588488,23,8,1,-2.6063188216970623,-0.6515797054242656,4,32,0,0,0,-2.7181011645680555,-0.8525406944388845,1.0052223060875338
2,p1_extension_dev,ORIGA,C_SENS,C_PER256,macro,32,5.960535131842729,4.074471140278696,0.0,14.66168910882865,24,8,0,0.0,0.0,4,,,,,,,
2,p1_extension_dev,ORIGA,C_PCA_GLOBAL,C,OD,32,0.047345972033472836,0.04669633731274048,0.008127960378943033,0.10017888683162672,31,0,1,-0.07680114946565508,-0.015051108853472717,4,32,0,0,0,-0.04433682552983688,-0.036637755284072426,0.10570229971965839
2,p1_extension_dev,ORIGA,C_PCA_GLOBAL,C,OC,32,0.01413640170978038,0.023123681912834426,-0.05045731570738843,0.05749689459465413,23,0,9,-0.09577637135074202,-0.0648931717557949,4,32,0,0,0,-0.0007944579120419126,0.006395271327237495,0.177274726460241
2,p1_extension_dev,ORIGA,C_PCA_GLOBAL,C,macro,32,0.03074118687162626,0.03603125267344076,-0.0027940146158711428,0.06568046858422162,27,0,5,-0.06159848332738527,-0.029721058637566244,4,,,,,,,
2,p1_extension_dev,ORIGA,C_PCA_REGION,C,OD,32,0.021550450932752638,0.018849637959200694,-0.04608545638339012,0.10058901450469948,20,0,12,-0.16140206745517416,-0.09528746944555688,4,32,0,0,0,-0.04042136567666113,-0.02658299308222345,0.16472858103246235
2,p1_extension_dev,ORIGA,C_PCA_REGION,C,OC,32,0.18122297685916872,0.1766888952270007,0.018090647102041446,0.394680236359098,29,0,3,-0.2048408867635243,-0.12491031826017962,4,32,0,0,0,-0.12772805028314196,-0.04623608863686002,0.16426127481373953
2,p1_extension_dev,ORIGA,C_PCA_REGION,C,macro,32,0.10138671389596024,0.08789290288431229,0.0040217848120305275,0.2272510935245709,29,0,3,-0.14707510423082049,-0.09350096451553325,4,,,,,,,
2,p1_extension_dev,ORIGA,C_PCA_REGION,C_PCA_GLOBAL,OD,32,-0.025795521100720198,-0.006570561408614228,-0.1085842207612675,0.03396919573460669,10,0,22,-0.21264252799177985,-0.1424768528424991,4,32,0,0,0,0.003915459853175748,-0.007971621696836628,0.15875065453153647
2,p1_extension_dev,ORIGA,C_PCA_REGION,C_PCA_GLOBAL,OC,32,0.16708657514938835,0.1561377448212331,-0.0004092012652945337,0.3821829627919682,28,0,4,-0.1542615456214924,-0.08136702796368578,4,32,0,0,0,-0.12693359237110005,-0.060542769745752345,0.14333032086526654
2,p1_extension_dev,ORIGA,C_PCA_REGION,C_PCA_GLOBAL,macro,32,0.07064552702433398,0.06854420156019447,-0.0247629884238687,0.20260559071597295,25,0,7,-0.13143134568953663,-0.07862909782901661,4,,,,,,,
2,p1_extension_dev,ORIGA,C_PCA_REGION,C_PCA_SHUFFLED,OD,32,-0.02897377018035059,-0.011861813824437517,-0.11468680018162702,0.032636829290506625,10,0,22,-0.21264252799177985,-0.14350960878342367,4,32,0,0,0,0.01280966062831175,-0.006838817110336848,0.15874958727534505
2,p1_extension_dev,ORIGA,C_PCA_REGION,C_PCA_SHUFFLED,OC,32,0.16510542758734845,0.15980655798942256,-0.026300181596181634,0.3833203554077991,27,0,5,-0.166440493543496,-0.09436573074786125,4,32,0,0,0,-0.1209154683473771,-0.05884477044506209,0.14573728274571085
2,p1_extension_dev,ORIGA,C_PCA_REGION,C_PCA_SHUFFLED,macro,32,0.06806582870350006,0.07039310748463978,-0.0227707068879901,0.1923308565833959,25,0,7,-0.14076826682487553,-0.07938814784109183,4,,,,,,,
2,p1_extension_dev,ORIGA,C_PCA_SHUFFLED,C,OD,32,0.05052422111310323,0.04904419816939565,0.007816488855062476,0.09937378020457024,31,0,1,-0.0858877978938355,-0.01686159770578899,4,32,0,0,0,-0.05323102630497288,-0.03979495927894039,0.10208299432180512
2,p1_extension_dev,ORIGA,C_PCA_SHUFFLED,C,OC,32,0.016117549271820256,0.012768131743928768,-0.04874429250811052,0.08216968212250599,22,0,10,-0.08035355564484092,-0.06986441932747,4,32,0,0,0,-0.0068125819357648665,0.0022990249532348628,0.15065981523649974
2,p1_extension_dev,ORIGA,C_PCA_SHUFFLED,C,macro,32,0.03332088519246018,0.03700802093253852,0.0006105319349614114,0.0761711817050437,29,0,3,-0.06789070627253313,-0.0326771735818604,4,,,,,,,
2,p1_extension_dev,REFUGE_Valid,C_SENS,C,OD,32,0.0,0.0,0.0,0.0,0,32,0,0.0,0.0,4,32,0,0,0,0.0,0.0,0.0
2,p1_extension_dev,REFUGE_Valid,C_SENS,C,OC,32,0.0,0.0,0.0,0.0,0,32,0,0.0,0.0,4,32,0,0,0,0.0,0.0,0.0
2,p1_extension_dev,REFUGE_Valid,C_SENS,C,macro,32,0.0,0.0,0.0,0.0,0,32,0,0.0,0.0,4,,,,,,,
2,p1_extension_dev,REFUGE_Valid,C_PER256,C,OD,32,4.821910354946073,5.189558750493517,-1.2209816123772044,10.336245686532429,26,0,6,-5.048618235648039,-2.5494660177043715,4,32,0,0,0,3.420220721112288,-0.5556218614367388,39.64823250446117
2,p1_extension_dev,REFUGE_Valid,C_PER256,C,OC,32,3.9794303569443494,5.437550422853921,-2.040525049231515,9.096841257836246,26,0,6,-9.440195956782416,-5.830657026737479,4,32,0,0,0,-2.670451994696065,-3.2170645579883494,3.064764039931016
2,p1_extension_dev,REFUGE_Valid,C_PER256,C,macro,32,4.400670355945211,5.059610679560317,-1.503134177285128,8.038905186286653,27,0,5,-4.573869660408447,-2.486180244678801,4,,,,,,,
2,p1_extension_dev,REFUGE_Valid,C_SENS,C_PER256,OD,32,-4.821910354946073,-5.189558750493517,-10.336245686532427,1.2209816123772064,6,0,26,-14.581546089611408,-11.755493978152336,4,32,0,0,0,-3.420220721112288,0.5556218614367388,12.89144196660645
2,p1_extension_dev,REFUGE_Valid,C_SENS,C_PER256,OC,32,-3.9794303569443494,-5.437550422853921,-9.096841257836243,2.040525049231516,6,0,26,-9.702339922281123,-9.485269739014363,4,32,0,0,0,2.670451994696065,3.2170645579883494,6.024368707710658
2,p1_extension_dev,REFUGE_Valid,C_SENS,C_PER256,macro,32,-4.400670355945211,-5.059610679560317,-8.038905186286653,1.5031341772851292,5,0,27,-10.881949738711661,-9.846186423525424,4,,,,,,,
2,p1_extension_dev,REFUGE_Valid,C_PCA_GLOBAL,C,OD,32,-0.44097774571937176,-0.4273775385012113,-0.8206100321880372,-0.029723880054086577,3,0,29,-1.2073419020681042,-0.9291839845454591,4,32,0,0,0,0.49676133546919365,0.4991162446148998,1.2398454158376864
2,p1_extension_dev,REFUGE_Valid,C_PCA_GLOBAL,C,OC,32,-0.17494255690964805,-0.16698485411639763,-0.2664561557742434,-0.11298701728537197,0,0,32,-0.2926322837423001,-0.2773415613245553,4,32,0,0,0,0.12431181129528088,0.12154532900359527,0.3302693954285978
2,p1_extension_dev,REFUGE_Valid,C_PCA_GLOBAL,C,macro,32,-0.30796015131451077,-0.2902391256331516,-0.5035580297596176,-0.08876051634848944,0,0,32,-0.7283580327738459,-0.5752308209700824,4,,,,,,,
2,p1_extension_dev,REFUGE_Valid,C_PCA_REGION,C,OD,32,-0.3186165689637796,-0.2596011846937918,-0.6143324149006391,-0.057625881820800806,2,0,30,-1.0582760631507537,-0.7470537491547774,4,32,0,0,0,0.29830672300568906,0.2324395725563475,0.8772650814267
2,p1_extension_dev,REFUGE_Valid,C_PCA_REGION,C,OC,32,-0.7425614830905531,-0.819523612027212,-1.1308438753410832,-0.09789899113322668,3,0,29,-1.2176953626561404,-1.1850307754355764,4,32,0,0,0,0.44359463277683775,0.4731289984986997,0.9194147007648716
2,p1_extension_dev,REFUGE_Valid,C_PCA_REGION,C,macro,32,-0.5305890260271673,-0.5849991259174347,-0.7891337504734386,-0.14973866818506973,2,0,30,-1.0994994164287508,-0.9153160278404043,4,,,,,,,
2,p1_extension_dev,REFUGE_Valid,C_PCA_REGION,C_PCA_GLOBAL,OD,32,0.1223611767555921,0.14292331866628816,-0.020884703247811,0.2225941705435264,27,0,5,-0.10987387199227205,-0.08140141130788259,4,32,0,0,0,-0.1984546124635046,-0.18352464961754844,0.24874633990058603
2,p1_extension_dev,REFUGE_Valid,C_PCA_REGION,C_PCA_GLOBAL,OC,32,-0.567618926180905,-0.644353949724838,-0.8896830478531237,0.03886767647380325,4,0,28,-1.1509556090932405,-0.9939767888202555,4,32,0,0,0,0.3192828214815569,0.3473956539095777,0.6548286179404856
2,p1_extension_dev,REFUGE_Valid,C_PCA_REGION,C_PCA_GLOBAL,macro,32,-0.22262887471265652,-0.21652236930222446,-0.39065274032977326,0.0477047702648306,4,0,28,-0.5515581602269837,-0.46664821033914616,4,,,,,,,
2,p1_extension_dev,REFUGE_Valid,C_PCA_REGION,C_PCA_SHUFFLED,OD,32,0.11336472449409649,0.12739514415692765,-0.02426905879741703,0.21868858572130503,27,0,5,-0.10641360451359994,-0.08103145898313568,4,32,0,0,0,-0.21524369331112192,-0.18951930582781884,0.2533652169956636
2,p1_extension_dev,REFUGE_Valid,C_PCA_REGION,C_PCA_SHUFFLED,OC,32,-0.5878846620406492,-0.6865728012414196,-0.9404336552423442,0.04831607706336337,4,0,28,-1.2038290623111125,-1.0353489323688667,4,32,0,0,0,0.3318738047365384,0.3742744091616821,0.6743873922150692
2,p1_extension_dev,REFUGE_Valid,C_PCA_REGION,C_PCA_SHUFFLED,macro,32,-0.23725996877327696,-0.2411456135504697,-0.40326661049932655,0.04516575168967002,4,0,28,-0.5803657567536757,-0.48454457005932816,4,,,,,,,
2,p1_extension_dev,REFUGE_Valid,C_PCA_SHUFFLED,C,OD,32,-0.43198129345787606,-0.41617498358841876,-0.8098906992819954,-0.02633952450448053,1,0,31,-1.2092017342329897,-0.9212664657432645,4,32,0,0,0,0.513550416316811,0.5121515652675033,1.3236341531037934
2,p1_extension_dev,REFUGE_Valid,C_PCA_SHUFFLED,C,OC,32,-0.15467682104990388,-0.14881123762910953,-0.23820994569858644,-0.1124729101980698,1,0,31,-0.27877399233677824,-0.2511409174342033,4,32,0,0,0,0.1117208280402994,0.1089188294901966,0.31970871792357736
2,p1_extension_dev,REFUGE_Valid,C_PCA_SHUFFLED,C,macro,32,-0.29332905725389036,-0.2720396055633234,-0.48748316882750276,-0.08051597698255913,0,0,32,-0.7016551001576832,-0.5487676966468735,4,,,,,,,
2,p1_extension_dev,Drishti_GS,C_SENS,C,OD,32,0.0,0.0,0.0,0.0,0,32,0,0.0,0.0,4,32,0,0,0,0.0,0.0,0.0
2,p1_extension_dev,Drishti_GS,C_SENS,C,OC,32,0.0,0.0,0.0,0.0,0,32,0,0.0,0.0,4,32,0,0,0,0.0,0.0,0.0
2,p1_extension_dev,Drishti_GS,C_SENS,C,macro,32,0.0,0.0,0.0,0.0,0,32,0,0.0,0.0,4,,,,,,,
2,p1_extension_dev,Drishti_GS,C_PER256,C,OD,32,-3.2479934120617155,-2.7797129322110923,-4.68414095453341,-2.045752332692373,0,0,32,-9.289827588645805,-5.894274106064747,4,32,0,0,0,3.345703671433099,2.896541521913716,6.088746918845434
2,p1_extension_dev,Drishti_GS,C_PER256,C,OC,32,-1.5334122148663483,-1.8918953155373008,-3.6185937213583372,1.4597854599418951,8,0,24,-6.078342522673141,-4.418341056072627,4,32,0,0,0,0.5364163195149705,0.7649009848222477,2.074043212418861
2,p1_extension_dev,Drishti_GS,C_PER256,C,macro,32,-2.3907028134640322,-2.365422470538958,-3.807115948616453,-0.7285175442779487,1,0,31,-4.869281952558913,-4.312227952112541,4,,,,,,,
2,p1_extension_dev,Drishti_GS,C_SENS,C_PER256,OD,32,3.2479934120617155,2.7797129322110923,2.0457523326923734,4.684140954533411,32,0,0,1.8623869143700067,1.9196512830176982,4,32,0,0,0,-3.345703671433099,-2.896541521913716,-1.8339142955556205
2,p1_extension_dev,Drishti_GS,C_SENS,C_PER256,OC,32,1.5334122148663483,1.8918953155373008,-1.4597854599418947,3.6185937213583377,24,0,8,-3.721259002790722,-2.421884817513681,4,32,0,0,0,-0.5364163195149705,-0.7649009848222477,1.4074306606650766
2,p1_extension_dev,Drishti_GS,C_SENS,C_PER256,macro,32,2.3907028134640322,2.365422470538958,0.7285175442779501,3.807115948616453,31,0,1,-0.30180257282361733,0.27147840260467737,4,,,,,,,
2,p1_extension_dev,Drishti_GS,C_PCA_GLOBAL,C,OD,32,0.07641493064215882,0.08337692769386229,0.025715470491570747,0.11394600848227188,31,0,1,-0.03133622353602705,0.004226063294665572,4,32,0,0,0,-0.0732692424179719,-0.08261969093986377,0.04453198210127729
2,p1_extension_dev,Drishti_GS,C_PCA_GLOBAL,C,OC,32,-0.00752402810412639,-0.0005561029371159432,-0.0814858998000817,0.06774014300110377,14,2,16,-0.2067707364970417,-0.14204033007768763,4,32,0,0,0,-0.0027990136871482996,-0.010585550243080721,0.15998903411857057
2,p1_extension_dev,Drishti_GS,C_PCA_GLOBAL,C,macro,32,0.03444545126901448,0.038449093776837806,-0.0020663347929150695,0.07964672536139529,28,0,4,-0.06949472951717217,-0.03919023058954196,4,,,,,,,
2,p1_extension_dev,Drishti_GS,C_PCA_REGION,C,OD,32,-0.016793100120243362,-0.01361838608762711,-0.06547860197625988,0.023302044464534877,10,0,22,-0.09620206775429185,-0.07531531055064711,4,32,0,0,0,0.022504902345895403,0.004123804543048282,0.12494678421680616
2,p1_extension_dev,Drishti_GS,C_PCA_REGION,C,OC,32,0.49316320135995384,0.6162514227596783,-0.4554503210105032,1.2027841735151263,25,0,7,-0.8355376496194555,-0.6297794353378378,4,32,0,0,0,-0.3178874010806204,-0.33834521497195613,0.404544912245298
2,p1_extension_dev,Drishti_GS,C_PCA_REGION,C,macro,32,0.23818505061985568,0.2979462625819329,-0.23073098095227174,0.5966305646723702,25,0,7,-0.43366404856697294,-0.31582646880710663,4,,,,,,,
2,p1_extension_dev,Drishti_GS,C_PCA_REGION,C_PCA_GLOBAL,OD,32,-0.09320803076240218,-0.10701032134898814,-0.15122355640029284,-0.03528446857424371,2,0,30,-0.18310288490177573,-0.16702540358304319,4,32,0,0,0,0.09577414476386731,0.08313247889748387,0.25356110434227874
2,p1_extension_dev,Drishti_GS,C_PCA_REGION,C_PCA_GLOBAL,OC,32,0.5006872294640802,0.5925715656587227,-0.4517329933061842,1.264164836402315,25,0,7,-0.7897287070297354,-0.6274972007902585,4,32,0,0,0,-0.3150883873934721,-0.29944579876075306,0.43344695865816085
2,p1_extension_dev,Drishti_GS,C_PCA_REGION,C_PCA_GLOBAL,macro,32,0.20373959935084118,0.2609674781549942,-0.262351060601721,0.5764347698564554,24,0,8,-0.4121411857337387,-0.3415282337212805,4,,,,,,,
2,p1_extension_dev,Drishti_GS,C_PCA_REGION,C_PCA_SHUFFLED,OD,32,-0.09180779272215944,-0.10748085407589203,-0.1560620982816996,-0.03996442743221307,2,0,30,-0.17368275282658718,-0.16585934724008267,4,32,0,0,0,0.09310871174591037,0.08313527377121854,0.24154487440729877
2,p1_extension_dev,Drishti_GS,C_PCA_REGION,C_PCA_SHUFFLED,OC,32,0.5112601159957458,0.6097742162859354,-0.4613251601751933,1.2777957384553746,25,0,7,-0.7954518836423619,-0.6242631811619048,4,32,0,0,0,-0.31657401364030885,-0.2884648702913397,0.44244299539318455
2,p1_extension_dev,Drishti_GS,C_PCA_REGION,C_PCA_SHUFFLED,macro,32,0.20972616163679356,0.267483299680904,-0.2676569592441824,0.5857093678132796,24,0,8,-0.4118426080214732,-0.3404664289461484,4,,,,,,,
2,p1_extension_dev,Drishti_GS,C_PCA_SHUFFLED,C,OD,32,0.07501469260191608,0.07962860505695835,0.02517512225429064,0.11379066265776783,30,0,2,-0.035649578458385456,0.0006922114999224904,4,32,0,0,0,-0.07060380940001497,-0.08073723292718338,0.04753840801062659
2,p1_extension_dev,Drishti_GS,C_PCA_SHUFFLED,C,OC,32,-0.018096914635792015,0.0,-0.09474119516970803,0.05833385326038168,14,3,15,-0.23863409684553583,-0.1616412271547879,4,32,0,0,0,-0.0013133874403115642,-0.001945110326129651,0.1443984158616627
2,p1_extension_dev,Drishti_GS,C_PCA_SHUFFLED,C,macro,32,0.02845888898306212,0.03475167634480747,-0.008908579315235476,0.06826498561269713,26,0,6,-0.08663607646148819,-0.04874515941431512,4,,,,,,,
2,all_dev,REFUGE,C_SENS,C,OD,400,0.0,0.0,0.0,0.0,0,400,0,0.0,0.0,40,400,0,0,0,0.0,0.0,0.0
2,all_dev,REFUGE,C_SENS,C,OC,400,0.0,0.0,0.0,0.0,0,400,0,0.0,0.0,40,400,0,0,0,0.0,0.0,0.0
2,all_dev,REFUGE,C_SENS,C,macro,400,0.0,0.0,0.0,0.0,0,400,0,0.0,0.0,40,,,,,,,
2,all_dev,REFUGE,C_PER256,C,OD,400,-2.537588441035273,-3.2973886058286714,-5.024910755960001,1.307807427841678,67,0,333,-15.284258025559694,-6.057344117597951,40,400,0,0,0,2.7452225054010864,3.003011572286065,10.518046643212703
2,all_dev,REFUGE,C_PER256,C,OC,400,0.08381913471739903,0.28581636734371085,-4.597562706643619,4.653068404768561,209,0,191,-12.044790379745818,-6.541231390460243,40,400,0,0,0,-0.09646688645605937,-0.1515991860059307,3.1347245757487743
2,all_dev,REFUGE,C_PER256,C,macro,400,-1.226884653158937,-1.5748471113424645,-4.332955144464764,2.217867041093741,117,0,283,-9.141310487939124,-5.619916722057586,40,,,,,,,
2,all_dev,REFUGE,C_SENS,C_PER256,OD,400,2.537588441035273,3.2973886058286714,-1.307807427841673,5.0249107559600015,333,0,67,-8.765105539085837,-3.6209252961621927,40,400,0,0,0,-2.7452225054010864,-3.003011572286065,3.968431235408545
2,all_dev,REFUGE,C_SENS,C_PER256,OC,400,-0.08381913471739903,-0.28581636734371085,-4.653068404768561,4.597562706643621,191,0,209,-10.87082414402567,-6.276843080790492,40,400,0,0,0,0.09646688645605937,0.1515991860059307,3.3500722733925783
2,all_dev,REFUGE,C_SENS,C_PER256,macro,400,1.226884653158937,1.5748471113424645,-2.217867041093738,4.332955144464764,283,0,117,-9.81796484155575,-4.1637421674025825,40,,,,,,,
2,all_dev,REFUGE,C_PCA_GLOBAL,C,OD,400,0.06607612149772453,0.0731076246431206,-0.0400919720159576,0.15236650939146396,331,0,69,-0.14748046136966453,-0.07919968353649776,40,400,0,0,0,-0.05784008512714756,-0.06134884916747074,0.1504204600038125
2,all_dev,REFUGE,C_PCA_GLOBAL,C,OC,400,-0.031168784252550593,-0.028952251874853063,-0.1481538203731636,0.07749799889926193,156,3,241,-0.2940923136857121,-0.18915641820766854,40,400,0,0,0,0.017829312687468093,0.01423554154943929,0.15749649755324868
2,all_dev,REFUGE,C_PCA_GLOBAL,C,macro,400,0.017453668622586904,0.02242784442001433,-0.07421267601674497,0.09676781776249979,260,0,140,-0.16725367094430066,-0.10994426191926059,40,,,,,,,
2,all_dev,REFUGE,C_PCA_REGION,C,OD,400,-0.019392371537863745,-0.020685105195805686,-0.08972601980817173,0.05415896736688965,142,1,257,-0.17938543542560526,-0.12210562667587381,40,400,0,0,0,0.03209745244909823,0.03242364890861049,0.20286899254426816
2,all_dev,REFUGE,C_PCA_REGION,C,OC,400,-0.12220934295349398,-0.1495180741037272,-0.8454703424859622,0.6619743093986086,167,0,233,-1.3299870206650022,-1.0172368683198347,40,400,0,0,0,0.07409349492271677,0.09908513474275216,0.5381689974771948
2,all_dev,REFUGE,C_PCA_REGION,C,macro,400,-0.07080085724567858,-0.08971337822325509,-0.4299901031729769,0.3330160538005912,163,0,237,-0.7544346328565377,-0.5310232485597168,40,,,,,,,
2,all_dev,REFUGE,C_PCA_REGION,C_PCA_GLOBAL,OD,400,-0.08546849303558829,-0.09624128684520006,-0.15527719123960226,0.001137024160015057,42,0,358,-0.25084141015624395,-0.1843588625878742,40,400,0,0,0,0.08993753757624579,0.09351488029215593,0.27218448240710574
2,all_dev,REFUGE,C_PCA_REGION,C_PCA_GLOBAL,OC,400,-0.09104055870094341,-0.11497464468344654,-0.7378633975207716,0.6176758925850913,169,0,231,-1.1558741481771495,-0.8899441861989595,40,400,0,0,0,0.05626418223524869,0.07893202771118268,0.49297741649821497
2,all_dev,REFUGE,C_PCA_REGION,C_PCA_GLOBAL,macro,400,-0.08825452586826549,-0.10421273408594,-0.4125388087692927,0.2636848359553779,145,0,255,-0.6159412312646051,-0.488103057286941,40,,,,,,,
2,all_dev,REFUGE,C_PCA_REGION,C_PCA_SHUFFLED,OD,400,-0.0842118200390426,-0.09690482926401622,-0.1543954601060138,0.005157777498150394,43,0,357,-0.25017606548898286,-0.18269587725638498,40,400,0,0,0,0.08897196365873615,0.0922664056811695,0.271335848681413
2,all_dev,REFUGE,C_PCA_REGION,C_PCA_SHUFFLED,OC,400,-0.09192865303130814,-0.1173985138038458,-0.7456652316741552,0.6247951897325902,167,0,233,-1.148964823837495,-0.9014001060062256,40,400,0,0,0,0.057247367438230584,0.0843019716330704,0.49796194611021816
2,all_dev,REFUGE,C_PCA_REGION,C_PCA_SHUFFLED,macro,400,-0.08807023653517482,-0.106842150414177,-0.4183130674812341,0.2694698516070949,145,0,255,-0.6199497429728917,-0.49279260126248303,40,,,,,,,
2,all_dev,REFUGE,C_PCA_SHUFFLED,C,OD,400,0.06481944850117885,0.07306878368169567,-0.03913751005099052,0.1509105227626184,328,0,72,-0.1520033242291663,-0.08084650441188695,40,400,0,0,0,-0.056874511209637914,-0.05964075537965163,0.15387718068346962
2,all_dev,REFUGE,C_PCA_SHUFFLED,C,OC,400,-0.03028068992218584,-0.028400704144720956,-0.14577741932482735,0.06835976070531996,150,0,250,-0.30036590941338037,-0.18267813506135405,40,400,0,0,0,0.016846127484486193,0.013780876356210392,0.15245738464126726
2,all_dev,REFUGE,C_PCA_SHUFFLED,C,macro,400,0.017269379289496234,0.022737237201947424,-0.06844178811629353,0.09141105883514024,257,0,143,-0.17303869503353386,-0.10703824151055281,40,,,,,,,
2,all_dev,ORIGA,C_SENS,C,OD,650,0.0,0.0,0.0,0.0,0,650,0,0.0,0.0,65,650,0,0,0,0.0,0.0,0.0
2,all_dev,ORIGA,C_SENS,C,OC,650,0.0,0.0,0.0,0.0,0,650,0,0.0,0.0,65,650,0,0,0,0.0,0.0,0.0
2,all_dev,ORIGA,C_SENS,C,macro,650,0.0,0.0,0.0,0.0,0,650,0,0.0,0.0,65,,,,,,,
2,all_dev,ORIGA,C_PER256,C,OD,650,-3.49707723794652,-2.0373584012104318,-8.669827012747838,0.0,13,256,381,-38.632262256876395,-15.790509782441076,65,650,0,0,0,3.9496228513362794,2.014527059983686,19.36402588905495
2,all_dev,ORIGA,C_PER256,C,OC,650,-3.8547286193958894,-0.7211520399555305,-12.727989439873836,0.0,50,256,344,-48.74635271779466,-22.376036708453466,65,650,0,0,0,1.8135400646611595,0.0,11.367263728813958
2,all_dev,ORIGA,C_PER256,C,macro,650,-3.675902928671204,-1.5011057293118857,-11.067875538116741,0.0,19,256,375,-36.22000533086543,-18.825432805172106,65,,,,,,,
2,all_dev,ORIGA,C_SENS,C_PER256,OD,650,3.49707723794652,2.0373584012104318,0.0,8.669827012747845,381,256,13,-2.2423775595701856,-0.13946486430991756,65,650,0,0,0,-3.9496228513362794,-2.014527059983686,0.2003826024257006
2,all_dev,ORIGA,C_SENS,C_PER256,OC,650,3.8547286193958894,0.7211520399555305,0.0,12.727989439873838,344,256,50,-9.579289258467927,-1.4245326751929646,65,650,0,0,0,-1.8135400646611595,0.0,1.3890666837618284
2,all_dev,ORIGA,C_SENS,C_PER256,macro,650,3.675902928671204,1.5011057293118857,0.0,11.067875538116745,375,256,19,-2.115441703127141,-0.2804334325597705,65,,,,,,,
2,all_dev,ORIGA,C_PCA_GLOBAL,C,OD,650,0.03475687461929,0.030035784415338718,-6.699978120083446e-06,0.08187118694150898,557,28,65,-0.08151087633678777,-0.016588254099962042,65,650,0,0,0,-0.04105154901076899,-0.02539944623554735,0.0789817922580768
2,all_dev,ORIGA,C_PCA_GLOBAL,C,OC,650,0.005800039406537518,0.005704573434506255,-0.045269416900349795,0.05665655616505674,361,42,247,-0.27783276327707496,-0.08591373023696178,65,650,0,0,0,-0.012864592908903329,-0.0043172631168335585,0.11836882578016891
2,all_dev,ORIGA,C_PCA_GLOBAL,C,macro,650,0.020278457012913587,0.015320851219924325,-0.013576887668405035,0.06136701257208444,495,23,132,-0.1531551619023075,-0.03438856655094708,65,,,,,,,
2,all_dev,ORIGA,C_PCA_REGION,C,OD,650,0.020123906572794434,0.011304070208389971,-0.03895371910549006,0.08732133557200708,414,24,212,-0.16288081220572348,-0.06442336075671812,65,650,0,0,0,-0.02299278197816727,-0.0051914397328214346,0.1417445378006757
2,all_dev,ORIGA,C_PCA_REGION,C,OC,650,0.16190824841909685,0.12304872757483154,-0.037205644654212375,0.4561951450330294,530,24,96,-0.6564341233777471,-0.19880195824292823,65,650,0,0,0,-0.08839313996295764,-0.051098102756053976,0.23047267447604183
2,all_dev,ORIGA,C_PCA_REGION,C,macro,650,0.09101607749594536,0.07610655287390022,-0.020227097176367392,0.23876174787673232,541,18,91,-0.35204394135905925,-0.10561567105174043,65,,,,,,,
2,all_dev,ORIGA,C_PCA_REGION,C_PCA_GLOBAL,OD,650,-0.01463296804649557,-0.0042957709427360324,-0.08994148372791111,0.03884468496425042,269,24,357,-0.21264252799177985,-0.11734573211205318,65,650,0,0,0,0.018058767032601713,0.008997022238282248,0.19189206836656997
2,all_dev,ORIGA,C_PCA_REGION,C_PCA_GLOBAL,OC,650,0.1561082090125593,0.11604861096986552,-0.02426477628220234,0.43442570989488016,534,28,88,-0.5823919954402013,-0.15134140804935262,65,650,0,0,0,-0.0755285470540543,-0.03808660375521278,0.20197592064243153
2,all_dev,ORIGA,C_PCA_REGION,C_PCA_GLOBAL,macro,650,0.07073762048303177,0.056213034638374904,-0.01647945367417635,0.19849909708612334,529,20,101,-0.33855280015782085,-0.09349381102602758,65,,,,,,,
2,all_dev,ORIGA,C_PCA_REGION,C_PCA_SHUFFLED,OD,650,-0.01778559938609823,-0.006930118000414431,-0.09031787232469668,0.03552864075245467,248,27,375,-0.21264252799177985,-0.11766147975835153,65,650,0,0,0,0.020402829619391827,0.010949918652589652,0.19485101371196467
2,all_dev,ORIGA,C_PCA_REGION,C_PCA_SHUFFLED,OC,650,0.15558980956025514,0.11539493626093744,-0.02736946130641238,0.4361285383190405,537,24,89,-0.5896947976593347,-0.1558065696074737,65,650,0,0,0,-0.07438737827788881,-0.034662741498490135,0.19983138357157912
2,all_dev,ORIGA,C_PCA_REGION,C_PCA_SHUFFLED,macro,650,0.06890210508707864,0.05298494603525605,-0.018045053015305342,0.20058718557336544,530,18,102,-0.3435342184246126,-0.09674111745105164,65,,,,,,,
2,all_dev,ORIGA,C_PCA_SHUFFLED,C,OD,650,0.03790950595889267,0.03385621612643219,0.0,0.08766352349816375,573,26,51,-0.0881682795910721,-0.015031063174280558,65,650,0,0,0,-0.04339561159755909,-0.026782545556280013,0.07969417921997171
2,all_dev,ORIGA,C_PCA_SHUFFLED,C,OC,650,0.00631843885884165,0.004923317954214079,-0.04514186285503763,0.05734480306450408,360,38,252,-0.2866172481166607,-0.08419654115635969,65,650,0,0,0,-0.014005761685068827,-0.005275488752991109,0.12165717291591858
2,all_dev,ORIGA,C_PCA_SHUFFLED,C,macro,650,0.022113972408866717,0.017513611422520503,-0.011064281286288223,0.06614526653043186,505,23,122,-0.15265481970824224,-0.03212484419421577,65,,,,,,,
2,all_dev,REFUGE_Valid,C_SENS,C,OD,800,0.0,0.0,0.0,0.0,0,800,0,0.0,0.0,80,800,0,0,0,0.0,0.0,0.0
2,all_dev,REFUGE_Valid,C_SENS,C,OC,800,0.0,0.0,0.0,0.0,0,800,0,0.0,0.0,80,800,0,0,0,0.0,0.0,0.0
2,all_dev,REFUGE_Valid,C_SENS,C,macro,800,0.0,0.0,0.0,0.0,0,800,0,0.0,0.0,80,,,,,,,
2,all_dev,REFUGE_Valid,C_PER256,C,OD,800,5.113197543324815,5.589233205759248,-1.3152243930253549,11.006904432493974,690,0,110,-22.378357371756906,-5.169216324682479,80,800,0,0,0,-0.292688759865075,-3.055593920321089,28.827032686023692
2,all_dev,REFUGE_Valid,C_PER256,C,OC,800,4.329708952138352,5.057916191561102,0.3604508837561963,7.881798149803938,726,0,74,-29.036842860218627,-5.108952024998887,80,800,0,0,0,-2.4684601592708137,-3.0335452469808697,5.306722601335567
2,all_dev,REFUGE_Valid,C_PER256,C,macro,800,4.721453247731583,5.220603956510272,0.16303206327372843,8.90737975090769,722,0,78,-22.54773820786675,-3.6090609716762545,80,,,,,,,
2,all_dev,REFUGE_Valid,C_SENS,C_PER256,OD,800,-5.113197543324815,-5.589233205759248,-11.006904432493974,1.315224393025355,110,0,690,-23.575779643518747,-13.224692507881832,80,800,0,0,0,0.292688759865075,3.055593920321089,14.65376887373817
2,all_dev,REFUGE_Valid,C_SENS,C_PER256,OC,800,-4.329708952138352,-5.057916191561102,-7.881798149803938,-0.36045088375619444,74,0,726,-14.583330131643402,-8.825383896442204,80,800,0,0,0,2.4684601592708137,3.0335452469808697,6.075304704173183
2,all_dev,REFUGE_Valid,C_SENS,C_PER256,macro,800,-4.721453247731583,-5.220603956510272,-8.907379750907689,-0.1630320632737268,78,0,722,-14.921335376813916,-10.094428854896696,80,,,,,,,
2,all_dev,REFUGE_Valid,C_PCA_GLOBAL,C,OD,800,-0.46897570017961226,-0.44643073041345516,-0.8002505050917952,-0.1453711915402821,17,0,783,-1.5773105478158467,-0.9546761022833408,80,800,0,0,0,0.5588679138791434,0.5334491643042472,1.669502592418245
2,all_dev,REFUGE_Valid,C_PCA_GLOBAL,C,OC,800,-0.17865681013205859,-0.18146924743872028,-0.2827252416121634,-0.07017317511242459,41,0,759,-0.5049767391539561,-0.3268427190851976,80,800,0,0,0,0.17813977951875937,0.1602750374131574,0.5691881365090566
2,all_dev,REFUGE_Valid,C_PCA_GLOBAL,C,macro,800,-0.3238162551558357,-0.31798996097757715,-0.5126111894402618,-0.1372300817475058,8,0,792,-0.851252352901799,-0.5911198211230632,80,,,,,,,
2,all_dev,REFUGE_Valid,C_PCA_REGION,C,OD,800,-0.3151627061275377,-0.29402151350473305,-0.6090135665157004,-0.0520536531213844,31,0,769,-1.077983066094812,-0.7180426850080958,80,800,0,0,0,0.2832451689128246,0.2748243100140897,1.0904621965719916
2,all_dev,REFUGE_Valid,C_PCA_REGION,C,OC,800,-0.8009303058455386,-0.8465709877577249,-1.1656662388106875,-0.46097733467877355,38,0,762,-1.6162990589081883,-1.2590360900193187,80,800,0,0,0,0.5114984117786572,0.5166911421734826,1.131928867194849
2,all_dev,REFUGE_Valid,C_PCA_REGION,C,macro,800,-0.5580465059865385,-0.5735059360670758,-0.8530009647006487,-0.290550769139285,27,0,773,-1.2205319205142229,-0.9240610536972108,80,,,,,,,
2,all_dev,REFUGE_Valid,C_PCA_REGION,C_PCA_GLOBAL,OD,800,0.15381299405207458,0.15246363938201113,0.0308200622141952,0.2706147394916414,744,0,56,-0.11678523070141056,-0.02378423489874909,80,800,0,0,0,-0.27562274496631883,-0.2200705040045321,0.4320291058192547
2,all_dev,REFUGE_Valid,C_PCA_REGION,C_PCA_GLOBAL,OC,800,-0.62227349571348,-0.6577687124179193,-0.9401338345652049,-0.3305563225285523,39,0,761,-1.4052788769970959,-1.0512701446085766,80,800,0,0,0,0.3333586322598978,0.3470264351229311,0.8556426146324881
2,all_dev,REFUGE_Valid,C_PCA_REGION,C_PCA_GLOBAL,macro,800,-0.2342302508307028,-0.25148268933684603,-0.40443043178655547,-0.06624402308715689,58,0,742,-0.6434406886272059,-0.46789842935485143,80,,,,,,,
2,all_dev,REFUGE_Valid,C_PCA_REGION,C_PCA_SHUFFLED,OD,800,0.1442444924677176,0.1438720686559869,0.01789330043267867,0.24876376343671128,743,0,57,-0.13505385314468432,-0.02860104154066262,80,800,0,0,0,-0.27119153730907647,-0.21332044160654018,0.4295104303023022
2,all_dev,REFUGE_Valid,C_PCA_REGION,C_PCA_SHUFFLED,OC,800,-0.6411611254359053,-0.6810025105453477,-0.9684641017407025,-0.3419273315406611,38,0,762,-1.452641806790278,-1.081590423597572,80,800,0,0,0,0.35451011771551594,0.3685609635575444,0.8802882896220122
2,all_dev,REFUGE_Valid,C_PCA_REGION,C_PCA_SHUFFLED,macro,800,-0.248458316484094,-0.26174949438316775,-0.4291425891388334,-0.07054238804896416,55,0,745,-0.6578541567739071,-0.4878075965424794,80,,,,,,,
2,all_dev,REFUGE_Valid,C_PCA_SHUFFLED,C,OD,800,-0.45940719859525536,-0.4395967875000406,-0.7905120093403006,-0.14258120814754638,16,0,784,-1.541103789157805,-0.9374007261606853,80,800,0,0,0,0.554436706221901,0.52686229466926,1.6501766744181239
2,all_dev,REFUGE_Valid,C_PCA_SHUFFLED,C,OC,800,-0.1597691804096332,-0.16093543234750318,-0.2623748436031925,-0.06360307085038538,43,0,757,-0.5077748013457117,-0.3071387997515265,80,800,0,0,0,0.1569882940631413,0.13678264921379757,0.5272937918325791
2,all_dev,REFUGE_Valid,C_PCA_SHUFFLED,C,macro,800,-0.3095881895024445,-0.30437204670789586,-0.49087616537176026,-0.12943257689075002,9,0,791,-0.8115399829697667,-0.5699143624195365,80,,,,,,,
2,all_dev,Drishti_GS,C_SENS,C,OD,101,0.0,0.0,0.0,0.0,0,101,0,0.0,0.0,11,101,0,0,0,0.0,0.0,0.0
2,all_dev,Drishti_GS,C_SENS,C,OC,101,0.0,0.0,0.0,0.0,0,101,0,0.0,0.0,11,101,0,0,0,0.0,0.0,0.0
2,all_dev,Drishti_GS,C_SENS,C,macro,101,0.0,0.0,0.0,0.0,0,101,0,0.0,0.0,11,,,,,,,
2,all_dev,Drishti_GS,C_PER256,C,OD,101,-2.9713215336772034,-2.7366827828638085,-4.28963715649453,-1.8671852054375049,0,0,101,-9.289827588645805,-5.377049898703435,11,101,0,0,0,3.008809839023333,2.8486360059089364,5.616718711494354
2,all_dev,Drishti_GS,C_PER256,C,OC,101,-2.0224821785001303,-2.442455211635919,-3.8995001643311156,0.8818193277430386,16,0,85,-9.23973933226192,-5.205473025658379,11,101,0,0,0,0.77516820423162,0.9804371419511249,3.070395469399817
2,all_dev,Drishti_GS,C_PER256,C,macro,101,-2.496901856088667,-2.5791741336991247,-3.808381257078397,-1.0676525492219202,4,0,97,-6.403584908723792,-4.673738198995746,11,,,,,,,
2,all_dev,Drishti_GS,C_SENS,C_PER256,OD,101,2.9713215336772034,2.7366827828638085,1.8671852054375049,4.28963715649453,101,0,0,1.0210857010150898,1.5374521286298801,11,101,0,0,0,-3.008809839023333,-2.8486360059089364,-1.4010241017508351
2,all_dev,Drishti_GS,C_SENS,C_PER256,OC,101,2.0224821785001303,2.442455211635919,-0.8818193277430386,3.8995001643311156,85,0,16,-5.760629593075106,-2.7828471601977602,11,101,0,0,0,-0.77516820423162,-0.9804371419511249,1.4762296961132124
2,all_dev,Drishti_GS,C_SENS,C_PER256,macro,101,2.496901856088667,2.5791741336991247,1.0676525492219202,3.808381257078397,97,0,4,-1.2105624460200137,0.11729959841099147,11,,,,,,,
2,all_dev,Drishti_GS,C_PCA_GLOBAL,C,OD,101,0.07745030946303828,0.08018353064720429,0.03524622767364649,0.11414917847695216,100,0,1,-0.03133622353602705,0.019213660904388533,11,101,0,0,0,-0.07881812777627596,-0.08169920142893261,0.03240413946148335
2,all_dev,Drishti_GS,C_PCA_GLOBAL,C,OC,101,-0.017146476042152733,-0.0073690887883004486,-0.09440903945594492,0.06870393163302957,42,5,54,-0.32638453184829497,-0.1980573040254048,11,101,0,0,0,-0.01338700603663732,-0.016404110516723414,0.21769736201223336
2,all_dev,Drishti_GS,C_PCA_GLOBAL,C,macro,101,0.030151916710442584,0.036220781232843,-0.017524088017439876,0.08000723547849642,82,0,19,-0.12607375188710135,-0.06022868446466631,11,,,,,,,
2,all_dev,Drishti_GS,C_PCA_REGION,C,OD,101,-0.02286155934780469,-0.01924549009477694,-0.06588799151109326,0.020982865248542204,23,2,76,-0.1274776435830849,-0.0855753227004112,11,101,0,0,0,0.019168792360539956,0.018007424944522565,0.1152915563929886
2,all_dev,Drishti_GS,C_PCA_REGION,C,OC,101,0.6534639504297416,0.6451685441958954,-0.2898202057159627,1.2602777221236372,89,0,12,-0.9777878210282531,-0.5480691204009038,11,101,0,0,0,-0.39336794445094453,-0.377049333364063,0.3475832412730551
2,all_dev,Drishti_GS,C_PCA_REGION,C,macro,101,0.31530119554096875,0.32771629230703425,-0.16761063032216805,0.6268624348160445,89,0,12,-0.5154755854326787,-0.28401772416549426,11,,,,,,,
2,all_dev,Drishti_GS,C_PCA_REGION,C_PCA_GLOBAL,OD,101,-0.10031186881084296,-0.10657878436461932,-0.1515666116923331,-0.04850443347264033,4,0,97,-0.2006752072796547,-0.1702944182546119,11,101,0,0,0,0.09798692013681595,0.09662554141053015,0.22713575571321487
2,all_dev,Drishti_GS,C_PCA_REGION,C_PCA_GLOBAL,OC,101,0.6706104264718944,0.6548244506374146,-0.2689612855666046,1.312401316634526,89,0,12,-0.8975001042394237,-0.5141765375411773,11,101,0,0,0,-0.3799809384143073,-0.3401101301552636,0.3687581819186972
2,all_dev,Drishti_GS,C_PCA_REGION,C_PCA_GLOBAL,macro,101,0.2851492788305261,0.2803648455600438,-0.14752844558724165,0.6129836328639948,88,0,13,-0.5225372346213675,-0.3036626813603696,11,,,,,,,
2,all_dev,Drishti_GS,C_PCA_REGION,C_PCA_SHUFFLED,OD,101,-0.09928266653030828,-0.10679587331886564,-0.1566721983588315,-0.043762757756560244,4,0,97,-0.1980901679022984,-0.169691586935903,11,101,0,0,0,0.09689889517355084,0.09110291385528235,0.21833443050805537
2,all_dev,Drishti_GS,C_PCA_REGION,C_PCA_SHUFFLED,OC,101,0.6846173044362166,0.6842431958765993,-0.24923960875888884,1.3254385248099965,89,0,12,-0.9089598382898467,-0.5150542205800094,11,101,0,0,0,-0.3893621491455141,-0.35345263902381774,0.3624167009921712
2,all_dev,Drishti_GS,C_PCA_REGION,C_PCA_SHUFFLED,macro,101,0.2926673189529546,0.29095838876370683,-0.13605804993945814,0.6214651553503758,88,0,13,-0.5282671016465734,-0.30355922871486796,11,,,,,,,
2,all_dev,Drishti_GS,C_PCA_SHUFFLED,C,OD,101,0.07642110718250358,0.07840294325142105,0.03641446302117268,0.113976572005281,99,0,2,-0.035649578458385456,0.01658543180264543,11,101,0,0,0,-0.07773010281301089,-0.07965208105674826,0.033321607677397225
2,all_dev,Drishti_GS,C_PCA_SHUFFLED,C,OC,101,-0.031153354006475006,-0.01623366241982893,-0.10629533204364883,0.059512308991038765,39,3,59,-0.36726906747927557,-0.22319832443807305,11,101,0,0,0,-0.004005795305430373,-0.006682442619261764,0.2254375627974241
2,all_dev,Drishti_GS,C_PCA_SHUFFLED,C,macro,101,0.022633876588014124,0.029103753892067985,-0.023339338663341813,0.07066607032062411,77,0,24,-0.13963693126470833,-0.07267763891341489,11,,,,,,,
3,remaining_dev,REFUGE,C_SENS,C,OD,336,0.0,0.0,0.0,0.0,0,336,0,0.0,0.0,34,336,0,0,0,0.0,0.0,0.0
3,remaining_dev,REFUGE,C_SENS,C,OC,336,0.0,0.0,0.0,0.0,0,336,0,0.0,0.0,34,336,0,0,0,0.0,0.0,0.0
3,remaining_dev,REFUGE,C_SENS,C,macro,336,0.0,0.0,0.0,0.0,0,336,0,0.0,0.0,34,,,,,,,
3,remaining_dev,REFUGE,C_PER256,C,OD,336,-3.4014866196620286,-3.7178993719400366,-6.312479723665349,0.40624642787683296,38,0,298,-13.476121754157887,-7.5323285730806715,34,336,0,0,0,3.6505555318767042,3.456558454682766,12.19593077274402
3,remaining_dev,REFUGE,C_PER256,C,OC,336,0.25935005203020234,0.4811388582956766,-3.4546476897452996,3.653204706658386,184,0,152,-9.416668735906509,-4.699359459967718,34,336,0,0,0,-0.17368687020915433,-0.233915876048012,2.225050160305266
3,remaining_dev,REFUGE,C_PER256,C,macro,336,-1.571068283815913,-1.6824702867924146,-4.3223501812223395,1.2046185426364098,76,0,260,-9.709901294067546,-5.380401450272023,34,,,,,,,
3,remaining_dev,REFUGE,C_SENS,C_PER256,OD,336,3.4014866196620286,3.7178993719400366,-0.40624642787683296,6.312479723665349,298,0,38,-8.732993190975868,-2.284283809260201,34,336,0,0,0,-3.6505555318767042,-3.456558454682766,2.4591433136954985
3,remaining_dev,REFUGE,C_SENS,C_PER256,OC,336,-0.25935005203020234,-0.4811388582956766,-3.653204706658386,3.4546476897452996,152,0,184,-6.064641412303118,-4.66162180560913,34,336,0,0,0,0.17368687020915433,0.233915876048012,2.4174503098444724
3,remaining_dev,REFUGE,C_SENS,C_PER256,macro,336,1.571068283815913,1.6824702867924146,-1.2046185426364098,4.3223501812223395,260,0,76,-5.970792542019465,-2.664303487683574,34,,,,,,,
3,remaining_dev,REFUGE,C_PCA_GLOBAL,C,OD,336,0.10539467878034187,0.13744857618336326,-0.2040264195436181,0.3393179987669914,249,0,87,-0.6193349444119534,-0.33772485678186415,34,336,0,0,0,-0.07216098572027774,-0.085219997929455,0.38885623992248075
3,remaining_dev,REFUGE,C_PCA_GLOBAL,C,OC,336,-0.07878427235951715,-0.08914634941737387,-0.2808676731868798,0.11628445131287579,108,0,228,-0.5380520556405921,-0.3559441965135295,34,336,0,0,0,0.03389063103795521,0.03557204360246091,0.274249627317854
3,remaining_dev,REFUGE,C_PCA_GLOBAL,C,macro,336,0.01330520321041225,0.028040950635599415,-0.1900422482763009,0.18573299032225155,191,0,145,-0.4767471024139991,-0.28321441267376474,34,,,,,,,
3,remaining_dev,REFUGE,C_PCA_REGION,C,OD,336,0.06270835068047201,0.0685002325574946,-0.07089525446662415,0.18875518614173692,253,0,83,-0.3605744236991226,-0.13434019112779835,34,336,0,0,0,-0.03081514400115124,-0.03500696401145964,0.21050693088466
3,remaining_dev,REFUGE,C_PCA_REGION,C,OC,336,-0.34527704441393897,-0.4044751302972882,-2.136937061090177,1.6455666099048472,134,0,202,-3.2799707835116987,-2.484870595758821,34,336,0,0,0,0.2188265454542495,0.30188111700444464,1.3778471307138018
3,remaining_dev,REFUGE,C_PCA_REGION,C,macro,336,-0.14128434686673352,-0.169955047777115,-1.0591838515174812,0.8741728789050551,138,0,198,-1.5784513408535372,-1.2232444256027488,34,,,,,,,
3,remaining_dev,REFUGE,C_PCA_REGION,C_PCA_GLOBAL,OD,336,-0.04268632809986987,-0.05672512566340937,-0.2197338290432005,0.14927898241099413,115,0,221,-0.5009429032813317,-0.2747960513735362,34,336,0,0,0,0.04134584171912648,0.06537935481318957,0.31833777934671065
3,remaining_dev,REFUGE,C_PCA_REGION,C_PCA_GLOBAL,OC,336,-0.2664927720544218,-0.3439176480437789,-1.9150467841795693,1.6175931116336362,132,0,204,-3.009098790425857,-2.2666423734744683,34,336,0,0,0,0.18493591441629434,0.29719584753500006,1.3006311839986473
3,remaining_dev,REFUGE,C_PCA_REGION,C_PCA_GLOBAL,macro,336,-0.1545895500771458,-0.2025486403116561,-0.9721531712062692,0.759211028476231,127,0,209,-1.5206069391598631,-1.1353117994435071,34,,,,,,,
3,remaining_dev,REFUGE,C_PCA_REGION,C_PCA_SHUFFLED,OD,336,-0.03734680379383913,-0.05005368813391087,-0.19850820723935625,0.14094759991164496,122,0,214,-0.49379490222498656,-0.25950695214532193,34,336,0,0,0,0.03611903924227973,0.05470645327002632,0.30034292214986114
3,remaining_dev,REFUGE,C_PCA_REGION,C_PCA_SHUFFLED,OC,336,-0.27032644119801397,-0.373602357644659,-1.93703211843555,1.6299154637418656,132,0,204,-3.0459213374331773,-2.2946254154433117,34,336,0,0,0,0.1878748350303242,0.2948948011357979,1.3143156035517571
3,remaining_dev,REFUGE,C_PCA_REGION,C_PCA_SHUFFLED,macro,336,-0.15383662249592667,-0.19362511699161922,-0.9815321259660503,0.780123650391773,127,0,209,-1.5332500029116236,-1.146214564937034,34,,,,,,,
3,remaining_dev,REFUGE,C_PCA_SHUFFLED,C,OD,336,0.10005515447431114,0.13117491975893625,-0.19337093749047796,0.3182154503565793,250,0,86,-0.5869724902180962,-0.3209715636058737,34,336,0,0,0,-0.06693418324343096,-0.07469431430508511,0.37864924106583653
3,remaining_dev,REFUGE,C_PCA_SHUFFLED,C,OC,336,-0.07495060321592491,-0.07637013028539141,-0.2627017062692749,0.09171814928635169,112,0,224,-0.4848874742000131,-0.331400913029869,34,336,0,0,0,0.030951710423925322,0.029495902186216227,0.26264083022050055
3,remaining_dev,REFUGE,C_PCA_SHUFFLED,C,macro,336,0.012552275629193118,0.020082382487696115,-0.1675590155918394,0.1755426511762137,192,0,144,-0.47059138055282057,-0.26602279127595563,34,,,,,,,
3,remaining_dev,ORIGA,C_SENS,C,OD,586,0.0,0.0,0.0,0.0,0,586,0,0.0,0.0,59,586,0,0,0,0.0,0.0,0.0
3,remaining_dev,ORIGA,C_SENS,C,OC,586,0.0,0.0,0.0,0.0,0,586,0,0.0,0.0,59,586,0,0,0,0.0,0.0,0.0
3,remaining_dev,ORIGA,C_SENS,C,macro,586,0.0,0.0,0.0,0.0,0,586,0,0.0,0.0,59,,,,,,,
3,remaining_dev,ORIGA,C_PER256,C,OD,586,-6.577915097456746,-5.477706714401243,-13.99954314543395,1.0552356892859382,79,0,507,-59.8089977323635,-21.98207151195394,59,586,0,0,0,6.929718255316845,5.391389343819317,26.515771384534705
3,remaining_dev,ORIGA,C_PER256,C,OC,586,-4.749887701511018,-3.462592050811794,-15.926347219862905,5.576781677518405,184,0,402,-65.70746573604866,-29.0188007079555,59,586,0,0,0,1.6985790138673742,0.7397001303089308,15.261741035013248
3,remaining_dev,ORIGA,C_PER256,C,macro,586,-5.663901399483882,-4.319427783531344,-14.930139549764231,2.4936885128044706,129,0,457,-59.241684157050365,-24.68048148816835,59,,,,,,,
3,remaining_dev,ORIGA,C_SENS,C_PER256,OD,586,6.577915097456746,5.477706714401243,-1.0552356892859382,13.99954314543395,507,0,79,-12.715632881460992,-3.5772232594017743,59,586,0,0,0,-6.929718255316845,-5.391389343819317,4.708018581694258
3,remaining_dev,ORIGA,C_SENS,C_PER256,OC,586,4.749887701511018,3.462592050811794,-5.576781677518405,15.926347219862905,402,0,184,-19.87212952613814,-8.56693072962327,59,586,0,0,0,-1.6985790138673742,-0.7397001303089308,5.8789113143792475
3,remaining_dev,ORIGA,C_SENS,C_PER256,macro,586,5.663901399483882,4.319427783531344,-2.4936885128044706,14.930139549764231,457,0,129,-8.352408380481592,-4.458475259022079,59,,,,,,,
3,remaining_dev,ORIGA,C_PCA_GLOBAL,C,OD,586,-0.10579779215688143,-0.10394952931513934,-0.3592701474370463,0.14699662016211534,176,0,410,-0.6501815597694471,-0.4536216368731004,59,586,0,0,0,0.14423732767269845,0.1142629167201803,0.7384104349981716
3,remaining_dev,ORIGA,C_PCA_GLOBAL,C,OC,586,-0.2792184676104306,-0.23328439301010806,-0.6274723625277145,0.0414162286483194,81,0,505,-1.9132411688171258,-0.893660529423333,59,586,0,0,0,0.17275052257451945,0.12940342963718532,0.8242972588953495
3,remaining_dev,ORIGA,C_PCA_GLOBAL,C,macro,586,-0.19250812988365634,-0.18886074695725896,-0.40170984196825077,0.003457839273141028,63,0,523,-1.0541922757665079,-0.5304804726970016,59,,,,,,,
3,remaining_dev,ORIGA,C_PCA_REGION,C,OD,586,-0.015406936765909292,-0.022552366150135894,-0.18383525676299306,0.15167958263286319,239,0,347,-0.4612382138299176,-0.2647136274070128,59,586,0,0,0,-0.017669534486568717,0.0062106592920745385,0.37032624834255456
3,remaining_dev,ORIGA,C_PCA_REGION,C,OC,586,1.8733262770475145,1.7680856025187042,-0.9799924677166616,4.857409714241107,488,0,98,-4.872950217253901,-2.612839343398776,59,586,0,0,0,-0.8521031054632457,-0.6082607396212261,2.1955574032682175
3,remaining_dev,ORIGA,C_PCA_REGION,C,macro,586,0.9289596701408026,0.8729777732881028,-0.5000646934393782,2.440462969748136,484,0,102,-2.3913643413733476,-1.307555766283345,59,,,,,,,
3,remaining_dev,ORIGA,C_PCA_REGION,C_PCA_GLOBAL,OD,586,0.09039085539097214,0.07795121900211477,-0.2165373361718348,0.4104695124502733,370,0,216,-0.6157595606513189,-0.31763899987331645,59,586,0,0,0,-0.1619068621592672,-0.14410646463179866,0.4259681625829996
3,remaining_dev,ORIGA,C_PCA_REGION,C_PCA_GLOBAL,OC,586,2.1525447446579453,2.039404727676949,-0.9412047949994784,5.4168076247194055,495,0,91,-5.203449596222864,-2.5275242569519074,59,586,0,0,0,-1.0248536280377651,-0.7421769677605647,2.124246162768198
3,remaining_dev,ORIGA,C_PCA_REGION,C_PCA_GLOBAL,macro,586,1.121467800024459,1.0449694140717058,-0.3521306766580856,2.719419575992937,508,0,78,-2.5337134624000335,-1.13953498275156,59,,,,,,,
3,remaining_dev,ORIGA,C_PCA_REGION,C_PCA_SHUFFLED,OD,586,0.10037221576759686,0.09368784019967435,-0.19497958316083697,0.4148089383274489,379,0,207,-0.5954480273545393,-0.29514964780247765,59,586,0,0,0,-0.17522524604057074,-0.15353210997573674,0.39735736368576186
3,remaining_dev,ORIGA,C_PCA_REGION,C_PCA_SHUFFLED,OC,586,2.175907039173588,2.056426101977066,-0.9416656416166957,5.461295543749689,494,0,92,-5.228031586568161,-2.5496927391061095,59,586,0,0,0,-1.0364965183238828,-0.7410998918520422,2.1403534183369777
3,remaining_dev,ORIGA,C_PCA_REGION,C_PCA_SHUFFLED,macro,586,1.1381396274705924,1.053291534457823,-0.3648796775903185,2.753982828895202,507,0,79,-2.543988827545751,-1.1517351480961158,59,,,,,,,
3,remaining_dev,ORIGA,C_PCA_SHUFFLED,C,OD,586,-0.11577915253350617,-0.11458610909138578,-0.3595295544332189,0.12490248748417421,161,0,425,-0.6960146737241546,-0.45188077598002596,59,586,0,0,0,0.15755571155400203,0.12445138181325044,0.7506663734434114
3,remaining_dev,ORIGA,C_PCA_SHUFFLED,C,OC,586,-0.30258076212607304,-0.25537305599896976,-0.6764804713057737,0.02808445923683789,74,0,512,-2.0210598704273943,-0.9414505640538873,59,586,0,0,0,0.18439341286063723,0.13804321410670184,0.8554133590033607
3,remaining_dev,ORIGA,C_PCA_SHUFFLED,C,macro,586,-0.20917995732978986,-0.20487577775211152,-0.42155600800432014,-0.003904526129328012,56,0,530,-1.1102267890135964,-0.5551193841996473,59,,,,,,,
3,remaining_dev,REFUGE_Valid,C_SENS,C,OD,736,0.0,0.0,0.0,0.0,0,736,0,0.0,0.0,74,736,0,0,0,0.0,0.0,0.0
3,remaining_dev,REFUGE_Valid,C_SENS,C,OC,736,0.0,0.0,0.0,0.0,0,736,0,0.0,0.0,74,736,0,0,0,0.0,0.0,0.0
3,remaining_dev,REFUGE_Valid,C_SENS,C,macro,736,0.0,0.0,0.0,0.0,0,736,0,0.0,0.0,74,,,,,,,
3,remaining_dev,REFUGE_Valid,C_PER256,C,OD,736,1.1232489139641906,0.39306387281031197,-0.441796598057137,4.2223601643339155,399,235,102,-13.114855862468822,-2.745491508974729,74,736,0,0,0,2.041623402513624,0.0,23.801728601154185
3,remaining_dev,REFUGE_Valid,C_PER256,C,OC,736,0.700580074498949,0.4061237882529434,-0.07107744875708422,2.2987211504848615,421,235,80,-10.835751277374461,-1.620581623053365,74,736,0,0,0,-0.3409524668886101,-0.1420773130812254,2.018946138956609
3,remaining_dev,REFUGE_Valid,C_PER256,C,macro,736,0.9119144942315696,0.3840488822676402,-0.11380570990232597,3.1806613085289426,420,235,81,-8.104459837929156,-1.7762285370794904,74,,,,,,,
3,remaining_dev,REFUGE_Valid,C_SENS,C_PER256,OD,736,-1.1232489139641906,-0.39306387281031197,-4.2223601643339155,0.441796598057137,102,235,399,-16.496005499771282,-6.563077087466523,74,736,0,0,0,-2.041623402513624,0.0,5.671269898571409
3,remaining_dev,REFUGE_Valid,C_SENS,C_PER256,OC,736,-0.700580074498949,-0.4061237882529434,-2.2987211504848615,0.07107744875708422,80,235,421,-9.25103111928216,-3.653163657882738,74,736,0,0,0,0.3409524668886101,0.1420773130812254,2.7041945207639695
3,remaining_dev,REFUGE_Valid,C_SENS,C_PER256,macro,736,-0.9119144942315696,-0.3840488822676402,-3.1806613085289426,0.11380570990232597,81,235,420,-8.889686792632522,-4.655198731187319,74,,,,,,,
3,remaining_dev,REFUGE_Valid,C_PCA_GLOBAL,C,OD,736,-0.17597949267801055,-0.12942401283033145,-0.42338223190018787,0.0,65,25,646,-1.214469851630673,-0.5634423077137211,74,736,0,0,0,0.11172851709987237,0.0808708237541631,0.9381901947728832
3,remaining_dev,REFUGE_Valid,C_PCA_GLOBAL,C,OC,736,-0.07918235445196047,-0.06612800979816091,-0.1768438313716536,0.004572793357590643,85,38,613,-1.1472637933509777,-0.25227719531063475,74,736,0,0,0,0.04755974186216067,0.024910101919008554,0.36424360346331064
3,remaining_dev,REFUGE_Valid,C_PCA_GLOBAL,C,macro,736,-0.12758092356498577,-0.1037753222230986,-0.2966403046411048,0.0,57,23,656,-0.8627349612876423,-0.3700800953258985,74,,,,,,,
3,remaining_dev,REFUGE_Valid,C_PCA_REGION,C,OD,736,-0.1170801412049982,-0.10636189500612403,-0.2854624560256924,0.026365758570168207,127,20,589,-0.4843051328969339,-0.34338420412321913,74,736,0,0,0,0.06380311347143927,0.08036559310022584,0.5951167390881817
3,remaining_dev,REFUGE_Valid,C_PCA_REGION,C,OC,736,-0.4793249094304349,-0.45259403569605505,-1.1017489413715609,0.0,64,23,649,-1.62212077935745,-1.2613287133321969,74,736,0,0,0,0.3214569847187308,0.2914749725179364,0.9823698262145247
3,remaining_dev,REFUGE_Valid,C_PCA_REGION,C,macro,736,-0.2982025253177169,-0.27384723251461796,-0.6673976351789679,0.0,67,18,651,-0.9239110340707235,-0.75780496458868,74,,,,,,,
3,remaining_dev,REFUGE_Valid,C_PCA_REGION,C_PCA_GLOBAL,OD,736,0.05889935147301233,0.02646499631118182,-0.023091306704720038,0.16665886799335783,520,27,189,-0.09607428946073471,-0.039619122567440476,74,736,0,0,0,-0.047925403628433096,-0.009803532983880814,0.35983220486335027
3,remaining_dev,REFUGE_Valid,C_PCA_REGION,C_PCA_GLOBAL,OC,736,-0.40014255497847445,-0.36906206989126833,-0.9540622580533231,0.011407447742717292,75,23,638,-1.5074910400882935,-1.1139748660444062,74,736,0,0,0,0.2738972428565701,0.21915034680896195,0.8464320355249232
3,remaining_dev,REFUGE_Valid,C_PCA_REGION,C_PCA_GLOBAL,macro,736,-0.17062160175273117,-0.16132605719688664,-0.41657380639433805,0.026721727106188142,91,19,626,-0.7286290286366071,-0.5001593388974216,74,,,,,,,
3,remaining_dev,REFUGE_Valid,C_PCA_REGION,C_PCA_SHUFFLED,OD,736,0.0492793960939887,0.020695679686721924,-0.026959460199715846,0.14415224673213767,485,23,228,-0.0817124423439064,-0.042697806256611424,74,736,0,0,0,-0.03889296165226773,-0.003505877646390765,0.3508856788305109
3,remaining_dev,REFUGE_Valid,C_PCA_REGION,C_PCA_SHUFFLED,OC,736,-0.4062856611670086,-0.37406017165807215,-0.9706279314888488,0.002853843097372355,74,23,639,-1.5137215638643675,-1.128783128937582,74,736,0,0,0,0.2773176836988323,0.22318808458651507,0.8546421505036824
3,remaining_dev,REFUGE_Valid,C_PCA_REGION,C_PCA_SHUFFLED,macro,736,-0.17850313253651026,-0.16594209964287954,-0.43040033508185416,0.025591965197041544,90,18,628,-0.7419539218008864,-0.5175381689940495,74,,,,,,,
3,remaining_dev,REFUGE_Valid,C_PCA_SHUFFLED,C,OD,736,-0.16635953729898692,-0.12552191247923727,-0.409928095147416,0.0,65,25,646,-1.0860668196933654,-0.5299741457751151,74,736,0,0,0,0.102696075123707,0.07995653856861606,0.8723191539796978
3,remaining_dev,REFUGE_Valid,C_PCA_SHUFFLED,C,OC,736,-0.07303924826342634,-0.06263047778874986,-0.16074593945603066,0.005344233823698086,89,38,609,-1.0831390605491653,-0.2342012465563814,74,736,0,0,0,0.044139301019898436,0.021065731753095562,0.3509642680415114
3,remaining_dev,REFUGE_Valid,C_PCA_SHUFFLED,C,macro,736,-0.11969939278120666,-0.09744869534553113,-0.27664841400512064,0.0,61,23,652,-0.822741642626984,-0.34649587743264976,74,,,,,,,
3,remaining_dev,Drishti_GS,C_SENS,C,OD,37,0.0,0.0,0.0,0.0,0,37,0,0.0,0.0,4,37,0,0,0,0.0,0.0,0.0
3,remaining_dev,Drishti_GS,C_SENS,C,OC,37,0.0,0.0,0.0,0.0,0,37,0,0.0,0.0,4,37,0,0,0,0.0,0.0,0.0
3,remaining_dev,Drishti_GS,C_SENS,C,macro,37,0.0,0.0,0.0,0.0,0,37,0,0.0,0.0,4,,,,,,,
3,remaining_dev,Drishti_GS,C_PER256,C,OD,37,-6.016714346870479,-5.833187668627337,-8.174816636029911,-3.832018032697963,0,0,37,-9.33523701219049,-8.761918406798028,4,37,0,0,0,6.2331975014450665,6.290305363611087,9.330912884550518
3,remaining_dev,Drishti_GS,C_PER256,C,OC,37,1.2783383362150718,0.41897524454790336,-2.4074851639363914,4.979777031484448,20,0,17,-4.102520860611847,-3.0003881948330617,4,37,0,0,0,-0.23746338136739492,0.03520487081943813,2.9012164660997497
3,remaining_dev,Drishti_GS,C_PER256,C,macro,37,-2.369188005327705,-2.7368806529736944,-4.641176031662799,-0.15592220864200323,3,0,34,-5.234356376730897,-4.955895975456237,4,,,,,,,
3,remaining_dev,Drishti_GS,C_SENS,C_PER256,OD,37,6.016714346870479,5.833187668627337,3.8320180326979614,8.174816636029911,37,0,0,2.599558046496797,2.876345204877473,4,37,0,0,0,-6.2331975014450665,-6.290305363611087,-2.7299604406573827
3,remaining_dev,Drishti_GS,C_SENS,C_PER256,OC,37,-1.2783383362150718,-0.41897524454790336,-4.979777031484449,2.4074851639363914,17,0,20,-12.569626864837053,-7.9269218188731845,4,37,0,0,0,0.23746338136739492,-0.03520487081943813,4.028386209206495
3,remaining_dev,Drishti_GS,C_SENS,C_PER256,macro,37,2.369188005327705,2.7368806529736944,0.15592220864200312,4.641176031662799,34,0,3,-3.389064549559395,-1.4007570009177654,4,,,,,,,
3,remaining_dev,Drishti_GS,C_PCA_GLOBAL,C,OD,37,0.18301503871764188,0.2095924314198805,-0.014843577253864648,0.30216055321860447,32,0,5,-0.0845496228761955,-0.04069151835529028,4,37,0,0,0,-0.18675602737133118,-0.2186065332793552,0.15177081619834176
3,remaining_dev,Drishti_GS,C_PCA_GLOBAL,C,OC,37,-0.3434596254131489,-0.30013095206249396,-0.7671272945715324,-0.01045541279817376,3,0,34,-1.9348710714405581,-1.2400941341594445,4,37,0,0,0,0.11156689880508526,0.055435026956027755,0.594417192516083
3,remaining_dev,Drishti_GS,C_PCA_GLOBAL,C,macro,37,-0.08022229334775456,-0.06844773654850478,-0.2905714703895068,0.1108082161635959,11,0,26,-0.8584024568283222,-0.5146731868538507,4,,,,,,,
3,remaining_dev,Drishti_GS,C_PCA_REGION,C,OD,37,0.010182137122010765,0.029379219400482715,-0.08891897414791128,0.077170942919762,23,0,14,-0.24086658713519116,-0.14817319116945116,4,37,0,0,0,0.00928172926383512,-0.0035302435629329665,0.22207494163960595
3,remaining_dev,Drishti_GS,C_PCA_REGION,C,OC,37,4.317643690335516,4.587892373917379,1.4653480409142072,6.654966796165257,35,0,2,-3.543100597886284,-0.7702366284767282,4,37,0,0,0,-1.9529665351929628,-2.0759904995487517,0.8425327128961315
3,remaining_dev,Drishti_GS,C_PCA_REGION,C,macro,37,2.163912913728764,2.288642181907119,0.745048532064363,3.35524471063902,35,0,2,-1.7740398349667674,-0.39883502910894875,4,,,,,,,
3,remaining_dev,Drishti_GS,C_PCA_REGION,C_PCA_GLOBAL,OD,37,-0.1728329015956311,-0.18129944436676704,-0.3580501056112828,-9.233621223181778e-05,4,0,33,-0.4397276815664042,-0.3933866412147158,4,37,0,0,0,0.19603775663516626,0.19374712857823084,0.5333009285952588
3,remaining_dev,Drishti_GS,C_PCA_REGION,C_PCA_GLOBAL,OC,37,4.661103315748666,4.787786331488997,1.5813689666045438,7.319211976112295,35,0,2,-3.2855066109627296,-0.6112572377716812,4,37,0,0,0,-2.0645334339980486,-2.148425609904212,0.7927818820847339
3,remaining_dev,Drishti_GS,C_PCA_REGION,C_PCA_GLOBAL,macro,37,2.2441352070765186,2.3032434435611093,0.7038238192331292,3.5893150722147484,35,0,2,-1.6337457588983195,-0.3790873963804814,4,,,,,,,
3,remaining_dev,Drishti_GS,C_PCA_REGION,C_PCA_SHUFFLED,OD,37,-0.1618900818429288,-0.16686482091810007,-0.33913488096771083,-0.0040615239137520385,3,0,34,-0.41037995746361355,-0.3738343702488517,4,37,0,0,0,0.1850951587428642,0.1870514101848677,0.5030348973865644
3,remaining_dev,Drishti_GS,C_PCA_REGION,C_PCA_SHUFFLED,OC,37,4.675787816929651,4.821240141289007,1.5993309993611726,7.3477779120394136,35,0,2,-3.347972178609082,-0.6116745356407438,4,37,0,0,0,-2.0578914239648327,-2.1569291683616,0.7867060431100905
3,remaining_dev,Drishti_GS,C_PCA_REGION,C_PCA_SHUFFLED,macro,37,2.256948867543361,2.3187372876342316,0.706524671073363,3.5953336443903496,35,0,2,-1.6646291881719844,-0.3774376931754586,4,,,,,,,
3,remaining_dev,Drishti_GS,C_PCA_SHUFFLED,C,OD,37,0.17207221896493954,0.20008318103502676,-0.009417075825344234,0.2900179012525772,32,0,5,-0.07053298802477403,-0.03693812302321686,4,37,0,0,0,-0.1758134294790291,-0.20055634965411961,0.14598112176806632
3,remaining_dev,Drishti_GS,C_PCA_SHUFFLED,C,OC,37,-0.35814412659413364,-0.274376817893085,-0.7879826982468296,-0.04424564071436211,3,0,34,-1.8865309627065425,-1.2171345159254832,4,37,0,0,0,0.10492488877186983,0.051945122456926285,0.5860782353003104
3,remaining_dev,Drishti_GS,C_PCA_SHUFFLED,C,macro,37,-0.09303595381459774,-0.08689748031551758,-0.2939914595101456,0.09378804439673201,11,0,26,-0.8431176554937081,-0.5120124743621918,4,,,,,,,
3,legacy_dev,REFUGE,C_SENS,C,OD,32,0.0,0.0,0.0,0.0,0,32,0,0.0,0.0,4,32,0,0,0,0.0,0.0,0.0
3,legacy_dev,REFUGE,C_SENS,C,OC,32,0.0,0.0,0.0,0.0,0,32,0,0.0,0.0,4,32,0,0,0,0.0,0.0,0.0
3,legacy_dev,REFUGE,C_SENS,C,macro,32,0.0,0.0,0.0,0.0,0,32,0,0.0,0.0,4,,,,,,,
3,legacy_dev,REFUGE,C_PER256,C,OD,32,-3.6105885211292614,-4.087836044674109,-6.38376736819738,-0.29260239379779435,3,0,29,-6.715266106335682,-6.532770573996779,4,32,0,0,0,3.36982724968093,3.8799512637367313,6.381340785267847
3,legacy_dev,REFUGE,C_PER256,C,OC,32,0.4782052843039321,0.8760739842426923,-2.312681468917579,2.8324503561197125,20,0,12,-4.956938807842548,-3.5438283611750414,4,32,0,0,0,-0.241700250486187,-0.45506512362180995,1.8509035907302547
3,legacy_dev,REFUGE,C_PER256,C,macro,32,-1.5661916184126645,-1.9342338279985938,-4.0073031129365155,0.542150403050812,6,0,26,-4.675327272600526,-4.4305145262301675,4,,,,,,,
3,legacy_dev,REFUGE,C_SENS,C_PER256,OD,32,3.6105885211292614,4.087836044674109,0.29260239379779623,6.383767368197382,29,0,3,-5.745198424348241,-1.9281526994029825,4,32,0,0,0,-3.36982724968093,-3.8799512637367313,1.6337453987741166
3,legacy_dev,REFUGE,C_SENS,C_PER256,OC,32,-0.4782052843039321,-0.8760739842426923,-2.832450356119712,2.312681468917579,12,0,20,-5.109060347032712,-3.640482010673277,4,32,0,0,0,0.241700250486187,0.45506512362180995,1.8884998970572053
3,legacy_dev,REFUGE,C_SENS,C_PER256,macro,32,1.5661916184126645,1.9342338279985938,-0.5421504030508117,4.007303112936516,26,0,6,-3.8297999767680113,-2.283151443359649,4,,,,,,,
3,legacy_dev,REFUGE,C_PCA_GLOBAL,C,OD,32,0.12241788269922727,0.19016338607417138,-0.19846266027637172,0.3182060724957625,25,0,7,-0.343042596769616,-0.27215332427900085,4,32,0,0,0,-0.11287919689691346,-0.15293614694800683,0.3137106899576213
3,legacy_dev,REFUGE,C_PCA_GLOBAL,C,OC,32,-0.069215278785556,-0.07127953452685243,-0.25473327971916593,0.14337498538999693,11,0,21,-0.31848880566651694,-0.2895769563382694,4,32,0,0,0,0.023458456660159374,0.02885616442894534,0.17190098343928306
3,legacy_dev,REFUGE,C_PCA_GLOBAL,C,macro,32,0.02660130195683459,0.06296834780671334,-0.20461449432021772,0.18690675342797894,23,0,9,-0.3140392593761199,-0.2567035245570254,4,,,,,,,
3,legacy_dev,REFUGE,C_PCA_REGION,C,OD,32,0.06138161664531634,0.050979713352578004,-0.0336542294644715,0.18931338313834203,21,0,11,-0.131437605185436,-0.07049790918493559,4,32,0,0,0,-0.018332152332659654,-0.014541257325359602,0.14315216346435444
3,legacy_dev,REFUGE,C_PCA_REGION,C,OC,32,-0.18427099623247284,-0.28716349986952494,-1.843150154286135,1.5509452550062068,13,0,19,-3.253936931680901,-2.2935064445992164,4,32,0,0,0,0.21618204415195855,0.2685850054166301,1.353874971808342
3,legacy_dev,REFUGE,C_PCA_REGION,C,macro,32,-0.06144468979357963,-0.13728996405494298,-0.930717018425351,0.8685700913380893,14,0,18,-1.657209488477196,-1.163365885201334,4,,,,,,,
3,legacy_dev,REFUGE,C_PCA_REGION,C_PCA_GLOBAL,OD,32,-0.06103626605391092,-0.08764126778685322,-0.24526561461542085,0.1710335212983572,10,0,22,-0.2820476340735567,-0.2658509105953166,4,32,0,0,0,0.09454704456425381,0.12132125421567119,0.3669252466168955
3,legacy_dev,REFUGE,C_PCA_REGION,C_PCA_GLOBAL,OC,32,-0.11505571744691681,-0.25891543402546957,-1.6555122495199537,1.5671223106409695,14,0,18,-2.9624891841169343,-2.058324494114855,4,32,0,0,0,0.1927235874917992,0.24276722102965254,1.2569877117905115
3,legacy_dev,REFUGE,C_PCA_REGION,C_PCA_GLOBAL,macro,32,-0.08804599175041422,-0.12750832833723358,-0.8102060851966897,0.6913128913628009,13,0,19,-1.343170229101076,-1.0054715770596079,4,,,,,,,
3,legacy_dev,REFUGE,C_PCA_REGION,C_PCA_SHUFFLED,OD,32,-0.05472924014599673,-0.08705243607457502,-0.21386622533754895,0.1642732099977818,10,0,22,-0.2668236708937788,-0.2430595507379174,4,32,0,0,0,0.08711467613702141,0.11439912270225872,0.339673816934575
3,legacy_dev,REFUGE,C_PCA_REGION,C_PCA_SHUFFLED,OC,32,-0.11942553175536204,-0.24417207177652722,-1.6494302708018538,1.5940992724652083,14,0,18,-3.0178220752035467,-2.086916808567951,4,32,0,0,0,0.1914801819236117,0.23731832332182634,1.2501037802448378
3,legacy_dev,REFUGE,C_PCA_REGION,C_PCA_SHUFFLED,macro,32,-0.08707738595068112,-0.12259183157696252,-0.8159982367780916,0.6950825652874126,13,0,19,-1.3869113195317029,-1.0187909394576866,4,,,,,,,
3,legacy_dev,REFUGE,C_PCA_SHUFFLED,C,OD,32,0.11611085679131307,0.17110139638867317,-0.18707722647298808,0.29148863263507524,25,0,7,-0.31572284280708685,-0.25582876634989704,4,32,0,0,0,-0.10544682846968106,-0.12505805730573538,0.2826091750482719
3,legacy_dev,REFUGE,C_PCA_SHUFFLED,C,OC,32,-0.06484546447711077,-0.05875112586791742,-0.2296892877906831,0.1372747593010594,12,0,20,-0.34574567383904853,-0.27711237754804163,4,32,0,0,0,0.02470186222834686,0.037482321478311764,0.20023826712313042
3,legacy_dev,REFUGE,C_PCA_SHUFFLED,C,macro,32,0.025632696157101495,0.051638824366245784,-0.17936416616575412,0.18558384623240334,22,0,10,-0.2702981689454931,-0.22854294369490658,4,,,,,,,
3,legacy_dev,ORIGA,C_SENS,C,OD,32,0.0,0.0,0.0,0.0,0,32,0,0.0,0.0,4,32,0,0,0,0.0,0.0,0.0
3,legacy_dev,ORIGA,C_SENS,C,OC,32,0.0,0.0,0.0,0.0,0,32,0,0.0,0.0,4,32,0,0,0,0.0,0.0,0.0
3,legacy_dev,ORIGA,C_SENS,C,macro,32,0.0,0.0,0.0,0.0,0,32,0,0.0,0.0,4,,,,,,,
3,legacy_dev,ORIGA,C_PER256,C,OD,32,-5.4548241273280125,-5.049903317413046,-10.58867289766707,1.1988543654371113,4,0,28,-15.766640263168409,-12.486981264648904,4,32,0,0,0,4.889215621707089,4.849576275896809,13.017890299455392
3,legacy_dev,ORIGA,C_PER256,C,OC,32,-2.9066695651392966,-1.4281163126010743,-10.296016334608629,3.5645822959904456,12,0,20,-16.02908485770834,-12.692528767468932,4,32,0,0,0,0.9409107043052549,-0.06264693348573047,7.185732613387959
3,legacy_dev,ORIGA,C_PER256,C,macro,32,-4.180746846233654,-4.436454085922264,-10.44671454233926,2.9009751747968315,7,0,25,-14.308319369290102,-12.141285193370875,4,,,,,,,
3,legacy_dev,ORIGA,C_SENS,C_PER256,OD,32,5.4548241273280125,5.049903317413046,-1.198854365437105,10.58867289766707,28,0,4,-8.046316155829958,-3.846186250365813,4,32,0,0,0,-4.889215621707089,-4.849576275896809,4.752878936287905
3,legacy_dev,ORIGA,C_SENS,C_PER256,OC,32,2.9066695651392966,1.4281163126010743,-3.5645822959904447,10.296016334608629,20,0,12,-10.962957109611482,-6.521610851410695,4,32,0,0,0,-0.9409107043052549,0.06264693348573047,5.360433604579384
3,legacy_dev,ORIGA,C_SENS,C_PER256,macro,32,4.180746846233654,4.436454085922264,-2.90097517479683,10.446714542339262,25,0,7,-4.620782160003434,-3.9714119164401485,4,,,,,,,
3,legacy_dev,ORIGA,C_PCA_GLOBAL,C,OD,32,-0.10230714093642963,-0.10420700287421814,-0.3403889527156523,0.19813035343312813,13,0,19,-0.6417686462817596,-0.49389466421197736,4,32,0,0,0,0.09906578015751201,0.09104341962021056,0.6724011843216067
3,legacy_dev,ORIGA,C_PCA_GLOBAL,C,OC,32,-0.2576552655669011,-0.2026645006248995,-0.6085943927772153,-0.005321986214724646,3,0,29,-0.8947836679978227,-0.7166531364834278,4,32,0,0,0,0.2098892116335328,0.12984441022877213,0.7516271056009085
3,legacy_dev,ORIGA,C_PCA_GLOBAL,C,macro,32,-0.1799812032516654,-0.16335780467978678,-0.44978128195752753,0.01651222710648333,4,0,28,-0.5492618254365755,-0.48586332441584723,4,,,,,,,
3,legacy_dev,ORIGA,C_PCA_REGION,C,OD,32,-0.025199792560593945,0.0012268761663269956,-0.1741517100877754,0.05723706544990105,16,0,16,-0.19523482136495351,-0.18849709521829572,4,32,0,0,0,-0.018238676565655476,0.042977636106686035,0.20455415584566983
3,legacy_dev,ORIGA,C_PCA_REGION,C,OC,32,1.374146387337093,1.679608857257084,-1.7231298687085417,3.5934831981176663,23,0,9,-4.029124172491516,-2.469924446030716,4,32,0,0,0,-0.798277743116957,-0.6858201235164394,1.454589358619513
3,legacy_dev,ORIGA,C_PCA_REGION,C,macro,32,0.6744732973882501,0.8916013323920391,-0.9089269972387692,1.8074884953568127,23,0,9,-2.0774907492098316,-1.296075597390034,4,,,,,,,
3,legacy_dev,ORIGA,C_PCA_REGION,C_PCA_GLOBAL,OD,32,0.07710734837583569,0.08952044961496042,-0.22845426026150806,0.3694448912891069,20,0,12,-0.3383415500006648,-0.2961061411381666,4,32,0,0,0,-0.11730445672316749,-0.18529598278841686,0.41077347381399987
3,legacy_dev,ORIGA,C_PCA_REGION,C_PCA_GLOBAL,OC,32,1.631801652903994,2.152214892998425,-1.5304991085408437,4.161484584848755,23,0,9,-3.957544865598106,-2.4196326456730533,4,32,0,0,0,-1.0081669547504897,-0.9169596525255113,1.4362262281744003
3,legacy_dev,ORIGA,C_PCA_REGION,C_PCA_GLOBAL,macro,32,0.8544545006399156,1.105726842496707,-0.548707279927374,2.074160501136365,25,0,7,-2.061078457013965,-1.1090477862031407,4,,,,,,,
3,legacy_dev,ORIGA,C_PCA_REGION,C_PCA_SHUFFLED,OD,32,0.09124120537932628,0.10921084941949988,-0.21837296835268805,0.3775149960629387,20,0,12,-0.3175497460539689,-0.27852212122402575,4,32,0,0,0,-0.12902621461226638,-0.17285488202998955,0.36714467261574835
3,legacy_dev,ORIGA,C_PCA_REGION,C_PCA_SHUFFLED,OC,32,1.6572591128150096,2.2021648049193567,-1.5109346864264628,4.182453000562916,23,0,9,-3.957544865598106,-2.413981084060321,4,32,0,0,0,-1.0149822836614062,-0.8978808020164619,1.397560798257349
3,legacy_dev,ORIGA,C_PCA_REGION,C_PCA_SHUFFLED,macro,32,0.8742501590971682,1.15112770294733,-0.5506461325676093,2.085255382671166,25,0,7,-2.0580906459961135,-1.1055225137856894,4,,,,,,,
3,legacy_dev,ORIGA,C_PCA_SHUFFLED,C,OD,32,-0.11644099793992023,-0.11420246253006083,-0.3588454415407005,0.18702381859388784,11,0,21,-0.635583154590591,-0.4933499661419677,4,32,0,0,0,0.11078753804661089,0.09177547054751578,0.6638840237770909
3,legacy_dev,ORIGA,C_PCA_SHUFFLED,C,OC,32,-0.28311272547791644,-0.2036649155911896,-0.659045837641013,-0.047722558827803505,3,0,29,-0.9406766857600335,-0.783437487530865,4,32,0,0,0,0.21670454054444935,0.14116614017186357,0.774762726647892
3,legacy_dev,ORIGA,C_PCA_SHUFFLED,C,macro,32,-0.1997768617089179,-0.1818022777104633,-0.46575873083326225,-0.006276166999701318,3,0,29,-0.6052920028254305,-0.519978766409615,4,,,,,,,
3,legacy_dev,REFUGE_Valid,C_SENS,C,OD,32,0.0,0.0,0.0,0.0,0,32,0,0.0,0.0,4,32,0,0,0,0.0,0.0,0.0
3,legacy_dev,REFUGE_Valid,C_SENS,C,OC,32,0.0,0.0,0.0,0.0,0,32,0,0.0,0.0,4,32,0,0,0,0.0,0.0,0.0
3,legacy_dev,REFUGE_Valid,C_SENS,C,macro,32,0.0,0.0,0.0,0.0,0,32,0,0.0,0.0,4,,,,,,,
3,legacy_dev,REFUGE_Valid,C_PER256,C,OD,32,0.7288289059678976,0.0,-2.031794270217245,3.7448165470569963,14,9,9,-6.568166211876236,-3.876112473133614,4,32,0,0,0,3.0387085577872064,0.0,23.697268785579652
3,legacy_dev,REFUGE_Valid,C_PER256,C,OC,32,0.5215954520128521,0.47030973004091314,0.0,2.3768263628545294,20,9,3,-8.969323571231469,-3.444269898999311,4,32,0,0,0,-0.21146577418868095,-0.039866713109978136,2.514608854608758
3,legacy_dev,REFUGE_Valid,C_PER256,C,macro,32,0.6252121789903753,0.0,-1.2534061711960953,3.372065101087545,15,9,8,-5.031337678095582,-3.1402025431491345,4,,,,,,,
3,legacy_dev,REFUGE_Valid,C_SENS,C_PER256,OD,32,-0.7288289059678976,0.0,-3.744816547056996,2.031794270217247,9,9,14,-10.143268796883675,-6.2563491109369735,4,32,0,0,0,-3.0387085577872064,0.0,6.153082165215908
3,legacy_dev,REFUGE_Valid,C_SENS,C_PER256,OC,32,-0.5215954520128521,-0.47030973004091314,-2.3768263628545294,0.0,3,9,20,-4.053454164641234,-3.087760454113417,4,32,0,0,0,0.21146577418868095,0.039866713109978136,2.1360239176803573
3,legacy_dev,REFUGE_Valid,C_SENS,C_PER256,macro,32,-0.6252121789903753,0.0,-3.3720651010875446,1.2534061711960969,8,9,15,-6.237530318229922,-4.484488147771579,4,,,,,,,
3,legacy_dev,REFUGE_Valid,C_PCA_GLOBAL,C,OD,32,-0.18999663198177968,-0.14848049886721504,-0.38629574164835256,-0.0016543039414806762,3,0,29,-1.1094119023989713,-0.5836624987744732,4,32,0,0,0,-0.011752542724115675,0.061674771797785466,0.9984927522084135
3,legacy_dev,REFUGE_Valid,C_PCA_GLOBAL,C,OC,32,-0.09289354377374284,-0.09432511607769256,-0.20027751091057477,0.007738664667578143,4,0,28,-0.2564998699122967,-0.2179341223201653,4,32,0,0,0,0.12460040987658494,0.05687438253478838,0.6587285592998975
3,legacy_dev,REFUGE_Valid,C_PCA_GLOBAL,C,macro,32,-0.14144508787775933,-0.10997441911543282,-0.2594857987200827,-0.010931262835437414,2,0,30,-0.6557201832301018,-0.3684195196716672,4,,,,,,,
3,legacy_dev,REFUGE_Valid,C_PCA_REGION,C,OD,32,-0.10343732473231879,-0.1140892686102235,-0.2602010380901498,0.011518132796648498,5,0,27,-0.30987922376291,-0.2789509813588942,4,32,0,0,0,-0.1443967257420696,0.09179468363263377,0.47342775489437017
3,legacy_dev,REFUGE_Valid,C_PCA_REGION,C,OC,32,-0.5242732724192876,-0.5738512707959165,-0.9976134761044775,-0.012014056601651191,3,0,29,-1.520456343308274,-1.1920720711334183,4,32,0,0,0,0.41407375961749743,0.3796457565890492,1.0786099533431281
3,legacy_dev,REFUGE_Valid,C_PCA_REGION,C,macro,32,-0.3138552985758027,-0.3103676635525021,-0.6497169879341513,-0.015406041820270567,3,0,29,-0.7814358408405164,-0.7024718787294354,4,,,,,,,
3,legacy_dev,REFUGE_Valid,C_PCA_REGION,C_PCA_GLOBAL,OD,32,0.08655930724946088,0.04705096169971834,-0.011687255963068743,0.18529532109026084,26,0,6,-0.024653299743448986,-0.020251043864633056,4,32,0,0,0,-0.13264418301795394,-0.02274703754067886,0.22652446978180985
3,legacy_dev,REFUGE_Valid,C_PCA_REGION,C_PCA_GLOBAL,OC,32,-0.43137972864554475,-0.42007410646007215,-0.8627467051823312,-0.03317636912744556,3,0,29,-1.3896921754714686,-1.0397890915487595,4,32,0,0,0,0.2894733497409125,0.22789562942765462,0.8574616985436747
3,legacy_dev,REFUGE_Valid,C_PCA_REGION,C_PCA_GLOBAL,macro,32,-0.1724102106980433,-0.162891803607923,-0.36545836996790815,0.006756677913961634,4,0,28,-0.6707970728126345,-0.45537761289381196,4,,,,,,,
3,legacy_dev,REFUGE_Valid,C_PCA_REGION,C_PCA_SHUFFLED,OD,32,0.07434190561529386,0.036458992254773115,-0.01623464460941859,0.15565117182019586,24,0,8,-0.03710874499799344,-0.02799374056751125,4,32,0,0,0,-0.15262079992498429,-0.037534275868931655,0.16842490465590598
3,legacy_dev,REFUGE_Valid,C_PCA_REGION,C_PCA_SHUFFLED,OC,32,-0.43656418440328576,-0.42535879404644317,-0.8925958834213843,-0.0230148315695788,3,0,29,-1.4083392104089043,-1.0520344472522258,4,32,0,0,0,0.29900372652651586,0.2460093174365543,0.8798297307507887
3,legacy_dev,REFUGE_Valid,C_PCA_REGION,C_PCA_SHUFFLED,macro,32,-0.18111113939399473,-0.16813334494919507,-0.3773715551793677,-0.0009776101323111187,3,0,29,-0.6843896188611254,-0.4725306857260164,4,,,,,,,
3,legacy_dev,REFUGE_Valid,C_PCA_SHUFFLED,C,OD,32,-0.17777923034761264,-0.13726239770048831,-0.3763652916394711,-0.0039854789461790645,2,0,30,-1.0838536646608832,-0.5640778584223127,4,32,0,0,0,0.008224074182914695,0.07405062573114751,0.8870736875444001
3,legacy_dev,REFUGE_Valid,C_PCA_SHUFFLED,C,OC,32,-0.08770908801600183,-0.09352773972768902,-0.1940861110026293,0.0008230043898782732,4,0,28,-0.2387157688986008,-0.20872054994978684,4,32,0,0,0,0.11507003309098154,0.05878794519080355,0.5910286847777955
3,legacy_dev,REFUGE_Valid,C_PCA_SHUFFLED,C,macro,32,-0.13274415918180793,-0.10044827598291173,-0.24113796092110396,-0.008103070625328192,2,0,30,-0.6429410643610689,-0.3509683252804874,4,,,,,,,
3,legacy_dev,Drishti_GS,C_SENS,C,OD,32,0.0,0.0,0.0,0.0,0,32,0,0.0,0.0,4,32,0,0,0,0.0,0.0,0.0
3,legacy_dev,Drishti_GS,C_SENS,C,OC,32,0.0,0.0,0.0,0.0,0,32,0,0.0,0.0,4,32,0,0,0,0.0,0.0,0.0
3,legacy_dev,Drishti_GS,C_SENS,C,macro,32,0.0,0.0,0.0,0.0,0,32,0,0.0,0.0,4,,,,,,,
3,legacy_dev,Drishti_GS,C_PER256,C,OD,32,-5.719439965345097,-6.220660627751556,-7.519947318677688,-3.6579934994427274,0,0,32,-10.71111505408715,-8.516547535060042,4,32,0,0,0,5.751949822733196,6.268957721169045,8.533104111880714
3,legacy_dev,Drishti_GS,C_PER256,C,OC,32,0.3634377911952844,-0.8306686332337776,-2.8830124298033066,5.1179906423787624,14,0,18,-5.200798488838143,-3.6582318806163108,4,32,0,0,0,-0.039821310590858944,0.2773320781826971,2.5078962267298577
3,legacy_dev,Drishti_GS,C_PER256,C,macro,32,-2.678001087074906,-2.990259066459017,-5.223574021693911,-0.3428533385676133,2,0,30,-6.16039632028923,-5.781901258749353,4,,,,,,,
3,legacy_dev,Drishti_GS,C_SENS,C_PER256,OD,32,5.719439965345097,6.220660627751556,3.657993499442728,7.519947318677688,32,0,0,0.9263480811827263,1.8736771196663504,4,32,0,0,0,-5.751949822733196,-6.268957721169045,-1.6578502887178423
3,legacy_dev,Drishti_GS,C_SENS,C_PER256,OC,32,-0.3634377911952844,0.8306686332337776,-5.117990642378762,2.883012429803307,18,0,14,-12.506714831385596,-7.459879698618868,4,32,0,0,0,0.039821310590858944,-0.2773320781826971,3.600997341097067
3,legacy_dev,Drishti_GS,C_SENS,C_PER256,macro,32,2.678001087074906,2.990259066459017,0.3428533385676136,5.223574021693912,30,0,2,-2.9760313918342662,-0.6758476985110784,4,,,,,,,
3,legacy_dev,Drishti_GS,C_PCA_GLOBAL,C,OD,32,0.1509427827860097,0.16756410360191376,-0.00436701167958242,0.2837424432972535,28,0,4,-0.1291737362303036,-0.08893637183315095,4,32,0,0,0,-0.17995033450925396,-0.14649962318278398,0.09474467722710567
3,legacy_dev,Drishti_GS,C_PCA_GLOBAL,C,OC,32,-0.20576863025065706,-0.13091633169569628,-0.49967678661993253,0.16487435038419548,8,0,24,-1.477530988544895,-0.8453529937508364,4,32,0,0,0,0.07218048404786345,0.03252234574403845,0.681987104131704
3,legacy_dev,Drishti_GS,C_PCA_GLOBAL,C,macro,32,-0.027412923732325276,0.008069318256564983,-0.2118657047976058,0.14406203948231333,17,0,15,-0.5974729253148792,-0.3207097892514277,4,,,,,,,
3,legacy_dev,Drishti_GS,C_PCA_REGION,C,OD,32,-0.007367939778234883,-0.01868605566570647,-0.1182362751087751,0.08558324718506483,14,0,18,-0.39369802907692764,-0.20362578886421456,4,32,0,0,0,-0.014529745923744564,0.006688509070865933,0.2703437552576571
3,legacy_dev,Drishti_GS,C_PCA_REGION,C,OC,32,3.303926617739967,3.2344670404071296,0.6521053755910445,6.0920027467832645,29,0,3,-3.6062217639480476,-1.7124941028169194,4,32,0,0,0,-1.763390177176068,-1.7016449959415878,1.4280363154851097
3,legacy_dev,Drishti_GS,C_PCA_REGION,C,macro,32,1.6482793389808663,1.6523760487510308,0.28838021269719133,3.0791709856523837,29,0,3,-1.9999598965124932,-0.9187448084533228,4,,,,,,,
3,legacy_dev,Drishti_GS,C_PCA_REGION,C_PCA_GLOBAL,OD,32,-0.1583107225642446,-0.19126206064548623,-0.29031120430869417,0.006368569547785596,4,0,28,-0.45350814354884195,-0.35459182181431237,4,32,0,0,0,0.1654205885855094,0.16808923262620112,0.3760635218346531
3,legacy_dev,Drishti_GS,C_PCA_REGION,C_PCA_GLOBAL,OC,32,3.509695247990624,3.287808404739778,0.6531179312144565,6.580217273657841,29,0,3,-3.3810987028840667,-1.5235036506621475,4,32,0,0,0,-1.835570661223931,-1.9677167648526543,1.3335336553052914
3,legacy_dev,Drishti_GS,C_PCA_REGION,C_PCA_GLOBAL,macro,32,1.6756922627131916,1.5879352168870764,0.2173128635954325,3.2159016920214762,29,0,3,-1.822946170201778,-0.8641131539202873,4,,,,,,,
3,legacy_dev,Drishti_GS,C_PCA_REGION,C_PCA_SHUFFLED,OD,32,-0.14579209573731405,-0.18576729670711223,-0.2665123574090533,0.012195006665084485,4,0,28,-0.4057442435283387,-0.33020241379667914,4,32,0,0,0,0.15452994090904568,0.16417124334163447,0.3651376084577982
3,legacy_dev,Drishti_GS,C_PCA_REGION,C_PCA_SHUFFLED,OC,32,3.528098864181504,3.2956023004313604,0.7108394064623703,6.57985127098625,29,0,3,-3.371633324396661,-1.5210716283110908,4,32,0,0,0,-1.848126542443723,-1.9527344267873072,1.3020361374779612
3,legacy_dev,Drishti_GS,C_PCA_REGION,C_PCA_SHUFFLED,macro,32,1.6911533842220956,1.5887960022902325,0.24829801574008942,3.2239383791483385,29,0,3,-1.8076415722553918,-0.8575970751882572,4,,,,,,,
3,legacy_dev,Drishti_GS,C_PCA_SHUFFLED,C,OD,32,0.13842415595907917,0.1534965257007359,0.000793397504039729,0.2798452800341866,28,0,4,-0.15004820896282745,-0.09134673555257489,4,32,0,0,0,-0.16905968683279024,-0.12207457834482849,0.10520248514659403
3,legacy_dev,Drishti_GS,C_PCA_SHUFFLED,C,OC,32,-0.22417224644153722,-0.14546770925045194,-0.5390440583205708,0.11624949563759925,8,0,24,-1.5657285565495616,-0.8839957221362451,4,32,0,0,0,0.08473636526765513,0.01709143332531049,0.6657680177530594
3,legacy_dev,Drishti_GS,C_PCA_SHUFFLED,C,macro,32,-0.0428740452412292,-0.0013118249569621376,-0.22803158420785286,0.1180820814384831,15,0,17,-0.6427083710910053,-0.3428825034985289,4,,,,,,,
3,p1_extension_dev,REFUGE,C_SENS,C,OD,32,0.0,0.0,0.0,0.0,0,32,0,0.0,0.0,4,32,0,0,0,0.0,0.0,0.0
3,p1_extension_dev,REFUGE,C_SENS,C,OC,32,0.0,0.0,0.0,0.0,0,32,0,0.0,0.0,4,32,0,0,0,0.0,0.0,0.0
3,p1_extension_dev,REFUGE,C_SENS,C,macro,32,0.0,0.0,0.0,0.0,0,32,0,0.0,0.0,4,,,,,,,
3,p1_extension_dev,REFUGE,C_PER256,C,OD,32,-3.4103945791155046,-4.245758232317337,-6.461835845386564,1.809780807142148,5,0,27,-8.4360211992471,-7.274318849037773,4,32,0,0,0,3.200035475673802,3.7361570242456588,7.28854618359624
3,p1_extension_dev,REFUGE,C_PER256,C,OC,32,0.3222820099279373,0.738834336576133,-3.5795714692752,3.804881628237218,18,0,14,-5.634503025524662,-4.568744270875796,4,32,0,0,0,-0.11509541435273521,-0.3510754278422974,2.424574300173754
3,p1_extension_dev,REFUGE,C_PER256,C,macro,32,-1.544056284593783,-1.5769415030401135,-4.017933426907712,2.2610400039584726,5,0,27,-4.618563722557978,-4.207712200340055,4,,,,,,,
3,p1_extension_dev,REFUGE,C_SENS,C_PER256,OD,32,3.4103945791155046,4.245758232317337,-1.8097808071421437,6.461835845386565,27,0,5,-4.098219392068936,-2.843539554336094,4,32,0,0,0,-3.200035475673802,-3.7361570242456588,2.7183288427487495
3,p1_extension_dev,REFUGE,C_SENS,C_PER256,OC,32,-0.3222820099279373,-0.738834336576133,-3.8048816282372178,3.579571469275201,14,0,18,-5.962245592005444,-4.901998779554489,4,32,0,0,0,0.11509541435273521,0.3510754278422974,2.2864660146083833
3,p1_extension_dev,REFUGE,C_SENS,C_PER256,macro,32,1.544056284593783,1.5769415030401135,-2.261040003958471,4.017933426907712,27,0,5,-3.9813669423537035,-2.8316990334916134,4,,,,,,,
3,p1_extension_dev,REFUGE,C_PCA_GLOBAL,C,OD,32,0.11002159079551571,0.17888709685577875,-0.2646132636844367,0.31374381458972095,25,0,7,-0.4305513719903509,-0.36686070784932023,4,32,0,0,0,-0.09327374664904425,-0.12723229535834868,0.35464538138325374
3,p1_extension_dev,REFUGE,C_PCA_GLOBAL,C,OC,32,-0.112616579423655,-0.0961684537869989,-0.322560821031439,0.07831687210246528,8,0,24,-0.5133598553270113,-0.3970795320930448,4,32,0,0,0,0.025716396819721904,0.02429936430440538,0.23588856697489047
3,p1_extension_dev,REFUGE,C_PCA_GLOBAL,C,macro,32,-0.001297494314067213,0.026766532284572264,-0.20988765687586897,0.16475751324909194,20,0,12,-0.41834325140769346,-0.3080890133467018,4,,,,,,,
3,p1_extension_dev,REFUGE,C_PCA_REGION,C,OD,32,0.05425671885769326,0.07457731579928462,-0.10393010673888425,0.20550582005015364,22,0,10,-0.21152601483278577,-0.15727640975934376,4,32,0,0,0,-0.02290350328597268,-0.01807608377812553,0.20056926513471707
3,p1_extension_dev,REFUGE,C_PCA_REGION,C,OC,32,-0.03906232774659385,0.35642481765243983,-2.424974882562476,2.311415729296774,17,0,15,-3.1992372166636307,-2.781863935939202,4,32,0,0,0,0.0030001326746877666,-0.0014677750125815514,1.4850408528773102
3,p1_extension_dev,REFUGE,C_PCA_REGION,C,macro,32,0.0075971955555503845,0.1939813667908019,-1.297819479557819,1.198462894720284,17,0,15,-1.5443932036397157,-1.4254136929636285,4,,,,,,,
3,p1_extension_dev,REFUGE,C_PCA_REGION,C_PCA_GLOBAL,OD,32,-0.05576487193782245,-0.09086653852121152,-0.233277493295867,0.18322942319017105,9,0,23,-0.29639159994911957,-0.2581577256997536,4,32,0,0,0,0.07037024336307157,0.06360889649527568,0.314389959321997
3,p1_extension_dev,REFUGE,C_PCA_REGION,C_PCA_GLOBAL,OC,32,0.07355425167706109,0.4122923871875406,-2.1963412030730276,2.294198420108616,18,0,14,-2.978659486031232,-2.4665573138674985,4,32,0,0,0,-0.022716264145034165,0.09426336087015308,1.3493251552593677
3,p1_extension_dev,REFUGE,C_PCA_REGION,C_PCA_GLOBAL,macro,32,0.008894689869617597,0.14769810899937785,-1.0480468091232342,1.0814672983924893,17,0,15,-1.541176418668222,-1.214199000893132,4,,,,,,,
3,p1_extension_dev,REFUGE,C_PCA_REGION,C_PCA_SHUFFLED,OD,32,-0.053145820641037,-0.07966169963475878,-0.22225707496067115,0.16812942461841957,9,0,23,-0.26127665692297075,-0.23634116827644935,4,32,0,0,0,0.06276929256623234,0.06271470222762332,0.2910519931394624
3,p1_extension_dev,REFUGE,C_PCA_REGION,C_PCA_SHUFFLED,OC,32,0.06276284656674436,0.41597038574799905,-2.216432813741358,2.3037599783346274,17,0,15,-2.9983385611758506,-2.4952079895512043,4,32,0,0,0,-0.01847765816362576,0.07143083567439801,1.3728549459152766
3,p1_extension_dev,REFUGE,C_PCA_REGION,C_PCA_SHUFFLED,macro,32,0.004808512962853687,0.15148602057833416,-1.0609004679697354,1.0882750004748836,17,0,15,-1.5466774080652224,-1.231541097053737,4,,,,,,,
3,p1_extension_dev,REFUGE,C_PCA_SHUFFLED,C,OD,32,0.10740253949873026,0.16289315500252477,-0.2505252614131892,0.3031779493637332,25,0,7,-0.39959080814134795,-0.33336080641618027,4,32,0,0,0,-0.08567279585220502,-0.12146493976205575,0.34133471656588865
3,p1_extension_dev,REFUGE,C_PCA_SHUFFLED,C,OC,32,-0.10182517431333825,-0.08643204706318963,-0.2788080966922357,0.07280606644306971,6,1,25,-0.4664956863561387,-0.35567244513587115,4,32,0,0,0,0.021477790838313512,0.009963146210018259,0.20169031674276505
3,p1_extension_dev,REFUGE,C_PCA_SHUFFLED,C,macro,32,0.002788682592696698,0.034150063925242335,-0.19715851676584517,0.16965296974916894,21,0,11,-0.3740522482079567,-0.2800272596707676,4,,,,,,,
3,p1_extension_dev,ORIGA,C_SENS,C,OD,32,0.0,0.0,0.0,0.0,0,32,0,0.0,0.0,4,32,0,0,0,0.0,0.0,0.0
3,p1_extension_dev,ORIGA,C_SENS,C,OC,32,0.0,0.0,0.0,0.0,0,32,0,0.0,0.0,4,32,0,0,0,0.0,0.0,0.0
3,p1_extension_dev,ORIGA,C_SENS,C,macro,32,0.0,0.0,0.0,0.0,0,32,0,0.0,0.0,4,,,,,,,
3,p1_extension_dev,ORIGA,C_PER256,C,OD,32,-8.418151516432717,-6.736771371412075,-17.316950104134886,-0.6400209565112621,3,0,29,-33.373015356249645,-24.87143313741205,4,32,0,0,0,8.088571267090003,5.8566238322350035,25.074432382638662
3,p1_extension_dev,ORIGA,C_PER256,C,OC,32,-6.668969113984764,-6.384649717353774,-16.148743028523633,6.5209424514316625,9,0,23,-44.011451629964604,-29.487489754526468,4,32,0,0,0,2.2142608608940466,2.425868468736818,14.262212655923598
3,p1_extension_dev,ORIGA,C_PER256,C,macro,32,-7.54356031520874,-6.014959407706161,-15.14460874624415,0.5582243958420205,6,0,26,-37.259833876618075,-26.80680748916471,4,,,,,,,
3,p1_extension_dev,ORIGA,C_SENS,C_PER256,OD,32,8.418151516432717,6.736771371412075,0.6400209565112625,17.31695010413489,29,0,3,-4.159043869542989,-1.805698243682305,4,32,0,0,0,-8.088571267090003,-5.8566238322350035,3.0574215726919958
3,p1_extension_dev,ORIGA,C_SENS,C_PER256,OC,32,6.668969113984764,6.384649717353774,-6.520942451431662,16.148743028523636,23,0,9,-8.586838221374183,-7.751502282724143,4,32,0,0,0,-2.2142608608940466,-2.425868468736818,5.170171654684184
3,p1_extension_dev,ORIGA,C_SENS,C_PER256,macro,32,7.54356031520874,6.014959407706161,-0.5582243958420197,15.144608746244154,26,0,6,-5.823195812472026,-3.06269378719764,4,,,,,,,
3,p1_extension_dev,ORIGA,C_PCA_GLOBAL,C,OD,32,-0.06402380683584695,-0.06367683353578069,-0.3331129586563819,0.17426311605283407,10,0,22,-0.3947408599776048,-0.36314863200106184,4,32,0,0,0,0.12135846782990499,0.13744231453441702,0.5628409182955361
3,p1_extension_dev,ORIGA,C_PCA_GLOBAL,C,OC,32,-0.289175041728556,-0.3120817900253092,-0.5820328254090879,-0.01229890818235156,2,0,30,-0.9997100973361595,-0.7977416301593904,4,32,0,0,0,0.15884487363771244,0.1760761010573848,0.767617205081013
3,p1_extension_dev,ORIGA,C_PCA_GLOBAL,C,macro,32,-0.17659942428219985,-0.19245196542578835,-0.386667034322834,0.020539848951407515,5,0,27,-0.4536849691269218,-0.41239989739562943,4,,,,,,,
3,p1_extension_dev,ORIGA,C_PCA_REGION,C,OD,32,-0.024528453549159043,-0.050898350554656746,-0.23877710771375904,0.19051535134281275,12,0,20,-0.29935423892109014,-0.2742422780511289,4,32,0,0,0,-0.014387630171213972,0.06385087975498815,0.38433705016989483
3,p1_extension_dev,ORIGA,C_PCA_REGION,C,OC,32,2.3019600306658794,1.8617779978150784,0.2575732079031545,5.208961167037304,30,0,2,-2.716358120957696,-1.0709972615898011,4,32,0,0,0,-1.0139197595993288,-0.7799083246149117,1.2785026643126023
3,p1_extension_dev,ORIGA,C_PCA_REGION,C,macro,32,1.1387157885583612,1.0268406070666924,0.10643292320121955,2.5442200953071437,30,0,2,-1.3871497798964239,-0.5415498585594591,4,,,,,,,
3,p1_extension_dev,ORIGA,C_PCA_REGION,C_PCA_GLOBAL,OD,32,0.039495353286687906,0.041739974447346784,-0.258819320799587,0.3656006997166761,18,0,14,-0.5759218221386253,-0.3831710045902381,4,32,0,0,0,-0.13574609800111898,-0.04561584005500752,0.47934418120689704
3,p1_extension_dev,ORIGA,C_PCA_REGION,C_PCA_GLOBAL,OC,32,2.591135072394435,2.0822829803492926,0.29883247610849595,5.770220224708941,29,0,3,-2.3875893858929076,-1.0055472021874317,4,32,0,0,0,-1.1727646332370414,-0.8389605407339769,1.1497701246361731
3,p1_extension_dev,ORIGA,C_PCA_REGION,C_PCA_GLOBAL,macro,32,1.315315212840561,1.1191054869234385,0.22507545929977724,2.813760231660151,30,0,2,-1.186652676314659,-0.40336682004791513,4,,,,,,,
3,p1_extension_dev,ORIGA,C_PCA_REGION,C_PCA_SHUFFLED,OD,32,0.05530274778861553,0.08750732296955444,-0.24294512619366437,0.36616194406354663,18,0,14,-0.5560017408978046,-0.3658397369499494,4,32,0,0,0,-0.1518427103148604,-0.054949787248524284,0.4498889592837254
3,p1_extension_dev,ORIGA,C_PCA_REGION,C_PCA_SHUFFLED,OC,32,2.6204969412392893,2.134220089195893,0.3007706144558242,5.753104497072555,29,0,3,-2.418856142542636,-1.0282350814086267,4,32,0,0,0,-1.1733252876352032,-0.8893105496456801,1.139723391842967
3,p1_extension_dev,ORIGA,C_PCA_REGION,C_PCA_SHUFFLED,macro,32,1.3378998445139527,1.1652182095636399,0.28822500880414714,2.823212300388851,30,0,2,-1.1969419020554373,-0.39838738615400604,4,,,,,,,
3,p1_extension_dev,ORIGA,C_PCA_SHUFFLED,C,OD,32,-0.07983120133777458,-0.08227017712341134,-0.33223914572502844,0.15530317371733166,10,0,22,-0.40380051512468595,-0.35804357896521144,4,32,0,0,0,0.13745508014364644,0.1422059346597806,0.5523647460201211
3,p1_extension_dev,ORIGA,C_PCA_SHUFFLED,C,OC,32,-0.31853691057341005,-0.3204847782862452,-0.5660568918429798,-0.02895703853203146,1,0,31,-1.0138948045855356,-0.816017472671321,4,32,0,0,0,0.1594055280358744,0.14525693405166784,0.7080373277980225
3,p1_extension_dev,ORIGA,C_PCA_SHUFFLED,C,macro,32,-0.19918405595559135,-0.194173620701793,-0.41018700420386134,0.016382271573389694,5,0,27,-0.4312761825899236,-0.42533273034254526,4,,,,,,,
3,p1_extension_dev,REFUGE_Valid,C_SENS,C,OD,32,0.0,0.0,0.0,0.0,0,32,0,0.0,0.0,4,32,0,0,0,0.0,0.0,0.0
3,p1_extension_dev,REFUGE_Valid,C_SENS,C,OC,32,0.0,0.0,0.0,0.0,0,32,0,0.0,0.0,4,32,0,0,0,0.0,0.0,0.0
3,p1_extension_dev,REFUGE_Valid,C_SENS,C,macro,32,0.0,0.0,0.0,0.0,0,32,0,0.0,0.0,4,,,,,,,
3,p1_extension_dev,REFUGE_Valid,C_PER256,C,OD,32,1.0760566055638963,0.0,-0.5373809604555435,3.44020638111353,15,12,5,-3.224570820030459,-1.682435300773319,4,32,0,0,0,5.467584464023794,0.0,39.94703056525775
3,p1_extension_dev,REFUGE_Valid,C_PER256,C,OC,32,1.1766330329599621,0.6383162260587438,0.0,2.7763552629653585,20,12,0,0.0,0.0,4,32,0,0,0,-0.795451348668846,-0.5303108388093758,0.062127696559104884
3,p1_extension_dev,REFUGE_Valid,C_PER256,C,macro,32,1.1263448192619308,0.5374533498253231,0.0,2.8757374236751914,19,12,1,-0.03644575330132849,-0.009111438325332122,4,,,,,,,
3,p1_extension_dev,REFUGE_Valid,C_SENS,C_PER256,OD,32,-1.0760566055638963,0.0,-3.4402063811135295,0.5373809604555437,5,12,15,-11.400153183296801,-5.9134654808634775,4,32,0,0,0,-5.467584464023794,0.0,5.754233809449289
3,p1_extension_dev,REFUGE_Valid,C_SENS,C_PER256,OC,32,-1.1766330329599621,-0.6383162260587438,-2.776355262965357,0.0,0,12,20,-4.15116659722049,-3.6442104517529854,4,32,0,0,0,0.795451348668846,0.5303108388093758,2.75150371907215
3,p1_extension_dev,REFUGE_Valid,C_SENS,C_PER256,macro,32,-1.1263448192619308,-0.5374533498253231,-2.875737423675191,0.0,1,12,19,-6.453926898027684,-4.197923574709736,4,,,,,,,
3,p1_extension_dev,REFUGE_Valid,C_PCA_GLOBAL,C,OD,32,-0.15395184461877223,-0.10609901742670846,-0.4671685848918472,0.005623827269743988,4,1,27,-0.6300495743216228,-0.5396203106594083,4,32,0,0,0,-0.011891477341554671,0.05533091710278448,0.6092911065346711
3,p1_extension_dev,REFUGE_Valid,C_PCA_GLOBAL,C,OC,32,-0.09307757467971345,-0.09533071143992822,-0.17689324311862875,-0.007058641227952726,1,1,30,-0.22284652371128422,-0.19932856108596242,4,32,0,0,0,0.06728897793214261,0.013876735687042618,0.35105057136687634
3,p1_extension_dev,REFUGE_Valid,C_PCA_GLOBAL,C,macro,32,-0.12351470964924206,-0.09167459087889851,-0.32001932887778417,-0.007989907220685703,1,1,30,-0.41297074769771625,-0.36478267381084006,4,,,,,,,
3,p1_extension_dev,REFUGE_Valid,C_PCA_REGION,C,OD,32,-0.11041311733398611,-0.11121944968142117,-0.23461122711366467,-0.0005053874082916358,3,1,28,-0.3829206314648115,-0.3019544887010339,4,32,0,0,0,-0.019009262939241545,0.08532758807367191,0.4431434352517707
3,p1_extension_dev,REFUGE_Valid,C_PCA_REGION,C,OC,32,-0.5202717677071474,-0.6233555671150581,-1.1010308224637833,0.042614662058827545,5,1,26,-1.1763561036888193,-1.1287060052760962,4,32,0,0,0,0.35241915700911947,0.2570727530659953,0.9448445203946441
3,p1_extension_dev,REFUGE_Valid,C_PCA_REGION,C,macro,32,-0.3153424425205664,-0.38208063690369776,-0.6363768438312745,0.01758549232241617,4,1,27,-0.7796383675768181,-0.7047949236925755,4,,,,,,,
3,p1_extension_dev,REFUGE_Valid,C_PCA_REGION,C_PCA_GLOBAL,OD,32,0.043538727284786125,-0.0011799216042218674,-0.031556237385539365,0.2151581913948087,15,1,16,-0.05168733861602437,-0.04226720138551521,4,32,0,0,0,-0.007117785597686874,-0.00021147606417937226,0.33485025626581333
3,p1_extension_dev,REFUGE_Valid,C_PCA_REGION,C_PCA_GLOBAL,OC,32,-0.427194193027434,-0.5279002589065385,-0.9468748136522509,0.0564384085939008,5,1,26,-0.9804641826150207,-0.962361044134523,4,32,0,0,0,0.28513017907697685,0.26538761122594057,0.8099750585184364
3,p1_extension_dev,REFUGE_Valid,C_PCA_REGION,C_PCA_GLOBAL,macro,32,-0.19182773287132437,-0.2123104818728072,-0.4665252643339912,0.03818192208143952,5,1,26,-0.4988298285699688,-0.47883569266782,4,,,,,,,
3,p1_extension_dev,REFUGE_Valid,C_PCA_REGION,C_PCA_SHUFFLED,OD,32,0.035150484577965366,-0.00442930156043797,-0.03573564372604365,0.1717685185737161,13,1,18,-0.05236171909247522,-0.041047913143393844,4,32,0,0,0,0.008489966880442887,-0.00037102703154623384,0.345188526956973
3,p1_extension_dev,REFUGE_Valid,C_PCA_REGION,C_PCA_SHUFFLED,OC,32,-0.4330835731570913,-0.5381869694531083,-0.9285256623201321,0.052343242536040474,5,1,26,-1.0176188310015655,-0.9764983057265683,4,32,0,0,0,0.29283937357260975,0.2610014030825747,0.803609646031537
3,p1_extension_dev,REFUGE_Valid,C_PCA_REGION,C_PCA_SHUFFLED,macro,32,-0.19896654428956417,-0.22745434797747377,-0.4586322114463426,0.030710762924522968,6,1,25,-0.5264250385500713,-0.4859883985804253,4,,,,,,,
3,p1_extension_dev,REFUGE_Valid,C_PCA_SHUFFLED,C,OD,32,-0.14556360191195147,-0.09631900034442475,-0.4442700326866289,0.0014320292212544085,4,1,27,-0.5955241545822165,-0.5182589669135595,4,32,0,0,0,-0.02749922981968443,0.03912095672630844,0.5278997942213493
3,p1_extension_dev,REFUGE_Valid,C_PCA_SHUFFLED,C,OC,32,-0.08718819455005612,-0.08188063273549817,-0.17744760233361023,-0.006128144660739733,1,1,30,-0.21740400569773,-0.19403259278845675,4,32,0,0,0,0.059579783436509715,0.012776927564631002,0.3157360581476767
3,p1_extension_dev,REFUGE_Valid,C_PCA_SHUFFLED,C,macro,32,-0.11637589823100224,-0.08611567228430927,-0.30367630903089804,-0.005292896454112117,1,1,30,-0.38650731975885533,-0.34868378621578655,4,,,,,,,
3,p1_extension_dev,Drishti_GS,C_SENS,C,OD,32,0.0,0.0,0.0,0.0,0,32,0,0.0,0.0,4,32,0,0,0,0.0,0.0,0.0
3,p1_extension_dev,Drishti_GS,C_SENS,C,OC,32,0.0,0.0,0.0,0.0,0,32,0,0.0,0.0,4,32,0,0,0,0.0,0.0,0.0
3,p1_extension_dev,Drishti_GS,C_SENS,C,macro,32,0.0,0.0,0.0,0.0,0,32,0,0.0,0.0,4,,,,,,,
3,p1_extension_dev,Drishti_GS,C_PER256,C,OD,32,-6.27996834794486,-6.129301563032968,-7.903583730130248,-2.9352414709184917,0,0,32,-17.884387854886718,-12.546048715812693,4,32,0,0,0,7.4335790566582745,6.192633018785785,20.91336357149292
3,p1_extension_dev,Drishti_GS,C_PER256,C,OC,32,0.005681840999048227,-0.6747164329988953,-3.667818598383051,4.022843014520834,14,0,18,-7.013709605427209,-5.393987186535123,4,32,0,0,0,-0.2973993422646586,-0.24812763912464142,2.984851474440996
3,p1_extension_dev,Drishti_GS,C_PER256,C,macro,32,-3.137143253472908,-3.198894213918541,-4.807311195293695,-0.7885496534101443,3,0,29,-12.076304199441479,-8.113359683371737,4,,,,,,,
3,p1_extension_dev,Drishti_GS,C_SENS,C_PER256,OD,32,6.27996834794486,6.129301563032968,2.9352414709184926,7.903583730130249,32,0,0,1.2179209364483135,1.8835637957696632,4,32,0,0,0,-7.4335790566582745,-6.192633018785785,-1.7982926222771398
3,p1_extension_dev,Drishti_GS,C_SENS,C_PER256,OC,32,-0.005681840999048227,0.6747164329988953,-4.022843014520833,3.6678185983830525,18,0,14,-7.991638579630733,-5.939386366637514,4,32,0,0,0,0.2973993422646586,0.24812763912464142,3.816090457644575
3,p1_extension_dev,Drishti_GS,C_SENS,C_PER256,macro,32,3.137143253472908,3.198894213918541,0.7885496534101455,4.807311195293695,29,0,3,-2.233154466313303,-0.6680799943837634,4,,,,,,,
3,p1_extension_dev,Drishti_GS,C_PCA_GLOBAL,C,OD,32,0.16566884316881086,0.2021579541345908,-0.04258246058580051,0.31078182001499477,27,0,5,-0.23529988078963004,-0.1219073093167794,4,32,0,0,0,-0.18016228769829107,-0.19101383244320447,0.13424469826512708
3,p1_extension_dev,Drishti_GS,C_PCA_GLOBAL,C,OC,32,-0.1825098141847526,-0.10123985098668409,-0.6325013765903903,0.059162628094072696,10,0,22,-0.8855132858359094,-0.7233784390447362,4,32,0,0,0,0.06117404556628768,0.07037562315501811,0.5146748011579483
3,p1_extension_dev,Drishti_GS,C_PCA_GLOBAL,C,macro,32,-0.008420485507971281,0.006773490158074047,-0.19191035140096457,0.15937317695566722,18,0,14,-0.3651328353268979,-0.2446322207368734,4,,,,,,,
3,p1_extension_dev,Drishti_GS,C_PCA_REGION,C,OD,32,0.012215685288761297,0.01700732911195102,-0.09401618302625092,0.12239292960524398,20,0,12,-0.327605439619727,-0.18964159884387044,4,32,0,0,0,-0.013266890387472627,-0.031594858237257384,0.31406869372569113
3,p1_extension_dev,Drishti_GS,C_PCA_REGION,C,OC,32,2.766184704576137,3.498446407162131,-1.512358246434351,6.21463601923693,25,0,7,-3.416400576727674,-2.4691098862121894,4,32,0,0,0,-1.4910098135419974,-1.794589156809253,1.4959916084371683
3,p1_extension_dev,Drishti_GS,C_PCA_REGION,C,macro,32,1.3892001949324486,1.7670519707962018,-0.8800081959361838,3.0966054209000253,25,0,7,-1.699748774291221,-1.2627569498270401,4,,,,,,,
3,p1_extension_dev,Drishti_GS,C_PCA_REGION,C_PCA_GLOBAL,OD,32,-0.1534531578800496,-0.18385165535562686,-0.29112728518562503,0.09756810685090389,5,0,27,-0.587161850674367,-0.42730018159454763,4,32,0,0,0,0.16689539731081846,0.1559819423858655,0.5997921272280728
3,p1_extension_dev,Drishti_GS,C_PCA_REGION,C_PCA_GLOBAL,OC,32,2.94869451876089,3.5082167637029595,-1.393998708187686,6.90831292037262,25,0,7,-3.340253556312578,-2.3344900845622822,4,32,0,0,0,-1.5521838591082853,-1.7078252157061868,1.3492074094380153
3,p1_extension_dev,Drishti_GS,C_PCA_REGION,C_PCA_GLOBAL,macro,32,1.3976206804404199,1.687608162577775,-0.9473529629531396,3.3127667134583523,24,0,8,-1.6186274338759299,-1.233165793922253,4,,,,,,,
3,p1_extension_dev,Drishti_GS,C_PCA_REGION,C_PCA_SHUFFLED,OD,32,-0.14444369098017204,-0.1771744713090495,-0.2757269330984091,0.09311734258441684,5,0,27,-0.5787578364793711,-0.4120881078358507,4,32,0,0,0,0.15696561408346366,0.1500491744449688,0.5821637244298028
3,p1_extension_dev,Drishti_GS,C_PCA_REGION,C_PCA_SHUFFLED,OC,32,2.9589712813036435,3.5325813154700567,-1.4019945559649247,6.898853575743961,25,0,7,-3.375556751492459,-2.35048333408892,4,32,0,0,0,-1.5615853329273879,-1.7534738977207684,1.3419192700311724
3,p1_extension_dev,Drishti_GS,C_PCA_REGION,C_PCA_SHUFFLED,macro,32,1.4072637951617373,1.6992530305688647,-0.9369696189161969,3.31538309714218,24,0,8,-1.6385471899735382,-1.2351027230899785,4,,,,,,,
3,p1_extension_dev,Drishti_GS,C_PCA_SHUFFLED,C,OD,32,0.15665937626893334,0.19365743226260057,-0.04633861254483951,0.2974832499012059,27,0,5,-0.21501517610302834,-0.11774169177194982,4,32,0,0,0,-0.1702325044709363,-0.19469410327482173,0.1350053212570439
3,p1_extension_dev,Drishti_GS,C_PCA_SHUFFLED,C,OC,32,-0.1927865767275063,-0.11004717084406312,-0.6716065448254321,0.03740429238090482,8,0,24,-0.9152077612089693,-0.7417364048791882,4,32,0,0,0,0.07057551938539014,0.0767354416684336,0.48903710550883783
3,p1_extension_dev,Drishti_GS,C_PCA_SHUFFLED,C,macro,32,-0.0180636002292886,0.0015240050551423856,-0.21332643179406752,0.14888271224438923,16,0,16,-0.38568367275624293,-0.2618870169509291,4,,,,,,,
3,all_dev,REFUGE,C_SENS,C,OD,400,0.0,0.0,0.0,0.0,0,400,0,0.0,0.0,40,400,0,0,0,0.0,0.0,0.0
3,all_dev,REFUGE,C_SENS,C,OC,400,0.0,0.0,0.0,0.0,0,400,0,0.0,0.0,40,400,0,0,0,0.0,0.0,0.0
3,all_dev,REFUGE,C_SENS,C,macro,400,0.0,0.0,0.0,0.0,0,400,0,0.0,0.0,40,,,,,,,
3,all_dev,REFUGE,C_PER256,C,OD,400,-3.4189274085356853,-3.827462705016882,-6.3408144838664136,0.4004385333190944,46,0,354,-13.476121754157887,-7.466827844618107,40,400,0,0,0,3.59205566480481,3.5710440592519026,11.428078320905312
3,all_dev,REFUGE,C_PER256,C,OC,400,0.2818930272439196,0.5650827875255893,-3.454016376199934,3.646924321952894,222,0,178,-9.416668735906509,-4.675255835734058,40,400,0,0,0,-0.17444062416280331,-0.25978370357841607,2.254045683739815
3,all_dev,REFUGE,C_PER256,C,macro,400,-1.5685171906458828,-1.6936789456620471,-4.244561006021347,1.2241451200528177,87,0,313,-9.709901294067546,-5.244896499995294,40,,,,,,,
3,all_dev,REFUGE,C_SENS,C_PER256,OD,400,3.4189274085356853,3.827462705016882,-0.400438533319094,6.3408144838664136,354,0,46,-8.732993190975868,-2.4192249082586708,40,400,0,0,0,-3.59205566480481,-3.5710440592519026,2.534396038078094
3,all_dev,REFUGE,C_SENS,C_PER256,OC,400,-0.2818930272439196,-0.5650827875255893,-3.6469243219528935,3.4540163761999345,178,0,222,-6.064641412303118,-4.672473597667476,40,400,0,0,0,0.17444062416280331,0.25978370357841607,2.390008824086701
3,all_dev,REFUGE,C_SENS,C_PER256,macro,400,1.5685171906458828,1.6936789456620471,-1.2241451200528162,4.244561006021348,313,0,87,-5.970792542019465,-2.7408233535806685,40,,,,,,,
3,all_dev,REFUGE,C_PCA_GLOBAL,C,OD,400,0.10712668805506662,0.14411165711253893,-0.205247703118786,0.3377362347144264,299,0,101,-0.6193349444119534,-0.34081385095988515,40,400,0,0,0,-0.0771074634887099,-0.09276935433107547,0.38647228200620887
3,all_dev,REFUGE,C_PCA_GLOBAL,C,OC,400,-0.08072533743873128,-0.08914634941737387,-0.285255021190588,0.1161965442272117,127,0,273,-0.5380520556405921,-0.3581601016949018,40,400,0,0,0,0.032402118350272874,0.033429148204935366,0.2695070550713295
3,all_dev,REFUGE,C_PCA_GLOBAL,C,macro,400,0.013200675308167683,0.02951745279748952,-0.19473440604092396,0.18656079075328738,234,0,166,-0.4767471024139991,-0.28805372159068565,40,,,,,,,
3,all_dev,REFUGE,C_PCA_REGION,C,OD,400,0.06192608141183726,0.06686682403903021,-0.07282037798895358,0.19207622932281848,296,0,104,-0.3605744236991226,-0.13575373268085777,40,400,0,0,0,-0.02918357341045763,-0.03446815473035558,0.20764047827354393
3,all_dev,REFUGE,C_PCA_REGION,C,OC,400,-0.30789938322603405,-0.3786066289238943,-2.1445814183594556,1.6882203293941378,164,0,236,-3.2799707835116987,-2.5368710925711726,40,400,0,0,0,0.20134887232770132,0.2952667246363845,1.4026752177451798
3,all_dev,REFUGE,C_PCA_REGION,C,macro,400,-0.1229866509070985,-0.15723023021331217,-1.0636284022378317,0.9117769253367228,169,0,231,-1.657209488477196,-1.257446000274128,40,,,,,,,
3,all_dev,REFUGE,C_PCA_REGION,C_PCA_GLOBAL,OD,400,-0.04520060664322936,-0.06649303920769345,-0.22219257442555707,0.16259121228763518,134,0,266,-0.5009429032813317,-0.2751366838757499,40,400,0,0,0,0.047923890078252276,0.06950246247375191,0.329423375608114
3,all_dev,REFUGE,C_PCA_REGION,C_PCA_GLOBAL,OC,400,-0.22717404578730274,-0.31520655767544037,-1.9180268323223548,1.647728254300221,164,0,236,-3.009098790425857,-2.30354217364413,40,400,0,0,0,0.16894675397742845,0.2824041643105064,1.3144209867097136
3,all_dev,REFUGE,C_PCA_REGION,C_PCA_GLOBAL,macro,400,-0.1361873262152662,-0.18203910590437467,-0.9781976216274202,0.7767631719868221,157,0,243,-1.541176418668222,-1.1460204834448622,40,,,,,,,
3,all_dev,REFUGE,C_PCA_REGION,C_PCA_SHUFFLED,OD,400,-0.04000132004978757,-0.059554296334307644,-0.20772193709814646,0.14993675847234006,141,0,259,-0.49379490222498656,-0.2584942209956634,40,400,0,0,0,0.042330710459775274,0.06044885838500136,0.3095506174040801
3,all_dev,REFUGE,C_PCA_REGION,C_PCA_SHUFFLED,OC,400,-0.23160722542142118,-0.31356990492439896,-1.9547904012030626,1.6767710950689145,163,0,237,-3.0459213374331773,-2.3317921460397097,40,400,0,0,0,0.17165506332627126,0.2836508190127476,1.3299753550523765
3,all_dev,REFUGE,C_PCA_REGION,C_PCA_SHUFFLED,macro,400,-0.1358042727356046,-0.18375523825965856,-0.9825227675491799,0.7984118605266023,157,0,243,-1.5466774080652224,-1.1594112998362374,40,,,,,,,
3,all_dev,REFUGE,C_PCA_SHUFFLED,C,OD,400,0.10192740146162484,0.1392064284181982,-0.19494192457977674,0.31666695626831665,300,0,100,-0.5869724902180962,-0.3221208079568419,40,400,0,0,0,-0.07151428387023291,-0.08624645012782217,0.3744323739800703
3,all_dev,REFUGE,C_PCA_SHUFFLED,C,OC,400,-0.07629215780461285,-0.07723090592781645,-0.26496993704863914,0.08973191733820618,130,1,269,-0.4848874742000131,-0.33347380911863234,40,400,0,0,0,0.0296938090014301,0.02810009142964942,0.2576746305734414
3,all_dev,REFUGE,C_PCA_SHUFFLED,C,macro,400,0.012817621828506072,0.021190789451974723,-0.1804415042994567,0.17686661463026443,235,0,165,-0.47059138055282057,-0.26856627662012994,40,,,,,,,
3,all_dev,ORIGA,C_SENS,C,OD,650,0.0,0.0,0.0,0.0,0,650,0,0.0,0.0,65,650,0,0,0,0.0,0.0,0.0
3,all_dev,ORIGA,C_SENS,C,OC,650,0.0,0.0,0.0,0.0,0,650,0,0.0,0.0,65,650,0,0,0,0.0,0.0,0.0
3,all_dev,ORIGA,C_SENS,C,macro,650,0.0,0.0,0.0,0.0,0,650,0,0.0,0.0,65,,,,,,,
3,all_dev,ORIGA,C_PER256,C,OD,650,-6.61322071955384,-5.528468426381111,-14.067345443929074,0.9265193989192773,86,0,564,-59.8089977323635,-21.986315702119743,65,650,0,0,0,6.886313966241813,5.391389343819317,26.172695906529754
3,all_dev,ORIGA,C_PER256,C,OC,650,-4.753622508949887,-3.580549717813292,-15.595972107586533,5.594773109427107,205,0,445,-65.70746573604866,-28.64445337640396,65,650,0,0,0,1.6866658341733214,0.7397001303089308,14.958651548737118
3,all_dev,ORIGA,C_PER256,C,macro,650,-5.683421614251864,-4.3749010577824485,-14.309059375269694,2.4889483597751965,142,0,508,-59.241684157050365,-24.50111628335756,65,,,,,,,
3,all_dev,ORIGA,C_SENS,C_PER256,OD,650,6.61322071955384,5.528468426381111,-0.9265193989192682,14.06734544392908,564,0,86,-12.715632881460992,-3.5947617627581656,65,650,0,0,0,-6.886313966241813,-5.391389343819317,4.718820782472486
3,all_dev,ORIGA,C_SENS,C_PER256,OC,650,4.753622508949887,3.580549717813292,-5.594773109427107,15.59597210758654,445,0,205,-19.87212952613814,-8.550099651347505,65,650,0,0,0,-1.6866658341733214,-0.7397001303089308,5.870228260868673
3,all_dev,ORIGA,C_SENS,C_PER256,macro,650,5.683421614251864,4.3749010577824485,-2.488948359775196,14.309059375269694,508,0,142,-8.352408380481592,-4.433640570454605,65,,,,,,,
3,all_dev,ORIGA,C_PCA_GLOBAL,C,OD,650,-0.1035693792809929,-0.09993213377503807,-0.35453461877185455,0.1536273687468348,199,0,451,-0.6501815597694471,-0.45424205459692674,65,650,0,0,0,0.14088715377199793,0.1142629167201803,0.7316776788455106
3,all_dev,ORIGA,C_PCA_GLOBAL,C,OC,650,-0.2786470643894876,-0.2340006943681916,-0.6267879617224237,0.03757661255291201,86,0,564,-1.9132411688171258,-0.8858699189220791,65,650,0,0,0,0.17389430301130498,0.13090494490810656,0.8242817936362407
3,all_dev,ORIGA,C_PCA_GLOBAL,C,macro,650,-0.19110822183524048,-0.18792284501248369,-0.4027019132093579,0.0045673966677306655,72,0,578,-1.0541922757665079,-0.5249970623522581,65,,,,,,,
3,all_dev,ORIGA,C_PCA_REGION,C,OD,650,-0.01633810587743837,-0.02259939885598805,-0.18553078420652014,0.14964265044935088,267,0,383,-0.4612382138299176,-0.26469266482694065,65,650,0,0,0,-0.01753598311493706,0.0074060952395331725,0.3678685189628113
3,all_dev,ORIGA,C_PCA_REGION,C,OC,650,1.8698532365014444,1.786390321814424,-1.0046424407139931,4.8541228736755695,541,0,109,-4.872950217253901,-2.6014114915738324,65,650,0,0,0,-0.8574195998282818,-0.6433324387542498,2.130504092957575
3,all_dev,ORIGA,C_PCA_REGION,C,macro,650,0.9267575653120028,0.8828368008389043,-0.5123880748440733,2.4343216397816207,537,0,113,-2.3913643413733476,-1.3043671009560955,65,,,,,,,
3,all_dev,ORIGA,C_PCA_REGION,C_PCA_GLOBAL,OD,650,0.08723127340355451,0.07795121900211477,-0.22738790590957847,0.4093946475124022,408,0,242,-0.6157595606513189,-0.32345257784364334,65,650,0,0,0,-0.15842313688693496,-0.14410646463179866,0.4348889800350565
3,all_dev,ORIGA,C_PCA_REGION,C_PCA_GLOBAL,OC,650,2.1485003008909316,2.0450766395228137,-0.9440868803700763,5.413855315003299,547,0,103,-5.203449596222864,-2.5113923051617477,65,650,0,0,0,-1.0313139028395866,-0.7497439995397253,2.05757598453821
3,all_dev,ORIGA,C_PCA_REGION,C_PCA_GLOBAL,macro,650,1.1178657871472433,1.0477433147130677,-0.396432927282787,2.7037735109764864,563,0,87,-2.5337134624000335,-1.1332641991940169,65,,,,,,,
3,all_dev,ORIGA,C_PCA_REGION,C_PCA_SHUFFLED,OD,650,0.09770388452490138,0.09438346776289297,-0.21258286856577935,0.40936467740470217,417,0,233,-0.5954480273545393,-0.3017689359961353,65,650,0,0,0,-0.17179969196529615,-0.15353210997573674,0.4050924660452508
3,all_dev,ORIGA,C_PCA_REGION,C_PCA_SHUFFLED,OC,650,2.1722611056699384,2.0603189857468287,-0.9430050782265731,5.434336699967467,546,0,104,-5.228031586568161,-2.53317716409354,65,650,0,0,0,-1.0421735415681337,-0.7751315827541285,2.070704834517445
3,all_dev,ORIGA,C_PCA_REGION,C_PCA_SHUFFLED,macro,650,1.1349824950974199,1.054340978453422,-0.41258876040604076,2.742636741666906,562,0,88,-2.543988827545751,-1.144957862295749,65,,,,,,,
3,all_dev,ORIGA,C_PCA_SHUFFLED,C,OD,650,-0.11404199040233974,-0.113461586591046,-0.3576457393735588,0.13575552785900724,182,0,468,-0.6960146737241546,-0.4522717289119756,65,650,0,0,0,0.15426370885035912,0.12445138181325044,0.742212704288684
3,all_dev,ORIGA,C_PCA_SHUFFLED,C,OC,650,-0.3024078691684942,-0.2582944157275724,-0.6757499677180823,0.016522982519697797,78,0,572,-2.0210598704273943,-0.9339252462825762,65,650,0,0,0,0.18475394173985193,0.13871913498571686,0.8516921464742845
3,all_dev,ORIGA,C_PCA_SHUFFLED,C,macro,650,-0.20822492978541718,-0.20359859641964073,-0.4229891096591176,-0.0021064561138428484,64,0,586,-1.1102267890135964,-0.5494112249132345,65,,,,,,,
3,all_dev,REFUGE_Valid,C_SENS,C,OD,800,0.0,0.0,0.0,0.0,0,800,0,0.0,0.0,80,800,0,0,0,0.0,0.0,0.0
3,all_dev,REFUGE_Valid,C_SENS,C,OC,800,0.0,0.0,0.0,0.0,0,800,0,0.0,0.0,80,800,0,0,0,0.0,0.0,0.0
3,all_dev,REFUGE_Valid,C_SENS,C,macro,800,0.0,0.0,0.0,0.0,0,800,0,0.0,0.0,80,,,,,,,
3,all_dev,REFUGE_Valid,C_PER256,C,OD,800,1.1055844213083272,0.3472156566546092,-0.5631428479745625,4.178457977067869,428,256,116,-13.114855862468822,-2.8341134650739974,80,800,0,0,0,2.218545251184974,0.0,25.03982784948141
3,all_dev,REFUGE_Valid,C_PER256,C,OC,800,0.7124628079379457,0.4096628199300373,-0.042782824017779636,2.3354647706488403,461,256,83,-10.835751277374461,-1.6733635905007476,80,800,0,0,0,-0.35395295445182234,-0.14784086397792207,1.9989772379477173
3,all_dev,REFUGE_Valid,C_PER256,C,macro,800,0.9090236146231365,0.37648570057465247,-0.12443689319857838,3.1945529636103203,454,256,90,-8.104459837929156,-1.8159495596690711,80,,,,,,,
3,all_dev,REFUGE_Valid,C_SENS,C_PER256,OD,800,-1.1055844213083272,-0.3472156566546092,-4.178457977067868,0.563142847974563,116,256,428,-16.496005499771282,-6.593341688887944,80,800,0,0,0,-2.218545251184974,0.0,5.778589841944985
3,all_dev,REFUGE_Valid,C_SENS,C_PER256,OC,800,-0.7124628079379457,-0.4096628199300373,-2.3354647706488394,0.04278282401777977,83,256,461,-9.25103111928216,-3.6578639712780165,80,800,0,0,0,0.35395295445182234,0.14784086397792207,2.7123209838894518
3,all_dev,REFUGE_Valid,C_SENS,C_PER256,macro,800,-0.9090236146231365,-0.37648570057465247,-3.19455296361032,0.1244368931985786,90,256,454,-8.889686792632522,-4.664700063953889,80,,,,,,,
3,all_dev,REFUGE_Valid,C_PCA_GLOBAL,C,OD,800,-0.1756590723277918,-0.1289325242314232,-0.4236391257013783,0.0,72,26,702,-1.214469851630673,-0.5677359215011435,80,800,0,0,0,0.10184447492925576,0.07975195873909069,0.9405269848890263
3,all_dev,REFUGE_Valid,C_PCA_GLOBAL,C,OC,800,-0.08028661083394187,-0.06818939027093962,-0.1791286061768882,0.0038480987812739014,90,39,671,-1.1472637933509777,-0.2499233368367217,80,800,0,0,0,0.05143053802553691,0.02532520088250978,0.3867730052453056
3,all_dev,REFUGE_Valid,C_PCA_GLOBAL,C,macro,800,-0.12797284158086694,-0.10455621052457564,-0.29611475804502296,0.0,60,24,716,-0.8627349612876423,-0.37253914921463815,80,,,,,,,
3,all_dev,REFUGE_Valid,C_PCA_REGION,C,OD,800,-0.11626774759125053,-0.10769351952769624,-0.28320402989940874,0.02531222465727347,135,21,644,-0.4843051328969339,-0.3412560012733913,80,800,0,0,0,0.05216262484647169,0.08036559310022584,0.5878996410281875
3,all_dev,REFUGE_Valid,C_PCA_REGION,C,OC,800,-0.48276071828105754,-0.45818888214742004,-1.0997947156596466,0.0,72,24,704,-1.62212077935745,-1.2565487592734368,80,800,0,0,0,0.32640014260629696,0.2914749725179364,0.9949588702892485
3,all_dev,REFUGE_Valid,C_PCA_REGION,C,macro,800,-0.29951423293615437,-0.2781803130326166,-0.6666278333495046,0.0,74,19,707,-0.9239110340707235,-0.7551640363265288,80,,,,,,,
3,all_dev,REFUGE_Valid,C_PCA_REGION,C_PCA_GLOBAL,OD,800,0.059391324736541226,0.026142849765581344,-0.02347569515884551,0.17352643460865624,561,28,211,-0.09607428946073471,-0.0394712276541441,80,800,0,0,0,-0.049681850082784085,-0.008697365226424836,0.35867022805074783
3,all_dev,REFUGE_Valid,C_PCA_REGION,C_PCA_GLOBAL,OC,800,-0.40247410744711565,-0.3752056219821137,-0.9495232823745969,0.018407745585607167,83,24,693,-1.5074910400882935,-1.107911232036558,80,800,0,0,0,0.2749696045807601,0.22273280137538087,0.8495114252680416
3,all_dev,REFUGE_Valid,C_PCA_REGION,C_PCA_GLOBAL,macro,800,-0.17154139135528737,-0.16282676513740268,-0.4162456100921763,0.02748503822547658,100,20,680,-0.7286290286366071,-0.5005127838992419,80,,,,,,,
3,all_dev,REFUGE_Valid,C_PCA_REGION,C_PCA_SHUFFLED,OD,800,0.049716740014199984,0.01938391349491364,-0.027291230505616104,0.1463089462337819,522,24,254,-0.0817124423439064,-0.042591768963310545,80,800,0,0,0,-0.04154675804186797,-0.0035093347460986024,0.34806414432004307
3,all_dev,REFUGE_Valid,C_PCA_REGION,C_PCA_SHUFFLED,OC,800,-0.40856871857606303,-0.3760822692144783,-0.9618278609226205,0.016745035052866522,82,24,694,-1.5137215638643675,-1.1231589485656392,80,800,0,0,0,0.2788059930068908,0.2244882744041634,0.857717746875396
3,all_dev,REFUGE_Valid,C_PCA_REGION,C_PCA_SHUFFLED,macro,800,-0.17942598928093184,-0.16652884654028144,-0.42982088129988827,0.02644305774519693,99,19,682,-0.7419539218008864,-0.5169905520504346,80,,,,,,,
3,all_dev,REFUGE_Valid,C_PCA_SHUFFLED,C,OD,800,-0.16598448760545054,-0.12490238293029199,-0.4077480586668236,0.0,71,26,703,-1.0860668196933654,-0.5347948317311454,80,800,0,0,0,0.09370938288833966,0.07948315278426632,0.8701113654576371
3,all_dev,REFUGE_Valid,C_PCA_SHUFFLED,C,OC,800,-0.07419199970499454,-0.06366446751098764,-0.16584194266923924,0.005051332464672826,94,39,667,-1.0831390605491653,-0.23352806258739864,80,800,0,0,0,0.04759414959940621,0.022514281354001575,0.3687820223091246
3,all_dev,REFUGE_Valid,C_PCA_SHUFFLED,C,macro,800,-0.12008824365522251,-0.09689477203067565,-0.2747077998519276,0.0,64,24,712,-0.822741642626984,-0.34943350240575927,80,,,,,,,
3,all_dev,Drishti_GS,C_SENS,C,OD,101,0.0,0.0,0.0,0.0,0,101,0,0.0,0.0,11,101,0,0,0,0.0,0.0,0.0
3,all_dev,Drishti_GS,C_SENS,C,OC,101,0.0,0.0,0.0,0.0,0,101,0,0.0,0.0,11,101,0,0,0,0.0,0.0,0.0
3,all_dev,Drishti_GS,C_SENS,C,macro,101,0.0,0.0,0.0,0.0,0,101,0,0.0,0.0,11,,,,,,,
3,all_dev,Drishti_GS,C_PER256,C,OD,101,-6.005935612470163,-6.0975009054292535,-7.932470256153201,-3.041902020660625,0,0,101,-17.884387854886718,-10.186933559472491,11,101,0,0,0,6.4610418979603415,6.23880430590572,13.45297223880087
3,all_dev,Drishti_GS,C_PER256,C,OC,101,0.5852509571304585,-0.13677917503861492,-2.8742032594505806,5.028384707693006,48,0,53,-7.013709605427209,-4.211823164605156,11,101,0,0,0,-0.1938337227917839,-0.06510861540288815,2.949659654948039
3,all_dev,Drishti_GS,C_PER256,C,macro,101,-2.7103423276698524,-2.936467724812708,-4.924467648657316,-0.18514881531846994,8,0,93,-12.076304199441479,-6.443684928327437,11,,,,,,,
3,all_dev,Drishti_GS,C_SENS,C_PER256,OD,101,6.005935612470163,6.0975009054292535,3.041902020660625,7.932470256153201,101,0,0,0.9263480811827263,2.0815413925926873,11,101,0,0,0,-6.4610418979603415,-6.23880430590572,-1.9540676372691939
3,all_dev,Drishti_GS,C_SENS,C_PER256,OC,101,-0.5852509571304585,0.13677917503861492,-5.028384707693006,2.8742032594505806,53,0,48,-12.569626864837053,-7.38791957971832,11,101,0,0,0,0.1938337227917839,0.06510861540288815,3.943986171484693
3,all_dev,Drishti_GS,C_SENS,C_PER256,macro,101,2.7103423276698524,2.936467724812708,0.18514881531846994,4.924467648657316,93,0,8,-3.389064549559395,-1.0777232001137842,11,,,,,,,
3,all_dev,Drishti_GS,C_PCA_GLOBAL,C,OD,101,0.16735770755551493,0.19886109443121303,-0.02414662919221211,0.3065898878247375,87,0,14,-0.23529988078963004,-0.09239772605787606,11,101,0,0,0,-0.1825106626077297,-0.18736807472091943,0.14043227590834328
3,all_dev,Drishti_GS,C_PCA_GLOBAL,C,OC,101,-0.2488407560615804,-0.16462830653043437,-0.6505193020490907,0.08568363915211208,21,0,80,-1.9348710714405581,-0.9772835100517515,11,101,0,0,0,0.08312198221228703,0.055435026956027755,0.6328688182295175
3,all_dev,Drishti_GS,C_PCA_GLOBAL,C,macro,101,-0.040741524253033755,-0.019890436348735108,-0.22161590579320434,0.15744113479767563,46,0,55,-0.8584024568283222,-0.38122404790738335,11,,,,,,,
3,all_dev,Drishti_GS,C_PCA_REGION,C,OD,101,0.005266009206447955,0.01219329039394701,-0.09656723183405491,0.10691295965931102,57,0,44,-0.39369802907692764,-0.1889513416825003,11,101,0,0,0,-0.005406617615812383,-0.006695298596646637,0.28115929814151225
3,all_dev,Drishti_GS,C_PCA_REGION,C,OC,101,3.504914642143856,3.5850723674622498,-1.1000965969662269,6.348616284217046,89,0,12,-3.6062217639480476,-2.3980392154782133,11,101,0,0,0,-1.7465402129219576,-1.910916368138789,1.4608135496643209
3,all_dev,Drishti_GS,C_PCA_REGION,C,macro,101,1.755090325675152,1.815800088630648,-0.6318638619127515,3.18729706575549,89,0,12,-1.9999598965124932,-1.2353877785790053,11,,,,,,,
3,all_dev,Drishti_GS,C_PCA_REGION,C_PCA_GLOBAL,OD,101,-0.16209169834906703,-0.18463532698288487,-0.3123314080288653,0.018015093166112717,13,0,88,-0.587161850674367,-0.4068282757373577,11,101,0,0,0,0.17710404499191726,0.1800563367799981,0.5181888332319493
3,all_dev,Drishti_GS,C_PCA_REGION,C_PCA_GLOBAL,OC,101,3.7537553982054357,3.7490583822061163,-0.9724883316841182,6.8276653952253135,89,0,12,-3.3810987028840667,-2.2127434667245223,11,101,0,0,0,-1.8296621951342449,-2.0026209480575563,1.3201236864164643
3,all_dev,Drishti_GS,C_PCA_REGION,C_PCA_GLOBAL,macro,101,1.7958318499281853,1.743734416047238,-0.5425516559750876,3.337995432908303,88,0,13,-1.822946170201778,-1.167476624643902,11,,,,,,,
3,all_dev,Drishti_GS,C_PCA_REGION,C_PCA_SHUFFLED,OD,101,-0.15126216042720714,-0.17287939509748051,-0.2987879975216545,0.018713802265135637,12,0,89,-0.5787578364793711,-0.38697102913336595,11,101,0,0,0,0.16649879834897305,0.17220395296471835,0.499053829503554
3,all_dev,Drishti_GS,C_PCA_REGION,C_PCA_SHUFFLED,OC,101,3.7682217216031852,3.764475054878691,-0.973623166989035,6.870031279385391,89,0,12,-3.375556751492459,-2.2325420295006846,11,101,0,0,0,-1.8341857692928156,-1.9970675418234407,1.311472477708886
3,all_dev,Drishti_GS,C_PCA_REGION,C_PCA_SHUFFLED,macro,101,1.8084797805879904,1.761502804612436,-0.547077265620588,3.3490880470357642,88,0,13,-1.8076415722553918,-1.172630478329144,11,,,,,,,
3,all_dev,Drishti_GS,C_PCA_SHUFFLED,C,OD,101,0.15652816963365507,0.1695133703284224,-0.023692874312375434,0.2916330290545943,87,0,14,-0.21501517610302834,-0.09117884467958269,11,101,0,0,0,-0.17190541596478537,-0.18883562494942385,0.1437488442777573
3,all_dev,Drishti_GS,C_PCA_SHUFFLED,C,OC,101,-0.2633070794593301,-0.16975681832307465,-0.6751799972922412,0.06726499911202666,19,0,82,-1.8865309627065425,-0.9855691107266611,11,101,0,0,0,0.08764555637085773,0.051945122456926285,0.618318336753585
3,all_dev,Drishti_GS,C_PCA_SHUFFLED,C,macro,101,-0.05338945491283848,-0.034032365445058055,-0.22878251379185865,0.13424217237263392,42,0,59,-0.8431176554937081,-0.39124796245831167,11,,,,,,,
