domain,role,seed,order,position_bin,channel,candidate,baseline,delta_pp,scored_contents
ORIGA,SEARCH,20260907,0,ALL,OD,NATIVE_UPDATE,ANCHOR,-0.5772431594886456,316
ORIGA,SEARCH,20260907,0,ALL,OD,NATIVE_HOLD,NATIVE_UPDATE,-4.101424074817999,316
ORIGA,SEARCH,20260907,0,ALL,OD,NATIVE_HOLD,ANCHOR,-4.678667234306644,316
ORIGA,SEARCH,20260907,0,ALL,OD,SOURCE_UPDATE,NATIVE_UPDATE,-4.8620696597293005,316
ORIGA,SEARCH,20260907,0,ALL,OD,SOURCE_UPDATE,ANCHOR,-5.439312819217946,316
ORIGA,SEARCH,20260907,0,ALL,OD,SOURCE_HOLD,NATIVE_UPDATE,-13.303714118129278,316
ORIGA,SEARCH,20260907,0,ALL,OD,SOURCE_HOLD,ANCHOR,-13.880957277617924,316
ORIGA,SEARCH,20260907,0,ALL,OD,SAME64_UPDATE,NATIVE_UPDATE,-3.0049888924059758,316
ORIGA,SEARCH,20260907,0,ALL,OD,SAME64_UPDATE,ANCHOR,-3.5822320518946213,316
ORIGA,SEARCH,20260907,0,ALL,OD,SAME64_HOLD,NATIVE_UPDATE,-8.633167622763054,316
ORIGA,SEARCH,20260907,0,ALL,OD,SAME64_HOLD,ANCHOR,-9.2104107822517,316
ORIGA,SEARCH,20260907,0,ALL,OD,CROSS64_UPDATE,NATIVE_UPDATE,-3.6331564246540466,316
ORIGA,SEARCH,20260907,0,ALL,OD,CROSS64_UPDATE,ANCHOR,-4.210399584142692,316
ORIGA,SEARCH,20260907,0,ALL,OD,CROSS64_HOLD,NATIVE_UPDATE,-12.461170705201326,316
ORIGA,SEARCH,20260907,0,ALL,OD,CROSS64_HOLD,ANCHOR,-13.038413864689971,316
ORIGA,SEARCH,20260907,0,ALL,OD,HISTORY_UPDATE_INTERACTION,ALGEBRA,-3.199835550190201,316
ORIGA,SEARCH,20260907,0,ALL,OC,NATIVE_HOLD,NATIVE_UPDATE,-4.409784607213709,316
ORIGA,SEARCH,20260907,0,ALL,OC,NATIVE_HOLD,ANCHOR,-4.14572314666114,316
ORIGA,SEARCH,20260907,0,ALL,OC,SOURCE_UPDATE,NATIVE_UPDATE,-6.47440917458151,316
ORIGA,SEARCH,20260907,0,ALL,OC,SOURCE_UPDATE,ANCHOR,-6.210347714028941,316
ORIGA,SEARCH,20260907,0,ALL,OC,SOURCE_HOLD,NATIVE_UPDATE,-15.87828361190519,316
ORIGA,SEARCH,20260907,0,ALL,OC,SOURCE_HOLD,ANCHOR,-15.614222151352621,316
ORIGA,SEARCH,20260907,0,ALL,OC,SAME64_UPDATE,NATIVE_UPDATE,-3.727182486835119,316
ORIGA,SEARCH,20260907,0,ALL,OC,SAME64_UPDATE,ANCHOR,-3.4631210262825505,316
ORIGA,SEARCH,20260907,0,ALL,OC,SAME64_HOLD,NATIVE_UPDATE,-10.337088478979112,316
ORIGA,SEARCH,20260907,0,ALL,OC,SAME64_HOLD,ANCHOR,-10.073027018426544,316
ORIGA,SEARCH,20260907,0,ALL,OC,CROSS64_UPDATE,NATIVE_UPDATE,-4.60262724599967,316
ORIGA,SEARCH,20260907,0,ALL,OC,CROSS64_UPDATE,ANCHOR,-4.338565785447102,316
ORIGA,SEARCH,20260907,0,ALL,OC,CROSS64_HOLD,NATIVE_UPDATE,-14.629370400618484,316
ORIGA,SEARCH,20260907,0,ALL,OC,CROSS64_HOLD,ANCHOR,-14.365308940065916,316
ORIGA,SEARCH,20260907,0,ALL,OC,HISTORY_UPDATE_INTERACTION,ALGEBRA,-3.4168371624748204,316
ORIGA,SEARCH,20260907,0,Q1,OD,NATIVE_UPDATE,ANCHOR,-0.8457774465707644,81
ORIGA,SEARCH,20260907,0,Q1,OD,NATIVE_HOLD,NATIVE_UPDATE,-2.8385180340847853,81
ORIGA,SEARCH,20260907,0,Q1,OD,NATIVE_HOLD,ANCHOR,-3.6842954806555497,81
ORIGA,SEARCH,20260907,0,Q1,OD,SOURCE_UPDATE,NATIVE_UPDATE,-8.202027213423278,81
ORIGA,SEARCH,20260907,0,Q1,OD,SOURCE_UPDATE,ANCHOR,-9.047804659994043,81
ORIGA,SEARCH,20260907,0,Q1,OD,SOURCE_HOLD,NATIVE_UPDATE,-12.723555476765682,81
ORIGA,SEARCH,20260907,0,Q1,OD,SOURCE_HOLD,ANCHOR,-13.569332923336447,81
ORIGA,SEARCH,20260907,0,Q1,OD,SAME64_UPDATE,NATIVE_UPDATE,-4.606183587286523,81
ORIGA,SEARCH,20260907,0,Q1,OD,SAME64_UPDATE,ANCHOR,-5.4519610338572875,81
ORIGA,SEARCH,20260907,0,Q1,OD,SAME64_HOLD,NATIVE_UPDATE,-8.06900571738943,81
ORIGA,SEARCH,20260907,0,Q1,OD,SAME64_HOLD,ANCHOR,-8.914783163960195,81
ORIGA,SEARCH,20260907,0,Q1,OD,CROSS64_UPDATE,NATIVE_UPDATE,-6.320786003790545,81
ORIGA,SEARCH,20260907,0,Q1,OD,CROSS64_UPDATE,ANCHOR,-7.166563450361309,81
ORIGA,SEARCH,20260907,0,Q1,OD,CROSS64_HOLD,NATIVE_UPDATE,-12.0295679104279,81
ORIGA,SEARCH,20260907,0,Q1,OD,CROSS64_HOLD,ANCHOR,-12.875345356998665,81
ORIGA,SEARCH,20260907,0,Q1,OD,HISTORY_UPDATE_INTERACTION,ALGEBRA,-2.2459597765344483,81
ORIGA,SEARCH,20260907,0,Q1,OC,NATIVE_HOLD,NATIVE_UPDATE,-3.0950692912588664,81
ORIGA,SEARCH,20260907,0,Q1,OC,NATIVE_HOLD,ANCHOR,-2.8063083486521094,81
ORIGA,SEARCH,20260907,0,Q1,OC,SOURCE_UPDATE,NATIVE_UPDATE,-10.732563790580222,81
ORIGA,SEARCH,20260907,0,Q1,OC,SOURCE_UPDATE,ANCHOR,-10.443802847973465,81
ORIGA,SEARCH,20260907,0,Q1,OC,SOURCE_HOLD,NATIVE_UPDATE,-15.848278786709074,81
ORIGA,SEARCH,20260907,0,Q1,OC,SOURCE_HOLD,ANCHOR,-15.559517844102317,81
ORIGA,SEARCH,20260907,0,Q1,OC,SAME64_UPDATE,NATIVE_UPDATE,-5.524262366835615,81
ORIGA,SEARCH,20260907,0,Q1,OC,SAME64_UPDATE,ANCHOR,-5.235501424228858,81
ORIGA,SEARCH,20260907,0,Q1,OC,SAME64_HOLD,NATIVE_UPDATE,-9.93373244668608,81
ORIGA,SEARCH,20260907,0,Q1,OC,SAME64_HOLD,ANCHOR,-9.644971504079322,81
ORIGA,SEARCH,20260907,0,Q1,OC,CROSS64_UPDATE,NATIVE_UPDATE,-7.891791253002964,81
ORIGA,SEARCH,20260907,0,Q1,OC,CROSS64_UPDATE,ANCHOR,-7.603030310396207,81
ORIGA,SEARCH,20260907,0,Q1,OC,CROSS64_HOLD,NATIVE_UPDATE,-14.531476000281899,81
ORIGA,SEARCH,20260907,0,Q1,OC,CROSS64_HOLD,ANCHOR,-14.242715057675142,81
ORIGA,SEARCH,20260907,0,Q1,OC,HISTORY_UPDATE_INTERACTION,ALGEBRA,-2.23021466742847,81
ORIGA,SEARCH,20260907,0,FIRST64,OD,NATIVE_UPDATE,ANCHOR,-0.8951043846984277,35
ORIGA,SEARCH,20260907,0,FIRST64,OD,NATIVE_HOLD,NATIVE_UPDATE,-1.4704271979858135,35
ORIGA,SEARCH,20260907,0,FIRST64,OD,NATIVE_HOLD,ANCHOR,-2.365531582684241,35
ORIGA,SEARCH,20260907,0,FIRST64,OD,SOURCE_UPDATE,NATIVE_UPDATE,-7.830936901669801,35
ORIGA,SEARCH,20260907,0,FIRST64,OD,SOURCE_UPDATE,ANCHOR,-8.726041286368229,35
ORIGA,SEARCH,20260907,0,FIRST64,OD,SOURCE_HOLD,NATIVE_UPDATE,-9.830754594876339,35
ORIGA,SEARCH,20260907,0,FIRST64,OD,SOURCE_HOLD,ANCHOR,-10.725858979574767,35
ORIGA,SEARCH,20260907,0,FIRST64,OD,SAME64_UPDATE,NATIVE_UPDATE,-4.347508084531498,35
ORIGA,SEARCH,20260907,0,FIRST64,OD,SAME64_UPDATE,ANCHOR,-5.242612469229925,35
ORIGA,SEARCH,20260907,0,FIRST64,OD,SAME64_HOLD,NATIVE_UPDATE,-5.632795608065081,35
ORIGA,SEARCH,20260907,0,FIRST64,OD,SAME64_HOLD,ANCHOR,-6.527899992763508,35
ORIGA,SEARCH,20260907,0,FIRST64,OD,CROSS64_UPDATE,NATIVE_UPDATE,-6.737642429535057,35
ORIGA,SEARCH,20260907,0,FIRST64,OD,CROSS64_UPDATE,ANCHOR,-7.632746814233485,35
ORIGA,SEARCH,20260907,0,FIRST64,OD,CROSS64_HOLD,NATIVE_UPDATE,-9.188657287351873,35
ORIGA,SEARCH,20260907,0,FIRST64,OD,CROSS64_HOLD,ANCHOR,-10.0837616720503,35
ORIGA,SEARCH,20260907,0,FIRST64,OD,HISTORY_UPDATE_INTERACTION,ALGEBRA,-1.1657273342832326,35
ORIGA,SEARCH,20260907,0,FIRST64,OC,NATIVE_HOLD,NATIVE_UPDATE,-1.4838093205440828,35
ORIGA,SEARCH,20260907,0,FIRST64,OC,NATIVE_HOLD,ANCHOR,-1.1224394683486167,35
ORIGA,SEARCH,20260907,0,FIRST64,OC,SOURCE_UPDATE,NATIVE_UPDATE,-9.241669926677424,35
ORIGA,SEARCH,20260907,0,FIRST64,OC,SOURCE_UPDATE,ANCHOR,-8.880300074481958,35
ORIGA,SEARCH,20260907,0,FIRST64,OC,SOURCE_HOLD,NATIVE_UPDATE,-11.97373808980987,35
ORIGA,SEARCH,20260907,0,FIRST64,OC,SOURCE_HOLD,ANCHOR,-11.612368237614405,35
ORIGA,SEARCH,20260907,0,FIRST64,OC,SAME64_UPDATE,NATIVE_UPDATE,-4.371951251603875,35
ORIGA,SEARCH,20260907,0,FIRST64,OC,SAME64_UPDATE,ANCHOR,-4.010581399408409,35
ORIGA,SEARCH,20260907,0,FIRST64,OC,SAME64_HOLD,NATIVE_UPDATE,-5.989990782201929,35
ORIGA,SEARCH,20260907,0,FIRST64,OC,SAME64_HOLD,ANCHOR,-5.628620930006463,35
ORIGA,SEARCH,20260907,0,FIRST64,OC,CROSS64_UPDATE,NATIVE_UPDATE,-7.61692615339436,35
ORIGA,SEARCH,20260907,0,FIRST64,OC,CROSS64_UPDATE,ANCHOR,-7.255556301198894,35
ORIGA,SEARCH,20260907,0,FIRST64,OC,CROSS64_HOLD,NATIVE_UPDATE,-10.679416587676542,35
ORIGA,SEARCH,20260907,0,FIRST64,OC,CROSS64_HOLD,ANCHOR,-10.318046735481076,35
ORIGA,SEARCH,20260907,0,FIRST64,OC,HISTORY_UPDATE_INTERACTION,ALGEBRA,-1.4444509036841282,35
ORIGA,SEALED_REVIEW,20260907,0,ALL,OD,NATIVE_UPDATE,ANCHOR,-0.5237319979808461,210
ORIGA,SEALED_REVIEW,20260907,0,ALL,OD,NATIVE_HOLD,NATIVE_UPDATE,-3.6753471771960022,210
ORIGA,SEALED_REVIEW,20260907,0,ALL,OD,NATIVE_HOLD,ANCHOR,-4.199079175176848,210
ORIGA,SEALED_REVIEW,20260907,0,ALL,OD,SOURCE_UPDATE,NATIVE_UPDATE,-4.81967940933761,210
ORIGA,SEALED_REVIEW,20260907,0,ALL,OD,SOURCE_UPDATE,ANCHOR,-5.343411407318456,210
ORIGA,SEALED_REVIEW,20260907,0,ALL,OD,SOURCE_HOLD,NATIVE_UPDATE,-13.257351443637447,210
ORIGA,SEALED_REVIEW,20260907,0,ALL,OD,SOURCE_HOLD,ANCHOR,-13.781083441618293,210
ORIGA,SEALED_REVIEW,20260907,0,ALL,OD,SAME64_UPDATE,NATIVE_UPDATE,-2.82228146519779,210
ORIGA,SEALED_REVIEW,20260907,0,ALL,OD,SAME64_UPDATE,ANCHOR,-3.346013463178636,210
ORIGA,SEALED_REVIEW,20260907,0,ALL,OD,SAME64_HOLD,NATIVE_UPDATE,-8.191790511531579,210
ORIGA,SEALED_REVIEW,20260907,0,ALL,OD,SAME64_HOLD,ANCHOR,-8.715522509512425,210
ORIGA,SEALED_REVIEW,20260907,0,ALL,OD,CROSS64_UPDATE,NATIVE_UPDATE,-3.5466354219699525,210
ORIGA,SEALED_REVIEW,20260907,0,ALL,OD,CROSS64_UPDATE,ANCHOR,-4.070367419950799,210
ORIGA,SEALED_REVIEW,20260907,0,ALL,OD,CROSS64_HOLD,NATIVE_UPDATE,-12.289297556251995,210
ORIGA,SEALED_REVIEW,20260907,0,ALL,OD,CROSS64_HOLD,ANCHOR,-12.813029554232841,210
ORIGA,SEALED_REVIEW,20260907,0,ALL,OD,HISTORY_UPDATE_INTERACTION,ALGEBRA,-3.3731530879482534,210
ORIGA,SEALED_REVIEW,20260907,0,ALL,OC,NATIVE_HOLD,NATIVE_UPDATE,-3.4516676049144905,210
ORIGA,SEALED_REVIEW,20260907,0,ALL,OC,NATIVE_HOLD,ANCHOR,-3.2249650774890313,210
ORIGA,SEALED_REVIEW,20260907,0,ALL,OC,SOURCE_UPDATE,NATIVE_UPDATE,-5.916205756108582,210
ORIGA,SEALED_REVIEW,20260907,0,ALL,OC,SOURCE_UPDATE,ANCHOR,-5.689503228683122,210
ORIGA,SEALED_REVIEW,20260907,0,ALL,OC,SOURCE_HOLD,NATIVE_UPDATE,-14.985582448384875,210
ORIGA,SEALED_REVIEW,20260907,0,ALL,OC,SOURCE_HOLD,ANCHOR,-14.758879920959416,210
ORIGA,SEALED_REVIEW,20260907,0,ALL,OC,SAME64_UPDATE,NATIVE_UPDATE,-3.137200648872124,210
ORIGA,SEALED_REVIEW,20260907,0,ALL,OC,SAME64_UPDATE,ANCHOR,-2.9104981214466648,210
ORIGA,SEALED_REVIEW,20260907,0,ALL,OC,SAME64_HOLD,NATIVE_UPDATE,-8.943163403732513,210
ORIGA,SEALED_REVIEW,20260907,0,ALL,OC,SAME64_HOLD,ANCHOR,-8.716460876307053,210
ORIGA,SEALED_REVIEW,20260907,0,ALL,OC,CROSS64_UPDATE,NATIVE_UPDATE,-4.050337833902816,210
ORIGA,SEALED_REVIEW,20260907,0,ALL,OC,CROSS64_UPDATE,ANCHOR,-3.8236353064773567,210
ORIGA,SEALED_REVIEW,20260907,0,ALL,OC,CROSS64_HOLD,NATIVE_UPDATE,-13.460466364598851,210
ORIGA,SEALED_REVIEW,20260907,0,ALL,OC,CROSS64_HOLD,ANCHOR,-13.233763837173392,210
ORIGA,SEALED_REVIEW,20260907,0,ALL,OC,HISTORY_UPDATE_INTERACTION,ALGEBRA,-3.6041657758356465,210
ORIGA,SEALED_REVIEW,20260907,0,Q1,OD,NATIVE_UPDATE,ANCHOR,-0.7943826136598489,46
ORIGA,SEALED_REVIEW,20260907,0,Q1,OD,NATIVE_HOLD,NATIVE_UPDATE,-2.9054949931061316,46
ORIGA,SEALED_REVIEW,20260907,0,Q1,OD,NATIVE_HOLD,ANCHOR,-3.6998776067659804,46
ORIGA,SEALED_REVIEW,20260907,0,Q1,OD,SOURCE_UPDATE,NATIVE_UPDATE,-9.768272649993975,46
ORIGA,SEALED_REVIEW,20260907,0,Q1,OD,SOURCE_UPDATE,ANCHOR,-10.562655263653824,46
ORIGA,SEALED_REVIEW,20260907,0,Q1,OD,SOURCE_HOLD,NATIVE_UPDATE,-15.479306134804006,46
ORIGA,SEALED_REVIEW,20260907,0,Q1,OD,SOURCE_HOLD,ANCHOR,-16.273688748463854,46
ORIGA,SEALED_REVIEW,20260907,0,Q1,OD,SAME64_UPDATE,NATIVE_UPDATE,-5.061600497661303,46
ORIGA,SEALED_REVIEW,20260907,0,Q1,OD,SAME64_UPDATE,ANCHOR,-5.855983111321152,46
ORIGA,SEALED_REVIEW,20260907,0,Q1,OD,SAME64_HOLD,NATIVE_UPDATE,-8.786861683484403,46
ORIGA,SEALED_REVIEW,20260907,0,Q1,OD,SAME64_HOLD,ANCHOR,-9.581244297144252,46
ORIGA,SEALED_REVIEW,20260907,0,Q1,OD,CROSS64_UPDATE,NATIVE_UPDATE,-7.3751405324521215,46
ORIGA,SEALED_REVIEW,20260907,0,Q1,OD,CROSS64_UPDATE,ANCHOR,-8.16952314611197,46
ORIGA,SEALED_REVIEW,20260907,0,Q1,OD,CROSS64_HOLD,NATIVE_UPDATE,-14.155961652200503,46
ORIGA,SEALED_REVIEW,20260907,0,Q1,OD,CROSS64_HOLD,ANCHOR,-14.950344265860352,46
ORIGA,SEALED_REVIEW,20260907,0,Q1,OD,HISTORY_UPDATE_INTERACTION,ALGEBRA,-3.055559933925281,46
ORIGA,SEALED_REVIEW,20260907,0,Q1,OC,NATIVE_HOLD,NATIVE_UPDATE,-3.3697385028763733,46
ORIGA,SEALED_REVIEW,20260907,0,Q1,OC,NATIVE_HOLD,ANCHOR,-3.061984962765152,46
ORIGA,SEALED_REVIEW,20260907,0,Q1,OC,SOURCE_UPDATE,NATIVE_UPDATE,-12.756622144232985,46
ORIGA,SEALED_REVIEW,20260907,0,Q1,OC,SOURCE_UPDATE,ANCHOR,-12.448868604121763,46
ORIGA,SEALED_REVIEW,20260907,0,Q1,OC,SOURCE_HOLD,NATIVE_UPDATE,-19.139750589467724,46
ORIGA,SEALED_REVIEW,20260907,0,Q1,OC,SOURCE_HOLD,ANCHOR,-18.831997049356502,46
ORIGA,SEALED_REVIEW,20260907,0,Q1,OC,SAME64_UPDATE,NATIVE_UPDATE,-6.3052490337817915,46
ORIGA,SEALED_REVIEW,20260907,0,Q1,OC,SAME64_UPDATE,ANCHOR,-5.99749549367057,46
ORIGA,SEALED_REVIEW,20260907,0,Q1,OC,SAME64_HOLD,NATIVE_UPDATE,-11.800467533168444,46
ORIGA,SEALED_REVIEW,20260907,0,Q1,OC,SAME64_HOLD,ANCHOR,-11.492713993057222,46
ORIGA,SEALED_REVIEW,20260907,0,Q1,OC,CROSS64_UPDATE,NATIVE_UPDATE,-8.9849535941891,46
ORIGA,SEALED_REVIEW,20260907,0,Q1,OC,CROSS64_UPDATE,ANCHOR,-8.677200054077879,46
ORIGA,SEALED_REVIEW,20260907,0,Q1,OC,CROSS64_HOLD,NATIVE_UPDATE,-17.066621254309837,46
ORIGA,SEALED_REVIEW,20260907,0,Q1,OC,CROSS64_HOLD,ANCHOR,-16.758867714198615,46
ORIGA,SEALED_REVIEW,20260907,0,Q1,OC,HISTORY_UPDATE_INTERACTION,ALGEBRA,-2.586449160734084,46
ORIGA,SEALED_REVIEW,20260907,0,FIRST64,OD,NATIVE_UPDATE,ANCHOR,-0.8190394726779999,20
ORIGA,SEALED_REVIEW,20260907,0,FIRST64,OD,NATIVE_HOLD,NATIVE_UPDATE,-1.7010246799650588,20
ORIGA,SEALED_REVIEW,20260907,0,FIRST64,OD,NATIVE_HOLD,ANCHOR,-2.5200641526430587,20
ORIGA,SEALED_REVIEW,20260907,0,FIRST64,OD,SOURCE_UPDATE,NATIVE_UPDATE,-10.194793821101968,20
ORIGA,SEALED_REVIEW,20260907,0,FIRST64,OD,SOURCE_UPDATE,ANCHOR,-11.013833293779967,20
ORIGA,SEALED_REVIEW,20260907,0,FIRST64,OD,SOURCE_HOLD,NATIVE_UPDATE,-13.09004056918539,20
ORIGA,SEALED_REVIEW,20260907,0,FIRST64,OD,SOURCE_HOLD,ANCHOR,-13.90908004186339,20
ORIGA,SEALED_REVIEW,20260907,0,FIRST64,OD,SAME64_UPDATE,NATIVE_UPDATE,-5.053365369094692,20
ORIGA,SEALED_REVIEW,20260907,0,FIRST64,OD,SAME64_UPDATE,ANCHOR,-5.872404841772692,20
ORIGA,SEALED_REVIEW,20260907,0,FIRST64,OD,SAME64_HOLD,NATIVE_UPDATE,-6.522485325230832,20
ORIGA,SEALED_REVIEW,20260907,0,FIRST64,OD,SAME64_HOLD,ANCHOR,-7.341524797908832,20
ORIGA,SEALED_REVIEW,20260907,0,FIRST64,OD,CROSS64_UPDATE,NATIVE_UPDATE,-8.459341019058925,20
ORIGA,SEALED_REVIEW,20260907,0,FIRST64,OD,CROSS64_UPDATE,ANCHOR,-9.278380491736925,20
ORIGA,SEALED_REVIEW,20260907,0,FIRST64,OD,CROSS64_HOLD,NATIVE_UPDATE,-11.83738509339203,20
ORIGA,SEALED_REVIEW,20260907,0,FIRST64,OD,CROSS64_HOLD,ANCHOR,-12.65642456607003,20
ORIGA,SEALED_REVIEW,20260907,0,FIRST64,OD,HISTORY_UPDATE_INTERACTION,ALGEBRA,-1.908924118196964,20
ORIGA,SEALED_REVIEW,20260907,0,FIRST64,OC,NATIVE_HOLD,NATIVE_UPDATE,-2.263104509741652,20
ORIGA,SEALED_REVIEW,20260907,0,FIRST64,OC,NATIVE_HOLD,ANCHOR,-1.9630837673937833,20
ORIGA,SEALED_REVIEW,20260907,0,FIRST64,OC,SOURCE_UPDATE,NATIVE_UPDATE,-13.235679559649618,20
ORIGA,SEALED_REVIEW,20260907,0,FIRST64,OC,SOURCE_UPDATE,ANCHOR,-12.93565881730175,20
ORIGA,SEALED_REVIEW,20260907,0,FIRST64,OC,SOURCE_HOLD,NATIVE_UPDATE,-16.54616717817563,20
ORIGA,SEALED_REVIEW,20260907,0,FIRST64,OC,SOURCE_HOLD,ANCHOR,-16.24614643582776,20
ORIGA,SEALED_REVIEW,20260907,0,FIRST64,OC,SAME64_UPDATE,NATIVE_UPDATE,-6.82134430389204,20
ORIGA,SEALED_REVIEW,20260907,0,FIRST64,OC,SAME64_UPDATE,ANCHOR,-6.521323561544172,20
ORIGA,SEALED_REVIEW,20260907,0,FIRST64,OC,SAME64_HOLD,NATIVE_UPDATE,-8.84561988887608,20
ORIGA,SEALED_REVIEW,20260907,0,FIRST64,OC,SAME64_HOLD,ANCHOR,-8.545599146528211,20
ORIGA,SEALED_REVIEW,20260907,0,FIRST64,OC,CROSS64_UPDATE,NATIVE_UPDATE,-10.65041037330682,20
ORIGA,SEALED_REVIEW,20260907,0,FIRST64,OC,CROSS64_UPDATE,ANCHOR,-10.35038963095895,20
ORIGA,SEALED_REVIEW,20260907,0,FIRST64,OC,CROSS64_HOLD,NATIVE_UPDATE,-14.385037020382306,20
ORIGA,SEALED_REVIEW,20260907,0,FIRST64,OC,CROSS64_HOLD,ANCHOR,-14.085016278034438,20
ORIGA,SEALED_REVIEW,20260907,0,FIRST64,OC,HISTORY_UPDATE_INTERACTION,ALGEBRA,-1.7103510620914477,20
ORIGA,SEARCH,20260907,0,Q2,OD,NATIVE_UPDATE,ANCHOR,-0.6677510503506028,70
ORIGA,SEARCH,20260907,0,Q2,OD,NATIVE_HOLD,NATIVE_UPDATE,-4.390814897118716,70
ORIGA,SEARCH,20260907,0,Q2,OD,NATIVE_HOLD,ANCHOR,-5.058565947469319,70
ORIGA,SEARCH,20260907,0,Q2,OD,SOURCE_UPDATE,NATIVE_UPDATE,-5.575569462895672,70
ORIGA,SEARCH,20260907,0,Q2,OD,SOURCE_UPDATE,ANCHOR,-6.243320513246275,70
ORIGA,SEARCH,20260907,0,Q2,OD,SOURCE_HOLD,NATIVE_UPDATE,-15.843346913938873,70
ORIGA,SEARCH,20260907,0,Q2,OD,SOURCE_HOLD,ANCHOR,-16.511097964289476,70
ORIGA,SEARCH,20260907,0,Q2,OD,SAME64_UPDATE,NATIVE_UPDATE,-3.2697828265924187,70
ORIGA,SEARCH,20260907,0,Q2,OD,SAME64_UPDATE,ANCHOR,-3.9375338769430215,70
ORIGA,SEARCH,20260907,0,Q2,OD,SAME64_HOLD,NATIVE_UPDATE,-9.472580152247119,70
ORIGA,SEARCH,20260907,0,Q2,OD,SAME64_HOLD,ANCHOR,-10.140331202597721,70
ORIGA,SEARCH,20260907,0,Q2,OD,CROSS64_UPDATE,NATIVE_UPDATE,-3.8555974643378477,70
ORIGA,SEARCH,20260907,0,Q2,OD,CROSS64_UPDATE,ANCHOR,-4.5233485146884505,70
ORIGA,SEARCH,20260907,0,Q2,OD,CROSS64_HOLD,NATIVE_UPDATE,-14.332715788388072,70
ORIGA,SEARCH,20260907,0,Q2,OD,CROSS64_HOLD,ANCHOR,-15.000466838738674,70
ORIGA,SEARCH,20260907,0,Q2,OD,HISTORY_UPDATE_INTERACTION,ALGEBRA,-4.274320998395524,70
ORIGA,SEARCH,20260907,0,Q2,OC,NATIVE_HOLD,NATIVE_UPDATE,-5.3331785907510465,70
ORIGA,SEARCH,20260907,0,Q2,OC,NATIVE_HOLD,ANCHOR,-5.078178813323177,70
ORIGA,SEARCH,20260907,0,Q2,OC,SOURCE_UPDATE,NATIVE_UPDATE,-8.04493645446162,70
ORIGA,SEARCH,20260907,0,Q2,OC,SOURCE_UPDATE,ANCHOR,-7.789936677033751,70
ORIGA,SEARCH,20260907,0,Q2,OC,SOURCE_HOLD,NATIVE_UPDATE,-19.157419912726624,70
ORIGA,SEARCH,20260907,0,Q2,OC,SOURCE_HOLD,ANCHOR,-18.902420135298755,70
ORIGA,SEARCH,20260907,0,Q2,OC,SAME64_UPDATE,NATIVE_UPDATE,-4.930554092595102,70
ORIGA,SEARCH,20260907,0,Q2,OC,SAME64_UPDATE,ANCHOR,-4.675554315167233,70
ORIGA,SEARCH,20260907,0,Q2,OC,SAME64_HOLD,NATIVE_UPDATE,-12.081159698982553,70
ORIGA,SEARCH,20260907,0,Q2,OC,SAME64_HOLD,ANCHOR,-11.826159921554684,70
ORIGA,SEARCH,20260907,0,Q2,OC,CROSS64_UPDATE,NATIVE_UPDATE,-5.596339105057112,70
ORIGA,SEARCH,20260907,0,Q2,OC,CROSS64_UPDATE,ANCHOR,-5.3413393276292425,70
ORIGA,SEARCH,20260907,0,Q2,OC,CROSS64_HOLD,NATIVE_UPDATE,-17.463458015694215,70
ORIGA,SEARCH,20260907,0,Q2,OC,CROSS64_HOLD,ANCHOR,-17.208458238266346,70
ORIGA,SEARCH,20260907,0,Q2,OC,HISTORY_UPDATE_INTERACTION,ALGEBRA,-4.716513304249652,70
ORIGA,SEALED_REVIEW,20260907,0,Q2,OD,NATIVE_UPDATE,ANCHOR,-0.5203738131125988,62
ORIGA,SEALED_REVIEW,20260907,0,Q2,OD,NATIVE_HOLD,NATIVE_UPDATE,-3.965560136601354,62
ORIGA,SEALED_REVIEW,20260907,0,Q2,OD,NATIVE_HOLD,ANCHOR,-4.485933949713953,62
ORIGA,SEALED_REVIEW,20260907,0,Q2,OD,SOURCE_UPDATE,NATIVE_UPDATE,-5.134177065665966,62
ORIGA,SEALED_REVIEW,20260907,0,Q2,OD,SOURCE_UPDATE,ANCHOR,-5.654550878778565,62
ORIGA,SEALED_REVIEW,20260907,0,Q2,OD,SOURCE_HOLD,NATIVE_UPDATE,-16.286126232896493,62
ORIGA,SEALED_REVIEW,20260907,0,Q2,OD,SOURCE_HOLD,ANCHOR,-16.80650004600909,62
ORIGA,SEALED_REVIEW,20260907,0,Q2,OD,SAME64_UPDATE,NATIVE_UPDATE,-2.8233026633430853,62
ORIGA,SEALED_REVIEW,20260907,0,Q2,OD,SAME64_UPDATE,ANCHOR,-3.343676476455684,62
ORIGA,SEALED_REVIEW,20260907,0,Q2,OD,SAME64_HOLD,NATIVE_UPDATE,-9.947714220195323,62
ORIGA,SEALED_REVIEW,20260907,0,Q2,OD,SAME64_HOLD,ANCHOR,-10.468088033307922,62
ORIGA,SEALED_REVIEW,20260907,0,Q2,OD,CROSS64_UPDATE,NATIVE_UPDATE,-3.4024193627485175,62
ORIGA,SEALED_REVIEW,20260907,0,Q2,OD,CROSS64_UPDATE,ANCHOR,-3.9227931758611163,62
ORIGA,SEALED_REVIEW,20260907,0,Q2,OD,CROSS64_HOLD,NATIVE_UPDATE,-14.900842976742055,62
ORIGA,SEALED_REVIEW,20260907,0,Q2,OD,CROSS64_HOLD,ANCHOR,-15.421216789854654,62
ORIGA,SEALED_REVIEW,20260907,0,Q2,OD,HISTORY_UPDATE_INTERACTION,ALGEBRA,-4.3740120571413,62
ORIGA,SEALED_REVIEW,20260907,0,Q2,OC,NATIVE_HOLD,NATIVE_UPDATE,-4.620245061541553,62
ORIGA,SEALED_REVIEW,20260907,0,Q2,OC,NATIVE_HOLD,ANCHOR,-4.339305539821964,62
ORIGA,SEALED_REVIEW,20260907,0,Q2,OC,SOURCE_UPDATE,NATIVE_UPDATE,-6.998627018048495,62
ORIGA,SEALED_REVIEW,20260907,0,Q2,OC,SOURCE_UPDATE,ANCHOR,-6.717687496328907,62
ORIGA,SEALED_REVIEW,20260907,0,Q2,OC,SOURCE_HOLD,NATIVE_UPDATE,-19.472466072784805,62
ORIGA,SEALED_REVIEW,20260907,0,Q2,OC,SOURCE_HOLD,ANCHOR,-19.191526551065216,62
ORIGA,SEALED_REVIEW,20260907,0,Q2,OC,SAME64_UPDATE,NATIVE_UPDATE,-3.61163161445252,62
ORIGA,SEALED_REVIEW,20260907,0,Q2,OC,SAME64_UPDATE,ANCHOR,-3.3306920927329315,62
ORIGA,SEALED_REVIEW,20260907,0,Q2,OC,SAME64_HOLD,NATIVE_UPDATE,-11.22511998711692,62
ORIGA,SEALED_REVIEW,20260907,0,Q2,OC,SAME64_HOLD,ANCHOR,-10.94418046539733,62
ORIGA,SEALED_REVIEW,20260907,0,Q2,OC,CROSS64_UPDATE,NATIVE_UPDATE,-4.363260582059553,62
ORIGA,SEALED_REVIEW,20260907,0,Q2,OC,CROSS64_UPDATE,ANCHOR,-4.0823210603399644,62
ORIGA,SEALED_REVIEW,20260907,0,Q2,OC,CROSS64_HOLD,NATIVE_UPDATE,-17.204608477256592,62
ORIGA,SEALED_REVIEW,20260907,0,Q2,OC,CROSS64_HOLD,ANCHOR,-16.923668955537003,62
ORIGA,SEALED_REVIEW,20260907,0,Q2,OC,HISTORY_UPDATE_INTERACTION,ALGEBRA,-5.22785952253264,62
ORIGA,SEALED_REVIEW,20260907,0,Q3,OD,NATIVE_UPDATE,ANCHOR,-0.6358037180912675,45
ORIGA,SEALED_REVIEW,20260907,0,Q3,OD,NATIVE_HOLD,NATIVE_UPDATE,-5.067548096764895,45
ORIGA,SEALED_REVIEW,20260907,0,Q3,OD,NATIVE_HOLD,ANCHOR,-5.703351814856163,45
ORIGA,SEALED_REVIEW,20260907,0,Q3,OD,SOURCE_UPDATE,NATIVE_UPDATE,-3.726784928293114,45
ORIGA,SEALED_REVIEW,20260907,0,Q3,OD,SOURCE_UPDATE,ANCHOR,-4.362588646384381,45
ORIGA,SEALED_REVIEW,20260907,0,Q3,OD,SOURCE_HOLD,NATIVE_UPDATE,-15.804735548350209,45
ORIGA,SEALED_REVIEW,20260907,0,Q3,OD,SOURCE_HOLD,ANCHOR,-16.440539266441476,45
ORIGA,SEALED_REVIEW,20260907,0,Q3,OD,SAME64_UPDATE,NATIVE_UPDATE,-2.5774401078644615,45
ORIGA,SEALED_REVIEW,20260907,0,Q3,OD,SAME64_UPDATE,ANCHOR,-3.213243825955729,45
ORIGA,SEALED_REVIEW,20260907,0,Q3,OD,SAME64_HOLD,NATIVE_UPDATE,-9.872363085495905,45
ORIGA,SEALED_REVIEW,20260907,0,Q3,OD,SAME64_HOLD,ANCHOR,-10.508166803587173,45
ORIGA,SEALED_REVIEW,20260907,0,Q3,OD,CROSS64_UPDATE,NATIVE_UPDATE,-2.8214884489855905,45
ORIGA,SEALED_REVIEW,20260907,0,Q3,OD,CROSS64_UPDATE,ANCHOR,-3.457292167076858,45
ORIGA,SEALED_REVIEW,20260907,0,Q3,OD,CROSS64_HOLD,NATIVE_UPDATE,-14.711997060573637,45
ORIGA,SEALED_REVIEW,20260907,0,Q3,OD,CROSS64_HOLD,ANCHOR,-15.347800778664904,45
ORIGA,SEALED_REVIEW,20260907,0,Q3,OD,HISTORY_UPDATE_INTERACTION,ALGEBRA,-4.595585633956603,45
ORIGA,SEALED_REVIEW,20260907,0,Q3,OC,NATIVE_HOLD,NATIVE_UPDATE,-4.801142215802059,45
ORIGA,SEALED_REVIEW,20260907,0,Q3,OC,NATIVE_HOLD,ANCHOR,-4.689443004996349,45
ORIGA,SEALED_REVIEW,20260907,0,Q3,OC,SOURCE_UPDATE,NATIVE_UPDATE,-4.407696733322609,45
ORIGA,SEALED_REVIEW,20260907,0,Q3,OC,SOURCE_UPDATE,ANCHOR,-4.295997522516899,45
ORIGA,SEALED_REVIEW,20260907,0,Q3,OC,SOURCE_HOLD,NATIVE_UPDATE,-18.79683887732041,45
ORIGA,SEALED_REVIEW,20260907,0,Q3,OC,SOURCE_HOLD,ANCHOR,-18.6851396665147,45
ORIGA,SEALED_REVIEW,20260907,0,Q3,OC,SAME64_UPDATE,NATIVE_UPDATE,-2.797926134971135,45
ORIGA,SEALED_REVIEW,20260907,0,Q3,OC,SAME64_UPDATE,ANCHOR,-2.6862269241654246,45
ORIGA,SEALED_REVIEW,20260907,0,Q3,OC,SAME64_HOLD,NATIVE_UPDATE,-11.843199593797536,45
ORIGA,SEALED_REVIEW,20260907,0,Q3,OC,SAME64_HOLD,ANCHOR,-11.731500382991825,45
ORIGA,SEALED_REVIEW,20260907,0,Q3,OC,CROSS64_UPDATE,NATIVE_UPDATE,-3.255434250626138,45
ORIGA,SEALED_REVIEW,20260907,0,Q3,OC,CROSS64_UPDATE,ANCHOR,-3.1437350398204273,45
ORIGA,SEALED_REVIEW,20260907,0,Q3,OC,CROSS64_HOLD,NATIVE_UPDATE,-17.24668990798269,45
ORIGA,SEALED_REVIEW,20260907,0,Q3,OC,CROSS64_HOLD,ANCHOR,-17.13499069717698,45
ORIGA,SEALED_REVIEW,20260907,0,Q3,OC,HISTORY_UPDATE_INTERACTION,ALGEBRA,-4.945982198530153,45
ORIGA,SEARCH,20260907,0,Q3,OD,NATIVE_UPDATE,ANCHOR,-0.5700611386248511,88
ORIGA,SEARCH,20260907,0,Q3,OD,NATIVE_HOLD,NATIVE_UPDATE,-5.5579867641871346,88
ORIGA,SEARCH,20260907,0,Q3,OD,NATIVE_HOLD,ANCHOR,-6.128047902811986,88
ORIGA,SEARCH,20260907,0,Q3,OD,SOURCE_UPDATE,NATIVE_UPDATE,-4.080253786353708,88
ORIGA,SEARCH,20260907,0,Q3,OD,SOURCE_UPDATE,ANCHOR,-4.650314924978559,88
ORIGA,SEARCH,20260907,0,Q3,OD,SOURCE_HOLD,NATIVE_UPDATE,-17.460488402654917,88
ORIGA,SEARCH,20260907,0,Q3,OD,SOURCE_HOLD,ANCHOR,-18.03054954127977,88
ORIGA,SEARCH,20260907,0,Q3,OD,SAME64_UPDATE,NATIVE_UPDATE,-2.7215152040566437,88
ORIGA,SEARCH,20260907,0,Q3,OD,SAME64_UPDATE,ANCHOR,-3.291576342681495,88
ORIGA,SEARCH,20260907,0,Q3,OD,SAME64_HOLD,NATIVE_UPDATE,-11.506036168681547,88
ORIGA,SEARCH,20260907,0,Q3,OD,SAME64_HOLD,ANCHOR,-12.076097307306398,88
ORIGA,SEARCH,20260907,0,Q3,OD,CROSS64_UPDATE,NATIVE_UPDATE,-2.9810507076573174,88
ORIGA,SEARCH,20260907,0,Q3,OD,CROSS64_UPDATE,ANCHOR,-3.5511118462821685,88
ORIGA,SEARCH,20260907,0,Q3,OD,CROSS64_HOLD,NATIVE_UPDATE,-16.332570198027028,88
ORIGA,SEARCH,20260907,0,Q3,OD,CROSS64_HOLD,ANCHOR,-16.90263133665188,88
ORIGA,SEARCH,20260907,0,Q3,OD,HISTORY_UPDATE_INTERACTION,ALGEBRA,-4.566998525744808,88
ORIGA,SEARCH,20260907,0,Q3,OC,NATIVE_HOLD,NATIVE_UPDATE,-6.987513278909617,88
ORIGA,SEARCH,20260907,0,Q3,OC,NATIVE_HOLD,ANCHOR,-6.83997219479258,88
ORIGA,SEARCH,20260907,0,Q3,OC,SOURCE_UPDATE,NATIVE_UPDATE,-6.270244907719601,88
ORIGA,SEARCH,20260907,0,Q3,OC,SOURCE_UPDATE,ANCHOR,-6.1227038236025635,88
ORIGA,SEARCH,20260907,0,Q3,OC,SOURCE_HOLD,NATIVE_UPDATE,-22.86047132511539,88
ORIGA,SEARCH,20260907,0,Q3,OC,SOURCE_HOLD,ANCHOR,-22.712930240998354,88
ORIGA,SEARCH,20260907,0,Q3,OC,SAME64_UPDATE,NATIVE_UPDATE,-3.8287664909203727,88
ORIGA,SEARCH,20260907,0,Q3,OC,SAME64_UPDATE,ANCHOR,-3.6812254068033354,88
ORIGA,SEARCH,20260907,0,Q3,OC,SAME64_HOLD,NATIVE_UPDATE,-15.59303110724801,88
ORIGA,SEARCH,20260907,0,Q3,OC,SAME64_HOLD,ANCHOR,-15.445490023130972,88
ORIGA,SEARCH,20260907,0,Q3,OC,CROSS64_UPDATE,NATIVE_UPDATE,-4.282466948210043,88
ORIGA,SEARCH,20260907,0,Q3,OC,CROSS64_UPDATE,ANCHOR,-4.134925864093006,88
ORIGA,SEARCH,20260907,0,Q3,OC,CROSS64_HOLD,NATIVE_UPDATE,-21.169764774285177,88
ORIGA,SEARCH,20260907,0,Q3,OC,CROSS64_HOLD,ANCHOR,-21.02222369016814,88
ORIGA,SEARCH,20260907,0,Q3,OC,HISTORY_UPDATE_INTERACTION,ALGEBRA,-5.123033209747497,88
ORIGA,SEARCH,20260907,0,Q4,OD,SAME64_UPDATE,CROSS64_UPDATE,-0.054909149421717984,77
ORIGA,SEARCH,20260907,0,Q4,OD,NATIVE_UPDATE,ANCHOR,-0.2206871623720872,77
ORIGA,SEARCH,20260907,0,Q4,OD,NATIVE_HOLD,NATIVE_UPDATE,-3.5022099848681023,77
ORIGA,SEARCH,20260907,0,Q4,OD,NATIVE_HOLD,ANCHOR,-3.7228971472401895,77
ORIGA,SEARCH,20260907,0,Q4,OD,SOURCE_UPDATE,NATIVE_UPDATE,-1.5934754881213848,77
ORIGA,SEARCH,20260907,0,Q4,OD,SOURCE_UPDATE,ANCHOR,-1.814162650493472,77
ORIGA,SEARCH,20260907,0,Q4,OD,SOURCE_HOLD,NATIVE_UPDATE,-6.854654601317904,77
ORIGA,SEARCH,20260907,0,Q4,OD,SOURCE_HOLD,ANCHOR,-7.075341763689991,77
ORIGA,SEARCH,20260907,0,Q4,OD,SAME64_UPDATE,NATIVE_UPDATE,-1.4038634235276106,77
ORIGA,SEARCH,20260907,0,Q4,OD,SAME64_UPDATE,ANCHOR,-1.6245505858996978,77
ORIGA,SEARCH,20260907,0,Q4,OD,SAME64_HOLD,NATIVE_UPDATE,-5.180256002380574,77
ORIGA,SEARCH,20260907,0,Q4,OD,SAME64_HOLD,ANCHOR,-5.400943164752661,77
ORIGA,SEARCH,20260907,0,Q4,OD,CROSS64_UPDATE,NATIVE_UPDATE,-1.3489542741058926,77
ORIGA,SEARCH,20260907,0,Q4,OD,CROSS64_UPDATE,ANCHOR,-1.5696414364779798,77
ORIGA,SEARCH,20260907,0,Q4,OD,CROSS64_HOLD,NATIVE_UPDATE,-6.7893332400703486,77
ORIGA,SEARCH,20260907,0,Q4,OD,CROSS64_HOLD,ANCHOR,-7.010020402442436,77
ORIGA,SEARCH,20260907,0,Q4,OD,HISTORY_UPDATE_INTERACTION,ALGEBRA,-1.6639863871114926,77
ORIGA,SEARCH,20260907,0,Q4,OC,SAME64_UPDATE,CROSS64_UPDATE,-0.021556973992019834,77
ORIGA,SEARCH,20260907,0,Q4,OC,NATIVE_HOLD,NATIVE_UPDATE,-2.0073721219602874,77
ORIGA,SEARCH,20260907,0,Q4,OC,NATIVE_HOLD,ANCHOR,-1.6278891951913295,77
ORIGA,SEARCH,20260907,0,Q4,OC,SOURCE_UPDATE,NATIVE_UPDATE,-0.8006302394691005,77
ORIGA,SEARCH,20260907,0,Q4,OC,SOURCE_UPDATE,ANCHOR,-0.4211473127001426,77
ORIGA,SEARCH,20260907,0,Q4,OC,SOURCE_HOLD,NATIVE_UPDATE,-4.9491710277608405,77
ORIGA,SEARCH,20260907,0,Q4,OC,SOURCE_HOLD,ANCHOR,-4.569688100991883,77
ORIGA,SEARCH,20260907,0,Q4,OC,SAME64_UPDATE,NATIVE_UPDATE,-0.6266776161501042,77
ORIGA,SEARCH,20260907,0,Q4,OC,SAME64_UPDATE,ANCHOR,-0.2471946893811463,77
ORIGA,SEARCH,20260907,0,Q4,OC,SAME64_HOLD,NATIVE_UPDATE,-3.1690872053145682,77
ORIGA,SEARCH,20260907,0,Q4,OC,SAME64_HOLD,ANCHOR,-2.7896042785456103,77
ORIGA,SEARCH,20260907,0,Q4,OC,CROSS64_UPDATE,NATIVE_UPDATE,-0.6051206421580844,77
ORIGA,SEARCH,20260907,0,Q4,OC,CROSS64_UPDATE,ANCHOR,-0.22563771538912647,77
ORIGA,SEARCH,20260907,0,Q4,OC,CROSS64_HOLD,NATIVE_UPDATE,-4.681170510869038,77
ORIGA,SEARCH,20260907,0,Q4,OC,CROSS64_HOLD,ANCHOR,-4.30168758410008,77
ORIGA,SEARCH,20260907,0,Q4,OC,HISTORY_UPDATE_INTERACTION,ALGEBRA,-1.5336402795464892,77
ORIGA,SEALED_REVIEW,20260907,0,Q4,OD,SAME64_UPDATE,CROSS64_UPDATE,-0.020981077049341934,57
ORIGA,SEALED_REVIEW,20260907,0,Q4,OD,NATIVE_UPDATE,ANCHOR,-0.22048729158838398,57
ORIGA,SEALED_REVIEW,20260907,0,Q4,OD,NATIVE_HOLD,NATIVE_UPDATE,-2.8818551702556903,57
ORIGA,SEALED_REVIEW,20260907,0,Q4,OD,NATIVE_HOLD,ANCHOR,-3.1023424618440743,57
ORIGA,SEALED_REVIEW,20260907,0,Q4,OD,SOURCE_UPDATE,NATIVE_UPDATE,-1.3468041090648626,57
ORIGA,SEALED_REVIEW,20260907,0,Q4,OD,SOURCE_UPDATE,ANCHOR,-1.5672914006532466,57
ORIGA,SEALED_REVIEW,20260907,0,Q4,OD,SOURCE_HOLD,NATIVE_UPDATE,-6.1586455236409705,57
ORIGA,SEALED_REVIEW,20260907,0,Q4,OD,SOURCE_HOLD,ANCHOR,-6.3791328152293545,57
ORIGA,SEALED_REVIEW,20260907,0,Q4,OD,SAME64_UPDATE,NATIVE_UPDATE,-1.2072967511920325,57
ORIGA,SEALED_REVIEW,20260907,0,Q4,OD,SAME64_UPDATE,ANCHOR,-1.4277840427804165,57
ORIGA,SEALED_REVIEW,20260907,0,Q4,OD,SAME64_HOLD,NATIVE_UPDATE,-4.474837710209172,57
ORIGA,SEALED_REVIEW,20260907,0,Q4,OD,SAME64_HOLD,ANCHOR,-4.695325001797556,57
ORIGA,SEALED_REVIEW,20260907,0,Q4,OD,CROSS64_UPDATE,NATIVE_UPDATE,-1.1863156741426906,57
ORIGA,SEALED_REVIEW,20260907,0,Q4,OD,CROSS64_UPDATE,ANCHOR,-1.4068029657310746,57
ORIGA,SEALED_REVIEW,20260907,0,Q4,OD,CROSS64_HOLD,NATIVE_UPDATE,-6.02958102680482,57
ORIGA,SEALED_REVIEW,20260907,0,Q4,OD,CROSS64_HOLD,ANCHOR,-6.250068318393204,57
ORIGA,SEALED_REVIEW,20260907,0,Q4,OD,HISTORY_UPDATE_INTERACTION,ALGEBRA,-1.5757243936449896,57
ORIGA,SEALED_REVIEW,20260907,0,Q4,OC,NATIVE_HOLD,NATIVE_UPDATE,-1.1813268837379383,57
ORIGA,SEALED_REVIEW,20260907,0,Q4,OC,NATIVE_HOLD,ANCHOR,-0.9882364788018521,57
ORIGA,SEALED_REVIEW,20260907,0,Q4,OC,SOURCE_UPDATE,NATIVE_UPDATE,-0.40942740402735467,57
ORIGA,SEALED_REVIEW,20260907,0,Q4,OC,SOURCE_UPDATE,ANCHOR,-0.21633699909126847,57
ORIGA,SEALED_REVIEW,20260907,0,Q4,OC,SOURCE_HOLD,NATIVE_UPDATE,-3.7437393167233637,57
ORIGA,SEALED_REVIEW,20260907,0,Q4,OC,SOURCE_HOLD,ANCHOR,-3.5506489117872775,57
ORIGA,SEALED_REVIEW,20260907,0,Q4,OC,SAME64_UPDATE,NATIVE_UPDATE,-0.3323306059548372,57
ORIGA,SEALED_REVIEW,20260907,0,Q4,OC,SAME64_UPDATE,ANCHOR,-0.139240201018751,57
ORIGA,SEALED_REVIEW,20260907,0,Q4,OC,SAME64_HOLD,NATIVE_UPDATE,-1.8656383743147416,57
ORIGA,SEALED_REVIEW,20260907,0,Q4,OC,SAME64_HOLD,ANCHOR,-1.6725479693786554,57
ORIGA,SEALED_REVIEW,20260907,0,Q4,OC,CROSS64_UPDATE,NATIVE_UPDATE,-0.35519969159692266,57
ORIGA,SEALED_REVIEW,20260907,0,Q4,OC,CROSS64_UPDATE,ANCHOR,-0.16210928666083646,57
ORIGA,SEALED_REVIEW,20260907,0,Q4,OC,CROSS64_HOLD,NATIVE_UPDATE,-3.488536621375033,57
ORIGA,SEALED_REVIEW,20260907,0,Q4,OC,CROSS64_HOLD,ANCHOR,-3.295446216438947,57
ORIGA,SEALED_REVIEW,20260907,0,Q4,OC,HISTORY_UPDATE_INTERACTION,ALGEBRA,-1.600029161418206,57
REFUGE_Valid,SEARCH,20260907,0,ALL,OD,NATIVE_HOLD,SAME64_HOLD,-6.269510778362076,406
REFUGE_Valid,SEARCH,20260907,0,ALL,OD,NATIVE_HOLD,SOURCE_HOLD,-4.792534984467636,406
REFUGE_Valid,SEARCH,20260907,0,ALL,OD,CROSS64_HOLD,SOURCE_HOLD,-0.744486338931452,406
REFUGE_Valid,SEARCH,20260907,0,ALL,OD,NATIVE_UPDATE,NATIVE_HOLD,-1.0420610564184045,406
REFUGE_Valid,SEARCH,20260907,0,ALL,OD,SOURCE_UPDATE,SOURCE_HOLD,-0.7876049050595384,406
REFUGE_Valid,SEARCH,20260907,0,ALL,OD,SAME64_UPDATE,SAME64_HOLD,-2.9182690293741445,406
REFUGE_Valid,SEARCH,20260907,0,ALL,OD,CROSS64_UPDATE,CROSS64_HOLD,-0.9406155133733876,406
REFUGE_Valid,SEARCH,20260907,0,ALL,OD,NATIVE_UPDATE,ANCHOR,-1.1063949713617234,406
REFUGE_Valid,SEARCH,20260907,0,ALL,OD,NATIVE_HOLD,ANCHOR,-0.06433391494331886,406
REFUGE_Valid,SEARCH,20260907,0,ALL,OD,HISTORY_UPDATE_INTERACTION,ALGEBRA,-1.977653516000757,406
REFUGE_Valid,SEARCH,20260907,0,ALL,OC,NATIVE_HOLD,SAME64_HOLD,-5.2456432879040875,406
REFUGE_Valid,SEARCH,20260907,0,ALL,OC,NATIVE_HOLD,SOURCE_HOLD,-5.324282227905968,406
REFUGE_Valid,SEARCH,20260907,0,ALL,OC,SAME64_HOLD,SOURCE_HOLD,-0.07863894000188054,406
REFUGE_Valid,SEARCH,20260907,0,ALL,OC,CROSS64_HOLD,SOURCE_HOLD,-0.46842364364133005,406
REFUGE_Valid,SEARCH,20260907,0,ALL,OC,NATIVE_UPDATE,NATIVE_HOLD,-1.3900744906426112,406
REFUGE_Valid,SEARCH,20260907,0,ALL,OC,SOURCE_UPDATE,SOURCE_HOLD,-1.2232952237229284,406
REFUGE_Valid,SEARCH,20260907,0,ALL,OC,SAME64_UPDATE,SAME64_HOLD,-1.4358624521188972,406
REFUGE_Valid,SEARCH,20260907,0,ALL,OC,CROSS64_UPDATE,CROSS64_HOLD,-1.1989449144622881,406
REFUGE_Valid,SEARCH,20260907,0,ALL,OC,NATIVE_UPDATE,ANCHOR,-0.35397438392276825,406
REFUGE_Valid,SEARCH,20260907,0,ALL,OC,HISTORY_UPDATE_INTERACTION,ALGEBRA,-0.23691753765660906,406
REFUGE_Valid,SEARCH,20260907,0,Q1,OD,NATIVE_HOLD,SAME64_HOLD,-6.111886826770274,97
REFUGE_Valid,SEARCH,20260907,0,Q1,OD,NATIVE_HOLD,SOURCE_HOLD,-4.596767136474696,97
REFUGE_Valid,SEARCH,20260907,0,Q1,OD,CROSS64_HOLD,SOURCE_HOLD,-0.9018231681691162,97
REFUGE_Valid,SEARCH,20260907,0,Q1,OD,SAME64_UPDATE,SAME64_HOLD,-0.40701745939780665,97
REFUGE_Valid,SEARCH,20260907,0,Q1,OD,NATIVE_UPDATE,ANCHOR,-0.7283620368235546,97
REFUGE_Valid,SEARCH,20260907,0,Q1,OD,NATIVE_HOLD,NATIVE_UPDATE,-0.4580537253248309,97
REFUGE_Valid,SEARCH,20260907,0,Q1,OD,NATIVE_HOLD,ANCHOR,-1.1864157621483855,97
REFUGE_Valid,SEARCH,20260907,0,Q1,OD,HISTORY_UPDATE_INTERACTION,ALGEBRA,-2.2218452198530656,97
REFUGE_Valid,SEARCH,20260907,0,Q1,OC,NATIVE_HOLD,SAME64_HOLD,-5.858148902929173,97
REFUGE_Valid,SEARCH,20260907,0,Q1,OC,NATIVE_HOLD,SOURCE_HOLD,-5.757334873986956,97
REFUGE_Valid,SEARCH,20260907,0,Q1,OC,CROSS64_HOLD,SOURCE_HOLD,-0.573427297692291,97
REFUGE_Valid,SEARCH,20260907,0,Q1,OC,NATIVE_UPDATE,NATIVE_HOLD,-0.10168612830307211,97
REFUGE_Valid,SEARCH,20260907,0,Q1,OC,SAME64_UPDATE,SAME64_HOLD,-0.4146455754839664,97
REFUGE_Valid,SEARCH,20260907,0,Q1,OC,NATIVE_UPDATE,ANCHOR,-0.5677984853603064,97
REFUGE_Valid,SEARCH,20260907,0,Q1,OC,NATIVE_HOLD,ANCHOR,-0.4661123570572343,97
REFUGE_Valid,SEARCH,20260907,0,Q1,OC,HISTORY_UPDATE_INTERACTION,ALGEBRA,-0.5647007584284651,97
REFUGE_Valid,SEARCH,20260907,0,FIRST64,OD,NATIVE_HOLD,SAME64_HOLD,-6.185653492990383,39
REFUGE_Valid,SEARCH,20260907,0,FIRST64,OD,NATIVE_HOLD,SOURCE_HOLD,-4.589000586976908,39
REFUGE_Valid,SEARCH,20260907,0,FIRST64,OD,CROSS64_HOLD,SOURCE_HOLD,-1.0598756039783268,39
REFUGE_Valid,SEARCH,20260907,0,FIRST64,OD,SAME64_UPDATE,SAME64_HOLD,-0.26680164452429267,39
REFUGE_Valid,SEARCH,20260907,0,FIRST64,OD,NATIVE_UPDATE,ANCHOR,-0.6486345871988561,39
REFUGE_Valid,SEARCH,20260907,0,FIRST64,OD,NATIVE_HOLD,NATIVE_UPDATE,-0.4100761446974843,39
REFUGE_Valid,SEARCH,20260907,0,FIRST64,OD,NATIVE_HOLD,ANCHOR,-1.0587107318963405,39
REFUGE_Valid,SEARCH,20260907,0,FIRST64,OD,HISTORY_UPDATE_INTERACTION,ALGEBRA,-1.5518959218376267,39
REFUGE_Valid,SEARCH,20260907,0,FIRST64,OC,NATIVE_HOLD,SAME64_HOLD,-5.527113772202895,39
REFUGE_Valid,SEARCH,20260907,0,FIRST64,OC,NATIVE_HOLD,SOURCE_HOLD,-5.405709334103889,39
REFUGE_Valid,SEARCH,20260907,0,FIRST64,OC,CROSS64_HOLD,SOURCE_HOLD,-0.5788638718966439,39
REFUGE_Valid,SEARCH,20260907,0,FIRST64,OC,SAME64_UPDATE,SAME64_HOLD,-0.1023049624878496,39
REFUGE_Valid,SEARCH,20260907,0,FIRST64,OC,NATIVE_UPDATE,ANCHOR,-0.5646420866986759,39
REFUGE_Valid,SEARCH,20260907,0,FIRST64,OC,NATIVE_HOLD,NATIVE_UPDATE,-0.030713513775239676,39
REFUGE_Valid,SEARCH,20260907,0,FIRST64,OC,NATIVE_HOLD,ANCHOR,-0.5953556004739156,39
REFUGE_Valid,SEARCH,20260907,0,FIRST64,OC,HISTORY_UPDATE_INTERACTION,ALGEBRA,-0.4835296626156804,39
REFUGE_Valid,SEALED_REVIEW,20260907,0,ALL,OD,NATIVE_HOLD,SAME64_HOLD,-7.115487935737363,269
REFUGE_Valid,SEALED_REVIEW,20260907,0,ALL,OD,NATIVE_HOLD,SOURCE_HOLD,-5.8506032975165425,269
REFUGE_Valid,SEALED_REVIEW,20260907,0,ALL,OD,CROSS64_HOLD,SOURCE_HOLD,-0.8999763656730124,269
REFUGE_Valid,SEALED_REVIEW,20260907,0,ALL,OD,NATIVE_UPDATE,NATIVE_HOLD,-0.9970508831326441,269
REFUGE_Valid,SEALED_REVIEW,20260907,0,ALL,OD,SOURCE_UPDATE,SOURCE_HOLD,-0.8473069630792054,269
REFUGE_Valid,SEALED_REVIEW,20260907,0,ALL,OD,SAME64_UPDATE,SAME64_HOLD,-2.8309073760434558,269
REFUGE_Valid,SEALED_REVIEW,20260907,0,ALL,OD,CROSS64_UPDATE,CROSS64_HOLD,-0.7366754653088918,269
REFUGE_Valid,SEALED_REVIEW,20260907,0,ALL,OD,NATIVE_UPDATE,ANCHOR,-1.0132423867024016,269
REFUGE_Valid,SEALED_REVIEW,20260907,0,ALL,OD,NATIVE_HOLD,ANCHOR,-0.016191503569757515,269
REFUGE_Valid,SEALED_REVIEW,20260907,0,ALL,OD,HISTORY_UPDATE_INTERACTION,ALGEBRA,-2.094231910734564,269
REFUGE_Valid,SEALED_REVIEW,20260907,0,ALL,OC,NATIVE_HOLD,SAME64_HOLD,-5.7494022345776585,269
REFUGE_Valid,SEALED_REVIEW,20260907,0,ALL,OC,NATIVE_HOLD,SOURCE_HOLD,-5.962474059999849,269
REFUGE_Valid,SEALED_REVIEW,20260907,0,ALL,OC,SAME64_HOLD,SOURCE_HOLD,-0.2130718254221904,269
REFUGE_Valid,SEALED_REVIEW,20260907,0,ALL,OC,CROSS64_HOLD,SOURCE_HOLD,-0.6462414469960294,269
REFUGE_Valid,SEALED_REVIEW,20260907,0,ALL,OC,NATIVE_UPDATE,NATIVE_HOLD,-1.2358463378770423,269
REFUGE_Valid,SEALED_REVIEW,20260907,0,ALL,OC,SOURCE_UPDATE,SOURCE_HOLD,-1.1868988999345333,269
REFUGE_Valid,SEALED_REVIEW,20260907,0,ALL,OC,SAME64_UPDATE,SAME64_HOLD,-1.2901007442834782,269
REFUGE_Valid,SEALED_REVIEW,20260907,0,ALL,OC,CROSS64_UPDATE,CROSS64_HOLD,-1.031845471280647,269
REFUGE_Valid,SEALED_REVIEW,20260907,0,ALL,OC,NATIVE_UPDATE,ANCHOR,-0.395326183142231,269
REFUGE_Valid,SEALED_REVIEW,20260907,0,ALL,OC,HISTORY_UPDATE_INTERACTION,ALGEBRA,-0.25825527300283113,269
REFUGE_Valid,SEALED_REVIEW,20260907,0,Q1,OD,SAME64_UPDATE,CROSS64_UPDATE,-0.17359843731264846,69
REFUGE_Valid,SEALED_REVIEW,20260907,0,Q1,OD,NATIVE_HOLD,SAME64_HOLD,-7.283884806071072,69
REFUGE_Valid,SEALED_REVIEW,20260907,0,Q1,OD,NATIVE_HOLD,SOURCE_HOLD,-6.386777877167916,69
REFUGE_Valid,SEALED_REVIEW,20260907,0,Q1,OD,CROSS64_HOLD,SOURCE_HOLD,-0.8919811776432738,69
REFUGE_Valid,SEALED_REVIEW,20260907,0,Q1,OD,SAME64_UPDATE,SAME64_HOLD,-0.6960989900615715,69
REFUGE_Valid,SEALED_REVIEW,20260907,0,Q1,OD,NATIVE_UPDATE,ANCHOR,-0.727359409694941,69
REFUGE_Valid,SEALED_REVIEW,20260907,0,Q1,OD,NATIVE_HOLD,NATIVE_UPDATE,-0.3346976427934294,69
REFUGE_Valid,SEALED_REVIEW,20260907,0,Q1,OD,NATIVE_HOLD,ANCHOR,-1.0620570524883703,69
REFUGE_Valid,SEALED_REVIEW,20260907,0,Q1,OD,HISTORY_UPDATE_INTERACTION,ALGEBRA,-1.9626865438590784,69
REFUGE_Valid,SEALED_REVIEW,20260907,0,Q1,OC,SAME64_UPDATE,CROSS64_UPDATE,-0.13827727936940448,69
REFUGE_Valid,SEALED_REVIEW,20260907,0,Q1,OC,NATIVE_HOLD,SAME64_HOLD,-5.979714904716282,69
REFUGE_Valid,SEALED_REVIEW,20260907,0,Q1,OC,NATIVE_HOLD,SOURCE_HOLD,-6.04877309330292,69
REFUGE_Valid,SEALED_REVIEW,20260907,0,Q1,OC,SAME64_HOLD,SOURCE_HOLD,-0.06905818858663793,69
REFUGE_Valid,SEALED_REVIEW,20260907,0,Q1,OC,CROSS64_HOLD,SOURCE_HOLD,-0.7316775796477089,69
REFUGE_Valid,SEALED_REVIEW,20260907,0,Q1,OC,NATIVE_UPDATE,NATIVE_HOLD,-0.03806440622504681,69
REFUGE_Valid,SEALED_REVIEW,20260907,0,Q1,OC,SOURCE_UPDATE,SOURCE_HOLD,-0.11197338972525017,69
REFUGE_Valid,SEALED_REVIEW,20260907,0,Q1,OC,SAME64_UPDATE,SAME64_HOLD,-0.47279186284015395,69
REFUGE_Valid,SEALED_REVIEW,20260907,0,Q1,OC,NATIVE_UPDATE,ANCHOR,-0.5965061526791757,69
REFUGE_Valid,SEALED_REVIEW,20260907,0,Q1,OC,NATIVE_HOLD,ANCHOR,-0.5584417464541289,69
REFUGE_Valid,SEALED_REVIEW,20260907,0,Q1,OC,HISTORY_UPDATE_INTERACTION,ALGEBRA,-0.8008966704304754,69
REFUGE_Valid,SEALED_REVIEW,20260907,0,FIRST64,OD,NATIVE_HOLD,SAME64_HOLD,-8.282909987662492,20
REFUGE_Valid,SEALED_REVIEW,20260907,0,FIRST64,OD,NATIVE_HOLD,SOURCE_HOLD,-7.436150162778219,20
REFUGE_Valid,SEALED_REVIEW,20260907,0,FIRST64,OD,CROSS64_HOLD,SOURCE_HOLD,-1.0771845987391657,20
REFUGE_Valid,SEALED_REVIEW,20260907,0,FIRST64,OD,SAME64_UPDATE,SAME64_HOLD,-0.35803888965716624,20
REFUGE_Valid,SEALED_REVIEW,20260907,0,FIRST64,OD,NATIVE_UPDATE,ANCHOR,-0.4618928384599883,20
REFUGE_Valid,SEALED_REVIEW,20260907,0,FIRST64,OD,NATIVE_HOLD,NATIVE_UPDATE,-0.41487172735034505,20
REFUGE_Valid,SEALED_REVIEW,20260907,0,FIRST64,OD,NATIVE_HOLD,ANCHOR,-0.8767645658103334,20
REFUGE_Valid,SEALED_REVIEW,20260907,0,FIRST64,OD,HISTORY_UPDATE_INTERACTION,ALGEBRA,-1.4366356191923302,20
REFUGE_Valid,SEALED_REVIEW,20260907,0,FIRST64,OC,SAME64_HOLD,CROSS64_HOLD,-0.20410752768056284,20
REFUGE_Valid,SEALED_REVIEW,20260907,0,FIRST64,OC,SAME64_UPDATE,CROSS64_UPDATE,-0.68560944001743,20
REFUGE_Valid,SEALED_REVIEW,20260907,0,FIRST64,OC,NATIVE_HOLD,SAME64_HOLD,-5.798860340010691,20
REFUGE_Valid,SEALED_REVIEW,20260907,0,FIRST64,OC,NATIVE_HOLD,SOURCE_HOLD,-6.537709579638303,20
REFUGE_Valid,SEALED_REVIEW,20260907,0,FIRST64,OC,SAME64_HOLD,SOURCE_HOLD,-0.7388492396276121,20
REFUGE_Valid,SEALED_REVIEW,20260907,0,FIRST64,OC,CROSS64_HOLD,SOURCE_HOLD,-0.5347417119470492,20
REFUGE_Valid,SEALED_REVIEW,20260907,0,FIRST64,OC,SOURCE_UPDATE,SOURCE_HOLD,-0.40925221716994997,20
REFUGE_Valid,SEALED_REVIEW,20260907,0,FIRST64,OC,SAME64_UPDATE,SAME64_HOLD,-0.45739463922768664,20
REFUGE_Valid,SEALED_REVIEW,20260907,0,FIRST64,OC,NATIVE_UPDATE,ANCHOR,-0.6545694429560172,20
REFUGE_Valid,SEALED_REVIEW,20260907,0,FIRST64,OC,NATIVE_HOLD,NATIVE_UPDATE,-0.16652024111511565,20
REFUGE_Valid,SEALED_REVIEW,20260907,0,FIRST64,OC,NATIVE_HOLD,ANCHOR,-0.8210896840711328,20
REFUGE_Valid,SEALED_REVIEW,20260907,0,FIRST64,OC,HISTORY_UPDATE_INTERACTION,ALGEBRA,-0.4815019123368671,20
REFUGE_Valid,SEALED_REVIEW,20260907,0,Q2,OD,SAME64_UPDATE,CROSS64_UPDATE,-0.08074586352186941,80
REFUGE_Valid,SEALED_REVIEW,20260907,0,Q2,OD,NATIVE_HOLD,SAME64_HOLD,-6.722885066747452,80
REFUGE_Valid,SEALED_REVIEW,20260907,0,Q2,OD,NATIVE_HOLD,SOURCE_HOLD,-5.795565694968545,80
REFUGE_Valid,SEALED_REVIEW,20260907,0,Q2,OD,CROSS64_HOLD,SOURCE_HOLD,-0.8913186825734272,80
REFUGE_Valid,SEALED_REVIEW,20260907,0,Q2,OD,NATIVE_UPDATE,NATIVE_HOLD,-0.26201238645133174,80
REFUGE_Valid,SEALED_REVIEW,20260907,0,Q2,OD,SOURCE_UPDATE,SOURCE_HOLD,-0.24455622829776757,80
REFUGE_Valid,SEALED_REVIEW,20260907,0,Q2,OD,SAME64_UPDATE,SAME64_HOLD,-2.022223562585708,80
REFUGE_Valid,SEALED_REVIEW,20260907,0,Q2,OD,CROSS64_UPDATE,CROSS64_HOLD,-0.12283964471150455,80
REFUGE_Valid,SEALED_REVIEW,20260907,0,Q2,OD,NATIVE_UPDATE,ANCHOR,-0.865169576735326,80
REFUGE_Valid,SEALED_REVIEW,20260907,0,Q2,OD,NATIVE_HOLD,ANCHOR,-0.6031571902839943,80
REFUGE_Valid,SEALED_REVIEW,20260907,0,Q2,OD,HISTORY_UPDATE_INTERACTION,ALGEBRA,-1.8993839178742036,80
REFUGE_Valid,SEALED_REVIEW,20260907,0,Q2,OC,NATIVE_HOLD,SAME64_HOLD,-5.613766730619034,80
REFUGE_Valid,SEALED_REVIEW,20260907,0,Q2,OC,NATIVE_HOLD,SOURCE_HOLD,-5.880955919367665,80
REFUGE_Valid,SEALED_REVIEW,20260907,0,Q2,OC,SAME64_HOLD,SOURCE_HOLD,-0.26718918874863107,80
REFUGE_Valid,SEALED_REVIEW,20260907,0,Q2,OC,CROSS64_HOLD,SOURCE_HOLD,-0.720766128893402,80
REFUGE_Valid,SEALED_REVIEW,20260907,0,Q2,OC,NATIVE_UPDATE,NATIVE_HOLD,-0.7617890593453964,80
REFUGE_Valid,SEALED_REVIEW,20260907,0,Q2,OC,SOURCE_UPDATE,SOURCE_HOLD,-0.8273196530803375,80
REFUGE_Valid,SEALED_REVIEW,20260907,0,Q2,OC,SAME64_UPDATE,SAME64_HOLD,-0.9041642424086689,80
REFUGE_Valid,SEALED_REVIEW,20260907,0,Q2,OC,CROSS64_UPDATE,CROSS64_HOLD,-0.6107779352289242,80
REFUGE_Valid,SEALED_REVIEW,20260907,0,Q2,OC,NATIVE_UPDATE,ANCHOR,-0.448740338614094,80
REFUGE_Valid,SEALED_REVIEW,20260907,0,Q2,OC,HISTORY_UPDATE_INTERACTION,ALGEBRA,-0.2933863071797447,80
REFUGE_Valid,SEARCH,20260907,0,Q2,OD,NATIVE_HOLD,SAME64_HOLD,-6.670002967838414,89
REFUGE_Valid,SEARCH,20260907,0,Q2,OD,NATIVE_HOLD,SOURCE_HOLD,-5.422222217091544,89
REFUGE_Valid,SEARCH,20260907,0,Q2,OD,CROSS64_HOLD,SOURCE_HOLD,-0.5928559850804476,89
REFUGE_Valid,SEARCH,20260907,0,Q2,OD,NATIVE_UPDATE,NATIVE_HOLD,-0.11042298554166052,89
REFUGE_Valid,SEARCH,20260907,0,Q2,OD,SAME64_UPDATE,SAME64_HOLD,-1.8872527704240412,89
REFUGE_Valid,SEARCH,20260907,0,Q2,OD,CROSS64_UPDATE,CROSS64_HOLD,-0.1403347180367689,89
REFUGE_Valid,SEARCH,20260907,0,Q2,OD,NATIVE_UPDATE,ANCHOR,-0.9980747898862745,89
REFUGE_Valid,SEARCH,20260907,0,Q2,OD,NATIVE_HOLD,ANCHOR,-0.887651804344614,89
REFUGE_Valid,SEARCH,20260907,0,Q2,OD,HISTORY_UPDATE_INTERACTION,ALGEBRA,-1.7469180523872723,89
REFUGE_Valid,SEARCH,20260907,0,Q2,OC,SAME64_HOLD,CROSS64_HOLD,-0.17243796823979096,89
REFUGE_Valid,SEARCH,20260907,0,Q2,OC,SAME64_UPDATE,CROSS64_UPDATE,-0.06750724592222923,89
REFUGE_Valid,SEARCH,20260907,0,Q2,OC,NATIVE_HOLD,SAME64_HOLD,-4.705428138233074,89
REFUGE_Valid,SEARCH,20260907,0,Q2,OC,NATIVE_HOLD,SOURCE_HOLD,-5.239782289620578,89
REFUGE_Valid,SEARCH,20260907,0,Q2,OC,SAME64_HOLD,SOURCE_HOLD,-0.5343541513875039,89
REFUGE_Valid,SEARCH,20260907,0,Q2,OC,CROSS64_HOLD,SOURCE_HOLD,-0.3619161831477129,89
REFUGE_Valid,SEARCH,20260907,0,Q2,OC,NATIVE_UPDATE,NATIVE_HOLD,-0.7370729647602232,89
REFUGE_Valid,SEARCH,20260907,0,Q2,OC,SOURCE_UPDATE,SOURCE_HOLD,-1.2975845215272557,89
REFUGE_Valid,SEARCH,20260907,0,Q2,OC,SAME64_UPDATE,SAME64_HOLD,-1.0695412199867604,89
REFUGE_Valid,SEARCH,20260907,0,Q2,OC,CROSS64_UPDATE,CROSS64_HOLD,-1.1744719423043222,89
REFUGE_Valid,SEARCH,20260907,0,Q2,OC,NATIVE_UPDATE,ANCHOR,-0.4273127976958335,89
REFUGE_Valid,SEARCH,20260907,0,Q3,OD,NATIVE_HOLD,SAME64_HOLD,-6.07339766099507,100
REFUGE_Valid,SEARCH,20260907,0,Q3,OD,NATIVE_HOLD,SOURCE_HOLD,-4.410969832028101,100
REFUGE_Valid,SEARCH,20260907,0,Q3,OD,CROSS64_HOLD,SOURCE_HOLD,-0.6965863169947113,100
REFUGE_Valid,SEARCH,20260907,0,Q3,OD,NATIVE_UPDATE,NATIVE_HOLD,-1.6605941547188507,100
REFUGE_Valid,SEARCH,20260907,0,Q3,OD,SOURCE_UPDATE,SOURCE_HOLD,-0.7678083076294655,100
REFUGE_Valid,SEARCH,20260907,0,Q3,OD,SAME64_UPDATE,SAME64_HOLD,-3.0804674948726785,100
REFUGE_Valid,SEARCH,20260907,0,Q3,OD,CROSS64_UPDATE,CROSS64_HOLD,-0.985725776604184,100
REFUGE_Valid,SEARCH,20260907,0,Q3,OD,NATIVE_UPDATE,ANCHOR,-1.1446336209229173,100
REFUGE_Valid,SEARCH,20260907,0,Q3,OD,HISTORY_UPDATE_INTERACTION,ALGEBRA,-2.0947417182684944,100
REFUGE_Valid,SEARCH,20260907,0,Q3,OC,NATIVE_HOLD,SAME64_HOLD,-4.921342628290802,100
REFUGE_Valid,SEARCH,20260907,0,Q3,OC,NATIVE_HOLD,SOURCE_HOLD,-4.763702241296386,100
REFUGE_Valid,SEARCH,20260907,0,Q3,OC,CROSS64_HOLD,SOURCE_HOLD,-0.4493326475800501,100
REFUGE_Valid,SEARCH,20260907,0,Q3,OC,NATIVE_UPDATE,NATIVE_HOLD,-1.7231494501075488,100
REFUGE_Valid,SEARCH,20260907,0,Q3,OC,SOURCE_UPDATE,SOURCE_HOLD,-0.8982352541088687,100
REFUGE_Valid,SEARCH,20260907,0,Q3,OC,SAME64_UPDATE,SAME64_HOLD,-1.3109486344044825,100
REFUGE_Valid,SEARCH,20260907,0,Q3,OC,CROSS64_UPDATE,CROSS64_HOLD,-0.9633716069725011,100
REFUGE_Valid,SEARCH,20260907,0,Q3,OC,NATIVE_UPDATE,ANCHOR,-0.29531841975767037,100
REFUGE_Valid,SEARCH,20260907,0,Q3,OC,HISTORY_UPDATE_INTERACTION,ALGEBRA,-0.3475770274319814,100
REFUGE_Valid,SEALED_REVIEW,20260907,0,Q3,OD,NATIVE_HOLD,SAME64_HOLD,-7.877162498644083,68
REFUGE_Valid,SEALED_REVIEW,20260907,0,Q3,OD,NATIVE_HOLD,SOURCE_HOLD,-6.1247574436150956,68
REFUGE_Valid,SEALED_REVIEW,20260907,0,Q3,OD,CROSS64_HOLD,SOURCE_HOLD,-1.0793114466486884,68
REFUGE_Valid,SEALED_REVIEW,20260907,0,Q3,OD,NATIVE_UPDATE,NATIVE_HOLD,-1.9205424488685878,68
REFUGE_Valid,SEALED_REVIEW,20260907,0,Q3,OD,SOURCE_UPDATE,SOURCE_HOLD,-1.463522689160854,68
REFUGE_Valid,SEALED_REVIEW,20260907,0,Q3,OD,SAME64_UPDATE,SAME64_HOLD,-3.9840282534885887,68
REFUGE_Valid,SEALED_REVIEW,20260907,0,Q3,OD,CROSS64_UPDATE,CROSS64_HOLD,-1.5020075568108666,68
REFUGE_Valid,SEALED_REVIEW,20260907,0,Q3,OD,NATIVE_UPDATE,ANCHOR,-1.190544068552029,68
REFUGE_Valid,SEALED_REVIEW,20260907,0,Q3,OD,HISTORY_UPDATE_INTERACTION,ALGEBRA,-2.482020696677722,68
REFUGE_Valid,SEALED_REVIEW,20260907,0,Q3,OC,SAME64_HOLD,CROSS64_HOLD,-0.10240641615439472,68
REFUGE_Valid,SEALED_REVIEW,20260907,0,Q3,OC,NATIVE_HOLD,SAME64_HOLD,-5.310402291233942,68
REFUGE_Valid,SEALED_REVIEW,20260907,0,Q3,OC,NATIVE_HOLD,SOURCE_HOLD,-5.861409964384663,68
REFUGE_Valid,SEALED_REVIEW,20260907,0,Q3,OC,SAME64_HOLD,SOURCE_HOLD,-0.5510076731507212,68
REFUGE_Valid,SEALED_REVIEW,20260907,0,Q3,OC,CROSS64_HOLD,SOURCE_HOLD,-0.44860125699632647,68
REFUGE_Valid,SEALED_REVIEW,20260907,0,Q3,OC,NATIVE_UPDATE,NATIVE_HOLD,-1.9228421582209236,68
REFUGE_Valid,SEALED_REVIEW,20260907,0,Q3,OC,SOURCE_UPDATE,SOURCE_HOLD,-1.9166712464686952,68
REFUGE_Valid,SEALED_REVIEW,20260907,0,Q3,OC,SAME64_UPDATE,SAME64_HOLD,-1.6105450701943056,68
REFUGE_Valid,SEALED_REVIEW,20260907,0,Q3,OC,CROSS64_UPDATE,CROSS64_HOLD,-1.9194794439107952,68
REFUGE_Valid,SEALED_REVIEW,20260907,0,Q3,OC,NATIVE_UPDATE,ANCHOR,-0.29796948847810967,68
REFUGE_Valid,SEARCH,20260907,0,Q4,OD,NATIVE_HOLD,SAME64_HOLD,-6.263319363176365,120
REFUGE_Valid,SEARCH,20260907,0,Q4,OD,NATIVE_HOLD,SOURCE_HOLD,-4.801733591098824,120
REFUGE_Valid,SEARCH,20260907,0,Q4,OD,CROSS64_HOLD,SOURCE_HOLD,-0.7696815993511166,120
REFUGE_Valid,SEARCH,20260907,0,Q4,OD,NATIVE_UPDATE,NATIVE_HOLD,-2.430174492310684,120
REFUGE_Valid,SEARCH,20260907,0,Q4,OD,SOURCE_UPDATE,SOURCE_HOLD,-3.3893619783284237,120
REFUGE_Valid,SEARCH,20260907,0,Q4,OD,SAME64_UPDATE,SAME64_HOLD,-5.577702385910925,120
REFUGE_Valid,SEARCH,20260907,0,Q4,OD,CROSS64_UPDATE,CROSS64_HOLD,-3.7238818635672146,120
REFUGE_Valid,SEARCH,20260907,0,Q4,OD,NATIVE_UPDATE,ANCHOR,-1.4604435200733406,120
REFUGE_Valid,SEARCH,20260907,0,Q4,OD,HISTORY_UPDATE_INTERACTION,ALGEBRA,-1.8538205223437103,120
REFUGE_Valid,SEARCH,20260907,0,Q4,OC,NATIVE_HOLD,SAME64_HOLD,-5.421444701442532,120
REFUGE_Valid,SEARCH,20260907,0,Q4,OC,NATIVE_HOLD,SOURCE_HOLD,-5.504052115393513,120
REFUGE_Valid,SEARCH,20260907,0,Q4,OC,SAME64_HOLD,SOURCE_HOLD,-0.08260741395098137,120
REFUGE_Valid,SEARCH,20260907,0,Q4,OC,CROSS64_HOLD,SOURCE_HOLD,-0.4784478865340276,120
REFUGE_Valid,SEARCH,20260907,0,Q4,OC,NATIVE_UPDATE,NATIVE_HOLD,-2.6382687490090646,120
REFUGE_Valid,SEARCH,20260907,0,Q4,OC,SOURCE_UPDATE,SOURCE_HOLD,-2.442761521885622,120
REFUGE_Valid,SEARCH,20260907,0,Q4,OC,SAME64_UPDATE,SAME64_HOLD,-2.6371291893254707,120
REFUGE_Valid,SEARCH,20260907,0,Q4,OC,CROSS64_UPDATE,CROSS64_HOLD,-2.5038485371247106,120
REFUGE_Valid,SEARCH,20260907,0,Q4,OC,NATIVE_UPDATE,ANCHOR,-0.17562054851666176,120
REFUGE_Valid,SEARCH,20260907,0,Q4,OC,HISTORY_UPDATE_INTERACTION,ALGEBRA,-0.13328065220075302,120
REFUGE_Valid,SEALED_REVIEW,20260907,0,Q4,OD,NATIVE_HOLD,SAME64_HOLD,-6.500006689362522,52
REFUGE_Valid,SEALED_REVIEW,20260907,0,Q4,OD,NATIVE_HOLD,SOURCE_HOLD,-4.865304841231776,52
REFUGE_Valid,SEALED_REVIEW,20260907,0,Q4,OD,CROSS64_HOLD,SOURCE_HOLD,-0.6893897717436488,52
REFUGE_Valid,SEALED_REVIEW,20260907,0,Q4,OD,NATIVE_UPDATE,NATIVE_HOLD,-2.6873643745435203,52
REFUGE_Valid,SEALED_REVIEW,20260907,0,Q4,OD,SOURCE_UPDATE,SOURCE_HOLD,-3.1416608296351995,52
REFUGE_Valid,SEALED_REVIEW,20260907,0,Q4,OD,SAME64_UPDATE,SAME64_HOLD,-5.399835530718505,52
REFUGE_Valid,SEALED_REVIEW,20260907,0,Q4,OD,CROSS64_UPDATE,CROSS64_HOLD,-3.338395306539695,52
REFUGE_Valid,SEALED_REVIEW,20260907,0,Q4,OD,NATIVE_UPDATE,ANCHOR,-1.3885353837237204,52
REFUGE_Valid,SEALED_REVIEW,20260907,0,Q4,OD,HISTORY_UPDATE_INTERACTION,ALGEBRA,-2.06144022417881,52
REFUGE_Valid,SEALED_REVIEW,20260907,0,Q4,OC,NATIVE_HOLD,SAME64_HOLD,-6.226541892741118,52
REFUGE_Valid,SEALED_REVIEW,20260907,0,Q4,OC,NATIVE_HOLD,SOURCE_HOLD,-6.105535145663218,52
REFUGE_Valid,SEALED_REVIEW,20260907,0,Q4,OC,CROSS64_HOLD,SOURCE_HOLD,-0.676673470365742,52
REFUGE_Valid,SEALED_REVIEW,20260907,0,Q4,OC,NATIVE_UPDATE,NATIVE_HOLD,-2.6561505644758014,52
REFUGE_Valid,SEALED_REVIEW,20260907,0,Q4,OC,SOURCE_UPDATE,SOURCE_HOLD,-2.212123522789355,52
REFUGE_Valid,SEALED_REVIEW,20260907,0,Q4,OC,SAME64_UPDATE,SAME64_HOLD,-2.549312644430401,52
REFUGE_Valid,SEALED_REVIEW,20260907,0,Q4,OC,CROSS64_UPDATE,CROSS64_HOLD,-2.3234389710380157,52
REFUGE_Valid,SEALED_REVIEW,20260907,0,Q4,OC,NATIVE_UPDATE,ANCHOR,-0.17351281586076794,52
REFUGE_Valid,SEALED_REVIEW,20260907,0,Q4,OC,HISTORY_UPDATE_INTERACTION,ALGEBRA,-0.2258736733923854,52
ORIGA,SEARCH,20260907,1,ALL,OD,CROSS64_HOLD,SOURCE_HOLD,-0.6274844550634668,316
ORIGA,SEARCH,20260907,1,ALL,OD,NATIVE_UPDATE,ANCHOR,-0.29704670389232035,316
ORIGA,SEARCH,20260907,1,ALL,OD,NATIVE_HOLD,NATIVE_UPDATE,-3.612311002104846,316
ORIGA,SEARCH,20260907,1,ALL,OD,NATIVE_HOLD,ANCHOR,-3.9093577059971665,316
ORIGA,SEARCH,20260907,1,ALL,OD,SOURCE_UPDATE,NATIVE_UPDATE,-3.8718453243715487,316
ORIGA,SEARCH,20260907,1,ALL,OD,SOURCE_UPDATE,ANCHOR,-4.168892028263869,316
ORIGA,SEARCH,20260907,1,ALL,OD,SOURCE_HOLD,NATIVE_UPDATE,-12.679328298331313,316
ORIGA,SEARCH,20260907,1,ALL,OD,SOURCE_HOLD,ANCHOR,-12.976375002223634,316
ORIGA,SEARCH,20260907,1,ALL,OD,SAME64_UPDATE,NATIVE_UPDATE,-2.2012937547514895,316
ORIGA,SEARCH,20260907,1,ALL,OD,SAME64_UPDATE,ANCHOR,-2.49834045864381,316
ORIGA,SEARCH,20260907,1,ALL,OD,SAME64_HOLD,NATIVE_UPDATE,-8.008781802965089,316
ORIGA,SEARCH,20260907,1,ALL,OD,SAME64_HOLD,ANCHOR,-8.30582850685741,316
ORIGA,SEARCH,20260907,1,ALL,OD,CROSS64_UPDATE,NATIVE_UPDATE,-3.9424947881640833,316
ORIGA,SEARCH,20260907,1,ALL,OD,CROSS64_UPDATE,ANCHOR,-4.239541492056404,316
ORIGA,SEARCH,20260907,1,ALL,OD,CROSS64_HOLD,NATIVE_UPDATE,-13.30681275339478,316
ORIGA,SEARCH,20260907,1,ALL,OD,CROSS64_HOLD,ANCHOR,-13.6038594572871,316
ORIGA,SEARCH,20260907,1,ALL,OD,HISTORY_UPDATE_INTERACTION,ALGEBRA,-3.5568299170170974,316
ORIGA,SEARCH,20260907,1,ALL,OC,CROSS64_HOLD,SOURCE_HOLD,-0.7513178783812364,316
ORIGA,SEARCH,20260907,1,ALL,OC,NATIVE_UPDATE,ANCHOR,-0.7680949376914725,316
ORIGA,SEARCH,20260907,1,ALL,OC,NATIVE_HOLD,NATIVE_UPDATE,-5.061802791654614,316
ORIGA,SEARCH,20260907,1,ALL,OC,NATIVE_HOLD,ANCHOR,-5.8298977293460865,316
ORIGA,SEARCH,20260907,1,ALL,OC,SOURCE_UPDATE,NATIVE_UPDATE,-3.2436419776107073,316
ORIGA,SEARCH,20260907,1,ALL,OC,SOURCE_UPDATE,ANCHOR,-4.01173691530218,316
ORIGA,SEARCH,20260907,1,ALL,OC,SOURCE_HOLD,NATIVE_UPDATE,-13.117983870797815,316
ORIGA,SEARCH,20260907,1,ALL,OC,SOURCE_HOLD,ANCHOR,-13.886078808489287,316
ORIGA,SEARCH,20260907,1,ALL,OC,SAME64_UPDATE,NATIVE_UPDATE,-0.694506541655926,316
ORIGA,SEARCH,20260907,1,ALL,OC,SAME64_UPDATE,ANCHOR,-1.4626014793473985,316
ORIGA,SEARCH,20260907,1,ALL,OC,SAME64_HOLD,NATIVE_UPDATE,-7.576788737871738,316
ORIGA,SEARCH,20260907,1,ALL,OC,SAME64_HOLD,ANCHOR,-8.34488367556321,316
ORIGA,SEARCH,20260907,1,ALL,OC,CROSS64_UPDATE,NATIVE_UPDATE,-3.419897723844741,316
ORIGA,SEARCH,20260907,1,ALL,OC,CROSS64_UPDATE,ANCHOR,-4.187992661536214,316
ORIGA,SEARCH,20260907,1,ALL,OC,CROSS64_HOLD,NATIVE_UPDATE,-13.869301749179051,316
ORIGA,SEARCH,20260907,1,ALL,OC,CROSS64_HOLD,ANCHOR,-14.637396686870524,316
ORIGA,SEARCH,20260907,1,ALL,OC,HISTORY_UPDATE_INTERACTION,ALGEBRA,-3.5671218291184985,316
ORIGA,SEARCH,20260907,1,Q1,OD,CROSS64_HOLD,SOURCE_HOLD,-0.7372562305758095,81
ORIGA,SEARCH,20260907,1,Q1,OD,NATIVE_UPDATE,ANCHOR,-0.6442661459617369,81
ORIGA,SEARCH,20260907,1,Q1,OD,NATIVE_HOLD,NATIVE_UPDATE,-2.7037078973716007,81
ORIGA,SEARCH,20260907,1,Q1,OD,NATIVE_HOLD,ANCHOR,-3.3479740433333376,81
ORIGA,SEARCH,20260907,1,Q1,OD,SOURCE_UPDATE,NATIVE_UPDATE,-6.87613629548477,81
ORIGA,SEARCH,20260907,1,Q1,OD,SOURCE_UPDATE,ANCHOR,-7.520402441446507,81
ORIGA,SEARCH,20260907,1,Q1,OD,SOURCE_HOLD,NATIVE_UPDATE,-11.780963253492601,81
ORIGA,SEARCH,20260907,1,Q1,OD,SOURCE_HOLD,ANCHOR,-12.425229399454338,81
ORIGA,SEARCH,20260907,1,Q1,OD,SAME64_UPDATE,NATIVE_UPDATE,-3.491264322617681,81
ORIGA,SEARCH,20260907,1,Q1,OD,SAME64_UPDATE,ANCHOR,-4.135530468579418,81
ORIGA,SEARCH,20260907,1,Q1,OD,SAME64_HOLD,NATIVE_UPDATE,-7.126413494116349,81
ORIGA,SEARCH,20260907,1,Q1,OD,SAME64_HOLD,ANCHOR,-7.770679640078086,81
ORIGA,SEARCH,20260907,1,Q1,OD,CROSS64_UPDATE,NATIVE_UPDATE,-6.882588346622327,81
ORIGA,SEARCH,20260907,1,Q1,OD,CROSS64_UPDATE,ANCHOR,-7.526854492584064,81
ORIGA,SEARCH,20260907,1,Q1,OD,CROSS64_HOLD,NATIVE_UPDATE,-12.51821948406841,81
ORIGA,SEARCH,20260907,1,Q1,OD,CROSS64_HOLD,ANCHOR,-13.162485630030147,81
ORIGA,SEARCH,20260907,1,Q1,OD,HISTORY_UPDATE_INTERACTION,ALGEBRA,-2.000481965947415,81
ORIGA,SEARCH,20260907,1,Q1,OC,CROSS64_HOLD,SOURCE_HOLD,-0.6677193203678797,81
ORIGA,SEARCH,20260907,1,Q1,OC,NATIVE_UPDATE,ANCHOR,-0.6980828299165864,81
ORIGA,SEARCH,20260907,1,Q1,OC,NATIVE_HOLD,NATIVE_UPDATE,-3.5769153732062975,81
ORIGA,SEARCH,20260907,1,Q1,OC,NATIVE_HOLD,ANCHOR,-4.274998203122884,81
ORIGA,SEARCH,20260907,1,Q1,OC,SOURCE_UPDATE,NATIVE_UPDATE,-6.214114047117498,81
ORIGA,SEARCH,20260907,1,Q1,OC,SOURCE_UPDATE,ANCHOR,-6.912196877034084,81
ORIGA,SEARCH,20260907,1,Q1,OC,SOURCE_HOLD,NATIVE_UPDATE,-11.608122581521087,81
ORIGA,SEARCH,20260907,1,Q1,OC,SOURCE_HOLD,ANCHOR,-12.306205411437674,81
ORIGA,SEARCH,20260907,1,Q1,OC,SAME64_UPDATE,NATIVE_UPDATE,-1.223786399756733,81
ORIGA,SEARCH,20260907,1,Q1,OC,SAME64_UPDATE,ANCHOR,-1.9218692296733195,81
ORIGA,SEARCH,20260907,1,Q1,OC,SAME64_HOLD,NATIVE_UPDATE,-5.693576241498093,81
ORIGA,SEARCH,20260907,1,Q1,OC,SAME64_HOLD,ANCHOR,-6.391659071414679,81
ORIGA,SEARCH,20260907,1,Q1,OC,CROSS64_UPDATE,NATIVE_UPDATE,-6.13261919130445,81
ORIGA,SEARCH,20260907,1,Q1,OC,CROSS64_UPDATE,ANCHOR,-6.830702021221036,81
ORIGA,SEARCH,20260907,1,Q1,OC,CROSS64_HOLD,NATIVE_UPDATE,-12.275841901888967,81
ORIGA,SEARCH,20260907,1,Q1,OC,CROSS64_HOLD,ANCHOR,-12.973924731805553,81
ORIGA,SEARCH,20260907,1,Q1,OC,HISTORY_UPDATE_INTERACTION,ALGEBRA,-1.6734328688431575,81
ORIGA,SEARCH,20260907,1,FIRST64,OD,CROSS64_HOLD,SOURCE_HOLD,-0.502339380341823,35
ORIGA,SEARCH,20260907,1,FIRST64,OD,NATIVE_UPDATE,ANCHOR,-0.7077932728372218,35
ORIGA,SEARCH,20260907,1,FIRST64,OD,NATIVE_HOLD,NATIVE_UPDATE,-1.2436222222591056,35
ORIGA,SEARCH,20260907,1,FIRST64,OD,NATIVE_HOLD,ANCHOR,-1.9514154950963274,35
ORIGA,SEARCH,20260907,1,FIRST64,OD,SOURCE_UPDATE,NATIVE_UPDATE,-6.210512866434655,35
ORIGA,SEARCH,20260907,1,FIRST64,OD,SOURCE_UPDATE,ANCHOR,-6.918306139271877,35
ORIGA,SEARCH,20260907,1,FIRST64,OD,SOURCE_HOLD,NATIVE_UPDATE,-8.594128998121633,35
ORIGA,SEARCH,20260907,1,FIRST64,OD,SOURCE_HOLD,ANCHOR,-9.301922270958855,35
ORIGA,SEARCH,20260907,1,FIRST64,OD,SAME64_UPDATE,NATIVE_UPDATE,-2.9408168599384084,35
ORIGA,SEARCH,20260907,1,FIRST64,OD,SAME64_UPDATE,ANCHOR,-3.64861013277563,35
ORIGA,SEARCH,20260907,1,FIRST64,OD,SAME64_HOLD,NATIVE_UPDATE,-4.3961700113103745,35
ORIGA,SEARCH,20260907,1,FIRST64,OD,SAME64_HOLD,ANCHOR,-5.103963284147596,35
ORIGA,SEARCH,20260907,1,FIRST64,OD,CROSS64_UPDATE,NATIVE_UPDATE,-6.470438558616792,35
ORIGA,SEARCH,20260907,1,FIRST64,OD,CROSS64_UPDATE,ANCHOR,-7.1782318314540134,35
ORIGA,SEARCH,20260907,1,FIRST64,OD,CROSS64_HOLD,NATIVE_UPDATE,-9.096468378463456,35
ORIGA,SEARCH,20260907,1,FIRST64,OD,CROSS64_HOLD,ANCHOR,-9.804261651300678,35
ORIGA,SEARCH,20260907,1,FIRST64,OD,HISTORY_UPDATE_INTERACTION,ALGEBRA,-1.170676668474698,35
ORIGA,SEARCH,20260907,1,FIRST64,OC,NATIVE_HOLD,SAME64_HOLD,-0.16025508856344572,35
ORIGA,SEARCH,20260907,1,FIRST64,OC,CROSS64_HOLD,SOURCE_HOLD,-0.47985484653951715,35
ORIGA,SEARCH,20260907,1,FIRST64,OC,NATIVE_UPDATE,ANCHOR,-0.8481540958581206,35
ORIGA,SEARCH,20260907,1,FIRST64,OC,NATIVE_HOLD,NATIVE_UPDATE,-1.6093387945829534,35
ORIGA,SEARCH,20260907,1,FIRST64,OC,NATIVE_HOLD,ANCHOR,-2.457492890441074,35
ORIGA,SEARCH,20260907,1,FIRST64,OC,SOURCE_UPDATE,NATIVE_UPDATE,-4.339265927897891,35
ORIGA,SEARCH,20260907,1,FIRST64,OC,SOURCE_UPDATE,ANCHOR,-5.187420023756012,35
ORIGA,SEARCH,20260907,1,FIRST64,OC,SOURCE_HOLD,NATIVE_UPDATE,-7.43283101362745,35
ORIGA,SEARCH,20260907,1,FIRST64,OC,SOURCE_HOLD,ANCHOR,-8.28098510948557,35
ORIGA,SEARCH,20260907,1,FIRST64,OC,SAME64_UPDATE,ANCHOR,-0.5333400240663764,35
ORIGA,SEARCH,20260907,1,FIRST64,OC,SAME64_HOLD,NATIVE_UPDATE,-1.4490837060195076,35
ORIGA,SEARCH,20260907,1,FIRST64,OC,SAME64_HOLD,ANCHOR,-2.2972378018776283,35
ORIGA,SEARCH,20260907,1,FIRST64,OC,CROSS64_UPDATE,NATIVE_UPDATE,-4.800607535281905,35
ORIGA,SEARCH,20260907,1,FIRST64,OC,CROSS64_UPDATE,ANCHOR,-5.648761631140026,35
ORIGA,SEARCH,20260907,1,FIRST64,OC,CROSS64_HOLD,NATIVE_UPDATE,-7.912685860166967,35
ORIGA,SEARCH,20260907,1,FIRST64,OC,CROSS64_HOLD,ANCHOR,-8.760839956025087,35
ORIGA,SEARCH,20260907,1,FIRST64,OC,HISTORY_UPDATE_INTERACTION,ALGEBRA,-1.3481805470738095,35
ORIGA,SEALED_REVIEW,20260907,1,ALL,OD,CROSS64_HOLD,SOURCE_HOLD,-0.4131006191244353,210
ORIGA,SEALED_REVIEW,20260907,1,ALL,OD,NATIVE_UPDATE,ANCHOR,-0.21783738189449764,210
ORIGA,SEALED_REVIEW,20260907,1,ALL,OD,NATIVE_HOLD,NATIVE_UPDATE,-3.0028574764338174,210
ORIGA,SEALED_REVIEW,20260907,1,ALL,OD,NATIVE_HOLD,ANCHOR,-3.220694858328315,210
ORIGA,SEALED_REVIEW,20260907,1,ALL,OD,SOURCE_UPDATE,NATIVE_UPDATE,-3.7394840242009764,210
ORIGA,SEALED_REVIEW,20260907,1,ALL,OD,SOURCE_UPDATE,ANCHOR,-3.957321406095474,210
ORIGA,SEALED_REVIEW,20260907,1,ALL,OD,SOURCE_HOLD,NATIVE_UPDATE,-12.624818178236495,210
ORIGA,SEALED_REVIEW,20260907,1,ALL,OD,SOURCE_HOLD,ANCHOR,-12.842655560130993,210
ORIGA,SEALED_REVIEW,20260907,1,ALL,OD,SAME64_UPDATE,NATIVE_UPDATE,-1.9994937521745868,210
ORIGA,SEALED_REVIEW,20260907,1,ALL,OD,SAME64_UPDATE,ANCHOR,-2.2173311340690844,210
ORIGA,SEALED_REVIEW,20260907,1,ALL,OD,SAME64_HOLD,NATIVE_UPDATE,-7.5592572461306275,210
ORIGA,SEALED_REVIEW,20260907,1,ALL,OD,SAME64_HOLD,ANCHOR,-7.777094628025125,210
ORIGA,SEALED_REVIEW,20260907,1,ALL,OD,CROSS64_UPDATE,NATIVE_UPDATE,-3.7833440051858958,210
ORIGA,SEALED_REVIEW,20260907,1,ALL,OD,CROSS64_UPDATE,ANCHOR,-4.001181387080393,210
ORIGA,SEALED_REVIEW,20260907,1,ALL,OD,CROSS64_HOLD,NATIVE_UPDATE,-13.03791879736093,210
ORIGA,SEALED_REVIEW,20260907,1,ALL,OD,CROSS64_HOLD,ANCHOR,-13.255756179255428,210
ORIGA,SEALED_REVIEW,20260907,1,ALL,OD,HISTORY_UPDATE_INTERACTION,ALGEBRA,-3.694811298218994,210
ORIGA,SEALED_REVIEW,20260907,1,ALL,OC,CROSS64_HOLD,SOURCE_HOLD,-0.5578026173908697,210
ORIGA,SEALED_REVIEW,20260907,1,ALL,OC,NATIVE_UPDATE,ANCHOR,-0.5755015513031339,210
ORIGA,SEALED_REVIEW,20260907,1,ALL,OC,NATIVE_HOLD,NATIVE_UPDATE,-4.065945129894672,210
ORIGA,SEALED_REVIEW,20260907,1,ALL,OC,NATIVE_HOLD,ANCHOR,-4.641446681197806,210
ORIGA,SEALED_REVIEW,20260907,1,ALL,OC,SOURCE_UPDATE,NATIVE_UPDATE,-2.6132835222915958,210
ORIGA,SEALED_REVIEW,20260907,1,ALL,OC,SOURCE_UPDATE,ANCHOR,-3.1887850735947296,210
ORIGA,SEALED_REVIEW,20260907,1,ALL,OC,SOURCE_HOLD,NATIVE_UPDATE,-12.269784669020112,210
ORIGA,SEALED_REVIEW,20260907,1,ALL,OC,SOURCE_HOLD,ANCHOR,-12.845286220323246,210
ORIGA,SEALED_REVIEW,20260907,1,ALL,OC,SAME64_UPDATE,NATIVE_UPDATE,-0.06283638568514505,210
ORIGA,SEALED_REVIEW,20260907,1,ALL,OC,SAME64_UPDATE,ANCHOR,-0.6383379369882789,210
ORIGA,SEALED_REVIEW,20260907,1,ALL,OC,SAME64_HOLD,NATIVE_UPDATE,-6.227365624367749,210
ORIGA,SEALED_REVIEW,20260907,1,ALL,OC,SAME64_HOLD,ANCHOR,-6.802867175670883,210
ORIGA,SEALED_REVIEW,20260907,1,ALL,OC,CROSS64_UPDATE,NATIVE_UPDATE,-2.742128317658185,210
ORIGA,SEALED_REVIEW,20260907,1,ALL,OC,CROSS64_UPDATE,ANCHOR,-3.317629868961319,210
ORIGA,SEALED_REVIEW,20260907,1,ALL,OC,CROSS64_HOLD,NATIVE_UPDATE,-12.827587286410981,210
ORIGA,SEALED_REVIEW,20260907,1,ALL,OC,CROSS64_HOLD,ANCHOR,-13.403088837714115,210
ORIGA,SEALED_REVIEW,20260907,1,ALL,OC,HISTORY_UPDATE_INTERACTION,ALGEBRA,-3.920929730070192,210
ORIGA,SEALED_REVIEW,20260907,1,Q1,OD,CROSS64_HOLD,SOURCE_HOLD,-0.7430236412440223,46
ORIGA,SEALED_REVIEW,20260907,1,Q1,OD,NATIVE_UPDATE,ANCHOR,-0.6045096827481444,46
ORIGA,SEALED_REVIEW,20260907,1,Q1,OD,NATIVE_HOLD,NATIVE_UPDATE,-2.6845424682389734,46
ORIGA,SEALED_REVIEW,20260907,1,Q1,OD,NATIVE_HOLD,ANCHOR,-3.289052150987118,46
ORIGA,SEALED_REVIEW,20260907,1,Q1,OD,SOURCE_UPDATE,NATIVE_UPDATE,-8.115006527248738,46
ORIGA,SEALED_REVIEW,20260907,1,Q1,OD,SOURCE_UPDATE,ANCHOR,-8.719516209996883,46
ORIGA,SEALED_REVIEW,20260907,1,Q1,OD,SOURCE_HOLD,NATIVE_UPDATE,-14.391261879551621,46
ORIGA,SEALED_REVIEW,20260907,1,Q1,OD,SOURCE_HOLD,ANCHOR,-14.995771562299765,46
ORIGA,SEALED_REVIEW,20260907,1,Q1,OD,SAME64_UPDATE,NATIVE_UPDATE,-3.689284623962976,46
ORIGA,SEALED_REVIEW,20260907,1,Q1,OD,SAME64_UPDATE,ANCHOR,-4.293794306711121,46
ORIGA,SEALED_REVIEW,20260907,1,Q1,OD,SAME64_HOLD,NATIVE_UPDATE,-7.698817428232019,46
ORIGA,SEALED_REVIEW,20260907,1,Q1,OD,SAME64_HOLD,ANCHOR,-8.303327110980163,46
ORIGA,SEALED_REVIEW,20260907,1,Q1,OD,CROSS64_UPDATE,NATIVE_UPDATE,-8.232566890062657,46
ORIGA,SEALED_REVIEW,20260907,1,Q1,OD,CROSS64_UPDATE,ANCHOR,-8.837076572810801,46
ORIGA,SEALED_REVIEW,20260907,1,Q1,OD,CROSS64_HOLD,NATIVE_UPDATE,-15.134285520795643,46
ORIGA,SEALED_REVIEW,20260907,1,Q1,OD,CROSS64_HOLD,ANCHOR,-15.738795203543788,46
ORIGA,SEALED_REVIEW,20260907,1,Q1,OD,HISTORY_UPDATE_INTERACTION,ALGEBRA,-2.892185826463944,46
ORIGA,SEALED_REVIEW,20260907,1,Q1,OC,CROSS64_HOLD,SOURCE_HOLD,-1.1552921313396851,46
ORIGA,SEALED_REVIEW,20260907,1,Q1,OC,NATIVE_UPDATE,ANCHOR,-0.6646125345794047,46
ORIGA,SEALED_REVIEW,20260907,1,Q1,OC,NATIVE_HOLD,NATIVE_UPDATE,-3.224500079439238,46
ORIGA,SEALED_REVIEW,20260907,1,Q1,OC,NATIVE_HOLD,ANCHOR,-3.889112614018643,46
ORIGA,SEALED_REVIEW,20260907,1,Q1,OC,SOURCE_UPDATE,NATIVE_UPDATE,-7.390127569841347,46
ORIGA,SEALED_REVIEW,20260907,1,Q1,OC,SOURCE_UPDATE,ANCHOR,-8.054740104420752,46
ORIGA,SEALED_REVIEW,20260907,1,Q1,OC,SOURCE_HOLD,NATIVE_UPDATE,-14.460477755004987,46
ORIGA,SEALED_REVIEW,20260907,1,Q1,OC,SOURCE_HOLD,ANCHOR,-15.125090289584392,46
ORIGA,SEALED_REVIEW,20260907,1,Q1,OC,SAME64_UPDATE,NATIVE_UPDATE,-1.4279544272895777,46
ORIGA,SEALED_REVIEW,20260907,1,Q1,OC,SAME64_UPDATE,ANCHOR,-2.0925669618689824,46
ORIGA,SEALED_REVIEW,20260907,1,Q1,OC,SAME64_HOLD,NATIVE_UPDATE,-7.1211946987057075,46
ORIGA,SEALED_REVIEW,20260907,1,Q1,OC,SAME64_HOLD,ANCHOR,-7.785807233285112,46
ORIGA,SEALED_REVIEW,20260907,1,Q1,OC,CROSS64_UPDATE,NATIVE_UPDATE,-7.622343959501578,46
ORIGA,SEALED_REVIEW,20260907,1,Q1,OC,CROSS64_UPDATE,ANCHOR,-8.286956494080982,46
ORIGA,SEALED_REVIEW,20260907,1,Q1,OC,CROSS64_HOLD,NATIVE_UPDATE,-15.615769886344673,46
ORIGA,SEALED_REVIEW,20260907,1,Q1,OC,CROSS64_HOLD,ANCHOR,-16.280382420924077,46
ORIGA,SEALED_REVIEW,20260907,1,Q1,OC,HISTORY_UPDATE_INTERACTION,ALGEBRA,-2.300185655426965,46
ORIGA,SEALED_REVIEW,20260907,1,FIRST64,OD,CROSS64_HOLD,SOURCE_HOLD,-0.9281086375418965,20
ORIGA,SEALED_REVIEW,20260907,1,FIRST64,OD,NATIVE_UPDATE,ANCHOR,-0.5902844401561254,20
ORIGA,SEALED_REVIEW,20260907,1,FIRST64,OD,NATIVE_HOLD,NATIVE_UPDATE,-1.3797962799095984,20
ORIGA,SEALED_REVIEW,20260907,1,FIRST64,OD,NATIVE_HOLD,ANCHOR,-1.9700807200657238,20
ORIGA,SEALED_REVIEW,20260907,1,FIRST64,OD,SOURCE_UPDATE,NATIVE_UPDATE,-8.524214637128992,20
ORIGA,SEALED_REVIEW,20260907,1,FIRST64,OD,SOURCE_UPDATE,ANCHOR,-9.114499077285117,20
ORIGA,SEALED_REVIEW,20260907,1,FIRST64,OD,SOURCE_HOLD,NATIVE_UPDATE,-11.932692091011788,20
ORIGA,SEALED_REVIEW,20260907,1,FIRST64,OD,SOURCE_HOLD,ANCHOR,-12.522976531167913,20
ORIGA,SEALED_REVIEW,20260907,1,FIRST64,OD,SAME64_UPDATE,NATIVE_UPDATE,-3.6466000294485355,20
ORIGA,SEALED_REVIEW,20260907,1,FIRST64,OD,SAME64_UPDATE,ANCHOR,-4.236884469604661,20
ORIGA,SEALED_REVIEW,20260907,1,FIRST64,OD,SAME64_HOLD,NATIVE_UPDATE,-5.365136847057229,20
ORIGA,SEALED_REVIEW,20260907,1,FIRST64,OD,SAME64_HOLD,ANCHOR,-5.955421287213355,20
ORIGA,SEALED_REVIEW,20260907,1,FIRST64,OD,CROSS64_UPDATE,NATIVE_UPDATE,-9.107408237114825,20
ORIGA,SEALED_REVIEW,20260907,1,FIRST64,OD,CROSS64_UPDATE,ANCHOR,-9.69769267727095,20
ORIGA,SEALED_REVIEW,20260907,1,FIRST64,OD,CROSS64_HOLD,NATIVE_UPDATE,-12.860800728553684,20
ORIGA,SEALED_REVIEW,20260907,1,FIRST64,OD,CROSS64_HOLD,ANCHOR,-13.45108516870981,20
ORIGA,SEALED_REVIEW,20260907,1,FIRST64,OD,HISTORY_UPDATE_INTERACTION,ALGEBRA,-2.0348556738301653,20
ORIGA,SEALED_REVIEW,20260907,1,FIRST64,OC,CROSS64_HOLD,SOURCE_HOLD,-1.3967236047899974,20
ORIGA,SEALED_REVIEW,20260907,1,FIRST64,OC,NATIVE_UPDATE,ANCHOR,-0.492884390127017,20
ORIGA,SEALED_REVIEW,20260907,1,FIRST64,OC,NATIVE_HOLD,NATIVE_UPDATE,-1.5875949685651776,20
ORIGA,SEALED_REVIEW,20260907,1,FIRST64,OC,NATIVE_HOLD,ANCHOR,-2.0804793586921946,20
ORIGA,SEALED_REVIEW,20260907,1,FIRST64,OC,SOURCE_UPDATE,NATIVE_UPDATE,-7.184294704844795,20
ORIGA,SEALED_REVIEW,20260907,1,FIRST64,OC,SOURCE_UPDATE,ANCHOR,-7.677179094971812,20
ORIGA,SEALED_REVIEW,20260907,1,FIRST64,OC,SOURCE_HOLD,NATIVE_UPDATE,-10.988972824137043,20
ORIGA,SEALED_REVIEW,20260907,1,FIRST64,OC,SOURCE_HOLD,ANCHOR,-11.48185721426406,20
ORIGA,SEALED_REVIEW,20260907,1,FIRST64,OC,SAME64_UPDATE,NATIVE_UPDATE,-0.987987985470717,20
ORIGA,SEALED_REVIEW,20260907,1,FIRST64,OC,SAME64_UPDATE,ANCHOR,-1.480872375597734,20
ORIGA,SEALED_REVIEW,20260907,1,FIRST64,OC,SAME64_HOLD,NATIVE_UPDATE,-3.2884255348374936,20
ORIGA,SEALED_REVIEW,20260907,1,FIRST64,OC,SAME64_HOLD,ANCHOR,-3.7813099249645106,20
ORIGA,SEALED_REVIEW,20260907,1,FIRST64,OC,CROSS64_UPDATE,NATIVE_UPDATE,-7.877093879170026,20
ORIGA,SEALED_REVIEW,20260907,1,FIRST64,OC,CROSS64_UPDATE,ANCHOR,-8.369978269297043,20
ORIGA,SEALED_REVIEW,20260907,1,FIRST64,OC,CROSS64_HOLD,NATIVE_UPDATE,-12.38569642892704,20
ORIGA,SEALED_REVIEW,20260907,1,FIRST64,OC,CROSS64_HOLD,ANCHOR,-12.878580819054058,20
ORIGA,SEALED_REVIEW,20260907,1,FIRST64,OC,HISTORY_UPDATE_INTERACTION,ALGEBRA,-2.208165000390238,20
ORIGA,SEARCH,20260907,1,Q2,OD,CROSS64_HOLD,SOURCE_HOLD,-0.4464851151712139,70
ORIGA,SEARCH,20260907,1,Q2,OD,NATIVE_UPDATE,ANCHOR,-0.36853638930369925,70
ORIGA,SEARCH,20260907,1,Q2,OD,NATIVE_HOLD,NATIVE_UPDATE,-4.094952390418229,70
ORIGA,SEARCH,20260907,1,Q2,OD,NATIVE_HOLD,ANCHOR,-4.463488779721928,70
ORIGA,SEARCH,20260907,1,Q2,OD,SOURCE_UPDATE,NATIVE_UPDATE,-3.526871583016799,70
ORIGA,SEARCH,20260907,1,Q2,OD,SOURCE_UPDATE,ANCHOR,-3.8954079723204984,70
ORIGA,SEARCH,20260907,1,Q2,OD,SOURCE_HOLD,NATIVE_UPDATE,-14.405731549239974,70
ORIGA,SEARCH,20260907,1,Q2,OD,SOURCE_HOLD,ANCHOR,-14.774267938543673,70
ORIGA,SEARCH,20260907,1,Q2,OD,SAME64_UPDATE,NATIVE_UPDATE,-1.571171052893149,70
ORIGA,SEARCH,20260907,1,Q2,OD,SAME64_UPDATE,ANCHOR,-1.9397074421968483,70
ORIGA,SEARCH,20260907,1,Q2,OD,SAME64_HOLD,NATIVE_UPDATE,-8.034964787548219,70
ORIGA,SEARCH,20260907,1,Q2,OD,SAME64_HOLD,ANCHOR,-8.403501176851918,70
ORIGA,SEARCH,20260907,1,Q2,OD,CROSS64_UPDATE,NATIVE_UPDATE,-3.887738681698096,70
ORIGA,SEARCH,20260907,1,Q2,OD,CROSS64_UPDATE,ANCHOR,-4.256275071001795,70
ORIGA,SEARCH,20260907,1,Q2,OD,CROSS64_HOLD,NATIVE_UPDATE,-14.852216664411188,70
ORIGA,SEARCH,20260907,1,Q2,OD,CROSS64_HOLD,ANCHOR,-15.220753053714887,70
ORIGA,SEARCH,20260907,1,Q2,OD,HISTORY_UPDATE_INTERACTION,ALGEBRA,-4.500684248058022,70
ORIGA,SEARCH,20260907,1,Q2,OC,CROSS64_HOLD,SOURCE_HOLD,-1.4201039921460819,70
ORIGA,SEARCH,20260907,1,Q2,OC,NATIVE_UPDATE,ANCHOR,-0.9525971184513509,70
ORIGA,SEARCH,20260907,1,Q2,OC,NATIVE_HOLD,NATIVE_UPDATE,-5.679877740058458,70
ORIGA,SEARCH,20260907,1,Q2,OC,NATIVE_HOLD,ANCHOR,-6.632474858509809,70
ORIGA,SEARCH,20260907,1,Q2,OC,SOURCE_UPDATE,NATIVE_UPDATE,-2.802719441084008,70
ORIGA,SEARCH,20260907,1,Q2,OC,SOURCE_UPDATE,ANCHOR,-3.755316559535359,70
ORIGA,SEARCH,20260907,1,Q2,OC,SOURCE_HOLD,NATIVE_UPDATE,-14.597073321647102,70
ORIGA,SEARCH,20260907,1,Q2,OC,SOURCE_HOLD,ANCHOR,-15.549670440098453,70
ORIGA,SEARCH,20260907,1,Q2,OC,SAME64_UPDATE,NATIVE_UPDATE,-0.07817298204143697,70
ORIGA,SEARCH,20260907,1,Q2,OC,SAME64_UPDATE,ANCHOR,-1.0307701004927878,70
ORIGA,SEARCH,20260907,1,Q2,OC,SAME64_HOLD,NATIVE_UPDATE,-7.520813107903031,70
ORIGA,SEARCH,20260907,1,Q2,OC,SAME64_HOLD,ANCHOR,-8.473410226354382,70
ORIGA,SEARCH,20260907,1,Q2,OC,CROSS64_UPDATE,NATIVE_UPDATE,-3.4102079706680968,70
ORIGA,SEARCH,20260907,1,Q2,OC,CROSS64_UPDATE,ANCHOR,-4.362805089119448,70
ORIGA,SEARCH,20260907,1,Q2,OC,CROSS64_HOLD,NATIVE_UPDATE,-16.017177313793184,70
ORIGA,SEARCH,20260907,1,Q2,OC,CROSS64_HOLD,ANCHOR,-16.969774432244535,70
ORIGA,SEARCH,20260907,1,Q2,OC,HISTORY_UPDATE_INTERACTION,ALGEBRA,-5.164329217263493,70
ORIGA,SEALED_REVIEW,20260907,1,Q2,OD,CROSS64_HOLD,SOURCE_HOLD,-0.3027563421063917,62
ORIGA,SEALED_REVIEW,20260907,1,Q2,OD,NATIVE_UPDATE,ANCHOR,-0.1742279379884195,62
ORIGA,SEALED_REVIEW,20260907,1,Q2,OD,NATIVE_HOLD,NATIVE_UPDATE,-3.654918983382899,62
ORIGA,SEALED_REVIEW,20260907,1,Q2,OD,NATIVE_HOLD,ANCHOR,-3.8291469213713185,62
ORIGA,SEALED_REVIEW,20260907,1,Q2,OD,SOURCE_UPDATE,NATIVE_UPDATE,-2.528562221764119,62
ORIGA,SEALED_REVIEW,20260907,1,Q2,OD,SOURCE_UPDATE,ANCHOR,-2.7027901597525386,62
ORIGA,SEALED_REVIEW,20260907,1,Q2,OD,SOURCE_HOLD,NATIVE_UPDATE,-14.515284291348749,62
ORIGA,SEALED_REVIEW,20260907,1,Q2,OD,SOURCE_HOLD,ANCHOR,-14.689512229337168,62
ORIGA,SEALED_REVIEW,20260907,1,Q2,OD,SAME64_UPDATE,NATIVE_UPDATE,-0.7418072818778683,62
ORIGA,SEALED_REVIEW,20260907,1,Q2,OD,SAME64_UPDATE,ANCHOR,-0.9160352198662878,62
ORIGA,SEALED_REVIEW,20260907,1,Q2,OD,SAME64_HOLD,NATIVE_UPDATE,-8.17687227864758,62
ORIGA,SEALED_REVIEW,20260907,1,Q2,OD,SAME64_HOLD,ANCHOR,-8.351100216635999,62
ORIGA,SEALED_REVIEW,20260907,1,Q2,OD,CROSS64_UPDATE,NATIVE_UPDATE,-2.736487558170438,62
ORIGA,SEALED_REVIEW,20260907,1,Q2,OD,CROSS64_UPDATE,ANCHOR,-2.9107154961588577,62
ORIGA,SEALED_REVIEW,20260907,1,Q2,OD,CROSS64_HOLD,NATIVE_UPDATE,-14.81804063345514,62
ORIGA,SEALED_REVIEW,20260907,1,Q2,OD,CROSS64_HOLD,ANCHOR,-14.99226857144356,62
ORIGA,SEALED_REVIEW,20260907,1,Q2,OD,HISTORY_UPDATE_INTERACTION,ALGEBRA,-4.646488078514992,62
ORIGA,SEALED_REVIEW,20260907,1,Q2,OC,CROSS64_HOLD,SOURCE_HOLD,-0.0011382975026776876,62
ORIGA,SEALED_REVIEW,20260907,1,Q2,OC,NATIVE_UPDATE,ANCHOR,-0.547015747182229,62
ORIGA,SEALED_REVIEW,20260907,1,Q2,OC,NATIVE_HOLD,NATIVE_UPDATE,-5.602459582771317,62
ORIGA,SEALED_REVIEW,20260907,1,Q2,OC,NATIVE_HOLD,ANCHOR,-6.149475329953546,62
ORIGA,SEALED_REVIEW,20260907,1,Q2,OC,SOURCE_UPDATE,NATIVE_UPDATE,-2.3056483036587707,62
ORIGA,SEALED_REVIEW,20260907,1,Q2,OC,SOURCE_UPDATE,ANCHOR,-2.8526640508409997,62
ORIGA,SEALED_REVIEW,20260907,1,Q2,OC,SOURCE_HOLD,NATIVE_UPDATE,-15.710527168482038,62
ORIGA,SEALED_REVIEW,20260907,1,Q2,OC,SOURCE_HOLD,ANCHOR,-16.257542915664267,62
ORIGA,SEALED_REVIEW,20260907,1,Q2,OC,SAME64_HOLD,NATIVE_UPDATE,-7.4631810828141525,62
ORIGA,SEALED_REVIEW,20260907,1,Q2,OC,SAME64_HOLD,ANCHOR,-8.010196829996381,62
ORIGA,SEALED_REVIEW,20260907,1,Q2,OC,CROSS64_UPDATE,NATIVE_UPDATE,-2.4122308016070804,62
ORIGA,SEALED_REVIEW,20260907,1,Q2,OC,CROSS64_UPDATE,ANCHOR,-2.9592465487893094,62
ORIGA,SEALED_REVIEW,20260907,1,Q2,OC,CROSS64_HOLD,NATIVE_UPDATE,-15.711665465984716,62
ORIGA,SEALED_REVIEW,20260907,1,Q2,OC,CROSS64_HOLD,ANCHOR,-16.258681213166945,62
ORIGA,SEALED_REVIEW,20260907,1,Q2,OC,HISTORY_UPDATE_INTERACTION,ALGEBRA,-5.12367266658822,62
ORIGA,SEALED_REVIEW,20260907,1,Q3,OD,CROSS64_HOLD,SOURCE_HOLD,-0.2970404703700069,45
ORIGA,SEALED_REVIEW,20260907,1,Q3,OD,NATIVE_UPDATE,ANCHOR,-0.2168687404286942,45
ORIGA,SEALED_REVIEW,20260907,1,Q3,OD,NATIVE_HOLD,NATIVE_UPDATE,-4.583302830056994,45
ORIGA,SEALED_REVIEW,20260907,1,Q3,OD,NATIVE_HOLD,ANCHOR,-4.800171570485688,45
ORIGA,SEALED_REVIEW,20260907,1,Q3,OD,SOURCE_UPDATE,NATIVE_UPDATE,-2.663148099146369,45
ORIGA,SEALED_REVIEW,20260907,1,Q3,OD,SOURCE_UPDATE,ANCHOR,-2.880016839575063,45
ORIGA,SEALED_REVIEW,20260907,1,Q3,OD,SOURCE_HOLD,NATIVE_UPDATE,-14.942385217620938,45
ORIGA,SEALED_REVIEW,20260907,1,Q3,OD,SOURCE_HOLD,ANCHOR,-15.159253958049632,45
ORIGA,SEALED_REVIEW,20260907,1,Q3,OD,SAME64_UPDATE,NATIVE_UPDATE,-1.6278184417578814,45
ORIGA,SEALED_REVIEW,20260907,1,Q3,OD,SAME64_UPDATE,ANCHOR,-1.8446871821865756,45
ORIGA,SEALED_REVIEW,20260907,1,Q3,OD,SAME64_HOLD,NATIVE_UPDATE,-9.010012754766635,45
ORIGA,SEALED_REVIEW,20260907,1,Q3,OD,SAME64_HOLD,ANCHOR,-9.226881495195329,45
ORIGA,SEALED_REVIEW,20260907,1,Q3,OD,CROSS64_UPDATE,NATIVE_UPDATE,-2.822822165061609,45
ORIGA,SEALED_REVIEW,20260907,1,Q3,OD,CROSS64_UPDATE,ANCHOR,-3.0396909054903034,45
ORIGA,SEALED_REVIEW,20260907,1,Q3,OD,CROSS64_HOLD,NATIVE_UPDATE,-15.239425687990945,45
ORIGA,SEALED_REVIEW,20260907,1,Q3,OD,CROSS64_HOLD,ANCHOR,-15.456294428419639,45
ORIGA,SEALED_REVIEW,20260907,1,Q3,OD,HISTORY_UPDATE_INTERACTION,ALGEBRA,-5.034409209920582,45
ORIGA,SEALED_REVIEW,20260907,1,Q3,OC,CROSS64_HOLD,SOURCE_HOLD,-0.7440466999107969,45
ORIGA,SEALED_REVIEW,20260907,1,Q3,OC,NATIVE_UPDATE,ANCHOR,-0.6276386634685309,45
ORIGA,SEALED_REVIEW,20260907,1,Q3,OC,NATIVE_HOLD,NATIVE_UPDATE,-5.828168517536525,45
ORIGA,SEALED_REVIEW,20260907,1,Q3,OC,NATIVE_HOLD,ANCHOR,-6.455807181005056,45
ORIGA,SEALED_REVIEW,20260907,1,Q3,OC,SOURCE_UPDATE,NATIVE_UPDATE,-0.8198450018231398,45
ORIGA,SEALED_REVIEW,20260907,1,Q3,OC,SOURCE_UPDATE,ANCHOR,-1.4474836652916707,45
ORIGA,SEALED_REVIEW,20260907,1,Q3,OC,SOURCE_HOLD,NATIVE_UPDATE,-15.573097851980762,45
ORIGA,SEALED_REVIEW,20260907,1,Q3,OC,SOURCE_HOLD,ANCHOR,-16.200736515449293,45
ORIGA,SEALED_REVIEW,20260907,1,Q3,OC,SAME64_HOLD,NATIVE_UPDATE,-8.619458568457887,45
ORIGA,SEALED_REVIEW,20260907,1,Q3,OC,SAME64_HOLD,ANCHOR,-9.247097231926418,45
ORIGA,SEALED_REVIEW,20260907,1,Q3,OC,CROSS64_UPDATE,NATIVE_UPDATE,-1.3045503828472107,45
ORIGA,SEALED_REVIEW,20260907,1,Q3,OC,CROSS64_UPDATE,ANCHOR,-1.9321890463157416,45
ORIGA,SEALED_REVIEW,20260907,1,Q3,OC,CROSS64_HOLD,NATIVE_UPDATE,-16.31714455189156,45
ORIGA,SEALED_REVIEW,20260907,1,Q3,OC,CROSS64_HOLD,ANCHOR,-16.94478321536009,45
ORIGA,SEALED_REVIEW,20260907,1,Q3,OC,HISTORY_UPDATE_INTERACTION,ALGEBRA,-5.708794928355914,45
ORIGA,SEARCH,20260907,1,Q3,OD,CROSS64_HOLD,SOURCE_HOLD,-0.7069654930183304,88
ORIGA,SEARCH,20260907,1,Q3,OD,NATIVE_UPDATE,ANCHOR,-0.16138713156705364,88
ORIGA,SEARCH,20260907,1,Q3,OD,NATIVE_HOLD,NATIVE_UPDATE,-5.640853698811156,88
ORIGA,SEARCH,20260907,1,Q3,OD,NATIVE_HOLD,ANCHOR,-5.80224083037821,88
ORIGA,SEARCH,20260907,1,Q3,OD,SOURCE_UPDATE,NATIVE_UPDATE,-2.189365627774265,88
ORIGA,SEARCH,20260907,1,Q3,OD,SOURCE_UPDATE,ANCHOR,-2.3507527593413187,88
ORIGA,SEARCH,20260907,1,Q3,OD,SOURCE_HOLD,NATIVE_UPDATE,-15.950608914131479,88
ORIGA,SEARCH,20260907,1,Q3,OD,SOURCE_HOLD,ANCHOR,-16.111996045698532,88
ORIGA,SEARCH,20260907,1,Q3,OD,SAME64_UPDATE,NATIVE_UPDATE,-0.9855712163450363,88
ORIGA,SEARCH,20260907,1,Q3,OD,SAME64_UPDATE,ANCHOR,-1.14695834791209,88
ORIGA,SEARCH,20260907,1,Q3,OD,SAME64_HOLD,NATIVE_UPDATE,-9.996156680158109,88
ORIGA,SEARCH,20260907,1,Q3,OD,SAME64_HOLD,ANCHOR,-10.157543811725162,88
ORIGA,SEARCH,20260907,1,Q3,OD,CROSS64_UPDATE,NATIVE_UPDATE,-2.4477699864897318,88
ORIGA,SEARCH,20260907,1,Q3,OD,CROSS64_UPDATE,ANCHOR,-2.6091571180567854,88
ORIGA,SEARCH,20260907,1,Q3,OD,CROSS64_HOLD,NATIVE_UPDATE,-16.65757440714981,88
ORIGA,SEARCH,20260907,1,Q3,OD,CROSS64_HOLD,ANCHOR,-16.818961538716863,88
ORIGA,SEARCH,20260907,1,Q3,OD,HISTORY_UPDATE_INTERACTION,ALGEBRA,-5.199218956847005,88
ORIGA,SEARCH,20260907,1,Q3,OC,CROSS64_HOLD,SOURCE_HOLD,-0.600239513528166,88
ORIGA,SEARCH,20260907,1,Q3,OC,NATIVE_UPDATE,ANCHOR,-0.753485738422782,88
ORIGA,SEARCH,20260907,1,Q3,OC,NATIVE_HOLD,NATIVE_UPDATE,-8.349372983341475,88
ORIGA,SEARCH,20260907,1,Q3,OC,NATIVE_HOLD,ANCHOR,-9.102858721764257,88
ORIGA,SEARCH,20260907,1,Q3,OC,SOURCE_UPDATE,NATIVE_UPDATE,-2.1796512009949396,88
ORIGA,SEARCH,20260907,1,Q3,OC,SOURCE_UPDATE,ANCHOR,-2.9331369394177216,88
ORIGA,SEARCH,20260907,1,Q3,OC,SOURCE_HOLD,NATIVE_UPDATE,-19.463498408821728,88
ORIGA,SEARCH,20260907,1,Q3,OC,SOURCE_HOLD,ANCHOR,-20.21698414724451,88
ORIGA,SEARCH,20260907,1,Q3,OC,SAME64_UPDATE,ANCHOR,-0.737996580251334,88
ORIGA,SEARCH,20260907,1,Q3,OC,SAME64_HOLD,NATIVE_UPDATE,-12.196058190954346,88
ORIGA,SEARCH,20260907,1,Q3,OC,SAME64_HOLD,ANCHOR,-12.949543929377128,88
ORIGA,SEARCH,20260907,1,Q3,OC,CROSS64_UPDATE,NATIVE_UPDATE,-2.6842589095912217,88
ORIGA,SEARCH,20260907,1,Q3,OC,CROSS64_UPDATE,ANCHOR,-3.4377446480140037,88
ORIGA,SEARCH,20260907,1,Q3,OC,CROSS64_HOLD,NATIVE_UPDATE,-20.063737922349894,88
ORIGA,SEARCH,20260907,1,Q3,OC,CROSS64_HOLD,ANCHOR,-20.817223660772676,88
ORIGA,SEARCH,20260907,1,Q3,OC,HISTORY_UPDATE_INTERACTION,ALGEBRA,-5.167931663632878,88
ORIGA,SEARCH,20260907,1,Q4,OD,SAME64_UPDATE,CROSS64_UPDATE,-0.1988434438322031,77
ORIGA,SEARCH,20260907,1,Q4,OD,CROSS64_HOLD,SOURCE_HOLD,-0.5857196321535127,77
ORIGA,SEARCH,20260907,1,Q4,OD,NATIVE_UPDATE,ANCHOR,-0.02183877633655129,77
ORIGA,SEARCH,20260907,1,Q4,OD,NATIVE_HOLD,NATIVE_UPDATE,-1.811014859134687,77
ORIGA,SEARCH,20260907,1,Q4,OD,NATIVE_HOLD,ANCHOR,-1.8328536354712384,77
ORIGA,SEARCH,20260907,1,Q4,OD,SOURCE_UPDATE,NATIVE_UPDATE,-2.947933720932852,77
ORIGA,SEARCH,20260907,1,Q4,OD,SOURCE_UPDATE,ANCHOR,-2.9697724972694033,77
ORIGA,SEARCH,20260907,1,Q4,OD,SOURCE_HOLD,NATIVE_UPDATE,-8.3162977383042,77
ORIGA,SEARCH,20260907,1,Q4,OD,SOURCE_HOLD,ANCHOR,-8.338136514640752,77
ORIGA,SEARCH,20260907,1,Q4,OD,SAME64_UPDATE,NATIVE_UPDATE,-2.806547735435771,77
ORIGA,SEARCH,20260907,1,Q4,OD,SAME64_UPDATE,ANCHOR,-2.8283865117723224,77
ORIGA,SEARCH,20260907,1,Q4,OD,SAME64_HOLD,NATIVE_UPDATE,-6.6418991393668705,77
ORIGA,SEARCH,20260907,1,Q4,OD,SAME64_HOLD,ANCHOR,-6.663737915703422,77
ORIGA,SEARCH,20260907,1,Q4,OD,CROSS64_UPDATE,NATIVE_UPDATE,-2.607704291603568,77
ORIGA,SEARCH,20260907,1,Q4,OD,CROSS64_UPDATE,ANCHOR,-2.6295430679401193,77
ORIGA,SEARCH,20260907,1,Q4,OD,CROSS64_HOLD,NATIVE_UPDATE,-8.902017370457713,77
ORIGA,SEARCH,20260907,1,Q4,OD,CROSS64_HOLD,ANCHOR,-8.923856146794265,77
ORIGA,SEARCH,20260907,1,Q4,OD,HISTORY_UPDATE_INTERACTION,ALGEBRA,-2.458961674923046,77
ORIGA,SEARCH,20260907,1,Q4,OC,SAME64_UPDATE,CROSS64_UPDATE,-0.09366391832048748,77
ORIGA,SEARCH,20260907,1,Q4,OC,CROSS64_HOLD,SOURCE_HOLD,-0.40393283088269527,77
ORIGA,SEARCH,20260907,1,Q4,OC,NATIVE_UPDATE,ANCHOR,-0.6907110105774024,77
ORIGA,SEARCH,20260907,1,Q4,OC,NATIVE_HOLD,NATIVE_UPDATE,-2.304717825909165,77
ORIGA,SEARCH,20260907,1,Q4,OC,NATIVE_HOLD,ANCHOR,-2.9954288364865675,77
ORIGA,SEARCH,20260907,1,Q4,OC,SOURCE_UPDATE,NATIVE_UPDATE,-1.73568779928614,77
ORIGA,SEARCH,20260907,1,Q4,OC,SOURCE_UPDATE,ANCHOR,-2.4263988098635423,77
ORIGA,SEARCH,20260907,1,Q4,OC,SOURCE_HOLD,NATIVE_UPDATE,-6.10963612438043,77
ORIGA,SEARCH,20260907,1,Q4,OC,SOURCE_HOLD,ANCHOR,-6.800347134957832,77
ORIGA,SEARCH,20260907,1,Q4,OC,SAME64_UPDATE,NATIVE_UPDATE,-1.5094585189501544,77
ORIGA,SEARCH,20260907,1,Q4,OC,SAME64_UPDATE,ANCHOR,-2.2001695295275567,77
ORIGA,SEARCH,20260907,1,Q4,OC,SAME64_HOLD,NATIVE_UPDATE,-4.329552301934157,77
ORIGA,SEARCH,20260907,1,Q4,OC,SAME64_HOLD,ANCHOR,-5.02026331251156,77
ORIGA,SEARCH,20260907,1,Q4,OC,CROSS64_UPDATE,NATIVE_UPDATE,-1.4157946006296669,77
ORIGA,SEARCH,20260907,1,Q4,OC,CROSS64_UPDATE,ANCHOR,-2.1065056112070693,77
ORIGA,SEARCH,20260907,1,Q4,OC,CROSS64_HOLD,NATIVE_UPDATE,-6.513568955263125,77
ORIGA,SEARCH,20260907,1,Q4,OC,CROSS64_HOLD,ANCHOR,-7.204279965840527,77
ORIGA,SEARCH,20260907,1,Q4,OC,HISTORY_UPDATE_INTERACTION,ALGEBRA,-2.277680571649455,77
ORIGA,SEALED_REVIEW,20260907,1,Q4,OD,SAME64_UPDATE,CROSS64_UPDATE,-0.20750483836873457,57
ORIGA,SEALED_REVIEW,20260907,1,Q4,OD,CROSS64_HOLD,SOURCE_HOLD,-0.3584969849414392,57
ORIGA,SEALED_REVIEW,20260907,1,Q4,OD,NATIVE_HOLD,NATIVE_UPDATE,-1.3027633717509701,57
ORIGA,SEALED_REVIEW,20260907,1,Q4,OD,NATIVE_HOLD,ANCHOR,-1.2567489738011233,57
ORIGA,SEALED_REVIEW,20260907,1,Q4,OD,SOURCE_UPDATE,NATIVE_UPDATE,-2.3752425020666976,57
ORIGA,SEALED_REVIEW,20260907,1,Q4,OD,SOURCE_UPDATE,ANCHOR,-2.3292281041168508,57
ORIGA,SEALED_REVIEW,20260907,1,Q4,OD,SOURCE_HOLD,NATIVE_UPDATE,-7.3133124581354565,57
ORIGA,SEALED_REVIEW,20260907,1,Q4,OD,SOURCE_HOLD,ANCHOR,-7.26729806018561,57
ORIGA,SEALED_REVIEW,20260907,1,Q4,OD,SAME64_UPDATE,NATIVE_UPDATE,-2.2972405947163566,57
ORIGA,SEALED_REVIEW,20260907,1,Q4,OD,SAME64_UPDATE,ANCHOR,-2.2512261967665097,57
ORIGA,SEALED_REVIEW,20260907,1,Q4,OD,SAME64_HOLD,NATIVE_UPDATE,-5.629504644703658,57
ORIGA,SEALED_REVIEW,20260907,1,Q4,OD,SAME64_HOLD,ANCHOR,-5.5834902467538114,57
ORIGA,SEALED_REVIEW,20260907,1,Q4,OD,CROSS64_UPDATE,NATIVE_UPDATE,-2.089735756347622,57
ORIGA,SEALED_REVIEW,20260907,1,Q4,OD,CROSS64_UPDATE,ANCHOR,-2.043721358397775,57
ORIGA,SEALED_REVIEW,20260907,1,Q4,OD,CROSS64_HOLD,NATIVE_UPDATE,-7.671809443076896,57
ORIGA,SEALED_REVIEW,20260907,1,Q4,OD,CROSS64_HOLD,ANCHOR,-7.625795045127049,57
ORIGA,SEALED_REVIEW,20260907,1,Q4,OD,HISTORY_UPDATE_INTERACTION,ALGEBRA,-2.249809636741972,57
ORIGA,SEALED_REVIEW,20260907,1,Q4,OC,SAME64_UPDATE,CROSS64_UPDATE,-0.0970006434038595,57
ORIGA,SEALED_REVIEW,20260907,1,Q4,OC,CROSS64_HOLD,SOURCE_HOLD,-0.5340778187597408,57
ORIGA,SEALED_REVIEW,20260907,1,Q4,OC,NATIVE_UPDATE,ANCHOR,-0.4934111052916563,57
ORIGA,SEALED_REVIEW,20260907,1,Q4,OC,NATIVE_HOLD,NATIVE_UPDATE,-1.682480635135292,57
ORIGA,SEALED_REVIEW,20260907,1,Q4,OC,NATIVE_HOLD,ANCHOR,-2.175891740426948,57
ORIGA,SEALED_REVIEW,20260907,1,Q4,OC,SOURCE_UPDATE,NATIVE_UPDATE,-0.5087798519236202,57
ORIGA,SEALED_REVIEW,20260907,1,Q4,OC,SOURCE_UPDATE,ANCHOR,-1.0021909572152765,57
ORIGA,SEALED_REVIEW,20260907,1,Q4,OC,SOURCE_HOLD,NATIVE_UPDATE,-4.15141606980653,57
ORIGA,SEALED_REVIEW,20260907,1,Q4,OC,SOURCE_HOLD,ANCHOR,-4.644827175098186,57
ORIGA,SEALED_REVIEW,20260907,1,Q4,OC,SAME64_UPDATE,NATIVE_UPDATE,-0.3944751634631558,57
ORIGA,SEALED_REVIEW,20260907,1,Q4,OC,SAME64_UPDATE,ANCHOR,-0.8878862687548121,57
ORIGA,SEALED_REVIEW,20260907,1,Q4,OC,SAME64_HOLD,NATIVE_UPDATE,-2.2733151273979075,57
ORIGA,SEALED_REVIEW,20260907,1,Q4,OC,SAME64_HOLD,ANCHOR,-2.766726232689564,57
ORIGA,SEALED_REVIEW,20260907,1,Q4,OC,CROSS64_UPDATE,NATIVE_UPDATE,-0.2974745200592963,57
ORIGA,SEALED_REVIEW,20260907,1,Q4,OC,CROSS64_UPDATE,ANCHOR,-0.7908856253509526,57
ORIGA,SEALED_REVIEW,20260907,1,Q4,OC,CROSS64_HOLD,NATIVE_UPDATE,-4.6854938885662705,57
ORIGA,SEALED_REVIEW,20260907,1,Q4,OC,CROSS64_HOLD,ANCHOR,-5.178904993857927,57
ORIGA,SEALED_REVIEW,20260907,1,Q4,OC,HISTORY_UPDATE_INTERACTION,ALGEBRA,-2.5091794045722224,57
REFUGE_Valid,SEARCH,20260907,1,ALL,OD,NATIVE_HOLD,SAME64_HOLD,-0.5636646150402953,406
REFUGE_Valid,SEARCH,20260907,1,ALL,OD,CROSS64_HOLD,SOURCE_HOLD,-0.7374800266430697,406
REFUGE_Valid,SEARCH,20260907,1,ALL,OD,NATIVE_UPDATE,NATIVE_HOLD,-3.4515032747770533,406
REFUGE_Valid,SEARCH,20260907,1,ALL,OD,SOURCE_UPDATE,SOURCE_HOLD,-0.3407003350349953,406
REFUGE_Valid,SEARCH,20260907,1,ALL,OD,SAME64_UPDATE,SAME64_HOLD,-2.267568899472039,406
REFUGE_Valid,SEARCH,20260907,1,ALL,OD,CROSS64_UPDATE,CROSS64_HOLD,-0.770526393416219,406
REFUGE_Valid,SEARCH,20260907,1,ALL,OD,HISTORY_UPDATE_INTERACTION,ALGEBRA,-1.49704250605582,406
REFUGE_Valid,SEARCH,20260907,1,ALL,OC,NATIVE_HOLD,SAME64_HOLD,-0.29009334715580337,406
REFUGE_Valid,SEARCH,20260907,1,ALL,OC,NATIVE_HOLD,SOURCE_HOLD,-0.3687322871576839,406
REFUGE_Valid,SEARCH,20260907,1,ALL,OC,SAME64_HOLD,SOURCE_HOLD,-0.07863894000188054,406
REFUGE_Valid,SEARCH,20260907,1,ALL,OC,CROSS64_HOLD,SOURCE_HOLD,-0.5447818475382178,406
REFUGE_Valid,SEARCH,20260907,1,ALL,OC,NATIVE_UPDATE,NATIVE_HOLD,-1.8347119860370782,406
REFUGE_Valid,SEARCH,20260907,1,ALL,OC,SOURCE_UPDATE,SOURCE_HOLD,-1.0019382278993874,406
REFUGE_Valid,SEARCH,20260907,1,ALL,OC,SAME64_UPDATE,SAME64_HOLD,-1.201998380502701,406
REFUGE_Valid,SEARCH,20260907,1,ALL,OC,CROSS64_UPDATE,CROSS64_HOLD,-1.1128521079239277,406
REFUGE_Valid,SEARCH,20260907,1,ALL,OC,HISTORY_UPDATE_INTERACTION,ALGEBRA,-0.08914627257877328,406
REFUGE_Valid,SEARCH,20260907,1,Q1,OD,NATIVE_HOLD,SAME64_HOLD,-0.5378554167410527,97
REFUGE_Valid,SEARCH,20260907,1,Q1,OD,CROSS64_HOLD,SOURCE_HOLD,-0.8526331261641786,97
REFUGE_Valid,SEARCH,20260907,1,Q1,OD,NATIVE_UPDATE,NATIVE_HOLD,-0.7242125290353698,97
REFUGE_Valid,SEARCH,20260907,1,Q1,OD,SAME64_UPDATE,SAME64_HOLD,-0.4357965367721306,97
REFUGE_Valid,SEARCH,20260907,1,Q1,OD,SOURCE_HOLD,NATIVE_UPDATE,-0.2530517445191549,97
REFUGE_Valid,SEARCH,20260907,1,Q1,OD,CROSS64_HOLD,NATIVE_UPDATE,-1.1056848706833335,97
REFUGE_Valid,SEARCH,20260907,1,Q1,OD,CROSS64_HOLD,ANCHOR,-0.5557169502853725,97
REFUGE_Valid,SEARCH,20260907,1,Q1,OD,HISTORY_UPDATE_INTERACTION,ALGEBRA,-1.6652344480842487,97
REFUGE_Valid,SEARCH,20260907,1,Q1,OC,NATIVE_HOLD,SAME64_HOLD,-0.5370359031691692,97
REFUGE_Valid,SEARCH,20260907,1,Q1,OC,NATIVE_HOLD,SOURCE_HOLD,-0.4362218742269519,97
REFUGE_Valid,SEARCH,20260907,1,Q1,OC,CROSS64_HOLD,SOURCE_HOLD,-0.6667387643437053,97
REFUGE_Valid,SEARCH,20260907,1,Q1,OC,NATIVE_UPDATE,NATIVE_HOLD,-0.6422664204170729,97
REFUGE_Valid,SEARCH,20260907,1,Q1,OC,SOURCE_UPDATE,SOURCE_HOLD,-0.07976433696571661,97
REFUGE_Valid,SEARCH,20260907,1,Q1,OC,SAME64_UPDATE,SAME64_HOLD,-0.4400051135307379,97
REFUGE_Valid,SEARCH,20260907,1,Q1,OC,CROSS64_UPDATE,CROSS64_HOLD,-0.04466269481554974,97
REFUGE_Valid,SEARCH,20260907,1,Q1,OC,HISTORY_UPDATE_INTERACTION,ALGEBRA,-0.39534241871518816,97
REFUGE_Valid,SEARCH,20260907,1,FIRST64,OD,NATIVE_HOLD,SAME64_HOLD,-0.6679867618131823,39
REFUGE_Valid,SEARCH,20260907,1,FIRST64,OD,CROSS64_HOLD,SOURCE_HOLD,-0.9646256955794996,39
REFUGE_Valid,SEARCH,20260907,1,FIRST64,OD,SAME64_UPDATE,SAME64_HOLD,-0.10054320819905627,39
REFUGE_Valid,SEARCH,20260907,1,FIRST64,OD,NATIVE_HOLD,NATIVE_UPDATE,-0.07331492676605933,39
REFUGE_Valid,SEARCH,20260907,1,FIRST64,OD,SOURCE_UPDATE,NATIVE_UPDATE,-0.26629116785174745,39
REFUGE_Valid,SEARCH,20260907,1,FIRST64,OD,SOURCE_HOLD,NATIVE_UPDATE,-1.0019810709663517,39
REFUGE_Valid,SEARCH,20260907,1,FIRST64,OD,SOURCE_HOLD,ANCHOR,-0.6244884881882911,39
REFUGE_Valid,SEARCH,20260907,1,FIRST64,OD,CROSS64_UPDATE,NATIVE_UPDATE,-1.040787686028196,39
REFUGE_Valid,SEARCH,20260907,1,FIRST64,OD,CROSS64_UPDATE,ANCHOR,-0.6632951032501353,39
REFUGE_Valid,SEARCH,20260907,1,FIRST64,OD,CROSS64_HOLD,NATIVE_UPDATE,-1.9666067665458513,39
REFUGE_Valid,SEARCH,20260907,1,FIRST64,OD,CROSS64_HOLD,ANCHOR,-1.5891141837677907,39
REFUGE_Valid,SEARCH,20260907,1,FIRST64,OD,HISTORY_UPDATE_INTERACTION,ALGEBRA,-1.0263622887167116,39
REFUGE_Valid,SEARCH,20260907,1,FIRST64,OC,NATIVE_HOLD,SAME64_HOLD,-0.4645584789005568,39
REFUGE_Valid,SEARCH,20260907,1,FIRST64,OC,NATIVE_HOLD,SOURCE_HOLD,-0.34315404080155076,39
REFUGE_Valid,SEARCH,20260907,1,FIRST64,OC,CROSS64_HOLD,SOURCE_HOLD,-0.5832251449482584,39
REFUGE_Valid,SEARCH,20260907,1,FIRST64,OC,NATIVE_UPDATE,NATIVE_HOLD,-0.25353720837311045,39
REFUGE_Valid,SEARCH,20260907,1,FIRST64,OC,SAME64_UPDATE,SAME64_HOLD,-0.1807110187106531,39
REFUGE_Valid,SEARCH,20260907,1,FIRST64,OC,HISTORY_UPDATE_INTERACTION,ALGEBRA,-0.19349377919584754,39
REFUGE_Valid,SEALED_REVIEW,20260907,1,ALL,OD,NATIVE_HOLD,SAME64_HOLD,-0.690816736677121,269
REFUGE_Valid,SEALED_REVIEW,20260907,1,ALL,OD,CROSS64_HOLD,SOURCE_HOLD,-0.9001655869055298,269
REFUGE_Valid,SEALED_REVIEW,20260907,1,ALL,OD,NATIVE_UPDATE,NATIVE_HOLD,-3.2701257260499688,269
REFUGE_Valid,SEALED_REVIEW,20260907,1,ALL,OD,SOURCE_UPDATE,SOURCE_HOLD,-0.4947712640947941,269
REFUGE_Valid,SEALED_REVIEW,20260907,1,ALL,OD,SAME64_UPDATE,SAME64_HOLD,-2.2957053269740157,269
REFUGE_Valid,SEALED_REVIEW,20260907,1,ALL,OD,CROSS64_UPDATE,CROSS64_HOLD,-0.7128279320592839,269
REFUGE_Valid,SEALED_REVIEW,20260907,1,ALL,OD,HISTORY_UPDATE_INTERACTION,ALGEBRA,-1.582877394914732,269
REFUGE_Valid,SEALED_REVIEW,20260907,1,ALL,OC,NATIVE_HOLD,SAME64_HOLD,-0.45075771296424705,269
REFUGE_Valid,SEALED_REVIEW,20260907,1,ALL,OC,NATIVE_HOLD,SOURCE_HOLD,-0.6638295383864374,269
REFUGE_Valid,SEALED_REVIEW,20260907,1,ALL,OC,SAME64_HOLD,SOURCE_HOLD,-0.2130718254221904,269
REFUGE_Valid,SEALED_REVIEW,20260907,1,ALL,OC,CROSS64_HOLD,SOURCE_HOLD,-0.6610063582321715,269
REFUGE_Valid,SEALED_REVIEW,20260907,1,ALL,OC,NATIVE_UPDATE,NATIVE_HOLD,-1.6398717384562218,269
REFUGE_Valid,SEALED_REVIEW,20260907,1,ALL,OC,SOURCE_UPDATE,SOURCE_HOLD,-1.0764401513644657,269
REFUGE_Valid,SEALED_REVIEW,20260907,1,ALL,OC,SAME64_UPDATE,SAME64_HOLD,-1.1696446169914054,269
REFUGE_Valid,SEALED_REVIEW,20260907,1,ALL,OC,CROSS64_UPDATE,CROSS64_HOLD,-1.0823295453547388,269
REFUGE_Valid,SEALED_REVIEW,20260907,1,ALL,OC,HISTORY_UPDATE_INTERACTION,ALGEBRA,-0.08731507163666663,269
REFUGE_Valid,SEALED_REVIEW,20260907,1,Q1,OD,NATIVE_HOLD,SAME64_HOLD,-0.725333371156907,69
REFUGE_Valid,SEALED_REVIEW,20260907,1,Q1,OD,CROSS64_HOLD,SOURCE_HOLD,-0.9106368605001478,69
REFUGE_Valid,SEALED_REVIEW,20260907,1,Q1,OD,NATIVE_UPDATE,NATIVE_HOLD,-1.1143449992204637,69
REFUGE_Valid,SEALED_REVIEW,20260907,1,Q1,OD,SAME64_UPDATE,SAME64_HOLD,-0.8367103972977787,69
REFUGE_Valid,SEALED_REVIEW,20260907,1,Q1,OD,HISTORY_UPDATE_INTERACTION,ALGEBRA,-1.3424199267095815,69
REFUGE_Valid,SEALED_REVIEW,20260907,1,Q1,OC,NATIVE_HOLD,SAME64_HOLD,-0.4732635145456783,69
REFUGE_Valid,SEALED_REVIEW,20260907,1,Q1,OC,NATIVE_HOLD,SOURCE_HOLD,-0.5423217031323162,69
REFUGE_Valid,SEALED_REVIEW,20260907,1,Q1,OC,SAME64_HOLD,SOURCE_HOLD,-0.06905818858663793,69
REFUGE_Valid,SEALED_REVIEW,20260907,1,Q1,OC,CROSS64_HOLD,SOURCE_HOLD,-0.7207695030320451,69
REFUGE_Valid,SEALED_REVIEW,20260907,1,Q1,OC,NATIVE_UPDATE,NATIVE_HOLD,-0.5496065627372957,69
REFUGE_Valid,SEALED_REVIEW,20260907,1,Q1,OC,SOURCE_UPDATE,SOURCE_HOLD,-0.10229522855463813,69
REFUGE_Valid,SEALED_REVIEW,20260907,1,Q1,OC,SAME64_UPDATE,SAME64_HOLD,-0.4891389156838528,69
REFUGE_Valid,SEALED_REVIEW,20260907,1,Q1,OC,HISTORY_UPDATE_INTERACTION,ALGEBRA,-0.5294734429207892,69
REFUGE_Valid,SEALED_REVIEW,20260907,1,FIRST64,OD,NATIVE_HOLD,SAME64_HOLD,-0.9623970365146164,20
REFUGE_Valid,SEALED_REVIEW,20260907,1,FIRST64,OD,NATIVE_HOLD,SOURCE_HOLD,-0.11563721163034302,20
REFUGE_Valid,SEALED_REVIEW,20260907,1,FIRST64,OD,CROSS64_HOLD,SOURCE_HOLD,-1.0867373280733261,20
REFUGE_Valid,SEALED_REVIEW,20260907,1,FIRST64,OD,NATIVE_UPDATE,NATIVE_HOLD,-0.3835494986650474,20
REFUGE_Valid,SEALED_REVIEW,20260907,1,FIRST64,OD,SAME64_UPDATE,SAME64_HOLD,-0.40877976880985045,20
REFUGE_Valid,SEALED_REVIEW,20260907,1,FIRST64,OD,CROSS64_UPDATE,NATIVE_UPDATE,-0.016322682966873003,20
REFUGE_Valid,SEALED_REVIEW,20260907,1,FIRST64,OD,CROSS64_HOLD,NATIVE_UPDATE,-0.5875506177779357,20
REFUGE_Valid,SEALED_REVIEW,20260907,1,FIRST64,OD,CROSS64_HOLD,ANCHOR,-0.2719706951814942,20
REFUGE_Valid,SEALED_REVIEW,20260907,1,FIRST64,OD,HISTORY_UPDATE_INTERACTION,ALGEBRA,-0.9800077036209132,20
REFUGE_Valid,SEALED_REVIEW,20260907,1,FIRST64,OC,SAME64_HOLD,CROSS64_HOLD,-0.1845272087076495,20
REFUGE_Valid,SEALED_REVIEW,20260907,1,FIRST64,OC,SAME64_UPDATE,CROSS64_UPDATE,-0.4099856394795438,20
REFUGE_Valid,SEALED_REVIEW,20260907,1,FIRST64,OC,NATIVE_HOLD,SAME64_HOLD,-0.17844172094214628,20
REFUGE_Valid,SEALED_REVIEW,20260907,1,FIRST64,OC,NATIVE_HOLD,SOURCE_HOLD,-0.9172909605697583,20
REFUGE_Valid,SEALED_REVIEW,20260907,1,FIRST64,OC,SAME64_HOLD,SOURCE_HOLD,-0.7388492396276121,20
REFUGE_Valid,SEALED_REVIEW,20260907,1,FIRST64,OC,CROSS64_HOLD,SOURCE_HOLD,-0.5543220309199626,20
REFUGE_Valid,SEALED_REVIEW,20260907,1,FIRST64,OC,NATIVE_UPDATE,NATIVE_HOLD,-0.23815904764580864,20
REFUGE_Valid,SEALED_REVIEW,20260907,1,FIRST64,OC,SOURCE_UPDATE,SOURCE_HOLD,-0.2683530253384845,20
REFUGE_Valid,SEALED_REVIEW,20260907,1,FIRST64,OC,SAME64_UPDATE,SAME64_HOLD,-0.4410319197670134,20
REFUGE_Valid,SEALED_REVIEW,20260907,1,FIRST64,OC,CROSS64_UPDATE,CROSS64_HOLD,-0.21557348899511908,20
REFUGE_Valid,SEALED_REVIEW,20260907,1,FIRST64,OC,SAME64_UPDATE,NATIVE_UPDATE,-0.024431151179058475,20
REFUGE_Valid,SEALED_REVIEW,20260907,1,FIRST64,OC,HISTORY_UPDATE_INTERACTION,ALGEBRA,-0.2254584307718943,20
REFUGE_Valid,SEALED_REVIEW,20260907,1,Q2,OD,NATIVE_HOLD,SAME64_HOLD,-0.7006766724010305,80
REFUGE_Valid,SEALED_REVIEW,20260907,1,Q2,OD,CROSS64_HOLD,SOURCE_HOLD,-0.9127725552713599,80
REFUGE_Valid,SEALED_REVIEW,20260907,1,Q2,OD,NATIVE_UPDATE,NATIVE_HOLD,-2.4278153686939135,80
REFUGE_Valid,SEALED_REVIEW,20260907,1,Q2,OD,SOURCE_UPDATE,SOURCE_HOLD,-0.1802450861048186,80
REFUGE_Valid,SEALED_REVIEW,20260907,1,Q2,OD,SAME64_UPDATE,SAME64_HOLD,-1.615486783275216,80
REFUGE_Valid,SEALED_REVIEW,20260907,1,Q2,OD,CROSS64_UPDATE,CROSS64_HOLD,-0.2055082778135926,80
REFUGE_Valid,SEALED_REVIEW,20260907,1,Q2,OD,HISTORY_UPDATE_INTERACTION,ALGEBRA,-1.4099785054616234,80
REFUGE_Valid,SEALED_REVIEW,20260907,1,Q2,OC,NATIVE_HOLD,SAME64_HOLD,-0.3798491344100796,80
REFUGE_Valid,SEALED_REVIEW,20260907,1,Q2,OC,NATIVE_HOLD,SOURCE_HOLD,-0.6470383231587107,80
REFUGE_Valid,SEALED_REVIEW,20260907,1,Q2,OC,SAME64_HOLD,SOURCE_HOLD,-0.26718918874863107,80
REFUGE_Valid,SEALED_REVIEW,20260907,1,Q2,OC,CROSS64_HOLD,SOURCE_HOLD,-0.7225287365964164,80
REFUGE_Valid,SEALED_REVIEW,20260907,1,Q2,OC,NATIVE_UPDATE,NATIVE_HOLD,-1.213438467366558,80
REFUGE_Valid,SEALED_REVIEW,20260907,1,Q2,OC,SOURCE_UPDATE,SOURCE_HOLD,-0.7553535706345968,80
REFUGE_Valid,SEALED_REVIEW,20260907,1,Q2,OC,SAME64_UPDATE,SAME64_HOLD,-0.7462000780641915,80
REFUGE_Valid,SEALED_REVIEW,20260907,1,Q2,OC,CROSS64_UPDATE,CROSS64_HOLD,-0.6259383629089257,80
REFUGE_Valid,SEALED_REVIEW,20260907,1,Q2,OC,HISTORY_UPDATE_INTERACTION,ALGEBRA,-0.12026171515526585,80
REFUGE_Valid,SEARCH,20260907,1,Q2,OD,NATIVE_HOLD,SAME64_HOLD,-0.6338230965687615,89
REFUGE_Valid,SEARCH,20260907,1,Q2,OD,CROSS64_HOLD,SOURCE_HOLD,-0.7108316959565428,89
REFUGE_Valid,SEARCH,20260907,1,Q2,OD,NATIVE_UPDATE,NATIVE_HOLD,-2.5512862426885192,89
REFUGE_Valid,SEARCH,20260907,1,Q2,OD,SAME64_UPDATE,SAME64_HOLD,-1.40991361409273,89
REFUGE_Valid,SEARCH,20260907,1,Q2,OD,CROSS64_UPDATE,CROSS64_HOLD,-0.03482757347546794,89
REFUGE_Valid,SEARCH,20260907,1,Q2,OD,HISTORY_UPDATE_INTERACTION,ALGEBRA,-1.375086040617262,89
REFUGE_Valid,SEARCH,20260907,1,Q2,OC,SAME64_HOLD,CROSS64_HOLD,-0.08900251396316605,89
REFUGE_Valid,SEARCH,20260907,1,Q2,OC,NATIVE_HOLD,SAME64_HOLD,-0.31573505730756324,89
REFUGE_Valid,SEARCH,20260907,1,Q2,OC,NATIVE_HOLD,SOURCE_HOLD,-0.8500892086950671,89
REFUGE_Valid,SEARCH,20260907,1,Q2,OC,SAME64_HOLD,SOURCE_HOLD,-0.5343541513875039,89
REFUGE_Valid,SEARCH,20260907,1,Q2,OC,CROSS64_HOLD,SOURCE_HOLD,-0.4453516374243378,89
REFUGE_Valid,SEARCH,20260907,1,Q2,OC,NATIVE_UPDATE,NATIVE_HOLD,-1.129483507813461,89
REFUGE_Valid,SEARCH,20260907,1,Q2,OC,SOURCE_UPDATE,SOURCE_HOLD,-1.1222434116108673,89
REFUGE_Valid,SEARCH,20260907,1,Q2,OC,SAME64_UPDATE,SAME64_HOLD,-0.8133967656280561,89
REFUGE_Valid,SEARCH,20260907,1,Q2,OC,CROSS64_UPDATE,CROSS64_HOLD,-1.0919233240360882,89
REFUGE_Valid,SEARCH,20260907,1,Q3,OD,NATIVE_HOLD,SAME64_HOLD,-0.4379096645547236,100
REFUGE_Valid,SEARCH,20260907,1,Q3,OD,CROSS64_HOLD,SOURCE_HOLD,-0.6538328455191191,100
REFUGE_Valid,SEARCH,20260907,1,Q3,OD,NATIVE_UPDATE,NATIVE_HOLD,-3.679017801906994,100
REFUGE_Valid,SEARCH,20260907,1,Q3,OD,SOURCE_UPDATE,SOURCE_HOLD,-0.17255190787768981,100
REFUGE_Valid,SEARCH,20260907,1,Q3,OD,SAME64_UPDATE,SAME64_HOLD,-2.383870862244706,100
REFUGE_Valid,SEARCH,20260907,1,Q3,OD,CROSS64_UPDATE,CROSS64_HOLD,-0.6045126345472909,100
REFUGE_Valid,SEARCH,20260907,1,Q3,OD,HISTORY_UPDATE_INTERACTION,ALGEBRA,-1.779358227697415,100
REFUGE_Valid,SEARCH,20260907,1,Q3,OC,NATIVE_HOLD,SAME64_HOLD,-0.1684712299999802,100
REFUGE_Valid,SEARCH,20260907,1,Q3,OC,NATIVE_HOLD,SOURCE_HOLD,-0.010830843005564361,100
REFUGE_Valid,SEARCH,20260907,1,Q3,OC,CROSS64_HOLD,SOURCE_HOLD,-0.5146720313680504,100
REFUGE_Valid,SEARCH,20260907,1,Q3,OC,NATIVE_UPDATE,NATIVE_HOLD,-1.9274997325631347,100
REFUGE_Valid,SEARCH,20260907,1,Q3,OC,SOURCE_UPDATE,SOURCE_HOLD,-0.7199113334965688,100
REFUGE_Valid,SEARCH,20260907,1,Q3,OC,SAME64_UPDATE,SAME64_HOLD,-1.1260921579671646,100
REFUGE_Valid,SEARCH,20260907,1,Q3,OC,CROSS64_UPDATE,CROSS64_HOLD,-0.8567970695325897,100
REFUGE_Valid,SEARCH,20260907,1,Q3,OC,HISTORY_UPDATE_INTERACTION,ALGEBRA,-0.26929508843457484,100
REFUGE_Valid,SEALED_REVIEW,20260907,1,Q3,OD,NATIVE_HOLD,SAME64_HOLD,-0.7424704009277718,68
REFUGE_Valid,SEALED_REVIEW,20260907,1,Q3,OD,CROSS64_HOLD,SOURCE_HOLD,-1.0235847453553504,68
REFUGE_Valid,SEALED_REVIEW,20260907,1,Q3,OD,NATIVE_UPDATE,NATIVE_HOLD,-4.425404195123576,68
REFUGE_Valid,SEALED_REVIEW,20260907,1,Q3,OD,SOURCE_UPDATE,SOURCE_HOLD,-0.7266595910635232,68
REFUGE_Valid,SEALED_REVIEW,20260907,1,Q3,OD,SAME64_UPDATE,SAME64_HOLD,-3.1429044404171833,68
REFUGE_Valid,SEALED_REVIEW,20260907,1,Q3,OD,CROSS64_UPDATE,CROSS64_HOLD,-1.0435500458546727,68
REFUGE_Valid,SEALED_REVIEW,20260907,1,Q3,OD,HISTORY_UPDATE_INTERACTION,ALGEBRA,-2.0993543945625106,68
REFUGE_Valid,SEALED_REVIEW,20260907,1,Q3,OC,SAME64_HOLD,CROSS64_HOLD,-0.04064437475025784,68
REFUGE_Valid,SEALED_REVIEW,20260907,1,Q3,OC,NATIVE_HOLD,SAME64_HOLD,-0.4020968861224645,68
REFUGE_Valid,SEALED_REVIEW,20260907,1,Q3,OC,NATIVE_HOLD,SOURCE_HOLD,-0.9531045592731857,68
REFUGE_Valid,SEALED_REVIEW,20260907,1,Q3,OC,SAME64_HOLD,SOURCE_HOLD,-0.5510076731507212,68
REFUGE_Valid,SEALED_REVIEW,20260907,1,Q3,OC,CROSS64_HOLD,SOURCE_HOLD,-0.5103632984004633,68
REFUGE_Valid,SEALED_REVIEW,20260907,1,Q3,OC,NATIVE_UPDATE,NATIVE_HOLD,-2.0215324744780574,68
REFUGE_Valid,SEALED_REVIEW,20260907,1,Q3,OC,SOURCE_UPDATE,SOURCE_HOLD,-1.8333059309211777,68
REFUGE_Valid,SEALED_REVIEW,20260907,1,Q3,OC,SAME64_UPDATE,SAME64_HOLD,-1.52028366665391,68
REFUGE_Valid,SEALED_REVIEW,20260907,1,Q3,OC,CROSS64_UPDATE,CROSS64_HOLD,-1.9021021397434197,68
REFUGE_Valid,SEARCH,20260907,1,Q4,OD,NATIVE_HOLD,SAME64_HOLD,-0.6372886352698828,120
REFUGE_Valid,SEARCH,20260907,1,Q4,OD,CROSS64_HOLD,SOURCE_HOLD,-0.7338681007259282,120
REFUGE_Valid,SEARCH,20260907,1,Q4,OD,NATIVE_UPDATE,NATIVE_HOLD,-6.134128820442314,120
REFUGE_Valid,SEARCH,20260907,1,Q4,OD,SOURCE_UPDATE,SOURCE_HOLD,-2.1214228527450416,120
REFUGE_Valid,SEARCH,20260907,1,Q4,OD,SAME64_UPDATE,SAME64_HOLD,-4.287427593666862,120
REFUGE_Valid,SEARCH,20260907,1,Q4,OD,CROSS64_UPDATE,CROSS64_HOLD,-3.0711522969185125,120
REFUGE_Valid,SEARCH,20260907,1,Q4,OD,HISTORY_UPDATE_INTERACTION,ALGEBRA,-1.2162752967483499,120
REFUGE_Valid,SEARCH,20260907,1,Q4,OC,NATIVE_HOLD,SAME64_HOLD,-0.17281561031229842,120
REFUGE_Valid,SEARCH,20260907,1,Q4,OC,NATIVE_HOLD,SOURCE_HOLD,-0.2554230242632798,120
REFUGE_Valid,SEARCH,20260907,1,Q4,OC,SAME64_HOLD,SOURCE_HOLD,-0.08260741395098137,120
REFUGE_Valid,SEARCH,20260907,1,Q4,OC,CROSS64_HOLD,SOURCE_HOLD,-0.5450355924300823,120
REFUGE_Valid,SEARCH,20260907,1,Q4,OC,NATIVE_UPDATE,NATIVE_HOLD,-3.2443268174906876,120
REFUGE_Valid,SEARCH,20260907,1,Q4,OC,SOURCE_UPDATE,SOURCE_HOLD,-1.8931581904870995,120
REFUGE_Valid,SEARCH,20260907,1,Q4,OC,SAME64_UPDATE,SAME64_HOLD,-2.1694109877833583,120
REFUGE_Valid,SEARCH,20260907,1,Q4,OC,CROSS64_UPDATE,CROSS64_HOLD,-2.2052065968961614,120
REFUGE_Valid,SEALED_REVIEW,20260907,1,Q4,OD,NATIVE_HOLD,SAME64_HOLD,-0.5622995865604992,52
REFUGE_Valid,SEALED_REVIEW,20260907,1,Q4,OD,CROSS64_HOLD,SOURCE_HOLD,-0.7054813922539012,52
REFUGE_Valid,SEALED_REVIEW,20260907,1,Q4,OD,NATIVE_UPDATE,NATIVE_HOLD,-5.915794242256112,52
REFUGE_Valid,SEALED_REVIEW,20260907,1,Q4,OD,SOURCE_UPDATE,SOURCE_HOLD,-1.9010305730321875,52
REFUGE_Valid,SEALED_REVIEW,20260907,1,Q4,OD,SAME64_UPDATE,SAME64_HOLD,-4.17029367177075,52
REFUGE_Valid,SEALED_REVIEW,20260907,1,Q4,OD,CROSS64_UPDATE,CROSS64_HOLD,-2.677742421349194,52
REFUGE_Valid,SEALED_REVIEW,20260907,1,Q4,OD,HISTORY_UPDATE_INTERACTION,ALGEBRA,-1.4925512504215561,52
REFUGE_Valid,SEALED_REVIEW,20260907,1,Q4,OC,NATIVE_HOLD,SAME64_HOLD,-0.5936177552806612,52
REFUGE_Valid,SEALED_REVIEW,20260907,1,Q4,OC,NATIVE_HOLD,SOURCE_HOLD,-0.4726110082027617,52
REFUGE_Valid,SEALED_REVIEW,20260907,1,Q4,OC,CROSS64_HOLD,SOURCE_HOLD,-0.6840502199287641,52
REFUGE_Valid,SEALED_REVIEW,20260907,1,Q4,OC,NATIVE_UPDATE,NATIVE_HOLD,-3.2435261377311377,52
REFUGE_Valid,SEALED_REVIEW,20260907,1,Q4,OC,SOURCE_UPDATE,SOURCE_HOLD,-1.8732873267954488,52
REFUGE_Valid,SEALED_REVIEW,20260907,1,Q4,OC,SAME64_UPDATE,SAME64_HOLD,-2.2655484848250182,52
REFUGE_Valid,SEALED_REVIEW,20260907,1,Q4,OC,CROSS64_UPDATE,CROSS64_HOLD,-2.202148375855913,52
REFUGE_Valid,SEALED_REVIEW,20260907,1,Q4,OC,HISTORY_UPDATE_INTERACTION,ALGEBRA,-0.06340010896910542,52
ORIGA,SEARCH,17011,0,ALL,OD,SAME64_UPDATE,CROSS64_UPDATE,-0.017035699489341027,316
ORIGA,SEARCH,17011,0,ALL,OD,NATIVE_UPDATE,ANCHOR,-0.5027177412660535,316
ORIGA,SEARCH,17011,0,ALL,OD,NATIVE_HOLD,NATIVE_UPDATE,-5.054129644840941,316
ORIGA,SEARCH,17011,0,ALL,OD,NATIVE_HOLD,ANCHOR,-5.556847386106995,316
ORIGA,SEARCH,17011,0,ALL,OD,SOURCE_UPDATE,NATIVE_UPDATE,-4.263587038528414,316
ORIGA,SEARCH,17011,0,ALL,OD,SOURCE_UPDATE,ANCHOR,-4.766304779794467,316
ORIGA,SEARCH,17011,0,ALL,OD,SOURCE_HOLD,NATIVE_UPDATE,-12.954749697653455,316
ORIGA,SEARCH,17011,0,ALL,OD,SOURCE_HOLD,ANCHOR,-13.457467438919508,316
ORIGA,SEARCH,17011,0,ALL,OD,SAME64_UPDATE,NATIVE_UPDATE,-2.9469946977255574,316
ORIGA,SEARCH,17011,0,ALL,OD,SAME64_UPDATE,ANCHOR,-3.449712438991611,316
ORIGA,SEARCH,17011,0,ALL,OD,SAME64_HOLD,NATIVE_UPDATE,-9.526418371899993,316
ORIGA,SEARCH,17011,0,ALL,OD,SAME64_HOLD,ANCHOR,-10.029136113166047,316
ORIGA,SEARCH,17011,0,ALL,OD,CROSS64_UPDATE,NATIVE_UPDATE,-2.9299589982362164,316
ORIGA,SEARCH,17011,0,ALL,OD,CROSS64_UPDATE,ANCHOR,-3.43267673950227,316
ORIGA,SEARCH,17011,0,ALL,OD,CROSS64_HOLD,NATIVE_UPDATE,-12.157951822961465,316
ORIGA,SEARCH,17011,0,ALL,OD,CROSS64_HOLD,ANCHOR,-12.660669564227518,316
ORIGA,SEARCH,17011,0,ALL,OD,HISTORY_UPDATE_INTERACTION,ALGEBRA,-2.648569150550813,316
ORIGA,SEARCH,17011,0,ALL,OC,NATIVE_UPDATE,ANCHOR,-0.43913396736715526,316
ORIGA,SEARCH,17011,0,ALL,OC,NATIVE_HOLD,NATIVE_UPDATE,-5.249102374647677,316
ORIGA,SEARCH,17011,0,ALL,OC,NATIVE_HOLD,ANCHOR,-5.688236342014832,316
ORIGA,SEARCH,17011,0,ALL,OC,SOURCE_UPDATE,NATIVE_UPDATE,-5.848162612351402,316
ORIGA,SEARCH,17011,0,ALL,OC,SOURCE_UPDATE,ANCHOR,-6.287296579718557,316
ORIGA,SEARCH,17011,0,ALL,OC,SOURCE_HOLD,NATIVE_UPDATE,-15.530476843459653,316
ORIGA,SEARCH,17011,0,ALL,OC,SOURCE_HOLD,ANCHOR,-15.969610810826808,316
ORIGA,SEARCH,17011,0,ALL,OC,SAME64_UPDATE,NATIVE_UPDATE,-3.8779355796954746,316
ORIGA,SEARCH,17011,0,ALL,OC,SAME64_UPDATE,ANCHOR,-4.31706954706263,316
ORIGA,SEARCH,17011,0,ALL,OC,SAME64_HOLD,NATIVE_UPDATE,-11.39930922288626,316
ORIGA,SEARCH,17011,0,ALL,OC,SAME64_HOLD,ANCHOR,-11.838443190253415,316
ORIGA,SEARCH,17011,0,ALL,OC,CROSS64_UPDATE,NATIVE_UPDATE,-4.001869256738885,316
ORIGA,SEARCH,17011,0,ALL,OC,CROSS64_UPDATE,ANCHOR,-4.441003224106041,316
ORIGA,SEARCH,17011,0,ALL,OC,CROSS64_HOLD,NATIVE_UPDATE,-14.398431351589785,316
ORIGA,SEARCH,17011,0,ALL,OC,CROSS64_HOLD,ANCHOR,-14.83756531895694,316
ORIGA,SEARCH,17011,0,ALL,OC,HISTORY_UPDATE_INTERACTION,ALGEBRA,-2.875188451660115,316
ORIGA,SEARCH,17011,0,Q1,OD,NATIVE_UPDATE,ANCHOR,-0.812554007144314,81
ORIGA,SEARCH,17011,0,Q1,OD,NATIVE_HOLD,NATIVE_UPDATE,-3.404096337967232,81
ORIGA,SEARCH,17011,0,Q1,OD,NATIVE_HOLD,ANCHOR,-4.216650345111546,81
ORIGA,SEARCH,17011,0,Q1,OD,SOURCE_UPDATE,NATIVE_UPDATE,-7.223127228940996,81
ORIGA,SEARCH,17011,0,Q1,OD,SOURCE_UPDATE,ANCHOR,-8.03568123608531,81
ORIGA,SEARCH,17011,0,Q1,OD,SOURCE_HOLD,NATIVE_UPDATE,-11.902918281340376,81
ORIGA,SEARCH,17011,0,Q1,OD,SOURCE_HOLD,ANCHOR,-12.71547228848469,81
ORIGA,SEARCH,17011,0,Q1,OD,SAME64_UPDATE,NATIVE_UPDATE,-4.3917280165017445,81
ORIGA,SEARCH,17011,0,Q1,OD,SAME64_UPDATE,ANCHOR,-5.2042820236460585,81
ORIGA,SEARCH,17011,0,Q1,OD,SAME64_HOLD,NATIVE_UPDATE,-8.494672430193205,81
ORIGA,SEARCH,17011,0,Q1,OD,SAME64_HOLD,ANCHOR,-9.307226437337519,81
ORIGA,SEARCH,17011,0,Q1,OD,CROSS64_UPDATE,NATIVE_UPDATE,-5.200098509657849,81
ORIGA,SEARCH,17011,0,Q1,OD,CROSS64_UPDATE,ANCHOR,-6.012652516802163,81
ORIGA,SEARCH,17011,0,Q1,OD,CROSS64_HOLD,NATIVE_UPDATE,-11.243187265945878,81
ORIGA,SEARCH,17011,0,Q1,OD,CROSS64_HOLD,ANCHOR,-12.055741273090192,81
ORIGA,SEARCH,17011,0,Q1,OD,HISTORY_UPDATE_INTERACTION,ALGEBRA,-1.940144342596568,81
ORIGA,SEARCH,17011,0,Q1,OC,NATIVE_UPDATE,ANCHOR,-0.3657413396110343,81
ORIGA,SEARCH,17011,0,Q1,OC,NATIVE_HOLD,NATIVE_UPDATE,-3.677339862118515,81
ORIGA,SEARCH,17011,0,Q1,OC,NATIVE_HOLD,ANCHOR,-4.043081201729549,81
ORIGA,SEARCH,17011,0,Q1,OC,SOURCE_UPDATE,NATIVE_UPDATE,-9.979023834163868,81
ORIGA,SEARCH,17011,0,Q1,OC,SOURCE_UPDATE,ANCHOR,-10.344765173774903,81
ORIGA,SEARCH,17011,0,Q1,OC,SOURCE_HOLD,NATIVE_UPDATE,-15.063567893066647,81
ORIGA,SEARCH,17011,0,Q1,OC,SOURCE_HOLD,ANCHOR,-15.429309232677682,81
ORIGA,SEARCH,17011,0,Q1,OC,SAME64_UPDATE,NATIVE_UPDATE,-5.698325625278592,81
ORIGA,SEARCH,17011,0,Q1,OC,SAME64_UPDATE,ANCHOR,-6.064066964889626,81
ORIGA,SEARCH,17011,0,Q1,OC,SAME64_HOLD,NATIVE_UPDATE,-10.58905003470003,81
ORIGA,SEARCH,17011,0,Q1,OC,SAME64_HOLD,ANCHOR,-10.954791374311064,81
ORIGA,SEARCH,17011,0,Q1,OC,CROSS64_UPDATE,NATIVE_UPDATE,-7.120836643629808,81
ORIGA,SEARCH,17011,0,Q1,OC,CROSS64_UPDATE,ANCHOR,-7.486577983240842,81
ORIGA,SEARCH,17011,0,Q1,OC,CROSS64_HOLD,NATIVE_UPDATE,-13.806268116880624,81
ORIGA,SEARCH,17011,0,Q1,OC,CROSS64_HOLD,ANCHOR,-14.172009456491658,81
ORIGA,SEARCH,17011,0,Q1,OC,HISTORY_UPDATE_INTERACTION,ALGEBRA,-1.794707063829378,81
ORIGA,SEARCH,17011,0,FIRST64,OD,NATIVE_UPDATE,ANCHOR,-0.8448232399311593,35
ORIGA,SEARCH,17011,0,FIRST64,OD,NATIVE_HOLD,NATIVE_UPDATE,-1.4996460738466055,35
ORIGA,SEARCH,17011,0,FIRST64,OD,NATIVE_HOLD,ANCHOR,-2.344469313777765,35
ORIGA,SEARCH,17011,0,FIRST64,OD,SOURCE_UPDATE,NATIVE_UPDATE,-6.515955297478769,35
ORIGA,SEARCH,17011,0,FIRST64,OD,SOURCE_UPDATE,ANCHOR,-7.360778537409928,35
ORIGA,SEARCH,17011,0,FIRST64,OD,SOURCE_HOLD,NATIVE_UPDATE,-8.620735226487952,35
ORIGA,SEARCH,17011,0,FIRST64,OD,SOURCE_HOLD,ANCHOR,-9.465558466419111,35
ORIGA,SEARCH,17011,0,FIRST64,OD,SAME64_UPDATE,NATIVE_UPDATE,-3.9817141998863974,35
ORIGA,SEARCH,17011,0,FIRST64,OD,SAME64_UPDATE,ANCHOR,-4.826537439817557,35
ORIGA,SEARCH,17011,0,FIRST64,OD,SAME64_HOLD,NATIVE_UPDATE,-5.499365640804399,35
ORIGA,SEARCH,17011,0,FIRST64,OD,SAME64_HOLD,ANCHOR,-6.344188880735558,35
ORIGA,SEARCH,17011,0,FIRST64,OD,CROSS64_UPDATE,NATIVE_UPDATE,-5.261441564388079,35
ORIGA,SEARCH,17011,0,FIRST64,OD,CROSS64_UPDATE,ANCHOR,-6.106264804319238,35
ORIGA,SEARCH,17011,0,FIRST64,OD,CROSS64_HOLD,NATIVE_UPDATE,-7.9668556126865155,35
ORIGA,SEARCH,17011,0,FIRST64,OD,CROSS64_HOLD,ANCHOR,-8.811678852617675,35
ORIGA,SEARCH,17011,0,FIRST64,OD,HISTORY_UPDATE_INTERACTION,ALGEBRA,-1.187762607380435,35
ORIGA,SEARCH,17011,0,FIRST64,OC,NATIVE_UPDATE,ANCHOR,-0.433124009614545,35
ORIGA,SEARCH,17011,0,FIRST64,OC,NATIVE_HOLD,NATIVE_UPDATE,-1.3971043649556378,35
ORIGA,SEARCH,17011,0,FIRST64,OC,NATIVE_HOLD,ANCHOR,-1.8302283745701828,35
ORIGA,SEARCH,17011,0,FIRST64,OC,SOURCE_UPDATE,NATIVE_UPDATE,-8.22153682540526,35
ORIGA,SEARCH,17011,0,FIRST64,OC,SOURCE_UPDATE,ANCHOR,-8.654660835019804,35
ORIGA,SEARCH,17011,0,FIRST64,OC,SOURCE_HOLD,NATIVE_UPDATE,-10.905544655564285,35
ORIGA,SEARCH,17011,0,FIRST64,OC,SOURCE_HOLD,ANCHOR,-11.33866866517883,35
ORIGA,SEARCH,17011,0,FIRST64,OC,SAME64_UPDATE,NATIVE_UPDATE,-4.448118194464882,35
ORIGA,SEARCH,17011,0,FIRST64,OC,SAME64_UPDATE,ANCHOR,-4.881242204079427,35
ORIGA,SEARCH,17011,0,FIRST64,OC,SAME64_HOLD,NATIVE_UPDATE,-6.304070748948909,35
ORIGA,SEARCH,17011,0,FIRST64,OC,SAME64_HOLD,ANCHOR,-6.737194758563454,35
ORIGA,SEARCH,17011,0,FIRST64,OC,CROSS64_UPDATE,NATIVE_UPDATE,-6.4553655351750265,35
ORIGA,SEARCH,17011,0,FIRST64,OC,CROSS64_UPDATE,ANCHOR,-6.8884895447895715,35
ORIGA,SEARCH,17011,0,FIRST64,OC,CROSS64_HOLD,NATIVE_UPDATE,-9.634069964971559,35
ORIGA,SEARCH,17011,0,FIRST64,OC,CROSS64_HOLD,ANCHOR,-10.067193974586104,35
ORIGA,SEARCH,17011,0,FIRST64,OC,HISTORY_UPDATE_INTERACTION,ALGEBRA,-1.3227518753125054,35
ORIGA,SEALED_REVIEW,17011,0,ALL,OD,NATIVE_UPDATE,ANCHOR,-0.4826700111114661,210
ORIGA,SEALED_REVIEW,17011,0,ALL,OD,NATIVE_HOLD,NATIVE_UPDATE,-4.567417609258413,210
ORIGA,SEALED_REVIEW,17011,0,ALL,OD,NATIVE_HOLD,ANCHOR,-5.0500876203698795,210
ORIGA,SEALED_REVIEW,17011,0,ALL,OD,SOURCE_UPDATE,NATIVE_UPDATE,-4.192024053801063,210
ORIGA,SEALED_REVIEW,17011,0,ALL,OD,SOURCE_UPDATE,ANCHOR,-4.674694064912529,210
ORIGA,SEALED_REVIEW,17011,0,ALL,OD,SOURCE_HOLD,NATIVE_UPDATE,-12.949073457404026,210
ORIGA,SEALED_REVIEW,17011,0,ALL,OD,SOURCE_HOLD,ANCHOR,-13.431743468515492,210
ORIGA,SEALED_REVIEW,17011,0,ALL,OD,SAME64_UPDATE,NATIVE_UPDATE,-2.82925312713229,210
ORIGA,SEALED_REVIEW,17011,0,ALL,OD,SAME64_UPDATE,ANCHOR,-3.311923138243756,210
ORIGA,SEALED_REVIEW,17011,0,ALL,OD,SAME64_HOLD,NATIVE_UPDATE,-9.181476003905672,210
ORIGA,SEALED_REVIEW,17011,0,ALL,OD,SAME64_HOLD,ANCHOR,-9.664146015017138,210
ORIGA,SEALED_REVIEW,17011,0,ALL,OD,CROSS64_UPDATE,NATIVE_UPDATE,-2.8861387217035883,210
ORIGA,SEALED_REVIEW,17011,0,ALL,OD,CROSS64_UPDATE,ANCHOR,-3.3688087328150544,210
ORIGA,SEALED_REVIEW,17011,0,ALL,OD,CROSS64_HOLD,NATIVE_UPDATE,-12.01375435608692,210
ORIGA,SEALED_REVIEW,17011,0,ALL,OD,CROSS64_HOLD,ANCHOR,-12.496424367198387,210
ORIGA,SEALED_REVIEW,17011,0,ALL,OD,HISTORY_UPDATE_INTERACTION,ALGEBRA,-2.77539275760995,210
ORIGA,SEALED_REVIEW,17011,0,ALL,OC,NATIVE_UPDATE,ANCHOR,-0.40006516378447543,210
ORIGA,SEALED_REVIEW,17011,0,ALL,OC,NATIVE_HOLD,NATIVE_UPDATE,-4.228345887875562,210
ORIGA,SEALED_REVIEW,17011,0,ALL,OC,NATIVE_HOLD,ANCHOR,-4.628411051660038,210
ORIGA,SEALED_REVIEW,17011,0,ALL,OC,SOURCE_UPDATE,NATIVE_UPDATE,-5.207303409339346,210
ORIGA,SEALED_REVIEW,17011,0,ALL,OC,SOURCE_UPDATE,ANCHOR,-5.607368573123821,210
ORIGA,SEALED_REVIEW,17011,0,ALL,OC,SOURCE_HOLD,NATIVE_UPDATE,-14.64090258969081,210
ORIGA,SEALED_REVIEW,17011,0,ALL,OC,SOURCE_HOLD,ANCHOR,-15.040967753475286,210
ORIGA,SEALED_REVIEW,17011,0,ALL,OC,SAME64_UPDATE,NATIVE_UPDATE,-3.2805181847293596,210
ORIGA,SEALED_REVIEW,17011,0,ALL,OC,SAME64_UPDATE,ANCHOR,-3.680583348513835,210
ORIGA,SEALED_REVIEW,17011,0,ALL,OC,SAME64_HOLD,NATIVE_UPDATE,-10.102551952629454,210
ORIGA,SEALED_REVIEW,17011,0,ALL,OC,SAME64_HOLD,ANCHOR,-10.50261711641393,210
ORIGA,SEALED_REVIEW,17011,0,ALL,OC,CROSS64_UPDATE,NATIVE_UPDATE,-3.4384234259437108,210
ORIGA,SEALED_REVIEW,17011,0,ALL,OC,CROSS64_UPDATE,ANCHOR,-3.838488589728186,210
ORIGA,SEALED_REVIEW,17011,0,ALL,OC,CROSS64_HOLD,NATIVE_UPDATE,-13.293136772525166,210
ORIGA,SEALED_REVIEW,17011,0,ALL,OC,CROSS64_HOLD,ANCHOR,-13.693201936309642,210
ORIGA,SEALED_REVIEW,17011,0,ALL,OC,HISTORY_UPDATE_INTERACTION,ALGEBRA,-3.0326795786813605,210
ORIGA,SEALED_REVIEW,17011,0,Q1,OD,NATIVE_UPDATE,ANCHOR,-0.7819573483910887,46
ORIGA,SEALED_REVIEW,17011,0,Q1,OD,NATIVE_HOLD,NATIVE_UPDATE,-3.2846917974048324,46
ORIGA,SEALED_REVIEW,17011,0,Q1,OD,NATIVE_HOLD,ANCHOR,-4.066649145795921,46
ORIGA,SEALED_REVIEW,17011,0,Q1,OD,SOURCE_UPDATE,NATIVE_UPDATE,-8.467290650705934,46
ORIGA,SEALED_REVIEW,17011,0,Q1,OD,SOURCE_UPDATE,ANCHOR,-9.249247999097022,46
ORIGA,SEALED_REVIEW,17011,0,Q1,OD,SOURCE_HOLD,NATIVE_UPDATE,-14.593421185901661,46
ORIGA,SEALED_REVIEW,17011,0,Q1,OD,SOURCE_HOLD,ANCHOR,-15.37537853429275,46
ORIGA,SEALED_REVIEW,17011,0,Q1,OD,SAME64_UPDATE,NATIVE_UPDATE,-4.947869540353906,46
ORIGA,SEALED_REVIEW,17011,0,Q1,OD,SAME64_UPDATE,ANCHOR,-5.729826888744995,46
ORIGA,SEALED_REVIEW,17011,0,Q1,OD,SAME64_HOLD,NATIVE_UPDATE,-9.587971851355604,46
ORIGA,SEALED_REVIEW,17011,0,Q1,OD,SAME64_HOLD,ANCHOR,-10.369929199746693,46
ORIGA,SEALED_REVIEW,17011,0,Q1,OD,CROSS64_UPDATE,NATIVE_UPDATE,-5.93233695762207,46
ORIGA,SEALED_REVIEW,17011,0,Q1,OD,CROSS64_UPDATE,ANCHOR,-6.714294306013159,46
ORIGA,SEALED_REVIEW,17011,0,Q1,OD,CROSS64_HOLD,NATIVE_UPDATE,-13.507169670068649,46
ORIGA,SEALED_REVIEW,17011,0,Q1,OD,CROSS64_HOLD,ANCHOR,-14.289127018459737,46
ORIGA,SEALED_REVIEW,17011,0,Q1,OD,HISTORY_UPDATE_INTERACTION,ALGEBRA,-2.934730401444881,46
ORIGA,SEALED_REVIEW,17011,0,Q1,OC,NATIVE_UPDATE,ANCHOR,-0.408029898686749,46
ORIGA,SEALED_REVIEW,17011,0,Q1,OC,NATIVE_HOLD,NATIVE_UPDATE,-3.31140505646421,46
ORIGA,SEALED_REVIEW,17011,0,Q1,OC,NATIVE_HOLD,ANCHOR,-3.719434955150959,46
ORIGA,SEALED_REVIEW,17011,0,Q1,OC,SOURCE_UPDATE,NATIVE_UPDATE,-11.21354220131451,46
ORIGA,SEALED_REVIEW,17011,0,Q1,OC,SOURCE_UPDATE,ANCHOR,-11.62157210000126,46
ORIGA,SEALED_REVIEW,17011,0,Q1,OC,SOURCE_HOLD,NATIVE_UPDATE,-17.99415941939806,46
ORIGA,SEALED_REVIEW,17011,0,Q1,OC,SOURCE_HOLD,ANCHOR,-18.402189318084808,46
ORIGA,SEALED_REVIEW,17011,0,Q1,OC,SAME64_UPDATE,NATIVE_UPDATE,-6.3978779922351805,46
ORIGA,SEALED_REVIEW,17011,0,Q1,OC,SAME64_UPDATE,ANCHOR,-6.8059078909219295,46
ORIGA,SEALED_REVIEW,17011,0,Q1,OC,SAME64_HOLD,NATIVE_UPDATE,-12.678098630077052,46
ORIGA,SEALED_REVIEW,17011,0,Q1,OC,SAME64_HOLD,ANCHOR,-13.086128528763801,46
ORIGA,SEALED_REVIEW,17011,0,Q1,OC,CROSS64_UPDATE,NATIVE_UPDATE,-7.5796997710923435,46
ORIGA,SEALED_REVIEW,17011,0,Q1,OC,CROSS64_UPDATE,ANCHOR,-7.9877296697790925,46
ORIGA,SEALED_REVIEW,17011,0,Q1,OC,CROSS64_HOLD,NATIVE_UPDATE,-16.389108237869358,46
ORIGA,SEALED_REVIEW,17011,0,Q1,OC,CROSS64_HOLD,ANCHOR,-16.797138136556107,46
ORIGA,SEALED_REVIEW,17011,0,Q1,OC,HISTORY_UPDATE_INTERACTION,ALGEBRA,-2.529187828935143,46
ORIGA,SEALED_REVIEW,17011,0,FIRST64,OD,NATIVE_UPDATE,ANCHOR,-0.8528919626993172,20
ORIGA,SEALED_REVIEW,17011,0,FIRST64,OD,NATIVE_HOLD,NATIVE_UPDATE,-1.6243959598337057,20
ORIGA,SEALED_REVIEW,17011,0,FIRST64,OD,NATIVE_HOLD,ANCHOR,-2.477287922533023,20
ORIGA,SEALED_REVIEW,17011,0,FIRST64,OD,SOURCE_UPDATE,NATIVE_UPDATE,-8.714776992928023,20
ORIGA,SEALED_REVIEW,17011,0,FIRST64,OD,SOURCE_UPDATE,ANCHOR,-9.56766895562734,20
ORIGA,SEALED_REVIEW,17011,0,FIRST64,OD,SOURCE_HOLD,NATIVE_UPDATE,-11.926277497616695,20
ORIGA,SEALED_REVIEW,17011,0,FIRST64,OD,SOURCE_HOLD,ANCHOR,-12.779169460316012,20
ORIGA,SEALED_REVIEW,17011,0,FIRST64,OD,SAME64_UPDATE,NATIVE_UPDATE,-4.956787413667627,20
ORIGA,SEALED_REVIEW,17011,0,FIRST64,OD,SAME64_UPDATE,ANCHOR,-5.809679376366944,20
ORIGA,SEALED_REVIEW,17011,0,FIRST64,OD,SAME64_HOLD,NATIVE_UPDATE,-6.955032392816193,20
ORIGA,SEALED_REVIEW,17011,0,FIRST64,OD,SAME64_HOLD,ANCHOR,-7.80792435551551,20
ORIGA,SEALED_REVIEW,17011,0,FIRST64,OD,CROSS64_UPDATE,NATIVE_UPDATE,-6.734803946813045,20
ORIGA,SEALED_REVIEW,17011,0,FIRST64,OD,CROSS64_UPDATE,ANCHOR,-7.587695909512362,20
ORIGA,SEALED_REVIEW,17011,0,FIRST64,OD,CROSS64_HOLD,NATIVE_UPDATE,-10.699502137831772,20
ORIGA,SEALED_REVIEW,17011,0,FIRST64,OD,CROSS64_HOLD,ANCHOR,-11.552394100531089,20
ORIGA,SEALED_REVIEW,17011,0,FIRST64,OD,HISTORY_UPDATE_INTERACTION,ALGEBRA,-1.96645321187016,20
ORIGA,SEALED_REVIEW,17011,0,FIRST64,OC,NATIVE_UPDATE,ANCHOR,-0.30913535980567985,20
ORIGA,SEALED_REVIEW,17011,0,FIRST64,OC,NATIVE_HOLD,NATIVE_UPDATE,-1.9627548168569149,20
ORIGA,SEALED_REVIEW,17011,0,FIRST64,OC,NATIVE_HOLD,ANCHOR,-2.2718901766625947,20
ORIGA,SEALED_REVIEW,17011,0,FIRST64,OC,SOURCE_UPDATE,NATIVE_UPDATE,-11.84084871474046,20
ORIGA,SEALED_REVIEW,17011,0,FIRST64,OC,SOURCE_UPDATE,ANCHOR,-12.14998407454614,20
ORIGA,SEALED_REVIEW,17011,0,FIRST64,OC,SOURCE_HOLD,NATIVE_UPDATE,-15.32858872565081,20
ORIGA,SEALED_REVIEW,17011,0,FIRST64,OC,SOURCE_HOLD,ANCHOR,-15.63772408545649,20
ORIGA,SEALED_REVIEW,17011,0,FIRST64,OC,SAME64_UPDATE,NATIVE_UPDATE,-7.198792658929037,20
ORIGA,SEALED_REVIEW,17011,0,FIRST64,OC,SAME64_UPDATE,ANCHOR,-7.507928018734717,20
ORIGA,SEALED_REVIEW,17011,0,FIRST64,OC,SAME64_HOLD,NATIVE_UPDATE,-9.733084537094811,20
ORIGA,SEALED_REVIEW,17011,0,FIRST64,OC,SAME64_HOLD,ANCHOR,-10.042219896900491,20
ORIGA,SEALED_REVIEW,17011,0,FIRST64,OC,CROSS64_UPDATE,NATIVE_UPDATE,-8.985676033869645,20
ORIGA,SEALED_REVIEW,17011,0,FIRST64,OC,CROSS64_UPDATE,ANCHOR,-9.294811393675324,20
ORIGA,SEALED_REVIEW,17011,0,FIRST64,OC,CROSS64_HOLD,NATIVE_UPDATE,-13.475187426181051,20
ORIGA,SEALED_REVIEW,17011,0,FIRST64,OC,CROSS64_HOLD,ANCHOR,-13.784322785986731,20
ORIGA,SEALED_REVIEW,17011,0,FIRST64,OC,HISTORY_UPDATE_INTERACTION,ALGEBRA,-1.9552195141456323,20
ORIGA,SEARCH,17011,0,Q2,OD,SAME64_UPDATE,CROSS64_UPDATE,-0.3009658124185961,70
ORIGA,SEARCH,17011,0,Q2,OD,NATIVE_UPDATE,ANCHOR,-0.6108901105930755,70
ORIGA,SEARCH,17011,0,Q2,OD,NATIVE_HOLD,NATIVE_UPDATE,-5.580892346282482,70
ORIGA,SEARCH,17011,0,Q2,OD,NATIVE_HOLD,ANCHOR,-6.191782456875558,70
ORIGA,SEARCH,17011,0,Q2,OD,SOURCE_UPDATE,NATIVE_UPDATE,-4.802383614461547,70
ORIGA,SEARCH,17011,0,Q2,OD,SOURCE_UPDATE,ANCHOR,-5.413273725054623,70
ORIGA,SEARCH,17011,0,Q2,OD,SOURCE_HOLD,NATIVE_UPDATE,-15.589689524414382,70
ORIGA,SEARCH,17011,0,Q2,OD,SOURCE_HOLD,ANCHOR,-16.200579635007458,70
ORIGA,SEARCH,17011,0,Q2,OD,SAME64_UPDATE,NATIVE_UPDATE,-3.3349917919096583,70
ORIGA,SEARCH,17011,0,Q2,OD,SAME64_UPDATE,ANCHOR,-3.945881902502734,70
ORIGA,SEARCH,17011,0,Q2,OD,SAME64_HOLD,NATIVE_UPDATE,-10.811575746079939,70
ORIGA,SEARCH,17011,0,Q2,OD,SAME64_HOLD,ANCHOR,-11.422465856673014,70
ORIGA,SEARCH,17011,0,Q2,OD,CROSS64_UPDATE,NATIVE_UPDATE,-3.0340259794910622,70
ORIGA,SEARCH,17011,0,Q2,OD,CROSS64_UPDATE,ANCHOR,-3.6449160900841377,70
ORIGA,SEARCH,17011,0,Q2,OD,CROSS64_HOLD,NATIVE_UPDATE,-14.098279447257312,70
ORIGA,SEARCH,17011,0,Q2,OD,CROSS64_HOLD,ANCHOR,-14.709169557850387,70
ORIGA,SEARCH,17011,0,Q2,OD,HISTORY_UPDATE_INTERACTION,ALGEBRA,-3.5876695135959693,70
ORIGA,SEARCH,17011,0,Q2,OC,SAME64_UPDATE,CROSS64_UPDATE,-0.3409724546027064,70
ORIGA,SEARCH,17011,0,Q2,OC,NATIVE_UPDATE,ANCHOR,-0.5273195428877102,70
ORIGA,SEARCH,17011,0,Q2,OC,NATIVE_HOLD,NATIVE_UPDATE,-5.923901547481222,70
ORIGA,SEARCH,17011,0,Q2,OC,NATIVE_HOLD,ANCHOR,-6.451221090368932,70
ORIGA,SEARCH,17011,0,Q2,OC,SOURCE_UPDATE,NATIVE_UPDATE,-6.927875492739815,70
ORIGA,SEARCH,17011,0,Q2,OC,SOURCE_UPDATE,ANCHOR,-7.455195035627526,70
ORIGA,SEARCH,17011,0,Q2,OC,SOURCE_HOLD,NATIVE_UPDATE,-18.43239674456403,70
ORIGA,SEARCH,17011,0,Q2,OC,SOURCE_HOLD,ANCHOR,-18.95971628745174,70
ORIGA,SEARCH,17011,0,Q2,OC,SAME64_UPDATE,NATIVE_UPDATE,-5.0014107741609735,70
ORIGA,SEARCH,17011,0,Q2,OC,SAME64_UPDATE,ANCHOR,-5.528730317048684,70
ORIGA,SEARCH,17011,0,Q2,OC,SAME64_HOLD,NATIVE_UPDATE,-13.270242400899853,70
ORIGA,SEARCH,17011,0,Q2,OC,SAME64_HOLD,ANCHOR,-13.797561943787564,70
ORIGA,SEARCH,17011,0,Q2,OC,CROSS64_UPDATE,NATIVE_UPDATE,-4.660438319558267,70
ORIGA,SEARCH,17011,0,Q2,OC,CROSS64_UPDATE,ANCHOR,-5.187757862445977,70
ORIGA,SEARCH,17011,0,Q2,OC,CROSS64_HOLD,NATIVE_UPDATE,-16.911721998923426,70
ORIGA,SEARCH,17011,0,Q2,OC,CROSS64_HOLD,ANCHOR,-17.439041541811136,70
ORIGA,SEARCH,17011,0,Q2,OC,HISTORY_UPDATE_INTERACTION,ALGEBRA,-3.9824520526262788,70
ORIGA,SEALED_REVIEW,17011,0,Q2,OD,SAME64_UPDATE,CROSS64_UPDATE,-0.11346571848568487,62
ORIGA,SEALED_REVIEW,17011,0,Q2,OD,NATIVE_UPDATE,ANCHOR,-0.5395966932183001,62
ORIGA,SEALED_REVIEW,17011,0,Q2,OD,NATIVE_HOLD,NATIVE_UPDATE,-5.335163574593935,62
ORIGA,SEALED_REVIEW,17011,0,Q2,OD,NATIVE_HOLD,ANCHOR,-5.874760267812235,62
ORIGA,SEALED_REVIEW,17011,0,Q2,OD,SOURCE_UPDATE,NATIVE_UPDATE,-4.392549409586394,62
ORIGA,SEALED_REVIEW,17011,0,Q2,OD,SOURCE_UPDATE,ANCHOR,-4.932146102804694,62
ORIGA,SEALED_REVIEW,17011,0,Q2,OD,SOURCE_HOLD,NATIVE_UPDATE,-16.19434756719629,62
ORIGA,SEALED_REVIEW,17011,0,Q2,OD,SOURCE_HOLD,ANCHOR,-16.73394426041459,62
ORIGA,SEALED_REVIEW,17011,0,Q2,OD,SAME64_UPDATE,NATIVE_UPDATE,-2.9720790593232493,62
ORIGA,SEALED_REVIEW,17011,0,Q2,OD,SAME64_UPDATE,ANCHOR,-3.5116757525415494,62
ORIGA,SEALED_REVIEW,17011,0,Q2,OD,SAME64_HOLD,NATIVE_UPDATE,-11.459275931216737,62
ORIGA,SEALED_REVIEW,17011,0,Q2,OD,SAME64_HOLD,ANCHOR,-11.998872624435037,62
ORIGA,SEALED_REVIEW,17011,0,Q2,OD,CROSS64_UPDATE,NATIVE_UPDATE,-2.8586133408375645,62
ORIGA,SEALED_REVIEW,17011,0,Q2,OD,CROSS64_UPDATE,ANCHOR,-3.3982100340558645,62
ORIGA,SEALED_REVIEW,17011,0,Q2,OD,CROSS64_HOLD,NATIVE_UPDATE,-14.80918865085782,62
ORIGA,SEALED_REVIEW,17011,0,Q2,OD,CROSS64_HOLD,ANCHOR,-15.34878534407612,62
ORIGA,SEALED_REVIEW,17011,0,Q2,OD,HISTORY_UPDATE_INTERACTION,ALGEBRA,-3.4633784381267674,62
ORIGA,SEALED_REVIEW,17011,0,Q2,OC,SAME64_UPDATE,CROSS64_UPDATE,-0.06393774005313446,62
ORIGA,SEALED_REVIEW,17011,0,Q2,OC,NATIVE_UPDATE,ANCHOR,-0.49856724587495194,62
ORIGA,SEALED_REVIEW,17011,0,Q2,OC,NATIVE_HOLD,NATIVE_UPDATE,-6.025182625014267,62
ORIGA,SEALED_REVIEW,17011,0,Q2,OC,NATIVE_HOLD,ANCHOR,-6.523749870889219,62
ORIGA,SEALED_REVIEW,17011,0,Q2,OC,SOURCE_UPDATE,NATIVE_UPDATE,-6.1189680680567164,62
ORIGA,SEALED_REVIEW,17011,0,Q2,OC,SOURCE_UPDATE,ANCHOR,-6.617535313931668,62
ORIGA,SEALED_REVIEW,17011,0,Q2,OC,SOURCE_HOLD,NATIVE_UPDATE,-19.071377893240857,62
ORIGA,SEALED_REVIEW,17011,0,Q2,OC,SOURCE_HOLD,ANCHOR,-19.56994513911581,62
ORIGA,SEALED_REVIEW,17011,0,Q2,OC,SAME64_UPDATE,NATIVE_UPDATE,-3.848079378990178,62
ORIGA,SEALED_REVIEW,17011,0,Q2,OC,SAME64_UPDATE,ANCHOR,-4.34664662486513,62
ORIGA,SEALED_REVIEW,17011,0,Q2,OC,SAME64_HOLD,NATIVE_UPDATE,-12.800998672217915,62
ORIGA,SEALED_REVIEW,17011,0,Q2,OC,SAME64_HOLD,ANCHOR,-13.299565918092867,62
ORIGA,SEALED_REVIEW,17011,0,Q2,OC,CROSS64_UPDATE,NATIVE_UPDATE,-3.7841416389370437,62
ORIGA,SEALED_REVIEW,17011,0,Q2,OC,CROSS64_UPDATE,ANCHOR,-4.282708884811996,62
ORIGA,SEALED_REVIEW,17011,0,Q2,OC,CROSS64_HOLD,NATIVE_UPDATE,-16.930469564459322,62
ORIGA,SEALED_REVIEW,17011,0,Q2,OC,CROSS64_HOLD,ANCHOR,-17.429036810334274,62
ORIGA,SEALED_REVIEW,17011,0,Q2,OC,HISTORY_UPDATE_INTERACTION,ALGEBRA,-4.193408632294542,62
ORIGA,SEALED_REVIEW,17011,0,Q3,OD,SAME64_UPDATE,CROSS64_UPDATE,-0.3586951580757187,45
ORIGA,SEALED_REVIEW,17011,0,Q3,OD,NATIVE_UPDATE,ANCHOR,-0.5619905106644012,45
ORIGA,SEALED_REVIEW,17011,0,Q3,OD,NATIVE_HOLD,NATIVE_UPDATE,-6.073790149468763,45
ORIGA,SEALED_REVIEW,17011,0,Q3,OD,NATIVE_HOLD,ANCHOR,-6.635780660133165,45
ORIGA,SEALED_REVIEW,17011,0,Q3,OD,SOURCE_UPDATE,NATIVE_UPDATE,-3.2713066427105844,45
ORIGA,SEALED_REVIEW,17011,0,Q3,OD,SOURCE_UPDATE,ANCHOR,-3.8332971533749856,45
ORIGA,SEALED_REVIEW,17011,0,Q3,OD,SOURCE_HOLD,NATIVE_UPDATE,-15.411033919353741,45
ORIGA,SEALED_REVIEW,17011,0,Q3,OD,SOURCE_HOLD,ANCHOR,-15.973024430018143,45
ORIGA,SEALED_REVIEW,17011,0,Q3,OD,SAME64_UPDATE,NATIVE_UPDATE,-2.65653913549545,45
ORIGA,SEALED_REVIEW,17011,0,Q3,OD,SAME64_UPDATE,ANCHOR,-3.218529646159851,45
ORIGA,SEALED_REVIEW,17011,0,Q3,OD,SAME64_HOLD,NATIVE_UPDATE,-11.126922512896044,45
ORIGA,SEALED_REVIEW,17011,0,Q3,OD,SAME64_HOLD,ANCHOR,-11.688913023560445,45
ORIGA,SEALED_REVIEW,17011,0,Q3,OD,CROSS64_UPDATE,NATIVE_UPDATE,-2.2978439774197312,45
ORIGA,SEALED_REVIEW,17011,0,Q3,OD,CROSS64_UPDATE,ANCHOR,-2.8598344880841324,45
ORIGA,SEALED_REVIEW,17011,0,Q3,OD,CROSS64_HOLD,NATIVE_UPDATE,-14.306126232583352,45
ORIGA,SEALED_REVIEW,17011,0,Q3,OD,CROSS64_HOLD,ANCHOR,-14.868116743247754,45
ORIGA,SEALED_REVIEW,17011,0,Q3,OD,HISTORY_UPDATE_INTERACTION,ALGEBRA,-3.537898877763027,45
ORIGA,SEALED_REVIEW,17011,0,Q3,OC,SAME64_UPDATE,CROSS64_UPDATE,-0.3578546710926105,45
ORIGA,SEALED_REVIEW,17011,0,Q3,OC,NATIVE_UPDATE,ANCHOR,-0.3469689956297799,45
ORIGA,SEALED_REVIEW,17011,0,Q3,OC,NATIVE_HOLD,NATIVE_UPDATE,-5.640600408650144,45
ORIGA,SEALED_REVIEW,17011,0,Q3,OC,NATIVE_HOLD,ANCHOR,-5.987569404279924,45
ORIGA,SEALED_REVIEW,17011,0,Q3,OC,SOURCE_UPDATE,NATIVE_UPDATE,-3.7776194534691143,45
ORIGA,SEALED_REVIEW,17011,0,Q3,OC,SOURCE_UPDATE,ANCHOR,-4.124588449098894,45
ORIGA,SEALED_REVIEW,17011,0,Q3,OC,SOURCE_HOLD,NATIVE_UPDATE,-18.364043656804867,45
ORIGA,SEALED_REVIEW,17011,0,Q3,OC,SOURCE_HOLD,ANCHOR,-18.711012652434647,45
ORIGA,SEALED_REVIEW,17011,0,Q3,OC,SAME64_UPDATE,NATIVE_UPDATE,-2.9914579840627056,45
ORIGA,SEALED_REVIEW,17011,0,Q3,OC,SAME64_UPDATE,ANCHOR,-3.3384269796924855,45
ORIGA,SEALED_REVIEW,17011,0,Q3,OC,SAME64_HOLD,NATIVE_UPDATE,-13.467342167960979,45
ORIGA,SEALED_REVIEW,17011,0,Q3,OC,SAME64_HOLD,ANCHOR,-13.814311163590759,45
ORIGA,SEALED_REVIEW,17011,0,Q3,OC,CROSS64_UPDATE,NATIVE_UPDATE,-2.633603312970095,45
ORIGA,SEALED_REVIEW,17011,0,Q3,OC,CROSS64_UPDATE,ANCHOR,-2.980572308599875,45
ORIGA,SEALED_REVIEW,17011,0,Q3,OC,CROSS64_HOLD,NATIVE_UPDATE,-17.03560420794848,45
ORIGA,SEALED_REVIEW,17011,0,Q3,OC,CROSS64_HOLD,ANCHOR,-17.38257320357826,45
ORIGA,SEALED_REVIEW,17011,0,Q3,OC,HISTORY_UPDATE_INTERACTION,ALGEBRA,-3.9261167110801125,45
ORIGA,SEARCH,17011,0,Q3,OD,SAME64_UPDATE,CROSS64_UPDATE,-0.3614550594771089,88
ORIGA,SEARCH,17011,0,Q3,OD,NATIVE_UPDATE,ANCHOR,-0.502398359655075,88
ORIGA,SEARCH,17011,0,Q3,OD,NATIVE_HOLD,NATIVE_UPDATE,-6.901701950173532,88
ORIGA,SEARCH,17011,0,Q3,OD,NATIVE_HOLD,ANCHOR,-7.404100309828607,88
ORIGA,SEARCH,17011,0,Q3,OD,SOURCE_UPDATE,NATIVE_UPDATE,-3.483359996199411,88
ORIGA,SEARCH,17011,0,Q3,OD,SOURCE_UPDATE,ANCHOR,-3.985758355854486,88
ORIGA,SEARCH,17011,0,Q3,OD,SOURCE_HOLD,NATIVE_UPDATE,-17.171045212790304,88
ORIGA,SEARCH,17011,0,Q3,OD,SOURCE_HOLD,ANCHOR,-17.67344357244538,88
ORIGA,SEARCH,17011,0,Q3,OD,SAME64_UPDATE,NATIVE_UPDATE,-2.7034630141902483,88
ORIGA,SEARCH,17011,0,Q3,OD,SAME64_UPDATE,ANCHOR,-3.205861373845323,88
ORIGA,SEARCH,17011,0,Q3,OD,SAME64_HOLD,NATIVE_UPDATE,-12.816425288194822,88
ORIGA,SEARCH,17011,0,Q3,OD,SAME64_HOLD,ANCHOR,-13.318823647849896,88
ORIGA,SEARCH,17011,0,Q3,OD,CROSS64_UPDATE,NATIVE_UPDATE,-2.3420079547131394,88
ORIGA,SEARCH,17011,0,Q3,OD,CROSS64_UPDATE,ANCHOR,-2.8444063143682143,88
ORIGA,SEARCH,17011,0,Q3,OD,CROSS64_HOLD,NATIVE_UPDATE,-16.194676179766375,88
ORIGA,SEARCH,17011,0,Q3,OD,CROSS64_HOLD,ANCHOR,-16.69707453942145,88
ORIGA,SEARCH,17011,0,Q3,OD,HISTORY_UPDATE_INTERACTION,ALGEBRA,-3.7397059510486628,88
ORIGA,SEARCH,17011,0,Q3,OC,SAME64_UPDATE,CROSS64_UPDATE,-0.5025757665972606,88
ORIGA,SEARCH,17011,0,Q3,OC,NATIVE_UPDATE,ANCHOR,-0.4448781632885641,88
ORIGA,SEARCH,17011,0,Q3,OC,NATIVE_HOLD,NATIVE_UPDATE,-8.310193368327532,88
ORIGA,SEARCH,17011,0,Q3,OC,NATIVE_HOLD,ANCHOR,-8.755071531616096,88
ORIGA,SEARCH,17011,0,Q3,OC,SOURCE_UPDATE,NATIVE_UPDATE,-5.36965729546047,88
ORIGA,SEARCH,17011,0,Q3,OC,SOURCE_UPDATE,ANCHOR,-5.8145354587490345,88
ORIGA,SEARCH,17011,0,Q3,OC,SOURCE_HOLD,NATIVE_UPDATE,-22.46978360712729,88
ORIGA,SEARCH,17011,0,Q3,OC,SOURCE_HOLD,ANCHOR,-22.914661770415854,88
ORIGA,SEARCH,17011,0,Q3,OC,SAME64_UPDATE,NATIVE_UPDATE,-3.9716821184488396,88
ORIGA,SEARCH,17011,0,Q3,OC,SAME64_UPDATE,ANCHOR,-4.416560281737404,88
ORIGA,SEARCH,17011,0,Q3,OC,SAME64_HOLD,NATIVE_UPDATE,-17.11984473682363,88
ORIGA,SEARCH,17011,0,Q3,OC,SAME64_HOLD,ANCHOR,-17.564722900112194,88
ORIGA,SEARCH,17011,0,Q3,OC,CROSS64_UPDATE,NATIVE_UPDATE,-3.469106351851579,88
ORIGA,SEARCH,17011,0,Q3,OC,CROSS64_UPDATE,ANCHOR,-3.913984515140143,88
ORIGA,SEARCH,17011,0,Q3,OC,CROSS64_HOLD,NATIVE_UPDATE,-20.986693446986123,88
ORIGA,SEARCH,17011,0,Q3,OC,CROSS64_HOLD,ANCHOR,-21.431571610274688,88
ORIGA,SEARCH,17011,0,Q3,OC,HISTORY_UPDATE_INTERACTION,ALGEBRA,-4.369424476759754,88
ORIGA,SEARCH,17011,0,Q4,OD,SAME64_UPDATE,CROSS64_UPDATE,-0.23357972572711105,77
ORIGA,SEARCH,17011,0,Q4,OD,NATIVE_UPDATE,ANCHOR,-0.0788125749379418,77
ORIGA,SEARCH,17011,0,Q4,OD,NATIVE_HOLD,NATIVE_UPDATE,-4.199492578433052,77
ORIGA,SEARCH,17011,0,Q4,OD,NATIVE_HOLD,ANCHOR,-4.278305153370994,77
ORIGA,SEARCH,17011,0,Q4,OD,SOURCE_UPDATE,NATIVE_UPDATE,-1.552177479907769,77
ORIGA,SEARCH,17011,0,Q4,OD,SOURCE_UPDATE,ANCHOR,-1.6309900548457108,77
ORIGA,SEARCH,17011,0,Q4,OD,SOURCE_HOLD,NATIVE_UPDATE,-6.847198418641128,77
ORIGA,SEARCH,17011,0,Q4,OD,SOURCE_HOLD,ANCHOR,-6.9260109935790695,77
ORIGA,SEARCH,17011,0,Q4,OD,SAME64_UPDATE,NATIVE_UPDATE,-1.3528075904183936,77
ORIGA,SEARCH,17011,0,Q4,OD,SAME64_UPDATE,ANCHOR,-1.4316201653563354,77
ORIGA,SEARCH,17011,0,Q4,OD,SAME64_HOLD,NATIVE_UPDATE,-5.683428715428676,77
ORIGA,SEARCH,17011,0,Q4,OD,SAME64_HOLD,ANCHOR,-5.762241290366617,77
ORIGA,SEARCH,17011,0,Q4,OD,CROSS64_UPDATE,NATIVE_UPDATE,-1.1192278646912825,77
ORIGA,SEARCH,17011,0,Q4,OD,CROSS64_UPDATE,ANCHOR,-1.1980404396292244,77
ORIGA,SEARCH,17011,0,Q4,OD,CROSS64_HOLD,NATIVE_UPDATE,-6.742903147879858,77
ORIGA,SEARCH,17011,0,Q4,OD,CROSS64_HOLD,ANCHOR,-6.8217157228178,77
ORIGA,SEARCH,17011,0,Q4,OD,HISTORY_UPDATE_INTERACTION,ALGEBRA,-1.2930541581782933,77
ORIGA,SEARCH,17011,0,Q4,OC,SAME64_UPDATE,CROSS64_UPDATE,-0.1034494968568822,77
ORIGA,SEARCH,17011,0,Q4,OC,NATIVE_UPDATE,ANCHOR,-0.4296056988050765,77
ORIGA,SEARCH,17011,0,Q4,OC,NATIVE_HOLD,NATIVE_UPDATE,-2.790671387280014,77
ORIGA,SEARCH,17011,0,Q4,OC,NATIVE_HOLD,ANCHOR,-3.2202770860850904,77
ORIGA,SEARCH,17011,0,Q4,OC,SOURCE_UPDATE,NATIVE_UPDATE,-1.0680172525124902,77
ORIGA,SEARCH,17011,0,Q4,OC,SOURCE_UPDATE,ANCHOR,-1.4976229513175667,77
ORIGA,SEARCH,17011,0,Q4,OC,SOURCE_HOLD,NATIVE_UPDATE,-5.452895501924303,77
ORIGA,SEARCH,17011,0,Q4,OC,SOURCE_HOLD,ANCHOR,-5.882501200729379,77
ORIGA,SEARCH,17011,0,Q4,OC,SAME64_UPDATE,NATIVE_UPDATE,-0.8344998301485447,77
ORIGA,SEARCH,17011,0,Q4,OC,SAME64_UPDATE,ANCHOR,-1.2641055289536212,77
ORIGA,SEARCH,17011,0,Q4,OC,SAME64_HOLD,NATIVE_UPDATE,-4.013056580751822,77
ORIGA,SEARCH,17011,0,Q4,OC,SAME64_HOLD,ANCHOR,-4.442662279556899,77
ORIGA,SEARCH,17011,0,Q4,OC,CROSS64_UPDATE,NATIVE_UPDATE,-0.7310503332916625,77
ORIGA,SEARCH,17011,0,Q4,OC,CROSS64_UPDATE,ANCHOR,-1.160656032096739,77
ORIGA,SEARCH,17011,0,Q4,OC,CROSS64_HOLD,NATIVE_UPDATE,-5.207104238644504,77
ORIGA,SEARCH,17011,0,Q4,OC,CROSS64_HOLD,ANCHOR,-5.636709937449581,77
ORIGA,SEARCH,17011,0,Q4,OC,HISTORY_UPDATE_INTERACTION,ALGEBRA,-1.2974971547495642,77
ORIGA,SEALED_REVIEW,17011,0,Q4,OD,SAME64_UPDATE,CROSS64_UPDATE,-0.17830473113764356,57
ORIGA,SEALED_REVIEW,17011,0,Q4,OD,NATIVE_UPDATE,ANCHOR,-0.11659818154362256,57
ORIGA,SEALED_REVIEW,17011,0,Q4,OD,NATIVE_HOLD,NATIVE_UPDATE,-3.5782662616267658,57
ORIGA,SEALED_REVIEW,17011,0,Q4,OD,NATIVE_HOLD,ANCHOR,-3.6948644431703883,57
ORIGA,SEALED_REVIEW,17011,0,Q4,OD,SOURCE_UPDATE,NATIVE_UPDATE,-1.2505757727967932,57
ORIGA,SEALED_REVIEW,17011,0,Q4,OD,SOURCE_UPDATE,ANCHOR,-1.3671739543404158,57
ORIGA,SEALED_REVIEW,17011,0,Q4,OD,SOURCE_HOLD,NATIVE_UPDATE,-6.148455718706629,57
ORIGA,SEALED_REVIEW,17011,0,Q4,OD,SOURCE_HOLD,ANCHOR,-6.265053900250251,57
ORIGA,SEALED_REVIEW,17011,0,Q4,OD,SAME64_UPDATE,NATIVE_UPDATE,-1.1004911415116823,57
ORIGA,SEALED_REVIEW,17011,0,Q4,OD,SAME64_UPDATE,ANCHOR,-1.2170893230553048,57
ORIGA,SEALED_REVIEW,17011,0,Q4,OD,SAME64_HOLD,NATIVE_UPDATE,-4.83994096214164,57
ORIGA,SEALED_REVIEW,17011,0,Q4,OD,SAME64_HOLD,ANCHOR,-4.956539143685262,57
ORIGA,SEALED_REVIEW,17011,0,Q4,OD,CROSS64_UPDATE,NATIVE_UPDATE,-0.9221864103740387,57
ORIGA,SEALED_REVIEW,17011,0,Q4,OD,CROSS64_UPDATE,ANCHOR,-1.0387845919176613,57
ORIGA,SEALED_REVIEW,17011,0,Q4,OD,CROSS64_HOLD,NATIVE_UPDATE,-5.958126897116813,57
ORIGA,SEALED_REVIEW,17011,0,Q4,OD,CROSS64_HOLD,ANCHOR,-6.074725078660435,57
ORIGA,SEALED_REVIEW,17011,0,Q4,OD,HISTORY_UPDATE_INTERACTION,ALGEBRA,-1.2964906661128168,57
ORIGA,SEALED_REVIEW,17011,0,Q4,OC,SAME64_UPDATE,CROSS64_UPDATE,-0.01993159806934841,57
ORIGA,SEALED_REVIEW,17011,0,Q4,OC,NATIVE_UPDATE,ANCHOR,-0.3284128948694871,57
ORIGA,SEALED_REVIEW,17011,0,Q4,OC,NATIVE_HOLD,NATIVE_UPDATE,-1.8989414511645037,57
ORIGA,SEALED_REVIEW,17011,0,Q4,OC,NATIVE_HOLD,ANCHOR,-2.227354346033991,57
ORIGA,SEALED_REVIEW,17011,0,Q4,OC,SOURCE_UPDATE,NATIVE_UPDATE,-0.497225948687273,57
ORIGA,SEALED_REVIEW,17011,0,Q4,OC,SOURCE_UPDATE,ANCHOR,-0.8256388435567601,57
ORIGA,SEALED_REVIEW,17011,0,Q4,OC,SOURCE_HOLD,NATIVE_UPDATE,-4.176330115887893,57
ORIGA,SEALED_REVIEW,17011,0,Q4,OC,SOURCE_HOLD,ANCHOR,-4.50474301075738,57
ORIGA,SEALED_REVIEW,17011,0,Q4,OC,SAME64_UPDATE,NATIVE_UPDATE,-0.37561228719538065,57
ORIGA,SEALED_REVIEW,17011,0,Q4,OC,SAME64_UPDATE,ANCHOR,-0.7040251820648677,57
ORIGA,SEALED_REVIEW,17011,0,Q4,OC,SAME64_HOLD,NATIVE_UPDATE,-2.4324746988226167,57
ORIGA,SEALED_REVIEW,17011,0,Q4,OC,SAME64_HOLD,ANCHOR,-2.760887593692104,57
ORIGA,SEALED_REVIEW,17011,0,Q4,OC,CROSS64_UPDATE,NATIVE_UPDATE,-0.35568068912603223,57
ORIGA,SEALED_REVIEW,17011,0,Q4,OC,CROSS64_UPDATE,ANCHOR,-0.6840935839955193,57
ORIGA,SEALED_REVIEW,17011,0,Q4,OC,CROSS64_HOLD,NATIVE_UPDATE,-3.8836568584936515,57
ORIGA,SEALED_REVIEW,17011,0,Q4,OC,CROSS64_HOLD,ANCHOR,-4.212069753363139,57
ORIGA,SEALED_REVIEW,17011,0,Q4,OC,HISTORY_UPDATE_INTERACTION,ALGEBRA,-1.4711137577403832,57
REFUGE_Valid,SEARCH,17011,0,ALL,OD,NATIVE_HOLD,SAME64_HOLD,-6.512079940438468,406
REFUGE_Valid,SEARCH,17011,0,ALL,OD,NATIVE_HOLD,SOURCE_HOLD,-4.692551232372878,406
REFUGE_Valid,SEARCH,17011,0,ALL,OD,CROSS64_HOLD,SOURCE_HOLD,-1.074286758117509,406
REFUGE_Valid,SEARCH,17011,0,ALL,OD,SOURCE_UPDATE,SOURCE_HOLD,-0.05332126533822645,406
REFUGE_Valid,SEARCH,17011,0,ALL,OD,SAME64_UPDATE,SAME64_HOLD,-1.927550857361851,406
REFUGE_Valid,SEARCH,17011,0,ALL,OD,CROSS64_UPDATE,CROSS64_HOLD,-0.2774909350837049,406
REFUGE_Valid,SEARCH,17011,0,ALL,OD,NATIVE_UPDATE,ANCHOR,-1.2760553293647519,406
REFUGE_Valid,SEARCH,17011,0,ALL,OD,NATIVE_HOLD,NATIVE_UPDATE,-0.46374200358850715,406
REFUGE_Valid,SEARCH,17011,0,ALL,OD,NATIVE_HOLD,ANCHOR,-1.739797332953259,406
REFUGE_Valid,SEARCH,17011,0,ALL,OD,HISTORY_UPDATE_INTERACTION,ALGEBRA,-1.650059922278146,406
REFUGE_Valid,SEARCH,17011,0,ALL,OC,NATIVE_HOLD,SAME64_HOLD,-5.551145026194895,406
REFUGE_Valid,SEARCH,17011,0,ALL,OC,NATIVE_HOLD,SOURCE_HOLD,-5.440027888403712,406
REFUGE_Valid,SEARCH,17011,0,ALL,OC,CROSS64_HOLD,SOURCE_HOLD,-0.8195317475408217,406
REFUGE_Valid,SEARCH,17011,0,ALL,OC,NATIVE_UPDATE,NATIVE_HOLD,-0.8726519080706225,406
REFUGE_Valid,SEARCH,17011,0,ALL,OC,SOURCE_UPDATE,SOURCE_HOLD,-1.0368603160995065,406
REFUGE_Valid,SEARCH,17011,0,ALL,OC,SAME64_UPDATE,SAME64_HOLD,-1.1956816395722427,406
REFUGE_Valid,SEARCH,17011,0,ALL,OC,CROSS64_UPDATE,CROSS64_HOLD,-1.0163841256424888,406
REFUGE_Valid,SEARCH,17011,0,ALL,OC,NATIVE_UPDATE,ANCHOR,-0.007706012687378916,406
REFUGE_Valid,SEARCH,17011,0,ALL,OC,HISTORY_UPDATE_INTERACTION,ALGEBRA,-0.1792975139297539,406
REFUGE_Valid,SEARCH,17011,0,Q1,OD,NATIVE_HOLD,SAME64_HOLD,-6.478241619188708,97
REFUGE_Valid,SEARCH,17011,0,Q1,OD,NATIVE_HOLD,SOURCE_HOLD,-4.542972829870351,97
REFUGE_Valid,SEARCH,17011,0,Q1,OD,CROSS64_HOLD,SOURCE_HOLD,-1.2961543296629259,97
REFUGE_Valid,SEARCH,17011,0,Q1,OD,SAME64_UPDATE,SAME64_HOLD,-0.3005959621294778,97
REFUGE_Valid,SEARCH,17011,0,Q1,OD,NATIVE_UPDATE,ANCHOR,-0.9368394836728271,97
REFUGE_Valid,SEARCH,17011,0,Q1,OD,NATIVE_HOLD,NATIVE_UPDATE,-0.9352129715718007,97
REFUGE_Valid,SEARCH,17011,0,Q1,OD,NATIVE_HOLD,ANCHOR,-1.8720524552446278,97
REFUGE_Valid,SEARCH,17011,0,Q1,OD,HISTORY_UPDATE_INTERACTION,ALGEBRA,-2.1727164068423406,97
REFUGE_Valid,SEARCH,17011,0,Q1,OC,NATIVE_HOLD,SAME64_HOLD,-6.2316608056525595,97
REFUGE_Valid,SEARCH,17011,0,Q1,OC,NATIVE_HOLD,SOURCE_HOLD,-5.911001798784568,97
REFUGE_Valid,SEARCH,17011,0,Q1,OC,CROSS64_HOLD,SOURCE_HOLD,-0.9825375485759054,97
REFUGE_Valid,SEARCH,17011,0,Q1,OC,SAME64_UPDATE,SAME64_HOLD,-0.2991456286167349,97
REFUGE_Valid,SEARCH,17011,0,Q1,OC,NATIVE_HOLD,NATIVE_UPDATE,-0.10343693743969595,97
REFUGE_Valid,SEARCH,17011,0,Q1,OC,HISTORY_UPDATE_INTERACTION,ALGEBRA,-0.5561590598812529,97
REFUGE_Valid,SEARCH,17011,0,FIRST64,OD,NATIVE_HOLD,SAME64_HOLD,-6.443174480033704,39
REFUGE_Valid,SEARCH,17011,0,FIRST64,OD,NATIVE_HOLD,SOURCE_HOLD,-4.440923272806913,39
REFUGE_Valid,SEARCH,17011,0,FIRST64,OD,CROSS64_HOLD,SOURCE_HOLD,-1.4227572535838817,39
REFUGE_Valid,SEARCH,17011,0,FIRST64,OD,SAME64_UPDATE,SAME64_HOLD,-0.16680198205648367,39
REFUGE_Valid,SEARCH,17011,0,FIRST64,OD,NATIVE_UPDATE,ANCHOR,-0.8105691746061865,39
REFUGE_Valid,SEARCH,17011,0,FIRST64,OD,NATIVE_HOLD,NATIVE_UPDATE,-0.6096580961549023,39
REFUGE_Valid,SEARCH,17011,0,FIRST64,OD,NATIVE_HOLD,ANCHOR,-1.4202272707610888,39
REFUGE_Valid,SEARCH,17011,0,FIRST64,OD,HISTORY_UPDATE_INTERACTION,ALGEBRA,-1.334511206039096,39
REFUGE_Valid,SEARCH,17011,0,FIRST64,OC,NATIVE_HOLD,SAME64_HOLD,-5.848559419702163,39
REFUGE_Valid,SEARCH,17011,0,FIRST64,OC,NATIVE_HOLD,SOURCE_HOLD,-5.5452531225040715,39
REFUGE_Valid,SEARCH,17011,0,FIRST64,OC,CROSS64_HOLD,SOURCE_HOLD,-0.997646760913824,39
REFUGE_Valid,SEARCH,17011,0,FIRST64,OC,SAME64_UPDATE,SAME64_HOLD,-0.11191618235655199,39
REFUGE_Valid,SEARCH,17011,0,FIRST64,OC,NATIVE_HOLD,NATIVE_UPDATE,-0.08680616341383285,39
REFUGE_Valid,SEARCH,17011,0,FIRST64,OC,HISTORY_UPDATE_INTERACTION,ALGEBRA,-0.3819625521648362,39
REFUGE_Valid,SEALED_REVIEW,17011,0,ALL,OD,NATIVE_HOLD,SAME64_HOLD,-7.396347243286144,269
REFUGE_Valid,SEALED_REVIEW,17011,0,ALL,OD,NATIVE_HOLD,SOURCE_HOLD,-5.773014040818595,269
REFUGE_Valid,SEALED_REVIEW,17011,0,ALL,OD,CROSS64_HOLD,SOURCE_HOLD,-1.1884426663979752,269
REFUGE_Valid,SEALED_REVIEW,17011,0,ALL,OD,SOURCE_UPDATE,SOURCE_HOLD,-0.21282237161875628,269
REFUGE_Valid,SEALED_REVIEW,17011,0,ALL,OD,SAME64_UPDATE,SAME64_HOLD,-1.9461007243038182,269
REFUGE_Valid,SEALED_REVIEW,17011,0,ALL,OD,CROSS64_UPDATE,CROSS64_HOLD,-0.24244503497233438,269
REFUGE_Valid,SEALED_REVIEW,17011,0,ALL,OD,NATIVE_UPDATE,ANCHOR,-1.1446600759948922,269
REFUGE_Valid,SEALED_REVIEW,17011,0,ALL,OD,NATIVE_HOLD,NATIVE_UPDATE,-0.3760463401019365,269
REFUGE_Valid,SEALED_REVIEW,17011,0,ALL,OD,NATIVE_HOLD,ANCHOR,-1.5207064160968287,269
REFUGE_Valid,SEALED_REVIEW,17011,0,ALL,OD,HISTORY_UPDATE_INTERACTION,ALGEBRA,-1.7036556893314838,269
REFUGE_Valid,SEALED_REVIEW,17011,0,ALL,OC,NATIVE_HOLD,SAME64_HOLD,-5.975792088034915,269
REFUGE_Valid,SEALED_REVIEW,17011,0,ALL,OC,NATIVE_HOLD,SOURCE_HOLD,-6.07798937084727,269
REFUGE_Valid,SEALED_REVIEW,17011,0,ALL,OC,SAME64_HOLD,SOURCE_HOLD,-0.10219728281235518,269
REFUGE_Valid,SEALED_REVIEW,17011,0,ALL,OC,CROSS64_HOLD,SOURCE_HOLD,-0.8997204772485929,269
REFUGE_Valid,SEALED_REVIEW,17011,0,ALL,OC,NATIVE_UPDATE,NATIVE_HOLD,-0.7348216980300322,269
REFUGE_Valid,SEALED_REVIEW,17011,0,ALL,OC,SOURCE_UPDATE,SOURCE_HOLD,-1.1532787218022804,269
REFUGE_Valid,SEALED_REVIEW,17011,0,ALL,OC,SAME64_UPDATE,SAME64_HOLD,-1.1400256923097203,269
REFUGE_Valid,SEALED_REVIEW,17011,0,ALL,OC,CROSS64_UPDATE,CROSS64_HOLD,-1.0483021178891505,269
REFUGE_Valid,SEALED_REVIEW,17011,0,ALL,OC,HISTORY_UPDATE_INTERACTION,ALGEBRA,-0.09172357442056978,269
REFUGE_Valid,SEALED_REVIEW,17011,0,Q1,OD,NATIVE_HOLD,SAME64_HOLD,-7.662766627828162,69
REFUGE_Valid,SEALED_REVIEW,17011,0,Q1,OD,NATIVE_HOLD,SOURCE_HOLD,-6.3749500036266085,69
REFUGE_Valid,SEALED_REVIEW,17011,0,Q1,OD,CROSS64_HOLD,SOURCE_HOLD,-1.2029112387897811,69
REFUGE_Valid,SEALED_REVIEW,17011,0,Q1,OD,SAME64_UPDATE,SAME64_HOLD,-0.5179060741157002,69
REFUGE_Valid,SEALED_REVIEW,17011,0,Q1,OD,NATIVE_UPDATE,ANCHOR,-0.8878152090432394,69
REFUGE_Valid,SEALED_REVIEW,17011,0,Q1,OD,NATIVE_HOLD,NATIVE_UPDATE,-0.8403413022432886,69
REFUGE_Valid,SEALED_REVIEW,17011,0,Q1,OD,NATIVE_HOLD,ANCHOR,-1.728156511286528,69
REFUGE_Valid,SEALED_REVIEW,17011,0,Q1,OD,HISTORY_UPDATE_INTERACTION,ALGEBRA,-1.798094195345854,69
REFUGE_Valid,SEALED_REVIEW,17011,0,Q1,OC,NATIVE_HOLD,SAME64_HOLD,-6.207117709065038,69
REFUGE_Valid,SEALED_REVIEW,17011,0,Q1,OC,NATIVE_HOLD,SOURCE_HOLD,-6.182244806351214,69
REFUGE_Valid,SEALED_REVIEW,17011,0,Q1,OC,CROSS64_HOLD,SOURCE_HOLD,-0.9753326895399539,69
REFUGE_Valid,SEALED_REVIEW,17011,0,Q1,OC,SOURCE_UPDATE,SOURCE_HOLD,-0.08080076494155719,69
REFUGE_Valid,SEALED_REVIEW,17011,0,Q1,OC,SAME64_UPDATE,SAME64_HOLD,-0.33373776527842836,69
REFUGE_Valid,SEALED_REVIEW,17011,0,Q1,OC,NATIVE_HOLD,NATIVE_UPDATE,-0.16760713580831776,69
REFUGE_Valid,SEALED_REVIEW,17011,0,Q1,OC,HISTORY_UPDATE_INTERACTION,ALGEBRA,-0.5825149748537513,69
REFUGE_Valid,SEALED_REVIEW,17011,0,FIRST64,OD,NATIVE_HOLD,SAME64_HOLD,-8.392303339778294,20
REFUGE_Valid,SEALED_REVIEW,17011,0,FIRST64,OD,NATIVE_HOLD,SOURCE_HOLD,-7.3921730090387285,20
REFUGE_Valid,SEALED_REVIEW,17011,0,FIRST64,OD,CROSS64_HOLD,SOURCE_HOLD,-1.2991325372554172,20
REFUGE_Valid,SEALED_REVIEW,17011,0,FIRST64,OD,SAME64_UPDATE,SAME64_HOLD,-0.21183345673041742,20
REFUGE_Valid,SEALED_REVIEW,17011,0,FIRST64,OD,NATIVE_UPDATE,ANCHOR,-0.49176886769802763,20
REFUGE_Valid,SEALED_REVIEW,17011,0,FIRST64,OD,NATIVE_HOLD,NATIVE_UPDATE,-0.5099005206541136,20
REFUGE_Valid,SEALED_REVIEW,17011,0,FIRST64,OD,NATIVE_HOLD,ANCHOR,-1.0016693883521413,20
REFUGE_Valid,SEALED_REVIEW,17011,0,FIRST64,OD,HISTORY_UPDATE_INTERACTION,ALGEBRA,-1.1827241723535593,20
REFUGE_Valid,SEALED_REVIEW,17011,0,FIRST64,OC,SAME64_UPDATE,CROSS64_UPDATE,-0.220654901104254,20
REFUGE_Valid,SEALED_REVIEW,17011,0,FIRST64,OC,NATIVE_HOLD,SAME64_HOLD,-5.874003263833693,20
REFUGE_Valid,SEALED_REVIEW,17011,0,FIRST64,OC,NATIVE_HOLD,SOURCE_HOLD,-6.70286988591662,20
REFUGE_Valid,SEALED_REVIEW,17011,0,FIRST64,OC,SAME64_HOLD,SOURCE_HOLD,-0.828866622082927,20
REFUGE_Valid,SEALED_REVIEW,17011,0,FIRST64,OC,CROSS64_HOLD,SOURCE_HOLD,-0.8441927199902466,20
REFUGE_Valid,SEALED_REVIEW,17011,0,FIRST64,OC,SOURCE_UPDATE,SOURCE_HOLD,-0.31265034287389426,20
REFUGE_Valid,SEALED_REVIEW,17011,0,FIRST64,OC,SAME64_UPDATE,SAME64_HOLD,-0.2924939475430506,20
REFUGE_Valid,SEALED_REVIEW,17011,0,FIRST64,OC,CROSS64_UPDATE,CROSS64_HOLD,-0.056512948531477036,20
REFUGE_Valid,SEALED_REVIEW,17011,0,FIRST64,OC,NATIVE_HOLD,NATIVE_UPDATE,-0.2000741793655365,20
REFUGE_Valid,SEALED_REVIEW,17011,0,FIRST64,OC,HISTORY_UPDATE_INTERACTION,ALGEBRA,-0.23598099901157354,20
REFUGE_Valid,SEALED_REVIEW,17011,0,Q2,OD,NATIVE_HOLD,SAME64_HOLD,-7.001321562720889,80
REFUGE_Valid,SEALED_REVIEW,17011,0,Q2,OD,NATIVE_HOLD,SOURCE_HOLD,-5.698168376895836,80
REFUGE_Valid,SEALED_REVIEW,17011,0,Q2,OD,CROSS64_HOLD,SOURCE_HOLD,-1.2043023634224568,80
REFUGE_Valid,SEALED_REVIEW,17011,0,Q2,OD,SOURCE_UPDATE,SOURCE_HOLD,-0.28768808780971256,80
REFUGE_Valid,SEALED_REVIEW,17011,0,Q2,OD,SAME64_UPDATE,SAME64_HOLD,-1.5821848219094363,80
REFUGE_Valid,SEALED_REVIEW,17011,0,Q2,OD,NATIVE_UPDATE,ANCHOR,-1.0153463687357487,80
REFUGE_Valid,SEALED_REVIEW,17011,0,Q2,OD,NATIVE_HOLD,NATIVE_UPDATE,-0.6202759683732211,80
REFUGE_Valid,SEALED_REVIEW,17011,0,Q2,OD,NATIVE_HOLD,ANCHOR,-1.6356223371089698,80
REFUGE_Valid,SEALED_REVIEW,17011,0,Q2,OD,HISTORY_UPDATE_INTERACTION,ALGEBRA,-1.7085029275842487,80
REFUGE_Valid,SEALED_REVIEW,17011,0,Q2,OC,NATIVE_HOLD,SAME64_HOLD,-5.911075502830776,80
REFUGE_Valid,SEALED_REVIEW,17011,0,Q2,OC,NATIVE_HOLD,SOURCE_HOLD,-6.034251041979452,80
REFUGE_Valid,SEALED_REVIEW,17011,0,Q2,OC,SAME64_HOLD,SOURCE_HOLD,-0.12317553914867574,80
REFUGE_Valid,SEALED_REVIEW,17011,0,Q2,OC,CROSS64_HOLD,SOURCE_HOLD,-0.9575728517198456,80
REFUGE_Valid,SEALED_REVIEW,17011,0,Q2,OC,NATIVE_UPDATE,NATIVE_HOLD,-0.3562307488457179,80
REFUGE_Valid,SEALED_REVIEW,17011,0,Q2,OC,SOURCE_UPDATE,SOURCE_HOLD,-0.974837229399597,80
REFUGE_Valid,SEALED_REVIEW,17011,0,Q2,OC,SAME64_UPDATE,SAME64_HOLD,-0.8435550704356842,80
REFUGE_Valid,SEALED_REVIEW,17011,0,Q2,OC,CROSS64_UPDATE,CROSS64_HOLD,-0.635588141299479,80
REFUGE_Valid,SEALED_REVIEW,17011,0,Q2,OC,HISTORY_UPDATE_INTERACTION,ALGEBRA,-0.20796692913620518,80
REFUGE_Valid,SEARCH,17011,0,Q2,OD,NATIVE_HOLD,SAME64_HOLD,-6.817811926259367,89
REFUGE_Valid,SEARCH,17011,0,Q2,OD,NATIVE_HOLD,SOURCE_HOLD,-5.291373618578831,89
REFUGE_Valid,SEARCH,17011,0,Q2,OD,CROSS64_HOLD,SOURCE_HOLD,-0.967564565249404,89
REFUGE_Valid,SEARCH,17011,0,Q2,OD,SAME64_UPDATE,SAME64_HOLD,-1.1840187244544893,89
REFUGE_Valid,SEARCH,17011,0,Q2,OD,NATIVE_UPDATE,ANCHOR,-1.1991156963685086,89
REFUGE_Valid,SEARCH,17011,0,Q2,OD,NATIVE_HOLD,NATIVE_UPDATE,-0.9165841219765838,89
REFUGE_Valid,SEARCH,17011,0,Q2,OD,NATIVE_HOLD,ANCHOR,-2.1156998183450924,89
REFUGE_Valid,SEARCH,17011,0,Q2,OD,HISTORY_UPDATE_INTERACTION,ALGEBRA,-1.5811994894702508,89
REFUGE_Valid,SEARCH,17011,0,Q2,OC,NATIVE_HOLD,SAME64_HOLD,-4.826034614470515,89
REFUGE_Valid,SEARCH,17011,0,Q2,OC,NATIVE_HOLD,SOURCE_HOLD,-5.310080739226123,89
REFUGE_Valid,SEARCH,17011,0,Q2,OC,SAME64_HOLD,SOURCE_HOLD,-0.4840461247556078,89
REFUGE_Valid,SEARCH,17011,0,Q2,OC,CROSS64_HOLD,SOURCE_HOLD,-0.6467273857940086,89
REFUGE_Valid,SEARCH,17011,0,Q2,OC,NATIVE_UPDATE,NATIVE_HOLD,-0.40498716166565885,89
REFUGE_Valid,SEARCH,17011,0,Q2,OC,SOURCE_UPDATE,SOURCE_HOLD,-1.4729293115021989,89
REFUGE_Valid,SEARCH,17011,0,Q2,OC,SAME64_UPDATE,SAME64_HOLD,-0.9781363682143507,89
REFUGE_Valid,SEARCH,17011,0,Q2,OC,CROSS64_UPDATE,CROSS64_HOLD,-1.2386784427552584,89
REFUGE_Valid,SEARCH,17011,0,Q3,OD,NATIVE_HOLD,SAME64_HOLD,-6.240630609239275,100
REFUGE_Valid,SEARCH,17011,0,Q3,OD,NATIVE_HOLD,SOURCE_HOLD,-4.299624980039084,100
REFUGE_Valid,SEARCH,17011,0,Q3,OD,CROSS64_HOLD,SOURCE_HOLD,-0.9553178072909105,100
REFUGE_Valid,SEARCH,17011,0,Q3,OD,SOURCE_UPDATE,SOURCE_HOLD,-0.018425705391521774,100
REFUGE_Valid,SEARCH,17011,0,Q3,OD,SAME64_UPDATE,SAME64_HOLD,-2.152417287008248,100
REFUGE_Valid,SEARCH,17011,0,Q3,OD,CROSS64_UPDATE,CROSS64_HOLD,-0.43728629568869337,100
REFUGE_Valid,SEARCH,17011,0,Q3,OD,NATIVE_UPDATE,ANCHOR,-1.370466554337682,100
REFUGE_Valid,SEARCH,17011,0,Q3,OD,NATIVE_HOLD,NATIVE_UPDATE,-0.37414518137195785,100
REFUGE_Valid,SEARCH,17011,0,Q3,OD,NATIVE_HOLD,ANCHOR,-1.7446117357096398,100
REFUGE_Valid,SEARCH,17011,0,Q3,OD,HISTORY_UPDATE_INTERACTION,ALGEBRA,-1.7151309913195547,100
REFUGE_Valid,SEARCH,17011,0,Q3,OC,NATIVE_HOLD,SAME64_HOLD,-5.25642855054803,100
REFUGE_Valid,SEARCH,17011,0,Q3,OC,NATIVE_HOLD,SOURCE_HOLD,-4.876133568904571,100
REFUGE_Valid,SEARCH,17011,0,Q3,OC,CROSS64_HOLD,SOURCE_HOLD,-0.7913566824595506,100
REFUGE_Valid,SEARCH,17011,0,Q3,OC,NATIVE_UPDATE,NATIVE_HOLD,-1.0899158260978226,100
REFUGE_Valid,SEARCH,17011,0,Q3,OC,SOURCE_UPDATE,SOURCE_HOLD,-0.7135047535335701,100
REFUGE_Valid,SEARCH,17011,0,Q3,OC,SAME64_UPDATE,SAME64_HOLD,-1.1234753597067737,100
REFUGE_Valid,SEARCH,17011,0,Q3,OC,CROSS64_UPDATE,CROSS64_HOLD,-0.8023963817616817,100
REFUGE_Valid,SEARCH,17011,0,Q3,OC,NATIVE_UPDATE,ANCHOR,-0.05931983699122867,100
REFUGE_Valid,SEARCH,17011,0,Q3,OC,HISTORY_UPDATE_INTERACTION,ALGEBRA,-0.321078977945092,100
REFUGE_Valid,SEALED_REVIEW,17011,0,Q3,OD,NATIVE_HOLD,SAME64_HOLD,-8.087565406587302,68
REFUGE_Valid,SEALED_REVIEW,17011,0,Q3,OD,NATIVE_HOLD,SOURCE_HOLD,-5.9467703192503905,68
REFUGE_Valid,SEALED_REVIEW,17011,0,Q3,OD,CROSS64_HOLD,SOURCE_HOLD,-1.357545796351431,68
REFUGE_Valid,SEALED_REVIEW,17011,0,Q3,OD,SOURCE_UPDATE,SOURCE_HOLD,-0.36717855000773625,68
REFUGE_Valid,SEALED_REVIEW,17011,0,Q3,OD,SAME64_UPDATE,SAME64_HOLD,-2.733651882174911,68
REFUGE_Valid,SEALED_REVIEW,17011,0,Q3,OD,CROSS64_UPDATE,CROSS64_HOLD,-0.8460729648024028,68
REFUGE_Valid,SEALED_REVIEW,17011,0,Q3,OD,NATIVE_UPDATE,ANCHOR,-1.3235310070663644,68
REFUGE_Valid,SEALED_REVIEW,17011,0,Q3,OD,NATIVE_HOLD,NATIVE_UPDATE,-0.20736386154079867,68
REFUGE_Valid,SEALED_REVIEW,17011,0,Q3,OD,NATIVE_HOLD,ANCHOR,-1.530894868607163,68
REFUGE_Valid,SEALED_REVIEW,17011,0,Q3,OD,HISTORY_UPDATE_INTERACTION,ALGEBRA,-1.8875789173725082,68
REFUGE_Valid,SEALED_REVIEW,17011,0,Q3,OC,NATIVE_HOLD,SAME64_HOLD,-5.445074785840362,68
REFUGE_Valid,SEALED_REVIEW,17011,0,Q3,OC,NATIVE_HOLD,SOURCE_HOLD,-5.946091994138584,68
REFUGE_Valid,SEALED_REVIEW,17011,0,Q3,OC,SAME64_HOLD,SOURCE_HOLD,-0.5010172082982223,68
REFUGE_Valid,SEALED_REVIEW,17011,0,Q3,OC,CROSS64_HOLD,SOURCE_HOLD,-0.7382141041612158,68
REFUGE_Valid,SEALED_REVIEW,17011,0,Q3,OC,NATIVE_UPDATE,NATIVE_HOLD,-1.2542373422071122,68
REFUGE_Valid,SEALED_REVIEW,17011,0,Q3,OC,SOURCE_UPDATE,SOURCE_HOLD,-1.934218995085061,68
REFUGE_Valid,SEALED_REVIEW,17011,0,Q3,OC,SAME64_UPDATE,SAME64_HOLD,-1.4834332278786633,68
REFUGE_Valid,SEALED_REVIEW,17011,0,Q3,OC,CROSS64_UPDATE,CROSS64_HOLD,-2.0154970898414177,68
REFUGE_Valid,SEALED_REVIEW,17011,0,Q3,OC,NATIVE_UPDATE,ANCHOR,-0.054882644168820605,68
REFUGE_Valid,SEARCH,17011,0,Q4,OD,NATIVE_HOLD,SAME64_HOLD,-6.5388891366308854,120
REFUGE_Valid,SEARCH,17011,0,Q4,OD,NATIVE_HOLD,SOURCE_HOLD,-4.696772381571165,120
REFUGE_Valid,SEARCH,17011,0,Q4,OD,CROSS64_HOLD,SOURCE_HOLD,-1.0732368898509748,120
REFUGE_Valid,SEARCH,17011,0,Q4,OD,NATIVE_UPDATE,NATIVE_HOLD,-0.17855758148868972,120
REFUGE_Valid,SEARCH,17011,0,Q4,OD,SOURCE_UPDATE,SOURCE_HOLD,-1.4618715237314177,120
REFUGE_Valid,SEARCH,17011,0,Q4,OD,SAME64_UPDATE,SAME64_HOLD,-3.606737038209033,120
REFUGE_Valid,SEARCH,17011,0,Q4,OD,CROSS64_UPDATE,CROSS64_HOLD,-2.3823121774888563,120
REFUGE_Valid,SEARCH,17011,0,Q4,OD,NATIVE_UPDATE,ANCHOR,-1.5286423449605024,120
REFUGE_Valid,SEARCH,17011,0,Q4,OD,NATIVE_HOLD,ANCHOR,-1.3500847634718127,120
REFUGE_Valid,SEARCH,17011,0,Q4,OD,CROSS64_UPDATE,ANCHOR,-0.10886144924047869,120
REFUGE_Valid,SEARCH,17011,0,Q4,OD,HISTORY_UPDATE_INTERACTION,ALGEBRA,-1.2244248607201769,120
REFUGE_Valid,SEARCH,17011,0,Q4,OC,NATIVE_HOLD,SAME64_HOLD,-5.7844487228679,120
REFUGE_Valid,SEARCH,17011,0,Q4,OC,NATIVE_HOLD,SOURCE_HOLD,-5.625613379401877,120
REFUGE_Valid,SEARCH,17011,0,Q4,OC,CROSS64_HOLD,SOURCE_HOLD,-0.8394111809007541,120
REFUGE_Valid,SEARCH,17011,0,Q4,OC,NATIVE_UPDATE,NATIVE_HOLD,-1.8274551467524915,120
REFUGE_Valid,SEARCH,17011,0,Q4,OC,SOURCE_UPDATE,SOURCE_HOLD,-1.8335342721087784,120
REFUGE_Valid,SEARCH,17011,0,Q4,OC,SAME64_UPDATE,SAME64_HOLD,-2.1418995579062425,120
REFUGE_Valid,SEARCH,17011,0,Q4,OC,CROSS64_UPDATE,CROSS64_HOLD,-2.059168652184354,120
REFUGE_Valid,SEARCH,17011,0,Q4,OC,NATIVE_UPDATE,ANCHOR,-0.18154185769671471,120
REFUGE_Valid,SEARCH,17011,0,Q4,OC,HISTORY_UPDATE_INTERACTION,ALGEBRA,-0.08273090572188835,120
REFUGE_Valid,SEALED_REVIEW,17011,0,Q4,OD,NATIVE_HOLD,SAME64_HOLD,-6.74666035496584,52
REFUGE_Valid,SEALED_REVIEW,17011,0,Q4,OD,NATIVE_HOLD,SOURCE_HOLD,-4.862218747486054,52
REFUGE_Valid,SEALED_REVIEW,17011,0,Q4,OD,CROSS64_HOLD,SOURCE_HOLD,-0.9237095876705155,52
REFUGE_Valid,SEALED_REVIEW,17011,0,Q4,OD,NATIVE_UPDATE,NATIVE_HOLD,-0.39519046965375537,52
REFUGE_Valid,SEALED_REVIEW,17011,0,Q4,OD,SOURCE_UPDATE,SOURCE_HOLD,-1.1993784055617454,52
REFUGE_Valid,SEALED_REVIEW,17011,0,Q4,OD,SAME64_UPDATE,SAME64_HOLD,-3.371201191982621,52
REFUGE_Valid,SEALED_REVIEW,17011,0,Q4,OD,CROSS64_UPDATE,CROSS64_HOLD,-2.0408304157665356,52
REFUGE_Valid,SEALED_REVIEW,17011,0,Q4,OD,NATIVE_UPDATE,ANCHOR,-1.4505094815244348,52
REFUGE_Valid,SEALED_REVIEW,17011,0,Q4,OD,NATIVE_HOLD,ANCHOR,-1.0553190118706794,52
REFUGE_Valid,SEALED_REVIEW,17011,0,Q4,OD,HISTORY_UPDATE_INTERACTION,ALGEBRA,-1.3303707762160855,52
REFUGE_Valid,SEALED_REVIEW,17011,0,Q4,OC,NATIVE_HOLD,SAME64_HOLD,-6.462419694082584,52
REFUGE_Valid,SEALED_REVIEW,17011,0,Q4,OC,NATIVE_HOLD,SOURCE_HOLD,-6.1794213492288605,52
REFUGE_Valid,SEALED_REVIEW,17011,0,Q4,OC,CROSS64_HOLD,SOURCE_HOLD,-0.9215858765588933,52
REFUGE_Valid,SEALED_REVIEW,17011,0,Q4,OC,NATIVE_UPDATE,NATIVE_HOLD,-1.8354871146752174,52
REFUGE_Valid,SEALED_REVIEW,17011,0,Q4,OC,SOURCE_UPDATE,SOURCE_HOLD,-1.8296702570402488,52
REFUGE_Valid,SEALED_REVIEW,17011,0,Q4,OC,SAME64_UPDATE,SAME64_HOLD,-2.2169450057018736,52
REFUGE_Valid,SEALED_REVIEW,17011,0,Q4,OC,CROSS64_UPDATE,CROSS64_HOLD,-2.1395777646097542,52
REFUGE_Valid,SEALED_REVIEW,17011,0,Q4,OC,NATIVE_UPDATE,ANCHOR,-0.19871220995814554,52
REFUGE_Valid,SEALED_REVIEW,17011,0,Q4,OC,HISTORY_UPDATE_INTERACTION,ALGEBRA,-0.07736724109211934,52
ORIGA,SEARCH,17011,1,ALL,OD,CROSS64_HOLD,SOURCE_HOLD,-0.3206282396173492,316
ORIGA,SEARCH,17011,1,ALL,OD,NATIVE_UPDATE,ANCHOR,-0.311718241653125,316
ORIGA,SEARCH,17011,1,ALL,OD,NATIVE_HOLD,NATIVE_UPDATE,-3.646572432664854,316
ORIGA,SEARCH,17011,1,ALL,OD,NATIVE_HOLD,ANCHOR,-3.958290674317979,316
ORIGA,SEARCH,17011,1,ALL,OD,SOURCE_UPDATE,NATIVE_UPDATE,-3.8679865884342206,316
ORIGA,SEARCH,17011,1,ALL,OD,SOURCE_UPDATE,ANCHOR,-4.179704830087346,316
ORIGA,SEARCH,17011,1,ALL,OD,SOURCE_HOLD,NATIVE_UPDATE,-12.762708694182123,316
ORIGA,SEARCH,17011,1,ALL,OD,SOURCE_HOLD,ANCHOR,-13.074426935835248,316
ORIGA,SEARCH,17011,1,ALL,OD,SAME64_UPDATE,NATIVE_UPDATE,-2.7096996719319435,316
ORIGA,SEARCH,17011,1,ALL,OD,SAME64_UPDATE,ANCHOR,-3.0214179135850685,316
ORIGA,SEARCH,17011,1,ALL,OD,SAME64_HOLD,NATIVE_UPDATE,-9.334377368428662,316
ORIGA,SEARCH,17011,1,ALL,OD,SAME64_HOLD,ANCHOR,-9.646095610081787,316
ORIGA,SEARCH,17011,1,ALL,OD,CROSS64_UPDATE,NATIVE_UPDATE,-3.9282689051000688,316
ORIGA,SEARCH,17011,1,ALL,OD,CROSS64_UPDATE,ANCHOR,-4.239987146753194,316
ORIGA,SEARCH,17011,1,ALL,OD,CROSS64_HOLD,NATIVE_UPDATE,-13.083336933799472,316
ORIGA,SEARCH,17011,1,ALL,OD,CROSS64_HOLD,ANCHOR,-13.395055175452597,316
ORIGA,SEARCH,17011,1,ALL,OD,HISTORY_UPDATE_INTERACTION,ALGEBRA,-2.5303903322026855,316
ORIGA,SEARCH,17011,1,ALL,OC,CROSS64_HOLD,SOURCE_HOLD,-0.7625525951335277,316
ORIGA,SEARCH,17011,1,ALL,OC,NATIVE_UPDATE,ANCHOR,-0.438676294962022,316
ORIGA,SEARCH,17011,1,ALL,OC,NATIVE_HOLD,NATIVE_UPDATE,-5.308328188716956,316
ORIGA,SEARCH,17011,1,ALL,OC,NATIVE_HOLD,ANCHOR,-5.747004483678978,316
ORIGA,SEARCH,17011,1,ALL,OC,SOURCE_UPDATE,NATIVE_UPDATE,-3.458207745919367,316
ORIGA,SEARCH,17011,1,ALL,OC,SOURCE_UPDATE,ANCHOR,-3.896884040881389,316
ORIGA,SEARCH,17011,1,ALL,OC,SOURCE_HOLD,NATIVE_UPDATE,-13.549061308847186,316
ORIGA,SEARCH,17011,1,ALL,OC,SOURCE_HOLD,ANCHOR,-13.987737603809208,316
ORIGA,SEARCH,17011,1,ALL,OC,SAME64_UPDATE,NATIVE_UPDATE,-1.683107584066775,316
ORIGA,SEARCH,17011,1,ALL,OC,SAME64_UPDATE,ANCHOR,-2.121783879028797,316
ORIGA,SEARCH,17011,1,ALL,OC,SAME64_HOLD,NATIVE_UPDATE,-9.417893688273793,316
ORIGA,SEARCH,17011,1,ALL,OC,SAME64_HOLD,ANCHOR,-9.856569983235815,316
ORIGA,SEARCH,17011,1,ALL,OC,CROSS64_UPDATE,NATIVE_UPDATE,-4.094310227835251,316
ORIGA,SEARCH,17011,1,ALL,OC,CROSS64_UPDATE,ANCHOR,-4.532986522797273,316
ORIGA,SEARCH,17011,1,ALL,OC,CROSS64_HOLD,NATIVE_UPDATE,-14.311613903980714,316
ORIGA,SEARCH,17011,1,ALL,OC,CROSS64_HOLD,ANCHOR,-14.750290198942736,316
ORIGA,SEARCH,17011,1,ALL,OC,HISTORY_UPDATE_INTERACTION,ALGEBRA,-2.4825175719384447,316
ORIGA,SEARCH,17011,1,Q1,OD,CROSS64_HOLD,SOURCE_HOLD,-0.4726899867272607,81
ORIGA,SEARCH,17011,1,Q1,OD,NATIVE_UPDATE,ANCHOR,-0.6272193317594201,81
ORIGA,SEARCH,17011,1,Q1,OD,NATIVE_HOLD,NATIVE_UPDATE,-2.5910825541144646,81
ORIGA,SEARCH,17011,1,Q1,OD,NATIVE_HOLD,ANCHOR,-3.2183018858738848,81
ORIGA,SEARCH,17011,1,Q1,OD,SOURCE_UPDATE,NATIVE_UPDATE,-6.706143270316517,81
ORIGA,SEARCH,17011,1,Q1,OD,SOURCE_UPDATE,ANCHOR,-7.333362602075937,81
ORIGA,SEARCH,17011,1,Q1,OD,SOURCE_HOLD,NATIVE_UPDATE,-11.690441538635753,81
ORIGA,SEARCH,17011,1,Q1,OD,SOURCE_HOLD,ANCHOR,-12.317660870395173,81
ORIGA,SEARCH,17011,1,Q1,OD,SAME64_UPDATE,NATIVE_UPDATE,-4.140606882101167,81
ORIGA,SEARCH,17011,1,Q1,OD,SAME64_UPDATE,ANCHOR,-4.767826213860587,81
ORIGA,SEARCH,17011,1,Q1,OD,SAME64_HOLD,NATIVE_UPDATE,-8.282195687488581,81
ORIGA,SEARCH,17011,1,Q1,OD,SAME64_HOLD,ANCHOR,-8.909415019248001,81
ORIGA,SEARCH,17011,1,Q1,OD,CROSS64_UPDATE,NATIVE_UPDATE,-6.690439962638521,81
ORIGA,SEARCH,17011,1,Q1,OD,CROSS64_UPDATE,ANCHOR,-7.3176592943979415,81
ORIGA,SEARCH,17011,1,Q1,OD,CROSS64_HOLD,NATIVE_UPDATE,-12.163131525363013,81
ORIGA,SEARCH,17011,1,Q1,OD,CROSS64_HOLD,ANCHOR,-12.790350857122434,81
ORIGA,SEARCH,17011,1,Q1,OD,HISTORY_UPDATE_INTERACTION,ALGEBRA,-1.331102757337078,81
ORIGA,SEARCH,17011,1,Q1,OC,CROSS64_HOLD,SOURCE_HOLD,-0.7556090153287727,81
ORIGA,SEARCH,17011,1,Q1,OC,NATIVE_UPDATE,ANCHOR,-0.3980660008072334,81
ORIGA,SEARCH,17011,1,Q1,OC,NATIVE_HOLD,NATIVE_UPDATE,-3.5751018518588538,81
ORIGA,SEARCH,17011,1,Q1,OC,NATIVE_HOLD,ANCHOR,-3.973167852666087,81
ORIGA,SEARCH,17011,1,Q1,OC,SOURCE_UPDATE,NATIVE_UPDATE,-6.236762401348145,81
ORIGA,SEARCH,17011,1,Q1,OC,SOURCE_UPDATE,ANCHOR,-6.634828402155378,81
ORIGA,SEARCH,17011,1,Q1,OC,SOURCE_HOLD,NATIVE_UPDATE,-11.74418104389538,81
ORIGA,SEARCH,17011,1,Q1,OC,SOURCE_HOLD,ANCHOR,-12.142247044702614,81
ORIGA,SEARCH,17011,1,Q1,OC,SAME64_UPDATE,NATIVE_UPDATE,-2.2764562484451147,81
ORIGA,SEARCH,17011,1,Q1,OC,SAME64_UPDATE,ANCHOR,-2.674522249252348,81
ORIGA,SEARCH,17011,1,Q1,OC,SAME64_HOLD,NATIVE_UPDATE,-7.2696631855287634,81
ORIGA,SEARCH,17011,1,Q1,OC,SAME64_HOLD,ANCHOR,-7.667729186335997,81
ORIGA,SEARCH,17011,1,Q1,OC,CROSS64_UPDATE,NATIVE_UPDATE,-6.710171860545842,81
ORIGA,SEARCH,17011,1,Q1,OC,CROSS64_UPDATE,ANCHOR,-7.108237861353075,81
ORIGA,SEARCH,17011,1,Q1,OC,CROSS64_HOLD,NATIVE_UPDATE,-12.499790059224154,81
ORIGA,SEARCH,17011,1,Q1,OC,CROSS64_HOLD,ANCHOR,-12.897856060031387,81
ORIGA,SEARCH,17011,1,Q1,OC,HISTORY_UPDATE_INTERACTION,ALGEBRA,-0.7964112615946632,81
ORIGA,SEARCH,17011,1,FIRST64,OD,CROSS64_HOLD,SOURCE_HOLD,-0.1834983582131713,35
ORIGA,SEARCH,17011,1,FIRST64,OD,NATIVE_UPDATE,ANCHOR,-0.6357250945661832,35
ORIGA,SEARCH,17011,1,FIRST64,OD,NATIVE_HOLD,NATIVE_UPDATE,-1.1041284858254414,35
ORIGA,SEARCH,17011,1,FIRST64,OD,NATIVE_HOLD,ANCHOR,-1.7398535803916246,35
ORIGA,SEARCH,17011,1,FIRST64,OD,SOURCE_UPDATE,NATIVE_UPDATE,-6.079986161698486,35
ORIGA,SEARCH,17011,1,FIRST64,OD,SOURCE_UPDATE,ANCHOR,-6.715711256264669,35
ORIGA,SEARCH,17011,1,FIRST64,OD,SOURCE_HOLD,NATIVE_UPDATE,-8.494783826506449,35
ORIGA,SEARCH,17011,1,FIRST64,OD,SOURCE_HOLD,ANCHOR,-9.130508921072632,35
ORIGA,SEARCH,17011,1,FIRST64,OD,SAME64_UPDATE,NATIVE_UPDATE,-3.780650103619621,35
ORIGA,SEARCH,17011,1,FIRST64,OD,SAME64_UPDATE,ANCHOR,-4.416375198185804,35
ORIGA,SEARCH,17011,1,FIRST64,OD,SAME64_HOLD,NATIVE_UPDATE,-5.373414240822896,35
ORIGA,SEARCH,17011,1,FIRST64,OD,SAME64_HOLD,ANCHOR,-6.009139335389079,35
ORIGA,SEARCH,17011,1,FIRST64,OD,CROSS64_UPDATE,NATIVE_UPDATE,-6.092586665523328,35
ORIGA,SEARCH,17011,1,FIRST64,OD,CROSS64_UPDATE,ANCHOR,-6.728311760089511,35
ORIGA,SEARCH,17011,1,FIRST64,OD,CROSS64_HOLD,NATIVE_UPDATE,-8.67828218471962,35
ORIGA,SEARCH,17011,1,FIRST64,OD,CROSS64_HOLD,ANCHOR,-9.314007279285804,35
ORIGA,SEARCH,17011,1,FIRST64,OD,HISTORY_UPDATE_INTERACTION,ALGEBRA,-0.9929313819930172,35
ORIGA,SEARCH,17011,1,FIRST64,OC,CROSS64_HOLD,SOURCE_HOLD,-0.5331916864183412,35
ORIGA,SEARCH,17011,1,FIRST64,OC,NATIVE_UPDATE,ANCHOR,-0.43801890419143774,35
ORIGA,SEARCH,17011,1,FIRST64,OC,NATIVE_HOLD,NATIVE_UPDATE,-1.541370304838665,35
ORIGA,SEARCH,17011,1,FIRST64,OC,NATIVE_HOLD,ANCHOR,-1.9793892090301028,35
ORIGA,SEARCH,17011,1,FIRST64,OC,SOURCE_UPDATE,NATIVE_UPDATE,-4.502256667645341,35
ORIGA,SEARCH,17011,1,FIRST64,OC,SOURCE_UPDATE,ANCHOR,-4.940275571836779,35
ORIGA,SEARCH,17011,1,FIRST64,OC,SOURCE_HOLD,NATIVE_UPDATE,-7.531767763836783,35
ORIGA,SEARCH,17011,1,FIRST64,OC,SOURCE_HOLD,ANCHOR,-7.96978666802822,35
ORIGA,SEARCH,17011,1,FIRST64,OC,SAME64_UPDATE,NATIVE_UPDATE,-0.9945649975942104,35
ORIGA,SEARCH,17011,1,FIRST64,OC,SAME64_UPDATE,ANCHOR,-1.432583901785648,35
ORIGA,SEARCH,17011,1,FIRST64,OC,SAME64_HOLD,NATIVE_UPDATE,-2.9302938572214074,35
ORIGA,SEARCH,17011,1,FIRST64,OC,SAME64_HOLD,ANCHOR,-3.368312761412845,35
ORIGA,SEARCH,17011,1,FIRST64,OC,CROSS64_UPDATE,NATIVE_UPDATE,-5.202116048829382,35
ORIGA,SEARCH,17011,1,FIRST64,OC,CROSS64_UPDATE,ANCHOR,-5.640134953020819,35
ORIGA,SEARCH,17011,1,FIRST64,OC,CROSS64_HOLD,NATIVE_UPDATE,-8.064959450255124,35
ORIGA,SEARCH,17011,1,FIRST64,OC,CROSS64_HOLD,ANCHOR,-8.502978354446562,35
ORIGA,SEARCH,17011,1,FIRST64,OC,HISTORY_UPDATE_INTERACTION,ALGEBRA,-0.9271145417985451,35
ORIGA,SEALED_REVIEW,17011,1,ALL,OD,CROSS64_HOLD,SOURCE_HOLD,-0.04245045479004261,210
ORIGA,SEALED_REVIEW,17011,1,ALL,OD,NATIVE_UPDATE,ANCHOR,-0.22503279180217817,210
ORIGA,SEALED_REVIEW,17011,1,ALL,OD,NATIVE_HOLD,NATIVE_UPDATE,-3.0631495761906393,210
ORIGA,SEALED_REVIEW,17011,1,ALL,OD,NATIVE_HOLD,ANCHOR,-3.2881823679928175,210
ORIGA,SEALED_REVIEW,17011,1,ALL,OD,SOURCE_UPDATE,NATIVE_UPDATE,-3.6308294277230715,210
ORIGA,SEALED_REVIEW,17011,1,ALL,OD,SOURCE_UPDATE,ANCHOR,-3.8558622195252497,210
ORIGA,SEALED_REVIEW,17011,1,ALL,OD,SOURCE_HOLD,NATIVE_UPDATE,-12.62410450581612,210
ORIGA,SEALED_REVIEW,17011,1,ALL,OD,SOURCE_HOLD,ANCHOR,-12.849137297618299,210
ORIGA,SEALED_REVIEW,17011,1,ALL,OD,SAME64_UPDATE,NATIVE_UPDATE,-2.391790905213824,210
ORIGA,SEALED_REVIEW,17011,1,ALL,OD,SAME64_UPDATE,ANCHOR,-2.6168236970160024,210
ORIGA,SEALED_REVIEW,17011,1,ALL,OD,SAME64_HOLD,NATIVE_UPDATE,-8.856507052317767,210
ORIGA,SEALED_REVIEW,17011,1,ALL,OD,SAME64_HOLD,ANCHOR,-9.081539844119945,210
ORIGA,SEALED_REVIEW,17011,1,ALL,OD,CROSS64_UPDATE,NATIVE_UPDATE,-3.587215215257018,210
ORIGA,SEALED_REVIEW,17011,1,ALL,OD,CROSS64_UPDATE,ANCHOR,-3.812248007059196,210
ORIGA,SEALED_REVIEW,17011,1,ALL,OD,CROSS64_HOLD,NATIVE_UPDATE,-12.666554960606163,210
ORIGA,SEALED_REVIEW,17011,1,ALL,OD,CROSS64_HOLD,ANCHOR,-12.891587752408341,210
ORIGA,SEALED_REVIEW,17011,1,ALL,OD,HISTORY_UPDATE_INTERACTION,ALGEBRA,-2.6146235982452026,210
ORIGA,SEALED_REVIEW,17011,1,ALL,OC,CROSS64_HOLD,SOURCE_HOLD,-0.4534704382539161,210
ORIGA,SEALED_REVIEW,17011,1,ALL,OC,NATIVE_UPDATE,ANCHOR,-0.31489496287936447,210
ORIGA,SEALED_REVIEW,17011,1,ALL,OC,NATIVE_HOLD,NATIVE_UPDATE,-4.357681765084493,210
ORIGA,SEALED_REVIEW,17011,1,ALL,OC,NATIVE_HOLD,ANCHOR,-4.6725767279638575,210
ORIGA,SEALED_REVIEW,17011,1,ALL,OC,SOURCE_UPDATE,NATIVE_UPDATE,-2.5583613349803045,210
ORIGA,SEALED_REVIEW,17011,1,ALL,OC,SOURCE_UPDATE,ANCHOR,-2.873256297859669,210
ORIGA,SEALED_REVIEW,17011,1,ALL,OC,SOURCE_HOLD,NATIVE_UPDATE,-12.49760026971498,210
ORIGA,SEALED_REVIEW,17011,1,ALL,OC,SOURCE_HOLD,ANCHOR,-12.812495232594344,210
ORIGA,SEALED_REVIEW,17011,1,ALL,OC,SAME64_UPDATE,NATIVE_UPDATE,-0.8944508423050053,210
ORIGA,SEALED_REVIEW,17011,1,ALL,OC,SAME64_UPDATE,ANCHOR,-1.2093458051843697,210
ORIGA,SEALED_REVIEW,17011,1,ALL,OC,SAME64_HOLD,NATIVE_UPDATE,-7.9592496326536235,210
ORIGA,SEALED_REVIEW,17011,1,ALL,OC,SAME64_HOLD,ANCHOR,-8.274144595532988,210
ORIGA,SEALED_REVIEW,17011,1,ALL,OC,CROSS64_UPDATE,NATIVE_UPDATE,-3.1018067357154706,210
ORIGA,SEALED_REVIEW,17011,1,ALL,OC,CROSS64_UPDATE,ANCHOR,-3.416701698594835,210
ORIGA,SEALED_REVIEW,17011,1,ALL,OC,CROSS64_HOLD,NATIVE_UPDATE,-12.951070707968896,210
ORIGA,SEALED_REVIEW,17011,1,ALL,OC,CROSS64_HOLD,ANCHOR,-13.26596567084826,210
ORIGA,SEALED_REVIEW,17011,1,ALL,OC,HISTORY_UPDATE_INTERACTION,ALGEBRA,-2.7844651819048067,210
ORIGA,SEALED_REVIEW,17011,1,Q1,OD,CROSS64_HOLD,SOURCE_HOLD,-0.4151478576429639,46
ORIGA,SEALED_REVIEW,17011,1,Q1,OD,NATIVE_UPDATE,ANCHOR,-0.6201672491282864,46
ORIGA,SEALED_REVIEW,17011,1,Q1,OD,NATIVE_HOLD,NATIVE_UPDATE,-2.3714674210239366,46
ORIGA,SEALED_REVIEW,17011,1,Q1,OD,NATIVE_HOLD,ANCHOR,-2.991634670152223,46
ORIGA,SEALED_REVIEW,17011,1,Q1,OD,SOURCE_UPDATE,NATIVE_UPDATE,-7.556724580648805,46
ORIGA,SEALED_REVIEW,17011,1,Q1,OD,SOURCE_UPDATE,ANCHOR,-8.176891829777091,46
ORIGA,SEALED_REVIEW,17011,1,Q1,OD,SOURCE_HOLD,NATIVE_UPDATE,-14.024677604316324,46
ORIGA,SEALED_REVIEW,17011,1,Q1,OD,SOURCE_HOLD,ANCHOR,-14.64484485344461,46
ORIGA,SEALED_REVIEW,17011,1,Q1,OD,SAME64_UPDATE,NATIVE_UPDATE,-4.355053245922463,46
ORIGA,SEALED_REVIEW,17011,1,Q1,OD,SAME64_UPDATE,ANCHOR,-4.975220495050749,46
ORIGA,SEALED_REVIEW,17011,1,Q1,OD,SAME64_HOLD,NATIVE_UPDATE,-9.019228269770267,46
ORIGA,SEALED_REVIEW,17011,1,Q1,OD,SAME64_HOLD,ANCHOR,-9.639395518898553,46
ORIGA,SEALED_REVIEW,17011,1,Q1,OD,CROSS64_UPDATE,NATIVE_UPDATE,-7.480082026158684,46
ORIGA,SEALED_REVIEW,17011,1,Q1,OD,CROSS64_UPDATE,ANCHOR,-8.10024927528697,46
ORIGA,SEALED_REVIEW,17011,1,Q1,OD,CROSS64_HOLD,NATIVE_UPDATE,-14.439825461959288,46
ORIGA,SEALED_REVIEW,17011,1,Q1,OD,CROSS64_HOLD,ANCHOR,-15.059992711087574,46
ORIGA,SEALED_REVIEW,17011,1,Q1,OD,HISTORY_UPDATE_INTERACTION,ALGEBRA,-2.2955684119528,46
ORIGA,SEALED_REVIEW,17011,1,Q1,OC,CROSS64_HOLD,SOURCE_HOLD,-1.2037109280573617,46
ORIGA,SEALED_REVIEW,17011,1,Q1,OC,NATIVE_UPDATE,ANCHOR,-0.505422229678743,46
ORIGA,SEALED_REVIEW,17011,1,Q1,OC,NATIVE_HOLD,NATIVE_UPDATE,-3.12598018398009,46
ORIGA,SEALED_REVIEW,17011,1,Q1,OC,NATIVE_HOLD,ANCHOR,-3.631402413658833,46
ORIGA,SEALED_REVIEW,17011,1,Q1,OC,SOURCE_UPDATE,NATIVE_UPDATE,-7.128980408823047,46
ORIGA,SEALED_REVIEW,17011,1,Q1,OC,SOURCE_UPDATE,ANCHOR,-7.63440263850179,46
ORIGA,SEALED_REVIEW,17011,1,Q1,OC,SOURCE_HOLD,NATIVE_UPDATE,-14.416741667615938,46
ORIGA,SEALED_REVIEW,17011,1,Q1,OC,SOURCE_HOLD,ANCHOR,-14.92216389729468,46
ORIGA,SEALED_REVIEW,17011,1,Q1,OC,SAME64_UPDATE,NATIVE_UPDATE,-2.830077368750949,46
ORIGA,SEALED_REVIEW,17011,1,Q1,OC,SAME64_UPDATE,ANCHOR,-3.335499598429692,46
ORIGA,SEALED_REVIEW,17011,1,Q1,OC,SAME64_HOLD,NATIVE_UPDATE,-9.10068087829493,46
ORIGA,SEALED_REVIEW,17011,1,Q1,OC,SAME64_HOLD,ANCHOR,-9.606103107973674,46
ORIGA,SEALED_REVIEW,17011,1,Q1,OC,CROSS64_UPDATE,NATIVE_UPDATE,-7.865081597501401,46
ORIGA,SEALED_REVIEW,17011,1,Q1,OC,CROSS64_UPDATE,ANCHOR,-8.370503827180144,46
ORIGA,SEALED_REVIEW,17011,1,Q1,OC,CROSS64_HOLD,NATIVE_UPDATE,-15.6204525956733,46
ORIGA,SEALED_REVIEW,17011,1,Q1,OC,CROSS64_HOLD,ANCHOR,-16.125874825352042,46
ORIGA,SEALED_REVIEW,17011,1,Q1,OC,HISTORY_UPDATE_INTERACTION,ALGEBRA,-1.4847674886279165,46
ORIGA,SEALED_REVIEW,17011,1,FIRST64,OD,CROSS64_HOLD,SOURCE_HOLD,-0.6240487020918835,20
ORIGA,SEALED_REVIEW,17011,1,FIRST64,OD,NATIVE_UPDATE,ANCHOR,-0.5476601773560361,20
ORIGA,SEALED_REVIEW,17011,1,FIRST64,OD,NATIVE_HOLD,NATIVE_UPDATE,-1.0624181662758474,20
ORIGA,SEALED_REVIEW,17011,1,FIRST64,OD,NATIVE_HOLD,ANCHOR,-1.6100783436318835,20
ORIGA,SEALED_REVIEW,17011,1,FIRST64,OD,SOURCE_UPDATE,NATIVE_UPDATE,-7.985290451549787,20
ORIGA,SEALED_REVIEW,17011,1,FIRST64,OD,SOURCE_UPDATE,ANCHOR,-8.532950628905823,20
ORIGA,SEALED_REVIEW,17011,1,FIRST64,OD,SOURCE_HOLD,NATIVE_UPDATE,-11.455659160157538,20
ORIGA,SEALED_REVIEW,17011,1,FIRST64,OD,SOURCE_HOLD,ANCHOR,-12.003319337513574,20
ORIGA,SEALED_REVIEW,17011,1,FIRST64,OD,SAME64_UPDATE,NATIVE_UPDATE,-4.50603686038292,20
ORIGA,SEALED_REVIEW,17011,1,FIRST64,OD,SAME64_UPDATE,ANCHOR,-5.0536970377389565,20
ORIGA,SEALED_REVIEW,17011,1,FIRST64,OD,SAME64_HOLD,NATIVE_UPDATE,-6.4844140553570355,20
ORIGA,SEALED_REVIEW,17011,1,FIRST64,OD,SAME64_HOLD,ANCHOR,-7.032074232713072,20
ORIGA,SEALED_REVIEW,17011,1,FIRST64,OD,CROSS64_UPDATE,NATIVE_UPDATE,-8.11996481684379,20
ORIGA,SEALED_REVIEW,17011,1,FIRST64,OD,CROSS64_UPDATE,ANCHOR,-8.667624994199826,20
ORIGA,SEALED_REVIEW,17011,1,FIRST64,OD,CROSS64_HOLD,NATIVE_UPDATE,-12.079707862249421,20
ORIGA,SEALED_REVIEW,17011,1,FIRST64,OD,CROSS64_HOLD,ANCHOR,-12.627368039605457,20
ORIGA,SEALED_REVIEW,17011,1,FIRST64,OD,HISTORY_UPDATE_INTERACTION,ALGEBRA,-1.9813658504315157,20
ORIGA,SEALED_REVIEW,17011,1,FIRST64,OC,CROSS64_HOLD,SOURCE_HOLD,-1.4549332215454314,20
ORIGA,SEALED_REVIEW,17011,1,FIRST64,OC,NATIVE_UPDATE,ANCHOR,-0.264260919591905,20
ORIGA,SEALED_REVIEW,17011,1,FIRST64,OC,NATIVE_HOLD,NATIVE_UPDATE,-1.4907101954497435,20
ORIGA,SEALED_REVIEW,17011,1,FIRST64,OC,NATIVE_HOLD,ANCHOR,-1.7549711150416485,20
ORIGA,SEALED_REVIEW,17011,1,FIRST64,OC,SOURCE_UPDATE,NATIVE_UPDATE,-7.147207735046194,20
ORIGA,SEALED_REVIEW,17011,1,FIRST64,OC,SOURCE_UPDATE,ANCHOR,-7.4114686546380995,20
ORIGA,SEALED_REVIEW,17011,1,FIRST64,OC,SOURCE_HOLD,NATIVE_UPDATE,-10.906091468826794,20
ORIGA,SEALED_REVIEW,17011,1,FIRST64,OC,SOURCE_HOLD,ANCHOR,-11.1703523884187,20
ORIGA,SEALED_REVIEW,17011,1,FIRST64,OC,SAME64_UPDATE,NATIVE_UPDATE,-2.9610874382645633,20
ORIGA,SEALED_REVIEW,17011,1,FIRST64,OC,SAME64_UPDATE,ANCHOR,-3.2253483578564683,20
ORIGA,SEALED_REVIEW,17011,1,FIRST64,OC,SAME64_HOLD,NATIVE_UPDATE,-5.310587280270795,20
ORIGA,SEALED_REVIEW,17011,1,FIRST64,OC,SAME64_HOLD,ANCHOR,-5.5748481998627,20
ORIGA,SEALED_REVIEW,17011,1,FIRST64,OC,CROSS64_UPDATE,NATIVE_UPDATE,-8.234367934498003,20
ORIGA,SEALED_REVIEW,17011,1,FIRST64,OC,CROSS64_UPDATE,ANCHOR,-8.498628854089908,20
ORIGA,SEALED_REVIEW,17011,1,FIRST64,OC,CROSS64_HOLD,NATIVE_UPDATE,-12.361024690372226,20
ORIGA,SEALED_REVIEW,17011,1,FIRST64,OC,CROSS64_HOLD,ANCHOR,-12.62528560996413,20
ORIGA,SEALED_REVIEW,17011,1,FIRST64,OC,HISTORY_UPDATE_INTERACTION,ALGEBRA,-1.7771569138679908,20
ORIGA,SEARCH,17011,1,Q2,OD,CROSS64_HOLD,SOURCE_HOLD,-0.05639605297359651,70
ORIGA,SEARCH,17011,1,Q2,OD,NATIVE_UPDATE,ANCHOR,-0.40457151236932987,70
ORIGA,SEARCH,17011,1,Q2,OD,NATIVE_HOLD,NATIVE_UPDATE,-4.295692589173086,70
ORIGA,SEARCH,17011,1,Q2,OD,NATIVE_HOLD,ANCHOR,-4.700264101542416,70
ORIGA,SEARCH,17011,1,Q2,OD,SOURCE_UPDATE,NATIVE_UPDATE,-3.429619754225783,70
ORIGA,SEARCH,17011,1,Q2,OD,SOURCE_UPDATE,ANCHOR,-3.834191266595113,70
ORIGA,SEARCH,17011,1,Q2,OD,SOURCE_HOLD,NATIVE_UPDATE,-14.478715227545223,70
ORIGA,SEARCH,17011,1,Q2,OD,SOURCE_HOLD,ANCHOR,-14.883286739914553,70
ORIGA,SEARCH,17011,1,Q2,OD,SAME64_UPDATE,NATIVE_UPDATE,-2.2164782077896206,70
ORIGA,SEARCH,17011,1,Q2,OD,SAME64_UPDATE,ANCHOR,-2.6210497201589504,70
ORIGA,SEARCH,17011,1,Q2,OD,SAME64_HOLD,NATIVE_UPDATE,-9.70060144921078,70
ORIGA,SEARCH,17011,1,Q2,OD,SAME64_HOLD,ANCHOR,-10.10517296158011,70
ORIGA,SEARCH,17011,1,Q2,OD,CROSS64_UPDATE,NATIVE_UPDATE,-3.6869060692821307,70
ORIGA,SEARCH,17011,1,Q2,OD,CROSS64_UPDATE,ANCHOR,-4.091477581651461,70
ORIGA,SEARCH,17011,1,Q2,OD,CROSS64_HOLD,NATIVE_UPDATE,-14.53511128051882,70
ORIGA,SEARCH,17011,1,Q2,OD,CROSS64_HOLD,ANCHOR,-14.93968279288815,70
ORIGA,SEARCH,17011,1,Q2,OD,HISTORY_UPDATE_INTERACTION,ALGEBRA,-3.3640819698155298,70
ORIGA,SEARCH,17011,1,Q2,OC,CROSS64_HOLD,SOURCE_HOLD,-1.3804212318970883,70
ORIGA,SEARCH,17011,1,Q2,OC,NATIVE_UPDATE,ANCHOR,-0.6279887268164686,70
ORIGA,SEARCH,17011,1,Q2,OC,NATIVE_HOLD,NATIVE_UPDATE,-6.040743112208531,70
ORIGA,SEARCH,17011,1,Q2,OC,NATIVE_HOLD,ANCHOR,-6.668731839025,70
ORIGA,SEARCH,17011,1,Q2,OC,SOURCE_UPDATE,NATIVE_UPDATE,-3.1029095890995677,70
ORIGA,SEARCH,17011,1,Q2,OC,SOURCE_UPDATE,ANCHOR,-3.7308983159160363,70
ORIGA,SEARCH,17011,1,Q2,OC,SOURCE_HOLD,NATIVE_UPDATE,-15.011338783942392,70
ORIGA,SEARCH,17011,1,Q2,OC,SOURCE_HOLD,ANCHOR,-15.63932751075886,70
ORIGA,SEARCH,17011,1,Q2,OC,SAME64_UPDATE,NATIVE_UPDATE,-1.379646358160855,70
ORIGA,SEARCH,17011,1,Q2,OC,SAME64_UPDATE,ANCHOR,-2.0076350849773235,70
ORIGA,SEARCH,17011,1,Q2,OC,SAME64_HOLD,NATIVE_UPDATE,-9.849184440278215,70
ORIGA,SEARCH,17011,1,Q2,OC,SAME64_HOLD,ANCHOR,-10.477173167094683,70
ORIGA,SEARCH,17011,1,Q2,OC,CROSS64_UPDATE,NATIVE_UPDATE,-4.1862263951025795,70
ORIGA,SEARCH,17011,1,Q2,OC,CROSS64_UPDATE,ANCHOR,-4.814215121919048,70
ORIGA,SEARCH,17011,1,Q2,OC,CROSS64_HOLD,NATIVE_UPDATE,-16.39176001583948,70
ORIGA,SEARCH,17011,1,Q2,OC,CROSS64_HOLD,ANCHOR,-17.01974874265595,70
ORIGA,SEARCH,17011,1,Q2,OC,HISTORY_UPDATE_INTERACTION,ALGEBRA,-3.735995538619541,70
ORIGA,SEALED_REVIEW,17011,1,Q2,OD,NATIVE_UPDATE,ANCHOR,-0.22405603465747959,62
ORIGA,SEALED_REVIEW,17011,1,Q2,OD,NATIVE_HOLD,NATIVE_UPDATE,-3.9025861793881376,62
ORIGA,SEALED_REVIEW,17011,1,Q2,OD,NATIVE_HOLD,ANCHOR,-4.126642214045617,62
ORIGA,SEALED_REVIEW,17011,1,Q2,OD,SOURCE_UPDATE,NATIVE_UPDATE,-2.4830192494572714,62
ORIGA,SEALED_REVIEW,17011,1,Q2,OD,SOURCE_UPDATE,ANCHOR,-2.707075284114751,62
ORIGA,SEALED_REVIEW,17011,1,Q2,OD,SOURCE_HOLD,NATIVE_UPDATE,-14.626768135096157,62
ORIGA,SEALED_REVIEW,17011,1,Q2,OD,SOURCE_HOLD,ANCHOR,-14.850824169753636,62
ORIGA,SEALED_REVIEW,17011,1,Q2,OD,SAME64_UPDATE,NATIVE_UPDATE,-1.1882210829862885,62
ORIGA,SEALED_REVIEW,17011,1,Q2,OD,SAME64_UPDATE,ANCHOR,-1.412277117643768,62
ORIGA,SEALED_REVIEW,17011,1,Q2,OD,SAME64_HOLD,NATIVE_UPDATE,-9.891696499116605,62
ORIGA,SEALED_REVIEW,17011,1,Q2,OD,SAME64_HOLD,ANCHOR,-10.115752533774085,62
ORIGA,SEALED_REVIEW,17011,1,Q2,OD,CROSS64_UPDATE,NATIVE_UPDATE,-2.633355923005155,62
ORIGA,SEALED_REVIEW,17011,1,Q2,OD,CROSS64_UPDATE,ANCHOR,-2.8574119576626344,62
ORIGA,SEALED_REVIEW,17011,1,Q2,OD,CROSS64_HOLD,NATIVE_UPDATE,-14.572986441505535,62
ORIGA,SEALED_REVIEW,17011,1,Q2,OD,CROSS64_HOLD,ANCHOR,-14.797042476163014,62
ORIGA,SEALED_REVIEW,17011,1,Q2,OD,HISTORY_UPDATE_INTERACTION,ALGEBRA,-3.2361551023700628,62
ORIGA,SEALED_REVIEW,17011,1,Q2,OC,NATIVE_UPDATE,ANCHOR,-0.4105206229894378,62
ORIGA,SEALED_REVIEW,17011,1,Q2,OC,NATIVE_HOLD,NATIVE_UPDATE,-6.062219569494232,62
ORIGA,SEALED_REVIEW,17011,1,Q2,OC,NATIVE_HOLD,ANCHOR,-6.47274019248367,62
ORIGA,SEALED_REVIEW,17011,1,Q2,OC,SOURCE_UPDATE,NATIVE_UPDATE,-2.172271011878337,62
ORIGA,SEALED_REVIEW,17011,1,Q2,OC,SOURCE_UPDATE,ANCHOR,-2.5827916348677746,62
ORIGA,SEALED_REVIEW,17011,1,Q2,OC,SOURCE_HOLD,NATIVE_UPDATE,-16.010828502647378,62
ORIGA,SEALED_REVIEW,17011,1,Q2,OC,SOURCE_HOLD,ANCHOR,-16.421349125636816,62
ORIGA,SEALED_REVIEW,17011,1,Q2,OC,SAME64_UPDATE,NATIVE_UPDATE,-0.20679458528601913,62
ORIGA,SEALED_REVIEW,17011,1,Q2,OC,SAME64_UPDATE,ANCHOR,-0.6173152082754569,62
ORIGA,SEALED_REVIEW,17011,1,Q2,OC,SAME64_HOLD,NATIVE_UPDATE,-9.740449281624436,62
ORIGA,SEALED_REVIEW,17011,1,Q2,OC,SAME64_HOLD,ANCHOR,-10.150969904613873,62
ORIGA,SEALED_REVIEW,17011,1,Q2,OC,CROSS64_UPDATE,NATIVE_UPDATE,-2.8261806815379913,62
ORIGA,SEALED_REVIEW,17011,1,Q2,OC,CROSS64_UPDATE,ANCHOR,-3.236701304527429,62
ORIGA,SEALED_REVIEW,17011,1,Q2,OC,CROSS64_HOLD,NATIVE_UPDATE,-15.779500096125709,62
ORIGA,SEALED_REVIEW,17011,1,Q2,OC,CROSS64_HOLD,ANCHOR,-16.190020719115147,62
ORIGA,SEALED_REVIEW,17011,1,Q2,OC,HISTORY_UPDATE_INTERACTION,ALGEBRA,-3.419664718249301,62
ORIGA,SEALED_REVIEW,17011,1,Q3,OD,NATIVE_UPDATE,ANCHOR,-0.2780273941537956,45
ORIGA,SEALED_REVIEW,17011,1,Q3,OD,NATIVE_HOLD,NATIVE_UPDATE,-4.979783389936813,45
ORIGA,SEALED_REVIEW,17011,1,Q3,OD,NATIVE_HOLD,ANCHOR,-5.2578107840906085,45
ORIGA,SEALED_REVIEW,17011,1,Q3,OD,SOURCE_UPDATE,NATIVE_UPDATE,-2.765049089378536,45
ORIGA,SEALED_REVIEW,17011,1,Q3,OD,SOURCE_UPDATE,ANCHOR,-3.0430764835323316,45
ORIGA,SEALED_REVIEW,17011,1,Q3,OD,SOURCE_HOLD,NATIVE_UPDATE,-15.175434818509203,45
ORIGA,SEALED_REVIEW,17011,1,Q3,OD,SOURCE_HOLD,ANCHOR,-15.453462212662998,45
ORIGA,SEALED_REVIEW,17011,1,Q3,OD,SAME64_UPDATE,NATIVE_UPDATE,-2.2090672541021092,45
ORIGA,SEALED_REVIEW,17011,1,Q3,OD,SAME64_UPDATE,ANCHOR,-2.487094648255905,45
ORIGA,SEALED_REVIEW,17011,1,Q3,OD,SAME64_HOLD,NATIVE_UPDATE,-10.891323412051506,45
ORIGA,SEALED_REVIEW,17011,1,Q3,OD,SAME64_HOLD,ANCHOR,-11.169350806205301,45
ORIGA,SEALED_REVIEW,17011,1,Q3,OD,CROSS64_UPDATE,NATIVE_UPDATE,-3.009312175020824,45
ORIGA,SEALED_REVIEW,17011,1,Q3,OD,CROSS64_UPDATE,ANCHOR,-3.2873395691746197,45
ORIGA,SEALED_REVIEW,17011,1,Q3,OD,CROSS64_HOLD,NATIVE_UPDATE,-15.029732025503321,45
ORIGA,SEALED_REVIEW,17011,1,Q3,OD,CROSS64_HOLD,ANCHOR,-15.307759419657117,45
ORIGA,SEALED_REVIEW,17011,1,Q3,OD,HISTORY_UPDATE_INTERACTION,ALGEBRA,-3.338163692533101,45
ORIGA,SEALED_REVIEW,17011,1,Q3,OC,CROSS64_HOLD,SOURCE_HOLD,-0.6857368057469628,45
ORIGA,SEALED_REVIEW,17011,1,Q3,OC,NATIVE_UPDATE,ANCHOR,-0.4549753447507072,45
ORIGA,SEALED_REVIEW,17011,1,Q3,OC,NATIVE_HOLD,NATIVE_UPDATE,-6.440000192576875,45
ORIGA,SEALED_REVIEW,17011,1,Q3,OC,NATIVE_HOLD,ANCHOR,-6.894975537327582,45
ORIGA,SEALED_REVIEW,17011,1,Q3,OC,SOURCE_UPDATE,NATIVE_UPDATE,-0.8105185787329958,45
ORIGA,SEALED_REVIEW,17011,1,Q3,OC,SOURCE_UPDATE,ANCHOR,-1.265493923483703,45
ORIGA,SEALED_REVIEW,17011,1,Q3,OC,SOURCE_HOLD,NATIVE_UPDATE,-16.028307526427994,45
ORIGA,SEALED_REVIEW,17011,1,Q3,OC,SOURCE_HOLD,ANCHOR,-16.4832828711787,45
ORIGA,SEALED_REVIEW,17011,1,Q3,OC,SAME64_UPDATE,NATIVE_UPDATE,-0.1669634279650012,45
ORIGA,SEALED_REVIEW,17011,1,Q3,OC,SAME64_UPDATE,ANCHOR,-0.6219387727157084,45
ORIGA,SEALED_REVIEW,17011,1,Q3,OC,SAME64_HOLD,NATIVE_UPDATE,-11.131606037584106,45
ORIGA,SEALED_REVIEW,17011,1,Q3,OC,SAME64_HOLD,ANCHOR,-11.586581382334813,45
ORIGA,SEALED_REVIEW,17011,1,Q3,OC,CROSS64_UPDATE,NATIVE_UPDATE,-1.8270748700862356,45
ORIGA,SEALED_REVIEW,17011,1,Q3,OC,CROSS64_UPDATE,ANCHOR,-2.282050214836943,45
ORIGA,SEALED_REVIEW,17011,1,Q3,OC,CROSS64_HOLD,NATIVE_UPDATE,-16.714044332174957,45
ORIGA,SEALED_REVIEW,17011,1,Q3,OC,CROSS64_HOLD,ANCHOR,-17.169019676925664,45
ORIGA,SEALED_REVIEW,17011,1,Q3,OC,HISTORY_UPDATE_INTERACTION,ALGEBRA,-3.9223268524696167,45
ORIGA,SEARCH,17011,1,Q3,OD,CROSS64_HOLD,SOURCE_HOLD,-0.5275610738237901,88
ORIGA,SEARCH,17011,1,Q3,OD,NATIVE_UPDATE,ANCHOR,-0.23631832470204017,88
ORIGA,SEARCH,17011,1,Q3,OD,NATIVE_HOLD,NATIVE_UPDATE,-5.841078893188282,88
ORIGA,SEARCH,17011,1,Q3,OD,NATIVE_HOLD,ANCHOR,-6.077397217890322,88
ORIGA,SEARCH,17011,1,Q3,OD,SOURCE_UPDATE,NATIVE_UPDATE,-2.3916691096073635,88
ORIGA,SEARCH,17011,1,Q3,OD,SOURCE_UPDATE,ANCHOR,-2.6279874343094036,88
ORIGA,SEARCH,17011,1,Q3,OD,SOURCE_HOLD,NATIVE_UPDATE,-16.27770820455133,88
ORIGA,SEARCH,17011,1,Q3,OD,SOURCE_HOLD,ANCHOR,-16.51402652925337,88
ORIGA,SEARCH,17011,1,Q3,OD,SAME64_UPDATE,NATIVE_UPDATE,-1.6930119525050173,88
ORIGA,SEARCH,17011,1,Q3,OD,SAME64_UPDATE,ANCHOR,-1.9293302772070575,88
ORIGA,SEARCH,17011,1,Q3,OD,SAME64_HOLD,NATIVE_UPDATE,-11.923088279955849,88
ORIGA,SEARCH,17011,1,Q3,OD,SAME64_HOLD,ANCHOR,-12.159406604657889,88
ORIGA,SEARCH,17011,1,Q3,OD,CROSS64_UPDATE,NATIVE_UPDATE,-2.856335502137867,88
ORIGA,SEARCH,17011,1,Q3,OD,CROSS64_UPDATE,ANCHOR,-3.092653826839907,88
ORIGA,SEARCH,17011,1,Q3,OD,CROSS64_HOLD,NATIVE_UPDATE,-16.80526927837512,88
ORIGA,SEARCH,17011,1,Q3,OD,CROSS64_HOLD,ANCHOR,-17.04158760307716,88
ORIGA,SEARCH,17011,1,Q3,OD,HISTORY_UPDATE_INTERACTION,ALGEBRA,-3.718857448786423,88
ORIGA,SEARCH,17011,1,Q3,OC,CROSS64_HOLD,SOURCE_HOLD,-0.683433054114488,88
ORIGA,SEARCH,17011,1,Q3,OC,NATIVE_UPDATE,ANCHOR,-0.5986260457080022,88
ORIGA,SEARCH,17011,1,Q3,OC,NATIVE_HOLD,NATIVE_UPDATE,-8.863944631419152,88
ORIGA,SEARCH,17011,1,Q3,OC,NATIVE_HOLD,ANCHOR,-9.462570677127154,88
ORIGA,SEARCH,17011,1,Q3,OC,SOURCE_UPDATE,NATIVE_UPDATE,-2.5778435897745595,88
ORIGA,SEARCH,17011,1,Q3,OC,SOURCE_UPDATE,ANCHOR,-3.1764696354825617,88
ORIGA,SEARCH,17011,1,Q3,OC,SOURCE_HOLD,NATIVE_UPDATE,-20.30684449257928,88
ORIGA,SEARCH,17011,1,Q3,OC,SOURCE_HOLD,ANCHOR,-20.905470538287283,88
ORIGA,SEARCH,17011,1,Q3,OC,SAME64_UPDATE,NATIVE_UPDATE,-1.3303162215699018,88
ORIGA,SEARCH,17011,1,Q3,OC,SAME64_UPDATE,ANCHOR,-1.928942267277904,88
ORIGA,SEARCH,17011,1,Q3,OC,SAME64_HOLD,NATIVE_UPDATE,-14.95690562227562,88
ORIGA,SEARCH,17011,1,Q3,OC,SAME64_HOLD,ANCHOR,-15.555531667983622,88
ORIGA,SEARCH,17011,1,Q3,OC,CROSS64_UPDATE,NATIVE_UPDATE,-3.7948015881398476,88
ORIGA,SEARCH,17011,1,Q3,OC,CROSS64_UPDATE,ANCHOR,-4.39342763384785,88
ORIGA,SEARCH,17011,1,Q3,OC,CROSS64_HOLD,NATIVE_UPDATE,-20.99027754669377,88
ORIGA,SEARCH,17011,1,Q3,OC,CROSS64_HOLD,ANCHOR,-21.58890359240177,88
ORIGA,SEARCH,17011,1,Q3,OC,HISTORY_UPDATE_INTERACTION,ALGEBRA,-3.5688865578482023,88
ORIGA,SEARCH,17011,1,Q4,OD,SAME64_UPDATE,CROSS64_UPDATE,-0.34767564304637233,77
ORIGA,SEARCH,17011,1,Q4,OD,CROSS64_HOLD,SOURCE_HOLD,-0.16438359207181463,77
ORIGA,SEARCH,17011,1,Q4,OD,NATIVE_HOLD,NATIVE_UPDATE,-1.6587763376122098,77
ORIGA,SEARCH,17011,1,Q4,OD,NATIVE_HOLD,ANCHOR,-1.6403630915114462,77
ORIGA,SEARCH,17011,1,Q4,OD,SOURCE_UPDATE,NATIVE_UPDATE,-2.9681284754327777,77
ORIGA,SEARCH,17011,1,Q4,OD,SOURCE_UPDATE,ANCHOR,-2.949715229332014,77
ORIGA,SEARCH,17011,1,Q4,OD,SOURCE_HOLD,NATIVE_UPDATE,-8.313529802641227,77
ORIGA,SEARCH,17011,1,Q4,OD,SOURCE_HOLD,ANCHOR,-8.295116556540464,77
ORIGA,SEARCH,17011,1,Q4,OD,SAME64_UPDATE,NATIVE_UPDATE,-2.8147715910985767,77
ORIGA,SEARCH,17011,1,Q4,OD,SAME64_UPDATE,ANCHOR,-2.796358344997813,77
ORIGA,SEARCH,17011,1,Q4,OD,SAME64_HOLD,NATIVE_UPDATE,-7.149760099428775,77
ORIGA,SEARCH,17011,1,Q4,OD,SAME64_HOLD,ANCHOR,-7.1313468533280115,77
ORIGA,SEARCH,17011,1,Q4,OD,CROSS64_UPDATE,NATIVE_UPDATE,-2.4670959480522043,77
ORIGA,SEARCH,17011,1,Q4,OD,CROSS64_UPDATE,ANCHOR,-2.4486827019514408,77
ORIGA,SEARCH,17011,1,Q4,OD,CROSS64_HOLD,NATIVE_UPDATE,-8.477913394713042,77
ORIGA,SEARCH,17011,1,Q4,OD,CROSS64_HOLD,ANCHOR,-8.459500148612278,77
ORIGA,SEARCH,17011,1,Q4,OD,HISTORY_UPDATE_INTERACTION,ALGEBRA,-1.675828938330639,77
ORIGA,SEARCH,17011,1,Q4,OC,SAME64_UPDATE,CROSS64_UPDATE,-0.13670446744667686,77
ORIGA,SEARCH,17011,1,Q4,OC,CROSS64_HOLD,SOURCE_HOLD,-0.29858045228172614,77
ORIGA,SEARCH,17011,1,Q4,OC,NATIVE_UPDATE,ANCHOR,-0.12649428887220893,77
ORIGA,SEARCH,17011,1,Q4,OC,NATIVE_HOLD,NATIVE_UPDATE,-2.40219885992866,77
ORIGA,SEARCH,17011,1,Q4,OC,NATIVE_HOLD,ANCHOR,-2.528693148800869,77
ORIGA,SEARCH,17011,1,Q4,OC,SOURCE_UPDATE,NATIVE_UPDATE,-1.8644413774569415,77
ORIGA,SEARCH,17011,1,Q4,OC,SOURCE_UPDATE,ANCHOR,-1.9909356663291504,77
ORIGA,SEARCH,17011,1,Q4,OC,SOURCE_HOLD,NATIVE_UPDATE,-6.395177646977132,77
ORIGA,SEARCH,17011,1,Q4,OC,SOURCE_HOLD,ANCHOR,-6.521671935849341,77
ORIGA,SEARCH,17011,1,Q4,OC,SAME64_UPDATE,NATIVE_UPDATE,-1.7379995827484578,77
ORIGA,SEARCH,17011,1,Q4,OC,SAME64_UPDATE,ANCHOR,-1.8644938716206667,77
ORIGA,SEARCH,17011,1,Q4,OC,SAME64_HOLD,NATIVE_UPDATE,-4.955338725804651,77
ORIGA,SEARCH,17011,1,Q4,OC,SAME64_HOLD,ANCHOR,-5.08183301467686,77
ORIGA,SEARCH,17011,1,Q4,OC,CROSS64_UPDATE,NATIVE_UPDATE,-1.601295115301781,77
ORIGA,SEARCH,17011,1,Q4,OC,CROSS64_UPDATE,ANCHOR,-1.7277894041739899,77
ORIGA,SEARCH,17011,1,Q4,OC,CROSS64_HOLD,NATIVE_UPDATE,-6.693758099258858,77
ORIGA,SEARCH,17011,1,Q4,OC,CROSS64_HOLD,ANCHOR,-6.820252388131067,77
ORIGA,SEARCH,17011,1,Q4,OC,HISTORY_UPDATE_INTERACTION,ALGEBRA,-1.8751238409008835,77
ORIGA,SEALED_REVIEW,17011,1,Q4,OD,SAME64_UPDATE,CROSS64_UPDATE,-0.3214315842860458,57
ORIGA,SEALED_REVIEW,17011,1,Q4,OD,NATIVE_HOLD,NATIVE_UPDATE,-1.1951458590124986,57
ORIGA,SEALED_REVIEW,17011,1,Q4,OD,NATIVE_HOLD,ANCHOR,-1.0605228052032345,57
ORIGA,SEALED_REVIEW,17011,1,Q4,OD,SOURCE_UPDATE,NATIVE_UPDATE,-2.394569239010792,57
ORIGA,SEALED_REVIEW,17011,1,Q4,OD,SOURCE_UPDATE,ANCHOR,-2.259946185201528,57
ORIGA,SEALED_REVIEW,17011,1,Q4,OD,SOURCE_HOLD,NATIVE_UPDATE,-7.301273424806254,57
ORIGA,SEALED_REVIEW,17011,1,Q4,OD,SOURCE_HOLD,ANCHOR,-7.16665037099699,57
ORIGA,SEALED_REVIEW,17011,1,Q4,OD,SAME64_UPDATE,NATIVE_UPDATE,-2.2608053895214795,57
ORIGA,SEALED_REVIEW,17011,1,Q4,OD,SAME64_UPDATE,ANCHOR,-2.1261823357122154,57
ORIGA,SEALED_REVIEW,17011,1,Q4,OD,SAME64_HOLD,NATIVE_UPDATE,-5.992758668241265,57
ORIGA,SEALED_REVIEW,17011,1,Q4,OD,SAME64_HOLD,ANCHOR,-5.858135614432001,57
ORIGA,SEALED_REVIEW,17011,1,Q4,OD,CROSS64_UPDATE,NATIVE_UPDATE,-1.9393738052354337,57
ORIGA,SEALED_REVIEW,17011,1,Q4,OD,CROSS64_UPDATE,ANCHOR,-1.8047507514261696,57
ORIGA,SEALED_REVIEW,17011,1,Q4,OD,CROSS64_HOLD,NATIVE_UPDATE,-7.296166139581985,57
ORIGA,SEALED_REVIEW,17011,1,Q4,OD,CROSS64_HOLD,ANCHOR,-7.1615430857727205,57
ORIGA,SEALED_REVIEW,17011,1,Q4,OD,HISTORY_UPDATE_INTERACTION,ALGEBRA,-1.6248390556267651,57
ORIGA,SEALED_REVIEW,17011,1,Q4,OC,SAME64_UPDATE,CROSS64_UPDATE,-0.09074403104214923,57
ORIGA,SEALED_REVIEW,17011,1,Q4,OC,CROSS64_HOLD,SOURCE_HOLD,-0.4095139348844583,57
ORIGA,SEALED_REVIEW,17011,1,Q4,OC,NATIVE_HOLD,NATIVE_UPDATE,-1.8536922847378179,57
ORIGA,SEALED_REVIEW,17011,1,Q4,OC,NATIVE_HOLD,ANCHOR,-1.8002247496556691,57
ORIGA,SEALED_REVIEW,17011,1,Q4,OC,SOURCE_UPDATE,NATIVE_UPDATE,-0.6696253115887743,57
ORIGA,SEALED_REVIEW,17011,1,Q4,OC,SOURCE_UPDATE,ANCHOR,-0.6161577765066255,57
ORIGA,SEALED_REVIEW,17011,1,Q4,OC,SOURCE_HOLD,NATIVE_UPDATE,-4.340012878533571,57
ORIGA,SEALED_REVIEW,17011,1,Q4,OC,SOURCE_HOLD,ANCHOR,-4.286545343451422,57
ORIGA,SEALED_REVIEW,17011,1,Q4,OC,SAME64_UPDATE,NATIVE_UPDATE,-0.6546754276376987,57
ORIGA,SEALED_REVIEW,17011,1,Q4,OC,SAME64_UPDATE,ANCHOR,-0.60120789255555,57
ORIGA,SEALED_REVIEW,17011,1,Q4,OC,SAME64_HOLD,NATIVE_UPDATE,-2.5961574614682945,57
ORIGA,SEALED_REVIEW,17011,1,Q4,OC,SAME64_HOLD,ANCHOR,-2.5426899263861458,57
ORIGA,SEALED_REVIEW,17011,1,Q4,OC,CROSS64_UPDATE,NATIVE_UPDATE,-0.5639313965955495,57
ORIGA,SEALED_REVIEW,17011,1,Q4,OC,CROSS64_UPDATE,ANCHOR,-0.5104638615134007,57
ORIGA,SEALED_REVIEW,17011,1,Q4,OC,CROSS64_HOLD,NATIVE_UPDATE,-4.749526813418029,57
ORIGA,SEALED_REVIEW,17011,1,Q4,OC,CROSS64_HOLD,ANCHOR,-4.6960592783358805,57
ORIGA,SEALED_REVIEW,17011,1,Q4,OC,HISTORY_UPDATE_INTERACTION,ALGEBRA,-2.244113382991884,57
REFUGE_Valid,SEARCH,17011,1,ALL,OD,NATIVE_HOLD,SAME64_HOLD,-1.7909716821869495,406
REFUGE_Valid,SEARCH,17011,1,ALL,OD,CROSS64_HOLD,SOURCE_HOLD,-0.7763595803118903,406
REFUGE_Valid,SEARCH,17011,1,ALL,OD,NATIVE_UPDATE,NATIVE_HOLD,-3.3398516757585384,406
REFUGE_Valid,SEARCH,17011,1,ALL,OD,SOURCE_UPDATE,SOURCE_HOLD,-0.5016723535088801,406
REFUGE_Valid,SEARCH,17011,1,ALL,OD,SAME64_UPDATE,SAME64_HOLD,-2.0461693691659804,406
REFUGE_Valid,SEARCH,17011,1,ALL,OD,CROSS64_UPDATE,CROSS64_HOLD,-0.22050523046685555,406
REFUGE_Valid,SEARCH,17011,1,ALL,OD,HISTORY_UPDATE_INTERACTION,ALGEBRA,-1.8256641386991248,406
REFUGE_Valid,SEARCH,17011,1,ALL,OC,NATIVE_HOLD,SAME64_HOLD,-0.8709224875239414,406
REFUGE_Valid,SEARCH,17011,1,ALL,OC,NATIVE_HOLD,SOURCE_HOLD,-0.7598053497327584,406
REFUGE_Valid,SEARCH,17011,1,ALL,OC,CROSS64_HOLD,SOURCE_HOLD,-0.4600341821058578,406
REFUGE_Valid,SEARCH,17011,1,ALL,OC,NATIVE_UPDATE,NATIVE_HOLD,-1.723693960762752,406
REFUGE_Valid,SEARCH,17011,1,ALL,OC,SOURCE_UPDATE,SOURCE_HOLD,-1.0459274135926506,406
REFUGE_Valid,SEARCH,17011,1,ALL,OC,SAME64_UPDATE,SAME64_HOLD,-1.0788214951049184,406
REFUGE_Valid,SEARCH,17011,1,ALL,OC,CROSS64_UPDATE,CROSS64_HOLD,-0.8892044004105486,406
REFUGE_Valid,SEARCH,17011,1,ALL,OC,HISTORY_UPDATE_INTERACTION,ALGEBRA,-0.18961709469436983,406
REFUGE_Valid,SEARCH,17011,1,Q1,OD,NATIVE_HOLD,SAME64_HOLD,-2.0714923723712815,97
REFUGE_Valid,SEARCH,17011,1,Q1,OD,NATIVE_HOLD,SOURCE_HOLD,-0.13622358305292437,97
REFUGE_Valid,SEARCH,17011,1,Q1,OD,CROSS64_HOLD,SOURCE_HOLD,-0.8358621240160176,97
REFUGE_Valid,SEARCH,17011,1,Q1,OD,NATIVE_UPDATE,NATIVE_HOLD,-0.45413772119991336,97
REFUGE_Valid,SEARCH,17011,1,Q1,OD,SAME64_UPDATE,SAME64_HOLD,-0.11029267104899532,97
REFUGE_Valid,SEARCH,17011,1,Q1,OD,CROSS64_HOLD,NATIVE_UPDATE,-0.24550081976317983,97
REFUGE_Valid,SEARCH,17011,1,Q1,OD,HISTORY_UPDATE_INTERACTION,ALGEBRA,-1.9973417995962706,97
REFUGE_Valid,SEARCH,17011,1,Q1,OC,NATIVE_HOLD,SAME64_HOLD,-1.1450313439884,97
REFUGE_Valid,SEARCH,17011,1,Q1,OC,NATIVE_HOLD,SOURCE_HOLD,-0.8243723371204084,97
REFUGE_Valid,SEARCH,17011,1,Q1,OC,CROSS64_HOLD,SOURCE_HOLD,-0.5391909832381074,97
REFUGE_Valid,SEARCH,17011,1,Q1,OC,NATIVE_UPDATE,NATIVE_HOLD,-0.4977092070875955,97
REFUGE_Valid,SEARCH,17011,1,Q1,OC,SOURCE_UPDATE,SOURCE_HOLD,-0.018391030612988857,97
REFUGE_Valid,SEARCH,17011,1,Q1,OC,SAME64_UPDATE,SAME64_HOLD,-0.2804727880864917,97
REFUGE_Valid,SEARCH,17011,1,Q1,OC,HISTORY_UPDATE_INTERACTION,ALGEBRA,-0.5328361497652594,97
REFUGE_Valid,SEARCH,17011,1,FIRST64,OD,NATIVE_HOLD,SAME64_HOLD,-2.224534075902227,39
REFUGE_Valid,SEARCH,17011,1,FIRST64,OD,NATIVE_HOLD,SOURCE_HOLD,-0.22228286867543545,39
REFUGE_Valid,SEARCH,17011,1,FIRST64,OD,CROSS64_HOLD,SOURCE_HOLD,-0.8809562046427004,39
REFUGE_Valid,SEARCH,17011,1,FIRST64,OD,NATIVE_UPDATE,NATIVE_HOLD,-0.13952786847059429,39
REFUGE_Valid,SEARCH,17011,1,FIRST64,OD,CROSS64_HOLD,NATIVE_UPDATE,-0.5191454674966707,39
REFUGE_Valid,SEARCH,17011,1,FIRST64,OD,CROSS64_HOLD,ANCHOR,-0.05298854935060149,39
REFUGE_Valid,SEARCH,17011,1,FIRST64,OD,HISTORY_UPDATE_INTERACTION,ALGEBRA,-1.3740164712679217,39
REFUGE_Valid,SEARCH,17011,1,FIRST64,OC,NATIVE_HOLD,SAME64_HOLD,-0.9666246245427246,39
REFUGE_Valid,SEARCH,17011,1,FIRST64,OC,NATIVE_HOLD,SOURCE_HOLD,-0.6633183273446335,39
REFUGE_Valid,SEARCH,17011,1,FIRST64,OC,CROSS64_HOLD,SOURCE_HOLD,-0.4868193318010583,39
REFUGE_Valid,SEARCH,17011,1,FIRST64,OC,NATIVE_UPDATE,NATIVE_HOLD,-0.17966715194297933,39
REFUGE_Valid,SEARCH,17011,1,FIRST64,OC,SAME64_UPDATE,SAME64_HOLD,-0.08362357903897077,39
REFUGE_Valid,SEARCH,17011,1,FIRST64,OC,HISTORY_UPDATE_INTERACTION,ALGEBRA,-0.45890247494610037,39
REFUGE_Valid,SEALED_REVIEW,17011,1,ALL,OD,NATIVE_HOLD,SAME64_HOLD,-1.9084435992271551,269
REFUGE_Valid,SEALED_REVIEW,17011,1,ALL,OD,NATIVE_HOLD,SOURCE_HOLD,-0.28511039675960603,269
REFUGE_Valid,SEALED_REVIEW,17011,1,ALL,OD,CROSS64_HOLD,SOURCE_HOLD,-0.9650059292401352,269
REFUGE_Valid,SEALED_REVIEW,17011,1,ALL,OD,NATIVE_UPDATE,NATIVE_HOLD,-3.0209582345892727,269
REFUGE_Valid,SEALED_REVIEW,17011,1,ALL,OD,SOURCE_UPDATE,SOURCE_HOLD,-0.5847395329175527,269
REFUGE_Valid,SEALED_REVIEW,17011,1,ALL,OD,SAME64_UPDATE,SAME64_HOLD,-2.0373040311793886,269
REFUGE_Valid,SEALED_REVIEW,17011,1,ALL,OD,CROSS64_UPDATE,CROSS64_HOLD,-0.11295103578164856,269
REFUGE_Valid,SEALED_REVIEW,17011,1,ALL,OD,HISTORY_UPDATE_INTERACTION,ALGEBRA,-1.92435299539774,269
REFUGE_Valid,SEALED_REVIEW,17011,1,ALL,OC,NATIVE_HOLD,SAME64_HOLD,-0.8975592498479443,269
REFUGE_Valid,SEALED_REVIEW,17011,1,ALL,OC,NATIVE_HOLD,SOURCE_HOLD,-0.9997565326602995,269
REFUGE_Valid,SEALED_REVIEW,17011,1,ALL,OC,SAME64_HOLD,SOURCE_HOLD,-0.10219728281235518,269
REFUGE_Valid,SEALED_REVIEW,17011,1,ALL,OC,CROSS64_HOLD,SOURCE_HOLD,-0.6421092439077967,269
REFUGE_Valid,SEALED_REVIEW,17011,1,ALL,OC,NATIVE_UPDATE,NATIVE_HOLD,-1.5793381146917511,269
REFUGE_Valid,SEALED_REVIEW,17011,1,ALL,OC,SOURCE_UPDATE,SOURCE_HOLD,-1.102049934502915,269
REFUGE_Valid,SEALED_REVIEW,17011,1,ALL,OC,SAME64_UPDATE,SAME64_HOLD,-0.9793024665802221,269
REFUGE_Valid,SEALED_REVIEW,17011,1,ALL,OC,CROSS64_UPDATE,CROSS64_HOLD,-0.8048077379249463,269
REFUGE_Valid,SEALED_REVIEW,17011,1,ALL,OC,HISTORY_UPDATE_INTERACTION,ALGEBRA,-0.17449472865527582,269
REFUGE_Valid,SEALED_REVIEW,17011,1,Q1,OD,NATIVE_HOLD,SAME64_HOLD,-1.9176423280349582,69
REFUGE_Valid,SEALED_REVIEW,17011,1,Q1,OD,NATIVE_HOLD,SOURCE_HOLD,-0.6298257038334043,69
REFUGE_Valid,SEALED_REVIEW,17011,1,Q1,OD,CROSS64_HOLD,SOURCE_HOLD,-0.9633289891384038,69
REFUGE_Valid,SEALED_REVIEW,17011,1,Q1,OD,NATIVE_UPDATE,NATIVE_HOLD,-0.6504079316243576,69
REFUGE_Valid,SEALED_REVIEW,17011,1,Q1,OD,SAME64_UPDATE,SAME64_HOLD,-0.45561807017816136,69
REFUGE_Valid,SEALED_REVIEW,17011,1,Q1,OD,HISTORY_UPDATE_INTERACTION,ALGEBRA,-1.791226149210857,69
REFUGE_Valid,SEALED_REVIEW,17011,1,Q1,OC,NATIVE_HOLD,SAME64_HOLD,-0.8847883932326823,69
REFUGE_Valid,SEALED_REVIEW,17011,1,Q1,OC,NATIVE_HOLD,SOURCE_HOLD,-0.8599154905188584,69
REFUGE_Valid,SEALED_REVIEW,17011,1,Q1,OC,CROSS64_HOLD,SOURCE_HOLD,-0.7106096068733194,69
REFUGE_Valid,SEALED_REVIEW,17011,1,Q1,OC,NATIVE_UPDATE,NATIVE_HOLD,-0.5166776814913874,69
REFUGE_Valid,SEALED_REVIEW,17011,1,Q1,OC,SOURCE_UPDATE,SOURCE_HOLD,-0.1859701007569754,69
REFUGE_Valid,SEALED_REVIEW,17011,1,Q1,OC,SAME64_UPDATE,SAME64_HOLD,-0.35050146038049945,69
REFUGE_Valid,SEALED_REVIEW,17011,1,Q1,OC,HISTORY_UPDATE_INTERACTION,ALGEBRA,-0.6801863146651215,69
REFUGE_Valid,SEALED_REVIEW,17011,1,FIRST64,OD,NATIVE_HOLD,SAME64_HOLD,-1.6361781420710457,20
REFUGE_Valid,SEALED_REVIEW,17011,1,FIRST64,OD,NATIVE_HOLD,SOURCE_HOLD,-0.6360478113314798,20
REFUGE_Valid,SEALED_REVIEW,17011,1,FIRST64,OD,CROSS64_HOLD,SOURCE_HOLD,-1.220382461550841,20
REFUGE_Valid,SEALED_REVIEW,17011,1,FIRST64,OD,NATIVE_UPDATE,NATIVE_HOLD,-0.2754050109788153,20
REFUGE_Valid,SEALED_REVIEW,17011,1,FIRST64,OD,SAME64_UPDATE,SAME64_HOLD,-0.22331122963599626,20
REFUGE_Valid,SEALED_REVIEW,17011,1,FIRST64,OD,CROSS64_HOLD,NATIVE_UPDATE,-0.30892963924054584,20
REFUGE_Valid,SEALED_REVIEW,17011,1,FIRST64,OD,HISTORY_UPDATE_INTERACTION,ALGEBRA,-1.4062601481665666,20
REFUGE_Valid,SEALED_REVIEW,17011,1,FIRST64,OC,SAME64_HOLD,CROSS64_HOLD,-0.35020523542158344,20
REFUGE_Valid,SEALED_REVIEW,17011,1,FIRST64,OC,SAME64_UPDATE,CROSS64_UPDATE,-0.6909730971339343,20
REFUGE_Valid,SEALED_REVIEW,17011,1,FIRST64,OC,NATIVE_HOLD,SAME64_HOLD,-0.4346298841481939,20
REFUGE_Valid,SEALED_REVIEW,17011,1,FIRST64,OC,NATIVE_HOLD,SOURCE_HOLD,-1.263496506231121,20
REFUGE_Valid,SEALED_REVIEW,17011,1,FIRST64,OC,SAME64_HOLD,SOURCE_HOLD,-0.828866622082927,20
REFUGE_Valid,SEALED_REVIEW,17011,1,FIRST64,OC,CROSS64_HOLD,SOURCE_HOLD,-0.4786613866613436,20
REFUGE_Valid,SEALED_REVIEW,17011,1,FIRST64,OC,NATIVE_UPDATE,NATIVE_HOLD,-0.37221575294852016,20
REFUGE_Valid,SEALED_REVIEW,17011,1,FIRST64,OC,SOURCE_UPDATE,SOURCE_HOLD,-0.5988246469584055,20
REFUGE_Valid,SEALED_REVIEW,17011,1,FIRST64,OC,SAME64_UPDATE,SAME64_HOLD,-0.4647238507168936,20
REFUGE_Valid,SEALED_REVIEW,17011,1,FIRST64,OC,CROSS64_UPDATE,CROSS64_HOLD,-0.12395598900454274,20
REFUGE_Valid,SEALED_REVIEW,17011,1,FIRST64,OC,HISTORY_UPDATE_INTERACTION,ALGEBRA,-0.34076786171235085,20
REFUGE_Valid,SEALED_REVIEW,17011,1,Q2,OD,NATIVE_HOLD,SAME64_HOLD,-1.863846381086077,80
REFUGE_Valid,SEALED_REVIEW,17011,1,Q2,OD,NATIVE_HOLD,SOURCE_HOLD,-0.5606931952610239,80
REFUGE_Valid,SEALED_REVIEW,17011,1,Q2,OD,CROSS64_HOLD,SOURCE_HOLD,-0.928138184931683,80
REFUGE_Valid,SEALED_REVIEW,17011,1,Q2,OD,NATIVE_UPDATE,NATIVE_HOLD,-2.035664284186126,80
REFUGE_Valid,SEALED_REVIEW,17011,1,Q2,OD,SOURCE_UPDATE,SOURCE_HOLD,-0.21521445996827993,80
REFUGE_Valid,SEALED_REVIEW,17011,1,Q2,OD,SAME64_UPDATE,SAME64_HOLD,-1.3426615725194182,80
REFUGE_Valid,SEALED_REVIEW,17011,1,Q2,OD,HISTORY_UPDATE_INTERACTION,ALGEBRA,-1.7429335865409001,80
REFUGE_Valid,SEALED_REVIEW,17011,1,Q2,OC,NATIVE_HOLD,SAME64_HOLD,-0.866283061334542,80
REFUGE_Valid,SEALED_REVIEW,17011,1,Q2,OC,NATIVE_HOLD,SOURCE_HOLD,-0.9894586004832178,80
REFUGE_Valid,SEALED_REVIEW,17011,1,Q2,OC,SAME64_HOLD,SOURCE_HOLD,-0.12317553914867574,80
REFUGE_Valid,SEALED_REVIEW,17011,1,Q2,OC,CROSS64_HOLD,SOURCE_HOLD,-0.696008598491261,80
REFUGE_Valid,SEALED_REVIEW,17011,1,Q2,OC,NATIVE_UPDATE,NATIVE_HOLD,-1.0918954173039026,80
REFUGE_Valid,SEALED_REVIEW,17011,1,Q2,OC,SOURCE_UPDATE,SOURCE_HOLD,-0.8055614519741994,80
REFUGE_Valid,SEALED_REVIEW,17011,1,Q2,OC,SAME64_UPDATE,SAME64_HOLD,-0.5851786864718491,80
REFUGE_Valid,SEALED_REVIEW,17011,1,Q2,OC,CROSS64_UPDATE,CROSS64_HOLD,-0.30960175336873874,80
REFUGE_Valid,SEALED_REVIEW,17011,1,Q2,OC,HISTORY_UPDATE_INTERACTION,ALGEBRA,-0.2755769331031104,80
REFUGE_Valid,SEARCH,17011,1,Q2,OD,NATIVE_HOLD,SAME64_HOLD,-1.7779841683779978,89
REFUGE_Valid,SEARCH,17011,1,Q2,OD,NATIVE_HOLD,SOURCE_HOLD,-0.2515458606974619,89
REFUGE_Valid,SEARCH,17011,1,Q2,OD,CROSS64_HOLD,SOURCE_HOLD,-0.6992901983317239,89
REFUGE_Valid,SEARCH,17011,1,Q2,OD,NATIVE_UPDATE,NATIVE_HOLD,-2.130695186918814,89
REFUGE_Valid,SEARCH,17011,1,Q2,OD,SAME64_UPDATE,SAME64_HOLD,-1.0286433471608518,89
REFUGE_Valid,SEARCH,17011,1,Q2,OD,HISTORY_UPDATE_INTERACTION,ALGEBRA,-1.6211045461185165,89
REFUGE_Valid,SEARCH,17011,1,Q2,OC,SAME64_HOLD,CROSS64_HOLD,-0.121112226797635,89
REFUGE_Valid,SEARCH,17011,1,Q2,OC,NATIVE_HOLD,SAME64_HOLD,-0.6639287938589149,89
REFUGE_Valid,SEARCH,17011,1,Q2,OC,NATIVE_HOLD,SOURCE_HOLD,-1.1479749186145227,89
REFUGE_Valid,SEARCH,17011,1,Q2,OC,SAME64_HOLD,SOURCE_HOLD,-0.4840461247556078,89
REFUGE_Valid,SEARCH,17011,1,Q2,OC,CROSS64_HOLD,SOURCE_HOLD,-0.3629338979579728,89
REFUGE_Valid,SEARCH,17011,1,Q2,OC,NATIVE_UPDATE,NATIVE_HOLD,-1.09443522271863,89
REFUGE_Valid,SEARCH,17011,1,Q2,OC,SOURCE_UPDATE,SOURCE_HOLD,-1.3137655958449415,89
REFUGE_Valid,SEARCH,17011,1,Q2,OC,SAME64_UPDATE,SAME64_HOLD,-0.7202848670143851,89
REFUGE_Valid,SEARCH,17011,1,Q2,OC,CROSS64_UPDATE,CROSS64_HOLD,-0.9597233334852575,89
REFUGE_Valid,SEARCH,17011,1,Q3,OD,NATIVE_HOLD,SAME64_HOLD,-1.4783189316633383,100
REFUGE_Valid,SEARCH,17011,1,Q3,OD,CROSS64_HOLD,SOURCE_HOLD,-0.7514217736686248,100
REFUGE_Valid,SEARCH,17011,1,Q3,OD,NATIVE_UPDATE,NATIVE_HOLD,-3.760143224754927,100
REFUGE_Valid,SEARCH,17011,1,Q3,OD,SOURCE_UPDATE,SOURCE_HOLD,-0.4925280306780877,100
REFUGE_Valid,SEARCH,17011,1,Q3,OD,SAME64_UPDATE,SAME64_HOLD,-2.274546736475614,100
REFUGE_Valid,SEARCH,17011,1,Q3,OD,CROSS64_UPDATE,CROSS64_HOLD,-0.22176333446610386,100
REFUGE_Valid,SEARCH,17011,1,Q3,OD,HISTORY_UPDATE_INTERACTION,ALGEBRA,-2.05278340200951,100
REFUGE_Valid,SEARCH,17011,1,Q3,OC,NATIVE_HOLD,SAME64_HOLD,-0.7928028316336082,100
REFUGE_Valid,SEARCH,17011,1,Q3,OC,NATIVE_HOLD,SOURCE_HOLD,-0.4125078499901491,100
REFUGE_Valid,SEARCH,17011,1,Q3,OC,CROSS64_HOLD,SOURCE_HOLD,-0.47070097685461576,100
REFUGE_Valid,SEARCH,17011,1,Q3,OC,NATIVE_UPDATE,NATIVE_HOLD,-1.8095155457826735,100
REFUGE_Valid,SEARCH,17011,1,Q3,OC,SOURCE_UPDATE,SOURCE_HOLD,-0.7485532330263283,100
REFUGE_Valid,SEARCH,17011,1,Q3,OC,SAME64_UPDATE,SAME64_HOLD,-1.013536811718268,100
REFUGE_Valid,SEARCH,17011,1,Q3,OC,CROSS64_UPDATE,CROSS64_HOLD,-0.6449019060025449,100
REFUGE_Valid,SEARCH,17011,1,Q3,OC,HISTORY_UPDATE_INTERACTION,ALGEBRA,-0.368634905715723,100
REFUGE_Valid,SEALED_REVIEW,17011,1,Q3,OD,NATIVE_HOLD,SAME64_HOLD,-2.1384710708776993,68
REFUGE_Valid,SEALED_REVIEW,17011,1,Q3,OD,CROSS64_HOLD,SOURCE_HOLD,-1.1497782649328343,68
REFUGE_Valid,SEALED_REVIEW,17011,1,Q3,OD,NATIVE_UPDATE,NATIVE_HOLD,-4.400855273240467,68
REFUGE_Valid,SEALED_REVIEW,17011,1,Q3,OD,SOURCE_UPDATE,SOURCE_HOLD,-1.0618496002518754,68
REFUGE_Valid,SEALED_REVIEW,17011,1,Q3,OD,SAME64_UPDATE,SAME64_HOLD,-3.011440823845575,68
REFUGE_Valid,SEALED_REVIEW,17011,1,Q3,OD,CROSS64_UPDATE,CROSS64_HOLD,-0.662398936800372,68
REFUGE_Valid,SEALED_REVIEW,17011,1,Q3,OD,HISTORY_UPDATE_INTERACTION,ALGEBRA,-2.3490418870452032,68
REFUGE_Valid,SEALED_REVIEW,17011,1,Q3,OC,SAME64_HOLD,CROSS64_HOLD,-0.004311909240556133,68
REFUGE_Valid,SEALED_REVIEW,17011,1,Q3,OC,NATIVE_HOLD,SAME64_HOLD,-0.801247097884854,68
REFUGE_Valid,SEALED_REVIEW,17011,1,Q3,OC,NATIVE_HOLD,SOURCE_HOLD,-1.3022643061830763,68
REFUGE_Valid,SEALED_REVIEW,17011,1,Q3,OC,SAME64_HOLD,SOURCE_HOLD,-0.5010172082982223,68
REFUGE_Valid,SEALED_REVIEW,17011,1,Q3,OC,CROSS64_HOLD,SOURCE_HOLD,-0.49670529905766614,68
REFUGE_Valid,SEALED_REVIEW,17011,1,Q3,OC,NATIVE_UPDATE,NATIVE_HOLD,-2.014876578807808,68
REFUGE_Valid,SEALED_REVIEW,17011,1,Q3,OC,SOURCE_UPDATE,SOURCE_HOLD,-1.8938528339526215,68
REFUGE_Valid,SEALED_REVIEW,17011,1,Q3,OC,SAME64_UPDATE,SAME64_HOLD,-1.2967294779829643,68
REFUGE_Valid,SEALED_REVIEW,17011,1,Q3,OC,CROSS64_UPDATE,CROSS64_HOLD,-1.7217722668079247,68
REFUGE_Valid,SEARCH,17011,1,Q4,OD,NATIVE_HOLD,SAME64_HOLD,-1.8343938224659695,120
REFUGE_Valid,SEARCH,17011,1,Q4,OD,CROSS64_HOLD,SOURCE_HOLD,-0.8062029879890389,120
REFUGE_Valid,SEARCH,17011,1,Q4,OD,NATIVE_UPDATE,NATIVE_HOLD,-6.219018560752559,120
REFUGE_Valid,SEARCH,17011,1,Q4,OD,SOURCE_UPDATE,SOURCE_HOLD,-2.504060431947437,120
REFUGE_Valid,SEARCH,17011,1,Q4,OD,SAME64_UPDATE,SAME64_HOLD,-4.175353693706356,120
REFUGE_Valid,SEARCH,17011,1,Q4,OD,CROSS64_UPDATE,CROSS64_HOLD,-2.526013352493763,120
REFUGE_Valid,SEARCH,17011,1,Q4,OD,HISTORY_UPDATE_INTERACTION,ALGEBRA,-1.6493403412125929,120
REFUGE_Valid,SEARCH,17011,1,Q4,OC,NATIVE_HOLD,SAME64_HOLD,-0.8679711979253426,120
REFUGE_Valid,SEARCH,17011,1,Q4,OC,NATIVE_HOLD,SOURCE_HOLD,-0.7091358544593191,120
REFUGE_Valid,SEARCH,17011,1,Q4,OC,CROSS64_HOLD,SOURCE_HOLD,-0.4591761496430422,120
REFUGE_Valid,SEARCH,17011,1,Q4,OC,NATIVE_UPDATE,NATIVE_HOLD,-3.109880546516294,120
REFUGE_Valid,SEARCH,17011,1,Q4,OC,SOURCE_UPDATE,SOURCE_HOLD,-1.9256844884694289,120
REFUGE_Valid,SEARCH,17011,1,Q4,OC,SAME64_UPDATE,SAME64_HOLD,-2.0444719352674667,120
REFUGE_Valid,SEARCH,17011,1,Q4,OC,CROSS64_UPDATE,CROSS64_HOLD,-1.9632555447423172,120
REFUGE_Valid,SEARCH,17011,1,Q4,OC,HISTORY_UPDATE_INTERACTION,ALGEBRA,-0.08121639052515661,120
REFUGE_Valid,SEALED_REVIEW,17011,1,Q4,OD,NATIVE_HOLD,SAME64_HOLD,-1.664043543290859,52
REFUGE_Valid,SEALED_REVIEW,17011,1,Q4,OD,CROSS64_HOLD,SOURCE_HOLD,-0.7823253443285125,52
REFUGE_Valid,SEALED_REVIEW,17011,1,Q4,OD,NATIVE_UPDATE,NATIVE_HOLD,-5.877852240522927,52
REFUGE_Valid,SEALED_REVIEW,17011,1,Q4,OD,SOURCE_UPDATE,SOURCE_HOLD,-2.1544532664415215,52
REFUGE_Valid,SEALED_REVIEW,17011,1,Q4,OD,SAME64_UPDATE,SAME64_HOLD,-3.9308891484983377,52
REFUGE_Valid,SEALED_REVIEW,17011,1,Q4,OD,CROSS64_UPDATE,CROSS64_HOLD,-2.1061426826502156,52
REFUGE_Valid,SEALED_REVIEW,17011,1,Q4,OD,HISTORY_UPDATE_INTERACTION,ALGEBRA,-1.824746465848122,52
REFUGE_Valid,SEALED_REVIEW,17011,1,Q4,OC,NATIVE_HOLD,SAME64_HOLD,-1.0885690675597175,52
REFUGE_Valid,SEALED_REVIEW,17011,1,Q4,OC,NATIVE_HOLD,SOURCE_HOLD,-0.8055707227059941,52
REFUGE_Valid,SEALED_REVIEW,17011,1,Q4,OC,CROSS64_HOLD,SOURCE_HOLD,-0.6584360677253045,52
REFUGE_Valid,SEALED_REVIEW,17011,1,Q4,OC,NATIVE_UPDATE,NATIVE_HOLD,-3.169768309344896,52
REFUGE_Valid,SEALED_REVIEW,17011,1,Q4,OC,SOURCE_UPDATE,SOURCE_HOLD,-1.7383189723526726,52
REFUGE_Valid,SEALED_REVIEW,17011,1,Q4,OC,SAME64_UPDATE,SAME64_HOLD,-2.004920448523748,52
REFUGE_Valid,SEALED_REVIEW,17011,1,Q4,OC,CROSS64_UPDATE,CROSS64_HOLD,-1.8729400391347752,52
REFUGE_Valid,SEALED_REVIEW,17011,1,Q4,OC,HISTORY_UPDATE_INTERACTION,ALGEBRA,-0.13198040938897293,52
ORIGA,SEARCH,29009,0,ALL,OD,SAME64_UPDATE,CROSS64_UPDATE,-0.007315934525124135,316
ORIGA,SEARCH,29009,0,ALL,OD,NATIVE_UPDATE,ANCHOR,-0.5082382125920901,316
ORIGA,SEARCH,29009,0,ALL,OD,NATIVE_HOLD,NATIVE_UPDATE,-4.793580325869399,316
ORIGA,SEARCH,29009,0,ALL,OD,NATIVE_HOLD,ANCHOR,-5.3018185384614895,316
ORIGA,SEARCH,29009,0,ALL,OD,SOURCE_UPDATE,NATIVE_UPDATE,-4.429601454294485,316
ORIGA,SEARCH,29009,0,ALL,OD,SOURCE_UPDATE,ANCHOR,-4.937839666886575,316
ORIGA,SEARCH,29009,0,ALL,OD,SOURCE_HOLD,NATIVE_UPDATE,-13.193711705034133,316
ORIGA,SEARCH,29009,0,ALL,OD,SOURCE_HOLD,ANCHOR,-13.701949917626223,316
ORIGA,SEARCH,29009,0,ALL,OD,SAME64_UPDATE,NATIVE_UPDATE,-3.3897119252641374,316
ORIGA,SEARCH,29009,0,ALL,OD,SAME64_UPDATE,ANCHOR,-3.8979501378562276,316
ORIGA,SEARCH,29009,0,ALL,OD,SAME64_HOLD,NATIVE_UPDATE,-9.51016500936197,316
ORIGA,SEARCH,29009,0,ALL,OD,SAME64_HOLD,ANCHOR,-10.01840322195406,316
ORIGA,SEARCH,29009,0,ALL,OD,CROSS64_UPDATE,NATIVE_UPDATE,-3.3823959907390133,316
ORIGA,SEARCH,29009,0,ALL,OD,CROSS64_UPDATE,ANCHOR,-3.8906342033311034,316
ORIGA,SEARCH,29009,0,ALL,OD,CROSS64_HOLD,NATIVE_UPDATE,-12.567882647223584,316
ORIGA,SEARCH,29009,0,ALL,OD,CROSS64_HOLD,ANCHOR,-13.076120859815674,316
ORIGA,SEARCH,29009,0,ALL,OD,HISTORY_UPDATE_INTERACTION,ALGEBRA,-3.0650335723867386,316
ORIGA,SEARCH,29009,0,ALL,OC,NATIVE_UPDATE,ANCHOR,-0.35789255340876025,316
ORIGA,SEARCH,29009,0,ALL,OC,NATIVE_HOLD,NATIVE_UPDATE,-5.421272762249245,316
ORIGA,SEARCH,29009,0,ALL,OC,NATIVE_HOLD,ANCHOR,-5.779165315658005,316
ORIGA,SEARCH,29009,0,ALL,OC,SOURCE_UPDATE,NATIVE_UPDATE,-5.803834729119373,316
ORIGA,SEARCH,29009,0,ALL,OC,SOURCE_UPDATE,ANCHOR,-6.161727282528133,316
ORIGA,SEARCH,29009,0,ALL,OC,SOURCE_HOLD,NATIVE_UPDATE,-15.618448177141616,316
ORIGA,SEARCH,29009,0,ALL,OC,SOURCE_HOLD,ANCHOR,-15.976340730550376,316
ORIGA,SEARCH,29009,0,ALL,OC,SAME64_UPDATE,NATIVE_UPDATE,-4.212124031153593,316
ORIGA,SEARCH,29009,0,ALL,OC,SAME64_UPDATE,ANCHOR,-4.570016584562353,316
ORIGA,SEARCH,29009,0,ALL,OC,SAME64_HOLD,NATIVE_UPDATE,-11.363288820084016,316
ORIGA,SEARCH,29009,0,ALL,OC,SAME64_HOLD,ANCHOR,-11.721181373492776,316
ORIGA,SEARCH,29009,0,ALL,OC,CROSS64_UPDATE,NATIVE_UPDATE,-4.301534763597132,316
ORIGA,SEARCH,29009,0,ALL,OC,CROSS64_UPDATE,ANCHOR,-4.659427317005893,316
ORIGA,SEARCH,29009,0,ALL,OC,CROSS64_HOLD,NATIVE_UPDATE,-14.67094444268924,316
ORIGA,SEARCH,29009,0,ALL,OC,CROSS64_HOLD,ANCHOR,-15.028836996098,316
ORIGA,SEARCH,29009,0,ALL,OC,HISTORY_UPDATE_INTERACTION,ALGEBRA,-3.218244890161685,316
ORIGA,SEARCH,29009,0,Q1,OD,NATIVE_UPDATE,ANCHOR,-0.8711132868776303,81
ORIGA,SEARCH,29009,0,Q1,OD,NATIVE_HOLD,NATIVE_UPDATE,-3.20232518214209,81
ORIGA,SEARCH,29009,0,Q1,OD,NATIVE_HOLD,ANCHOR,-4.07343846901972,81
ORIGA,SEARCH,29009,0,Q1,OD,SOURCE_UPDATE,NATIVE_UPDATE,-7.381650526490219,81
ORIGA,SEARCH,29009,0,Q1,OD,SOURCE_UPDATE,ANCHOR,-8.25276381336785,81
ORIGA,SEARCH,29009,0,Q1,OD,SOURCE_HOLD,NATIVE_UPDATE,-12.07561160001147,81
ORIGA,SEARCH,29009,0,Q1,OD,SOURCE_HOLD,ANCHOR,-12.9467248868891,81
ORIGA,SEARCH,29009,0,Q1,OD,SAME64_UPDATE,NATIVE_UPDATE,-4.913132522811708,81
ORIGA,SEARCH,29009,0,Q1,OD,SAME64_UPDATE,ANCHOR,-5.784245809689338,81
ORIGA,SEARCH,29009,0,Q1,OD,SAME64_HOLD,NATIVE_UPDATE,-8.487855709060582,81
ORIGA,SEARCH,29009,0,Q1,OD,SAME64_HOLD,ANCHOR,-9.358968995938213,81
ORIGA,SEARCH,29009,0,Q1,OD,CROSS64_UPDATE,NATIVE_UPDATE,-5.783437456917753,81
ORIGA,SEARCH,29009,0,Q1,OD,CROSS64_UPDATE,ANCHOR,-6.654550743795383,81
ORIGA,SEARCH,29009,0,Q1,OD,CROSS64_HOLD,NATIVE_UPDATE,-11.582995410881196,81
ORIGA,SEARCH,29009,0,Q1,OD,CROSS64_HOLD,ANCHOR,-12.454108697758826,81
ORIGA,SEARCH,29009,0,Q1,OD,HISTORY_UPDATE_INTERACTION,ALGEBRA,-2.224834767714569,81
ORIGA,SEARCH,29009,0,Q1,OC,NATIVE_HOLD,NATIVE_UPDATE,-3.827647934128116,81
ORIGA,SEARCH,29009,0,Q1,OC,NATIVE_HOLD,ANCHOR,-3.7521050357202412,81
ORIGA,SEARCH,29009,0,Q1,OC,SOURCE_UPDATE,NATIVE_UPDATE,-9.811166417498512,81
ORIGA,SEARCH,29009,0,Q1,OC,SOURCE_UPDATE,ANCHOR,-9.735623519090638,81
ORIGA,SEARCH,29009,0,Q1,OC,SOURCE_HOLD,NATIVE_UPDATE,-14.84656999180062,81
ORIGA,SEARCH,29009,0,Q1,OC,SOURCE_HOLD,ANCHOR,-14.771027093392746,81
ORIGA,SEARCH,29009,0,Q1,OC,SAME64_UPDATE,NATIVE_UPDATE,-6.1622366364377825,81
ORIGA,SEARCH,29009,0,Q1,OC,SAME64_UPDATE,ANCHOR,-6.086693738029908,81
ORIGA,SEARCH,29009,0,Q1,OC,SAME64_HOLD,NATIVE_UPDATE,-10.33668388878906,81
ORIGA,SEARCH,29009,0,Q1,OC,SAME64_HOLD,ANCHOR,-10.261140990381186,81
ORIGA,SEARCH,29009,0,Q1,OC,CROSS64_UPDATE,NATIVE_UPDATE,-7.491585555384148,81
ORIGA,SEARCH,29009,0,Q1,OC,CROSS64_UPDATE,ANCHOR,-7.416042656976273,81
ORIGA,SEARCH,29009,0,Q1,OC,CROSS64_HOLD,NATIVE_UPDATE,-13.90502754814841,81
ORIGA,SEARCH,29009,0,Q1,OC,CROSS64_HOLD,ANCHOR,-13.829484649740536,81
ORIGA,SEARCH,29009,0,Q1,OC,HISTORY_UPDATE_INTERACTION,ALGEBRA,-2.238994740412984,81
ORIGA,SEARCH,29009,0,FIRST64,OD,NATIVE_UPDATE,ANCHOR,-0.9336252646370724,35
ORIGA,SEARCH,29009,0,FIRST64,OD,NATIVE_HOLD,NATIVE_UPDATE,-1.4967882808451662,35
ORIGA,SEARCH,29009,0,FIRST64,OD,NATIVE_HOLD,ANCHOR,-2.4304135454822386,35
ORIGA,SEARCH,29009,0,FIRST64,OD,SOURCE_UPDATE,NATIVE_UPDATE,-6.754171217346737,35
ORIGA,SEARCH,29009,0,FIRST64,OD,SOURCE_UPDATE,ANCHOR,-7.68779648198381,35
ORIGA,SEARCH,29009,0,FIRST64,OD,SOURCE_HOLD,NATIVE_UPDATE,-8.955440683796908,35
ORIGA,SEARCH,29009,0,FIRST64,OD,SOURCE_HOLD,ANCHOR,-9.88906594843398,35
ORIGA,SEARCH,29009,0,FIRST64,OD,SAME64_UPDATE,NATIVE_UPDATE,-4.233261420660426,35
ORIGA,SEARCH,29009,0,FIRST64,OD,SAME64_UPDATE,ANCHOR,-5.166886685297499,35
ORIGA,SEARCH,29009,0,FIRST64,OD,SAME64_HOLD,NATIVE_UPDATE,-5.673324271275774,35
ORIGA,SEARCH,29009,0,FIRST64,OD,SAME64_HOLD,ANCHOR,-6.606949535912847,35
ORIGA,SEARCH,29009,0,FIRST64,OD,CROSS64_UPDATE,NATIVE_UPDATE,-5.867536813754413,35
ORIGA,SEARCH,29009,0,FIRST64,OD,CROSS64_UPDATE,ANCHOR,-6.801162078391485,35
ORIGA,SEARCH,29009,0,FIRST64,OD,CROSS64_HOLD,NATIVE_UPDATE,-8.573386661788405,35
ORIGA,SEARCH,29009,0,FIRST64,OD,CROSS64_HOLD,ANCHOR,-9.507011926425477,35
ORIGA,SEARCH,29009,0,FIRST64,OD,HISTORY_UPDATE_INTERACTION,ALGEBRA,-1.265786997418644,35
ORIGA,SEARCH,29009,0,FIRST64,OC,NATIVE_HOLD,NATIVE_UPDATE,-1.5539433542446943,35
ORIGA,SEARCH,29009,0,FIRST64,OC,NATIVE_HOLD,ANCHOR,-1.411823694825415,35
ORIGA,SEARCH,29009,0,FIRST64,OC,SOURCE_UPDATE,NATIVE_UPDATE,-8.214717545697113,35
ORIGA,SEARCH,29009,0,FIRST64,OC,SOURCE_UPDATE,ANCHOR,-8.072597886277833,35
ORIGA,SEARCH,29009,0,FIRST64,OC,SOURCE_HOLD,NATIVE_UPDATE,-10.919298699749646,35
ORIGA,SEARCH,29009,0,FIRST64,OC,SOURCE_HOLD,ANCHOR,-10.777179040330367,35
ORIGA,SEARCH,29009,0,FIRST64,OC,SAME64_UPDATE,NATIVE_UPDATE,-4.5281403227139805,35
ORIGA,SEARCH,29009,0,FIRST64,OC,SAME64_UPDATE,ANCHOR,-4.386020663294701,35
ORIGA,SEARCH,29009,0,FIRST64,OC,SAME64_HOLD,NATIVE_UPDATE,-6.3414284649376995,35
ORIGA,SEARCH,29009,0,FIRST64,OC,SAME64_HOLD,ANCHOR,-6.19930880551842,35
ORIGA,SEARCH,29009,0,FIRST64,OC,CROSS64_UPDATE,NATIVE_UPDATE,-6.87996706198841,35
ORIGA,SEARCH,29009,0,FIRST64,OC,CROSS64_UPDATE,ANCHOR,-6.73784740256913,35
ORIGA,SEARCH,29009,0,FIRST64,OC,CROSS64_HOLD,NATIVE_UPDATE,-10.143296915615949,35
ORIGA,SEARCH,29009,0,FIRST64,OC,CROSS64_HOLD,ANCHOR,-10.00117725619667,35
ORIGA,SEARCH,29009,0,FIRST64,OC,HISTORY_UPDATE_INTERACTION,ALGEBRA,-1.45004171140382,35
ORIGA,SEALED_REVIEW,29009,0,ALL,OD,NATIVE_UPDATE,ANCHOR,-0.4652590089238231,210
ORIGA,SEALED_REVIEW,29009,0,ALL,OD,NATIVE_HOLD,NATIVE_UPDATE,-4.356476918380679,210
ORIGA,SEALED_REVIEW,29009,0,ALL,OD,NATIVE_HOLD,ANCHOR,-4.821735927304502,210
ORIGA,SEALED_REVIEW,29009,0,ALL,OD,SOURCE_UPDATE,NATIVE_UPDATE,-4.402259031065071,210
ORIGA,SEALED_REVIEW,29009,0,ALL,OD,SOURCE_UPDATE,ANCHOR,-4.867518039988894,210
ORIGA,SEALED_REVIEW,29009,0,ALL,OD,SOURCE_HOLD,NATIVE_UPDATE,-13.215345473135372,210
ORIGA,SEALED_REVIEW,29009,0,ALL,OD,SOURCE_HOLD,ANCHOR,-13.680604482059195,210
ORIGA,SEALED_REVIEW,29009,0,ALL,OD,SAME64_UPDATE,NATIVE_UPDATE,-3.2652606573163325,210
ORIGA,SEALED_REVIEW,29009,0,ALL,OD,SAME64_UPDATE,ANCHOR,-3.7305196662401556,210
ORIGA,SEALED_REVIEW,29009,0,ALL,OD,SAME64_HOLD,NATIVE_UPDATE,-9.202120534204113,210
ORIGA,SEALED_REVIEW,29009,0,ALL,OD,SAME64_HOLD,ANCHOR,-9.667379543127936,210
ORIGA,SEALED_REVIEW,29009,0,ALL,OD,CROSS64_UPDATE,NATIVE_UPDATE,-3.3415175372150117,210
ORIGA,SEALED_REVIEW,29009,0,ALL,OD,CROSS64_UPDATE,ANCHOR,-3.8067765461388348,210
ORIGA,SEALED_REVIEW,29009,0,ALL,OD,CROSS64_HOLD,NATIVE_UPDATE,-12.480836395392373,210
ORIGA,SEALED_REVIEW,29009,0,ALL,OD,CROSS64_HOLD,ANCHOR,-12.946095404316196,210
ORIGA,SEALED_REVIEW,29009,0,ALL,OD,HISTORY_UPDATE_INTERACTION,ALGEBRA,-3.202458981289581,210
ORIGA,SEALED_REVIEW,29009,0,ALL,OC,NATIVE_UPDATE,ANCHOR,-0.2899956037232556,210
ORIGA,SEALED_REVIEW,29009,0,ALL,OC,NATIVE_HOLD,NATIVE_UPDATE,-4.420659569941222,210
ORIGA,SEALED_REVIEW,29009,0,ALL,OC,NATIVE_HOLD,ANCHOR,-4.7106551736644775,210
ORIGA,SEALED_REVIEW,29009,0,ALL,OC,SOURCE_UPDATE,NATIVE_UPDATE,-5.27575625875761,210
ORIGA,SEALED_REVIEW,29009,0,ALL,OC,SOURCE_UPDATE,ANCHOR,-5.565751862480866,210
ORIGA,SEALED_REVIEW,29009,0,ALL,OC,SOURCE_HOLD,NATIVE_UPDATE,-14.773061124958303,210
ORIGA,SEALED_REVIEW,29009,0,ALL,OC,SOURCE_HOLD,ANCHOR,-15.063056728681559,210
ORIGA,SEALED_REVIEW,29009,0,ALL,OC,SAME64_UPDATE,NATIVE_UPDATE,-3.5925135797127865,210
ORIGA,SEALED_REVIEW,29009,0,ALL,OC,SAME64_UPDATE,ANCHOR,-3.882509183436042,210
ORIGA,SEALED_REVIEW,29009,0,ALL,OC,SAME64_HOLD,NATIVE_UPDATE,-10.149515410647624,210
ORIGA,SEALED_REVIEW,29009,0,ALL,OC,SAME64_HOLD,ANCHOR,-10.43951101437088,210
ORIGA,SEALED_REVIEW,29009,0,ALL,OC,CROSS64_UPDATE,NATIVE_UPDATE,-3.7572515481989086,210
ORIGA,SEALED_REVIEW,29009,0,ALL,OC,CROSS64_UPDATE,ANCHOR,-4.047247151922164,210
ORIGA,SEALED_REVIEW,29009,0,ALL,OC,CROSS64_HOLD,NATIVE_UPDATE,-13.633425570544738,210
ORIGA,SEALED_REVIEW,29009,0,ALL,OC,CROSS64_HOLD,ANCHOR,-13.923421174267993,210
ORIGA,SEALED_REVIEW,29009,0,ALL,OC,HISTORY_UPDATE_INTERACTION,ALGEBRA,-3.319172191410992,210
ORIGA,SEALED_REVIEW,29009,0,Q1,OD,NATIVE_UPDATE,ANCHOR,-0.8425842875297747,46
ORIGA,SEALED_REVIEW,29009,0,Q1,OD,NATIVE_HOLD,NATIVE_UPDATE,-3.005387497464554,46
ORIGA,SEALED_REVIEW,29009,0,Q1,OD,NATIVE_HOLD,ANCHOR,-3.8479717849943285,46
ORIGA,SEALED_REVIEW,29009,0,Q1,OD,SOURCE_UPDATE,NATIVE_UPDATE,-8.864940574530976,46
ORIGA,SEALED_REVIEW,29009,0,Q1,OD,SOURCE_UPDATE,ANCHOR,-9.707524862060751,46
ORIGA,SEALED_REVIEW,29009,0,Q1,OD,SOURCE_HOLD,NATIVE_UPDATE,-14.875631621581277,46
ORIGA,SEALED_REVIEW,29009,0,Q1,OD,SOURCE_HOLD,ANCHOR,-15.718215909111052,46
ORIGA,SEALED_REVIEW,29009,0,Q1,OD,SAME64_UPDATE,NATIVE_UPDATE,-5.524208377247831,46
ORIGA,SEALED_REVIEW,29009,0,Q1,OD,SAME64_UPDATE,ANCHOR,-6.366792664777606,46
ORIGA,SEALED_REVIEW,29009,0,Q1,OD,SAME64_HOLD,NATIVE_UPDATE,-9.52976169275972,46
ORIGA,SEALED_REVIEW,29009,0,Q1,OD,SAME64_HOLD,ANCHOR,-10.372345980289495,46
ORIGA,SEALED_REVIEW,29009,0,Q1,OD,CROSS64_UPDATE,NATIVE_UPDATE,-6.730153640456891,46
ORIGA,SEALED_REVIEW,29009,0,Q1,OD,CROSS64_UPDATE,ANCHOR,-7.572737927986665,46
ORIGA,SEALED_REVIEW,29009,0,Q1,OD,CROSS64_HOLD,NATIVE_UPDATE,-13.730366530784579,46
ORIGA,SEALED_REVIEW,29009,0,Q1,OD,CROSS64_HOLD,ANCHOR,-14.572950818314354,46
ORIGA,SEALED_REVIEW,29009,0,Q1,OD,HISTORY_UPDATE_INTERACTION,ALGEBRA,-2.994659574815799,46
ORIGA,SEALED_REVIEW,29009,0,Q1,OC,NATIVE_HOLD,NATIVE_UPDATE,-3.1852771821054375,46
ORIGA,SEALED_REVIEW,29009,0,Q1,OC,NATIVE_HOLD,ANCHOR,-3.1449306882268644,46
ORIGA,SEALED_REVIEW,29009,0,Q1,OC,SOURCE_UPDATE,NATIVE_UPDATE,-11.42661527465318,46
ORIGA,SEALED_REVIEW,29009,0,Q1,OC,SOURCE_UPDATE,ANCHOR,-11.386268780774607,46
ORIGA,SEALED_REVIEW,29009,0,Q1,OC,SOURCE_HOLD,NATIVE_UPDATE,-17.894302026928614,46
ORIGA,SEALED_REVIEW,29009,0,Q1,OC,SOURCE_HOLD,ANCHOR,-17.85395553305004,46
ORIGA,SEALED_REVIEW,29009,0,Q1,OC,SAME64_UPDATE,NATIVE_UPDATE,-6.683259867188596,46
ORIGA,SEALED_REVIEW,29009,0,Q1,OC,SAME64_UPDATE,ANCHOR,-6.642913373310023,46
ORIGA,SEALED_REVIEW,29009,0,Q1,OC,SAME64_HOLD,NATIVE_UPDATE,-12.18370985019979,46
ORIGA,SEALED_REVIEW,29009,0,Q1,OC,SAME64_HOLD,ANCHOR,-12.143363356321217,46
ORIGA,SEALED_REVIEW,29009,0,Q1,OC,CROSS64_UPDATE,NATIVE_UPDATE,-8.125804698859426,46
ORIGA,SEALED_REVIEW,29009,0,Q1,OC,CROSS64_UPDATE,ANCHOR,-8.085458204980853,46
ORIGA,SEALED_REVIEW,29009,0,Q1,OC,CROSS64_HOLD,NATIVE_UPDATE,-16.04802938335051,46
ORIGA,SEALED_REVIEW,29009,0,Q1,OC,CROSS64_HOLD,ANCHOR,-16.007682889471937,46
ORIGA,SEALED_REVIEW,29009,0,Q1,OC,HISTORY_UPDATE_INTERACTION,ALGEBRA,-2.4217747014798903,46
ORIGA,SEALED_REVIEW,29009,0,FIRST64,OD,NATIVE_UPDATE,ANCHOR,-0.8945327463492134,20
ORIGA,SEALED_REVIEW,29009,0,FIRST64,OD,NATIVE_HOLD,NATIVE_UPDATE,-1.4199640408934329,20
ORIGA,SEALED_REVIEW,29009,0,FIRST64,OD,NATIVE_HOLD,ANCHOR,-2.3144967872426463,20
ORIGA,SEALED_REVIEW,29009,0,FIRST64,OD,SOURCE_UPDATE,NATIVE_UPDATE,-9.341924038424551,20
ORIGA,SEALED_REVIEW,29009,0,FIRST64,OD,SOURCE_UPDATE,ANCHOR,-10.236456784773765,20
ORIGA,SEALED_REVIEW,29009,0,FIRST64,OD,SOURCE_HOLD,NATIVE_UPDATE,-12.375175363140997,20
ORIGA,SEALED_REVIEW,29009,0,FIRST64,OD,SOURCE_HOLD,ANCHOR,-13.26970810949021,20
ORIGA,SEALED_REVIEW,29009,0,FIRST64,OD,SAME64_UPDATE,NATIVE_UPDATE,-5.415850669048666,20
ORIGA,SEALED_REVIEW,29009,0,FIRST64,OD,SAME64_UPDATE,ANCHOR,-6.3103834153978795,20
ORIGA,SEALED_REVIEW,29009,0,FIRST64,OD,SAME64_HOLD,NATIVE_UPDATE,-7.118408605919967,20
ORIGA,SEALED_REVIEW,29009,0,FIRST64,OD,SAME64_HOLD,ANCHOR,-8.01294135226918,20
ORIGA,SEALED_REVIEW,29009,0,FIRST64,OD,CROSS64_UPDATE,NATIVE_UPDATE,-7.741209019666542,20
ORIGA,SEALED_REVIEW,29009,0,FIRST64,OD,CROSS64_UPDATE,ANCHOR,-8.635741766015755,20
ORIGA,SEALED_REVIEW,29009,0,FIRST64,OD,CROSS64_HOLD,NATIVE_UPDATE,-11.277020948748017,20
ORIGA,SEALED_REVIEW,29009,0,FIRST64,OD,CROSS64_HOLD,ANCHOR,-12.17155369509723,20
ORIGA,SEALED_REVIEW,29009,0,FIRST64,OD,HISTORY_UPDATE_INTERACTION,ALGEBRA,-1.8332539922101745,20
ORIGA,SEALED_REVIEW,29009,0,FIRST64,OC,NATIVE_HOLD,NATIVE_UPDATE,-1.6526967933344707,20
ORIGA,SEALED_REVIEW,29009,0,FIRST64,OC,NATIVE_HOLD,ANCHOR,-1.5296370999020894,20
ORIGA,SEALED_REVIEW,29009,0,FIRST64,OC,SOURCE_UPDATE,NATIVE_UPDATE,-12.105922971150392,20
ORIGA,SEALED_REVIEW,29009,0,FIRST64,OC,SOURCE_UPDATE,ANCHOR,-11.98286327771801,20
ORIGA,SEALED_REVIEW,29009,0,FIRST64,OC,SOURCE_HOLD,NATIVE_UPDATE,-15.266302046589665,20
ORIGA,SEALED_REVIEW,29009,0,FIRST64,OC,SOURCE_HOLD,ANCHOR,-15.143242353157284,20
ORIGA,SEALED_REVIEW,29009,0,FIRST64,OC,SAME64_UPDATE,NATIVE_UPDATE,-7.147855999442413,20
ORIGA,SEALED_REVIEW,29009,0,FIRST64,OC,SAME64_UPDATE,ANCHOR,-7.024796306010032,20
ORIGA,SEALED_REVIEW,29009,0,FIRST64,OC,SAME64_HOLD,NATIVE_UPDATE,-9.312546950386007,20
ORIGA,SEALED_REVIEW,29009,0,FIRST64,OC,SAME64_HOLD,ANCHOR,-9.189487256953626,20
ORIGA,SEALED_REVIEW,29009,0,FIRST64,OC,CROSS64_UPDATE,NATIVE_UPDATE,-9.667177483130935,20
ORIGA,SEALED_REVIEW,29009,0,FIRST64,OC,CROSS64_UPDATE,ANCHOR,-9.544117789698554,20
ORIGA,SEALED_REVIEW,29009,0,FIRST64,OC,CROSS64_HOLD,NATIVE_UPDATE,-13.36982902088836,20
ORIGA,SEALED_REVIEW,29009,0,FIRST64,OC,CROSS64_HOLD,ANCHOR,-13.24676932745598,20
ORIGA,SEALED_REVIEW,29009,0,FIRST64,OC,HISTORY_UPDATE_INTERACTION,ALGEBRA,-1.5379605868138313,20
ORIGA,SEARCH,29009,0,Q2,OD,SAME64_UPDATE,CROSS64_UPDATE,-0.21989240029736834,70
ORIGA,SEARCH,29009,0,Q2,OD,NATIVE_UPDATE,ANCHOR,-0.5948618944785835,70
ORIGA,SEARCH,29009,0,Q2,OD,NATIVE_HOLD,NATIVE_UPDATE,-5.02846533641322,70
ORIGA,SEARCH,29009,0,Q2,OD,NATIVE_HOLD,ANCHOR,-5.623327230891803,70
ORIGA,SEARCH,29009,0,Q2,OD,SOURCE_UPDATE,NATIVE_UPDATE,-4.947603985139153,70
ORIGA,SEARCH,29009,0,Q2,OD,SOURCE_UPDATE,ANCHOR,-5.542465879617737,70
ORIGA,SEARCH,29009,0,Q2,OD,SOURCE_HOLD,NATIVE_UPDATE,-15.674341966367251,70
ORIGA,SEARCH,29009,0,Q2,OD,SOURCE_HOLD,ANCHOR,-16.269203860845835,70
ORIGA,SEARCH,29009,0,Q2,OD,SAME64_UPDATE,NATIVE_UPDATE,-3.8181570762701114,70
ORIGA,SEARCH,29009,0,Q2,OD,SAME64_UPDATE,ANCHOR,-4.413018970748695,70
ORIGA,SEARCH,29009,0,Q2,OD,SAME64_HOLD,NATIVE_UPDATE,-10.658653616863987,70
ORIGA,SEARCH,29009,0,Q2,OD,SAME64_HOLD,ANCHOR,-11.25351551134257,70
ORIGA,SEARCH,29009,0,Q2,OD,CROSS64_UPDATE,NATIVE_UPDATE,-3.598264675972743,70
ORIGA,SEARCH,29009,0,Q2,OD,CROSS64_UPDATE,ANCHOR,-4.1931265704513265,70
ORIGA,SEARCH,29009,0,Q2,OD,CROSS64_HOLD,NATIVE_UPDATE,-14.542949416448423,70
ORIGA,SEARCH,29009,0,Q2,OD,CROSS64_HOLD,ANCHOR,-15.137811310927006,70
ORIGA,SEARCH,29009,0,Q2,OD,HISTORY_UPDATE_INTERACTION,ALGEBRA,-4.104188199881804,70
ORIGA,SEARCH,29009,0,Q2,OC,SAME64_UPDATE,CROSS64_UPDATE,-0.3267032419401801,70
ORIGA,SEARCH,29009,0,Q2,OC,NATIVE_UPDATE,ANCHOR,-0.27919257195024727,70
ORIGA,SEARCH,29009,0,Q2,OC,NATIVE_HOLD,NATIVE_UPDATE,-5.976604024206438,70
ORIGA,SEARCH,29009,0,Q2,OC,NATIVE_HOLD,ANCHOR,-6.255796596156685,70
ORIGA,SEARCH,29009,0,Q2,OC,SOURCE_UPDATE,NATIVE_UPDATE,-6.755505080494331,70
ORIGA,SEARCH,29009,0,Q2,OC,SOURCE_UPDATE,ANCHOR,-7.034697652444578,70
ORIGA,SEARCH,29009,0,Q2,OC,SOURCE_HOLD,NATIVE_UPDATE,-18.486159402556638,70
ORIGA,SEARCH,29009,0,Q2,OC,SOURCE_HOLD,ANCHOR,-18.765351974506885,70
ORIGA,SEARCH,29009,0,Q2,OC,SAME64_UPDATE,NATIVE_UPDATE,-5.1959625422062885,70
ORIGA,SEARCH,29009,0,Q2,OC,SAME64_UPDATE,ANCHOR,-5.475155114156536,70
ORIGA,SEARCH,29009,0,Q2,OC,SAME64_HOLD,NATIVE_UPDATE,-13.218239868341065,70
ORIGA,SEARCH,29009,0,Q2,OC,SAME64_HOLD,ANCHOR,-13.497432440291313,70
ORIGA,SEARCH,29009,0,Q2,OC,CROSS64_UPDATE,NATIVE_UPDATE,-4.869259300266108,70
ORIGA,SEARCH,29009,0,Q2,OC,CROSS64_UPDATE,ANCHOR,-5.148451872216356,70
ORIGA,SEARCH,29009,0,Q2,OC,CROSS64_HOLD,NATIVE_UPDATE,-17.138799047695684,70
ORIGA,SEARCH,29009,0,Q2,OC,CROSS64_HOLD,ANCHOR,-17.41799161964593,70
ORIGA,SEARCH,29009,0,Q2,OC,HISTORY_UPDATE_INTERACTION,ALGEBRA,-4.247262421294799,70
ORIGA,SEALED_REVIEW,29009,0,Q2,OD,SAME64_UPDATE,CROSS64_UPDATE,-0.21896364835986049,62
ORIGA,SEALED_REVIEW,29009,0,Q2,OD,NATIVE_UPDATE,ANCHOR,-0.46583310805254996,62
ORIGA,SEALED_REVIEW,29009,0,Q2,OD,NATIVE_HOLD,NATIVE_UPDATE,-4.949270121485185,62
ORIGA,SEALED_REVIEW,29009,0,Q2,OD,NATIVE_HOLD,ANCHOR,-5.415103229537735,62
ORIGA,SEALED_REVIEW,29009,0,Q2,OD,SOURCE_UPDATE,NATIVE_UPDATE,-4.457318943931014,62
ORIGA,SEALED_REVIEW,29009,0,Q2,OD,SOURCE_UPDATE,ANCHOR,-4.923152051983564,62
ORIGA,SEALED_REVIEW,29009,0,Q2,OD,SOURCE_HOLD,NATIVE_UPDATE,-16.239075133714323,62
ORIGA,SEALED_REVIEW,29009,0,Q2,OD,SOURCE_HOLD,ANCHOR,-16.704908241766873,62
ORIGA,SEALED_REVIEW,29009,0,Q2,OD,SAME64_UPDATE,NATIVE_UPDATE,-3.461294421017726,62
ORIGA,SEALED_REVIEW,29009,0,Q2,OD,SAME64_UPDATE,ANCHOR,-3.927127529070276,62
ORIGA,SEALED_REVIEW,29009,0,Q2,OD,SAME64_HOLD,NATIVE_UPDATE,-11.287581782119972,62
ORIGA,SEALED_REVIEW,29009,0,Q2,OD,SAME64_HOLD,ANCHOR,-11.753414890172522,62
ORIGA,SEALED_REVIEW,29009,0,Q2,OD,CROSS64_UPDATE,NATIVE_UPDATE,-3.2423307726578656,62
ORIGA,SEALED_REVIEW,29009,0,Q2,OD,CROSS64_UPDATE,ANCHOR,-3.7081638807104156,62
ORIGA,SEALED_REVIEW,29009,0,Q2,OD,CROSS64_HOLD,NATIVE_UPDATE,-15.236288139119651,62
ORIGA,SEALED_REVIEW,29009,0,Q2,OD,CROSS64_HOLD,ANCHOR,-15.702121247172201,62
ORIGA,SEALED_REVIEW,29009,0,Q2,OD,HISTORY_UPDATE_INTERACTION,ALGEBRA,-4.16767000535954,62
ORIGA,SEALED_REVIEW,29009,0,Q2,OC,SAME64_UPDATE,CROSS64_UPDATE,-0.3292112097777107,62
ORIGA,SEALED_REVIEW,29009,0,Q2,OC,NATIVE_UPDATE,ANCHOR,-0.17825948949000292,62
ORIGA,SEALED_REVIEW,29009,0,Q2,OC,NATIVE_HOLD,NATIVE_UPDATE,-6.274511444395358,62
ORIGA,SEALED_REVIEW,29009,0,Q2,OC,NATIVE_HOLD,ANCHOR,-6.452770933885361,62
ORIGA,SEALED_REVIEW,29009,0,Q2,OC,SOURCE_UPDATE,NATIVE_UPDATE,-6.00029699469593,62
ORIGA,SEALED_REVIEW,29009,0,Q2,OC,SOURCE_UPDATE,ANCHOR,-6.178556484185933,62
ORIGA,SEALED_REVIEW,29009,0,Q2,OC,SOURCE_HOLD,NATIVE_UPDATE,-19.23190475721571,62
ORIGA,SEALED_REVIEW,29009,0,Q2,OC,SOURCE_HOLD,ANCHOR,-19.410164246705712,62
ORIGA,SEALED_REVIEW,29009,0,Q2,OC,SAME64_UPDATE,NATIVE_UPDATE,-4.447790791080024,62
ORIGA,SEALED_REVIEW,29009,0,Q2,OC,SAME64_UPDATE,ANCHOR,-4.626050280570027,62
ORIGA,SEALED_REVIEW,29009,0,Q2,OC,SAME64_HOLD,NATIVE_UPDATE,-13.029900546789655,62
ORIGA,SEALED_REVIEW,29009,0,Q2,OC,SAME64_HOLD,ANCHOR,-13.208160036279658,62
ORIGA,SEALED_REVIEW,29009,0,Q2,OC,CROSS64_UPDATE,NATIVE_UPDATE,-4.118579581302313,62
ORIGA,SEALED_REVIEW,29009,0,Q2,OC,CROSS64_UPDATE,ANCHOR,-4.296839070792316,62
ORIGA,SEALED_REVIEW,29009,0,Q2,OC,CROSS64_HOLD,NATIVE_UPDATE,-17.65458794678421,62
ORIGA,SEALED_REVIEW,29009,0,Q2,OC,CROSS64_HOLD,ANCHOR,-17.832847436274214,62
ORIGA,SEALED_REVIEW,29009,0,Q2,OC,HISTORY_UPDATE_INTERACTION,ALGEBRA,-4.953898609772267,62
ORIGA,SEALED_REVIEW,29009,0,Q3,OD,SAME64_UPDATE,CROSS64_UPDATE,-0.3112567697294253,45
ORIGA,SEALED_REVIEW,29009,0,Q3,OD,NATIVE_UPDATE,ANCHOR,-0.49572188452759747,45
ORIGA,SEALED_REVIEW,29009,0,Q3,OD,NATIVE_HOLD,NATIVE_UPDATE,-5.910614204761757,45
ORIGA,SEALED_REVIEW,29009,0,Q3,OD,NATIVE_HOLD,ANCHOR,-6.406336089289354,45
ORIGA,SEALED_REVIEW,29009,0,Q3,OD,SOURCE_UPDATE,NATIVE_UPDATE,-3.496446187484935,45
ORIGA,SEALED_REVIEW,29009,0,Q3,OD,SOURCE_UPDATE,ANCHOR,-3.9921680720125323,45
ORIGA,SEALED_REVIEW,29009,0,Q3,OD,SOURCE_HOLD,NATIVE_UPDATE,-15.804491628846037,45
ORIGA,SEALED_REVIEW,29009,0,Q3,OD,SOURCE_HOLD,ANCHOR,-16.300213513373635,45
ORIGA,SEALED_REVIEW,29009,0,Q3,OD,SAME64_UPDATE,NATIVE_UPDATE,-3.0303722978804757,45
ORIGA,SEALED_REVIEW,29009,0,Q3,OD,SAME64_UPDATE,ANCHOR,-3.526094182408073,45
ORIGA,SEALED_REVIEW,29009,0,Q3,OD,SAME64_HOLD,NATIVE_UPDATE,-11.243586865754253,45
ORIGA,SEALED_REVIEW,29009,0,Q3,OD,SAME64_HOLD,ANCHOR,-11.73930875028185,45
ORIGA,SEALED_REVIEW,29009,0,Q3,OD,CROSS64_UPDATE,NATIVE_UPDATE,-2.7191155281510504,45
ORIGA,SEALED_REVIEW,29009,0,Q3,OD,CROSS64_UPDATE,ANCHOR,-3.214837412678648,45
ORIGA,SEALED_REVIEW,29009,0,Q3,OD,CROSS64_HOLD,NATIVE_UPDATE,-14.991606968405407,45
ORIGA,SEALED_REVIEW,29009,0,Q3,OD,CROSS64_HOLD,ANCHOR,-15.487328852933004,45
ORIGA,SEALED_REVIEW,29009,0,Q3,OD,HISTORY_UPDATE_INTERACTION,ALGEBRA,-4.059276872380579,45
ORIGA,SEALED_REVIEW,29009,0,Q3,OC,SAME64_UPDATE,CROSS64_UPDATE,-0.24267223800167415,45
ORIGA,SEALED_REVIEW,29009,0,Q3,OC,NATIVE_UPDATE,ANCHOR,-0.3064710520466889,45
ORIGA,SEALED_REVIEW,29009,0,Q3,OC,NATIVE_HOLD,NATIVE_UPDATE,-5.914662897859898,45
ORIGA,SEALED_REVIEW,29009,0,Q3,OC,NATIVE_HOLD,ANCHOR,-6.221133949906587,45
ORIGA,SEALED_REVIEW,29009,0,Q3,OC,SOURCE_UPDATE,NATIVE_UPDATE,-4.00809773534165,45
ORIGA,SEALED_REVIEW,29009,0,Q3,OC,SOURCE_UPDATE,ANCHOR,-4.314568787388339,45
ORIGA,SEALED_REVIEW,29009,0,Q3,OC,SOURCE_HOLD,NATIVE_UPDATE,-18.760452470848335,45
ORIGA,SEALED_REVIEW,29009,0,Q3,OC,SOURCE_HOLD,ANCHOR,-19.066923522895024,45
ORIGA,SEALED_REVIEW,29009,0,Q3,OC,SAME64_UPDATE,NATIVE_UPDATE,-3.2647549020858833,45
ORIGA,SEALED_REVIEW,29009,0,Q3,OC,SAME64_UPDATE,ANCHOR,-3.571225954132572,45
ORIGA,SEALED_REVIEW,29009,0,Q3,OC,SAME64_HOLD,NATIVE_UPDATE,-13.648053055321476,45
ORIGA,SEALED_REVIEW,29009,0,Q3,OC,SAME64_HOLD,ANCHOR,-13.954524107368165,45
ORIGA,SEALED_REVIEW,29009,0,Q3,OC,CROSS64_UPDATE,NATIVE_UPDATE,-3.022082664084209,45
ORIGA,SEALED_REVIEW,29009,0,Q3,OC,CROSS64_UPDATE,ANCHOR,-3.328553716130898,45
ORIGA,SEALED_REVIEW,29009,0,Q3,OC,CROSS64_HOLD,NATIVE_UPDATE,-17.610938143068395,45
ORIGA,SEALED_REVIEW,29009,0,Q3,OC,CROSS64_HOLD,ANCHOR,-17.917409195115084,45
ORIGA,SEALED_REVIEW,29009,0,Q3,OC,HISTORY_UPDATE_INTERACTION,ALGEBRA,-4.205557325748593,45
ORIGA,SEARCH,29009,0,Q3,OD,SAME64_UPDATE,CROSS64_UPDATE,-0.39358549248603936,88
ORIGA,SEARCH,29009,0,Q3,OD,NATIVE_UPDATE,ANCHOR,-0.4405287142109273,88
ORIGA,SEARCH,29009,0,Q3,OD,NATIVE_HOLD,NATIVE_UPDATE,-6.545559550101331,88
ORIGA,SEARCH,29009,0,Q3,OD,NATIVE_HOLD,ANCHOR,-6.986088264312258,88
ORIGA,SEARCH,29009,0,Q3,OD,SOURCE_UPDATE,NATIVE_UPDATE,-3.704202979370507,88
ORIGA,SEARCH,29009,0,Q3,OD,SOURCE_UPDATE,ANCHOR,-4.144731693581434,88
ORIGA,SEARCH,29009,0,Q3,OD,SOURCE_HOLD,NATIVE_UPDATE,-17.450686565197557,88
ORIGA,SEARCH,29009,0,Q3,OD,SOURCE_HOLD,ANCHOR,-17.891215279408485,88
ORIGA,SEARCH,29009,0,Q3,OD,SAME64_UPDATE,NATIVE_UPDATE,-3.1632375767856047,88
ORIGA,SEARCH,29009,0,Q3,OD,SAME64_UPDATE,ANCHOR,-3.603766290996532,88
ORIGA,SEARCH,29009,0,Q3,OD,SAME64_HOLD,NATIVE_UPDATE,-12.74615036714853,88
ORIGA,SEARCH,29009,0,Q3,OD,SAME64_HOLD,ANCHOR,-13.186679081359458,88
ORIGA,SEARCH,29009,0,Q3,OD,CROSS64_UPDATE,NATIVE_UPDATE,-2.7696520842995653,88
ORIGA,SEARCH,29009,0,Q3,OD,CROSS64_UPDATE,ANCHOR,-3.2101807985104927,88
ORIGA,SEARCH,29009,0,Q3,OD,CROSS64_HOLD,NATIVE_UPDATE,-16.605075457972816,88
ORIGA,SEARCH,29009,0,Q3,OD,CROSS64_HOLD,ANCHOR,-17.045604172183744,88
ORIGA,SEARCH,29009,0,Q3,OD,HISTORY_UPDATE_INTERACTION,ALGEBRA,-4.252510583310325,88
ORIGA,SEARCH,29009,0,Q3,OC,SAME64_UPDATE,CROSS64_UPDATE,-0.48541999631322597,88
ORIGA,SEARCH,29009,0,Q3,OC,NATIVE_UPDATE,ANCHOR,-0.4237200806569774,88
ORIGA,SEARCH,29009,0,Q3,OC,NATIVE_HOLD,NATIVE_UPDATE,-8.38249417906853,88
ORIGA,SEARCH,29009,0,Q3,OC,NATIVE_HOLD,ANCHOR,-8.806214259725508,88
ORIGA,SEARCH,29009,0,Q3,OC,SOURCE_UPDATE,NATIVE_UPDATE,-5.432226907317812,88
ORIGA,SEARCH,29009,0,Q3,OC,SOURCE_UPDATE,ANCHOR,-5.855946987974789,88
ORIGA,SEARCH,29009,0,Q3,OC,SOURCE_HOLD,NATIVE_UPDATE,-22.682825823406354,88
ORIGA,SEARCH,29009,0,Q3,OC,SOURCE_HOLD,ANCHOR,-23.10654590406333,88
ORIGA,SEARCH,29009,0,Q3,OC,SAME64_UPDATE,NATIVE_UPDATE,-4.386709544501514,88
ORIGA,SEARCH,29009,0,Q3,OC,SAME64_UPDATE,ANCHOR,-4.810429625158491,88
ORIGA,SEARCH,29009,0,Q3,OC,SAME64_HOLD,NATIVE_UPDATE,-17.052707207077304,88
ORIGA,SEARCH,29009,0,Q3,OC,SAME64_HOLD,ANCHOR,-17.476427287734282,88
ORIGA,SEARCH,29009,0,Q3,OC,CROSS64_UPDATE,NATIVE_UPDATE,-3.901289548188288,88
ORIGA,SEARCH,29009,0,Q3,OC,CROSS64_UPDATE,ANCHOR,-4.325009628845265,88
ORIGA,SEARCH,29009,0,Q3,OC,CROSS64_HOLD,NATIVE_UPDATE,-21.39385927244423,88
ORIGA,SEARCH,29009,0,Q3,OC,CROSS64_HOLD,ANCHOR,-21.81757935310121,88
ORIGA,SEARCH,29009,0,Q3,OC,HISTORY_UPDATE_INTERACTION,ALGEBRA,-4.826572061680153,88
ORIGA,SEARCH,29009,0,Q4,OD,SAME64_UPDATE,CROSS64_UPDATE,-0.2958252417265044,77
ORIGA,SEARCH,29009,0,Q4,OD,NATIVE_UPDATE,ANCHOR,-0.12514596724608396,77
ORIGA,SEARCH,29009,0,Q4,OD,NATIVE_HOLD,NATIVE_UPDATE,-4.251704276147763,77
ORIGA,SEARCH,29009,0,Q4,OD,NATIVE_HOLD,ANCHOR,-4.3768502433938465,77
ORIGA,SEARCH,29009,0,Q4,OD,SOURCE_UPDATE,NATIVE_UPDATE,-1.6823146203506667,77
ORIGA,SEARCH,29009,0,Q4,OD,SOURCE_UPDATE,ANCHOR,-1.8074605875967507,77
ORIGA,SEARCH,29009,0,Q4,OD,SOURCE_HOLD,NATIVE_UPDATE,-7.249662387100841,77
ORIGA,SEARCH,29009,0,Q4,OD,SOURCE_HOLD,ANCHOR,-7.374808354346925,77
ORIGA,SEARCH,29009,0,Q4,OD,SAME64_UPDATE,NATIVE_UPDATE,-1.6564848303854376,77
ORIGA,SEARCH,29009,0,Q4,OD,SAME64_UPDATE,ANCHOR,-1.7816307976315215,77
ORIGA,SEARCH,29009,0,Q4,OD,SAME64_HOLD,NATIVE_UPDATE,-5.843231753700337,77
ORIGA,SEARCH,29009,0,Q4,OD,SAME64_HOLD,ANCHOR,-5.968377720946421,77
ORIGA,SEARCH,29009,0,Q4,OD,CROSS64_UPDATE,NATIVE_UPDATE,-1.3606595886589332,77
ORIGA,SEARCH,29009,0,Q4,OD,CROSS64_UPDATE,ANCHOR,-1.4858055559050172,77
ORIGA,SEARCH,29009,0,Q4,OD,CROSS64_HOLD,NATIVE_UPDATE,-7.194482971276301,77
ORIGA,SEARCH,29009,0,Q4,OD,CROSS64_HOLD,ANCHOR,-7.319628938522385,77
ORIGA,SEARCH,29009,0,Q4,OD,HISTORY_UPDATE_INTERACTION,ALGEBRA,-1.6470764593024683,77
ORIGA,SEARCH,29009,0,Q4,OC,SAME64_UPDATE,CROSS64_UPDATE,-0.1797049918327076,77
ORIGA,SEARCH,29009,0,Q4,OC,NATIVE_UPDATE,ANCHOR,-0.8101581105698159,77
ORIGA,SEARCH,29009,0,Q4,OC,NATIVE_HOLD,NATIVE_UPDATE,-3.208583646154537,77
ORIGA,SEARCH,29009,0,Q4,OC,NATIVE_HOLD,ANCHOR,-4.018741756724353,77
ORIGA,SEARCH,29009,0,Q4,OC,SOURCE_UPDATE,NATIVE_UPDATE,-1.147869754620416,77
ORIGA,SEARCH,29009,0,Q4,OC,SOURCE_UPDATE,ANCHOR,-1.9580278651902319,77
ORIGA,SEARCH,29009,0,Q4,OC,SOURCE_HOLD,NATIVE_UPDATE,-5.749839272755537,77
ORIGA,SEARCH,29009,0,Q4,OC,SOURCE_HOLD,ANCHOR,-6.559997383325353,77
ORIGA,SEARCH,29009,0,Q4,OC,SAME64_UPDATE,NATIVE_UPDATE,-1.0667819275649464,77
ORIGA,SEARCH,29009,0,Q4,OC,SAME64_UPDATE,ANCHOR,-1.8769400381347623,77
ORIGA,SEARCH,29009,0,Q4,OC,SAME64_HOLD,NATIVE_UPDATE,-4.254712300622799,77
ORIGA,SEARCH,29009,0,Q4,OC,SAME64_HOLD,ANCHOR,-5.064870411192615,77
ORIGA,SEARCH,29009,0,Q4,OC,CROSS64_UPDATE,NATIVE_UPDATE,-0.8870769357322388,77
ORIGA,SEARCH,29009,0,Q4,OC,CROSS64_UPDATE,ANCHOR,-1.6972350463020547,77
ORIGA,SEARCH,29009,0,Q4,OC,CROSS64_HOLD,NATIVE_UPDATE,-5.549813807480362,77
ORIGA,SEARCH,29009,0,Q4,OC,CROSS64_HOLD,ANCHOR,-6.359971918050178,77
ORIGA,SEARCH,29009,0,Q4,OC,HISTORY_UPDATE_INTERACTION,ALGEBRA,-1.4748064986902705,77
ORIGA,SEALED_REVIEW,29009,0,Q4,OD,SAME64_UPDATE,CROSS64_UPDATE,-0.2083725700483825,57
ORIGA,SEALED_REVIEW,29009,0,Q4,OD,NATIVE_UPDATE,ANCHOR,-0.1360767920110959,57
ORIGA,SEALED_REVIEW,29009,0,Q4,OD,NATIVE_HOLD,NATIVE_UPDATE,-3.575086688249371,57
ORIGA,SEALED_REVIEW,29009,0,Q4,OD,NATIVE_HOLD,ANCHOR,-3.711163480260467,57
ORIGA,SEALED_REVIEW,29009,0,Q4,OD,SOURCE_UPDATE,NATIVE_UPDATE,-1.4560224058718632,57
ORIGA,SEALED_REVIEW,29009,0,Q4,OD,SOURCE_UPDATE,ANCHOR,-1.592099197882959,57
ORIGA,SEALED_REVIEW,29009,0,Q4,OD,SOURCE_HOLD,NATIVE_UPDATE,-6.542433564514539,57
ORIGA,SEALED_REVIEW,29009,0,Q4,OD,SOURCE_HOLD,ANCHOR,-6.678510356525635,57
ORIGA,SEALED_REVIEW,29009,0,Q4,OD,SAME64_UPDATE,NATIVE_UPDATE,-1.4144586872861566,57
ORIGA,SEALED_REVIEW,29009,0,Q4,OD,SAME64_UPDATE,ANCHOR,-1.5505354792972526,57
ORIGA,SEALED_REVIEW,29009,0,Q4,OD,SAME64_HOLD,NATIVE_UPDATE,-5.057627980097166,57
ORIGA,SEALED_REVIEW,29009,0,Q4,OD,SAME64_HOLD,ANCHOR,-5.193704772108262,57
ORIGA,SEALED_REVIEW,29009,0,Q4,OD,CROSS64_UPDATE,NATIVE_UPDATE,-1.2060861172377741,57
ORIGA,SEALED_REVIEW,29009,0,Q4,OD,CROSS64_UPDATE,ANCHOR,-1.34216290924887,57
ORIGA,SEALED_REVIEW,29009,0,Q4,OD,CROSS64_HOLD,NATIVE_UPDATE,-6.493098323028875,57
ORIGA,SEALED_REVIEW,29009,0,Q4,OD,CROSS64_HOLD,ANCHOR,-6.6291751150399705,57
ORIGA,SEALED_REVIEW,29009,0,Q4,OD,HISTORY_UPDATE_INTERACTION,ALGEBRA,-1.6438429129800909,57
ORIGA,SEALED_REVIEW,29009,0,Q4,OC,SAME64_UPDATE,CROSS64_UPDATE,-0.00755689751711941,57
ORIGA,SEALED_REVIEW,29009,0,Q4,OC,NATIVE_UPDATE,ANCHOR,-0.6651180668388719,57
ORIGA,SEALED_REVIEW,29009,0,Q4,OC,NATIVE_HOLD,NATIVE_UPDATE,-2.2216880588526067,57
ORIGA,SEALED_REVIEW,29009,0,Q4,OC,NATIVE_HOLD,ANCHOR,-2.8868061256914785,57
ORIGA,SEALED_REVIEW,29009,0,Q4,OC,SOURCE_UPDATE,NATIVE_UPDATE,-0.5245912270794548,57
ORIGA,SEALED_REVIEW,29009,0,Q4,OC,SOURCE_UPDATE,ANCHOR,-1.1897092939183267,57
ORIGA,SEALED_REVIEW,29009,0,Q4,OC,SOURCE_HOLD,NATIVE_UPDATE,-4.256254155561024,57
ORIGA,SEALED_REVIEW,29009,0,Q4,OC,SOURCE_HOLD,ANCHOR,-4.921372222399896,57
ORIGA,SEALED_REVIEW,29009,0,Q4,OC,SAME64_UPDATE,NATIVE_UPDATE,-0.42668242470493567,57
ORIGA,SEALED_REVIEW,29009,0,Q4,OC,SAME64_UPDATE,ANCHOR,-1.0918004915438075,57
ORIGA,SEALED_REVIEW,29009,0,Q4,OC,SAME64_HOLD,NATIVE_UPDATE,-2.6128309076558764,57
ORIGA,SEALED_REVIEW,29009,0,Q4,OC,SAME64_HOLD,ANCHOR,-3.2779489744947483,57
ORIGA,SEALED_REVIEW,29009,0,Q4,OC,CROSS64_UPDATE,NATIVE_UPDATE,-0.41912552718781626,57
ORIGA,SEALED_REVIEW,29009,0,Q4,OC,CROSS64_UPDATE,ANCHOR,-1.0842435940266881,57
ORIGA,SEALED_REVIEW,29009,0,Q4,OC,CROSS64_HOLD,NATIVE_UPDATE,-4.170760509501292,57
ORIGA,SEALED_REVIEW,29009,0,Q4,OC,CROSS64_HOLD,ANCHOR,-4.835878576340164,57
ORIGA,SEALED_REVIEW,29009,0,Q4,OC,HISTORY_UPDATE_INTERACTION,ALGEBRA,-1.5654864993625353,57
REFUGE_Valid,SEARCH,29009,0,ALL,OD,SAME64_UPDATE,CROSS64_UPDATE,-0.005353560494299359,406
REFUGE_Valid,SEARCH,29009,0,ALL,OD,NATIVE_HOLD,SAME64_HOLD,-5.553987011041144,406
REFUGE_Valid,SEARCH,29009,0,ALL,OD,NATIVE_HOLD,SOURCE_HOLD,-4.494895758729498,406
REFUGE_Valid,SEARCH,29009,0,ALL,OD,CROSS64_HOLD,SOURCE_HOLD,-0.7361317183419374,406
REFUGE_Valid,SEARCH,29009,0,ALL,OD,NATIVE_UPDATE,NATIVE_HOLD,-1.0286718560911652,406
REFUGE_Valid,SEARCH,29009,0,ALL,OD,SAME64_UPDATE,SAME64_HOLD,-1.2022599361336006,406
REFUGE_Valid,SEARCH,29009,0,ALL,OD,NATIVE_UPDATE,ANCHOR,-1.9923171608738954,406
REFUGE_Valid,SEARCH,29009,0,ALL,OD,NATIVE_HOLD,ANCHOR,-0.9636453047827302,406
REFUGE_Valid,SEARCH,29009,0,ALL,OD,HISTORY_UPDATE_INTERACTION,ALGEBRA,-1.8005765311478825,406
REFUGE_Valid,SEARCH,29009,0,ALL,OC,NATIVE_HOLD,SAME64_HOLD,-5.384253777157731,406
REFUGE_Valid,SEARCH,29009,0,ALL,OC,NATIVE_HOLD,SOURCE_HOLD,-5.729543923993354,406
REFUGE_Valid,SEARCH,29009,0,ALL,OC,SAME64_HOLD,SOURCE_HOLD,-0.3452901468356231,406
REFUGE_Valid,SEARCH,29009,0,ALL,OC,CROSS64_HOLD,SOURCE_HOLD,-0.6676731030461696,406
REFUGE_Valid,SEARCH,29009,0,ALL,OC,NATIVE_UPDATE,NATIVE_HOLD,-1.6030599718438907,406
REFUGE_Valid,SEARCH,29009,0,ALL,OC,SOURCE_UPDATE,SOURCE_HOLD,-0.8821092414779343,406
REFUGE_Valid,SEARCH,29009,0,ALL,OC,SAME64_UPDATE,SAME64_HOLD,-0.9828276664118221,406
REFUGE_Valid,SEARCH,29009,0,ALL,OC,CROSS64_UPDATE,CROSS64_HOLD,-0.9172784784407497,406
REFUGE_Valid,SEARCH,29009,0,ALL,OC,HISTORY_UPDATE_INTERACTION,ALGEBRA,-0.06554918797107234,406
REFUGE_Valid,SEARCH,29009,0,Q1,OD,SAME64_UPDATE,CROSS64_UPDATE,-0.11944607722362832,97
REFUGE_Valid,SEARCH,29009,0,Q1,OD,NATIVE_HOLD,SAME64_HOLD,-5.300326869549465,97
REFUGE_Valid,SEARCH,29009,0,Q1,OD,NATIVE_HOLD,SOURCE_HOLD,-4.31416849993191,97
REFUGE_Valid,SEARCH,29009,0,Q1,OD,CROSS64_HOLD,SOURCE_HOLD,-0.8561515119960745,97
REFUGE_Valid,SEARCH,29009,0,Q1,OD,NATIVE_UPDATE,NATIVE_HOLD,-0.2788513701377724,97
REFUGE_Valid,SEARCH,29009,0,Q1,OD,SAME64_UPDATE,SAME64_HOLD,-0.19593042275687367,97
REFUGE_Valid,SEARCH,29009,0,Q1,OD,NATIVE_UPDATE,ANCHOR,-1.2682550480712962,97
REFUGE_Valid,SEARCH,29009,0,Q1,OD,NATIVE_HOLD,ANCHOR,-0.9894036779335238,97
REFUGE_Valid,SEARCH,29009,0,Q1,OD,HISTORY_UPDATE_INTERACTION,ALGEBRA,-1.9617559588372586,97
REFUGE_Valid,SEARCH,29009,0,Q1,OC,NATIVE_HOLD,SAME64_HOLD,-6.123391392415236,97
REFUGE_Valid,SEARCH,29009,0,Q1,OC,NATIVE_HOLD,SOURCE_HOLD,-6.206462391586825,97
REFUGE_Valid,SEARCH,29009,0,Q1,OC,SAME64_HOLD,SOURCE_HOLD,-0.08307099917158922,97
REFUGE_Valid,SEARCH,29009,0,Q1,OC,CROSS64_HOLD,SOURCE_HOLD,-0.7875243941192807,97
REFUGE_Valid,SEARCH,29009,0,Q1,OC,NATIVE_UPDATE,NATIVE_HOLD,-0.4514679882697834,97
REFUGE_Valid,SEARCH,29009,0,Q1,OC,SOURCE_UPDATE,SOURCE_HOLD,-0.10979342059286523,97
REFUGE_Valid,SEARCH,29009,0,Q1,OC,SAME64_UPDATE,SAME64_HOLD,-0.4921918773703524,97
REFUGE_Valid,SEARCH,29009,0,Q1,OC,CROSS64_UPDATE,CROSS64_HOLD,-0.04809879659543981,97
REFUGE_Valid,SEARCH,29009,0,Q1,OC,HISTORY_UPDATE_INTERACTION,ALGEBRA,-0.4440930807749126,97
REFUGE_Valid,SEARCH,29009,0,FIRST64,OD,NATIVE_HOLD,SAME64_HOLD,-5.280752766649499,39
REFUGE_Valid,SEARCH,29009,0,FIRST64,OD,NATIVE_HOLD,SOURCE_HOLD,-4.238999173545281,39
REFUGE_Valid,SEARCH,29009,0,FIRST64,OD,CROSS64_HOLD,SOURCE_HOLD,-1.02842183313156,39
REFUGE_Valid,SEARCH,29009,0,FIRST64,OD,SAME64_UPDATE,SAME64_HOLD,-0.28349680588021897,39
REFUGE_Valid,SEARCH,29009,0,FIRST64,OD,NATIVE_UPDATE,ANCHOR,-1.11519887369613,39
REFUGE_Valid,SEARCH,29009,0,FIRST64,OD,NATIVE_HOLD,NATIVE_UPDATE,-0.07157131887004198,39
REFUGE_Valid,SEARCH,29009,0,FIRST64,OD,NATIVE_HOLD,ANCHOR,-1.186770192566172,39
REFUGE_Valid,SEARCH,29009,0,FIRST64,OD,HISTORY_UPDATE_INTERACTION,ALGEBRA,-1.5212797951859471,39
REFUGE_Valid,SEARCH,29009,0,FIRST64,OC,NATIVE_HOLD,SAME64_HOLD,-5.877146084072741,39
REFUGE_Valid,SEARCH,29009,0,FIRST64,OC,NATIVE_HOLD,SOURCE_HOLD,-5.9135086137643,39
REFUGE_Valid,SEARCH,29009,0,FIRST64,OC,SAME64_HOLD,SOURCE_HOLD,-0.03636252969155862,39
REFUGE_Valid,SEARCH,29009,0,FIRST64,OC,CROSS64_HOLD,SOURCE_HOLD,-0.7835231421157118,39
REFUGE_Valid,SEARCH,29009,0,FIRST64,OC,NATIVE_UPDATE,NATIVE_HOLD,-0.21549430071697628,39
REFUGE_Valid,SEARCH,29009,0,FIRST64,OC,SAME64_UPDATE,SAME64_HOLD,-0.1333548438189638,39
REFUGE_Valid,SEARCH,29009,0,FIRST64,OC,HISTORY_UPDATE_INTERACTION,ALGEBRA,-0.27780540166679657,39
REFUGE_Valid,SEALED_REVIEW,29009,0,ALL,OD,SAME64_UPDATE,CROSS64_UPDATE,-0.006538056385650748,269
REFUGE_Valid,SEALED_REVIEW,29009,0,ALL,OD,NATIVE_HOLD,SAME64_HOLD,-6.44428187523728,269
REFUGE_Valid,SEALED_REVIEW,29009,0,ALL,OD,NATIVE_HOLD,SOURCE_HOLD,-5.621842683880985,269
REFUGE_Valid,SEALED_REVIEW,29009,0,ALL,OD,CROSS64_HOLD,SOURCE_HOLD,-0.9377111734413006,269
REFUGE_Valid,SEALED_REVIEW,29009,0,ALL,OD,NATIVE_UPDATE,NATIVE_HOLD,-1.0495062759744371,269
REFUGE_Valid,SEALED_REVIEW,29009,0,ALL,OD,SAME64_UPDATE,SAME64_HOLD,-1.1775156927463968,269
REFUGE_Valid,SEALED_REVIEW,29009,0,ALL,OD,NATIVE_UPDATE,ANCHOR,-1.85977316025145,269
REFUGE_Valid,SEALED_REVIEW,29009,0,ALL,OD,NATIVE_HOLD,ANCHOR,-0.8102668842770129,269
REFUGE_Valid,SEALED_REVIEW,29009,0,ALL,OD,HISTORY_UPDATE_INTERACTION,ALGEBRA,-1.7666884211832468,269
REFUGE_Valid,SEALED_REVIEW,29009,0,ALL,OC,NATIVE_HOLD,SAME64_HOLD,-5.868632528090629,269
REFUGE_Valid,SEALED_REVIEW,29009,0,ALL,OC,NATIVE_HOLD,SOURCE_HOLD,-6.315879119318183,269
REFUGE_Valid,SEALED_REVIEW,29009,0,ALL,OC,SAME64_HOLD,SOURCE_HOLD,-0.44724659122755384,269
REFUGE_Valid,SEALED_REVIEW,29009,0,ALL,OC,CROSS64_HOLD,SOURCE_HOLD,-0.8590633503132352,269
REFUGE_Valid,SEALED_REVIEW,29009,0,ALL,OC,NATIVE_UPDATE,NATIVE_HOLD,-1.515821527416982,269
REFUGE_Valid,SEALED_REVIEW,29009,0,ALL,OC,SOURCE_UPDATE,SOURCE_HOLD,-1.0088402955118028,269
REFUGE_Valid,SEALED_REVIEW,29009,0,ALL,OC,SAME64_UPDATE,SAME64_HOLD,-1.0420290922434958,269
REFUGE_Valid,SEALED_REVIEW,29009,0,ALL,OC,CROSS64_UPDATE,CROSS64_HOLD,-0.8623952353443514,269
REFUGE_Valid,SEALED_REVIEW,29009,0,ALL,OC,HISTORY_UPDATE_INTERACTION,ALGEBRA,-0.17963385689914446,269
REFUGE_Valid,SEALED_REVIEW,29009,0,Q1,OD,SAME64_UPDATE,CROSS64_UPDATE,-0.008011228944369009,69
REFUGE_Valid,SEALED_REVIEW,29009,0,Q1,OD,NATIVE_HOLD,SAME64_HOLD,-6.713151015457868,69
REFUGE_Valid,SEALED_REVIEW,29009,0,Q1,OD,NATIVE_HOLD,SOURCE_HOLD,-6.260854582905125,69
REFUGE_Valid,SEALED_REVIEW,29009,0,Q1,OD,CROSS64_HOLD,SOURCE_HOLD,-1.0159207551033234,69
REFUGE_Valid,SEALED_REVIEW,29009,0,Q1,OD,NATIVE_UPDATE,NATIVE_HOLD,-0.409167566996004,69
REFUGE_Valid,SEALED_REVIEW,29009,0,Q1,OD,SAME64_UPDATE,SAME64_HOLD,-0.3519895553314001,69
REFUGE_Valid,SEALED_REVIEW,29009,0,Q1,OD,NATIVE_UPDATE,ANCHOR,-1.2077096746277647,69
REFUGE_Valid,SEALED_REVIEW,29009,0,Q1,OD,NATIVE_HOLD,ANCHOR,-0.7985421076317607,69
REFUGE_Valid,SEALED_REVIEW,29009,0,Q1,OD,HISTORY_UPDATE_INTERACTION,ALGEBRA,-1.476228416600435,69
REFUGE_Valid,SEALED_REVIEW,29009,0,Q1,OC,NATIVE_HOLD,SAME64_HOLD,-6.185160085826254,69
REFUGE_Valid,SEALED_REVIEW,29009,0,Q1,OC,NATIVE_HOLD,SOURCE_HOLD,-6.440661320770815,69
REFUGE_Valid,SEALED_REVIEW,29009,0,Q1,OC,SAME64_HOLD,SOURCE_HOLD,-0.25550123494456045,69
REFUGE_Valid,SEALED_REVIEW,29009,0,Q1,OC,CROSS64_HOLD,SOURCE_HOLD,-0.9598445393315416,69
REFUGE_Valid,SEALED_REVIEW,29009,0,Q1,OC,NATIVE_UPDATE,NATIVE_HOLD,-0.5266770129617768,69
REFUGE_Valid,SEALED_REVIEW,29009,0,Q1,OC,SOURCE_UPDATE,SOURCE_HOLD,-0.21369510919862478,69
REFUGE_Valid,SEALED_REVIEW,29009,0,Q1,OC,SAME64_UPDATE,SAME64_HOLD,-0.49238751452193696,69
REFUGE_Valid,SEALED_REVIEW,29009,0,Q1,OC,HISTORY_UPDATE_INTERACTION,ALGEBRA,-0.6178678873083214,69
REFUGE_Valid,SEALED_REVIEW,29009,0,FIRST64,OD,NATIVE_HOLD,SAME64_HOLD,-7.6974522688589815,20
REFUGE_Valid,SEALED_REVIEW,29009,0,FIRST64,OD,NATIVE_HOLD,SOURCE_HOLD,-7.202759079878945,20
REFUGE_Valid,SEALED_REVIEW,29009,0,FIRST64,OD,CROSS64_HOLD,SOURCE_HOLD,-1.200510569633309,20
REFUGE_Valid,SEALED_REVIEW,29009,0,FIRST64,OD,NATIVE_UPDATE,NATIVE_HOLD,-0.06404067278467096,20
REFUGE_Valid,SEALED_REVIEW,29009,0,FIRST64,OD,SAME64_UPDATE,SAME64_HOLD,-0.19388164137555464,20
REFUGE_Valid,SEALED_REVIEW,29009,0,FIRST64,OD,NATIVE_UPDATE,ANCHOR,-0.8373364067600733,20
REFUGE_Valid,SEALED_REVIEW,29009,0,FIRST64,OD,NATIVE_HOLD,ANCHOR,-0.7732957339754023,20
REFUGE_Valid,SEALED_REVIEW,29009,0,FIRST64,OD,HISTORY_UPDATE_INTERACTION,ALGEBRA,-1.0312972167885448,20
REFUGE_Valid,SEALED_REVIEW,29009,0,FIRST64,OC,SAME64_HOLD,CROSS64_HOLD,-0.46041768062499955,20
REFUGE_Valid,SEALED_REVIEW,29009,0,FIRST64,OC,SAME64_UPDATE,CROSS64_UPDATE,-0.5207441008553104,20
REFUGE_Valid,SEALED_REVIEW,29009,0,FIRST64,OC,NATIVE_HOLD,SAME64_HOLD,-5.69070442805176,20
REFUGE_Valid,SEALED_REVIEW,29009,0,FIRST64,OC,NATIVE_HOLD,SOURCE_HOLD,-6.941178567385833,20
REFUGE_Valid,SEALED_REVIEW,29009,0,FIRST64,OC,SAME64_HOLD,SOURCE_HOLD,-1.2504741393340737,20
REFUGE_Valid,SEALED_REVIEW,29009,0,FIRST64,OC,CROSS64_HOLD,SOURCE_HOLD,-0.7900564587090741,20
REFUGE_Valid,SEALED_REVIEW,29009,0,FIRST64,OC,NATIVE_UPDATE,NATIVE_HOLD,-0.21927355995931208,20
REFUGE_Valid,SEALED_REVIEW,29009,0,FIRST64,OC,SOURCE_UPDATE,SOURCE_HOLD,-0.44209259467314155,20
REFUGE_Valid,SEALED_REVIEW,29009,0,FIRST64,OC,SAME64_UPDATE,SAME64_HOLD,-0.19866057177773655,20
REFUGE_Valid,SEALED_REVIEW,29009,0,FIRST64,OC,CROSS64_UPDATE,CROSS64_HOLD,-0.13833415154742568,20
REFUGE_Valid,SEALED_REVIEW,29009,0,FIRST64,OC,HISTORY_UPDATE_INTERACTION,ALGEBRA,-0.06032642023031087,20
REFUGE_Valid,SEALED_REVIEW,29009,0,Q2,OD,SAME64_UPDATE,CROSS64_UPDATE,-0.07299992727890015,80
REFUGE_Valid,SEALED_REVIEW,29009,0,Q2,OD,NATIVE_HOLD,SAME64_HOLD,-6.009699195473857,80
REFUGE_Valid,SEALED_REVIEW,29009,0,Q2,OD,NATIVE_HOLD,SOURCE_HOLD,-5.610903430325777,80
REFUGE_Valid,SEALED_REVIEW,29009,0,Q2,OD,CROSS64_HOLD,SOURCE_HOLD,-0.9357989582892543,80
REFUGE_Valid,SEALED_REVIEW,29009,0,Q2,OD,NATIVE_UPDATE,NATIVE_HOLD,-0.5200091067791988,80
REFUGE_Valid,SEALED_REVIEW,29009,0,Q2,OD,SAME64_UPDATE,SAME64_HOLD,-0.44070266111803846,80
REFUGE_Valid,SEALED_REVIEW,29009,0,Q2,OD,NATIVE_UPDATE,ANCHOR,-1.665512815596017,80
REFUGE_Valid,SEALED_REVIEW,29009,0,Q2,OD,NATIVE_HOLD,ANCHOR,-1.1455037088168183,80
REFUGE_Valid,SEALED_REVIEW,29009,0,Q2,OD,HISTORY_UPDATE_INTERACTION,ALGEBRA,-1.4075946507162342,80
REFUGE_Valid,SEALED_REVIEW,29009,0,Q2,OC,NATIVE_HOLD,SAME64_HOLD,-5.693592040422288,80
REFUGE_Valid,SEALED_REVIEW,29009,0,Q2,OC,NATIVE_HOLD,SOURCE_HOLD,-6.194261158003258,80
REFUGE_Valid,SEALED_REVIEW,29009,0,Q2,OC,SAME64_HOLD,SOURCE_HOLD,-0.5006691175809692,80
REFUGE_Valid,SEALED_REVIEW,29009,0,Q2,OC,CROSS64_HOLD,SOURCE_HOLD,-0.9296069335802173,80
REFUGE_Valid,SEALED_REVIEW,29009,0,Q2,OC,NATIVE_UPDATE,NATIVE_HOLD,-1.0444925044634132,80
REFUGE_Valid,SEALED_REVIEW,29009,0,Q2,OC,SOURCE_UPDATE,SOURCE_HOLD,-0.6689108337431406,80
REFUGE_Valid,SEALED_REVIEW,29009,0,Q2,OC,SAME64_UPDATE,SAME64_HOLD,-0.5773931520144657,80
REFUGE_Valid,SEALED_REVIEW,29009,0,Q2,OC,CROSS64_UPDATE,CROSS64_HOLD,-0.3439948143361562,80
REFUGE_Valid,SEALED_REVIEW,29009,0,Q2,OC,HISTORY_UPDATE_INTERACTION,ALGEBRA,-0.23339833767830953,80
REFUGE_Valid,SEARCH,29009,0,Q2,OD,SAME64_UPDATE,CROSS64_UPDATE,-0.046794623927581824,89
REFUGE_Valid,SEARCH,29009,0,Q2,OD,NATIVE_HOLD,SAME64_HOLD,-5.933571492937375,89
REFUGE_Valid,SEARCH,29009,0,Q2,OD,NATIVE_HOLD,SOURCE_HOLD,-5.13912653400871,89
REFUGE_Valid,SEARCH,29009,0,Q2,OD,CROSS64_HOLD,SOURCE_HOLD,-0.606466253809387,89
REFUGE_Valid,SEARCH,29009,0,Q2,OD,NATIVE_UPDATE,NATIVE_HOLD,-0.3490509395086292,89
REFUGE_Valid,SEARCH,29009,0,Q2,OD,SAME64_UPDATE,SAME64_HOLD,-0.2733091119270057,89
REFUGE_Valid,SEARCH,29009,0,Q2,OD,NATIVE_UPDATE,ANCHOR,-1.825141785227487,89
REFUGE_Valid,SEARCH,29009,0,Q2,OD,NATIVE_HOLD,ANCHOR,-1.4760908457188577,89
REFUGE_Valid,SEARCH,29009,0,Q2,OD,HISTORY_UPDATE_INTERACTION,ALGEBRA,-1.4477058366656337,89
REFUGE_Valid,SEARCH,29009,0,Q2,OC,SAME64_HOLD,CROSS64_HOLD,-0.2973999325096628,89
REFUGE_Valid,SEARCH,29009,0,Q2,OC,NATIVE_HOLD,SAME64_HOLD,-4.777154673121068,89
REFUGE_Valid,SEARCH,29009,0,Q2,OC,NATIVE_HOLD,SOURCE_HOLD,-5.631044288081334,89
REFUGE_Valid,SEARCH,29009,0,Q2,OC,SAME64_HOLD,SOURCE_HOLD,-0.8538896149602664,89
REFUGE_Valid,SEARCH,29009,0,Q2,OC,CROSS64_HOLD,SOURCE_HOLD,-0.5564896824506036,89
REFUGE_Valid,SEARCH,29009,0,Q2,OC,NATIVE_UPDATE,NATIVE_HOLD,-0.9369863911207688,89
REFUGE_Valid,SEARCH,29009,0,Q2,OC,SOURCE_UPDATE,SOURCE_HOLD,-1.122376727929094,89
REFUGE_Valid,SEARCH,29009,0,Q2,OC,SAME64_UPDATE,SAME64_HOLD,-0.581121731227455,89
REFUGE_Valid,SEARCH,29009,0,Q2,OC,CROSS64_UPDATE,CROSS64_HOLD,-0.9713164263067569,89
REFUGE_Valid,SEARCH,29009,0,Q3,OD,SAME64_UPDATE,CROSS64_UPDATE,-0.03286735095930737,100
REFUGE_Valid,SEARCH,29009,0,Q3,OD,NATIVE_HOLD,SAME64_HOLD,-5.3816842071328495,100
REFUGE_Valid,SEARCH,29009,0,Q3,OD,NATIVE_HOLD,SOURCE_HOLD,-4.094724847221286,100
REFUGE_Valid,SEARCH,29009,0,Q3,OD,CROSS64_HOLD,SOURCE_HOLD,-0.7057118204718478,100
REFUGE_Valid,SEARCH,29009,0,Q3,OD,NATIVE_UPDATE,NATIVE_HOLD,-1.1547179769849123,100
REFUGE_Valid,SEARCH,29009,0,Q3,OD,SAME64_UPDATE,SAME64_HOLD,-0.9450967237319219,100
REFUGE_Valid,SEARCH,29009,0,Q3,OD,NATIVE_UPDATE,ANCHOR,-2.1660276946047787,100
REFUGE_Valid,SEARCH,29009,0,Q3,OD,NATIVE_HOLD,ANCHOR,-1.0113097176198664,100
REFUGE_Valid,SEARCH,29009,0,Q3,OD,HISTORY_UPDATE_INTERACTION,ALGEBRA,-2.0255385313427183,100
REFUGE_Valid,SEARCH,29009,0,Q3,OC,NATIVE_HOLD,SAME64_HOLD,-5.041561074343818,100
REFUGE_Valid,SEARCH,29009,0,Q3,OC,NATIVE_HOLD,SOURCE_HOLD,-5.149307252745146,100
REFUGE_Valid,SEARCH,29009,0,Q3,OC,SAME64_HOLD,SOURCE_HOLD,-0.10774617840132805,100
REFUGE_Valid,SEARCH,29009,0,Q3,OC,CROSS64_HOLD,SOURCE_HOLD,-0.6756947272833145,100
REFUGE_Valid,SEARCH,29009,0,Q3,OC,NATIVE_UPDATE,NATIVE_HOLD,-1.7762991876021204,100
REFUGE_Valid,SEARCH,29009,0,Q3,OC,SOURCE_UPDATE,SOURCE_HOLD,-0.488880170500849,100
REFUGE_Valid,SEARCH,29009,0,Q3,OC,SAME64_UPDATE,SAME64_HOLD,-0.7890236965122313,100
REFUGE_Valid,SEARCH,29009,0,Q3,OC,CROSS64_UPDATE,CROSS64_HOLD,-0.5206725698074166,100
REFUGE_Valid,SEARCH,29009,0,Q3,OC,HISTORY_UPDATE_INTERACTION,ALGEBRA,-0.26835112670481465,100
REFUGE_Valid,SEALED_REVIEW,29009,0,Q3,OD,NATIVE_HOLD,SAME64_HOLD,-7.1097392864635225,68
REFUGE_Valid,SEALED_REVIEW,29009,0,Q3,OD,NATIVE_HOLD,SOURCE_HOLD,-5.725920115768815,68
REFUGE_Valid,SEALED_REVIEW,29009,0,Q3,OD,CROSS64_HOLD,SOURCE_HOLD,-1.0713874819729767,68
REFUGE_Valid,SEALED_REVIEW,29009,0,Q3,OD,NATIVE_UPDATE,NATIVE_HOLD,-1.4383457924131733,68
REFUGE_Valid,SEALED_REVIEW,29009,0,Q3,OD,SAME64_UPDATE,SAME64_HOLD,-1.6553908838835127,68
REFUGE_Valid,SEALED_REVIEW,29009,0,Q3,OD,NATIVE_UPDATE,ANCHOR,-2.223394210031472,68
REFUGE_Valid,SEALED_REVIEW,29009,0,Q3,OD,NATIVE_HOLD,ANCHOR,-0.7850484176182988,68
REFUGE_Valid,SEALED_REVIEW,29009,0,Q3,OD,HISTORY_UPDATE_INTERACTION,ALGEBRA,-2.4379275209265217,68
REFUGE_Valid,SEALED_REVIEW,29009,0,Q3,OC,SAME64_HOLD,CROSS64_HOLD,-0.2650723236720154,68
REFUGE_Valid,SEALED_REVIEW,29009,0,Q3,OC,NATIVE_HOLD,SAME64_HOLD,-5.321831312760189,68
REFUGE_Valid,SEALED_REVIEW,29009,0,Q3,OC,NATIVE_HOLD,SOURCE_HOLD,-6.243691464341758,68
REFUGE_Valid,SEALED_REVIEW,29009,0,Q3,OC,SAME64_HOLD,SOURCE_HOLD,-0.9218601515815692,68
REFUGE_Valid,SEALED_REVIEW,29009,0,Q3,OC,CROSS64_HOLD,SOURCE_HOLD,-0.6567878279095538,68
REFUGE_Valid,SEALED_REVIEW,29009,0,Q3,OC,NATIVE_UPDATE,NATIVE_HOLD,-1.973346346437033,68
REFUGE_Valid,SEALED_REVIEW,29009,0,Q3,OC,SOURCE_UPDATE,SOURCE_HOLD,-1.6018473095962804,68
REFUGE_Valid,SEALED_REVIEW,29009,0,Q3,OC,SAME64_UPDATE,SAME64_HOLD,-1.0973786094267908,68
REFUGE_Valid,SEALED_REVIEW,29009,0,Q3,OC,CROSS64_UPDATE,CROSS64_HOLD,-1.601986718623138,68
REFUGE_Valid,SEARCH,29009,0,Q4,OD,NATIVE_HOLD,SAME64_HOLD,-5.6210894712641135,120
REFUGE_Valid,SEARCH,29009,0,Q4,OD,NATIVE_HOLD,SOURCE_HOLD,-4.496654894182299,120
REFUGE_Valid,SEARCH,29009,0,Q4,OD,CROSS64_HOLD,SOURCE_HOLD,-0.7606341862248627,120
REFUGE_Valid,SEARCH,29009,0,Q4,OD,NATIVE_UPDATE,NATIVE_HOLD,-2.0337904946240712,120
REFUGE_Valid,SEARCH,29009,0,Q4,OD,SOURCE_UPDATE,SOURCE_HOLD,-0.7012667329342719,120
REFUGE_Valid,SEARCH,29009,0,Q4,OD,SAME64_UPDATE,SAME64_HOLD,-2.918984164401067,120
REFUGE_Valid,SEARCH,29009,0,Q4,OD,CROSS64_UPDATE,CROSS64_HOLD,-1.1744502390568101,120
REFUGE_Valid,SEARCH,29009,0,Q4,OD,NATIVE_UPDATE,ANCHOR,-2.5568303275513387,120
REFUGE_Valid,SEARCH,29009,0,Q4,OD,NATIVE_HOLD,ANCHOR,-0.5230398329272674,120
REFUGE_Valid,SEARCH,29009,0,Q4,OD,HISTORY_UPDATE_INTERACTION,ALGEBRA,-1.7445339253442569,120
REFUGE_Valid,SEARCH,29009,0,Q4,OC,NATIVE_HOLD,SAME64_HOLD,-5.522626625996708,120
REFUGE_Valid,SEARCH,29009,0,Q4,OC,NATIVE_HOLD,SOURCE_HOLD,-5.900619285363604,120
REFUGE_Valid,SEARCH,29009,0,Q4,OC,SAME64_HOLD,SOURCE_HOLD,-0.3779926593668961,120
REFUGE_Valid,SEARCH,29009,0,Q4,OC,CROSS64_HOLD,SOURCE_HOLD,-0.6465696595061985,120
REFUGE_Valid,SEARCH,29009,0,Q4,OC,NATIVE_UPDATE,NATIVE_HOLD,-2.8835687178040956,120
REFUGE_Valid,SEARCH,29009,0,Q4,OC,SOURCE_UPDATE,SOURCE_HOLD,-1.6558903700563405,120
REFUGE_Valid,SEARCH,29009,0,Q4,OC,SAME64_UPDATE,SAME64_HOLD,-1.8388601393984345,120
REFUGE_Valid,SEARCH,29009,0,Q4,OC,CROSS64_UPDATE,CROSS64_HOLD,-1.910292167126201,120
REFUGE_Valid,SEALED_REVIEW,29009,0,Q4,OD,NATIVE_HOLD,SAME64_HOLD,-5.885888408746354,52
REFUGE_Valid,SEALED_REVIEW,29009,0,Q4,OD,NATIVE_HOLD,SOURCE_HOLD,-4.654651412407503,52
REFUGE_Valid,SEALED_REVIEW,29009,0,Q4,OD,CROSS64_HOLD,SOURCE_HOLD,-0.6620674637745907,52
REFUGE_Valid,SEALED_REVIEW,29009,0,Q4,OD,NATIVE_UPDATE,NATIVE_HOLD,-2.2053150709224667,52
REFUGE_Valid,SEALED_REVIEW,29009,0,Q4,OD,SOURCE_UPDATE,SOURCE_HOLD,-0.4649959359219622,52
REFUGE_Valid,SEALED_REVIEW,29009,0,Q4,OD,SAME64_UPDATE,SAME64_HOLD,-2.781570173796027,52
REFUGE_Valid,SEALED_REVIEW,29009,0,Q4,OD,CROSS64_UPDATE,CROSS64_HOLD,-0.9547859224006316,52
REFUGE_Valid,SEALED_REVIEW,29009,0,Q4,OD,NATIVE_UPDATE,ANCHOR,-2.54836886593273,52
REFUGE_Valid,SEALED_REVIEW,29009,0,Q4,OD,NATIVE_HOLD,ANCHOR,-0.34305379501026323,52
REFUGE_Valid,SEALED_REVIEW,29009,0,Q4,OD,HISTORY_UPDATE_INTERACTION,ALGEBRA,-1.8267842513953951,52
REFUGE_Valid,SEALED_REVIEW,29009,0,Q4,OC,NATIVE_HOLD,SAME64_HOLD,-6.432965608324807,52
REFUGE_Valid,SEALED_REVIEW,29009,0,Q4,OC,NATIVE_HOLD,SOURCE_HOLD,-6.431806533613553,52
REFUGE_Valid,SEALED_REVIEW,29009,0,Q4,OC,CROSS64_HOLD,SOURCE_HOLD,-0.8813200199253401,52
REFUGE_Valid,SEALED_REVIEW,29009,0,Q4,OC,NATIVE_UPDATE,NATIVE_HOLD,-2.955160097423338,52
REFUGE_Valid,SEALED_REVIEW,29009,0,Q4,OC,SOURCE_UPDATE,SOURCE_HOLD,-1.8114344847302277,52
REFUGE_Valid,SEALED_REVIEW,29009,0,Q4,OC,SAME64_UPDATE,SAME64_HOLD,-2.4138055713327446,52
REFUGE_Valid,SEALED_REVIEW,29009,0,Q4,OC,CROSS64_UPDATE,CROSS64_HOLD,-2.0036111926273747,52
REFUGE_Valid,SEALED_REVIEW,29009,0,Q4,OC,HISTORY_UPDATE_INTERACTION,ALGEBRA,-0.4101943787053699,52
ORIGA,SEARCH,29009,1,ALL,OD,CROSS64_HOLD,SOURCE_HOLD,-0.6214473520583397,316
ORIGA,SEARCH,29009,1,ALL,OD,NATIVE_UPDATE,ANCHOR,-0.5484495699118668,316
ORIGA,SEARCH,29009,1,ALL,OD,NATIVE_HOLD,NATIVE_UPDATE,-3.5169273558463914,316
ORIGA,SEARCH,29009,1,ALL,OD,NATIVE_HOLD,ANCHOR,-4.065376925758258,316
ORIGA,SEARCH,29009,1,ALL,OD,SOURCE_UPDATE,NATIVE_UPDATE,-3.488639042029149,316
ORIGA,SEARCH,29009,1,ALL,OD,SOURCE_UPDATE,ANCHOR,-4.037088611941016,316
ORIGA,SEARCH,29009,1,ALL,OD,SOURCE_HOLD,NATIVE_UPDATE,-12.32226717541181,316
ORIGA,SEARCH,29009,1,ALL,OD,SOURCE_HOLD,ANCHOR,-12.870716745323676,316
ORIGA,SEARCH,29009,1,ALL,OD,SAME64_UPDATE,NATIVE_UPDATE,-2.245852270856034,316
ORIGA,SEARCH,29009,1,ALL,OD,SAME64_UPDATE,ANCHOR,-2.7943018407679006,316
ORIGA,SEARCH,29009,1,ALL,OD,SAME64_HOLD,NATIVE_UPDATE,-8.638720479739646,316
ORIGA,SEARCH,29009,1,ALL,OD,SAME64_HOLD,ANCHOR,-9.187170049651513,316
ORIGA,SEARCH,29009,1,ALL,OD,CROSS64_UPDATE,NATIVE_UPDATE,-3.0814541093536434,316
ORIGA,SEARCH,29009,1,ALL,OD,CROSS64_UPDATE,ANCHOR,-3.62990367926551,316
ORIGA,SEARCH,29009,1,ALL,OD,CROSS64_HOLD,NATIVE_UPDATE,-12.94371452747015,316
ORIGA,SEARCH,29009,1,ALL,OD,CROSS64_HOLD,ANCHOR,-13.492164097382016,316
ORIGA,SEARCH,29009,1,ALL,OD,HISTORY_UPDATE_INTERACTION,ALGEBRA,-3.4693922092328933,316
ORIGA,SEARCH,29009,1,ALL,OC,CROSS64_HOLD,SOURCE_HOLD,-0.8831628908009748,316
ORIGA,SEARCH,29009,1,ALL,OC,NATIVE_UPDATE,ANCHOR,-0.9794963599723161,316
ORIGA,SEARCH,29009,1,ALL,OC,NATIVE_HOLD,NATIVE_UPDATE,-5.414155592888626,316
ORIGA,SEARCH,29009,1,ALL,OC,NATIVE_HOLD,ANCHOR,-6.393651952860942,316
ORIGA,SEARCH,29009,1,ALL,OC,SOURCE_UPDATE,NATIVE_UPDATE,-2.610679723272412,316
ORIGA,SEARCH,29009,1,ALL,OC,SOURCE_UPDATE,ANCHOR,-3.590176083244728,316
ORIGA,SEARCH,29009,1,ALL,OC,SOURCE_HOLD,NATIVE_UPDATE,-12.47768007085513,316
ORIGA,SEARCH,29009,1,ALL,OC,SOURCE_HOLD,ANCHOR,-13.457176430827445,316
ORIGA,SEARCH,29009,1,ALL,OC,SAME64_UPDATE,NATIVE_UPDATE,-0.9368917226678661,316
ORIGA,SEARCH,29009,1,ALL,OC,SAME64_UPDATE,ANCHOR,-1.9163880826401822,316
ORIGA,SEARCH,29009,1,ALL,OC,SAME64_HOLD,NATIVE_UPDATE,-8.222520713797529,316
ORIGA,SEARCH,29009,1,ALL,OC,SAME64_HOLD,ANCHOR,-9.202017073769845,316
ORIGA,SEARCH,29009,1,ALL,OC,CROSS64_UPDATE,NATIVE_UPDATE,-2.3721055284716925,316
ORIGA,SEARCH,29009,1,ALL,OC,CROSS64_UPDATE,ANCHOR,-3.3516018884440086,316
ORIGA,SEARCH,29009,1,ALL,OC,CROSS64_HOLD,NATIVE_UPDATE,-13.360842961656104,316
ORIGA,SEARCH,29009,1,ALL,OC,CROSS64_HOLD,ANCHOR,-14.34033932162842,316
ORIGA,SEARCH,29009,1,ALL,OC,HISTORY_UPDATE_INTERACTION,ALGEBRA,-3.7031084420547487,316
ORIGA,SEARCH,29009,1,Q1,OD,CROSS64_HOLD,SOURCE_HOLD,-0.7563227664372789,81
ORIGA,SEARCH,29009,1,Q1,OD,NATIVE_UPDATE,ANCHOR,-0.8098084073788527,81
ORIGA,SEARCH,29009,1,Q1,OD,NATIVE_HOLD,NATIVE_UPDATE,-2.751532722679542,81
ORIGA,SEARCH,29009,1,Q1,OD,NATIVE_HOLD,ANCHOR,-3.561341130058395,81
ORIGA,SEARCH,29009,1,Q1,OD,SOURCE_UPDATE,NATIVE_UPDATE,-6.841122645940629,81
ORIGA,SEARCH,29009,1,Q1,OD,SOURCE_UPDATE,ANCHOR,-7.650931053319482,81
ORIGA,SEARCH,29009,1,Q1,OD,SOURCE_HOLD,NATIVE_UPDATE,-11.577588065350625,81
ORIGA,SEARCH,29009,1,Q1,OD,SOURCE_HOLD,ANCHOR,-12.387396472729478,81
ORIGA,SEARCH,29009,1,Q1,OD,SAME64_UPDATE,NATIVE_UPDATE,-4.179645929387178,81
ORIGA,SEARCH,29009,1,Q1,OD,SAME64_UPDATE,ANCHOR,-4.9894543367660305,81
ORIGA,SEARCH,29009,1,Q1,OD,SAME64_HOLD,NATIVE_UPDATE,-7.989832174399737,81
ORIGA,SEARCH,29009,1,Q1,OD,SAME64_HOLD,ANCHOR,-8.79964058177859,81
ORIGA,SEARCH,29009,1,Q1,OD,CROSS64_UPDATE,NATIVE_UPDATE,-6.349590528097039,81
ORIGA,SEARCH,29009,1,Q1,OD,CROSS64_UPDATE,ANCHOR,-7.159398935475892,81
ORIGA,SEARCH,29009,1,Q1,OD,CROSS64_HOLD,NATIVE_UPDATE,-12.333910831787904,81
ORIGA,SEARCH,29009,1,Q1,OD,CROSS64_HOLD,ANCHOR,-13.143719239166757,81
ORIGA,SEARCH,29009,1,Q1,OD,HISTORY_UPDATE_INTERACTION,ALGEBRA,-2.1741340586783053,81
ORIGA,SEARCH,29009,1,Q1,OC,CROSS64_HOLD,SOURCE_HOLD,-0.91418676447379,81
ORIGA,SEARCH,29009,1,Q1,OC,NATIVE_UPDATE,ANCHOR,-0.8037261784362144,81
ORIGA,SEARCH,29009,1,Q1,OC,NATIVE_HOLD,NATIVE_UPDATE,-3.742563487948267,81
ORIGA,SEARCH,29009,1,Q1,OC,NATIVE_HOLD,ANCHOR,-4.546289666384482,81
ORIGA,SEARCH,29009,1,Q1,OC,SOURCE_UPDATE,NATIVE_UPDATE,-5.577944684188495,81
ORIGA,SEARCH,29009,1,Q1,OC,SOURCE_UPDATE,ANCHOR,-6.381670862624709,81
ORIGA,SEARCH,29009,1,Q1,OC,SOURCE_HOLD,NATIVE_UPDATE,-10.73693087025169,81
ORIGA,SEARCH,29009,1,Q1,OC,SOURCE_HOLD,ANCHOR,-11.540657048687905,81
ORIGA,SEARCH,29009,1,Q1,OC,SAME64_UPDATE,NATIVE_UPDATE,-1.8995469790066508,81
ORIGA,SEARCH,29009,1,Q1,OC,SAME64_UPDATE,ANCHOR,-2.7032731574428652,81
ORIGA,SEARCH,29009,1,Q1,OC,SAME64_HOLD,NATIVE_UPDATE,-6.22704476724013,81
ORIGA,SEARCH,29009,1,Q1,OC,SAME64_HOLD,ANCHOR,-7.030770945676345,81
ORIGA,SEARCH,29009,1,Q1,OC,CROSS64_UPDATE,NATIVE_UPDATE,-5.153810154962535,81
ORIGA,SEARCH,29009,1,Q1,OC,CROSS64_UPDATE,ANCHOR,-5.95753633339875,81
ORIGA,SEARCH,29009,1,Q1,OC,CROSS64_HOLD,NATIVE_UPDATE,-11.65111763472548,81
ORIGA,SEARCH,29009,1,Q1,OC,CROSS64_HOLD,ANCHOR,-12.454843813161695,81
ORIGA,SEARCH,29009,1,Q1,OC,HISTORY_UPDATE_INTERACTION,ALGEBRA,-2.1698096915294656,81
ORIGA,SEARCH,29009,1,FIRST64,OD,CROSS64_HOLD,SOURCE_HOLD,-0.5700277758529495,35
ORIGA,SEARCH,29009,1,FIRST64,OD,NATIVE_UPDATE,ANCHOR,-0.8482627437714143,35
ORIGA,SEARCH,29009,1,FIRST64,OD,NATIVE_HOLD,NATIVE_UPDATE,-1.3359021693593718,35
ORIGA,SEARCH,29009,1,FIRST64,OD,NATIVE_HOLD,ANCHOR,-2.184164913130786,35
ORIGA,SEARCH,29009,1,FIRST64,OD,SOURCE_UPDATE,NATIVE_UPDATE,-5.8728882222773535,35
ORIGA,SEARCH,29009,1,FIRST64,OD,SOURCE_UPDATE,ANCHOR,-6.721150966048768,35
ORIGA,SEARCH,29009,1,FIRST64,OD,SOURCE_HOLD,NATIVE_UPDATE,-8.174566921329415,35
ORIGA,SEARCH,29009,1,FIRST64,OD,SOURCE_HOLD,ANCHOR,-9.02282966510083,35
ORIGA,SEARCH,29009,1,FIRST64,OD,SAME64_UPDATE,NATIVE_UPDATE,-3.2053633912785955,35
ORIGA,SEARCH,29009,1,FIRST64,OD,SAME64_UPDATE,ANCHOR,-4.05362613505001,35
ORIGA,SEARCH,29009,1,FIRST64,OD,SAME64_HOLD,NATIVE_UPDATE,-4.892450508808281,35
ORIGA,SEARCH,29009,1,FIRST64,OD,SAME64_HOLD,ANCHOR,-5.740713252579695,35
ORIGA,SEARCH,29009,1,FIRST64,OD,CROSS64_UPDATE,NATIVE_UPDATE,-5.701878688727689,35
ORIGA,SEARCH,29009,1,FIRST64,OD,CROSS64_UPDATE,ANCHOR,-6.550141432499103,35
ORIGA,SEARCH,29009,1,FIRST64,OD,CROSS64_HOLD,NATIVE_UPDATE,-8.744594697182364,35
ORIGA,SEARCH,29009,1,FIRST64,OD,CROSS64_HOLD,ANCHOR,-9.592857440953779,35
ORIGA,SEARCH,29009,1,FIRST64,OD,HISTORY_UPDATE_INTERACTION,ALGEBRA,-1.35562889092499,35
ORIGA,SEARCH,29009,1,FIRST64,OC,CROSS64_HOLD,SOURCE_HOLD,-0.7892289185738903,35
ORIGA,SEARCH,29009,1,FIRST64,OC,NATIVE_UPDATE,ANCHOR,-0.9069550646329532,35
ORIGA,SEARCH,29009,1,FIRST64,OC,NATIVE_HOLD,NATIVE_UPDATE,-1.8097186982926203,35
ORIGA,SEARCH,29009,1,FIRST64,OC,NATIVE_HOLD,ANCHOR,-2.7166737629255735,35
ORIGA,SEARCH,29009,1,FIRST64,OC,SOURCE_UPDATE,NATIVE_UPDATE,-3.522799522576122,35
ORIGA,SEARCH,29009,1,FIRST64,OC,SOURCE_UPDATE,ANCHOR,-4.429754587209075,35
ORIGA,SEARCH,29009,1,FIRST64,OC,SOURCE_HOLD,NATIVE_UPDATE,-6.409648786880027,35
ORIGA,SEARCH,29009,1,FIRST64,OC,SOURCE_HOLD,ANCHOR,-7.31660385151298,35
ORIGA,SEARCH,29009,1,FIRST64,OC,SAME64_UPDATE,ANCHOR,-0.652441031314325,35
ORIGA,SEARCH,29009,1,FIRST64,OC,SAME64_HOLD,NATIVE_UPDATE,-1.83177855206808,35
ORIGA,SEARCH,29009,1,FIRST64,OC,SAME64_HOLD,ANCHOR,-2.738733616701033,35
ORIGA,SEARCH,29009,1,FIRST64,OC,CROSS64_UPDATE,NATIVE_UPDATE,-3.572932440431714,35
ORIGA,SEARCH,29009,1,FIRST64,OC,CROSS64_UPDATE,ANCHOR,-4.479887505064667,35
ORIGA,SEARCH,29009,1,FIRST64,OC,CROSS64_HOLD,NATIVE_UPDATE,-7.198877705453917,35
ORIGA,SEARCH,29009,1,FIRST64,OC,CROSS64_HOLD,ANCHOR,-8.10583277008687,35
ORIGA,SEARCH,29009,1,FIRST64,OC,HISTORY_UPDATE_INTERACTION,ALGEBRA,-1.5396526796354948,35
ORIGA,SEALED_REVIEW,29009,1,ALL,OD,CROSS64_HOLD,SOURCE_HOLD,-0.36950792623002826,210
ORIGA,SEALED_REVIEW,29009,1,ALL,OD,NATIVE_UPDATE,ANCHOR,-0.4747985096059324,210
ORIGA,SEALED_REVIEW,29009,1,ALL,OD,NATIVE_HOLD,NATIVE_UPDATE,-2.947571952442999,210
ORIGA,SEALED_REVIEW,29009,1,ALL,OD,NATIVE_HOLD,ANCHOR,-3.4223704620489315,210
ORIGA,SEALED_REVIEW,29009,1,ALL,OD,SOURCE_UPDATE,NATIVE_UPDATE,-3.2537979919700604,210
ORIGA,SEALED_REVIEW,29009,1,ALL,OD,SOURCE_UPDATE,ANCHOR,-3.7285965015759928,210
ORIGA,SEALED_REVIEW,29009,1,ALL,OD,SOURCE_HOLD,NATIVE_UPDATE,-12.123787208561822,210
ORIGA,SEALED_REVIEW,29009,1,ALL,OD,SOURCE_HOLD,ANCHOR,-12.598585718167755,210
ORIGA,SEALED_REVIEW,29009,1,ALL,OD,SAME64_UPDATE,NATIVE_UPDATE,-1.9079695912444663,210
ORIGA,SEALED_REVIEW,29009,1,ALL,OD,SAME64_UPDATE,ANCHOR,-2.3827681008503987,210
ORIGA,SEALED_REVIEW,29009,1,ALL,OD,SAME64_HOLD,NATIVE_UPDATE,-8.110562269630563,210
ORIGA,SEALED_REVIEW,29009,1,ALL,OD,SAME64_HOLD,ANCHOR,-8.585360779236495,210
ORIGA,SEALED_REVIEW,29009,1,ALL,OD,CROSS64_UPDATE,NATIVE_UPDATE,-2.7773986271491395,210
ORIGA,SEALED_REVIEW,29009,1,ALL,OD,CROSS64_UPDATE,ANCHOR,-3.252197136755072,210
ORIGA,SEALED_REVIEW,29009,1,ALL,OD,CROSS64_HOLD,NATIVE_UPDATE,-12.49329513479185,210
ORIGA,SEALED_REVIEW,29009,1,ALL,OD,CROSS64_HOLD,ANCHOR,-12.968093644397783,210
ORIGA,SEALED_REVIEW,29009,1,ALL,OD,HISTORY_UPDATE_INTERACTION,ALGEBRA,-3.513303829256614,210
ORIGA,SEALED_REVIEW,29009,1,ALL,OC,CROSS64_HOLD,SOURCE_HOLD,-0.5635301389558194,210
ORIGA,SEALED_REVIEW,29009,1,ALL,OC,NATIVE_UPDATE,ANCHOR,-0.8492047353574179,210
ORIGA,SEALED_REVIEW,29009,1,ALL,OC,NATIVE_HOLD,NATIVE_UPDATE,-4.545978813884304,210
ORIGA,SEALED_REVIEW,29009,1,ALL,OC,NATIVE_HOLD,ANCHOR,-5.395183549241722,210
ORIGA,SEALED_REVIEW,29009,1,ALL,OC,SOURCE_UPDATE,NATIVE_UPDATE,-1.826739408592502,210
ORIGA,SEALED_REVIEW,29009,1,ALL,OC,SOURCE_UPDATE,ANCHOR,-2.67594414394992,210
ORIGA,SEALED_REVIEW,29009,1,ALL,OC,SOURCE_HOLD,NATIVE_UPDATE,-11.485165940172777,210
ORIGA,SEALED_REVIEW,29009,1,ALL,OC,SOURCE_HOLD,ANCHOR,-12.334370675530195,210
ORIGA,SEALED_REVIEW,29009,1,ALL,OC,SAME64_UPDATE,NATIVE_UPDATE,-0.15583543029866576,210
ORIGA,SEALED_REVIEW,29009,1,ALL,OC,SAME64_UPDATE,ANCHOR,-1.0050401656560837,210
ORIGA,SEALED_REVIEW,29009,1,ALL,OC,SAME64_HOLD,NATIVE_UPDATE,-6.861620225862097,210
ORIGA,SEALED_REVIEW,29009,1,ALL,OC,SAME64_HOLD,ANCHOR,-7.710824961219515,210
ORIGA,SEALED_REVIEW,29009,1,ALL,OC,CROSS64_UPDATE,NATIVE_UPDATE,-1.4978828634590684,210
ORIGA,SEALED_REVIEW,29009,1,ALL,OC,CROSS64_UPDATE,ANCHOR,-2.3470875988164863,210
ORIGA,SEALED_REVIEW,29009,1,ALL,OC,CROSS64_HOLD,NATIVE_UPDATE,-12.048696079128597,210
ORIGA,SEALED_REVIEW,29009,1,ALL,OC,CROSS64_HOLD,ANCHOR,-12.897900814486015,210
ORIGA,SEALED_REVIEW,29009,1,ALL,OC,HISTORY_UPDATE_INTERACTION,ALGEBRA,-3.8450284201060967,210
ORIGA,SEALED_REVIEW,29009,1,Q1,OD,CROSS64_HOLD,SOURCE_HOLD,-0.750667957639763,46
ORIGA,SEALED_REVIEW,29009,1,Q1,OD,NATIVE_UPDATE,ANCHOR,-0.8055624607204521,46
ORIGA,SEALED_REVIEW,29009,1,Q1,OD,NATIVE_HOLD,NATIVE_UPDATE,-2.8160184723155766,46
ORIGA,SEALED_REVIEW,29009,1,Q1,OD,NATIVE_HOLD,ANCHOR,-3.6215809330360287,46
ORIGA,SEALED_REVIEW,29009,1,Q1,OD,SOURCE_UPDATE,NATIVE_UPDATE,-7.663681958852592,46
ORIGA,SEALED_REVIEW,29009,1,Q1,OD,SOURCE_UPDATE,ANCHOR,-8.469244419573045,46
ORIGA,SEALED_REVIEW,29009,1,Q1,OD,SOURCE_HOLD,NATIVE_UPDATE,-13.853476641321365,46
ORIGA,SEALED_REVIEW,29009,1,Q1,OD,SOURCE_HOLD,ANCHOR,-14.659039102041817,46
ORIGA,SEALED_REVIEW,29009,1,Q1,OD,SAME64_UPDATE,NATIVE_UPDATE,-4.100236609944744,46
ORIGA,SEALED_REVIEW,29009,1,Q1,OD,SAME64_UPDATE,ANCHOR,-4.905799070665196,46
ORIGA,SEALED_REVIEW,29009,1,Q1,OD,SAME64_HOLD,NATIVE_UPDATE,-8.507606712499808,46
ORIGA,SEALED_REVIEW,29009,1,Q1,OD,SAME64_HOLD,ANCHOR,-9.31316917322026,46
ORIGA,SEALED_REVIEW,29009,1,Q1,OD,CROSS64_UPDATE,NATIVE_UPDATE,-6.911939784659765,46
ORIGA,SEALED_REVIEW,29009,1,Q1,OD,CROSS64_UPDATE,ANCHOR,-7.717502245380217,46
ORIGA,SEALED_REVIEW,29009,1,Q1,OD,CROSS64_HOLD,NATIVE_UPDATE,-14.604144598961128,46
ORIGA,SEALED_REVIEW,29009,1,Q1,OD,CROSS64_HOLD,ANCHOR,-15.40970705968158,46
ORIGA,SEALED_REVIEW,29009,1,Q1,OD,HISTORY_UPDATE_INTERACTION,ALGEBRA,-3.2848347117462993,46
ORIGA,SEALED_REVIEW,29009,1,Q1,OC,CROSS64_HOLD,SOURCE_HOLD,-1.2382780365052852,46
ORIGA,SEALED_REVIEW,29009,1,Q1,OC,NATIVE_UPDATE,ANCHOR,-0.8603745616656937,46
ORIGA,SEALED_REVIEW,29009,1,Q1,OC,NATIVE_HOLD,NATIVE_UPDATE,-3.6909353926738646,46
ORIGA,SEALED_REVIEW,29009,1,Q1,OC,NATIVE_HOLD,ANCHOR,-4.551309954339558,46
ORIGA,SEALED_REVIEW,29009,1,Q1,OC,SOURCE_UPDATE,NATIVE_UPDATE,-6.505798277116895,46
ORIGA,SEALED_REVIEW,29009,1,Q1,OC,SOURCE_UPDATE,ANCHOR,-7.366172838782589,46
ORIGA,SEALED_REVIEW,29009,1,Q1,OC,SOURCE_HOLD,NATIVE_UPDATE,-13.393678571870936,46
ORIGA,SEALED_REVIEW,29009,1,Q1,OC,SOURCE_HOLD,ANCHOR,-14.25405313353663,46
ORIGA,SEALED_REVIEW,29009,1,Q1,OC,SAME64_UPDATE,NATIVE_UPDATE,-1.674897385944604,46
ORIGA,SEALED_REVIEW,29009,1,Q1,OC,SAME64_UPDATE,ANCHOR,-2.5352719476102976,46
ORIGA,SEALED_REVIEW,29009,1,Q1,OC,SAME64_HOLD,NATIVE_UPDATE,-7.683086395142112,46
ORIGA,SEALED_REVIEW,29009,1,Q1,OC,SAME64_HOLD,ANCHOR,-8.543460956807806,46
ORIGA,SEALED_REVIEW,29009,1,Q1,OC,CROSS64_UPDATE,NATIVE_UPDATE,-5.674377328206241,46
ORIGA,SEALED_REVIEW,29009,1,Q1,OC,CROSS64_UPDATE,ANCHOR,-6.534751889871934,46
ORIGA,SEALED_REVIEW,29009,1,Q1,OC,CROSS64_HOLD,NATIVE_UPDATE,-14.631956608376221,46
ORIGA,SEALED_REVIEW,29009,1,Q1,OC,CROSS64_HOLD,ANCHOR,-15.492331170041915,46
ORIGA,SEALED_REVIEW,29009,1,Q1,OC,HISTORY_UPDATE_INTERACTION,ALGEBRA,-2.949390270972472,46
ORIGA,SEALED_REVIEW,29009,1,FIRST64,OD,CROSS64_HOLD,SOURCE_HOLD,-0.9566743586211004,20
ORIGA,SEALED_REVIEW,29009,1,FIRST64,OD,NATIVE_UPDATE,ANCHOR,-0.8223978120993962,20
ORIGA,SEALED_REVIEW,29009,1,FIRST64,OD,NATIVE_HOLD,NATIVE_UPDATE,-1.4876948808525015,20
ORIGA,SEALED_REVIEW,29009,1,FIRST64,OD,NATIVE_HOLD,ANCHOR,-2.3100926929518977,20
ORIGA,SEALED_REVIEW,29009,1,FIRST64,OD,SOURCE_UPDATE,NATIVE_UPDATE,-7.786659375232446,20
ORIGA,SEALED_REVIEW,29009,1,FIRST64,OD,SOURCE_UPDATE,ANCHOR,-8.609057187331842,20
ORIGA,SEALED_REVIEW,29009,1,FIRST64,OD,SOURCE_HOLD,NATIVE_UPDATE,-11.175789806148586,20
ORIGA,SEALED_REVIEW,29009,1,FIRST64,OD,SOURCE_HOLD,ANCHOR,-11.998187618247982,20
ORIGA,SEALED_REVIEW,29009,1,FIRST64,OD,SAME64_UPDATE,NATIVE_UPDATE,-3.794116424181567,20
ORIGA,SEALED_REVIEW,29009,1,FIRST64,OD,SAME64_UPDATE,ANCHOR,-4.616514236280963,20
ORIGA,SEALED_REVIEW,29009,1,FIRST64,OD,SAME64_HOLD,NATIVE_UPDATE,-5.919023048927556,20
ORIGA,SEALED_REVIEW,29009,1,FIRST64,OD,SAME64_HOLD,ANCHOR,-6.741420861026953,20
ORIGA,SEALED_REVIEW,29009,1,FIRST64,OD,CROSS64_UPDATE,NATIVE_UPDATE,-7.520880987539101,20
ORIGA,SEALED_REVIEW,29009,1,FIRST64,OD,CROSS64_UPDATE,ANCHOR,-8.343278799638497,20
ORIGA,SEALED_REVIEW,29009,1,FIRST64,OD,CROSS64_HOLD,NATIVE_UPDATE,-12.132464164769686,20
ORIGA,SEALED_REVIEW,29009,1,FIRST64,OD,CROSS64_HOLD,ANCHOR,-12.954861976869083,20
ORIGA,SEALED_REVIEW,29009,1,FIRST64,OD,HISTORY_UPDATE_INTERACTION,ALGEBRA,-2.486676552484596,20
ORIGA,SEALED_REVIEW,29009,1,FIRST64,OC,CROSS64_HOLD,SOURCE_HOLD,-1.486953542702146,20
ORIGA,SEALED_REVIEW,29009,1,FIRST64,OC,NATIVE_UPDATE,ANCHOR,-0.8137191185191455,20
ORIGA,SEALED_REVIEW,29009,1,FIRST64,OC,NATIVE_HOLD,NATIVE_UPDATE,-1.945879607918421,20
ORIGA,SEALED_REVIEW,29009,1,FIRST64,OC,NATIVE_HOLD,ANCHOR,-2.7595987264375665,20
ORIGA,SEALED_REVIEW,29009,1,FIRST64,OC,SOURCE_UPDATE,NATIVE_UPDATE,-5.757141419905942,20
ORIGA,SEALED_REVIEW,29009,1,FIRST64,OC,SOURCE_UPDATE,ANCHOR,-6.570860538425087,20
ORIGA,SEALED_REVIEW,29009,1,FIRST64,OC,SOURCE_HOLD,NATIVE_UPDATE,-9.569696740400111,20
ORIGA,SEALED_REVIEW,29009,1,FIRST64,OC,SOURCE_HOLD,ANCHOR,-10.383415858919257,20
ORIGA,SEALED_REVIEW,29009,1,FIRST64,OC,SAME64_UPDATE,NATIVE_UPDATE,-0.9476944021723384,20
ORIGA,SEALED_REVIEW,29009,1,FIRST64,OC,SAME64_UPDATE,ANCHOR,-1.7614135206914838,20
ORIGA,SEALED_REVIEW,29009,1,FIRST64,OC,SAME64_HOLD,NATIVE_UPDATE,-3.615941644196454,20
ORIGA,SEALED_REVIEW,29009,1,FIRST64,OC,SAME64_HOLD,ANCHOR,-4.429660762715599,20
ORIGA,SEALED_REVIEW,29009,1,FIRST64,OC,CROSS64_UPDATE,NATIVE_UPDATE,-5.560038422961277,20
ORIGA,SEALED_REVIEW,29009,1,FIRST64,OC,CROSS64_UPDATE,ANCHOR,-6.373757541480423,20
ORIGA,SEALED_REVIEW,29009,1,FIRST64,OC,CROSS64_HOLD,NATIVE_UPDATE,-11.056650283102258,20
ORIGA,SEALED_REVIEW,29009,1,FIRST64,OC,CROSS64_HOLD,ANCHOR,-11.870369401621403,20
ORIGA,SEALED_REVIEW,29009,1,FIRST64,OC,HISTORY_UPDATE_INTERACTION,ALGEBRA,-2.828364618116865,20
ORIGA,SEARCH,29009,1,Q2,OD,CROSS64_HOLD,SOURCE_HOLD,-0.47136322862203883,70
ORIGA,SEARCH,29009,1,Q2,OD,NATIVE_UPDATE,ANCHOR,-0.7248110887934587,70
ORIGA,SEARCH,29009,1,Q2,OD,NATIVE_HOLD,NATIVE_UPDATE,-4.386086581744621,70
ORIGA,SEARCH,29009,1,Q2,OD,NATIVE_HOLD,ANCHOR,-5.11089767053808,70
ORIGA,SEARCH,29009,1,Q2,OD,SOURCE_UPDATE,NATIVE_UPDATE,-2.9457886127886326,70
ORIGA,SEARCH,29009,1,Q2,OD,SOURCE_UPDATE,ANCHOR,-3.6705997015820913,70
ORIGA,SEARCH,29009,1,Q2,OD,SOURCE_HOLD,NATIVE_UPDATE,-13.962235045661458,70
ORIGA,SEARCH,29009,1,Q2,OD,SOURCE_HOLD,ANCHOR,-14.687046134454917,70
ORIGA,SEARCH,29009,1,Q2,OD,SAME64_UPDATE,NATIVE_UPDATE,-1.6702208501893523,70
ORIGA,SEARCH,29009,1,Q2,OD,SAME64_UPDATE,ANCHOR,-2.395031938982811,70
ORIGA,SEARCH,29009,1,Q2,OD,SAME64_HOLD,NATIVE_UPDATE,-8.946546696158194,70
ORIGA,SEARCH,29009,1,Q2,OD,SAME64_HOLD,ANCHOR,-9.671357784951653,70
ORIGA,SEARCH,29009,1,Q2,OD,CROSS64_UPDATE,NATIVE_UPDATE,-2.504457302697645,70
ORIGA,SEARCH,29009,1,Q2,OD,CROSS64_UPDATE,ANCHOR,-3.229268391491104,70
ORIGA,SEARCH,29009,1,Q2,OD,CROSS64_HOLD,NATIVE_UPDATE,-14.433598274283497,70
ORIGA,SEARCH,29009,1,Q2,OD,CROSS64_HOLD,ANCHOR,-15.158409363076956,70
ORIGA,SEARCH,29009,1,Q2,OD,HISTORY_UPDATE_INTERACTION,ALGEBRA,-4.6528151256170105,70
ORIGA,SEARCH,29009,1,Q2,OC,CROSS64_HOLD,SOURCE_HOLD,-1.5715612460696846,70
ORIGA,SEARCH,29009,1,Q2,OC,NATIVE_UPDATE,ANCHOR,-1.1930961538772635,70
ORIGA,SEARCH,29009,1,Q2,OC,NATIVE_HOLD,NATIVE_UPDATE,-6.282645757757955,70
ORIGA,SEARCH,29009,1,Q2,OC,NATIVE_HOLD,ANCHOR,-7.475741911635218,70
ORIGA,SEARCH,29009,1,Q2,OC,SOURCE_UPDATE,NATIVE_UPDATE,-1.8595980683360835,70
ORIGA,SEARCH,29009,1,Q2,OC,SOURCE_UPDATE,ANCHOR,-3.052694222213347,70
ORIGA,SEARCH,29009,1,Q2,OC,SOURCE_HOLD,NATIVE_UPDATE,-13.752366418187549,70
ORIGA,SEARCH,29009,1,Q2,OC,SOURCE_HOLD,ANCHOR,-14.945462572064812,70
ORIGA,SEARCH,29009,1,Q2,OC,SAME64_UPDATE,NATIVE_UPDATE,-0.2601232851903603,70
ORIGA,SEARCH,29009,1,Q2,OC,SAME64_UPDATE,ANCHOR,-1.4532194390676239,70
ORIGA,SEARCH,29009,1,Q2,OC,SAME64_HOLD,NATIVE_UPDATE,-8.484446883971977,70
ORIGA,SEARCH,29009,1,Q2,OC,SAME64_HOLD,ANCHOR,-9.67754303784924,70
ORIGA,SEARCH,29009,1,Q2,OC,CROSS64_UPDATE,NATIVE_UPDATE,-1.7172180625632478,70
ORIGA,SEARCH,29009,1,Q2,OC,CROSS64_UPDATE,ANCHOR,-2.9103142164405114,70
ORIGA,SEARCH,29009,1,Q2,OC,CROSS64_HOLD,NATIVE_UPDATE,-15.323927664257234,70
ORIGA,SEARCH,29009,1,Q2,OC,CROSS64_HOLD,ANCHOR,-16.517023818134497,70
ORIGA,SEARCH,29009,1,Q2,OC,HISTORY_UPDATE_INTERACTION,ALGEBRA,-5.382386002912369,70
ORIGA,SEALED_REVIEW,29009,1,Q2,OD,CROSS64_HOLD,SOURCE_HOLD,-0.27886076671828164,62
ORIGA,SEALED_REVIEW,29009,1,Q2,OD,NATIVE_UPDATE,ANCHOR,-0.571663314342274,62
ORIGA,SEALED_REVIEW,29009,1,Q2,OD,NATIVE_HOLD,NATIVE_UPDATE,-3.776522389823569,62
ORIGA,SEALED_REVIEW,29009,1,Q2,OD,NATIVE_HOLD,ANCHOR,-4.348185704165843,62
ORIGA,SEALED_REVIEW,29009,1,Q2,OD,SOURCE_UPDATE,NATIVE_UPDATE,-1.9008970434044556,62
ORIGA,SEALED_REVIEW,29009,1,Q2,OD,SOURCE_UPDATE,ANCHOR,-2.4725603577467297,62
ORIGA,SEALED_REVIEW,29009,1,Q2,OD,SOURCE_HOLD,NATIVE_UPDATE,-13.796828449272198,62
ORIGA,SEALED_REVIEW,29009,1,Q2,OD,SOURCE_HOLD,ANCHOR,-14.368491763614472,62
ORIGA,SEALED_REVIEW,29009,1,Q2,OD,SAME64_UPDATE,NATIVE_UPDATE,-0.7389719755698678,62
ORIGA,SEALED_REVIEW,29009,1,Q2,OD,SAME64_UPDATE,ANCHOR,-1.3106352899121418,62
ORIGA,SEALED_REVIEW,29009,1,Q2,OD,SAME64_HOLD,NATIVE_UPDATE,-8.845335097677847,62
ORIGA,SEALED_REVIEW,29009,1,Q2,OD,SAME64_HOLD,ANCHOR,-9.41699841202012,62
ORIGA,SEALED_REVIEW,29009,1,Q2,OD,CROSS64_UPDATE,NATIVE_UPDATE,-1.4142703656079618,62
ORIGA,SEALED_REVIEW,29009,1,Q2,OD,CROSS64_UPDATE,ANCHOR,-1.9859336799502358,62
ORIGA,SEALED_REVIEW,29009,1,Q2,OD,CROSS64_HOLD,NATIVE_UPDATE,-14.07568921599048,62
ORIGA,SEALED_REVIEW,29009,1,Q2,OD,CROSS64_HOLD,ANCHOR,-14.647352530332753,62
ORIGA,SEALED_REVIEW,29009,1,Q2,OD,HISTORY_UPDATE_INTERACTION,ALGEBRA,-4.555055728274539,62
ORIGA,SEALED_REVIEW,29009,1,Q2,OC,NATIVE_UPDATE,ANCHOR,-0.9263142684676211,62
ORIGA,SEALED_REVIEW,29009,1,Q2,OC,NATIVE_HOLD,NATIVE_UPDATE,-6.140975589984841,62
ORIGA,SEALED_REVIEW,29009,1,Q2,OC,NATIVE_HOLD,ANCHOR,-7.067289858452462,62
ORIGA,SEALED_REVIEW,29009,1,Q2,OC,SOURCE_UPDATE,NATIVE_UPDATE,-1.235281981283265,62
ORIGA,SEALED_REVIEW,29009,1,Q2,OC,SOURCE_UPDATE,ANCHOR,-2.161596249750886,62
ORIGA,SEALED_REVIEW,29009,1,Q2,OC,SOURCE_HOLD,NATIVE_UPDATE,-14.61227518911543,62
ORIGA,SEALED_REVIEW,29009,1,Q2,OC,SOURCE_HOLD,ANCHOR,-15.53858945758305,62
ORIGA,SEALED_REVIEW,29009,1,Q2,OC,SAME64_UPDATE,ANCHOR,-0.7227616111875932,62
ORIGA,SEALED_REVIEW,29009,1,Q2,OC,SAME64_HOLD,NATIVE_UPDATE,-8.410270978689375,62
ORIGA,SEALED_REVIEW,29009,1,Q2,OC,SAME64_HOLD,ANCHOR,-9.336585247156997,62
ORIGA,SEALED_REVIEW,29009,1,Q2,OC,CROSS64_UPDATE,NATIVE_UPDATE,-0.8598993329052576,62
ORIGA,SEALED_REVIEW,29009,1,Q2,OC,CROSS64_UPDATE,ANCHOR,-1.7862136013728787,62
ORIGA,SEALED_REVIEW,29009,1,Q2,OC,CROSS64_HOLD,NATIVE_UPDATE,-14.602445473859419,62
ORIGA,SEALED_REVIEW,29009,1,Q2,OC,CROSS64_HOLD,ANCHOR,-15.52875974232704,62
ORIGA,SEALED_REVIEW,29009,1,Q2,OC,HISTORY_UPDATE_INTERACTION,ALGEBRA,-5.128722504984758,62
ORIGA,SEALED_REVIEW,29009,1,Q3,OD,CROSS64_HOLD,SOURCE_HOLD,-0.2359863934464954,45
ORIGA,SEALED_REVIEW,29009,1,Q3,OD,NATIVE_UPDATE,ANCHOR,-0.556087531783902,45
ORIGA,SEALED_REVIEW,29009,1,Q3,OD,NATIVE_HOLD,NATIVE_UPDATE,-4.740260251450721,45
ORIGA,SEALED_REVIEW,29009,1,Q3,OD,NATIVE_HOLD,ANCHOR,-5.296347783234623,45
ORIGA,SEALED_REVIEW,29009,1,Q3,OD,SOURCE_UPDATE,NATIVE_UPDATE,-2.1903569735961668,45
ORIGA,SEALED_REVIEW,29009,1,Q3,OD,SOURCE_UPDATE,ANCHOR,-2.746444505380069,45
ORIGA,SEALED_REVIEW,29009,1,Q3,OD,SOURCE_HOLD,NATIVE_UPDATE,-14.53243995714179,45
ORIGA,SEALED_REVIEW,29009,1,Q3,OD,SOURCE_HOLD,ANCHOR,-15.088527488925692,45
ORIGA,SEALED_REVIEW,29009,1,Q3,OD,SAME64_UPDATE,NATIVE_UPDATE,-1.4770642119609505,45
ORIGA,SEALED_REVIEW,29009,1,Q3,OD,SAME64_UPDATE,ANCHOR,-2.0331517437448525,45
ORIGA,SEALED_REVIEW,29009,1,Q3,OD,SAME64_HOLD,NATIVE_UPDATE,-9.971535194050006,45
ORIGA,SEALED_REVIEW,29009,1,Q3,OD,SAME64_HOLD,ANCHOR,-10.527622725833908,45
ORIGA,SEALED_REVIEW,29009,1,Q3,OD,CROSS64_UPDATE,NATIVE_UPDATE,-1.9270401537716992,45
ORIGA,SEALED_REVIEW,29009,1,Q3,OD,CROSS64_UPDATE,ANCHOR,-2.4831276855556013,45
ORIGA,SEALED_REVIEW,29009,1,Q3,OD,CROSS64_HOLD,NATIVE_UPDATE,-14.768426350588285,45
ORIGA,SEALED_REVIEW,29009,1,Q3,OD,CROSS64_HOLD,ANCHOR,-15.324513882372187,45
ORIGA,SEALED_REVIEW,29009,1,Q3,OD,HISTORY_UPDATE_INTERACTION,ALGEBRA,-4.346915214727531,45
ORIGA,SEALED_REVIEW,29009,1,Q3,OC,CROSS64_HOLD,SOURCE_HOLD,-0.7480194656410006,45
ORIGA,SEALED_REVIEW,29009,1,Q3,OC,NATIVE_UPDATE,ANCHOR,-0.9190459424421391,45
ORIGA,SEALED_REVIEW,29009,1,Q3,OC,NATIVE_HOLD,NATIVE_UPDATE,-6.5807288450338675,45
ORIGA,SEALED_REVIEW,29009,1,Q3,OC,NATIVE_HOLD,ANCHOR,-7.499774787476007,45
ORIGA,SEALED_REVIEW,29009,1,Q3,OC,SOURCE_UPDATE,ANCHOR,-0.88249125856251,45
ORIGA,SEALED_REVIEW,29009,1,Q3,OC,SOURCE_HOLD,NATIVE_UPDATE,-14.982648172959202,45
ORIGA,SEALED_REVIEW,29009,1,Q3,OC,SOURCE_HOLD,ANCHOR,-15.901694115401341,45
ORIGA,SEALED_REVIEW,29009,1,Q3,OC,SAME64_UPDATE,ANCHOR,-0.16503156006307051,45
ORIGA,SEALED_REVIEW,29009,1,Q3,OC,SAME64_HOLD,NATIVE_UPDATE,-9.870248757432343,45
ORIGA,SEALED_REVIEW,29009,1,Q3,OC,SAME64_HOLD,ANCHOR,-10.789294699874482,45
ORIGA,SEALED_REVIEW,29009,1,Q3,OC,CROSS64_UPDATE,NATIVE_UPDATE,-0.020247342632615073,45
ORIGA,SEALED_REVIEW,29009,1,Q3,OC,CROSS64_UPDATE,ANCHOR,-0.9392932850747542,45
ORIGA,SEALED_REVIEW,29009,1,Q3,OC,CROSS64_HOLD,NATIVE_UPDATE,-15.730667638600202,45
ORIGA,SEALED_REVIEW,29009,1,Q3,OC,CROSS64_HOLD,ANCHOR,-16.64971358104234,45
ORIGA,SEALED_REVIEW,29009,1,Q3,OC,HISTORY_UPDATE_INTERACTION,ALGEBRA,-5.086157156156176,45
ORIGA,SEARCH,29009,1,Q3,OD,CROSS64_HOLD,SOURCE_HOLD,-0.7538258177421824,88
ORIGA,SEARCH,29009,1,Q3,OD,NATIVE_UPDATE,ANCHOR,-0.5851200942356485,88
ORIGA,SEARCH,29009,1,Q3,OD,NATIVE_HOLD,NATIVE_UPDATE,-5.5419240143290125,88
ORIGA,SEARCH,29009,1,Q3,OD,NATIVE_HOLD,ANCHOR,-6.127044108564661,88
ORIGA,SEARCH,29009,1,Q3,OD,SOURCE_UPDATE,NATIVE_UPDATE,-1.5281128231675325,88
ORIGA,SEARCH,29009,1,Q3,OD,SOURCE_UPDATE,ANCHOR,-2.113232917403181,88
ORIGA,SEARCH,29009,1,Q3,OD,SOURCE_HOLD,NATIVE_UPDATE,-15.313500054926706,88
ORIGA,SEARCH,29009,1,Q3,OD,SOURCE_HOLD,ANCHOR,-15.898620149162355,88
ORIGA,SEARCH,29009,1,Q3,OD,SAME64_UPDATE,NATIVE_UPDATE,-0.7629322047510527,88
ORIGA,SEARCH,29009,1,Q3,OD,SAME64_UPDATE,ANCHOR,-1.3480522989867012,88
ORIGA,SEARCH,29009,1,Q3,OD,SAME64_HOLD,NATIVE_UPDATE,-10.60896385687768,88
ORIGA,SEARCH,29009,1,Q3,OD,SAME64_HOLD,ANCHOR,-11.194083951113328,88
ORIGA,SEARCH,29009,1,Q3,OD,CROSS64_UPDATE,NATIVE_UPDATE,-1.315134425119723,88
ORIGA,SEARCH,29009,1,Q3,OD,CROSS64_UPDATE,ANCHOR,-1.9002545193553715,88
ORIGA,SEARCH,29009,1,Q3,OD,CROSS64_HOLD,NATIVE_UPDATE,-16.06732587266889,88
ORIGA,SEARCH,29009,1,Q3,OD,CROSS64_HOLD,ANCHOR,-16.652445966904537,88
ORIGA,SEARCH,29009,1,Q3,OD,HISTORY_UPDATE_INTERACTION,ALGEBRA,-4.906159795422539,88
ORIGA,SEARCH,29009,1,Q3,OC,CROSS64_HOLD,SOURCE_HOLD,-0.6777473897874202,88
ORIGA,SEARCH,29009,1,Q3,OC,NATIVE_UPDATE,ANCHOR,-1.0243172783893044,88
ORIGA,SEARCH,29009,1,Q3,OC,NATIVE_HOLD,NATIVE_UPDATE,-8.865614619405576,88
ORIGA,SEARCH,29009,1,Q3,OC,NATIVE_HOLD,ANCHOR,-9.889931897794881,88
ORIGA,SEARCH,29009,1,Q3,OC,SOURCE_UPDATE,NATIVE_UPDATE,-1.4413106822815251,88
ORIGA,SEARCH,29009,1,Q3,OC,SOURCE_UPDATE,ANCHOR,-2.4656279606708296,88
ORIGA,SEARCH,29009,1,Q3,OC,SOURCE_HOLD,NATIVE_UPDATE,-18.746490146396575,88
ORIGA,SEARCH,29009,1,Q3,OC,SOURCE_HOLD,ANCHOR,-19.77080742478588,88
ORIGA,SEARCH,29009,1,Q3,OC,SAME64_UPDATE,NATIVE_UPDATE,-0.25808626774635,88
ORIGA,SEARCH,29009,1,Q3,OC,SAME64_UPDATE,ANCHOR,-1.2824035461356544,88
ORIGA,SEARCH,29009,1,Q3,OC,SAME64_HOLD,NATIVE_UPDATE,-13.116371530067525,88
ORIGA,SEARCH,29009,1,Q3,OC,SAME64_HOLD,ANCHOR,-14.14068880845683,88
ORIGA,SEARCH,29009,1,Q3,OC,CROSS64_UPDATE,NATIVE_UPDATE,-1.388802173267095,88
ORIGA,SEARCH,29009,1,Q3,OC,CROSS64_UPDATE,ANCHOR,-2.4131194516563994,88
ORIGA,SEARCH,29009,1,Q3,OC,CROSS64_HOLD,NATIVE_UPDATE,-19.424237536183995,88
ORIGA,SEARCH,29009,1,Q3,OC,CROSS64_HOLD,ANCHOR,-20.4485548145733,88
ORIGA,SEARCH,29009,1,Q3,OC,HISTORY_UPDATE_INTERACTION,ALGEBRA,-5.177150100595725,88
ORIGA,SEARCH,29009,1,Q4,OD,SAME64_UPDATE,CROSS64_UPDATE,-0.24293089088668296,77
ORIGA,SEARCH,29009,1,Q4,OD,CROSS64_HOLD,SOURCE_HOLD,-0.4647158597942962,77
ORIGA,SEARCH,29009,1,Q4,OD,NATIVE_UPDATE,ANCHOR,-0.07127582579461489,77
ORIGA,SEARCH,29009,1,Q4,OD,NATIVE_HOLD,NATIVE_UPDATE,-1.2176561029524606,77
ORIGA,SEARCH,29009,1,Q4,OD,NATIVE_HOLD,ANCHOR,-1.2889319287470755,77
ORIGA,SEARCH,29009,1,Q4,OD,SOURCE_UPDATE,NATIVE_UPDATE,-2.69610222891005,77
ORIGA,SEARCH,29009,1,Q4,OD,SOURCE_UPDATE,ANCHOR,-2.7673780547046647,77
ORIGA,SEARCH,29009,1,Q4,OD,SOURCE_HOLD,NATIVE_UPDATE,-8.196199170219217,77
ORIGA,SEARCH,29009,1,Q4,OD,SOURCE_HOLD,ANCHOR,-8.267474996013831,77
ORIGA,SEARCH,29009,1,Q4,OD,SAME64_UPDATE,NATIVE_UPDATE,-2.429668880244094,77
ORIGA,SEARCH,29009,1,Q4,OD,SAME64_UPDATE,ANCHOR,-2.500944706038709,77
ORIGA,SEARCH,29009,1,Q4,OD,SAME64_HOLD,NATIVE_UPDATE,-6.789768536818713,77
ORIGA,SEARCH,29009,1,Q4,OD,SAME64_HOLD,ANCHOR,-6.8610443626133275,77
ORIGA,SEARCH,29009,1,Q4,OD,CROSS64_UPDATE,NATIVE_UPDATE,-2.186737989357411,77
ORIGA,SEARCH,29009,1,Q4,OD,CROSS64_UPDATE,ANCHOR,-2.258013815152026,77
ORIGA,SEARCH,29009,1,Q4,OD,CROSS64_HOLD,NATIVE_UPDATE,-8.660915030013513,77
ORIGA,SEARCH,29009,1,Q4,OD,CROSS64_HOLD,ANCHOR,-8.732190855808128,77
ORIGA,SEARCH,29009,1,Q4,OD,HISTORY_UPDATE_INTERACTION,ALGEBRA,-2.114077384081483,77
ORIGA,SEARCH,29009,1,Q4,OC,SAME64_UPDATE,CROSS64_UPDATE,-0.15022582753697122,77
ORIGA,SEARCH,29009,1,Q4,OC,CROSS64_HOLD,SOURCE_HOLD,-0.45947127330595094,77
ORIGA,SEARCH,29009,1,Q4,OC,NATIVE_UPDATE,ANCHOR,-0.9189919224448033,77
ORIGA,SEARCH,29009,1,Q4,OC,NATIVE_HOLD,NATIVE_UPDATE,-2.438522536081166,77
ORIGA,SEARCH,29009,1,Q4,OC,NATIVE_HOLD,ANCHOR,-3.3575144585259693,77
ORIGA,SEARCH,29009,1,Q4,OC,SOURCE_UPDATE,NATIVE_UPDATE,-1.5084943936430193,77
ORIGA,SEARCH,29009,1,Q4,OC,SOURCE_UPDATE,ANCHOR,-2.4274863160878226,77
ORIGA,SEARCH,29009,1,Q4,OC,SOURCE_HOLD,NATIVE_UPDATE,-5.985697659010498,77
ORIGA,SEARCH,29009,1,Q4,OC,SOURCE_HOLD,ANCHOR,-6.904689581455301,77
ORIGA,SEARCH,29009,1,Q4,OC,SAME64_UPDATE,NATIVE_UPDATE,-1.3152500979026485,77
ORIGA,SEARCH,29009,1,Q4,OC,SAME64_UPDATE,ANCHOR,-2.234242020347452,77
ORIGA,SEARCH,29009,1,Q4,OC,SAME64_HOLD,NATIVE_UPDATE,-4.49057068687776,77
ORIGA,SEARCH,29009,1,Q4,OC,SAME64_HOLD,ANCHOR,-5.409562609322563,77
ORIGA,SEARCH,29009,1,Q4,OC,CROSS64_UPDATE,NATIVE_UPDATE,-1.1650242703656772,77
ORIGA,SEARCH,29009,1,Q4,OC,CROSS64_UPDATE,ANCHOR,-2.0840161928104806,77
ORIGA,SEARCH,29009,1,Q4,OC,CROSS64_HOLD,NATIVE_UPDATE,-6.445168932316449,77
ORIGA,SEARCH,29009,1,Q4,OC,CROSS64_HOLD,ANCHOR,-7.364160854761252,77
ORIGA,SEARCH,29009,1,Q4,OC,HISTORY_UPDATE_INTERACTION,ALGEBRA,-2.10482407297566,77
ORIGA,SEALED_REVIEW,29009,1,Q4,OD,SAME64_UPDATE,CROSS64_UPDATE,-0.15571343966239226,57
ORIGA,SEALED_REVIEW,29009,1,Q4,OD,CROSS64_HOLD,SOURCE_HOLD,-0.26591549500446376,57
ORIGA,SEALED_REVIEW,29009,1,Q4,OD,NATIVE_UPDATE,ANCHOR,-0.038328936922965795,57
ORIGA,SEALED_REVIEW,29009,1,Q4,OD,NATIVE_HOLD,NATIVE_UPDATE,-0.7367922947749435,57
ORIGA,SEALED_REVIEW,29009,1,Q4,OD,NATIVE_HOLD,ANCHOR,-0.7751212316979093,57
ORIGA,SEALED_REVIEW,29009,1,Q4,OD,SOURCE_UPDATE,NATIVE_UPDATE,-2.006079433396323,57
ORIGA,SEALED_REVIEW,29009,1,Q4,OD,SOURCE_UPDATE,ANCHOR,-2.044408370319289,57
ORIGA,SEALED_REVIEW,29009,1,Q4,OD,SOURCE_HOLD,NATIVE_UPDATE,-7.0065302872095,57
ORIGA,SEALED_REVIEW,29009,1,Q4,OD,SOURCE_HOLD,ANCHOR,-7.044859224132466,57
ORIGA,SEALED_REVIEW,29009,1,Q4,OD,SAME64_UPDATE,NATIVE_UPDATE,-1.7505013698299479,57
ORIGA,SEALED_REVIEW,29009,1,Q4,OD,SAME64_UPDATE,ANCHOR,-1.7888303067529137,57
ORIGA,SEALED_REVIEW,29009,1,Q4,OD,SAME64_HOLD,NATIVE_UPDATE,-5.5217247027921275,57
ORIGA,SEALED_REVIEW,29009,1,Q4,OD,SAME64_HOLD,ANCHOR,-5.560053639715093,57
ORIGA,SEALED_REVIEW,29009,1,Q4,OD,CROSS64_UPDATE,NATIVE_UPDATE,-1.5947879301675556,57
ORIGA,SEALED_REVIEW,29009,1,Q4,OD,CROSS64_UPDATE,ANCHOR,-1.6331168670905214,57
ORIGA,SEALED_REVIEW,29009,1,Q4,OD,CROSS64_HOLD,NATIVE_UPDATE,-7.272445782213964,57
ORIGA,SEALED_REVIEW,29009,1,Q4,OD,CROSS64_HOLD,ANCHOR,-7.31077471913693,57
ORIGA,SEALED_REVIEW,29009,1,Q4,OD,HISTORY_UPDATE_INTERACTION,ALGEBRA,-1.906434519084229,57
ORIGA,SEALED_REVIEW,29009,1,Q4,OC,SAME64_UPDATE,CROSS64_UPDATE,-0.05126170872564728,57
ORIGA,SEALED_REVIEW,29009,1,Q4,OC,CROSS64_HOLD,SOURCE_HOLD,-0.4970018577808304,57
ORIGA,SEALED_REVIEW,29009,1,Q4,OC,NATIVE_UPDATE,ANCHOR,-0.7011791672552476,57
ORIGA,SEALED_REVIEW,29009,1,Q4,OC,NATIVE_HOLD,NATIVE_UPDATE,-1.894723478019671,57
ORIGA,SEALED_REVIEW,29009,1,Q4,OC,NATIVE_HOLD,ANCHOR,-2.5959026452749185,57
ORIGA,SEALED_REVIEW,29009,1,Q4,OC,SOURCE_UPDATE,NATIVE_UPDATE,-0.16501812266785976,57
ORIGA,SEALED_REVIEW,29009,1,Q4,OC,SOURCE_UPDATE,ANCHOR,-0.8661972899231074,57
ORIGA,SEALED_REVIEW,29009,1,Q4,OC,SOURCE_HOLD,NATIVE_UPDATE,-3.782375502138578,57
ORIGA,SEALED_REVIEW,29009,1,Q4,OC,SOURCE_HOLD,ANCHOR,-4.4835546693938255,57
ORIGA,SEALED_REVIEW,29009,1,Q4,OC,SAME64_UPDATE,NATIVE_UPDATE,-0.039141623994510155,57
ORIGA,SEALED_REVIEW,29009,1,Q4,OC,SAME64_UPDATE,ANCHOR,-0.7403207912497578,57
ORIGA,SEALED_REVIEW,29009,1,Q4,OC,SAME64_HOLD,NATIVE_UPDATE,-2.1389522542334305,57
ORIGA,SEALED_REVIEW,29009,1,Q4,OC,SAME64_HOLD,ANCHOR,-2.840131421488678,57
ORIGA,SEALED_REVIEW,29009,1,Q4,OC,CROSS64_UPDATE,ANCHOR,-0.6890590825241105,57
ORIGA,SEALED_REVIEW,29009,1,Q4,OC,CROSS64_HOLD,NATIVE_UPDATE,-4.279377359919408,57
ORIGA,SEALED_REVIEW,29009,1,Q4,OC,CROSS64_HOLD,ANCHOR,-4.980556527174656,57
ORIGA,SEALED_REVIEW,29009,1,Q4,OC,HISTORY_UPDATE_INTERACTION,ALGEBRA,-2.191686814411625,57
REFUGE_Valid,SEARCH,29009,1,ALL,OD,NATIVE_HOLD,SAME64_HOLD,-1.4365967611474275,406
REFUGE_Valid,SEARCH,29009,1,ALL,OD,NATIVE_HOLD,SOURCE_HOLD,-0.3775055088357817,406
REFUGE_Valid,SEARCH,29009,1,ALL,OD,CROSS64_HOLD,SOURCE_HOLD,-0.6635513491631571,406
REFUGE_Valid,SEARCH,29009,1,ALL,OD,NATIVE_UPDATE,NATIVE_HOLD,-3.714362926193104,406
REFUGE_Valid,SEARCH,29009,1,ALL,OD,SOURCE_UPDATE,SOURCE_HOLD,-0.38951882814339456,406
REFUGE_Valid,SEARCH,29009,1,ALL,OD,SAME64_UPDATE,SAME64_HOLD,-2.4330654978327573,406
REFUGE_Valid,SEARCH,29009,1,ALL,OD,CROSS64_UPDATE,CROSS64_HOLD,-1.0260980273131253,406
REFUGE_Valid,SEARCH,29009,1,ALL,OD,HISTORY_UPDATE_INTERACTION,ALGEBRA,-1.406967470519632,406
REFUGE_Valid,SEARCH,29009,1,ALL,OC,NATIVE_HOLD,SAME64_HOLD,-0.30019755886490884,406
REFUGE_Valid,SEARCH,29009,1,ALL,OC,NATIVE_HOLD,SOURCE_HOLD,-0.6454877057005319,406
REFUGE_Valid,SEARCH,29009,1,ALL,OC,SAME64_HOLD,SOURCE_HOLD,-0.3452901468356231,406
REFUGE_Valid,SEARCH,29009,1,ALL,OC,CROSS64_HOLD,SOURCE_HOLD,-0.42837591562297916,406
REFUGE_Valid,SEARCH,29009,1,ALL,OC,NATIVE_UPDATE,NATIVE_HOLD,-1.7933357052228729,406
REFUGE_Valid,SEARCH,29009,1,ALL,OC,SOURCE_UPDATE,SOURCE_HOLD,-0.8954306268258989,406
REFUGE_Valid,SEARCH,29009,1,ALL,OC,SAME64_UPDATE,SAME64_HOLD,-0.9880206636092197,406
REFUGE_Valid,SEARCH,29009,1,ALL,OC,CROSS64_UPDATE,CROSS64_HOLD,-0.9855798781212002,406
REFUGE_Valid,SEARCH,29009,1,ALL,OC,HISTORY_UPDATE_INTERACTION,ALGEBRA,-0.0024407854880195146,406
REFUGE_Valid,SEARCH,29009,1,Q1,OD,SAME64_UPDATE,CROSS64_UPDATE,-0.13590715944607723,97
REFUGE_Valid,SEARCH,29009,1,Q1,OD,NATIVE_HOLD,SAME64_HOLD,-1.5475869484976954,97
REFUGE_Valid,SEARCH,29009,1,Q1,OD,NATIVE_HOLD,SOURCE_HOLD,-0.5614285788801396,97
REFUGE_Valid,SEARCH,29009,1,Q1,OD,CROSS64_HOLD,SOURCE_HOLD,-0.7653650179870084,97
REFUGE_Valid,SEARCH,29009,1,Q1,OD,NATIVE_UPDATE,NATIVE_HOLD,-0.5326170662537777,97
REFUGE_Valid,SEARCH,29009,1,Q1,OD,SAME64_UPDATE,SAME64_HOLD,-0.6480912523572897,97
REFUGE_Valid,SEARCH,29009,1,Q1,OD,HISTORY_UPDATE_INTERACTION,ALGEBRA,-1.8874305470506414,97
REFUGE_Valid,SEARCH,29009,1,Q1,OC,SAME64_UPDATE,CROSS64_UPDATE,-0.06851701245472697,97
REFUGE_Valid,SEARCH,29009,1,Q1,OC,NATIVE_HOLD,SAME64_HOLD,-0.5991620980327141,97
REFUGE_Valid,SEARCH,29009,1,Q1,OC,NATIVE_HOLD,SOURCE_HOLD,-0.6822330972043034,97
REFUGE_Valid,SEARCH,29009,1,Q1,OC,SAME64_HOLD,SOURCE_HOLD,-0.08307099917158922,97
REFUGE_Valid,SEARCH,29009,1,Q1,OC,CROSS64_HOLD,SOURCE_HOLD,-0.5084685732180034,97
REFUGE_Valid,SEARCH,29009,1,Q1,OC,NATIVE_UPDATE,NATIVE_HOLD,-0.6024358636809168,97
REFUGE_Valid,SEARCH,29009,1,Q1,OC,SAME64_UPDATE,SAME64_HOLD,-0.384617421305542,97
REFUGE_Valid,SEARCH,29009,1,Q1,OC,HISTORY_UPDATE_INTERACTION,ALGEBRA,-0.4939145865011412,97
REFUGE_Valid,SEARCH,29009,1,FIRST64,OD,NATIVE_HOLD,SAME64_HOLD,-1.6909029299963976,39
REFUGE_Valid,SEARCH,29009,1,FIRST64,OD,NATIVE_HOLD,SOURCE_HOLD,-0.6491493368921795,39
REFUGE_Valid,SEARCH,29009,1,FIRST64,OD,CROSS64_HOLD,SOURCE_HOLD,-0.8602727077741861,39
REFUGE_Valid,SEARCH,29009,1,FIRST64,OD,SAME64_UPDATE,SAME64_HOLD,-0.4287472336652485,39
REFUGE_Valid,SEARCH,29009,1,FIRST64,OD,NATIVE_HOLD,NATIVE_UPDATE,-0.10168853062289429,39
REFUGE_Valid,SEARCH,29009,1,FIRST64,OD,CROSS64_HOLD,NATIVE_UPDATE,-0.3128119015049009,39
REFUGE_Valid,SEARCH,29009,1,FIRST64,OD,HISTORY_UPDATE_INTERACTION,ALGEBRA,-1.5044011982760708,39
REFUGE_Valid,SEARCH,29009,1,FIRST64,OC,SAME64_UPDATE,CROSS64_UPDATE,-0.04765396547023215,39
REFUGE_Valid,SEARCH,29009,1,FIRST64,OC,NATIVE_HOLD,SAME64_HOLD,-0.4600536533452555,39
REFUGE_Valid,SEARCH,29009,1,FIRST64,OC,NATIVE_HOLD,SOURCE_HOLD,-0.4964161830368141,39
REFUGE_Valid,SEARCH,29009,1,FIRST64,OC,SAME64_HOLD,SOURCE_HOLD,-0.03636252969155862,39
REFUGE_Valid,SEARCH,29009,1,FIRST64,OC,CROSS64_HOLD,SOURCE_HOLD,-0.42455920740302133,39
REFUGE_Valid,SEARCH,29009,1,FIRST64,OC,NATIVE_UPDATE,NATIVE_HOLD,-0.19015085867945203,39
REFUGE_Valid,SEARCH,29009,1,FIRST64,OC,SAME64_UPDATE,SAME64_HOLD,-0.14830216055882772,39
REFUGE_Valid,SEARCH,29009,1,FIRST64,OC,HISTORY_UPDATE_INTERACTION,ALGEBRA,-0.43585064318169486,39
REFUGE_Valid,SEALED_REVIEW,29009,1,ALL,OD,NATIVE_HOLD,SAME64_HOLD,-1.517971827544443,269
REFUGE_Valid,SEALED_REVIEW,29009,1,ALL,OD,NATIVE_HOLD,SOURCE_HOLD,-0.6955326361881475,269
REFUGE_Valid,SEALED_REVIEW,29009,1,ALL,OD,CROSS64_HOLD,SOURCE_HOLD,-0.8311765243398952,269
REFUGE_Valid,SEALED_REVIEW,29009,1,ALL,OD,NATIVE_UPDATE,NATIVE_HOLD,-3.353453452541544,269
REFUGE_Valid,SEALED_REVIEW,29009,1,ALL,OD,SOURCE_UPDATE,SOURCE_HOLD,-0.46692735503475546,269
REFUGE_Valid,SEALED_REVIEW,29009,1,ALL,OD,SAME64_UPDATE,SAME64_HOLD,-2.2164454456362677,269
REFUGE_Valid,SEALED_REVIEW,29009,1,ALL,OD,CROSS64_UPDATE,CROSS64_HOLD,-0.8591103002919738,269
REFUGE_Valid,SEALED_REVIEW,29009,1,ALL,OD,HISTORY_UPDATE_INTERACTION,ALGEBRA,-1.357335145344294,269
REFUGE_Valid,SEALED_REVIEW,29009,1,ALL,OC,NATIVE_HOLD,SAME64_HOLD,-0.45464990719129617,269
REFUGE_Valid,SEALED_REVIEW,29009,1,ALL,OC,NATIVE_HOLD,SOURCE_HOLD,-0.90189649841885,269
REFUGE_Valid,SEALED_REVIEW,29009,1,ALL,OC,SAME64_HOLD,SOURCE_HOLD,-0.44724659122755384,269
REFUGE_Valid,SEALED_REVIEW,29009,1,ALL,OC,CROSS64_HOLD,SOURCE_HOLD,-0.5686544038212418,269
REFUGE_Valid,SEALED_REVIEW,29009,1,ALL,OC,NATIVE_UPDATE,NATIVE_HOLD,-1.5751362392951336,269
REFUGE_Valid,SEALED_REVIEW,29009,1,ALL,OC,SOURCE_UPDATE,SOURCE_HOLD,-0.9434995448943511,269
REFUGE_Valid,SEALED_REVIEW,29009,1,ALL,OC,SAME64_UPDATE,SAME64_HOLD,-0.912594082720517,269
REFUGE_Valid,SEALED_REVIEW,29009,1,ALL,OC,CROSS64_UPDATE,CROSS64_HOLD,-0.9068703535642726,269
REFUGE_Valid,SEALED_REVIEW,29009,1,ALL,OC,HISTORY_UPDATE_INTERACTION,ALGEBRA,-0.005723729156244417,269
REFUGE_Valid,SEALED_REVIEW,29009,1,Q1,OD,SAME64_UPDATE,CROSS64_UPDATE,-0.06371531706997757,69
REFUGE_Valid,SEALED_REVIEW,29009,1,Q1,OD,NATIVE_HOLD,SAME64_HOLD,-1.4236321685196032,69
REFUGE_Valid,SEALED_REVIEW,29009,1,Q1,OD,NATIVE_HOLD,SOURCE_HOLD,-0.9713357359668606,69
REFUGE_Valid,SEALED_REVIEW,29009,1,Q1,OD,CROSS64_HOLD,SOURCE_HOLD,-0.887379865950308,69
REFUGE_Valid,SEALED_REVIEW,29009,1,Q1,OD,NATIVE_UPDATE,NATIVE_HOLD,-0.7744089514959995,69
REFUGE_Valid,SEALED_REVIEW,29009,1,Q1,OD,SAME64_UPDATE,SAME64_HOLD,-0.6045260869647819,69
REFUGE_Valid,SEALED_REVIEW,29009,1,Q1,OD,HISTORY_UPDATE_INTERACTION,ALGEBRA,-1.4033916155730282,69
REFUGE_Valid,SEALED_REVIEW,29009,1,Q1,OC,SAME64_UPDATE,CROSS64_UPDATE,-0.13723884289721866,69
REFUGE_Valid,SEALED_REVIEW,29009,1,Q1,OC,NATIVE_HOLD,SAME64_HOLD,-0.5250899600063406,69
REFUGE_Valid,SEALED_REVIEW,29009,1,Q1,OC,NATIVE_HOLD,SOURCE_HOLD,-0.780591194950901,69
REFUGE_Valid,SEALED_REVIEW,29009,1,Q1,OC,SAME64_HOLD,SOURCE_HOLD,-0.25550123494456045,69
REFUGE_Valid,SEALED_REVIEW,29009,1,Q1,OC,CROSS64_HOLD,SOURCE_HOLD,-0.6169657814432128,69
REFUGE_Valid,SEALED_REVIEW,29009,1,Q1,OC,NATIVE_UPDATE,NATIVE_HOLD,-0.46065865399218353,69
REFUGE_Valid,SEALED_REVIEW,29009,1,Q1,OC,SOURCE_UPDATE,SOURCE_HOLD,-0.06277131163962224,69
REFUGE_Valid,SEALED_REVIEW,29009,1,Q1,OC,SAME64_UPDATE,SAME64_HOLD,-0.30948779198189413,69
REFUGE_Valid,SEALED_REVIEW,29009,1,Q1,OC,HISTORY_UPDATE_INTERACTION,ALGEBRA,-0.498703389395871,69
REFUGE_Valid,SEALED_REVIEW,29009,1,FIRST64,OD,NATIVE_HOLD,SAME64_HOLD,-1.516867368812342,20
REFUGE_Valid,SEALED_REVIEW,29009,1,FIRST64,OD,NATIVE_HOLD,SOURCE_HOLD,-1.0221741798323052,20
REFUGE_Valid,SEALED_REVIEW,29009,1,FIRST64,OD,CROSS64_HOLD,SOURCE_HOLD,-1.1002412357794924,20
REFUGE_Valid,SEALED_REVIEW,29009,1,FIRST64,OD,NATIVE_UPDATE,NATIVE_HOLD,-0.14339176958904432,20
REFUGE_Valid,SEALED_REVIEW,29009,1,FIRST64,OD,SAME64_UPDATE,SAME64_HOLD,-0.24957732026113888,20
REFUGE_Valid,SEALED_REVIEW,29009,1,FIRST64,OD,HISTORY_UPDATE_INTERACTION,ALGEBRA,-1.1089404263696139,20
REFUGE_Valid,SEALED_REVIEW,29009,1,FIRST64,OC,SAME64_HOLD,CROSS64_HOLD,-0.7948740723735312,20
REFUGE_Valid,SEALED_REVIEW,29009,1,FIRST64,OC,SAME64_UPDATE,CROSS64_UPDATE,-0.8471943225321894,20
REFUGE_Valid,SEALED_REVIEW,29009,1,FIRST64,OC,NATIVE_HOLD,SOURCE_HOLD,-1.1268712609485902,20
REFUGE_Valid,SEALED_REVIEW,29009,1,FIRST64,OC,SAME64_HOLD,SOURCE_HOLD,-1.2504741393340737,20
REFUGE_Valid,SEALED_REVIEW,29009,1,FIRST64,OC,CROSS64_HOLD,SOURCE_HOLD,-0.45560006696054245,20
REFUGE_Valid,SEALED_REVIEW,29009,1,FIRST64,OC,NATIVE_UPDATE,NATIVE_HOLD,-0.11015022080883341,20
REFUGE_Valid,SEALED_REVIEW,29009,1,FIRST64,OC,SOURCE_UPDATE,SOURCE_HOLD,-0.3729812919351474,20
REFUGE_Valid,SEALED_REVIEW,29009,1,FIRST64,OC,SAME64_UPDATE,SAME64_HOLD,-0.1642036717234845,20
REFUGE_Valid,SEALED_REVIEW,29009,1,FIRST64,OC,CROSS64_UPDATE,CROSS64_HOLD,-0.11188342156482634,20
REFUGE_Valid,SEALED_REVIEW,29009,1,FIRST64,OC,SAME64_UPDATE,NATIVE_UPDATE,-0.17765632930013453,20
REFUGE_Valid,SEALED_REVIEW,29009,1,FIRST64,OC,SAME64_UPDATE,ANCHOR,-0.10727153421434821,20
REFUGE_Valid,SEALED_REVIEW,29009,1,FIRST64,OC,SAME64_HOLD,NATIVE_UPDATE,-0.01345265757665004,20
REFUGE_Valid,SEALED_REVIEW,29009,1,FIRST64,OC,HISTORY_UPDATE_INTERACTION,ALGEBRA,-0.052320250158658155,20
REFUGE_Valid,SEALED_REVIEW,29009,1,Q2,OD,NATIVE_HOLD,SAME64_HOLD,-1.3570238541324642,80
REFUGE_Valid,SEALED_REVIEW,29009,1,Q2,OD,NATIVE_HOLD,SOURCE_HOLD,-0.9582280889843844,80
REFUGE_Valid,SEALED_REVIEW,29009,1,Q2,OD,CROSS64_HOLD,SOURCE_HOLD,-0.8292673473012258,80
REFUGE_Valid,SEALED_REVIEW,29009,1,Q2,OD,NATIVE_UPDATE,NATIVE_HOLD,-2.3036352037653387,80
REFUGE_Valid,SEALED_REVIEW,29009,1,Q2,OD,SOURCE_UPDATE,SOURCE_HOLD,-0.10047259362534078,80
REFUGE_Valid,SEALED_REVIEW,29009,1,Q2,OD,SAME64_UPDATE,SAME64_HOLD,-1.207133183364519,80
REFUGE_Valid,SEALED_REVIEW,29009,1,Q2,OD,CROSS64_UPDATE,CROSS64_HOLD,-0.23884999780158012,80
REFUGE_Valid,SEALED_REVIEW,29009,1,Q2,OD,HISTORY_UPDATE_INTERACTION,ALGEBRA,-0.9682831855629388,80
REFUGE_Valid,SEALED_REVIEW,29009,1,Q2,OC,NATIVE_HOLD,SAME64_HOLD,-0.3979401197193937,80
REFUGE_Valid,SEALED_REVIEW,29009,1,Q2,OC,NATIVE_HOLD,SOURCE_HOLD,-0.8986092373003629,80
REFUGE_Valid,SEALED_REVIEW,29009,1,Q2,OC,SAME64_HOLD,SOURCE_HOLD,-0.5006691175809692,80
REFUGE_Valid,SEALED_REVIEW,29009,1,Q2,OC,CROSS64_HOLD,SOURCE_HOLD,-0.635361177522114,80
REFUGE_Valid,SEALED_REVIEW,29009,1,Q2,OC,NATIVE_UPDATE,NATIVE_HOLD,-1.1325094418968007,80
REFUGE_Valid,SEALED_REVIEW,29009,1,Q2,OC,SOURCE_UPDATE,SOURCE_HOLD,-0.6562447835988507,80
REFUGE_Valid,SEALED_REVIEW,29009,1,Q2,OC,SAME64_UPDATE,SAME64_HOLD,-0.46008276766089296,80
REFUGE_Valid,SEALED_REVIEW,29009,1,Q2,OC,CROSS64_UPDATE,CROSS64_HOLD,-0.4484439803266582,80
REFUGE_Valid,SEALED_REVIEW,29009,1,Q2,OC,HISTORY_UPDATE_INTERACTION,ALGEBRA,-0.011638787334234735,80
REFUGE_Valid,SEARCH,29009,1,Q2,OD,NATIVE_HOLD,SAME64_HOLD,-1.4898467223941196,89
REFUGE_Valid,SEARCH,29009,1,Q2,OD,NATIVE_HOLD,SOURCE_HOLD,-0.6954017634654548,89
REFUGE_Valid,SEARCH,29009,1,Q2,OD,CROSS64_HOLD,SOURCE_HOLD,-0.6174997921986431,89
REFUGE_Valid,SEARCH,29009,1,Q2,OD,NATIVE_UPDATE,NATIVE_HOLD,-2.4190947637782614,89
REFUGE_Valid,SEARCH,29009,1,Q2,OD,SAME64_UPDATE,SAME64_HOLD,-1.0169821914226702,89
REFUGE_Valid,SEARCH,29009,1,Q2,OD,CROSS64_UPDATE,CROSS64_HOLD,-0.006172020720470073,89
REFUGE_Valid,SEARCH,29009,1,Q2,OD,HISTORY_UPDATE_INTERACTION,ALGEBRA,-1.0108101707022001,89
REFUGE_Valid,SEARCH,29009,1,Q2,OC,SAME64_HOLD,CROSS64_HOLD,-0.5101327220827869,89
REFUGE_Valid,SEARCH,29009,1,Q2,OC,SAME64_UPDATE,CROSS64_UPDATE,-0.057117038273588605,89
REFUGE_Valid,SEARCH,29009,1,Q2,OC,NATIVE_HOLD,SAME64_HOLD,-0.1705984966617109,89
REFUGE_Valid,SEARCH,29009,1,Q2,OC,NATIVE_HOLD,SOURCE_HOLD,-1.0244881116219773,89
REFUGE_Valid,SEARCH,29009,1,Q2,OC,SAME64_HOLD,SOURCE_HOLD,-0.8538896149602664,89
REFUGE_Valid,SEARCH,29009,1,Q2,OC,CROSS64_HOLD,SOURCE_HOLD,-0.34375689287747946,89
REFUGE_Valid,SEARCH,29009,1,Q2,OC,NATIVE_UPDATE,NATIVE_HOLD,-1.0376215516111955,89
REFUGE_Valid,SEARCH,29009,1,Q2,OC,SOURCE_UPDATE,SOURCE_HOLD,-1.0908032196845596,89
REFUGE_Valid,SEARCH,29009,1,Q2,OC,SAME64_UPDATE,SAME64_HOLD,-0.4812770224700387,89
REFUGE_Valid,SEARCH,29009,1,Q2,OC,CROSS64_UPDATE,CROSS64_HOLD,-0.934292706279237,89
REFUGE_Valid,SEARCH,29009,1,Q3,OD,NATIVE_HOLD,SAME64_HOLD,-1.2163611509504904,100
REFUGE_Valid,SEARCH,29009,1,Q3,OD,CROSS64_HOLD,SOURCE_HOLD,-0.6093590113772507,100
REFUGE_Valid,SEARCH,29009,1,Q3,OD,NATIVE_UPDATE,NATIVE_HOLD,-4.174377176948909,100
REFUGE_Valid,SEARCH,29009,1,Q3,OD,SOURCE_UPDATE,SOURCE_HOLD,-0.3581385921165747,100
REFUGE_Valid,SEARCH,29009,1,Q3,OD,SAME64_UPDATE,SAME64_HOLD,-2.6486450729732383,100
REFUGE_Valid,SEARCH,29009,1,Q3,OD,CROSS64_UPDATE,CROSS64_HOLD,-1.111007783826068,100
REFUGE_Valid,SEARCH,29009,1,Q3,OD,HISTORY_UPDATE_INTERACTION,ALGEBRA,-1.5376372891471703,100
REFUGE_Valid,SEARCH,29009,1,Q3,OC,NATIVE_HOLD,SAME64_HOLD,-0.2450605302480966,100
REFUGE_Valid,SEARCH,29009,1,Q3,OC,NATIVE_HOLD,SOURCE_HOLD,-0.35280670864942465,100
REFUGE_Valid,SEARCH,29009,1,Q3,OC,SAME64_HOLD,SOURCE_HOLD,-0.10774617840132805,100
REFUGE_Valid,SEARCH,29009,1,Q3,OC,CROSS64_HOLD,SOURCE_HOLD,-0.43129290672663956,100
REFUGE_Valid,SEARCH,29009,1,Q3,OC,NATIVE_UPDATE,NATIVE_HOLD,-1.7916824624720533,100
REFUGE_Valid,SEARCH,29009,1,Q3,OC,SOURCE_UPDATE,SOURCE_HOLD,-0.5171542282273407,100
REFUGE_Valid,SEARCH,29009,1,Q3,OC,SAME64_UPDATE,SAME64_HOLD,-0.8081886502498179,100
REFUGE_Valid,SEARCH,29009,1,Q3,OC,CROSS64_UPDATE,CROSS64_HOLD,-0.6663934107338321,100
REFUGE_Valid,SEARCH,29009,1,Q3,OC,HISTORY_UPDATE_INTERACTION,ALGEBRA,-0.14179523951598583,100
REFUGE_Valid,SEALED_REVIEW,29009,1,Q3,OD,NATIVE_HOLD,SAME64_HOLD,-1.9071622151063252,68
REFUGE_Valid,SEALED_REVIEW,29009,1,Q3,OD,NATIVE_HOLD,SOURCE_HOLD,-0.523343044411618,68
REFUGE_Valid,SEALED_REVIEW,29009,1,Q3,OD,CROSS64_HOLD,SOURCE_HOLD,-0.9206196604585983,68
REFUGE_Valid,SEALED_REVIEW,29009,1,Q3,OD,NATIVE_UPDATE,NATIVE_HOLD,-4.747931253659772,68
REFUGE_Valid,SEALED_REVIEW,29009,1,Q3,OD,SOURCE_UPDATE,SOURCE_HOLD,-0.6297209534452008,68
REFUGE_Valid,SEALED_REVIEW,29009,1,Q3,OD,SAME64_UPDATE,SAME64_HOLD,-3.2708853519360304,68
REFUGE_Valid,SEALED_REVIEW,29009,1,Q3,OD,CROSS64_UPDATE,CROSS64_HOLD,-1.5880469762210794,68
REFUGE_Valid,SEALED_REVIEW,29009,1,Q3,OD,HISTORY_UPDATE_INTERACTION,ALGEBRA,-1.682838375714951,68
REFUGE_Valid,SEALED_REVIEW,29009,1,Q3,OC,SAME64_HOLD,CROSS64_HOLD,-0.5026858741660902,68
REFUGE_Valid,SEALED_REVIEW,29009,1,Q3,OC,NATIVE_HOLD,SAME64_HOLD,-0.2781220987924371,68
REFUGE_Valid,SEALED_REVIEW,29009,1,Q3,OC,NATIVE_HOLD,SOURCE_HOLD,-1.1999822503740063,68
REFUGE_Valid,SEALED_REVIEW,29009,1,Q3,OC,SAME64_HOLD,SOURCE_HOLD,-0.9218601515815692,68
REFUGE_Valid,SEALED_REVIEW,29009,1,Q3,OC,CROSS64_HOLD,SOURCE_HOLD,-0.41917427741547897,68
REFUGE_Valid,SEALED_REVIEW,29009,1,Q3,OC,NATIVE_UPDATE,NATIVE_HOLD,-1.9257654334352665,68
REFUGE_Valid,SEALED_REVIEW,29009,1,Q3,OC,SOURCE_UPDATE,SOURCE_HOLD,-1.6146634491056346,68
REFUGE_Valid,SEALED_REVIEW,29009,1,Q3,OC,SAME64_UPDATE,SAME64_HOLD,-1.0794424371909273,68
REFUGE_Valid,SEALED_REVIEW,29009,1,Q3,OC,CROSS64_UPDATE,CROSS64_HOLD,-1.7082961960539649,68
REFUGE_Valid,SEARCH,29009,1,Q4,OD,NATIVE_HOLD,SAME64_HOLD,-1.4909156469454246,120
REFUGE_Valid,SEARCH,29009,1,Q4,OD,NATIVE_HOLD,SOURCE_HOLD,-0.3664810698636103,120
REFUGE_Valid,SEARCH,29009,1,Q4,OD,CROSS64_HOLD,SOURCE_HOLD,-0.6605671531007999,120
REFUGE_Valid,SEARCH,29009,1,Q4,OD,NATIVE_UPDATE,NATIVE_HOLD,-6.863586174471905,120
REFUGE_Valid,SEARCH,29009,1,Q4,OD,SOURCE_UPDATE,SOURCE_HOLD,-2.3942966969467534,120
REFUGE_Valid,SEARCH,29009,1,Q4,OD,SAME64_UPDATE,SAME64_HOLD,-4.746531819229176,120
REFUGE_Valid,SEARCH,29009,1,Q4,OD,CROSS64_UPDATE,CROSS64_HOLD,-3.543013520397139,120
REFUGE_Valid,SEARCH,29009,1,Q4,OD,HISTORY_UPDATE_INTERACTION,ALGEBRA,-1.2035182988320372,120
REFUGE_Valid,SEARCH,29009,1,Q4,OC,NATIVE_HOLD,SAME64_HOLD,-0.2006013846856689,120
REFUGE_Valid,SEARCH,29009,1,Q4,OC,NATIVE_HOLD,SOURCE_HOLD,-0.578594044052565,120
REFUGE_Valid,SEARCH,29009,1,Q4,OC,SAME64_HOLD,SOURCE_HOLD,-0.3779926593668961,120
REFUGE_Valid,SEARCH,29009,1,Q4,OC,CROSS64_HOLD,SOURCE_HOLD,-0.423962633350186,120
REFUGE_Valid,SEARCH,29009,1,Q4,OC,NATIVE_UPDATE,NATIVE_HOLD,-3.317845443356937,120
REFUGE_Valid,SEARCH,29009,1,Q4,OC,SOURCE_UPDATE,SOURCE_HOLD,-1.8257161616841415,120
REFUGE_Valid,SEARCH,29009,1,Q4,OC,SAME64_UPDATE,SAME64_HOLD,-2.0014664961157393,120
REFUGE_Valid,SEARCH,29009,1,Q4,OC,CROSS64_UPDATE,CROSS64_HOLD,-2.1746321967412925,120
REFUGE_Valid,SEALED_REVIEW,29009,1,Q4,OD,NATIVE_HOLD,SAME64_HOLD,-1.3818242889188213,52
REFUGE_Valid,SEALED_REVIEW,29009,1,Q4,OD,NATIVE_HOLD,SOURCE_HOLD,-0.15058729257997072,52
REFUGE_Valid,SEALED_REVIEW,29009,1,Q4,OD,CROSS64_HOLD,SOURCE_HOLD,-0.6425721077226711,52
REFUGE_Valid,SEALED_REVIEW,29009,1,Q4,OD,NATIVE_UPDATE,NATIVE_HOLD,-6.567204221737683,52
REFUGE_Valid,SEALED_REVIEW,29009,1,Q4,OD,SOURCE_UPDATE,SOURCE_HOLD,-2.2042927883135377,52
REFUGE_Valid,SEALED_REVIEW,29009,1,Q4,OD,SAME64_UPDATE,SAME64_HOLD,-4.529243582207243,52
REFUGE_Valid,SEALED_REVIEW,29009,1,Q4,OD,CROSS64_UPDATE,CROSS64_HOLD,-3.0601384239490415,52
REFUGE_Valid,SEALED_REVIEW,29009,1,Q4,OD,HISTORY_UPDATE_INTERACTION,ALGEBRA,-1.469105158258202,52
REFUGE_Valid,SEALED_REVIEW,29009,1,Q4,OC,NATIVE_HOLD,SAME64_HOLD,-0.6792712595881341,52
REFUGE_Valid,SEALED_REVIEW,29009,1,Q4,OC,NATIVE_HOLD,SOURCE_HOLD,-0.6781121848768805,52
REFUGE_Valid,SEALED_REVIEW,29009,1,Q4,OC,CROSS64_HOLD,SOURCE_HOLD,-0.5973971277367554,52
REFUGE_Valid,SEALED_REVIEW,29009,1,Q4,OC,NATIVE_UPDATE,NATIVE_HOLD,-3.2764114696074103,52
REFUGE_Valid,SEALED_REVIEW,29009,1,Q4,OC,SOURCE_UPDATE,SOURCE_HOLD,-1.676412689353029,52
REFUGE_Valid,SEALED_REVIEW,29009,1,Q4,OC,SAME64_UPDATE,SAME64_HOLD,-2.1908546819848453,52
REFUGE_Valid,SEALED_REVIEW,29009,1,Q4,OC,CROSS64_UPDATE,CROSS64_HOLD,-2.0185450302413557,52
REFUGE_Valid,SEALED_REVIEW,29009,1,Q4,OC,HISTORY_UPDATE_INTERACTION,ALGEBRA,-0.17230965174348967,52
