domain,role,seed,order,position_bin,channel,condition,scored_contents,Dice_percent,pre_Dice_percent,immediate_update_pp
ORIGA,SEARCH,20260907,0,ALL,OD,NATIVE_UPDATE,316,88.81291732573234,88.78869285071403,0.024224475018317728
ORIGA,SEARCH,20260907,0,ALL,OC,NATIVE_UPDATE,316,72.39018213889807,72.35654377760964,0.0336383612884237
ORIGA,SEARCH,20260907,0,Q1,OD,NATIVE_UPDATE,81,85.70268018313533,85.64711558165318,0.05556460148214214
ORIGA,SEARCH,20260907,0,Q1,OC,NATIVE_UPDATE,81,68.78067849151527,68.70705869381996,0.07361979769530902
ORIGA,SEARCH,20260907,0,FIRST64,OD,NATIVE_UPDATE,35,86.4319581427825,86.37115171328563,0.060806429496871955
ORIGA,SEARCH,20260907,0,FIRST64,OC,NATIVE_UPDATE,35,70.6996085298,70.63362091294151,0.06598761685849354
ORIGA,SEARCH,20260907,0,ALL,OD,NATIVE_HOLD,316,84.71149325091434,,
ORIGA,SEARCH,20260907,0,ALL,OC,NATIVE_HOLD,316,67.98039753168436,,
ORIGA,SEARCH,20260907,0,Q1,OD,NATIVE_HOLD,81,82.86416214905054,,
ORIGA,SEARCH,20260907,0,Q1,OC,NATIVE_HOLD,81,65.68560920025641,,
ORIGA,SEARCH,20260907,0,FIRST64,OD,NATIVE_HOLD,35,84.96153094479669,,
ORIGA,SEARCH,20260907,0,FIRST64,OC,NATIVE_HOLD,35,69.21579920925592,,
ORIGA,SEARCH,20260907,0,ALL,OD,SOURCE_UPDATE,316,83.95084766600304,83.9009595671839,0.04988809881913671
ORIGA,SEARCH,20260907,0,ALL,OC,SOURCE_UPDATE,316,65.91577296431656,65.84931263309224,0.06646033122431512
ORIGA,SEARCH,20260907,0,Q1,OD,SOURCE_UPDATE,81,77.50065296971205,77.3978085495514,0.10284442016065512
ORIGA,SEARCH,20260907,0,Q1,OC,SOURCE_UPDATE,81,58.04811470093505,57.90462332944599,0.14349137148905974
ORIGA,SEARCH,20260907,0,FIRST64,OD,SOURCE_UPDATE,35,78.6010212411127,78.49553506641973,0.10548617469296473
ORIGA,SEARCH,20260907,0,FIRST64,OC,SOURCE_UPDATE,35,61.45793860312258,61.281815171446766,0.1761234316758121
ORIGA,SEARCH,20260907,0,ALL,OD,SOURCE_HOLD,316,75.50920320760306,,
ORIGA,SEARCH,20260907,0,ALL,OC,SOURCE_HOLD,316,56.51189852699288,,
ORIGA,SEARCH,20260907,0,Q1,OD,SOURCE_HOLD,81,72.97912470636965,,
ORIGA,SEARCH,20260907,0,Q1,OC,SOURCE_HOLD,81,52.9323997048062,,
ORIGA,SEARCH,20260907,0,FIRST64,OD,SOURCE_HOLD,35,76.60120354790617,,
ORIGA,SEARCH,20260907,0,FIRST64,OC,SOURCE_HOLD,35,58.72587043999013,,
ORIGA,SEARCH,20260907,0,ALL,OD,SAME64_UPDATE,316,85.80792843332637,85.77071288160711,0.03721555171924847
ORIGA,SEARCH,20260907,0,ALL,OC,SAME64_UPDATE,316,68.66299965206295,68.6063973883833,0.056602263679652806
ORIGA,SEARCH,20260907,0,Q1,OD,SAME64_UPDATE,81,81.0964965958488,81.01680619188964,0.07969040395915798
ORIGA,SEARCH,20260907,0,Q1,OC,SAME64_UPDATE,81,63.25641612467966,63.12985341216414,0.12656271251551918
ORIGA,SEARCH,20260907,0,FIRST64,OD,SAME64_UPDATE,35,82.08445005825101,82.01710911787727,0.06734094037374048
ORIGA,SEARCH,20260907,0,FIRST64,OC,SAME64_UPDATE,35,66.32765727819613,66.24075273400186,0.08690454419426373
ORIGA,SEARCH,20260907,0,ALL,OD,SAME64_HOLD,316,80.17974970296929,,
ORIGA,SEARCH,20260907,0,ALL,OC,SAME64_HOLD,316,62.05309365991896,,
ORIGA,SEARCH,20260907,0,Q1,OD,SAME64_HOLD,81,77.6336744657459,,
ORIGA,SEARCH,20260907,0,Q1,OC,SAME64_HOLD,81,58.846946044829195,,
ORIGA,SEARCH,20260907,0,FIRST64,OD,SAME64_HOLD,35,80.79916253471742,,
ORIGA,SEARCH,20260907,0,FIRST64,OC,SAME64_HOLD,35,64.70961774759807,,
ORIGA,SEARCH,20260907,0,ALL,OD,CROSS64_UPDATE,316,85.1797609010783,85.13326910566884,0.04649179540944889
ORIGA,SEARCH,20260907,0,ALL,OC,CROSS64_UPDATE,316,67.7875548928984,67.71409466568065,0.07346022721774674
ORIGA,SEARCH,20260907,0,Q1,OD,CROSS64_UPDATE,81,79.38189417934478,79.27143715575387,0.11045702359090874
ORIGA,SEARCH,20260907,0,Q1,OC,CROSS64_UPDATE,81,60.88888723851231,60.70272748651806,0.1861597519942482
ORIGA,SEARCH,20260907,0,FIRST64,OD,CROSS64_UPDATE,35,79.69431571324745,79.5806778382025,0.11363787504494738
ORIGA,SEARCH,20260907,0,FIRST64,OC,CROSS64_UPDATE,35,63.08268237640564,62.90584364443777,0.17683873196787056
ORIGA,SEARCH,20260907,0,ALL,OD,CROSS64_HOLD,316,76.35174662053102,,
ORIGA,SEARCH,20260907,0,ALL,OC,CROSS64_HOLD,316,57.760811738279585,,
ORIGA,SEARCH,20260907,0,Q1,OD,CROSS64_HOLD,81,73.67311227270743,,
ORIGA,SEARCH,20260907,0,Q1,OC,CROSS64_HOLD,81,54.249202491233376,,
ORIGA,SEARCH,20260907,0,FIRST64,OD,CROSS64_HOLD,35,77.24330085543063,,
ORIGA,SEARCH,20260907,0,FIRST64,OC,CROSS64_HOLD,35,60.02019194212346,,
ORIGA,SEARCH,20260907,0,ALL,OD,ANCHOR,316,89.39016048522099,,
ORIGA,SEARCH,20260907,0,ALL,OC,ANCHOR,316,72.1261206783455,,
ORIGA,SEARCH,20260907,0,Q1,OD,ANCHOR,81,86.54845762970609,,
ORIGA,SEARCH,20260907,0,Q1,OC,ANCHOR,81,68.49191754890852,,
ORIGA,SEARCH,20260907,0,FIRST64,OD,ANCHOR,35,87.32706252748093,,
ORIGA,SEARCH,20260907,0,FIRST64,OC,ANCHOR,35,70.33823867760454,,
ORIGA,SEARCH,20260907,0,ALL,OD,C_EPISODIC,316,75.86267237071725,,
ORIGA,SEARCH,20260907,0,ALL,OC,C_EPISODIC,316,56.94581832192562,,
ORIGA,SEARCH,20260907,0,Q1,OD,C_EPISODIC,81,73.32190077560756,,
ORIGA,SEARCH,20260907,0,Q1,OC,C_EPISODIC,81,53.36918902624621,,
ORIGA,SEARCH,20260907,0,FIRST64,OD,C_EPISODIC,35,76.9419875429948,,
ORIGA,SEARCH,20260907,0,FIRST64,OC,C_EPISODIC,35,59.19803116134798,,
ORIGA,SEALED_REVIEW,20260907,0,ALL,OD,NATIVE_UPDATE,210,89.31404699362801,89.29306944104181,0.02097755258620374
ORIGA,SEALED_REVIEW,20260907,0,ALL,OC,NATIVE_UPDATE,210,74.83277001220733,74.80869124319058,0.024078769016745744
ORIGA,SEALED_REVIEW,20260907,0,Q1,OD,NATIVE_UPDATE,46,87.04771395842282,86.9826855120405,0.06502844638230341
ORIGA,SEALED_REVIEW,20260907,0,Q1,OC,NATIVE_UPDATE,46,72.49214787733011,72.41937424906236,0.07277362826775793
ORIGA,SEALED_REVIEW,20260907,0,FIRST64,OD,NATIVE_UPDATE,20,85.75931592835975,85.64861284968144,0.11070307867831752
ORIGA,SEALED_REVIEW,20260907,0,FIRST64,OC,NATIVE_UPDATE,20,70.43635213872689,70.30462160930944,0.1317305294174559
ORIGA,SEALED_REVIEW,20260907,0,ALL,OD,NATIVE_HOLD,210,85.63869981643201,,
ORIGA,SEALED_REVIEW,20260907,0,ALL,OC,NATIVE_HOLD,210,71.38110240729284,,
ORIGA,SEALED_REVIEW,20260907,0,Q1,OD,NATIVE_HOLD,46,84.14221896531669,,
ORIGA,SEALED_REVIEW,20260907,0,Q1,OC,NATIVE_HOLD,46,69.12240937445374,,
ORIGA,SEALED_REVIEW,20260907,0,FIRST64,OD,NATIVE_HOLD,20,84.0582912483947,,
ORIGA,SEALED_REVIEW,20260907,0,FIRST64,OC,NATIVE_HOLD,20,68.17324762898524,,
ORIGA,SEALED_REVIEW,20260907,0,ALL,OD,SOURCE_UPDATE,210,84.4943675842904,84.44991953227161,0.04444805201877653
ORIGA,SEALED_REVIEW,20260907,0,ALL,OC,SOURCE_UPDATE,210,68.91656425609875,68.86132371775223,0.05524053834652877
ORIGA,SEALED_REVIEW,20260907,0,Q1,OD,SOURCE_UPDATE,46,77.27944130842884,77.1501974021485,0.12924390628032772
ORIGA,SEALED_REVIEW,20260907,0,Q1,OC,SOURCE_UPDATE,46,59.73552573309713,59.56094188456711,0.17458384853001888
ORIGA,SEALED_REVIEW,20260907,0,FIRST64,OD,SOURCE_UPDATE,20,75.56452210725779,75.41152018306754,0.15300192419025582
ORIGA,SEALED_REVIEW,20260907,0,FIRST64,OC,SOURCE_UPDATE,20,57.20067257907727,57.05398399761206,0.14668858146520714
ORIGA,SEALED_REVIEW,20260907,0,ALL,OD,SOURCE_HOLD,210,76.05669554999056,,
ORIGA,SEALED_REVIEW,20260907,0,ALL,OC,SOURCE_HOLD,210,59.84718756382246,,
ORIGA,SEALED_REVIEW,20260907,0,Q1,OD,SOURCE_HOLD,46,71.56840782361881,,
ORIGA,SEALED_REVIEW,20260907,0,Q1,OC,SOURCE_HOLD,46,53.35239728786239,,
ORIGA,SEALED_REVIEW,20260907,0,FIRST64,OD,SOURCE_HOLD,20,72.66927535917436,,
ORIGA,SEALED_REVIEW,20260907,0,FIRST64,OC,SOURCE_HOLD,20,53.89018496055126,,
ORIGA,SEALED_REVIEW,20260907,0,ALL,OD,SAME64_UPDATE,210,86.49176552843022,86.4629916035437,0.028773924886516665
ORIGA,SEALED_REVIEW,20260907,0,ALL,OC,SAME64_UPDATE,210,71.69556936333521,71.6619893896518,0.033579973683414664
ORIGA,SEALED_REVIEW,20260907,0,Q1,OD,SAME64_UPDATE,46,81.98611346076152,81.90665451157635,0.07945894918516899
ORIGA,SEALED_REVIEW,20260907,0,Q1,OC,SAME64_UPDATE,46,66.18689884354832,66.09171039860856,0.09518844493975458
ORIGA,SEALED_REVIEW,20260907,0,FIRST64,OD,SAME64_UPDATE,20,80.70595055926506,80.62552323121231,0.08042732805274233
ORIGA,SEALED_REVIEW,20260907,0,FIRST64,OC,SAME64_UPDATE,20,63.61500783483485,63.492542435395634,0.12246539943920234
ORIGA,SEALED_REVIEW,20260907,0,ALL,OD,SAME64_HOLD,210,81.12225648209643,,
ORIGA,SEALED_REVIEW,20260907,0,ALL,OC,SAME64_HOLD,210,65.88960660847482,,
ORIGA,SEALED_REVIEW,20260907,0,Q1,OD,SAME64_HOLD,46,78.26085227493842,,
ORIGA,SEALED_REVIEW,20260907,0,Q1,OC,SAME64_HOLD,46,60.69168034416167,,
ORIGA,SEALED_REVIEW,20260907,0,FIRST64,OD,SAME64_HOLD,20,79.23683060312892,,
ORIGA,SEALED_REVIEW,20260907,0,FIRST64,OC,SAME64_HOLD,20,61.59073224985081,,
ORIGA,SEALED_REVIEW,20260907,0,ALL,OD,CROSS64_UPDATE,210,85.76741157165806,85.72327996096735,0.04413161069071739
ORIGA,SEALED_REVIEW,20260907,0,ALL,OC,CROSS64_UPDATE,210,70.78243217830452,70.73630851277308,0.04612366553145335
ORIGA,SEALED_REVIEW,20260907,0,Q1,OD,CROSS64_UPDATE,46,79.6725734259707,79.53102722144385,0.14154620452684813
ORIGA,SEALED_REVIEW,20260907,0,Q1,OC,CROSS64_UPDATE,46,63.50719428314101,63.351929211919135,0.15526507122187574
ORIGA,SEALED_REVIEW,20260907,0,FIRST64,OD,CROSS64_UPDATE,20,77.29997490930083,77.10774282128408,0.1922320880167558
ORIGA,SEALED_REVIEW,20260907,0,FIRST64,OC,CROSS64_UPDATE,20,59.78594176542007,59.585935301498026,0.20000646392203902
ORIGA,SEALED_REVIEW,20260907,0,ALL,OD,CROSS64_HOLD,210,77.02474943737602,,
ORIGA,SEALED_REVIEW,20260907,0,ALL,OC,CROSS64_HOLD,210,61.37230364760848,,
ORIGA,SEALED_REVIEW,20260907,0,Q1,OD,CROSS64_HOLD,46,72.89175230622232,,
ORIGA,SEALED_REVIEW,20260907,0,Q1,OC,CROSS64_HOLD,46,55.425526623020275,,
ORIGA,SEALED_REVIEW,20260907,0,FIRST64,OD,CROSS64_HOLD,20,73.92193083496772,,
ORIGA,SEALED_REVIEW,20260907,0,FIRST64,OC,CROSS64_HOLD,20,56.05131511834458,,
ORIGA,SEALED_REVIEW,20260907,0,ALL,OD,ANCHOR,210,89.83777899160886,,
ORIGA,SEALED_REVIEW,20260907,0,ALL,OC,ANCHOR,210,74.60606748478187,,
ORIGA,SEALED_REVIEW,20260907,0,Q1,OD,ANCHOR,46,87.84209657208267,,
ORIGA,SEALED_REVIEW,20260907,0,Q1,OC,ANCHOR,46,72.18439433721889,,
ORIGA,SEALED_REVIEW,20260907,0,FIRST64,OD,ANCHOR,20,86.57835540103775,,
ORIGA,SEALED_REVIEW,20260907,0,FIRST64,OC,ANCHOR,20,70.13633139637902,,
ORIGA,SEALED_REVIEW,20260907,0,ALL,OD,C_EPISODIC,210,76.40490499292967,,
ORIGA,SEALED_REVIEW,20260907,0,ALL,OC,C_EPISODIC,210,60.3880197567099,,
ORIGA,SEALED_REVIEW,20260907,0,Q1,OD,C_EPISODIC,46,71.97851825099372,,
ORIGA,SEALED_REVIEW,20260907,0,Q1,OC,C_EPISODIC,46,53.76393863233761,,
ORIGA,SEALED_REVIEW,20260907,0,FIRST64,OD,C_EPISODIC,20,73.07652066442992,,
ORIGA,SEALED_REVIEW,20260907,0,FIRST64,OC,C_EPISODIC,20,54.40717445845645,,
ORIGA,SEARCH,20260907,0,Q2,OD,NATIVE_UPDATE,70,87.40248689961228,87.38062996653237,0.021856933079923584
ORIGA,SEARCH,20260907,0,Q2,OC,NATIVE_UPDATE,70,71.82480669388795,71.7901836449597,0.034623048928254914
ORIGA,SEARCH,20260907,0,Q2,OD,NATIVE_HOLD,70,83.01167200249357,,
ORIGA,SEARCH,20260907,0,Q2,OC,NATIVE_HOLD,70,66.4916281031369,,
ORIGA,SEARCH,20260907,0,Q2,OD,SOURCE_UPDATE,70,81.82691743671661,81.76548480278076,0.06143263393583889
ORIGA,SEARCH,20260907,0,Q2,OC,SOURCE_UPDATE,70,63.77987023942633,63.72265385963492,0.057216379791406154
ORIGA,SEARCH,20260907,0,Q2,OD,SOURCE_HOLD,70,71.55913998567341,,
ORIGA,SEARCH,20260907,0,Q2,OC,SOURCE_HOLD,70,52.667386781161326,,
ORIGA,SEARCH,20260907,0,Q2,OD,SAME64_UPDATE,70,84.13270407301987,84.09505462936178,0.03764944365807702
ORIGA,SEARCH,20260907,0,Q2,OC,SAME64_UPDATE,70,66.89425260129285,66.8447182745032,0.04953432678964833
ORIGA,SEARCH,20260907,0,Q2,OD,SAME64_HOLD,70,77.92990674736517,,
ORIGA,SEARCH,20260907,0,Q2,OC,SAME64_HOLD,70,59.7436469949054,,
ORIGA,SEARCH,20260907,0,Q2,OD,CROSS64_UPDATE,70,83.54688943527444,83.50165456719185,0.0452348680825925
ORIGA,SEARCH,20260907,0,Q2,OC,CROSS64_UPDATE,70,66.22846758883084,66.17636584751436,0.05210174131647998
ORIGA,SEARCH,20260907,0,Q2,OD,CROSS64_HOLD,70,73.06977111122421,,
ORIGA,SEARCH,20260907,0,Q2,OC,CROSS64_HOLD,70,54.361348678193735,,
ORIGA,SEARCH,20260907,0,Q2,OD,ANCHOR,70,88.07023794996289,,
ORIGA,SEARCH,20260907,0,Q2,OC,ANCHOR,70,71.56980691646008,,
ORIGA,SEARCH,20260907,0,Q2,OD,C_EPISODIC,70,72.0710346825228,,
ORIGA,SEARCH,20260907,0,Q2,OC,C_EPISODIC,70,53.149612382242914,,
ORIGA,SEALED_REVIEW,20260907,0,Q2,OD,NATIVE_UPDATE,62,87.67452058714777,87.65949169790566,0.015028889242092771
ORIGA,SEALED_REVIEW,20260907,0,Q2,OC,NATIVE_UPDATE,62,74.57249323234038,74.55797427193774,0.014518960402645506
ORIGA,SEALED_REVIEW,20260907,0,Q2,OD,NATIVE_HOLD,62,83.70896045054641,,
ORIGA,SEALED_REVIEW,20260907,0,Q2,OC,NATIVE_HOLD,62,69.95224817079882,,
ORIGA,SEALED_REVIEW,20260907,0,Q2,OD,SOURCE_UPDATE,62,82.5403435214818,82.50228013321319,0.03806338826861368
ORIGA,SEALED_REVIEW,20260907,0,Q2,OC,SOURCE_UPDATE,62,67.57386621429188,67.5371801512724,0.03668606301947704
ORIGA,SEALED_REVIEW,20260907,0,Q2,OD,SOURCE_HOLD,62,71.38839435425128,,
ORIGA,SEALED_REVIEW,20260907,0,Q2,OC,SOURCE_HOLD,62,55.10002715955557,,
ORIGA,SEALED_REVIEW,20260907,0,Q2,OD,SAME64_UPDATE,62,84.85121792380468,84.82606118496227,0.025156738842413786
ORIGA,SEALED_REVIEW,20260907,0,Q2,OC,SAME64_UPDATE,62,70.96086161788786,70.93539695415733,0.025464663730527033
ORIGA,SEALED_REVIEW,20260907,0,Q2,OD,SAME64_HOLD,62,77.72680636695245,,
ORIGA,SEALED_REVIEW,20260907,0,Q2,OC,SAME64_HOLD,62,63.34737324522346,,
ORIGA,SEALED_REVIEW,20260907,0,Q2,OD,CROSS64_UPDATE,62,84.27210122439925,84.24222417118563,0.02987705321363459
ORIGA,SEALED_REVIEW,20260907,0,Q2,OC,CROSS64_UPDATE,62,70.20923265028082,70.18290520082243,0.026327449458402756
ORIGA,SEALED_REVIEW,20260907,0,Q2,OD,CROSS64_HOLD,62,72.77367761040571,,
ORIGA,SEALED_REVIEW,20260907,0,Q2,OC,CROSS64_HOLD,62,57.367884755083786,,
ORIGA,SEALED_REVIEW,20260907,0,Q2,OD,ANCHOR,62,88.19489440026037,,
ORIGA,SEALED_REVIEW,20260907,0,Q2,OC,ANCHOR,62,74.29155371062079,,
ORIGA,SEALED_REVIEW,20260907,0,Q2,OD,C_EPISODIC,62,71.8365832873846,,
ORIGA,SEALED_REVIEW,20260907,0,Q2,OC,C_EPISODIC,62,55.895218825019555,,
ORIGA,SEALED_REVIEW,20260907,0,Q3,OD,NATIVE_UPDATE,45,88.93926732365284,88.93234472928417,0.006922594368680023
ORIGA,SEALED_REVIEW,20260907,0,Q3,OC,NATIVE_UPDATE,45,74.0493638170054,74.03616208349021,0.013201733515186092
ORIGA,SEALED_REVIEW,20260907,0,Q3,OD,NATIVE_HOLD,45,83.87171922688795,,
ORIGA,SEALED_REVIEW,20260907,0,Q3,OC,NATIVE_HOLD,45,69.24822160120334,,
ORIGA,SEALED_REVIEW,20260907,0,Q3,OD,SOURCE_UPDATE,45,85.21248239535973,85.19570607876808,0.01677631659163915
ORIGA,SEALED_REVIEW,20260907,0,Q3,OC,SOURCE_UPDATE,45,69.64166708368279,69.61996340136488,0.021703682317905093
ORIGA,SEALED_REVIEW,20260907,0,Q3,OD,SOURCE_HOLD,45,73.13453177530263,,
ORIGA,SEALED_REVIEW,20260907,0,Q3,OC,SOURCE_HOLD,45,55.25252493968499,,
ORIGA,SEALED_REVIEW,20260907,0,Q3,OD,SAME64_UPDATE,45,86.36182721578838,86.3494114506564,0.01241576513197895
ORIGA,SEALED_REVIEW,20260907,0,Q3,OC,SAME64_UPDATE,45,71.25143768203426,71.23512598342336,0.016311698610896257
ORIGA,SEALED_REVIEW,20260907,0,Q3,OD,SAME64_HOLD,45,79.06690423815694,,
ORIGA,SEALED_REVIEW,20260907,0,Q3,OC,SAME64_HOLD,45,62.206164223207864,,
ORIGA,SEALED_REVIEW,20260907,0,Q3,OD,CROSS64_UPDATE,45,86.11777887466725,86.10547336818286,0.012305506484392806
ORIGA,SEALED_REVIEW,20260907,0,Q3,OC,CROSS64_UPDATE,45,70.79392956637926,70.78273090849729,0.011198657881984117
ORIGA,SEALED_REVIEW,20260907,0,Q3,OD,CROSS64_HOLD,45,74.2272702630792,,
ORIGA,SEALED_REVIEW,20260907,0,Q3,OC,CROSS64_HOLD,45,56.80267390902271,,
ORIGA,SEALED_REVIEW,20260907,0,Q3,OD,ANCHOR,45,89.57507104174411,,
ORIGA,SEALED_REVIEW,20260907,0,Q3,OC,ANCHOR,45,73.93766460619969,,
ORIGA,SEALED_REVIEW,20260907,0,Q3,OD,C_EPISODIC,45,73.56671474379228,,
ORIGA,SEALED_REVIEW,20260907,0,Q3,OC,C_EPISODIC,45,55.84437606018915,,
ORIGA,SEARCH,20260907,0,Q3,OD,NATIVE_UPDATE,88,89.55283556215879,89.53835953908656,0.014476023072247657
ORIGA,SEARCH,20260907,0,Q3,OC,NATIVE_UPDATE,88,72.94293623461373,72.92001164016908,0.022924594444647405
ORIGA,SEARCH,20260907,0,Q3,OD,NATIVE_HOLD,88,83.99484879797166,,
ORIGA,SEARCH,20260907,0,Q3,OC,NATIVE_HOLD,88,65.95542295570411,,
ORIGA,SEARCH,20260907,0,Q3,OD,SOURCE_UPDATE,88,85.47258177580508,85.44202282246522,0.03055895333985918
ORIGA,SEARCH,20260907,0,Q3,OC,SOURCE_UPDATE,88,66.67269132689412,66.6163130819296,0.056378244964524156
ORIGA,SEARCH,20260907,0,Q3,OD,SOURCE_HOLD,88,72.09234715950387,,
ORIGA,SEARCH,20260907,0,Q3,OC,SOURCE_HOLD,88,50.082464909498334,,
ORIGA,SEARCH,20260907,0,Q3,OD,SAME64_UPDATE,88,86.83132035810215,86.8071385299072,0.02418182819494698
ORIGA,SEARCH,20260907,0,Q3,OC,SAME64_UPDATE,88,69.11416974369335,69.0704142127132,0.043755530980144446
ORIGA,SEARCH,20260907,0,Q3,OD,SAME64_HOLD,88,78.04679939347724,,
ORIGA,SEARCH,20260907,0,Q3,OC,SAME64_HOLD,88,57.349905127365716,,
ORIGA,SEARCH,20260907,0,Q3,OD,CROSS64_UPDATE,88,86.57178485450147,86.54860778815882,0.02317706634266291
ORIGA,SEARCH,20260907,0,Q3,OC,CROSS64_UPDATE,88,68.66046928640368,68.61259130427527,0.0478779821284117
ORIGA,SEARCH,20260907,0,Q3,OD,CROSS64_HOLD,88,73.22026536413176,,
ORIGA,SEARCH,20260907,0,Q3,OC,CROSS64_HOLD,88,51.77317146032855,,
ORIGA,SEARCH,20260907,0,Q3,OD,ANCHOR,88,90.12289670078364,,
ORIGA,SEARCH,20260907,0,Q3,OC,ANCHOR,88,72.79539515049669,,
ORIGA,SEARCH,20260907,0,Q3,OD,C_EPISODIC,88,72.48600213411362,,
ORIGA,SEARCH,20260907,0,Q3,OC,C_EPISODIC,88,50.610437430543676,,
ORIGA,SEARCH,20260907,0,Q4,OD,NATIVE_UPDATE,77,92.52131386564449,92.51676417681615,0.004549688828343439
ORIGA,SEARCH,20260907,0,Q4,OC,NATIVE_UPDATE,77,76.0694511800115,76.06652207848275,0.002929101528766779
ORIGA,SEARCH,20260907,0,Q4,OD,NATIVE_HOLD,77,89.01910388077638,,
ORIGA,SEARCH,20260907,0,Q4,OC,NATIVE_HOLD,77,74.06207905805121,,
ORIGA,SEARCH,20260907,0,Q4,OD,SOURCE_UPDATE,77,90.9278383775231,90.92206215772546,0.0057762197976338235
ORIGA,SEARCH,20260907,0,Q4,OC,SOURCE_UPDATE,77,75.2688209405424,75.26346728555548,0.005353654986924443
ORIGA,SEARCH,20260907,0,Q4,OD,SOURCE_HOLD,77,85.66665926432658,,
ORIGA,SEARCH,20260907,0,Q4,OC,SOURCE_HOLD,77,71.12028015225066,,
ORIGA,SEARCH,20260907,0,Q4,OD,SAME64_UPDATE,77,91.11745044211688,91.11041499165754,0.007035450459350597
ORIGA,SEARCH,20260907,0,Q4,OC,SAME64_UPDATE,77,75.4427735638614,75.4386586806473,0.00411488321409271
ORIGA,SEARCH,20260907,0,Q4,OD,SAME64_HOLD,77,87.34105786326391,,
ORIGA,SEARCH,20260907,0,Q4,OC,SAME64_HOLD,77,72.90036397469693,,
ORIGA,SEARCH,20260907,0,Q4,OD,CROSS64_UPDATE,77,91.1723595915386,91.16536782745305,0.0069917640855380455
ORIGA,SEARCH,20260907,0,Q4,OC,CROSS64_UPDATE,77,75.46433053785341,75.46077069928432,0.0035598385690913874
ORIGA,SEARCH,20260907,0,Q4,OD,CROSS64_HOLD,77,85.73198062557414,,
ORIGA,SEARCH,20260907,0,Q4,OC,CROSS64_HOLD,77,71.38828066914246,,
ORIGA,SEARCH,20260907,0,Q4,OD,ANCHOR,77,92.74200102801657,,
ORIGA,SEARCH,20260907,0,Q4,OC,ANCHOR,77,75.68996825324254,,
ORIGA,SEARCH,20260907,0,Q4,OD,C_EPISODIC,77,85.84142715251748,,
ORIGA,SEARCH,20260907,0,Q4,OC,C_EPISODIC,77,71.3997781552949,,
ORIGA,SEALED_REVIEW,20260907,0,Q4,OD,NATIVE_UPDATE,57,93.22224071240164,93.21924650836803,0.002994204033622379
ORIGA,SEALED_REVIEW,20260907,0,Q4,OC,NATIVE_UPDATE,57,77.62327979010541,77.61951310519221,0.0037666849131990396
ORIGA,SEALED_REVIEW,20260907,0,Q4,OD,NATIVE_HOLD,57,90.34038554214595,,
ORIGA,SEALED_REVIEW,20260907,0,Q4,OC,NATIVE_HOLD,57,76.44195290636748,,
ORIGA,SEALED_REVIEW,20260907,0,Q4,OD,SOURCE_UPDATE,57,91.87543660333678,91.87062946446362,0.004807138873161163
ORIGA,SEALED_REVIEW,20260907,0,Q4,OC,SOURCE_UPDATE,57,77.21385238607806,77.20826546662408,0.0055869194539801235
ORIGA,SEALED_REVIEW,20260907,0,Q4,OD,SOURCE_HOLD,57,87.06359518876067,,
ORIGA,SEALED_REVIEW,20260907,0,Q4,OC,SOURCE_HOLD,57,73.87954047338205,,
ORIGA,SEALED_REVIEW,20260907,0,Q4,OD,SAME64_UPDATE,57,92.01494396120961,92.01022492042922,0.004719040780386288
ORIGA,SEALED_REVIEW,20260907,0,Q4,OC,SAME64_UPDATE,57,77.29094918415058,77.28462829963293,0.006320884517637895
ORIGA,SEALED_REVIEW,20260907,0,Q4,OD,SAME64_HOLD,57,88.74740300219247,,
ORIGA,SEALED_REVIEW,20260907,0,Q4,OC,SAME64_HOLD,57,75.75764141579067,,
ORIGA,SEALED_REVIEW,20260907,0,Q4,OD,CROSS64_UPDATE,57,92.03592503825895,92.02977788482436,0.006147153434607331
ORIGA,SEALED_REVIEW,20260907,0,Q4,OC,CROSS64_UPDATE,57,77.26808009850849,77.26093036141572,0.007149737092783552
ORIGA,SEALED_REVIEW,20260907,0,Q4,OD,CROSS64_HOLD,57,87.19265968559682,,
ORIGA,SEALED_REVIEW,20260907,0,Q4,OC,CROSS64_HOLD,57,74.13474316873038,,
ORIGA,SEALED_REVIEW,20260907,0,Q4,OD,ANCHOR,57,93.44272800399003,,
ORIGA,SEALED_REVIEW,20260907,0,Q4,OC,ANCHOR,57,77.43018938516933,,
ORIGA,SEALED_REVIEW,20260907,0,Q4,OD,C_EPISODIC,57,87.18680494177235,,
ORIGA,SEALED_REVIEW,20260907,0,Q4,OC,C_EPISODIC,57,74.20776284143551,,
REFUGE_Valid,SEARCH,20260907,0,ALL,OD,NATIVE_UPDATE,406,78.24992502076024,78.25227659204779,-0.0023515712875504064
REFUGE_Valid,SEARCH,20260907,0,ALL,OC,NATIVE_UPDATE,406,59.67957725288533,59.68343610952689,-0.0038588566415491796
REFUGE_Valid,SEARCH,20260907,0,Q1,OD,NATIVE_UPDATE,97,78.51474547393568,78.50469127191376,0.010054202021919017
REFUGE_Valid,SEARCH,20260907,0,Q1,OC,NATIVE_UPDATE,97,57.80020243883905,57.805332549645094,-0.005130110806034377
REFUGE_Valid,SEARCH,20260907,0,FIRST64,OD,NATIVE_UPDATE,39,77.72347307988571,77.6991841507298,0.024288929155893764
REFUGE_Valid,SEARCH,20260907,0,FIRST64,OC,NATIVE_UPDATE,39,59.159611472682116,59.16257479737155,-0.0029633246894368616
REFUGE_Valid,SEARCH,20260907,0,ALL,OD,NATIVE_HOLD,406,79.29198607717865,,
REFUGE_Valid,SEARCH,20260907,0,ALL,OC,NATIVE_HOLD,406,61.06965174352794,,
REFUGE_Valid,SEARCH,20260907,0,Q1,OD,NATIVE_HOLD,97,78.05669174861085,,
REFUGE_Valid,SEARCH,20260907,0,Q1,OC,NATIVE_HOLD,97,57.90188856714212,,
REFUGE_Valid,SEARCH,20260907,0,FIRST64,OD,NATIVE_HOLD,39,77.31339693518822,,
REFUGE_Valid,SEARCH,20260907,0,FIRST64,OC,NATIVE_HOLD,39,59.128897958906876,,
REFUGE_Valid,SEARCH,20260907,0,ALL,OD,SOURCE_UPDATE,406,83.29691615658675,83.29429789888754,0.0026182576992106465
REFUGE_Valid,SEARCH,20260907,0,ALL,OC,SOURCE_UPDATE,406,65.17063874771098,65.17069361361327,-5.486590228753888e-05
REFUGE_Valid,SEARCH,20260907,0,Q1,OD,SOURCE_UPDATE,97,84.14282483730348,84.10595336964445,0.03687146765902949
REFUGE_Valid,SEARCH,20260907,0,Q1,OC,SOURCE_UPDATE,97,63.67759529289791,63.69120544699092,-0.013610154093005063
REFUGE_Valid,SEARCH,20260907,0,FIRST64,OD,SOURCE_UPDATE,39,83.06703514575763,83.00104291140067,0.06599223435695156
REFUGE_Valid,SEARCH,20260907,0,FIRST64,OC,SOURCE_UPDATE,39,64.86182609527614,64.8700317559553,-0.00820566067914873
REFUGE_Valid,SEARCH,20260907,0,ALL,OD,SOURCE_HOLD,406,84.08452106164629,,
REFUGE_Valid,SEARCH,20260907,0,ALL,OC,SOURCE_HOLD,406,66.39393397143391,,
REFUGE_Valid,SEARCH,20260907,0,Q1,OD,SOURCE_HOLD,97,82.65345888508554,,
REFUGE_Valid,SEARCH,20260907,0,Q1,OC,SOURCE_HOLD,97,63.65922344112908,,
REFUGE_Valid,SEARCH,20260907,0,FIRST64,OD,SOURCE_HOLD,39,81.90239752216513,,
REFUGE_Valid,SEARCH,20260907,0,FIRST64,OC,SOURCE_HOLD,39,64.53460729301077,,
REFUGE_Valid,SEARCH,20260907,0,ALL,OD,SAME64_UPDATE,406,82.64322782616658,82.6446900455876,-0.0014622194210123201
REFUGE_Valid,SEARCH,20260907,0,ALL,OC,SAME64_UPDATE,406,64.87943257931313,64.88019989018126,-0.0007673108681224442
REFUGE_Valid,SEARCH,20260907,0,Q1,OD,SAME64_UPDATE,97,83.76156111598331,83.7448837975744,0.01667731840890914
REFUGE_Valid,SEARCH,20260907,0,Q1,OC,SAME64_UPDATE,97,63.34539189458733,63.36472917642387,-0.01933728183653701
REFUGE_Valid,SEARCH,20260907,0,FIRST64,OD,SAME64_UPDATE,39,83.23224878365431,83.20743385025226,0.02481493340206155
REFUGE_Valid,SEARCH,20260907,0,FIRST64,OC,SAME64_UPDATE,39,64.55370676862192,64.56901236980629,-0.01530560118436789
REFUGE_Valid,SEARCH,20260907,0,ALL,OD,SAME64_HOLD,406,85.56149685554072,,
REFUGE_Valid,SEARCH,20260907,0,ALL,OC,SAME64_HOLD,406,66.31529503143203,,
REFUGE_Valid,SEARCH,20260907,0,Q1,OD,SAME64_HOLD,97,84.16857857538112,,
REFUGE_Valid,SEARCH,20260907,0,Q1,OC,SAME64_HOLD,97,63.760037470071296,,
REFUGE_Valid,SEARCH,20260907,0,FIRST64,OD,SAME64_HOLD,39,83.4990504281786,,
REFUGE_Valid,SEARCH,20260907,0,FIRST64,OC,SAME64_HOLD,39,64.65601173110977,,
REFUGE_Valid,SEARCH,20260907,0,ALL,OD,CROSS64_UPDATE,406,82.39941920934145,82.39672836333355,0.0026908460078940554
REFUGE_Valid,SEARCH,20260907,0,ALL,OC,CROSS64_UPDATE,406,64.72656541333029,64.72610890612503,0.00045650720526223097
REFUGE_Valid,SEARCH,20260907,0,Q1,OD,CROSS64_UPDATE,97,83.56646347737168,83.52145557996847,0.045007897403218866
REFUGE_Valid,SEARCH,20260907,0,Q1,OC,CROSS64_UPDATE,97,63.23585132638129,63.240930905966074,-0.005079579584795036
REFUGE_Valid,SEARCH,20260907,0,FIRST64,OD,CROSS64_UPDATE,39,82.12761619550014,82.0379934805356,0.08962271496452551
REFUGE_Valid,SEARCH,20260907,0,FIRST64,OC,CROSS64_UPDATE,39,64.33696812124195,64.329685937627,0.007282183614951071
REFUGE_Valid,SEARCH,20260907,0,ALL,OD,CROSS64_HOLD,406,83.34003472271483,,
REFUGE_Valid,SEARCH,20260907,0,ALL,OC,CROSS64_HOLD,406,65.92551032779258,,
REFUGE_Valid,SEARCH,20260907,0,Q1,OD,CROSS64_HOLD,97,81.75163571691643,,
REFUGE_Valid,SEARCH,20260907,0,Q1,OC,CROSS64_HOLD,97,63.08579614343679,,
REFUGE_Valid,SEARCH,20260907,0,FIRST64,OD,CROSS64_HOLD,39,80.8425219181868,,
REFUGE_Valid,SEARCH,20260907,0,FIRST64,OC,CROSS64_HOLD,39,63.95574342111412,,
REFUGE_Valid,SEARCH,20260907,0,ALL,OD,ANCHOR,406,79.35631999212197,,
REFUGE_Valid,SEARCH,20260907,0,ALL,OC,ANCHOR,406,60.0335516368081,,
REFUGE_Valid,SEARCH,20260907,0,Q1,OD,ANCHOR,97,79.24310751075923,,
REFUGE_Valid,SEARCH,20260907,0,Q1,OC,ANCHOR,97,58.36800092419936,,
REFUGE_Valid,SEARCH,20260907,0,FIRST64,OD,ANCHOR,39,78.37210766708456,,
REFUGE_Valid,SEARCH,20260907,0,FIRST64,OC,ANCHOR,39,59.72425355938079,,
REFUGE_Valid,SEARCH,20260907,0,ALL,OD,C_EPISODIC,406,84.27577809081451,,
REFUGE_Valid,SEARCH,20260907,0,ALL,OC,C_EPISODIC,406,66.4832385660052,,
REFUGE_Valid,SEARCH,20260907,0,Q1,OD,C_EPISODIC,97,82.86778088583802,,
REFUGE_Valid,SEARCH,20260907,0,Q1,OC,C_EPISODIC,97,63.699914226478924,,
REFUGE_Valid,SEARCH,20260907,0,FIRST64,OD,C_EPISODIC,39,82.12454722768695,,
REFUGE_Valid,SEARCH,20260907,0,FIRST64,OC,C_EPISODIC,39,64.5732523051372,,
REFUGE_Valid,SEALED_REVIEW,20260907,0,ALL,OD,NATIVE_UPDATE,269,79.31117164377291,79.31616117722817,-0.004989533455261354
REFUGE_Valid,SEALED_REVIEW,20260907,0,ALL,OC,NATIVE_UPDATE,269,59.864621563351484,59.86908420011178,-0.0044626367602949015
REFUGE_Valid,SEALED_REVIEW,20260907,0,Q1,OD,NATIVE_UPDATE,69,79.52232721660863,79.52448123008466,-0.0021540134760287717
REFUGE_Valid,SEALED_REVIEW,20260907,0,Q1,OC,NATIVE_UPDATE,69,59.300194194694036,59.305207390718614,-0.0050131960245915754
REFUGE_Valid,SEALED_REVIEW,20260907,0,FIRST64,OD,NATIVE_UPDATE,20,80.69606857978849,80.69061280616785,0.005455773620643423
REFUGE_Valid,SEALED_REVIEW,20260907,0,FIRST64,OC,NATIVE_UPDATE,20,62.298229219249116,62.30307108599579,-0.004841866746674306
REFUGE_Valid,SEALED_REVIEW,20260907,0,ALL,OD,NATIVE_HOLD,269,80.30822252690555,,
REFUGE_Valid,SEALED_REVIEW,20260907,0,ALL,OC,NATIVE_HOLD,269,61.10046790122853,,
REFUGE_Valid,SEALED_REVIEW,20260907,0,Q1,OD,NATIVE_HOLD,69,79.1876295738152,,
REFUGE_Valid,SEALED_REVIEW,20260907,0,Q1,OC,NATIVE_HOLD,69,59.33825860091908,,
REFUGE_Valid,SEALED_REVIEW,20260907,0,FIRST64,OD,NATIVE_HOLD,20,80.28119685243814,,
REFUGE_Valid,SEALED_REVIEW,20260907,0,FIRST64,OC,NATIVE_HOLD,20,62.131708978134,,
REFUGE_Valid,SEALED_REVIEW,20260907,0,ALL,OD,SOURCE_UPDATE,269,85.31151886134289,85.32111205749237,-0.009593196149483124
REFUGE_Valid,SEALED_REVIEW,20260907,0,ALL,OC,SOURCE_UPDATE,269,65.87604306129384,65.87784078057209,-0.0017977192782336231
REFUGE_Valid,SEALED_REVIEW,20260907,0,Q1,OD,SOURCE_UPDATE,69,86.36462239590314,86.3633931898911,0.0012292060120361085
REFUGE_Valid,SEALED_REVIEW,20260907,0,Q1,OC,SOURCE_UPDATE,69,65.27505830449675,65.2729298466886,0.002128457808162588
REFUGE_Valid,SEALED_REVIEW,20260907,0,FIRST64,OD,SOURCE_UPDATE,20,88.50067872798202,88.47976163697494,0.020917091007068844
REFUGE_Valid,SEALED_REVIEW,20260907,0,FIRST64,OC,SOURCE_UPDATE,20,68.26016634060235,68.26383177271016,-0.0036654321078202767
REFUGE_Valid,SEALED_REVIEW,20260907,0,ALL,OD,SOURCE_HOLD,269,86.1588258244221,,
REFUGE_Valid,SEALED_REVIEW,20260907,0,ALL,OC,SOURCE_HOLD,269,67.06294196122838,,
REFUGE_Valid,SEALED_REVIEW,20260907,0,Q1,OD,SOURCE_HOLD,69,85.57440745098312,,
REFUGE_Valid,SEALED_REVIEW,20260907,0,Q1,OC,SOURCE_HOLD,69,65.387031694222,,
REFUGE_Valid,SEALED_REVIEW,20260907,0,FIRST64,OD,SOURCE_HOLD,20,87.71734701521636,,
REFUGE_Valid,SEALED_REVIEW,20260907,0,FIRST64,OC,SOURCE_HOLD,20,68.6694185577723,,
REFUGE_Valid,SEALED_REVIEW,20260907,0,ALL,OD,SAME64_UPDATE,269,84.59280308659946,84.60202639739836,-0.00922331079889534
REFUGE_Valid,SEALED_REVIEW,20260907,0,ALL,OC,SAME64_UPDATE,269,65.5597693915227,65.56218593676779,-0.0024165452450842584
REFUGE_Valid,SEALED_REVIEW,20260907,0,Q1,OD,SAME64_UPDATE,69,85.7754153898247,85.78197272833641,-0.0065573385116996195
REFUGE_Valid,SEALED_REVIEW,20260907,0,Q1,OC,SAME64_UPDATE,69,64.84518164279521,64.84879121155168,-0.00360956875647894
REFUGE_Valid,SEALED_REVIEW,20260907,0,FIRST64,OD,SAME64_UPDATE,20,88.20606795044347,88.21889296852277,-0.01282501807929659
REFUGE_Valid,SEALED_REVIEW,20260907,0,FIRST64,OC,SAME64_UPDATE,20,67.473174678917,67.49018302640398,-0.01700834748698421
REFUGE_Valid,SEALED_REVIEW,20260907,0,ALL,OD,SAME64_HOLD,269,87.42371046264292,,
REFUGE_Valid,SEALED_REVIEW,20260907,0,ALL,OC,SAME64_HOLD,269,66.84987013580619,,
REFUGE_Valid,SEALED_REVIEW,20260907,0,Q1,OD,SAME64_HOLD,69,86.47151437988627,,
REFUGE_Valid,SEALED_REVIEW,20260907,0,Q1,OC,SAME64_HOLD,69,65.31797350563536,,
REFUGE_Valid,SEALED_REVIEW,20260907,0,FIRST64,OD,SAME64_HOLD,20,88.56410684010064,,
REFUGE_Valid,SEALED_REVIEW,20260907,0,FIRST64,OC,SAME64_HOLD,20,67.93056931814469,,
REFUGE_Valid,SEALED_REVIEW,20260907,0,ALL,OD,CROSS64_UPDATE,269,84.52217399344019,84.53125607593753,-0.009082082497350825
REFUGE_Valid,SEALED_REVIEW,20260907,0,ALL,OC,CROSS64_UPDATE,269,65.3848550429517,65.3849439300001,-8.888704841686419e-05
REFUGE_Valid,SEALED_REVIEW,20260907,0,Q1,OD,CROSS64_UPDATE,69,85.94901382713735,85.95035747737313,-0.0013436502357734642
REFUGE_Valid,SEALED_REVIEW,20260907,0,Q1,OC,CROSS64_UPDATE,69,64.98345892216462,64.97979953347962,0.003659388685000348
REFUGE_Valid,SEALED_REVIEW,20260907,0,FIRST64,OD,CROSS64_UPDATE,20,87.71875914601236,87.69287146831304,0.025887677699312772
REFUGE_Valid,SEALED_REVIEW,20260907,0,FIRST64,OC,CROSS64_UPDATE,20,68.15878411893443,68.15064762598256,0.008136492951870411
REFUGE_Valid,SEALED_REVIEW,20260907,0,ALL,OD,CROSS64_HOLD,269,85.25884945874908,,
REFUGE_Valid,SEALED_REVIEW,20260907,0,ALL,OC,CROSS64_HOLD,269,66.41670051423235,,
REFUGE_Valid,SEALED_REVIEW,20260907,0,Q1,OD,CROSS64_HOLD,69,84.68242627333984,,
REFUGE_Valid,SEALED_REVIEW,20260907,0,Q1,OC,CROSS64_HOLD,69,64.6553541145743,,
REFUGE_Valid,SEALED_REVIEW,20260907,0,FIRST64,OD,CROSS64_HOLD,20,86.6401624164772,,
REFUGE_Valid,SEALED_REVIEW,20260907,0,FIRST64,OC,CROSS64_HOLD,20,68.13467684582525,,
REFUGE_Valid,SEALED_REVIEW,20260907,0,ALL,OD,ANCHOR,269,80.32441403047531,,
REFUGE_Valid,SEALED_REVIEW,20260907,0,ALL,OC,ANCHOR,269,60.259947746493715,,
REFUGE_Valid,SEALED_REVIEW,20260907,0,Q1,OD,ANCHOR,69,80.24968662630357,,
REFUGE_Valid,SEALED_REVIEW,20260907,0,Q1,OC,ANCHOR,69,59.89670034737321,,
REFUGE_Valid,SEALED_REVIEW,20260907,0,FIRST64,OD,ANCHOR,20,81.15796141824848,,
REFUGE_Valid,SEALED_REVIEW,20260907,0,FIRST64,OC,ANCHOR,20,62.95279866220513,,
REFUGE_Valid,SEALED_REVIEW,20260907,0,ALL,OD,C_EPISODIC,269,86.32053198924903,,
REFUGE_Valid,SEALED_REVIEW,20260907,0,ALL,OC,C_EPISODIC,269,67.09540993455694,,
REFUGE_Valid,SEALED_REVIEW,20260907,0,Q1,OD,C_EPISODIC,69,85.69166617696898,,
REFUGE_Valid,SEALED_REVIEW,20260907,0,Q1,OC,C_EPISODIC,69,65.41537096549122,,
REFUGE_Valid,SEALED_REVIEW,20260907,0,FIRST64,OD,C_EPISODIC,20,87.84545737447418,,
REFUGE_Valid,SEALED_REVIEW,20260907,0,FIRST64,OC,C_EPISODIC,20,68.54006675654394,,
REFUGE_Valid,SEALED_REVIEW,20260907,0,Q2,OD,NATIVE_UPDATE,80,80.71806313850693,80.72799984280951,-0.009936704302562632
REFUGE_Valid,SEALED_REVIEW,20260907,0,Q2,OC,NATIVE_UPDATE,80,62.36630918367353,62.37148378979482,-0.0051746061212898375
REFUGE_Valid,SEALED_REVIEW,20260907,0,Q2,OD,NATIVE_HOLD,80,80.98007552495827,,
REFUGE_Valid,SEALED_REVIEW,20260907,0,Q2,OC,NATIVE_HOLD,80,63.128098243018925,,
REFUGE_Valid,SEALED_REVIEW,20260907,0,Q2,OD,SOURCE_UPDATE,80,86.53108499162904,86.54097472884166,-0.009889737212625122
REFUGE_Valid,SEALED_REVIEW,20260907,0,Q2,OC,SOURCE_UPDATE,80,68.18173450930625,68.17903362701063,0.0027008822956152423
REFUGE_Valid,SEALED_REVIEW,20260907,0,Q2,OD,SOURCE_HOLD,80,86.77564121992681,,
REFUGE_Valid,SEALED_REVIEW,20260907,0,Q2,OC,SOURCE_HOLD,80,69.00905416238659,,
REFUGE_Valid,SEALED_REVIEW,20260907,0,Q2,OD,SAME64_UPDATE,80,85.68073702912001,85.68773488674498,-0.006997857624971849
REFUGE_Valid,SEALED_REVIEW,20260907,0,Q2,OC,SAME64_UPDATE,80,67.83770073122929,67.83342811497648,0.004272616252810682
REFUGE_Valid,SEALED_REVIEW,20260907,0,Q2,OD,SAME64_HOLD,80,87.70296059170572,,
REFUGE_Valid,SEALED_REVIEW,20260907,0,Q2,OC,SAME64_HOLD,80,68.74186497363796,,
REFUGE_Valid,SEALED_REVIEW,20260907,0,Q2,OD,CROSS64_UPDATE,80,85.76148289264188,85.77431326209815,-0.01283036945625801
REFUGE_Valid,SEALED_REVIEW,20260907,0,Q2,OC,CROSS64_UPDATE,80,67.67751009826426,67.67481713023156,0.002692968032705703
REFUGE_Valid,SEALED_REVIEW,20260907,0,Q2,OD,CROSS64_HOLD,80,85.88432253735338,,
REFUGE_Valid,SEALED_REVIEW,20260907,0,Q2,OC,CROSS64_HOLD,80,68.28828803349319,,
REFUGE_Valid,SEALED_REVIEW,20260907,0,Q2,OD,ANCHOR,80,81.58323271524226,,
REFUGE_Valid,SEALED_REVIEW,20260907,0,Q2,OC,ANCHOR,80,62.81504952228762,,
REFUGE_Valid,SEALED_REVIEW,20260907,0,Q2,OD,C_EPISODIC,80,87.0046893966603,,
REFUGE_Valid,SEALED_REVIEW,20260907,0,Q2,OC,C_EPISODIC,80,69.0779019844592,,
REFUGE_Valid,SEARCH,20260907,0,Q2,OD,NATIVE_UPDATE,89,79.72946958526089,79.74960690692998,-0.020137321669097322
REFUGE_Valid,SEARCH,20260907,0,Q2,OC,NATIVE_UPDATE,89,62.01771056442035,62.02295713202126,-0.0052465676009056765
REFUGE_Valid,SEARCH,20260907,0,Q2,OD,NATIVE_HOLD,89,79.83989257080255,,
REFUGE_Valid,SEARCH,20260907,0,Q2,OC,NATIVE_HOLD,89,62.75478352918057,,
REFUGE_Valid,SEARCH,20260907,0,Q2,OD,SOURCE_UPDATE,89,85.47861118500697,85.49707274442939,-0.018461559422415588
REFUGE_Valid,SEARCH,20260907,0,Q2,OC,SOURCE_UPDATE,89,66.6969812972739,66.69816250054124,-0.0011812032673576014
REFUGE_Valid,SEARCH,20260907,0,Q2,OD,SOURCE_HOLD,89,85.26211478789409,,
REFUGE_Valid,SEARCH,20260907,0,Q2,OC,SOURCE_HOLD,89,67.99456581880115,,
REFUGE_Valid,SEARCH,20260907,0,Q2,OD,SAME64_UPDATE,89,84.62264276821692,84.640021424834,-0.01737865661707779
REFUGE_Valid,SEARCH,20260907,0,Q2,OC,SAME64_UPDATE,89,66.39067044742688,66.38819196823893,0.0024784791879584917
REFUGE_Valid,SEARCH,20260907,0,Q2,OD,SAME64_HOLD,89,86.50989553864096,,
REFUGE_Valid,SEARCH,20260907,0,Q2,OC,SAME64_HOLD,89,67.46021166741365,,
REFUGE_Valid,SEARCH,20260907,0,Q2,OD,CROSS64_UPDATE,89,84.52892408477688,84.551028165677,-0.02210408090012936
REFUGE_Valid,SEARCH,20260907,0,Q2,OC,CROSS64_UPDATE,89,66.45817769334911,66.45786991453743,0.0003077788116894985
REFUGE_Valid,SEARCH,20260907,0,Q2,OD,CROSS64_HOLD,89,84.66925880281364,,
REFUGE_Valid,SEARCH,20260907,0,Q2,OC,CROSS64_HOLD,89,67.63264963565344,,
REFUGE_Valid,SEARCH,20260907,0,Q2,OD,ANCHOR,89,80.72754437514716,,
REFUGE_Valid,SEARCH,20260907,0,Q2,OC,ANCHOR,89,62.44502336211618,,
REFUGE_Valid,SEARCH,20260907,0,Q2,OD,C_EPISODIC,89,85.3570662069354,,
REFUGE_Valid,SEARCH,20260907,0,Q2,OC,C_EPISODIC,89,68.03604215440305,,
REFUGE_Valid,SEARCH,20260907,0,Q3,OD,NATIVE_UPDATE,100,78.28049503826149,78.2762577764747,0.004237261786784519
REFUGE_Valid,SEARCH,20260907,0,Q3,OC,NATIVE_UPDATE,100,61.394416390428,61.395024250252625,-0.0006078598246358202
REFUGE_Valid,SEARCH,20260907,0,Q3,OD,NATIVE_HOLD,100,79.94108919298034,,
REFUGE_Valid,SEARCH,20260907,0,Q3,OC,NATIVE_HOLD,100,63.11756584053555,,
REFUGE_Valid,SEARCH,20260907,0,Q3,OD,SOURCE_UPDATE,100,83.58425071737898,83.58314264829812,0.0011080690808723537
REFUGE_Valid,SEARCH,20260907,0,Q3,OC,SOURCE_UPDATE,100,66.98303282772306,66.97035038237829,0.012682445344778831
REFUGE_Valid,SEARCH,20260907,0,Q3,OD,SOURCE_HOLD,100,84.35205902500844,,
REFUGE_Valid,SEARCH,20260907,0,Q3,OC,SOURCE_HOLD,100,67.88126808183193,,
REFUGE_Valid,SEARCH,20260907,0,Q3,OD,SAME64_UPDATE,100,82.93401935910273,82.9304341644758,0.003585194626932631
REFUGE_Valid,SEARCH,20260907,0,Q3,OC,SAME64_UPDATE,100,66.72795983442187,66.716179660842,0.011780173579869158
REFUGE_Valid,SEARCH,20260907,0,Q3,OD,SAME64_HOLD,100,86.01448685397541,,
REFUGE_Valid,SEARCH,20260907,0,Q3,OC,SAME64_HOLD,100,68.03890846882635,,
REFUGE_Valid,SEARCH,20260907,0,Q3,OD,CROSS64_UPDATE,100,82.66974693140955,82.6693935171275,0.00035341428204366254
REFUGE_Valid,SEARCH,20260907,0,Q3,OC,CROSS64_UPDATE,100,66.46856382727938,66.45759070069926,0.01097312658012875
REFUGE_Valid,SEARCH,20260907,0,Q3,OD,CROSS64_HOLD,100,83.65547270801373,,
REFUGE_Valid,SEARCH,20260907,0,Q3,OC,CROSS64_HOLD,100,67.43193543425188,,
REFUGE_Valid,SEARCH,20260907,0,Q3,OD,ANCHOR,100,79.42512865918441,,
REFUGE_Valid,SEARCH,20260907,0,Q3,OC,ANCHOR,100,61.68973481018567,,
REFUGE_Valid,SEARCH,20260907,0,Q3,OD,C_EPISODIC,100,84.64719172729822,,
REFUGE_Valid,SEARCH,20260907,0,Q3,OC,C_EPISODIC,100,68.06410459943916,,
REFUGE_Valid,SEALED_REVIEW,20260907,0,Q3,OD,NATIVE_UPDATE,68,77.60149724892429,77.61003253541394,-0.008535286489636628
REFUGE_Valid,SEALED_REVIEW,20260907,0,Q3,OC,NATIVE_UPDATE,68,58.0259260727095,58.0279948821232,-0.0020688094137086112
REFUGE_Valid,SEALED_REVIEW,20260907,0,Q3,OD,NATIVE_HOLD,68,79.52203969779288,,
REFUGE_Valid,SEALED_REVIEW,20260907,0,Q3,OC,NATIVE_HOLD,68,59.948768230930426,,
REFUGE_Valid,SEALED_REVIEW,20260907,0,Q3,OD,SOURCE_UPDATE,68,84.18327445224712,84.21519915005493,-0.031924697807810556
REFUGE_Valid,SEALED_REVIEW,20260907,0,Q3,OC,SOURCE_UPDATE,68,63.893506948846394,63.89461300681314,-0.0011060579667499285
REFUGE_Valid,SEALED_REVIEW,20260907,0,Q3,OD,SOURCE_HOLD,68,85.64679714140797,,
REFUGE_Valid,SEALED_REVIEW,20260907,0,Q3,OC,SOURCE_HOLD,68,65.81017819531509,,
REFUGE_Valid,SEALED_REVIEW,20260907,0,Q3,OD,SAME64_UPDATE,68,83.41517394294837,83.44006145128293,-0.024887508334554262
REFUGE_Valid,SEALED_REVIEW,20260907,0,Q3,OC,SAME64_UPDATE,68,63.64862545197006,63.653063803086184,-0.004438351116121299
REFUGE_Valid,SEALED_REVIEW,20260907,0,Q3,OD,SAME64_HOLD,68,87.39920219643696,,
REFUGE_Valid,SEALED_REVIEW,20260907,0,Q3,OC,SAME64_HOLD,68,65.25917052216437,,
REFUGE_Valid,SEALED_REVIEW,20260907,0,Q3,OD,CROSS64_UPDATE,68,83.06547813794842,83.08833243071344,-0.022854292765011674
REFUGE_Valid,SEALED_REVIEW,20260907,0,Q3,OC,CROSS64_UPDATE,68,63.44209749440797,63.44286056742629,-0.0007630730183191988
REFUGE_Valid,SEALED_REVIEW,20260907,0,Q3,OD,CROSS64_HOLD,68,84.56748569475928,,
REFUGE_Valid,SEALED_REVIEW,20260907,0,Q3,OC,CROSS64_HOLD,68,65.36157693831876,,
REFUGE_Valid,SEALED_REVIEW,20260907,0,Q3,OD,ANCHOR,68,78.79204131747632,,
REFUGE_Valid,SEALED_REVIEW,20260907,0,Q3,OC,ANCHOR,68,58.32389556118761,,
REFUGE_Valid,SEALED_REVIEW,20260907,0,Q3,OD,C_EPISODIC,68,85.73634885798577,,
REFUGE_Valid,SEALED_REVIEW,20260907,0,Q3,OC,C_EPISODIC,68,65.84140959480172,,
REFUGE_Valid,SEARCH,20260907,0,Q4,OD,NATIVE_UPDATE,120,76.91305792118777,76.9177370885961,-0.004679167408336664
REFUGE_Valid,SEARCH,20260907,0,Q4,OC,NATIVE_UPDATE,120,58.03559040689872,58.040101611476544,-0.004511204577828711
REFUGE_Valid,SEARCH,20260907,0,Q4,OD,NATIVE_HOLD,120,79.34323241349846,,
REFUGE_Valid,SEARCH,20260907,0,Q4,OC,NATIVE_HOLD,120,60.673859155907785,,
REFUGE_Valid,SEARCH,20260907,0,Q4,OD,SOURCE_UPDATE,120,80.75560402626886,80.76378109174,-0.008177065471154885
REFUGE_Valid,SEARCH,20260907,0,Q4,OC,SOURCE_UPDATE,120,63.735149749415676,63.7340264831906,0.0011232662250807806
REFUGE_Valid,SEARCH,20260907,0,Q4,OD,SOURCE_HOLD,120,84.14496600459728,,
REFUGE_Valid,SEARCH,20260907,0,Q4,OC,SOURCE_HOLD,120,66.1779112713013,,
REFUGE_Valid,SEARCH,20260907,0,Q4,OD,SAME64_UPDATE,120,80.0288493907639,80.03737589071697,-0.008526499953071068
REFUGE_Valid,SEARCH,20260907,0,Q4,OC,SAME64_UPDATE,120,63.458174668024846,63.45679478369176,0.0013798843330929678
REFUGE_Valid,SEARCH,20260907,0,Q4,OD,SAME64_HOLD,120,85.60655177667482,,
REFUGE_Valid,SEARCH,20260907,0,Q4,OC,SAME64_HOLD,120,66.09530385735032,,
REFUGE_Valid,SEARCH,20260907,0,Q4,OD,CROSS64_UPDATE,120,79.65140254167895,79.66258054832062,-0.011178006641667468
REFUGE_Valid,SEARCH,20260907,0,Q4,OC,CROSS64_UPDATE,120,63.19561484764256,63.199336879535814,-0.0037220318932638017
REFUGE_Valid,SEARCH,20260907,0,Q4,OD,CROSS64_HOLD,120,83.37528440524616,,
REFUGE_Valid,SEARCH,20260907,0,Q4,OC,CROSS64_HOLD,120,65.69946338476727,,
REFUGE_Valid,SEARCH,20260907,0,Q4,OD,ANCHOR,120,78.37350144126111,,
REFUGE_Valid,SEARCH,20260907,0,Q4,OC,ANCHOR,120,58.21121095541538,,
REFUGE_Valid,SEARCH,20260907,0,Q4,OD,C_EPISODIC,120,84.3024424483111,,
REFUGE_Valid,SEARCH,20260907,0,Q4,OC,C_EPISODIC,120,66.26404138453222,,
REFUGE_Valid,SEALED_REVIEW,20260907,0,Q4,OD,NATIVE_UPDATE,52,79.10226404272129,79.09876830703128,0.0034957356900188878
REFUGE_Valid,SEALED_REVIEW,20260907,0,Q4,OC,NATIVE_UPDATE,52,59.169271028260226,59.17503816735613,-0.005767139095906486
REFUGE_Valid,SEALED_REVIEW,20260907,0,Q4,OD,NATIVE_HOLD,52,81.78962841726481,,
REFUGE_Valid,SEALED_REVIEW,20260907,0,Q4,OC,NATIVE_HOLD,52,61.82542159273603,,
REFUGE_Valid,SEALED_REVIEW,20260907,0,Q4,OD,SOURCE_UPDATE,52,83.51327242886138,83.5075671702287,0.005705258632686073
REFUGE_Valid,SEALED_REVIEW,20260907,0,Q4,OC,SOURCE_UPDATE,52,65.71883321560989,65.73366607554293,-0.014832859933043991
REFUGE_Valid,SEALED_REVIEW,20260907,0,Q4,OD,SOURCE_HOLD,52,86.65493325849658,,
REFUGE_Valid,SEALED_REVIEW,20260907,0,Q4,OC,SOURCE_HOLD,52,67.93095673839925,,
REFUGE_Valid,SEALED_REVIEW,20260907,0,Q4,OD,SAME64_UPDATE,52,82.88979957590882,82.88550025034822,0.004299325560612787
REFUGE_Valid,SEALED_REVIEW,20260907,0,Q4,OC,SAME64_UPDATE,52,65.50265084104674,65.51113145356712,-0.008480612520369708
REFUGE_Valid,SEALED_REVIEW,20260907,0,Q4,OD,SAME64_HOLD,52,88.28963510662733,,
REFUGE_Valid,SEALED_REVIEW,20260907,0,Q4,OC,SAME64_HOLD,52,68.05196348547715,,
REFUGE_Valid,SEALED_REVIEW,20260907,0,Q4,OD,CROSS64_UPDATE,52,82.62714818021324,82.62272215830934,0.0044260219038929115
REFUGE_Valid,SEALED_REVIEW,20260907,0,Q4,OC,CROSS64_UPDATE,52,64.93084429699549,64.93930500685433,-0.008460709858844447
REFUGE_Valid,SEALED_REVIEW,20260907,0,Q4,OD,CROSS64_HOLD,52,85.96554348675294,,
REFUGE_Valid,SEALED_REVIEW,20260907,0,Q4,OC,CROSS64_HOLD,52,67.2542832680335,,
REFUGE_Valid,SEALED_REVIEW,20260907,0,Q4,OD,ANCHOR,52,80.49079942644501,,
REFUGE_Valid,SEALED_REVIEW,20260907,0,Q4,OC,ANCHOR,52,59.342783844120994,,
REFUGE_Valid,SEALED_REVIEW,20260907,0,Q4,OD,C_EPISODIC,52,86.86637047733217,,
REFUGE_Valid,SEALED_REVIEW,20260907,0,Q4,OC,C_EPISODIC,52,67.91455124180136,,
ORIGA,SEARCH,20260907,1,ALL,OD,NATIVE_UPDATE,316,88.18853150593438,88.16872164757422,0.019809858360157907
ORIGA,SEARCH,20260907,1,ALL,OC,NATIVE_UPDATE,316,69.6298823977907,69.59982453510888,0.030057862681818856
ORIGA,SEARCH,20260907,1,Q1,OD,NATIVE_UPDATE,81,84.76008795986225,84.71466099607765,0.045426963784603695
ORIGA,SEARCH,20260907,1,Q1,OC,NATIVE_UPDATE,81,64.54052228632729,64.47268505489735,0.06783723142992085
ORIGA,SEARCH,20260907,1,FIRST64,OD,NATIVE_UPDATE,35,85.1953325460278,85.15204296978648,0.043289576241328946
ORIGA,SEARCH,20260907,1,FIRST64,OC,NATIVE_UPDATE,35,66.15870145361758,66.09788024635351,0.0608212072640749
ORIGA,SEARCH,20260907,1,ALL,OD,NATIVE_HOLD,316,84.57622050382953,,
ORIGA,SEARCH,20260907,1,ALL,OC,NATIVE_HOLD,316,64.56807960613608,,
ORIGA,SEARCH,20260907,1,Q1,OD,NATIVE_HOLD,81,82.05638006249065,,
ORIGA,SEARCH,20260907,1,Q1,OC,NATIVE_HOLD,81,60.96360691312099,,
ORIGA,SEARCH,20260907,1,FIRST64,OD,NATIVE_HOLD,35,83.9517103237687,,
ORIGA,SEARCH,20260907,1,FIRST64,OC,NATIVE_HOLD,35,64.54936265903463,,
ORIGA,SEARCH,20260907,1,ALL,OD,SOURCE_UPDATE,316,84.31668618156283,84.27117401050872,0.04551217105411839
ORIGA,SEARCH,20260907,1,ALL,OC,SOURCE_UPDATE,316,66.38624042017999,66.32526781162635,0.06097260855364383
ORIGA,SEARCH,20260907,1,Q1,OD,SOURCE_UPDATE,81,77.88395166437748,77.78156970593488,0.10238195844258821
ORIGA,SEARCH,20260907,1,Q1,OC,SOURCE_UPDATE,81,58.32640823920979,58.189138404984455,0.13726983422534403
ORIGA,SEARCH,20260907,1,FIRST64,OD,SOURCE_UPDATE,35,78.98481967959314,78.88185981195215,0.1029598676409928
ORIGA,SEARCH,20260907,1,FIRST64,OC,SOURCE_UPDATE,35,61.81943552571969,61.66021825039585,0.15921727532383692
ORIGA,SEARCH,20260907,1,ALL,OD,SOURCE_HOLD,316,75.50920320760306,,
ORIGA,SEARCH,20260907,1,ALL,OC,SOURCE_HOLD,316,56.51189852699288,,
ORIGA,SEARCH,20260907,1,Q1,OD,SOURCE_HOLD,81,72.97912470636965,,
ORIGA,SEARCH,20260907,1,Q1,OC,SOURCE_HOLD,81,52.9323997048062,,
ORIGA,SEARCH,20260907,1,FIRST64,OD,SOURCE_HOLD,35,76.60120354790617,,
ORIGA,SEARCH,20260907,1,FIRST64,OC,SOURCE_HOLD,35,58.72587043999013,,
ORIGA,SEARCH,20260907,1,ALL,OD,SAME64_UPDATE,316,85.98723775118289,85.95422475867706,0.033012992505825366
ORIGA,SEARCH,20260907,1,ALL,OC,SAME64_UPDATE,316,68.93537585613477,68.88449732459061,0.05087853154416747
ORIGA,SEARCH,20260907,1,Q1,OD,SAME64_UPDATE,81,81.26882363724457,81.19339213445987,0.0754315027846877
ORIGA,SEARCH,20260907,1,Q1,OC,SAME64_UPDATE,81,63.316735886570555,63.19611196192445,0.12062392464609771
ORIGA,SEARCH,20260907,1,FIRST64,OD,SAME64_UPDATE,35,82.25451568608939,82.1916490904011,0.06286659568829249
ORIGA,SEARCH,20260907,1,FIRST64,OC,SAME64_UPDATE,35,66.47351552540933,66.39150015185442,0.08201537355490443
ORIGA,SEARCH,20260907,1,ALL,OD,SAME64_HOLD,316,80.17974970296929,,
ORIGA,SEARCH,20260907,1,ALL,OC,SAME64_HOLD,316,62.05309365991896,,
ORIGA,SEARCH,20260907,1,Q1,OD,SAME64_HOLD,81,77.6336744657459,,
ORIGA,SEARCH,20260907,1,Q1,OC,SAME64_HOLD,81,58.846946044829195,,
ORIGA,SEARCH,20260907,1,FIRST64,OD,SAME64_HOLD,35,80.79916253471742,,
ORIGA,SEARCH,20260907,1,FIRST64,OC,SAME64_HOLD,35,64.70961774759807,,
ORIGA,SEARCH,20260907,1,ALL,OD,CROSS64_UPDATE,316,84.2460367177703,84.20157415002083,0.044462567749466886
ORIGA,SEARCH,20260907,1,ALL,OC,CROSS64_UPDATE,316,66.20998467394595,66.1510611445193,0.0589235294266409
ORIGA,SEARCH,20260907,1,Q1,OD,CROSS64_UPDATE,81,77.87749961323992,77.77831521827527,0.0991843949646414
ORIGA,SEARCH,20260907,1,Q1,OC,CROSS64_UPDATE,81,58.40790309502284,58.27465395320085,0.13324914182198686
ORIGA,SEARCH,20260907,1,FIRST64,OD,CROSS64_UPDATE,35,78.72489398741101,78.62122873655541,0.10366525085559432
ORIGA,SEARCH,20260907,1,FIRST64,OC,CROSS64_UPDATE,35,61.358093918335676,61.24099598289961,0.11709793543605593
ORIGA,SEARCH,20260907,1,ALL,OD,CROSS64_HOLD,316,74.8817187525396,,
ORIGA,SEARCH,20260907,1,ALL,OC,CROSS64_HOLD,316,55.76058064861164,,
ORIGA,SEARCH,20260907,1,Q1,OD,CROSS64_HOLD,81,72.24186847579384,,
ORIGA,SEARCH,20260907,1,Q1,OC,CROSS64_HOLD,81,52.26468038443832,,
ORIGA,SEARCH,20260907,1,FIRST64,OD,CROSS64_HOLD,35,76.09886416756434,,
ORIGA,SEARCH,20260907,1,FIRST64,OC,CROSS64_HOLD,35,58.246015593450615,,
ORIGA,SEARCH,20260907,1,ALL,OD,ANCHOR,316,88.4855782098267,,
ORIGA,SEARCH,20260907,1,ALL,OC,ANCHOR,316,70.39797733548217,,
ORIGA,SEARCH,20260907,1,Q1,OD,ANCHOR,81,85.40435410582398,,
ORIGA,SEARCH,20260907,1,Q1,OC,ANCHOR,81,65.23860511624387,,
ORIGA,SEARCH,20260907,1,FIRST64,OD,ANCHOR,35,85.90312581886502,,
ORIGA,SEARCH,20260907,1,FIRST64,OC,ANCHOR,35,67.0068555494757,,
ORIGA,SEARCH,20260907,1,ALL,OD,C_EPISODIC,316,75.84952317695328,,
ORIGA,SEARCH,20260907,1,ALL,OC,C_EPISODIC,316,56.9336109107358,,
ORIGA,SEARCH,20260907,1,Q1,OD,C_EPISODIC,81,73.3219185378857,,
ORIGA,SEARCH,20260907,1,Q1,OC,C_EPISODIC,81,53.393048203916884,,
ORIGA,SEARCH,20260907,1,FIRST64,OD,C_EPISODIC,35,76.93968171930533,,
ORIGA,SEARCH,20260907,1,FIRST64,OC,C_EPISODIC,35,59.27567441732463,,
ORIGA,SEALED_REVIEW,20260907,1,ALL,OD,NATIVE_UPDATE,210,88.68151372822706,88.66551740385601,0.015996324371050363
ORIGA,SEALED_REVIEW,20260907,1,ALL,OC,NATIVE_UPDATE,210,72.11697223284257,72.09459322738522,0.02237900545735379
ORIGA,SEALED_REVIEW,20260907,1,Q1,OD,NATIVE_UPDATE,46,85.95966970317043,85.9108635972272,0.04880610594321438
ORIGA,SEALED_REVIEW,20260907,1,Q1,OC,NATIVE_UPDATE,46,67.81287504286738,67.7542164394764,0.058658603390991
ORIGA,SEALED_REVIEW,20260907,1,FIRST64,OD,NATIVE_UPDATE,20,84.60196745018615,84.51681852843403,0.08514892175211675
ORIGA,SEALED_REVIEW,20260907,1,FIRST64,OC,NATIVE_UPDATE,20,64.8791577846883,64.76415459468335,0.11500319000494418
ORIGA,SEALED_REVIEW,20260907,1,ALL,OD,NATIVE_HOLD,210,85.67865625179324,,
ORIGA,SEALED_REVIEW,20260907,1,ALL,OC,NATIVE_HOLD,210,68.0510271029479,,
ORIGA,SEALED_REVIEW,20260907,1,Q1,OD,NATIVE_HOLD,46,83.27512723493146,,
ORIGA,SEALED_REVIEW,20260907,1,Q1,OC,NATIVE_HOLD,46,64.58837496342814,,
ORIGA,SEALED_REVIEW,20260907,1,FIRST64,OD,NATIVE_HOLD,20,83.22217117027655,,
ORIGA,SEALED_REVIEW,20260907,1,FIRST64,OC,NATIVE_HOLD,20,63.291562816123125,,
ORIGA,SEALED_REVIEW,20260907,1,ALL,OD,SOURCE_UPDATE,210,84.94202970402608,84.88894053221692,0.053089171809162776
ORIGA,SEALED_REVIEW,20260907,1,ALL,OC,SOURCE_UPDATE,210,69.50368871055097,69.43567720626737,0.06801150428360375
ORIGA,SEALED_REVIEW,20260907,1,Q1,OD,SOURCE_UPDATE,46,77.8446631759217,77.69454578929829,0.15011738662340476
ORIGA,SEALED_REVIEW,20260907,1,Q1,OC,SOURCE_UPDATE,46,60.42274747302603,60.22131423924113,0.20143323378489725
ORIGA,SEALED_REVIEW,20260907,1,FIRST64,OD,SOURCE_UPDATE,20,76.07775281305716,75.88642536704118,0.19132744601596557
ORIGA,SEALED_REVIEW,20260907,1,FIRST64,OC,SOURCE_UPDATE,20,57.69486307984351,57.42874236105144,0.26612071879205484
ORIGA,SEALED_REVIEW,20260907,1,ALL,OD,SOURCE_HOLD,210,76.05669554999056,,
ORIGA,SEALED_REVIEW,20260907,1,ALL,OC,SOURCE_HOLD,210,59.84718756382246,,
ORIGA,SEALED_REVIEW,20260907,1,Q1,OD,SOURCE_HOLD,46,71.56840782361881,,
ORIGA,SEALED_REVIEW,20260907,1,Q1,OC,SOURCE_HOLD,46,53.35239728786239,,
ORIGA,SEALED_REVIEW,20260907,1,FIRST64,OD,SOURCE_HOLD,20,72.66927535917436,,
ORIGA,SEALED_REVIEW,20260907,1,FIRST64,OC,SOURCE_HOLD,20,53.89018496055126,,
ORIGA,SEALED_REVIEW,20260907,1,ALL,OD,SAME64_UPDATE,210,86.68201997605247,86.6476934311242,0.03432654492828138
ORIGA,SEALED_REVIEW,20260907,1,ALL,OC,SAME64_UPDATE,210,72.05413584715743,72.0031118400106,0.05102400714681273
ORIGA,SEALED_REVIEW,20260907,1,Q1,OD,SAME64_UPDATE,46,82.27038507920746,82.19681283153014,0.07357224767731985
ORIGA,SEALED_REVIEW,20260907,1,Q1,OC,SAME64_UPDATE,46,66.3849206155778,66.27937598679964,0.10554462877814723
ORIGA,SEALED_REVIEW,20260907,1,FIRST64,OD,SAME64_UPDATE,20,80.95536742073762,80.85949287488839,0.09587454584923744
ORIGA,SEALED_REVIEW,20260907,1,FIRST64,OC,SAME64_UPDATE,20,63.891169799217586,63.73668048478134,0.15448931443625205
ORIGA,SEALED_REVIEW,20260907,1,ALL,OD,SAME64_HOLD,210,81.12225648209643,,
ORIGA,SEALED_REVIEW,20260907,1,ALL,OC,SAME64_HOLD,210,65.88960660847482,,
ORIGA,SEALED_REVIEW,20260907,1,Q1,OD,SAME64_HOLD,46,78.26085227493842,,
ORIGA,SEALED_REVIEW,20260907,1,Q1,OC,SAME64_HOLD,46,60.69168034416167,,
ORIGA,SEALED_REVIEW,20260907,1,FIRST64,OD,SAME64_HOLD,20,79.23683060312892,,
ORIGA,SEALED_REVIEW,20260907,1,FIRST64,OC,SAME64_HOLD,20,61.59073224985081,,
ORIGA,SEALED_REVIEW,20260907,1,ALL,OD,CROSS64_UPDATE,210,84.89816972304116,84.84390669762415,0.05426302541700968
ORIGA,SEALED_REVIEW,20260907,1,ALL,OC,CROSS64_UPDATE,210,69.37484391518439,69.3066092641682,0.06823465101618692
ORIGA,SEALED_REVIEW,20260907,1,Q1,OD,CROSS64_UPDATE,46,77.72710281310778,77.56624911941805,0.16085369368971417
ORIGA,SEALED_REVIEW,20260907,1,Q1,OC,CROSS64_UPDATE,46,60.1905310833658,60.00573400025917,0.18479708310663387
ORIGA,SEALED_REVIEW,20260907,1,FIRST64,OD,CROSS64_UPDATE,20,75.49455921307133,75.24649569787759,0.24806351519373301
ORIGA,SEALED_REVIEW,20260907,1,FIRST64,OC,CROSS64_UPDATE,20,57.00206390551828,56.70197644672083,0.30008745879745813
ORIGA,SEALED_REVIEW,20260907,1,ALL,OD,CROSS64_HOLD,210,75.64359493086613,,
ORIGA,SEALED_REVIEW,20260907,1,ALL,OC,CROSS64_HOLD,210,59.28938494643159,,
ORIGA,SEALED_REVIEW,20260907,1,Q1,OD,CROSS64_HOLD,46,70.82538418237479,,
ORIGA,SEALED_REVIEW,20260907,1,Q1,OC,CROSS64_HOLD,46,52.1971051565227,,
ORIGA,SEALED_REVIEW,20260907,1,FIRST64,OD,CROSS64_HOLD,20,71.74116672163247,,
ORIGA,SEALED_REVIEW,20260907,1,FIRST64,OC,CROSS64_HOLD,20,52.49346135576126,,
ORIGA,SEALED_REVIEW,20260907,1,ALL,OD,ANCHOR,210,88.89935111012156,,
ORIGA,SEALED_REVIEW,20260907,1,ALL,OC,ANCHOR,210,72.6924737841457,,
ORIGA,SEALED_REVIEW,20260907,1,Q1,OD,ANCHOR,46,86.56417938591858,,
ORIGA,SEALED_REVIEW,20260907,1,Q1,OC,ANCHOR,46,68.47748757744678,,
ORIGA,SEALED_REVIEW,20260907,1,FIRST64,OD,ANCHOR,20,85.19225189034228,,
ORIGA,SEALED_REVIEW,20260907,1,FIRST64,OC,ANCHOR,20,65.37204217481532,,
ORIGA,SEALED_REVIEW,20260907,1,ALL,OD,C_EPISODIC,210,76.45187346211036,,
ORIGA,SEALED_REVIEW,20260907,1,ALL,OC,C_EPISODIC,210,60.45712562862548,,
ORIGA,SEALED_REVIEW,20260907,1,Q1,OD,C_EPISODIC,46,72.01755670778509,,
ORIGA,SEALED_REVIEW,20260907,1,Q1,OC,C_EPISODIC,46,53.85769475737607,,
ORIGA,SEALED_REVIEW,20260907,1,FIRST64,OD,C_EPISODIC,20,73.20682159847213,,
ORIGA,SEALED_REVIEW,20260907,1,FIRST64,OC,C_EPISODIC,20,54.65792259935228,,
ORIGA,SEARCH,20260907,1,Q2,OD,NATIVE_UPDATE,70,85.96487153491339,85.94289347737983,0.02197805753356628
ORIGA,SEARCH,20260907,1,Q2,OC,NATIVE_UPDATE,70,67.26446010280843,67.2348481950054,0.029611907803035624
ORIGA,SEARCH,20260907,1,Q2,OD,NATIVE_HOLD,70,81.86991914449516,,
ORIGA,SEARCH,20260907,1,Q2,OC,NATIVE_HOLD,70,61.58458236274997,,
ORIGA,SEARCH,20260907,1,Q2,OD,SOURCE_UPDATE,70,82.43799995189659,82.38929365883779,0.048706293058810336
ORIGA,SEARCH,20260907,1,Q2,OC,SOURCE_UPDATE,70,64.46174066172442,64.40954013395461,0.0522005277698197
ORIGA,SEARCH,20260907,1,Q2,OD,SOURCE_HOLD,70,71.55913998567341,,
ORIGA,SEARCH,20260907,1,Q2,OC,SOURCE_HOLD,70,52.667386781161326,,
ORIGA,SEARCH,20260907,1,Q2,OD,SAME64_UPDATE,70,84.39370048202024,84.36573874362406,0.027961738396184984
ORIGA,SEARCH,20260907,1,Q2,OC,SAME64_UPDATE,70,67.18628712076699,67.14627131916134,0.040015801605649944
ORIGA,SEARCH,20260907,1,Q2,OD,SAME64_HOLD,70,77.92990674736517,,
ORIGA,SEARCH,20260907,1,Q2,OC,SAME64_HOLD,70,59.7436469949054,,
ORIGA,SEARCH,20260907,1,Q2,OD,CROSS64_UPDATE,70,82.07713285321529,82.0274574303553,0.049675422859991596
ORIGA,SEARCH,20260907,1,Q2,OC,CROSS64_UPDATE,70,63.85425213214033,63.80804436744085,0.046207764699479945
ORIGA,SEARCH,20260907,1,Q2,OD,CROSS64_HOLD,70,71.1126548705022,,
ORIGA,SEARCH,20260907,1,Q2,OC,CROSS64_HOLD,70,51.247282789015244,,
ORIGA,SEARCH,20260907,1,Q2,OD,ANCHOR,70,86.33340792421708,,
ORIGA,SEARCH,20260907,1,Q2,OC,ANCHOR,70,68.21705722125978,,
ORIGA,SEARCH,20260907,1,Q2,OD,C_EPISODIC,70,72.01874582198012,,
ORIGA,SEARCH,20260907,1,Q2,OC,C_EPISODIC,70,53.039714439370975,,
ORIGA,SEALED_REVIEW,20260907,1,Q2,OD,NATIVE_UPDATE,62,85.90367864560002,85.88639523189289,0.017283413707145798
ORIGA,SEALED_REVIEW,20260907,1,Q2,OC,NATIVE_UPDATE,62,70.81055432803761,70.78357535780295,0.0269789702346693
ORIGA,SEALED_REVIEW,20260907,1,Q2,OD,NATIVE_HOLD,62,82.24875966221713,,
ORIGA,SEALED_REVIEW,20260907,1,Q2,OC,NATIVE_HOLD,62,65.2080947452663,,
ORIGA,SEALED_REVIEW,20260907,1,Q2,OD,SOURCE_UPDATE,62,83.3751164238359,83.31893445536373,0.056181968472176415
ORIGA,SEALED_REVIEW,20260907,1,Q2,OC,SOURCE_UPDATE,62,68.50490602437884,68.43859877766093,0.06630724671790329
ORIGA,SEALED_REVIEW,20260907,1,Q2,OD,SOURCE_HOLD,62,71.38839435425128,,
ORIGA,SEALED_REVIEW,20260907,1,Q2,OC,SOURCE_HOLD,62,55.10002715955557,,
ORIGA,SEALED_REVIEW,20260907,1,Q2,OD,SAME64_UPDATE,62,85.16187136372216,85.11274771691039,0.04912364681175829
ORIGA,SEALED_REVIEW,20260907,1,Q2,OC,SAME64_UPDATE,62,71.52313524301287,71.4416612047694,0.08147403824347302
ORIGA,SEALED_REVIEW,20260907,1,Q2,OD,SAME64_HOLD,62,77.72680636695245,,
ORIGA,SEALED_REVIEW,20260907,1,Q2,OC,SAME64_HOLD,62,63.34737324522346,,
ORIGA,SEALED_REVIEW,20260907,1,Q2,OD,CROSS64_UPDATE,62,83.16719108742959,83.11451503627399,0.05267605115560473
ORIGA,SEALED_REVIEW,20260907,1,Q2,OC,CROSS64_UPDATE,62,68.39832352643053,68.31570506951927,0.08261845691126499
ORIGA,SEALED_REVIEW,20260907,1,Q2,OD,CROSS64_HOLD,62,71.08563801214488,,
ORIGA,SEALED_REVIEW,20260907,1,Q2,OC,CROSS64_HOLD,62,55.098888862052895,,
ORIGA,SEALED_REVIEW,20260907,1,Q2,OD,ANCHOR,62,86.07790658358844,,
ORIGA,SEALED_REVIEW,20260907,1,Q2,OC,ANCHOR,62,71.35757007521984,,
ORIGA,SEALED_REVIEW,20260907,1,Q2,OD,C_EPISODIC,62,71.94268442956803,,
ORIGA,SEALED_REVIEW,20260907,1,Q2,OC,C_EPISODIC,62,55.95134004801986,,
ORIGA,SEALED_REVIEW,20260907,1,Q3,OD,NATIVE_UPDATE,45,88.07691699292357,88.07684442758834,7.256533523625208e-05
ORIGA,SEALED_REVIEW,20260907,1,Q3,OC,NATIVE_UPDATE,45,70.82562279166575,70.8166169220551,0.009005869610644066
ORIGA,SEALED_REVIEW,20260907,1,Q3,OD,NATIVE_HOLD,45,83.49361416286658,,
ORIGA,SEALED_REVIEW,20260907,1,Q3,OC,NATIVE_HOLD,45,64.99745427412923,,
ORIGA,SEALED_REVIEW,20260907,1,Q3,OD,SOURCE_UPDATE,45,85.4137688937772,85.40401458604508,0.009754307732114942
ORIGA,SEALED_REVIEW,20260907,1,Q3,OC,SOURCE_UPDATE,45,70.00577778984261,69.99829331344776,0.007484476394863259
ORIGA,SEALED_REVIEW,20260907,1,Q3,OD,SOURCE_HOLD,45,73.13453177530263,,
ORIGA,SEALED_REVIEW,20260907,1,Q3,OC,SOURCE_HOLD,45,55.25252493968499,,
ORIGA,SEALED_REVIEW,20260907,1,Q3,OD,SAME64_UPDATE,45,86.44909855116569,86.4385905564369,0.010507994728779687
ORIGA,SEALED_REVIEW,20260907,1,Q3,OC,SAME64_UPDATE,45,71.5099634638963,71.50338470418089,0.00657875971540557
ORIGA,SEALED_REVIEW,20260907,1,Q3,OD,SAME64_HOLD,45,79.06690423815694,,
ORIGA,SEALED_REVIEW,20260907,1,Q3,OC,SAME64_HOLD,45,62.206164223207864,,
ORIGA,SEALED_REVIEW,20260907,1,Q3,OD,CROSS64_UPDATE,45,85.25409482786196,85.2465647875033,0.007530040358646585
ORIGA,SEALED_REVIEW,20260907,1,Q3,OC,CROSS64_UPDATE,45,69.52107240881854,69.51352229381341,0.0075501150051259115
ORIGA,SEALED_REVIEW,20260907,1,Q3,OD,CROSS64_HOLD,45,72.83749130493263,,
ORIGA,SEALED_REVIEW,20260907,1,Q3,OC,CROSS64_HOLD,45,54.50847823977419,,
ORIGA,SEALED_REVIEW,20260907,1,Q3,OD,ANCHOR,45,88.29378573335227,,
ORIGA,SEALED_REVIEW,20260907,1,Q3,OC,ANCHOR,45,71.45326145513428,,
ORIGA,SEALED_REVIEW,20260907,1,Q3,OD,C_EPISODIC,45,73.58132512291375,,
ORIGA,SEALED_REVIEW,20260907,1,Q3,OC,C_EPISODIC,45,55.964021253880716,,
ORIGA,SEARCH,20260907,1,Q3,OD,NATIVE_UPDATE,88,88.04295607363535,88.03258203271359,0.01037404092176054
ORIGA,SEARCH,20260907,1,Q3,OC,NATIVE_UPDATE,88,69.54596331832006,69.52456387935884,0.021399438961226497
ORIGA,SEARCH,20260907,1,Q3,OD,NATIVE_HOLD,88,82.4021023748242,,
ORIGA,SEARCH,20260907,1,Q3,OC,NATIVE_HOLD,88,61.19659033497859,,
ORIGA,SEARCH,20260907,1,Q3,OD,SOURCE_UPDATE,88,85.85359044586109,85.82744670844343,0.02614373741764103
ORIGA,SEARCH,20260907,1,Q3,OC,SOURCE_UPDATE,88,67.36631211732512,67.31964561835017,0.04666649897495095
ORIGA,SEARCH,20260907,1,Q3,OD,SOURCE_HOLD,88,72.09234715950387,,
ORIGA,SEARCH,20260907,1,Q3,OC,SOURCE_HOLD,88,50.082464909498334,,
ORIGA,SEARCH,20260907,1,Q3,OD,SAME64_UPDATE,88,87.05738485729032,87.03606301304174,0.02132184424857411
ORIGA,SEARCH,20260907,1,Q3,OC,SAME64_UPDATE,88,69.56145247649151,69.5255315956492,0.035920880842311674
ORIGA,SEARCH,20260907,1,Q3,OD,SAME64_HOLD,88,78.04679939347724,,
ORIGA,SEARCH,20260907,1,Q3,OC,SAME64_HOLD,88,57.349905127365716,,
ORIGA,SEARCH,20260907,1,Q3,OD,CROSS64_UPDATE,88,85.59518608714562,85.57167344275167,0.02351264439394379
ORIGA,SEARCH,20260907,1,Q3,OC,CROSS64_UPDATE,88,66.86170440872884,66.8159155562587,0.04578885247014273
ORIGA,SEARCH,20260907,1,Q3,OD,CROSS64_HOLD,88,71.38538166648554,,
ORIGA,SEARCH,20260907,1,Q3,OC,CROSS64_HOLD,88,49.48222539597017,,
ORIGA,SEARCH,20260907,1,Q3,OD,ANCHOR,88,88.2043432052024,,
ORIGA,SEARCH,20260907,1,Q3,OC,ANCHOR,88,70.29944905674284,,
ORIGA,SEARCH,20260907,1,Q3,OD,C_EPISODIC,88,72.49734488402194,,
ORIGA,SEARCH,20260907,1,Q3,OC,C_EPISODIC,88,50.64063996610447,,
ORIGA,SEARCH,20260907,1,Q4,OD,NATIVE_UPDATE,77,93.98295700263078,93.9812823072179,0.0016746954128887394
ORIGA,SEARCH,20260907,1,Q4,OC,NATIVE_UPDATE,77,77.22991627663109,77.22929959238654,0.000616684244555136
ORIGA,SEARCH,20260907,1,Q4,OD,NATIVE_HOLD,77,92.1719421434961,,
ORIGA,SEARCH,20260907,1,Q4,OC,NATIVE_HOLD,77,74.92519845072192,,
ORIGA,SEARCH,20260907,1,Q4,OD,SOURCE_UPDATE,77,91.03502328169793,91.0301035672514,0.004919714446527679
ORIGA,SEARCH,20260907,1,Q4,OC,SOURCE_UPDATE,77,75.49422847734495,75.48919212829279,0.005036349052149632
ORIGA,SEARCH,20260907,1,Q4,OD,SOURCE_HOLD,77,85.66665926432658,,
ORIGA,SEARCH,20260907,1,Q4,OC,SOURCE_HOLD,77,71.12028015225066,,
ORIGA,SEARCH,20260907,1,Q4,OD,SAME64_UPDATE,77,91.17640926719501,91.170064982459,0.0063442847360213155
ORIGA,SEARCH,20260907,1,Q4,OC,SAME64_UPDATE,77,75.72045775768093,75.71597808956271,0.0044796681182348525
ORIGA,SEARCH,20260907,1,Q4,OD,SAME64_HOLD,77,87.34105786326391,,
ORIGA,SEARCH,20260907,1,Q4,OC,SAME64_HOLD,77,72.90036397469693,,
ORIGA,SEARCH,20260907,1,Q4,OD,CROSS64_UPDATE,77,91.37525271102722,91.36915085245802,0.006101858569209293
ORIGA,SEARCH,20260907,1,Q4,OC,CROSS64_UPDATE,77,75.81412167600142,75.80681398424946,0.00730769175196665
ORIGA,SEARCH,20260907,1,Q4,OD,CROSS64_HOLD,77,85.08093963217307,,
ORIGA,SEARCH,20260907,1,Q4,OC,CROSS64_HOLD,77,70.71634732136796,,
ORIGA,SEARCH,20260907,1,Q4,OD,ANCHOR,77,94.00479577896733,,
ORIGA,SEARCH,20260907,1,Q4,OC,ANCHOR,77,77.92062728720849,,
ORIGA,SEARCH,20260907,1,Q4,OD,C_EPISODIC,77,85.82201772747996,,
ORIGA,SEARCH,20260907,1,Q4,OC,C_EPISODIC,77,71.3899716298972,,
ORIGA,SEALED_REVIEW,20260907,1,Q4,OD,NATIVE_UPDATE,57,94.37690764689613,94.37621799506097,0.00068965183515867
ORIGA,SEALED_REVIEW,20260907,1,Q4,OC,NATIVE_UPDATE,57,78.03095654318858,78.03230154138103,-0.001344998192452091
ORIGA,SEALED_REVIEW,20260907,1,Q4,OD,NATIVE_HOLD,57,93.07414427514516,,
ORIGA,SEALED_REVIEW,20260907,1,Q4,OC,NATIVE_HOLD,57,76.34847590805329,,
ORIGA,SEALED_REVIEW,20260907,1,Q4,OD,SOURCE_UPDATE,57,92.00166514482943,91.99603180444299,0.005633340386446529
ORIGA,SEALED_REVIEW,20260907,1,Q4,OC,SOURCE_UPDATE,57,77.52217669126496,77.51220061387598,0.009976077388994083
ORIGA,SEALED_REVIEW,20260907,1,Q4,OD,SOURCE_HOLD,57,87.06359518876067,,
ORIGA,SEALED_REVIEW,20260907,1,Q4,OC,SOURCE_HOLD,57,73.87954047338205,,
ORIGA,SEALED_REVIEW,20260907,1,Q4,OD,SAME64_UPDATE,57,92.07966705217977,92.07430345258926,0.005363599590496105
ORIGA,SEALED_REVIEW,20260907,1,Q4,OC,SAME64_UPDATE,57,77.63648137972542,77.62748920395792,0.008992175767496918
ORIGA,SEALED_REVIEW,20260907,1,Q4,OD,SAME64_HOLD,57,88.74740300219247,,
ORIGA,SEALED_REVIEW,20260907,1,Q4,OC,SAME64_HOLD,57,75.75764141579067,,
ORIGA,SEALED_REVIEW,20260907,1,Q4,OD,CROSS64_UPDATE,57,92.2871718905485,92.28030876002116,0.006863130527343742
ORIGA,SEALED_REVIEW,20260907,1,Q4,OC,CROSS64_UPDATE,57,77.73348202312928,77.72705199880006,0.006430024329210535
ORIGA,SEALED_REVIEW,20260907,1,Q4,OD,CROSS64_HOLD,57,86.70509820381923,,
ORIGA,SEALED_REVIEW,20260907,1,Q4,OC,CROSS64_HOLD,57,73.34546265462231,,
ORIGA,SEALED_REVIEW,20260907,1,Q4,OD,ANCHOR,57,94.33089324894628,,
ORIGA,SEALED_REVIEW,20260907,1,Q4,OC,ANCHOR,57,78.52436764848024,,
ORIGA,SEALED_REVIEW,20260907,1,Q4,OD,C_EPISODIC,57,87.20139918106531,,
ORIGA,SEALED_REVIEW,20260907,1,Q4,OC,C_EPISODIC,57,74.23119971526644,,
REFUGE_Valid,SEARCH,20260907,1,ALL,OD,NATIVE_UPDATE,406,81.54632896572338,81.54988740808369,-0.003558442360316319
REFUGE_Valid,SEARCH,20260907,1,ALL,OC,NATIVE_UPDATE,406,64.19048969823915,64.18992549015833,0.0005642080808247761
REFUGE_Valid,SEARCH,20260907,1,Q1,OD,NATIVE_UPDATE,97,82.9065106296047,82.90564387712769,0.0008667524770132849
REFUGE_Valid,SEARCH,20260907,1,Q1,OC,NATIVE_UPDATE,97,62.580735146485054,62.5840990099607,-0.0033638634756468673
REFUGE_Valid,SEARCH,20260907,1,FIRST64,OD,NATIVE_UPDATE,39,82.90437859313148,82.90341446903977,0.0009641240917179772
REFUGE_Valid,SEARCH,20260907,1,FIRST64,OC,NATIVE_UPDATE,39,63.937916043836104,63.94101289676767,-0.0030968529315622832
REFUGE_Valid,SEARCH,20260907,1,ALL,OD,NATIVE_HOLD,406,84.99783224050043,,
REFUGE_Valid,SEARCH,20260907,1,ALL,OC,NATIVE_HOLD,406,66.02520168427623,,
REFUGE_Valid,SEARCH,20260907,1,Q1,OD,NATIVE_HOLD,97,83.63072315864007,,
REFUGE_Valid,SEARCH,20260907,1,Q1,OC,NATIVE_HOLD,97,63.22300156690213,,
REFUGE_Valid,SEARCH,20260907,1,FIRST64,OD,NATIVE_HOLD,39,82.83106366636542,,
REFUGE_Valid,SEARCH,20260907,1,FIRST64,OC,NATIVE_HOLD,39,64.19145325220921,,
REFUGE_Valid,SEARCH,20260907,1,ALL,OD,SOURCE_UPDATE,406,83.74382072661129,83.73341466838541,0.010406058225890785
REFUGE_Valid,SEARCH,20260907,1,ALL,OC,SOURCE_UPDATE,406,65.39199574353452,65.38929482296803,0.002700920566503691
REFUGE_Valid,SEARCH,20260907,1,Q1,OD,SOURCE_UPDATE,97,83.68894718286003,83.65483859639518,0.03410858646484793
REFUGE_Valid,SEARCH,20260907,1,Q1,OC,SOURCE_UPDATE,97,63.57945910416336,63.57917914305434,0.0002799611090147049
REFUGE_Valid,SEARCH,20260907,1,FIRST64,OD,SOURCE_UPDATE,39,82.63808742527974,82.59524665893443,0.04284076634530428
REFUGE_Valid,SEARCH,20260907,1,FIRST64,OC,SOURCE_UPDATE,39,64.59818955164323,64.58845755027845,0.009732001364775148
REFUGE_Valid,SEARCH,20260907,1,ALL,OD,SOURCE_HOLD,406,84.08452106164629,,
REFUGE_Valid,SEARCH,20260907,1,ALL,OC,SOURCE_HOLD,406,66.39393397143391,,
REFUGE_Valid,SEARCH,20260907,1,Q1,OD,SOURCE_HOLD,97,82.65345888508554,,
REFUGE_Valid,SEARCH,20260907,1,Q1,OC,SOURCE_HOLD,97,63.65922344112908,,
REFUGE_Valid,SEARCH,20260907,1,FIRST64,OD,SOURCE_HOLD,39,81.90239752216513,,
REFUGE_Valid,SEARCH,20260907,1,FIRST64,OC,SOURCE_HOLD,39,64.53460729301077,,
REFUGE_Valid,SEARCH,20260907,1,ALL,OD,SAME64_UPDATE,406,83.29392795606869,83.28991634539747,0.004011610671218029
REFUGE_Valid,SEARCH,20260907,1,ALL,OC,SAME64_UPDATE,406,65.11329665092933,65.11084029451334,0.0024563564159840174
REFUGE_Valid,SEARCH,20260907,1,Q1,OD,SAME64_UPDATE,97,83.73278203860899,83.71256098623381,0.02022105237518814
REFUGE_Valid,SEARCH,20260907,1,Q1,OC,SAME64_UPDATE,97,63.32003235654056,63.31671680845182,0.0033155480887392397
REFUGE_Valid,SEARCH,20260907,1,FIRST64,OD,SAME64_UPDATE,39,83.39850721997955,83.37588269632882,0.02262452365072891
REFUGE_Valid,SEARCH,20260907,1,FIRST64,OC,SAME64_UPDATE,39,64.47530071239912,64.4638452571758,0.01145545522330858
REFUGE_Valid,SEARCH,20260907,1,ALL,OD,SAME64_HOLD,406,85.56149685554072,,
REFUGE_Valid,SEARCH,20260907,1,ALL,OC,SAME64_HOLD,406,66.31529503143203,,
REFUGE_Valid,SEARCH,20260907,1,Q1,OD,SAME64_HOLD,97,84.16857857538112,,
REFUGE_Valid,SEARCH,20260907,1,Q1,OC,SAME64_HOLD,97,63.760037470071296,,
REFUGE_Valid,SEARCH,20260907,1,FIRST64,OD,SAME64_HOLD,39,83.4990504281786,,
REFUGE_Valid,SEARCH,20260907,1,FIRST64,OC,SAME64_HOLD,39,64.65601173110977,,
REFUGE_Valid,SEARCH,20260907,1,ALL,OD,CROSS64_UPDATE,406,82.576514641587,82.57182142401999,0.004693217567007886
REFUGE_Valid,SEARCH,20260907,1,ALL,OC,CROSS64_UPDATE,406,64.73630001597176,64.73632996696351,-2.9950991759158636e-05
REFUGE_Valid,SEARCH,20260907,1,Q1,OD,CROSS64_UPDATE,97,83.03026367023348,83.0053286706293,0.024934999604186762
REFUGE_Valid,SEARCH,20260907,1,Q1,OC,CROSS64_UPDATE,97,62.947821981969824,62.94916578069423,-0.0013437987244052138
REFUGE_Valid,SEARCH,20260907,1,FIRST64,OD,CROSS64_UPDATE,39,81.86359090710329,81.81911839604827,0.04447251105501707
REFUGE_Valid,SEARCH,20260907,1,FIRST64,OC,CROSS64_UPDATE,39,63.9641649085477,63.95031751734906,0.01384739119863519
REFUGE_Valid,SEARCH,20260907,1,ALL,OD,CROSS64_HOLD,406,83.34704103500322,,
REFUGE_Valid,SEARCH,20260907,1,ALL,OC,CROSS64_HOLD,406,65.84915212389569,,
REFUGE_Valid,SEARCH,20260907,1,Q1,OD,CROSS64_HOLD,97,81.80082575892136,,
REFUGE_Valid,SEARCH,20260907,1,Q1,OC,CROSS64_HOLD,97,62.992484676785374,,
REFUGE_Valid,SEARCH,20260907,1,FIRST64,OD,CROSS64_HOLD,39,80.93777182658563,,
REFUGE_Valid,SEARCH,20260907,1,FIRST64,OC,CROSS64_HOLD,39,63.95138214806251,,
REFUGE_Valid,SEARCH,20260907,1,ALL,OD,ANCHOR,406,80.39220925602916,,
REFUGE_Valid,SEARCH,20260907,1,ALL,OC,ANCHOR,406,63.4982630741373,,
REFUGE_Valid,SEARCH,20260907,1,Q1,OD,ANCHOR,97,82.35654270920674,,
REFUGE_Valid,SEARCH,20260907,1,Q1,OC,ANCHOR,97,62.31543492812055,,
REFUGE_Valid,SEARCH,20260907,1,FIRST64,OD,ANCHOR,39,82.52688601035342,,
REFUGE_Valid,SEARCH,20260907,1,FIRST64,OC,ANCHOR,39,63.77815010117093,,
REFUGE_Valid,SEARCH,20260907,1,ALL,OD,C_EPISODIC,406,84.30994969015404,,
REFUGE_Valid,SEARCH,20260907,1,ALL,OC,C_EPISODIC,406,66.4714659202546,,
REFUGE_Valid,SEARCH,20260907,1,Q1,OD,C_EPISODIC,97,82.95547358934674,,
REFUGE_Valid,SEARCH,20260907,1,Q1,OC,C_EPISODIC,97,63.67335598299769,,
REFUGE_Valid,SEARCH,20260907,1,FIRST64,OD,C_EPISODIC,39,82.10548845828882,,
REFUGE_Valid,SEARCH,20260907,1,FIRST64,OC,C_EPISODIC,39,64.46368712476558,,
REFUGE_Valid,SEALED_REVIEW,20260907,1,ALL,OD,NATIVE_UPDATE,269,83.46276799991583,83.4789656575807,-0.01619765766488219
REFUGE_Valid,SEALED_REVIEW,20260907,1,ALL,OC,NATIVE_UPDATE,269,64.75924068438572,64.7608257047279,-0.0015850203421843422
REFUGE_Valid,SEALED_REVIEW,20260907,1,Q1,OD,NATIVE_UPDATE,69,84.6318360095089,84.63645944400537,-0.004623434496463342
REFUGE_Valid,SEALED_REVIEW,20260907,1,Q1,OC,NATIVE_UPDATE,69,64.29510342835239,64.29654043746369,-0.0014370091113041692
REFUGE_Valid,SEALED_REVIEW,20260907,1,FIRST64,OD,NATIVE_UPDATE,20,87.21816030492097,87.22474640130426,-0.0065860963832786714
REFUGE_Valid,SEALED_REVIEW,20260907,1,FIRST64,OC,NATIVE_UPDATE,20,67.51396854955674,67.51634626925227,-0.0023777196955268587
REFUGE_Valid,SEALED_REVIEW,20260907,1,ALL,OD,NATIVE_HOLD,269,86.7328937259658,,
REFUGE_Valid,SEALED_REVIEW,20260907,1,ALL,OC,NATIVE_HOLD,269,66.39911242284194,,
REFUGE_Valid,SEALED_REVIEW,20260907,1,Q1,OD,NATIVE_HOLD,69,85.74618100872937,,
REFUGE_Valid,SEALED_REVIEW,20260907,1,Q1,OC,NATIVE_HOLD,69,64.84470999108969,,
REFUGE_Valid,SEALED_REVIEW,20260907,1,FIRST64,OD,NATIVE_HOLD,20,87.60170980358602,,
REFUGE_Valid,SEALED_REVIEW,20260907,1,FIRST64,OC,NATIVE_HOLD,20,67.75212759720254,,
REFUGE_Valid,SEALED_REVIEW,20260907,1,ALL,OD,SOURCE_UPDATE,269,85.6640545603273,85.67596323677341,-0.011908676446101243
REFUGE_Valid,SEALED_REVIEW,20260907,1,ALL,OC,SOURCE_UPDATE,269,65.98650180986391,65.98721436196656,-0.0007125521026558761
REFUGE_Valid,SEALED_REVIEW,20260907,1,Q1,OD,SOURCE_UPDATE,69,86.00328540514082,85.99369064050194,0.009594764638884624
REFUGE_Valid,SEALED_REVIEW,20260907,1,Q1,OC,SOURCE_UPDATE,69,65.28473646566736,65.27869021505225,0.006046250615120575
REFUGE_Valid,SEALED_REVIEW,20260907,1,FIRST64,OD,SOURCE_UPDATE,20,88.25152933622505,88.22969202973037,0.021837306494672526
REFUGE_Valid,SEALED_REVIEW,20260907,1,FIRST64,OC,SOURCE_UPDATE,20,68.40106553243382,68.40678123385533,-0.005715701421505903
REFUGE_Valid,SEALED_REVIEW,20260907,1,ALL,OD,SOURCE_HOLD,269,86.1588258244221,,
REFUGE_Valid,SEALED_REVIEW,20260907,1,ALL,OC,SOURCE_HOLD,269,67.06294196122838,,
REFUGE_Valid,SEALED_REVIEW,20260907,1,Q1,OD,SOURCE_HOLD,69,85.57440745098312,,
REFUGE_Valid,SEALED_REVIEW,20260907,1,Q1,OC,SOURCE_HOLD,69,65.387031694222,,
REFUGE_Valid,SEALED_REVIEW,20260907,1,FIRST64,OD,SOURCE_HOLD,20,87.71734701521636,,
REFUGE_Valid,SEALED_REVIEW,20260907,1,FIRST64,OC,SOURCE_HOLD,20,68.6694185577723,,
REFUGE_Valid,SEALED_REVIEW,20260907,1,ALL,OD,SAME64_UPDATE,269,85.1280051356689,85.1420205636325,-0.014015427963607652
REFUGE_Valid,SEALED_REVIEW,20260907,1,ALL,OC,SAME64_UPDATE,269,65.68022551881478,65.68380591176978,-0.0035803929549902648
REFUGE_Valid,SEALED_REVIEW,20260907,1,Q1,OD,SAME64_UPDATE,69,85.6348039825885,85.63936893364563,-0.0045649510571302895
REFUGE_Valid,SEALED_REVIEW,20260907,1,Q1,OC,SAME64_UPDATE,69,64.82883458995151,64.8290958285526,-0.00026123860108763074
REFUGE_Valid,SEALED_REVIEW,20260907,1,FIRST64,OD,SAME64_UPDATE,20,88.15532707129078,88.16177608535612,-0.006449014065340597
REFUGE_Valid,SEALED_REVIEW,20260907,1,FIRST64,OC,SAME64_UPDATE,20,67.48953739837768,67.49726275027376,-0.007725351896097354
REFUGE_Valid,SEALED_REVIEW,20260907,1,ALL,OD,SAME64_HOLD,269,87.42371046264292,,
REFUGE_Valid,SEALED_REVIEW,20260907,1,ALL,OC,SAME64_HOLD,269,66.84987013580619,,
REFUGE_Valid,SEALED_REVIEW,20260907,1,Q1,OD,SAME64_HOLD,69,86.47151437988627,,
REFUGE_Valid,SEALED_REVIEW,20260907,1,Q1,OC,SAME64_HOLD,69,65.31797350563536,,
REFUGE_Valid,SEALED_REVIEW,20260907,1,FIRST64,OD,SAME64_HOLD,20,88.56410684010064,,
REFUGE_Valid,SEALED_REVIEW,20260907,1,FIRST64,OC,SAME64_HOLD,20,67.93056931814469,,
REFUGE_Valid,SEALED_REVIEW,20260907,1,ALL,OD,CROSS64_UPDATE,269,84.54583230545728,84.55879151838921,-0.012959212931938538
REFUGE_Valid,SEALED_REVIEW,20260907,1,ALL,OC,CROSS64_UPDATE,269,65.31960605764147,65.32153900029218,-0.001932942650700586
REFUGE_Valid,SEALED_REVIEW,20260907,1,Q1,OD,CROSS64_UPDATE,69,85.16948011989477,85.1603458175893,0.009134302305470365
REFUGE_Valid,SEALED_REVIEW,20260907,1,Q1,OC,CROSS64_UPDATE,69,64.7065967184269,64.7048055004231,0.0017912180038024707
REFUGE_Valid,SEALED_REVIEW,20260907,1,FIRST64,OD,CROSS64_UPDATE,20,87.2018376219541,87.18040207856373,0.021435543390378453
REFUGE_Valid,SEALED_REVIEW,20260907,1,FIRST64,OC,CROSS64_UPDATE,20,67.89952303785722,67.89753059674433,0.001992441112884935
REFUGE_Valid,SEALED_REVIEW,20260907,1,ALL,OD,CROSS64_HOLD,269,85.25866023751657,,
REFUGE_Valid,SEALED_REVIEW,20260907,1,ALL,OC,CROSS64_HOLD,269,66.4019356029962,,
REFUGE_Valid,SEALED_REVIEW,20260907,1,Q1,OD,CROSS64_HOLD,69,84.66377059048297,,
REFUGE_Valid,SEALED_REVIEW,20260907,1,Q1,OC,CROSS64_HOLD,69,64.66626219118996,,
REFUGE_Valid,SEALED_REVIEW,20260907,1,FIRST64,OD,CROSS64_HOLD,20,86.63060968714304,,
REFUGE_Valid,SEALED_REVIEW,20260907,1,FIRST64,OC,CROSS64_HOLD,20,68.11509652685234,,
REFUGE_Valid,SEALED_REVIEW,20260907,1,ALL,OD,ANCHOR,269,82.33110930330596,,
REFUGE_Valid,SEALED_REVIEW,20260907,1,ALL,OC,ANCHOR,269,64.07203077616511,,
REFUGE_Valid,SEALED_REVIEW,20260907,1,Q1,OD,ANCHOR,69,84.06830509253997,,
REFUGE_Valid,SEALED_REVIEW,20260907,1,Q1,OC,ANCHOR,69,64.0121318249486,,
REFUGE_Valid,SEALED_REVIEW,20260907,1,FIRST64,OD,ANCHOR,20,86.90258038232453,,
REFUGE_Valid,SEALED_REVIEW,20260907,1,FIRST64,OC,ANCHOR,20,67.36037308006568,,
REFUGE_Valid,SEALED_REVIEW,20260907,1,ALL,OD,C_EPISODIC,269,86.30302627799763,,
REFUGE_Valid,SEALED_REVIEW,20260907,1,ALL,OC,C_EPISODIC,269,67.09398285855673,,
REFUGE_Valid,SEALED_REVIEW,20260907,1,Q1,OD,C_EPISODIC,69,85.73265698998492,,
REFUGE_Valid,SEALED_REVIEW,20260907,1,Q1,OC,C_EPISODIC,69,65.43947871976432,,
REFUGE_Valid,SEALED_REVIEW,20260907,1,FIRST64,OD,C_EPISODIC,20,87.89266866560116,,
REFUGE_Valid,SEALED_REVIEW,20260907,1,FIRST64,OC,C_EPISODIC,20,68.60603786581468,,
REFUGE_Valid,SEALED_REVIEW,20260907,1,Q2,OD,NATIVE_UPDATE,80,84.57446855061077,84.59467117522567,-0.020202624614901465
REFUGE_Valid,SEALED_REVIEW,20260907,1,Q2,OC,NATIVE_UPDATE,80,67.14857737186132,67.14988978883592,-0.0013124169745928893
REFUGE_Valid,SEALED_REVIEW,20260907,1,Q2,OD,NATIVE_HOLD,80,87.00228391930469,,
REFUGE_Valid,SEALED_REVIEW,20260907,1,Q2,OC,NATIVE_HOLD,80,68.36201583922788,,
REFUGE_Valid,SEALED_REVIEW,20260907,1,Q2,OD,SOURCE_UPDATE,80,86.59539613382199,86.6107988624169,-0.01540272859490488
REFUGE_Valid,SEALED_REVIEW,20260907,1,Q2,OC,SOURCE_UPDATE,80,68.253700591752,68.25900491913771,-0.005304327385725824
REFUGE_Valid,SEALED_REVIEW,20260907,1,Q2,OD,SOURCE_HOLD,80,86.77564121992681,,
REFUGE_Valid,SEALED_REVIEW,20260907,1,Q2,OC,SOURCE_HOLD,80,69.00905416238659,,
REFUGE_Valid,SEALED_REVIEW,20260907,1,Q2,OD,SAME64_UPDATE,80,86.0874738084305,86.10467068369367,-0.017196875263164463
REFUGE_Valid,SEALED_REVIEW,20260907,1,Q2,OC,SAME64_UPDATE,80,67.99566489557377,68.00297874069079,-0.00731384511702203
REFUGE_Valid,SEALED_REVIEW,20260907,1,Q2,OD,SAME64_HOLD,80,87.70296059170572,,
REFUGE_Valid,SEALED_REVIEW,20260907,1,Q2,OC,SAME64_HOLD,80,68.74186497363796,,
REFUGE_Valid,SEALED_REVIEW,20260907,1,Q2,OD,CROSS64_UPDATE,80,85.65736038684186,85.68006846272755,-0.022708075885692625
REFUGE_Valid,SEALED_REVIEW,20260907,1,Q2,OC,CROSS64_UPDATE,80,67.66058706288125,67.66468261666118,-0.004095553779940031
REFUGE_Valid,SEALED_REVIEW,20260907,1,Q2,OD,CROSS64_HOLD,80,85.86286866465545,,
REFUGE_Valid,SEALED_REVIEW,20260907,1,Q2,OC,CROSS64_HOLD,80,68.28652542579017,,
REFUGE_Valid,SEALED_REVIEW,20260907,1,Q2,OD,ANCHOR,80,83.52832441664249,,
REFUGE_Valid,SEALED_REVIEW,20260907,1,Q2,OC,ANCHOR,80,66.55416374842208,,
REFUGE_Valid,SEALED_REVIEW,20260907,1,Q2,OD,C_EPISODIC,80,86.94062282298245,,
REFUGE_Valid,SEALED_REVIEW,20260907,1,Q2,OC,C_EPISODIC,80,69.05430632699344,,
REFUGE_Valid,SEARCH,20260907,1,Q2,OD,NATIVE_UPDATE,89,83.32478619938368,83.33939317291286,-0.014606973529187505
REFUGE_Valid,SEARCH,20260907,1,Q2,OC,NATIVE_UPDATE,89,66.01499310229262,66.01313157577161,0.001861526521007136
REFUGE_Valid,SEARCH,20260907,1,Q2,OD,NATIVE_HOLD,89,85.8760724420722,,
REFUGE_Valid,SEARCH,20260907,1,Q2,OC,NATIVE_HOLD,89,67.14447661010608,,
REFUGE_Valid,SEARCH,20260907,1,Q2,OD,SOURCE_UPDATE,89,85.63356683518447,85.63521053624392,-0.0016437010594461871
REFUGE_Valid,SEARCH,20260907,1,Q2,OC,SOURCE_UPDATE,89,66.87232240719028,66.86928556182356,0.003036845366717096
REFUGE_Valid,SEARCH,20260907,1,Q2,OD,SOURCE_HOLD,89,85.26211478789409,,
REFUGE_Valid,SEARCH,20260907,1,Q2,OC,SOURCE_HOLD,89,67.99456581880115,,
REFUGE_Valid,SEARCH,20260907,1,Q2,OD,SAME64_UPDATE,89,85.09998192454823,85.10798048270597,-0.007998558157742195
REFUGE_Valid,SEARCH,20260907,1,Q2,OC,SAME64_UPDATE,89,66.64681490178559,66.64698411820282,-0.0001692164172307538
REFUGE_Valid,SEARCH,20260907,1,Q2,OD,SAME64_HOLD,89,86.50989553864096,,
REFUGE_Valid,SEARCH,20260907,1,Q2,OC,SAME64_HOLD,89,67.46021166741365,,
REFUGE_Valid,SEARCH,20260907,1,Q2,OD,CROSS64_UPDATE,89,84.51645551846208,84.52252959689146,-0.0060740784293807
REFUGE_Valid,SEARCH,20260907,1,Q2,OC,CROSS64_UPDATE,89,66.45729085734072,66.46004248007635,-0.0027516227356399214
REFUGE_Valid,SEARCH,20260907,1,Q2,OD,CROSS64_HOLD,89,84.55128309193755,,
REFUGE_Valid,SEARCH,20260907,1,Q2,OC,CROSS64_HOLD,89,67.54921418137681,,
REFUGE_Valid,SEARCH,20260907,1,Q2,OD,ANCHOR,89,82.17154884691418,,
REFUGE_Valid,SEARCH,20260907,1,Q2,OC,ANCHOR,89,65.46306817315694,,
REFUGE_Valid,SEARCH,20260907,1,Q2,OD,C_EPISODIC,89,85.38751614693017,,
REFUGE_Valid,SEARCH,20260907,1,Q2,OC,C_EPISODIC,89,68.04385949301724,,
REFUGE_Valid,SEARCH,20260907,1,Q3,OD,NATIVE_UPDATE,100,81.8975593875137,81.89389778421561,0.0036616032980885116
REFUGE_Valid,SEARCH,20260907,1,Q3,OC,NATIVE_UPDATE,100,65.94293750626323,65.93649031606492,0.006447190198301756
REFUGE_Valid,SEARCH,20260907,1,Q3,OD,NATIVE_HOLD,100,85.57657718942069,,
REFUGE_Valid,SEARCH,20260907,1,Q3,OC,NATIVE_HOLD,100,67.87043723882637,,
REFUGE_Valid,SEARCH,20260907,1,Q3,OD,SOURCE_UPDATE,100,84.17950711713075,84.16308085585969,0.016426261271066778
REFUGE_Valid,SEARCH,20260907,1,Q3,OC,SOURCE_UPDATE,100,67.16135674833536,67.15291816078627,0.008438587549098125
REFUGE_Valid,SEARCH,20260907,1,Q3,OD,SOURCE_HOLD,100,84.35205902500844,,
REFUGE_Valid,SEARCH,20260907,1,Q3,OC,SOURCE_HOLD,100,67.88126808183193,,
REFUGE_Valid,SEARCH,20260907,1,Q3,OD,SAME64_UPDATE,100,83.6306159917307,83.62174710953806,0.008868882192633265
REFUGE_Valid,SEARCH,20260907,1,Q3,OC,SAME64_UPDATE,100,66.91281631085918,66.90400094486478,0.0088153659944116
REFUGE_Valid,SEARCH,20260907,1,Q3,OD,SAME64_HOLD,100,86.01448685397541,,
REFUGE_Valid,SEARCH,20260907,1,Q3,OC,SAME64_HOLD,100,68.03890846882635,,
REFUGE_Valid,SEARCH,20260907,1,Q3,OD,CROSS64_UPDATE,100,83.09371354494203,83.08479543818919,0.008918106752831612
REFUGE_Valid,SEARCH,20260907,1,Q3,OC,CROSS64_UPDATE,100,66.5097989809313,66.50409886624489,0.005700114686400581
REFUGE_Valid,SEARCH,20260907,1,Q3,OD,CROSS64_HOLD,100,83.69822617948932,,
REFUGE_Valid,SEARCH,20260907,1,Q3,OC,CROSS64_HOLD,100,67.36659605046388,,
REFUGE_Valid,SEARCH,20260907,1,Q3,OD,ANCHOR,100,80.6124336270454,,
REFUGE_Valid,SEARCH,20260907,1,Q3,OC,ANCHOR,100,65.04249865796707,,
REFUGE_Valid,SEARCH,20260907,1,Q3,OD,C_EPISODIC,100,84.67887301165023,,
REFUGE_Valid,SEARCH,20260907,1,Q3,OC,C_EPISODIC,100,68.03688085826299,,
REFUGE_Valid,SEALED_REVIEW,20260907,1,Q3,OD,NATIVE_UPDATE,68,82.23132760038561,82.25828552582155,-0.0269579254359452
REFUGE_Valid,SEALED_REVIEW,20260907,1,Q3,OC,NATIVE_UPDATE,68,62.835541161563846,62.83542418169341,0.00011697987043496012
REFUGE_Valid,SEALED_REVIEW,20260907,1,Q3,OD,NATIVE_HOLD,68,86.65673179550919,,
REFUGE_Valid,SEALED_REVIEW,20260907,1,Q3,OC,NATIVE_HOLD,68,64.8570736360419,,
REFUGE_Valid,SEALED_REVIEW,20260907,1,Q3,OD,SOURCE_UPDATE,68,84.92013755034445,84.95412394555603,-0.03398639521158999
REFUGE_Valid,SEALED_REVIEW,20260907,1,Q3,OC,SOURCE_UPDATE,68,63.97687226439391,63.97664348124349,0.00022878315042326248
REFUGE_Valid,SEALED_REVIEW,20260907,1,Q3,OD,SOURCE_HOLD,68,85.64679714140797,,
REFUGE_Valid,SEALED_REVIEW,20260907,1,Q3,OC,SOURCE_HOLD,68,65.81017819531509,,
REFUGE_Valid,SEALED_REVIEW,20260907,1,Q3,OD,SAME64_UPDATE,68,84.25629775601978,84.28694445153725,-0.030646695517472886
REFUGE_Valid,SEALED_REVIEW,20260907,1,Q3,OC,SAME64_UPDATE,68,63.73888685551046,63.7410074307725,-0.002120575262046395
REFUGE_Valid,SEALED_REVIEW,20260907,1,Q3,OD,SAME64_HOLD,68,87.39920219643696,,
REFUGE_Valid,SEALED_REVIEW,20260907,1,Q3,OC,SAME64_HOLD,68,65.25917052216437,,
REFUGE_Valid,SEALED_REVIEW,20260907,1,Q3,OD,CROSS64_UPDATE,68,83.57966235019795,83.60688049118063,-0.02721814098269163
REFUGE_Valid,SEALED_REVIEW,20260907,1,Q3,OC,CROSS64_UPDATE,68,63.397712757171206,63.399940377757126,-0.002227620585919325
REFUGE_Valid,SEALED_REVIEW,20260907,1,Q3,OD,CROSS64_HOLD,68,84.62321239605262,,
REFUGE_Valid,SEALED_REVIEW,20260907,1,Q3,OC,CROSS64_HOLD,68,65.29981489691463,,
REFUGE_Valid,SEALED_REVIEW,20260907,1,Q3,OD,ANCHOR,68,80.76775112759385,,
REFUGE_Valid,SEALED_REVIEW,20260907,1,Q3,OC,ANCHOR,68,61.90119751808041,,
REFUGE_Valid,SEALED_REVIEW,20260907,1,Q3,OD,C_EPISODIC,68,85.69238526976122,,
REFUGE_Valid,SEALED_REVIEW,20260907,1,Q3,OC,C_EPISODIC,68,65.82007232146587,,
REFUGE_Valid,SEARCH,20260907,1,Q4,OD,NATIVE_UPDATE,120,78.83513432096262,78.8400921732482,-0.004957852285582311
REFUGE_Valid,SEARCH,20260907,1,Q4,OC,NATIVE_UPDATE,120,62.67816142954733,62.68028669323272,-0.0021252636853933784
REFUGE_Valid,SEARCH,20260907,1,Q4,OD,NATIVE_HOLD,120,84.96926314140494,,
REFUGE_Valid,SEARCH,20260907,1,Q4,OC,NATIVE_HOLD,120,65.92248824703802,,
REFUGE_Valid,SEARCH,20260907,1,Q4,OD,SOURCE_UPDATE,120,82.02354315185224,82.02837656835386,-0.004833416501621307
REFUGE_Valid,SEARCH,20260907,1,Q4,OC,SOURCE_UPDATE,120,64.2847530808142,64.28512575139854,-0.00037267058434635
REFUGE_Valid,SEARCH,20260907,1,Q4,OD,SOURCE_HOLD,120,84.14496600459728,,
REFUGE_Valid,SEARCH,20260907,1,Q4,OC,SOURCE_HOLD,120,66.1779112713013,,
REFUGE_Valid,SEARCH,20260907,1,Q4,OD,SAME64_UPDATE,120,81.31912418300796,81.32335538876715,-0.004231205759191679
REFUGE_Valid,SEARCH,20260907,1,Q4,OC,SAME64_UPDATE,120,63.92589286956696,63.92748290121718,-0.0015900316502151515
REFUGE_Valid,SEARCH,20260907,1,Q4,OD,SAME64_HOLD,120,85.60655177667482,,
REFUGE_Valid,SEARCH,20260907,1,Q4,OC,SAME64_HOLD,120,66.09530385735032,,
REFUGE_Valid,SEARCH,20260907,1,Q4,OD,CROSS64_UPDATE,120,80.33994560695284,80.34714949299008,-0.007203886037243275
REFUGE_Valid,SEARCH,20260907,1,Q4,OC,CROSS64_UPDATE,120,63.427669081975054,63.42939348757135,-0.001724405596291815
REFUGE_Valid,SEARCH,20260907,1,Q4,OD,CROSS64_HOLD,120,83.41109790387135,,
REFUGE_Valid,SEARCH,20260907,1,Q4,OC,CROSS64_HOLD,120,65.63287567887122,,
REFUGE_Valid,SEARCH,20260907,1,Q4,OD,ANCHOR,120,77.30117587562407,,
REFUGE_Valid,SEARCH,20260907,1,Q4,OC,ANCHOR,120,61.710289057203106,,
REFUGE_Valid,SEARCH,20260907,1,Q4,OD,C_EPISODIC,120,84.29818664828414,,
REFUGE_Valid,SEARCH,20260907,1,Q4,OC,C_EPISODIC,120,66.26256710473135,,
REFUGE_Valid,SEALED_REVIEW,20260907,1,Q4,OD,NATIVE_UPDATE,52,81.81154127781072,81.82286443228689,-0.011323154476172072
REFUGE_Valid,SEALED_REVIEW,20260907,1,Q4,OC,NATIVE_UPDATE,52,64.21481959246535,64.21924609470744,-0.004426502242110509
REFUGE_Valid,SEALED_REVIEW,20260907,1,Q4,OD,NATIVE_HOLD,52,87.72733552006683,,
REFUGE_Valid,SEALED_REVIEW,20260907,1,Q4,OC,NATIVE_HOLD,52,67.45834573019648,,
REFUGE_Valid,SEALED_REVIEW,20260907,1,Q4,OD,SOURCE_UPDATE,52,84.7539026854644,84.76009844627409,-0.006195760809687764
REFUGE_Valid,SEALED_REVIEW,20260907,1,Q4,OC,SOURCE_UPDATE,52,66.0576694116038,66.06151708220818,-0.0038476706043935817
REFUGE_Valid,SEALED_REVIEW,20260907,1,Q4,OD,SOURCE_HOLD,52,86.65493325849658,,
REFUGE_Valid,SEALED_REVIEW,20260907,1,Q4,OC,SOURCE_HOLD,52,67.93095673839925,,
REFUGE_Valid,SEALED_REVIEW,20260907,1,Q4,OD,SAME64_UPDATE,52,84.11934143485658,84.11925380376094,8.763109563163335e-05
REFUGE_Valid,SEALED_REVIEW,20260907,1,Q4,OC,SAME64_UPDATE,52,65.78641500065213,65.79056487592591,-0.00414987527377726
REFUGE_Valid,SEALED_REVIEW,20260907,1,Q4,OD,SAME64_HOLD,52,88.28963510662733,,
REFUGE_Valid,SEALED_REVIEW,20260907,1,Q4,OC,SAME64_HOLD,52,68.05196348547715,,
REFUGE_Valid,SEALED_REVIEW,20260907,1,Q4,OD,CROSS64_UPDATE,52,83.27170944489349,83.2803405118183,-0.008631066924816942
REFUGE_Valid,SEALED_REVIEW,20260907,1,Q4,OC,CROSS64_UPDATE,52,65.04475814261457,65.04792031786579,-0.0031621752512136845
REFUGE_Valid,SEALED_REVIEW,20260907,1,Q4,OD,CROSS64_HOLD,52,85.94945186624268,,
REFUGE_Valid,SEALED_REVIEW,20260907,1,Q4,OC,CROSS64_HOLD,52,67.24690651847048,,
REFUGE_Valid,SEALED_REVIEW,20260907,1,Q4,OD,ANCHOR,52,80.22850617685128,,
REFUGE_Valid,SEALED_REVIEW,20260907,1,Q4,OC,ANCHOR,52,63.17162791853317,,
REFUGE_Valid,SEALED_REVIEW,20260907,1,Q4,OD,C_EPISODIC,52,86.877475236347,,
REFUGE_Valid,SEALED_REVIEW,20260907,1,Q4,OC,C_EPISODIC,52,67.93938333209356,,
ORIGA,SEARCH,17011,0,ALL,OD,NATIVE_UPDATE,316,88.46395290525652,88.43843371354137,0.025519191715142466
ORIGA,SEARCH,17011,0,ALL,OC,NATIVE_UPDATE,316,72.04237537045253,72.00595420510132,0.036421165351216936
ORIGA,SEARCH,17011,0,Q1,OD,NATIVE_UPDATE,81,84.88204298771002,84.82459959635395,0.05744339135606987
ORIGA,SEARCH,17011,0,Q1,OC,NATIVE_UPDATE,81,67.99596759787285,67.92080138304793,0.07516621482491209
ORIGA,SEARCH,17011,0,FIRST64,OD,NATIVE_UPDATE,35,85.22193877439412,85.16325084173197,0.058687932662155565
ORIGA,SEARCH,17011,0,FIRST64,OC,NATIVE_UPDATE,35,69.63141509555442,69.55477397486906,0.07664112068535076
ORIGA,SEARCH,17011,0,ALL,OD,NATIVE_HOLD,316,83.40982326041558,,
ORIGA,SEARCH,17011,0,ALL,OC,NATIVE_HOLD,316,66.79327299580486,,
ORIGA,SEARCH,17011,0,Q1,OD,NATIVE_HOLD,81,81.47794664974279,,
ORIGA,SEARCH,17011,0,Q1,OC,NATIVE_HOLD,81,64.31862773575433,,
ORIGA,SEARCH,17011,0,FIRST64,OD,NATIVE_HOLD,35,83.72229270054751,,
ORIGA,SEARCH,17011,0,FIRST64,OC,NATIVE_HOLD,35,68.23431073059878,,
ORIGA,SEARCH,17011,0,ALL,OD,SOURCE_UPDATE,316,84.2003658667281,84.15778748085222,0.04257838587589647
ORIGA,SEARCH,17011,0,ALL,OC,SOURCE_UPDATE,316,66.19421275810113,66.13243500528033,0.06177775282080093
ORIGA,SEARCH,17011,0,Q1,OD,SOURCE_UPDATE,81,77.65891575876903,77.57218339723472,0.08673236153430201
ORIGA,SEARCH,17011,0,Q1,OC,SOURCE_UPDATE,81,58.01694376370898,57.8895733674194,0.1273703962895866
ORIGA,SEARCH,17011,0,FIRST64,OD,SOURCE_UPDATE,35,78.70598347691535,78.61590061995625,0.09008285695910644
ORIGA,SEARCH,17011,0,FIRST64,OC,SOURCE_UPDATE,35,61.40987827014916,61.26560675167264,0.1442715184765203
ORIGA,SEARCH,17011,0,ALL,OD,SOURCE_HOLD,316,75.50920320760306,,
ORIGA,SEARCH,17011,0,ALL,OC,SOURCE_HOLD,316,56.51189852699288,,
ORIGA,SEARCH,17011,0,Q1,OD,SOURCE_HOLD,81,72.97912470636965,,
ORIGA,SEARCH,17011,0,Q1,OC,SOURCE_HOLD,81,52.9323997048062,,
ORIGA,SEARCH,17011,0,FIRST64,OD,SOURCE_HOLD,35,76.60120354790617,,
ORIGA,SEARCH,17011,0,FIRST64,OC,SOURCE_HOLD,35,58.72587043999013,,
ORIGA,SEARCH,17011,0,ALL,OD,SAME64_UPDATE,316,85.51695820753096,85.48305183983406,0.033906367696902986
ORIGA,SEARCH,17011,0,ALL,OC,SAME64_UPDATE,316,68.16443979075706,68.11061363888061,0.053826151876456965
ORIGA,SEARCH,17011,0,Q1,OD,SAME64_UPDATE,81,80.49031497120828,80.41848505960644,0.07182991160184168
ORIGA,SEARCH,17011,0,Q1,OC,SAME64_UPDATE,81,62.297641972594256,62.18515718124401,0.11248479135024399
ORIGA,SEARCH,17011,0,FIRST64,OD,SAME64_UPDATE,35,81.24022457450772,81.16816932727149,0.07205524723622743
ORIGA,SEARCH,17011,0,FIRST64,OC,SAME64_UPDATE,35,65.18329690108953,65.0879137636186,0.09538313747094185
ORIGA,SEARCH,17011,0,ALL,OD,SAME64_HOLD,316,78.93753453335653,,
ORIGA,SEARCH,17011,0,ALL,OC,SAME64_HOLD,316,60.64306614756627,,
ORIGA,SEARCH,17011,0,Q1,OD,SAME64_HOLD,81,76.38737055751682,,
ORIGA,SEARCH,17011,0,Q1,OC,SAME64_HOLD,81,57.40691756317282,,
ORIGA,SEARCH,17011,0,FIRST64,OD,SAME64_HOLD,35,79.72257313358972,,
ORIGA,SEARCH,17011,0,FIRST64,OC,SAME64_HOLD,35,63.32734434660551,,
ORIGA,SEARCH,17011,0,ALL,OD,CROSS64_UPDATE,316,85.5339939070203,85.49324177295293,0.04075213406736728
ORIGA,SEARCH,17011,0,ALL,OC,CROSS64_UPDATE,316,68.04050611371365,67.97513938209677,0.06536673161687469
ORIGA,SEARCH,17011,0,Q1,OD,CROSS64_UPDATE,81,79.68194447805217,79.58350679378576,0.09843768426640476
ORIGA,SEARCH,17011,0,Q1,OC,CROSS64_UPDATE,81,60.87513095424304,60.72073573411115,0.15439522013189141
ORIGA,SEARCH,17011,0,FIRST64,OD,CROSS64_UPDATE,35,79.96049721000604,79.84981189566773,0.11068531433831494
ORIGA,SEARCH,17011,0,FIRST64,OC,CROSS64_UPDATE,35,63.17604956037939,63.014049462689044,0.16200009769034066
ORIGA,SEARCH,17011,0,ALL,OD,CROSS64_HOLD,316,76.30600108229505,,
ORIGA,SEARCH,17011,0,ALL,OC,CROSS64_HOLD,316,57.64394401886275,,
ORIGA,SEARCH,17011,0,Q1,OD,CROSS64_HOLD,81,73.63885572176414,,
ORIGA,SEARCH,17011,0,Q1,OC,CROSS64_HOLD,81,54.189699480992225,,
ORIGA,SEARCH,17011,0,FIRST64,OD,CROSS64_HOLD,35,77.2550831617076,,
ORIGA,SEARCH,17011,0,FIRST64,OC,CROSS64_HOLD,35,59.99734513058286,,
ORIGA,SEARCH,17011,0,ALL,OD,ANCHOR,316,88.96667064652257,,
ORIGA,SEARCH,17011,0,ALL,OC,ANCHOR,316,72.48150933781969,,
ORIGA,SEARCH,17011,0,Q1,OD,ANCHOR,81,85.69459699485434,,
ORIGA,SEARCH,17011,0,Q1,OC,ANCHOR,81,68.36170893748388,,
ORIGA,SEARCH,17011,0,FIRST64,OD,ANCHOR,35,86.06676201432528,,
ORIGA,SEARCH,17011,0,FIRST64,OC,ANCHOR,35,70.06453910516896,,
ORIGA,SEARCH,17011,0,ALL,OD,C_EPISODIC,316,75.86240544338446,,
ORIGA,SEARCH,17011,0,ALL,OC,C_EPISODIC,316,56.976857913701,,
ORIGA,SEARCH,17011,0,Q1,OD,C_EPISODIC,81,73.33848459761091,,
ORIGA,SEARCH,17011,0,Q1,OC,C_EPISODIC,81,53.46516187515816,,
ORIGA,SEARCH,17011,0,FIRST64,OD,C_EPISODIC,35,76.93370551889461,,
ORIGA,SEARCH,17011,0,FIRST64,OC,C_EPISODIC,35,59.29867741044965,,
ORIGA,SEALED_REVIEW,17011,0,ALL,OD,NATIVE_UPDATE,210,89.00576900739459,88.9810666170195,0.024702390375093457
ORIGA,SEALED_REVIEW,17011,0,ALL,OC,NATIVE_UPDATE,210,74.48809015351327,74.45990177937733,0.02818837413594512
ORIGA,SEALED_REVIEW,17011,0,Q1,OD,NATIVE_UPDATE,46,86.16182900952047,86.08058882335429,0.08124018616618711
ORIGA,SEALED_REVIEW,17011,0,Q1,OC,NATIVE_UPDATE,46,71.34655670726045,71.24776898178942,0.09878772547102842
ORIGA,SEALED_REVIEW,17011,0,FIRST64,OD,NATIVE_UPDATE,20,84.59555285679106,84.4715583321011,0.12399452468996708
ORIGA,SEALED_REVIEW,17011,0,FIRST64,OC,NATIVE_UPDATE,20,69.21877368620207,69.06192834979359,0.15684533640847764
ORIGA,SEALED_REVIEW,17011,0,ALL,OD,NATIVE_HOLD,210,84.43835139813618,,
ORIGA,SEALED_REVIEW,17011,0,ALL,OC,NATIVE_HOLD,210,70.2597442656377,,
ORIGA,SEALED_REVIEW,17011,0,Q1,OD,NATIVE_HOLD,46,82.87713721211564,,
ORIGA,SEALED_REVIEW,17011,0,Q1,OC,NATIVE_HOLD,46,68.03515165079624,,
ORIGA,SEALED_REVIEW,17011,0,FIRST64,OD,NATIVE_HOLD,20,82.97115689695735,,
ORIGA,SEALED_REVIEW,17011,0,FIRST64,OC,NATIVE_HOLD,20,67.25601886934516,,
ORIGA,SEALED_REVIEW,17011,0,ALL,OD,SOURCE_UPDATE,210,84.81374495359353,84.7622193326542,0.05152562093933338
ORIGA,SEALED_REVIEW,17011,0,ALL,OC,SOURCE_UPDATE,210,69.28078674417392,69.22049643595098,0.06029030822293795
ORIGA,SEALED_REVIEW,17011,0,Q1,OD,SOURCE_UPDATE,46,77.69453835881454,77.54404181616086,0.15049654265368645
ORIGA,SEALED_REVIEW,17011,0,Q1,OC,SOURCE_UPDATE,46,60.13301450594594,59.94667125882598,0.18634324711996256
ORIGA,SEALED_REVIEW,17011,0,FIRST64,OD,SOURCE_UPDATE,20,75.88077586386304,75.67881266414996,0.20196319971308774
ORIGA,SEALED_REVIEW,17011,0,FIRST64,OC,SOURCE_UPDATE,20,57.37792497146161,57.17944831858844,0.198476652873178
ORIGA,SEALED_REVIEW,17011,0,ALL,OD,SOURCE_HOLD,210,76.05669554999056,,
ORIGA,SEALED_REVIEW,17011,0,ALL,OC,SOURCE_HOLD,210,59.84718756382246,,
ORIGA,SEALED_REVIEW,17011,0,Q1,OD,SOURCE_HOLD,46,71.56840782361881,,
ORIGA,SEALED_REVIEW,17011,0,Q1,OC,SOURCE_HOLD,46,53.35239728786239,,
ORIGA,SEALED_REVIEW,17011,0,FIRST64,OD,SOURCE_HOLD,20,72.66927535917436,,
ORIGA,SEALED_REVIEW,17011,0,FIRST64,OC,SOURCE_HOLD,20,53.89018496055126,,
ORIGA,SEALED_REVIEW,17011,0,ALL,OD,SAME64_UPDATE,210,86.1765158802623,86.14099339610794,0.03552248415434196
ORIGA,SEALED_REVIEW,17011,0,ALL,OC,SAME64_UPDATE,210,71.20757196878391,71.1579325834087,0.04963938537522281
ORIGA,SEALED_REVIEW,17011,0,Q1,OD,SAME64_UPDATE,46,81.21395946916657,81.11025007252408,0.10370939664248759
ORIGA,SEALED_REVIEW,17011,0,Q1,OC,SAME64_UPDATE,46,64.94867871502527,64.82879173885252,0.11988697617276599
ORIGA,SEALED_REVIEW,17011,0,FIRST64,OD,SAME64_UPDATE,20,79.63876544312343,79.52308577921026,0.11567966391317018
ORIGA,SEALED_REVIEW,17011,0,FIRST64,OC,SAME64_UPDATE,20,62.01998102727303,61.861446561969345,0.15853446530368376
ORIGA,SEALED_REVIEW,17011,0,ALL,OD,SAME64_HOLD,210,79.82429300348892,,
ORIGA,SEALED_REVIEW,17011,0,ALL,OC,SAME64_HOLD,210,64.38553820088381,,
ORIGA,SEALED_REVIEW,17011,0,Q1,OD,SAME64_HOLD,46,76.57385715816487,,
ORIGA,SEALED_REVIEW,17011,0,Q1,OC,SAME64_HOLD,46,58.668458077183395,,
ORIGA,SEALED_REVIEW,17011,0,FIRST64,OD,SAME64_HOLD,20,77.64052046397487,,
ORIGA,SEALED_REVIEW,17011,0,FIRST64,OC,SAME64_HOLD,20,59.48568914910726,,
ORIGA,SEALED_REVIEW,17011,0,ALL,OD,CROSS64_UPDATE,210,86.119630285691,86.06848404605174,0.05114623963927639
ORIGA,SEALED_REVIEW,17011,0,ALL,OC,CROSS64_UPDATE,210,71.04966672756956,70.97463050263984,0.07503622492971487
ORIGA,SEALED_REVIEW,17011,0,Q1,OD,CROSS64_UPDATE,46,80.2294920518984,80.06192534569084,0.16756670620757072
ORIGA,SEALED_REVIEW,17011,0,Q1,OC,CROSS64_UPDATE,46,63.766856936168104,63.55801542965456,0.20884150651354944
ORIGA,SEALED_REVIEW,17011,0,FIRST64,OD,CROSS64_UPDATE,20,77.86074890997801,77.61779335576013,0.2429555542178938
ORIGA,SEALED_REVIEW,17011,0,FIRST64,OC,CROSS64_UPDATE,20,60.233097652332425,59.91250352703217,0.3205941253002637
ORIGA,SEALED_REVIEW,17011,0,ALL,OD,CROSS64_HOLD,210,76.99201465130767,,
ORIGA,SEALED_REVIEW,17011,0,ALL,OC,CROSS64_HOLD,210,61.1949533809881,,
ORIGA,SEALED_REVIEW,17011,0,Q1,OD,CROSS64_HOLD,46,72.65465933945183,,
ORIGA,SEALED_REVIEW,17011,0,Q1,OC,CROSS64_HOLD,46,54.95744846939109,,
ORIGA,SEALED_REVIEW,17011,0,FIRST64,OD,CROSS64_HOLD,20,73.89605071895929,,
ORIGA,SEALED_REVIEW,17011,0,FIRST64,OC,CROSS64_HOLD,20,55.74358626002102,,
ORIGA,SEALED_REVIEW,17011,0,ALL,OD,ANCHOR,210,89.48843901850606,,
ORIGA,SEALED_REVIEW,17011,0,ALL,OC,ANCHOR,210,74.88815531729774,,
ORIGA,SEALED_REVIEW,17011,0,Q1,OD,ANCHOR,46,86.94378635791156,,
ORIGA,SEALED_REVIEW,17011,0,Q1,OC,ANCHOR,46,71.7545866059472,,
ORIGA,SEALED_REVIEW,17011,0,FIRST64,OD,ANCHOR,20,85.44844481949038,,
ORIGA,SEALED_REVIEW,17011,0,FIRST64,OC,ANCHOR,20,69.52790904600775,,
ORIGA,SEALED_REVIEW,17011,0,ALL,OD,C_EPISODIC,210,76.45284118359127,,
ORIGA,SEALED_REVIEW,17011,0,ALL,OC,C_EPISODIC,210,60.39887209819146,,
ORIGA,SEALED_REVIEW,17011,0,Q1,OD,C_EPISODIC,46,72.01187971197469,,
ORIGA,SEALED_REVIEW,17011,0,Q1,OC,C_EPISODIC,46,53.79442901379517,,
ORIGA,SEALED_REVIEW,17011,0,FIRST64,OD,C_EPISODIC,20,73.28070682263088,,
ORIGA,SEALED_REVIEW,17011,0,FIRST64,OC,C_EPISODIC,20,54.58862975446428,,
ORIGA,SEARCH,17011,0,Q2,OD,NATIVE_UPDATE,70,87.1488295100878,87.1299318879379,0.018897622149892972
ORIGA,SEARCH,17011,0,Q2,OC,NATIVE_UPDATE,70,71.09978352572536,71.06108436169735,0.038699164027996155
ORIGA,SEARCH,17011,0,Q2,OD,NATIVE_HOLD,70,81.56793716380531,,
ORIGA,SEARCH,17011,0,Q2,OC,NATIVE_HOLD,70,65.17588197824413,,
ORIGA,SEARCH,17011,0,Q2,OD,SOURCE_UPDATE,70,82.34644589562625,82.29647548241802,0.04997041320821952
ORIGA,SEARCH,17011,0,Q2,OC,SOURCE_UPDATE,70,64.17190803298554,64.10757180906326,0.06433622392228579
ORIGA,SEARCH,17011,0,Q2,OD,SOURCE_HOLD,70,71.55913998567341,,
ORIGA,SEARCH,17011,0,Q2,OC,SOURCE_HOLD,70,52.667386781161326,,
ORIGA,SEARCH,17011,0,Q2,OD,SAME64_UPDATE,70,83.81383771817814,83.78116342622434,0.03267429195379479
ORIGA,SEARCH,17011,0,Q2,OC,SAME64_UPDATE,70,66.09837275156438,66.04925322711456,0.04911952444980867
ORIGA,SEARCH,17011,0,Q2,OD,SAME64_HOLD,70,76.33725376400785,,
ORIGA,SEARCH,17011,0,Q2,OC,SAME64_HOLD,70,57.829541124825504,,
ORIGA,SEARCH,17011,0,Q2,OD,CROSS64_UPDATE,70,84.11480353059673,84.08175300901637,0.03305052158037495
ORIGA,SEARCH,17011,0,Q2,OC,CROSS64_UPDATE,70,66.43934520616709,66.39300352805589,0.04634167811119852
ORIGA,SEARCH,17011,0,Q2,OD,CROSS64_HOLD,70,73.05055006283048,,
ORIGA,SEARCH,17011,0,Q2,OC,CROSS64_HOLD,70,54.18806152680193,,
ORIGA,SEARCH,17011,0,Q2,OD,ANCHOR,70,87.75971962068087,,
ORIGA,SEARCH,17011,0,Q2,OC,ANCHOR,70,71.62710306861307,,
ORIGA,SEARCH,17011,0,Q2,OD,C_EPISODIC,70,72.00114896093423,,
ORIGA,SEARCH,17011,0,Q2,OC,C_EPISODIC,70,53.092690774452045,,
ORIGA,SEALED_REVIEW,17011,0,Q2,OD,NATIVE_UPDATE,62,87.58274192144756,87.57147697949664,0.011264941950915909
ORIGA,SEALED_REVIEW,17011,0,Q2,OC,NATIVE_UPDATE,62,74.17140505279643,74.16250516187097,0.008899890925445809
ORIGA,SEALED_REVIEW,17011,0,Q2,OD,NATIVE_HOLD,62,82.24757834685363,,
ORIGA,SEALED_REVIEW,17011,0,Q2,OC,NATIVE_HOLD,62,68.14622242778216,,
ORIGA,SEALED_REVIEW,17011,0,Q2,OD,SOURCE_UPDATE,62,83.19019251186117,83.14269457088707,0.04749794097409713
ORIGA,SEALED_REVIEW,17011,0,Q2,OC,SOURCE_UPDATE,62,68.05243698473971,68.005815743527,0.046621241212719974
ORIGA,SEALED_REVIEW,17011,0,Q2,OD,SOURCE_HOLD,62,71.38839435425128,,
ORIGA,SEALED_REVIEW,17011,0,Q2,OC,SOURCE_HOLD,62,55.10002715955557,,
ORIGA,SEALED_REVIEW,17011,0,Q2,OD,SAME64_UPDATE,62,84.61066286212431,84.57915100754649,0.031511854577829665
ORIGA,SEALED_REVIEW,17011,0,Q2,OC,SAME64_UPDATE,62,70.32332567380625,70.25737209264103,0.06595358116522164
ORIGA,SEALED_REVIEW,17011,0,Q2,OD,SAME64_HOLD,62,76.12346599023083,,
ORIGA,SEALED_REVIEW,17011,0,Q2,OC,SAME64_HOLD,62,61.370406380578515,,
ORIGA,SEALED_REVIEW,17011,0,Q2,OD,CROSS64_UPDATE,62,84.72412858061,84.68871384744821,0.03541473316179177
ORIGA,SEALED_REVIEW,17011,0,Q2,OC,CROSS64_UPDATE,62,70.38726341385939,70.30656513396403,0.08069827989535189
ORIGA,SEALED_REVIEW,17011,0,Q2,OD,CROSS64_HOLD,62,72.77355327058974,,
ORIGA,SEALED_REVIEW,17011,0,Q2,OC,CROSS64_HOLD,62,57.24093548833711,,
ORIGA,SEALED_REVIEW,17011,0,Q2,OD,ANCHOR,62,88.12233861466586,,
ORIGA,SEALED_REVIEW,17011,0,Q2,OC,ANCHOR,62,74.66997229867138,,
ORIGA,SEALED_REVIEW,17011,0,Q2,OD,C_EPISODIC,62,71.87671362733084,,
ORIGA,SEALED_REVIEW,17011,0,Q2,OC,C_EPISODIC,62,55.88331919298862,,
ORIGA,SEALED_REVIEW,17011,0,Q3,OD,NATIVE_UPDATE,45,88.54556569465637,88.53382530576103,0.011740388895356002
ORIGA,SEALED_REVIEW,17011,0,Q3,OC,NATIVE_UPDATE,45,73.61656859648986,73.6028502287645,0.013718367725359023
ORIGA,SEALED_REVIEW,17011,0,Q3,OD,NATIVE_HOLD,45,82.47177554518761,,
ORIGA,SEALED_REVIEW,17011,0,Q3,OC,NATIVE_HOLD,45,67.97596818783971,,
ORIGA,SEALED_REVIEW,17011,0,Q3,OD,SOURCE_UPDATE,45,85.27425905194579,85.2600991106073,0.014159941338490127
ORIGA,SEALED_REVIEW,17011,0,Q3,OC,SOURCE_UPDATE,45,69.83894914302074,69.82356375946769,0.015385383553057321
ORIGA,SEALED_REVIEW,17011,0,Q3,OD,SOURCE_HOLD,45,73.13453177530263,,
ORIGA,SEALED_REVIEW,17011,0,Q3,OC,SOURCE_HOLD,45,55.25252493968499,,
ORIGA,SEALED_REVIEW,17011,0,Q3,OD,SAME64_UPDATE,45,85.88902655916092,85.87862724463496,0.010399314525966208
ORIGA,SEALED_REVIEW,17011,0,Q3,OC,SAME64_UPDATE,45,70.62511061242715,70.61503608917718,0.010074523249968086
ORIGA,SEALED_REVIEW,17011,0,Q3,OD,SAME64_HOLD,45,77.41864318176033,,
ORIGA,SEALED_REVIEW,17011,0,Q3,OC,SAME64_HOLD,45,60.14922642852888,,
ORIGA,SEALED_REVIEW,17011,0,Q3,OD,CROSS64_UPDATE,45,86.24772171723664,86.2343747013765,0.013347015860159454
ORIGA,SEALED_REVIEW,17011,0,Q3,OC,CROSS64_UPDATE,45,70.98296528351976,70.96855497580181,0.014410307717948663
ORIGA,SEALED_REVIEW,17011,0,Q3,OD,CROSS64_HOLD,45,74.23943946207302,,
ORIGA,SEALED_REVIEW,17011,0,Q3,OC,CROSS64_HOLD,45,56.580964388541375,,
ORIGA,SEALED_REVIEW,17011,0,Q3,OD,ANCHOR,45,89.10755620532078,,
ORIGA,SEALED_REVIEW,17011,0,Q3,OC,ANCHOR,45,73.96353759211964,,
ORIGA,SEALED_REVIEW,17011,0,Q3,OD,C_EPISODIC,45,73.65440228353623,,
ORIGA,SEALED_REVIEW,17011,0,Q3,OC,C_EPISODIC,45,55.91299258170951,,
ORIGA,SEARCH,17011,0,Q3,OD,NATIVE_UPDATE,88,89.26339237229418,89.24433541638396,0.01905695591021361
ORIGA,SEARCH,17011,0,Q3,OC,NATIVE_UPDATE,88,72.55224851662562,72.52431056712648,0.027937949499152386
ORIGA,SEARCH,17011,0,Q3,OD,NATIVE_HOLD,88,82.36169042212065,,
ORIGA,SEARCH,17011,0,Q3,OC,NATIVE_HOLD,88,64.24205514829809,,
ORIGA,SEARCH,17011,0,Q3,OD,SOURCE_UPDATE,88,85.78003237609477,85.7514206864923,0.028611689602473716
ORIGA,SEARCH,17011,0,Q3,OC,SOURCE_UPDATE,88,67.18259122116515,67.13312506087169,0.04946616029345726
ORIGA,SEARCH,17011,0,Q3,OD,SOURCE_HOLD,88,72.09234715950387,,
ORIGA,SEARCH,17011,0,Q3,OC,SOURCE_HOLD,88,50.082464909498334,,
ORIGA,SEARCH,17011,0,Q3,OD,SAME64_UPDATE,88,86.55992935810393,86.53572276759182,0.024206590512091473
ORIGA,SEARCH,17011,0,Q3,OC,SAME64_UPDATE,88,68.58056639817679,68.53426830438161,0.046298093795164044
ORIGA,SEARCH,17011,0,Q3,OD,SAME64_HOLD,88,76.44696708409936,,
ORIGA,SEARCH,17011,0,Q3,OC,SAME64_HOLD,88,55.432403779801994,,
ORIGA,SEARCH,17011,0,Q3,OD,CROSS64_UPDATE,88,86.92138441758104,86.89705953227562,0.024324885305415402
ORIGA,SEARCH,17011,0,Q3,OC,CROSS64_UPDATE,88,69.08314216477405,69.03357782648473,0.049564338289327846
ORIGA,SEARCH,17011,0,Q3,OD,CROSS64_HOLD,88,73.0687161925278,,
ORIGA,SEARCH,17011,0,Q3,OC,CROSS64_HOLD,88,51.5655550696395,,
ORIGA,SEARCH,17011,0,Q3,OD,ANCHOR,88,89.76579073194925,,
ORIGA,SEARCH,17011,0,Q3,OC,ANCHOR,88,72.99712667991419,,
ORIGA,SEARCH,17011,0,Q3,OD,C_EPISODIC,88,72.52405357110683,,
ORIGA,SEARCH,17011,0,Q3,OC,C_EPISODIC,88,50.671682868192306,,
ORIGA,SEARCH,17011,0,Q4,OD,NATIVE_UPDATE,77,92.51385768296771,92.50851606983068,0.005341613137039673
ORIGA,SEARCH,17011,0,Q4,OC,NATIVE_UPDATE,77,76.57317565417496,76.56988807219729,0.0032875819776822216
ORIGA,SEARCH,17011,0,Q4,OD,NATIVE_HOLD,77,88.31436510453466,,
ORIGA,SEARCH,17011,0,Q4,OC,NATIVE_HOLD,77,73.78250426689495,,
ORIGA,SEARCH,17011,0,Q4,OD,SOURCE_UPDATE,77,90.96168020305994,90.95630759211303,0.005372610946906077
ORIGA,SEARCH,17011,0,Q4,OC,SOURCE_UPDATE,77,75.50515840166247,75.50063619372048,0.004522207941978377
ORIGA,SEARCH,17011,0,Q4,OD,SOURCE_HOLD,77,85.66665926432658,,
ORIGA,SEARCH,17011,0,Q4,OC,SOURCE_HOLD,77,71.12028015225066,,
ORIGA,SEARCH,17011,0,Q4,OD,SAME64_UPDATE,77,91.16105009254932,91.15483179448903,0.006218298060292003
ORIGA,SEARCH,17011,0,Q4,OC,SAME64_UPDATE,77,75.73867582402642,75.73367326651824,0.005002557508176547
ORIGA,SEARCH,17011,0,Q4,OD,SAME64_HOLD,77,86.83042896753904,,
ORIGA,SEARCH,17011,0,Q4,OC,SAME64_HOLD,77,72.56011907342314,,
ORIGA,SEARCH,17011,0,Q4,OD,CROSS64_UPDATE,77,91.39462981827643,91.38878442188414,0.005845396392291855
ORIGA,SEARCH,17011,0,Q4,OC,CROSS64_UPDATE,77,75.8421253208833,75.83505655305208,0.007068767831226567
ORIGA,SEARCH,17011,0,Q4,OD,CROSS64_HOLD,77,85.77095453508785,,
ORIGA,SEARCH,17011,0,Q4,OC,CROSS64_HOLD,77,71.36607141553046,,
ORIGA,SEARCH,17011,0,Q4,OD,ANCHOR,77,92.59267025790565,,
ORIGA,SEARCH,17011,0,Q4,OC,ANCHOR,77,77.00278135298004,,
ORIGA,SEARCH,17011,0,Q4,OD,C_EPISODIC,77,85.84293150883386,,
ORIGA,SEARCH,17011,0,Q4,OC,C_EPISODIC,77,71.40795509388491,,
ORIGA,SEALED_REVIEW,17011,0,Q4,OD,NATIVE_UPDATE,57,93.2120509074673,93.20812617915367,0.003924728313635311
ORIGA,SEALED_REVIEW,17011,0,Q4,OC,NATIVE_UPDATE,57,78.05587058926994,78.05225298555305,0.003617603716883706
ORIGA,SEALED_REVIEW,17011,0,Q4,OD,NATIVE_HOLD,57,89.63378464584054,,
ORIGA,SEALED_REVIEW,17011,0,Q4,OC,NATIVE_HOLD,57,76.15692913810544,,
ORIGA,SEALED_REVIEW,17011,0,Q4,OD,SOURCE_UPDATE,57,91.96147513467051,91.95594057792377,0.005534556746743076
ORIGA,SEALED_REVIEW,17011,0,Q4,OC,SOURCE_UPDATE,57,77.55864464058267,77.54976190121035,0.008882739372324104
ORIGA,SEALED_REVIEW,17011,0,Q4,OD,SOURCE_HOLD,57,87.06359518876067,,
ORIGA,SEALED_REVIEW,17011,0,Q4,OC,SOURCE_HOLD,57,73.87954047338205,,
ORIGA,SEALED_REVIEW,17011,0,Q4,OD,SAME64_UPDATE,57,92.11155976595562,92.10686879596679,0.004690969988832707
ORIGA,SEALED_REVIEW,17011,0,Q4,OC,SAME64_UPDATE,57,77.68025830207456,77.67381980301566,0.0064384990588991125
ORIGA,SEALED_REVIEW,17011,0,Q4,OD,SAME64_HOLD,57,88.37210994532566,,
ORIGA,SEALED_REVIEW,17011,0,Q4,OC,SAME64_HOLD,57,75.62339589044733,,
ORIGA,SEALED_REVIEW,17011,0,Q4,OD,CROSS64_UPDATE,57,92.28986449709326,92.2857186607957,0.004145836297570609
ORIGA,SEALED_REVIEW,17011,0,Q4,OC,CROSS64_UPDATE,57,77.70018990014391,77.69143304514748,0.008756854996444616
ORIGA,SEALED_REVIEW,17011,0,Q4,OD,CROSS64_HOLD,57,87.25392401035049,,
ORIGA,SEALED_REVIEW,17011,0,Q4,OC,CROSS64_HOLD,57,74.17221373077629,,
ORIGA,SEALED_REVIEW,17011,0,Q4,OD,ANCHOR,57,93.32864908901092,,
ORIGA,SEALED_REVIEW,17011,0,Q4,OC,ANCHOR,57,78.38428348413943,,
ORIGA,SEALED_REVIEW,17011,0,Q4,OD,C_EPISODIC,57,87.22361112543314,,
ORIGA,SEALED_REVIEW,17011,0,Q4,OC,C_EPISODIC,57,74.18191140076152,,
REFUGE_Valid,SEARCH,17011,0,ALL,OD,NATIVE_UPDATE,406,79.85571183286191,79.85243933548068,0.003272497381222693
REFUGE_Valid,SEARCH,17011,0,ALL,OC,NATIVE_UPDATE,406,60.081254174959575,60.08332202894611,-0.0020678539865360093
REFUGE_Valid,SEARCH,17011,0,Q1,OD,NATIVE_UPDATE,97,79.04569902678699,79.02858598545667,0.017113041330330554
REFUGE_Valid,SEARCH,17011,0,Q1,OC,NATIVE_UPDATE,97,57.85165857978421,57.85097974325607,0.0006788365281348537
REFUGE_Valid,SEARCH,17011,0,FIRST64,OD,NATIVE_UPDATE,39,78.07113234551312,78.0372400457059,0.033892299807219264
REFUGE_Valid,SEARCH,17011,0,FIRST64,OC,NATIVE_UPDATE,39,59.07616033392053,59.07165424462587,0.004506089294654851
REFUGE_Valid,SEARCH,17011,0,ALL,OD,NATIVE_HOLD,406,79.3919698292734,,
REFUGE_Valid,SEARCH,17011,0,ALL,OC,NATIVE_HOLD,406,60.9539060830302,,
REFUGE_Valid,SEARCH,17011,0,Q1,OD,NATIVE_HOLD,97,78.11048605521519,,
REFUGE_Valid,SEARCH,17011,0,Q1,OC,NATIVE_HOLD,97,57.74822164234451,,
REFUGE_Valid,SEARCH,17011,0,FIRST64,OD,NATIVE_HOLD,39,77.46147424935822,,
REFUGE_Valid,SEARCH,17011,0,FIRST64,OC,NATIVE_HOLD,39,58.989354170506694,,
REFUGE_Valid,SEARCH,17011,0,ALL,OD,SOURCE_UPDATE,406,84.03119979630806,84.01484854657343,0.016351249734639795
REFUGE_Valid,SEARCH,17011,0,ALL,OC,SOURCE_UPDATE,406,65.3570736553344,65.35210502254482,0.004968632789590857
REFUGE_Valid,SEARCH,17011,0,Q1,OD,SOURCE_UPDATE,97,83.95790320920766,83.90300361868512,0.05489959052253781
REFUGE_Valid,SEARCH,17011,0,Q1,OC,SOURCE_UPDATE,97,63.67468744518787,63.67640320529016,-0.0017157601022829618
REFUGE_Valid,SEARCH,17011,0,FIRST64,OD,SOURCE_UPDATE,39,82.9583791049184,82.85484524373207,0.10353386118633218
REFUGE_Valid,SEARCH,17011,0,FIRST64,OC,SOURCE_UPDATE,39,64.7394321427872,64.73003054355705,0.009401599230156998
REFUGE_Valid,SEARCH,17011,0,ALL,OD,SOURCE_HOLD,406,84.08452106164629,,
REFUGE_Valid,SEARCH,17011,0,ALL,OC,SOURCE_HOLD,406,66.39393397143391,,
REFUGE_Valid,SEARCH,17011,0,Q1,OD,SOURCE_HOLD,97,82.65345888508554,,
REFUGE_Valid,SEARCH,17011,0,Q1,OC,SOURCE_HOLD,97,63.65922344112908,,
REFUGE_Valid,SEARCH,17011,0,FIRST64,OD,SOURCE_HOLD,39,81.90239752216513,,
REFUGE_Valid,SEARCH,17011,0,FIRST64,OC,SOURCE_HOLD,39,64.53460729301077,,
REFUGE_Valid,SEARCH,17011,0,ALL,OD,SAME64_UPDATE,406,83.97649891235002,83.96482964680342,0.011669265546589086
REFUGE_Valid,SEARCH,17011,0,ALL,OC,SAME64_UPDATE,406,65.30936946965285,65.3074078631074,0.0019616065454539445
REFUGE_Valid,SEARCH,17011,0,Q1,OD,SAME64_UPDATE,97,84.28813171227442,84.24967915419798,0.03845255807644375
REFUGE_Valid,SEARCH,17011,0,Q1,OC,SAME64_UPDATE,97,63.680736819380336,63.68534426891226,-0.004607449531923083
REFUGE_Valid,SEARCH,17011,0,FIRST64,OD,SAME64_UPDATE,39,83.73784674733544,83.6766019804317,0.061244766903742115
REFUGE_Valid,SEARCH,17011,0,FIRST64,OC,SAME64_UPDATE,39,64.7259974078523,64.72036575917008,0.005631648682210612
REFUGE_Valid,SEARCH,17011,0,ALL,OD,SAME64_HOLD,406,85.90404976971188,,
REFUGE_Valid,SEARCH,17011,0,ALL,OC,SAME64_HOLD,406,66.50505110922509,,
REFUGE_Valid,SEARCH,17011,0,Q1,OD,SAME64_HOLD,97,84.5887276744039,,
REFUGE_Valid,SEARCH,17011,0,Q1,OC,SAME64_HOLD,97,63.97988244799707,,
REFUGE_Valid,SEARCH,17011,0,FIRST64,OD,SAME64_HOLD,39,83.90464872939192,,
REFUGE_Valid,SEARCH,17011,0,FIRST64,OC,SAME64_HOLD,39,64.83791359020886,,
REFUGE_Valid,SEARCH,17011,0,ALL,OD,CROSS64_UPDATE,406,82.73274336844507,82.72351730415336,0.00922606429171984
REFUGE_Valid,SEARCH,17011,0,ALL,OC,CROSS64_UPDATE,406,64.5580180982506,64.55812024813135,-0.00010214988074242746
REFUGE_Valid,SEARCH,17011,0,Q1,OD,CROSS64_UPDATE,97,83.22942500013548,83.18034438346373,0.04908061667175613
REFUGE_Valid,SEARCH,17011,0,Q1,OC,CROSS64_UPDATE,97,62.93369932381769,62.93596087674139,-0.0022615529236963703
REFUGE_Valid,SEARCH,17011,0,FIRST64,OD,CROSS64_UPDATE,39,81.64734949256386,81.54296278918744,0.10438670337641227
REFUGE_Valid,SEARCH,17011,0,FIRST64,OC,CROSS64_UPDATE,39,63.807006901905226,63.79443397324176,0.012572928663463661
REFUGE_Valid,SEARCH,17011,0,ALL,OD,CROSS64_HOLD,406,83.01023430352878,,
REFUGE_Valid,SEARCH,17011,0,ALL,OC,CROSS64_HOLD,406,65.57440222389309,,
REFUGE_Valid,SEARCH,17011,0,Q1,OD,CROSS64_HOLD,97,81.35730455542262,,
REFUGE_Valid,SEARCH,17011,0,Q1,OC,CROSS64_HOLD,97,62.676685892553174,,
REFUGE_Valid,SEARCH,17011,0,FIRST64,OD,CROSS64_HOLD,39,80.47964026858125,,
REFUGE_Valid,SEARCH,17011,0,FIRST64,OC,CROSS64_HOLD,39,63.53696053209694,,
REFUGE_Valid,SEARCH,17011,0,ALL,OD,ANCHOR,406,81.13176716222667,,
REFUGE_Valid,SEARCH,17011,0,ALL,OC,ANCHOR,406,60.088960187646954,,
REFUGE_Valid,SEARCH,17011,0,Q1,OD,ANCHOR,97,79.98253851045982,,
REFUGE_Valid,SEARCH,17011,0,Q1,OC,ANCHOR,97,57.64112928258034,,
REFUGE_Valid,SEARCH,17011,0,FIRST64,OD,ANCHOR,39,78.88170152011931,,
REFUGE_Valid,SEARCH,17011,0,FIRST64,OC,ANCHOR,39,58.82795603088841,,
REFUGE_Valid,SEARCH,17011,0,ALL,OD,C_EPISODIC,406,84.31860817575944,,
REFUGE_Valid,SEARCH,17011,0,ALL,OC,C_EPISODIC,406,66.46585633833054,,
REFUGE_Valid,SEARCH,17011,0,Q1,OD,C_EPISODIC,97,82.94692409815347,,
REFUGE_Valid,SEARCH,17011,0,Q1,OC,C_EPISODIC,97,63.68210180259162,,
REFUGE_Valid,SEARCH,17011,0,FIRST64,OD,C_EPISODIC,39,82.30514020113297,,
REFUGE_Valid,SEARCH,17011,0,FIRST64,OC,C_EPISODIC,39,64.60336963470017,,
REFUGE_Valid,SEALED_REVIEW,17011,0,ALL,OD,NATIVE_UPDATE,269,80.76185812370544,80.76533067166113,-0.0034725479556966636
REFUGE_Valid,SEALED_REVIEW,17011,0,ALL,OC,NATIVE_UPDATE,269,60.25013089235107,60.25331711283226,-0.0031862204811861413
REFUGE_Valid,SEALED_REVIEW,17011,0,Q1,OD,NATIVE_UPDATE,69,80.0397987495998,80.03800426645263,0.001794483147164678
REFUGE_Valid,SEALED_REVIEW,17011,0,Q1,OC,NATIVE_UPDATE,69,59.37239402367911,59.37451943544829,-0.0021254117691822815
REFUGE_Valid,SEALED_REVIEW,17011,0,FIRST64,OD,NATIVE_UPDATE,20,80.83507452683175,80.82944996542038,0.005624561411350926
REFUGE_Valid,SEALED_REVIEW,17011,0,FIRST64,OC,NATIVE_UPDATE,20,62.16662285122122,62.1670840838655,-0.0004612326442771097
REFUGE_Valid,SEALED_REVIEW,17011,0,ALL,OD,NATIVE_HOLD,269,80.3858117836035,,
REFUGE_Valid,SEALED_REVIEW,17011,0,ALL,OC,NATIVE_HOLD,269,60.984952590381106,,
REFUGE_Valid,SEALED_REVIEW,17011,0,Q1,OD,NATIVE_HOLD,69,79.19945744735651,,
REFUGE_Valid,SEALED_REVIEW,17011,0,Q1,OC,NATIVE_HOLD,69,59.20478688787079,,
REFUGE_Valid,SEALED_REVIEW,17011,0,FIRST64,OD,NATIVE_HOLD,20,80.32517400617763,,
REFUGE_Valid,SEALED_REVIEW,17011,0,FIRST64,OC,NATIVE_HOLD,20,61.96654867185568,,
REFUGE_Valid,SEALED_REVIEW,17011,0,ALL,OD,SOURCE_UPDATE,269,85.94600345280334,85.95492040204141,-0.008916949238078717
REFUGE_Valid,SEALED_REVIEW,17011,0,ALL,OC,SOURCE_UPDATE,269,65.9096632394261,65.91286176342163,-0.003198523995546377
REFUGE_Valid,SEALED_REVIEW,17011,0,Q1,OD,SOURCE_UPDATE,69,86.34399654589713,86.35190000541198,-0.007903459514845263
REFUGE_Valid,SEALED_REVIEW,17011,0,Q1,OC,SOURCE_UPDATE,69,65.30623092928045,65.30400530459643,0.0022256246839995994
REFUGE_Valid,SEALED_REVIEW,17011,0,FIRST64,OD,SOURCE_UPDATE,20,88.52362232599677,88.49972364035169,0.023898685645084572
REFUGE_Valid,SEALED_REVIEW,17011,0,FIRST64,OC,SOURCE_UPDATE,20,68.35676821489841,68.37146381099288,-0.014695596094463359
REFUGE_Valid,SEALED_REVIEW,17011,0,ALL,OD,SOURCE_HOLD,269,86.1588258244221,,
REFUGE_Valid,SEALED_REVIEW,17011,0,ALL,OC,SOURCE_HOLD,269,67.06294196122838,,
REFUGE_Valid,SEALED_REVIEW,17011,0,Q1,OD,SOURCE_HOLD,69,85.57440745098312,,
REFUGE_Valid,SEALED_REVIEW,17011,0,Q1,OC,SOURCE_HOLD,69,65.387031694222,,
REFUGE_Valid,SEALED_REVIEW,17011,0,FIRST64,OD,SOURCE_HOLD,20,87.71734701521636,,
REFUGE_Valid,SEALED_REVIEW,17011,0,FIRST64,OC,SOURCE_HOLD,20,68.6694185577723,,
REFUGE_Valid,SEALED_REVIEW,17011,0,ALL,OD,SAME64_UPDATE,269,85.83605830258583,85.84596306161548,-0.009904759029662362
REFUGE_Valid,SEALED_REVIEW,17011,0,ALL,OC,SAME64_UPDATE,269,65.8207189861063,65.8229999254017,-0.002280939295400094
REFUGE_Valid,SEALED_REVIEW,17011,0,Q1,OD,SAME64_UPDATE,69,86.34431800106897,86.3566025597872,-0.012284558718229097
REFUGE_Valid,SEALED_REVIEW,17011,0,Q1,OC,SAME64_UPDATE,69,65.0781668316574,65.07392744820196,0.004239383455438421
REFUGE_Valid,SEALED_REVIEW,17011,0,FIRST64,OD,SAME64_UPDATE,20,88.50564388922551,88.50056394909849,0.005079940127010185
REFUGE_Valid,SEALED_REVIEW,17011,0,FIRST64,OC,SAME64_UPDATE,20,67.54805798814633,67.55453041892963,-0.006472430783299176
REFUGE_Valid,SEALED_REVIEW,17011,0,ALL,OD,SAME64_HOLD,269,87.78215902688964,,
REFUGE_Valid,SEALED_REVIEW,17011,0,ALL,OC,SAME64_HOLD,269,66.96074467841602,,
REFUGE_Valid,SEALED_REVIEW,17011,0,Q1,OD,SAME64_HOLD,69,86.86222407518467,,
REFUGE_Valid,SEALED_REVIEW,17011,0,Q1,OC,SAME64_HOLD,69,65.41190459693583,,
REFUGE_Valid,SEALED_REVIEW,17011,0,FIRST64,OD,SAME64_HOLD,20,88.71747734595593,,
REFUGE_Valid,SEALED_REVIEW,17011,0,FIRST64,OC,SAME64_HOLD,20,67.84055193568938,,
REFUGE_Valid,SEALED_REVIEW,17011,0,ALL,OD,CROSS64_UPDATE,269,84.72793812305179,84.73952337305042,-0.011585249998624978
REFUGE_Valid,SEALED_REVIEW,17011,0,ALL,OC,CROSS64_UPDATE,269,65.11491936609063,65.11583937183318,-0.0009200057425470819
REFUGE_Valid,SEALED_REVIEW,17011,0,Q1,OD,CROSS64_UPDATE,69,85.65168433342349,85.65859028800602,-0.006905954582550893
REFUGE_Valid,SEALED_REVIEW,17011,0,Q1,OC,CROSS64_UPDATE,69,64.66047621425737,64.6517546664744,0.008721547782960639
REFUGE_Valid,SEALED_REVIEW,17011,0,FIRST64,OD,CROSS64_UPDATE,20,87.38910519358409,87.35872115923993,0.030384034344149713
REFUGE_Valid,SEALED_REVIEW,17011,0,FIRST64,OC,CROSS64_UPDATE,20,67.76871288925058,67.75947831453486,0.009234574715719923
REFUGE_Valid,SEALED_REVIEW,17011,0,ALL,OD,CROSS64_HOLD,269,84.97038315802412,,
REFUGE_Valid,SEALED_REVIEW,17011,0,ALL,OC,CROSS64_HOLD,269,66.16322148397978,,
REFUGE_Valid,SEALED_REVIEW,17011,0,Q1,OD,CROSS64_HOLD,69,84.37149621219334,,
REFUGE_Valid,SEALED_REVIEW,17011,0,Q1,OC,CROSS64_HOLD,69,64.41169900468205,,
REFUGE_Valid,SEALED_REVIEW,17011,0,FIRST64,OD,CROSS64_HOLD,20,86.41821447796094,,
REFUGE_Valid,SEALED_REVIEW,17011,0,FIRST64,OC,CROSS64_HOLD,20,67.82522583778206,,
REFUGE_Valid,SEALED_REVIEW,17011,0,ALL,OD,ANCHOR,269,81.90651819970033,,
REFUGE_Valid,SEALED_REVIEW,17011,0,ALL,OC,ANCHOR,269,60.23131139653366,,
REFUGE_Valid,SEALED_REVIEW,17011,0,Q1,OD,ANCHOR,69,80.92761395864304,,
REFUGE_Valid,SEALED_REVIEW,17011,0,Q1,OC,ANCHOR,69,59.16450082436443,,
REFUGE_Valid,SEALED_REVIEW,17011,0,FIRST64,OD,ANCHOR,20,81.32684339452977,,
REFUGE_Valid,SEALED_REVIEW,17011,0,FIRST64,OC,ANCHOR,20,61.886344517342316,,
REFUGE_Valid,SEALED_REVIEW,17011,0,ALL,OD,C_EPISODIC,269,86.30269658536639,,
REFUGE_Valid,SEALED_REVIEW,17011,0,ALL,OC,C_EPISODIC,269,67.09208510826586,,
REFUGE_Valid,SEALED_REVIEW,17011,0,Q1,OD,C_EPISODIC,69,85.69313764920463,,
REFUGE_Valid,SEALED_REVIEW,17011,0,Q1,OC,C_EPISODIC,69,65.42113676318591,,
REFUGE_Valid,SEALED_REVIEW,17011,0,FIRST64,OD,C_EPISODIC,20,87.86822496592544,,
REFUGE_Valid,SEALED_REVIEW,17011,0,FIRST64,OC,C_EPISODIC,20,68.57418583079611,,
REFUGE_Valid,SEALED_REVIEW,17011,0,Q2,OD,NATIVE_UPDATE,80,81.6977488114042,81.69624680317499,0.001502008229219698
REFUGE_Valid,SEALED_REVIEW,17011,0,Q2,OC,NATIVE_UPDATE,80,62.61857237156142,62.620119476096924,-0.0015471045355035934
REFUGE_Valid,SEALED_REVIEW,17011,0,Q2,OD,NATIVE_HOLD,80,81.07747284303098,,
REFUGE_Valid,SEALED_REVIEW,17011,0,Q2,OC,NATIVE_HOLD,80,62.97480312040714,,
REFUGE_Valid,SEALED_REVIEW,17011,0,Q2,OD,SOURCE_UPDATE,80,86.4879531321171,86.49989090881867,-0.011937776701562292
REFUGE_Valid,SEALED_REVIEW,17011,0,Q2,OC,SOURCE_UPDATE,80,68.034216932987,68.03761470098286,-0.0033977679958680646
REFUGE_Valid,SEALED_REVIEW,17011,0,Q2,OD,SOURCE_HOLD,80,86.77564121992681,,
REFUGE_Valid,SEALED_REVIEW,17011,0,Q2,OC,SOURCE_HOLD,80,69.00905416238659,,
REFUGE_Valid,SEALED_REVIEW,17011,0,Q2,OD,SAME64_UPDATE,80,86.49660958384243,86.50665821369957,-0.010048629857135755
REFUGE_Valid,SEALED_REVIEW,17011,0,Q2,OC,SAME64_UPDATE,80,68.04232355280223,68.0434048918318,-0.0010813390295814906
REFUGE_Valid,SEALED_REVIEW,17011,0,Q2,OD,SAME64_HOLD,80,88.07879440575186,,
REFUGE_Valid,SEALED_REVIEW,17011,0,Q2,OC,SAME64_HOLD,80,68.88587862323791,,
REFUGE_Valid,SEALED_REVIEW,17011,0,Q2,OD,CROSS64_UPDATE,80,85.69765696217917,85.71348346283493,-0.015826500655764242
REFUGE_Valid,SEALED_REVIEW,17011,0,Q2,OC,CROSS64_UPDATE,80,67.41589316936727,67.42048593892423,-0.004592769556957602
REFUGE_Valid,SEALED_REVIEW,17011,0,Q2,OD,CROSS64_HOLD,80,85.57133885650435,,
REFUGE_Valid,SEALED_REVIEW,17011,0,Q2,OC,CROSS64_HOLD,80,68.05148131066674,,
REFUGE_Valid,SEALED_REVIEW,17011,0,Q2,OD,ANCHOR,80,82.71309518013994,,
REFUGE_Valid,SEALED_REVIEW,17011,0,Q2,OC,ANCHOR,80,62.558786517267976,,
REFUGE_Valid,SEALED_REVIEW,17011,0,Q2,OD,C_EPISODIC,80,86.92039861016458,,
REFUGE_Valid,SEALED_REVIEW,17011,0,Q2,OC,C_EPISODIC,80,69.06504608399939,,
REFUGE_Valid,SEARCH,17011,0,Q2,OD,NATIVE_UPDATE,89,80.88732529129184,80.88099876539678,0.006326525895065516
REFUGE_Valid,SEARCH,17011,0,Q2,OC,NATIVE_UPDATE,89,62.27949791790937,62.28448475677093,-0.004986838861565249
REFUGE_Valid,SEARCH,17011,0,Q2,OD,NATIVE_HOLD,89,79.97074116931526,,
REFUGE_Valid,SEARCH,17011,0,Q2,OC,NATIVE_HOLD,89,62.684485079575026,,
REFUGE_Valid,SEARCH,17011,0,Q2,OD,SOURCE_UPDATE,89,85.58894198137457,85.58813862013868,0.0008033612359081344
REFUGE_Valid,SEARCH,17011,0,Q2,OC,SOURCE_UPDATE,89,66.52163650729895,66.52075686874727,0.0008796385516870664
REFUGE_Valid,SEARCH,17011,0,Q2,OD,SOURCE_HOLD,89,85.26211478789409,,
REFUGE_Valid,SEARCH,17011,0,Q2,OC,SOURCE_HOLD,89,67.99456581880115,,
REFUGE_Valid,SEARCH,17011,0,Q2,OD,SAME64_UPDATE,89,85.60453437112014,85.6071728768607,-0.0026385057405772577
REFUGE_Valid,SEARCH,17011,0,Q2,OC,SAME64_UPDATE,89,66.53238332583119,66.53256485733444,-0.000181531503251183
REFUGE_Valid,SEARCH,17011,0,Q2,OD,SAME64_HOLD,89,86.78855309557463,,
REFUGE_Valid,SEARCH,17011,0,Q2,OC,SAME64_HOLD,89,67.51051969404554,,
REFUGE_Valid,SEARCH,17011,0,Q2,OD,CROSS64_UPDATE,89,84.69173098766045,84.70441155752813,-0.012680569867674392
REFUGE_Valid,SEARCH,17011,0,Q2,OC,CROSS64_UPDATE,89,66.10915999025188,66.10969537895771,-0.0005353887058312648
REFUGE_Valid,SEARCH,17011,0,Q2,OD,CROSS64_HOLD,89,84.29455022264469,,
REFUGE_Valid,SEARCH,17011,0,Q2,OC,CROSS64_HOLD,89,67.34783843300714,,
REFUGE_Valid,SEARCH,17011,0,Q2,OD,ANCHOR,89,82.08644098766035,,
REFUGE_Valid,SEARCH,17011,0,Q2,OC,ANCHOR,89,62.232677427539976,,
REFUGE_Valid,SEARCH,17011,0,Q2,OD,C_EPISODIC,89,85.362793962906,,
REFUGE_Valid,SEARCH,17011,0,Q2,OC,C_EPISODIC,89,68.01780823684489,,
REFUGE_Valid,SEARCH,17011,0,Q3,OD,NATIVE_UPDATE,100,80.42657922634132,80.42358768135763,0.0029915449836767083
REFUGE_Valid,SEARCH,17011,0,Q3,OC,NATIVE_UPDATE,100,61.91521868682954,61.91496848899678,0.00025019783276467034
REFUGE_Valid,SEARCH,17011,0,Q3,OD,NATIVE_HOLD,100,80.05243404496936,,
REFUGE_Valid,SEARCH,17011,0,Q3,OC,NATIVE_HOLD,100,63.00513451292736,,
REFUGE_Valid,SEARCH,17011,0,Q3,OD,SOURCE_UPDATE,100,84.33363331961692,84.31882088853213,0.01481243108479241
REFUGE_Valid,SEARCH,17011,0,Q3,OC,SOURCE_UPDATE,100,67.16776332829836,67.15368854342589,0.014074784872476404
REFUGE_Valid,SEARCH,17011,0,Q3,OD,SOURCE_HOLD,100,84.35205902500844,,
REFUGE_Valid,SEARCH,17011,0,Q3,OC,SOURCE_HOLD,100,67.88126808183193,,
REFUGE_Valid,SEARCH,17011,0,Q3,OD,SAME64_UPDATE,100,84.14064736720039,84.12501824053922,0.01562912666117705
REFUGE_Valid,SEARCH,17011,0,Q3,OC,SAME64_UPDATE,100,67.13808770376862,67.12671777492996,0.011369928838675353
REFUGE_Valid,SEARCH,17011,0,Q3,OD,SAME64_HOLD,100,86.29306465420864,,
REFUGE_Valid,SEARCH,17011,0,Q3,OC,SAME64_HOLD,100,68.26156306347539,,
REFUGE_Valid,SEARCH,17011,0,Q3,OD,CROSS64_UPDATE,100,82.95945492202884,82.95191900086863,0.007535921160224056
REFUGE_Valid,SEARCH,17011,0,Q3,OC,CROSS64_UPDATE,100,66.2875150176107,66.27792389932661,0.009591118284083211
REFUGE_Valid,SEARCH,17011,0,Q3,OD,CROSS64_HOLD,100,83.39674121771753,,
REFUGE_Valid,SEARCH,17011,0,Q3,OC,CROSS64_HOLD,100,67.08991139937238,,
REFUGE_Valid,SEARCH,17011,0,Q3,OD,ANCHOR,100,81.797045780679,,
REFUGE_Valid,SEARCH,17011,0,Q3,OC,ANCHOR,100,61.97453852382077,,
REFUGE_Valid,SEARCH,17011,0,Q3,OD,C_EPISODIC,100,84.6569661294213,,
REFUGE_Valid,SEARCH,17011,0,Q3,OC,C_EPISODIC,100,68.03562715718333,,
REFUGE_Valid,SEALED_REVIEW,17011,0,Q3,OD,NATIVE_UPDATE,68,79.90739068369838,79.9118520140373,-0.004461330338919502
REFUGE_Valid,SEALED_REVIEW,17011,0,Q3,OC,NATIVE_UPDATE,68,58.60984885896939,58.61339624102791,-0.0035473820585086727
REFUGE_Valid,SEALED_REVIEW,17011,0,Q3,OD,NATIVE_HOLD,68,79.70002682215758,,
REFUGE_Valid,SEALED_REVIEW,17011,0,Q3,OC,NATIVE_HOLD,68,59.864086201176505,,
REFUGE_Valid,SEALED_REVIEW,17011,0,Q3,OD,SOURCE_UPDATE,68,85.27961859140024,85.29291725852065,-0.013298667120401227
REFUGE_Valid,SEALED_REVIEW,17011,0,Q3,OC,SOURCE_UPDATE,68,63.87595920023003,63.88115514715824,-0.005195946928215002
REFUGE_Valid,SEALED_REVIEW,17011,0,Q3,OD,SOURCE_HOLD,68,85.64679714140797,,
REFUGE_Valid,SEALED_REVIEW,17011,0,Q3,OC,SOURCE_HOLD,68,65.81017819531509,,
REFUGE_Valid,SEALED_REVIEW,17011,0,Q3,OD,SAME64_UPDATE,68,85.05394034656997,85.0676858561617,-0.013745509591725817
REFUGE_Valid,SEALED_REVIEW,17011,0,Q3,OC,SAME64_UPDATE,68,63.8257277591382,63.83196747578267,-0.006239716644457216
REFUGE_Valid,SEALED_REVIEW,17011,0,Q3,OD,SAME64_HOLD,68,87.78759222874488,,
REFUGE_Valid,SEALED_REVIEW,17011,0,Q3,OC,SAME64_HOLD,68,65.30916098701687,,
REFUGE_Valid,SEALED_REVIEW,17011,0,Q3,OD,CROSS64_UPDATE,68,83.44317838025414,83.46264342973801,-0.019465049483864762
REFUGE_Valid,SEALED_REVIEW,17011,0,Q3,OC,CROSS64_UPDATE,68,63.056467001312456,63.0584678857463,-0.002000884433846789
REFUGE_Valid,SEALED_REVIEW,17011,0,Q3,OD,CROSS64_HOLD,68,84.28925134505654,,
REFUGE_Valid,SEALED_REVIEW,17011,0,Q3,OC,CROSS64_HOLD,68,65.07196409115387,,
REFUGE_Valid,SEALED_REVIEW,17011,0,Q3,OD,ANCHOR,68,81.23092169076475,,
REFUGE_Valid,SEALED_REVIEW,17011,0,Q3,OC,ANCHOR,68,58.66473150313821,,
REFUGE_Valid,SEALED_REVIEW,17011,0,Q3,OD,C_EPISODIC,68,85.75118885325242,,
REFUGE_Valid,SEALED_REVIEW,17011,0,Q3,OC,C_EPISODIC,68,65.81386718800061,,
REFUGE_Valid,SEARCH,17011,0,Q4,OD,NATIVE_UPDATE,120,79.26963604153742,79.27958226133156,-0.009946219794117936
REFUGE_Valid,SEARCH,17011,0,Q4,OC,NATIVE_UPDATE,120,58.72484274514693,58.72889763669993,-0.0040548915529988365
REFUGE_Valid,SEARCH,17011,0,Q4,OD,NATIVE_HOLD,120,79.44819362302611,,
REFUGE_Valid,SEARCH,17011,0,Q4,OC,NATIVE_HOLD,120,60.55229789189942,,
REFUGE_Valid,SEARCH,17011,0,Q4,OD,SOURCE_UPDATE,120,82.68309448086586,82.68508944042333,-0.001994959557478961
REFUGE_Valid,SEARCH,17011,0,Q4,OC,SOURCE_UPDATE,120,64.34437699919252,64.33856093815797,0.005816061034562882
REFUGE_Valid,SEARCH,17011,0,Q4,OD,SOURCE_HOLD,120,84.14496600459728,,
REFUGE_Valid,SEARCH,17011,0,Q4,OC,SOURCE_HOLD,120,66.1779112713013,,
REFUGE_Valid,SEARCH,17011,0,Q4,OD,SAME64_UPDATE,120,82.38034572144797,82.38301457125384,-0.002668849805885036
REFUGE_Valid,SEARCH,17011,0,Q4,OC,SAME64_UPDATE,120,64.19484705686108,64.19382623784465,0.001020819016438838
REFUGE_Valid,SEARCH,17011,0,Q4,OD,SAME64_HOLD,120,85.987082759657,,
REFUGE_Valid,SEARCH,17011,0,Q4,OC,SAME64_HOLD,120,66.33674661476732,,
REFUGE_Valid,SEARCH,17011,0,Q4,OD,CROSS64_UPDATE,120,80.68941693725745,80.69475076319512,-0.005333825937678949
REFUGE_Valid,SEARCH,17011,0,Q4,OC,CROSS64_UPDATE,120,63.27933143821619,63.28544447531264,-0.006113037096435135
REFUGE_Valid,SEARCH,17011,0,Q4,OD,CROSS64_HOLD,120,83.0717291147463,,
REFUGE_Valid,SEARCH,17011,0,Q4,OC,CROSS64_HOLD,120,65.33850009040054,,
REFUGE_Valid,SEARCH,17011,0,Q4,OD,ANCHOR,120,80.79827838649793,,
REFUGE_Valid,SEARCH,17011,0,Q4,OC,ANCHOR,120,58.906384602843644,,
REFUGE_Valid,SEARCH,17011,0,Q4,OD,C_EPISODIC,120,84.3709833849723,,
REFUGE_Valid,SEARCH,17011,0,Q4,OC,C_EPISODIC,120,66.25688458094405,,
REFUGE_Valid,SEALED_REVIEW,17011,0,Q4,OD,NATIVE_UPDATE,52,81.39752404135677,81.41434567467462,-0.016821633317842595
REFUGE_Valid,SEALED_REVIEW,17011,0,Q4,OC,NATIVE_UPDATE,52,59.91604827449517,59.92269153515952,-0.006643260664358028
REFUGE_Valid,SEALED_REVIEW,17011,0,Q4,OD,NATIVE_HOLD,52,81.79271451101053,,
REFUGE_Valid,SEALED_REVIEW,17011,0,Q4,OC,NATIVE_HOLD,52,61.751535389170385,,
REFUGE_Valid,SEALED_REVIEW,17011,0,Q4,OD,SOURCE_UPDATE,52,85.45555485293484,85.45543925943882,0.00011559349602721434
REFUGE_Valid,SEALED_REVIEW,17011,0,Q4,OC,SOURCE_UPDATE,52,66.101286481359,66.10876388957458,-0.007477408215574663
REFUGE_Valid,SEALED_REVIEW,17011,0,Q4,OD,SOURCE_HOLD,52,86.65493325849658,,
REFUGE_Valid,SEALED_REVIEW,17011,0,Q4,OC,SOURCE_HOLD,52,67.93095673839925,,
REFUGE_Valid,SEALED_REVIEW,17011,0,Q4,OD,SAME64_UPDATE,52,85.16817367399375,85.16967676219784,-0.0015030882040990737
REFUGE_Valid,SEALED_REVIEW,17011,0,Q4,OC,SAME64_UPDATE,52,65.9970100775511,66.00461165975685,-0.0076015822057358936
REFUGE_Valid,SEALED_REVIEW,17011,0,Q4,OD,SAME64_HOLD,52,88.53937486597637,,
REFUGE_Valid,SEALED_REVIEW,17011,0,Q4,OC,SAME64_HOLD,52,68.21395508325297,,
REFUGE_Valid,SEALED_REVIEW,17011,0,Q4,OD,CROSS64_UPDATE,52,83.69039325505953,83.6913582159455,-0.0009649608859646923
REFUGE_Valid,SEALED_REVIEW,17011,0,Q4,OC,CROSS64_UPDATE,52,64.8697930972306,64.87644284022505,-0.0066497429944472955
REFUGE_Valid,SEALED_REVIEW,17011,0,Q4,OD,CROSS64_HOLD,52,85.73122367082607,,
REFUGE_Valid,SEALED_REVIEW,17011,0,Q4,OC,CROSS64_HOLD,52,67.00937086184035,,
REFUGE_Valid,SEALED_REVIEW,17011,0,Q4,OD,ANCHOR,52,82.84803352288121,,
REFUGE_Valid,SEALED_REVIEW,17011,0,Q4,OC,ANCHOR,52,60.11476048445331,,
REFUGE_Valid,SEALED_REVIEW,17011,0,Q4,OD,C_EPISODIC,52,86.88242601604055,,
REFUGE_Valid,SEALED_REVIEW,17011,0,Q4,OC,C_EPISODIC,52,67.94549619153261,,
ORIGA,SEARCH,17011,1,ALL,OD,NATIVE_UPDATE,316,88.27191190178519,88.2505290966999,0.02138280508529013
ORIGA,SEARCH,17011,1,ALL,OC,NATIVE_UPDATE,316,70.06095983584007,70.0264783586352,0.034481477204862165
ORIGA,SEARCH,17011,1,Q1,OD,NATIVE_UPDATE,81,84.6695662450054,84.61784445051451,0.051721794490891364
ORIGA,SEARCH,17011,1,Q1,OC,NATIVE_UPDATE,81,64.67658074870158,64.59694691299146,0.07963383571013273
ORIGA,SEARCH,17011,1,FIRST64,OD,NATIVE_UPDATE,35,85.09598737441262,85.03639243924952,0.05959493516309074
ORIGA,SEARCH,17011,1,FIRST64,OC,NATIVE_UPDATE,35,66.25763820382691,66.17652289155389,0.0811153122730319
ORIGA,SEARCH,17011,1,ALL,OD,NATIVE_HOLD,316,84.62533946912033,,
ORIGA,SEARCH,17011,1,ALL,OC,NATIVE_HOLD,316,64.75263164712311,,
ORIGA,SEARCH,17011,1,Q1,OD,NATIVE_HOLD,81,82.07848369089093,,
ORIGA,SEARCH,17011,1,Q1,OC,NATIVE_HOLD,81,61.10147889684273,,
ORIGA,SEARCH,17011,1,FIRST64,OD,NATIVE_HOLD,35,83.99185888858717,,
ORIGA,SEARCH,17011,1,FIRST64,OC,NATIVE_HOLD,35,64.71626789898825,,
ORIGA,SEARCH,17011,1,ALL,OD,SOURCE_UPDATE,316,84.40392531335097,84.35683516131857,0.047090152032394444
ORIGA,SEARCH,17011,1,ALL,OC,SOURCE_UPDATE,316,66.6027520899207,66.53169772716167,0.07105436275902831
ORIGA,SEARCH,17011,1,Q1,OD,SOURCE_UPDATE,81,77.96342297468888,77.84392150990791,0.11950146478096034
ORIGA,SEARCH,17011,1,Q1,OC,SOURCE_UPDATE,81,58.43981834735344,58.253280940273065,0.18653740708036234
ORIGA,SEARCH,17011,1,FIRST64,OD,SOURCE_UPDATE,35,79.01600121271413,78.89056252433805,0.12543868837607386
ORIGA,SEARCH,17011,1,FIRST64,OC,SOURCE_UPDATE,35,61.755381536181574,61.55845760107048,0.19692393511108994
ORIGA,SEARCH,17011,1,ALL,OD,SOURCE_HOLD,316,75.50920320760306,,
ORIGA,SEARCH,17011,1,ALL,OC,SOURCE_HOLD,316,56.51189852699288,,
ORIGA,SEARCH,17011,1,Q1,OD,SOURCE_HOLD,81,72.97912470636965,,
ORIGA,SEARCH,17011,1,Q1,OC,SOURCE_HOLD,81,52.9323997048062,,
ORIGA,SEARCH,17011,1,FIRST64,OD,SOURCE_HOLD,35,76.60120354790617,,
ORIGA,SEARCH,17011,1,FIRST64,OC,SOURCE_HOLD,35,58.72587043999013,,
ORIGA,SEARCH,17011,1,ALL,OD,SAME64_UPDATE,316,85.56221222985324,85.5248337667043,0.037378463148938515
ORIGA,SEARCH,17011,1,ALL,OC,SAME64_UPDATE,316,68.37785225177329,68.32485001365411,0.05300223811918071
ORIGA,SEARCH,17011,1,Q1,OD,SAME64_UPDATE,81,80.52895936290423,80.42938430081601,0.09957506208822142
ORIGA,SEARCH,17011,1,Q1,OC,SAME64_UPDATE,81,62.40012450025647,62.26158866159307,0.13853583866340197
ORIGA,SEARCH,17011,1,FIRST64,OD,SAME64_UPDATE,35,81.315337270793,81.22653687941539,0.08880039137760792
ORIGA,SEARCH,17011,1,FIRST64,OC,SAME64_UPDATE,35,65.2630732062327,65.14937534948412,0.11369785674858991
ORIGA,SEARCH,17011,1,ALL,OD,SAME64_HOLD,316,78.93753453335653,,
ORIGA,SEARCH,17011,1,ALL,OC,SAME64_HOLD,316,60.64306614756627,,
ORIGA,SEARCH,17011,1,Q1,OD,SAME64_HOLD,81,76.38737055751682,,
ORIGA,SEARCH,17011,1,Q1,OC,SAME64_HOLD,81,57.40691756317282,,
ORIGA,SEARCH,17011,1,FIRST64,OD,SAME64_HOLD,35,79.72257313358972,,
ORIGA,SEARCH,17011,1,FIRST64,OC,SAME64_HOLD,35,63.32734434660551,,
ORIGA,SEARCH,17011,1,ALL,OD,CROSS64_UPDATE,316,84.34364299668512,84.30055203702587,0.043090959659256266
ORIGA,SEARCH,17011,1,ALL,OC,CROSS64_UPDATE,316,65.96664960800481,65.90471265886539,0.06193694913942231
ORIGA,SEARCH,17011,1,Q1,OD,CROSS64_UPDATE,81,77.97912628236688,77.86728203348311,0.11184424888376111
ORIGA,SEARCH,17011,1,Q1,OC,CROSS64_UPDATE,81,57.96640888815574,57.79498120686426,0.17142768129147884
ORIGA,SEARCH,17011,1,FIRST64,OD,CROSS64_UPDATE,35,79.00340070888929,78.89135541328466,0.11204529560463108
ORIGA,SEARCH,17011,1,FIRST64,OC,CROSS64_UPDATE,35,61.05552215499753,60.90966034485533,0.14586181014220667
ORIGA,SEARCH,17011,1,ALL,OD,CROSS64_HOLD,316,75.18857496798572,,
ORIGA,SEARCH,17011,1,ALL,OC,CROSS64_HOLD,316,55.74934593185935,,
ORIGA,SEARCH,17011,1,Q1,OD,CROSS64_HOLD,81,72.50643471964239,,
ORIGA,SEARCH,17011,1,Q1,OC,CROSS64_HOLD,81,52.17679068947743,,
ORIGA,SEARCH,17011,1,FIRST64,OD,CROSS64_HOLD,35,76.417705189693,,
ORIGA,SEARCH,17011,1,FIRST64,OC,CROSS64_HOLD,35,58.19267875357179,,
ORIGA,SEARCH,17011,1,ALL,OD,ANCHOR,316,88.58363014343831,,
ORIGA,SEARCH,17011,1,ALL,OC,ANCHOR,316,70.49963613080209,,
ORIGA,SEARCH,17011,1,Q1,OD,ANCHOR,81,85.29678557676482,,
ORIGA,SEARCH,17011,1,Q1,OC,ANCHOR,81,65.07464674950882,,
ORIGA,SEARCH,17011,1,FIRST64,OD,ANCHOR,35,85.7317124689788,,
ORIGA,SEARCH,17011,1,FIRST64,OC,ANCHOR,35,66.69565710801835,,
ORIGA,SEARCH,17011,1,ALL,OD,C_EPISODIC,316,75.8535205103826,,
ORIGA,SEARCH,17011,1,ALL,OC,C_EPISODIC,316,56.93557304991447,,
ORIGA,SEARCH,17011,1,Q1,OD,C_EPISODIC,81,73.30978479539381,,
ORIGA,SEARCH,17011,1,Q1,OC,C_EPISODIC,81,53.41425649961262,,
ORIGA,SEARCH,17011,1,FIRST64,OD,C_EPISODIC,35,77.00677008590444,,
ORIGA,SEARCH,17011,1,FIRST64,OC,C_EPISODIC,35,59.370384588696766,,
ORIGA,SEALED_REVIEW,17011,1,ALL,OD,NATIVE_UPDATE,210,88.68080005580669,88.66510131763707,0.015698738169621588
ORIGA,SEALED_REVIEW,17011,1,ALL,OC,NATIVE_UPDATE,210,72.34478783353744,72.32359032307731,0.02119751046012867
ORIGA,SEALED_REVIEW,17011,1,Q1,OD,NATIVE_UPDATE,46,85.59308542793514,85.55210927761868,0.04097615031645282
ORIGA,SEALED_REVIEW,17011,1,Q1,OC,NATIVE_UPDATE,46,67.76913895547833,67.72208721727246,0.04705173820588236
ORIGA,SEALED_REVIEW,17011,1,FIRST64,OD,NATIVE_UPDATE,20,84.1249345193319,84.06593001577446,0.0590045035574438
ORIGA,SEALED_REVIEW,17011,1,FIRST64,OC,NATIVE_UPDATE,20,64.79627642937805,64.72262388610486,0.07365254327319465
ORIGA,SEALED_REVIEW,17011,1,ALL,OD,NATIVE_HOLD,210,85.61765047961605,,
ORIGA,SEALED_REVIEW,17011,1,ALL,OC,NATIVE_HOLD,210,67.98710606845295,,
ORIGA,SEALED_REVIEW,17011,1,Q1,OD,NATIVE_HOLD,46,83.2216180069112,,
ORIGA,SEALED_REVIEW,17011,1,Q1,OC,NATIVE_HOLD,46,64.64315877149824,,
ORIGA,SEALED_REVIEW,17011,1,FIRST64,OD,NATIVE_HOLD,20,83.06251635305605,,
ORIGA,SEALED_REVIEW,17011,1,FIRST64,OC,NATIVE_HOLD,20,63.30556623392831,,
ORIGA,SEALED_REVIEW,17011,1,ALL,OD,SOURCE_UPDATE,210,85.04997062808361,85.00108910083479,0.04888152724881436
ORIGA,SEALED_REVIEW,17011,1,ALL,OC,SOURCE_UPDATE,210,69.78642649855713,69.71874272772054,0.06768377083659233
ORIGA,SEALED_REVIEW,17011,1,Q1,OD,SOURCE_UPDATE,46,78.03636084728633,77.90745184101901,0.12890900626732496
ORIGA,SEALED_REVIEW,17011,1,Q1,OC,SOURCE_UPDATE,46,60.64015854665528,60.49292839867172,0.1472301479835555
ORIGA,SEALED_REVIEW,17011,1,FIRST64,OD,SOURCE_UPDATE,20,76.13964406778211,75.99580557138933,0.14383849639278218
ORIGA,SEALED_REVIEW,17011,1,FIRST64,OC,SOURCE_UPDATE,20,57.64906869433186,57.50626914495858,0.14279954937329278
ORIGA,SEALED_REVIEW,17011,1,ALL,OD,SOURCE_HOLD,210,76.05669554999056,,
ORIGA,SEALED_REVIEW,17011,1,ALL,OC,SOURCE_HOLD,210,59.84718756382246,,
ORIGA,SEALED_REVIEW,17011,1,Q1,OD,SOURCE_HOLD,46,71.56840782361881,,
ORIGA,SEALED_REVIEW,17011,1,Q1,OC,SOURCE_HOLD,46,53.35239728786239,,
ORIGA,SEALED_REVIEW,17011,1,FIRST64,OD,SOURCE_HOLD,20,72.66927535917436,,
ORIGA,SEALED_REVIEW,17011,1,FIRST64,OC,SOURCE_HOLD,20,53.89018496055126,,
ORIGA,SEALED_REVIEW,17011,1,ALL,OD,SAME64_UPDATE,210,86.28900915059286,86.25493149501996,0.034077655572899886
ORIGA,SEALED_REVIEW,17011,1,ALL,OC,SAME64_UPDATE,210,71.45033699123243,71.41380087026187,0.03653612097055605
ORIGA,SEALED_REVIEW,17011,1,Q1,OD,SAME64_UPDATE,46,81.23803218201267,81.14905990229312,0.08897227971955461
ORIGA,SEALED_REVIEW,17011,1,Q1,OC,SAME64_UPDATE,46,64.93906158672738,64.85666484178225,0.08239674494513334
ORIGA,SEALED_REVIEW,17011,1,FIRST64,OD,SAME64_UPDATE,20,79.61889765894898,79.52252801700985,0.09636964193914105
ORIGA,SEALED_REVIEW,17011,1,FIRST64,OC,SAME64_UPDATE,20,61.83518899111349,61.73803935023593,0.09714964087755518
ORIGA,SEALED_REVIEW,17011,1,ALL,OD,SAME64_HOLD,210,79.82429300348892,,
ORIGA,SEALED_REVIEW,17011,1,ALL,OC,SAME64_HOLD,210,64.38553820088381,,
ORIGA,SEALED_REVIEW,17011,1,Q1,OD,SAME64_HOLD,46,76.57385715816487,,
ORIGA,SEALED_REVIEW,17011,1,Q1,OC,SAME64_HOLD,46,58.668458077183395,,
ORIGA,SEALED_REVIEW,17011,1,FIRST64,OD,SAME64_HOLD,20,77.64052046397487,,
ORIGA,SEALED_REVIEW,17011,1,FIRST64,OC,SAME64_HOLD,20,59.48568914910726,,
ORIGA,SEALED_REVIEW,17011,1,ALL,OD,CROSS64_UPDATE,210,85.09358484054967,85.04405682449902,0.049528016050643095
ORIGA,SEALED_REVIEW,17011,1,ALL,OC,CROSS64_UPDATE,210,69.24298109782197,69.18144171672107,0.061539381100904185
ORIGA,SEALED_REVIEW,17011,1,Q1,OD,CROSS64_UPDATE,46,78.11300340177645,77.97477548471741,0.13822791705906126
ORIGA,SEALED_REVIEW,17011,1,Q1,OC,CROSS64_UPDATE,46,59.904057357976924,59.73760538261706,0.16645197535986173
ORIGA,SEALED_REVIEW,17011,1,FIRST64,OD,CROSS64_UPDATE,20,76.00496970248811,75.82185571594106,0.18311398654706323
ORIGA,SEALED_REVIEW,17011,1,FIRST64,OC,CROSS64_UPDATE,20,56.56190849488005,56.35293552753703,0.20897296734302698
ORIGA,SEALED_REVIEW,17011,1,ALL,OD,CROSS64_HOLD,210,76.01424509520052,,
ORIGA,SEALED_REVIEW,17011,1,ALL,OC,CROSS64_HOLD,210,59.39371712556854,,
ORIGA,SEALED_REVIEW,17011,1,Q1,OD,CROSS64_HOLD,46,71.15325996597585,,
ORIGA,SEALED_REVIEW,17011,1,Q1,OC,CROSS64_HOLD,46,52.148686359805026,,
ORIGA,SEALED_REVIEW,17011,1,FIRST64,OD,CROSS64_HOLD,20,72.04522665708248,,
ORIGA,SEALED_REVIEW,17011,1,FIRST64,OC,CROSS64_HOLD,20,52.43525173900583,,
ORIGA,SEALED_REVIEW,17011,1,ALL,OD,ANCHOR,210,88.90583284760886,,
ORIGA,SEALED_REVIEW,17011,1,ALL,OC,ANCHOR,210,72.6596827964168,,
ORIGA,SEALED_REVIEW,17011,1,Q1,OD,ANCHOR,46,86.21325267706342,,
ORIGA,SEALED_REVIEW,17011,1,Q1,OC,ANCHOR,46,68.27456118515707,,
ORIGA,SEALED_REVIEW,17011,1,FIRST64,OD,ANCHOR,20,84.67259469668794,,
ORIGA,SEALED_REVIEW,17011,1,FIRST64,OC,ANCHOR,20,65.06053734896996,,
ORIGA,SEALED_REVIEW,17011,1,ALL,OD,C_EPISODIC,210,76.42943949425786,,
ORIGA,SEALED_REVIEW,17011,1,ALL,OC,C_EPISODIC,210,60.425833934118856,,
ORIGA,SEALED_REVIEW,17011,1,Q1,OD,C_EPISODIC,46,71.85607344158001,,
ORIGA,SEALED_REVIEW,17011,1,Q1,OC,C_EPISODIC,46,53.69485819008551,,
ORIGA,SEALED_REVIEW,17011,1,FIRST64,OD,C_EPISODIC,20,73.07270700361907,,
ORIGA,SEALED_REVIEW,17011,1,FIRST64,OC,C_EPISODIC,20,54.405389750044506,,
ORIGA,SEARCH,17011,1,Q2,OD,NATIVE_UPDATE,70,86.03785521321863,86.01464919003503,0.02320602318359558
ORIGA,SEARCH,17011,1,Q2,OC,NATIVE_UPDATE,70,67.67872556510372,67.64167413628518,0.03705142881854116
ORIGA,SEARCH,17011,1,Q2,OD,NATIVE_HOLD,70,81.74216262404555,,
ORIGA,SEARCH,17011,1,Q2,OC,NATIVE_HOLD,70,61.63798245289519,,
ORIGA,SEARCH,17011,1,Q2,OD,SOURCE_UPDATE,70,82.60823545899285,82.5656433202211,0.042592138771755224
ORIGA,SEARCH,17011,1,Q2,OC,SOURCE_UPDATE,70,64.57581597600415,64.52830093310045,0.04751504290368691
ORIGA,SEARCH,17011,1,Q2,OD,SOURCE_HOLD,70,71.55913998567341,,
ORIGA,SEARCH,17011,1,Q2,OC,SOURCE_HOLD,70,52.667386781161326,,
ORIGA,SEARCH,17011,1,Q2,OD,SAME64_UPDATE,70,83.82137700542901,83.79316833453572,0.028208670893288428
ORIGA,SEARCH,17011,1,Q2,OC,SAME64_UPDATE,70,66.29907920694286,66.2622522895416,0.03682691740125699
ORIGA,SEARCH,17011,1,Q2,OD,SAME64_HOLD,70,76.33725376400785,,
ORIGA,SEARCH,17011,1,Q2,OC,SAME64_HOLD,70,57.829541124825504,,
ORIGA,SEARCH,17011,1,Q2,OD,CROSS64_UPDATE,70,82.3509491439365,82.31581486253333,0.035134281403173935
ORIGA,SEARCH,17011,1,Q2,OC,CROSS64_UPDATE,70,63.49249917000114,63.450756838760704,0.04174233124043509
ORIGA,SEARCH,17011,1,Q2,OD,CROSS64_HOLD,70,71.50274393269981,,
ORIGA,SEARCH,17011,1,Q2,OC,CROSS64_HOLD,70,51.28696554926424,,
ORIGA,SEARCH,17011,1,Q2,OD,ANCHOR,70,86.44242672558796,,
ORIGA,SEARCH,17011,1,Q2,OC,ANCHOR,70,68.30671429192019,,
ORIGA,SEARCH,17011,1,Q2,OD,C_EPISODIC,70,72.0131237470201,,
ORIGA,SEARCH,17011,1,Q2,OC,C_EPISODIC,70,53.00937817028234,,
ORIGA,SEALED_REVIEW,17011,1,Q2,OD,NATIVE_UPDATE,62,86.01516248934743,85.99721213236232,0.01795035698510268
ORIGA,SEALED_REVIEW,17011,1,Q2,OC,NATIVE_UPDATE,62,71.11085566220295,71.08180457062979,0.02905109157317701
ORIGA,SEALED_REVIEW,17011,1,Q2,OD,NATIVE_HOLD,62,82.1125763099593,,
ORIGA,SEALED_REVIEW,17011,1,Q2,OC,NATIVE_HOLD,62,65.04863609270872,,
ORIGA,SEALED_REVIEW,17011,1,Q2,OD,SOURCE_UPDATE,62,83.53214323989016,83.48384435816166,0.04829888172849472
ORIGA,SEALED_REVIEW,17011,1,Q2,OC,SOURCE_UPDATE,62,68.93858465032461,68.83898812198078,0.09959652834383517
ORIGA,SEALED_REVIEW,17011,1,Q2,OD,SOURCE_HOLD,62,71.38839435425128,,
ORIGA,SEALED_REVIEW,17011,1,Q2,OC,SOURCE_HOLD,62,55.10002715955557,,
ORIGA,SEALED_REVIEW,17011,1,Q2,OD,SAME64_UPDATE,62,84.82694140636114,84.79425928883848,0.032682117522676184
ORIGA,SEALED_REVIEW,17011,1,Q2,OC,SAME64_UPDATE,62,70.90406107691693,70.8596349764332,0.0444261004837338
ORIGA,SEALED_REVIEW,17011,1,Q2,OD,SAME64_HOLD,62,76.12346599023083,,
ORIGA,SEALED_REVIEW,17011,1,Q2,OC,SAME64_HOLD,62,61.370406380578515,,
ORIGA,SEALED_REVIEW,17011,1,Q2,OD,CROSS64_UPDATE,62,83.38180656634228,83.33429359128431,0.0475129750579823
ORIGA,SEALED_REVIEW,17011,1,Q2,OC,CROSS64_UPDATE,62,68.28467498066496,68.22345116404264,0.06122381662232544
ORIGA,SEALED_REVIEW,17011,1,Q2,OD,CROSS64_HOLD,62,71.4421760478419,,
ORIGA,SEALED_REVIEW,17011,1,Q2,OC,CROSS64_HOLD,62,55.33135556607724,,
ORIGA,SEALED_REVIEW,17011,1,Q2,OD,ANCHOR,62,86.23921852400491,,
ORIGA,SEALED_REVIEW,17011,1,Q2,OC,ANCHOR,62,71.52137628519239,,
ORIGA,SEALED_REVIEW,17011,1,Q2,OD,C_EPISODIC,62,71.98202682123672,,
ORIGA,SEALED_REVIEW,17011,1,Q2,OC,C_EPISODIC,62,56.00834591041731,,
ORIGA,SEALED_REVIEW,17011,1,Q3,OD,NATIVE_UPDATE,45,88.30996659381184,88.30450062932826,0.005465964483588603
ORIGA,SEALED_REVIEW,17011,1,Q3,OC,NATIVE_UPDATE,45,71.28083246611298,71.27471819979674,0.006114266316244146
ORIGA,SEALED_REVIEW,17011,1,Q3,OD,NATIVE_HOLD,45,83.33018320387502,,
ORIGA,SEALED_REVIEW,17011,1,Q3,OC,NATIVE_HOLD,45,64.84083227353611,,
ORIGA,SEALED_REVIEW,17011,1,Q3,OD,SOURCE_UPDATE,45,85.5449175044333,85.52438842944272,0.020529074990568073
ORIGA,SEALED_REVIEW,17011,1,Q3,OC,SOURCE_UPDATE,45,70.47031388737999,70.45508378263523,0.015230104744749198
ORIGA,SEALED_REVIEW,17011,1,Q3,OD,SOURCE_HOLD,45,73.13453177530263,,
ORIGA,SEALED_REVIEW,17011,1,Q3,OC,SOURCE_HOLD,45,55.25252493968499,,
ORIGA,SEALED_REVIEW,17011,1,Q3,OD,SAME64_UPDATE,45,86.10089933970973,86.08550205457264,0.015397285137076623
ORIGA,SEALED_REVIEW,17011,1,Q3,OC,SAME64_UPDATE,45,71.11386903814798,71.10210000238004,0.011769035767940823
ORIGA,SEALED_REVIEW,17011,1,Q3,OD,SAME64_HOLD,45,77.41864318176033,,
ORIGA,SEALED_REVIEW,17011,1,Q3,OC,SAME64_HOLD,45,60.14922642852888,,
ORIGA,SEALED_REVIEW,17011,1,Q3,OD,CROSS64_UPDATE,45,85.30065441879101,85.28544924931238,0.015205169478644563
ORIGA,SEALED_REVIEW,17011,1,Q3,OC,CROSS64_UPDATE,45,69.45375759602675,69.4329800313044,0.020777564722341085
ORIGA,SEALED_REVIEW,17011,1,Q3,OD,CROSS64_HOLD,45,73.28023456830852,,
ORIGA,SEALED_REVIEW,17011,1,Q3,OC,CROSS64_HOLD,45,54.566788133938026,,
ORIGA,SEALED_REVIEW,17011,1,Q3,OD,ANCHOR,45,88.58799398796563,,
ORIGA,SEALED_REVIEW,17011,1,Q3,OC,ANCHOR,45,71.73580781086369,,
ORIGA,SEALED_REVIEW,17011,1,Q3,OD,C_EPISODIC,45,73.62692269905112,,
ORIGA,SEALED_REVIEW,17011,1,Q3,OC,C_EPISODIC,45,55.93840268433371,,
ORIGA,SEARCH,17011,1,Q3,OD,NATIVE_UPDATE,88,88.3700553640552,88.35982940888019,0.010225955175006332
ORIGA,SEARCH,17011,1,Q3,OC,NATIVE_UPDATE,88,70.38930940207761,70.36988417052093,0.019425231556687333
ORIGA,SEARCH,17011,1,Q3,OD,NATIVE_HOLD,88,82.52897647086692,,
ORIGA,SEARCH,17011,1,Q3,OC,NATIVE_HOLD,88,61.52536477065846,,
ORIGA,SEARCH,17011,1,Q3,OD,SOURCE_UPDATE,88,85.97838625444784,85.95800506818968,0.020381186258155992
ORIGA,SEARCH,17011,1,Q3,OC,SOURCE_UPDATE,88,67.81146581230306,67.77153186346845,0.03993394883461512
ORIGA,SEARCH,17011,1,Q3,OD,SOURCE_HOLD,88,72.09234715950387,,
ORIGA,SEARCH,17011,1,Q3,OC,SOURCE_HOLD,88,50.082464909498334,,
ORIGA,SEARCH,17011,1,Q3,OD,SAME64_UPDATE,88,86.67704341155019,86.66135793886284,0.01568547268735265
ORIGA,SEARCH,17011,1,Q3,OC,SAME64_UPDATE,88,69.05899318050771,69.0289335420314,0.030059638476309974
ORIGA,SEARCH,17011,1,Q3,OD,SAME64_HOLD,88,76.44696708409936,,
ORIGA,SEARCH,17011,1,Q3,OC,SAME64_HOLD,88,55.432403779801994,,
ORIGA,SEARCH,17011,1,Q3,OD,CROSS64_UPDATE,88,85.51371986191734,85.49603819149942,0.017681670417917465
ORIGA,SEARCH,17011,1,Q3,OC,CROSS64_UPDATE,88,66.59450781393777,66.5659857992087,0.028522014729068804
ORIGA,SEARCH,17011,1,Q3,OD,CROSS64_HOLD,88,71.56478608568008,,
ORIGA,SEARCH,17011,1,Q3,OC,CROSS64_HOLD,88,49.399031855383846,,
ORIGA,SEARCH,17011,1,Q3,OD,ANCHOR,88,88.60637368875724,,
ORIGA,SEARCH,17011,1,Q3,OC,ANCHOR,88,70.98793544778562,,
ORIGA,SEARCH,17011,1,Q3,OD,C_EPISODIC,88,72.50248399221411,,
ORIGA,SEARCH,17011,1,Q3,OC,C_EPISODIC,88,50.639128333048454,,
ORIGA,SEARCH,17011,1,Q4,OD,NATIVE_UPDATE,77,93.98018906696781,93.97962808807252,0.0005609788952887362
ORIGA,SEARCH,17011,1,Q4,OC,NATIVE_UPDATE,77,77.51545779922779,77.51360343935858,0.0018543598692120425
ORIGA,SEARCH,17011,1,Q4,OD,NATIVE_HOLD,77,92.3214127293556,,
ORIGA,SEARCH,17011,1,Q4,OC,NATIVE_HOLD,77,75.11325893929913,,
ORIGA,SEARCH,17011,1,Q4,OD,SOURCE_UPDATE,77,91.01206059153503,91.00652974360986,0.005530847925172266
ORIGA,SEARCH,17011,1,Q4,OC,SOURCE_UPDATE,77,75.65101642177085,75.64447865348981,0.006537768281030967
ORIGA,SEARCH,17011,1,Q4,OD,SOURCE_HOLD,77,85.66665926432658,,
ORIGA,SEARCH,17011,1,Q4,OC,SOURCE_HOLD,77,71.12028015225066,,
ORIGA,SEARCH,17011,1,Q4,OD,SAME64_UPDATE,77,91.16541747586923,91.16033843993546,0.005079035933784561
ORIGA,SEARCH,17011,1,Q4,OC,SAME64_UPDATE,77,75.77745821647933,75.77350793193489,0.003950284544445189
ORIGA,SEARCH,17011,1,Q4,OD,SAME64_HOLD,77,86.83042896753904,,
ORIGA,SEARCH,17011,1,Q4,OC,SAME64_HOLD,77,72.56011907342314,,
ORIGA,SEARCH,17011,1,Q4,OD,CROSS64_UPDATE,77,91.5130931189156,91.50605451634753,0.0070386025680703795
ORIGA,SEARCH,17011,1,Q4,OC,CROSS64_UPDATE,77,75.91416268392601,75.91085705716681,0.003305626759209811
ORIGA,SEARCH,17011,1,Q4,OD,CROSS64_HOLD,77,85.50227567225477,,
ORIGA,SEARCH,17011,1,Q4,OC,CROSS64_HOLD,77,70.82169969996893,,
ORIGA,SEARCH,17011,1,Q4,OD,ANCHOR,77,93.96177582086705,,
ORIGA,SEARCH,17011,1,Q4,OC,ANCHOR,77,77.6419520881,,
ORIGA,SEARCH,17011,1,Q4,OD,C_EPISODIC,77,85.8504241460747,,
ORIGA,SEARCH,17011,1,Q4,OC,C_EPISODIC,77,71.40502002696523,,
ORIGA,SEALED_REVIEW,17011,1,Q4,OD,NATIVE_UPDATE,57,94.36486861356693,94.36393981415947,0.0009287994074710584
ORIGA,SEALED_REVIEW,17011,1,Q4,OC,NATIVE_UPDATE,57,78.21955335191562,78.21585532424214,0.0036980276734819573
ORIGA,SEALED_REVIEW,17011,1,Q4,OD,NATIVE_HOLD,57,93.16972275455443,,
ORIGA,SEALED_REVIEW,17011,1,Q4,OC,NATIVE_HOLD,57,76.3658610671778,,
ORIGA,SEALED_REVIEW,17011,1,Q4,OD,SOURCE_UPDATE,57,91.97029937455613,91.9629841571489,0.0073152174072251075
ORIGA,SEALED_REVIEW,17011,1,Q4,OC,SOURCE_UPDATE,57,77.54992804032685,77.53974092457932,0.01018711574753232
ORIGA,SEALED_REVIEW,17011,1,Q4,OD,SOURCE_HOLD,57,87.06359518876067,,
ORIGA,SEALED_REVIEW,17011,1,Q4,OC,SOURCE_HOLD,57,73.87954047338205,,
ORIGA,SEALED_REVIEW,17011,1,Q4,OD,SAME64_UPDATE,57,92.10406322404545,92.09802087868343,0.0060423453620191605
ORIGA,SEALED_REVIEW,17011,1,Q4,OC,SAME64_UPDATE,57,77.56487792427792,77.55438125240438,0.010496671873540423
ORIGA,SEALED_REVIEW,17011,1,Q4,OD,SAME64_HOLD,57,88.37210994532566,,
ORIGA,SEALED_REVIEW,17011,1,Q4,OC,SAME64_HOLD,57,75.62339589044733,,
ORIGA,SEALED_REVIEW,17011,1,Q4,OD,CROSS64_UPDATE,57,92.42549480833149,92.418260385423,0.007234422908496934
ORIGA,SEALED_REVIEW,17011,1,Q4,OC,CROSS64_UPDATE,57,77.65562195532007,77.6462252514333,0.009396703886784447
ORIGA,SEALED_REVIEW,17011,1,Q4,OD,CROSS64_HOLD,57,87.06870247398494,,
ORIGA,SEALED_REVIEW,17011,1,Q4,OC,CROSS64_HOLD,57,73.47002653849759,,
ORIGA,SEALED_REVIEW,17011,1,Q4,OD,ANCHOR,57,94.23024555975766,,
ORIGA,SEALED_REVIEW,17011,1,Q4,OC,ANCHOR,57,78.16608581683347,,
ORIGA,SEALED_REVIEW,17011,1,Q4,OD,C_EPISODIC,57,87.170275984342,,
ORIGA,SEALED_REVIEW,17011,1,Q4,OC,C_EPISODIC,57,74.20554530140589,,
REFUGE_Valid,SEARCH,17011,1,ALL,OD,NATIVE_UPDATE,406,80.77322641176639,80.77374718929474,-0.0005207775283545174
REFUGE_Valid,SEARCH,17011,1,ALL,OC,NATIVE_UPDATE,406,63.9104346609384,63.9101651109511,0.00026954998730014475
REFUGE_Valid,SEARCH,17011,1,Q1,OD,NATIVE_UPDATE,97,82.0630975808327,82.04225386059417,0.020843720238527926
REFUGE_Valid,SEARCH,17011,1,Q1,OC,NATIVE_UPDATE,97,62.337141896921075,62.339585697243336,-0.0024438003222616383
REFUGE_Valid,SEARCH,17011,1,FIRST64,OD,NATIVE_UPDATE,39,81.5405867850191,81.5281436765281,0.012443108491007646
REFUGE_Valid,SEARCH,17011,1,FIRST64,OC,NATIVE_UPDATE,39,63.69162181372315,63.68167226410626,0.009949549616894853
REFUGE_Valid,SEARCH,17011,1,ALL,OD,NATIVE_HOLD,406,84.11307808752493,,
REFUGE_Valid,SEARCH,17011,1,ALL,OC,NATIVE_HOLD,406,65.63412862170115,,
REFUGE_Valid,SEARCH,17011,1,Q1,OD,NATIVE_HOLD,97,82.51723530203262,,
REFUGE_Valid,SEARCH,17011,1,Q1,OC,NATIVE_HOLD,97,62.83485110400867,,
REFUGE_Valid,SEARCH,17011,1,FIRST64,OD,NATIVE_HOLD,39,81.6801146534897,,
REFUGE_Valid,SEARCH,17011,1,FIRST64,OC,NATIVE_HOLD,39,63.87128896566613,,
REFUGE_Valid,SEARCH,17011,1,ALL,OD,SOURCE_UPDATE,406,83.5828487081374,83.5717825729025,0.011066135234901025
REFUGE_Valid,SEARCH,17011,1,ALL,OC,SOURCE_UPDATE,406,65.34800655784126,65.34384820527643,0.0041583525648159645
REFUGE_Valid,SEARCH,17011,1,Q1,OD,SOURCE_UPDATE,97,83.90148298822034,83.85956409540394,0.0419188928164081
REFUGE_Valid,SEARCH,17011,1,Q1,OC,SOURCE_UPDATE,97,63.64083241051609,63.641513379053436,-0.0006809685373445228
REFUGE_Valid,SEARCH,17011,1,FIRST64,OD,SOURCE_UPDATE,39,83.18675176895789,83.1339440954973,0.052807673460579053
REFUGE_Valid,SEARCH,17011,1,FIRST64,OC,SOURCE_UPDATE,39,64.77224724998408,64.75707612199463,0.015171127989455793
REFUGE_Valid,SEARCH,17011,1,ALL,OD,SOURCE_HOLD,406,84.08452106164629,,
REFUGE_Valid,SEARCH,17011,1,ALL,OC,SOURCE_HOLD,406,66.39393397143391,,
REFUGE_Valid,SEARCH,17011,1,Q1,OD,SOURCE_HOLD,97,82.65345888508554,,
REFUGE_Valid,SEARCH,17011,1,Q1,OC,SOURCE_HOLD,97,63.65922344112908,,
REFUGE_Valid,SEARCH,17011,1,FIRST64,OD,SOURCE_HOLD,39,81.90239752216513,,
REFUGE_Valid,SEARCH,17011,1,FIRST64,OC,SOURCE_HOLD,39,64.53460729301077,,
REFUGE_Valid,SEARCH,17011,1,ALL,OD,SAME64_UPDATE,406,83.8578804005459,83.84984482502179,0.008035575524095563
REFUGE_Valid,SEARCH,17011,1,ALL,OC,SAME64_UPDATE,406,65.42622961412017,65.42344025238985,0.0027893617303246933
REFUGE_Valid,SEARCH,17011,1,Q1,OD,SAME64_UPDATE,97,84.4784350033549,84.44820175232304,0.03023325103186175
REFUGE_Valid,SEARCH,17011,1,Q1,OC,SAME64_UPDATE,97,63.69940965991058,63.70106609169505,-0.0016564317844711732
REFUGE_Valid,SEARCH,17011,1,FIRST64,OD,SAME64_UPDATE,39,84.12533450000865,84.1105876024696,0.014746897539053005
REFUGE_Valid,SEARCH,17011,1,FIRST64,OC,SAME64_UPDATE,39,64.75429001116989,64.7394078676732,0.014882143496682735
REFUGE_Valid,SEARCH,17011,1,ALL,OD,SAME64_HOLD,406,85.90404976971188,,
REFUGE_Valid,SEARCH,17011,1,ALL,OC,SAME64_HOLD,406,66.50505110922509,,
REFUGE_Valid,SEARCH,17011,1,Q1,OD,SAME64_HOLD,97,84.5887276744039,,
REFUGE_Valid,SEARCH,17011,1,Q1,OC,SAME64_HOLD,97,63.97988244799707,,
REFUGE_Valid,SEARCH,17011,1,FIRST64,OD,SAME64_HOLD,39,83.90464872939192,,
REFUGE_Valid,SEARCH,17011,1,FIRST64,OC,SAME64_HOLD,39,64.83791359020886,,
REFUGE_Valid,SEARCH,17011,1,ALL,OD,CROSS64_UPDATE,406,83.08765625086754,83.08109493736661,0.006561313500924646
REFUGE_Valid,SEARCH,17011,1,ALL,OC,CROSS64_UPDATE,406,65.0446953889175,65.04300839705893,0.0016869918585727347
REFUGE_Valid,SEARCH,17011,1,Q1,OD,CROSS64_UPDATE,97,83.7046458896168,83.66509687778148,0.03954901183530932
REFUGE_Valid,SEARCH,17011,1,Q1,OC,CROSS64_UPDATE,97,63.37239581956974,63.36435480020126,0.008041019368470613
REFUGE_Valid,SEARCH,17011,1,FIRST64,OD,CROSS64_UPDATE,39,82.61614355940708,82.56094738498889,0.05519617441818241
REFUGE_Valid,SEARCH,17011,1,FIRST64,OC,CROSS64_UPDATE,39,64.42306685711684,64.38996905325422,0.033097803862618805
REFUGE_Valid,SEARCH,17011,1,ALL,OD,CROSS64_HOLD,406,83.3081614813344,,
REFUGE_Valid,SEARCH,17011,1,ALL,OC,CROSS64_HOLD,406,65.93389978932805,,
REFUGE_Valid,SEARCH,17011,1,Q1,OD,CROSS64_HOLD,97,81.81759676106952,,
REFUGE_Valid,SEARCH,17011,1,Q1,OC,CROSS64_HOLD,97,63.12003245789097,,
REFUGE_Valid,SEARCH,17011,1,FIRST64,OD,CROSS64_HOLD,39,81.02144131752243,,
REFUGE_Valid,SEARCH,17011,1,FIRST64,OC,CROSS64_HOLD,39,64.0477879612097,,
REFUGE_Valid,SEARCH,17011,1,ALL,OD,ANCHOR,406,79.77717340281569,,
REFUGE_Valid,SEARCH,17011,1,ALL,OC,ANCHOR,406,63.186311655710995,,
REFUGE_Valid,SEARCH,17011,1,Q1,OD,ANCHOR,97,81.5247570598266,,
REFUGE_Valid,SEARCH,17011,1,Q1,OC,ANCHOR,97,62.07738944187133,,
REFUGE_Valid,SEARCH,17011,1,FIRST64,OD,ANCHOR,39,81.07442986687303,,
REFUGE_Valid,SEARCH,17011,1,FIRST64,OC,ANCHOR,39,63.44181029904659,,
REFUGE_Valid,SEARCH,17011,1,ALL,OD,C_EPISODIC,406,84.31963580213441,,
REFUGE_Valid,SEARCH,17011,1,ALL,OC,C_EPISODIC,406,66.4776051584406,,
REFUGE_Valid,SEARCH,17011,1,Q1,OD,C_EPISODIC,97,82.93368190353642,,
REFUGE_Valid,SEARCH,17011,1,Q1,OC,C_EPISODIC,97,63.70601320199262,,
REFUGE_Valid,SEARCH,17011,1,FIRST64,OD,C_EPISODIC,39,82.20036426792659,,
REFUGE_Valid,SEARCH,17011,1,FIRST64,OC,C_EPISODIC,39,64.57317531337708,,
REFUGE_Valid,SEALED_REVIEW,17011,1,ALL,OD,NATIVE_UPDATE,269,82.85275719307322,82.86636699146878,-0.013609798395564294
REFUGE_Valid,SEALED_REVIEW,17011,1,ALL,OC,NATIVE_UPDATE,269,64.48384731387632,64.48777792484873,-0.00393061097241519
REFUGE_Valid,SEALED_REVIEW,17011,1,Q1,OD,NATIVE_UPDATE,69,84.29417381552535,84.30118491767765,-0.0070111021522891274
REFUGE_Valid,SEALED_REVIEW,17011,1,Q1,OC,NATIVE_UPDATE,69,64.01043852221176,64.01573015447234,-0.0052916322605753175
REFUGE_Valid,SEALED_REVIEW,17011,1,FIRST64,OD,NATIVE_UPDATE,20,86.80589419290607,86.81325345709364,-0.007359264187579706
REFUGE_Valid,SEALED_REVIEW,17011,1,FIRST64,OC,NATIVE_UPDATE,20,67.03370629859266,67.0413330311713,-0.007626732578638052
REFUGE_Valid,SEALED_REVIEW,17011,1,ALL,OD,NATIVE_HOLD,269,85.87371542766249,,
REFUGE_Valid,SEALED_REVIEW,17011,1,ALL,OC,NATIVE_HOLD,269,66.06318542856808,,
REFUGE_Valid,SEALED_REVIEW,17011,1,Q1,OD,NATIVE_HOLD,69,84.94458174714971,,
REFUGE_Valid,SEALED_REVIEW,17011,1,Q1,OC,NATIVE_HOLD,69,64.52711620370314,,
REFUGE_Valid,SEALED_REVIEW,17011,1,FIRST64,OD,NATIVE_HOLD,20,87.08129920388488,,
REFUGE_Valid,SEALED_REVIEW,17011,1,FIRST64,OC,NATIVE_HOLD,20,67.40592205154118,,
REFUGE_Valid,SEALED_REVIEW,17011,1,ALL,OD,SOURCE_UPDATE,269,85.57408629150454,85.58678966151547,-0.01270337001092445
REFUGE_Valid,SEALED_REVIEW,17011,1,ALL,OC,SOURCE_UPDATE,269,65.96089202672546,65.96203989820523,-0.0011478714797624353
REFUGE_Valid,SEALED_REVIEW,17011,1,Q1,OD,SOURCE_UPDATE,69,86.214401148298,86.21886334897617,-0.00446220067818961
REFUGE_Valid,SEALED_REVIEW,17011,1,Q1,OC,SOURCE_UPDATE,69,65.20106159346503,65.19956356357042,0.001498029894612408
REFUGE_Valid,SEALED_REVIEW,17011,1,FIRST64,OD,SOURCE_UPDATE,20,88.43011475926725,88.42312330785057,0.006991451416680229
REFUGE_Valid,SEALED_REVIEW,17011,1,FIRST64,OC,SOURCE_UPDATE,20,68.0705939108139,68.087257001392,-0.016663090578109552
REFUGE_Valid,SEALED_REVIEW,17011,1,ALL,OD,SOURCE_HOLD,269,86.1588258244221,,
REFUGE_Valid,SEALED_REVIEW,17011,1,ALL,OC,SOURCE_HOLD,269,67.06294196122838,,
REFUGE_Valid,SEALED_REVIEW,17011,1,Q1,OD,SOURCE_HOLD,69,85.57440745098312,,
REFUGE_Valid,SEALED_REVIEW,17011,1,Q1,OC,SOURCE_HOLD,69,65.387031694222,,
REFUGE_Valid,SEALED_REVIEW,17011,1,FIRST64,OD,SOURCE_HOLD,20,87.71734701521636,,
REFUGE_Valid,SEALED_REVIEW,17011,1,FIRST64,OC,SOURCE_HOLD,20,68.6694185577723,,
REFUGE_Valid,SEALED_REVIEW,17011,1,ALL,OD,SAME64_UPDATE,269,85.74485499571026,85.75954780176946,-0.014692806059220648
REFUGE_Valid,SEALED_REVIEW,17011,1,ALL,OC,SAME64_UPDATE,269,65.9814422118358,65.98259833682893,-0.0011561249931376584
REFUGE_Valid,SEALED_REVIEW,17011,1,Q1,OD,SAME64_UPDATE,69,86.40660600500651,86.41711465189277,-0.010508646886255888
REFUGE_Valid,SEALED_REVIEW,17011,1,Q1,OC,SAME64_UPDATE,69,65.06140313655533,65.06167105923262,-0.00026792267729391916
REFUGE_Valid,SEALED_REVIEW,17011,1,FIRST64,OD,SAME64_UPDATE,20,88.49416611631993,88.5055127293035,-0.011346612983575977
REFUGE_Valid,SEALED_REVIEW,17011,1,FIRST64,OC,SAME64_UPDATE,20,67.37582808497248,67.39121995801203,-0.01539187303954581
REFUGE_Valid,SEALED_REVIEW,17011,1,ALL,OD,SAME64_HOLD,269,87.78215902688964,,
REFUGE_Valid,SEALED_REVIEW,17011,1,ALL,OC,SAME64_HOLD,269,66.96074467841602,,
REFUGE_Valid,SEALED_REVIEW,17011,1,Q1,OD,SAME64_HOLD,69,86.86222407518467,,
REFUGE_Valid,SEALED_REVIEW,17011,1,Q1,OC,SAME64_HOLD,69,65.41190459693583,,
REFUGE_Valid,SEALED_REVIEW,17011,1,FIRST64,OD,SAME64_HOLD,20,88.71747734595593,,
REFUGE_Valid,SEALED_REVIEW,17011,1,FIRST64,OC,SAME64_HOLD,20,67.84055193568938,,
REFUGE_Valid,SEALED_REVIEW,17011,1,ALL,OD,CROSS64_UPDATE,269,85.08086885940031,85.09176752477994,-0.010898665379628301
REFUGE_Valid,SEALED_REVIEW,17011,1,ALL,OC,CROSS64_UPDATE,269,65.61602497939563,65.61812415025703,-0.0020991708613836493
REFUGE_Valid,SEALED_REVIEW,17011,1,Q1,OD,CROSS64_UPDATE,69,85.94668654087741,85.94521406919102,0.0014724716863849054
REFUGE_Valid,SEALED_REVIEW,17011,1,Q1,OC,CROSS64_UPDATE,69,65.0061069416333,65.00132550723269,0.004781434400606386
REFUGE_Valid,SEALED_REVIEW,17011,1,FIRST64,OD,CROSS64_UPDATE,20,87.67991347219609,87.65318056551673,0.026732906679359236
REFUGE_Valid,SEALED_REVIEW,17011,1,FIRST64,OC,CROSS64_UPDATE,20,68.06680118210642,68.06607802906375,0.0007231530426615729
REFUGE_Valid,SEALED_REVIEW,17011,1,ALL,OD,CROSS64_HOLD,269,85.19381989518196,,
REFUGE_Valid,SEALED_REVIEW,17011,1,ALL,OC,CROSS64_HOLD,269,66.42083271732058,,
REFUGE_Valid,SEALED_REVIEW,17011,1,Q1,OD,CROSS64_HOLD,69,84.61107846184471,,
REFUGE_Valid,SEALED_REVIEW,17011,1,Q1,OC,CROSS64_HOLD,69,64.67642208734868,,
REFUGE_Valid,SEALED_REVIEW,17011,1,FIRST64,OD,CROSS64_HOLD,20,86.49696455366552,,
REFUGE_Valid,SEALED_REVIEW,17011,1,FIRST64,OC,CROSS64_HOLD,20,68.19075717111096,,
REFUGE_Valid,SEALED_REVIEW,17011,1,ALL,OD,ANCHOR,269,81.88691247922627,,
REFUGE_Valid,SEALED_REVIEW,17011,1,ALL,OC,ANCHOR,269,63.83006447656532,,
REFUGE_Valid,SEALED_REVIEW,17011,1,Q1,OD,ANCHOR,69,83.7598325283934,,
REFUGE_Valid,SEALED_REVIEW,17011,1,Q1,OC,ANCHOR,69,63.77617734760879,,
REFUGE_Valid,SEALED_REVIEW,17011,1,FIRST64,OD,ANCHOR,20,86.41058446712063,,
REFUGE_Valid,SEALED_REVIEW,17011,1,FIRST64,OC,ANCHOR,20,66.84875122767467,,
REFUGE_Valid,SEALED_REVIEW,17011,1,ALL,OD,C_EPISODIC,269,86.27797258265907,,
REFUGE_Valid,SEALED_REVIEW,17011,1,ALL,OC,C_EPISODIC,269,67.09351856755261,,
REFUGE_Valid,SEALED_REVIEW,17011,1,Q1,OD,C_EPISODIC,69,85.67878165704074,,
REFUGE_Valid,SEALED_REVIEW,17011,1,Q1,OC,C_EPISODIC,69,65.43249420702232,,
REFUGE_Valid,SEALED_REVIEW,17011,1,FIRST64,OD,C_EPISODIC,20,87.85147237452176,,
REFUGE_Valid,SEALED_REVIEW,17011,1,FIRST64,OC,C_EPISODIC,20,68.65060140068846,,
REFUGE_Valid,SEALED_REVIEW,17011,1,Q2,OD,NATIVE_UPDATE,80,84.17928374047966,84.19700807167015,-0.017724331190492465
REFUGE_Valid,SEALED_REVIEW,17011,1,Q2,OC,NATIVE_UPDATE,80,66.92770014459947,66.93391574132865,-0.006215596729170421
REFUGE_Valid,SEALED_REVIEW,17011,1,Q2,OD,NATIVE_HOLD,80,86.21494802466579,,
REFUGE_Valid,SEALED_REVIEW,17011,1,Q2,OC,NATIVE_HOLD,80,68.01959556190337,,
REFUGE_Valid,SEALED_REVIEW,17011,1,Q2,OD,SOURCE_UPDATE,80,86.56042675995853,86.57546565071823,-0.015038890759697943
REFUGE_Valid,SEALED_REVIEW,17011,1,Q2,OC,SOURCE_UPDATE,80,68.20349271041239,68.20384209359493,-0.0003493831825281818
REFUGE_Valid,SEALED_REVIEW,17011,1,Q2,OD,SOURCE_HOLD,80,86.77564121992681,,
REFUGE_Valid,SEALED_REVIEW,17011,1,Q2,OC,SOURCE_HOLD,80,69.00905416238659,,
REFUGE_Valid,SEALED_REVIEW,17011,1,Q2,OD,SAME64_UPDATE,80,86.73613283323245,86.75276304917399,-0.016630215941544624
REFUGE_Valid,SEALED_REVIEW,17011,1,Q2,OC,SAME64_UPDATE,80,68.30069993676607,68.3000618592115,0.0006380775545745954
REFUGE_Valid,SEALED_REVIEW,17011,1,Q2,OD,SAME64_HOLD,80,88.07879440575186,,
REFUGE_Valid,SEALED_REVIEW,17011,1,Q2,OC,SAME64_HOLD,80,68.88587862323791,,
REFUGE_Valid,SEALED_REVIEW,17011,1,Q2,OD,CROSS64_UPDATE,80,86.24777504901661,86.26566412478249,-0.017889075765879087
REFUGE_Valid,SEALED_REVIEW,17011,1,Q2,OC,CROSS64_UPDATE,80,68.00344381052659,68.00803867218261,-0.004594861656020133
REFUGE_Valid,SEALED_REVIEW,17011,1,Q2,OD,CROSS64_HOLD,80,85.84750303499513,,
REFUGE_Valid,SEALED_REVIEW,17011,1,Q2,OC,CROSS64_HOLD,80,68.31304556389533,,
REFUGE_Valid,SEALED_REVIEW,17011,1,Q2,OD,ANCHOR,80,83.36516020445923,,
REFUGE_Valid,SEALED_REVIEW,17011,1,Q2,OC,ANCHOR,80,66.31271918956,,
REFUGE_Valid,SEALED_REVIEW,17011,1,Q2,OD,C_EPISODIC,80,86.92887453494261,,
REFUGE_Valid,SEALED_REVIEW,17011,1,Q2,OC,C_EPISODIC,80,69.06816467900559,,
REFUGE_Valid,SEARCH,17011,1,Q2,OD,NATIVE_UPDATE,89,82.87987374027782,82.91153174675321,-0.03165800647539633
REFUGE_Valid,SEARCH,17011,1,Q2,OC,NATIVE_UPDATE,89,65.752155677468,65.75797894981156,-0.005823272343561242
REFUGE_Valid,SEARCH,17011,1,Q2,OD,NATIVE_HOLD,89,85.01056892719663,,
REFUGE_Valid,SEARCH,17011,1,Q2,OC,NATIVE_HOLD,89,66.84659090018663,,
REFUGE_Valid,SEARCH,17011,1,Q2,OD,SOURCE_UPDATE,89,85.54304446624043,85.5584328857931,-0.015388419552674575
REFUGE_Valid,SEARCH,17011,1,Q2,OC,SOURCE_UPDATE,89,66.68080022295621,66.68466027690248,-0.0038600539462695233
REFUGE_Valid,SEARCH,17011,1,Q2,OD,SOURCE_HOLD,89,85.26211478789409,,
REFUGE_Valid,SEARCH,17011,1,Q2,OC,SOURCE_HOLD,89,67.99456581880115,,
REFUGE_Valid,SEARCH,17011,1,Q2,OD,SAME64_UPDATE,89,85.75990974841378,85.7723967322423,-0.012486983828513105
REFUGE_Valid,SEARCH,17011,1,Q2,OC,SAME64_UPDATE,89,66.79023482703116,66.79386528960137,-0.0036304625702205514
REFUGE_Valid,SEARCH,17011,1,Q2,OD,SAME64_HOLD,89,86.78855309557463,,
REFUGE_Valid,SEARCH,17011,1,Q2,OC,SAME64_HOLD,89,67.51051969404554,,
REFUGE_Valid,SEARCH,17011,1,Q2,OD,CROSS64_UPDATE,89,85.15528578852003,85.17561151601707,-0.020325727497046062
REFUGE_Valid,SEARCH,17011,1,Q2,OC,CROSS64_UPDATE,89,66.67190858735792,66.67770157012515,-0.0057929827672305485
REFUGE_Valid,SEARCH,17011,1,Q2,OD,CROSS64_HOLD,89,84.56282458956237,,
REFUGE_Valid,SEARCH,17011,1,Q2,OC,CROSS64_HOLD,89,67.63163192084318,,
REFUGE_Valid,SEARCH,17011,1,Q2,OD,ANCHOR,89,82.01239039498188,,
REFUGE_Valid,SEARCH,17011,1,Q2,OC,ANCHOR,89,65.2000738457899,,
REFUGE_Valid,SEARCH,17011,1,Q2,OD,C_EPISODIC,89,85.37822528557724,,
REFUGE_Valid,SEARCH,17011,1,Q2,OC,C_EPISODIC,89,67.99297226827066,,
REFUGE_Valid,SEARCH,17011,1,Q3,OD,NATIVE_UPDATE,100,81.05460249779037,81.04229840407676,0.012304093713621234
REFUGE_Valid,SEARCH,17011,1,Q3,OC,NATIVE_UPDATE,100,65.65924468605911,65.64525624901066,0.013988437048452066
REFUGE_Valid,SEARCH,17011,1,Q3,OD,NATIVE_HOLD,100,84.8147457225453,,
REFUGE_Valid,SEARCH,17011,1,Q3,OC,NATIVE_HOLD,100,67.46876023184178,,
REFUGE_Valid,SEARCH,17011,1,Q3,OD,SOURCE_UPDATE,100,83.85953099433036,83.83951466111785,0.020016333212507065
REFUGE_Valid,SEARCH,17011,1,Q3,OC,SOURCE_UPDATE,100,67.1327148488056,67.10792725055006,0.024787598255551296
REFUGE_Valid,SEARCH,17011,1,Q3,OD,SOURCE_HOLD,100,84.35205902500844,,
REFUGE_Valid,SEARCH,17011,1,Q3,OC,SOURCE_HOLD,100,67.88126808183193,,
REFUGE_Valid,SEARCH,17011,1,Q3,OD,SAME64_UPDATE,100,84.01851791773302,84.00083040582689,0.0176875119061487
REFUGE_Valid,SEARCH,17011,1,Q3,OC,SAME64_UPDATE,100,67.24802625175712,67.22411212660786,0.02391412514926672
REFUGE_Valid,SEARCH,17011,1,Q3,OD,SAME64_HOLD,100,86.29306465420864,,
REFUGE_Valid,SEARCH,17011,1,Q3,OC,SAME64_HOLD,100,68.26156306347539,,
REFUGE_Valid,SEARCH,17011,1,Q3,OD,CROSS64_UPDATE,100,83.37887391687372,83.36553595306646,0.013337963807245001
REFUGE_Valid,SEARCH,17011,1,Q3,OC,CROSS64_UPDATE,100,66.76566519897477,66.75309953107052,0.012565667904251704
REFUGE_Valid,SEARCH,17011,1,Q3,OD,CROSS64_HOLD,100,83.60063725133982,,
REFUGE_Valid,SEARCH,17011,1,Q3,OC,CROSS64_HOLD,100,67.41056710497732,,
REFUGE_Valid,SEARCH,17011,1,Q3,OD,ANCHOR,100,79.94157375235257,,
REFUGE_Valid,SEARCH,17011,1,Q3,OC,ANCHOR,100,64.87189721646372,,
REFUGE_Valid,SEARCH,17011,1,Q3,OD,C_EPISODIC,100,84.64197395035484,,
REFUGE_Valid,SEARCH,17011,1,Q3,OC,C_EPISODIC,100,68.06416303267967,,
REFUGE_Valid,SEALED_REVIEW,17011,1,Q3,OD,NATIVE_UPDATE,68,81.24826588462672,81.26670446981538,-0.018438585188672228
REFUGE_Valid,SEALED_REVIEW,17011,1,Q3,OC,NATIVE_UPDATE,68,62.493037310324205,62.49292124865509,0.00011606166912895877
REFUGE_Valid,SEALED_REVIEW,17011,1,Q3,OD,NATIVE_HOLD,68,85.64912115786719,,
REFUGE_Valid,SEALED_REVIEW,17011,1,Q3,OC,NATIVE_HOLD,68,64.50791388913201,,
REFUGE_Valid,SEALED_REVIEW,17011,1,Q3,OD,SOURCE_UPDATE,68,84.5849475411561,84.6118146818596,-0.026867140703500672
REFUGE_Valid,SEALED_REVIEW,17011,1,Q3,OC,SOURCE_UPDATE,68,63.91632536136247,63.915657991839915,0.0006673695225505774
REFUGE_Valid,SEALED_REVIEW,17011,1,Q3,OD,SOURCE_HOLD,68,85.64679714140797,,
REFUGE_Valid,SEALED_REVIEW,17011,1,Q3,OC,SOURCE_HOLD,68,65.81017819531509,,
REFUGE_Valid,SEALED_REVIEW,17011,1,Q3,OD,SAME64_UPDATE,68,84.77615140489931,84.80225835575878,-0.026106950859481108
REFUGE_Valid,SEALED_REVIEW,17011,1,Q3,OC,SAME64_UPDATE,68,64.0124315090339,64.01277470752103,-0.0003431984871297896
REFUGE_Valid,SEALED_REVIEW,17011,1,Q3,OD,SAME64_HOLD,68,87.78759222874488,,
REFUGE_Valid,SEALED_REVIEW,17011,1,Q3,OC,SAME64_HOLD,68,65.30916098701687,,
REFUGE_Valid,SEALED_REVIEW,17011,1,Q3,OD,CROSS64_UPDATE,68,83.83461993967477,83.85441692752472,-0.019796987849956114
REFUGE_Valid,SEALED_REVIEW,17011,1,Q3,OC,CROSS64_UPDATE,68,63.5917006294495,63.5948907897972,-0.003190160347700696
REFUGE_Valid,SEALED_REVIEW,17011,1,Q3,OD,CROSS64_HOLD,68,84.49701887647514,,
REFUGE_Valid,SEALED_REVIEW,17011,1,Q3,OC,CROSS64_HOLD,68,65.31347289625742,,
REFUGE_Valid,SEALED_REVIEW,17011,1,Q3,OD,ANCHOR,68,80.00066659697114,,
REFUGE_Valid,SEALED_REVIEW,17011,1,Q3,OC,ANCHOR,68,61.73859676343913,,
REFUGE_Valid,SEALED_REVIEW,17011,1,Q3,OD,C_EPISODIC,68,85.72839566079728,,
REFUGE_Valid,SEALED_REVIEW,17011,1,Q3,OC,C_EPISODIC,68,65.82717524551407,,
REFUGE_Valid,SEARCH,17011,1,Q4,OD,NATIVE_UPDATE,120,77.93367037643847,77.93905473756098,-0.005384361122508276
REFUGE_Valid,SEARCH,17011,1,Q4,OC,NATIVE_UPDATE,120,62.358894870325685,62.36334559149373,-0.004450721168041821
REFUGE_Valid,SEARCH,17011,1,Q4,OD,NATIVE_HOLD,120,84.15268893719103,,
REFUGE_Valid,SEARCH,17011,1,Q4,OC,NATIVE_HOLD,120,65.46877541684198,,
REFUGE_Valid,SEARCH,17011,1,Q4,OD,SOURCE_UPDATE,120,81.64090557264984,81.64261678664055,-0.0017112139907036563
REFUGE_Valid,SEARCH,17011,1,Q4,OC,SOURCE_UPDATE,120,64.25222678283187,64.25540069895602,-0.003173916124162013
REFUGE_Valid,SEARCH,17011,1,Q4,OD,SOURCE_HOLD,120,84.14496600459728,,
REFUGE_Valid,SEARCH,17011,1,Q4,OC,SOURCE_HOLD,120,66.1779112713013,,
REFUGE_Valid,SEARCH,17011,1,Q4,OD,SAME64_UPDATE,120,81.81172906595064,81.81445899359386,-0.0027299276432082853
REFUGE_Valid,SEARCH,17011,1,Q4,OC,SAME64_UPDATE,120,64.29227467949985,64.29873423450462,-0.006459555004762613
REFUGE_Valid,SEARCH,17011,1,Q4,OD,SAME64_HOLD,120,85.987082759657,,
REFUGE_Valid,SEARCH,17011,1,Q4,OC,SAME64_HOLD,120,66.33674661476732,,
REFUGE_Valid,SEARCH,17011,1,Q4,OD,CROSS64_UPDATE,120,80.81274966411448,80.81855939328229,-0.0058097291678083085
REFUGE_Valid,SEARCH,17011,1,Q4,OC,CROSS64_UPDATE,120,63.75547957691594,63.76244667281846,-0.0069670959025230905
REFUGE_Valid,SEARCH,17011,1,Q4,OD,CROSS64_HOLD,120,83.33876301660824,,
REFUGE_Valid,SEARCH,17011,1,Q4,OC,CROSS64_HOLD,120,65.71873512165826,,
REFUGE_Valid,SEARCH,17011,1,Q4,OD,ANCHOR,120,76.56975705292791,,
REFUGE_Valid,SEARCH,17011,1,Q4,OC,ANCHOR,120,61.18449552029557,,
REFUGE_Valid,SEARCH,17011,1,Q4,OD,C_EPISODIC,120,84.386212879764,,
REFUGE_Valid,SEARCH,17011,1,Q4,OC,C_EPISODIC,120,66.27194648824619,,
REFUGE_Valid,SEALED_REVIEW,17011,1,Q4,OD,NATIVE_UPDATE,52,80.99747908216258,81.00720022508239,-0.00972114291980263
REFUGE_Valid,SEALED_REVIEW,17011,1,Q4,OC,NATIVE_UPDATE,52,63.955617706348356,63.959518786747715,-0.0039010803993677835
REFUGE_Valid,SEALED_REVIEW,17011,1,Q4,OD,NATIVE_HOLD,52,86.87533132268551,,
REFUGE_Valid,SEALED_REVIEW,17011,1,Q4,OC,NATIVE_HOLD,52,67.12538601569325,,
REFUGE_Valid,SEALED_REVIEW,17011,1,Q4,OD,SOURCE_UPDATE,52,84.50047999205506,84.50200379700756,-0.0015238049524944727
REFUGE_Valid,SEALED_REVIEW,17011,1,Q4,OC,SOURCE_UPDATE,52,66.19263776604657,66.2008987653488,-0.008260999302221846
REFUGE_Valid,SEALED_REVIEW,17011,1,Q4,OD,SOURCE_HOLD,52,86.65493325849658,,
REFUGE_Valid,SEALED_REVIEW,17011,1,Q4,OC,SOURCE_HOLD,52,67.93095673839925,,
REFUGE_Valid,SEALED_REVIEW,17011,1,Q4,OD,SAME64_UPDATE,52,84.60848571747803,84.610823760959,-0.0023380434809694853
REFUGE_Valid,SEALED_REVIEW,17011,1,Q4,OC,SAME64_UPDATE,52,66.20903463472922,66.21519270522272,-0.006158070493497917
REFUGE_Valid,SEALED_REVIEW,17011,1,Q4,OD,SAME64_HOLD,52,88.53937486597637,,
REFUGE_Valid,SEALED_REVIEW,17011,1,Q4,OC,SAME64_HOLD,52,68.21395508325297,,
REFUGE_Valid,SEALED_REVIEW,17011,1,Q4,OD,CROSS64_UPDATE,52,83.76646523151786,83.77138869879502,-0.0049234672771774745
REFUGE_Valid,SEALED_REVIEW,17011,1,Q4,OC,CROSS64_UPDATE,52,65.39958063153917,65.40554363344742,-0.0059630019082458526
REFUGE_Valid,SEALED_REVIEW,17011,1,Q4,OD,CROSS64_HOLD,52,85.87260791416807,,
REFUGE_Valid,SEALED_REVIEW,17011,1,Q4,OC,CROSS64_HOLD,52,67.27252067067394,,
REFUGE_Valid,SEALED_REVIEW,17011,1,Q4,OD,ANCHOR,52,79.59409360580662,,
REFUGE_Valid,SEALED_REVIEW,17011,1,Q4,OC,ANCHOR,52,62.81709600254618,,
REFUGE_Valid,SEALED_REVIEW,17011,1,Q4,OD,C_EPISODIC,52,86.7903427436511,,
REFUGE_Valid,SEALED_REVIEW,17011,1,Q4,OC,C_EPISODIC,52,67.91564044945595,,
ORIGA,SEARCH,29009,0,ALL,OD,NATIVE_UPDATE,316,88.7029149126372,88.67572985291709,0.02718505972011693
ORIGA,SEARCH,29009,0,ALL,OC,NATIVE_UPDATE,316,72.1303467041345,72.10064586322285,0.02970084091164087
ORIGA,SEARCH,29009,0,Q1,OD,NATIVE_UPDATE,81,85.05473630638112,84.99748970784651,0.057246598534594954
ORIGA,SEARCH,29009,0,Q1,OC,NATIVE_UPDATE,81,67.77896969660682,67.71473657067797,0.06423312592886238
ORIGA,SEARCH,29009,0,FIRST64,OD,NATIVE_UPDATE,35,85.55664423170307,85.48301637069021,0.07362786101285268
ORIGA,SEARCH,29009,0,FIRST64,OC,NATIVE_UPDATE,35,69.64516913973978,69.566015384816,0.07915375492378228
ORIGA,SEARCH,29009,0,ALL,OD,NATIVE_HOLD,316,83.9093345867678,,
ORIGA,SEARCH,29009,0,ALL,OC,NATIVE_HOLD,316,66.70907394188525,,
ORIGA,SEARCH,29009,0,Q1,OD,NATIVE_HOLD,81,81.85241112423903,,
ORIGA,SEARCH,29009,0,Q1,OC,NATIVE_HOLD,81,63.951321762478706,,
ORIGA,SEARCH,29009,0,FIRST64,OD,NATIVE_HOLD,35,84.05985595085791,,
ORIGA,SEARCH,29009,0,FIRST64,OC,NATIVE_HOLD,35,68.09122578549508,,
ORIGA,SEARCH,29009,0,ALL,OD,SOURCE_UPDATE,316,84.27331345834271,84.22568088605577,0.04763257228695605
ORIGA,SEARCH,29009,0,ALL,OC,SOURCE_UPDATE,316,66.32651197501512,66.2592043417766,0.06730763323852167
ORIGA,SEARCH,29009,0,Q1,OD,SOURCE_UPDATE,81,77.6730857798909,77.56809398520411,0.10499179468678184
ORIGA,SEARCH,29009,0,Q1,OC,SOURCE_UPDATE,81,57.96780327910831,57.82502915738485,0.14277412172346346
ORIGA,SEARCH,29009,0,FIRST64,OD,SOURCE_UPDATE,35,78.80247301435634,78.68700481696679,0.11546819738955359
ORIGA,SEARCH,29009,0,FIRST64,OC,SOURCE_UPDATE,35,61.430451594042665,61.25765604063974,0.17279555340292851
ORIGA,SEARCH,29009,0,ALL,OD,SOURCE_HOLD,316,75.50920320760306,,
ORIGA,SEARCH,29009,0,ALL,OC,SOURCE_HOLD,316,56.51189852699288,,
ORIGA,SEARCH,29009,0,Q1,OD,SOURCE_HOLD,81,72.97912470636965,,
ORIGA,SEARCH,29009,0,Q1,OC,SOURCE_HOLD,81,52.9323997048062,,
ORIGA,SEARCH,29009,0,FIRST64,OD,SOURCE_HOLD,35,76.60120354790617,,
ORIGA,SEARCH,29009,0,FIRST64,OC,SOURCE_HOLD,35,58.72587043999013,,
ORIGA,SEARCH,29009,0,ALL,OD,SAME64_UPDATE,316,85.31320298737306,85.27792279360655,0.03528019376650135
ORIGA,SEARCH,29009,0,ALL,OC,SAME64_UPDATE,316,67.9182226729809,67.86628643982252,0.05193623315838316
ORIGA,SEARCH,29009,0,Q1,OD,SAME64_UPDATE,81,80.14160378356941,80.07618067788378,0.06542310568561607
ORIGA,SEARCH,29009,0,Q1,OC,SAME64_UPDATE,81,61.61673306016904,61.51344867208602,0.10328438808301174
ORIGA,SEARCH,29009,0,FIRST64,OD,SAME64_UPDATE,35,81.32338281104265,81.25816942534118,0.0652133857014671
ORIGA,SEARCH,29009,0,FIRST64,OC,SAME64_UPDATE,35,65.1170288170258,65.01567008721699,0.10135872980880795
ORIGA,SEARCH,29009,0,ALL,OD,SAME64_HOLD,316,79.19274990327523,,
ORIGA,SEARCH,29009,0,ALL,OC,SAME64_HOLD,316,60.76705788405048,,
ORIGA,SEARCH,29009,0,Q1,OD,SAME64_HOLD,81,76.56688059732053,,
ORIGA,SEARCH,29009,0,Q1,OC,SAME64_HOLD,81,57.44228580781776,,
ORIGA,SEARCH,29009,0,FIRST64,OD,SAME64_HOLD,35,79.8833199604273,,
ORIGA,SEARCH,29009,0,FIRST64,OC,SAME64_HOLD,35,63.30374067480208,,
ORIGA,SEARCH,29009,0,ALL,OD,CROSS64_UPDATE,316,85.32051892189818,85.27369092573576,0.046827996162427145
ORIGA,SEARCH,29009,0,ALL,OC,CROSS64_UPDATE,316,67.82881194053736,67.76075222381877,0.06805971671858642
ORIGA,SEARCH,29009,0,Q1,OD,CROSS64_UPDATE,81,79.27129884946336,79.16533717062684,0.10596167883652605
ORIGA,SEARCH,29009,0,Q1,OC,CROSS64_UPDATE,81,60.287384141222674,60.12285136359344,0.1645327776292393
ORIGA,SEARCH,29009,0,FIRST64,OD,CROSS64_UPDATE,35,79.68910741794866,79.5668497743059,0.1222576436427704
ORIGA,SEARCH,29009,0,FIRST64,OC,CROSS64_UPDATE,35,62.76520207775137,62.57553982017651,0.18966225757485486
ORIGA,SEARCH,29009,0,ALL,OD,CROSS64_HOLD,316,76.13503226541361,,
ORIGA,SEARCH,29009,0,ALL,OC,CROSS64_HOLD,316,57.459402261445256,,
ORIGA,SEARCH,29009,0,Q1,OD,CROSS64_HOLD,81,73.47174089549992,,
ORIGA,SEARCH,29009,0,Q1,OC,CROSS64_HOLD,81,53.87394214845841,,
ORIGA,SEARCH,29009,0,FIRST64,OD,CROSS64_HOLD,35,76.98325756991467,,
ORIGA,SEARCH,29009,0,FIRST64,OC,CROSS64_HOLD,35,59.50187222412383,,
ORIGA,SEARCH,29009,0,ALL,OD,ANCHOR,316,89.21115312522929,,
ORIGA,SEARCH,29009,0,ALL,OC,ANCHOR,316,72.48823925754326,,
ORIGA,SEARCH,29009,0,Q1,OD,ANCHOR,81,85.92584959325875,,
ORIGA,SEARCH,29009,0,Q1,OC,ANCHOR,81,67.70342679819895,,
ORIGA,SEARCH,29009,0,FIRST64,OD,ANCHOR,35,86.49026949634015,,
ORIGA,SEARCH,29009,0,FIRST64,OC,ANCHOR,35,69.5030494803205,,
ORIGA,SEARCH,29009,0,ALL,OD,C_EPISODIC,316,75.83558192801691,,
ORIGA,SEARCH,29009,0,ALL,OC,C_EPISODIC,316,56.92918261643314,,
ORIGA,SEARCH,29009,0,Q1,OD,C_EPISODIC,81,73.30446751646662,,
ORIGA,SEARCH,29009,0,Q1,OC,C_EPISODIC,81,53.36875855645163,,
ORIGA,SEARCH,29009,0,FIRST64,OD,C_EPISODIC,35,76.92097631831255,,
ORIGA,SEARCH,29009,0,FIRST64,OC,C_EPISODIC,35,59.28667241241631,,
ORIGA,SEALED_REVIEW,29009,0,ALL,OD,NATIVE_UPDATE,210,89.27204102312594,89.25204557491362,0.019995448212317635
ORIGA,SEALED_REVIEW,29009,0,ALL,OC,NATIVE_UPDATE,210,74.62024868878076,74.59751106785131,0.02273762092944138
ORIGA,SEALED_REVIEW,29009,0,Q1,OD,NATIVE_UPDATE,46,86.44403944520009,86.39300492376867,0.05103452143142296
ORIGA,SEALED_REVIEW,29009,0,Q1,OC,NATIVE_UPDATE,46,71.246699314791,71.19104794209244,0.0556513726985572
ORIGA,SEALED_REVIEW,29009,0,FIRST64,OD,NATIVE_UPDATE,20,85.04445072231536,84.9645804116046,0.07987031071075401
ORIGA,SEALED_REVIEW,29009,0,FIRST64,OC,NATIVE_UPDATE,20,69.15648700714092,69.05763646547113,0.09885054166978824
ORIGA,SEALED_REVIEW,29009,0,ALL,OD,NATIVE_HOLD,210,84.91556410474526,,
ORIGA,SEALED_REVIEW,29009,0,ALL,OC,NATIVE_HOLD,210,70.19958911883954,,
ORIGA,SEALED_REVIEW,29009,0,Q1,OD,NATIVE_HOLD,46,83.43865194773554,,
ORIGA,SEALED_REVIEW,29009,0,Q1,OC,NATIVE_HOLD,46,68.06142213268556,,
ORIGA,SEALED_REVIEW,29009,0,FIRST64,OD,NATIVE_HOLD,20,83.62448668142193,,
ORIGA,SEALED_REVIEW,29009,0,FIRST64,OC,NATIVE_HOLD,20,67.50379021380645,,
ORIGA,SEALED_REVIEW,29009,0,ALL,OD,SOURCE_UPDATE,210,84.86978199206087,84.82434845399366,0.04543353806720237
ORIGA,SEALED_REVIEW,29009,0,ALL,OC,SOURCE_UPDATE,210,69.34449243002315,69.29337358297954,0.05111884704361232
ORIGA,SEALED_REVIEW,29009,0,Q1,OD,SOURCE_UPDATE,46,77.57909887066911,77.46625435219406,0.11284451847506696
ORIGA,SEALED_REVIEW,29009,0,Q1,OC,SOURCE_UPDATE,46,59.82008404013782,59.6932448091501,0.12683923098772673
ORIGA,SEALED_REVIEW,29009,0,FIRST64,OD,SOURCE_UPDATE,20,75.70252668389081,75.56650139017746,0.1360252937133341
ORIGA,SEALED_REVIEW,29009,0,FIRST64,OC,SOURCE_UPDATE,20,57.05056403599053,56.92958370156395,0.12098033442659001
ORIGA,SEALED_REVIEW,29009,0,ALL,OD,SOURCE_HOLD,210,76.05669554999056,,
ORIGA,SEALED_REVIEW,29009,0,ALL,OC,SOURCE_HOLD,210,59.84718756382246,,
ORIGA,SEALED_REVIEW,29009,0,Q1,OD,SOURCE_HOLD,46,71.56840782361881,,
ORIGA,SEALED_REVIEW,29009,0,Q1,OC,SOURCE_HOLD,46,53.35239728786239,,
ORIGA,SEALED_REVIEW,29009,0,FIRST64,OD,SOURCE_HOLD,20,72.66927535917436,,
ORIGA,SEALED_REVIEW,29009,0,FIRST64,OC,SOURCE_HOLD,20,53.89018496055126,,
ORIGA,SEALED_REVIEW,29009,0,ALL,OD,SAME64_UPDATE,210,86.0067803658096,85.97473359083992,0.03204677496968942
ORIGA,SEALED_REVIEW,29009,0,ALL,OC,SAME64_UPDATE,210,71.02773510906798,70.97315301454177,0.05458209452621622
ORIGA,SEALED_REVIEW,29009,0,Q1,OD,SAME64_UPDATE,46,80.91983106795226,80.84678199907262,0.07304906887964888
ORIGA,SEALED_REVIEW,29009,0,Q1,OC,SAME64_UPDATE,46,64.5634394476024,64.48360048779456,0.07983895980785721
ORIGA,SEALED_REVIEW,29009,0,FIRST64,OD,SAME64_UPDATE,20,79.6286000532667,79.53028539720998,0.09831465605671247
ORIGA,SEALED_REVIEW,29009,0,FIRST64,OC,SAME64_UPDATE,20,62.00863100769851,61.89408614235333,0.1145448653451716
ORIGA,SEALED_REVIEW,29009,0,ALL,OD,SAME64_HOLD,210,80.06992048892182,,
ORIGA,SEALED_REVIEW,29009,0,ALL,OC,SAME64_HOLD,210,64.47073327813314,,
ORIGA,SEALED_REVIEW,29009,0,Q1,OD,SAME64_HOLD,46,76.91427775244037,,
ORIGA,SEALED_REVIEW,29009,0,Q1,OC,SAME64_HOLD,46,59.06298946459121,,
ORIGA,SEALED_REVIEW,29009,0,FIRST64,OD,SAME64_HOLD,20,77.9260421163954,,
ORIGA,SEALED_REVIEW,29009,0,FIRST64,OC,SAME64_HOLD,20,59.84394005675492,,
ORIGA,SEALED_REVIEW,29009,0,ALL,OD,CROSS64_UPDATE,210,85.93052348591092,85.88885183900982,0.041671646901102824
ORIGA,SEALED_REVIEW,29009,0,ALL,OC,CROSS64_UPDATE,210,70.86299714058185,70.80697230085818,0.056024839723663254
ORIGA,SEALED_REVIEW,29009,0,Q1,OD,CROSS64_UPDATE,46,79.7138858047432,79.59850847634941,0.11537732839379956
ORIGA,SEALED_REVIEW,29009,0,Q1,OC,CROSS64_UPDATE,46,63.120894615931576,62.97512859830968,0.1457660176218875
ORIGA,SEALED_REVIEW,29009,0,FIRST64,OD,CROSS64_UPDATE,20,77.30324170264882,77.12242227577586,0.18081942687296654
ORIGA,SEALED_REVIEW,29009,0,FIRST64,OC,CROSS64_UPDATE,20,59.48930952400999,59.26801726345964,0.22129226055035475
ORIGA,SEALED_REVIEW,29009,0,ALL,OD,CROSS64_HOLD,210,76.79120462773356,,
ORIGA,SEALED_REVIEW,29009,0,ALL,OC,CROSS64_HOLD,210,60.986823118236025,,
ORIGA,SEALED_REVIEW,29009,0,Q1,OD,CROSS64_HOLD,46,72.71367291441551,,
ORIGA,SEALED_REVIEW,29009,0,Q1,OC,CROSS64_HOLD,46,55.19866993144049,,
ORIGA,SEALED_REVIEW,29009,0,FIRST64,OD,CROSS64_HOLD,20,73.76742977356734,,
ORIGA,SEALED_REVIEW,29009,0,FIRST64,OC,CROSS64_HOLD,20,55.786657986252564,,
ORIGA,SEALED_REVIEW,29009,0,ALL,OD,ANCHOR,210,89.73730003204976,,
ORIGA,SEALED_REVIEW,29009,0,ALL,OC,ANCHOR,210,74.91024429250402,,
ORIGA,SEALED_REVIEW,29009,0,Q1,OD,ANCHOR,46,87.28662373272986,,
ORIGA,SEALED_REVIEW,29009,0,Q1,OC,ANCHOR,46,71.20635282091243,,
ORIGA,SEALED_REVIEW,29009,0,FIRST64,OD,ANCHOR,20,85.93898346866457,,
ORIGA,SEALED_REVIEW,29009,0,FIRST64,OC,ANCHOR,20,69.03342731370854,,
ORIGA,SEALED_REVIEW,29009,0,ALL,OD,C_EPISODIC,210,76.44872981565103,,
ORIGA,SEALED_REVIEW,29009,0,ALL,OC,C_EPISODIC,210,60.40820420102712,,
ORIGA,SEALED_REVIEW,29009,0,Q1,OD,C_EPISODIC,46,71.96890440563946,,
ORIGA,SEALED_REVIEW,29009,0,Q1,OC,C_EPISODIC,46,53.785957209680966,,
ORIGA,SEALED_REVIEW,29009,0,FIRST64,OD,C_EPISODIC,20,73.1246219471371,,
ORIGA,SEALED_REVIEW,29009,0,FIRST64,OC,C_EPISODIC,20,54.37651124906052,,
ORIGA,SEARCH,29009,0,Q2,OD,NATIVE_UPDATE,70,87.23348195204066,87.20508207962398,0.028399872416682452
ORIGA,SEARCH,29009,0,Q2,OC,NATIVE_UPDATE,70,71.15354618371796,71.11914923828992,0.03439694542804509
ORIGA,SEARCH,29009,0,Q2,OD,NATIVE_HOLD,70,82.20501661562744,,
ORIGA,SEARCH,29009,0,Q2,OC,NATIVE_HOLD,70,65.17694215951153,,
ORIGA,SEARCH,29009,0,Q2,OD,SOURCE_UPDATE,70,82.28587796690151,82.23078921979527,0.05508874710623985
ORIGA,SEARCH,29009,0,Q2,OC,SOURCE_UPDATE,70,64.39804110322363,64.3237810708341,0.07426003238953058
ORIGA,SEARCH,29009,0,Q2,OD,SOURCE_HOLD,70,71.55913998567341,,
ORIGA,SEARCH,29009,0,Q2,OC,SOURCE_HOLD,70,52.667386781161326,,
ORIGA,SEARCH,29009,0,Q2,OD,SAME64_UPDATE,70,83.41532487577055,83.36907982251344,0.046245053257103805
ORIGA,SEARCH,29009,0,Q2,OC,SAME64_UPDATE,70,65.95758364151168,65.89819394110785,0.05938970040381551
ORIGA,SEARCH,29009,0,Q2,OD,SAME64_HOLD,70,76.57482833517668,,
ORIGA,SEARCH,29009,0,Q2,OC,SAME64_HOLD,70,57.9353063153769,,
ORIGA,SEARCH,29009,0,Q2,OD,CROSS64_UPDATE,70,83.63521727606792,83.58423041806246,0.050986858005472716
ORIGA,SEARCH,29009,0,Q2,OC,CROSS64_UPDATE,70,66.28428688345186,66.22612908156935,0.05815780188250828
ORIGA,SEARCH,29009,0,Q2,OD,CROSS64_HOLD,70,72.69053253559224,,
ORIGA,SEARCH,29009,0,Q2,OC,CROSS64_HOLD,70,54.01474713602228,,
ORIGA,SEARCH,29009,0,Q2,OD,ANCHOR,70,87.82834384651925,,
ORIGA,SEARCH,29009,0,Q2,OC,ANCHOR,70,71.43273875566821,,
ORIGA,SEARCH,29009,0,Q2,OD,C_EPISODIC,70,71.90966784210514,,
ORIGA,SEARCH,29009,0,Q2,OC,C_EPISODIC,70,52.98275729104841,,
ORIGA,SEALED_REVIEW,29009,0,Q2,OD,NATIVE_UPDATE,62,87.6274694879656,87.61174285153413,0.015726636431456595
ORIGA,SEALED_REVIEW,29009,0,Q2,OC,NATIVE_UPDATE,62,74.33193191677128,74.31107141011348,0.020860506657797758
ORIGA,SEALED_REVIEW,29009,0,Q2,OD,NATIVE_HOLD,62,82.67819936648041,,
ORIGA,SEALED_REVIEW,29009,0,Q2,OC,NATIVE_HOLD,62,68.05742047237592,,
ORIGA,SEALED_REVIEW,29009,0,Q2,OD,SOURCE_UPDATE,62,83.17015054403458,83.11950826086711,0.05064228316748322
ORIGA,SEALED_REVIEW,29009,0,Q2,OC,SOURCE_UPDATE,62,68.33163492207535,68.27567590175039,0.05595902032495075
ORIGA,SEALED_REVIEW,29009,0,Q2,OD,SOURCE_HOLD,62,71.38839435425128,,
ORIGA,SEALED_REVIEW,29009,0,Q2,OC,SOURCE_HOLD,62,55.10002715955557,,
ORIGA,SEALED_REVIEW,29009,0,Q2,OD,SAME64_UPDATE,62,84.16617506694787,84.12971693028983,0.03645813665803271
ORIGA,SEALED_REVIEW,29009,0,Q2,OC,SAME64_UPDATE,62,69.88414112569126,69.77534557599448,0.10879554969678022
ORIGA,SEALED_REVIEW,29009,0,Q2,OD,SAME64_HOLD,62,76.33988770584563,,
ORIGA,SEALED_REVIEW,29009,0,Q2,OC,SAME64_HOLD,62,61.30203136998163,,
ORIGA,SEALED_REVIEW,29009,0,Q2,OD,CROSS64_UPDATE,62,84.38513871530773,84.34427571862128,0.040862996686461074
ORIGA,SEALED_REVIEW,29009,0,Q2,OC,CROSS64_UPDATE,62,70.21335233546897,70.14771412821065,0.06563820725830777
ORIGA,SEALED_REVIEW,29009,0,Q2,OD,CROSS64_HOLD,62,72.39118134884595,,
ORIGA,SEALED_REVIEW,29009,0,Q2,OC,CROSS64_HOLD,62,56.67734396998707,,
ORIGA,SEALED_REVIEW,29009,0,Q2,OD,ANCHOR,62,88.09330259601815,,
ORIGA,SEALED_REVIEW,29009,0,Q2,OC,ANCHOR,62,74.51019140626128,,
ORIGA,SEALED_REVIEW,29009,0,Q2,OD,C_EPISODIC,62,71.93235705460373,,
ORIGA,SEALED_REVIEW,29009,0,Q2,OC,C_EPISODIC,62,55.950719190942934,,
ORIGA,SEALED_REVIEW,29009,0,Q3,OD,NATIVE_UPDATE,45,88.93902340414867,88.92493924075933,0.014084163389336268
ORIGA,SEALED_REVIEW,29009,0,Q3,OC,NATIVE_UPDATE,45,74.01297741053332,73.99475751647434,0.018219894058980612
ORIGA,SEALED_REVIEW,29009,0,Q3,OD,NATIVE_HOLD,45,83.02840919938691,,
ORIGA,SEALED_REVIEW,29009,0,Q3,OC,NATIVE_HOLD,45,68.09831451267343,,
ORIGA,SEALED_REVIEW,29009,0,Q3,OD,SOURCE_UPDATE,45,85.44257721666374,85.42424079115939,0.018336425504356227
ORIGA,SEALED_REVIEW,29009,0,Q3,OC,SOURCE_UPDATE,45,70.00487967519167,69.98397224644309,0.020907428748593058
ORIGA,SEALED_REVIEW,29009,0,Q3,OD,SOURCE_HOLD,45,73.13453177530263,,
ORIGA,SEALED_REVIEW,29009,0,Q3,OC,SOURCE_HOLD,45,55.25252493968499,,
ORIGA,SEALED_REVIEW,29009,0,Q3,OD,SAME64_UPDATE,45,85.9086511062682,85.89146124695614,0.017189859312061677
ORIGA,SEALED_REVIEW,29009,0,Q3,OC,SAME64_UPDATE,45,70.74822250844744,70.73200072136551,0.016221787081923678
ORIGA,SEALED_REVIEW,29009,0,Q3,OD,SAME64_HOLD,45,77.69543653839442,,
ORIGA,SEALED_REVIEW,29009,0,Q3,OC,SAME64_HOLD,45,60.36492435521185,,
ORIGA,SEALED_REVIEW,29009,0,Q3,OD,CROSS64_UPDATE,45,86.21990787599762,86.20571662469395,0.014191251303663992
ORIGA,SEALED_REVIEW,29009,0,Q3,OC,CROSS64_UPDATE,45,70.99089474644911,70.97335386460612,0.017540881842989336
ORIGA,SEALED_REVIEW,29009,0,Q3,OD,CROSS64_HOLD,45,73.94741643574326,,
ORIGA,SEALED_REVIEW,29009,0,Q3,OC,CROSS64_HOLD,45,56.40203926746493,,
ORIGA,SEALED_REVIEW,29009,0,Q3,OD,ANCHOR,45,89.43474528867627,,
ORIGA,SEALED_REVIEW,29009,0,Q3,OC,ANCHOR,45,74.31944846258001,,
ORIGA,SEALED_REVIEW,29009,0,Q3,OD,C_EPISODIC,45,73.68035730750259,,
ORIGA,SEALED_REVIEW,29009,0,Q3,OC,C_EPISODIC,45,55.926556365769706,,
ORIGA,SEARCH,29009,0,Q3,OD,NATIVE_UPDATE,88,89.54303372470143,89.52711791253056,0.015915812170874174
ORIGA,SEARCH,29009,0,Q3,OC,NATIVE_UPDATE,88,72.76529073290469,72.74800266164384,0.017288071260853684
ORIGA,SEARCH,29009,0,Q3,OD,NATIVE_HOLD,88,82.9974741746001,,
ORIGA,SEARCH,29009,0,Q3,OC,NATIVE_HOLD,88,64.38279655383616,,
ORIGA,SEARCH,29009,0,Q3,OD,SOURCE_UPDATE,88,85.83883074533092,85.8145278935651,0.024302851765813222
ORIGA,SEARCH,29009,0,Q3,OC,SOURCE_UPDATE,88,67.33306382558688,67.28722811516396,0.045835710422924024
ORIGA,SEARCH,29009,0,Q3,OD,SOURCE_HOLD,88,72.09234715950387,,
ORIGA,SEARCH,29009,0,Q3,OC,SOURCE_HOLD,88,50.082464909498334,,
ORIGA,SEARCH,29009,0,Q3,OD,SAME64_UPDATE,88,86.37979614791583,86.35643545176265,0.02336069615318111
ORIGA,SEARCH,29009,0,Q3,OC,SAME64_UPDATE,88,68.37858118840317,68.34102786556673,0.03755332283644762
ORIGA,SEARCH,29009,0,Q3,OD,SAME64_HOLD,88,76.7968833575529,,
ORIGA,SEARCH,29009,0,Q3,OC,SAME64_HOLD,88,55.712583525827384,,
ORIGA,SEARCH,29009,0,Q3,OD,CROSS64_UPDATE,88,86.77338164040187,86.74944866513434,0.023932975267532384
ORIGA,SEARCH,29009,0,Q3,OC,CROSS64_UPDATE,88,68.8640011847164,68.82385274089803,0.040148443818370703
ORIGA,SEARCH,29009,0,Q3,OD,CROSS64_HOLD,88,72.93795826672861,,
ORIGA,SEARCH,29009,0,Q3,OC,CROSS64_HOLD,88,51.37143146046046,,
ORIGA,SEARCH,29009,0,Q3,OD,ANCHOR,88,89.98356243891236,,
ORIGA,SEARCH,29009,0,Q3,OC,ANCHOR,88,73.18901081356167,,
ORIGA,SEARCH,29009,0,Q3,OD,C_EPISODIC,88,72.53627951072315,,
ORIGA,SEARCH,29009,0,Q3,OC,C_EPISODIC,88,50.70146557376921,,
ORIGA,SEARCH,29009,0,Q4,OD,NATIVE_UPDATE,77,92.91632165142742,92.90898500402417,0.007336647403247529
ORIGA,SEARCH,29009,0,Q4,OC,NATIVE_UPDATE,77,76.8701194250062,76.8668279175137,0.003291507492498457
ORIGA,SEARCH,29009,0,Q4,OD,NATIVE_HOLD,77,88.66461737527966,,
ORIGA,SEARCH,29009,0,Q4,OC,NATIVE_HOLD,77,73.66153577885166,,
ORIGA,SEARCH,29009,0,Q4,OD,SOURCE_UPDATE,77,91.23400703107676,91.2268291840609,0.0071778470158497245
ORIGA,SEARCH,29009,0,Q4,OC,SOURCE_UPDATE,77,75.72224967038578,75.71610988520023,0.006139785185556499
ORIGA,SEARCH,29009,0,Q4,OD,SOURCE_HOLD,77,85.66665926432658,,
ORIGA,SEARCH,29009,0,Q4,OC,SOURCE_HOLD,77,71.12028015225066,,
ORIGA,SEARCH,29009,0,Q4,OD,SAME64_UPDATE,77,91.25983682104199,91.25261117584455,0.007225645197432736
ORIGA,SEARCH,29009,0,Q4,OC,SAME64_UPDATE,77,75.80333749744125,75.79575512334449,0.007582374096761711
ORIGA,SEARCH,29009,0,Q4,OD,SAME64_HOLD,77,87.07308989772709,,
ORIGA,SEARCH,29009,0,Q4,OC,SAME64_HOLD,77,72.6154071243834,,
ORIGA,SEARCH,29009,0,Q4,OD,CROSS64_UPDATE,77,91.55566206276849,91.54865467422768,0.00700738854081078
ORIGA,SEARCH,29009,0,Q4,OC,CROSS64_UPDATE,77,75.98304248927396,75.97556708268549,0.007475406588476961
ORIGA,SEARCH,29009,0,Q4,OD,CROSS64_HOLD,77,85.72183868015112,,
ORIGA,SEARCH,29009,0,Q4,OC,CROSS64_HOLD,77,71.32030561752583,,
ORIGA,SEARCH,29009,0,Q4,OD,ANCHOR,77,93.04146761867351,,
ORIGA,SEARCH,29009,0,Q4,OC,ANCHOR,77,77.68027753557601,,
ORIGA,SEARCH,29009,0,Q4,OD,C_EPISODIC,77,85.83782694192924,,
ORIGA,SEARCH,29009,0,Q4,OC,C_EPISODIC,77,71.37961406305466,,
ORIGA,SEALED_REVIEW,29009,0,Q4,OD,NATIVE_UPDATE,57,93.60602875327521,93.60177230893362,0.004256444341593097
ORIGA,SEALED_REVIEW,29009,0,Q4,OC,NATIVE_UPDATE,57,78.13579462894307,78.13401058323059,0.001784045712481944
ORIGA,SEALED_REVIEW,29009,0,Q4,OD,NATIVE_HOLD,57,90.03094206502584,,
ORIGA,SEALED_REVIEW,29009,0,Q4,OC,NATIVE_HOLD,57,75.91410657009047,,
ORIGA,SEALED_REVIEW,29009,0,Q4,OD,SOURCE_UPDATE,57,92.15000634740335,92.14324784845283,0.006758498950516267
ORIGA,SEALED_REVIEW,29009,0,Q4,OC,SOURCE_UPDATE,57,77.61120340186362,77.60260586326908,0.008597538594553025
ORIGA,SEALED_REVIEW,29009,0,Q4,OD,SOURCE_HOLD,57,87.06359518876067,,
ORIGA,SEALED_REVIEW,29009,0,Q4,OC,SOURCE_HOLD,57,73.87954047338205,,
ORIGA,SEALED_REVIEW,29009,0,Q4,OD,SAME64_UPDATE,57,92.19157006598905,92.1856820408429,0.00588802514614257
ORIGA,SEALED_REVIEW,29009,0,Q4,OC,SAME64_UPDATE,57,77.70911220423814,77.7035974112652,0.005514792972930429
ORIGA,SEALED_REVIEW,29009,0,Q4,OD,SAME64_HOLD,57,88.54840077317805,,
ORIGA,SEALED_REVIEW,29009,0,Q4,OC,SAME64_HOLD,57,75.5229637212872,,
ORIGA,SEALED_REVIEW,29009,0,Q4,OD,CROSS64_UPDATE,57,92.39994263603744,92.3951781335832,0.004764502454234151
ORIGA,SEALED_REVIEW,29009,0,Q4,OC,CROSS64_UPDATE,57,77.71666910175526,77.71314154037961,0.0035275613756641333
ORIGA,SEALED_REVIEW,29009,0,Q4,OD,CROSS64_HOLD,57,87.11293043024634,,
ORIGA,SEALED_REVIEW,29009,0,Q4,OC,CROSS64_HOLD,57,73.96503411944178,,
ORIGA,SEALED_REVIEW,29009,0,Q4,OD,ANCHOR,57,93.74210554528631,,
ORIGA,SEALED_REVIEW,29009,0,Q4,OC,ANCHOR,57,78.80091269578195,,
ORIGA,SEALED_REVIEW,29009,0,Q4,OD,C_EPISODIC,57,87.16213056849573,,
ORIGA,SEALED_REVIEW,29009,0,Q4,OC,C_EPISODIC,57,74.13910919775915,,
REFUGE_Valid,SEARCH,29009,0,ALL,OD,NATIVE_UPDATE,406,78.56095344682562,78.5583105360598,0.002642910765814098
REFUGE_Valid,SEARCH,29009,0,ALL,OC,NATIVE_UPDATE,406,59.061330075596665,59.065452087154554,-0.004122011557896238
REFUGE_Valid,SEARCH,29009,0,Q1,OD,NATIVE_UPDATE,97,78.06043901501586,78.05030606051902,0.010132954496838537
REFUGE_Valid,SEARCH,29009,0,Q1,OC,NATIVE_UPDATE,97,57.00129306127247,57.00567313524386,-0.00438007397138548
REFUGE_Valid,SEARCH,29009,0,FIRST64,OD,NATIVE_UPDATE,39,77.73496966748989,77.71452422552176,0.020445441968149534
REFUGE_Valid,SEARCH,29009,0,FIRST64,OC,NATIVE_UPDATE,39,58.40560437852949,58.41172262424917,-0.0061182457196883
REFUGE_Valid,SEARCH,29009,0,ALL,OD,NATIVE_HOLD,406,79.58962530291679,,
REFUGE_Valid,SEARCH,29009,0,ALL,OC,NATIVE_HOLD,406,60.664390047440556,,
REFUGE_Valid,SEARCH,29009,0,Q1,OD,NATIVE_HOLD,97,78.33929038515363,,
REFUGE_Valid,SEARCH,29009,0,Q1,OC,NATIVE_HOLD,97,57.452761049542254,,
REFUGE_Valid,SEARCH,29009,0,FIRST64,OD,NATIVE_HOLD,39,77.66339834861985,,
REFUGE_Valid,SEARCH,29009,0,FIRST64,OC,NATIVE_HOLD,39,58.621098679246465,,
REFUGE_Valid,SEARCH,29009,0,ALL,OD,SOURCE_UPDATE,406,84.89174794742978,84.87423303606812,0.017514911361640795
REFUGE_Valid,SEARCH,29009,0,ALL,OC,SOURCE_UPDATE,406,65.51182472995598,65.50952032212766,0.0023044078283262037
REFUGE_Valid,SEARCH,29009,0,Q1,OD,SOURCE_UPDATE,97,84.35027136026223,84.29284315176763,0.05742820849459476
REFUGE_Valid,SEARCH,29009,0,Q1,OC,SOURCE_UPDATE,97,63.549430020536214,63.54321490454495,0.006215115991256485
REFUGE_Valid,SEARCH,29009,0,FIRST64,OD,SOURCE_UPDATE,39,83.34870213784747,83.26316365517135,0.08553848267610759
REFUGE_Valid,SEARCH,29009,0,FIRST64,OC,SOURCE_UPDATE,39,64.71923242846627,64.70381608151486,0.015416346951401943
REFUGE_Valid,SEARCH,29009,0,ALL,OD,SOURCE_HOLD,406,84.08452106164629,,
REFUGE_Valid,SEARCH,29009,0,ALL,OC,SOURCE_HOLD,406,66.39393397143391,,
REFUGE_Valid,SEARCH,29009,0,Q1,OD,SOURCE_HOLD,97,82.65345888508554,,
REFUGE_Valid,SEARCH,29009,0,Q1,OC,SOURCE_HOLD,97,63.65922344112908,,
REFUGE_Valid,SEARCH,29009,0,FIRST64,OD,SOURCE_HOLD,39,81.90239752216513,,
REFUGE_Valid,SEARCH,29009,0,FIRST64,OC,SOURCE_HOLD,39,64.53460729301077,,
REFUGE_Valid,SEARCH,29009,0,ALL,OD,SAME64_UPDATE,406,83.94135237782433,83.92978565468613,0.011566723138201788
REFUGE_Valid,SEARCH,29009,0,ALL,OC,SAME64_UPDATE,406,65.06581615818646,65.06218509000857,0.003631068177884834
REFUGE_Valid,SEARCH,29009,0,Q1,OD,SAME64_UPDATE,97,83.44368683194622,83.40644923712831,0.03723759481790803
REFUGE_Valid,SEARCH,29009,0,Q1,OC,SAME64_UPDATE,97,63.08396056458714,63.07749810103738,0.0064624635497580055
REFUGE_Valid,SEARCH,29009,0,FIRST64,OD,SAME64_UPDATE,39,82.66065430938913,82.64136402795292,0.01929028143619231
REFUGE_Valid,SEARCH,29009,0,FIRST64,OC,SAME64_UPDATE,39,64.36488991950024,64.35536267949179,0.009527240008457324
REFUGE_Valid,SEARCH,29009,0,ALL,OD,SAME64_HOLD,406,85.14361231395793,,
REFUGE_Valid,SEARCH,29009,0,ALL,OC,SAME64_HOLD,406,66.04864382459829,,
REFUGE_Valid,SEARCH,29009,0,Q1,OD,SAME64_HOLD,97,83.6396172547031,,
REFUGE_Valid,SEARCH,29009,0,Q1,OC,SAME64_HOLD,97,63.57615244195749,,
REFUGE_Valid,SEARCH,29009,0,FIRST64,OD,SAME64_HOLD,39,82.94415111526935,,
REFUGE_Valid,SEARCH,29009,0,FIRST64,OC,SAME64_HOLD,39,64.4982447633192,,
REFUGE_Valid,SEARCH,29009,0,ALL,OD,CROSS64_UPDATE,406,83.94670593831863,83.93525603441687,0.011449903901754684
REFUGE_Valid,SEARCH,29009,0,ALL,OC,CROSS64_UPDATE,406,64.80898238994699,64.80636372920571,0.002618660741283625
REFUGE_Valid,SEARCH,29009,0,Q1,OD,CROSS64_UPDATE,97,83.56313290916985,83.52888194448393,0.03425096468591671
REFUGE_Valid,SEARCH,29009,0,Q1,OC,CROSS64_UPDATE,97,62.82360025041436,62.818695505246424,0.004904745167930587
REFUGE_Valid,SEARCH,29009,0,FIRST64,OD,CROSS64_UPDATE,39,82.1117586783393,82.04082479311151,0.07093388522778903
REFUGE_Valid,SEARCH,29009,0,FIRST64,OC,CROSS64_UPDATE,39,63.895534708742886,63.874589765422755,0.020944943320129653
REFUGE_Valid,SEARCH,29009,0,ALL,OD,CROSS64_HOLD,406,83.34838934330435,,
REFUGE_Valid,SEARCH,29009,0,ALL,OC,CROSS64_HOLD,406,65.72626086838774,,
REFUGE_Valid,SEARCH,29009,0,Q1,OD,CROSS64_HOLD,97,81.79730737308947,,
REFUGE_Valid,SEARCH,29009,0,Q1,OC,CROSS64_HOLD,97,62.8716990470098,,
REFUGE_Valid,SEARCH,29009,0,FIRST64,OD,CROSS64_HOLD,39,80.87397568903357,,
REFUGE_Valid,SEARCH,29009,0,FIRST64,OC,CROSS64_HOLD,39,63.75108415089505,,
REFUGE_Valid,SEARCH,29009,0,ALL,OD,ANCHOR,406,80.55327060769952,,
REFUGE_Valid,SEARCH,29009,0,ALL,OC,ANCHOR,406,58.72295913939425,,
REFUGE_Valid,SEARCH,29009,0,Q1,OD,ANCHOR,97,79.32869406308716,,
REFUGE_Valid,SEARCH,29009,0,Q1,OC,ANCHOR,97,56.45653523764748,,
REFUGE_Valid,SEARCH,29009,0,FIRST64,OD,ANCHOR,39,78.85016854118602,,
REFUGE_Valid,SEARCH,29009,0,FIRST64,OC,ANCHOR,39,57.68014711648083,,
REFUGE_Valid,SEARCH,29009,0,ALL,OD,C_EPISODIC,406,84.31320041759086,,
REFUGE_Valid,SEARCH,29009,0,ALL,OC,C_EPISODIC,406,66.47223668452017,,
REFUGE_Valid,SEARCH,29009,0,Q1,OD,C_EPISODIC,97,83.00604620531297,,
REFUGE_Valid,SEARCH,29009,0,Q1,OC,C_EPISODIC,97,63.713962438153175,,
REFUGE_Valid,SEARCH,29009,0,FIRST64,OD,C_EPISODIC,39,82.26732474032329,,
REFUGE_Valid,SEARCH,29009,0,FIRST64,OC,C_EPISODIC,39,64.58294100352059,,
REFUGE_Valid,SEALED_REVIEW,29009,0,ALL,OD,NATIVE_UPDATE,269,79.48747686456667,79.49244451887405,-0.004967654307374247
REFUGE_Valid,SEALED_REVIEW,29009,0,ALL,OC,NATIVE_UPDATE,269,59.23124131449321,59.23596388181041,-0.004722567317208104
REFUGE_Valid,SEALED_REVIEW,29009,0,Q1,OD,NATIVE_UPDATE,69,78.90438530108199,78.90558441106029,-0.001199109978301382
REFUGE_Valid,SEALED_REVIEW,29009,0,Q1,OC,NATIVE_UPDATE,69,58.41969336048941,58.42836963004834,-0.008676269558929016
REFUGE_Valid,SEALED_REVIEW,29009,0,FIRST64,OD,NATIVE_UPDATE,20,80.45054726255275,80.45574658575417,-0.00519932320143246
REFUGE_Valid,SEALED_REVIEW,29009,0,FIRST64,OC,NATIVE_UPDATE,20,61.50896643042716,61.521704087163975,-0.012737656736811208
REFUGE_Valid,SEALED_REVIEW,29009,0,ALL,OD,NATIVE_HOLD,269,80.53698314054111,,
REFUGE_Valid,SEALED_REVIEW,29009,0,ALL,OC,NATIVE_HOLD,269,60.74706284191019,,
REFUGE_Valid,SEALED_REVIEW,29009,0,Q1,OD,NATIVE_HOLD,69,79.31355286807799,,
REFUGE_Valid,SEALED_REVIEW,29009,0,Q1,OC,NATIVE_HOLD,69,58.94637037345119,,
REFUGE_Valid,SEALED_REVIEW,29009,0,FIRST64,OD,NATIVE_HOLD,20,80.51458793533742,,
REFUGE_Valid,SEALED_REVIEW,29009,0,FIRST64,OC,NATIVE_HOLD,20,61.72823999038647,,
REFUGE_Valid,SEALED_REVIEW,29009,0,ALL,OD,SOURCE_UPDATE,269,86.7364899857548,86.73969742875872,-0.003207443003908599
REFUGE_Valid,SEALED_REVIEW,29009,0,ALL,OC,SOURCE_UPDATE,269,66.05410166571657,66.05795167907243,-0.003850013355856979
REFUGE_Valid,SEALED_REVIEW,29009,0,Q1,OD,SOURCE_UPDATE,69,86.47108528159173,86.46132334350315,0.009761938088563753
REFUGE_Valid,SEALED_REVIEW,29009,0,Q1,OC,SOURCE_UPDATE,69,65.17333658502338,65.18119334083859,-0.007856755815221888
REFUGE_Valid,SEALED_REVIEW,29009,0,FIRST64,OD,SOURCE_UPDATE,20,88.5275710563012,88.5119344767058,0.01563657959540221
REFUGE_Valid,SEALED_REVIEW,29009,0,FIRST64,OC,SOURCE_UPDATE,20,68.22732596309916,68.25035654598447,-0.02303058288530252
REFUGE_Valid,SEALED_REVIEW,29009,0,ALL,OD,SOURCE_HOLD,269,86.1588258244221,,
REFUGE_Valid,SEALED_REVIEW,29009,0,ALL,OC,SOURCE_HOLD,269,67.06294196122838,,
REFUGE_Valid,SEALED_REVIEW,29009,0,Q1,OD,SOURCE_HOLD,69,85.57440745098312,,
REFUGE_Valid,SEALED_REVIEW,29009,0,Q1,OC,SOURCE_HOLD,69,65.387031694222,,
REFUGE_Valid,SEALED_REVIEW,29009,0,FIRST64,OD,SOURCE_HOLD,20,87.71734701521636,,
REFUGE_Valid,SEALED_REVIEW,29009,0,FIRST64,OC,SOURCE_HOLD,20,68.6694185577723,,
REFUGE_Valid,SEALED_REVIEW,29009,0,ALL,OD,SAME64_UPDATE,269,85.803749323032,85.81257028675967,-0.00882096372766872
REFUGE_Valid,SEALED_REVIEW,29009,0,ALL,OC,SAME64_UPDATE,269,65.57366627775733,65.5753185667156,-0.0016522889582647755
REFUGE_Valid,SEALED_REVIEW,29009,0,Q1,OD,SAME64_UPDATE,69,85.67471432820446,85.67009859059141,0.004615737613049307
REFUGE_Valid,SEALED_REVIEW,29009,0,Q1,OC,SAME64_UPDATE,69,64.6391429447555,64.63824682347992,0.00089612127557717
REFUGE_Valid,SEALED_REVIEW,29009,0,FIRST64,OD,SAME64_UPDATE,20,88.01815856282084,88.02917616673132,-0.011017603910464246
REFUGE_Valid,SEALED_REVIEW,29009,0,FIRST64,OC,SAME64_UPDATE,20,67.2202838466605,67.22186721991478,-0.001583373254279985
REFUGE_Valid,SEALED_REVIEW,29009,0,ALL,OD,SAME64_HOLD,269,86.98126501577839,,
REFUGE_Valid,SEALED_REVIEW,29009,0,ALL,OC,SAME64_HOLD,269,66.61569537000082,,
REFUGE_Valid,SEALED_REVIEW,29009,0,Q1,OD,SAME64_HOLD,69,86.02670388353586,,
REFUGE_Valid,SEALED_REVIEW,29009,0,Q1,OC,SAME64_HOLD,69,65.13153045927744,,
REFUGE_Valid,SEALED_REVIEW,29009,0,FIRST64,OD,SAME64_HOLD,20,88.2120402041964,,
REFUGE_Valid,SEALED_REVIEW,29009,0,FIRST64,OC,SAME64_HOLD,20,67.41894441843823,,
REFUGE_Valid,SEALED_REVIEW,29009,0,ALL,OD,CROSS64_UPDATE,269,85.81028737941764,85.82067039936507,-0.010383019947433722
REFUGE_Valid,SEALED_REVIEW,29009,0,ALL,OC,CROSS64_UPDATE,269,65.34148337557079,65.34113080671541,0.00035256885537847133
REFUGE_Valid,SEALED_REVIEW,29009,0,Q1,OD,CROSS64_UPDATE,69,85.68272555714883,85.67912950657693,0.003596050571911306
REFUGE_Valid,SEALED_REVIEW,29009,0,Q1,OC,CROSS64_UPDATE,69,64.55266752767685,64.54656706158389,0.006100466092954677
REFUGE_Valid,SEALED_REVIEW,29009,0,FIRST64,OD,CROSS64_UPDATE,20,87.35425202099604,87.33671111569082,0.017540905305222787
REFUGE_Valid,SEALED_REVIEW,29009,0,FIRST64,OC,CROSS64_UPDATE,20,67.7410279475158,67.73612612651475,0.004901821001055684
REFUGE_Valid,SEALED_REVIEW,29009,0,ALL,OD,CROSS64_HOLD,269,85.2211146509808,,
REFUGE_Valid,SEALED_REVIEW,29009,0,ALL,OC,CROSS64_HOLD,269,66.20387861091514,,
REFUGE_Valid,SEALED_REVIEW,29009,0,Q1,OD,CROSS64_HOLD,69,84.5584866958798,,
REFUGE_Valid,SEALED_REVIEW,29009,0,Q1,OC,CROSS64_HOLD,69,64.42718715489046,,
REFUGE_Valid,SEALED_REVIEW,29009,0,FIRST64,OD,CROSS64_HOLD,20,86.51683644558305,,
REFUGE_Valid,SEALED_REVIEW,29009,0,FIRST64,OC,CROSS64_HOLD,20,67.87936209906323,,
REFUGE_Valid,SEALED_REVIEW,29009,0,ALL,OD,ANCHOR,269,81.34725002481812,,
REFUGE_Valid,SEALED_REVIEW,29009,0,ALL,OC,ANCHOR,269,58.87663510851826,,
REFUGE_Valid,SEALED_REVIEW,29009,0,Q1,OD,ANCHOR,69,80.11209497570975,,
REFUGE_Valid,SEALED_REVIEW,29009,0,Q1,OC,ANCHOR,69,57.8784915361341,,
REFUGE_Valid,SEALED_REVIEW,29009,0,FIRST64,OD,ANCHOR,20,81.28788366931282,,
REFUGE_Valid,SEALED_REVIEW,29009,0,FIRST64,OC,ANCHOR,20,60.69044074406551,,
REFUGE_Valid,SEALED_REVIEW,29009,0,ALL,OD,C_EPISODIC,269,86.33837380735126,,
REFUGE_Valid,SEALED_REVIEW,29009,0,ALL,OC,C_EPISODIC,269,67.10598073128199,,
REFUGE_Valid,SEALED_REVIEW,29009,0,Q1,OD,C_EPISODIC,69,85.71128409079053,,
REFUGE_Valid,SEALED_REVIEW,29009,0,Q1,OC,C_EPISODIC,69,65.42983706115726,,
REFUGE_Valid,SEALED_REVIEW,29009,0,FIRST64,OD,C_EPISODIC,20,87.84827293732063,,
REFUGE_Valid,SEALED_REVIEW,29009,0,FIRST64,OC,C_EPISODIC,20,68.58679584948912,,
REFUGE_Valid,SEALED_REVIEW,29009,0,Q2,OD,NATIVE_UPDATE,80,80.64472868282184,80.65088788201248,-0.0061591991906585755
REFUGE_Valid,SEALED_REVIEW,29009,0,Q2,OC,NATIVE_UPDATE,80,61.77030049991992,61.77303099703113,-0.0027304971112172838
REFUGE_Valid,SEALED_REVIEW,29009,0,Q2,OD,NATIVE_HOLD,80,81.16473778960103,,
REFUGE_Valid,SEALED_REVIEW,29009,0,Q2,OC,NATIVE_HOLD,80,62.81479300438333,,
REFUGE_Valid,SEALED_REVIEW,29009,0,Q2,OD,SOURCE_UPDATE,80,87.50976912873428,87.51792440865319,-0.008155279918898584
REFUGE_Valid,SEALED_REVIEW,29009,0,Q2,OC,SOURCE_UPDATE,80,68.34014332864345,68.34423780067618,-0.004094472032715665
REFUGE_Valid,SEALED_REVIEW,29009,0,Q2,OD,SOURCE_HOLD,80,86.77564121992681,,
REFUGE_Valid,SEALED_REVIEW,29009,0,Q2,OC,SOURCE_HOLD,80,69.00905416238659,,
REFUGE_Valid,SEALED_REVIEW,29009,0,Q2,OD,SAME64_UPDATE,80,86.73373432395685,86.74161313181446,-0.007878807857627235
REFUGE_Valid,SEALED_REVIEW,29009,0,Q2,OC,SAME64_UPDATE,80,67.93099189279116,67.93569036557827,-0.004698472787116395
REFUGE_Valid,SEALED_REVIEW,29009,0,Q2,OD,SAME64_HOLD,80,87.17443698507489,,
REFUGE_Valid,SEALED_REVIEW,29009,0,Q2,OC,SAME64_HOLD,80,68.50838504480562,,
REFUGE_Valid,SEALED_REVIEW,29009,0,Q2,OD,CROSS64_UPDATE,80,86.80673425123575,86.81333755750998,-0.006603306274231973
REFUGE_Valid,SEALED_REVIEW,29009,0,Q2,OC,CROSS64_UPDATE,80,67.73545241447022,67.73893315996027,-0.0034807454900567104
REFUGE_Valid,SEALED_REVIEW,29009,0,Q2,OD,CROSS64_HOLD,80,85.83984226163756,,
REFUGE_Valid,SEALED_REVIEW,29009,0,Q2,OC,CROSS64_HOLD,80,68.07944722880637,,
REFUGE_Valid,SEALED_REVIEW,29009,0,Q2,OD,ANCHOR,80,82.31024149841785,,
REFUGE_Valid,SEALED_REVIEW,29009,0,Q2,OC,ANCHOR,80,61.38315453815096,,
REFUGE_Valid,SEALED_REVIEW,29009,0,Q2,OD,C_EPISODIC,80,87.03050323219055,,
REFUGE_Valid,SEALED_REVIEW,29009,0,Q2,OC,C_EPISODIC,80,69.0612780083187,,
REFUGE_Valid,SEARCH,29009,0,Q2,OD,NATIVE_UPDATE,89,79.77393731437675,79.77296358633438,0.0009737280423634674
REFUGE_Valid,SEARCH,29009,0,Q2,OC,NATIVE_UPDATE,89,61.426535139599046,61.43070909240416,-0.004173952805109168
REFUGE_Valid,SEARCH,29009,0,Q2,OD,NATIVE_HOLD,89,80.12298825388538,,
REFUGE_Valid,SEARCH,29009,0,Q2,OC,NATIVE_HOLD,89,62.363521530719815,,
REFUGE_Valid,SEARCH,29009,0,Q2,OD,SOURCE_UPDATE,89,86.57380727697964,86.57746965472643,-0.003662377746787315
REFUGE_Valid,SEARCH,29009,0,Q2,OC,SOURCE_UPDATE,89,66.87218909087206,66.8759814028341,-0.00379231196204293
REFUGE_Valid,SEARCH,29009,0,Q2,OD,SOURCE_HOLD,89,85.26211478789409,,
REFUGE_Valid,SEARCH,29009,0,Q2,OC,SOURCE_HOLD,89,67.99456581880115,,
REFUGE_Valid,SEARCH,29009,0,Q2,OD,SAME64_UPDATE,89,85.78325063489575,85.78663229739767,-0.0033816625019265304
REFUGE_Valid,SEARCH,29009,0,Q2,OC,SAME64_UPDATE,89,66.55955447261343,66.56394239286297,-0.004387920249541192
REFUGE_Valid,SEARCH,29009,0,Q2,OD,SAME64_HOLD,89,86.05655974682276,,
REFUGE_Valid,SEARCH,29009,0,Q2,OC,SAME64_HOLD,89,67.14067620384088,,
REFUGE_Valid,SEARCH,29009,0,Q2,OD,CROSS64_UPDATE,89,85.83004525882333,85.8287844207468,0.0012608380765436753
REFUGE_Valid,SEARCH,29009,0,Q2,OC,CROSS64_UPDATE,89,66.46675971004379,66.47084124773386,-0.004081537690069533
REFUGE_Valid,SEARCH,29009,0,Q2,OD,CROSS64_HOLD,89,84.6556485340847,,
REFUGE_Valid,SEARCH,29009,0,Q2,OC,CROSS64_HOLD,89,67.43807613635055,,
REFUGE_Valid,SEARCH,29009,0,Q2,OD,ANCHOR,89,81.59907909960424,,
REFUGE_Valid,SEARCH,29009,0,Q2,OC,ANCHOR,89,61.068227602320476,,
REFUGE_Valid,SEARCH,29009,0,Q2,OD,C_EPISODIC,89,85.40347560786442,,
REFUGE_Valid,SEARCH,29009,0,Q2,OC,C_EPISODIC,89,68.01151488063284,,
REFUGE_Valid,SEARCH,29009,0,Q3,OD,NATIVE_UPDATE,100,79.10261620080225,79.09773055425875,0.004885646543499322
REFUGE_Valid,SEARCH,29009,0,Q3,OC,NATIVE_UPDATE,100,60.95566164148467,60.95998581944323,-0.004324177958554498
REFUGE_Valid,SEARCH,29009,0,Q3,OD,NATIVE_HOLD,100,80.25733417778716,,
REFUGE_Valid,SEARCH,29009,0,Q3,OC,NATIVE_HOLD,100,62.73196082908679,,
REFUGE_Valid,SEARCH,29009,0,Q3,OD,SOURCE_UPDATE,100,85.65760584460301,85.63298955842457,0.024616286178449243
REFUGE_Valid,SEARCH,29009,0,Q3,OC,SOURCE_UPDATE,100,67.39238791133108,67.38430288610627,0.008085025224828513
REFUGE_Valid,SEARCH,29009,0,Q3,OD,SOURCE_HOLD,100,84.35205902500844,,
REFUGE_Valid,SEARCH,29009,0,Q3,OC,SOURCE_HOLD,100,67.88126808183193,,
REFUGE_Valid,SEARCH,29009,0,Q3,OD,SAME64_UPDATE,100,84.69392166118809,84.67481707525462,0.01910458593345321
REFUGE_Valid,SEARCH,29009,0,Q3,OC,SAME64_UPDATE,100,66.98449820691837,66.9731546236192,0.011343583299191662
REFUGE_Valid,SEARCH,29009,0,Q3,OD,SAME64_HOLD,100,85.63901838492,,
REFUGE_Valid,SEARCH,29009,0,Q3,OC,SAME64_HOLD,100,67.7735219034306,,
REFUGE_Valid,SEARCH,29009,0,Q3,OD,CROSS64_UPDATE,100,84.72678901214739,84.710512039314,0.01627697283340057
REFUGE_Valid,SEARCH,29009,0,Q3,OC,CROSS64_UPDATE,100,66.6849007847412,66.67548897154154,0.009411813199660835
REFUGE_Valid,SEARCH,29009,0,Q3,OD,CROSS64_HOLD,100,83.6463472045366,,
REFUGE_Valid,SEARCH,29009,0,Q3,OC,CROSS64_HOLD,100,67.20557335454862,,
REFUGE_Valid,SEARCH,29009,0,Q3,OD,ANCHOR,100,81.26864389540702,,
REFUGE_Valid,SEARCH,29009,0,Q3,OC,ANCHOR,100,60.70596807394962,,
REFUGE_Valid,SEARCH,29009,0,Q3,OD,C_EPISODIC,100,84.60812068863036,,
REFUGE_Valid,SEARCH,29009,0,Q3,OC,C_EPISODIC,100,68.03181236589349,,
REFUGE_Valid,SEALED_REVIEW,29009,0,Q3,OD,NATIVE_UPDATE,68,78.48253123322598,78.48102010858116,0.0015111246448248088
REFUGE_Valid,SEALED_REVIEW,29009,0,Q3,OC,NATIVE_UPDATE,68,57.5931403845363,57.59577669016828,-0.0026363056319755884
REFUGE_Valid,SEALED_REVIEW,29009,0,Q3,OD,NATIVE_HOLD,68,79.92087702563916,,
REFUGE_Valid,SEALED_REVIEW,29009,0,Q3,OC,NATIVE_HOLD,68,59.56648673097333,,
REFUGE_Valid,SEALED_REVIEW,29009,0,Q3,OD,SOURCE_UPDATE,68,86.5140095686116,86.52442409405329,-0.010414525441682742
REFUGE_Valid,SEALED_REVIEW,29009,0,Q3,OC,SOURCE_UPDATE,68,64.20833088571881,64.20885243132331,-0.0005215456045030577
REFUGE_Valid,SEALED_REVIEW,29009,0,Q3,OD,SOURCE_HOLD,68,85.64679714140797,,
REFUGE_Valid,SEALED_REVIEW,29009,0,Q3,OC,SOURCE_HOLD,68,65.81017819531509,,
REFUGE_Valid,SEALED_REVIEW,29009,0,Q3,OD,SAME64_UPDATE,68,85.37522542821917,85.39025849423929,-0.015033066020114292
REFUGE_Valid,SEALED_REVIEW,29009,0,Q3,OC,SAME64_UPDATE,68,63.79093943430673,63.78977629167757,0.0011631426291563833
REFUGE_Valid,SEALED_REVIEW,29009,0,Q3,OD,SAME64_HOLD,68,87.03061631210268,,
REFUGE_Valid,SEALED_REVIEW,29009,0,Q3,OC,SAME64_HOLD,68,64.88831804373352,,
REFUGE_Valid,SEALED_REVIEW,29009,0,Q3,OD,CROSS64_UPDATE,68,85.357946296478,85.37862034759146,-0.02067405111346193
REFUGE_Valid,SEALED_REVIEW,29009,0,Q3,OC,CROSS64_UPDATE,68,63.5514036487824,63.55055632245816,0.0008473263242335465
REFUGE_Valid,SEALED_REVIEW,29009,0,Q3,OD,CROSS64_HOLD,68,84.575409659435,,
REFUGE_Valid,SEALED_REVIEW,29009,0,Q3,OC,CROSS64_HOLD,68,65.15339036740554,,
REFUGE_Valid,SEALED_REVIEW,29009,0,Q3,OD,ANCHOR,68,80.70592544325746,,
REFUGE_Valid,SEALED_REVIEW,29009,0,Q3,OC,ANCHOR,68,57.36261997483426,,
REFUGE_Valid,SEALED_REVIEW,29009,0,Q3,OD,C_EPISODIC,68,85.82201142662751,,
REFUGE_Valid,SEALED_REVIEW,29009,0,Q3,OC,C_EPISODIC,68,65.85552382462409,,
REFUGE_Valid,SEARCH,29009,0,Q4,OD,NATIVE_UPDATE,120,77.61452061579091,77.61856312633584,-0.004042510544942461
REFUGE_Valid,SEARCH,29009,0,Q4,OC,NATIVE_UPDATE,120,57.3937232681336,57.39742968414837,-0.003706416014760961
REFUGE_Valid,SEARCH,29009,0,Q4,OD,NATIVE_HOLD,120,79.64831111041498,,
REFUGE_Valid,SEARCH,29009,0,Q4,OC,NATIVE_HOLD,120,60.277291985937694,,
REFUGE_Valid,SEARCH,29009,0,Q4,OD,SOURCE_UPDATE,120,83.44369927166301,83.44865893174243,-0.004959660079419855
REFUGE_Valid,SEARCH,29009,0,Q4,OC,SOURCE_UPDATE,120,64.52202090124496,64.5231730965009,-0.0011521952559372568
REFUGE_Valid,SEARCH,29009,0,Q4,OD,SOURCE_HOLD,120,84.14496600459728,,
REFUGE_Valid,SEARCH,29009,0,Q4,OC,SOURCE_HOLD,120,66.1779112713013,,
REFUGE_Valid,SEARCH,29009,0,Q4,OD,SAME64_UPDATE,120,82.35041641727803,82.35479514839386,-0.004378731115841777
REFUGE_Valid,SEARCH,29009,0,Q4,OC,SAME64_UPDATE,120,63.96105847253597,63.96019579513443,0.0008626774015392986
REFUGE_Valid,SEARCH,29009,0,Q4,OD,SAME64_HOLD,120,85.2694005816791,,
REFUGE_Valid,SEARCH,29009,0,Q4,OC,SAME64_HOLD,120,65.7999186119344,,
REFUGE_Valid,SEARCH,29009,0,Q4,OD,CROSS64_UPDATE,120,82.2098815793156,82.21332819983705,-0.0034466205214496912
REFUGE_Valid,SEARCH,29009,0,Q4,OC,CROSS64_UPDATE,120,63.6210494446689,63.62097034871789,7.909595101658155e-05
REFUGE_Valid,SEARCH,29009,0,Q4,OD,CROSS64_HOLD,120,83.38433181837242,,
REFUGE_Valid,SEARCH,29009,0,Q4,OC,CROSS64_HOLD,120,65.5313416117951,,
REFUGE_Valid,SEARCH,29009,0,Q4,OD,ANCHOR,120,80.17135094334225,,
REFUGE_Valid,SEARCH,29009,0,Q4,OC,ANCHOR,120,57.16307023783976,,
REFUGE_Valid,SEARCH,29009,0,Q4,OD,C_EPISODIC,120,84.3154290805297,,
REFUGE_Valid,SEARCH,29009,0,Q4,OC,C_EPISODIC,120,66.26056397040549,,
REFUGE_Valid,SEALED_REVIEW,29009,0,Q4,OD,NATIVE_UPDATE,52,79.79496677516661,79.81157410133541,-0.016607326168774576
REFUGE_Valid,SEALED_REVIEW,29009,0,Q4,OC,NATIVE_UPDATE,52,58.543990107362355,58.54925932768719,-0.0052692203248299084
REFUGE_Valid,SEALED_REVIEW,29009,0,Q4,OD,NATIVE_HOLD,52,82.00028184608908,,
REFUGE_Valid,SEALED_REVIEW,29009,0,Q4,OC,NATIVE_HOLD,52,61.49915020478569,,
REFUGE_Valid,SEALED_REVIEW,29009,0,Q4,OD,SOURCE_UPDATE,52,86.18993732257462,86.19331743358647,-0.003380111011846133
REFUGE_Valid,SEALED_REVIEW,29009,0,Q4,OC,SOURCE_UPDATE,52,66.11952225366902,66.12203214939501,-0.0025098957259953036
REFUGE_Valid,SEALED_REVIEW,29009,0,Q4,OD,SOURCE_HOLD,52,86.65493325849658,,
REFUGE_Valid,SEALED_REVIEW,29009,0,Q4,OC,SOURCE_HOLD,52,67.93095673839925,,
REFUGE_Valid,SEALED_REVIEW,29009,0,Q4,OD,SAME64_UPDATE,52,85.10460008103941,85.12457646604065,-0.019976385001256487
REFUGE_Valid,SEALED_REVIEW,29009,0,Q4,OC,SAME64_UPDATE,52,65.51831024177775,65.5223393566547,-0.004029114876949458
REFUGE_Valid,SEALED_REVIEW,29009,0,Q4,OD,SAME64_HOLD,52,87.88617025483543,,
REFUGE_Valid,SEALED_REVIEW,29009,0,Q4,OC,SAME64_HOLD,52,67.9321158131105,,
REFUGE_Valid,SEALED_REVIEW,29009,0,Q4,OD,CROSS64_UPDATE,52,85.03807987232136,85.05936948535343,-0.021289613032068888
REFUGE_Valid,SEALED_REVIEW,29009,0,Q4,OC,CROSS64_UPDATE,52,65.04602552584653,65.04804955833039,-0.002024032483854004
REFUGE_Valid,SEALED_REVIEW,29009,0,Q4,OD,CROSS64_HOLD,52,85.992865794722,,
REFUGE_Valid,SEALED_REVIEW,29009,0,Q4,OC,CROSS64_HOLD,52,67.0496367184739,,
REFUGE_Valid,SEALED_REVIEW,29009,0,Q4,OD,ANCHOR,52,82.34333564109934,,
REFUGE_Valid,SEALED_REVIEW,29009,0,Q4,OC,ANCHOR,52,58.32477705494906,,
REFUGE_Valid,SEALED_REVIEW,29009,0,Q4,OD,C_EPISODIC,52,86.78090223705823,,
REFUGE_Valid,SEALED_REVIEW,29009,0,Q4,OC,C_EPISODIC,52,67.95715766836675,,
ORIGA,SEARCH,29009,1,ALL,OD,NATIVE_UPDATE,316,87.83147038301487,87.8126744811138,0.01879590190106758
ORIGA,SEARCH,29009,1,ALL,OC,NATIVE_UPDATE,316,68.98957859784801,68.95615930673029,0.033419291117732244
ORIGA,SEARCH,29009,1,Q1,OD,NATIVE_UPDATE,81,84.55671277172027,84.51063061427178,0.04608215744849782
ORIGA,SEARCH,29009,1,Q1,OC,NATIVE_UPDATE,81,63.66933057505789,63.600514992350185,0.06881558270769937
ORIGA,SEARCH,29009,1,FIRST64,OD,NATIVE_UPDATE,35,84.77577046923558,84.71430582127786,0.06146464795772236
ORIGA,SEARCH,29009,1,FIRST64,OC,NATIVE_UPDATE,35,65.13551922687016,65.05795095553287,0.07756827133728098
ORIGA,SEARCH,29009,1,ALL,OD,NATIVE_HOLD,316,84.31454302716848,,
ORIGA,SEARCH,29009,1,ALL,OC,NATIVE_HOLD,316,63.57542300495938,,
ORIGA,SEARCH,29009,1,Q1,OD,NATIVE_HOLD,81,81.80518004904073,,
ORIGA,SEARCH,29009,1,Q1,OC,NATIVE_HOLD,81,59.926767087109624,,
ORIGA,SEARCH,29009,1,FIRST64,OD,NATIVE_HOLD,35,83.43986829987621,,
ORIGA,SEARCH,29009,1,FIRST64,OC,NATIVE_HOLD,35,63.32580052857754,,
ORIGA,SEARCH,29009,1,ALL,OD,SOURCE_UPDATE,316,84.34283134098573,84.29749451358201,0.04533682740372207
ORIGA,SEARCH,29009,1,ALL,OC,SOURCE_UPDATE,316,66.3788988745756,66.31822348010985,0.060675394465746456
ORIGA,SEARCH,29009,1,Q1,OD,SOURCE_UPDATE,81,77.71559012577964,77.6188230091446,0.09676711663502373
ORIGA,SEARCH,29009,1,Q1,OC,SOURCE_UPDATE,81,58.0913858908694,57.955750246193695,0.13563564467570136
ORIGA,SEARCH,29009,1,FIRST64,OD,SOURCE_UPDATE,35,78.90288224695823,78.79549786014519,0.10738438681303594
ORIGA,SEARCH,29009,1,FIRST64,OC,SOURCE_UPDATE,35,61.61271970429404,61.43611233228054,0.17660737201350074
ORIGA,SEARCH,29009,1,ALL,OD,SOURCE_HOLD,316,75.50920320760306,,
ORIGA,SEARCH,29009,1,ALL,OC,SOURCE_HOLD,316,56.51189852699288,,
ORIGA,SEARCH,29009,1,Q1,OD,SOURCE_HOLD,81,72.97912470636965,,
ORIGA,SEARCH,29009,1,Q1,OC,SOURCE_HOLD,81,52.9323997048062,,
ORIGA,SEARCH,29009,1,FIRST64,OD,SOURCE_HOLD,35,76.60120354790617,,
ORIGA,SEARCH,29009,1,FIRST64,OC,SOURCE_HOLD,35,58.72587043999013,,
ORIGA,SEARCH,29009,1,ALL,OD,SAME64_UPDATE,316,85.58561811215884,85.55057325735159,0.03504485480725232
ORIGA,SEARCH,29009,1,ALL,OC,SAME64_UPDATE,316,68.05268687518014,68.00499286205148,0.04769401312866467
ORIGA,SEARCH,29009,1,Q1,OD,SAME64_UPDATE,81,80.3770668423331,80.30969582920913,0.06737101312394797
ORIGA,SEARCH,29009,1,Q1,OC,SAME64_UPDATE,81,61.76978359605124,61.673832248015536,0.09595134803570336
ORIGA,SEARCH,29009,1,FIRST64,OD,SAME64_UPDATE,35,81.57040707795699,81.49886752840618,0.07153954955079898
ORIGA,SEARCH,29009,1,FIRST64,OC,SAME64_UPDATE,35,65.39003326018879,65.28168797846186,0.10834528172691403
ORIGA,SEARCH,29009,1,ALL,OD,SAME64_HOLD,316,79.19274990327523,,
ORIGA,SEARCH,29009,1,ALL,OC,SAME64_HOLD,316,60.76705788405048,,
ORIGA,SEARCH,29009,1,Q1,OD,SAME64_HOLD,81,76.56688059732053,,
ORIGA,SEARCH,29009,1,Q1,OC,SAME64_HOLD,81,57.44228580781776,,
ORIGA,SEARCH,29009,1,FIRST64,OD,SAME64_HOLD,35,79.8833199604273,,
ORIGA,SEARCH,29009,1,FIRST64,OC,SAME64_HOLD,35,63.30374067480208,,
ORIGA,SEARCH,29009,1,ALL,OD,CROSS64_UPDATE,316,84.75001627366123,84.70663298564556,0.04338328801567262
ORIGA,SEARCH,29009,1,ALL,OC,CROSS64_UPDATE,316,66.61747306937632,66.56177256522008,0.05570050415624399
ORIGA,SEARCH,29009,1,Q1,OD,CROSS64_UPDATE,81,78.20712224362323,78.1099539462864,0.09716829733683494
ORIGA,SEARCH,29009,1,Q1,OC,CROSS64_UPDATE,81,58.515520420095356,58.38363471953052,0.13188570056484078
ORIGA,SEARCH,29009,1,FIRST64,OD,CROSS64_UPDATE,35,79.07389178050789,78.95636185695342,0.1175299235544696
ORIGA,SEARCH,29009,1,FIRST64,OC,CROSS64_UPDATE,35,61.562586786438445,61.39402475721375,0.16856202922469127
ORIGA,SEARCH,29009,1,ALL,OD,CROSS64_HOLD,316,74.88775585554473,,
ORIGA,SEARCH,29009,1,ALL,OC,CROSS64_HOLD,316,55.628735636191905,,
ORIGA,SEARCH,29009,1,Q1,OD,CROSS64_HOLD,81,72.22280193993237,,
ORIGA,SEARCH,29009,1,Q1,OC,CROSS64_HOLD,81,52.01821294033241,,
ORIGA,SEARCH,29009,1,FIRST64,OD,CROSS64_HOLD,35,76.03117577205322,,
ORIGA,SEARCH,29009,1,FIRST64,OC,CROSS64_HOLD,35,57.93664152141624,,
ORIGA,SEARCH,29009,1,ALL,OD,ANCHOR,316,88.37991995292674,,
ORIGA,SEARCH,29009,1,ALL,OC,ANCHOR,316,69.96907495782033,,
ORIGA,SEARCH,29009,1,Q1,OD,ANCHOR,81,85.36652117909912,,
ORIGA,SEARCH,29009,1,Q1,OC,ANCHOR,81,64.4730567534941,,
ORIGA,SEARCH,29009,1,FIRST64,OD,ANCHOR,35,85.624033213007,,
ORIGA,SEARCH,29009,1,FIRST64,OC,ANCHOR,35,66.04247429150311,,
ORIGA,SEARCH,29009,1,ALL,OD,C_EPISODIC,316,75.85636110952423,,
ORIGA,SEARCH,29009,1,ALL,OC,C_EPISODIC,316,56.951977732124924,,
ORIGA,SEARCH,29009,1,Q1,OD,C_EPISODIC,81,73.30411962715881,,
ORIGA,SEARCH,29009,1,Q1,OC,C_EPISODIC,81,53.37643683373494,,
ORIGA,SEARCH,29009,1,FIRST64,OD,C_EPISODIC,35,76.95240578390168,,
ORIGA,SEARCH,29009,1,FIRST64,OC,C_EPISODIC,35,59.262201510834444,,
ORIGA,SEALED_REVIEW,29009,1,ALL,OD,NATIVE_UPDATE,210,88.18048275855239,88.16423067876698,0.01625207978539727
ORIGA,SEALED_REVIEW,29009,1,ALL,OC,NATIVE_UPDATE,210,71.33235350399524,71.30833407057075,0.024019433424492902
ORIGA,SEALED_REVIEW,29009,1,Q1,OD,NATIVE_UPDATE,46,85.42188446494018,85.37005470486304,0.05182976007713973
ORIGA,SEALED_REVIEW,29009,1,Q1,OC,NATIVE_UPDATE,46,66.74607585973332,66.69487927308288,0.05119658665044426
ORIGA,SEALED_REVIEW,29009,1,FIRST64,OD,NATIVE_UPDATE,20,83.84506516532295,83.76492398547,0.08014117985293612
ORIGA,SEALED_REVIEW,29009,1,FIRST64,OC,NATIVE_UPDATE,20,63.45988170095137,63.38148932299135,0.07839237796002096
ORIGA,SEALED_REVIEW,29009,1,ALL,OD,NATIVE_HOLD,210,85.23291080610939,,
ORIGA,SEALED_REVIEW,29009,1,ALL,OC,NATIVE_HOLD,210,66.78637469011093,,
ORIGA,SEALED_REVIEW,29009,1,Q1,OD,NATIVE_HOLD,46,82.6058659926246,,
ORIGA,SEALED_REVIEW,29009,1,Q1,OC,NATIVE_HOLD,46,63.05514046705946,,
ORIGA,SEALED_REVIEW,29009,1,FIRST64,OD,NATIVE_HOLD,20,82.35737028447045,,
ORIGA,SEALED_REVIEW,29009,1,FIRST64,OC,NATIVE_HOLD,20,61.51400209303295,,
ORIGA,SEALED_REVIEW,29009,1,ALL,OD,SOURCE_UPDATE,210,84.92668476658233,84.87492906349054,0.0517557030917859
ORIGA,SEALED_REVIEW,29009,1,ALL,OC,SOURCE_UPDATE,210,69.50561409540273,69.43834742370686,0.06726667169588402
ORIGA,SEALED_REVIEW,29009,1,Q1,OD,SOURCE_UPDATE,46,77.75820250608758,77.62003174714543,0.13817075894215336
ORIGA,SEALED_REVIEW,29009,1,Q1,OC,SOURCE_UPDATE,46,60.24027758261643,60.0446352964583,0.19564228615811893
ORIGA,SEALED_REVIEW,29009,1,FIRST64,OD,SOURCE_UPDATE,20,76.0584057900905,75.88931309967546,0.16909269041504416
ORIGA,SEALED_REVIEW,29009,1,FIRST64,OC,SOURCE_UPDATE,20,57.70274028104543,57.505645806753336,0.19709447429209068
ORIGA,SEALED_REVIEW,29009,1,ALL,OD,SOURCE_HOLD,210,76.05669554999056,,
ORIGA,SEALED_REVIEW,29009,1,ALL,OC,SOURCE_HOLD,210,59.84718756382246,,
ORIGA,SEALED_REVIEW,29009,1,Q1,OD,SOURCE_HOLD,46,71.56840782361881,,
ORIGA,SEALED_REVIEW,29009,1,Q1,OC,SOURCE_HOLD,46,53.35239728786239,,
ORIGA,SEALED_REVIEW,29009,1,FIRST64,OD,SOURCE_HOLD,20,72.66927535917436,,
ORIGA,SEALED_REVIEW,29009,1,FIRST64,OC,SOURCE_HOLD,20,53.89018496055126,,
ORIGA,SEALED_REVIEW,29009,1,ALL,OD,SAME64_UPDATE,210,86.27251316730792,86.23602179152088,0.03649137578704448
ORIGA,SEALED_REVIEW,29009,1,ALL,OC,SAME64_UPDATE,210,71.17651807369657,71.10906286075107,0.06745521294550039
ORIGA,SEALED_REVIEW,29009,1,Q1,OD,SAME64_UPDATE,46,81.32164785499543,81.23927624415133,0.08237161084409866
ORIGA,SEALED_REVIEW,29009,1,Q1,OC,SAME64_UPDATE,46,65.07117847378872,64.97226881135664,0.09890966243207668
ORIGA,SEALED_REVIEW,29009,1,FIRST64,OD,SAME64_UPDATE,20,80.05094874114138,79.93841548357538,0.11253325756598875
ORIGA,SEALED_REVIEW,29009,1,FIRST64,OC,SAME64_UPDATE,20,62.51218729877903,62.37536229020289,0.1368250085761459
ORIGA,SEALED_REVIEW,29009,1,ALL,OD,SAME64_HOLD,210,80.06992048892182,,
ORIGA,SEALED_REVIEW,29009,1,ALL,OC,SAME64_HOLD,210,64.47073327813314,,
ORIGA,SEALED_REVIEW,29009,1,Q1,OD,SAME64_HOLD,46,76.91427775244037,,
ORIGA,SEALED_REVIEW,29009,1,Q1,OC,SAME64_HOLD,46,59.06298946459121,,
ORIGA,SEALED_REVIEW,29009,1,FIRST64,OD,SAME64_HOLD,20,77.9260421163954,,
ORIGA,SEALED_REVIEW,29009,1,FIRST64,OC,SAME64_HOLD,20,59.84394005675492,,
ORIGA,SEALED_REVIEW,29009,1,ALL,OD,CROSS64_UPDATE,210,85.40308413140325,85.34600576376683,0.057078367636417326
ORIGA,SEALED_REVIEW,29009,1,ALL,OC,CROSS64_UPDATE,210,69.83447064053617,69.75986928101682,0.07460135951934564
ORIGA,SEALED_REVIEW,29009,1,Q1,OD,CROSS64_UPDATE,46,78.50994468028041,78.33966047754626,0.17028420273415604
ORIGA,SEALED_REVIEW,29009,1,Q1,OC,CROSS64_UPDATE,46,61.07169853152708,60.878314767501315,0.19338376402576424
ORIGA,SEALED_REVIEW,29009,1,FIRST64,OD,CROSS64_UPDATE,20,76.32418417778385,76.06623916652734,0.2579450112565068
ORIGA,SEALED_REVIEW,29009,1,FIRST64,OC,CROSS64_UPDATE,20,57.899843277990094,57.61730360954408,0.28253966844601275
ORIGA,SEALED_REVIEW,29009,1,ALL,OD,CROSS64_HOLD,210,75.68718762376054,,
ORIGA,SEALED_REVIEW,29009,1,ALL,OC,CROSS64_HOLD,210,59.28365742486664,,
ORIGA,SEALED_REVIEW,29009,1,Q1,OD,CROSS64_HOLD,46,70.81773986597905,,
ORIGA,SEALED_REVIEW,29009,1,Q1,OC,CROSS64_HOLD,46,52.1141192513571,,
ORIGA,SEALED_REVIEW,29009,1,FIRST64,OD,CROSS64_HOLD,20,71.71260100055326,,
ORIGA,SEALED_REVIEW,29009,1,FIRST64,OC,CROSS64_HOLD,20,52.40323141784911,,
ORIGA,SEALED_REVIEW,29009,1,ALL,OD,ANCHOR,210,88.65528126815832,,
ORIGA,SEALED_REVIEW,29009,1,ALL,OC,ANCHOR,210,72.18155823935265,,
ORIGA,SEALED_REVIEW,29009,1,Q1,OD,ANCHOR,46,86.22744692566063,,
ORIGA,SEALED_REVIEW,29009,1,Q1,OC,ANCHOR,46,67.60645042139902,,
ORIGA,SEALED_REVIEW,29009,1,FIRST64,OD,ANCHOR,20,84.66746297742235,,
ORIGA,SEALED_REVIEW,29009,1,FIRST64,OC,ANCHOR,20,64.27360081947052,,
ORIGA,SEALED_REVIEW,29009,1,ALL,OD,C_EPISODIC,210,76.46376749425696,,
ORIGA,SEALED_REVIEW,29009,1,ALL,OC,C_EPISODIC,210,60.445944961598016,,
ORIGA,SEALED_REVIEW,29009,1,Q1,OD,C_EPISODIC,46,72.0648317262391,,
ORIGA,SEALED_REVIEW,29009,1,Q1,OC,C_EPISODIC,46,53.87402939135201,,
ORIGA,SEALED_REVIEW,29009,1,FIRST64,OD,C_EPISODIC,20,73.3324984840862,,
ORIGA,SEALED_REVIEW,29009,1,FIRST64,OC,C_EPISODIC,20,54.64041667450847,,
ORIGA,SEARCH,29009,1,Q2,OD,NATIVE_UPDATE,70,85.52137503133487,85.49965890529398,0.02171612604088364
ORIGA,SEARCH,29009,1,Q2,OC,NATIVE_UPDATE,70,66.41975319934888,66.37593277099324,0.043820428355631096
ORIGA,SEARCH,29009,1,Q2,OD,NATIVE_HOLD,70,81.13528844959025,,
ORIGA,SEARCH,29009,1,Q2,OC,NATIVE_HOLD,70,60.13710744159092,,
ORIGA,SEARCH,29009,1,Q2,OD,SOURCE_UPDATE,70,82.57558641854624,82.51662500856015,0.05896140998609531
ORIGA,SEARCH,29009,1,Q2,OC,SOURCE_UPDATE,70,64.56015513101279,64.49446040676537,0.0656947242474129
ORIGA,SEARCH,29009,1,Q2,OD,SOURCE_HOLD,70,71.55913998567341,,
ORIGA,SEARCH,29009,1,Q2,OC,SOURCE_HOLD,70,52.667386781161326,,
ORIGA,SEARCH,29009,1,Q2,OD,SAME64_UPDATE,70,83.85115418114552,83.79969097054375,0.051463210601767145
ORIGA,SEARCH,29009,1,Q2,OC,SAME64_UPDATE,70,66.15962991415851,66.10022191750593,0.05940799665257981
ORIGA,SEARCH,29009,1,Q2,OD,SAME64_HOLD,70,76.57482833517668,,
ORIGA,SEARCH,29009,1,Q2,OC,SAME64_HOLD,70,57.9353063153769,,
ORIGA,SEARCH,29009,1,Q2,OD,CROSS64_UPDATE,70,83.01691772863722,82.96342311363482,0.05349461500241435
ORIGA,SEARCH,29009,1,Q2,OC,CROSS64_UPDATE,70,64.70253513678563,64.6516675822976,0.05086755448801026
ORIGA,SEARCH,29009,1,Q2,OD,CROSS64_HOLD,70,71.08777675705137,,
ORIGA,SEARCH,29009,1,Q2,OC,CROSS64_HOLD,70,51.09582553509164,,
ORIGA,SEARCH,29009,1,Q2,OD,ANCHOR,70,86.24618612012833,,
ORIGA,SEARCH,29009,1,Q2,OC,ANCHOR,70,67.61284935322614,,
ORIGA,SEARCH,29009,1,Q2,OD,C_EPISODIC,70,72.053135077267,,
ORIGA,SEARCH,29009,1,Q2,OC,C_EPISODIC,70,53.15432015897762,,
ORIGA,SEALED_REVIEW,29009,1,Q2,OD,NATIVE_UPDATE,62,85.18522280352347,85.17009152070312,0.015131282820346124
ORIGA,SEALED_REVIEW,29009,1,Q2,OC,NATIVE_UPDATE,62,69.712302348671,69.68127622190046,0.031026126770548848
ORIGA,SEALED_REVIEW,29009,1,Q2,OD,NATIVE_HOLD,62,81.4087004136999,,
ORIGA,SEALED_REVIEW,29009,1,Q2,OC,NATIVE_HOLD,62,63.57132675868616,,
ORIGA,SEALED_REVIEW,29009,1,Q2,OD,SOURCE_UPDATE,62,83.28432576011902,83.22779507060517,0.05653068951384529
ORIGA,SEALED_REVIEW,29009,1,Q2,OC,SOURCE_UPDATE,62,68.47702036738774,68.41647600609852,0.060544361289221645
ORIGA,SEALED_REVIEW,29009,1,Q2,OD,SOURCE_HOLD,62,71.38839435425128,,
ORIGA,SEALED_REVIEW,29009,1,Q2,OC,SOURCE_HOLD,62,55.10002715955557,,
ORIGA,SEALED_REVIEW,29009,1,Q2,OD,SAME64_UPDATE,62,84.4462508279536,84.3973007956614,0.04895003229220147
ORIGA,SEALED_REVIEW,29009,1,Q2,OC,SAME64_UPDATE,62,69.91585500595103,69.77869429527146,0.1371607106795793
ORIGA,SEALED_REVIEW,29009,1,Q2,OD,SAME64_HOLD,62,76.33988770584563,,
ORIGA,SEALED_REVIEW,29009,1,Q2,OC,SAME64_HOLD,62,61.30203136998163,,
ORIGA,SEALED_REVIEW,29009,1,Q2,OD,CROSS64_UPDATE,62,83.77095243791551,83.71872979643376,0.0522226414817401
ORIGA,SEALED_REVIEW,29009,1,Q2,OC,CROSS64_UPDATE,62,68.85240301576574,68.7580939147331,0.09430910103264327
ORIGA,SEALED_REVIEW,29009,1,Q2,OD,CROSS64_HOLD,62,71.109533587533,,
ORIGA,SEALED_REVIEW,29009,1,Q2,OC,CROSS64_HOLD,62,55.109856874811584,,
ORIGA,SEALED_REVIEW,29009,1,Q2,OD,ANCHOR,62,85.75688611786575,,
ORIGA,SEALED_REVIEW,29009,1,Q2,OC,ANCHOR,62,70.63861661713862,,
ORIGA,SEALED_REVIEW,29009,1,Q2,OD,C_EPISODIC,62,71.97434898132795,,
ORIGA,SEALED_REVIEW,29009,1,Q2,OC,C_EPISODIC,62,56.038384638587566,,
ORIGA,SEALED_REVIEW,29009,1,Q3,OD,NATIVE_UPDATE,45,87.66697173244442,87.66387362700189,0.0030981054425190577
ORIGA,SEALED_REVIEW,29009,1,Q3,OC,NATIVE_UPDATE,45,70.23517311264419,70.2246534694008,0.01051964324338776
ORIGA,SEALED_REVIEW,29009,1,Q3,OD,NATIVE_HOLD,45,82.9267114809937,,
ORIGA,SEALED_REVIEW,29009,1,Q3,OC,NATIVE_HOLD,45,63.65444426761032,,
ORIGA,SEALED_REVIEW,29009,1,Q3,OD,SOURCE_UPDATE,45,85.47661475884826,85.46196556316187,0.014649195686391447
ORIGA,SEALED_REVIEW,29009,1,Q3,OC,SOURCE_UPDATE,45,70.27172779652382,70.25542340334135,0.01630439318246086
ORIGA,SEALED_REVIEW,29009,1,Q3,OD,SOURCE_HOLD,45,73.13453177530263,,
ORIGA,SEALED_REVIEW,29009,1,Q3,OC,SOURCE_HOLD,45,55.25252493968499,,
ORIGA,SEALED_REVIEW,29009,1,Q3,OD,SAME64_UPDATE,45,86.18990752048347,86.17846419707953,0.011443323403951884
ORIGA,SEALED_REVIEW,29009,1,Q3,OC,SAME64_UPDATE,45,70.98918749502326,70.97388253977137,0.015304955251897024
ORIGA,SEALED_REVIEW,29009,1,Q3,OD,SAME64_HOLD,45,77.69543653839442,,
ORIGA,SEALED_REVIEW,29009,1,Q3,OC,SAME64_HOLD,45,60.36492435521185,,
ORIGA,SEALED_REVIEW,29009,1,Q3,OD,CROSS64_UPDATE,45,85.73993157867272,85.72871456024846,0.011217018424267453
ORIGA,SEALED_REVIEW,29009,1,Q3,OC,CROSS64_UPDATE,45,70.21492577001158,70.20675132257698,0.00817444743459893
ORIGA,SEALED_REVIEW,29009,1,Q3,OD,CROSS64_HOLD,45,72.89854538185614,,
ORIGA,SEALED_REVIEW,29009,1,Q3,OC,CROSS64_HOLD,45,54.50450547404399,,
ORIGA,SEALED_REVIEW,29009,1,Q3,OD,ANCHOR,45,88.22305926422833,,
ORIGA,SEALED_REVIEW,29009,1,Q3,OC,ANCHOR,45,71.15421905508633,,
ORIGA,SEALED_REVIEW,29009,1,Q3,OD,C_EPISODIC,45,73.54641019152186,,
ORIGA,SEALED_REVIEW,29009,1,Q3,OC,C_EPISODIC,45,55.823651748895344,,
ORIGA,SEARCH,29009,1,Q3,OD,NATIVE_UPDATE,88,87.40584721443058,87.39891610785256,0.0069311065780315465
ORIGA,SEARCH,29009,1,Q3,OC,NATIVE_UPDATE,88,68.82895505589491,68.8096354891422,0.01931956675272073
ORIGA,SEARCH,29009,1,Q3,OD,NATIVE_HOLD,88,81.86392320010157,,
ORIGA,SEARCH,29009,1,Q3,OC,NATIVE_HOLD,88,59.96334043648933,,
ORIGA,SEARCH,29009,1,Q3,OD,SOURCE_UPDATE,88,85.87773439126305,85.85956990344702,0.018164487816016175
ORIGA,SEARCH,29009,1,Q3,OC,SOURCE_UPDATE,88,67.38764437361338,67.35209085775895,0.035553515854432186
ORIGA,SEARCH,29009,1,Q3,OD,SOURCE_HOLD,88,72.09234715950387,,
ORIGA,SEARCH,29009,1,Q3,OC,SOURCE_HOLD,88,50.082464909498334,,
ORIGA,SEARCH,29009,1,Q3,OD,SAME64_UPDATE,88,86.64291500967953,86.62711086253195,0.01580414714757841
ORIGA,SEARCH,29009,1,Q3,OC,SAME64_UPDATE,88,68.57086878814856,68.54122715959227,0.029641628556303038
ORIGA,SEARCH,29009,1,Q3,OD,SAME64_HOLD,88,76.7968833575529,,
ORIGA,SEARCH,29009,1,Q3,OC,SAME64_HOLD,88,55.712583525827384,,
ORIGA,SEARCH,29009,1,Q3,OD,CROSS64_UPDATE,88,86.09071278931086,86.07420114987173,0.01651163943914102
ORIGA,SEARCH,29009,1,Q3,OC,CROSS64_UPDATE,88,67.44015288262781,67.40820581815842,0.031947064469399176
ORIGA,SEARCH,29009,1,Q3,OD,CROSS64_HOLD,88,71.33852134176169,,
ORIGA,SEARCH,29009,1,Q3,OC,CROSS64_HOLD,88,49.404717519710914,,
ORIGA,SEARCH,29009,1,Q3,OD,ANCHOR,88,87.99096730866623,,
ORIGA,SEARCH,29009,1,Q3,OC,ANCHOR,88,69.85327233428421,,
ORIGA,SEARCH,29009,1,Q3,OD,C_EPISODIC,88,72.50411080470799,,
ORIGA,SEARCH,29009,1,Q3,OC,C_EPISODIC,88,50.62996400107272,,
ORIGA,SEARCH,29009,1,Q4,OD,NATIVE_UPDATE,77,93.8628584345458,93.86186123914736,0.0009971953984467573
ORIGA,SEARCH,29009,1,Q4,OC,NATIVE_UPDATE,77,77.10597781126116,77.10313518873197,0.0028426225291706513
ORIGA,SEARCH,29009,1,Q4,OD,NATIVE_HOLD,77,92.64520233159334,,
ORIGA,SEARCH,29009,1,Q4,OC,NATIVE_HOLD,77,74.66745527517999,,
ORIGA,SEARCH,29009,1,Q4,OD,SOURCE_UPDATE,77,91.16675620563575,91.15685325257985,0.009902953055885165
ORIGA,SEARCH,29009,1,Q4,OC,SOURCE_UPDATE,77,75.59748341761814,75.59151462099561,0.005968796622534235
ORIGA,SEARCH,29009,1,Q4,OD,SOURCE_HOLD,77,85.66665926432658,,
ORIGA,SEARCH,29009,1,Q4,OC,SOURCE_HOLD,77,71.12028015225066,,
ORIGA,SEARCH,29009,1,Q4,OD,SAME64_UPDATE,77,91.4331895543017,91.4250865365752,0.008103017726511022
ORIGA,SEARCH,29009,1,Q4,OC,SAME64_UPDATE,77,75.7907277133585,75.78381568895422,0.006912024404296233
ORIGA,SEARCH,29009,1,Q4,OD,SAME64_HOLD,77,87.07308989772709,,
ORIGA,SEARCH,29009,1,Q4,OC,SAME64_HOLD,77,72.6154071243834,,
ORIGA,SEARCH,29009,1,Q4,OD,CROSS64_UPDATE,77,91.67612044518839,91.66779785287858,0.008322592309811734
ORIGA,SEARCH,29009,1,Q4,OC,CROSS64_UPDATE,77,75.94095354089548,75.93385552686752,0.0070980140279629615
ORIGA,SEARCH,29009,1,Q4,OD,CROSS64_HOLD,77,85.20194340453229,,
ORIGA,SEARCH,29009,1,Q4,OC,CROSS64_HOLD,77,70.6608088789447,,
ORIGA,SEARCH,29009,1,Q4,OD,ANCHOR,77,93.93413426034041,,
ORIGA,SEARCH,29009,1,Q4,OC,ANCHOR,77,78.02496973370596,,
ORIGA,SEARCH,29009,1,Q4,OD,C_EPISODIC,77,85.82980798164674,,
ORIGA,SEARCH,29009,1,Q4,OC,C_EPISODIC,77,71.39083554020927,,
ORIGA,SEALED_REVIEW,29009,1,Q4,OD,NATIVE_UPDATE,57,94.07012547597017,94.07098137927525,-0.0008559033050845288
ORIGA,SEALED_REVIEW,29009,1,Q4,OC,NATIVE_UPDATE,57,77.66191597552063,77.65679256802068,0.005123407499940279
ORIGA,SEALED_REVIEW,29009,1,Q4,OD,NATIVE_HOLD,57,93.33333318119523,,
ORIGA,SEALED_REVIEW,29009,1,Q4,OC,NATIVE_HOLD,57,75.76719249750096,,
ORIGA,SEALED_REVIEW,29009,1,Q4,OD,SOURCE_UPDATE,57,92.06404604257385,92.05792803937754,0.006118003196315129
ORIGA,SEALED_REVIEW,29009,1,Q4,OC,SOURCE_UPDATE,57,77.49689785285277,77.48568718969979,0.01121066315297707
ORIGA,SEALED_REVIEW,29009,1,Q4,OD,SOURCE_HOLD,57,87.06359518876067,,
ORIGA,SEALED_REVIEW,29009,1,Q4,OC,SOURCE_HOLD,57,73.87954047338205,,
ORIGA,SEALED_REVIEW,29009,1,Q4,OD,SAME64_UPDATE,57,92.31962410614022,92.31393562787432,0.005688478265903089
ORIGA,SEALED_REVIEW,29009,1,Q4,OC,SAME64_UPDATE,57,77.62277435152612,77.61535219015401,0.00742216137211003
ORIGA,SEALED_REVIEW,29009,1,Q4,OD,SAME64_HOLD,57,88.54840077317805,,
ORIGA,SEALED_REVIEW,29009,1,Q4,OC,SAME64_HOLD,57,75.5229637212872,,
ORIGA,SEALED_REVIEW,29009,1,Q4,OD,CROSS64_UPDATE,57,92.47533754580262,92.46813027778653,0.007207268016079613
ORIGA,SEALED_REVIEW,29009,1,Q4,OC,CROSS64_UPDATE,57,77.67403606025177,77.66428837682551,0.009747683426256044
ORIGA,SEALED_REVIEW,29009,1,Q4,OD,CROSS64_HOLD,57,86.79767969375621,,
ORIGA,SEALED_REVIEW,29009,1,Q4,OC,CROSS64_HOLD,57,73.38253861560122,,
ORIGA,SEALED_REVIEW,29009,1,Q4,OD,ANCHOR,57,94.10845441289314,,
ORIGA,SEALED_REVIEW,29009,1,Q4,OC,ANCHOR,57,78.36309514277588,,
ORIGA,SEALED_REVIEW,29009,1,Q4,OD,C_EPISODIC,57,87.20018980572183,,
ORIGA,SEALED_REVIEW,29009,1,Q4,OC,C_EPISODIC,57,74.19296339720476,,
REFUGE_Valid,SEARCH,29009,1,ALL,OD,NATIVE_UPDATE,406,79.9926526266174,79.99844316377016,-0.005790537152763747
REFUGE_Valid,SEARCH,29009,1,ALL,OC,NATIVE_UPDATE,406,63.955110560510505,63.95945347286261,-0.004342912352102161
REFUGE_Valid,SEARCH,29009,1,Q1,OD,NATIVE_UPDATE,97,81.55941323995162,81.54612734828028,0.013285891671344086
REFUGE_Valid,SEARCH,29009,1,Q1,OC,NATIVE_UPDATE,97,62.37455448024386,62.38798075427814,-0.013426274034271908
REFUGE_Valid,SEARCH,29009,1,FIRST64,OD,NATIVE_UPDATE,39,81.35493671589585,81.3308836844028,0.024053031493046863
REFUGE_Valid,SEARCH,29009,1,FIRST64,OC,NATIVE_UPDATE,39,63.8480402512945,63.85928200661917,-0.011241755324665644
REFUGE_Valid,SEARCH,29009,1,ALL,OD,NATIVE_HOLD,406,83.7070155528105,,
REFUGE_Valid,SEARCH,29009,1,ALL,OC,NATIVE_HOLD,406,65.74844626573338,,
REFUGE_Valid,SEARCH,29009,1,Q1,OD,NATIVE_HOLD,97,82.0920303062054,,
REFUGE_Valid,SEARCH,29009,1,Q1,OC,NATIVE_HOLD,97,62.976990343924776,,
REFUGE_Valid,SEARCH,29009,1,FIRST64,OD,NATIVE_HOLD,39,81.25324818527295,,
REFUGE_Valid,SEARCH,29009,1,FIRST64,OC,NATIVE_HOLD,39,64.03819110997395,,
REFUGE_Valid,SEARCH,29009,1,ALL,OD,SOURCE_UPDATE,406,83.69500223350289,83.68111700316649,0.013885230336393748
REFUGE_Valid,SEARCH,29009,1,ALL,OC,SOURCE_UPDATE,406,65.49850334460801,65.49174318427497,0.006760160333056578
REFUGE_Valid,SEARCH,29009,1,Q1,OD,SOURCE_UPDATE,97,83.86879077157508,83.81014410130616,0.0586466702689071
REFUGE_Valid,SEARCH,29009,1,Q1,OC,SOURCE_UPDATE,97,63.703945237886195,63.71028427168818,-0.006339033801978278
REFUGE_Valid,SEARCH,29009,1,FIRST64,OD,SOURCE_UPDATE,39,83.13562015555246,83.0494279420268,0.086192213525658
REFUGE_Valid,SEARCH,29009,1,FIRST64,OC,SOURCE_UPDATE,39,64.87114694290408,64.85355253789324,0.017594405010844926
REFUGE_Valid,SEARCH,29009,1,ALL,OD,SOURCE_HOLD,406,84.08452106164629,,
REFUGE_Valid,SEARCH,29009,1,ALL,OC,SOURCE_HOLD,406,66.39393397143391,,
REFUGE_Valid,SEARCH,29009,1,Q1,OD,SOURCE_HOLD,97,82.65345888508554,,
REFUGE_Valid,SEARCH,29009,1,Q1,OC,SOURCE_HOLD,97,63.65922344112908,,
REFUGE_Valid,SEARCH,29009,1,FIRST64,OD,SOURCE_HOLD,39,81.90239752216513,,
REFUGE_Valid,SEARCH,29009,1,FIRST64,OC,SOURCE_HOLD,39,64.53460729301077,,
REFUGE_Valid,SEARCH,29009,1,ALL,OD,SAME64_UPDATE,406,82.71054681612517,82.70615406787509,0.004392748250072313
REFUGE_Valid,SEARCH,29009,1,ALL,OC,SAME64_UPDATE,406,65.06062316098907,65.05849114786035,0.002132013128721204
REFUGE_Valid,SEARCH,29009,1,Q1,OD,SAME64_UPDATE,97,82.99152600234581,82.96096117528839,0.03056482705741224
REFUGE_Valid,SEARCH,29009,1,Q1,OC,SAME64_UPDATE,97,63.19153502065195,63.20797676247162,-0.01644174181966546
REFUGE_Valid,SEARCH,29009,1,FIRST64,OD,SAME64_UPDATE,39,82.5154038816041,82.49137715906033,0.024026722543753813
REFUGE_Valid,SEARCH,29009,1,FIRST64,OC,SAME64_UPDATE,39,64.34994260276038,64.35364478288842,-0.003702180128040845
REFUGE_Valid,SEARCH,29009,1,ALL,OD,SAME64_HOLD,406,85.14361231395793,,
REFUGE_Valid,SEARCH,29009,1,ALL,OC,SAME64_HOLD,406,66.04864382459829,,
REFUGE_Valid,SEARCH,29009,1,Q1,OD,SAME64_HOLD,97,83.6396172547031,,
REFUGE_Valid,SEARCH,29009,1,Q1,OC,SAME64_HOLD,97,63.57615244195749,,
REFUGE_Valid,SEARCH,29009,1,FIRST64,OD,SAME64_HOLD,39,82.94415111526935,,
REFUGE_Valid,SEARCH,29009,1,FIRST64,OC,SAME64_HOLD,39,64.4982447633192,,
REFUGE_Valid,SEARCH,29009,1,ALL,OD,CROSS64_UPDATE,406,82.39487168517,82.38874254131147,0.006129143858523667
REFUGE_Valid,SEARCH,29009,1,ALL,OC,CROSS64_UPDATE,406,64.97997817768973,64.97969810818861,0.0002800695010975137
REFUGE_Valid,SEARCH,29009,1,Q1,OD,CROSS64_UPDATE,97,83.12743316179188,83.08911155101354,0.038321610778338136
REFUGE_Valid,SEARCH,29009,1,Q1,OC,CROSS64_UPDATE,97,63.260052033106675,63.267798690511846,-0.007746657405164669
REFUGE_Valid,SEARCH,29009,1,FIRST64,OD,CROSS64_UPDATE,39,82.11777877900177,82.05464057736647,0.06313820163529982
REFUGE_Valid,SEARCH,29009,1,FIRST64,OC,CROSS64_UPDATE,39,64.39759656823061,64.3861853264073,0.01141124182331656
REFUGE_Valid,SEARCH,29009,1,ALL,OD,CROSS64_HOLD,406,83.42096971248313,,
REFUGE_Valid,SEARCH,29009,1,ALL,OC,CROSS64_HOLD,406,65.96555805581093,,
REFUGE_Valid,SEARCH,29009,1,Q1,OD,CROSS64_HOLD,97,81.88809386709853,,
REFUGE_Valid,SEARCH,29009,1,Q1,OC,CROSS64_HOLD,97,63.150754867911076,,
REFUGE_Valid,SEARCH,29009,1,FIRST64,OD,CROSS64_HOLD,39,81.04212481439095,,
REFUGE_Valid,SEARCH,29009,1,FIRST64,OC,CROSS64_HOLD,39,64.11004808560774,,
REFUGE_Valid,SEARCH,29009,1,ALL,OD,ANCHOR,406,78.77627446720992,,
REFUGE_Valid,SEARCH,29009,1,ALL,OC,ANCHOR,406,63.37365339960089,,
REFUGE_Valid,SEARCH,29009,1,Q1,OD,ANCHOR,97,80.97852656475055,,
REFUGE_Valid,SEARCH,29009,1,Q1,OC,ANCHOR,97,62.16747253671946,,
REFUGE_Valid,SEARCH,29009,1,FIRST64,OD,ANCHOR,39,80.98926122318471,,
REFUGE_Valid,SEARCH,29009,1,FIRST64,OC,ANCHOR,39,63.76686267727415,,
REFUGE_Valid,SEARCH,29009,1,ALL,OD,C_EPISODIC,406,84.29967854542262,,
REFUGE_Valid,SEARCH,29009,1,ALL,OC,C_EPISODIC,406,66.47290643414617,,
REFUGE_Valid,SEARCH,29009,1,Q1,OD,C_EPISODIC,97,82.98890270865613,,
REFUGE_Valid,SEARCH,29009,1,Q1,OC,C_EPISODIC,97,63.70693263241331,,
REFUGE_Valid,SEARCH,29009,1,FIRST64,OD,C_EPISODIC,39,82.28737553153151,,
REFUGE_Valid,SEARCH,29009,1,FIRST64,OC,C_EPISODIC,39,64.56071387222362,,
REFUGE_Valid,SEALED_REVIEW,29009,1,ALL,OD,NATIVE_UPDATE,269,82.1098397356924,82.12849495258328,-0.018655216890869505
REFUGE_Valid,SEALED_REVIEW,29009,1,ALL,OC,NATIVE_UPDATE,269,64.58590922351439,64.58905789768937,-0.0031486741749793996
REFUGE_Valid,SEALED_REVIEW,29009,1,Q1,OD,NATIVE_UPDATE,69,83.82866276352026,83.84447113022404,-0.01580836670376937
REFUGE_Valid,SEALED_REVIEW,29009,1,Q1,OC,NATIVE_UPDATE,69,64.14578184527892,64.1487867853041,-0.0030049400251751014
REFUGE_Valid,SEALED_REVIEW,29009,1,FIRST64,OD,NATIVE_UPDATE,20,86.55178106579501,86.55560504072311,-0.0038239749281004927
REFUGE_Valid,SEALED_REVIEW,29009,1,FIRST64,OC,NATIVE_UPDATE,20,67.43239707601488,67.43079355939375,0.0016035166211303409
REFUGE_Valid,SEALED_REVIEW,29009,1,ALL,OD,NATIVE_HOLD,269,85.46329318823395,,
REFUGE_Valid,SEALED_REVIEW,29009,1,ALL,OC,NATIVE_HOLD,269,66.16104546280953,,
REFUGE_Valid,SEALED_REVIEW,29009,1,Q1,OD,NATIVE_HOLD,69,84.60307171501626,,
REFUGE_Valid,SEALED_REVIEW,29009,1,Q1,OC,NATIVE_HOLD,69,64.6064404992711,,
REFUGE_Valid,SEALED_REVIEW,29009,1,FIRST64,OD,NATIVE_HOLD,20,86.69517283538406,,
REFUGE_Valid,SEALED_REVIEW,29009,1,FIRST64,OC,NATIVE_HOLD,20,67.54254729682371,,
REFUGE_Valid,SEALED_REVIEW,29009,1,ALL,OD,SOURCE_UPDATE,269,85.69189846938734,85.70305632678867,-0.011157857401326817
REFUGE_Valid,SEALED_REVIEW,29009,1,ALL,OC,SOURCE_UPDATE,269,66.11944241633402,66.11998516006618,-0.0005427437321650207
REFUGE_Valid,SEALED_REVIEW,29009,1,Q1,OD,SOURCE_UPDATE,69,86.15235815840711,86.15341775629271,-0.0010595978855990344
REFUGE_Valid,SEALED_REVIEW,29009,1,Q1,OC,SOURCE_UPDATE,69,65.32426038258238,65.32095467700731,0.0033057055750612446
REFUGE_Valid,SEALED_REVIEW,29009,1,FIRST64,OD,SOURCE_UPDATE,20,88.48898755250448,88.46763634148107,0.02135121102340709
REFUGE_Valid,SEALED_REVIEW,29009,1,FIRST64,OC,SOURCE_UPDATE,20,68.29643726583716,68.29135330501497,0.00508396082219309
REFUGE_Valid,SEALED_REVIEW,29009,1,ALL,OD,SOURCE_HOLD,269,86.1588258244221,,
REFUGE_Valid,SEALED_REVIEW,29009,1,ALL,OC,SOURCE_HOLD,269,67.06294196122838,,
REFUGE_Valid,SEALED_REVIEW,29009,1,Q1,OD,SOURCE_HOLD,69,85.57440745098312,,
REFUGE_Valid,SEALED_REVIEW,29009,1,Q1,OC,SOURCE_HOLD,69,65.387031694222,,
REFUGE_Valid,SEALED_REVIEW,29009,1,FIRST64,OD,SOURCE_HOLD,20,87.71734701521636,,
REFUGE_Valid,SEALED_REVIEW,29009,1,FIRST64,OC,SOURCE_HOLD,20,68.6694185577723,,
REFUGE_Valid,SEALED_REVIEW,29009,1,ALL,OD,SAME64_UPDATE,269,84.76481957014212,84.77923666168671,-0.014417091544584208
REFUGE_Valid,SEALED_REVIEW,29009,1,ALL,OC,SAME64_UPDATE,269,65.7031012872803,65.70236258817465,0.0007386991056442998
REFUGE_Valid,SEALED_REVIEW,29009,1,Q1,OD,SAME64_UPDATE,69,85.42217779657108,85.43073058509925,-0.008552788528180108
REFUGE_Valid,SEALED_REVIEW,29009,1,Q1,OC,SAME64_UPDATE,69,64.82204266729555,64.8137386468719,0.008304020423649206
REFUGE_Valid,SEALED_REVIEW,29009,1,FIRST64,OD,SAME64_UPDATE,20,87.96246288393526,87.95931977144066,0.003143112494596867
REFUGE_Valid,SEALED_REVIEW,29009,1,FIRST64,OC,SAME64_UPDATE,20,67.25474074671475,67.24049744141038,0.014243305304366129
REFUGE_Valid,SEALED_REVIEW,29009,1,ALL,OD,SAME64_HOLD,269,86.98126501577839,,
REFUGE_Valid,SEALED_REVIEW,29009,1,ALL,OC,SAME64_HOLD,269,66.61569537000082,,
REFUGE_Valid,SEALED_REVIEW,29009,1,Q1,OD,SAME64_HOLD,69,86.02670388353586,,
REFUGE_Valid,SEALED_REVIEW,29009,1,Q1,OC,SAME64_HOLD,69,65.13153045927744,,
REFUGE_Valid,SEALED_REVIEW,29009,1,FIRST64,OD,SAME64_HOLD,20,88.2120402041964,,
REFUGE_Valid,SEALED_REVIEW,29009,1,FIRST64,OC,SAME64_HOLD,20,67.41894441843823,,
REFUGE_Valid,SEALED_REVIEW,29009,1,ALL,OD,CROSS64_UPDATE,269,84.46853899979023,84.48169063936345,-0.013151639573232262
REFUGE_Valid,SEALED_REVIEW,29009,1,ALL,OC,CROSS64_UPDATE,269,65.58741720384286,65.58657154162607,0.0008456622167868376
REFUGE_Valid,SEALED_REVIEW,29009,1,Q1,OD,CROSS64_UPDATE,69,85.48589311364105,85.49324232563794,-0.007349211996883789
REFUGE_Valid,SEALED_REVIEW,29009,1,Q1,OC,CROSS64_UPDATE,69,64.95928151019277,64.95123623331095,0.008045276881813373
REFUGE_Valid,SEALED_REVIEW,29009,1,FIRST64,OD,CROSS64_UPDATE,20,87.47646888554534,87.45795003472702,0.018518850818319277
REFUGE_Valid,SEALED_REVIEW,29009,1,FIRST64,OC,CROSS64_UPDATE,20,68.10193506924693,68.0876666525309,0.014268416716033403
REFUGE_Valid,SEALED_REVIEW,29009,1,ALL,OD,CROSS64_HOLD,269,85.3276493000822,,
REFUGE_Valid,SEALED_REVIEW,29009,1,ALL,OC,CROSS64_HOLD,269,66.49428755740713,,
REFUGE_Valid,SEALED_REVIEW,29009,1,Q1,OD,CROSS64_HOLD,69,84.68702758503281,,
REFUGE_Valid,SEALED_REVIEW,29009,1,Q1,OC,CROSS64_HOLD,69,64.77006591277879,,
REFUGE_Valid,SEALED_REVIEW,29009,1,FIRST64,OD,CROSS64_HOLD,20,86.61710577943687,,
REFUGE_Valid,SEALED_REVIEW,29009,1,FIRST64,OC,CROSS64_HOLD,20,68.21381849081176,,
REFUGE_Valid,SEALED_REVIEW,29009,1,ALL,OD,ANCHOR,269,80.90315021583851,,
REFUGE_Valid,SEALED_REVIEW,29009,1,ALL,OC,ANCHOR,269,64.02584239411102,,
REFUGE_Valid,SEALED_REVIEW,29009,1,Q1,OD,ANCHOR,69,83.26429827047741,,
REFUGE_Valid,SEALED_REVIEW,29009,1,Q1,OC,ANCHOR,69,63.929496136198296,,
REFUGE_Valid,SEALED_REVIEW,29009,1,FIRST64,OD,ANCHOR,20,86.25704100419847,,
REFUGE_Valid,SEALED_REVIEW,29009,1,FIRST64,OC,ANCHOR,20,67.3620122809291,,
REFUGE_Valid,SEALED_REVIEW,29009,1,ALL,OD,C_EPISODIC,269,86.29866218356247,,
REFUGE_Valid,SEALED_REVIEW,29009,1,ALL,OC,C_EPISODIC,269,67.09885681532917,,
REFUGE_Valid,SEALED_REVIEW,29009,1,Q1,OD,C_EPISODIC,69,85.71417990955868,,
REFUGE_Valid,SEALED_REVIEW,29009,1,Q1,OC,C_EPISODIC,69,65.46565475683225,,
REFUGE_Valid,SEALED_REVIEW,29009,1,FIRST64,OD,C_EPISODIC,20,87.86675260871843,,
REFUGE_Valid,SEALED_REVIEW,29009,1,FIRST64,OC,C_EPISODIC,20,68.6687622477293,,
REFUGE_Valid,SEALED_REVIEW,29009,1,Q2,OD,NATIVE_UPDATE,80,83.51377792717709,83.53889691000232,-0.025118982825239333
REFUGE_Valid,SEALED_REVIEW,29009,1,Q2,OC,NATIVE_UPDATE,80,66.97793548318943,66.97756374642293,0.00037173676650500975
REFUGE_Valid,SEALED_REVIEW,29009,1,Q2,OD,NATIVE_HOLD,80,85.81741313094243,,
REFUGE_Valid,SEALED_REVIEW,29009,1,Q2,OC,NATIVE_HOLD,80,68.11044492508623,,
REFUGE_Valid,SEALED_REVIEW,29009,1,Q2,OD,SOURCE_UPDATE,80,86.67516862630147,86.68581592133523,-0.01064729503377021
REFUGE_Valid,SEALED_REVIEW,29009,1,Q2,OC,SOURCE_UPDATE,80,68.35280937878774,68.35051409760425,0.0022952811835050962
REFUGE_Valid,SEALED_REVIEW,29009,1,Q2,OD,SOURCE_HOLD,80,86.77564121992681,,
REFUGE_Valid,SEALED_REVIEW,29009,1,Q2,OC,SOURCE_HOLD,80,69.00905416238659,,
REFUGE_Valid,SEALED_REVIEW,29009,1,Q2,OD,SAME64_UPDATE,80,85.96730380171037,85.98602516415374,-0.018721362443376438
REFUGE_Valid,SEALED_REVIEW,29009,1,Q2,OC,SAME64_UPDATE,80,68.04830227714473,68.04911656066744,-0.0008142835227169937
REFUGE_Valid,SEALED_REVIEW,29009,1,Q2,OD,SAME64_HOLD,80,87.17443698507489,,
REFUGE_Valid,SEALED_REVIEW,29009,1,Q2,OC,SAME64_HOLD,80,68.50838504480562,,
REFUGE_Valid,SEALED_REVIEW,29009,1,Q2,OD,CROSS64_UPDATE,80,85.707523874824,85.72249197083656,-0.014968096012551863
REFUGE_Valid,SEALED_REVIEW,29009,1,Q2,OC,CROSS64_UPDATE,80,67.92524900453782,67.92733633313581,-0.002087328597982288
REFUGE_Valid,SEALED_REVIEW,29009,1,Q2,OD,CROSS64_HOLD,80,85.94637387262559,,
REFUGE_Valid,SEALED_REVIEW,29009,1,Q2,OC,CROSS64_HOLD,80,68.37369298486448,,
REFUGE_Valid,SEALED_REVIEW,29009,1,Q2,OD,ANCHOR,80,82.38986498100836,,
REFUGE_Valid,SEALED_REVIEW,29009,1,Q2,OC,ANCHOR,80,66.49474094904511,,
REFUGE_Valid,SEALED_REVIEW,29009,1,Q2,OD,C_EPISODIC,80,86.9388631873754,,
REFUGE_Valid,SEALED_REVIEW,29009,1,Q2,OC,C_EPISODIC,80,69.05984468886801,,
REFUGE_Valid,SEARCH,29009,1,Q2,OD,NATIVE_UPDATE,89,82.14761826065038,82.17977585185288,-0.03215759120248916
REFUGE_Valid,SEARCH,29009,1,Q2,OC,NATIVE_UPDATE,89,65.93245615556798,65.93639400485792,-0.00393784928994697
REFUGE_Valid,SEARCH,29009,1,Q2,OD,NATIVE_HOLD,89,84.56671302442864,,
REFUGE_Valid,SEARCH,29009,1,Q2,OC,NATIVE_HOLD,89,66.97007770717917,,
REFUGE_Valid,SEARCH,29009,1,Q2,OD,SOURCE_UPDATE,89,85.79130159272069,85.79913788216686,-0.007836289446174536
REFUGE_Valid,SEARCH,29009,1,Q2,OC,SOURCE_UPDATE,89,66.90376259911659,66.90319514711848,0.0005674519980951387
REFUGE_Valid,SEARCH,29009,1,Q2,OD,SOURCE_HOLD,89,85.26211478789409,,
REFUGE_Valid,SEARCH,29009,1,Q2,OC,SOURCE_HOLD,89,67.99456581880115,,
REFUGE_Valid,SEARCH,29009,1,Q2,OD,SAME64_UPDATE,89,85.03957755540009,85.05380630521519,-0.014228749815096805
REFUGE_Valid,SEARCH,29009,1,Q2,OC,SAME64_UPDATE,89,66.65939918137084,66.6610109123422,-0.0016117309713502919
REFUGE_Valid,SEARCH,29009,1,Q2,OD,SAME64_HOLD,89,86.05655974682276,,
REFUGE_Valid,SEARCH,29009,1,Q2,OC,SAME64_HOLD,89,67.14067620384088,,
REFUGE_Valid,SEARCH,29009,1,Q2,OD,CROSS64_UPDATE,89,84.63844297497498,84.65759396236139,-0.0191509873863986
REFUGE_Valid,SEARCH,29009,1,Q2,OC,CROSS64_UPDATE,89,66.71651621964443,66.71993427708978,-0.003418057445349826
REFUGE_Valid,SEARCH,29009,1,Q2,OD,CROSS64_HOLD,89,84.64461499569545,,
REFUGE_Valid,SEARCH,29009,1,Q2,OC,CROSS64_HOLD,89,67.65080892592367,,
REFUGE_Valid,SEARCH,29009,1,Q2,OD,ANCHOR,89,80.96156843563158,,
REFUGE_Valid,SEARCH,29009,1,Q2,OC,ANCHOR,89,65.47682155422642,,
REFUGE_Valid,SEARCH,29009,1,Q2,OD,C_EPISODIC,89,85.33318989636852,,
REFUGE_Valid,SEARCH,29009,1,Q2,OC,C_EPISODIC,89,68.01524707202377,,
REFUGE_Valid,SEARCH,29009,1,Q3,OD,NATIVE_UPDATE,100,80.24828005702061,80.244032793253,0.004247263767603093
REFUGE_Valid,SEARCH,29009,1,Q3,OC,NATIVE_UPDATE,100,65.73677891071046,65.72912067990224,0.007658230808210902
REFUGE_Valid,SEARCH,29009,1,Q3,OD,NATIVE_HOLD,100,84.42265723396952,,
REFUGE_Valid,SEARCH,29009,1,Q3,OC,NATIVE_HOLD,100,67.52846137318251,,
REFUGE_Valid,SEARCH,29009,1,Q3,OD,SOURCE_UPDATE,100,83.99392043289187,83.97878412362428,0.015136309267592296
REFUGE_Valid,SEARCH,29009,1,Q3,OC,SOURCE_UPDATE,100,67.3641138536046,67.33935960401199,0.0247542495925982
REFUGE_Valid,SEARCH,29009,1,Q3,OD,SOURCE_HOLD,100,84.35205902500844,,
REFUGE_Valid,SEARCH,29009,1,Q3,OC,SOURCE_HOLD,100,67.88126808183193,,
REFUGE_Valid,SEARCH,29009,1,Q3,OD,SAME64_UPDATE,100,82.99037331194677,82.98032109859288,0.010052213353892114
REFUGE_Valid,SEARCH,29009,1,Q3,OC,SAME64_UPDATE,100,66.96533325318079,66.94394949451153,0.021383758669271558
REFUGE_Valid,SEARCH,29009,1,Q3,OD,SAME64_HOLD,100,85.63901838492,,
REFUGE_Valid,SEARCH,29009,1,Q3,OC,SAME64_HOLD,100,67.7735219034306,,
REFUGE_Valid,SEARCH,29009,1,Q3,OD,CROSS64_UPDATE,100,82.63169222980513,82.62004356293019,0.011648666874943758
REFUGE_Valid,SEARCH,29009,1,Q3,OC,CROSS64_UPDATE,100,66.78358176437146,66.7710743366405,0.012507427730974074
REFUGE_Valid,SEARCH,29009,1,Q3,OD,CROSS64_HOLD,100,83.7427000136312,,
REFUGE_Valid,SEARCH,29009,1,Q3,OC,CROSS64_HOLD,100,67.4499751751053,,
REFUGE_Valid,SEARCH,29009,1,Q3,OD,ANCHOR,100,78.79959009218575,,
REFUGE_Valid,SEARCH,29009,1,Q3,OC,ANCHOR,100,65.05024210271783,,
REFUGE_Valid,SEARCH,29009,1,Q3,OD,C_EPISODIC,100,84.6742191442867,,
REFUGE_Valid,SEARCH,29009,1,Q3,OC,C_EPISODIC,100,68.03986182444098,,
REFUGE_Valid,SEALED_REVIEW,29009,1,Q3,OD,NATIVE_UPDATE,68,80.37552284333658,80.39033901021035,-0.014816166873771349
REFUGE_Valid,SEALED_REVIEW,29009,1,Q3,OC,NATIVE_UPDATE,68,62.684430511505816,62.687925683502286,-0.0034951719964740986
REFUGE_Valid,SEALED_REVIEW,29009,1,Q3,OD,NATIVE_HOLD,68,85.12345409699635,,
REFUGE_Valid,SEALED_REVIEW,29009,1,Q3,OC,NATIVE_HOLD,68,64.61019594494108,,
REFUGE_Valid,SEALED_REVIEW,29009,1,Q3,OD,SOURCE_UPDATE,68,85.01707618796277,85.0405531285397,-0.023476940576932406
REFUGE_Valid,SEALED_REVIEW,29009,1,Q3,OC,SOURCE_UPDATE,68,64.19551474620945,64.19682836807735,-0.001313621867904647
REFUGE_Valid,SEALED_REVIEW,29009,1,Q3,OD,SOURCE_HOLD,68,85.64679714140797,,
REFUGE_Valid,SEALED_REVIEW,29009,1,Q3,OC,SOURCE_HOLD,68,65.81017819531509,,
REFUGE_Valid,SEALED_REVIEW,29009,1,Q3,OD,SAME64_UPDATE,68,83.75973096016665,83.78110534168918,-0.021374381522533646
REFUGE_Valid,SEALED_REVIEW,29009,1,Q3,OC,SAME64_UPDATE,68,63.80887560654259,63.80899875334817,-0.00012314680557879858
REFUGE_Valid,SEALED_REVIEW,29009,1,Q3,OD,SAME64_HOLD,68,87.03061631210268,,
REFUGE_Valid,SEALED_REVIEW,29009,1,Q3,OC,SAME64_HOLD,68,64.88831804373352,,
REFUGE_Valid,SEALED_REVIEW,29009,1,Q3,OD,CROSS64_UPDATE,68,83.1381305047283,83.15574855398192,-0.017618049253626956
REFUGE_Valid,SEALED_REVIEW,29009,1,Q3,OC,CROSS64_UPDATE,68,63.682707721845645,63.68188268704921,0.0008250347964384925
REFUGE_Valid,SEALED_REVIEW,29009,1,Q3,OD,CROSS64_HOLD,68,84.72617748094937,,
REFUGE_Valid,SEALED_REVIEW,29009,1,Q3,OC,CROSS64_HOLD,68,65.39100391789961,,
REFUGE_Valid,SEALED_REVIEW,29009,1,Q3,OD,ANCHOR,68,78.74607362874244,,
REFUGE_Valid,SEALED_REVIEW,29009,1,Q3,OC,ANCHOR,68,61.987464544501606,,
REFUGE_Valid,SEALED_REVIEW,29009,1,Q3,OD,C_EPISODIC,68,85.7784037893418,,
REFUGE_Valid,SEALED_REVIEW,29009,1,Q3,OC,C_EPISODIC,68,65.80542069355377,,
REFUGE_Valid,SEARCH,29009,1,Q4,OD,NATIVE_UPDATE,120,76.91489876026176,76.92491867972744,-0.01001991946567693
REFUGE_Valid,SEARCH,29009,1,Q4,OC,NATIVE_UPDATE,120,62.281471783891796,62.28877368662218,-0.00730190273037427
REFUGE_Valid,SEARCH,29009,1,Q4,OD,NATIVE_HOLD,120,83.77848493473367,,
REFUGE_Valid,SEARCH,29009,1,Q4,OC,NATIVE_HOLD,120,65.59931722724873,,
REFUGE_Valid,SEARCH,29009,1,Q4,OD,SOURCE_UPDATE,120,81.75066930765053,81.75789867986352,-0.0072293722129818565
REFUGE_Valid,SEARCH,29009,1,Q4,OC,SOURCE_UPDATE,120,64.35219510961716,64.34524858305947,0.006946526557688136
REFUGE_Valid,SEARCH,29009,1,Q4,OD,SOURCE_HOLD,120,84.14496600459728,,
REFUGE_Valid,SEARCH,29009,1,Q4,OC,SOURCE_HOLD,120,66.1779112713013,,
REFUGE_Valid,SEARCH,29009,1,Q4,OD,SAME64_UPDATE,120,80.52286876244992,80.53053705442396,-0.007668291974043534
REFUGE_Valid,SEARCH,29009,1,Q4,OC,SAME64_UPDATE,120,63.79845211581866,63.79457282851624,0.0038792873024281567
REFUGE_Valid,SEARCH,29009,1,Q4,OD,SAME64_HOLD,120,85.2694005816791,,
REFUGE_Valid,SEARCH,29009,1,Q4,OC,SAME64_HOLD,120,65.7999186119344,,
REFUGE_Valid,SEARCH,29009,1,Q4,OD,CROSS64_UPDATE,120,79.94138533109934,79.94712860317469,-0.005743272075359092
REFUGE_Valid,SEARCH,29009,1,Q4,OC,CROSS64_UPDATE,120,63.57931644120982,63.57999478849911,-0.0006783472892892457
REFUGE_Valid,SEARCH,29009,1,Q4,OD,CROSS64_HOLD,120,83.48439885149648,,
REFUGE_Valid,SEARCH,29009,1,Q4,OC,CROSS64_HOLD,120,65.75394863795111,,
REFUGE_Valid,SEARCH,29009,1,Q4,OD,ANCHOR,120,75.35593130763864,,
REFUGE_Valid,SEARCH,29009,1,Q4,OC,ANCHOR,120,61.39164262981869,,
REFUGE_Valid,SEARCH,29009,1,Q4,OD,C_EPISODIC,120,84.2805842624706,,
REFUGE_Valid,SEARCH,29009,1,Q4,OC,C_EPISODIC,120,66.25903645887536,,
REFUGE_Valid,SEALED_REVIEW,29009,1,Q4,OD,NATIVE_UPDATE,52,79.93714174417893,79.95465055317217,-0.01750880899323485
REFUGE_Valid,SEALED_REVIEW,29009,1,Q4,OC,NATIVE_UPDATE,52,63.976433083914955,63.984735386547506,-0.008302302632548816
REFUGE_Valid,SEALED_REVIEW,29009,1,Q4,OD,NATIVE_HOLD,52,86.50434596591661,,
REFUGE_Valid,SEALED_REVIEW,29009,1,Q4,OC,NATIVE_HOLD,52,67.25284455352237,,
REFUGE_Valid,SEALED_REVIEW,29009,1,Q4,OD,SOURCE_UPDATE,52,84.45064047018305,84.45987385143145,-0.009233381248414621
REFUGE_Valid,SEALED_REVIEW,29009,1,Q4,OC,SOURCE_UPDATE,52,66.25454404904622,66.26355150974419,-0.009007460697971311
REFUGE_Valid,SEALED_REVIEW,29009,1,Q4,OD,SOURCE_HOLD,52,86.65493325849658,,
REFUGE_Valid,SEALED_REVIEW,29009,1,Q4,OC,SOURCE_HOLD,52,67.93095673839925,,
REFUGE_Valid,SEALED_REVIEW,29009,1,Q4,OD,SAME64_UPDATE,52,83.35692667262819,83.36340529335986,-0.006478620731660022
REFUGE_Valid,SEALED_REVIEW,29009,1,Q4,OC,SAME64_UPDATE,52,65.74126113112565,65.74704479814905,-0.005783667023399245
REFUGE_Valid,SEALED_REVIEW,29009,1,Q4,OD,SAME64_HOLD,52,87.88617025483543,,
REFUGE_Valid,SEALED_REVIEW,29009,1,Q4,OC,SAME64_HOLD,52,67.9321158131105,,
REFUGE_Valid,SEALED_REVIEW,29009,1,Q4,OD,CROSS64_UPDATE,52,82.95222272682487,82.96443850350109,-0.012215776676225294
REFUGE_Valid,SEALED_REVIEW,29009,1,Q4,OC,CROSS64_UPDATE,52,65.31501458042113,65.31918298516823,-0.004168404747090344
REFUGE_Valid,SEALED_REVIEW,29009,1,Q4,OD,CROSS64_HOLD,52,86.01236115077391,,
REFUGE_Valid,SEALED_REVIEW,29009,1,Q4,OC,CROSS64_HOLD,52,67.33355961066249,,
REFUGE_Valid,SEALED_REVIEW,29009,1,Q4,OD,ANCHOR,52,78.3036273492781,,
REFUGE_Valid,SEALED_REVIEW,29009,1,Q4,OC,ANCHOR,52,63.020952032085866,,
REFUGE_Valid,SEALED_REVIEW,29009,1,Q4,OD,C_EPISODIC,52,86.76963847987462,,
REFUGE_Valid,SEALED_REVIEW,29009,1,Q4,OC,C_EPISODIC,52,67.9405023621351,,
