domain,role,seed,order,position_bin,channel,candidate,baseline,delta_pp,scored_contents
ORIGA,SEARCH,20260907,0,ALL,OD,SS,C_CONT,-3.0049888924059758,316
ORIGA,SEARCH,20260907,0,ALL,OD,SS,ANCHOR,-3.5822320518946213,316
ORIGA,SEARCH,20260907,0,ALL,OD,SC,C_CONT,-2.250714214966223,316
ORIGA,SEARCH,20260907,0,ALL,OD,SC,ANCHOR,-2.8279573744548685,316
ORIGA,SEARCH,20260907,0,ALL,OD,CS,C_CONT,-4.595490468937797,316
ORIGA,SEARCH,20260907,0,ALL,OD,CS,ANCHOR,-5.1727336284264425,316
ORIGA,SEARCH,20260907,0,ALL,OD,CC,C_CONT,-3.6331564246540466,316
ORIGA,SEARCH,20260907,0,ALL,OD,CC,ANCHOR,-4.210399584142692,316
ORIGA,SEARCH,20260907,0,ALL,OD,OPTIMIZER_BY_PARAMETER_INTERACTION,ALGEBRA,-0.2080593668439974,316
ORIGA,SEARCH,20260907,0,ALL,OC,SS,C_CONT,-3.727182486835119,316
ORIGA,SEARCH,20260907,0,ALL,OC,SS,ANCHOR,-3.4631210262825505,316
ORIGA,SEARCH,20260907,0,ALL,OC,SC,C_CONT,-2.857248732459908,316
ORIGA,SEARCH,20260907,0,ALL,OC,SC,ANCHOR,-2.5931872719073397,316
ORIGA,SEARCH,20260907,0,ALL,OC,CS,C_CONT,-5.700281692535569,316
ORIGA,SEARCH,20260907,0,ALL,OC,CS,ANCHOR,-5.436220231983,316
ORIGA,SEARCH,20260907,0,ALL,OC,CC,C_CONT,-4.60262724599967,316
ORIGA,SEARCH,20260907,0,ALL,OC,CC,ANCHOR,-4.338565785447102,316
ORIGA,SEARCH,20260907,0,ALL,OC,OPTIMIZER_BY_PARAMETER_INTERACTION,ALGEBRA,-0.22772069216068758,316
ORIGA,SEARCH,20260907,0,Q1,OD,SS,C_CONT,-4.606183587286523,81
ORIGA,SEARCH,20260907,0,Q1,OD,SS,ANCHOR,-5.4519610338572875,81
ORIGA,SEARCH,20260907,0,Q1,OD,SC,C_CONT,-3.702432657087897,81
ORIGA,SEARCH,20260907,0,Q1,OD,SC,ANCHOR,-4.548210103658661,81
ORIGA,SEARCH,20260907,0,Q1,OD,CS,C_CONT,-7.520478086362061,81
ORIGA,SEARCH,20260907,0,Q1,OD,CS,ANCHOR,-8.366255532932826,81
ORIGA,SEARCH,20260907,0,Q1,OD,CC,C_CONT,-6.320786003790545,81
ORIGA,SEARCH,20260907,0,Q1,OD,CC,ANCHOR,-7.166563450361309,81
ORIGA,SEARCH,20260907,0,Q1,OD,OPTIMIZER_BY_PARAMETER_INTERACTION,ALGEBRA,-0.2959411523728903,81
ORIGA,SEARCH,20260907,0,Q1,OC,SS,C_CONT,-5.524262366835615,81
ORIGA,SEARCH,20260907,0,Q1,OC,SS,ANCHOR,-5.235501424228858,81
ORIGA,SEARCH,20260907,0,Q1,OC,SC,C_CONT,-4.301782526775241,81
ORIGA,SEARCH,20260907,0,Q1,OC,SC,ANCHOR,-4.013021584168484,81
ORIGA,SEARCH,20260907,0,Q1,OC,CS,C_CONT,-9.407736005718533,81
ORIGA,SEARCH,20260907,0,Q1,OC,CS,ANCHOR,-9.118975063111776,81
ORIGA,SEARCH,20260907,0,Q1,OC,CC,C_CONT,-7.891791253002964,81
ORIGA,SEARCH,20260907,0,Q1,OC,CC,ANCHOR,-7.603030310396207,81
ORIGA,SEARCH,20260907,0,Q1,OC,OPTIMIZER_BY_PARAMETER_INTERACTION,ALGEBRA,-0.29346491265519603,81
ORIGA,SEARCH,20260907,0,FIRST64,OD,SS,C_CONT,-4.347508084531498,35
ORIGA,SEARCH,20260907,0,FIRST64,OD,SS,ANCHOR,-5.242612469229925,35
ORIGA,SEARCH,20260907,0,FIRST64,OD,SC,C_CONT,-3.910497317206321,35
ORIGA,SEARCH,20260907,0,FIRST64,OD,SC,ANCHOR,-4.805601701904749,35
ORIGA,SEARCH,20260907,0,FIRST64,OD,CS,C_CONT,-7.292962676242837,35
ORIGA,SEARCH,20260907,0,FIRST64,OD,CS,ANCHOR,-8.188067060941265,35
ORIGA,SEARCH,20260907,0,FIRST64,OD,CC,C_CONT,-6.737642429535057,35
ORIGA,SEARCH,20260907,0,FIRST64,OD,CC,ANCHOR,-7.632746814233485,35
ORIGA,SEARCH,20260907,0,FIRST64,OD,OPTIMIZER_BY_PARAMETER_INTERACTION,ALGEBRA,-0.11830947938260294,35
ORIGA,SEARCH,20260907,0,FIRST64,OC,SS,C_CONT,-4.371951251603875,35
ORIGA,SEARCH,20260907,0,FIRST64,OC,SS,ANCHOR,-4.010581399408409,35
ORIGA,SEARCH,20260907,0,FIRST64,OC,SC,C_CONT,-3.9572710850337103,35
ORIGA,SEARCH,20260907,0,FIRST64,OC,SC,ANCHOR,-3.5959012328382443,35
ORIGA,SEARCH,20260907,0,FIRST64,OC,CS,C_CONT,-8.218071644682851,35
ORIGA,SEARCH,20260907,0,FIRST64,OC,CS,ANCHOR,-7.856701792487385,35
ORIGA,SEARCH,20260907,0,FIRST64,OC,CC,C_CONT,-7.61692615339436,35
ORIGA,SEARCH,20260907,0,FIRST64,OC,CC,ANCHOR,-7.255556301198894,35
ORIGA,SEARCH,20260907,0,FIRST64,OC,OPTIMIZER_BY_PARAMETER_INTERACTION,ALGEBRA,-0.186465324718327,35
ORIGA,SEALED_REVIEW,20260907,0,ALL,OD,SS,C_CONT,-2.82228146519779,210
ORIGA,SEALED_REVIEW,20260907,0,ALL,OD,SS,ANCHOR,-3.346013463178636,210
ORIGA,SEALED_REVIEW,20260907,0,ALL,OD,SC,C_CONT,-2.0901543733051966,210
ORIGA,SEALED_REVIEW,20260907,0,ALL,OD,SC,ANCHOR,-2.6138863712860427,210
ORIGA,SEALED_REVIEW,20260907,0,ALL,OD,CS,C_CONT,-4.4789340320532744,210
ORIGA,SEALED_REVIEW,20260907,0,ALL,OD,CS,ANCHOR,-5.002666030034121,210
ORIGA,SEALED_REVIEW,20260907,0,ALL,OD,CC,C_CONT,-3.5466354219699525,210
ORIGA,SEALED_REVIEW,20260907,0,ALL,OD,CC,ANCHOR,-4.070367419950799,210
ORIGA,SEALED_REVIEW,20260907,0,ALL,OD,OPTIMIZER_BY_PARAMETER_INTERACTION,ALGEBRA,-0.20017151819072865,210
ORIGA,SEALED_REVIEW,20260907,0,ALL,OC,SS,C_CONT,-3.137200648872124,210
ORIGA,SEALED_REVIEW,20260907,0,ALL,OC,SS,ANCHOR,-2.9104981214466648,210
ORIGA,SEALED_REVIEW,20260907,0,ALL,OC,SC,C_CONT,-2.441898665787633,210
ORIGA,SEALED_REVIEW,20260907,0,ALL,OC,SC,ANCHOR,-2.215196138362174,210
ORIGA,SEALED_REVIEW,20260907,0,ALL,OC,CS,C_CONT,-5.137058907066901,210
ORIGA,SEALED_REVIEW,20260907,0,ALL,OC,CS,ANCHOR,-4.910356379641442,210
ORIGA,SEALED_REVIEW,20260907,0,ALL,OC,CC,C_CONT,-4.050337833902816,210
ORIGA,SEALED_REVIEW,20260907,0,ALL,OC,CC,ANCHOR,-3.8236353064773567,210
ORIGA,SEALED_REVIEW,20260907,0,ALL,OC,OPTIMIZER_BY_PARAMETER_INTERACTION,ALGEBRA,-0.3914190900795944,210
ORIGA,SEALED_REVIEW,20260907,0,Q1,OD,SS,C_CONT,-5.061600497661303,46
ORIGA,SEALED_REVIEW,20260907,0,Q1,OD,SS,ANCHOR,-5.855983111321152,46
ORIGA,SEALED_REVIEW,20260907,0,Q1,OD,SC,C_CONT,-4.168160486499929,46
ORIGA,SEALED_REVIEW,20260907,0,Q1,OD,SC,ANCHOR,-4.9625431001597775,46
ORIGA,SEALED_REVIEW,20260907,0,Q1,OD,CS,C_CONT,-8.615869948614218,46
ORIGA,SEALED_REVIEW,20260907,0,Q1,OD,CS,ANCHOR,-9.410252562274067,46
ORIGA,SEALED_REVIEW,20260907,0,Q1,OD,CC,C_CONT,-7.3751405324521215,46
ORIGA,SEALED_REVIEW,20260907,0,Q1,OD,CC,ANCHOR,-8.16952314611197,46
ORIGA,SEALED_REVIEW,20260907,0,Q1,OD,OPTIMIZER_BY_PARAMETER_INTERACTION,ALGEBRA,-0.3472894050007227,46
ORIGA,SEALED_REVIEW,20260907,0,Q1,OC,SS,C_CONT,-6.3052490337817915,46
ORIGA,SEALED_REVIEW,20260907,0,Q1,OC,SS,ANCHOR,-5.99749549367057,46
ORIGA,SEALED_REVIEW,20260907,0,Q1,OC,SC,C_CONT,-5.421052881779815,46
ORIGA,SEALED_REVIEW,20260907,0,Q1,OC,SC,ANCHOR,-5.1132993416685935,46
ORIGA,SEALED_REVIEW,20260907,0,Q1,OC,CS,C_CONT,-10.593310994494992,46
ORIGA,SEALED_REVIEW,20260907,0,Q1,OC,CS,ANCHOR,-10.28555745438377,46
ORIGA,SEALED_REVIEW,20260907,0,Q1,OC,CC,C_CONT,-8.9849535941891,46
ORIGA,SEALED_REVIEW,20260907,0,Q1,OC,CC,ANCHOR,-8.677200054077879,46
ORIGA,SEALED_REVIEW,20260907,0,Q1,OC,OPTIMIZER_BY_PARAMETER_INTERACTION,ALGEBRA,-0.7241612483039148,46
ORIGA,SEALED_REVIEW,20260907,0,FIRST64,OD,SS,C_CONT,-5.053365369094692,20
ORIGA,SEALED_REVIEW,20260907,0,FIRST64,OD,SS,ANCHOR,-5.872404841772692,20
ORIGA,SEALED_REVIEW,20260907,0,FIRST64,OD,SC,C_CONT,-4.672883473307621,20
ORIGA,SEALED_REVIEW,20260907,0,FIRST64,OD,SC,ANCHOR,-5.491922945985621,20
ORIGA,SEALED_REVIEW,20260907,0,FIRST64,OD,CS,C_CONT,-9.132065956132251,20
ORIGA,SEALED_REVIEW,20260907,0,FIRST64,OD,CS,ANCHOR,-9.951105428810251,20
ORIGA,SEALED_REVIEW,20260907,0,FIRST64,OD,CC,C_CONT,-8.459341019058925,20
ORIGA,SEALED_REVIEW,20260907,0,FIRST64,OD,CC,ANCHOR,-9.278380491736925,20
ORIGA,SEALED_REVIEW,20260907,0,FIRST64,OD,OPTIMIZER_BY_PARAMETER_INTERACTION,ALGEBRA,-0.29224304128625533,20
ORIGA,SEALED_REVIEW,20260907,0,FIRST64,OC,SS,C_CONT,-6.82134430389204,20
ORIGA,SEALED_REVIEW,20260907,0,FIRST64,OC,SS,ANCHOR,-6.521323561544172,20
ORIGA,SEALED_REVIEW,20260907,0,FIRST64,OC,SC,C_CONT,-6.364297024951242,20
ORIGA,SEALED_REVIEW,20260907,0,FIRST64,OC,SC,ANCHOR,-6.064276282603373,20
ORIGA,SEALED_REVIEW,20260907,0,FIRST64,OC,CS,C_CONT,-11.38829806269215,20
ORIGA,SEALED_REVIEW,20260907,0,FIRST64,OC,CS,ANCHOR,-11.088277320344282,20
ORIGA,SEALED_REVIEW,20260907,0,FIRST64,OC,CC,C_CONT,-10.65041037330682,20
ORIGA,SEALED_REVIEW,20260907,0,FIRST64,OC,CC,ANCHOR,-10.35038963095895,20
ORIGA,SEALED_REVIEW,20260907,0,FIRST64,OC,OPTIMIZER_BY_PARAMETER_INTERACTION,ALGEBRA,-0.280840410444533,20
ORIGA,SEARCH,20260907,0,Q2,OD,SS,C_CONT,-3.2697828265924187,70
ORIGA,SEARCH,20260907,0,Q2,OD,SS,ANCHOR,-3.9375338769430215,70
ORIGA,SEARCH,20260907,0,Q2,OD,SC,C_CONT,-2.3905770402709976,70
ORIGA,SEARCH,20260907,0,Q2,OD,SC,ANCHOR,-3.0583280906216004,70
ORIGA,SEARCH,20260907,0,Q2,OD,CS,C_CONT,-5.085324002910767,70
ORIGA,SEARCH,20260907,0,Q2,OD,CS,ANCHOR,-5.7530750532613695,70
ORIGA,SEARCH,20260907,0,Q2,OD,CC,C_CONT,-3.8555974643378477,70
ORIGA,SEARCH,20260907,0,Q2,OD,CC,ANCHOR,-4.5233485146884505,70
ORIGA,SEARCH,20260907,0,Q2,OD,OPTIMIZER_BY_PARAMETER_INTERACTION,ALGEBRA,-0.3505207522514979,70
ORIGA,SEARCH,20260907,0,Q2,OC,SS,C_CONT,-4.930554092595102,70
ORIGA,SEARCH,20260907,0,Q2,OC,SS,ANCHOR,-4.675554315167233,70
ORIGA,SEARCH,20260907,0,Q2,OC,SC,C_CONT,-3.902223826617927,70
ORIGA,SEARCH,20260907,0,Q2,OC,SC,ANCHOR,-3.647224049190058,70
ORIGA,SEARCH,20260907,0,Q2,OC,CS,C_CONT,-6.870425663824449,70
ORIGA,SEARCH,20260907,0,Q2,OC,CS,ANCHOR,-6.615425886396579,70
ORIGA,SEARCH,20260907,0,Q2,OC,CC,C_CONT,-5.596339105057112,70
ORIGA,SEARCH,20260907,0,Q2,OC,CC,ANCHOR,-5.3413393276292425,70
ORIGA,SEARCH,20260907,0,Q2,OC,OPTIMIZER_BY_PARAMETER_INTERACTION,ALGEBRA,-0.24575629279016198,70
ORIGA,SEALED_REVIEW,20260907,0,Q2,OD,SS,C_CONT,-2.8233026633430853,62
ORIGA,SEALED_REVIEW,20260907,0,Q2,OD,SS,ANCHOR,-3.343676476455684,62
ORIGA,SEALED_REVIEW,20260907,0,Q2,OD,SC,C_CONT,-1.9407669603537698,62
ORIGA,SEALED_REVIEW,20260907,0,Q2,OD,SC,ANCHOR,-2.4611407734663686,62
ORIGA,SEALED_REVIEW,20260907,0,Q2,OD,CS,C_CONT,-4.6242295674190785,62
ORIGA,SEALED_REVIEW,20260907,0,Q2,OD,CS,ANCHOR,-5.144603380531677,62
ORIGA,SEALED_REVIEW,20260907,0,Q2,OD,CC,C_CONT,-3.4024193627485175,62
ORIGA,SEALED_REVIEW,20260907,0,Q2,OD,CC,ANCHOR,-3.9227931758611163,62
ORIGA,SEALED_REVIEW,20260907,0,Q2,OD,OPTIMIZER_BY_PARAMETER_INTERACTION,ALGEBRA,-0.3392745016812455,62
ORIGA,SEALED_REVIEW,20260907,0,Q2,OC,SS,C_CONT,-3.61163161445252,62
ORIGA,SEALED_REVIEW,20260907,0,Q2,OC,SS,ANCHOR,-3.3306920927329315,62
ORIGA,SEALED_REVIEW,20260907,0,Q2,OC,SC,C_CONT,-2.4358869883476757,62
ORIGA,SEALED_REVIEW,20260907,0,Q2,OC,SC,ANCHOR,-2.1549474666280872,62
ORIGA,SEALED_REVIEW,20260907,0,Q2,OC,CS,C_CONT,-6.17300048677815,62
ORIGA,SEALED_REVIEW,20260907,0,Q2,OC,CS,ANCHOR,-5.892060965058562,62
ORIGA,SEALED_REVIEW,20260907,0,Q2,OC,CC,C_CONT,-4.363260582059553,62
ORIGA,SEALED_REVIEW,20260907,0,Q2,OC,CC,ANCHOR,-4.0823210603399644,62
ORIGA,SEALED_REVIEW,20260907,0,Q2,OC,OPTIMIZER_BY_PARAMETER_INTERACTION,ALGEBRA,-0.633995278613753,62
ORIGA,SEALED_REVIEW,20260907,0,Q3,OD,SS,C_CONT,-2.5774401078644615,45
ORIGA,SEALED_REVIEW,20260907,0,Q3,OD,SS,ANCHOR,-3.213243825955729,45
ORIGA,SEALED_REVIEW,20260907,0,Q3,OD,SC,C_CONT,-1.8409736891397301,45
ORIGA,SEALED_REVIEW,20260907,0,Q3,OD,SC,ANCHOR,-2.4767774072309976,45
ORIGA,SEALED_REVIEW,20260907,0,Q3,OD,CS,C_CONT,-3.661664962196298,45
ORIGA,SEALED_REVIEW,20260907,0,Q3,OD,CS,ANCHOR,-4.297468680287565,45
ORIGA,SEALED_REVIEW,20260907,0,Q3,OD,CC,C_CONT,-2.8214884489855905,45
ORIGA,SEALED_REVIEW,20260907,0,Q3,OD,CC,ANCHOR,-3.457292167076858,45
ORIGA,SEALED_REVIEW,20260907,0,Q3,OD,OPTIMIZER_BY_PARAMETER_INTERACTION,ALGEBRA,-0.1037100944859759,45
ORIGA,SEALED_REVIEW,20260907,0,Q3,OC,SS,C_CONT,-2.797926134971135,45
ORIGA,SEALED_REVIEW,20260907,0,Q3,OC,SS,ANCHOR,-2.6862269241654246,45
ORIGA,SEALED_REVIEW,20260907,0,Q3,OC,SC,C_CONT,-2.2318866087478995,45
ORIGA,SEALED_REVIEW,20260907,0,Q3,OC,SC,ANCHOR,-2.120187397942189,45
ORIGA,SEALED_REVIEW,20260907,0,Q3,OC,CS,C_CONT,-3.9800348426075516,45
ORIGA,SEALED_REVIEW,20260907,0,Q3,OC,CS,ANCHOR,-3.868335631801841,45
ORIGA,SEALED_REVIEW,20260907,0,Q3,OC,CC,C_CONT,-3.255434250626138,45
ORIGA,SEALED_REVIEW,20260907,0,Q3,OC,CC,ANCHOR,-3.1437350398204273,45
ORIGA,SEALED_REVIEW,20260907,0,Q3,OC,OPTIMIZER_BY_PARAMETER_INTERACTION,ALGEBRA,-0.1585610657581782,45
ORIGA,SEARCH,20260907,0,Q3,OD,SS,C_CONT,-2.7215152040566437,88
ORIGA,SEARCH,20260907,0,Q3,OD,SS,ANCHOR,-3.291576342681495,88
ORIGA,SEARCH,20260907,0,Q3,OD,SC,C_CONT,-1.9824793521935078,88
ORIGA,SEARCH,20260907,0,Q3,OD,SC,ANCHOR,-2.552540490818359,88
ORIGA,SEARCH,20260907,0,Q3,OD,CS,C_CONT,-3.905360678708192,88
ORIGA,SEARCH,20260907,0,Q3,OD,CS,ANCHOR,-4.475421817333043,88
ORIGA,SEARCH,20260907,0,Q3,OD,CC,C_CONT,-2.9810507076573174,88
ORIGA,SEARCH,20260907,0,Q3,OD,CC,ANCHOR,-3.5511118462821685,88
ORIGA,SEARCH,20260907,0,Q3,OD,OPTIMIZER_BY_PARAMETER_INTERACTION,ALGEBRA,-0.1852741191877385,88
ORIGA,SEARCH,20260907,0,Q3,OC,SS,C_CONT,-3.8287664909203727,88
ORIGA,SEARCH,20260907,0,Q3,OC,SS,ANCHOR,-3.6812254068033354,88
ORIGA,SEARCH,20260907,0,Q3,OC,SC,C_CONT,-2.848484136979053,88
ORIGA,SEARCH,20260907,0,Q3,OC,SC,ANCHOR,-2.7009430528620157,88
ORIGA,SEARCH,20260907,0,Q3,OC,CS,C_CONT,-5.562213295488007,88
ORIGA,SEARCH,20260907,0,Q3,OC,CS,ANCHOR,-5.41467221137097,88
ORIGA,SEARCH,20260907,0,Q3,OC,CC,C_CONT,-4.282466948210043,88
ORIGA,SEARCH,20260907,0,Q3,OC,CC,ANCHOR,-4.134925864093006,88
ORIGA,SEARCH,20260907,0,Q3,OC,OPTIMIZER_BY_PARAMETER_INTERACTION,ALGEBRA,-0.2994639933366443,88
ORIGA,SEARCH,20260907,0,Q4,OD,SS,CC,-0.054909149421717984,77
ORIGA,SEARCH,20260907,0,Q4,OD,SS,C_CONT,-1.4038634235276106,77
ORIGA,SEARCH,20260907,0,Q4,OD,SS,ANCHOR,-1.6245505858996978,77
ORIGA,SEARCH,20260907,0,Q4,OD,SC,C_CONT,-0.9029879336780198,77
ORIGA,SEARCH,20260907,0,Q4,OD,SC,ANCHOR,-1.123675096050107,77
ORIGA,SEARCH,20260907,0,Q4,OD,CS,C_CONT,-1.861971990375821,77
ORIGA,SEARCH,20260907,0,Q4,OD,CS,ANCHOR,-2.082659152747908,77
ORIGA,SEARCH,20260907,0,Q4,OD,CC,C_CONT,-1.3489542741058926,77
ORIGA,SEARCH,20260907,0,Q4,OD,CC,ANCHOR,-1.5696414364779798,77
ORIGA,SEARCH,20260907,0,Q4,OD,OPTIMIZER_BY_PARAMETER_INTERACTION,ALGEBRA,-0.012142226420337465,77
ORIGA,SEARCH,20260907,0,Q4,OC,SS,CC,-0.021556973992019834,77
ORIGA,SEARCH,20260907,0,Q4,OC,SS,C_CONT,-0.6266776161501042,77
ORIGA,SEARCH,20260907,0,Q4,OC,SS,ANCHOR,-0.2471946893811463,77
ORIGA,SEARCH,20260907,0,Q4,OC,SC,C_CONT,-0.39771354378079593,77
ORIGA,SEARCH,20260907,0,Q4,OC,SC,ANCHOR,-0.018230617011838035,77
ORIGA,SEARCH,20260907,0,Q4,OC,CS,C_CONT,-0.8942575572386744,77
ORIGA,SEARCH,20260907,0,Q4,OC,CS,ANCHOR,-0.5147746304697165,77
ORIGA,SEARCH,20260907,0,Q4,OC,CC,C_CONT,-0.6051206421580844,77
ORIGA,SEARCH,20260907,0,Q4,OC,CC,ANCHOR,-0.22563771538912647,77
ORIGA,SEARCH,20260907,0,Q4,OC,OPTIMIZER_BY_PARAMETER_INTERACTION,ALGEBRA,-0.06017284271128176,77
ORIGA,SEALED_REVIEW,20260907,0,Q4,OD,SS,CC,-0.020981077049341934,57
ORIGA,SEALED_REVIEW,20260907,0,Q4,OD,SS,C_CONT,-1.2072967511920325,57
ORIGA,SEALED_REVIEW,20260907,0,Q4,OD,SS,ANCHOR,-1.4277840427804165,57
ORIGA,SEALED_REVIEW,20260907,0,Q4,OD,SC,C_CONT,-0.772380148453891,57
ORIGA,SEALED_REVIEW,20260907,0,Q4,OD,SC,ANCHOR,-0.992867440042275,57
ORIGA,SEALED_REVIEW,20260907,0,Q4,OD,CS,C_CONT,-1.6275258353704913,57
ORIGA,SEALED_REVIEW,20260907,0,Q4,OD,CS,ANCHOR,-1.8480131269588753,57
ORIGA,SEALED_REVIEW,20260907,0,Q4,OD,CC,C_CONT,-1.1863156741426906,57
ORIGA,SEALED_REVIEW,20260907,0,Q4,OD,CC,ANCHOR,-1.4068029657310746,57
ORIGA,SEALED_REVIEW,20260907,0,Q4,OD,OPTIMIZER_BY_PARAMETER_INTERACTION,ALGEBRA,-0.00629355848965929,57
ORIGA,SEALED_REVIEW,20260907,0,Q4,OC,SS,C_CONT,-0.3323306059548372,57
ORIGA,SEALED_REVIEW,20260907,0,Q4,OC,SS,ANCHOR,-0.139240201018751,57
ORIGA,SEALED_REVIEW,20260907,0,Q4,OC,SC,C_CONT,-0.21000695758459642,57
ORIGA,SEALED_REVIEW,20260907,0,Q4,OC,SC,ANCHOR,-0.01691655264851022,57
ORIGA,SEALED_REVIEW,20260907,0,Q4,OC,CS,C_CONT,-0.5203941515735835,57
ORIGA,SEALED_REVIEW,20260907,0,Q4,OC,CS,ANCHOR,-0.3273037466374973,57
ORIGA,SEALED_REVIEW,20260907,0,Q4,OC,CC,C_CONT,-0.35519969159692266,57
ORIGA,SEALED_REVIEW,20260907,0,Q4,OC,CC,ANCHOR,-0.16210928666083646,57
ORIGA,SEALED_REVIEW,20260907,0,Q4,OC,OPTIMIZER_BY_PARAMETER_INTERACTION,ALGEBRA,-0.042870811606420034,57
REFUGE_Valid,SEARCH,20260907,0,ALL,OD,SS,SAME64_HOLD,-2.9182690293741445,406
REFUGE_Valid,SEARCH,20260907,0,ALL,OD,SC,SAME64_HOLD,-2.7970858280482247,406
REFUGE_Valid,SEARCH,20260907,0,ALL,OD,CS,CROSS64_HOLD,-1.0207657183997583,406
REFUGE_Valid,SEARCH,20260907,0,ALL,OD,CC,CROSS64_HOLD,-0.9406155133733876,406
REFUGE_Valid,SEARCH,20260907,0,ALL,OD,SS,SOURCE_HOLD,-1.441293235479705,406
REFUGE_Valid,SEARCH,20260907,0,ALL,OD,SC,SOURCE_HOLD,-1.3201100341537853,406
REFUGE_Valid,SEARCH,20260907,0,ALL,OD,CS,SOURCE_HOLD,-1.7652520573312103,406
REFUGE_Valid,SEARCH,20260907,0,ALL,OD,CC,SOURCE_HOLD,-1.6851018523048396,406
REFUGE_Valid,SEARCH,20260907,0,ALL,OC,CC,CS,-0.011592106479810127,406
REFUGE_Valid,SEARCH,20260907,0,ALL,OC,SS,SAME64_HOLD,-1.4358624521188972,406
REFUGE_Valid,SEARCH,20260907,0,ALL,OC,SC,SAME64_HOLD,-1.4122010708614,406
REFUGE_Valid,SEARCH,20260907,0,ALL,OC,CS,CROSS64_HOLD,-1.187352807982478,406
REFUGE_Valid,SEARCH,20260907,0,ALL,OC,CC,CROSS64_HOLD,-1.1989449144622881,406
REFUGE_Valid,SEARCH,20260907,0,ALL,OC,SS,SOURCE_HOLD,-1.5145013921207777,406
REFUGE_Valid,SEARCH,20260907,0,ALL,OC,SC,SOURCE_HOLD,-1.4908400108632804,406
REFUGE_Valid,SEARCH,20260907,0,ALL,OC,CS,SOURCE_HOLD,-1.655776451623808,406
REFUGE_Valid,SEARCH,20260907,0,ALL,OC,CC,SOURCE_HOLD,-1.6673685581036182,406
REFUGE_Valid,SEARCH,20260907,0,Q1,OD,SS,SAME64_HOLD,-0.40701745939780665,97
REFUGE_Valid,SEARCH,20260907,0,Q1,OD,SC,SAME64_HOLD,-0.25223028562247407,97
REFUGE_Valid,SEARCH,20260907,0,Q1,OC,CC,CS,-0.06329794403845312,97
REFUGE_Valid,SEARCH,20260907,0,Q1,OC,SS,SAME64_HOLD,-0.4146455754839664,97
REFUGE_Valid,SEARCH,20260907,0,Q1,OC,SC,SAME64_HOLD,-0.4012151937342594,97
REFUGE_Valid,SEARCH,20260907,0,Q1,OC,SS,SOURCE_HOLD,-0.31383154654174916,97
REFUGE_Valid,SEARCH,20260907,0,Q1,OC,SC,SOURCE_HOLD,-0.30040116479204215,97
REFUGE_Valid,SEARCH,20260907,0,Q1,OC,CS,SOURCE_HOLD,-0.3600741707093391,97
REFUGE_Valid,SEARCH,20260907,0,Q1,OC,CC,SOURCE_HOLD,-0.42337211474779224,97
REFUGE_Valid,SEARCH,20260907,0,FIRST64,OD,SS,SAME64_HOLD,-0.26680164452429267,39
REFUGE_Valid,SEARCH,20260907,0,FIRST64,OD,SC,SAME64_HOLD,-0.0998479780522814,39
REFUGE_Valid,SEARCH,20260907,0,FIRST64,OC,SC,SS,-0.00520535323049387,39
REFUGE_Valid,SEARCH,20260907,0,FIRST64,OC,CC,CS,-0.0610436668624601,39
REFUGE_Valid,SEARCH,20260907,0,FIRST64,OC,SS,SAME64_HOLD,-0.1023049624878496,39
REFUGE_Valid,SEARCH,20260907,0,FIRST64,OC,SC,SAME64_HOLD,-0.10751031571834346,39
REFUGE_Valid,SEARCH,20260907,0,FIRST64,OC,CS,SOURCE_HOLD,-0.13659550490635297,39
REFUGE_Valid,SEARCH,20260907,0,FIRST64,OC,CC,SOURCE_HOLD,-0.19763917176881307,39
REFUGE_Valid,SEALED_REVIEW,20260907,0,ALL,OD,SS,SAME64_HOLD,-2.8309073760434558,269
REFUGE_Valid,SEALED_REVIEW,20260907,0,ALL,OD,SC,SAME64_HOLD,-2.7197256094679574,269
REFUGE_Valid,SEALED_REVIEW,20260907,0,ALL,OD,CS,CROSS64_HOLD,-0.7993995415567241,269
REFUGE_Valid,SEALED_REVIEW,20260907,0,ALL,OD,CC,CROSS64_HOLD,-0.7366754653088918,269
REFUGE_Valid,SEALED_REVIEW,20260907,0,ALL,OD,SS,SOURCE_HOLD,-1.5660227378226352,269
REFUGE_Valid,SEALED_REVIEW,20260907,0,ALL,OD,SC,SOURCE_HOLD,-1.4548409712471368,269
REFUGE_Valid,SEALED_REVIEW,20260907,0,ALL,OD,CS,SOURCE_HOLD,-1.6993759072297365,269
REFUGE_Valid,SEALED_REVIEW,20260907,0,ALL,OD,CC,SOURCE_HOLD,-1.6366518309819043,269
REFUGE_Valid,SEALED_REVIEW,20260907,0,ALL,OC,CC,CS,-0.03838038052056447,269
REFUGE_Valid,SEALED_REVIEW,20260907,0,ALL,OC,SS,SAME64_HOLD,-1.2901007442834782,269
REFUGE_Valid,SEALED_REVIEW,20260907,0,ALL,OC,SC,SAME64_HOLD,-1.277976972578088,269
REFUGE_Valid,SEALED_REVIEW,20260907,0,ALL,OC,CS,CROSS64_HOLD,-0.9934650907600826,269
REFUGE_Valid,SEALED_REVIEW,20260907,0,ALL,OC,CC,CROSS64_HOLD,-1.031845471280647,269
REFUGE_Valid,SEALED_REVIEW,20260907,0,ALL,OC,SS,SOURCE_HOLD,-1.5031725697056686,269
REFUGE_Valid,SEALED_REVIEW,20260907,0,ALL,OC,SC,SOURCE_HOLD,-1.4910487980002785,269
REFUGE_Valid,SEALED_REVIEW,20260907,0,ALL,OC,CS,SOURCE_HOLD,-1.639706537756112,269
REFUGE_Valid,SEALED_REVIEW,20260907,0,ALL,OC,CC,SOURCE_HOLD,-1.6780869182766764,269
REFUGE_Valid,SEALED_REVIEW,20260907,0,Q1,OD,CC,CS,-0.009516835887865227,69
REFUGE_Valid,SEALED_REVIEW,20260907,0,Q1,OD,SS,CS,-0.18311527320051368,69
REFUGE_Valid,SEALED_REVIEW,20260907,0,Q1,OD,SC,CC,-0.07385121713976162,69
REFUGE_Valid,SEALED_REVIEW,20260907,0,Q1,OD,SS,CC,-0.17359843731264846,69
REFUGE_Valid,SEALED_REVIEW,20260907,0,Q1,OD,SS,SAME64_HOLD,-0.6960989900615715,69
REFUGE_Valid,SEALED_REVIEW,20260907,0,Q1,OD,SC,SAME64_HOLD,-0.5963517698886847,69
REFUGE_Valid,SEALED_REVIEW,20260907,0,Q1,OC,CC,CS,-0.05493267257395473,69
REFUGE_Valid,SEALED_REVIEW,20260907,0,Q1,OC,SS,CS,-0.19320995194335921,69
REFUGE_Valid,SEALED_REVIEW,20260907,0,Q1,OC,SC,CC,-0.10404564926021465,69
REFUGE_Valid,SEALED_REVIEW,20260907,0,Q1,OC,SS,CC,-0.13827727936940448,69
REFUGE_Valid,SEALED_REVIEW,20260907,0,Q1,OC,SS,SAME64_HOLD,-0.47279186284015395,69
REFUGE_Valid,SEALED_REVIEW,20260907,0,Q1,OC,SC,SAME64_HOLD,-0.4385602327309641,69
REFUGE_Valid,SEALED_REVIEW,20260907,0,Q1,OC,SS,SOURCE_HOLD,-0.5418500514267919,69
REFUGE_Valid,SEALED_REVIEW,20260907,0,Q1,OC,SC,SOURCE_HOLD,-0.507618421317602,69
REFUGE_Valid,SEALED_REVIEW,20260907,0,Q1,OC,CS,SOURCE_HOLD,-0.34864009948343266,69
REFUGE_Valid,SEALED_REVIEW,20260907,0,Q1,OC,CC,SOURCE_HOLD,-0.4035727720573874,69
REFUGE_Valid,SEALED_REVIEW,20260907,0,FIRST64,OD,CC,CS,-0.12924322386201936,20
REFUGE_Valid,SEALED_REVIEW,20260907,0,FIRST64,OD,SS,SAME64_HOLD,-0.35803888965716624,20
REFUGE_Valid,SEALED_REVIEW,20260907,0,FIRST64,OD,SC,SAME64_HOLD,-0.3299505760832062,20
REFUGE_Valid,SEALED_REVIEW,20260907,0,FIRST64,OC,CC,CS,-0.06240853044971573,20
REFUGE_Valid,SEALED_REVIEW,20260907,0,FIRST64,OC,SS,CS,-0.7480179704671457,20
REFUGE_Valid,SEALED_REVIEW,20260907,0,FIRST64,OC,SC,CC,-0.5516491906360983,20
REFUGE_Valid,SEALED_REVIEW,20260907,0,FIRST64,OC,SS,CC,-0.68560944001743,20
REFUGE_Valid,SEALED_REVIEW,20260907,0,FIRST64,OC,SS,SAME64_HOLD,-0.45739463922768664,20
REFUGE_Valid,SEALED_REVIEW,20260907,0,FIRST64,OC,SC,SAME64_HOLD,-0.323434389846355,20
REFUGE_Valid,SEALED_REVIEW,20260907,0,FIRST64,OC,SS,SOURCE_HOLD,-1.1962438788552987,20
REFUGE_Valid,SEALED_REVIEW,20260907,0,FIRST64,OC,SC,SOURCE_HOLD,-1.062283629473967,20
REFUGE_Valid,SEALED_REVIEW,20260907,0,FIRST64,OC,CS,SOURCE_HOLD,-0.448225908388153,20
REFUGE_Valid,SEALED_REVIEW,20260907,0,FIRST64,OC,CC,SOURCE_HOLD,-0.5106344388378687,20
REFUGE_Valid,SEALED_REVIEW,20260907,0,Q2,OD,SS,CS,-0.006379969629364268,80
REFUGE_Valid,SEALED_REVIEW,20260907,0,Q2,OD,SS,CC,-0.08074586352186941,80
REFUGE_Valid,SEALED_REVIEW,20260907,0,Q2,OD,SS,SAME64_HOLD,-2.022223562585708,80
REFUGE_Valid,SEALED_REVIEW,20260907,0,Q2,OD,SC,SAME64_HOLD,-1.870959174325705,80
REFUGE_Valid,SEALED_REVIEW,20260907,0,Q2,OD,CS,CROSS64_HOLD,-0.1972055386040097,80
REFUGE_Valid,SEALED_REVIEW,20260907,0,Q2,OD,CC,CROSS64_HOLD,-0.12283964471150455,80
REFUGE_Valid,SEALED_REVIEW,20260907,0,Q2,OD,SS,SOURCE_HOLD,-1.0949041908068011,80
REFUGE_Valid,SEALED_REVIEW,20260907,0,Q2,OD,SC,SOURCE_HOLD,-0.943639802546798,80
REFUGE_Valid,SEALED_REVIEW,20260907,0,Q2,OD,CS,SOURCE_HOLD,-1.0885242211774369,80
REFUGE_Valid,SEALED_REVIEW,20260907,0,Q2,OD,CC,SOURCE_HOLD,-1.0141583272849317,80
REFUGE_Valid,SEALED_REVIEW,20260907,0,Q2,OC,CC,CS,-0.03975328747542051,80
REFUGE_Valid,SEALED_REVIEW,20260907,0,Q2,OC,SS,SAME64_HOLD,-0.9041642424086689,80
REFUGE_Valid,SEALED_REVIEW,20260907,0,Q2,OC,SC,SAME64_HOLD,-0.8717806033213265,80
REFUGE_Valid,SEALED_REVIEW,20260907,0,Q2,OC,CS,CROSS64_HOLD,-0.5710246477535037,80
REFUGE_Valid,SEALED_REVIEW,20260907,0,Q2,OC,CC,CROSS64_HOLD,-0.6107779352289242,80
REFUGE_Valid,SEALED_REVIEW,20260907,0,Q2,OC,SS,SOURCE_HOLD,-1.1713534311573,80
REFUGE_Valid,SEALED_REVIEW,20260907,0,Q2,OC,SC,SOURCE_HOLD,-1.1389697920699575,80
REFUGE_Valid,SEALED_REVIEW,20260907,0,Q2,OC,CS,SOURCE_HOLD,-1.2917907766469057,80
REFUGE_Valid,SEALED_REVIEW,20260907,0,Q2,OC,CC,SOURCE_HOLD,-1.3315440641223262,80
REFUGE_Valid,SEARCH,20260907,0,Q2,OD,SS,SAME64_HOLD,-1.8872527704240412,89
REFUGE_Valid,SEARCH,20260907,0,Q2,OD,SC,SAME64_HOLD,-1.745333409448179,89
REFUGE_Valid,SEARCH,20260907,0,Q2,OD,CS,CROSS64_HOLD,-0.20488821759984432,89
REFUGE_Valid,SEARCH,20260907,0,Q2,OD,CC,CROSS64_HOLD,-0.1403347180367689,89
REFUGE_Valid,SEARCH,20260907,0,Q2,OD,SS,SOURCE_HOLD,-0.6394720196771715,89
REFUGE_Valid,SEARCH,20260907,0,Q2,OD,SC,SOURCE_HOLD,-0.49755265870130927,89
REFUGE_Valid,SEARCH,20260907,0,Q2,OD,CS,SOURCE_HOLD,-0.7977442026802919,89
REFUGE_Valid,SEARCH,20260907,0,Q2,OD,CC,SOURCE_HOLD,-0.7331907031172165,89
REFUGE_Valid,SEARCH,20260907,0,Q2,OC,SS,CS,-0.05457842440033289,89
REFUGE_Valid,SEARCH,20260907,0,Q2,OC,SS,CC,-0.06750724592222923,89
REFUGE_Valid,SEARCH,20260907,0,Q2,OC,SS,SAME64_HOLD,-1.0695412199867604,89
REFUGE_Valid,SEARCH,20260907,0,Q2,OC,SC,SAME64_HOLD,-1.0008394504969687,89
REFUGE_Valid,SEARCH,20260907,0,Q2,OC,CS,CROSS64_HOLD,-1.1874007638262185,89
REFUGE_Valid,SEARCH,20260907,0,Q2,OC,CC,CROSS64_HOLD,-1.1744719423043222,89
REFUGE_Valid,SEARCH,20260907,0,Q2,OC,SS,SOURCE_HOLD,-1.6038953713742643,89
REFUGE_Valid,SEARCH,20260907,0,Q2,OC,SC,SOURCE_HOLD,-1.5351936018844725,89
REFUGE_Valid,SEARCH,20260907,0,Q2,OC,CS,SOURCE_HOLD,-1.5493169469739314,89
REFUGE_Valid,SEARCH,20260907,0,Q2,OC,CC,SOURCE_HOLD,-1.536388125452035,89
REFUGE_Valid,SEARCH,20260907,0,Q3,OD,SS,SAME64_HOLD,-3.0804674948726785,100
REFUGE_Valid,SEARCH,20260907,0,Q3,OD,SC,SAME64_HOLD,-3.01653219462456,100
REFUGE_Valid,SEARCH,20260907,0,Q3,OD,CS,CROSS64_HOLD,-1.0167069996005864,100
REFUGE_Valid,SEARCH,20260907,0,Q3,OD,CC,CROSS64_HOLD,-0.985725776604184,100
REFUGE_Valid,SEARCH,20260907,0,Q3,OD,SS,SOURCE_HOLD,-1.4180396659057095,100
REFUGE_Valid,SEARCH,20260907,0,Q3,OD,SC,SOURCE_HOLD,-1.3541043656575908,100
REFUGE_Valid,SEARCH,20260907,0,Q3,OD,CS,SOURCE_HOLD,-1.7132933165952977,100
REFUGE_Valid,SEARCH,20260907,0,Q3,OD,CC,SOURCE_HOLD,-1.6823120935988953,100
REFUGE_Valid,SEARCH,20260907,0,Q3,OC,CC,CS,-0.018353612112107953,100
REFUGE_Valid,SEARCH,20260907,0,Q3,OC,SS,SAME64_HOLD,-1.3109486344044825,100
REFUGE_Valid,SEARCH,20260907,0,Q3,OC,SC,SAME64_HOLD,-1.303636006129807,100
REFUGE_Valid,SEARCH,20260907,0,Q3,OC,CS,CROSS64_HOLD,-0.9450179948603932,100
REFUGE_Valid,SEARCH,20260907,0,Q3,OC,CC,CROSS64_HOLD,-0.9633716069725011,100
REFUGE_Valid,SEARCH,20260907,0,Q3,OC,SS,SOURCE_HOLD,-1.1533082474100667,100
REFUGE_Valid,SEARCH,20260907,0,Q3,OC,SC,SOURCE_HOLD,-1.145995619135391,100
REFUGE_Valid,SEARCH,20260907,0,Q3,OC,CS,SOURCE_HOLD,-1.3943506424404433,100
REFUGE_Valid,SEARCH,20260907,0,Q3,OC,CC,SOURCE_HOLD,-1.4127042545525512,100
REFUGE_Valid,SEALED_REVIEW,20260907,0,Q3,OD,SS,SAME64_HOLD,-3.9840282534885887,68
REFUGE_Valid,SEALED_REVIEW,20260907,0,Q3,OD,SC,SAME64_HOLD,-3.9289835997660703,68
REFUGE_Valid,SEALED_REVIEW,20260907,0,Q3,OD,CS,CROSS64_HOLD,-1.554487050046177,68
REFUGE_Valid,SEALED_REVIEW,20260907,0,Q3,OD,CC,CROSS64_HOLD,-1.5020075568108666,68
REFUGE_Valid,SEALED_REVIEW,20260907,0,Q3,OD,SS,SOURCE_HOLD,-2.2316231984596016,68
REFUGE_Valid,SEALED_REVIEW,20260907,0,Q3,OD,SC,SOURCE_HOLD,-2.176578544737083,68
REFUGE_Valid,SEALED_REVIEW,20260907,0,Q3,OD,CS,SOURCE_HOLD,-2.6337984966948653,68
REFUGE_Valid,SEALED_REVIEW,20260907,0,Q3,OD,CC,SOURCE_HOLD,-2.581319003459555,68
REFUGE_Valid,SEALED_REVIEW,20260907,0,Q3,OC,CC,CS,-0.01797251657175991,68
REFUGE_Valid,SEALED_REVIEW,20260907,0,Q3,OC,SS,SAME64_HOLD,-1.6105450701943056,68
REFUGE_Valid,SEALED_REVIEW,20260907,0,Q3,OC,SC,SAME64_HOLD,-1.5976322100625069,68
REFUGE_Valid,SEALED_REVIEW,20260907,0,Q3,OC,CS,CROSS64_HOLD,-1.9015069273390353,68
REFUGE_Valid,SEALED_REVIEW,20260907,0,Q3,OC,CC,CROSS64_HOLD,-1.9194794439107952,68
REFUGE_Valid,SEALED_REVIEW,20260907,0,Q3,OC,SS,SOURCE_HOLD,-2.161552743345027,68
REFUGE_Valid,SEALED_REVIEW,20260907,0,Q3,OC,SC,SOURCE_HOLD,-2.148639883213228,68
REFUGE_Valid,SEALED_REVIEW,20260907,0,Q3,OC,CS,SOURCE_HOLD,-2.3501081843353617,68
REFUGE_Valid,SEALED_REVIEW,20260907,0,Q3,OC,CC,SOURCE_HOLD,-2.3680807009071216,68
REFUGE_Valid,SEARCH,20260907,0,Q4,OD,SS,SAME64_HOLD,-5.577702385910925,120
REFUGE_Valid,SEARCH,20260907,0,Q4,OD,SC,SAME64_HOLD,-5.451355129823796,120
REFUGE_Valid,SEARCH,20260907,0,Q4,OD,CS,CROSS64_HOLD,-3.8846565897682694,120
REFUGE_Valid,SEARCH,20260907,0,Q4,OD,CC,CROSS64_HOLD,-3.7238818635672146,120
REFUGE_Valid,SEARCH,20260907,0,Q4,OD,SS,SOURCE_HOLD,-4.116116613833384,120
REFUGE_Valid,SEARCH,20260907,0,Q4,OD,SC,SOURCE_HOLD,-3.9897693577462547,120
REFUGE_Valid,SEARCH,20260907,0,Q4,OD,CS,SOURCE_HOLD,-4.654338189119386,120
REFUGE_Valid,SEARCH,20260907,0,Q4,OD,CC,SOURCE_HOLD,-4.493563462918331,120
REFUGE_Valid,SEARCH,20260907,0,Q4,OD,OPTIMIZER_BY_PARAMETER_INTERACTION,ALGEBRA,-0.03442747011392555,120
REFUGE_Valid,SEARCH,20260907,0,Q4,OC,SS,SAME64_HOLD,-2.6371291893254707,120
REFUGE_Valid,SEARCH,20260907,0,Q4,OC,SC,SAME64_HOLD,-2.6249787439190797,120
REFUGE_Valid,SEARCH,20260907,0,Q4,OC,CS,CROSS64_HOLD,-2.5215002157638366,120
REFUGE_Valid,SEARCH,20260907,0,Q4,OC,CC,CROSS64_HOLD,-2.5038485371247106,120
REFUGE_Valid,SEARCH,20260907,0,Q4,OC,SS,SOURCE_HOLD,-2.719736603276452,120
REFUGE_Valid,SEARCH,20260907,0,Q4,OC,SC,SOURCE_HOLD,-2.707586157870061,120
REFUGE_Valid,SEARCH,20260907,0,Q4,OC,CS,SOURCE_HOLD,-2.9999481022978642,120
REFUGE_Valid,SEARCH,20260907,0,Q4,OC,CC,SOURCE_HOLD,-2.982296423658738,120
REFUGE_Valid,SEARCH,20260907,0,Q4,OC,OPTIMIZER_BY_PARAMETER_INTERACTION,ALGEBRA,-0.005501233232735103,120
REFUGE_Valid,SEALED_REVIEW,20260907,0,Q4,OD,SS,SAME64_HOLD,-5.399835530718505,52
REFUGE_Valid,SEALED_REVIEW,20260907,0,Q4,OD,SC,SAME64_HOLD,-5.261736501815648,52
REFUGE_Valid,SEALED_REVIEW,20260907,0,Q4,OD,CS,CROSS64_HOLD,-3.4924637899151065,52
REFUGE_Valid,SEALED_REVIEW,20260907,0,Q4,OD,CC,CROSS64_HOLD,-3.338395306539695,52
REFUGE_Valid,SEALED_REVIEW,20260907,0,Q4,OD,SS,SOURCE_HOLD,-3.7651336825877593,52
REFUGE_Valid,SEALED_REVIEW,20260907,0,Q4,OD,SC,SOURCE_HOLD,-3.627034653684902,52
REFUGE_Valid,SEALED_REVIEW,20260907,0,Q4,OD,CS,SOURCE_HOLD,-4.181853561658755,52
REFUGE_Valid,SEALED_REVIEW,20260907,0,Q4,OD,CC,SOURCE_HOLD,-4.027785078283344,52
REFUGE_Valid,SEALED_REVIEW,20260907,0,Q4,OD,OPTIMIZER_BY_PARAMETER_INTERACTION,ALGEBRA,-0.015969454472553934,52
REFUGE_Valid,SEALED_REVIEW,20260907,0,Q4,OC,SC,SS,-0.049412567398718465,52
REFUGE_Valid,SEALED_REVIEW,20260907,0,Q4,OC,CC,CS,-0.04099180437532368,52
REFUGE_Valid,SEALED_REVIEW,20260907,0,Q4,OC,SS,SAME64_HOLD,-2.549312644430401,52
REFUGE_Valid,SEALED_REVIEW,20260907,0,Q4,OC,SC,SAME64_HOLD,-2.5987252118291195,52
REFUGE_Valid,SEALED_REVIEW,20260907,0,Q4,OC,CS,CROSS64_HOLD,-2.282447166662692,52
REFUGE_Valid,SEALED_REVIEW,20260907,0,Q4,OC,CC,CROSS64_HOLD,-2.3234389710380157,52
REFUGE_Valid,SEALED_REVIEW,20260907,0,Q4,OC,SS,SOURCE_HOLD,-2.4283058973525016,52
REFUGE_Valid,SEALED_REVIEW,20260907,0,Q4,OC,SC,SOURCE_HOLD,-2.47771846475122,52
REFUGE_Valid,SEALED_REVIEW,20260907,0,Q4,OC,CS,SOURCE_HOLD,-2.959120637028434,52
REFUGE_Valid,SEALED_REVIEW,20260907,0,Q4,OC,CC,SOURCE_HOLD,-3.0001124414037577,52
REFUGE_Valid,SEALED_REVIEW,20260907,0,Q4,OC,OPTIMIZER_BY_PARAMETER_INTERACTION,ALGEBRA,-0.008420763023394784,52
ORIGA,SEARCH,20260907,1,ALL,OD,SS,C_CONT,-2.2012937547514895,316
ORIGA,SEARCH,20260907,1,ALL,OD,SS,ANCHOR,-2.49834045864381,316
ORIGA,SEARCH,20260907,1,ALL,OD,SC,C_CONT,-1.5534525123202343,316
ORIGA,SEARCH,20260907,1,ALL,OD,SC,ANCHOR,-1.8504992162125546,316
ORIGA,SEARCH,20260907,1,ALL,OD,CS,C_CONT,-4.653905250241664,316
ORIGA,SEARCH,20260907,1,ALL,OD,CS,ANCHOR,-4.950951954133984,316
ORIGA,SEARCH,20260907,1,ALL,OD,CC,C_CONT,-3.9424947881640833,316
ORIGA,SEARCH,20260907,1,ALL,OD,CC,ANCHOR,-4.239541492056404,316
ORIGA,SEARCH,20260907,1,ALL,OD,OPTIMIZER_BY_PARAMETER_INTERACTION,ALGEBRA,-0.06356921964632534,316
ORIGA,SEARCH,20260907,1,ALL,OC,SS,C_CONT,-0.694506541655926,316
ORIGA,SEARCH,20260907,1,ALL,OC,SS,ANCHOR,-1.4626014793473985,316
ORIGA,SEARCH,20260907,1,ALL,OC,SC,C_CONT,-0.0366821062342666,316
ORIGA,SEARCH,20260907,1,ALL,OC,SC,ANCHOR,-0.8047770439257391,316
ORIGA,SEARCH,20260907,1,ALL,OC,CS,C_CONT,-4.038288182828055,316
ORIGA,SEARCH,20260907,1,ALL,OC,CS,ANCHOR,-4.806383120519527,316
ORIGA,SEARCH,20260907,1,ALL,OC,CC,C_CONT,-3.419897723844741,316
ORIGA,SEARCH,20260907,1,ALL,OC,CC,ANCHOR,-4.187992661536214,316
ORIGA,SEARCH,20260907,1,Q1,OD,SS,C_CONT,-3.491264322617681,81
ORIGA,SEARCH,20260907,1,Q1,OD,SS,ANCHOR,-4.135530468579418,81
ORIGA,SEARCH,20260907,1,Q1,OD,SC,C_CONT,-2.823537877618037,81
ORIGA,SEARCH,20260907,1,Q1,OD,SC,ANCHOR,-3.467804023579774,81
ORIGA,SEARCH,20260907,1,Q1,OD,CS,C_CONT,-7.6436246810193325,81
ORIGA,SEARCH,20260907,1,Q1,OD,CS,ANCHOR,-8.28789082698107,81
ORIGA,SEARCH,20260907,1,Q1,OD,CC,C_CONT,-6.882588346622327,81
ORIGA,SEARCH,20260907,1,Q1,OD,CC,ANCHOR,-7.526854492584064,81
ORIGA,SEARCH,20260907,1,Q1,OD,OPTIMIZER_BY_PARAMETER_INTERACTION,ALGEBRA,-0.09330988939736073,81
ORIGA,SEARCH,20260907,1,Q1,OC,SS,C_CONT,-1.223786399756733,81
ORIGA,SEARCH,20260907,1,Q1,OC,SS,ANCHOR,-1.9218692296733195,81
ORIGA,SEARCH,20260907,1,Q1,OC,SC,C_CONT,-0.4538091342763835,81
ORIGA,SEARCH,20260907,1,Q1,OC,SC,ANCHOR,-1.15189196419297,81
ORIGA,SEARCH,20260907,1,Q1,OC,CS,C_CONT,-6.875101021523108,81
ORIGA,SEARCH,20260907,1,Q1,OC,CS,ANCHOR,-7.573183851439694,81
ORIGA,SEARCH,20260907,1,Q1,OC,CC,C_CONT,-6.13261919130445,81
ORIGA,SEARCH,20260907,1,Q1,OC,CC,ANCHOR,-6.830702021221036,81
ORIGA,SEARCH,20260907,1,FIRST64,OD,SS,C_CONT,-2.9408168599384084,35
ORIGA,SEARCH,20260907,1,FIRST64,OD,SS,ANCHOR,-3.64861013277563,35
ORIGA,SEARCH,20260907,1,FIRST64,OD,SC,C_CONT,-2.677453169632912,35
ORIGA,SEARCH,20260907,1,FIRST64,OD,SC,ANCHOR,-3.385246442470134,35
ORIGA,SEARCH,20260907,1,FIRST64,OD,CS,C_CONT,-6.792365290913324,35
ORIGA,SEARCH,20260907,1,FIRST64,OD,CS,ANCHOR,-7.500158563750546,35
ORIGA,SEARCH,20260907,1,FIRST64,OD,CC,C_CONT,-6.470438558616792,35
ORIGA,SEARCH,20260907,1,FIRST64,OD,CC,ANCHOR,-7.1782318314540134,35
ORIGA,SEARCH,20260907,1,FIRST64,OD,OPTIMIZER_BY_PARAMETER_INTERACTION,ALGEBRA,-0.0585630419910359,35
ORIGA,SEARCH,20260907,1,FIRST64,OC,SS,ANCHOR,-0.5333400240663764,35
ORIGA,SEARCH,20260907,1,FIRST64,OC,SC,ANCHOR,-0.33758886672694643,35
ORIGA,SEARCH,20260907,1,FIRST64,OC,CS,C_CONT,-4.975920883140326,35
ORIGA,SEARCH,20260907,1,FIRST64,OC,CS,ANCHOR,-5.824074978998446,35
ORIGA,SEARCH,20260907,1,FIRST64,OC,CC,C_CONT,-4.800607535281905,35
ORIGA,SEARCH,20260907,1,FIRST64,OC,CC,ANCHOR,-5.648761631140026,35
ORIGA,SEALED_REVIEW,20260907,1,ALL,OD,SS,C_CONT,-1.9994937521745868,210
ORIGA,SEALED_REVIEW,20260907,1,ALL,OD,SS,ANCHOR,-2.2173311340690844,210
ORIGA,SEALED_REVIEW,20260907,1,ALL,OD,SC,C_CONT,-1.3808643368357991,210
ORIGA,SEALED_REVIEW,20260907,1,ALL,OD,SC,ANCHOR,-1.5987017187302968,210
ORIGA,SEALED_REVIEW,20260907,1,ALL,OD,CS,C_CONT,-4.464980613608361,210
ORIGA,SEALED_REVIEW,20260907,1,ALL,OD,CS,ANCHOR,-4.682817995502859,210
ORIGA,SEALED_REVIEW,20260907,1,ALL,OD,CC,C_CONT,-3.7833440051858958,210
ORIGA,SEALED_REVIEW,20260907,1,ALL,OD,CC,ANCHOR,-4.001181387080393,210
ORIGA,SEALED_REVIEW,20260907,1,ALL,OD,OPTIMIZER_BY_PARAMETER_INTERACTION,ALGEBRA,-0.06300719308367775,210
ORIGA,SEALED_REVIEW,20260907,1,ALL,OC,SS,C_CONT,-0.06283638568514505,210
ORIGA,SEALED_REVIEW,20260907,1,ALL,OC,SS,ANCHOR,-0.6383379369882789,210
ORIGA,SEALED_REVIEW,20260907,1,ALL,OC,SC,ANCHOR,-0.11468383921179282,210
ORIGA,SEALED_REVIEW,20260907,1,ALL,OC,CS,C_CONT,-3.3849244947182626,210
ORIGA,SEALED_REVIEW,20260907,1,ALL,OC,CS,ANCHOR,-3.9604260460213965,210
ORIGA,SEALED_REVIEW,20260907,1,ALL,OC,CC,C_CONT,-2.742128317658185,210
ORIGA,SEALED_REVIEW,20260907,1,ALL,OC,CC,ANCHOR,-3.317629868961319,210
ORIGA,SEALED_REVIEW,20260907,1,ALL,OC,OPTIMIZER_BY_PARAMETER_INTERACTION,ALGEBRA,-0.11914207928359133,210
ORIGA,SEALED_REVIEW,20260907,1,Q1,OD,SS,C_CONT,-3.689284623962976,46
ORIGA,SEALED_REVIEW,20260907,1,Q1,OD,SS,ANCHOR,-4.293794306711121,46
ORIGA,SEALED_REVIEW,20260907,1,Q1,OD,SC,C_CONT,-2.970878216120383,46
ORIGA,SEALED_REVIEW,20260907,1,Q1,OD,SC,ANCHOR,-3.5753878988685273,46
ORIGA,SEALED_REVIEW,20260907,1,Q1,OD,CS,C_CONT,-9.07083300948031,46
ORIGA,SEALED_REVIEW,20260907,1,Q1,OD,CS,ANCHOR,-9.675342692228455,46
ORIGA,SEALED_REVIEW,20260907,1,Q1,OD,CC,C_CONT,-8.232566890062657,46
ORIGA,SEALED_REVIEW,20260907,1,Q1,OD,CC,ANCHOR,-8.837076572810801,46
ORIGA,SEALED_REVIEW,20260907,1,Q1,OD,OPTIMIZER_BY_PARAMETER_INTERACTION,ALGEBRA,-0.11985971157506015,46
ORIGA,SEALED_REVIEW,20260907,1,Q1,OC,SS,C_CONT,-1.4279544272895777,46
ORIGA,SEALED_REVIEW,20260907,1,Q1,OC,SS,ANCHOR,-2.0925669618689824,46
ORIGA,SEALED_REVIEW,20260907,1,Q1,OC,SC,C_CONT,-0.7542103713744979,46
ORIGA,SEALED_REVIEW,20260907,1,Q1,OC,SC,ANCHOR,-1.4188229059539026,46
ORIGA,SEALED_REVIEW,20260907,1,Q1,OC,CS,C_CONT,-8.544569207388513,46
ORIGA,SEALED_REVIEW,20260907,1,Q1,OC,CS,ANCHOR,-9.209181741967917,46
ORIGA,SEALED_REVIEW,20260907,1,Q1,OC,CC,C_CONT,-7.622343959501578,46
ORIGA,SEALED_REVIEW,20260907,1,Q1,OC,CC,ANCHOR,-8.286956494080982,46
ORIGA,SEALED_REVIEW,20260907,1,Q1,OC,OPTIMIZER_BY_PARAMETER_INTERACTION,ALGEBRA,-0.24848119197185525,46
ORIGA,SEALED_REVIEW,20260907,1,FIRST64,OD,SS,C_CONT,-3.6466000294485355,20
ORIGA,SEALED_REVIEW,20260907,1,FIRST64,OD,SS,ANCHOR,-4.236884469604661,20
ORIGA,SEALED_REVIEW,20260907,1,FIRST64,OD,SC,C_CONT,-3.3453217391193135,20
ORIGA,SEALED_REVIEW,20260907,1,FIRST64,OD,SC,ANCHOR,-3.935606179275439,20
ORIGA,SEALED_REVIEW,20260907,1,FIRST64,OD,CS,C_CONT,-9.453721400097152,20
ORIGA,SEALED_REVIEW,20260907,1,FIRST64,OD,CS,ANCHOR,-10.044005840253277,20
ORIGA,SEALED_REVIEW,20260907,1,FIRST64,OD,CC,C_CONT,-9.107408237114825,20
ORIGA,SEALED_REVIEW,20260907,1,FIRST64,OD,CC,ANCHOR,-9.69769267727095,20
ORIGA,SEALED_REVIEW,20260907,1,FIRST64,OD,OPTIMIZER_BY_PARAMETER_INTERACTION,ALGEBRA,-0.045034872653104685,20
ORIGA,SEALED_REVIEW,20260907,1,FIRST64,OC,SS,C_CONT,-0.987987985470717,20
ORIGA,SEALED_REVIEW,20260907,1,FIRST64,OC,SS,ANCHOR,-1.480872375597734,20
ORIGA,SEALED_REVIEW,20260907,1,FIRST64,OC,SC,C_CONT,-0.6395203776721416,20
ORIGA,SEALED_REVIEW,20260907,1,FIRST64,OC,SC,ANCHOR,-1.1324047677991587,20
ORIGA,SEALED_REVIEW,20260907,1,FIRST64,OC,CS,C_CONT,-8.161560744391387,20
ORIGA,SEALED_REVIEW,20260907,1,FIRST64,OC,CS,ANCHOR,-8.654445134518404,20
ORIGA,SEALED_REVIEW,20260907,1,FIRST64,OC,CC,C_CONT,-7.877093879170026,20
ORIGA,SEALED_REVIEW,20260907,1,FIRST64,OC,CC,ANCHOR,-8.369978269297043,20
ORIGA,SEARCH,20260907,1,Q2,OD,SS,C_CONT,-1.571171052893149,70
ORIGA,SEARCH,20260907,1,Q2,OD,SS,ANCHOR,-1.9397074421968483,70
ORIGA,SEARCH,20260907,1,Q2,OD,SC,C_CONT,-0.8285047683392435,70
ORIGA,SEARCH,20260907,1,Q2,OD,SC,ANCHOR,-1.1970411576429427,70
ORIGA,SEARCH,20260907,1,Q2,OD,CS,C_CONT,-4.766332681189567,70
ORIGA,SEARCH,20260907,1,Q2,OD,CS,ANCHOR,-5.1348690704932665,70
ORIGA,SEARCH,20260907,1,Q2,OD,CC,C_CONT,-3.887738681698096,70
ORIGA,SEARCH,20260907,1,Q2,OD,CC,ANCHOR,-4.256275071001795,70
ORIGA,SEARCH,20260907,1,Q2,OD,OPTIMIZER_BY_PARAMETER_INTERACTION,ALGEBRA,-0.13592771493756572,70
ORIGA,SEARCH,20260907,1,Q2,OC,SS,C_CONT,-0.07817298204143697,70
ORIGA,SEARCH,20260907,1,Q2,OC,SS,ANCHOR,-1.0307701004927878,70
ORIGA,SEARCH,20260907,1,Q2,OC,SC,ANCHOR,-0.282250947893516,70
ORIGA,SEARCH,20260907,1,Q2,OC,CS,C_CONT,-4.073397453274296,70
ORIGA,SEARCH,20260907,1,Q2,OC,CS,ANCHOR,-5.025994571725647,70
ORIGA,SEARCH,20260907,1,Q2,OC,CC,C_CONT,-3.4102079706680968,70
ORIGA,SEARCH,20260907,1,Q2,OC,CC,ANCHOR,-4.362805089119448,70
ORIGA,SEALED_REVIEW,20260907,1,Q2,OD,SS,C_CONT,-0.7418072818778683,62
ORIGA,SEALED_REVIEW,20260907,1,Q2,OD,SS,ANCHOR,-0.9160352198662878,62
ORIGA,SEALED_REVIEW,20260907,1,Q2,OD,SC,C_CONT,-0.035460442911769974,62
ORIGA,SEALED_REVIEW,20260907,1,Q2,OD,SC,ANCHOR,-0.20968838090018949,62
ORIGA,SEALED_REVIEW,20260907,1,Q2,OD,CS,C_CONT,-3.5870189484361816,62
ORIGA,SEALED_REVIEW,20260907,1,Q2,OD,CS,ANCHOR,-3.761246886424601,62
ORIGA,SEALED_REVIEW,20260907,1,Q2,OD,CC,C_CONT,-2.736487558170438,62
ORIGA,SEALED_REVIEW,20260907,1,Q2,OD,CC,ANCHOR,-2.9107154961588577,62
ORIGA,SEALED_REVIEW,20260907,1,Q2,OD,OPTIMIZER_BY_PARAMETER_INTERACTION,ALGEBRA,-0.14418455129964514,62
ORIGA,SEALED_REVIEW,20260907,1,Q2,OC,CS,C_CONT,-3.423864425853111,62
ORIGA,SEALED_REVIEW,20260907,1,Q2,OC,CS,ANCHOR,-3.97088017303534,62
ORIGA,SEALED_REVIEW,20260907,1,Q2,OC,CC,C_CONT,-2.4122308016070804,62
ORIGA,SEALED_REVIEW,20260907,1,Q2,OC,CC,ANCHOR,-2.9592465487893094,62
ORIGA,SEALED_REVIEW,20260907,1,Q2,OC,OPTIMIZER_BY_PARAMETER_INTERACTION,ALGEBRA,-0.2506378196770811,62
ORIGA,SEALED_REVIEW,20260907,1,Q3,OD,SS,C_CONT,-1.6278184417578814,45
ORIGA,SEALED_REVIEW,20260907,1,Q3,OD,SS,ANCHOR,-1.8446871821865756,45
ORIGA,SEALED_REVIEW,20260907,1,Q3,OD,SC,C_CONT,-0.9795880806438788,45
ORIGA,SEALED_REVIEW,20260907,1,Q3,OD,SC,ANCHOR,-1.196456821072573,45
ORIGA,SEALED_REVIEW,20260907,1,Q3,OD,CS,C_CONT,-3.422379168513089,45
ORIGA,SEALED_REVIEW,20260907,1,Q3,OD,CS,ANCHOR,-3.6392479089417833,45
ORIGA,SEALED_REVIEW,20260907,1,Q3,OD,CC,C_CONT,-2.822822165061609,45
ORIGA,SEALED_REVIEW,20260907,1,Q3,OD,CC,ANCHOR,-3.0396909054903034,45
ORIGA,SEALED_REVIEW,20260907,1,Q3,OC,CS,C_CONT,-1.7340047444724007,45
ORIGA,SEALED_REVIEW,20260907,1,Q3,OC,CS,ANCHOR,-2.3616434079409316,45
ORIGA,SEALED_REVIEW,20260907,1,Q3,OC,CC,C_CONT,-1.3045503828472107,45
ORIGA,SEALED_REVIEW,20260907,1,Q3,OC,CC,ANCHOR,-1.9321890463157416,45
ORIGA,SEARCH,20260907,1,Q3,OD,SS,C_CONT,-0.9855712163450363,88
ORIGA,SEARCH,20260907,1,Q3,OD,SS,ANCHOR,-1.14695834791209,88
ORIGA,SEARCH,20260907,1,Q3,OD,SC,C_CONT,-0.3099930420960675,88
ORIGA,SEARCH,20260907,1,Q3,OD,SC,ANCHOR,-0.4713801736631211,88
ORIGA,SEARCH,20260907,1,Q3,OD,CS,C_CONT,-3.163270571661755,88
ORIGA,SEARCH,20260907,1,Q3,OD,CS,ANCHOR,-3.3246577032288087,88
ORIGA,SEARCH,20260907,1,Q3,OD,CC,C_CONT,-2.4477699864897318,88
ORIGA,SEARCH,20260907,1,Q3,OD,CC,ANCHOR,-2.6091571180567854,88
ORIGA,SEARCH,20260907,1,Q3,OD,OPTIMIZER_BY_PARAMETER_INTERACTION,ALGEBRA,-0.039922410923054485,88
ORIGA,SEARCH,20260907,1,Q3,OC,SS,ANCHOR,-0.737996580251334,88
ORIGA,SEARCH,20260907,1,Q3,OC,CS,C_CONT,-3.4368839534533464,88
ORIGA,SEARCH,20260907,1,Q3,OC,CS,ANCHOR,-4.190369691876128,88
ORIGA,SEARCH,20260907,1,Q3,OC,CC,C_CONT,-2.6842589095912217,88
ORIGA,SEARCH,20260907,1,Q3,OC,CC,ANCHOR,-3.4377446480140037,88
ORIGA,SEARCH,20260907,1,Q4,OD,SS,CC,-0.1988434438322031,77
ORIGA,SEARCH,20260907,1,Q4,OD,SS,C_CONT,-2.806547735435771,77
ORIGA,SEARCH,20260907,1,Q4,OD,SS,ANCHOR,-2.8283865117723224,77
ORIGA,SEARCH,20260907,1,Q4,OD,SC,C_CONT,-2.297528627505585,77
ORIGA,SEARCH,20260907,1,Q4,OD,SC,ANCHOR,-2.3193674038421364,77
ORIGA,SEARCH,20260907,1,Q4,OD,CS,C_CONT,-3.1102514535622845,77
ORIGA,SEARCH,20260907,1,Q4,OD,CS,ANCHOR,-3.132090229898836,77
ORIGA,SEARCH,20260907,1,Q4,OD,CC,C_CONT,-2.607704291603568,77
ORIGA,SEARCH,20260907,1,Q4,OD,CC,ANCHOR,-2.6295430679401193,77
ORIGA,SEARCH,20260907,1,Q4,OC,SS,CC,-0.09366391832048748,77
ORIGA,SEARCH,20260907,1,Q4,OC,SS,C_CONT,-1.5094585189501544,77
ORIGA,SEARCH,20260907,1,Q4,OC,SS,ANCHOR,-2.2001695295275567,77
ORIGA,SEARCH,20260907,1,Q4,OC,SC,C_CONT,-1.1844150226290253,77
ORIGA,SEARCH,20260907,1,Q4,OC,SC,ANCHOR,-1.8751260332064277,77
ORIGA,SEARCH,20260907,1,Q4,OC,CS,C_CONT,-1.7095100441194973,77
ORIGA,SEARCH,20260907,1,Q4,OC,CS,ANCHOR,-2.4002210546968996,77
ORIGA,SEARCH,20260907,1,Q4,OC,CC,C_CONT,-1.4157946006296669,77
ORIGA,SEARCH,20260907,1,Q4,OC,CC,ANCHOR,-2.1065056112070693,77
ORIGA,SEALED_REVIEW,20260907,1,Q4,OD,SS,CC,-0.20750483836873457,57
ORIGA,SEALED_REVIEW,20260907,1,Q4,OD,SS,C_CONT,-2.2972405947163566,57
ORIGA,SEALED_REVIEW,20260907,1,Q4,OD,SS,ANCHOR,-2.2512261967665097,57
ORIGA,SEALED_REVIEW,20260907,1,Q4,OD,SC,C_CONT,-1.877914064990776,57
ORIGA,SEALED_REVIEW,20260907,1,Q4,OD,SC,ANCHOR,-1.831899667040929,57
ORIGA,SEALED_REVIEW,20260907,1,Q4,OD,CS,C_CONT,-2.5260591760618922,57
ORIGA,SEALED_REVIEW,20260907,1,Q4,OD,CS,ANCHOR,-2.4800447781120454,57
ORIGA,SEALED_REVIEW,20260907,1,Q4,OD,CC,C_CONT,-2.089735756347622,57
ORIGA,SEALED_REVIEW,20260907,1,Q4,OD,CC,ANCHOR,-2.043721358397775,57
ORIGA,SEALED_REVIEW,20260907,1,Q4,OD,OPTIMIZER_BY_PARAMETER_INTERACTION,ALGEBRA,-0.016996889988689645,57
ORIGA,SEALED_REVIEW,20260907,1,Q4,OC,SS,CC,-0.0970006434038595,57
ORIGA,SEALED_REVIEW,20260907,1,Q4,OC,SS,C_CONT,-0.3944751634631558,57
ORIGA,SEALED_REVIEW,20260907,1,Q4,OC,SS,ANCHOR,-0.8878862687548121,57
ORIGA,SEALED_REVIEW,20260907,1,Q4,OC,SC,C_CONT,-0.19500486294928976,57
ORIGA,SEALED_REVIEW,20260907,1,Q4,OC,SC,ANCHOR,-0.6884159682409461,57
ORIGA,SEALED_REVIEW,20260907,1,Q4,OC,CS,C_CONT,-0.4820026745054662,57
ORIGA,SEALED_REVIEW,20260907,1,Q4,OC,CS,ANCHOR,-0.9754137797971225,57
ORIGA,SEALED_REVIEW,20260907,1,Q4,OC,CC,C_CONT,-0.2974745200592963,57
ORIGA,SEALED_REVIEW,20260907,1,Q4,OC,CC,ANCHOR,-0.7908856253509526,57
REFUGE_Valid,SEARCH,20260907,1,ALL,OD,SC,SS,-0.16159341517416692,406
REFUGE_Valid,SEARCH,20260907,1,ALL,OD,CC,CS,-0.25726333739660845,406
REFUGE_Valid,SEARCH,20260907,1,ALL,OD,SS,SAME64_HOLD,-2.267568899472039,406
REFUGE_Valid,SEARCH,20260907,1,ALL,OD,SC,SAME64_HOLD,-2.429162314646206,406
REFUGE_Valid,SEARCH,20260907,1,ALL,OD,CS,CROSS64_HOLD,-0.5132630560196105,406
REFUGE_Valid,SEARCH,20260907,1,ALL,OD,CC,CROSS64_HOLD,-0.770526393416219,406
REFUGE_Valid,SEARCH,20260907,1,ALL,OD,SS,SOURCE_HOLD,-0.7905931055775994,406
REFUGE_Valid,SEARCH,20260907,1,ALL,OD,SC,SOURCE_HOLD,-0.9521865207517664,406
REFUGE_Valid,SEARCH,20260907,1,ALL,OD,CS,SOURCE_HOLD,-1.2507430826626802,406
REFUGE_Valid,SEARCH,20260907,1,ALL,OD,CC,SOURCE_HOLD,-1.5080064200592886,406
REFUGE_Valid,SEARCH,20260907,1,ALL,OC,SC,SS,-0.12325793270976249,406
REFUGE_Valid,SEARCH,20260907,1,ALL,OC,CC,CS,-0.16933989175311126,406
REFUGE_Valid,SEARCH,20260907,1,ALL,OC,SS,SAME64_HOLD,-1.201998380502701,406
REFUGE_Valid,SEARCH,20260907,1,ALL,OC,SC,SAME64_HOLD,-1.3252563132124635,406
REFUGE_Valid,SEARCH,20260907,1,ALL,OC,CS,CROSS64_HOLD,-0.9435122161708165,406
REFUGE_Valid,SEARCH,20260907,1,ALL,OC,CC,CROSS64_HOLD,-1.1128521079239277,406
REFUGE_Valid,SEARCH,20260907,1,ALL,OC,SS,SOURCE_HOLD,-1.2806373205045816,406
REFUGE_Valid,SEARCH,20260907,1,ALL,OC,SC,SOURCE_HOLD,-1.403895253214344,406
REFUGE_Valid,SEARCH,20260907,1,ALL,OC,CS,SOURCE_HOLD,-1.4882940637090343,406
REFUGE_Valid,SEARCH,20260907,1,ALL,OC,CC,SOURCE_HOLD,-1.6576339554621455,406
REFUGE_Valid,SEARCH,20260907,1,Q1,OD,SC,SS,-0.039454511688873595,97
REFUGE_Valid,SEARCH,20260907,1,Q1,OD,CC,CS,-0.1062593048100382,97
REFUGE_Valid,SEARCH,20260907,1,Q1,OD,SS,SAME64_HOLD,-0.4357965367721306,97
REFUGE_Valid,SEARCH,20260907,1,Q1,OD,SC,SAME64_HOLD,-0.4752510484610042,97
REFUGE_Valid,SEARCH,20260907,1,Q1,OC,SC,SS,-0.10163056812052673,97
REFUGE_Valid,SEARCH,20260907,1,Q1,OC,CC,CS,-0.1600371492306678,97
REFUGE_Valid,SEARCH,20260907,1,Q1,OC,SS,SAME64_HOLD,-0.4400051135307379,97
REFUGE_Valid,SEARCH,20260907,1,Q1,OC,SC,SAME64_HOLD,-0.5416356816512646,97
REFUGE_Valid,SEARCH,20260907,1,Q1,OC,CC,CROSS64_HOLD,-0.04466269481554974,97
REFUGE_Valid,SEARCH,20260907,1,Q1,OC,SS,SOURCE_HOLD,-0.33919108458852065,97
REFUGE_Valid,SEARCH,20260907,1,Q1,OC,SC,SOURCE_HOLD,-0.4408216527090474,97
REFUGE_Valid,SEARCH,20260907,1,Q1,OC,CS,SOURCE_HOLD,-0.5513643099285872,97
REFUGE_Valid,SEARCH,20260907,1,Q1,OC,CC,SOURCE_HOLD,-0.711401459159255,97
REFUGE_Valid,SEARCH,20260907,1,FIRST64,OD,CC,CS,-0.057407085589630924,39
REFUGE_Valid,SEARCH,20260907,1,FIRST64,OD,SS,SAME64_HOLD,-0.10054320819905627,39
REFUGE_Valid,SEARCH,20260907,1,FIRST64,OD,SC,SAME64_HOLD,-0.08472501585069381,39
REFUGE_Valid,SEARCH,20260907,1,FIRST64,OD,CS,C_CONT,-0.983380600438565,39
REFUGE_Valid,SEARCH,20260907,1,FIRST64,OD,CS,ANCHOR,-0.6058880176605044,39
REFUGE_Valid,SEARCH,20260907,1,FIRST64,OD,CC,C_CONT,-1.040787686028196,39
REFUGE_Valid,SEARCH,20260907,1,FIRST64,OD,CC,ANCHOR,-0.6632951032501353,39
REFUGE_Valid,SEARCH,20260907,1,FIRST64,OD,CC,SOURCE_HOLD,-0.03880661506184424,39
REFUGE_Valid,SEARCH,20260907,1,FIRST64,OC,SC,SS,-0.0936723508594639,39
REFUGE_Valid,SEARCH,20260907,1,FIRST64,OC,CC,CS,-0.12320440265138188,39
REFUGE_Valid,SEARCH,20260907,1,FIRST64,OC,SS,SAME64_HOLD,-0.1807110187106531,39
REFUGE_Valid,SEARCH,20260907,1,FIRST64,OC,SC,SAME64_HOLD,-0.274383369570117,39
REFUGE_Valid,SEARCH,20260907,1,FIRST64,OC,SS,SOURCE_HOLD,-0.059306580611647064,39
REFUGE_Valid,SEARCH,20260907,1,FIRST64,OC,SC,SOURCE_HOLD,-0.15297893147111097,39
REFUGE_Valid,SEARCH,20260907,1,FIRST64,OC,CS,SOURCE_HOLD,-0.44723798181168206,39
REFUGE_Valid,SEARCH,20260907,1,FIRST64,OC,CC,SOURCE_HOLD,-0.570442384463064,39
REFUGE_Valid,SEALED_REVIEW,20260907,1,ALL,OD,SC,SS,-0.15532707761538234,269
REFUGE_Valid,SEALED_REVIEW,20260907,1,ALL,OD,CC,CS,-0.2713211763403933,269
REFUGE_Valid,SEALED_REVIEW,20260907,1,ALL,OD,SS,SAME64_HOLD,-2.2957053269740157,269
REFUGE_Valid,SEALED_REVIEW,20260907,1,ALL,OD,SC,SAME64_HOLD,-2.451032404589398,269
REFUGE_Valid,SEALED_REVIEW,20260907,1,ALL,OD,CS,CROSS64_HOLD,-0.44150675571889053,269
REFUGE_Valid,SEALED_REVIEW,20260907,1,ALL,OD,CC,CROSS64_HOLD,-0.7128279320592839,269
REFUGE_Valid,SEALED_REVIEW,20260907,1,ALL,OD,SS,SOURCE_HOLD,-1.0308206887531952,269
REFUGE_Valid,SEALED_REVIEW,20260907,1,ALL,OD,SC,SOURCE_HOLD,-1.1861477663685775,269
REFUGE_Valid,SEALED_REVIEW,20260907,1,ALL,OD,CS,SOURCE_HOLD,-1.3416723426244204,269
REFUGE_Valid,SEALED_REVIEW,20260907,1,ALL,OD,CC,SOURCE_HOLD,-1.6129935189648137,269
REFUGE_Valid,SEALED_REVIEW,20260907,1,ALL,OC,SC,SS,-0.12413183916143566,269
REFUGE_Valid,SEALED_REVIEW,20260907,1,ALL,OC,CC,CS,-0.1766820850817652,269
REFUGE_Valid,SEALED_REVIEW,20260907,1,ALL,OC,SS,SAME64_HOLD,-1.1696446169914054,269
REFUGE_Valid,SEALED_REVIEW,20260907,1,ALL,OC,SC,SAME64_HOLD,-1.293776456152841,269
REFUGE_Valid,SEALED_REVIEW,20260907,1,ALL,OC,CS,CROSS64_HOLD,-0.9056474602729736,269
REFUGE_Valid,SEALED_REVIEW,20260907,1,ALL,OC,CC,CROSS64_HOLD,-1.0823295453547388,269
REFUGE_Valid,SEALED_REVIEW,20260907,1,ALL,OC,SS,SOURCE_HOLD,-1.3827164424135958,269
REFUGE_Valid,SEALED_REVIEW,20260907,1,ALL,OC,SC,SOURCE_HOLD,-1.5068482815750315,269
REFUGE_Valid,SEALED_REVIEW,20260907,1,ALL,OC,CS,SOURCE_HOLD,-1.566653818505145,269
REFUGE_Valid,SEALED_REVIEW,20260907,1,ALL,OC,CC,SOURCE_HOLD,-1.7433359035869103,269
REFUGE_Valid,SEALED_REVIEW,20260907,1,Q1,OD,SC,SS,-0.09256076672798486,69
REFUGE_Valid,SEALED_REVIEW,20260907,1,Q1,OD,CC,CS,-0.19905458626989514,69
REFUGE_Valid,SEALED_REVIEW,20260907,1,Q1,OD,SS,SAME64_HOLD,-0.8367103972977787,69
REFUGE_Valid,SEALED_REVIEW,20260907,1,Q1,OD,SC,SAME64_HOLD,-0.9292711640257636,69
REFUGE_Valid,SEALED_REVIEW,20260907,1,Q1,OD,SC,SOURCE_HOLD,-0.032164235122607465,69
REFUGE_Valid,SEALED_REVIEW,20260907,1,Q1,OD,CS,SOURCE_HOLD,-0.20587274481844986,69
REFUGE_Valid,SEALED_REVIEW,20260907,1,Q1,OD,CC,SOURCE_HOLD,-0.404927331088345,69
REFUGE_Valid,SEALED_REVIEW,20260907,1,Q1,OC,SC,SS,-0.06743389113252363,69
REFUGE_Valid,SEALED_REVIEW,20260907,1,Q1,OC,CC,CS,-0.16018534986051236,69
REFUGE_Valid,SEALED_REVIEW,20260907,1,Q1,OC,SS,CS,-0.0379474783358944,69
REFUGE_Valid,SEALED_REVIEW,20260907,1,Q1,OC,SS,SAME64_HOLD,-0.4891389156838528,69
REFUGE_Valid,SEALED_REVIEW,20260907,1,Q1,OC,SC,SAME64_HOLD,-0.5565728068163764,69
REFUGE_Valid,SEALED_REVIEW,20260907,1,Q1,OC,SS,SOURCE_HOLD,-0.5581971042704907,69
REFUGE_Valid,SEALED_REVIEW,20260907,1,Q1,OC,SC,SOURCE_HOLD,-0.6256309954030144,69
REFUGE_Valid,SEALED_REVIEW,20260907,1,Q1,OC,CS,SOURCE_HOLD,-0.5202496259345963,69
REFUGE_Valid,SEALED_REVIEW,20260907,1,Q1,OC,CC,SOURCE_HOLD,-0.6804349757951087,69
REFUGE_Valid,SEALED_REVIEW,20260907,1,FIRST64,OD,SC,SS,-0.08808574123048629,20
REFUGE_Valid,SEALED_REVIEW,20260907,1,FIRST64,OD,CC,CS,-0.22096311892900644,20
REFUGE_Valid,SEALED_REVIEW,20260907,1,FIRST64,OD,SS,SAME64_HOLD,-0.40877976880985045,20
REFUGE_Valid,SEALED_REVIEW,20260907,1,FIRST64,OD,SC,SAME64_HOLD,-0.49686551004033674,20
REFUGE_Valid,SEALED_REVIEW,20260907,1,FIRST64,OD,CS,SOURCE_HOLD,-0.294546274333257,20
REFUGE_Valid,SEALED_REVIEW,20260907,1,FIRST64,OD,CC,C_CONT,-0.016322682966873003,20
REFUGE_Valid,SEALED_REVIEW,20260907,1,FIRST64,OD,CC,SOURCE_HOLD,-0.5155093932622634,20
REFUGE_Valid,SEALED_REVIEW,20260907,1,FIRST64,OC,CC,CS,-0.11485989562568477,20
REFUGE_Valid,SEALED_REVIEW,20260907,1,FIRST64,OC,SS,CS,-0.5248455351052286,20
REFUGE_Valid,SEALED_REVIEW,20260907,1,FIRST64,OC,SC,CC,-0.3469397667511913,20
REFUGE_Valid,SEALED_REVIEW,20260907,1,FIRST64,OC,SS,CC,-0.4099856394795438,20
REFUGE_Valid,SEALED_REVIEW,20260907,1,FIRST64,OC,SS,SAME64_HOLD,-0.4410319197670134,20
REFUGE_Valid,SEALED_REVIEW,20260907,1,FIRST64,OC,SC,SAME64_HOLD,-0.3779860470386609,20
REFUGE_Valid,SEALED_REVIEW,20260907,1,FIRST64,OC,CS,CROSS64_HOLD,-0.1007135933694343,20
REFUGE_Valid,SEALED_REVIEW,20260907,1,FIRST64,OC,CC,CROSS64_HOLD,-0.21557348899511908,20
REFUGE_Valid,SEALED_REVIEW,20260907,1,FIRST64,OC,SS,C_CONT,-0.024431151179058475,20
REFUGE_Valid,SEALED_REVIEW,20260907,1,FIRST64,OC,SS,SOURCE_HOLD,-1.1798811593946255,20
REFUGE_Valid,SEALED_REVIEW,20260907,1,FIRST64,OC,SC,SOURCE_HOLD,-1.116835286666273,20
REFUGE_Valid,SEALED_REVIEW,20260907,1,FIRST64,OC,CS,SOURCE_HOLD,-0.6550356242893969,20
REFUGE_Valid,SEALED_REVIEW,20260907,1,FIRST64,OC,CC,SOURCE_HOLD,-0.7698955199150816,20
REFUGE_Valid,SEALED_REVIEW,20260907,1,Q2,OD,SC,SS,-0.13087147374481845,80
REFUGE_Valid,SEALED_REVIEW,20260907,1,Q2,OD,CC,CS,-0.2623867058757128,80
REFUGE_Valid,SEALED_REVIEW,20260907,1,Q2,OD,SS,SAME64_HOLD,-1.615486783275216,80
REFUGE_Valid,SEALED_REVIEW,20260907,1,Q2,OD,SC,SAME64_HOLD,-1.7463582570200344,80
REFUGE_Valid,SEALED_REVIEW,20260907,1,Q2,OD,CC,CROSS64_HOLD,-0.2055082778135926,80
REFUGE_Valid,SEALED_REVIEW,20260907,1,Q2,OD,SS,SOURCE_HOLD,-0.688167411496309,80
REFUGE_Valid,SEALED_REVIEW,20260907,1,Q2,OD,SC,SOURCE_HOLD,-0.8190388852411274,80
REFUGE_Valid,SEALED_REVIEW,20260907,1,Q2,OD,CS,SOURCE_HOLD,-0.8558941272092397,80
REFUGE_Valid,SEALED_REVIEW,20260907,1,Q2,OD,CC,SOURCE_HOLD,-1.1182808330849525,80
REFUGE_Valid,SEALED_REVIEW,20260907,1,Q2,OC,SC,SS,-0.1027550512469304,80
REFUGE_Valid,SEALED_REVIEW,20260907,1,Q2,OC,CC,CS,-0.1543684431553345,80
REFUGE_Valid,SEALED_REVIEW,20260907,1,Q2,OC,SS,SAME64_HOLD,-0.7462000780641915,80
REFUGE_Valid,SEALED_REVIEW,20260907,1,Q2,OC,SC,SAME64_HOLD,-0.8489551293111219,80
REFUGE_Valid,SEALED_REVIEW,20260907,1,Q2,OC,CS,CROSS64_HOLD,-0.4715699197535912,80
REFUGE_Valid,SEALED_REVIEW,20260907,1,Q2,OC,CC,CROSS64_HOLD,-0.6259383629089257,80
REFUGE_Valid,SEALED_REVIEW,20260907,1,Q2,OC,SS,SOURCE_HOLD,-1.0133892668128226,80
REFUGE_Valid,SEALED_REVIEW,20260907,1,Q2,OC,SC,SOURCE_HOLD,-1.116144318059753,80
REFUGE_Valid,SEALED_REVIEW,20260907,1,Q2,OC,CS,SOURCE_HOLD,-1.1940986563500076,80
REFUGE_Valid,SEALED_REVIEW,20260907,1,Q2,OC,CC,SOURCE_HOLD,-1.348467099505342,80
REFUGE_Valid,SEARCH,20260907,1,Q2,OD,SC,SS,-0.18359737340072968,89
REFUGE_Valid,SEARCH,20260907,1,Q2,OD,CC,CS,-0.28312873283999807,89
REFUGE_Valid,SEARCH,20260907,1,Q2,OD,SS,SAME64_HOLD,-1.40991361409273,89
REFUGE_Valid,SEARCH,20260907,1,Q2,OD,SC,SAME64_HOLD,-1.5935109874934597,89
REFUGE_Valid,SEARCH,20260907,1,Q2,OD,CC,CROSS64_HOLD,-0.03482757347546794,89
REFUGE_Valid,SEARCH,20260907,1,Q2,OD,SS,SOURCE_HOLD,-0.1621328633458603,89
REFUGE_Valid,SEARCH,20260907,1,Q2,OD,SC,SOURCE_HOLD,-0.34573023674659,89
REFUGE_Valid,SEARCH,20260907,1,Q2,OD,CS,SOURCE_HOLD,-0.4625305365920127,89
REFUGE_Valid,SEARCH,20260907,1,Q2,OD,CC,SOURCE_HOLD,-0.7456592694320108,89
REFUGE_Valid,SEARCH,20260907,1,Q2,OC,SC,SS,-0.06911976414710352,89
REFUGE_Valid,SEARCH,20260907,1,Q2,OC,CC,CS,-0.11117749564827761,89
REFUGE_Valid,SEARCH,20260907,1,Q2,OC,SS,SAME64_HOLD,-0.8133967656280561,89
REFUGE_Valid,SEARCH,20260907,1,Q2,OC,SC,SAME64_HOLD,-0.8825165297751596,89
REFUGE_Valid,SEARCH,20260907,1,Q2,OC,CS,CROSS64_HOLD,-0.9807458283878105,89
REFUGE_Valid,SEARCH,20260907,1,Q2,OC,CC,CROSS64_HOLD,-1.0919233240360882,89
REFUGE_Valid,SEARCH,20260907,1,Q2,OC,SS,SOURCE_HOLD,-1.34775091701556,89
REFUGE_Valid,SEARCH,20260907,1,Q2,OC,SC,SOURCE_HOLD,-1.4168706811626635,89
REFUGE_Valid,SEARCH,20260907,1,Q2,OC,CS,SOURCE_HOLD,-1.4260974658121484,89
REFUGE_Valid,SEARCH,20260907,1,Q2,OC,CC,SOURCE_HOLD,-1.537274961460426,89
REFUGE_Valid,SEARCH,20260907,1,Q3,OD,SC,SS,-0.1562427571854812,100
REFUGE_Valid,SEARCH,20260907,1,Q3,OD,CC,CS,-0.2776131146879379,100
REFUGE_Valid,SEARCH,20260907,1,Q3,OD,SS,SAME64_HOLD,-2.383870862244706,100
REFUGE_Valid,SEARCH,20260907,1,Q3,OD,SC,SAME64_HOLD,-2.540113619430187,100
REFUGE_Valid,SEARCH,20260907,1,Q3,OD,CS,CROSS64_HOLD,-0.32689951985935295,100
REFUGE_Valid,SEARCH,20260907,1,Q3,OD,CC,CROSS64_HOLD,-0.6045126345472909,100
REFUGE_Valid,SEARCH,20260907,1,Q3,OD,SS,SOURCE_HOLD,-0.7214430332777368,100
REFUGE_Valid,SEARCH,20260907,1,Q3,OD,SC,SOURCE_HOLD,-0.877685790463218,100
REFUGE_Valid,SEARCH,20260907,1,Q3,OD,CS,SOURCE_HOLD,-0.9807323653784721,100
REFUGE_Valid,SEARCH,20260907,1,Q3,OD,CC,SOURCE_HOLD,-1.25834548006641,100
REFUGE_Valid,SEARCH,20260907,1,Q3,OC,SC,SS,-0.13821173517060004,100
REFUGE_Valid,SEARCH,20260907,1,Q3,OC,CC,CS,-0.17364324373531304,100
REFUGE_Valid,SEARCH,20260907,1,Q3,OC,SS,SAME64_HOLD,-1.1260921579671646,100
REFUGE_Valid,SEARCH,20260907,1,Q3,OC,SC,SAME64_HOLD,-1.2643038931377646,100
REFUGE_Valid,SEARCH,20260907,1,Q3,OC,CS,CROSS64_HOLD,-0.6831538257972767,100
REFUGE_Valid,SEARCH,20260907,1,Q3,OC,CC,CROSS64_HOLD,-0.8567970695325897,100
REFUGE_Valid,SEARCH,20260907,1,Q3,OC,SS,SOURCE_HOLD,-0.9684517709727487,100
REFUGE_Valid,SEARCH,20260907,1,Q3,OC,SC,SOURCE_HOLD,-1.1066635061433487,100
REFUGE_Valid,SEARCH,20260907,1,Q3,OC,CS,SOURCE_HOLD,-1.197825857165327,100
REFUGE_Valid,SEARCH,20260907,1,Q3,OC,CC,SOURCE_HOLD,-1.3714691009006401,100
REFUGE_Valid,SEALED_REVIEW,20260907,1,Q3,OD,SC,SS,-0.20626550530597854,68
REFUGE_Valid,SEALED_REVIEW,20260907,1,Q3,OD,CC,CS,-0.31470899354832227,68
REFUGE_Valid,SEALED_REVIEW,20260907,1,Q3,OD,SS,SAME64_HOLD,-3.1429044404171833,68
REFUGE_Valid,SEALED_REVIEW,20260907,1,Q3,OD,SC,SAME64_HOLD,-3.349169945723162,68
REFUGE_Valid,SEALED_REVIEW,20260907,1,Q3,OD,CS,CROSS64_HOLD,-0.7288410523063504,68
REFUGE_Valid,SEALED_REVIEW,20260907,1,Q3,OD,CC,CROSS64_HOLD,-1.0435500458546727,68
REFUGE_Valid,SEALED_REVIEW,20260907,1,Q3,OD,SS,SOURCE_HOLD,-1.3904993853881962,68
REFUGE_Valid,SEALED_REVIEW,20260907,1,Q3,OD,SC,SOURCE_HOLD,-1.5967648906941747,68
REFUGE_Valid,SEALED_REVIEW,20260907,1,Q3,OD,CS,SOURCE_HOLD,-1.7524257976617008,68
REFUGE_Valid,SEALED_REVIEW,20260907,1,Q3,OD,CC,SOURCE_HOLD,-2.067134791210023,68
REFUGE_Valid,SEALED_REVIEW,20260907,1,Q3,OC,SC,SS,-0.11858658253305521,68
REFUGE_Valid,SEALED_REVIEW,20260907,1,Q3,OC,CC,CS,-0.1686953406557805,68
REFUGE_Valid,SEALED_REVIEW,20260907,1,Q3,OC,SS,SAME64_HOLD,-1.52028366665391,68
REFUGE_Valid,SEALED_REVIEW,20260907,1,Q3,OC,SC,SAME64_HOLD,-1.6388702491869651,68
REFUGE_Valid,SEALED_REVIEW,20260907,1,Q3,OC,CS,CROSS64_HOLD,-1.7334067990876392,68
REFUGE_Valid,SEALED_REVIEW,20260907,1,Q3,OC,CC,CROSS64_HOLD,-1.9021021397434197,68
REFUGE_Valid,SEALED_REVIEW,20260907,1,Q3,OC,SS,SOURCE_HOLD,-2.071291339804631,68
REFUGE_Valid,SEALED_REVIEW,20260907,1,Q3,OC,SC,SOURCE_HOLD,-2.1898779223376863,68
REFUGE_Valid,SEALED_REVIEW,20260907,1,Q3,OC,CS,SOURCE_HOLD,-2.2437700974881025,68
REFUGE_Valid,SEALED_REVIEW,20260907,1,Q3,OC,CC,SOURCE_HOLD,-2.412465438143883,68
REFUGE_Valid,SEARCH,20260907,1,Q4,OD,SC,SS,-0.24846164146403282,120
REFUGE_Valid,SEARCH,20260907,1,Q4,OD,CC,CS,-0.3431832810408082,120
REFUGE_Valid,SEARCH,20260907,1,Q4,OD,SS,SAME64_HOLD,-4.287427593666862,120
REFUGE_Valid,SEARCH,20260907,1,Q4,OD,SC,SAME64_HOLD,-4.535889235130895,120
REFUGE_Valid,SEARCH,20260907,1,Q4,OD,CS,CROSS64_HOLD,-2.7279690158777044,120
REFUGE_Valid,SEARCH,20260907,1,Q4,OD,CC,CROSS64_HOLD,-3.0711522969185125,120
REFUGE_Valid,SEARCH,20260907,1,Q4,OD,SS,SOURCE_HOLD,-2.8258418215893215,120
REFUGE_Valid,SEARCH,20260907,1,Q4,OD,SC,SOURCE_HOLD,-3.0743034630533543,120
REFUGE_Valid,SEARCH,20260907,1,Q4,OD,CS,SOURCE_HOLD,-3.4618371166036326,120
REFUGE_Valid,SEARCH,20260907,1,Q4,OD,CC,SOURCE_HOLD,-3.8050203976444408,120
REFUGE_Valid,SEARCH,20260907,1,Q4,OC,SC,SS,-0.16843102538598487,120
REFUGE_Valid,SEARCH,20260907,1,Q4,OC,CC,CS,-0.21641059241802907,120
REFUGE_Valid,SEARCH,20260907,1,Q4,OC,SS,SAME64_HOLD,-2.1694109877833583,120
REFUGE_Valid,SEARCH,20260907,1,Q4,OC,SC,SAME64_HOLD,-2.337842013169343,120
REFUGE_Valid,SEARCH,20260907,1,Q4,OC,CS,CROSS64_HOLD,-1.9887960044781323,120
REFUGE_Valid,SEARCH,20260907,1,Q4,OC,CC,CROSS64_HOLD,-2.2052065968961614,120
REFUGE_Valid,SEARCH,20260907,1,Q4,OC,SS,SOURCE_HOLD,-2.2520184017343396,120
REFUGE_Valid,SEARCH,20260907,1,Q4,OC,SC,SOURCE_HOLD,-2.4204494271203245,120
REFUGE_Valid,SEARCH,20260907,1,Q4,OC,CS,SOURCE_HOLD,-2.5338315969082146,120
REFUGE_Valid,SEARCH,20260907,1,Q4,OC,CC,SOURCE_HOLD,-2.7502421893262436,120
REFUGE_Valid,SEALED_REVIEW,20260907,1,Q4,OD,SC,SS,-0.20962535988293496,52
REFUGE_Valid,SEALED_REVIEW,20260907,1,Q4,OD,CC,CS,-0.32422080676151666,52
REFUGE_Valid,SEALED_REVIEW,20260907,1,Q4,OD,SS,SAME64_HOLD,-4.17029367177075,52
REFUGE_Valid,SEALED_REVIEW,20260907,1,Q4,OD,SC,SAME64_HOLD,-4.379919031653685,52
REFUGE_Valid,SEALED_REVIEW,20260907,1,Q4,OD,CS,CROSS64_HOLD,-2.3535216145876774,52
REFUGE_Valid,SEALED_REVIEW,20260907,1,Q4,OD,CC,CROSS64_HOLD,-2.677742421349194,52
REFUGE_Valid,SEALED_REVIEW,20260907,1,Q4,OD,SS,SOURCE_HOLD,-2.5355918236400043,52
REFUGE_Valid,SEALED_REVIEW,20260907,1,Q4,OD,SC,SOURCE_HOLD,-2.7452171835229393,52
REFUGE_Valid,SEALED_REVIEW,20260907,1,Q4,OD,CS,SOURCE_HOLD,-3.0590030068415786,52
REFUGE_Valid,SEALED_REVIEW,20260907,1,Q4,OD,CC,SOURCE_HOLD,-3.383223813603095,52
REFUGE_Valid,SEALED_REVIEW,20260907,1,Q4,OC,SC,SS,-0.23950451027461384,52
REFUGE_Valid,SEALED_REVIEW,20260907,1,Q4,OC,CC,CS,-0.24334486787689968,52
REFUGE_Valid,SEALED_REVIEW,20260907,1,Q4,OC,SS,SAME64_HOLD,-2.2655484848250182,52
REFUGE_Valid,SEALED_REVIEW,20260907,1,Q4,OC,SC,SAME64_HOLD,-2.505052995099632,52
REFUGE_Valid,SEALED_REVIEW,20260907,1,Q4,OC,CS,CROSS64_HOLD,-1.9588035079790131,52
REFUGE_Valid,SEALED_REVIEW,20260907,1,Q4,OC,CC,CROSS64_HOLD,-2.202148375855913,52
REFUGE_Valid,SEALED_REVIEW,20260907,1,Q4,OC,SS,SOURCE_HOLD,-2.1445417377471188,52
REFUGE_Valid,SEALED_REVIEW,20260907,1,Q4,OC,SC,SOURCE_HOLD,-2.3840462480217326,52
REFUGE_Valid,SEALED_REVIEW,20260907,1,Q4,OC,CS,SOURCE_HOLD,-2.6428537279077773,52
REFUGE_Valid,SEALED_REVIEW,20260907,1,Q4,OC,CC,SOURCE_HOLD,-2.886198595784677,52
ORIGA,SEARCH,17011,0,ALL,OD,SS,CC,-0.017035699489341027,316
ORIGA,SEARCH,17011,0,ALL,OD,SS,C_CONT,-2.9469946977255574,316
ORIGA,SEARCH,17011,0,ALL,OD,SS,ANCHOR,-3.449712438991611,316
ORIGA,SEARCH,17011,0,ALL,OD,SC,C_CONT,-2.1826768031395716,316
ORIGA,SEARCH,17011,0,ALL,OD,SC,ANCHOR,-2.685394544405625,316
ORIGA,SEARCH,17011,0,ALL,OD,CS,C_CONT,-3.732065918081105,316
ORIGA,SEARCH,17011,0,ALL,OD,CS,ANCHOR,-4.234783659347158,316
ORIGA,SEARCH,17011,0,ALL,OD,CC,C_CONT,-2.9299589982362164,316
ORIGA,SEARCH,17011,0,ALL,OD,CC,ANCHOR,-3.43267673950227,316
ORIGA,SEARCH,17011,0,ALL,OD,OPTIMIZER_BY_PARAMETER_INTERACTION,ALGEBRA,-0.0377890252589026,316
ORIGA,SEARCH,17011,0,ALL,OC,SS,C_CONT,-3.8779355796954746,316
ORIGA,SEARCH,17011,0,ALL,OC,SS,ANCHOR,-4.31706954706263,316
ORIGA,SEARCH,17011,0,ALL,OC,SC,C_CONT,-3.0844228006096728,316
ORIGA,SEARCH,17011,0,ALL,OC,SC,ANCHOR,-3.523556767976828,316
ORIGA,SEARCH,17011,0,ALL,OC,CS,C_CONT,-4.835548931348413,316
ORIGA,SEARCH,17011,0,ALL,OC,CS,ANCHOR,-5.274682898715568,316
ORIGA,SEARCH,17011,0,ALL,OC,CC,C_CONT,-4.001869256738885,316
ORIGA,SEARCH,17011,0,ALL,OC,CC,ANCHOR,-4.441003224106041,316
ORIGA,SEARCH,17011,0,ALL,OC,OPTIMIZER_BY_PARAMETER_INTERACTION,ALGEBRA,-0.04016689552372554,316
ORIGA,SEARCH,17011,0,Q1,OD,SS,C_CONT,-4.3917280165017445,81
ORIGA,SEARCH,17011,0,Q1,OD,SS,ANCHOR,-5.2042820236460585,81
ORIGA,SEARCH,17011,0,Q1,OD,SC,C_CONT,-3.4794265127911643,81
ORIGA,SEARCH,17011,0,Q1,OD,SC,ANCHOR,-4.291980519935478,81
ORIGA,SEARCH,17011,0,Q1,OD,CS,C_CONT,-6.168064965993807,81
ORIGA,SEARCH,17011,0,Q1,OD,CS,ANCHOR,-6.980618973138121,81
ORIGA,SEARCH,17011,0,Q1,OD,CC,C_CONT,-5.200098509657849,81
ORIGA,SEARCH,17011,0,Q1,OD,CC,ANCHOR,-6.012652516802163,81
ORIGA,SEARCH,17011,0,Q1,OD,OPTIMIZER_BY_PARAMETER_INTERACTION,ALGEBRA,-0.05566495262537785,81
ORIGA,SEARCH,17011,0,Q1,OC,SS,C_CONT,-5.698325625278592,81
ORIGA,SEARCH,17011,0,Q1,OC,SS,ANCHOR,-6.064066964889626,81
ORIGA,SEARCH,17011,0,Q1,OC,SC,C_CONT,-4.632543631793723,81
ORIGA,SEARCH,17011,0,Q1,OC,SC,ANCHOR,-4.9982849714047575,81
ORIGA,SEARCH,17011,0,Q1,OC,CS,C_CONT,-8.263673255478437,81
ORIGA,SEARCH,17011,0,Q1,OC,CS,ANCHOR,-8.629414595089472,81
ORIGA,SEARCH,17011,0,Q1,OC,CC,C_CONT,-7.120836643629808,81
ORIGA,SEARCH,17011,0,Q1,OC,CC,ANCHOR,-7.486577983240842,81
ORIGA,SEARCH,17011,0,Q1,OC,OPTIMIZER_BY_PARAMETER_INTERACTION,ALGEBRA,-0.0770546183637606,81
ORIGA,SEARCH,17011,0,FIRST64,OD,SS,C_CONT,-3.9817141998863974,35
ORIGA,SEARCH,17011,0,FIRST64,OD,SS,ANCHOR,-4.826537439817557,35
ORIGA,SEARCH,17011,0,FIRST64,OD,SC,C_CONT,-3.570628589585567,35
ORIGA,SEARCH,17011,0,FIRST64,OD,SC,ANCHOR,-4.415451829516726,35
ORIGA,SEARCH,17011,0,FIRST64,OD,CS,C_CONT,-5.733079679054839,35
ORIGA,SEARCH,17011,0,FIRST64,OD,CS,ANCHOR,-6.577902918985998,35
ORIGA,SEARCH,17011,0,FIRST64,OD,CC,C_CONT,-5.261441564388079,35
ORIGA,SEARCH,17011,0,FIRST64,OD,CC,ANCHOR,-6.106264804319238,35
ORIGA,SEARCH,17011,0,FIRST64,OD,OPTIMIZER_BY_PARAMETER_INTERACTION,ALGEBRA,-0.06055250436592985,35
ORIGA,SEARCH,17011,0,FIRST64,OC,SS,C_CONT,-4.448118194464882,35
ORIGA,SEARCH,17011,0,FIRST64,OC,SS,ANCHOR,-4.881242204079427,35
ORIGA,SEARCH,17011,0,FIRST64,OC,SC,C_CONT,-4.131406741700928,35
ORIGA,SEARCH,17011,0,FIRST64,OC,SC,ANCHOR,-4.564530751315473,35
ORIGA,SEARCH,17011,0,FIRST64,OC,CS,C_CONT,-6.8854447919093005,35
ORIGA,SEARCH,17011,0,FIRST64,OC,CS,ANCHOR,-7.3185688015238455,35
ORIGA,SEARCH,17011,0,FIRST64,OC,CC,C_CONT,-6.4553655351750265,35
ORIGA,SEARCH,17011,0,FIRST64,OC,CC,ANCHOR,-6.8884895447895715,35
ORIGA,SEARCH,17011,0,FIRST64,OC,OPTIMIZER_BY_PARAMETER_INTERACTION,ALGEBRA,-0.11336780397031987,35
ORIGA,SEALED_REVIEW,17011,0,ALL,OD,SS,C_CONT,-2.82925312713229,210
ORIGA,SEALED_REVIEW,17011,0,ALL,OD,SS,ANCHOR,-3.311923138243756,210
ORIGA,SEALED_REVIEW,17011,0,ALL,OD,SC,C_CONT,-2.082729993428856,210
ORIGA,SEALED_REVIEW,17011,0,ALL,OD,SC,ANCHOR,-2.5654000045403222,210
ORIGA,SEALED_REVIEW,17011,0,ALL,OD,CS,C_CONT,-3.670910081889488,210
ORIGA,SEALED_REVIEW,17011,0,ALL,OD,CS,ANCHOR,-4.153580093000954,210
ORIGA,SEALED_REVIEW,17011,0,ALL,OD,CC,C_CONT,-2.8861387217035883,210
ORIGA,SEALED_REVIEW,17011,0,ALL,OD,CC,ANCHOR,-3.3688087328150544,210
ORIGA,SEALED_REVIEW,17011,0,ALL,OD,OPTIMIZER_BY_PARAMETER_INTERACTION,ALGEBRA,-0.03824822648246595,210
ORIGA,SEALED_REVIEW,17011,0,ALL,OC,SS,C_CONT,-3.2805181847293596,210
ORIGA,SEALED_REVIEW,17011,0,ALL,OC,SS,ANCHOR,-3.680583348513835,210
ORIGA,SEALED_REVIEW,17011,0,ALL,OC,SC,C_CONT,-2.634617215613261,210
ORIGA,SEALED_REVIEW,17011,0,ALL,OC,SC,ANCHOR,-3.0346823793977364,210
ORIGA,SEALED_REVIEW,17011,0,ALL,OC,CS,C_CONT,-4.2616708993236045,210
ORIGA,SEALED_REVIEW,17011,0,ALL,OC,CS,ANCHOR,-4.66173606310808,210
ORIGA,SEALED_REVIEW,17011,0,ALL,OC,CC,C_CONT,-3.4384234259437108,210
ORIGA,SEALED_REVIEW,17011,0,ALL,OC,CC,ANCHOR,-3.838488589728186,210
ORIGA,SEALED_REVIEW,17011,0,ALL,OC,OPTIMIZER_BY_PARAMETER_INTERACTION,ALGEBRA,-0.17734650426379517,210
ORIGA,SEALED_REVIEW,17011,0,Q1,OD,SS,C_CONT,-4.947869540353906,46
ORIGA,SEALED_REVIEW,17011,0,Q1,OD,SS,ANCHOR,-5.729826888744995,46
ORIGA,SEALED_REVIEW,17011,0,Q1,OD,SC,C_CONT,-3.9130849235275917,46
ORIGA,SEALED_REVIEW,17011,0,Q1,OD,SC,ANCHOR,-4.69504227191868,46
ORIGA,SEALED_REVIEW,17011,0,Q1,OD,CS,C_CONT,-7.082202025754327,46
ORIGA,SEALED_REVIEW,17011,0,Q1,OD,CS,ANCHOR,-7.864159374145416,46
ORIGA,SEALED_REVIEW,17011,0,Q1,OD,CC,C_CONT,-5.93233695762207,46
ORIGA,SEALED_REVIEW,17011,0,Q1,OD,CC,ANCHOR,-6.714294306013159,46
ORIGA,SEALED_REVIEW,17011,0,Q1,OD,OPTIMIZER_BY_PARAMETER_INTERACTION,ALGEBRA,-0.11508045130594269,46
ORIGA,SEALED_REVIEW,17011,0,Q1,OC,SS,C_CONT,-6.3978779922351805,46
ORIGA,SEALED_REVIEW,17011,0,Q1,OC,SS,ANCHOR,-6.8059078909219295,46
ORIGA,SEALED_REVIEW,17011,0,Q1,OC,SC,C_CONT,-5.416757699639874,46
ORIGA,SEALED_REVIEW,17011,0,Q1,OC,SC,ANCHOR,-5.824787598326623,46
ORIGA,SEALED_REVIEW,17011,0,Q1,OC,CS,C_CONT,-8.920820577579185,46
ORIGA,SEALED_REVIEW,17011,0,Q1,OC,CS,ANCHOR,-9.328850476265934,46
ORIGA,SEALED_REVIEW,17011,0,Q1,OC,CC,C_CONT,-7.5796997710923435,46
ORIGA,SEALED_REVIEW,17011,0,Q1,OC,CC,ANCHOR,-7.9877296697790925,46
ORIGA,SEALED_REVIEW,17011,0,Q1,OC,OPTIMIZER_BY_PARAMETER_INTERACTION,ALGEBRA,-0.360000513891535,46
ORIGA,SEALED_REVIEW,17011,0,FIRST64,OD,SS,C_CONT,-4.956787413667627,20
ORIGA,SEALED_REVIEW,17011,0,FIRST64,OD,SS,ANCHOR,-5.809679376366944,20
ORIGA,SEALED_REVIEW,17011,0,FIRST64,OD,SC,C_CONT,-4.43698608563335,20
ORIGA,SEALED_REVIEW,17011,0,FIRST64,OD,SC,ANCHOR,-5.2898780483326675,20
ORIGA,SEALED_REVIEW,17011,0,FIRST64,OD,CS,C_CONT,-7.405217430770136,20
ORIGA,SEALED_REVIEW,17011,0,FIRST64,OD,CS,ANCHOR,-8.258109393469454,20
ORIGA,SEALED_REVIEW,17011,0,FIRST64,OD,CC,C_CONT,-6.734803946813045,20
ORIGA,SEALED_REVIEW,17011,0,FIRST64,OD,CC,ANCHOR,-7.587695909512362,20
ORIGA,SEALED_REVIEW,17011,0,FIRST64,OD,OPTIMIZER_BY_PARAMETER_INTERACTION,ALGEBRA,-0.15061215592281485,20
ORIGA,SEALED_REVIEW,17011,0,FIRST64,OC,SS,C_CONT,-7.198792658929037,20
ORIGA,SEALED_REVIEW,17011,0,FIRST64,OC,SS,ANCHOR,-7.507928018734717,20
ORIGA,SEALED_REVIEW,17011,0,FIRST64,OC,SC,C_CONT,-6.575099778448461,20
ORIGA,SEALED_REVIEW,17011,0,FIRST64,OC,SC,ANCHOR,-6.884235138254141,20
ORIGA,SEALED_REVIEW,17011,0,FIRST64,OC,CS,C_CONT,-9.8142313329855,20
ORIGA,SEALED_REVIEW,17011,0,FIRST64,OC,CS,ANCHOR,-10.12336669279118,20
ORIGA,SEALED_REVIEW,17011,0,FIRST64,OC,CC,C_CONT,-8.985676033869645,20
ORIGA,SEALED_REVIEW,17011,0,FIRST64,OC,CC,ANCHOR,-9.294811393675324,20
ORIGA,SEALED_REVIEW,17011,0,FIRST64,OC,OPTIMIZER_BY_PARAMETER_INTERACTION,ALGEBRA,-0.20486241863527965,20
ORIGA,SEARCH,17011,0,Q2,OD,SS,CC,-0.3009658124185961,70
ORIGA,SEARCH,17011,0,Q2,OD,SS,C_CONT,-3.3349917919096583,70
ORIGA,SEARCH,17011,0,Q2,OD,SS,ANCHOR,-3.945881902502734,70
ORIGA,SEARCH,17011,0,Q2,OD,SC,C_CONT,-2.3879331702763977,70
ORIGA,SEARCH,17011,0,Q2,OD,SC,ANCHOR,-2.9988232808694733,70
ORIGA,SEARCH,17011,0,Q2,OD,CS,C_CONT,-4.044419677413032,70
ORIGA,SEARCH,17011,0,Q2,OD,CS,ANCHOR,-4.655309788006107,70
ORIGA,SEARCH,17011,0,Q2,OD,CC,C_CONT,-3.0340259794910622,70
ORIGA,SEARCH,17011,0,Q2,OD,CC,ANCHOR,-3.6449160900841377,70
ORIGA,SEARCH,17011,0,Q2,OD,OPTIMIZER_BY_PARAMETER_INTERACTION,ALGEBRA,-0.06333507628870905,70
ORIGA,SEARCH,17011,0,Q2,OC,SS,CC,-0.3409724546027064,70
ORIGA,SEARCH,17011,0,Q2,OC,SS,C_CONT,-5.0014107741609735,70
ORIGA,SEARCH,17011,0,Q2,OC,SS,ANCHOR,-5.528730317048684,70
ORIGA,SEARCH,17011,0,Q2,OC,SC,C_CONT,-4.0361836763240575,70
ORIGA,SEARCH,17011,0,Q2,OC,SC,ANCHOR,-4.563503219211768,70
ORIGA,SEARCH,17011,0,Q2,OC,CS,C_CONT,-5.5937787624912545,70
ORIGA,SEARCH,17011,0,Q2,OC,CS,ANCHOR,-6.121098305378965,70
ORIGA,SEARCH,17011,0,Q2,OC,CC,C_CONT,-4.660438319558267,70
ORIGA,SEARCH,17011,0,Q2,OC,CC,ANCHOR,-5.187757862445977,70
ORIGA,SEALED_REVIEW,17011,0,Q2,OD,SS,CC,-0.11346571848568487,62
ORIGA,SEALED_REVIEW,17011,0,Q2,OD,SS,C_CONT,-2.9720790593232493,62
ORIGA,SEALED_REVIEW,17011,0,Q2,OD,SS,ANCHOR,-3.5116757525415494,62
ORIGA,SEALED_REVIEW,17011,0,Q2,OD,SC,C_CONT,-2.0899685152205905,62
ORIGA,SEALED_REVIEW,17011,0,Q2,OD,SC,ANCHOR,-2.6295652084388905,62
ORIGA,SEALED_REVIEW,17011,0,Q2,OD,CS,C_CONT,-3.773330415411124,62
ORIGA,SEALED_REVIEW,17011,0,Q2,OD,CS,ANCHOR,-4.312927108629424,62
ORIGA,SEALED_REVIEW,17011,0,Q2,OD,CC,C_CONT,-2.8586133408375645,62
ORIGA,SEALED_REVIEW,17011,0,Q2,OD,CC,ANCHOR,-3.3982100340558645,62
ORIGA,SEALED_REVIEW,17011,0,Q2,OD,OPTIMIZER_BY_PARAMETER_INTERACTION,ALGEBRA,-0.03260653047090045,62
ORIGA,SEALED_REVIEW,17011,0,Q2,OC,SS,CC,-0.06393774005313446,62
ORIGA,SEALED_REVIEW,17011,0,Q2,OC,SS,C_CONT,-3.848079378990178,62
ORIGA,SEALED_REVIEW,17011,0,Q2,OC,SS,ANCHOR,-4.34664662486513,62
ORIGA,SEALED_REVIEW,17011,0,Q2,OC,SC,C_CONT,-2.862188539147425,62
ORIGA,SEALED_REVIEW,17011,0,Q2,OC,SC,ANCHOR,-3.360755785022377,62
ORIGA,SEALED_REVIEW,17011,0,Q2,OC,CS,C_CONT,-5.039812821288848,62
ORIGA,SEALED_REVIEW,17011,0,Q2,OC,CS,ANCHOR,-5.5383800671638,62
ORIGA,SEALED_REVIEW,17011,0,Q2,OC,CC,C_CONT,-3.7841416389370437,62
ORIGA,SEALED_REVIEW,17011,0,Q2,OC,CC,ANCHOR,-4.282708884811996,62
ORIGA,SEALED_REVIEW,17011,0,Q2,OC,OPTIMIZER_BY_PARAMETER_INTERACTION,ALGEBRA,-0.26978034250905125,62
ORIGA,SEALED_REVIEW,17011,0,Q3,OD,SS,CC,-0.3586951580757187,45
ORIGA,SEALED_REVIEW,17011,0,Q3,OD,SS,C_CONT,-2.65653913549545,45
ORIGA,SEALED_REVIEW,17011,0,Q3,OD,SS,ANCHOR,-3.218529646159851,45
ORIGA,SEALED_REVIEW,17011,0,Q3,OD,SC,C_CONT,-1.9722889850174852,45
ORIGA,SEALED_REVIEW,17011,0,Q3,OD,SC,ANCHOR,-2.5342794956818864,45
ORIGA,SEALED_REVIEW,17011,0,Q3,OD,CS,C_CONT,-2.9738480312000632,45
ORIGA,SEALED_REVIEW,17011,0,Q3,OD,CS,ANCHOR,-3.5358385418644644,45
ORIGA,SEALED_REVIEW,17011,0,Q3,OD,CC,C_CONT,-2.2978439774197312,45
ORIGA,SEALED_REVIEW,17011,0,Q3,OD,CC,ANCHOR,-2.8598344880841324,45
ORIGA,SEALED_REVIEW,17011,0,Q3,OC,SS,CC,-0.3578546710926105,45
ORIGA,SEALED_REVIEW,17011,0,Q3,OC,SS,C_CONT,-2.9914579840627056,45
ORIGA,SEALED_REVIEW,17011,0,Q3,OC,SS,ANCHOR,-3.3384269796924855,45
ORIGA,SEALED_REVIEW,17011,0,Q3,OC,SC,C_CONT,-2.543292518164421,45
ORIGA,SEALED_REVIEW,17011,0,Q3,OC,SC,ANCHOR,-2.8902615137942007,45
ORIGA,SEALED_REVIEW,17011,0,Q3,OC,CS,C_CONT,-3.1249525207028483,45
ORIGA,SEALED_REVIEW,17011,0,Q3,OC,CS,ANCHOR,-3.4719215163326282,45
ORIGA,SEALED_REVIEW,17011,0,Q3,OC,CC,C_CONT,-2.633603312970095,45
ORIGA,SEALED_REVIEW,17011,0,Q3,OC,CC,ANCHOR,-2.980572308599875,45
ORIGA,SEALED_REVIEW,17011,0,Q3,OC,OPTIMIZER_BY_PARAMETER_INTERACTION,ALGEBRA,-0.04318374183446849,45
ORIGA,SEARCH,17011,0,Q3,OD,SS,CC,-0.3614550594771089,88
ORIGA,SEARCH,17011,0,Q3,OD,SS,C_CONT,-2.7034630141902483,88
ORIGA,SEARCH,17011,0,Q3,OD,SS,ANCHOR,-3.205861373845323,88
ORIGA,SEARCH,17011,0,Q3,OD,SC,C_CONT,-1.9895124526744468,88
ORIGA,SEARCH,17011,0,Q3,OD,SC,ANCHOR,-2.4919108123295217,88
ORIGA,SEARCH,17011,0,Q3,OD,CS,C_CONT,-3.0785576033091075,88
ORIGA,SEARCH,17011,0,Q3,OD,CS,ANCHOR,-3.5809559629641825,88
ORIGA,SEARCH,17011,0,Q3,OD,CC,C_CONT,-2.3420079547131394,88
ORIGA,SEARCH,17011,0,Q3,OD,CC,ANCHOR,-2.8444063143682143,88
ORIGA,SEARCH,17011,0,Q3,OD,OPTIMIZER_BY_PARAMETER_INTERACTION,ALGEBRA,-0.02259908708016667,88
ORIGA,SEARCH,17011,0,Q3,OC,SS,CC,-0.5025757665972606,88
ORIGA,SEARCH,17011,0,Q3,OC,SS,C_CONT,-3.9716821184488396,88
ORIGA,SEARCH,17011,0,Q3,OC,SS,ANCHOR,-4.416560281737404,88
ORIGA,SEARCH,17011,0,Q3,OC,SC,C_CONT,-3.1471818998497127,88
ORIGA,SEARCH,17011,0,Q3,OC,SC,ANCHOR,-3.592060063138277,88
ORIGA,SEARCH,17011,0,Q3,OC,CS,C_CONT,-4.374398311537973,88
ORIGA,SEARCH,17011,0,Q3,OC,CS,ANCHOR,-4.8192764748265375,88
ORIGA,SEARCH,17011,0,Q3,OC,CC,C_CONT,-3.469106351851579,88
ORIGA,SEARCH,17011,0,Q3,OC,CC,ANCHOR,-3.913984515140143,88
ORIGA,SEARCH,17011,0,Q3,OC,OPTIMIZER_BY_PARAMETER_INTERACTION,ALGEBRA,-0.08079174108726761,88
ORIGA,SEARCH,17011,0,Q4,OD,SS,CC,-0.23357972572711105,77
ORIGA,SEARCH,17011,0,Q4,OD,SS,C_CONT,-1.3528075904183936,77
ORIGA,SEARCH,17011,0,Q4,OD,SS,ANCHOR,-1.4316201653563354,77
ORIGA,SEARCH,17011,0,Q4,OD,SC,C_CONT,-0.8527260324846679,77
ORIGA,SEARCH,17011,0,Q4,OD,SC,ANCHOR,-0.9315386074226097,77
ORIGA,SEARCH,17011,0,Q4,OD,CS,C_CONT,-1.6324301475067102,77
ORIGA,SEARCH,17011,0,Q4,OD,CS,ANCHOR,-1.711242722444652,77
ORIGA,SEARCH,17011,0,Q4,OD,CC,C_CONT,-1.1192278646912825,77
ORIGA,SEARCH,17011,0,Q4,OD,CC,ANCHOR,-1.1980404396292244,77
ORIGA,SEARCH,17011,0,Q4,OD,OPTIMIZER_BY_PARAMETER_INTERACTION,ALGEBRA,-0.013120724881702017,77
ORIGA,SEARCH,17011,0,Q4,OC,SS,CC,-0.1034494968568822,77
ORIGA,SEARCH,17011,0,Q4,OC,SS,C_CONT,-0.8344998301485447,77
ORIGA,SEARCH,17011,0,Q4,OC,SS,ANCHOR,-1.2641055289536212,77
ORIGA,SEARCH,17011,0,Q4,OC,SC,C_CONT,-0.5189182634793212,77
ORIGA,SEARCH,17011,0,Q4,OC,SC,ANCHOR,-0.9485239622843977,77
ORIGA,SEARCH,17011,0,Q4,OC,CS,C_CONT,-1.067069660034008,77
ORIGA,SEARCH,17011,0,Q4,OC,CS,ANCHOR,-1.4966753588390844,77
ORIGA,SEARCH,17011,0,Q4,OC,CC,C_CONT,-0.7310503332916625,77
ORIGA,SEARCH,17011,0,Q4,OC,CC,ANCHOR,-1.160656032096739,77
ORIGA,SEARCH,17011,0,Q4,OC,OPTIMIZER_BY_PARAMETER_INTERACTION,ALGEBRA,-0.020437760073122035,77
ORIGA,SEALED_REVIEW,17011,0,Q4,OD,SS,CC,-0.17830473113764356,57
ORIGA,SEALED_REVIEW,17011,0,Q4,OD,SS,C_CONT,-1.1004911415116823,57
ORIGA,SEALED_REVIEW,17011,0,Q4,OD,SS,ANCHOR,-1.2170893230553048,57
ORIGA,SEALED_REVIEW,17011,0,Q4,OD,SC,C_CONT,-0.6849182433039687,57
ORIGA,SEALED_REVIEW,17011,0,Q4,OD,SC,ANCHOR,-0.8015164248475912,57
ORIGA,SEALED_REVIEW,17011,0,Q4,OD,CS,C_CONT,-1.3568452079403528,57
ORIGA,SEALED_REVIEW,17011,0,Q4,OD,CS,ANCHOR,-1.4734433894839754,57
ORIGA,SEALED_REVIEW,17011,0,Q4,OD,CC,C_CONT,-0.9221864103740387,57
ORIGA,SEALED_REVIEW,17011,0,Q4,OD,CC,ANCHOR,-1.0387845919176613,57
ORIGA,SEALED_REVIEW,17011,0,Q4,OD,OPTIMIZER_BY_PARAMETER_INTERACTION,ALGEBRA,-0.0190858993586005,57
ORIGA,SEALED_REVIEW,17011,0,Q4,OC,SS,CC,-0.01993159806934841,57
ORIGA,SEALED_REVIEW,17011,0,Q4,OC,SS,C_CONT,-0.37561228719538065,57
ORIGA,SEALED_REVIEW,17011,0,Q4,OC,SS,ANCHOR,-0.7040251820648677,57
ORIGA,SEALED_REVIEW,17011,0,Q4,OC,SC,C_CONT,-0.21394576054062497,57
ORIGA,SEALED_REVIEW,17011,0,Q4,OC,SC,ANCHOR,-0.5423586554101121,57
ORIGA,SEALED_REVIEW,17011,0,Q4,OC,CS,C_CONT,-0.552664630487385,57
ORIGA,SEALED_REVIEW,17011,0,Q4,OC,CS,ANCHOR,-0.8810775253568721,57
ORIGA,SEALED_REVIEW,17011,0,Q4,OC,CC,C_CONT,-0.35568068912603223,57
ORIGA,SEALED_REVIEW,17011,0,Q4,OC,CC,ANCHOR,-0.6840935839955193,57
ORIGA,SEALED_REVIEW,17011,0,Q4,OC,OPTIMIZER_BY_PARAMETER_INTERACTION,ALGEBRA,-0.035317414706597106,57
REFUGE_Valid,SEARCH,17011,0,ALL,OD,SC,SS,-0.03337087747841849,406
REFUGE_Valid,SEARCH,17011,0,ALL,OD,CC,CS,-0.1392633554543039,406
REFUGE_Valid,SEARCH,17011,0,ALL,OD,SS,SAME64_HOLD,-1.927550857361851,406
REFUGE_Valid,SEARCH,17011,0,ALL,OD,SC,SAME64_HOLD,-1.9609217348402694,406
REFUGE_Valid,SEARCH,17011,0,ALL,OD,CS,CROSS64_HOLD,-0.13822757962940102,406
REFUGE_Valid,SEARCH,17011,0,ALL,OD,CC,CROSS64_HOLD,-0.2774909350837049,406
REFUGE_Valid,SEARCH,17011,0,ALL,OD,SS,SOURCE_HOLD,-0.10802214929626075,406
REFUGE_Valid,SEARCH,17011,0,ALL,OD,SC,SOURCE_HOLD,-0.14139302677467924,406
REFUGE_Valid,SEARCH,17011,0,ALL,OD,CS,SOURCE_HOLD,-1.21251433774691,406
REFUGE_Valid,SEARCH,17011,0,ALL,OD,CC,SOURCE_HOLD,-1.351777693201214,406
REFUGE_Valid,SEARCH,17011,0,ALL,OC,SC,SS,-0.032543411786733145,406
REFUGE_Valid,SEARCH,17011,0,ALL,OC,CC,CS,-0.07939748407306979,406
REFUGE_Valid,SEARCH,17011,0,ALL,OC,SS,SAME64_HOLD,-1.1956816395722427,406
REFUGE_Valid,SEARCH,17011,0,ALL,OC,SC,SAME64_HOLD,-1.2282250513589759,406
REFUGE_Valid,SEARCH,17011,0,ALL,OC,CS,CROSS64_HOLD,-0.936986641569419,406
REFUGE_Valid,SEARCH,17011,0,ALL,OC,CC,CROSS64_HOLD,-1.0163841256424888,406
REFUGE_Valid,SEARCH,17011,0,ALL,OC,SS,SOURCE_HOLD,-1.0845645017810597,406
REFUGE_Valid,SEARCH,17011,0,ALL,OC,SC,SOURCE_HOLD,-1.1171079135677928,406
REFUGE_Valid,SEARCH,17011,0,ALL,OC,CS,SOURCE_HOLD,-1.7565183891102407,406
REFUGE_Valid,SEARCH,17011,0,ALL,OC,CC,SOURCE_HOLD,-1.8359158731833105,406
REFUGE_Valid,SEARCH,17011,0,Q1,OD,SC,SS,-0.1346091953975872,97
REFUGE_Valid,SEARCH,17011,0,Q1,OD,CC,CS,-0.21222573813287227,97
REFUGE_Valid,SEARCH,17011,0,Q1,OD,SS,SAME64_HOLD,-0.3005959621294778,97
REFUGE_Valid,SEARCH,17011,0,Q1,OD,SC,SAME64_HOLD,-0.435205157527065,97
REFUGE_Valid,SEARCH,17011,0,Q1,OC,SC,SS,-0.09072630916992352,97
REFUGE_Valid,SEARCH,17011,0,Q1,OC,CC,CS,-0.16462564181282602,97
REFUGE_Valid,SEARCH,17011,0,Q1,OC,SS,SAME64_HOLD,-0.2991456286167349,97
REFUGE_Valid,SEARCH,17011,0,Q1,OC,SC,SAME64_HOLD,-0.3898719377866584,97
REFUGE_Valid,SEARCH,17011,0,Q1,OC,SC,SOURCE_HOLD,-0.06921293091866687,97
REFUGE_Valid,SEARCH,17011,0,Q1,OC,CS,SOURCE_HOLD,-0.5608984754985613,97
REFUGE_Valid,SEARCH,17011,0,Q1,OC,CC,SOURCE_HOLD,-0.7255241173113873,97
REFUGE_Valid,SEARCH,17011,0,FIRST64,OD,SC,SS,-0.12127200484481193,39
REFUGE_Valid,SEARCH,17011,0,FIRST64,OD,CC,CS,-0.23526143143466527,39
REFUGE_Valid,SEARCH,17011,0,FIRST64,OD,SS,SAME64_HOLD,-0.16680198205648367,39
REFUGE_Valid,SEARCH,17011,0,FIRST64,OD,SC,SAME64_HOLD,-0.2880739869012956,39
REFUGE_Valid,SEARCH,17011,0,FIRST64,OD,CS,SOURCE_HOLD,-0.019786598166604108,39
REFUGE_Valid,SEARCH,17011,0,FIRST64,OD,CC,SOURCE_HOLD,-0.2550480296012694,39
REFUGE_Valid,SEARCH,17011,0,FIRST64,OC,SC,SS,-0.07374094634427308,39
REFUGE_Valid,SEARCH,17011,0,FIRST64,OC,CC,CS,-0.20321855934587063,39
REFUGE_Valid,SEARCH,17011,0,FIRST64,OC,SS,SAME64_HOLD,-0.11191618235655199,39
REFUGE_Valid,SEARCH,17011,0,FIRST64,OC,SC,SAME64_HOLD,-0.18565712870082507,39
REFUGE_Valid,SEARCH,17011,0,FIRST64,OC,CS,SOURCE_HOLD,-0.5243818317596691,39
REFUGE_Valid,SEARCH,17011,0,FIRST64,OC,CC,SOURCE_HOLD,-0.7276003911055398,39
REFUGE_Valid,SEALED_REVIEW,17011,0,ALL,OD,SC,SS,-0.041595359867898196,269
REFUGE_Valid,SEALED_REVIEW,17011,0,ALL,OD,CC,CS,-0.15085091821336505,269
REFUGE_Valid,SEALED_REVIEW,17011,0,ALL,OD,SS,SAME64_HOLD,-1.9461007243038182,269
REFUGE_Valid,SEALED_REVIEW,17011,0,ALL,OD,SC,SAME64_HOLD,-1.9876960841717164,269
REFUGE_Valid,SEALED_REVIEW,17011,0,ALL,OD,CS,CROSS64_HOLD,-0.09159411675896934,269
REFUGE_Valid,SEALED_REVIEW,17011,0,ALL,OD,CC,CROSS64_HOLD,-0.24244503497233438,269
REFUGE_Valid,SEALED_REVIEW,17011,0,ALL,OD,SS,SOURCE_HOLD,-0.3227675218362691,269
REFUGE_Valid,SEALED_REVIEW,17011,0,ALL,OD,SC,SOURCE_HOLD,-0.3643628817041673,269
REFUGE_Valid,SEALED_REVIEW,17011,0,ALL,OD,CS,SOURCE_HOLD,-1.2800367831569446,269
REFUGE_Valid,SEALED_REVIEW,17011,0,ALL,OD,CC,SOURCE_HOLD,-1.4308877013703096,269
REFUGE_Valid,SEALED_REVIEW,17011,0,ALL,OC,SC,SS,-0.04103118150196394,269
REFUGE_Valid,SEALED_REVIEW,17011,0,ALL,OC,CC,CS,-0.08928336712094165,269
REFUGE_Valid,SEALED_REVIEW,17011,0,ALL,OC,SS,SAME64_HOLD,-1.1400256923097203,269
REFUGE_Valid,SEALED_REVIEW,17011,0,ALL,OC,SC,SAME64_HOLD,-1.1810568738116842,269
REFUGE_Valid,SEALED_REVIEW,17011,0,ALL,OC,CS,CROSS64_HOLD,-0.9590187507682089,269
REFUGE_Valid,SEALED_REVIEW,17011,0,ALL,OC,CC,CROSS64_HOLD,-1.0483021178891505,269
REFUGE_Valid,SEALED_REVIEW,17011,0,ALL,OC,SS,SOURCE_HOLD,-1.2422229751220755,269
REFUGE_Valid,SEALED_REVIEW,17011,0,ALL,OC,SC,SOURCE_HOLD,-1.2832541566240394,269
REFUGE_Valid,SEALED_REVIEW,17011,0,ALL,OC,CS,SOURCE_HOLD,-1.8587392280168018,269
REFUGE_Valid,SEALED_REVIEW,17011,0,ALL,OC,CC,SOURCE_HOLD,-1.9480225951377435,269
REFUGE_Valid,SEALED_REVIEW,17011,0,Q1,OD,SC,SS,-0.10692274313836947,69
REFUGE_Valid,SEALED_REVIEW,17011,0,Q1,OD,CC,CS,-0.2249695486380432,69
REFUGE_Valid,SEALED_REVIEW,17011,0,Q1,OD,SS,SAME64_HOLD,-0.5179060741157002,69
REFUGE_Valid,SEALED_REVIEW,17011,0,Q1,OD,SC,SAME64_HOLD,-0.6248288172540697,69
REFUGE_Valid,SEALED_REVIEW,17011,0,Q1,OC,SC,SS,-0.052441137145322614,69
REFUGE_Valid,SEALED_REVIEW,17011,0,Q1,OC,CC,CS,-0.13235806994165955,69
REFUGE_Valid,SEALED_REVIEW,17011,0,Q1,OC,SS,SAME64_HOLD,-0.33373776527842836,69
REFUGE_Valid,SEALED_REVIEW,17011,0,Q1,OC,SC,SAME64_HOLD,-0.38617890242375097,69
REFUGE_Valid,SEALED_REVIEW,17011,0,Q1,OC,SS,SOURCE_HOLD,-0.30886486256460444,69
REFUGE_Valid,SEALED_REVIEW,17011,0,Q1,OC,SC,SOURCE_HOLD,-0.36130599970992705,69
REFUGE_Valid,SEALED_REVIEW,17011,0,Q1,OC,CS,SOURCE_HOLD,-0.5941974100229714,69
REFUGE_Valid,SEALED_REVIEW,17011,0,Q1,OC,CC,SOURCE_HOLD,-0.726555479964631,69
REFUGE_Valid,SEALED_REVIEW,17011,0,FIRST64,OD,SC,SS,-0.05885459157470052,20
REFUGE_Valid,SEALED_REVIEW,17011,0,FIRST64,OD,CC,CS,-0.2626957127863534,20
REFUGE_Valid,SEALED_REVIEW,17011,0,FIRST64,OD,SS,SAME64_HOLD,-0.21183345673041742,20
REFUGE_Valid,SEALED_REVIEW,17011,0,FIRST64,OD,SC,SAME64_HOLD,-0.27068804830511795,20
REFUGE_Valid,SEALED_REVIEW,17011,0,FIRST64,OD,CS,SOURCE_HOLD,-0.06554610884592194,20
REFUGE_Valid,SEALED_REVIEW,17011,0,FIRST64,OD,CC,SOURCE_HOLD,-0.32824182163227533,20
REFUGE_Valid,SEALED_REVIEW,17011,0,FIRST64,OC,CC,CS,-0.13988811726076733,20
REFUGE_Valid,SEALED_REVIEW,17011,0,FIRST64,OC,SS,CS,-0.36054301836502134,20
REFUGE_Valid,SEALED_REVIEW,17011,0,FIRST64,OC,SC,CC,-0.13020084064909554,20
REFUGE_Valid,SEALED_REVIEW,17011,0,FIRST64,OC,SS,CC,-0.220654901104254,20
REFUGE_Valid,SEALED_REVIEW,17011,0,FIRST64,OC,SS,SAME64_HOLD,-0.2924939475430506,20
REFUGE_Valid,SEALED_REVIEW,17011,0,FIRST64,OC,SC,SAME64_HOLD,-0.2020398870878921,20
REFUGE_Valid,SEALED_REVIEW,17011,0,FIRST64,OC,CC,CROSS64_HOLD,-0.056512948531477036,20
REFUGE_Valid,SEALED_REVIEW,17011,0,FIRST64,OC,SS,SOURCE_HOLD,-1.1213605696259776,20
REFUGE_Valid,SEALED_REVIEW,17011,0,FIRST64,OC,SC,SOURCE_HOLD,-1.0309065091708192,20
REFUGE_Valid,SEALED_REVIEW,17011,0,FIRST64,OC,CS,SOURCE_HOLD,-0.7608175512609563,20
REFUGE_Valid,SEALED_REVIEW,17011,0,FIRST64,OC,CC,SOURCE_HOLD,-0.9007056685217236,20
REFUGE_Valid,SEALED_REVIEW,17011,0,Q2,OD,SC,SS,-0.0882531909132922,80
REFUGE_Valid,SEALED_REVIEW,17011,0,Q2,OD,CC,CS,-0.18658766963196172,80
REFUGE_Valid,SEALED_REVIEW,17011,0,Q2,OD,SS,SAME64_HOLD,-1.5821848219094363,80
REFUGE_Valid,SEALED_REVIEW,17011,0,Q2,OD,SC,SAME64_HOLD,-1.6704380128227285,80
REFUGE_Valid,SEALED_REVIEW,17011,0,Q2,OD,SS,SOURCE_HOLD,-0.2790316360843832,80
REFUGE_Valid,SEALED_REVIEW,17011,0,Q2,OD,SC,SOURCE_HOLD,-0.3672848269976754,80
REFUGE_Valid,SEALED_REVIEW,17011,0,Q2,OD,CS,SOURCE_HOLD,-0.8913965881156827,80
REFUGE_Valid,SEALED_REVIEW,17011,0,Q2,OD,CC,SOURCE_HOLD,-1.0779842577476444,80
REFUGE_Valid,SEALED_REVIEW,17011,0,Q2,OC,SC,SS,-0.04949726942140842,80
REFUGE_Valid,SEALED_REVIEW,17011,0,Q2,OC,CC,CS,-0.09725042868555533,80
REFUGE_Valid,SEALED_REVIEW,17011,0,Q2,OC,SS,SAME64_HOLD,-0.8435550704356842,80
REFUGE_Valid,SEALED_REVIEW,17011,0,Q2,OC,SC,SAME64_HOLD,-0.8930523398570926,80
REFUGE_Valid,SEALED_REVIEW,17011,0,Q2,OC,CS,CROSS64_HOLD,-0.5383377126139237,80
REFUGE_Valid,SEALED_REVIEW,17011,0,Q2,OC,CC,CROSS64_HOLD,-0.635588141299479,80
REFUGE_Valid,SEALED_REVIEW,17011,0,Q2,OC,SS,SOURCE_HOLD,-0.96673060958436,80
REFUGE_Valid,SEALED_REVIEW,17011,0,Q2,OC,SC,SOURCE_HOLD,-1.0162278790057684,80
REFUGE_Valid,SEALED_REVIEW,17011,0,Q2,OC,CS,SOURCE_HOLD,-1.4959105643337693,80
REFUGE_Valid,SEALED_REVIEW,17011,0,Q2,OC,CC,SOURCE_HOLD,-1.5931609930193247,80
REFUGE_Valid,SEARCH,17011,0,Q2,OD,SC,SS,-0.08108622539539567,89
REFUGE_Valid,SEARCH,17011,0,Q2,OD,CC,CS,-0.1937107446782136,89
REFUGE_Valid,SEARCH,17011,0,Q2,OD,SS,SAME64_HOLD,-1.1840187244544893,89
REFUGE_Valid,SEARCH,17011,0,Q2,OD,SC,SAME64_HOLD,-1.265104949849885,89
REFUGE_Valid,SEARCH,17011,0,Q2,OD,CS,SOURCE_HOLD,-0.37667305555542896,89
REFUGE_Valid,SEARCH,17011,0,Q2,OD,CC,SOURCE_HOLD,-0.5703838002336425,89
REFUGE_Valid,SEARCH,17011,0,Q2,OC,SC,SS,-0.021533349781051925,89
REFUGE_Valid,SEARCH,17011,0,Q2,OC,CC,CS,-0.042889901715255974,89
REFUGE_Valid,SEARCH,17011,0,Q2,OC,SS,SAME64_HOLD,-0.9781363682143507,89
REFUGE_Valid,SEARCH,17011,0,Q2,OC,SC,SAME64_HOLD,-0.9996697179954026,89
REFUGE_Valid,SEARCH,17011,0,Q2,OC,CS,CROSS64_HOLD,-1.1957885410400024,89
REFUGE_Valid,SEARCH,17011,0,Q2,OC,CC,CROSS64_HOLD,-1.2386784427552584,89
REFUGE_Valid,SEARCH,17011,0,Q2,OC,SS,SOURCE_HOLD,-1.4621824929699585,89
REFUGE_Valid,SEARCH,17011,0,Q2,OC,SC,SOURCE_HOLD,-1.4837158427510104,89
REFUGE_Valid,SEARCH,17011,0,Q2,OC,CS,SOURCE_HOLD,-1.842515926834011,89
REFUGE_Valid,SEARCH,17011,0,Q2,OC,CC,SOURCE_HOLD,-1.885405828549267,89
REFUGE_Valid,SEARCH,17011,0,Q3,OD,CC,CS,-0.11438575323418831,100
REFUGE_Valid,SEARCH,17011,0,Q3,OD,SS,SAME64_HOLD,-2.152417287008248,100
REFUGE_Valid,SEARCH,17011,0,Q3,OD,SC,SAME64_HOLD,-2.1367224397177864,100
REFUGE_Valid,SEARCH,17011,0,Q3,OD,CS,CROSS64_HOLD,-0.32290054245450506,100
REFUGE_Valid,SEARCH,17011,0,Q3,OD,CC,CROSS64_HOLD,-0.43728629568869337,100
REFUGE_Valid,SEARCH,17011,0,Q3,OD,SS,SOURCE_HOLD,-0.21141165780805693,100
REFUGE_Valid,SEARCH,17011,0,Q3,OD,SC,SOURCE_HOLD,-0.19571681051759526,100
REFUGE_Valid,SEARCH,17011,0,Q3,OD,CS,SOURCE_HOLD,-1.2782183497454156,100
REFUGE_Valid,SEARCH,17011,0,Q3,OD,CC,SOURCE_HOLD,-1.392604102979604,100
REFUGE_Valid,SEARCH,17011,0,Q3,OC,SC,SS,-0.02653747452097832,100
REFUGE_Valid,SEARCH,17011,0,Q3,OC,CC,CS,-0.06023457947256361,100
REFUGE_Valid,SEARCH,17011,0,Q3,OC,SS,SAME64_HOLD,-1.1234753597067737,100
REFUGE_Valid,SEARCH,17011,0,Q3,OC,SC,SAME64_HOLD,-1.150012834227752,100
REFUGE_Valid,SEARCH,17011,0,Q3,OC,CS,CROSS64_HOLD,-0.7421618022891181,100
REFUGE_Valid,SEARCH,17011,0,Q3,OC,CC,CROSS64_HOLD,-0.8023963817616817,100
REFUGE_Valid,SEARCH,17011,0,Q3,OC,SS,SOURCE_HOLD,-0.7431803780633146,100
REFUGE_Valid,SEARCH,17011,0,Q3,OC,SC,SOURCE_HOLD,-0.7697178525842929,100
REFUGE_Valid,SEARCH,17011,0,Q3,OC,CS,SOURCE_HOLD,-1.5335184847486687,100
REFUGE_Valid,SEARCH,17011,0,Q3,OC,CC,SOURCE_HOLD,-1.5937530642212323,100
REFUGE_Valid,SEALED_REVIEW,17011,0,Q3,OD,SC,SS,-0.014516172224205093,68
REFUGE_Valid,SEALED_REVIEW,17011,0,Q3,OD,CC,CS,-0.1421144603141471,68
REFUGE_Valid,SEALED_REVIEW,17011,0,Q3,OD,SS,SAME64_HOLD,-2.733651882174911,68
REFUGE_Valid,SEALED_REVIEW,17011,0,Q3,OD,SC,SAME64_HOLD,-2.748168054399116,68
REFUGE_Valid,SEALED_REVIEW,17011,0,Q3,OD,CS,CROSS64_HOLD,-0.7039585044882557,68
REFUGE_Valid,SEALED_REVIEW,17011,0,Q3,OD,CC,CROSS64_HOLD,-0.8460729648024028,68
REFUGE_Valid,SEALED_REVIEW,17011,0,Q3,OD,SS,SOURCE_HOLD,-0.5928567948379992,68
REFUGE_Valid,SEALED_REVIEW,17011,0,Q3,OD,SC,SOURCE_HOLD,-0.6073729670622043,68
REFUGE_Valid,SEALED_REVIEW,17011,0,Q3,OD,CS,SOURCE_HOLD,-2.0615043008396867,68
REFUGE_Valid,SEALED_REVIEW,17011,0,Q3,OD,CC,SOURCE_HOLD,-2.203618761153834,68
REFUGE_Valid,SEALED_REVIEW,17011,0,Q3,OC,SC,SS,-0.024569223911136362,68
REFUGE_Valid,SEALED_REVIEW,17011,0,Q3,OC,CC,CS,-0.05437601835206607,68
REFUGE_Valid,SEALED_REVIEW,17011,0,Q3,OC,SS,SAME64_HOLD,-1.4834332278786633,68
REFUGE_Valid,SEALED_REVIEW,17011,0,Q3,OC,SC,SAME64_HOLD,-1.5080024517897996,68
REFUGE_Valid,SEALED_REVIEW,17011,0,Q3,OC,CS,CROSS64_HOLD,-1.9611210714893517,68
REFUGE_Valid,SEALED_REVIEW,17011,0,Q3,OC,CC,CROSS64_HOLD,-2.0154970898414177,68
REFUGE_Valid,SEALED_REVIEW,17011,0,Q3,OC,SS,SOURCE_HOLD,-1.9844504361768855,68
REFUGE_Valid,SEALED_REVIEW,17011,0,Q3,OC,SC,SOURCE_HOLD,-2.009019660088022,68
REFUGE_Valid,SEALED_REVIEW,17011,0,Q3,OC,CS,SOURCE_HOLD,-2.6993351756505675,68
REFUGE_Valid,SEALED_REVIEW,17011,0,Q3,OC,CC,SOURCE_HOLD,-2.7537111940026335,68
REFUGE_Valid,SEARCH,17011,0,Q4,OD,CC,CS,-0.06063495096483962,120
REFUGE_Valid,SEARCH,17011,0,Q4,OD,SS,SAME64_HOLD,-3.606737038209033,120
REFUGE_Valid,SEARCH,17011,0,Q4,OD,SC,SAME64_HOLD,-3.5637728296384097,120
REFUGE_Valid,SEARCH,17011,0,Q4,OD,CS,CROSS64_HOLD,-2.3216772265240166,120
REFUGE_Valid,SEARCH,17011,0,Q4,OD,CC,CROSS64_HOLD,-2.3823121774888563,120
REFUGE_Valid,SEARCH,17011,0,Q4,OD,SS,SOURCE_HOLD,-1.7646202831493127,120
REFUGE_Valid,SEARCH,17011,0,Q4,OD,SC,SOURCE_HOLD,-1.7216560745786893,120
REFUGE_Valid,SEARCH,17011,0,Q4,OD,CS,ANCHOR,-0.048226498275639074,120
REFUGE_Valid,SEARCH,17011,0,Q4,OD,CS,SOURCE_HOLD,-3.3949141163749914,120
REFUGE_Valid,SEARCH,17011,0,Q4,OD,CC,ANCHOR,-0.10886144924047869,120
REFUGE_Valid,SEARCH,17011,0,Q4,OD,CC,SOURCE_HOLD,-3.455549067339831,120
REFUGE_Valid,SEARCH,17011,0,Q4,OC,CC,CS,-0.05355026731586321,120
REFUGE_Valid,SEARCH,17011,0,Q4,OC,SS,SAME64_HOLD,-2.1418995579062425,120
REFUGE_Valid,SEARCH,17011,0,Q4,OC,SC,SAME64_HOLD,-2.1405825380172985,120
REFUGE_Valid,SEARCH,17011,0,Q4,OC,CS,CROSS64_HOLD,-2.005618384868491,120
REFUGE_Valid,SEARCH,17011,0,Q4,OC,CC,CROSS64_HOLD,-2.059168652184354,120
REFUGE_Valid,SEARCH,17011,0,Q4,OC,SS,SOURCE_HOLD,-1.983064214440219,120
REFUGE_Valid,SEARCH,17011,0,Q4,OC,SC,SOURCE_HOLD,-1.981747194551275,120
REFUGE_Valid,SEARCH,17011,0,Q4,OC,CS,SOURCE_HOLD,-2.845029565769245,120
REFUGE_Valid,SEARCH,17011,0,Q4,OC,CC,SOURCE_HOLD,-2.8985798330851082,120
REFUGE_Valid,SEALED_REVIEW,17011,0,Q4,OD,CC,CS,-0.008946178297136953,52
REFUGE_Valid,SEALED_REVIEW,17011,0,Q4,OD,SS,SAME64_HOLD,-3.371201191982621,52
REFUGE_Valid,SEALED_REVIEW,17011,0,Q4,OD,SC,SAME64_HOLD,-3.289742106282759,52
REFUGE_Valid,SEALED_REVIEW,17011,0,Q4,OD,CS,CROSS64_HOLD,-2.0318842374693986,52
REFUGE_Valid,SEALED_REVIEW,17011,0,Q4,OD,CC,CROSS64_HOLD,-2.0408304157665356,52
REFUGE_Valid,SEALED_REVIEW,17011,0,Q4,OD,SS,SOURCE_HOLD,-1.4867595845028347,52
REFUGE_Valid,SEALED_REVIEW,17011,0,Q4,OD,SC,SOURCE_HOLD,-1.4053004988029727,52
REFUGE_Valid,SEALED_REVIEW,17011,0,Q4,OD,CS,SOURCE_HOLD,-2.955593825139914,52
REFUGE_Valid,SEALED_REVIEW,17011,0,Q4,OD,CC,SOURCE_HOLD,-2.964540003437051,52
REFUGE_Valid,SEALED_REVIEW,17011,0,Q4,OC,SC,SS,-0.03439347271788051,52
REFUGE_Valid,SEALED_REVIEW,17011,0,Q4,OC,CC,CS,-0.06551760359187142,52
REFUGE_Valid,SEALED_REVIEW,17011,0,Q4,OC,SS,SAME64_HOLD,-2.2169450057018736,52
REFUGE_Valid,SEALED_REVIEW,17011,0,Q4,OC,SC,SAME64_HOLD,-2.251338478419754,52
REFUGE_Valid,SEALED_REVIEW,17011,0,Q4,OC,CS,CROSS64_HOLD,-2.074060161017883,52
REFUGE_Valid,SEALED_REVIEW,17011,0,Q4,OC,CC,CROSS64_HOLD,-2.1395777646097542,52
REFUGE_Valid,SEALED_REVIEW,17011,0,Q4,OC,SS,SOURCE_HOLD,-1.9339466608481501,52
REFUGE_Valid,SEALED_REVIEW,17011,0,Q4,OC,SC,SOURCE_HOLD,-1.9683401335660307,52
REFUGE_Valid,SEALED_REVIEW,17011,0,Q4,OC,CS,SOURCE_HOLD,-2.995646037576776,52
REFUGE_Valid,SEALED_REVIEW,17011,0,Q4,OC,CC,SOURCE_HOLD,-3.0611636411686476,52
ORIGA,SEARCH,17011,1,ALL,OD,SS,C_CONT,-2.7096996719319435,316
ORIGA,SEARCH,17011,1,ALL,OD,SS,ANCHOR,-3.0214179135850685,316
ORIGA,SEARCH,17011,1,ALL,OD,SC,C_CONT,-2.3588099857171585,316
ORIGA,SEARCH,17011,1,ALL,OD,SC,ANCHOR,-2.6705282273702835,316
ORIGA,SEARCH,17011,1,ALL,OD,CS,C_CONT,-4.208697094222572,316
ORIGA,SEARCH,17011,1,ALL,OD,CS,ANCHOR,-4.520415335875697,316
ORIGA,SEARCH,17011,1,ALL,OD,CC,C_CONT,-3.9282689051000688,316
ORIGA,SEARCH,17011,1,ALL,OD,CC,ANCHOR,-4.239987146753194,316
ORIGA,SEARCH,17011,1,ALL,OC,SS,C_CONT,-1.683107584066775,316
ORIGA,SEARCH,17011,1,ALL,OC,SS,ANCHOR,-2.121783879028797,316
ORIGA,SEARCH,17011,1,ALL,OC,SC,C_CONT,-1.5030335175228657,316
ORIGA,SEARCH,17011,1,ALL,OC,SC,ANCHOR,-1.9417098124848877,316
ORIGA,SEARCH,17011,1,ALL,OC,CS,C_CONT,-4.1741273171274145,316
ORIGA,SEARCH,17011,1,ALL,OC,CS,ANCHOR,-4.6128036120894365,316
ORIGA,SEARCH,17011,1,ALL,OC,CC,C_CONT,-4.094310227835251,316
ORIGA,SEARCH,17011,1,ALL,OC,CC,ANCHOR,-4.532986522797273,316
ORIGA,SEARCH,17011,1,Q1,OD,SS,C_CONT,-4.140606882101167,81
ORIGA,SEARCH,17011,1,Q1,OD,SS,ANCHOR,-4.767826213860587,81
ORIGA,SEARCH,17011,1,Q1,OD,SC,C_CONT,-3.8366044042287797,81
ORIGA,SEARCH,17011,1,Q1,OD,SC,ANCHOR,-4.4638237359882,81
ORIGA,SEARCH,17011,1,Q1,OD,CS,C_CONT,-6.959786142923434,81
ORIGA,SEARCH,17011,1,Q1,OD,CS,ANCHOR,-7.587005474682854,81
ORIGA,SEARCH,17011,1,Q1,OD,CC,C_CONT,-6.690439962638521,81
ORIGA,SEARCH,17011,1,Q1,OD,CC,ANCHOR,-7.3176592943979415,81
ORIGA,SEARCH,17011,1,Q1,OC,SS,C_CONT,-2.2764562484451147,81
ORIGA,SEARCH,17011,1,Q1,OC,SS,ANCHOR,-2.674522249252348,81
ORIGA,SEARCH,17011,1,Q1,OC,SC,C_CONT,-2.1542630931049445,81
ORIGA,SEARCH,17011,1,Q1,OC,SC,ANCHOR,-2.552329093912178,81
ORIGA,SEARCH,17011,1,Q1,OC,CS,C_CONT,-6.774004844524256,81
ORIGA,SEARCH,17011,1,Q1,OC,CS,ANCHOR,-7.17207084533149,81
ORIGA,SEARCH,17011,1,Q1,OC,CC,C_CONT,-6.710171860545842,81
ORIGA,SEARCH,17011,1,Q1,OC,CC,ANCHOR,-7.108237861353075,81
ORIGA,SEARCH,17011,1,FIRST64,OD,SS,C_CONT,-3.780650103619621,35
ORIGA,SEARCH,17011,1,FIRST64,OD,SS,ANCHOR,-4.416375198185804,35
ORIGA,SEARCH,17011,1,FIRST64,OD,SC,C_CONT,-3.6684727383447893,35
ORIGA,SEARCH,17011,1,FIRST64,OD,SC,ANCHOR,-4.3041978329109725,35
ORIGA,SEARCH,17011,1,FIRST64,OD,CS,C_CONT,-6.198978264194636,35
ORIGA,SEARCH,17011,1,FIRST64,OD,CS,ANCHOR,-6.8347033587608195,35
ORIGA,SEARCH,17011,1,FIRST64,OD,CC,C_CONT,-6.092586665523328,35
ORIGA,SEARCH,17011,1,FIRST64,OD,CC,ANCHOR,-6.728311760089511,35
ORIGA,SEARCH,17011,1,FIRST64,OC,SC,SS,-0.11539509468747156,35
ORIGA,SEARCH,17011,1,FIRST64,OC,CC,CS,-0.1632446018575564,35
ORIGA,SEARCH,17011,1,FIRST64,OC,SS,C_CONT,-0.9945649975942104,35
ORIGA,SEARCH,17011,1,FIRST64,OC,SS,ANCHOR,-1.432583901785648,35
ORIGA,SEARCH,17011,1,FIRST64,OC,SC,C_CONT,-1.109960092281682,35
ORIGA,SEARCH,17011,1,FIRST64,OC,SC,ANCHOR,-1.5479789964731197,35
ORIGA,SEARCH,17011,1,FIRST64,OC,CS,C_CONT,-5.038871446971825,35
ORIGA,SEARCH,17011,1,FIRST64,OC,CS,ANCHOR,-5.476890351163263,35
ORIGA,SEARCH,17011,1,FIRST64,OC,CC,C_CONT,-5.202116048829382,35
ORIGA,SEARCH,17011,1,FIRST64,OC,CC,ANCHOR,-5.640134953020819,35
ORIGA,SEALED_REVIEW,17011,1,ALL,OD,SS,C_CONT,-2.391790905213824,210
ORIGA,SEALED_REVIEW,17011,1,ALL,OD,SS,ANCHOR,-2.6168236970160024,210
ORIGA,SEALED_REVIEW,17011,1,ALL,OD,SC,C_CONT,-2.044827873091677,210
ORIGA,SEALED_REVIEW,17011,1,ALL,OD,SC,ANCHOR,-2.269860664893855,210
ORIGA,SEALED_REVIEW,17011,1,ALL,OD,CS,C_CONT,-3.867647187271146,210
ORIGA,SEALED_REVIEW,17011,1,ALL,OD,CS,ANCHOR,-4.092679979073324,210
ORIGA,SEALED_REVIEW,17011,1,ALL,OD,CC,C_CONT,-3.587215215257018,210
ORIGA,SEALED_REVIEW,17011,1,ALL,OD,CC,ANCHOR,-3.812248007059196,210
ORIGA,SEALED_REVIEW,17011,1,ALL,OC,SS,C_CONT,-0.8944508423050053,210
ORIGA,SEALED_REVIEW,17011,1,ALL,OC,SS,ANCHOR,-1.2093458051843697,210
ORIGA,SEALED_REVIEW,17011,1,ALL,OC,SC,C_CONT,-0.7444409366501219,210
ORIGA,SEALED_REVIEW,17011,1,ALL,OC,SC,ANCHOR,-1.0593358995294864,210
ORIGA,SEALED_REVIEW,17011,1,ALL,OC,CS,C_CONT,-3.20725101439578,210
ORIGA,SEALED_REVIEW,17011,1,ALL,OC,CS,ANCHOR,-3.5221459772751444,210
ORIGA,SEALED_REVIEW,17011,1,ALL,OC,CC,C_CONT,-3.1018067357154706,210
ORIGA,SEALED_REVIEW,17011,1,ALL,OC,CC,ANCHOR,-3.416701698594835,210
ORIGA,SEALED_REVIEW,17011,1,Q1,OD,SS,C_CONT,-4.355053245922463,46
ORIGA,SEALED_REVIEW,17011,1,Q1,OD,SS,ANCHOR,-4.975220495050749,46
ORIGA,SEALED_REVIEW,17011,1,Q1,OD,SC,C_CONT,-3.9770812245493516,46
ORIGA,SEALED_REVIEW,17011,1,Q1,OD,SC,ANCHOR,-4.597248473677638,46
ORIGA,SEALED_REVIEW,17011,1,Q1,OD,CS,C_CONT,-7.801599631458288,46
ORIGA,SEALED_REVIEW,17011,1,Q1,OD,CS,ANCHOR,-8.421766880586574,46
ORIGA,SEALED_REVIEW,17011,1,Q1,OD,CC,C_CONT,-7.480082026158684,46
ORIGA,SEALED_REVIEW,17011,1,Q1,OD,CC,ANCHOR,-8.10024927528697,46
ORIGA,SEALED_REVIEW,17011,1,Q1,OC,SS,C_CONT,-2.830077368750949,46
ORIGA,SEALED_REVIEW,17011,1,Q1,OC,SS,ANCHOR,-3.335499598429692,46
ORIGA,SEALED_REVIEW,17011,1,Q1,OC,SC,C_CONT,-2.641442395836876,46
ORIGA,SEALED_REVIEW,17011,1,Q1,OC,SC,ANCHOR,-3.1468646255156187,46
ORIGA,SEALED_REVIEW,17011,1,Q1,OC,CS,C_CONT,-7.99506161202045,46
ORIGA,SEALED_REVIEW,17011,1,Q1,OC,CS,ANCHOR,-8.500483841699193,46
ORIGA,SEALED_REVIEW,17011,1,Q1,OC,CC,C_CONT,-7.865081597501401,46
ORIGA,SEALED_REVIEW,17011,1,Q1,OC,CC,ANCHOR,-8.370503827180144,46
ORIGA,SEALED_REVIEW,17011,1,FIRST64,OD,SS,C_CONT,-4.50603686038292,20
ORIGA,SEALED_REVIEW,17011,1,FIRST64,OD,SS,ANCHOR,-5.0536970377389565,20
ORIGA,SEALED_REVIEW,17011,1,FIRST64,OD,SC,C_CONT,-4.333447238626206,20
ORIGA,SEALED_REVIEW,17011,1,FIRST64,OD,SC,ANCHOR,-4.8811074159822425,20
ORIGA,SEALED_REVIEW,17011,1,FIRST64,OD,CS,C_CONT,-8.290241042657641,20
ORIGA,SEALED_REVIEW,17011,1,FIRST64,OD,CS,ANCHOR,-8.837901220013677,20
ORIGA,SEALED_REVIEW,17011,1,FIRST64,OD,CC,C_CONT,-8.11996481684379,20
ORIGA,SEALED_REVIEW,17011,1,FIRST64,OD,CC,ANCHOR,-8.667624994199826,20
ORIGA,SEALED_REVIEW,17011,1,FIRST64,OC,CC,CS,-0.04656705105742276,20
ORIGA,SEALED_REVIEW,17011,1,FIRST64,OC,SS,C_CONT,-2.9610874382645633,20
ORIGA,SEALED_REVIEW,17011,1,FIRST64,OC,SS,ANCHOR,-3.2253483578564683,20
ORIGA,SEALED_REVIEW,17011,1,FIRST64,OC,SC,C_CONT,-2.938365635852179,20
ORIGA,SEALED_REVIEW,17011,1,FIRST64,OC,SC,ANCHOR,-3.202626555444084,20
ORIGA,SEALED_REVIEW,17011,1,FIRST64,OC,CS,C_CONT,-8.18780088344058,20
ORIGA,SEALED_REVIEW,17011,1,FIRST64,OC,CS,ANCHOR,-8.452061803032485,20
ORIGA,SEALED_REVIEW,17011,1,FIRST64,OC,CC,C_CONT,-8.234367934498003,20
ORIGA,SEALED_REVIEW,17011,1,FIRST64,OC,CC,ANCHOR,-8.498628854089908,20
ORIGA,SEARCH,17011,1,Q2,OD,SS,C_CONT,-2.2164782077896206,70
ORIGA,SEARCH,17011,1,Q2,OD,SS,ANCHOR,-2.6210497201589504,70
ORIGA,SEARCH,17011,1,Q2,OD,SC,C_CONT,-1.8019050634642042,70
ORIGA,SEARCH,17011,1,Q2,OD,SC,ANCHOR,-2.206476575833534,70
ORIGA,SEARCH,17011,1,Q2,OD,CS,C_CONT,-4.031305241841224,70
ORIGA,SEARCH,17011,1,Q2,OD,CS,ANCHOR,-4.435876754210554,70
ORIGA,SEARCH,17011,1,Q2,OD,CC,C_CONT,-3.6869060692821307,70
ORIGA,SEARCH,17011,1,Q2,OD,CC,ANCHOR,-4.091477581651461,70
ORIGA,SEARCH,17011,1,Q2,OC,SS,C_CONT,-1.379646358160855,70
ORIGA,SEARCH,17011,1,Q2,OC,SS,ANCHOR,-2.0076350849773235,70
ORIGA,SEARCH,17011,1,Q2,OC,SC,C_CONT,-1.1830674508761234,70
ORIGA,SEARCH,17011,1,Q2,OC,SC,ANCHOR,-1.811056177692592,70
ORIGA,SEARCH,17011,1,Q2,OC,CS,C_CONT,-4.21913761183891,70
ORIGA,SEARCH,17011,1,Q2,OC,CS,ANCHOR,-4.847126338655379,70
ORIGA,SEARCH,17011,1,Q2,OC,CC,C_CONT,-4.1862263951025795,70
ORIGA,SEARCH,17011,1,Q2,OC,CC,ANCHOR,-4.814215121919048,70
ORIGA,SEALED_REVIEW,17011,1,Q2,OD,SS,C_CONT,-1.1882210829862885,62
ORIGA,SEALED_REVIEW,17011,1,Q2,OD,SS,ANCHOR,-1.412277117643768,62
ORIGA,SEALED_REVIEW,17011,1,Q2,OD,SC,C_CONT,-0.838971217254354,62
ORIGA,SEALED_REVIEW,17011,1,Q2,OD,SC,ANCHOR,-1.0630272519118336,62
ORIGA,SEALED_REVIEW,17011,1,Q2,OD,CS,C_CONT,-2.9635377701257255,62
ORIGA,SEALED_REVIEW,17011,1,Q2,OD,CS,ANCHOR,-3.187593804783205,62
ORIGA,SEALED_REVIEW,17011,1,Q2,OD,CC,C_CONT,-2.633355923005155,62
ORIGA,SEALED_REVIEW,17011,1,Q2,OD,CC,ANCHOR,-2.8574119576626344,62
ORIGA,SEALED_REVIEW,17011,1,Q2,OC,SS,C_CONT,-0.20679458528601913,62
ORIGA,SEALED_REVIEW,17011,1,Q2,OC,SS,ANCHOR,-0.6173152082754569,62
ORIGA,SEALED_REVIEW,17011,1,Q2,OC,SC,C_CONT,-0.018888413544559057,62
ORIGA,SEALED_REVIEW,17011,1,Q2,OC,SC,ANCHOR,-0.42940903653399687,62
ORIGA,SEALED_REVIEW,17011,1,Q2,OC,CS,C_CONT,-2.9970404207384718,62
ORIGA,SEALED_REVIEW,17011,1,Q2,OC,CS,ANCHOR,-3.4075610437279096,62
ORIGA,SEALED_REVIEW,17011,1,Q2,OC,CC,C_CONT,-2.8261806815379913,62
ORIGA,SEALED_REVIEW,17011,1,Q2,OC,CC,ANCHOR,-3.236701304527429,62
ORIGA,SEALED_REVIEW,17011,1,Q3,OD,SS,C_CONT,-2.2090672541021092,45
ORIGA,SEALED_REVIEW,17011,1,Q3,OD,SS,ANCHOR,-2.487094648255905,45
ORIGA,SEALED_REVIEW,17011,1,Q3,OD,SC,C_CONT,-1.8447341060220879,45
ORIGA,SEALED_REVIEW,17011,1,Q3,OD,SC,ANCHOR,-2.1227615001758835,45
ORIGA,SEALED_REVIEW,17011,1,Q3,OD,CS,C_CONT,-3.2186141701392614,45
ORIGA,SEALED_REVIEW,17011,1,Q3,OD,CS,ANCHOR,-3.496641564293057,45
ORIGA,SEALED_REVIEW,17011,1,Q3,OD,CC,C_CONT,-3.009312175020824,45
ORIGA,SEALED_REVIEW,17011,1,Q3,OD,CC,ANCHOR,-3.2873395691746197,45
ORIGA,SEALED_REVIEW,17011,1,Q3,OC,SS,C_CONT,-0.1669634279650012,45
ORIGA,SEALED_REVIEW,17011,1,Q3,OC,SS,ANCHOR,-0.6219387727157084,45
ORIGA,SEALED_REVIEW,17011,1,Q3,OC,SC,C_CONT,-0.05140175322134155,45
ORIGA,SEALED_REVIEW,17011,1,Q3,OC,SC,ANCHOR,-0.5063770979720488,45
ORIGA,SEALED_REVIEW,17011,1,Q3,OC,CS,C_CONT,-1.8274173449171798,45
ORIGA,SEALED_REVIEW,17011,1,Q3,OC,CS,ANCHOR,-2.282392689667887,45
ORIGA,SEALED_REVIEW,17011,1,Q3,OC,CC,C_CONT,-1.8270748700862356,45
ORIGA,SEALED_REVIEW,17011,1,Q3,OC,CC,ANCHOR,-2.282050214836943,45
ORIGA,SEARCH,17011,1,Q3,OD,SS,C_CONT,-1.6930119525050173,88
ORIGA,SEARCH,17011,1,Q3,OD,SS,ANCHOR,-1.9293302772070575,88
ORIGA,SEARCH,17011,1,Q3,OD,SC,C_CONT,-1.3490553666565575,88
ORIGA,SEARCH,17011,1,Q3,OD,SC,ANCHOR,-1.5853736913585976,88
ORIGA,SEARCH,17011,1,Q3,OD,CS,C_CONT,-3.0922103900164046,88
ORIGA,SEARCH,17011,1,Q3,OD,CS,ANCHOR,-3.328528714718445,88
ORIGA,SEARCH,17011,1,Q3,OD,CC,C_CONT,-2.856335502137867,88
ORIGA,SEARCH,17011,1,Q3,OD,CC,ANCHOR,-3.092653826839907,88
ORIGA,SEARCH,17011,1,Q3,OC,SS,C_CONT,-1.3303162215699018,88
ORIGA,SEARCH,17011,1,Q3,OC,SS,ANCHOR,-1.928942267277904,88
ORIGA,SEARCH,17011,1,Q3,OC,SC,C_CONT,-1.1295154014441806,88
ORIGA,SEARCH,17011,1,Q3,OC,SC,ANCHOR,-1.7281414471521828,88
ORIGA,SEARCH,17011,1,Q3,OC,CS,C_CONT,-3.8537665073057497,88
ORIGA,SEARCH,17011,1,Q3,OC,CS,ANCHOR,-4.452392553013752,88
ORIGA,SEARCH,17011,1,Q3,OC,CC,C_CONT,-3.7948015881398476,88
ORIGA,SEARCH,17011,1,Q3,OC,CC,ANCHOR,-4.39342763384785,88
ORIGA,SEARCH,17011,1,Q4,OD,SS,CS,-0.06282713723877009,77
ORIGA,SEARCH,17011,1,Q4,OD,SS,CC,-0.34767564304637233,77
ORIGA,SEARCH,17011,1,Q4,OD,SS,C_CONT,-2.8147715910985767,77
ORIGA,SEARCH,17011,1,Q4,OD,SS,ANCHOR,-2.796358344997813,77
ORIGA,SEARCH,17011,1,Q4,OD,SC,C_CONT,-2.464529506958712,77
ORIGA,SEARCH,17011,1,Q4,OD,SC,ANCHOR,-2.4461162608579485,77
ORIGA,SEARCH,17011,1,Q4,OD,CS,C_CONT,-2.7519444538598066,77
ORIGA,SEARCH,17011,1,Q4,OD,CS,ANCHOR,-2.733531207759043,77
ORIGA,SEARCH,17011,1,Q4,OD,CC,C_CONT,-2.4670959480522043,77
ORIGA,SEARCH,17011,1,Q4,OD,CC,ANCHOR,-2.4486827019514408,77
ORIGA,SEARCH,17011,1,Q4,OC,SS,CC,-0.13670446744667686,77
ORIGA,SEARCH,17011,1,Q4,OC,SS,C_CONT,-1.7379995827484578,77
ORIGA,SEARCH,17011,1,Q4,OC,SS,ANCHOR,-1.8644938716206667,77
ORIGA,SEARCH,17011,1,Q4,OC,SC,C_CONT,-1.5357299234715214,77
ORIGA,SEARCH,17011,1,Q4,OC,SC,ANCHOR,-1.6622242123437303,77
ORIGA,SEARCH,17011,1,Q4,OC,CS,C_CONT,-1.7643994069372297,77
ORIGA,SEARCH,17011,1,Q4,OC,CS,ANCHOR,-1.8908936958094387,77
ORIGA,SEARCH,17011,1,Q4,OC,CC,C_CONT,-1.601295115301781,77
ORIGA,SEARCH,17011,1,Q4,OC,CC,ANCHOR,-1.7277894041739899,77
ORIGA,SEALED_REVIEW,17011,1,Q4,OD,SS,CS,-0.07211509345481204,57
ORIGA,SEALED_REVIEW,17011,1,Q4,OD,SC,CC,-0.015694032996478313,57
ORIGA,SEALED_REVIEW,17011,1,Q4,OD,SS,CC,-0.3214315842860458,57
ORIGA,SEALED_REVIEW,17011,1,Q4,OD,SS,C_CONT,-2.2608053895214795,57
ORIGA,SEALED_REVIEW,17011,1,Q4,OD,SS,ANCHOR,-2.1261823357122154,57
ORIGA,SEALED_REVIEW,17011,1,Q4,OD,SC,C_CONT,-1.955067838231912,57
ORIGA,SEALED_REVIEW,17011,1,Q4,OD,SC,ANCHOR,-1.820444784422648,57
ORIGA,SEALED_REVIEW,17011,1,Q4,OD,CS,C_CONT,-2.1886902960666674,57
ORIGA,SEALED_REVIEW,17011,1,Q4,OD,CS,ANCHOR,-2.0540672422574033,57
ORIGA,SEALED_REVIEW,17011,1,Q4,OD,CC,C_CONT,-1.9393738052354337,57
ORIGA,SEALED_REVIEW,17011,1,Q4,OD,CC,ANCHOR,-1.8047507514261696,57
ORIGA,SEALED_REVIEW,17011,1,Q4,OC,SS,CC,-0.09074403104214923,57
ORIGA,SEALED_REVIEW,17011,1,Q4,OC,SS,C_CONT,-0.6546754276376987,57
ORIGA,SEALED_REVIEW,17011,1,Q4,OC,SS,ANCHOR,-0.60120789255555,57
ORIGA,SEALED_REVIEW,17011,1,Q4,OC,SC,C_CONT,-0.5498611570755259,57
ORIGA,SEALED_REVIEW,17011,1,Q4,OC,SC,ANCHOR,-0.4963936219933771,57
ORIGA,SEALED_REVIEW,17011,1,Q4,OC,CS,C_CONT,-0.6613963554932383,57
ORIGA,SEALED_REVIEW,17011,1,Q4,OC,CS,ANCHOR,-0.6079288204110895,57
ORIGA,SEALED_REVIEW,17011,1,Q4,OC,CC,C_CONT,-0.5639313965955495,57
ORIGA,SEALED_REVIEW,17011,1,Q4,OC,CC,ANCHOR,-0.5104638615134007,57
REFUGE_Valid,SEARCH,17011,1,ALL,OD,SC,SS,-0.031636190257685826,406
REFUGE_Valid,SEARCH,17011,1,ALL,OD,CC,CS,-0.17170562415813606,406
REFUGE_Valid,SEARCH,17011,1,ALL,OD,SS,SAME64_HOLD,-2.0461693691659804,406
REFUGE_Valid,SEARCH,17011,1,ALL,OD,SC,SAME64_HOLD,-2.077805559423666,406
REFUGE_Valid,SEARCH,17011,1,ALL,OD,CS,CROSS64_HOLD,-0.04879960630871949,406
REFUGE_Valid,SEARCH,17011,1,ALL,OD,CC,CROSS64_HOLD,-0.22050523046685555,406
REFUGE_Valid,SEARCH,17011,1,ALL,OD,SS,SOURCE_HOLD,-0.22664066110039016,406
REFUGE_Valid,SEARCH,17011,1,ALL,OD,SC,SOURCE_HOLD,-0.258276851358076,406
REFUGE_Valid,SEARCH,17011,1,ALL,OD,CS,SOURCE_HOLD,-0.8251591866206098,406
REFUGE_Valid,SEARCH,17011,1,ALL,OD,CC,SOURCE_HOLD,-0.9968648107787459,406
REFUGE_Valid,SEARCH,17011,1,ALL,OC,SC,SS,-0.05270559632673155,406
REFUGE_Valid,SEARCH,17011,1,ALL,OC,CC,CS,-0.10777323785606541,406
REFUGE_Valid,SEARCH,17011,1,ALL,OC,SS,SAME64_HOLD,-1.0788214951049184,406
REFUGE_Valid,SEARCH,17011,1,ALL,OC,SC,SAME64_HOLD,-1.13152709143165,406
REFUGE_Valid,SEARCH,17011,1,ALL,OC,CS,CROSS64_HOLD,-0.7814311625544832,406
REFUGE_Valid,SEARCH,17011,1,ALL,OC,CC,CROSS64_HOLD,-0.8892044004105486,406
REFUGE_Valid,SEARCH,17011,1,ALL,OC,SS,SOURCE_HOLD,-0.9677043573137354,406
REFUGE_Valid,SEARCH,17011,1,ALL,OC,SC,SOURCE_HOLD,-1.020409953640467,406
REFUGE_Valid,SEARCH,17011,1,ALL,OC,CS,SOURCE_HOLD,-1.241465344660341,406
REFUGE_Valid,SEARCH,17011,1,ALL,OC,CC,SOURCE_HOLD,-1.3492385825164064,406
REFUGE_Valid,SEARCH,17011,1,Q1,OD,SC,SS,-0.09361531354660713,97
REFUGE_Valid,SEARCH,17011,1,Q1,OD,CC,CS,-0.1898325762644788,97
REFUGE_Valid,SEARCH,17011,1,Q1,OD,SS,SAME64_HOLD,-0.11029267104899532,97
REFUGE_Valid,SEARCH,17011,1,Q1,OD,SC,SAME64_HOLD,-0.20390798459560244,97
REFUGE_Valid,SEARCH,17011,1,Q1,OC,SC,SS,-0.08346645188739643,97
REFUGE_Valid,SEARCH,17011,1,Q1,OC,CC,CS,-0.13094145318531503,97
REFUGE_Valid,SEARCH,17011,1,Q1,OC,SS,SAME64_HOLD,-0.2804727880864917,97
REFUGE_Valid,SEARCH,17011,1,Q1,OC,SC,SAME64_HOLD,-0.3639392399738881,97
REFUGE_Valid,SEARCH,17011,1,Q1,OC,SC,SOURCE_HOLD,-0.04328023310589657,97
REFUGE_Valid,SEARCH,17011,1,Q1,OC,CS,SOURCE_HOLD,-0.1558861683740247,97
REFUGE_Valid,SEARCH,17011,1,Q1,OC,CC,SOURCE_HOLD,-0.2868276215593397,97
REFUGE_Valid,SEARCH,17011,1,FIRST64,OD,SC,SS,-0.021575662308407573,39
REFUGE_Valid,SEARCH,17011,1,FIRST64,OD,CC,CS,-0.06665800245767173,39
REFUGE_Valid,SEARCH,17011,1,FIRST64,OC,SC,SS,-0.05496103861248969,39
REFUGE_Valid,SEARCH,17011,1,FIRST64,OC,CC,CS,-0.08579276255936463,39
REFUGE_Valid,SEARCH,17011,1,FIRST64,OC,SS,SAME64_HOLD,-0.08362357903897077,39
REFUGE_Valid,SEARCH,17011,1,FIRST64,OC,SC,SAME64_HOLD,-0.13858461765146046,39
REFUGE_Valid,SEARCH,17011,1,FIRST64,OC,CS,SOURCE_HOLD,-0.02574767333456407,39
REFUGE_Valid,SEARCH,17011,1,FIRST64,OC,CC,SOURCE_HOLD,-0.1115404358939287,39
REFUGE_Valid,SEALED_REVIEW,17011,1,ALL,OD,SC,SS,-0.031185265088211622,269
REFUGE_Valid,SEALED_REVIEW,17011,1,ALL,OD,CC,CS,-0.17144827054110579,269
REFUGE_Valid,SEALED_REVIEW,17011,1,ALL,OD,SS,SAME64_HOLD,-2.0373040311793886,269
REFUGE_Valid,SEALED_REVIEW,17011,1,ALL,OD,SC,SAME64_HOLD,-2.0684892962676003,269
REFUGE_Valid,SEALED_REVIEW,17011,1,ALL,OD,CC,CROSS64_HOLD,-0.11295103578164856,269
REFUGE_Valid,SEALED_REVIEW,17011,1,ALL,OD,SS,SOURCE_HOLD,-0.41397082871183954,269
REFUGE_Valid,SEALED_REVIEW,17011,1,ALL,OD,SC,SOURCE_HOLD,-0.44515609380005117,269
REFUGE_Valid,SEALED_REVIEW,17011,1,ALL,OD,CS,SOURCE_HOLD,-0.906508694480678,269
REFUGE_Valid,SEALED_REVIEW,17011,1,ALL,OD,CC,SOURCE_HOLD,-1.0779569650217837,269
REFUGE_Valid,SEALED_REVIEW,17011,1,ALL,OC,SC,SS,-0.059649293975482465,269
REFUGE_Valid,SEALED_REVIEW,17011,1,ALL,OC,CC,CS,-0.1169294075538545,269
REFUGE_Valid,SEALED_REVIEW,17011,1,ALL,OC,SS,SAME64_HOLD,-0.9793024665802221,269
REFUGE_Valid,SEALED_REVIEW,17011,1,ALL,OC,SC,SAME64_HOLD,-1.0389517605557046,269
REFUGE_Valid,SEALED_REVIEW,17011,1,ALL,OC,CS,CROSS64_HOLD,-0.6878783303710918,269
REFUGE_Valid,SEALED_REVIEW,17011,1,ALL,OC,CC,CROSS64_HOLD,-0.8048077379249463,269
REFUGE_Valid,SEALED_REVIEW,17011,1,ALL,OC,SS,SOURCE_HOLD,-1.0814997493925773,269
REFUGE_Valid,SEALED_REVIEW,17011,1,ALL,OC,SC,SOURCE_HOLD,-1.1411490433680598,269
REFUGE_Valid,SEALED_REVIEW,17011,1,ALL,OC,CS,SOURCE_HOLD,-1.3299875742788885,269
REFUGE_Valid,SEALED_REVIEW,17011,1,ALL,OC,CC,SOURCE_HOLD,-1.446916981832743,269
REFUGE_Valid,SEALED_REVIEW,17011,1,Q1,OD,SC,SS,-0.08351934290817553,69
REFUGE_Valid,SEALED_REVIEW,17011,1,Q1,OD,CC,CS,-0.20407849400876898,69
REFUGE_Valid,SEALED_REVIEW,17011,1,Q1,OD,SS,SAME64_HOLD,-0.45561807017816136,69
REFUGE_Valid,SEALED_REVIEW,17011,1,Q1,OD,SC,SAME64_HOLD,-0.5391374130863369,69
REFUGE_Valid,SEALED_REVIEW,17011,1,Q1,OC,SC,SS,-0.045692695896775604,69
REFUGE_Valid,SEALED_REVIEW,17011,1,Q1,OC,CC,CS,-0.12263559920522482,69
REFUGE_Valid,SEALED_REVIEW,17011,1,Q1,OC,SS,CS,-0.06733940428320295,69
REFUGE_Valid,SEALED_REVIEW,17011,1,Q1,OC,SS,SAME64_HOLD,-0.35050146038049945,69
REFUGE_Valid,SEALED_REVIEW,17011,1,Q1,OC,SC,SAME64_HOLD,-0.39619415627727506,69
REFUGE_Valid,SEALED_REVIEW,17011,1,Q1,OC,SS,SOURCE_HOLD,-0.32562855766667553,69
REFUGE_Valid,SEALED_REVIEW,17011,1,Q1,OC,SC,SOURCE_HOLD,-0.37132125356345114,69
REFUGE_Valid,SEALED_REVIEW,17011,1,Q1,OC,CS,SOURCE_HOLD,-0.2582891533834726,69
REFUGE_Valid,SEALED_REVIEW,17011,1,Q1,OC,CC,SOURCE_HOLD,-0.3809247525886974,69
REFUGE_Valid,SEALED_REVIEW,17011,1,FIRST64,OD,SC,SS,-0.07399365769960298,20
REFUGE_Valid,SEALED_REVIEW,17011,1,FIRST64,OD,CC,CS,-0.15332200638609095,20
REFUGE_Valid,SEALED_REVIEW,17011,1,FIRST64,OD,SS,SAME64_HOLD,-0.22331122963599626,20
REFUGE_Valid,SEALED_REVIEW,17011,1,FIRST64,OD,SC,SAME64_HOLD,-0.29730488733559923,20
REFUGE_Valid,SEALED_REVIEW,17011,1,FIRST64,OD,CC,SOURCE_HOLD,-0.03743354302027058,20
REFUGE_Valid,SEALED_REVIEW,17011,1,FIRST64,OC,CC,CS,-0.12287649754415497,20
REFUGE_Valid,SEALED_REVIEW,17011,1,FIRST64,OC,SS,CS,-0.8138495946780893,20
REFUGE_Valid,SEALED_REVIEW,17011,1,FIRST64,OC,SC,CC,-0.6480064328022621,20
REFUGE_Valid,SEALED_REVIEW,17011,1,FIRST64,OC,SS,CC,-0.6909730971339343,20
REFUGE_Valid,SEALED_REVIEW,17011,1,FIRST64,OC,SS,SAME64_HOLD,-0.4647238507168936,20
REFUGE_Valid,SEALED_REVIEW,17011,1,FIRST64,OC,SC,SAME64_HOLD,-0.4217571863852214,20
REFUGE_Valid,SEALED_REVIEW,17011,1,FIRST64,OC,CS,CROSS64_HOLD,-0.0010794914603877714,20
REFUGE_Valid,SEALED_REVIEW,17011,1,FIRST64,OC,CC,CROSS64_HOLD,-0.12395598900454274,20
REFUGE_Valid,SEALED_REVIEW,17011,1,FIRST64,OC,SS,SOURCE_HOLD,-1.2935904727998206,20
REFUGE_Valid,SEALED_REVIEW,17011,1,FIRST64,OC,SC,SOURCE_HOLD,-1.2506238084681485,20
REFUGE_Valid,SEALED_REVIEW,17011,1,FIRST64,OC,CS,SOURCE_HOLD,-0.4797408781217314,20
REFUGE_Valid,SEALED_REVIEW,17011,1,FIRST64,OC,CC,SOURCE_HOLD,-0.6026173756658864,20
REFUGE_Valid,SEALED_REVIEW,17011,1,Q2,OD,SC,SS,-0.032838273179194744,80
REFUGE_Valid,SEALED_REVIEW,17011,1,Q2,OD,CC,CS,-0.18460838050989992,80
REFUGE_Valid,SEALED_REVIEW,17011,1,Q2,OD,SS,SAME64_HOLD,-1.3426615725194182,80
REFUGE_Valid,SEALED_REVIEW,17011,1,Q2,OD,SC,SAME64_HOLD,-1.375499845698613,80
REFUGE_Valid,SEALED_REVIEW,17011,1,Q2,OD,SS,SOURCE_HOLD,-0.03950838669436507,80
REFUGE_Valid,SEALED_REVIEW,17011,1,Q2,OD,SC,SOURCE_HOLD,-0.07234665987355982,80
REFUGE_Valid,SEALED_REVIEW,17011,1,Q2,OD,CS,SOURCE_HOLD,-0.34325779040030113,80
REFUGE_Valid,SEALED_REVIEW,17011,1,Q2,OD,CC,SOURCE_HOLD,-0.527866170910201,80
REFUGE_Valid,SEALED_REVIEW,17011,1,Q2,OC,SC,SS,-0.0391589336810938,80
REFUGE_Valid,SEALED_REVIEW,17011,1,Q2,OC,CC,CS,-0.10781414067551509,80
REFUGE_Valid,SEALED_REVIEW,17011,1,Q2,OC,SS,SAME64_HOLD,-0.5851786864718491,80
REFUGE_Valid,SEALED_REVIEW,17011,1,Q2,OC,SC,SAME64_HOLD,-0.6243376201529429,80
REFUGE_Valid,SEALED_REVIEW,17011,1,Q2,OC,CS,CROSS64_HOLD,-0.20178761269322365,80
REFUGE_Valid,SEALED_REVIEW,17011,1,Q2,OC,CC,CROSS64_HOLD,-0.30960175336873874,80
REFUGE_Valid,SEALED_REVIEW,17011,1,Q2,OC,SS,SOURCE_HOLD,-0.7083542256205249,80
REFUGE_Valid,SEALED_REVIEW,17011,1,Q2,OC,SC,SOURCE_HOLD,-0.7475131593016187,80
REFUGE_Valid,SEALED_REVIEW,17011,1,Q2,OC,CS,SOURCE_HOLD,-0.8977962111844846,80
REFUGE_Valid,SEALED_REVIEW,17011,1,Q2,OC,CC,SOURCE_HOLD,-1.0056103518599997,80
REFUGE_Valid,SEARCH,17011,1,Q2,OD,SC,SS,-0.0554192593305487,89
REFUGE_Valid,SEARCH,17011,1,Q2,OD,CC,CS,-0.21030991028906953,89
REFUGE_Valid,SEARCH,17011,1,Q2,OD,SS,SAME64_HOLD,-1.0286433471608518,89
REFUGE_Valid,SEARCH,17011,1,Q2,OD,SC,SAME64_HOLD,-1.0840626064914005,89
REFUGE_Valid,SEARCH,17011,1,Q2,OD,CC,SOURCE_HOLD,-0.10682899937405921,89
REFUGE_Valid,SEARCH,17011,1,Q2,OC,CC,CS,-0.06592105507600365,89
REFUGE_Valid,SEARCH,17011,1,Q2,OC,SS,SAME64_HOLD,-0.7202848670143851,89
REFUGE_Valid,SEARCH,17011,1,Q2,OC,SC,SAME64_HOLD,-0.7166344592631191,89
REFUGE_Valid,SEARCH,17011,1,Q2,OC,CS,CROSS64_HOLD,-0.8938022784092539,89
REFUGE_Valid,SEARCH,17011,1,Q2,OC,CC,CROSS64_HOLD,-0.9597233334852575,89
REFUGE_Valid,SEARCH,17011,1,Q2,OC,SS,SOURCE_HOLD,-1.204330991769993,89
REFUGE_Valid,SEARCH,17011,1,Q2,OC,SC,SOURCE_HOLD,-1.200680584018727,89
REFUGE_Valid,SEARCH,17011,1,Q2,OC,CS,SOURCE_HOLD,-1.2567361763672267,89
REFUGE_Valid,SEARCH,17011,1,Q2,OC,CC,SOURCE_HOLD,-1.3226572314432303,89
REFUGE_Valid,SEARCH,17011,1,Q3,OD,CC,CS,-0.14988477397440647,100
REFUGE_Valid,SEARCH,17011,1,Q3,OD,SS,SAME64_HOLD,-2.274546736475614,100
REFUGE_Valid,SEARCH,17011,1,Q3,OD,SC,SAME64_HOLD,-2.2697977259335005,100
REFUGE_Valid,SEARCH,17011,1,Q3,OD,CS,CROSS64_HOLD,-0.07187856049169739,100
REFUGE_Valid,SEARCH,17011,1,Q3,OD,CC,CROSS64_HOLD,-0.22176333446610386,100
REFUGE_Valid,SEARCH,17011,1,Q3,OD,SS,SOURCE_HOLD,-0.33354110727542263,100
REFUGE_Valid,SEARCH,17011,1,Q3,OD,SC,SOURCE_HOLD,-0.32879209673330934,100
REFUGE_Valid,SEARCH,17011,1,Q3,OD,CS,SOURCE_HOLD,-0.8233003341603222,100
REFUGE_Valid,SEARCH,17011,1,Q3,OD,CC,SOURCE_HOLD,-0.9731851081347287,100
REFUGE_Valid,SEARCH,17011,1,Q3,OC,SC,SS,-0.0504872939643235,100
REFUGE_Valid,SEARCH,17011,1,Q3,OC,CC,CS,-0.10052355854429607,100
REFUGE_Valid,SEARCH,17011,1,Q3,OC,SS,SAME64_HOLD,-1.013536811718268,100
REFUGE_Valid,SEARCH,17011,1,Q3,OC,SC,SAME64_HOLD,-1.0640241056825914,100
REFUGE_Valid,SEARCH,17011,1,Q3,OC,CS,CROSS64_HOLD,-0.5443783474582489,100
REFUGE_Valid,SEARCH,17011,1,Q3,OC,CC,CROSS64_HOLD,-0.6449019060025449,100
REFUGE_Valid,SEARCH,17011,1,Q3,OC,SS,SOURCE_HOLD,-0.6332418300748088,100
REFUGE_Valid,SEARCH,17011,1,Q3,OC,SC,SOURCE_HOLD,-0.6837291240391323,100
REFUGE_Valid,SEARCH,17011,1,Q3,OC,CS,SOURCE_HOLD,-1.0150793243128646,100
REFUGE_Valid,SEARCH,17011,1,Q3,OC,CC,SOURCE_HOLD,-1.1156028828571607,100
REFUGE_Valid,SEALED_REVIEW,17011,1,Q3,OD,SC,SS,-0.0399387469577448,68
REFUGE_Valid,SEALED_REVIEW,17011,1,Q3,OD,CC,CS,-0.17054740289020742,68
REFUGE_Valid,SEALED_REVIEW,17011,1,Q3,OD,SS,SAME64_HOLD,-3.011440823845575,68
REFUGE_Valid,SEALED_REVIEW,17011,1,Q3,OD,SC,SAME64_HOLD,-3.05137957080332,68
REFUGE_Valid,SEALED_REVIEW,17011,1,Q3,OD,CS,CROSS64_HOLD,-0.49185153391016456,68
REFUGE_Valid,SEALED_REVIEW,17011,1,Q3,OD,CC,CROSS64_HOLD,-0.662398936800372,68
REFUGE_Valid,SEALED_REVIEW,17011,1,Q3,OD,SS,SOURCE_HOLD,-0.8706457365086635,68
REFUGE_Valid,SEALED_REVIEW,17011,1,Q3,OD,SC,SOURCE_HOLD,-0.9105844834664083,68
REFUGE_Valid,SEALED_REVIEW,17011,1,Q3,OD,CS,SOURCE_HOLD,-1.6416297988429989,68
REFUGE_Valid,SEALED_REVIEW,17011,1,Q3,OD,CC,SOURCE_HOLD,-1.8121772017332063,68
REFUGE_Valid,SEALED_REVIEW,17011,1,Q3,OC,SC,SS,-0.04336349782767002,68
REFUGE_Valid,SEALED_REVIEW,17011,1,Q3,OC,CC,CS,-0.09125654669551864,68
REFUGE_Valid,SEALED_REVIEW,17011,1,Q3,OC,SS,SAME64_HOLD,-1.2967294779829643,68
REFUGE_Valid,SEALED_REVIEW,17011,1,Q3,OC,SC,SAME64_HOLD,-1.3400929758106344,68
REFUGE_Valid,SEALED_REVIEW,17011,1,Q3,OC,CS,CROSS64_HOLD,-1.630515720112406,68
REFUGE_Valid,SEALED_REVIEW,17011,1,Q3,OC,CC,CROSS64_HOLD,-1.7217722668079247,68
REFUGE_Valid,SEALED_REVIEW,17011,1,Q3,OC,SS,SOURCE_HOLD,-1.7977466862811866,68
REFUGE_Valid,SEALED_REVIEW,17011,1,Q3,OC,SC,SOURCE_HOLD,-1.8411101841088566,68
REFUGE_Valid,SEALED_REVIEW,17011,1,Q3,OC,CS,SOURCE_HOLD,-2.1272210191700722,68
REFUGE_Valid,SEALED_REVIEW,17011,1,Q3,OC,CC,SOURCE_HOLD,-2.218477565865591,68
REFUGE_Valid,SEARCH,17011,1,Q4,OD,CC,CS,-0.14660553414482536,120
REFUGE_Valid,SEARCH,17011,1,Q4,OD,SS,SAME64_HOLD,-4.175353693706356,120
REFUGE_Valid,SEARCH,17011,1,Q4,OD,SC,SAME64_HOLD,-4.169571983742955,120
REFUGE_Valid,SEARCH,17011,1,Q4,OD,CS,CROSS64_HOLD,-2.3794078183489376,120
REFUGE_Valid,SEARCH,17011,1,Q4,OD,CC,CROSS64_HOLD,-2.526013352493763,120
REFUGE_Valid,SEARCH,17011,1,Q4,OD,SS,SOURCE_HOLD,-2.3332369386466354,120
REFUGE_Valid,SEARCH,17011,1,Q4,OD,SC,SOURCE_HOLD,-2.3274552286832346,120
REFUGE_Valid,SEARCH,17011,1,Q4,OD,CS,SOURCE_HOLD,-3.1856108063379764,120
REFUGE_Valid,SEARCH,17011,1,Q4,OD,CC,SOURCE_HOLD,-3.332216340482802,120
REFUGE_Valid,SEARCH,17011,1,Q4,OC,SC,SS,-0.07148652640843522,120
REFUGE_Valid,SEARCH,17011,1,Q4,OC,CC,CS,-0.12612736545322178,120
REFUGE_Valid,SEARCH,17011,1,Q4,OC,SS,SAME64_HOLD,-2.0444719352674667,120
REFUGE_Valid,SEARCH,17011,1,Q4,OC,SC,SAME64_HOLD,-2.115958461675902,120
REFUGE_Valid,SEARCH,17011,1,Q4,OC,CS,CROSS64_HOLD,-1.8371281792890954,120
REFUGE_Valid,SEARCH,17011,1,Q4,OC,CC,CROSS64_HOLD,-1.9632555447423172,120
REFUGE_Valid,SEARCH,17011,1,Q4,OC,SS,SOURCE_HOLD,-1.8856365918014433,120
REFUGE_Valid,SEARCH,17011,1,Q4,OC,SC,SOURCE_HOLD,-1.9571231182098785,120
REFUGE_Valid,SEARCH,17011,1,Q4,OC,CS,SOURCE_HOLD,-2.2963043289321377,120
REFUGE_Valid,SEARCH,17011,1,Q4,OC,CC,SOURCE_HOLD,-2.4224316943853594,120
REFUGE_Valid,SEALED_REVIEW,17011,1,Q4,OD,CC,CS,-0.10908220868515173,52
REFUGE_Valid,SEALED_REVIEW,17011,1,Q4,OD,SS,SAME64_HOLD,-3.9308891484983377,52
REFUGE_Valid,SEALED_REVIEW,17011,1,Q4,OD,SC,SAME64_HOLD,-3.878641167740625,52
REFUGE_Valid,SEALED_REVIEW,17011,1,Q4,OD,CS,CROSS64_HOLD,-1.997060473965064,52
REFUGE_Valid,SEALED_REVIEW,17011,1,Q4,OD,CC,CROSS64_HOLD,-2.1061426826502156,52
REFUGE_Valid,SEALED_REVIEW,17011,1,Q4,OD,SS,SOURCE_HOLD,-2.0464475410185514,52
REFUGE_Valid,SEALED_REVIEW,17011,1,Q4,OD,SC,SOURCE_HOLD,-1.9941995602608387,52
REFUGE_Valid,SEALED_REVIEW,17011,1,Q4,OD,CS,SOURCE_HOLD,-2.7793858182935764,52
REFUGE_Valid,SEALED_REVIEW,17011,1,Q4,OD,CC,SOURCE_HOLD,-2.888468026978728,52
REFUGE_Valid,SEALED_REVIEW,17011,1,Q4,OC,SC,SS,-0.13098906761069884,52
REFUGE_Valid,SEALED_REVIEW,17011,1,Q4,OC,CC,CS,-0.1569534203362366,52
REFUGE_Valid,SEALED_REVIEW,17011,1,Q4,OC,SS,SAME64_HOLD,-2.004920448523748,52
REFUGE_Valid,SEALED_REVIEW,17011,1,Q4,OC,SC,SAME64_HOLD,-2.135909516134447,52
REFUGE_Valid,SEALED_REVIEW,17011,1,Q4,OC,CS,CROSS64_HOLD,-1.7159866187985386,52
REFUGE_Valid,SEALED_REVIEW,17011,1,Q4,OC,CC,CROSS64_HOLD,-1.8729400391347752,52
REFUGE_Valid,SEALED_REVIEW,17011,1,Q4,OC,SS,SOURCE_HOLD,-1.7219221036700247,52
REFUGE_Valid,SEALED_REVIEW,17011,1,Q4,OC,SC,SOURCE_HOLD,-1.8529111712807236,52
REFUGE_Valid,SEALED_REVIEW,17011,1,Q4,OC,CS,SOURCE_HOLD,-2.374422686523843,52
REFUGE_Valid,SEALED_REVIEW,17011,1,Q4,OC,CC,SOURCE_HOLD,-2.5313761068600797,52
ORIGA,SEARCH,29009,0,ALL,OD,SS,CC,-0.007315934525124135,316
ORIGA,SEARCH,29009,0,ALL,OD,SS,C_CONT,-3.3897119252641374,316
ORIGA,SEARCH,29009,0,ALL,OD,SS,ANCHOR,-3.8979501378562276,316
ORIGA,SEARCH,29009,0,ALL,OD,SC,C_CONT,-2.2976858432961933,316
ORIGA,SEARCH,29009,0,ALL,OD,SC,ANCHOR,-2.8059240558882834,316
ORIGA,SEARCH,29009,0,ALL,OD,CS,C_CONT,-4.472689223626006,316
ORIGA,SEARCH,29009,0,ALL,OD,CS,ANCHOR,-4.980927436218096,316
ORIGA,SEARCH,29009,0,ALL,OD,CC,C_CONT,-3.3823959907390133,316
ORIGA,SEARCH,29009,0,ALL,OD,CC,ANCHOR,-3.8906342033311034,316
ORIGA,SEARCH,29009,0,ALL,OC,SS,C_CONT,-4.212124031153593,316
ORIGA,SEARCH,29009,0,ALL,OC,SS,ANCHOR,-4.570016584562353,316
ORIGA,SEARCH,29009,0,ALL,OC,SC,C_CONT,-2.9861226150836444,316
ORIGA,SEARCH,29009,0,ALL,OC,SC,ANCHOR,-3.3440151684924047,316
ORIGA,SEARCH,29009,0,ALL,OC,CS,C_CONT,-5.404695834595614,316
ORIGA,SEARCH,29009,0,ALL,OC,CS,ANCHOR,-5.7625883880043745,316
ORIGA,SEARCH,29009,0,ALL,OC,CC,C_CONT,-4.301534763597132,316
ORIGA,SEARCH,29009,0,ALL,OC,CC,ANCHOR,-4.659427317005893,316
ORIGA,SEARCH,29009,0,Q1,OD,SS,C_CONT,-4.913132522811708,81
ORIGA,SEARCH,29009,0,Q1,OD,SS,ANCHOR,-5.784245809689338,81
ORIGA,SEARCH,29009,0,Q1,OD,SC,C_CONT,-3.5952777756203744,81
ORIGA,SEARCH,29009,0,Q1,OD,SC,ANCHOR,-4.466391062498005,81
ORIGA,SEARCH,29009,0,Q1,OD,CS,C_CONT,-7.183338454134002,81
ORIGA,SEARCH,29009,0,Q1,OD,CS,ANCHOR,-8.054451741011633,81
ORIGA,SEARCH,29009,0,Q1,OD,CC,C_CONT,-5.783437456917753,81
ORIGA,SEARCH,29009,0,Q1,OD,CC,ANCHOR,-6.654550743795383,81
ORIGA,SEARCH,29009,0,Q1,OD,OPTIMIZER_BY_PARAMETER_INTERACTION,ALGEBRA,-0.08204625002491639,81
ORIGA,SEARCH,29009,0,Q1,OC,SS,C_CONT,-6.1622366364377825,81
ORIGA,SEARCH,29009,0,Q1,OC,SS,ANCHOR,-6.086693738029908,81
ORIGA,SEARCH,29009,0,Q1,OC,SC,C_CONT,-4.45087126004929,81
ORIGA,SEARCH,29009,0,Q1,OC,SC,ANCHOR,-4.375328361641415,81
ORIGA,SEARCH,29009,0,Q1,OC,CS,C_CONT,-9.051145710051273,81
ORIGA,SEARCH,29009,0,Q1,OC,CS,ANCHOR,-8.975602811643398,81
ORIGA,SEARCH,29009,0,Q1,OC,CC,C_CONT,-7.491585555384148,81
ORIGA,SEARCH,29009,0,Q1,OC,CC,ANCHOR,-7.416042656976273,81
ORIGA,SEARCH,29009,0,FIRST64,OD,SS,C_CONT,-4.233261420660426,35
ORIGA,SEARCH,29009,0,FIRST64,OD,SS,ANCHOR,-5.166886685297499,35
ORIGA,SEARCH,29009,0,FIRST64,OD,SC,C_CONT,-3.604216670460332,35
ORIGA,SEARCH,29009,0,FIRST64,OD,SC,ANCHOR,-4.537841935097404,35
ORIGA,SEARCH,29009,0,FIRST64,OD,CS,C_CONT,-6.544058224927795,35
ORIGA,SEARCH,29009,0,FIRST64,OD,CS,ANCHOR,-7.477683489564868,35
ORIGA,SEARCH,29009,0,FIRST64,OD,CC,C_CONT,-5.867536813754413,35
ORIGA,SEARCH,29009,0,FIRST64,OD,CC,ANCHOR,-6.801162078391485,35
ORIGA,SEARCH,29009,0,FIRST64,OD,OPTIMIZER_BY_PARAMETER_INTERACTION,ALGEBRA,-0.047476660973288176,35
ORIGA,SEARCH,29009,0,FIRST64,OC,SS,C_CONT,-4.5281403227139805,35
ORIGA,SEARCH,29009,0,FIRST64,OC,SS,ANCHOR,-4.386020663294701,35
ORIGA,SEARCH,29009,0,FIRST64,OC,SC,C_CONT,-4.004695215139847,35
ORIGA,SEARCH,29009,0,FIRST64,OC,SC,ANCHOR,-3.862575555720568,35
ORIGA,SEARCH,29009,0,FIRST64,OC,CS,C_CONT,-7.478022030908555,35
ORIGA,SEARCH,29009,0,FIRST64,OC,CS,ANCHOR,-7.335902371489276,35
ORIGA,SEARCH,29009,0,FIRST64,OC,CC,C_CONT,-6.87996706198841,35
ORIGA,SEARCH,29009,0,FIRST64,OC,CC,ANCHOR,-6.73784740256913,35
ORIGA,SEARCH,29009,0,FIRST64,OC,OPTIMIZER_BY_PARAMETER_INTERACTION,ALGEBRA,-0.074609861346012,35
ORIGA,SEALED_REVIEW,29009,0,ALL,OD,SS,C_CONT,-3.2652606573163325,210
ORIGA,SEALED_REVIEW,29009,0,ALL,OD,SS,ANCHOR,-3.7305196662401556,210
ORIGA,SEALED_REVIEW,29009,0,ALL,OD,SC,C_CONT,-2.2041711370342085,210
ORIGA,SEALED_REVIEW,29009,0,ALL,OD,SC,ANCHOR,-2.6694301459580316,210
ORIGA,SEALED_REVIEW,29009,0,ALL,OD,CS,C_CONT,-4.375220417112146,210
ORIGA,SEALED_REVIEW,29009,0,ALL,OD,CS,ANCHOR,-4.840479426035969,210
ORIGA,SEALED_REVIEW,29009,0,ALL,OD,CC,C_CONT,-3.3415175372150117,210
ORIGA,SEALED_REVIEW,29009,0,ALL,OD,CC,ANCHOR,-3.8067765461388348,210
ORIGA,SEALED_REVIEW,29009,0,ALL,OC,SS,C_CONT,-3.5925135797127865,210
ORIGA,SEALED_REVIEW,29009,0,ALL,OC,SS,ANCHOR,-3.882509183436042,210
ORIGA,SEALED_REVIEW,29009,0,ALL,OC,SC,C_CONT,-2.565033581799085,210
ORIGA,SEALED_REVIEW,29009,0,ALL,OC,SC,ANCHOR,-2.8550291855223406,210
ORIGA,SEALED_REVIEW,29009,0,ALL,OC,CS,C_CONT,-4.884066400787688,210
ORIGA,SEALED_REVIEW,29009,0,ALL,OC,CS,ANCHOR,-5.174062004510944,210
ORIGA,SEALED_REVIEW,29009,0,ALL,OC,CC,C_CONT,-3.7572515481989086,210
ORIGA,SEALED_REVIEW,29009,0,ALL,OC,CC,ANCHOR,-4.047247151922164,210
ORIGA,SEALED_REVIEW,29009,0,ALL,OC,OPTIMIZER_BY_PARAMETER_INTERACTION,ALGEBRA,-0.09933485467507808,210
ORIGA,SEALED_REVIEW,29009,0,Q1,OD,SS,C_CONT,-5.524208377247831,46
ORIGA,SEALED_REVIEW,29009,0,Q1,OD,SS,ANCHOR,-6.366792664777606,46
ORIGA,SEALED_REVIEW,29009,0,Q1,OD,SC,C_CONT,-4.0859733757098695,46
ORIGA,SEALED_REVIEW,29009,0,Q1,OD,SC,ANCHOR,-4.928557663239644,46
ORIGA,SEALED_REVIEW,29009,0,Q1,OD,CS,C_CONT,-8.270150999491648,46
ORIGA,SEALED_REVIEW,29009,0,Q1,OD,CS,ANCHOR,-9.112735287021422,46
ORIGA,SEALED_REVIEW,29009,0,Q1,OD,CC,C_CONT,-6.730153640456891,46
ORIGA,SEALED_REVIEW,29009,0,Q1,OD,CC,ANCHOR,-7.572737927986665,46
ORIGA,SEALED_REVIEW,29009,0,Q1,OD,OPTIMIZER_BY_PARAMETER_INTERACTION,ALGEBRA,-0.10176235749679563,46
ORIGA,SEALED_REVIEW,29009,0,Q1,OC,SS,C_CONT,-6.683259867188596,46
ORIGA,SEALED_REVIEW,29009,0,Q1,OC,SS,ANCHOR,-6.642913373310023,46
ORIGA,SEALED_REVIEW,29009,0,Q1,OC,SC,C_CONT,-5.160689870821102,46
ORIGA,SEALED_REVIEW,29009,0,Q1,OC,SC,ANCHOR,-5.120343376942529,46
ORIGA,SEALED_REVIEW,29009,0,Q1,OC,CS,C_CONT,-10.037525410255661,46
ORIGA,SEALED_REVIEW,29009,0,Q1,OC,CS,ANCHOR,-9.997178916377088,46
ORIGA,SEALED_REVIEW,29009,0,Q1,OC,CC,C_CONT,-8.125804698859426,46
ORIGA,SEALED_REVIEW,29009,0,Q1,OC,CC,ANCHOR,-8.085458204980853,46
ORIGA,SEALED_REVIEW,29009,0,Q1,OC,OPTIMIZER_BY_PARAMETER_INTERACTION,ALGEBRA,-0.389150715028741,46
ORIGA,SEALED_REVIEW,29009,0,FIRST64,OD,SS,C_CONT,-5.415850669048666,20
ORIGA,SEALED_REVIEW,29009,0,FIRST64,OD,SS,ANCHOR,-6.3103834153978795,20
ORIGA,SEALED_REVIEW,29009,0,FIRST64,OD,SC,C_CONT,-4.702141508155961,20
ORIGA,SEALED_REVIEW,29009,0,FIRST64,OD,SC,ANCHOR,-5.596674254505174,20
ORIGA,SEALED_REVIEW,29009,0,FIRST64,OD,CS,C_CONT,-8.57901716379159,20
ORIGA,SEALED_REVIEW,29009,0,FIRST64,OD,CS,ANCHOR,-9.473549910140804,20
ORIGA,SEALED_REVIEW,29009,0,FIRST64,OD,CC,C_CONT,-7.741209019666542,20
ORIGA,SEALED_REVIEW,29009,0,FIRST64,OD,CC,ANCHOR,-8.635741766015755,20
ORIGA,SEALED_REVIEW,29009,0,FIRST64,OD,OPTIMIZER_BY_PARAMETER_INTERACTION,ALGEBRA,-0.12409898323234358,20
ORIGA,SEALED_REVIEW,29009,0,FIRST64,OC,SS,C_CONT,-7.147855999442413,20
ORIGA,SEALED_REVIEW,29009,0,FIRST64,OC,SS,ANCHOR,-7.024796306010032,20
ORIGA,SEALED_REVIEW,29009,0,FIRST64,OC,SC,C_CONT,-6.360736916041546,20
ORIGA,SEALED_REVIEW,29009,0,FIRST64,OC,SC,ANCHOR,-6.237677222609165,20
ORIGA,SEALED_REVIEW,29009,0,FIRST64,OC,CS,C_CONT,-10.468201164056346,20
ORIGA,SEALED_REVIEW,29009,0,FIRST64,OC,CS,ANCHOR,-10.345141470623965,20
ORIGA,SEALED_REVIEW,29009,0,FIRST64,OC,CC,C_CONT,-9.667177483130935,20
ORIGA,SEALED_REVIEW,29009,0,FIRST64,OC,CC,ANCHOR,-9.544117789698554,20
ORIGA,SEALED_REVIEW,29009,0,FIRST64,OC,OPTIMIZER_BY_PARAMETER_INTERACTION,ALGEBRA,-0.01390459752454376,20
ORIGA,SEARCH,29009,0,Q2,OD,SS,CC,-0.21989240029736834,70
ORIGA,SEARCH,29009,0,Q2,OD,SS,C_CONT,-3.8181570762701114,70
ORIGA,SEARCH,29009,0,Q2,OD,SS,ANCHOR,-4.413018970748695,70
ORIGA,SEARCH,29009,0,Q2,OD,SC,C_CONT,-2.4885601752813926,70
ORIGA,SEARCH,29009,0,Q2,OD,SC,ANCHOR,-3.083422069759976,70
ORIGA,SEARCH,29009,0,Q2,OD,CS,C_CONT,-4.965840967853396,70
ORIGA,SEARCH,29009,0,Q2,OD,CS,ANCHOR,-5.560702862331979,70
ORIGA,SEARCH,29009,0,Q2,OD,CC,C_CONT,-3.598264675972743,70
ORIGA,SEARCH,29009,0,Q2,OD,CC,ANCHOR,-4.1931265704513265,70
ORIGA,SEARCH,29009,0,Q2,OD,OPTIMIZER_BY_PARAMETER_INTERACTION,ALGEBRA,-0.03797939089193392,70
ORIGA,SEARCH,29009,0,Q2,OC,SS,CC,-0.3267032419401801,70
ORIGA,SEARCH,29009,0,Q2,OC,SS,C_CONT,-5.1959625422062885,70
ORIGA,SEARCH,29009,0,Q2,OC,SS,ANCHOR,-5.475155114156536,70
ORIGA,SEARCH,29009,0,Q2,OC,SC,C_CONT,-3.7432920180508233,70
ORIGA,SEARCH,29009,0,Q2,OC,SC,ANCHOR,-4.022484590001071,70
ORIGA,SEARCH,29009,0,Q2,OC,CS,C_CONT,-6.099763383362955,70
ORIGA,SEARCH,29009,0,Q2,OC,CS,ANCHOR,-6.378955955313202,70
ORIGA,SEARCH,29009,0,Q2,OC,CC,C_CONT,-4.869259300266108,70
ORIGA,SEARCH,29009,0,Q2,OC,CC,ANCHOR,-5.148451872216356,70
ORIGA,SEALED_REVIEW,29009,0,Q2,OD,SS,CC,-0.21896364835986049,62
ORIGA,SEALED_REVIEW,29009,0,Q2,OD,SS,C_CONT,-3.461294421017726,62
ORIGA,SEALED_REVIEW,29009,0,Q2,OD,SS,ANCHOR,-3.927127529070276,62
ORIGA,SEALED_REVIEW,29009,0,Q2,OD,SC,C_CONT,-2.1542559946234547,62
ORIGA,SEALED_REVIEW,29009,0,Q2,OD,SC,ANCHOR,-2.6200891026760047,62
ORIGA,SEALED_REVIEW,29009,0,Q2,OD,CS,C_CONT,-4.493519621773103,62
ORIGA,SEALED_REVIEW,29009,0,Q2,OD,CS,ANCHOR,-4.959352729825653,62
ORIGA,SEALED_REVIEW,29009,0,Q2,OD,CC,C_CONT,-3.2423307726578656,62
ORIGA,SEALED_REVIEW,29009,0,Q2,OD,CC,ANCHOR,-3.7081638807104156,62
ORIGA,SEALED_REVIEW,29009,0,Q2,OC,SS,CC,-0.3292112097777107,62
ORIGA,SEALED_REVIEW,29009,0,Q2,OC,SS,C_CONT,-4.447790791080024,62
ORIGA,SEALED_REVIEW,29009,0,Q2,OC,SS,ANCHOR,-4.626050280570027,62
ORIGA,SEALED_REVIEW,29009,0,Q2,OC,SC,C_CONT,-2.8476578057384927,62
ORIGA,SEALED_REVIEW,29009,0,Q2,OC,SC,ANCHOR,-3.0259172952284956,62
ORIGA,SEALED_REVIEW,29009,0,Q2,OC,CS,C_CONT,-5.815493500656572,62
ORIGA,SEALED_REVIEW,29009,0,Q2,OC,CS,ANCHOR,-5.993752990146575,62
ORIGA,SEALED_REVIEW,29009,0,Q2,OC,CC,C_CONT,-4.118579581302313,62
ORIGA,SEALED_REVIEW,29009,0,Q2,OC,CC,ANCHOR,-4.296839070792316,62
ORIGA,SEALED_REVIEW,29009,0,Q2,OC,OPTIMIZER_BY_PARAMETER_INTERACTION,ALGEBRA,-0.09678093401272747,62
ORIGA,SEALED_REVIEW,29009,0,Q3,OD,SS,CC,-0.3112567697294253,45
ORIGA,SEALED_REVIEW,29009,0,Q3,OD,SS,C_CONT,-3.0303722978804757,45
ORIGA,SEALED_REVIEW,29009,0,Q3,OD,SS,ANCHOR,-3.526094182408073,45
ORIGA,SEALED_REVIEW,29009,0,Q3,OD,SC,C_CONT,-2.0032237911268993,45
ORIGA,SEALED_REVIEW,29009,0,Q3,OD,SC,ANCHOR,-2.4989456756544968,45
ORIGA,SEALED_REVIEW,29009,0,Q3,OD,CS,C_CONT,-3.606728588565943,45
ORIGA,SEALED_REVIEW,29009,0,Q3,OD,CS,ANCHOR,-4.1024504730935405,45
ORIGA,SEALED_REVIEW,29009,0,Q3,OD,CC,C_CONT,-2.7191155281510504,45
ORIGA,SEALED_REVIEW,29009,0,Q3,OD,CC,ANCHOR,-3.214837412678648,45
ORIGA,SEALED_REVIEW,29009,0,Q3,OC,SS,CC,-0.24267223800167415,45
ORIGA,SEALED_REVIEW,29009,0,Q3,OC,SS,C_CONT,-3.2647549020858833,45
ORIGA,SEALED_REVIEW,29009,0,Q3,OC,SS,ANCHOR,-3.571225954132572,45
ORIGA,SEALED_REVIEW,29009,0,Q3,OC,SC,C_CONT,-2.426560100564089,45
ORIGA,SEALED_REVIEW,29009,0,Q3,OC,SC,ANCHOR,-2.733031152610778,45
ORIGA,SEALED_REVIEW,29009,0,Q3,OC,CS,C_CONT,-3.741862837129247,45
ORIGA,SEALED_REVIEW,29009,0,Q3,OC,CS,ANCHOR,-4.048333889175936,45
ORIGA,SEALED_REVIEW,29009,0,Q3,OC,CC,C_CONT,-3.022082664084209,45
ORIGA,SEALED_REVIEW,29009,0,Q3,OC,CC,ANCHOR,-3.328553716130898,45
ORIGA,SEARCH,29009,0,Q3,OD,SS,CC,-0.39358549248603936,88
ORIGA,SEARCH,29009,0,Q3,OD,SS,C_CONT,-3.1632375767856047,88
ORIGA,SEARCH,29009,0,Q3,OD,SS,ANCHOR,-3.603766290996532,88
ORIGA,SEARCH,29009,0,Q3,OD,SC,C_CONT,-2.069940802522808,88
ORIGA,SEARCH,29009,0,Q3,OD,SC,ANCHOR,-2.5104695167337354,88
ORIGA,SEARCH,29009,0,Q3,OD,CS,C_CONT,-3.788256690250833,88
ORIGA,SEARCH,29009,0,Q3,OD,CS,ANCHOR,-4.22878540446176,88
ORIGA,SEARCH,29009,0,Q3,OD,CC,C_CONT,-2.7696520842995653,88
ORIGA,SEARCH,29009,0,Q3,OD,CC,ANCHOR,-3.2101807985104927,88
ORIGA,SEARCH,29009,0,Q3,OC,SS,CC,-0.48541999631322597,88
ORIGA,SEARCH,29009,0,Q3,OC,SS,C_CONT,-4.386709544501514,88
ORIGA,SEARCH,29009,0,Q3,OC,SS,ANCHOR,-4.810429625158491,88
ORIGA,SEARCH,29009,0,Q3,OC,SC,C_CONT,-3.026238732356063,88
ORIGA,SEARCH,29009,0,Q3,OC,SC,ANCHOR,-3.4499588130130405,88
ORIGA,SEARCH,29009,0,Q3,OC,CS,C_CONT,-5.112841346381558,88
ORIGA,SEARCH,29009,0,Q3,OC,CS,ANCHOR,-5.536561427038535,88
ORIGA,SEARCH,29009,0,Q3,OC,CC,C_CONT,-3.901289548188288,88
ORIGA,SEARCH,29009,0,Q3,OC,CC,ANCHOR,-4.325009628845265,88
ORIGA,SEARCH,29009,0,Q4,OD,SS,CC,-0.2958252417265044,77
ORIGA,SEARCH,29009,0,Q4,OD,SS,C_CONT,-1.6564848303854376,77
ORIGA,SEARCH,29009,0,Q4,OD,SS,ANCHOR,-1.7816307976315215,77
ORIGA,SEARCH,29009,0,Q4,OD,SC,C_CONT,-1.0194444644758534,77
ORIGA,SEARCH,29009,0,Q4,OD,SC,ANCHOR,-1.1445904317219373,77
ORIGA,SEARCH,29009,0,Q4,OD,CS,C_CONT,-1.9551158881707948,77
ORIGA,SEARCH,29009,0,Q4,OD,CS,ANCHOR,-2.080261855416879,77
ORIGA,SEARCH,29009,0,Q4,OD,CC,C_CONT,-1.3606595886589332,77
ORIGA,SEARCH,29009,0,Q4,OD,CC,ANCHOR,-1.4858055559050172,77
ORIGA,SEARCH,29009,0,Q4,OC,SS,CC,-0.1797049918327076,77
ORIGA,SEARCH,29009,0,Q4,OC,SS,C_CONT,-1.0667819275649464,77
ORIGA,SEARCH,29009,0,Q4,OC,SS,ANCHOR,-1.8769400381347623,77
ORIGA,SEARCH,29009,0,Q4,OC,SC,C_CONT,-0.7111003193707433,77
ORIGA,SEARCH,29009,0,Q4,OC,SC,ANCHOR,-1.5212584299405592,77
ORIGA,SEARCH,29009,0,Q4,OC,CS,C_CONT,-1.2704883883256315,77
ORIGA,SEARCH,29009,0,Q4,OC,CS,ANCHOR,-2.0806464988954474,77
ORIGA,SEARCH,29009,0,Q4,OC,CC,C_CONT,-0.8870769357322388,77
ORIGA,SEARCH,29009,0,Q4,OC,CC,ANCHOR,-1.6972350463020547,77
ORIGA,SEARCH,29009,0,Q4,OC,OPTIMIZER_BY_PARAMETER_INTERACTION,ALGEBRA,-0.027729844399189574,77
ORIGA,SEALED_REVIEW,29009,0,Q4,OD,SS,CC,-0.2083725700483825,57
ORIGA,SEALED_REVIEW,29009,0,Q4,OD,SS,C_CONT,-1.4144586872861566,57
ORIGA,SEALED_REVIEW,29009,0,Q4,OD,SS,ANCHOR,-1.5505354792972526,57
ORIGA,SEALED_REVIEW,29009,0,Q4,OD,SC,C_CONT,-0.8984600215292176,57
ORIGA,SEALED_REVIEW,29009,0,Q4,OD,SC,ANCHOR,-1.0345368135403135,57
ORIGA,SEALED_REVIEW,29009,0,Q4,OD,CS,C_CONT,-1.709970852307677,57
ORIGA,SEALED_REVIEW,29009,0,Q4,OD,CS,ANCHOR,-1.846047644318773,57
ORIGA,SEALED_REVIEW,29009,0,Q4,OD,CC,C_CONT,-1.2060861172377741,57
ORIGA,SEALED_REVIEW,29009,0,Q4,OD,CC,ANCHOR,-1.34216290924887,57
ORIGA,SEALED_REVIEW,29009,0,Q4,OC,SS,CC,-0.00755689751711941,57
ORIGA,SEALED_REVIEW,29009,0,Q4,OC,SS,C_CONT,-0.42668242470493567,57
ORIGA,SEALED_REVIEW,29009,0,Q4,OC,SS,ANCHOR,-1.0918004915438075,57
ORIGA,SEALED_REVIEW,29009,0,Q4,OC,SC,C_CONT,-0.2721987655941547,57
ORIGA,SEALED_REVIEW,29009,0,Q4,OC,SC,ANCHOR,-0.9373168324330265,57
ORIGA,SEALED_REVIEW,29009,0,Q4,OC,CS,C_CONT,-0.6137429926689464,57
ORIGA,SEALED_REVIEW,29009,0,Q4,OC,CS,ANCHOR,-1.2788610595078183,57
ORIGA,SEALED_REVIEW,29009,0,Q4,OC,CC,C_CONT,-0.41912552718781626,57
ORIGA,SEALED_REVIEW,29009,0,Q4,OC,CC,ANCHOR,-1.0842435940266881,57
ORIGA,SEALED_REVIEW,29009,0,Q4,OC,OPTIMIZER_BY_PARAMETER_INTERACTION,ALGEBRA,-0.040133806370349134,57
REFUGE_Valid,SEARCH,29009,0,ALL,OD,CC,CS,-0.03622404906532495,406
REFUGE_Valid,SEARCH,29009,0,ALL,OD,SS,CS,-0.04157760955962431,406
REFUGE_Valid,SEARCH,29009,0,ALL,OD,SS,CC,-0.005353560494299359,406
REFUGE_Valid,SEARCH,29009,0,ALL,OD,SS,SAME64_HOLD,-1.2022599361336006,406
REFUGE_Valid,SEARCH,29009,0,ALL,OD,SC,SAME64_HOLD,-1.1738893724970012,406
REFUGE_Valid,SEARCH,29009,0,ALL,OD,SS,SOURCE_HOLD,-0.1431686838219548,406
REFUGE_Valid,SEARCH,29009,0,ALL,OD,SC,SOURCE_HOLD,-0.1147981201853554,406
REFUGE_Valid,SEARCH,29009,0,ALL,OD,CS,SOURCE_HOLD,-0.1015910742623305,406
REFUGE_Valid,SEARCH,29009,0,ALL,OD,CC,SOURCE_HOLD,-0.13781512332765544,406
REFUGE_Valid,SEARCH,29009,0,ALL,OC,SS,SAME64_HOLD,-0.9828276664118221,406
REFUGE_Valid,SEARCH,29009,0,ALL,OC,SC,SAME64_HOLD,-0.9328768421476354,406
REFUGE_Valid,SEARCH,29009,0,ALL,OC,CS,CROSS64_HOLD,-0.9305257583251745,406
REFUGE_Valid,SEARCH,29009,0,ALL,OC,CC,CROSS64_HOLD,-0.9172784784407497,406
REFUGE_Valid,SEARCH,29009,0,ALL,OC,SS,SOURCE_HOLD,-1.3281178132474452,406
REFUGE_Valid,SEARCH,29009,0,ALL,OC,SC,SOURCE_HOLD,-1.2781669889832585,406
REFUGE_Valid,SEARCH,29009,0,ALL,OC,CS,SOURCE_HOLD,-1.598198861371344,406
REFUGE_Valid,SEARCH,29009,0,ALL,OC,CC,SOURCE_HOLD,-1.5849515814869193,406
REFUGE_Valid,SEARCH,29009,0,Q1,OD,CC,CS,-0.014912609258871612,97
REFUGE_Valid,SEARCH,29009,0,Q1,OD,SS,CS,-0.13435868648249993,97
REFUGE_Valid,SEARCH,29009,0,Q1,OD,SC,CC,-0.01098619429511416,97
REFUGE_Valid,SEARCH,29009,0,Q1,OD,SS,CC,-0.11944607722362832,97
REFUGE_Valid,SEARCH,29009,0,Q1,OD,SS,SAME64_HOLD,-0.19593042275687367,97
REFUGE_Valid,SEARCH,29009,0,Q1,OD,SC,SAME64_HOLD,-0.0874705398283595,97
REFUGE_Valid,SEARCH,29009,0,Q1,OC,SC,SS,-0.0027831824421369333,97
REFUGE_Valid,SEARCH,29009,0,Q1,OC,CC,CS,-0.07708337708774593,97
REFUGE_Valid,SEARCH,29009,0,Q1,OC,SS,SAME64_HOLD,-0.4921918773703524,97
REFUGE_Valid,SEARCH,29009,0,Q1,OC,SC,SAME64_HOLD,-0.49497505981248935,97
REFUGE_Valid,SEARCH,29009,0,Q1,OC,CC,CROSS64_HOLD,-0.04809879659543981,97
REFUGE_Valid,SEARCH,29009,0,Q1,OC,SS,SOURCE_HOLD,-0.5752628765419416,97
REFUGE_Valid,SEARCH,29009,0,Q1,OC,SC,SOURCE_HOLD,-0.5780460589840786,97
REFUGE_Valid,SEARCH,29009,0,Q1,OC,CS,SOURCE_HOLD,-0.7585398136269745,97
REFUGE_Valid,SEARCH,29009,0,Q1,OC,CC,SOURCE_HOLD,-0.8356231907147205,97
REFUGE_Valid,SEARCH,29009,0,FIRST64,OD,SS,SAME64_HOLD,-0.28349680588021897,39
REFUGE_Valid,SEARCH,29009,0,FIRST64,OD,SC,SAME64_HOLD,-0.056783233282914125,39
REFUGE_Valid,SEARCH,29009,0,FIRST64,OC,SC,SS,-0.009592744853534896,39
REFUGE_Valid,SEARCH,29009,0,FIRST64,OC,CC,CS,-0.10640336558226693,39
REFUGE_Valid,SEARCH,29009,0,FIRST64,OC,SS,SAME64_HOLD,-0.1333548438189638,39
REFUGE_Valid,SEARCH,29009,0,FIRST64,OC,SC,SAME64_HOLD,-0.14294758867249868,39
REFUGE_Valid,SEARCH,29009,0,FIRST64,OC,SS,SOURCE_HOLD,-0.1697173735105224,39
REFUGE_Valid,SEARCH,29009,0,FIRST64,OC,SC,SOURCE_HOLD,-0.1793101183640573,39
REFUGE_Valid,SEARCH,29009,0,FIRST64,OC,CS,SOURCE_HOLD,-0.5326692186856121,39
REFUGE_Valid,SEARCH,29009,0,FIRST64,OC,CC,SOURCE_HOLD,-0.639072584267879,39
REFUGE_Valid,SEALED_REVIEW,29009,0,ALL,OD,SC,SS,-0.0035207549599931554,269
REFUGE_Valid,SEALED_REVIEW,29009,0,ALL,OD,CC,CS,-0.05720424231007826,269
REFUGE_Valid,SEALED_REVIEW,29009,0,ALL,OD,SS,CS,-0.063742298695729,269
REFUGE_Valid,SEALED_REVIEW,29009,0,ALL,OD,SC,CC,-0.010058811345643903,269
REFUGE_Valid,SEALED_REVIEW,29009,0,ALL,OD,SS,CC,-0.006538056385650748,269
REFUGE_Valid,SEALED_REVIEW,29009,0,ALL,OD,SS,SAME64_HOLD,-1.1775156927463968,269
REFUGE_Valid,SEALED_REVIEW,29009,0,ALL,OD,SC,SAME64_HOLD,-1.18103644770639,269
REFUGE_Valid,SEALED_REVIEW,29009,0,ALL,OD,SS,SOURCE_HOLD,-0.3550765013901014,269
REFUGE_Valid,SEALED_REVIEW,29009,0,ALL,OD,SC,SOURCE_HOLD,-0.35859725635009454,269
REFUGE_Valid,SEALED_REVIEW,29009,0,ALL,OD,CS,SOURCE_HOLD,-0.2913342026943724,269
REFUGE_Valid,SEALED_REVIEW,29009,0,ALL,OD,CC,SOURCE_HOLD,-0.34853844500445064,269
REFUGE_Valid,SEALED_REVIEW,29009,0,ALL,OC,SS,SAME64_HOLD,-1.0420290922434958,269
REFUGE_Valid,SEALED_REVIEW,29009,0,ALL,OC,SC,SAME64_HOLD,-0.999552184448433,269
REFUGE_Valid,SEALED_REVIEW,29009,0,ALL,OC,CS,CROSS64_HOLD,-0.866992604100318,269
REFUGE_Valid,SEALED_REVIEW,29009,0,ALL,OC,CC,CROSS64_HOLD,-0.8623952353443514,269
REFUGE_Valid,SEALED_REVIEW,29009,0,ALL,OC,SS,SOURCE_HOLD,-1.4892756834710497,269
REFUGE_Valid,SEALED_REVIEW,29009,0,ALL,OC,SC,SOURCE_HOLD,-1.4467987756759868,269
REFUGE_Valid,SEALED_REVIEW,29009,0,ALL,OC,CS,SOURCE_HOLD,-1.7260559544135532,269
REFUGE_Valid,SEALED_REVIEW,29009,0,ALL,OC,CC,SOURCE_HOLD,-1.7214585856575866,269
REFUGE_Valid,SEALED_REVIEW,29009,0,Q1,OD,SC,SS,-0.03704840754737404,69
REFUGE_Valid,SEALED_REVIEW,29009,0,Q1,OD,CC,CS,-0.12838914383360134,69
REFUGE_Valid,SEALED_REVIEW,29009,0,Q1,OD,SS,CS,-0.13640037277797035,69
REFUGE_Valid,SEALED_REVIEW,29009,0,Q1,OD,SC,CC,-0.04505963649174305,69
REFUGE_Valid,SEALED_REVIEW,29009,0,Q1,OD,SS,CC,-0.008011228944369009,69
REFUGE_Valid,SEALED_REVIEW,29009,0,Q1,OD,SS,SAME64_HOLD,-0.3519895553314001,69
REFUGE_Valid,SEALED_REVIEW,29009,0,Q1,OD,SC,SAME64_HOLD,-0.3890379628787741,69
REFUGE_Valid,SEALED_REVIEW,29009,0,Q1,OC,SC,SS,-0.014007309899767506,69
REFUGE_Valid,SEALED_REVIEW,29009,0,Q1,OC,CC,CS,-0.08331500276375436,69
REFUGE_Valid,SEALED_REVIEW,29009,0,Q1,OC,SS,SAME64_HOLD,-0.49238751452193696,69
REFUGE_Valid,SEALED_REVIEW,29009,0,Q1,OC,SC,SAME64_HOLD,-0.5063948244217045,69
REFUGE_Valid,SEALED_REVIEW,29009,0,Q1,OC,SS,SOURCE_HOLD,-0.7478887494664974,69
REFUGE_Valid,SEALED_REVIEW,29009,0,Q1,OC,SC,SOURCE_HOLD,-0.7618960593662649,69
REFUGE_Valid,SEALED_REVIEW,29009,0,Q1,OC,CS,SOURCE_HOLD,-0.7510491637814027,69
REFUGE_Valid,SEALED_REVIEW,29009,0,Q1,OC,CC,SOURCE_HOLD,-0.8343641665451571,69
REFUGE_Valid,SEALED_REVIEW,29009,0,FIRST64,OD,SC,SS,-0.020729229339238486,20
REFUGE_Valid,SEALED_REVIEW,29009,0,FIRST64,OD,CC,CS,-0.2313896771534587,20
REFUGE_Valid,SEALED_REVIEW,29009,0,FIRST64,OD,SS,SAME64_HOLD,-0.19388164137555464,20
REFUGE_Valid,SEALED_REVIEW,29009,0,FIRST64,OD,SC,SAME64_HOLD,-0.21461087071479312,20
REFUGE_Valid,SEALED_REVIEW,29009,0,FIRST64,OD,CS,SOURCE_HOLD,-0.13170531706686006,20
REFUGE_Valid,SEALED_REVIEW,29009,0,FIRST64,OD,CC,SOURCE_HOLD,-0.36309499422031877,20
REFUGE_Valid,SEALED_REVIEW,29009,0,FIRST64,OC,CC,CS,-0.11611300812442948,20
REFUGE_Valid,SEALED_REVIEW,29009,0,FIRST64,OC,SS,CS,-0.6368571089797399,20
REFUGE_Valid,SEALED_REVIEW,29009,0,FIRST64,OC,SC,CC,-0.46397856431836715,20
REFUGE_Valid,SEALED_REVIEW,29009,0,FIRST64,OC,SS,CC,-0.5207441008553104,20
REFUGE_Valid,SEALED_REVIEW,29009,0,FIRST64,OC,SS,SAME64_HOLD,-0.19866057177773655,20
REFUGE_Valid,SEALED_REVIEW,29009,0,FIRST64,OC,SC,SAME64_HOLD,-0.14189503524079328,20
REFUGE_Valid,SEALED_REVIEW,29009,0,FIRST64,OC,CS,CROSS64_HOLD,-0.022221143422996192,20
REFUGE_Valid,SEALED_REVIEW,29009,0,FIRST64,OC,CC,CROSS64_HOLD,-0.13833415154742568,20
REFUGE_Valid,SEALED_REVIEW,29009,0,FIRST64,OC,SS,SOURCE_HOLD,-1.4491347111118102,20
REFUGE_Valid,SEALED_REVIEW,29009,0,FIRST64,OC,SC,SOURCE_HOLD,-1.392369174574867,20
REFUGE_Valid,SEALED_REVIEW,29009,0,FIRST64,OC,CS,SOURCE_HOLD,-0.8122776021320703,20
REFUGE_Valid,SEALED_REVIEW,29009,0,FIRST64,OC,CC,SOURCE_HOLD,-0.9283906102564998,20
REFUGE_Valid,SEALED_REVIEW,29009,0,Q2,OD,SC,SS,-0.030400934019510828,80
REFUGE_Valid,SEALED_REVIEW,29009,0,Q2,OD,CC,CS,-0.0626315038135914,80
REFUGE_Valid,SEALED_REVIEW,29009,0,Q2,OD,SS,CS,-0.13563143109249154,80
REFUGE_Valid,SEALED_REVIEW,29009,0,Q2,OD,SC,CC,-0.10340086129841097,80
REFUGE_Valid,SEALED_REVIEW,29009,0,Q2,OD,SS,CC,-0.07299992727890015,80
REFUGE_Valid,SEALED_REVIEW,29009,0,Q2,OD,SS,SAME64_HOLD,-0.44070266111803846,80
REFUGE_Valid,SEALED_REVIEW,29009,0,Q2,OD,SC,SAME64_HOLD,-0.4711035951375493,80
REFUGE_Valid,SEALED_REVIEW,29009,0,Q2,OD,SS,SOURCE_HOLD,-0.04190689596995867,80
REFUGE_Valid,SEALED_REVIEW,29009,0,Q2,OD,SC,SOURCE_HOLD,-0.0723078299894695,80
REFUGE_Valid,SEALED_REVIEW,29009,0,Q2,OC,CC,CS,-0.006101366310048206,80
REFUGE_Valid,SEALED_REVIEW,29009,0,Q2,OC,SS,SAME64_HOLD,-0.5773931520144657,80
REFUGE_Valid,SEALED_REVIEW,29009,0,Q2,OC,SC,SAME64_HOLD,-0.5485349364951588,80
REFUGE_Valid,SEALED_REVIEW,29009,0,Q2,OC,CS,CROSS64_HOLD,-0.337893448026108,80
REFUGE_Valid,SEALED_REVIEW,29009,0,Q2,OC,CC,CROSS64_HOLD,-0.3439948143361562,80
REFUGE_Valid,SEALED_REVIEW,29009,0,Q2,OC,SS,SOURCE_HOLD,-1.078062269595435,80
REFUGE_Valid,SEALED_REVIEW,29009,0,Q2,OC,SC,SOURCE_HOLD,-1.049204054076128,80
REFUGE_Valid,SEALED_REVIEW,29009,0,Q2,OC,CS,SOURCE_HOLD,-1.2675003816063253,80
REFUGE_Valid,SEALED_REVIEW,29009,0,Q2,OC,CC,SOURCE_HOLD,-1.2736017479163735,80
REFUGE_Valid,SEARCH,29009,0,Q2,OD,SC,SS,-0.031796699386219984,89
REFUGE_Valid,SEARCH,29009,0,Q2,OD,CC,CS,-0.07647101145238366,89
REFUGE_Valid,SEARCH,29009,0,Q2,OD,SS,CS,-0.12326563537996549,89
REFUGE_Valid,SEARCH,29009,0,Q2,OD,SC,CC,-0.07859132331380181,89
REFUGE_Valid,SEARCH,29009,0,Q2,OD,SS,CC,-0.046794623927581824,89
REFUGE_Valid,SEARCH,29009,0,Q2,OD,SS,SAME64_HOLD,-0.2733091119270057,89
REFUGE_Valid,SEARCH,29009,0,Q2,OD,SC,SAME64_HOLD,-0.30510581131322567,89
REFUGE_Valid,SEARCH,29009,0,Q2,OC,SS,SAME64_HOLD,-0.581121731227455,89
REFUGE_Valid,SEARCH,29009,0,Q2,OC,SC,SAME64_HOLD,-0.5488547553946859,89
REFUGE_Valid,SEARCH,29009,0,Q2,OC,CS,CROSS64_HOLD,-0.9833860437583581,89
REFUGE_Valid,SEARCH,29009,0,Q2,OC,CC,CROSS64_HOLD,-0.9713164263067569,89
REFUGE_Valid,SEARCH,29009,0,Q2,OC,SS,SOURCE_HOLD,-1.4350113461877214,89
REFUGE_Valid,SEARCH,29009,0,Q2,OC,SC,SOURCE_HOLD,-1.4027443703549523,89
REFUGE_Valid,SEARCH,29009,0,Q2,OC,CS,SOURCE_HOLD,-1.5398757262089617,89
REFUGE_Valid,SEARCH,29009,0,Q2,OC,CC,SOURCE_HOLD,-1.5278061087573604,89
REFUGE_Valid,SEARCH,29009,0,Q3,OD,CC,CS,-0.04697445647404663,100
REFUGE_Valid,SEARCH,29009,0,Q3,OD,SS,CS,-0.079841807433354,100
REFUGE_Valid,SEARCH,29009,0,Q3,OD,SC,CC,-0.03233095574024958,100
REFUGE_Valid,SEARCH,29009,0,Q3,OD,SS,CC,-0.03286735095930737,100
REFUGE_Valid,SEARCH,29009,0,Q3,OD,SS,SAME64_HOLD,-0.9450967237319219,100
REFUGE_Valid,SEARCH,29009,0,Q3,OD,SC,SAME64_HOLD,-0.9445603285128641,100
REFUGE_Valid,SEARCH,29009,0,Q3,OC,SS,SAME64_HOLD,-0.7890236965122313,100
REFUGE_Valid,SEARCH,29009,0,Q3,OC,SC,SAME64_HOLD,-0.7384130142164338,100
REFUGE_Valid,SEARCH,29009,0,Q3,OC,CS,CROSS64_HOLD,-0.5463671786659603,100
REFUGE_Valid,SEARCH,29009,0,Q3,OC,CC,CROSS64_HOLD,-0.5206725698074166,100
REFUGE_Valid,SEARCH,29009,0,Q3,OC,SS,SOURCE_HOLD,-0.8967698749135593,100
REFUGE_Valid,SEARCH,29009,0,Q3,OC,SC,SOURCE_HOLD,-0.8461591926177618,100
REFUGE_Valid,SEARCH,29009,0,Q3,OC,CS,SOURCE_HOLD,-1.2220619059492748,100
REFUGE_Valid,SEARCH,29009,0,Q3,OC,CC,SOURCE_HOLD,-1.196367297090731,100
REFUGE_Valid,SEALED_REVIEW,29009,0,Q3,OD,CC,CS,-0.016443819364880596,68
REFUGE_Valid,SEALED_REVIEW,29009,0,Q3,OD,SS,SAME64_HOLD,-1.6553908838835127,68
REFUGE_Valid,SEALED_REVIEW,29009,0,Q3,OD,SC,SAME64_HOLD,-1.623248201461962,68
REFUGE_Valid,SEALED_REVIEW,29009,0,Q3,OD,SS,SOURCE_HOLD,-0.2715717131888056,68
REFUGE_Valid,SEALED_REVIEW,29009,0,Q3,OD,SC,SOURCE_HOLD,-0.23942903076725486,68
REFUGE_Valid,SEALED_REVIEW,29009,0,Q3,OD,CS,SOURCE_HOLD,-0.2724070255650872,68
REFUGE_Valid,SEALED_REVIEW,29009,0,Q3,OD,CC,SOURCE_HOLD,-0.2888508449299678,68
REFUGE_Valid,SEALED_REVIEW,29009,0,Q3,OC,SS,SAME64_HOLD,-1.0973786094267908,68
REFUGE_Valid,SEALED_REVIEW,29009,0,Q3,OC,SC,SAME64_HOLD,-1.0510119947001613,68
REFUGE_Valid,SEALED_REVIEW,29009,0,Q3,OC,CS,CROSS64_HOLD,-1.6373714401959205,68
REFUGE_Valid,SEALED_REVIEW,29009,0,Q3,OC,CC,CROSS64_HOLD,-1.601986718623138,68
REFUGE_Valid,SEALED_REVIEW,29009,0,Q3,OC,SS,SOURCE_HOLD,-2.01923876100836,68
REFUGE_Valid,SEALED_REVIEW,29009,0,Q3,OC,SC,SOURCE_HOLD,-1.9728721462817305,68
REFUGE_Valid,SEALED_REVIEW,29009,0,Q3,OC,CS,SOURCE_HOLD,-2.2941592681054743,68
REFUGE_Valid,SEALED_REVIEW,29009,0,Q3,OC,CC,SOURCE_HOLD,-2.258774546532692,68
REFUGE_Valid,SEARCH,29009,0,Q4,OD,CC,CS,-0.01464229296456665,120
REFUGE_Valid,SEARCH,29009,0,Q4,OD,SS,SAME64_HOLD,-2.918984164401067,120
REFUGE_Valid,SEARCH,29009,0,Q4,OD,SC,SAME64_HOLD,-2.887533273435537,120
REFUGE_Valid,SEARCH,29009,0,Q4,OD,CS,CROSS64_HOLD,-1.1598079460922435,120
REFUGE_Valid,SEARCH,29009,0,Q4,OD,CC,CROSS64_HOLD,-1.1744502390568101,120
REFUGE_Valid,SEARCH,29009,0,Q4,OD,SS,SOURCE_HOLD,-1.7945495873192527,120
REFUGE_Valid,SEARCH,29009,0,Q4,OD,SC,SOURCE_HOLD,-1.7630986963537225,120
REFUGE_Valid,SEARCH,29009,0,Q4,OD,CS,SOURCE_HOLD,-1.9204421323171061,120
REFUGE_Valid,SEARCH,29009,0,Q4,OD,CC,SOURCE_HOLD,-1.9350844252816728,120
REFUGE_Valid,SEARCH,29009,0,Q4,OC,SS,SAME64_HOLD,-1.8388601393984345,120
REFUGE_Valid,SEARCH,29009,0,Q4,OC,SC,SAME64_HOLD,-1.7337170204863384,120
REFUGE_Valid,SEARCH,29009,0,Q4,OC,CS,CROSS64_HOLD,-1.9870573868890418,120
REFUGE_Valid,SEARCH,29009,0,Q4,OC,CC,CROSS64_HOLD,-1.910292167126201,120
REFUGE_Valid,SEARCH,29009,0,Q4,OC,SS,SOURCE_HOLD,-2.2168527987653306,120
REFUGE_Valid,SEARCH,29009,0,Q4,OC,SC,SOURCE_HOLD,-2.1117096798532344,120
REFUGE_Valid,SEARCH,29009,0,Q4,OC,CS,SOURCE_HOLD,-2.6336270463952403,120
REFUGE_Valid,SEARCH,29009,0,Q4,OC,CC,SOURCE_HOLD,-2.5568618266323995,120
REFUGE_Valid,SEALED_REVIEW,29009,0,Q4,OD,CC,CS,-0.00769981221142757,52
REFUGE_Valid,SEALED_REVIEW,29009,0,Q4,OD,SS,SAME64_HOLD,-2.781570173796027,52
REFUGE_Valid,SEALED_REVIEW,29009,0,Q4,OD,SC,SAME64_HOLD,-2.7458849939224876,52
REFUGE_Valid,SEALED_REVIEW,29009,0,Q4,OD,CS,CROSS64_HOLD,-0.9470861101892041,52
REFUGE_Valid,SEALED_REVIEW,29009,0,Q4,OD,CC,CROSS64_HOLD,-0.9547859224006316,52
REFUGE_Valid,SEALED_REVIEW,29009,0,Q4,OD,SS,SOURCE_HOLD,-1.5503331774571762,52
REFUGE_Valid,SEALED_REVIEW,29009,0,Q4,OD,SC,SOURCE_HOLD,-1.514647997583637,52
REFUGE_Valid,SEALED_REVIEW,29009,0,Q4,OD,CS,SOURCE_HOLD,-1.6091535739637948,52
REFUGE_Valid,SEALED_REVIEW,29009,0,Q4,OD,CC,SOURCE_HOLD,-1.6168533861752223,52
REFUGE_Valid,SEALED_REVIEW,29009,0,Q4,OC,SS,SAME64_HOLD,-2.4138055713327446,52
REFUGE_Valid,SEALED_REVIEW,29009,0,Q4,OC,SC,SAME64_HOLD,-2.2805131571597173,52
REFUGE_Valid,SEALED_REVIEW,29009,0,Q4,OC,CS,CROSS64_HOLD,-2.101060723856378,52
REFUGE_Valid,SEALED_REVIEW,29009,0,Q4,OC,CC,CROSS64_HOLD,-2.0036111926273747,52
REFUGE_Valid,SEALED_REVIEW,29009,0,Q4,OC,SS,SOURCE_HOLD,-2.412646496621491,52
REFUGE_Valid,SEALED_REVIEW,29009,0,Q4,OC,SC,SOURCE_HOLD,-2.2793540824484637,52
REFUGE_Valid,SEALED_REVIEW,29009,0,Q4,OC,CS,SOURCE_HOLD,-2.982380743781718,52
REFUGE_Valid,SEALED_REVIEW,29009,0,Q4,OC,CC,SOURCE_HOLD,-2.884931212552715,52
ORIGA,SEARCH,29009,1,ALL,OD,SS,C_CONT,-2.245852270856034,316
ORIGA,SEARCH,29009,1,ALL,OD,SS,ANCHOR,-2.7943018407679006,316
ORIGA,SEARCH,29009,1,ALL,OD,SC,C_CONT,-1.5332239194146808,316
ORIGA,SEARCH,29009,1,ALL,OD,SC,ANCHOR,-2.0816734893265476,316
ORIGA,SEARCH,29009,1,ALL,OD,CS,C_CONT,-3.901428995374104,316
ORIGA,SEARCH,29009,1,ALL,OD,CS,ANCHOR,-4.449878565285971,316
ORIGA,SEARCH,29009,1,ALL,OD,CC,C_CONT,-3.0814541093536434,316
ORIGA,SEARCH,29009,1,ALL,OD,CC,ANCHOR,-3.62990367926551,316
ORIGA,SEARCH,29009,1,ALL,OD,OPTIMIZER_BY_PARAMETER_INTERACTION,ALGEBRA,-0.10734653457910781,316
ORIGA,SEARCH,29009,1,ALL,OC,SS,C_CONT,-0.9368917226678661,316
ORIGA,SEARCH,29009,1,ALL,OC,SS,ANCHOR,-1.9163880826401822,316
ORIGA,SEARCH,29009,1,ALL,OC,SC,C_CONT,-0.2242751691369591,316
ORIGA,SEARCH,29009,1,ALL,OC,SC,ANCHOR,-1.2037715291092752,316
ORIGA,SEARCH,29009,1,ALL,OC,CS,C_CONT,-3.0960325521988636,316
ORIGA,SEARCH,29009,1,ALL,OC,CS,ANCHOR,-4.07552891217118,316
ORIGA,SEARCH,29009,1,ALL,OC,CC,C_CONT,-2.3721055284716925,316
ORIGA,SEARCH,29009,1,ALL,OC,CC,ANCHOR,-3.3516018884440086,316
ORIGA,SEARCH,29009,1,ALL,OC,OPTIMIZER_BY_PARAMETER_INTERACTION,ALGEBRA,-0.011310470196264077,316
ORIGA,SEARCH,29009,1,Q1,OD,SS,C_CONT,-4.179645929387178,81
ORIGA,SEARCH,29009,1,Q1,OD,SS,ANCHOR,-4.9894543367660305,81
ORIGA,SEARCH,29009,1,Q1,OD,SC,C_CONT,-3.365392290711654,81
ORIGA,SEARCH,29009,1,Q1,OD,SC,ANCHOR,-4.1752006980905065,81
ORIGA,SEARCH,29009,1,Q1,OD,CS,C_CONT,-7.236339289896648,81
ORIGA,SEARCH,29009,1,Q1,OD,CS,ANCHOR,-8.0461476972755,81
ORIGA,SEARCH,29009,1,Q1,OD,CC,C_CONT,-6.349590528097039,81
ORIGA,SEARCH,29009,1,Q1,OD,CC,ANCHOR,-7.159398935475892,81
ORIGA,SEARCH,29009,1,Q1,OD,OPTIMIZER_BY_PARAMETER_INTERACTION,ALGEBRA,-0.07249512312408513,81
ORIGA,SEARCH,29009,1,Q1,OC,SS,C_CONT,-1.8995469790066508,81
ORIGA,SEARCH,29009,1,Q1,OC,SS,ANCHOR,-2.7032731574428652,81
ORIGA,SEARCH,29009,1,Q1,OC,SC,C_CONT,-0.9671639750139178,81
ORIGA,SEARCH,29009,1,Q1,OC,SC,ANCHOR,-1.7708901534501322,81
ORIGA,SEARCH,29009,1,Q1,OC,CS,C_CONT,-5.974299753787534,81
ORIGA,SEARCH,29009,1,Q1,OC,CS,ANCHOR,-6.778025932223748,81
ORIGA,SEARCH,29009,1,Q1,OC,CC,C_CONT,-5.153810154962535,81
ORIGA,SEARCH,29009,1,Q1,OC,CC,ANCHOR,-5.95753633339875,81
ORIGA,SEARCH,29009,1,FIRST64,OD,SS,C_CONT,-3.2053633912785955,35
ORIGA,SEARCH,29009,1,FIRST64,OD,SS,ANCHOR,-4.05362613505001,35
ORIGA,SEARCH,29009,1,FIRST64,OD,SC,C_CONT,-2.8409255256927963,35
ORIGA,SEARCH,29009,1,FIRST64,OD,SC,ANCHOR,-3.6891882694642106,35
ORIGA,SEARCH,29009,1,FIRST64,OD,CS,C_CONT,-6.16798567402941,35
ORIGA,SEARCH,29009,1,FIRST64,OD,CS,ANCHOR,-7.016248417800824,35
ORIGA,SEARCH,29009,1,FIRST64,OD,CC,C_CONT,-5.701878688727689,35
ORIGA,SEARCH,29009,1,FIRST64,OD,CC,ANCHOR,-6.550141432499103,35
ORIGA,SEARCH,29009,1,FIRST64,OD,OPTIMIZER_BY_PARAMETER_INTERACTION,ALGEBRA,-0.10166911971592185,35
ORIGA,SEARCH,29009,1,FIRST64,OC,SS,ANCHOR,-0.652441031314325,35
ORIGA,SEARCH,29009,1,FIRST64,OC,SC,ANCHOR,-0.40118241294405266,35
ORIGA,SEARCH,29009,1,FIRST64,OC,CS,C_CONT,-3.9370168096949882,35
ORIGA,SEARCH,29009,1,FIRST64,OC,CS,ANCHOR,-4.843971874327941,35
ORIGA,SEARCH,29009,1,FIRST64,OC,CC,C_CONT,-3.572932440431714,35
ORIGA,SEARCH,29009,1,FIRST64,OC,CC,ANCHOR,-4.479887505064667,35
ORIGA,SEARCH,29009,1,FIRST64,OC,OPTIMIZER_BY_PARAMETER_INTERACTION,ALGEBRA,-0.11282575089300195,35
ORIGA,SEALED_REVIEW,29009,1,ALL,OD,SS,C_CONT,-1.9079695912444663,210
ORIGA,SEALED_REVIEW,29009,1,ALL,OD,SS,ANCHOR,-2.3827681008503987,210
ORIGA,SEALED_REVIEW,29009,1,ALL,OD,SC,C_CONT,-1.1931604977791324,210
ORIGA,SEALED_REVIEW,29009,1,ALL,OD,SC,ANCHOR,-1.6679590073850648,210
ORIGA,SEALED_REVIEW,29009,1,ALL,OD,CS,C_CONT,-3.608474607713802,210
ORIGA,SEALED_REVIEW,29009,1,ALL,OD,CS,ANCHOR,-4.0832731173197345,210
ORIGA,SEALED_REVIEW,29009,1,ALL,OD,CC,C_CONT,-2.7773986271491395,210
ORIGA,SEALED_REVIEW,29009,1,ALL,OD,CC,ANCHOR,-3.252197136755072,210
ORIGA,SEALED_REVIEW,29009,1,ALL,OD,OPTIMIZER_BY_PARAMETER_INTERACTION,ALGEBRA,-0.11626688709932864,210
ORIGA,SEALED_REVIEW,29009,1,ALL,OC,SS,C_CONT,-0.15583543029866576,210
ORIGA,SEALED_REVIEW,29009,1,ALL,OC,SS,ANCHOR,-1.0050401656560837,210
ORIGA,SEALED_REVIEW,29009,1,ALL,OC,SC,ANCHOR,-0.3123217909707705,210
ORIGA,SEALED_REVIEW,29009,1,ALL,OC,CS,C_CONT,-2.303637389239512,210
ORIGA,SEALED_REVIEW,29009,1,ALL,OC,CS,ANCHOR,-3.15284212459693,210
ORIGA,SEALED_REVIEW,29009,1,ALL,OC,CC,C_CONT,-1.4978828634590684,210
ORIGA,SEALED_REVIEW,29009,1,ALL,OC,CC,ANCHOR,-2.3470875988164863,210
ORIGA,SEALED_REVIEW,29009,1,ALL,OC,OPTIMIZER_BY_PARAMETER_INTERACTION,ALGEBRA,-0.11303615109513032,210
ORIGA,SEALED_REVIEW,29009,1,Q1,OD,SS,C_CONT,-4.100236609944744,46
ORIGA,SEALED_REVIEW,29009,1,Q1,OD,SS,ANCHOR,-4.905799070665196,46
ORIGA,SEALED_REVIEW,29009,1,Q1,OD,SC,C_CONT,-3.126759115674517,46
ORIGA,SEALED_REVIEW,29009,1,Q1,OD,SC,ANCHOR,-3.932321576394969,46
ORIGA,SEALED_REVIEW,29009,1,Q1,OD,CS,C_CONT,-8.123672275599446,46
ORIGA,SEALED_REVIEW,29009,1,Q1,OD,CS,ANCHOR,-8.929234736319899,46
ORIGA,SEALED_REVIEW,29009,1,Q1,OD,CC,C_CONT,-6.911939784659765,46
ORIGA,SEALED_REVIEW,29009,1,Q1,OD,CC,ANCHOR,-7.717502245380217,46
ORIGA,SEALED_REVIEW,29009,1,Q1,OD,OPTIMIZER_BY_PARAMETER_INTERACTION,ALGEBRA,-0.23825499666945404,46
ORIGA,SEALED_REVIEW,29009,1,Q1,OC,SS,C_CONT,-1.674897385944604,46
ORIGA,SEALED_REVIEW,29009,1,Q1,OC,SS,ANCHOR,-2.5352719476102976,46
ORIGA,SEALED_REVIEW,29009,1,Q1,OC,SC,C_CONT,-0.667499225212822,46
ORIGA,SEALED_REVIEW,29009,1,Q1,OC,SC,ANCHOR,-1.5278737868785157,46
ORIGA,SEALED_REVIEW,29009,1,Q1,OC,CS,C_CONT,-7.065445309049544,46
ORIGA,SEALED_REVIEW,29009,1,Q1,OC,CS,ANCHOR,-7.925819870715237,46
ORIGA,SEALED_REVIEW,29009,1,Q1,OC,CC,C_CONT,-5.674377328206241,46
ORIGA,SEALED_REVIEW,29009,1,Q1,OC,CC,ANCHOR,-6.534751889871934,46
ORIGA,SEALED_REVIEW,29009,1,Q1,OC,OPTIMIZER_BY_PARAMETER_INTERACTION,ALGEBRA,-0.3836698201115212,46
ORIGA,SEALED_REVIEW,29009,1,FIRST64,OD,SS,C_CONT,-3.794116424181567,20
ORIGA,SEALED_REVIEW,29009,1,FIRST64,OD,SS,ANCHOR,-4.616514236280963,20
ORIGA,SEALED_REVIEW,29009,1,FIRST64,OD,SC,C_CONT,-3.260871179588335,20
ORIGA,SEALED_REVIEW,29009,1,FIRST64,OD,SC,ANCHOR,-4.083268991687731,20
ORIGA,SEALED_REVIEW,29009,1,FIRST64,OD,CS,C_CONT,-8.365988003504825,20
ORIGA,SEALED_REVIEW,29009,1,FIRST64,OD,CS,ANCHOR,-9.18838581560422,20
ORIGA,SEALED_REVIEW,29009,1,FIRST64,OD,CC,C_CONT,-7.520880987539101,20
ORIGA,SEALED_REVIEW,29009,1,FIRST64,OD,CC,ANCHOR,-8.343278799638497,20
ORIGA,SEALED_REVIEW,29009,1,FIRST64,OD,OPTIMIZER_BY_PARAMETER_INTERACTION,ALGEBRA,-0.3118617713724916,20
ORIGA,SEALED_REVIEW,29009,1,FIRST64,OC,SS,C_CONT,-0.9476944021723384,20
ORIGA,SEALED_REVIEW,29009,1,FIRST64,OC,SS,ANCHOR,-1.7614135206914838,20
ORIGA,SEALED_REVIEW,29009,1,FIRST64,OC,SC,C_CONT,-0.3287287065965785,20
ORIGA,SEALED_REVIEW,29009,1,FIRST64,OC,SC,ANCHOR,-1.142447825115724,20
ORIGA,SEALED_REVIEW,29009,1,FIRST64,OC,CS,C_CONT,-6.389921491361825,20
ORIGA,SEALED_REVIEW,29009,1,FIRST64,OC,CS,ANCHOR,-7.203640609880971,20
ORIGA,SEALED_REVIEW,29009,1,FIRST64,OC,CC,C_CONT,-5.560038422961277,20
ORIGA,SEALED_REVIEW,29009,1,FIRST64,OC,CC,ANCHOR,-6.373757541480423,20
ORIGA,SEALED_REVIEW,29009,1,FIRST64,OC,OPTIMIZER_BY_PARAMETER_INTERACTION,ALGEBRA,-0.21091737282478817,20
ORIGA,SEARCH,29009,1,Q2,OD,SS,C_CONT,-1.6702208501893523,70
ORIGA,SEARCH,29009,1,Q2,OD,SS,ANCHOR,-2.395031938982811,70
ORIGA,SEARCH,29009,1,Q2,OD,SC,C_CONT,-0.8271524247994364,70
ORIGA,SEARCH,29009,1,Q2,OD,SC,ANCHOR,-1.551963513592895,70
ORIGA,SEARCH,29009,1,Q2,OD,CS,C_CONT,-3.5669709776555436,70
ORIGA,SEARCH,29009,1,Q2,OD,CS,ANCHOR,-4.291782066449002,70
ORIGA,SEARCH,29009,1,Q2,OD,CC,C_CONT,-2.504457302697645,70
ORIGA,SEARCH,29009,1,Q2,OD,CC,ANCHOR,-3.229268391491104,70
ORIGA,SEARCH,29009,1,Q2,OD,OPTIMIZER_BY_PARAMETER_INTERACTION,ALGEBRA,-0.21944524956798261,70
ORIGA,SEARCH,29009,1,Q2,OC,SS,C_CONT,-0.2601232851903603,70
ORIGA,SEARCH,29009,1,Q2,OC,SS,ANCHOR,-1.4532194390676239,70
ORIGA,SEARCH,29009,1,Q2,OC,SC,ANCHOR,-0.6337104364809818,70
ORIGA,SEARCH,29009,1,Q2,OC,CS,C_CONT,-2.556002744600093,70
ORIGA,SEARCH,29009,1,Q2,OC,CS,ANCHOR,-3.7490988984773566,70
ORIGA,SEARCH,29009,1,Q2,OC,CC,C_CONT,-1.7172180625632478,70
ORIGA,SEARCH,29009,1,Q2,OC,CC,ANCHOR,-2.9103142164405114,70
ORIGA,SEARCH,29009,1,Q2,OC,OPTIMIZER_BY_PARAMETER_INTERACTION,ALGEBRA,-0.019275679450203143,70
ORIGA,SEALED_REVIEW,29009,1,Q2,OD,SS,C_CONT,-0.7389719755698678,62
ORIGA,SEALED_REVIEW,29009,1,Q2,OD,SS,ANCHOR,-1.3106352899121418,62
ORIGA,SEALED_REVIEW,29009,1,Q2,OD,SC,ANCHOR,-0.47737218852033436,62
ORIGA,SEALED_REVIEW,29009,1,Q2,OD,CS,C_CONT,-2.4252305909527507,62
ORIGA,SEALED_REVIEW,29009,1,Q2,OD,CS,ANCHOR,-2.9968939052950248,62
ORIGA,SEALED_REVIEW,29009,1,Q2,OD,CC,C_CONT,-1.4142703656079618,62
ORIGA,SEALED_REVIEW,29009,1,Q2,OD,CC,ANCHOR,-1.9859336799502358,62
ORIGA,SEALED_REVIEW,29009,1,Q2,OD,OPTIMIZER_BY_PARAMETER_INTERACTION,ALGEBRA,-0.17769712395298143,62
ORIGA,SEALED_REVIEW,29009,1,Q2,OC,SS,ANCHOR,-0.7227616111875932,62
ORIGA,SEALED_REVIEW,29009,1,Q2,OC,CS,C_CONT,-1.9553421393724193,62
ORIGA,SEALED_REVIEW,29009,1,Q2,OC,CS,ANCHOR,-2.8816564078400404,62
ORIGA,SEALED_REVIEW,29009,1,Q2,OC,CC,C_CONT,-0.8598993329052576,62
ORIGA,SEALED_REVIEW,29009,1,Q2,OC,CC,ANCHOR,-1.7862136013728787,62
ORIGA,SEALED_REVIEW,29009,1,Q3,OD,SS,C_CONT,-1.4770642119609505,45
ORIGA,SEALED_REVIEW,29009,1,Q3,OD,SS,ANCHOR,-2.0331517437448525,45
ORIGA,SEALED_REVIEW,29009,1,Q3,OD,SC,C_CONT,-0.7791463560357101,45
ORIGA,SEALED_REVIEW,29009,1,Q3,OD,SC,ANCHOR,-1.3352338878196122,45
ORIGA,SEALED_REVIEW,29009,1,Q3,OD,CS,C_CONT,-2.6765415862558655,45
ORIGA,SEALED_REVIEW,29009,1,Q3,OD,CS,ANCHOR,-3.2326291180397675,45
ORIGA,SEALED_REVIEW,29009,1,Q3,OD,CC,C_CONT,-1.9270401537716992,45
ORIGA,SEALED_REVIEW,29009,1,Q3,OD,CC,ANCHOR,-2.4831276855556013,45
ORIGA,SEALED_REVIEW,29009,1,Q3,OD,OPTIMIZER_BY_PARAMETER_INTERACTION,ALGEBRA,-0.05158357655892587,45
ORIGA,SEALED_REVIEW,29009,1,Q3,OC,SS,ANCHOR,-0.16503156006307051,45
ORIGA,SEALED_REVIEW,29009,1,Q3,OC,CS,C_CONT,-0.670708298344465,45
ORIGA,SEALED_REVIEW,29009,1,Q3,OC,CS,ANCHOR,-1.589754240786604,45
ORIGA,SEALED_REVIEW,29009,1,Q3,OC,CC,C_CONT,-0.020247342632615073,45
ORIGA,SEALED_REVIEW,29009,1,Q3,OC,CC,ANCHOR,-0.9392932850747542,45
ORIGA,SEALED_REVIEW,29009,1,Q3,OC,OPTIMIZER_BY_PARAMETER_INTERACTION,ALGEBRA,-0.15929666568520418,45
ORIGA,SEARCH,29009,1,Q3,OD,SS,C_CONT,-0.7629322047510527,88
ORIGA,SEARCH,29009,1,Q3,OD,SS,ANCHOR,-1.3480522989867012,88
ORIGA,SEARCH,29009,1,Q3,OD,SC,C_CONT,-0.047732273465911135,88
ORIGA,SEARCH,29009,1,Q3,OD,SC,ANCHOR,-0.6328523677015596,88
ORIGA,SEARCH,29009,1,Q3,OD,CS,C_CONT,-2.1888027485610877,88
ORIGA,SEARCH,29009,1,Q3,OD,CS,ANCHOR,-2.773922842796736,88
ORIGA,SEARCH,29009,1,Q3,OD,CC,C_CONT,-1.315134425119723,88
ORIGA,SEARCH,29009,1,Q3,OD,CC,ANCHOR,-1.9002545193553715,88
ORIGA,SEARCH,29009,1,Q3,OD,OPTIMIZER_BY_PARAMETER_INTERACTION,ALGEBRA,-0.1584683921562231,88
ORIGA,SEARCH,29009,1,Q3,OC,SS,C_CONT,-0.25808626774635,88
ORIGA,SEARCH,29009,1,Q3,OC,SS,ANCHOR,-1.2824035461356544,88
ORIGA,SEARCH,29009,1,Q3,OC,SC,ANCHOR,-0.4930411309691891,88
ORIGA,SEARCH,29009,1,Q3,OC,CS,C_CONT,-2.318805487597629,88
ORIGA,SEARCH,29009,1,Q3,OC,CS,ANCHOR,-3.3431227659869336,88
ORIGA,SEARCH,29009,1,Q3,OC,CC,C_CONT,-1.388802173267095,88
ORIGA,SEARCH,29009,1,Q3,OC,CC,ANCHOR,-2.4131194516563994,88
ORIGA,SEARCH,29009,1,Q3,OC,OPTIMIZER_BY_PARAMETER_INTERACTION,ALGEBRA,-0.14064089916406886,88
ORIGA,SEARCH,29009,1,Q4,OD,SS,CC,-0.24293089088668296,77
ORIGA,SEARCH,29009,1,Q4,OD,SS,C_CONT,-2.429668880244094,77
ORIGA,SEARCH,29009,1,Q4,OD,SS,ANCHOR,-2.500944706038709,77
ORIGA,SEARCH,29009,1,Q4,OD,SC,C_CONT,-1.9454658855381126,77
ORIGA,SEARCH,29009,1,Q4,OD,SC,ANCHOR,-2.0167417113327275,77
ORIGA,SEARCH,29009,1,Q4,OD,CS,C_CONT,-2.654616490224967,77
ORIGA,SEARCH,29009,1,Q4,OD,CS,ANCHOR,-2.725892316019582,77
ORIGA,SEARCH,29009,1,Q4,OD,CC,C_CONT,-2.186737989357411,77
ORIGA,SEARCH,29009,1,Q4,OD,CC,ANCHOR,-2.258013815152026,77
ORIGA,SEARCH,29009,1,Q4,OC,SS,CC,-0.15022582753697122,77
ORIGA,SEARCH,29009,1,Q4,OC,SS,C_CONT,-1.3152500979026485,77
ORIGA,SEARCH,29009,1,Q4,OC,SS,ANCHOR,-2.234242020347452,77
ORIGA,SEARCH,29009,1,Q4,OC,SC,C_CONT,-1.0187009436606047,77
ORIGA,SEARCH,29009,1,Q4,OC,SC,ANCHOR,-1.937692866105408,77
ORIGA,SEARCH,29009,1,Q4,OC,CS,C_CONT,-1.447440667629266,77
ORIGA,SEARCH,29009,1,Q4,OC,CS,ANCHOR,-2.3664325900740693,77
ORIGA,SEARCH,29009,1,Q4,OC,CC,C_CONT,-1.1650242703656772,77
ORIGA,SEARCH,29009,1,Q4,OC,CC,ANCHOR,-2.0840161928104806,77
ORIGA,SEALED_REVIEW,29009,1,Q4,OD,SS,CC,-0.15571343966239226,57
ORIGA,SEALED_REVIEW,29009,1,Q4,OD,SS,C_CONT,-1.7505013698299479,57
ORIGA,SEALED_REVIEW,29009,1,Q4,OD,SS,ANCHOR,-1.7888303067529137,57
ORIGA,SEALED_REVIEW,29009,1,Q4,OD,SC,C_CONT,-1.3599517367007934,57
ORIGA,SEALED_REVIEW,29009,1,Q4,OD,SC,ANCHOR,-1.3982806736237592,57
ORIGA,SEALED_REVIEW,29009,1,Q4,OD,CS,C_CONT,-1.987404823188399,57
ORIGA,SEALED_REVIEW,29009,1,Q4,OD,CS,ANCHOR,-2.0257337601113647,57
ORIGA,SEALED_REVIEW,29009,1,Q4,OD,CC,C_CONT,-1.5947879301675556,57
ORIGA,SEALED_REVIEW,29009,1,Q4,OD,CC,ANCHOR,-1.6331168670905214,57
ORIGA,SEALED_REVIEW,29009,1,Q4,OD,OPTIMIZER_BY_PARAMETER_INTERACTION,ALGEBRA,-0.0020672598916888774,57
ORIGA,SEALED_REVIEW,29009,1,Q4,OC,SS,CC,-0.05126170872564728,57
ORIGA,SEALED_REVIEW,29009,1,Q4,OC,SS,C_CONT,-0.039141623994510155,57
ORIGA,SEALED_REVIEW,29009,1,Q4,OC,SS,ANCHOR,-0.7403207912497578,57
ORIGA,SEALED_REVIEW,29009,1,Q4,OC,SC,ANCHOR,-0.6209662406560597,57
ORIGA,SEALED_REVIEW,29009,1,Q4,OC,CS,C_CONT,-0.12877686767411944,57
ORIGA,SEALED_REVIEW,29009,1,Q4,OC,CS,ANCHOR,-0.8299560349293671,57
ORIGA,SEALED_REVIEW,29009,1,Q4,OC,CC,ANCHOR,-0.6890590825241105,57
ORIGA,SEALED_REVIEW,29009,1,Q4,OC,OPTIMIZER_BY_PARAMETER_INTERACTION,ALGEBRA,-0.02154240181155842,57
REFUGE_Valid,SEARCH,29009,1,ALL,OD,SC,SS,-0.15481020741178497,406
REFUGE_Valid,SEARCH,29009,1,ALL,OD,CC,CS,-0.19971642720749117,406
REFUGE_Valid,SEARCH,29009,1,ALL,OD,SS,SAME64_HOLD,-2.4330654978327573,406
REFUGE_Valid,SEARCH,29009,1,ALL,OD,SC,SAME64_HOLD,-2.5878757052445422,406
REFUGE_Valid,SEARCH,29009,1,ALL,OD,CS,CROSS64_HOLD,-0.8263816001056341,406
REFUGE_Valid,SEARCH,29009,1,ALL,OD,CC,CROSS64_HOLD,-1.0260980273131253,406
REFUGE_Valid,SEARCH,29009,1,ALL,OD,SS,SOURCE_HOLD,-1.3739742455211115,406
REFUGE_Valid,SEARCH,29009,1,ALL,OD,SC,SOURCE_HOLD,-1.5287844529328964,406
REFUGE_Valid,SEARCH,29009,1,ALL,OD,CS,SOURCE_HOLD,-1.4899329492687912,406
REFUGE_Valid,SEARCH,29009,1,ALL,OD,CC,SOURCE_HOLD,-1.6896493764762823,406
REFUGE_Valid,SEARCH,29009,1,ALL,OC,SC,SS,-0.07804614114806441,406
REFUGE_Valid,SEARCH,29009,1,ALL,OC,CC,CS,-0.08763310789149159,406
REFUGE_Valid,SEARCH,29009,1,ALL,OC,SS,CS,-0.006988124592155032,406
REFUGE_Valid,SEARCH,29009,1,ALL,OC,SS,SAME64_HOLD,-0.9880206636092197,406
REFUGE_Valid,SEARCH,29009,1,ALL,OC,SC,SAME64_HOLD,-1.066066804757284,406
REFUGE_Valid,SEARCH,29009,1,ALL,OC,CS,CROSS64_HOLD,-0.8979467702297086,406
REFUGE_Valid,SEARCH,29009,1,ALL,OC,CC,CROSS64_HOLD,-0.9855798781212002,406
REFUGE_Valid,SEARCH,29009,1,ALL,OC,SS,SOURCE_HOLD,-1.3333108104448428,406
REFUGE_Valid,SEARCH,29009,1,ALL,OC,SC,SOURCE_HOLD,-1.4113569515929072,406
REFUGE_Valid,SEARCH,29009,1,ALL,OC,CS,SOURCE_HOLD,-1.3263226858526878,406
REFUGE_Valid,SEARCH,29009,1,ALL,OC,CC,SOURCE_HOLD,-1.4139557937441793,406
REFUGE_Valid,SEARCH,29009,1,Q1,OD,SC,SS,-0.004258171339955652,97
REFUGE_Valid,SEARCH,29009,1,Q1,OD,CC,CS,-0.021243166197223218,97
REFUGE_Valid,SEARCH,29009,1,Q1,OD,SS,CS,-0.15715032564330045,97
REFUGE_Valid,SEARCH,29009,1,Q1,OD,SC,CC,-0.14016533078603288,97
REFUGE_Valid,SEARCH,29009,1,Q1,OD,SS,CC,-0.13590715944607723,97
REFUGE_Valid,SEARCH,29009,1,Q1,OD,SS,SAME64_HOLD,-0.6480912523572897,97
REFUGE_Valid,SEARCH,29009,1,Q1,OD,SC,SAME64_HOLD,-0.6523494236972454,97
REFUGE_Valid,SEARCH,29009,1,Q1,OC,SC,SS,-0.023299268800592188,97
REFUGE_Valid,SEARCH,29009,1,Q1,OC,CC,CS,-0.05919317145530556,97
REFUGE_Valid,SEARCH,29009,1,Q1,OC,SS,CS,-0.12771018391003253,97
REFUGE_Valid,SEARCH,29009,1,Q1,OC,SC,CC,-0.09181628125531915,97
REFUGE_Valid,SEARCH,29009,1,Q1,OC,SS,CC,-0.06851701245472697,97
REFUGE_Valid,SEARCH,29009,1,Q1,OC,SS,SAME64_HOLD,-0.384617421305542,97
REFUGE_Valid,SEARCH,29009,1,Q1,OC,SC,SAME64_HOLD,-0.4079166901061342,97
REFUGE_Valid,SEARCH,29009,1,Q1,OC,SS,SOURCE_HOLD,-0.4676884204771312,97
REFUGE_Valid,SEARCH,29009,1,Q1,OC,SC,SOURCE_HOLD,-0.4909876892777234,97
REFUGE_Valid,SEARCH,29009,1,Q1,OC,CS,SOURCE_HOLD,-0.3399782365670987,97
REFUGE_Valid,SEARCH,29009,1,Q1,OC,CC,SOURCE_HOLD,-0.39917140802240425,97
REFUGE_Valid,SEARCH,29009,1,FIRST64,OD,SS,SAME64_HOLD,-0.4287472336652485,39
REFUGE_Valid,SEARCH,29009,1,FIRST64,OD,SC,SAME64_HOLD,-0.2953136998815751,39
REFUGE_Valid,SEARCH,29009,1,FIRST64,OD,OPTIMIZER_BY_PARAMETER_INTERACTION,ALGEBRA,-0.0033818404571377414,39
REFUGE_Valid,SEARCH,29009,1,FIRST64,OC,CC,CS,-0.020587032993262255,39
REFUGE_Valid,SEARCH,29009,1,FIRST64,OC,SS,CS,-0.0682409984634944,39
REFUGE_Valid,SEARCH,29009,1,FIRST64,OC,SC,CC,-0.019621652603660777,39
REFUGE_Valid,SEARCH,29009,1,FIRST64,OC,SS,CC,-0.04765396547023215,39
REFUGE_Valid,SEARCH,29009,1,FIRST64,OC,SS,SAME64_HOLD,-0.14830216055882772,39
REFUGE_Valid,SEARCH,29009,1,FIRST64,OC,SC,SAME64_HOLD,-0.12026984769225635,39
REFUGE_Valid,SEARCH,29009,1,FIRST64,OC,SS,SOURCE_HOLD,-0.18466469025038634,39
REFUGE_Valid,SEARCH,29009,1,FIRST64,OC,SC,SOURCE_HOLD,-0.15663237738381497,39
REFUGE_Valid,SEARCH,29009,1,FIRST64,OC,CS,SOURCE_HOLD,-0.11642369178689194,39
REFUGE_Valid,SEARCH,29009,1,FIRST64,OC,CC,SOURCE_HOLD,-0.1370107247801542,39
REFUGE_Valid,SEALED_REVIEW,29009,1,ALL,OD,SC,SS,-0.1611999647035276,269
REFUGE_Valid,SEALED_REVIEW,29009,1,ALL,OD,CC,CS,-0.20826280682918252,269
REFUGE_Valid,SEALED_REVIEW,29009,1,ALL,OD,SS,SAME64_HOLD,-2.2164454456362677,269
REFUGE_Valid,SEALED_REVIEW,29009,1,ALL,OD,SC,SAME64_HOLD,-2.3776454103397953,269
REFUGE_Valid,SEALED_REVIEW,29009,1,ALL,OD,CS,CROSS64_HOLD,-0.6508474934627912,269
REFUGE_Valid,SEALED_REVIEW,29009,1,ALL,OD,CC,CROSS64_HOLD,-0.8591103002919738,269
REFUGE_Valid,SEALED_REVIEW,29009,1,ALL,OD,SS,SOURCE_HOLD,-1.3940062542799723,269
REFUGE_Valid,SEALED_REVIEW,29009,1,ALL,OD,SC,SOURCE_HOLD,-1.5552062189834999,269
REFUGE_Valid,SEALED_REVIEW,29009,1,ALL,OD,CS,SOURCE_HOLD,-1.4820240178026864,269
REFUGE_Valid,SEALED_REVIEW,29009,1,ALL,OD,CC,SOURCE_HOLD,-1.690286824631869,269
REFUGE_Valid,SEALED_REVIEW,29009,1,ALL,OC,SC,SS,-0.07522760071887546,269
REFUGE_Valid,SEALED_REVIEW,29009,1,ALL,OC,CC,CS,-0.08995480947312728,269
REFUGE_Valid,SEALED_REVIEW,29009,1,ALL,OC,SS,SAME64_HOLD,-0.912594082720517,269
REFUGE_Valid,SEALED_REVIEW,29009,1,ALL,OC,SC,SAME64_HOLD,-0.9878216834393925,269
REFUGE_Valid,SEALED_REVIEW,29009,1,ALL,OC,CS,CROSS64_HOLD,-0.8169155440911453,269
REFUGE_Valid,SEALED_REVIEW,29009,1,ALL,OC,CC,CROSS64_HOLD,-0.9068703535642726,269
REFUGE_Valid,SEALED_REVIEW,29009,1,ALL,OC,SS,SOURCE_HOLD,-1.3598406739480708,269
REFUGE_Valid,SEALED_REVIEW,29009,1,ALL,OC,SC,SOURCE_HOLD,-1.4350682746669463,269
REFUGE_Valid,SEALED_REVIEW,29009,1,ALL,OC,CS,SOURCE_HOLD,-1.385569947912387,269
REFUGE_Valid,SEALED_REVIEW,29009,1,ALL,OC,CC,SOURCE_HOLD,-1.4755247573855144,269
REFUGE_Valid,SEALED_REVIEW,29009,1,Q1,OD,SC,SS,-0.06682454103383861,69
REFUGE_Valid,SEALED_REVIEW,29009,1,Q1,OD,CC,CS,-0.13189779548615377,69
REFUGE_Valid,SEALED_REVIEW,29009,1,Q1,OD,SS,CS,-0.19561311255613134,69
REFUGE_Valid,SEALED_REVIEW,29009,1,Q1,OD,SC,CC,-0.1305398581038162,69
REFUGE_Valid,SEALED_REVIEW,29009,1,Q1,OD,SS,CC,-0.06371531706997757,69
REFUGE_Valid,SEALED_REVIEW,29009,1,Q1,OD,SS,SAME64_HOLD,-0.6045260869647819,69
REFUGE_Valid,SEALED_REVIEW,29009,1,Q1,OD,SC,SAME64_HOLD,-0.6713506279986206,69
REFUGE_Valid,SEALED_REVIEW,29009,1,Q1,OD,SS,SOURCE_HOLD,-0.1522296544120394,69
REFUGE_Valid,SEALED_REVIEW,29009,1,Q1,OD,SC,SOURCE_HOLD,-0.219054195445878,69
REFUGE_Valid,SEALED_REVIEW,29009,1,Q1,OD,CC,SOURCE_HOLD,-0.08851433734206182,69
REFUGE_Valid,SEALED_REVIEW,29009,1,Q1,OC,SC,SS,-0.06399699604523335,69
REFUGE_Valid,SEALED_REVIEW,29009,1,Q1,OC,CC,CS,-0.09335209720342164,69
REFUGE_Valid,SEALED_REVIEW,29009,1,Q1,OC,SS,CS,-0.2305909401006403,69
REFUGE_Valid,SEALED_REVIEW,29009,1,Q1,OC,SC,CC,-0.201235838942452,69
REFUGE_Valid,SEALED_REVIEW,29009,1,Q1,OC,SS,CC,-0.13723884289721866,69
REFUGE_Valid,SEALED_REVIEW,29009,1,Q1,OC,SS,SAME64_HOLD,-0.30948779198189413,69
REFUGE_Valid,SEALED_REVIEW,29009,1,Q1,OC,SC,SAME64_HOLD,-0.3734847880271275,69
REFUGE_Valid,SEALED_REVIEW,29009,1,Q1,OC,SS,SOURCE_HOLD,-0.5649890269264546,69
REFUGE_Valid,SEALED_REVIEW,29009,1,Q1,OC,SC,SOURCE_HOLD,-0.6289860229716879,69
REFUGE_Valid,SEALED_REVIEW,29009,1,Q1,OC,CS,SOURCE_HOLD,-0.3343980868258143,69
REFUGE_Valid,SEALED_REVIEW,29009,1,Q1,OC,CC,SOURCE_HOLD,-0.4277501840292359,69
REFUGE_Valid,SEALED_REVIEW,29009,1,FIRST64,OD,SC,SS,-0.0980314367835291,20
REFUGE_Valid,SEALED_REVIEW,29009,1,FIRST64,OD,CC,CS,-0.12806565570689088,20
REFUGE_Valid,SEALED_REVIEW,29009,1,FIRST64,OD,SS,SAME64_HOLD,-0.24957732026113888,20
REFUGE_Valid,SEALED_REVIEW,29009,1,FIRST64,OD,SC,SAME64_HOLD,-0.347608757044668,20
REFUGE_Valid,SEALED_REVIEW,29009,1,FIRST64,OD,CS,SOURCE_HOLD,-0.11281247396412653,20
REFUGE_Valid,SEALED_REVIEW,29009,1,FIRST64,OD,CC,SOURCE_HOLD,-0.2408781296710174,20
REFUGE_Valid,SEALED_REVIEW,29009,1,FIRST64,OC,SC,SS,-0.0708853924430457,20
REFUGE_Valid,SEALED_REVIEW,29009,1,FIRST64,OC,CC,CS,-0.0955205032114037,20
REFUGE_Valid,SEALED_REVIEW,29009,1,FIRST64,OC,SS,CS,-0.9427148257435931,20
REFUGE_Valid,SEALED_REVIEW,29009,1,FIRST64,OC,SC,CC,-0.9180797149752351,20
REFUGE_Valid,SEALED_REVIEW,29009,1,FIRST64,OC,SS,CC,-0.8471943225321894,20
REFUGE_Valid,SEALED_REVIEW,29009,1,FIRST64,OC,SS,SAME64_HOLD,-0.1642036717234845,20
REFUGE_Valid,SEALED_REVIEW,29009,1,FIRST64,OC,SC,SAME64_HOLD,-0.2350890641665302,20
REFUGE_Valid,SEALED_REVIEW,29009,1,FIRST64,OC,CS,CROSS64_HOLD,-0.01636291835342263,20
REFUGE_Valid,SEALED_REVIEW,29009,1,FIRST64,OC,CC,CROSS64_HOLD,-0.11188342156482634,20
REFUGE_Valid,SEALED_REVIEW,29009,1,FIRST64,OC,SS,C_CONT,-0.17765632930013453,20
REFUGE_Valid,SEALED_REVIEW,29009,1,FIRST64,OC,SS,ANCHOR,-0.10727153421434821,20
REFUGE_Valid,SEALED_REVIEW,29009,1,FIRST64,OC,SS,SOURCE_HOLD,-1.4146778110575582,20
REFUGE_Valid,SEALED_REVIEW,29009,1,FIRST64,OC,SC,C_CONT,-0.24854172174318023,20
REFUGE_Valid,SEALED_REVIEW,29009,1,FIRST64,OC,SC,ANCHOR,-0.1781569266573939,20
REFUGE_Valid,SEALED_REVIEW,29009,1,FIRST64,OC,SC,SOURCE_HOLD,-1.485563203500604,20
REFUGE_Valid,SEALED_REVIEW,29009,1,FIRST64,OC,CS,SOURCE_HOLD,-0.4719629853139651,20
REFUGE_Valid,SEALED_REVIEW,29009,1,FIRST64,OC,CC,SOURCE_HOLD,-0.5674834885253688,20
REFUGE_Valid,SEALED_REVIEW,29009,1,Q2,OD,SC,SS,-0.17570854086091003,80
REFUGE_Valid,SEALED_REVIEW,29009,1,Q2,OD,CC,CS,-0.19844197865324986,80
REFUGE_Valid,SEALED_REVIEW,29009,1,Q2,OD,SS,SAME64_HOLD,-1.207133183364519,80
REFUGE_Valid,SEALED_REVIEW,29009,1,Q2,OD,SC,SAME64_HOLD,-1.382841724225429,80
REFUGE_Valid,SEALED_REVIEW,29009,1,Q2,OD,CS,CROSS64_HOLD,-0.040408019148330254,80
REFUGE_Valid,SEALED_REVIEW,29009,1,Q2,OD,CC,CROSS64_HOLD,-0.23884999780158012,80
REFUGE_Valid,SEALED_REVIEW,29009,1,Q2,OD,SS,SOURCE_HOLD,-0.8083374182164391,80
REFUGE_Valid,SEALED_REVIEW,29009,1,Q2,OD,SC,SOURCE_HOLD,-0.9840459590773492,80
REFUGE_Valid,SEALED_REVIEW,29009,1,Q2,OD,CS,SOURCE_HOLD,-0.869675366449556,80
REFUGE_Valid,SEALED_REVIEW,29009,1,Q2,OD,CC,SOURCE_HOLD,-1.0681173451028059,80
REFUGE_Valid,SEALED_REVIEW,29009,1,Q2,OC,SC,SS,-0.07236807061485706,80
REFUGE_Valid,SEALED_REVIEW,29009,1,Q2,OC,CC,CS,-0.08990307183017876,80
REFUGE_Valid,SEALED_REVIEW,29009,1,Q2,OC,SS,SAME64_HOLD,-0.46008276766089296,80
REFUGE_Valid,SEALED_REVIEW,29009,1,Q2,OC,SC,SAME64_HOLD,-0.53245083827575,80
REFUGE_Valid,SEALED_REVIEW,29009,1,Q2,OC,CS,CROSS64_HOLD,-0.35854090849647946,80
REFUGE_Valid,SEALED_REVIEW,29009,1,Q2,OC,CC,CROSS64_HOLD,-0.4484439803266582,80
REFUGE_Valid,SEALED_REVIEW,29009,1,Q2,OC,SS,SOURCE_HOLD,-0.9607518852418622,80
REFUGE_Valid,SEALED_REVIEW,29009,1,Q2,OC,SC,SOURCE_HOLD,-1.0331199558567192,80
REFUGE_Valid,SEALED_REVIEW,29009,1,Q2,OC,CS,SOURCE_HOLD,-0.9939020860185934,80
REFUGE_Valid,SEALED_REVIEW,29009,1,Q2,OC,CC,SOURCE_HOLD,-1.0838051578487722,80
REFUGE_Valid,SEARCH,29009,1,Q2,OD,SC,SS,-0.18784718795235733,89
REFUGE_Valid,SEARCH,29009,1,Q2,OD,CC,CS,-0.2258053062352161,89
REFUGE_Valid,SEARCH,29009,1,Q2,OD,SS,SAME64_HOLD,-1.0169821914226702,89
REFUGE_Valid,SEARCH,29009,1,Q2,OD,SC,SAME64_HOLD,-1.2048293793750275,89
REFUGE_Valid,SEARCH,29009,1,Q2,OD,CC,CROSS64_HOLD,-0.006172020720470073,89
REFUGE_Valid,SEARCH,29009,1,Q2,OD,SS,SOURCE_HOLD,-0.22253723249400537,89
REFUGE_Valid,SEARCH,29009,1,Q2,OD,SC,SOURCE_HOLD,-0.4103844204463627,89
REFUGE_Valid,SEARCH,29009,1,Q2,OD,CS,SOURCE_HOLD,-0.3978665066838971,89
REFUGE_Valid,SEARCH,29009,1,Q2,OD,CC,SOURCE_HOLD,-0.6236718129191132,89
REFUGE_Valid,SEARCH,29009,1,Q2,OC,SC,SS,-0.029969393168698844,89
REFUGE_Valid,SEARCH,29009,1,Q2,OC,CC,CS,-0.031214780126006758,89
REFUGE_Valid,SEARCH,29009,1,Q2,OC,SS,CS,-0.08833181839959536,89
REFUGE_Valid,SEARCH,29009,1,Q2,OC,SC,CC,-0.08708643144228745,89
REFUGE_Valid,SEARCH,29009,1,Q2,OC,SS,CC,-0.057117038273588605,89
REFUGE_Valid,SEARCH,29009,1,Q2,OC,SS,SAME64_HOLD,-0.4812770224700387,89
REFUGE_Valid,SEARCH,29009,1,Q2,OC,SC,SAME64_HOLD,-0.5112464156387375,89
REFUGE_Valid,SEARCH,29009,1,Q2,OC,CS,CROSS64_HOLD,-0.9030779261532302,89
REFUGE_Valid,SEARCH,29009,1,Q2,OC,CC,CROSS64_HOLD,-0.934292706279237,89
REFUGE_Valid,SEARCH,29009,1,Q2,OC,SS,SOURCE_HOLD,-1.335166637430305,89
REFUGE_Valid,SEARCH,29009,1,Q2,OC,SC,SOURCE_HOLD,-1.365136030599004,89
REFUGE_Valid,SEARCH,29009,1,Q2,OC,CS,SOURCE_HOLD,-1.2468348190307097,89
REFUGE_Valid,SEARCH,29009,1,Q2,OC,CC,SOURCE_HOLD,-1.2780495991567165,89
REFUGE_Valid,SEARCH,29009,1,Q3,OD,SC,SS,-0.18848456040504402,100
REFUGE_Valid,SEARCH,29009,1,Q3,OD,CC,CS,-0.21710773343342282,100
REFUGE_Valid,SEARCH,29009,1,Q3,OD,SS,SAME64_HOLD,-2.6486450729732383,100
REFUGE_Valid,SEARCH,29009,1,Q3,OD,SC,SAME64_HOLD,-2.8371296333782823,100
REFUGE_Valid,SEARCH,29009,1,Q3,OD,CS,CROSS64_HOLD,-0.8939000503926451,100
REFUGE_Valid,SEARCH,29009,1,Q3,OD,CC,CROSS64_HOLD,-1.111007783826068,100
REFUGE_Valid,SEARCH,29009,1,Q3,OD,SS,SOURCE_HOLD,-1.361685713061675,100
REFUGE_Valid,SEARCH,29009,1,Q3,OD,SC,SOURCE_HOLD,-1.550170273466719,100
REFUGE_Valid,SEARCH,29009,1,Q3,OD,CS,SOURCE_HOLD,-1.5032590617698958,100
REFUGE_Valid,SEARCH,29009,1,Q3,OD,CC,SOURCE_HOLD,-1.7203667952033186,100
REFUGE_Valid,SEARCH,29009,1,Q3,OC,SC,SS,-0.11619236831153046,100
REFUGE_Valid,SEARCH,29009,1,Q3,OC,CC,CS,-0.10232153601387495,100
REFUGE_Valid,SEARCH,29009,1,Q3,OC,SS,SAME64_HOLD,-0.8081886502498179,100
REFUGE_Valid,SEARCH,29009,1,Q3,OC,SC,SAME64_HOLD,-0.9243810185613484,100
REFUGE_Valid,SEARCH,29009,1,Q3,OC,CS,CROSS64_HOLD,-0.5640718747199571,100
REFUGE_Valid,SEARCH,29009,1,Q3,OC,CC,CROSS64_HOLD,-0.6663934107338321,100
REFUGE_Valid,SEARCH,29009,1,Q3,OC,SS,SOURCE_HOLD,-0.915934828651146,100
REFUGE_Valid,SEARCH,29009,1,Q3,OC,SC,SOURCE_HOLD,-1.0321271969626764,100
REFUGE_Valid,SEARCH,29009,1,Q3,OC,CS,SOURCE_HOLD,-0.9953647814465967,100
REFUGE_Valid,SEARCH,29009,1,Q3,OC,CC,SOURCE_HOLD,-1.0976863174604716,100
REFUGE_Valid,SEARCH,29009,1,Q3,OC,OPTIMIZER_BY_PARAMETER_INTERACTION,ALGEBRA,-0.013870832297655511,100
REFUGE_Valid,SEALED_REVIEW,29009,1,Q3,OD,SC,SS,-0.22113150652039337,68
REFUGE_Valid,SEALED_REVIEW,29009,1,Q3,OD,CC,CS,-0.24969541064568546,68
REFUGE_Valid,SEALED_REVIEW,29009,1,Q3,OD,SS,SAME64_HOLD,-3.2708853519360304,68
REFUGE_Valid,SEALED_REVIEW,29009,1,Q3,OD,SC,SAME64_HOLD,-3.4920168584564237,68
REFUGE_Valid,SEALED_REVIEW,29009,1,Q3,OD,CS,CROSS64_HOLD,-1.338351565575394,68
REFUGE_Valid,SEALED_REVIEW,29009,1,Q3,OD,CC,CROSS64_HOLD,-1.5880469762210794,68
REFUGE_Valid,SEALED_REVIEW,29009,1,Q3,OD,SS,SOURCE_HOLD,-1.8870661812413232,68
REFUGE_Valid,SEALED_REVIEW,29009,1,Q3,OD,SC,SOURCE_HOLD,-2.1081976877617166,68
REFUGE_Valid,SEALED_REVIEW,29009,1,Q3,OD,CS,SOURCE_HOLD,-2.2589712260339923,68
REFUGE_Valid,SEALED_REVIEW,29009,1,Q3,OD,CC,SOURCE_HOLD,-2.5086666366796777,68
REFUGE_Valid,SEALED_REVIEW,29009,1,Q3,OC,SC,SS,-0.05085065462017013,68
REFUGE_Valid,SEALED_REVIEW,29009,1,Q3,OC,CC,CS,-0.06863425293150982,68
REFUGE_Valid,SEALED_REVIEW,29009,1,Q3,OC,SS,SAME64_HOLD,-1.0794424371909273,68
REFUGE_Valid,SEALED_REVIEW,29009,1,Q3,OC,SC,SAME64_HOLD,-1.1302930918110974,68
REFUGE_Valid,SEALED_REVIEW,29009,1,Q3,OC,CS,CROSS64_HOLD,-1.639661943122455,68
REFUGE_Valid,SEALED_REVIEW,29009,1,Q3,OC,CC,CROSS64_HOLD,-1.7082961960539649,68
REFUGE_Valid,SEALED_REVIEW,29009,1,Q3,OC,SS,SOURCE_HOLD,-2.0013025887724964,68
REFUGE_Valid,SEALED_REVIEW,29009,1,Q3,OC,SC,SOURCE_HOLD,-2.0521532433926666,68
REFUGE_Valid,SEALED_REVIEW,29009,1,Q3,OC,CS,SOURCE_HOLD,-2.058836220537934,68
REFUGE_Valid,SEALED_REVIEW,29009,1,Q3,OC,CC,SOURCE_HOLD,-2.127470473469444,68
REFUGE_Valid,SEARCH,29009,1,Q4,OD,SC,SS,-0.22394204850783694,120
REFUGE_Valid,SEARCH,29009,1,Q4,OD,CC,CS,-0.3101403060569936,120
REFUGE_Valid,SEARCH,29009,1,Q4,OD,SS,SAME64_HOLD,-4.746531819229176,120
REFUGE_Valid,SEARCH,29009,1,Q4,OD,SC,SAME64_HOLD,-4.970473867737013,120
REFUGE_Valid,SEARCH,29009,1,Q4,OD,CS,CROSS64_HOLD,-3.2328732143401453,120
REFUGE_Valid,SEARCH,29009,1,Q4,OD,CC,CROSS64_HOLD,-3.543013520397139,120
REFUGE_Valid,SEARCH,29009,1,Q4,OD,SS,SOURCE_HOLD,-3.622097242147362,120
REFUGE_Valid,SEARCH,29009,1,Q4,OD,SC,SOURCE_HOLD,-3.846039290655199,120
REFUGE_Valid,SEARCH,29009,1,Q4,OD,CS,SOURCE_HOLD,-3.8934403674409452,120
REFUGE_Valid,SEARCH,29009,1,Q4,OD,CC,SOURCE_HOLD,-4.203580673497939,120
REFUGE_Valid,SEARCH,29009,1,Q4,OC,SC,SS,-0.12616826174409113,120
REFUGE_Valid,SEARCH,29009,1,Q4,OC,CC,CS,-0.14022529283484175,120
REFUGE_Valid,SEARCH,29009,1,Q4,OC,SS,SAME64_HOLD,-2.0014664961157393,120
REFUGE_Valid,SEARCH,29009,1,Q4,OC,SC,SAME64_HOLD,-2.1276347578598305,120
REFUGE_Valid,SEARCH,29009,1,Q4,OC,CS,CROSS64_HOLD,-2.0344069039064507,120
REFUGE_Valid,SEARCH,29009,1,Q4,OC,CC,CROSS64_HOLD,-2.1746321967412925,120
REFUGE_Valid,SEARCH,29009,1,Q4,OC,SS,SOURCE_HOLD,-2.3794591554826354,120
REFUGE_Valid,SEARCH,29009,1,Q4,OC,SC,SOURCE_HOLD,-2.5056274172267265,120
REFUGE_Valid,SEARCH,29009,1,Q4,OC,CS,SOURCE_HOLD,-2.4583695372566368,120
REFUGE_Valid,SEARCH,29009,1,Q4,OC,CC,SOURCE_HOLD,-2.5985948300914785,120
REFUGE_Valid,SEALED_REVIEW,29009,1,Q4,OD,SC,SS,-0.18573598964718485,52
REFUGE_Valid,SEALED_REVIEW,29009,1,Q4,OD,CC,CS,-0.27052117177572654,52
REFUGE_Valid,SEALED_REVIEW,29009,1,Q4,OD,SS,SAME64_HOLD,-4.529243582207243,52
REFUGE_Valid,SEALED_REVIEW,29009,1,Q4,OD,SC,SAME64_HOLD,-4.714979571854428,52
REFUGE_Valid,SEALED_REVIEW,29009,1,Q4,OD,CS,CROSS64_HOLD,-2.789617252173315,52
REFUGE_Valid,SEALED_REVIEW,29009,1,Q4,OD,CC,CROSS64_HOLD,-3.0601384239490415,52
REFUGE_Valid,SEALED_REVIEW,29009,1,Q4,OD,SS,SOURCE_HOLD,-3.298006585868393,52
REFUGE_Valid,SEALED_REVIEW,29009,1,Q4,OD,SC,SOURCE_HOLD,-3.4837425755155778,52
REFUGE_Valid,SEALED_REVIEW,29009,1,Q4,OD,CS,SOURCE_HOLD,-3.432189359895986,52
REFUGE_Valid,SEALED_REVIEW,29009,1,Q4,OD,CC,SOURCE_HOLD,-3.7027105316717126,52
REFUGE_Valid,SEALED_REVIEW,29009,1,Q4,OC,SC,SS,-0.12640657120955723,52
REFUGE_Valid,SEALED_REVIEW,29009,1,Q4,OC,CC,CS,-0.1134071941437611,52
REFUGE_Valid,SEALED_REVIEW,29009,1,Q4,OC,SS,SAME64_HOLD,-2.1908546819848453,52
REFUGE_Valid,SEALED_REVIEW,29009,1,Q4,OC,SC,SAME64_HOLD,-2.3172612531944026,52
REFUGE_Valid,SEALED_REVIEW,29009,1,Q4,OC,CS,CROSS64_HOLD,-1.9051378360975946,52
REFUGE_Valid,SEALED_REVIEW,29009,1,Q4,OC,CC,CROSS64_HOLD,-2.0185450302413557,52
REFUGE_Valid,SEALED_REVIEW,29009,1,Q4,OC,SS,SOURCE_HOLD,-2.189695607273592,52
REFUGE_Valid,SEALED_REVIEW,29009,1,Q4,OC,SC,SOURCE_HOLD,-2.316102178483149,52
REFUGE_Valid,SEALED_REVIEW,29009,1,Q4,OC,CS,SOURCE_HOLD,-2.50253496383435,52
REFUGE_Valid,SEALED_REVIEW,29009,1,Q4,OC,CC,SOURCE_HOLD,-2.615942157978111,52
REFUGE_Valid,SEALED_REVIEW,29009,1,Q4,OC,OPTIMIZER_BY_PARAMETER_INTERACTION,ALGEBRA,-0.012999377065796125,52
