domain,role,seed,order,position_bin,channel,candidate,baseline,delta_pp,scored_contents
ORIGA,SEARCH,20260907,0,ALL,OD,SC,SS,0.7542746774397528,316
ORIGA,SEARCH,20260907,0,ALL,OD,CC,CS,0.9623340442837502,316
ORIGA,SEARCH,20260907,0,ALL,OD,SS,CS,1.5905015765318211,316
ORIGA,SEARCH,20260907,0,ALL,OD,SC,CC,1.3824422096878237,316
ORIGA,SEARCH,20260907,0,ALL,OD,SS,CC,0.6281675322480709,316
ORIGA,SEARCH,20260907,0,ALL,OD,SS,SAME64_HOLD,5.628178730357078,316
ORIGA,SEARCH,20260907,0,ALL,OD,SC,SAME64_HOLD,6.382453407796831,316
ORIGA,SEARCH,20260907,0,ALL,OD,CS,CROSS64_HOLD,7.865680236263529,316
ORIGA,SEARCH,20260907,0,ALL,OD,CC,CROSS64_HOLD,8.82801428054728,316
ORIGA,SEARCH,20260907,0,ALL,OD,SS,C_CONT,-3.0049888924059758,316
ORIGA,SEARCH,20260907,0,ALL,OD,SS,ANCHOR,-3.5822320518946213,316
ORIGA,SEARCH,20260907,0,ALL,OD,SS,SOURCE_HOLD,10.298725225723302,316
ORIGA,SEARCH,20260907,0,ALL,OD,SC,C_CONT,-2.250714214966223,316
ORIGA,SEARCH,20260907,0,ALL,OD,SC,ANCHOR,-2.8279573744548685,316
ORIGA,SEARCH,20260907,0,ALL,OD,SC,SOURCE_HOLD,11.052999903163055,316
ORIGA,SEARCH,20260907,0,ALL,OD,CS,C_CONT,-4.595490468937797,316
ORIGA,SEARCH,20260907,0,ALL,OD,CS,ANCHOR,-5.1727336284264425,316
ORIGA,SEARCH,20260907,0,ALL,OD,CS,SOURCE_HOLD,8.708223649191481,316
ORIGA,SEARCH,20260907,0,ALL,OD,CC,C_CONT,-3.6331564246540466,316
ORIGA,SEARCH,20260907,0,ALL,OD,CC,ANCHOR,-4.210399584142692,316
ORIGA,SEARCH,20260907,0,ALL,OD,CC,SOURCE_HOLD,9.670557693475232,316
ORIGA,SEARCH,20260907,0,ALL,OD,OPTIMIZER_BY_PARAMETER_INTERACTION,ALGEBRA,-0.2080593668439974,316
ORIGA,SEARCH,20260907,0,ALL,OC,SC,SS,0.8699337543752108,316
ORIGA,SEARCH,20260907,0,ALL,OC,CC,CS,1.0976544465358984,316
ORIGA,SEARCH,20260907,0,ALL,OC,SS,CS,1.97309920570045,316
ORIGA,SEARCH,20260907,0,ALL,OC,SC,CC,1.7453785135397624,316
ORIGA,SEARCH,20260907,0,ALL,OC,SS,CC,0.8754447591645516,316
ORIGA,SEARCH,20260907,0,ALL,OC,SS,SAME64_HOLD,6.609905992143993,316
ORIGA,SEARCH,20260907,0,ALL,OC,SC,SAME64_HOLD,7.479839746519204,316
ORIGA,SEARCH,20260907,0,ALL,OC,CS,CROSS64_HOLD,8.929088708082915,316
ORIGA,SEARCH,20260907,0,ALL,OC,CC,CROSS64_HOLD,10.026743154618813,316
ORIGA,SEARCH,20260907,0,ALL,OC,SS,C_CONT,-3.727182486835119,316
ORIGA,SEARCH,20260907,0,ALL,OC,SS,ANCHOR,-3.4631210262825505,316
ORIGA,SEARCH,20260907,0,ALL,OC,SS,SOURCE_HOLD,12.15110112507007,316
ORIGA,SEARCH,20260907,0,ALL,OC,SC,C_CONT,-2.857248732459908,316
ORIGA,SEARCH,20260907,0,ALL,OC,SC,ANCHOR,-2.5931872719073397,316
ORIGA,SEARCH,20260907,0,ALL,OC,SC,SOURCE_HOLD,13.021034879445281,316
ORIGA,SEARCH,20260907,0,ALL,OC,CS,C_CONT,-5.700281692535569,316
ORIGA,SEARCH,20260907,0,ALL,OC,CS,ANCHOR,-5.436220231983,316
ORIGA,SEARCH,20260907,0,ALL,OC,CS,SOURCE_HOLD,10.17800191936962,316
ORIGA,SEARCH,20260907,0,ALL,OC,CC,C_CONT,-4.60262724599967,316
ORIGA,SEARCH,20260907,0,ALL,OC,CC,ANCHOR,-4.338565785447102,316
ORIGA,SEARCH,20260907,0,ALL,OC,CC,SOURCE_HOLD,11.275656365905519,316
ORIGA,SEARCH,20260907,0,ALL,OC,OPTIMIZER_BY_PARAMETER_INTERACTION,ALGEBRA,-0.22772069216068758,316
ORIGA,SEARCH,20260907,0,Q1,OD,SC,SS,0.9037509301986262,81
ORIGA,SEARCH,20260907,0,Q1,OD,CC,CS,1.1996920825715165,81
ORIGA,SEARCH,20260907,0,Q1,OD,SS,CS,2.914294499075538,81
ORIGA,SEARCH,20260907,0,Q1,OD,SC,CC,2.618353346702648,81
ORIGA,SEARCH,20260907,0,Q1,OD,SS,CC,1.7146024165040217,81
ORIGA,SEARCH,20260907,0,Q1,OD,SS,SAME64_HOLD,3.462822130102907,81
ORIGA,SEARCH,20260907,0,Q1,OD,SC,SAME64_HOLD,4.366573060301533,81
ORIGA,SEARCH,20260907,0,Q1,OD,CS,CROSS64_HOLD,4.509089824065839,81
ORIGA,SEARCH,20260907,0,Q1,OD,CC,CROSS64_HOLD,5.7087819066373555,81
ORIGA,SEARCH,20260907,0,Q1,OD,SS,C_CONT,-4.606183587286523,81
ORIGA,SEARCH,20260907,0,Q1,OD,SS,ANCHOR,-5.4519610338572875,81
ORIGA,SEARCH,20260907,0,Q1,OD,SS,SOURCE_HOLD,8.117371889479159,81
ORIGA,SEARCH,20260907,0,Q1,OD,SC,C_CONT,-3.702432657087897,81
ORIGA,SEARCH,20260907,0,Q1,OD,SC,ANCHOR,-4.548210103658661,81
ORIGA,SEARCH,20260907,0,Q1,OD,SC,SOURCE_HOLD,9.021122819677785,81
ORIGA,SEARCH,20260907,0,Q1,OD,CS,C_CONT,-7.520478086362061,81
ORIGA,SEARCH,20260907,0,Q1,OD,CS,ANCHOR,-8.366255532932826,81
ORIGA,SEARCH,20260907,0,Q1,OD,CS,SOURCE_HOLD,5.203077390403621,81
ORIGA,SEARCH,20260907,0,Q1,OD,CC,C_CONT,-6.320786003790545,81
ORIGA,SEARCH,20260907,0,Q1,OD,CC,ANCHOR,-7.166563450361309,81
ORIGA,SEARCH,20260907,0,Q1,OD,CC,SOURCE_HOLD,6.402769472975137,81
ORIGA,SEARCH,20260907,0,Q1,OD,OPTIMIZER_BY_PARAMETER_INTERACTION,ALGEBRA,-0.2959411523728903,81
ORIGA,SEARCH,20260907,0,Q1,OC,SC,SS,1.2224798400603731,81
ORIGA,SEARCH,20260907,0,Q1,OC,CC,CS,1.5159447527155692,81
ORIGA,SEARCH,20260907,0,Q1,OC,SS,CS,3.8834736388829185,81
ORIGA,SEARCH,20260907,0,Q1,OC,SC,CC,3.5900087262277225,81
ORIGA,SEARCH,20260907,0,Q1,OC,SS,CC,2.3675288861673494,81
ORIGA,SEARCH,20260907,0,Q1,OC,SS,SAME64_HOLD,4.409470079850465,81
ORIGA,SEARCH,20260907,0,Q1,OC,SC,SAME64_HOLD,5.631949919910838,81
ORIGA,SEARCH,20260907,0,Q1,OC,CS,CROSS64_HOLD,5.1237399945633655,81
ORIGA,SEARCH,20260907,0,Q1,OC,CC,CROSS64_HOLD,6.639684747278935,81
ORIGA,SEARCH,20260907,0,Q1,OC,SS,C_CONT,-5.524262366835615,81
ORIGA,SEARCH,20260907,0,Q1,OC,SS,ANCHOR,-5.235501424228858,81
ORIGA,SEARCH,20260907,0,Q1,OC,SS,SOURCE_HOLD,10.324016419873459,81
ORIGA,SEARCH,20260907,0,Q1,OC,SC,C_CONT,-4.301782526775241,81
ORIGA,SEARCH,20260907,0,Q1,OC,SC,ANCHOR,-4.013021584168484,81
ORIGA,SEARCH,20260907,0,Q1,OC,SC,SOURCE_HOLD,11.546496259933832,81
ORIGA,SEARCH,20260907,0,Q1,OC,CS,C_CONT,-9.407736005718533,81
ORIGA,SEARCH,20260907,0,Q1,OC,CS,ANCHOR,-9.118975063111776,81
ORIGA,SEARCH,20260907,0,Q1,OC,CS,SOURCE_HOLD,6.4405427809905405,81
ORIGA,SEARCH,20260907,0,Q1,OC,CC,C_CONT,-7.891791253002964,81
ORIGA,SEARCH,20260907,0,Q1,OC,CC,ANCHOR,-7.603030310396207,81
ORIGA,SEARCH,20260907,0,Q1,OC,CC,SOURCE_HOLD,7.95648753370611,81
ORIGA,SEARCH,20260907,0,Q1,OC,OPTIMIZER_BY_PARAMETER_INTERACTION,ALGEBRA,-0.29346491265519603,81
ORIGA,SEARCH,20260907,0,FIRST64,OD,SC,SS,0.43701076732517663,35
ORIGA,SEARCH,20260907,0,FIRST64,OD,CC,CS,0.5553202467077796,35
ORIGA,SEARCH,20260907,0,FIRST64,OD,SS,CS,2.9454545917113393,35
ORIGA,SEARCH,20260907,0,FIRST64,OD,SC,CC,2.8271451123287363,35
ORIGA,SEARCH,20260907,0,FIRST64,OD,SS,CC,2.3901343450035597,35
ORIGA,SEARCH,20260907,0,FIRST64,OD,SS,SAME64_HOLD,1.285287523533583,35
ORIGA,SEARCH,20260907,0,FIRST64,OD,SC,SAME64_HOLD,1.7222982908587596,35
ORIGA,SEARCH,20260907,0,FIRST64,OD,CS,CROSS64_HOLD,1.895694611109036,35
ORIGA,SEARCH,20260907,0,FIRST64,OD,CC,CROSS64_HOLD,2.4510148578168156,35
ORIGA,SEARCH,20260907,0,FIRST64,OD,SS,C_CONT,-4.347508084531498,35
ORIGA,SEARCH,20260907,0,FIRST64,OD,SS,ANCHOR,-5.242612469229925,35
ORIGA,SEARCH,20260907,0,FIRST64,OD,SS,SOURCE_HOLD,5.483246510344841,35
ORIGA,SEARCH,20260907,0,FIRST64,OD,SC,C_CONT,-3.910497317206321,35
ORIGA,SEARCH,20260907,0,FIRST64,OD,SC,ANCHOR,-4.805601701904749,35
ORIGA,SEARCH,20260907,0,FIRST64,OD,SC,SOURCE_HOLD,5.920257277670018,35
ORIGA,SEARCH,20260907,0,FIRST64,OD,CS,C_CONT,-7.292962676242837,35
ORIGA,SEARCH,20260907,0,FIRST64,OD,CS,ANCHOR,-8.188067060941265,35
ORIGA,SEARCH,20260907,0,FIRST64,OD,CS,SOURCE_HOLD,2.537791918633502,35
ORIGA,SEARCH,20260907,0,FIRST64,OD,CC,C_CONT,-6.737642429535057,35
ORIGA,SEARCH,20260907,0,FIRST64,OD,CC,ANCHOR,-7.632746814233485,35
ORIGA,SEARCH,20260907,0,FIRST64,OD,CC,SOURCE_HOLD,3.0931121653412816,35
ORIGA,SEARCH,20260907,0,FIRST64,OD,OPTIMIZER_BY_PARAMETER_INTERACTION,ALGEBRA,-0.11830947938260294,35
ORIGA,SEARCH,20260907,0,FIRST64,OC,SC,SS,0.4146801665701645,35
ORIGA,SEARCH,20260907,0,FIRST64,OC,CC,CS,0.6011454912884915,35
ORIGA,SEARCH,20260907,0,FIRST64,OC,SS,CS,3.8461203930789765,35
ORIGA,SEARCH,20260907,0,FIRST64,OC,SC,CC,3.6596550683606495,35
ORIGA,SEARCH,20260907,0,FIRST64,OC,SS,CC,3.244974901790485,35
ORIGA,SEARCH,20260907,0,FIRST64,OC,SS,SAME64_HOLD,1.618039530598054,35
ORIGA,SEARCH,20260907,0,FIRST64,OC,SC,SAME64_HOLD,2.0327196971682184,35
ORIGA,SEARCH,20260907,0,FIRST64,OC,CS,CROSS64_HOLD,2.4613449429936907,35
ORIGA,SEARCH,20260907,0,FIRST64,OC,CC,CROSS64_HOLD,3.062490434282182,35
ORIGA,SEARCH,20260907,0,FIRST64,OC,SS,C_CONT,-4.371951251603875,35
ORIGA,SEARCH,20260907,0,FIRST64,OC,SS,ANCHOR,-4.010581399408409,35
ORIGA,SEARCH,20260907,0,FIRST64,OC,SS,SOURCE_HOLD,7.601786838205996,35
ORIGA,SEARCH,20260907,0,FIRST64,OC,SC,C_CONT,-3.9572710850337103,35
ORIGA,SEARCH,20260907,0,FIRST64,OC,SC,ANCHOR,-3.5959012328382443,35
ORIGA,SEARCH,20260907,0,FIRST64,OC,SC,SOURCE_HOLD,8.01646700477616,35
ORIGA,SEARCH,20260907,0,FIRST64,OC,CS,C_CONT,-8.218071644682851,35
ORIGA,SEARCH,20260907,0,FIRST64,OC,CS,ANCHOR,-7.856701792487385,35
ORIGA,SEARCH,20260907,0,FIRST64,OC,CS,SOURCE_HOLD,3.7556664451270194,35
ORIGA,SEARCH,20260907,0,FIRST64,OC,CC,C_CONT,-7.61692615339436,35
ORIGA,SEARCH,20260907,0,FIRST64,OC,CC,ANCHOR,-7.255556301198894,35
ORIGA,SEARCH,20260907,0,FIRST64,OC,CC,SOURCE_HOLD,4.356811936415511,35
ORIGA,SEARCH,20260907,0,FIRST64,OC,OPTIMIZER_BY_PARAMETER_INTERACTION,ALGEBRA,-0.186465324718327,35
ORIGA,SEALED_REVIEW,20260907,0,ALL,OD,SC,SS,0.7321270918925933,210
ORIGA,SEALED_REVIEW,20260907,0,ALL,OD,CC,CS,0.9322986100833219,210
ORIGA,SEALED_REVIEW,20260907,0,ALL,OD,SS,CS,1.6566525668554846,210
ORIGA,SEALED_REVIEW,20260907,0,ALL,OD,SC,CC,1.456481048664756,210
ORIGA,SEALED_REVIEW,20260907,0,ALL,OD,SS,CC,0.7243539567721626,210
ORIGA,SEALED_REVIEW,20260907,0,ALL,OD,SS,SAME64_HOLD,5.369509046333789,210
ORIGA,SEALED_REVIEW,20260907,0,ALL,OD,SC,SAME64_HOLD,6.101636138226382,210
ORIGA,SEALED_REVIEW,20260907,0,ALL,OD,CS,CROSS64_HOLD,7.810363524198721,210
ORIGA,SEALED_REVIEW,20260907,0,ALL,OD,CC,CROSS64_HOLD,8.742662134282043,210
ORIGA,SEALED_REVIEW,20260907,0,ALL,OD,SS,C_CONT,-2.82228146519779,210
ORIGA,SEALED_REVIEW,20260907,0,ALL,OD,SS,ANCHOR,-3.346013463178636,210
ORIGA,SEALED_REVIEW,20260907,0,ALL,OD,SS,SOURCE_HOLD,10.435069978439657,210
ORIGA,SEALED_REVIEW,20260907,0,ALL,OD,SC,C_CONT,-2.0901543733051966,210
ORIGA,SEALED_REVIEW,20260907,0,ALL,OD,SC,ANCHOR,-2.6138863712860427,210
ORIGA,SEALED_REVIEW,20260907,0,ALL,OD,SC,SOURCE_HOLD,11.16719707033225,210
ORIGA,SEALED_REVIEW,20260907,0,ALL,OD,CS,C_CONT,-4.4789340320532744,210
ORIGA,SEALED_REVIEW,20260907,0,ALL,OD,CS,ANCHOR,-5.002666030034121,210
ORIGA,SEALED_REVIEW,20260907,0,ALL,OD,CS,SOURCE_HOLD,8.778417411584172,210
ORIGA,SEALED_REVIEW,20260907,0,ALL,OD,CC,C_CONT,-3.5466354219699525,210
ORIGA,SEALED_REVIEW,20260907,0,ALL,OD,CC,ANCHOR,-4.070367419950799,210
ORIGA,SEALED_REVIEW,20260907,0,ALL,OD,CC,SOURCE_HOLD,9.710716021667494,210
ORIGA,SEALED_REVIEW,20260907,0,ALL,OD,OPTIMIZER_BY_PARAMETER_INTERACTION,ALGEBRA,-0.20017151819072865,210
ORIGA,SEALED_REVIEW,20260907,0,ALL,OC,SC,SS,0.6953019830844909,210
ORIGA,SEALED_REVIEW,20260907,0,ALL,OC,CC,CS,1.0867210731640853,210
ORIGA,SEALED_REVIEW,20260907,0,ALL,OC,SS,CS,1.9998582581947772,210
ORIGA,SEALED_REVIEW,20260907,0,ALL,OC,SC,CC,1.6084391681151828,210
ORIGA,SEALED_REVIEW,20260907,0,ALL,OC,SS,CC,0.913137185030692,210
ORIGA,SEALED_REVIEW,20260907,0,ALL,OC,SS,SAME64_HOLD,5.8059627548603885,210
ORIGA,SEALED_REVIEW,20260907,0,ALL,OC,SC,SAME64_HOLD,6.501264737944879,210
ORIGA,SEALED_REVIEW,20260907,0,ALL,OC,CS,CROSS64_HOLD,8.32340745753195,210
ORIGA,SEALED_REVIEW,20260907,0,ALL,OC,CC,CROSS64_HOLD,9.410128530696035,210
ORIGA,SEALED_REVIEW,20260907,0,ALL,OC,SS,C_CONT,-3.137200648872124,210
ORIGA,SEALED_REVIEW,20260907,0,ALL,OC,SS,ANCHOR,-2.9104981214466648,210
ORIGA,SEALED_REVIEW,20260907,0,ALL,OC,SS,SOURCE_HOLD,11.848381799512751,210
ORIGA,SEALED_REVIEW,20260907,0,ALL,OC,SC,C_CONT,-2.441898665787633,210
ORIGA,SEALED_REVIEW,20260907,0,ALL,OC,SC,ANCHOR,-2.215196138362174,210
ORIGA,SEALED_REVIEW,20260907,0,ALL,OC,SC,SOURCE_HOLD,12.543683782597242,210
ORIGA,SEALED_REVIEW,20260907,0,ALL,OC,CS,C_CONT,-5.137058907066901,210
ORIGA,SEALED_REVIEW,20260907,0,ALL,OC,CS,ANCHOR,-4.910356379641442,210
ORIGA,SEALED_REVIEW,20260907,0,ALL,OC,CS,SOURCE_HOLD,9.848523541317974,210
ORIGA,SEALED_REVIEW,20260907,0,ALL,OC,CC,C_CONT,-4.050337833902816,210
ORIGA,SEALED_REVIEW,20260907,0,ALL,OC,CC,ANCHOR,-3.8236353064773567,210
ORIGA,SEALED_REVIEW,20260907,0,ALL,OC,CC,SOURCE_HOLD,10.935244614482059,210
ORIGA,SEALED_REVIEW,20260907,0,ALL,OC,OPTIMIZER_BY_PARAMETER_INTERACTION,ALGEBRA,-0.3914190900795944,210
ORIGA,SEALED_REVIEW,20260907,0,Q1,OD,SC,SS,0.8934400111613741,46
ORIGA,SEALED_REVIEW,20260907,0,Q1,OD,CC,CS,1.2407294161620968,46
ORIGA,SEALED_REVIEW,20260907,0,Q1,OD,SS,CS,3.5542694509529156,46
ORIGA,SEALED_REVIEW,20260907,0,Q1,OD,SC,CC,3.206980045952193,46
ORIGA,SEALED_REVIEW,20260907,0,Q1,OD,SS,CC,2.313540034790819,46
ORIGA,SEALED_REVIEW,20260907,0,Q1,OD,SS,SAME64_HOLD,3.7252611858231006,46
ORIGA,SEALED_REVIEW,20260907,0,Q1,OD,SC,SAME64_HOLD,4.618701196984475,46
ORIGA,SEALED_REVIEW,20260907,0,Q1,OD,CS,CROSS64_HOLD,5.540091703586285,46
ORIGA,SEALED_REVIEW,20260907,0,Q1,OD,CC,CROSS64_HOLD,6.780821119748381,46
ORIGA,SEALED_REVIEW,20260907,0,Q1,OD,SS,C_CONT,-5.061600497661303,46
ORIGA,SEALED_REVIEW,20260907,0,Q1,OD,SS,ANCHOR,-5.855983111321152,46
ORIGA,SEALED_REVIEW,20260907,0,Q1,OD,SS,SOURCE_HOLD,10.417705637142703,46
ORIGA,SEALED_REVIEW,20260907,0,Q1,OD,SC,C_CONT,-4.168160486499929,46
ORIGA,SEALED_REVIEW,20260907,0,Q1,OD,SC,ANCHOR,-4.9625431001597775,46
ORIGA,SEALED_REVIEW,20260907,0,Q1,OD,SC,SOURCE_HOLD,11.311145648304077,46
ORIGA,SEALED_REVIEW,20260907,0,Q1,OD,CS,C_CONT,-8.615869948614218,46
ORIGA,SEALED_REVIEW,20260907,0,Q1,OD,CS,ANCHOR,-9.410252562274067,46
ORIGA,SEALED_REVIEW,20260907,0,Q1,OD,CS,SOURCE_HOLD,6.863436186189787,46
ORIGA,SEALED_REVIEW,20260907,0,Q1,OD,CC,C_CONT,-7.3751405324521215,46
ORIGA,SEALED_REVIEW,20260907,0,Q1,OD,CC,ANCHOR,-8.16952314611197,46
ORIGA,SEALED_REVIEW,20260907,0,Q1,OD,CC,SOURCE_HOLD,8.104165602351884,46
ORIGA,SEALED_REVIEW,20260907,0,Q1,OD,OPTIMIZER_BY_PARAMETER_INTERACTION,ALGEBRA,-0.3472894050007227,46
ORIGA,SEALED_REVIEW,20260907,0,Q1,OC,SC,SS,0.8841961520019765,46
ORIGA,SEALED_REVIEW,20260907,0,Q1,OC,CC,CS,1.6083574003058914,46
ORIGA,SEALED_REVIEW,20260907,0,Q1,OC,SS,CS,4.2880619607132004,46
ORIGA,SEALED_REVIEW,20260907,0,Q1,OC,SC,CC,3.5639007124092856,46
ORIGA,SEALED_REVIEW,20260907,0,Q1,OC,SS,CC,2.679704560407309,46
ORIGA,SEALED_REVIEW,20260907,0,Q1,OC,SS,SAME64_HOLD,5.495218499386652,46
ORIGA,SEALED_REVIEW,20260907,0,Q1,OC,SC,SAME64_HOLD,6.379414651388629,46
ORIGA,SEALED_REVIEW,20260907,0,Q1,OC,CS,CROSS64_HOLD,6.473310259814845,46
ORIGA,SEALED_REVIEW,20260907,0,Q1,OC,CC,CROSS64_HOLD,8.081667660120736,46
ORIGA,SEALED_REVIEW,20260907,0,Q1,OC,SS,C_CONT,-6.3052490337817915,46
ORIGA,SEALED_REVIEW,20260907,0,Q1,OC,SS,ANCHOR,-5.99749549367057,46
ORIGA,SEALED_REVIEW,20260907,0,Q1,OC,SS,SOURCE_HOLD,12.834501555685932,46
ORIGA,SEALED_REVIEW,20260907,0,Q1,OC,SC,C_CONT,-5.421052881779815,46
ORIGA,SEALED_REVIEW,20260907,0,Q1,OC,SC,ANCHOR,-5.1132993416685935,46
ORIGA,SEALED_REVIEW,20260907,0,Q1,OC,SC,SOURCE_HOLD,13.718697707687909,46
ORIGA,SEALED_REVIEW,20260907,0,Q1,OC,CS,C_CONT,-10.593310994494992,46
ORIGA,SEALED_REVIEW,20260907,0,Q1,OC,CS,ANCHOR,-10.28555745438377,46
ORIGA,SEALED_REVIEW,20260907,0,Q1,OC,CS,SOURCE_HOLD,8.546439594972732,46
ORIGA,SEALED_REVIEW,20260907,0,Q1,OC,CC,C_CONT,-8.9849535941891,46
ORIGA,SEALED_REVIEW,20260907,0,Q1,OC,CC,ANCHOR,-8.677200054077879,46
ORIGA,SEALED_REVIEW,20260907,0,Q1,OC,CC,SOURCE_HOLD,10.154796995278623,46
ORIGA,SEALED_REVIEW,20260907,0,Q1,OC,OPTIMIZER_BY_PARAMETER_INTERACTION,ALGEBRA,-0.7241612483039148,46
ORIGA,SEALED_REVIEW,20260907,0,FIRST64,OD,SC,SS,0.3804818957870708,20
ORIGA,SEALED_REVIEW,20260907,0,FIRST64,OD,CC,CS,0.6727249370733261,20
ORIGA,SEALED_REVIEW,20260907,0,FIRST64,OD,SS,CS,4.078700587037559,20
ORIGA,SEALED_REVIEW,20260907,0,FIRST64,OD,SC,CC,3.786457545751304,20
ORIGA,SEALED_REVIEW,20260907,0,FIRST64,OD,SS,CC,3.4059756499642333,20
ORIGA,SEALED_REVIEW,20260907,0,FIRST64,OD,SS,SAME64_HOLD,1.46911995613614,20
ORIGA,SEALED_REVIEW,20260907,0,FIRST64,OD,SC,SAME64_HOLD,1.849601851923211,20
ORIGA,SEALED_REVIEW,20260907,0,FIRST64,OD,CS,CROSS64_HOLD,2.705319137259778,20
ORIGA,SEALED_REVIEW,20260907,0,FIRST64,OD,CC,CROSS64_HOLD,3.378044074333104,20
ORIGA,SEALED_REVIEW,20260907,0,FIRST64,OD,SS,C_CONT,-5.053365369094692,20
ORIGA,SEALED_REVIEW,20260907,0,FIRST64,OD,SS,ANCHOR,-5.872404841772692,20
ORIGA,SEALED_REVIEW,20260907,0,FIRST64,OD,SS,SOURCE_HOLD,8.036675200090698,20
ORIGA,SEALED_REVIEW,20260907,0,FIRST64,OD,SC,C_CONT,-4.672883473307621,20
ORIGA,SEALED_REVIEW,20260907,0,FIRST64,OD,SC,ANCHOR,-5.491922945985621,20
ORIGA,SEALED_REVIEW,20260907,0,FIRST64,OD,SC,SOURCE_HOLD,8.41715709587777,20
ORIGA,SEALED_REVIEW,20260907,0,FIRST64,OD,CS,C_CONT,-9.132065956132251,20
ORIGA,SEALED_REVIEW,20260907,0,FIRST64,OD,CS,ANCHOR,-9.951105428810251,20
ORIGA,SEALED_REVIEW,20260907,0,FIRST64,OD,CS,SOURCE_HOLD,3.957974613053139,20
ORIGA,SEALED_REVIEW,20260907,0,FIRST64,OD,CC,C_CONT,-8.459341019058925,20
ORIGA,SEALED_REVIEW,20260907,0,FIRST64,OD,CC,ANCHOR,-9.278380491736925,20
ORIGA,SEALED_REVIEW,20260907,0,FIRST64,OD,CC,SOURCE_HOLD,4.630699550126465,20
ORIGA,SEALED_REVIEW,20260907,0,FIRST64,OD,OPTIMIZER_BY_PARAMETER_INTERACTION,ALGEBRA,-0.29224304128625533,20
ORIGA,SEALED_REVIEW,20260907,0,FIRST64,OC,SC,SS,0.45704727894079866,20
ORIGA,SEALED_REVIEW,20260907,0,FIRST64,OC,CC,CS,0.7378876893853317,20
ORIGA,SEALED_REVIEW,20260907,0,FIRST64,OC,SS,CS,4.566953758800111,20
ORIGA,SEALED_REVIEW,20260907,0,FIRST64,OC,SC,CC,4.286113348355578,20
ORIGA,SEALED_REVIEW,20260907,0,FIRST64,OC,SS,CC,3.829066069414779,20
ORIGA,SEALED_REVIEW,20260907,0,FIRST64,OC,SS,SAME64_HOLD,2.0242755849840393,20
ORIGA,SEALED_REVIEW,20260907,0,FIRST64,OC,SC,SAME64_HOLD,2.481322863924838,20
ORIGA,SEALED_REVIEW,20260907,0,FIRST64,OC,CS,CROSS64_HOLD,2.9967389576901553,20
ORIGA,SEALED_REVIEW,20260907,0,FIRST64,OC,CC,CROSS64_HOLD,3.734626647075487,20
ORIGA,SEALED_REVIEW,20260907,0,FIRST64,OC,SS,C_CONT,-6.82134430389204,20
ORIGA,SEALED_REVIEW,20260907,0,FIRST64,OC,SS,ANCHOR,-6.521323561544172,20
ORIGA,SEALED_REVIEW,20260907,0,FIRST64,OC,SS,SOURCE_HOLD,9.72482287428359,20
ORIGA,SEALED_REVIEW,20260907,0,FIRST64,OC,SC,C_CONT,-6.364297024951242,20
ORIGA,SEALED_REVIEW,20260907,0,FIRST64,OC,SC,ANCHOR,-6.064276282603373,20
ORIGA,SEALED_REVIEW,20260907,0,FIRST64,OC,SC,SOURCE_HOLD,10.181870153224388,20
ORIGA,SEALED_REVIEW,20260907,0,FIRST64,OC,CS,C_CONT,-11.38829806269215,20
ORIGA,SEALED_REVIEW,20260907,0,FIRST64,OC,CS,ANCHOR,-11.088277320344282,20
ORIGA,SEALED_REVIEW,20260907,0,FIRST64,OC,CS,SOURCE_HOLD,5.157869115483479,20
ORIGA,SEALED_REVIEW,20260907,0,FIRST64,OC,CC,C_CONT,-10.65041037330682,20
ORIGA,SEALED_REVIEW,20260907,0,FIRST64,OC,CC,ANCHOR,-10.35038963095895,20
ORIGA,SEALED_REVIEW,20260907,0,FIRST64,OC,CC,SOURCE_HOLD,5.89575680486881,20
ORIGA,SEALED_REVIEW,20260907,0,FIRST64,OC,OPTIMIZER_BY_PARAMETER_INTERACTION,ALGEBRA,-0.280840410444533,20
ORIGA,SEARCH,20260907,0,Q2,OD,SC,SS,0.8792057863214211,70
ORIGA,SEARCH,20260907,0,Q2,OD,CC,CS,1.229726538572919,70
ORIGA,SEARCH,20260907,0,Q2,OD,SS,CS,1.815541176318348,70
ORIGA,SEARCH,20260907,0,Q2,OD,SC,CC,1.46502042406685,70
ORIGA,SEARCH,20260907,0,Q2,OD,SS,CC,0.585814637745429,70
ORIGA,SEARCH,20260907,0,Q2,OD,SS,SAME64_HOLD,6.2027973256547,70
ORIGA,SEARCH,20260907,0,Q2,OD,SC,SAME64_HOLD,7.082003111976121,70
ORIGA,SEARCH,20260907,0,Q2,OD,CS,CROSS64_HOLD,9.247391785477305,70
ORIGA,SEARCH,20260907,0,Q2,OD,CC,CROSS64_HOLD,10.477118324050224,70
ORIGA,SEARCH,20260907,0,Q2,OD,SS,C_CONT,-3.2697828265924187,70
ORIGA,SEARCH,20260907,0,Q2,OD,SS,ANCHOR,-3.9375338769430215,70
ORIGA,SEARCH,20260907,0,Q2,OD,SS,SOURCE_HOLD,12.573564087346455,70
ORIGA,SEARCH,20260907,0,Q2,OD,SC,C_CONT,-2.3905770402709976,70
ORIGA,SEARCH,20260907,0,Q2,OD,SC,ANCHOR,-3.0583280906216004,70
ORIGA,SEARCH,20260907,0,Q2,OD,SC,SOURCE_HOLD,13.452769873667876,70
ORIGA,SEARCH,20260907,0,Q2,OD,CS,C_CONT,-5.085324002910767,70
ORIGA,SEARCH,20260907,0,Q2,OD,CS,ANCHOR,-5.7530750532613695,70
ORIGA,SEARCH,20260907,0,Q2,OD,CS,SOURCE_HOLD,10.758022911028107,70
ORIGA,SEARCH,20260907,0,Q2,OD,CC,C_CONT,-3.8555974643378477,70
ORIGA,SEARCH,20260907,0,Q2,OD,CC,ANCHOR,-4.5233485146884505,70
ORIGA,SEARCH,20260907,0,Q2,OD,CC,SOURCE_HOLD,11.987749449601026,70
ORIGA,SEARCH,20260907,0,Q2,OD,OPTIMIZER_BY_PARAMETER_INTERACTION,ALGEBRA,-0.3505207522514979,70
ORIGA,SEARCH,20260907,0,Q2,OC,SC,SS,1.028330265977175,70
ORIGA,SEARCH,20260907,0,Q2,OC,CC,CS,1.274086558767337,70
ORIGA,SEARCH,20260907,0,Q2,OC,SS,CS,1.9398715712293466,70
ORIGA,SEARCH,20260907,0,Q2,OC,SC,CC,1.6941152784391846,70
ORIGA,SEARCH,20260907,0,Q2,OC,SS,CC,0.6657850124620097,70
ORIGA,SEARCH,20260907,0,Q2,OC,SS,SAME64_HOLD,7.150605606387451,70
ORIGA,SEARCH,20260907,0,Q2,OC,SC,SAME64_HOLD,8.178935872364626,70
ORIGA,SEARCH,20260907,0,Q2,OC,CS,CROSS64_HOLD,10.593032351869766,70
ORIGA,SEARCH,20260907,0,Q2,OC,CC,CROSS64_HOLD,11.867118910637103,70
ORIGA,SEARCH,20260907,0,Q2,OC,SS,C_CONT,-4.930554092595102,70
ORIGA,SEARCH,20260907,0,Q2,OC,SS,ANCHOR,-4.675554315167233,70
ORIGA,SEARCH,20260907,0,Q2,OC,SS,SOURCE_HOLD,14.226865820131522,70
ORIGA,SEARCH,20260907,0,Q2,OC,SC,C_CONT,-3.902223826617927,70
ORIGA,SEARCH,20260907,0,Q2,OC,SC,ANCHOR,-3.647224049190058,70
ORIGA,SEARCH,20260907,0,Q2,OC,SC,SOURCE_HOLD,15.255196086108697,70
ORIGA,SEARCH,20260907,0,Q2,OC,CS,C_CONT,-6.870425663824449,70
ORIGA,SEARCH,20260907,0,Q2,OC,CS,ANCHOR,-6.615425886396579,70
ORIGA,SEARCH,20260907,0,Q2,OC,CS,SOURCE_HOLD,12.286994248902175,70
ORIGA,SEARCH,20260907,0,Q2,OC,CC,C_CONT,-5.596339105057112,70
ORIGA,SEARCH,20260907,0,Q2,OC,CC,ANCHOR,-5.3413393276292425,70
ORIGA,SEARCH,20260907,0,Q2,OC,CC,SOURCE_HOLD,13.561080807669512,70
ORIGA,SEARCH,20260907,0,Q2,OC,OPTIMIZER_BY_PARAMETER_INTERACTION,ALGEBRA,-0.24575629279016198,70
ORIGA,SEALED_REVIEW,20260907,0,Q2,OD,SC,SS,0.8825357029893155,62
ORIGA,SEALED_REVIEW,20260907,0,Q2,OD,CC,CS,1.221810204670561,62
ORIGA,SEALED_REVIEW,20260907,0,Q2,OD,SS,CS,1.8009269040759932,62
ORIGA,SEALED_REVIEW,20260907,0,Q2,OD,SC,CC,1.4616524023947477,62
ORIGA,SEALED_REVIEW,20260907,0,Q2,OD,SS,CC,0.5791166994054322,62
ORIGA,SEALED_REVIEW,20260907,0,Q2,OD,SS,SAME64_HOLD,7.1244115568522375,62
ORIGA,SEALED_REVIEW,20260907,0,Q2,OD,SC,SAME64_HOLD,8.006947259841553,62
ORIGA,SEALED_REVIEW,20260907,0,Q2,OD,CS,CROSS64_HOLD,10.276613409322977,62
ORIGA,SEALED_REVIEW,20260907,0,Q2,OD,CC,CROSS64_HOLD,11.498423613993538,62
ORIGA,SEALED_REVIEW,20260907,0,Q2,OD,SS,C_CONT,-2.8233026633430853,62
ORIGA,SEALED_REVIEW,20260907,0,Q2,OD,SS,ANCHOR,-3.343676476455684,62
ORIGA,SEALED_REVIEW,20260907,0,Q2,OD,SS,SOURCE_HOLD,13.462823569553407,62
ORIGA,SEALED_REVIEW,20260907,0,Q2,OD,SC,C_CONT,-1.9407669603537698,62
ORIGA,SEALED_REVIEW,20260907,0,Q2,OD,SC,ANCHOR,-2.4611407734663686,62
ORIGA,SEALED_REVIEW,20260907,0,Q2,OD,SC,SOURCE_HOLD,14.345359272542723,62
ORIGA,SEALED_REVIEW,20260907,0,Q2,OD,CS,C_CONT,-4.6242295674190785,62
ORIGA,SEALED_REVIEW,20260907,0,Q2,OD,CS,ANCHOR,-5.144603380531677,62
ORIGA,SEALED_REVIEW,20260907,0,Q2,OD,CS,SOURCE_HOLD,11.661896665477414,62
ORIGA,SEALED_REVIEW,20260907,0,Q2,OD,CC,C_CONT,-3.4024193627485175,62
ORIGA,SEALED_REVIEW,20260907,0,Q2,OD,CC,ANCHOR,-3.9227931758611163,62
ORIGA,SEALED_REVIEW,20260907,0,Q2,OD,CC,SOURCE_HOLD,12.883706870147975,62
ORIGA,SEALED_REVIEW,20260907,0,Q2,OD,OPTIMIZER_BY_PARAMETER_INTERACTION,ALGEBRA,-0.3392745016812455,62
ORIGA,SEALED_REVIEW,20260907,0,Q2,OC,SC,SS,1.1757446261048443,62
ORIGA,SEALED_REVIEW,20260907,0,Q2,OC,CC,CS,1.8097399047185974,62
ORIGA,SEALED_REVIEW,20260907,0,Q2,OC,SS,CS,2.5613688723256303,62
ORIGA,SEALED_REVIEW,20260907,0,Q2,OC,SC,CC,1.9273735937118772,62
ORIGA,SEALED_REVIEW,20260907,0,Q2,OC,SS,CC,0.7516289676070329,62
ORIGA,SEALED_REVIEW,20260907,0,Q2,OC,SS,SAME64_HOLD,7.613488372664399,62
ORIGA,SEALED_REVIEW,20260907,0,Q2,OC,SC,SAME64_HOLD,8.789232998769243,62
ORIGA,SEALED_REVIEW,20260907,0,Q2,OC,CS,CROSS64_HOLD,11.031607990478442,62
ORIGA,SEALED_REVIEW,20260907,0,Q2,OC,CC,CROSS64_HOLD,12.841347895197039,62
ORIGA,SEALED_REVIEW,20260907,0,Q2,OC,SS,C_CONT,-3.61163161445252,62
ORIGA,SEALED_REVIEW,20260907,0,Q2,OC,SS,ANCHOR,-3.3306920927329315,62
ORIGA,SEALED_REVIEW,20260907,0,Q2,OC,SS,SOURCE_HOLD,15.860834458332285,62
ORIGA,SEALED_REVIEW,20260907,0,Q2,OC,SC,C_CONT,-2.4358869883476757,62
ORIGA,SEALED_REVIEW,20260907,0,Q2,OC,SC,ANCHOR,-2.1549474666280872,62
ORIGA,SEALED_REVIEW,20260907,0,Q2,OC,SC,SOURCE_HOLD,17.03657908443713,62
ORIGA,SEALED_REVIEW,20260907,0,Q2,OC,CS,C_CONT,-6.17300048677815,62
ORIGA,SEALED_REVIEW,20260907,0,Q2,OC,CS,ANCHOR,-5.892060965058562,62
ORIGA,SEALED_REVIEW,20260907,0,Q2,OC,CS,SOURCE_HOLD,13.299465586006654,62
ORIGA,SEALED_REVIEW,20260907,0,Q2,OC,CC,C_CONT,-4.363260582059553,62
ORIGA,SEALED_REVIEW,20260907,0,Q2,OC,CC,ANCHOR,-4.0823210603399644,62
ORIGA,SEALED_REVIEW,20260907,0,Q2,OC,CC,SOURCE_HOLD,15.109205490725252,62
ORIGA,SEALED_REVIEW,20260907,0,Q2,OC,OPTIMIZER_BY_PARAMETER_INTERACTION,ALGEBRA,-0.633995278613753,62
ORIGA,SEALED_REVIEW,20260907,0,Q3,OD,SC,SS,0.7364664187247314,45
ORIGA,SEALED_REVIEW,20260907,0,Q3,OD,CC,CS,0.8401765132107073,45
ORIGA,SEALED_REVIEW,20260907,0,Q3,OD,SS,CS,1.0842248543318362,45
ORIGA,SEALED_REVIEW,20260907,0,Q3,OD,SC,CC,0.9805147598458603,45
ORIGA,SEALED_REVIEW,20260907,0,Q3,OD,SS,CC,0.24404834112112894,45
ORIGA,SEALED_REVIEW,20260907,0,Q3,OD,SS,SAME64_HOLD,7.294922977631444,45
ORIGA,SEALED_REVIEW,20260907,0,Q3,OD,SC,SAME64_HOLD,8.031389396356175,45
ORIGA,SEALED_REVIEW,20260907,0,Q3,OD,CS,CROSS64_HOLD,11.05033209837734,45
ORIGA,SEALED_REVIEW,20260907,0,Q3,OD,CC,CROSS64_HOLD,11.890508611588047,45
ORIGA,SEALED_REVIEW,20260907,0,Q3,OD,SS,C_CONT,-2.5774401078644615,45
ORIGA,SEALED_REVIEW,20260907,0,Q3,OD,SS,ANCHOR,-3.213243825955729,45
ORIGA,SEALED_REVIEW,20260907,0,Q3,OD,SS,SOURCE_HOLD,13.227295440485747,45
ORIGA,SEALED_REVIEW,20260907,0,Q3,OD,SC,C_CONT,-1.8409736891397301,45
ORIGA,SEALED_REVIEW,20260907,0,Q3,OD,SC,ANCHOR,-2.4767774072309976,45
ORIGA,SEALED_REVIEW,20260907,0,Q3,OD,SC,SOURCE_HOLD,13.963761859210479,45
ORIGA,SEALED_REVIEW,20260907,0,Q3,OD,CS,C_CONT,-3.661664962196298,45
ORIGA,SEALED_REVIEW,20260907,0,Q3,OD,CS,ANCHOR,-4.297468680287565,45
ORIGA,SEALED_REVIEW,20260907,0,Q3,OD,CS,SOURCE_HOLD,12.143070586153911,45
ORIGA,SEALED_REVIEW,20260907,0,Q3,OD,CC,C_CONT,-2.8214884489855905,45
ORIGA,SEALED_REVIEW,20260907,0,Q3,OD,CC,ANCHOR,-3.457292167076858,45
ORIGA,SEALED_REVIEW,20260907,0,Q3,OD,CC,SOURCE_HOLD,12.983247099364618,45
ORIGA,SEALED_REVIEW,20260907,0,Q3,OD,OPTIMIZER_BY_PARAMETER_INTERACTION,ALGEBRA,-0.1037100944859759,45
ORIGA,SEALED_REVIEW,20260907,0,Q3,OC,SC,SS,0.5660395262232356,45
ORIGA,SEALED_REVIEW,20260907,0,Q3,OC,CC,CS,0.7246005919814138,45
ORIGA,SEALED_REVIEW,20260907,0,Q3,OC,SS,CS,1.1821087076364165,45
ORIGA,SEALED_REVIEW,20260907,0,Q3,OC,SC,CC,1.0235476418782383,45
ORIGA,SEALED_REVIEW,20260907,0,Q3,OC,SS,CC,0.4575081156550027,45
ORIGA,SEALED_REVIEW,20260907,0,Q3,OC,SS,SAME64_HOLD,9.0452734588264,45
ORIGA,SEALED_REVIEW,20260907,0,Q3,OC,SC,SAME64_HOLD,9.611312985049636,45
ORIGA,SEALED_REVIEW,20260907,0,Q3,OC,CS,CROSS64_HOLD,13.26665506537514,45
ORIGA,SEALED_REVIEW,20260907,0,Q3,OC,CC,CROSS64_HOLD,13.991255657356554,45
ORIGA,SEALED_REVIEW,20260907,0,Q3,OC,SS,C_CONT,-2.797926134971135,45
ORIGA,SEALED_REVIEW,20260907,0,Q3,OC,SS,ANCHOR,-2.6862269241654246,45
ORIGA,SEALED_REVIEW,20260907,0,Q3,OC,SS,SOURCE_HOLD,15.998912742349276,45
ORIGA,SEALED_REVIEW,20260907,0,Q3,OC,SC,C_CONT,-2.2318866087478995,45
ORIGA,SEALED_REVIEW,20260907,0,Q3,OC,SC,ANCHOR,-2.120187397942189,45
ORIGA,SEALED_REVIEW,20260907,0,Q3,OC,SC,SOURCE_HOLD,16.56495226857251,45
ORIGA,SEALED_REVIEW,20260907,0,Q3,OC,CS,C_CONT,-3.9800348426075516,45
ORIGA,SEALED_REVIEW,20260907,0,Q3,OC,CS,ANCHOR,-3.868335631801841,45
ORIGA,SEALED_REVIEW,20260907,0,Q3,OC,CS,SOURCE_HOLD,14.81680403471286,45
ORIGA,SEALED_REVIEW,20260907,0,Q3,OC,CC,C_CONT,-3.255434250626138,45
ORIGA,SEALED_REVIEW,20260907,0,Q3,OC,CC,ANCHOR,-3.1437350398204273,45
ORIGA,SEALED_REVIEW,20260907,0,Q3,OC,CC,SOURCE_HOLD,15.541404626694273,45
ORIGA,SEALED_REVIEW,20260907,0,Q3,OC,OPTIMIZER_BY_PARAMETER_INTERACTION,ALGEBRA,-0.1585610657581782,45
ORIGA,SEARCH,20260907,0,Q3,OD,SC,SS,0.7390358518631359,88
ORIGA,SEARCH,20260907,0,Q3,OD,CC,CS,0.9243099710508744,88
ORIGA,SEARCH,20260907,0,Q3,OD,SS,CS,1.183845474651548,88
ORIGA,SEARCH,20260907,0,Q3,OD,SC,CC,0.9985713554638096,88
ORIGA,SEARCH,20260907,0,Q3,OD,SS,CC,0.2595355036006737,88
ORIGA,SEARCH,20260907,0,Q3,OD,SS,SAME64_HOLD,8.784520964624903,88
ORIGA,SEARCH,20260907,0,Q3,OD,SC,SAME64_HOLD,9.523556816488039,88
ORIGA,SEARCH,20260907,0,Q3,OD,CS,CROSS64_HOLD,12.427209519318836,88
ORIGA,SEARCH,20260907,0,Q3,OD,CC,CROSS64_HOLD,13.35151949036971,88
ORIGA,SEARCH,20260907,0,Q3,OD,SS,C_CONT,-2.7215152040566437,88
ORIGA,SEARCH,20260907,0,Q3,OD,SS,ANCHOR,-3.291576342681495,88
ORIGA,SEARCH,20260907,0,Q3,OD,SS,SOURCE_HOLD,14.738973198598273,88
ORIGA,SEARCH,20260907,0,Q3,OD,SC,C_CONT,-1.9824793521935078,88
ORIGA,SEARCH,20260907,0,Q3,OD,SC,ANCHOR,-2.552540490818359,88
ORIGA,SEARCH,20260907,0,Q3,OD,SC,SOURCE_HOLD,15.47800905046141,88
ORIGA,SEARCH,20260907,0,Q3,OD,CS,C_CONT,-3.905360678708192,88
ORIGA,SEARCH,20260907,0,Q3,OD,CS,ANCHOR,-4.475421817333043,88
ORIGA,SEARCH,20260907,0,Q3,OD,CS,SOURCE_HOLD,13.555127723946725,88
ORIGA,SEARCH,20260907,0,Q3,OD,CC,C_CONT,-2.9810507076573174,88
ORIGA,SEARCH,20260907,0,Q3,OD,CC,ANCHOR,-3.5511118462821685,88
ORIGA,SEARCH,20260907,0,Q3,OD,CC,SOURCE_HOLD,14.4794376949976,88
ORIGA,SEARCH,20260907,0,Q3,OD,OPTIMIZER_BY_PARAMETER_INTERACTION,ALGEBRA,-0.1852741191877385,88
ORIGA,SEARCH,20260907,0,Q3,OC,SC,SS,0.9802823539413197,88
ORIGA,SEARCH,20260907,0,Q3,OC,CC,CS,1.279746347277964,88
ORIGA,SEARCH,20260907,0,Q3,OC,SS,CS,1.7334468045676346,88
ORIGA,SEARCH,20260907,0,Q3,OC,SC,CC,1.4339828112309903,88
ORIGA,SEARCH,20260907,0,Q3,OC,SS,CC,0.45370045728967057,88
ORIGA,SEARCH,20260907,0,Q3,OC,SS,SAME64_HOLD,11.764264616327637,88
ORIGA,SEARCH,20260907,0,Q3,OC,SC,SAME64_HOLD,12.744546970268956,88
ORIGA,SEARCH,20260907,0,Q3,OC,CS,CROSS64_HOLD,15.60755147879717,88
ORIGA,SEARCH,20260907,0,Q3,OC,CC,CROSS64_HOLD,16.887297826075134,88
ORIGA,SEARCH,20260907,0,Q3,OC,SS,C_CONT,-3.8287664909203727,88
ORIGA,SEARCH,20260907,0,Q3,OC,SS,ANCHOR,-3.6812254068033354,88
ORIGA,SEARCH,20260907,0,Q3,OC,SS,SOURCE_HOLD,19.03170483419502,88
ORIGA,SEARCH,20260907,0,Q3,OC,SC,C_CONT,-2.848484136979053,88
ORIGA,SEARCH,20260907,0,Q3,OC,SC,ANCHOR,-2.7009430528620157,88
ORIGA,SEARCH,20260907,0,Q3,OC,SC,SOURCE_HOLD,20.011987188136338,88
ORIGA,SEARCH,20260907,0,Q3,OC,CS,C_CONT,-5.562213295488007,88
ORIGA,SEARCH,20260907,0,Q3,OC,CS,ANCHOR,-5.41467221137097,88
ORIGA,SEARCH,20260907,0,Q3,OC,CS,SOURCE_HOLD,17.298258029627384,88
ORIGA,SEARCH,20260907,0,Q3,OC,CC,C_CONT,-4.282466948210043,88
ORIGA,SEARCH,20260907,0,Q3,OC,CC,ANCHOR,-4.134925864093006,88
ORIGA,SEARCH,20260907,0,Q3,OC,CC,SOURCE_HOLD,18.578004376905348,88
ORIGA,SEARCH,20260907,0,Q3,OC,OPTIMIZER_BY_PARAMETER_INTERACTION,ALGEBRA,-0.2994639933366443,88
ORIGA,SEARCH,20260907,0,Q4,OD,SC,SS,0.5008754898495908,77
ORIGA,SEARCH,20260907,0,Q4,OD,CC,CS,0.5130177162699283,77
ORIGA,SEARCH,20260907,0,Q4,OD,SS,CS,0.45810856684821033,77
ORIGA,SEARCH,20260907,0,Q4,OD,SC,CC,0.44596634042787286,77
ORIGA,SEARCH,20260907,0,Q4,OD,SS,CC,-0.054909149421717984,77
ORIGA,SEARCH,20260907,0,Q4,OD,SS,SAME64_HOLD,3.7763925788529633,77
ORIGA,SEARCH,20260907,0,Q4,OD,SC,SAME64_HOLD,4.277268068702554,77
ORIGA,SEARCH,20260907,0,Q4,OD,CS,CROSS64_HOLD,4.927361249694528,77
ORIGA,SEARCH,20260907,0,Q4,OD,CC,CROSS64_HOLD,5.440378965964456,77
ORIGA,SEARCH,20260907,0,Q4,OD,SS,C_CONT,-1.4038634235276106,77
ORIGA,SEARCH,20260907,0,Q4,OD,SS,ANCHOR,-1.6245505858996978,77
ORIGA,SEARCH,20260907,0,Q4,OD,SS,SOURCE_HOLD,5.450791177790293,77
ORIGA,SEARCH,20260907,0,Q4,OD,SC,C_CONT,-0.9029879336780198,77
ORIGA,SEARCH,20260907,0,Q4,OD,SC,ANCHOR,-1.123675096050107,77
ORIGA,SEARCH,20260907,0,Q4,OD,SC,SOURCE_HOLD,5.951666667639884,77
ORIGA,SEARCH,20260907,0,Q4,OD,CS,C_CONT,-1.861971990375821,77
ORIGA,SEARCH,20260907,0,Q4,OD,CS,ANCHOR,-2.082659152747908,77
ORIGA,SEARCH,20260907,0,Q4,OD,CS,SOURCE_HOLD,4.992682610942083,77
ORIGA,SEARCH,20260907,0,Q4,OD,CC,C_CONT,-1.3489542741058926,77
ORIGA,SEARCH,20260907,0,Q4,OD,CC,ANCHOR,-1.5696414364779798,77
ORIGA,SEARCH,20260907,0,Q4,OD,CC,SOURCE_HOLD,5.505700327212011,77
ORIGA,SEARCH,20260907,0,Q4,OD,OPTIMIZER_BY_PARAMETER_INTERACTION,ALGEBRA,-0.012142226420337465,77
ORIGA,SEARCH,20260907,0,Q4,OC,SC,SS,0.22896407236930827,77
ORIGA,SEARCH,20260907,0,Q4,OC,CC,CS,0.28913691508059003,77
ORIGA,SEARCH,20260907,0,Q4,OC,SS,CS,0.2675799410885702,77
ORIGA,SEARCH,20260907,0,Q4,OC,SC,CC,0.20740709837728843,77
ORIGA,SEARCH,20260907,0,Q4,OC,SS,CC,-0.021556973992019834,77
ORIGA,SEARCH,20260907,0,Q4,OC,SS,SAME64_HOLD,2.542409589164464,77
ORIGA,SEARCH,20260907,0,Q4,OC,SC,SAME64_HOLD,2.7713736615337723,77
ORIGA,SEARCH,20260907,0,Q4,OC,CS,CROSS64_HOLD,3.786912953630363,77
ORIGA,SEARCH,20260907,0,Q4,OC,CC,CROSS64_HOLD,4.076049868710953,77
ORIGA,SEARCH,20260907,0,Q4,OC,SS,C_CONT,-0.6266776161501042,77
ORIGA,SEARCH,20260907,0,Q4,OC,SS,ANCHOR,-0.2471946893811463,77
ORIGA,SEARCH,20260907,0,Q4,OC,SS,SOURCE_HOLD,4.322493411610736,77
ORIGA,SEARCH,20260907,0,Q4,OC,SC,C_CONT,-0.39771354378079593,77
ORIGA,SEARCH,20260907,0,Q4,OC,SC,ANCHOR,-0.018230617011838035,77
ORIGA,SEARCH,20260907,0,Q4,OC,SC,SOURCE_HOLD,4.551457483980045,77
ORIGA,SEARCH,20260907,0,Q4,OC,CS,C_CONT,-0.8942575572386744,77
ORIGA,SEARCH,20260907,0,Q4,OC,CS,ANCHOR,-0.5147746304697165,77
ORIGA,SEARCH,20260907,0,Q4,OC,CS,SOURCE_HOLD,4.054913470522166,77
ORIGA,SEARCH,20260907,0,Q4,OC,CC,C_CONT,-0.6051206421580844,77
ORIGA,SEARCH,20260907,0,Q4,OC,CC,ANCHOR,-0.22563771538912647,77
ORIGA,SEARCH,20260907,0,Q4,OC,CC,SOURCE_HOLD,4.344050385602756,77
ORIGA,SEARCH,20260907,0,Q4,OC,OPTIMIZER_BY_PARAMETER_INTERACTION,ALGEBRA,-0.06017284271128176,77
ORIGA,SEALED_REVIEW,20260907,0,Q4,OD,SC,SS,0.4349166027381415,57
ORIGA,SEALED_REVIEW,20260907,0,Q4,OD,CC,CS,0.44121016122780077,57
ORIGA,SEALED_REVIEW,20260907,0,Q4,OD,SS,CS,0.42022908417845883,57
ORIGA,SEALED_REVIEW,20260907,0,Q4,OD,SC,CC,0.41393552568879954,57
ORIGA,SEALED_REVIEW,20260907,0,Q4,OD,SS,CC,-0.020981077049341934,57
ORIGA,SEALED_REVIEW,20260907,0,Q4,OD,SS,SAME64_HOLD,3.26754095901714,57
ORIGA,SEALED_REVIEW,20260907,0,Q4,OD,SC,SAME64_HOLD,3.7024575617552813,57
ORIGA,SEALED_REVIEW,20260907,0,Q4,OD,CS,CROSS64_HOLD,4.402055191434329,57
ORIGA,SEALED_REVIEW,20260907,0,Q4,OD,CC,CROSS64_HOLD,4.843265352662129,57
ORIGA,SEALED_REVIEW,20260907,0,Q4,OD,SS,C_CONT,-1.2072967511920325,57
ORIGA,SEALED_REVIEW,20260907,0,Q4,OD,SS,ANCHOR,-1.4277840427804165,57
ORIGA,SEALED_REVIEW,20260907,0,Q4,OD,SS,SOURCE_HOLD,4.951348772448938,57
ORIGA,SEALED_REVIEW,20260907,0,Q4,OD,SC,C_CONT,-0.772380148453891,57
ORIGA,SEALED_REVIEW,20260907,0,Q4,OD,SC,ANCHOR,-0.992867440042275,57
ORIGA,SEALED_REVIEW,20260907,0,Q4,OD,SC,SOURCE_HOLD,5.3862653751870795,57
ORIGA,SEALED_REVIEW,20260907,0,Q4,OD,CS,C_CONT,-1.6275258353704913,57
ORIGA,SEALED_REVIEW,20260907,0,Q4,OD,CS,ANCHOR,-1.8480131269588753,57
ORIGA,SEALED_REVIEW,20260907,0,Q4,OD,CS,SOURCE_HOLD,4.531119688270479,57
ORIGA,SEALED_REVIEW,20260907,0,Q4,OD,CC,C_CONT,-1.1863156741426906,57
ORIGA,SEALED_REVIEW,20260907,0,Q4,OD,CC,ANCHOR,-1.4068029657310746,57
ORIGA,SEALED_REVIEW,20260907,0,Q4,OD,CC,SOURCE_HOLD,4.97232984949828,57
ORIGA,SEALED_REVIEW,20260907,0,Q4,OD,OPTIMIZER_BY_PARAMETER_INTERACTION,ALGEBRA,-0.00629355848965929,57
ORIGA,SEALED_REVIEW,20260907,0,Q4,OC,SC,SS,0.12232364837024079,57
ORIGA,SEALED_REVIEW,20260907,0,Q4,OC,CC,CS,0.16519445997666082,57
ORIGA,SEALED_REVIEW,20260907,0,Q4,OC,SS,CS,0.18806354561874628,57
ORIGA,SEALED_REVIEW,20260907,0,Q4,OC,SC,CC,0.14519273401232624,57
ORIGA,SEALED_REVIEW,20260907,0,Q4,OC,SS,CC,0.02286908564208545,57
ORIGA,SEALED_REVIEW,20260907,0,Q4,OC,SS,SAME64_HOLD,1.5333077683599043,57
ORIGA,SEALED_REVIEW,20260907,0,Q4,OC,SC,SAME64_HOLD,1.6556314167301451,57
ORIGA,SEALED_REVIEW,20260907,0,Q4,OC,CS,CROSS64_HOLD,2.9681424698014496,57
ORIGA,SEALED_REVIEW,20260907,0,Q4,OC,CC,CROSS64_HOLD,3.1333369297781104,57
ORIGA,SEALED_REVIEW,20260907,0,Q4,OC,SS,C_CONT,-0.3323306059548372,57
ORIGA,SEALED_REVIEW,20260907,0,Q4,OC,SS,ANCHOR,-0.139240201018751,57
ORIGA,SEALED_REVIEW,20260907,0,Q4,OC,SS,SOURCE_HOLD,3.4114087107685265,57
ORIGA,SEALED_REVIEW,20260907,0,Q4,OC,SC,C_CONT,-0.21000695758459642,57
ORIGA,SEALED_REVIEW,20260907,0,Q4,OC,SC,ANCHOR,-0.01691655264851022,57
ORIGA,SEALED_REVIEW,20260907,0,Q4,OC,SC,SOURCE_HOLD,3.5337323591387673,57
ORIGA,SEALED_REVIEW,20260907,0,Q4,OC,CS,C_CONT,-0.5203941515735835,57
ORIGA,SEALED_REVIEW,20260907,0,Q4,OC,CS,ANCHOR,-0.3273037466374973,57
ORIGA,SEALED_REVIEW,20260907,0,Q4,OC,CS,SOURCE_HOLD,3.22334516514978,57
ORIGA,SEALED_REVIEW,20260907,0,Q4,OC,CC,C_CONT,-0.35519969159692266,57
ORIGA,SEALED_REVIEW,20260907,0,Q4,OC,CC,ANCHOR,-0.16210928666083646,57
ORIGA,SEALED_REVIEW,20260907,0,Q4,OC,CC,SOURCE_HOLD,3.388539625126441,57
ORIGA,SEALED_REVIEW,20260907,0,Q4,OC,OPTIMIZER_BY_PARAMETER_INTERACTION,ALGEBRA,-0.042870811606420034,57
REFUGE_Valid,SEARCH,20260907,0,ALL,OD,SC,SS,0.12118320132591975,406
REFUGE_Valid,SEARCH,20260907,0,ALL,OD,CC,CS,0.08015020502637071,406
REFUGE_Valid,SEARCH,20260907,0,ALL,OD,SS,CS,0.32395882185150526,406
REFUGE_Valid,SEARCH,20260907,0,ALL,OD,SC,CC,0.3649918181510543,406
REFUGE_Valid,SEARCH,20260907,0,ALL,OD,SS,CC,0.24380861682513455,406
REFUGE_Valid,SEARCH,20260907,0,ALL,OD,SS,SAME64_HOLD,-2.9182690293741445,406
REFUGE_Valid,SEARCH,20260907,0,ALL,OD,SC,SAME64_HOLD,-2.7970858280482247,406
REFUGE_Valid,SEARCH,20260907,0,ALL,OD,CS,CROSS64_HOLD,-1.0207657183997583,406
REFUGE_Valid,SEARCH,20260907,0,ALL,OD,CC,CROSS64_HOLD,-0.9406155133733876,406
REFUGE_Valid,SEARCH,20260907,0,ALL,OD,SS,C_CONT,4.393302805406336,406
REFUGE_Valid,SEARCH,20260907,0,ALL,OD,SS,ANCHOR,3.2869078340446123,406
REFUGE_Valid,SEARCH,20260907,0,ALL,OD,SS,SOURCE_HOLD,-1.441293235479705,406
REFUGE_Valid,SEARCH,20260907,0,ALL,OD,SC,C_CONT,4.514486006732255,406
REFUGE_Valid,SEARCH,20260907,0,ALL,OD,SC,ANCHOR,3.408091035370532,406
REFUGE_Valid,SEARCH,20260907,0,ALL,OD,SC,SOURCE_HOLD,-1.3201100341537853,406
REFUGE_Valid,SEARCH,20260907,0,ALL,OD,CS,C_CONT,4.06934398355483,406
REFUGE_Valid,SEARCH,20260907,0,ALL,OD,CS,ANCHOR,2.962949012193107,406
REFUGE_Valid,SEARCH,20260907,0,ALL,OD,CS,SOURCE_HOLD,-1.7652520573312103,406
REFUGE_Valid,SEARCH,20260907,0,ALL,OD,CC,C_CONT,4.149494188581201,406
REFUGE_Valid,SEARCH,20260907,0,ALL,OD,CC,ANCHOR,3.0430992172194777,406
REFUGE_Valid,SEARCH,20260907,0,ALL,OD,CC,SOURCE_HOLD,-1.6851018523048396,406
REFUGE_Valid,SEARCH,20260907,0,ALL,OD,OPTIMIZER_BY_PARAMETER_INTERACTION,ALGEBRA,0.04103299629954904,406
REFUGE_Valid,SEARCH,20260907,0,ALL,OC,SC,SS,0.023661381257497283,406
REFUGE_Valid,SEARCH,20260907,0,ALL,OC,CC,CS,-0.011592106479810127,406
REFUGE_Valid,SEARCH,20260907,0,ALL,OC,SS,CS,0.14127505950303032,406
REFUGE_Valid,SEARCH,20260907,0,ALL,OC,SC,CC,0.17652854724033773,406
REFUGE_Valid,SEARCH,20260907,0,ALL,OC,SS,CC,0.15286716598284045,406
REFUGE_Valid,SEARCH,20260907,0,ALL,OC,SS,SAME64_HOLD,-1.4358624521188972,406
REFUGE_Valid,SEARCH,20260907,0,ALL,OC,SC,SAME64_HOLD,-1.4122010708614,406
REFUGE_Valid,SEARCH,20260907,0,ALL,OC,CS,CROSS64_HOLD,-1.187352807982478,406
REFUGE_Valid,SEARCH,20260907,0,ALL,OC,CC,CROSS64_HOLD,-1.1989449144622881,406
REFUGE_Valid,SEARCH,20260907,0,ALL,OC,SS,C_CONT,5.199855326427802,406
REFUGE_Valid,SEARCH,20260907,0,ALL,OC,SS,ANCHOR,4.845880942505033,406
REFUGE_Valid,SEARCH,20260907,0,ALL,OC,SS,SOURCE_HOLD,-1.5145013921207777,406
REFUGE_Valid,SEARCH,20260907,0,ALL,OC,SC,C_CONT,5.223516707685299,406
REFUGE_Valid,SEARCH,20260907,0,ALL,OC,SC,ANCHOR,4.869542323762531,406
REFUGE_Valid,SEARCH,20260907,0,ALL,OC,SC,SOURCE_HOLD,-1.4908400108632804,406
REFUGE_Valid,SEARCH,20260907,0,ALL,OC,CS,C_CONT,5.058580266924771,406
REFUGE_Valid,SEARCH,20260907,0,ALL,OC,CS,ANCHOR,4.704605883002003,406
REFUGE_Valid,SEARCH,20260907,0,ALL,OC,CS,SOURCE_HOLD,-1.655776451623808,406
REFUGE_Valid,SEARCH,20260907,0,ALL,OC,CC,C_CONT,5.046988160444961,406
REFUGE_Valid,SEARCH,20260907,0,ALL,OC,CC,ANCHOR,4.693013776522193,406
REFUGE_Valid,SEARCH,20260907,0,ALL,OC,CC,SOURCE_HOLD,-1.6673685581036182,406
REFUGE_Valid,SEARCH,20260907,0,ALL,OC,OPTIMIZER_BY_PARAMETER_INTERACTION,ALGEBRA,0.03525348773730741,406
REFUGE_Valid,SEARCH,20260907,0,Q1,OD,SC,SS,0.15478717377533258,97
REFUGE_Valid,SEARCH,20260907,0,Q1,OD,CC,CS,0.045408580781639785,97
REFUGE_Valid,SEARCH,20260907,0,Q1,OD,SS,CS,0.24050621939326788,97
REFUGE_Valid,SEARCH,20260907,0,Q1,OD,SC,CC,0.3498848123869607,97
REFUGE_Valid,SEARCH,20260907,0,Q1,OD,SS,CC,0.1950976386116281,97
REFUGE_Valid,SEARCH,20260907,0,Q1,OD,SS,SAME64_HOLD,-0.40701745939780665,97
REFUGE_Valid,SEARCH,20260907,0,Q1,OD,SC,SAME64_HOLD,-0.25223028562247407,97
REFUGE_Valid,SEARCH,20260907,0,Q1,OD,CS,CROSS64_HOLD,1.7694191796736192,97
REFUGE_Valid,SEARCH,20260907,0,Q1,OD,CC,CROSS64_HOLD,1.814827760455259,97
REFUGE_Valid,SEARCH,20260907,0,Q1,OD,SS,C_CONT,5.246815642047636,97
REFUGE_Valid,SEARCH,20260907,0,Q1,OD,SS,ANCHOR,4.518453605224082,97
REFUGE_Valid,SEARCH,20260907,0,Q1,OD,SS,SOURCE_HOLD,1.1081022308977708,97
REFUGE_Valid,SEARCH,20260907,0,Q1,OD,SC,C_CONT,5.401602815822969,97
REFUGE_Valid,SEARCH,20260907,0,Q1,OD,SC,ANCHOR,4.673240778999414,97
REFUGE_Valid,SEARCH,20260907,0,Q1,OD,SC,SOURCE_HOLD,1.2628894046731034,97
REFUGE_Valid,SEARCH,20260907,0,Q1,OD,CS,C_CONT,5.006309422654368,97
REFUGE_Valid,SEARCH,20260907,0,Q1,OD,CS,ANCHOR,4.277947385830814,97
REFUGE_Valid,SEARCH,20260907,0,Q1,OD,CS,SOURCE_HOLD,0.8675960115045029,97
REFUGE_Valid,SEARCH,20260907,0,Q1,OD,CC,C_CONT,5.051718003436008,97
REFUGE_Valid,SEARCH,20260907,0,Q1,OD,CC,ANCHOR,4.3233559666124535,97
REFUGE_Valid,SEARCH,20260907,0,Q1,OD,CC,SOURCE_HOLD,0.9130045922861427,97
REFUGE_Valid,SEARCH,20260907,0,Q1,OD,OPTIMIZER_BY_PARAMETER_INTERACTION,ALGEBRA,0.10937859299369279,97
REFUGE_Valid,SEARCH,20260907,0,Q1,OC,SC,SS,0.01343038174970701,97
REFUGE_Valid,SEARCH,20260907,0,Q1,OC,CC,CS,-0.06329794403845312,97
REFUGE_Valid,SEARCH,20260907,0,Q1,OC,SS,CS,0.04624262416758995,97
REFUGE_Valid,SEARCH,20260907,0,Q1,OC,SC,CC,0.12297094995575009,97
REFUGE_Valid,SEARCH,20260907,0,Q1,OC,SS,CC,0.10954056820604308,97
REFUGE_Valid,SEARCH,20260907,0,Q1,OC,SS,SAME64_HOLD,-0.4146455754839664,97
REFUGE_Valid,SEARCH,20260907,0,Q1,OC,SC,SAME64_HOLD,-0.4012151937342594,97
REFUGE_Valid,SEARCH,20260907,0,Q1,OC,CS,CROSS64_HOLD,0.21335312698295184,97
REFUGE_Valid,SEARCH,20260907,0,Q1,OC,CC,CROSS64_HOLD,0.1500551829444987,97
REFUGE_Valid,SEARCH,20260907,0,Q1,OC,SS,C_CONT,5.545189455748279,97
REFUGE_Valid,SEARCH,20260907,0,Q1,OC,SS,ANCHOR,4.977390970387972,97
REFUGE_Valid,SEARCH,20260907,0,Q1,OC,SS,SOURCE_HOLD,-0.31383154654174916,97
REFUGE_Valid,SEARCH,20260907,0,Q1,OC,SC,C_CONT,5.558619837497986,97
REFUGE_Valid,SEARCH,20260907,0,Q1,OC,SC,ANCHOR,4.990821352137679,97
REFUGE_Valid,SEARCH,20260907,0,Q1,OC,SC,SOURCE_HOLD,-0.30040116479204215,97
REFUGE_Valid,SEARCH,20260907,0,Q1,OC,CS,C_CONT,5.498946831580689,97
REFUGE_Valid,SEARCH,20260907,0,Q1,OC,CS,ANCHOR,4.9311483462203825,97
REFUGE_Valid,SEARCH,20260907,0,Q1,OC,CS,SOURCE_HOLD,-0.3600741707093391,97
REFUGE_Valid,SEARCH,20260907,0,Q1,OC,CC,C_CONT,5.435648887542236,97
REFUGE_Valid,SEARCH,20260907,0,Q1,OC,CC,ANCHOR,4.867850402181929,97
REFUGE_Valid,SEARCH,20260907,0,Q1,OC,CC,SOURCE_HOLD,-0.42337211474779224,97
REFUGE_Valid,SEARCH,20260907,0,Q1,OC,OPTIMIZER_BY_PARAMETER_INTERACTION,ALGEBRA,0.07672832578816013,97
REFUGE_Valid,SEARCH,20260907,0,FIRST64,OD,SC,SS,0.16695366647201126,39
REFUGE_Valid,SEARCH,20260907,0,FIRST64,OD,CC,CS,0.02286376706582871,39
REFUGE_Valid,SEARCH,20260907,0,FIRST64,OD,SS,CS,1.1274963552200035,39
REFUGE_Valid,SEARCH,20260907,0,FIRST64,OD,SC,CC,1.271586254626186,39
REFUGE_Valid,SEARCH,20260907,0,FIRST64,OD,SS,CC,1.1046325881541748,39
REFUGE_Valid,SEARCH,20260907,0,FIRST64,OD,SS,SAME64_HOLD,-0.26680164452429267,39
REFUGE_Valid,SEARCH,20260907,0,FIRST64,OD,SC,SAME64_HOLD,-0.0998479780522814,39
REFUGE_Valid,SEARCH,20260907,0,FIRST64,OD,CS,CROSS64_HOLD,1.2622305102475053,39
REFUGE_Valid,SEARCH,20260907,0,FIRST64,OD,CC,CROSS64_HOLD,1.285094277313334,39
REFUGE_Valid,SEARCH,20260907,0,FIRST64,OD,SS,C_CONT,5.508775703768606,39
REFUGE_Valid,SEARCH,20260907,0,FIRST64,OD,SS,ANCHOR,4.86014111656975,39
REFUGE_Valid,SEARCH,20260907,0,FIRST64,OD,SS,SOURCE_HOLD,1.329851261489182,39
REFUGE_Valid,SEARCH,20260907,0,FIRST64,OD,SC,C_CONT,5.675729370240617,39
REFUGE_Valid,SEARCH,20260907,0,FIRST64,OD,SC,ANCHOR,5.027094783041761,39
REFUGE_Valid,SEARCH,20260907,0,FIRST64,OD,SC,SOURCE_HOLD,1.4968049279611932,39
REFUGE_Valid,SEARCH,20260907,0,FIRST64,OD,CS,C_CONT,4.381279348548603,39
REFUGE_Valid,SEARCH,20260907,0,FIRST64,OD,CS,ANCHOR,3.7326447613497464,39
REFUGE_Valid,SEARCH,20260907,0,FIRST64,OD,CS,SOURCE_HOLD,0.2023549062691785,39
REFUGE_Valid,SEARCH,20260907,0,FIRST64,OD,CC,C_CONT,4.404143115614431,39
REFUGE_Valid,SEARCH,20260907,0,FIRST64,OD,CC,ANCHOR,3.755508528415575,39
REFUGE_Valid,SEARCH,20260907,0,FIRST64,OD,CC,SOURCE_HOLD,0.22521867333500722,39
REFUGE_Valid,SEARCH,20260907,0,FIRST64,OD,OPTIMIZER_BY_PARAMETER_INTERACTION,ALGEBRA,0.14408989940618255,39
REFUGE_Valid,SEARCH,20260907,0,FIRST64,OC,SC,SS,-0.00520535323049387,39
REFUGE_Valid,SEARCH,20260907,0,FIRST64,OC,CC,CS,-0.0610436668624601,39
REFUGE_Valid,SEARCH,20260907,0,FIRST64,OC,SS,CS,0.1556949805175094,39
REFUGE_Valid,SEARCH,20260907,0,FIRST64,OC,SC,CC,0.21153329414947564,39
REFUGE_Valid,SEARCH,20260907,0,FIRST64,OC,SS,CC,0.2167386473799695,39
REFUGE_Valid,SEARCH,20260907,0,FIRST64,OC,SS,SAME64_HOLD,-0.1023049624878496,39
REFUGE_Valid,SEARCH,20260907,0,FIRST64,OC,SC,SAME64_HOLD,-0.10751031571834346,39
REFUGE_Valid,SEARCH,20260907,0,FIRST64,OC,CS,CROSS64_HOLD,0.44226836699029093,39
REFUGE_Valid,SEARCH,20260907,0,FIRST64,OC,CC,CROSS64_HOLD,0.38122470012783083,39
REFUGE_Valid,SEARCH,20260907,0,FIRST64,OC,SS,C_CONT,5.394095295939806,39
REFUGE_Valid,SEARCH,20260907,0,FIRST64,OC,SS,ANCHOR,4.82945320924113,39
REFUGE_Valid,SEARCH,20260907,0,FIRST64,OC,SS,SOURCE_HOLD,0.019099475611156436,39
REFUGE_Valid,SEARCH,20260907,0,FIRST64,OC,SC,C_CONT,5.388889942709312,39
REFUGE_Valid,SEARCH,20260907,0,FIRST64,OC,SC,ANCHOR,4.824247856010636,39
REFUGE_Valid,SEARCH,20260907,0,FIRST64,OC,SC,SOURCE_HOLD,0.013894122380662566,39
REFUGE_Valid,SEARCH,20260907,0,FIRST64,OC,CS,C_CONT,5.238400315422297,39
REFUGE_Valid,SEARCH,20260907,0,FIRST64,OC,CS,ANCHOR,4.673758228723621,39
REFUGE_Valid,SEARCH,20260907,0,FIRST64,OC,CS,SOURCE_HOLD,-0.13659550490635297,39
REFUGE_Valid,SEARCH,20260907,0,FIRST64,OC,CC,C_CONT,5.177356648559837,39
REFUGE_Valid,SEARCH,20260907,0,FIRST64,OC,CC,ANCHOR,4.612714561861161,39
REFUGE_Valid,SEARCH,20260907,0,FIRST64,OC,CC,SOURCE_HOLD,-0.19763917176881307,39
REFUGE_Valid,SEARCH,20260907,0,FIRST64,OC,OPTIMIZER_BY_PARAMETER_INTERACTION,ALGEBRA,0.05583831363196623,39
REFUGE_Valid,SEALED_REVIEW,20260907,0,ALL,OD,SC,SS,0.11118176657549839,269
REFUGE_Valid,SEALED_REVIEW,20260907,0,ALL,OD,CC,CS,0.06272407624783227,269
REFUGE_Valid,SEALED_REVIEW,20260907,0,ALL,OD,SS,CS,0.1333531694071013,269
REFUGE_Valid,SEALED_REVIEW,20260907,0,ALL,OD,SC,CC,0.1818108597347674,269
REFUGE_Valid,SEALED_REVIEW,20260907,0,ALL,OD,SS,CC,0.07062909315926902,269
REFUGE_Valid,SEALED_REVIEW,20260907,0,ALL,OD,SS,SAME64_HOLD,-2.8309073760434558,269
REFUGE_Valid,SEALED_REVIEW,20260907,0,ALL,OD,SC,SAME64_HOLD,-2.7197256094679574,269
REFUGE_Valid,SEALED_REVIEW,20260907,0,ALL,OD,CS,CROSS64_HOLD,-0.7993995415567241,269
REFUGE_Valid,SEALED_REVIEW,20260907,0,ALL,OD,CC,CROSS64_HOLD,-0.7366754653088918,269
REFUGE_Valid,SEALED_REVIEW,20260907,0,ALL,OD,SS,C_CONT,5.281631442826551,269
REFUGE_Valid,SEALED_REVIEW,20260907,0,ALL,OD,SS,ANCHOR,4.26838905612415,269
REFUGE_Valid,SEALED_REVIEW,20260907,0,ALL,OD,SS,SOURCE_HOLD,-1.5660227378226352,269
REFUGE_Valid,SEALED_REVIEW,20260907,0,ALL,OD,SC,C_CONT,5.39281320940205,269
REFUGE_Valid,SEALED_REVIEW,20260907,0,ALL,OD,SC,ANCHOR,4.379570822699648,269
REFUGE_Valid,SEALED_REVIEW,20260907,0,ALL,OD,SC,SOURCE_HOLD,-1.4548409712471368,269
REFUGE_Valid,SEALED_REVIEW,20260907,0,ALL,OD,CS,C_CONT,5.14827827341945,269
REFUGE_Valid,SEALED_REVIEW,20260907,0,ALL,OD,CS,ANCHOR,4.1350358867170485,269
REFUGE_Valid,SEALED_REVIEW,20260907,0,ALL,OD,CS,SOURCE_HOLD,-1.6993759072297365,269
REFUGE_Valid,SEALED_REVIEW,20260907,0,ALL,OD,CC,C_CONT,5.211002349667282,269
REFUGE_Valid,SEALED_REVIEW,20260907,0,ALL,OD,CC,ANCHOR,4.197759962964881,269
REFUGE_Valid,SEALED_REVIEW,20260907,0,ALL,OD,CC,SOURCE_HOLD,-1.6366518309819043,269
REFUGE_Valid,SEALED_REVIEW,20260907,0,ALL,OD,OPTIMIZER_BY_PARAMETER_INTERACTION,ALGEBRA,0.048457690327666114,269
REFUGE_Valid,SEALED_REVIEW,20260907,0,ALL,OC,SC,SS,0.01212377170539014,269
REFUGE_Valid,SEALED_REVIEW,20260907,0,ALL,OC,CC,CS,-0.03838038052056447,269
REFUGE_Valid,SEALED_REVIEW,20260907,0,ALL,OC,SS,CS,0.13653396805044338,269
REFUGE_Valid,SEALED_REVIEW,20260907,0,ALL,OC,SC,CC,0.187038120276398,269
REFUGE_Valid,SEALED_REVIEW,20260907,0,ALL,OC,SS,CC,0.17491434857100785,269
REFUGE_Valid,SEALED_REVIEW,20260907,0,ALL,OC,SS,SAME64_HOLD,-1.2901007442834782,269
REFUGE_Valid,SEALED_REVIEW,20260907,0,ALL,OC,SC,SAME64_HOLD,-1.277976972578088,269
REFUGE_Valid,SEALED_REVIEW,20260907,0,ALL,OC,CS,CROSS64_HOLD,-0.9934650907600826,269
REFUGE_Valid,SEALED_REVIEW,20260907,0,ALL,OC,CC,CROSS64_HOLD,-1.031845471280647,269
REFUGE_Valid,SEALED_REVIEW,20260907,0,ALL,OC,SS,C_CONT,5.695147828171223,269
REFUGE_Valid,SEALED_REVIEW,20260907,0,ALL,OC,SS,ANCHOR,5.299821645028992,269
REFUGE_Valid,SEALED_REVIEW,20260907,0,ALL,OC,SS,SOURCE_HOLD,-1.5031725697056686,269
REFUGE_Valid,SEALED_REVIEW,20260907,0,ALL,OC,SC,C_CONT,5.707271599876613,269
REFUGE_Valid,SEALED_REVIEW,20260907,0,ALL,OC,SC,ANCHOR,5.311945416734382,269
REFUGE_Valid,SEALED_REVIEW,20260907,0,ALL,OC,SC,SOURCE_HOLD,-1.4910487980002785,269
REFUGE_Valid,SEALED_REVIEW,20260907,0,ALL,OC,CS,C_CONT,5.558613860120779,269
REFUGE_Valid,SEALED_REVIEW,20260907,0,ALL,OC,CS,ANCHOR,5.163287676978548,269
REFUGE_Valid,SEALED_REVIEW,20260907,0,ALL,OC,CS,SOURCE_HOLD,-1.639706537756112,269
REFUGE_Valid,SEALED_REVIEW,20260907,0,ALL,OC,CC,C_CONT,5.520233479600215,269
REFUGE_Valid,SEALED_REVIEW,20260907,0,ALL,OC,CC,ANCHOR,5.124907296457984,269
REFUGE_Valid,SEALED_REVIEW,20260907,0,ALL,OC,CC,SOURCE_HOLD,-1.6780869182766764,269
REFUGE_Valid,SEALED_REVIEW,20260907,0,ALL,OC,OPTIMIZER_BY_PARAMETER_INTERACTION,ALGEBRA,0.05050415222595461,269
REFUGE_Valid,SEALED_REVIEW,20260907,0,Q1,OD,SC,SS,0.09974722017288684,69
REFUGE_Valid,SEALED_REVIEW,20260907,0,Q1,OD,CC,CS,-0.009516835887865227,69
REFUGE_Valid,SEALED_REVIEW,20260907,0,Q1,OD,SS,CS,-0.18311527320051368,69
REFUGE_Valid,SEALED_REVIEW,20260907,0,Q1,OD,SC,CC,-0.07385121713976162,69
REFUGE_Valid,SEALED_REVIEW,20260907,0,Q1,OD,SS,CC,-0.17359843731264846,69
REFUGE_Valid,SEALED_REVIEW,20260907,0,Q1,OD,SS,SAME64_HOLD,-0.6960989900615715,69
REFUGE_Valid,SEALED_REVIEW,20260907,0,Q1,OD,SC,SAME64_HOLD,-0.5963517698886847,69
REFUGE_Valid,SEALED_REVIEW,20260907,0,Q1,OD,CS,CROSS64_HOLD,1.276104389685372,69
REFUGE_Valid,SEALED_REVIEW,20260907,0,Q1,OD,CC,CROSS64_HOLD,1.2665875537975069,69
REFUGE_Valid,SEALED_REVIEW,20260907,0,Q1,OD,SS,C_CONT,6.253088173216071,69
REFUGE_Valid,SEALED_REVIEW,20260907,0,Q1,OD,SS,ANCHOR,5.52572876352113,69
REFUGE_Valid,SEALED_REVIEW,20260907,0,Q1,OD,SS,SOURCE_HOLD,0.20100793884158463,69
REFUGE_Valid,SEALED_REVIEW,20260907,0,Q1,OD,SC,C_CONT,6.352835393388958,69
REFUGE_Valid,SEALED_REVIEW,20260907,0,Q1,OD,SC,ANCHOR,5.625475983694017,69
REFUGE_Valid,SEALED_REVIEW,20260907,0,Q1,OD,SC,SOURCE_HOLD,0.3007551590144715,69
REFUGE_Valid,SEALED_REVIEW,20260907,0,Q1,OD,CS,C_CONT,6.4362034464165845,69
REFUGE_Valid,SEALED_REVIEW,20260907,0,Q1,OD,CS,ANCHOR,5.7088440367216435,69
REFUGE_Valid,SEALED_REVIEW,20260907,0,Q1,OD,CS,SOURCE_HOLD,0.3841232120420983,69
REFUGE_Valid,SEALED_REVIEW,20260907,0,Q1,OD,CC,C_CONT,6.426686610528719,69
REFUGE_Valid,SEALED_REVIEW,20260907,0,Q1,OD,CC,ANCHOR,5.699327200833778,69
REFUGE_Valid,SEALED_REVIEW,20260907,0,Q1,OD,CC,SOURCE_HOLD,0.3746063761542331,69
REFUGE_Valid,SEALED_REVIEW,20260907,0,Q1,OD,OPTIMIZER_BY_PARAMETER_INTERACTION,ALGEBRA,0.10926405606075207,69
REFUGE_Valid,SEALED_REVIEW,20260907,0,Q1,OC,SC,SS,0.03423163010918984,69
REFUGE_Valid,SEALED_REVIEW,20260907,0,Q1,OC,CC,CS,-0.05493267257395473,69
REFUGE_Valid,SEALED_REVIEW,20260907,0,Q1,OC,SS,CS,-0.19320995194335921,69
REFUGE_Valid,SEALED_REVIEW,20260907,0,Q1,OC,SC,CC,-0.10404564926021465,69
REFUGE_Valid,SEALED_REVIEW,20260907,0,Q1,OC,SS,CC,-0.13827727936940448,69
REFUGE_Valid,SEALED_REVIEW,20260907,0,Q1,OC,SS,SAME64_HOLD,-0.47279186284015395,69
REFUGE_Valid,SEALED_REVIEW,20260907,0,Q1,OC,SC,SAME64_HOLD,-0.4385602327309641,69
REFUGE_Valid,SEALED_REVIEW,20260907,0,Q1,OC,CS,CROSS64_HOLD,0.3830374801642762,69
REFUGE_Valid,SEALED_REVIEW,20260907,0,Q1,OC,CC,CROSS64_HOLD,0.32810480759032146,69
REFUGE_Valid,SEALED_REVIEW,20260907,0,Q1,OC,SS,C_CONT,5.544987448101175,69
REFUGE_Valid,SEALED_REVIEW,20260907,0,Q1,OC,SS,ANCHOR,4.948481295421999,69
REFUGE_Valid,SEALED_REVIEW,20260907,0,Q1,OC,SS,SOURCE_HOLD,-0.5418500514267919,69
REFUGE_Valid,SEALED_REVIEW,20260907,0,Q1,OC,SC,C_CONT,5.579219078210365,69
REFUGE_Valid,SEALED_REVIEW,20260907,0,Q1,OC,SC,ANCHOR,4.982712925531189,69
REFUGE_Valid,SEALED_REVIEW,20260907,0,Q1,OC,SC,SOURCE_HOLD,-0.507618421317602,69
REFUGE_Valid,SEALED_REVIEW,20260907,0,Q1,OC,CS,C_CONT,5.738197400044534,69
REFUGE_Valid,SEALED_REVIEW,20260907,0,Q1,OC,CS,ANCHOR,5.141691247365358,69
REFUGE_Valid,SEALED_REVIEW,20260907,0,Q1,OC,CS,SOURCE_HOLD,-0.34864009948343266,69
REFUGE_Valid,SEALED_REVIEW,20260907,0,Q1,OC,CC,C_CONT,5.683264727470579,69
REFUGE_Valid,SEALED_REVIEW,20260907,0,Q1,OC,CC,ANCHOR,5.0867585747914035,69
REFUGE_Valid,SEALED_REVIEW,20260907,0,Q1,OC,CC,SOURCE_HOLD,-0.4035727720573874,69
REFUGE_Valid,SEALED_REVIEW,20260907,0,Q1,OC,OPTIMIZER_BY_PARAMETER_INTERACTION,ALGEBRA,0.08916430268314457,69
REFUGE_Valid,SEALED_REVIEW,20260907,0,FIRST64,OD,SC,SS,0.028088313573960022,20
REFUGE_Valid,SEALED_REVIEW,20260907,0,FIRST64,OD,CC,CS,-0.12924322386201936,20
REFUGE_Valid,SEALED_REVIEW,20260907,0,FIRST64,OD,SS,CS,0.35806558056908955,20
REFUGE_Valid,SEALED_REVIEW,20260907,0,FIRST64,OD,SC,CC,0.5153971180050689,20
REFUGE_Valid,SEALED_REVIEW,20260907,0,FIRST64,OD,SS,CC,0.4873088044311089,20
REFUGE_Valid,SEALED_REVIEW,20260907,0,FIRST64,OD,SS,SAME64_HOLD,-0.35803888965716624,20
REFUGE_Valid,SEALED_REVIEW,20260907,0,FIRST64,OD,SC,SAME64_HOLD,-0.3299505760832062,20
REFUGE_Valid,SEALED_REVIEW,20260907,0,FIRST64,OD,CS,CROSS64_HOLD,1.2078399533971833,20
REFUGE_Valid,SEALED_REVIEW,20260907,0,FIRST64,OD,CC,CROSS64_HOLD,1.078596729535164,20
REFUGE_Valid,SEALED_REVIEW,20260907,0,FIRST64,OD,SS,C_CONT,7.509999370654981,20
REFUGE_Valid,SEALED_REVIEW,20260907,0,FIRST64,OD,SS,ANCHOR,7.048106532194993,20
REFUGE_Valid,SEALED_REVIEW,20260907,0,FIRST64,OD,SS,SOURCE_HOLD,0.48872093522710713,20
REFUGE_Valid,SEALED_REVIEW,20260907,0,FIRST64,OD,SC,C_CONT,7.538087684228941,20
REFUGE_Valid,SEALED_REVIEW,20260907,0,FIRST64,OD,SC,ANCHOR,7.076194845768953,20
REFUGE_Valid,SEALED_REVIEW,20260907,0,FIRST64,OD,SC,SOURCE_HOLD,0.5168092488010672,20
REFUGE_Valid,SEALED_REVIEW,20260907,0,FIRST64,OD,CS,C_CONT,7.1519337900858915,20
REFUGE_Valid,SEALED_REVIEW,20260907,0,FIRST64,OD,CS,ANCHOR,6.690040951625903,20
REFUGE_Valid,SEALED_REVIEW,20260907,0,FIRST64,OD,CS,SOURCE_HOLD,0.1306553546580176,20
REFUGE_Valid,SEALED_REVIEW,20260907,0,FIRST64,OD,CC,C_CONT,7.022690566223872,20
REFUGE_Valid,SEALED_REVIEW,20260907,0,FIRST64,OD,CC,ANCHOR,6.560797727763884,20
REFUGE_Valid,SEALED_REVIEW,20260907,0,FIRST64,OD,CC,SOURCE_HOLD,0.0014121307959982232,20
REFUGE_Valid,SEALED_REVIEW,20260907,0,FIRST64,OD,OPTIMIZER_BY_PARAMETER_INTERACTION,ALGEBRA,0.15733153743597939,20
REFUGE_Valid,SEALED_REVIEW,20260907,0,FIRST64,OC,SC,SS,0.13396024938133166,20
REFUGE_Valid,SEALED_REVIEW,20260907,0,FIRST64,OC,CC,CS,-0.06240853044971573,20
REFUGE_Valid,SEALED_REVIEW,20260907,0,FIRST64,OC,SS,CS,-0.7480179704671457,20
REFUGE_Valid,SEALED_REVIEW,20260907,0,FIRST64,OC,SC,CC,-0.5516491906360983,20
REFUGE_Valid,SEALED_REVIEW,20260907,0,FIRST64,OC,SS,CC,-0.68560944001743,20
REFUGE_Valid,SEALED_REVIEW,20260907,0,FIRST64,OC,SS,SAME64_HOLD,-0.45739463922768664,20
REFUGE_Valid,SEALED_REVIEW,20260907,0,FIRST64,OC,SC,SAME64_HOLD,-0.323434389846355,20
REFUGE_Valid,SEALED_REVIEW,20260907,0,FIRST64,OC,CS,CROSS64_HOLD,0.08651580355889621,20
REFUGE_Valid,SEALED_REVIEW,20260907,0,FIRST64,OC,CC,CROSS64_HOLD,0.024107273109180483,20
REFUGE_Valid,SEALED_REVIEW,20260907,0,FIRST64,OC,SS,C_CONT,5.174945459667889,20
REFUGE_Valid,SEALED_REVIEW,20260907,0,FIRST64,OC,SS,ANCHOR,4.520376016711872,20
REFUGE_Valid,SEALED_REVIEW,20260907,0,FIRST64,OC,SS,SOURCE_HOLD,-1.1962438788552987,20
REFUGE_Valid,SEALED_REVIEW,20260907,0,FIRST64,OC,SC,C_CONT,5.30890570904922,20
REFUGE_Valid,SEALED_REVIEW,20260907,0,FIRST64,OC,SC,ANCHOR,4.654336266093203,20
REFUGE_Valid,SEALED_REVIEW,20260907,0,FIRST64,OC,SC,SOURCE_HOLD,-1.062283629473967,20
REFUGE_Valid,SEALED_REVIEW,20260907,0,FIRST64,OC,CS,C_CONT,5.9229634301350345,20
REFUGE_Valid,SEALED_REVIEW,20260907,0,FIRST64,OC,CS,ANCHOR,5.268393987179017,20
REFUGE_Valid,SEALED_REVIEW,20260907,0,FIRST64,OC,CS,SOURCE_HOLD,-0.448225908388153,20
REFUGE_Valid,SEALED_REVIEW,20260907,0,FIRST64,OC,CC,C_CONT,5.860554899685319,20
REFUGE_Valid,SEALED_REVIEW,20260907,0,FIRST64,OC,CC,ANCHOR,5.205985456729302,20
REFUGE_Valid,SEALED_REVIEW,20260907,0,FIRST64,OC,CC,SOURCE_HOLD,-0.5106344388378687,20
REFUGE_Valid,SEALED_REVIEW,20260907,0,FIRST64,OC,OPTIMIZER_BY_PARAMETER_INTERACTION,ALGEBRA,0.1963687798310474,20
REFUGE_Valid,SEALED_REVIEW,20260907,0,Q2,OD,SC,SS,0.1512643882600031,80
REFUGE_Valid,SEALED_REVIEW,20260907,0,Q2,OD,CC,CS,0.07436589389250514,80
REFUGE_Valid,SEALED_REVIEW,20260907,0,Q2,OD,SS,CS,-0.006379969629364268,80
REFUGE_Valid,SEALED_REVIEW,20260907,0,Q2,OD,SC,CC,0.07051852473813369,80
REFUGE_Valid,SEALED_REVIEW,20260907,0,Q2,OD,SS,CC,-0.08074586352186941,80
REFUGE_Valid,SEALED_REVIEW,20260907,0,Q2,OD,SS,SAME64_HOLD,-2.022223562585708,80
REFUGE_Valid,SEALED_REVIEW,20260907,0,Q2,OD,SC,SAME64_HOLD,-1.870959174325705,80
REFUGE_Valid,SEALED_REVIEW,20260907,0,Q2,OD,CS,CROSS64_HOLD,-0.1972055386040097,80
REFUGE_Valid,SEALED_REVIEW,20260907,0,Q2,OD,CC,CROSS64_HOLD,-0.12283964471150455,80
REFUGE_Valid,SEALED_REVIEW,20260907,0,Q2,OD,SS,C_CONT,4.962673890613075,80
REFUGE_Valid,SEALED_REVIEW,20260907,0,Q2,OD,SS,ANCHOR,4.097504313877749,80
REFUGE_Valid,SEALED_REVIEW,20260907,0,Q2,OD,SS,SOURCE_HOLD,-1.0949041908068011,80
REFUGE_Valid,SEALED_REVIEW,20260907,0,Q2,OD,SC,C_CONT,5.1139382788730785,80
REFUGE_Valid,SEALED_REVIEW,20260907,0,Q2,OD,SC,ANCHOR,4.2487687021377525,80
REFUGE_Valid,SEALED_REVIEW,20260907,0,Q2,OD,SC,SOURCE_HOLD,-0.943639802546798,80
REFUGE_Valid,SEALED_REVIEW,20260907,0,Q2,OD,CS,C_CONT,4.96905386024244,80
REFUGE_Valid,SEALED_REVIEW,20260907,0,Q2,OD,CS,ANCHOR,4.103884283507114,80
REFUGE_Valid,SEALED_REVIEW,20260907,0,Q2,OD,CS,SOURCE_HOLD,-1.0885242211774369,80
REFUGE_Valid,SEALED_REVIEW,20260907,0,Q2,OD,CC,C_CONT,5.043419754134945,80
REFUGE_Valid,SEALED_REVIEW,20260907,0,Q2,OD,CC,ANCHOR,4.178250177399619,80
REFUGE_Valid,SEALED_REVIEW,20260907,0,Q2,OD,CC,SOURCE_HOLD,-1.0141583272849317,80
REFUGE_Valid,SEALED_REVIEW,20260907,0,Q2,OD,OPTIMIZER_BY_PARAMETER_INTERACTION,ALGEBRA,0.07689849436749796,80
REFUGE_Valid,SEALED_REVIEW,20260907,0,Q2,OC,SC,SS,0.03238363908734243,80
REFUGE_Valid,SEALED_REVIEW,20260907,0,Q2,OC,CC,CS,-0.03975328747542051,80
REFUGE_Valid,SEALED_REVIEW,20260907,0,Q2,OC,SS,CS,0.12043734548960572,80
REFUGE_Valid,SEALED_REVIEW,20260907,0,Q2,OC,SC,CC,0.19257427205236866,80
REFUGE_Valid,SEALED_REVIEW,20260907,0,Q2,OC,SS,CC,0.16019063296502623,80
REFUGE_Valid,SEALED_REVIEW,20260907,0,Q2,OC,SS,SAME64_HOLD,-0.9041642424086689,80
REFUGE_Valid,SEALED_REVIEW,20260907,0,Q2,OC,SC,SAME64_HOLD,-0.8717806033213265,80
REFUGE_Valid,SEALED_REVIEW,20260907,0,Q2,OC,CS,CROSS64_HOLD,-0.5710246477535037,80
REFUGE_Valid,SEALED_REVIEW,20260907,0,Q2,OC,CC,CROSS64_HOLD,-0.6107779352289242,80
REFUGE_Valid,SEALED_REVIEW,20260907,0,Q2,OC,SS,C_CONT,5.471391547555761,80
REFUGE_Valid,SEALED_REVIEW,20260907,0,Q2,OC,SS,ANCHOR,5.022651208941667,80
REFUGE_Valid,SEALED_REVIEW,20260907,0,Q2,OC,SS,SOURCE_HOLD,-1.1713534311573,80
REFUGE_Valid,SEALED_REVIEW,20260907,0,Q2,OC,SC,C_CONT,5.503775186643104,80
REFUGE_Valid,SEALED_REVIEW,20260907,0,Q2,OC,SC,ANCHOR,5.05503484802901,80
REFUGE_Valid,SEALED_REVIEW,20260907,0,Q2,OC,SC,SOURCE_HOLD,-1.1389697920699575,80
REFUGE_Valid,SEALED_REVIEW,20260907,0,Q2,OC,CS,C_CONT,5.350954202066156,80
REFUGE_Valid,SEALED_REVIEW,20260907,0,Q2,OC,CS,ANCHOR,4.902213863452062,80
REFUGE_Valid,SEALED_REVIEW,20260907,0,Q2,OC,CS,SOURCE_HOLD,-1.2917907766469057,80
REFUGE_Valid,SEALED_REVIEW,20260907,0,Q2,OC,CC,C_CONT,5.311200914590735,80
REFUGE_Valid,SEALED_REVIEW,20260907,0,Q2,OC,CC,ANCHOR,4.862460575976641,80
REFUGE_Valid,SEALED_REVIEW,20260907,0,Q2,OC,CC,SOURCE_HOLD,-1.3315440641223262,80
REFUGE_Valid,SEALED_REVIEW,20260907,0,Q2,OC,OPTIMIZER_BY_PARAMETER_INTERACTION,ALGEBRA,0.07213692656276294,80
REFUGE_Valid,SEARCH,20260907,0,Q2,OD,SC,SS,0.14191936097586222,89
REFUGE_Valid,SEARCH,20260907,0,Q2,OD,CC,CS,0.06455349956307543,89
REFUGE_Valid,SEARCH,20260907,0,Q2,OD,SS,CS,0.1582721830031204,89
REFUGE_Valid,SEARCH,20260907,0,Q2,OD,SC,CC,0.2356380444159072,89
REFUGE_Valid,SEARCH,20260907,0,Q2,OD,SS,CC,0.09371868344004497,89
REFUGE_Valid,SEARCH,20260907,0,Q2,OD,SS,SAME64_HOLD,-1.8872527704240412,89
REFUGE_Valid,SEARCH,20260907,0,Q2,OD,SC,SAME64_HOLD,-1.745333409448179,89
REFUGE_Valid,SEARCH,20260907,0,Q2,OD,CS,CROSS64_HOLD,-0.20488821759984432,89
REFUGE_Valid,SEARCH,20260907,0,Q2,OD,CC,CROSS64_HOLD,-0.1403347180367689,89
REFUGE_Valid,SEARCH,20260907,0,Q2,OD,SS,C_CONT,4.893173182956033,89
REFUGE_Valid,SEARCH,20260907,0,Q2,OD,SS,ANCHOR,3.895098393069759,89
REFUGE_Valid,SEARCH,20260907,0,Q2,OD,SS,SOURCE_HOLD,-0.6394720196771715,89
REFUGE_Valid,SEARCH,20260907,0,Q2,OD,SC,C_CONT,5.035092543931896,89
REFUGE_Valid,SEARCH,20260907,0,Q2,OD,SC,ANCHOR,4.037017754045621,89
REFUGE_Valid,SEARCH,20260907,0,Q2,OD,SC,SOURCE_HOLD,-0.49755265870130927,89
REFUGE_Valid,SEARCH,20260907,0,Q2,OD,CS,C_CONT,4.734900999952913,89
REFUGE_Valid,SEARCH,20260907,0,Q2,OD,CS,ANCHOR,3.7368262100666385,89
REFUGE_Valid,SEARCH,20260907,0,Q2,OD,CS,SOURCE_HOLD,-0.7977442026802919,89
REFUGE_Valid,SEARCH,20260907,0,Q2,OD,CC,C_CONT,4.7994544995159885,89
REFUGE_Valid,SEARCH,20260907,0,Q2,OD,CC,ANCHOR,3.801379709629714,89
REFUGE_Valid,SEARCH,20260907,0,Q2,OD,CC,SOURCE_HOLD,-0.7331907031172165,89
REFUGE_Valid,SEARCH,20260907,0,Q2,OD,OPTIMIZER_BY_PARAMETER_INTERACTION,ALGEBRA,0.07736586141278678,89
REFUGE_Valid,SEARCH,20260907,0,Q2,OC,SC,SS,0.06870176948979179,89
REFUGE_Valid,SEARCH,20260907,0,Q2,OC,CC,CS,0.012928821521896339,89
REFUGE_Valid,SEARCH,20260907,0,Q2,OC,SS,CS,-0.05457842440033289,89
REFUGE_Valid,SEARCH,20260907,0,Q2,OC,SC,CC,0.0011945235675625554,89
REFUGE_Valid,SEARCH,20260907,0,Q2,OC,SS,CC,-0.06750724592222923,89
REFUGE_Valid,SEARCH,20260907,0,Q2,OC,SS,SAME64_HOLD,-1.0695412199867604,89
REFUGE_Valid,SEARCH,20260907,0,Q2,OC,SC,SAME64_HOLD,-1.0008394504969687,89
REFUGE_Valid,SEARCH,20260907,0,Q2,OC,CS,CROSS64_HOLD,-1.1874007638262185,89
REFUGE_Valid,SEARCH,20260907,0,Q2,OC,CC,CROSS64_HOLD,-1.1744719423043222,89
REFUGE_Valid,SEARCH,20260907,0,Q2,OC,SS,C_CONT,4.372959883006537,89
REFUGE_Valid,SEARCH,20260907,0,Q2,OC,SS,ANCHOR,3.9456470853107035,89
REFUGE_Valid,SEARCH,20260907,0,Q2,OC,SS,SOURCE_HOLD,-1.6038953713742643,89
REFUGE_Valid,SEARCH,20260907,0,Q2,OC,SC,C_CONT,4.441661652496329,89
REFUGE_Valid,SEARCH,20260907,0,Q2,OC,SC,ANCHOR,4.014348854800495,89
REFUGE_Valid,SEARCH,20260907,0,Q2,OC,SC,SOURCE_HOLD,-1.5351936018844725,89
REFUGE_Valid,SEARCH,20260907,0,Q2,OC,CS,C_CONT,4.42753830740687,89
REFUGE_Valid,SEARCH,20260907,0,Q2,OC,CS,ANCHOR,4.000225509711036,89
REFUGE_Valid,SEARCH,20260907,0,Q2,OC,CS,SOURCE_HOLD,-1.5493169469739314,89
REFUGE_Valid,SEARCH,20260907,0,Q2,OC,CC,C_CONT,4.440467128928766,89
REFUGE_Valid,SEARCH,20260907,0,Q2,OC,CC,ANCHOR,4.013154331232933,89
REFUGE_Valid,SEARCH,20260907,0,Q2,OC,CC,SOURCE_HOLD,-1.536388125452035,89
REFUGE_Valid,SEARCH,20260907,0,Q2,OC,OPTIMIZER_BY_PARAMETER_INTERACTION,ALGEBRA,0.05577294796789545,89
REFUGE_Valid,SEARCH,20260907,0,Q3,OD,SC,SS,0.06393530024811866,100
REFUGE_Valid,SEARCH,20260907,0,Q3,OD,CC,CS,0.03098122299640238,100
REFUGE_Valid,SEARCH,20260907,0,Q3,OD,SS,CS,0.2952536506895882,100
REFUGE_Valid,SEARCH,20260907,0,Q3,OD,SC,CC,0.3282077279413045,100
REFUGE_Valid,SEARCH,20260907,0,Q3,OD,SS,CC,0.2642724276931858,100
REFUGE_Valid,SEARCH,20260907,0,Q3,OD,SS,SAME64_HOLD,-3.0804674948726785,100
REFUGE_Valid,SEARCH,20260907,0,Q3,OD,SC,SAME64_HOLD,-3.01653219462456,100
REFUGE_Valid,SEARCH,20260907,0,Q3,OD,CS,CROSS64_HOLD,-1.0167069996005864,100
REFUGE_Valid,SEARCH,20260907,0,Q3,OD,CC,CROSS64_HOLD,-0.985725776604184,100
REFUGE_Valid,SEARCH,20260907,0,Q3,OD,SS,C_CONT,4.6535243208412425,100
REFUGE_Valid,SEARCH,20260907,0,Q3,OD,SS,ANCHOR,3.508890699918325,100
REFUGE_Valid,SEARCH,20260907,0,Q3,OD,SS,SOURCE_HOLD,-1.4180396659057095,100
REFUGE_Valid,SEARCH,20260907,0,Q3,OD,SC,C_CONT,4.717459621089361,100
REFUGE_Valid,SEARCH,20260907,0,Q3,OD,SC,ANCHOR,3.572826000166444,100
REFUGE_Valid,SEARCH,20260907,0,Q3,OD,SC,SOURCE_HOLD,-1.3541043656575908,100
REFUGE_Valid,SEARCH,20260907,0,Q3,OD,CS,C_CONT,4.358270670151654,100
REFUGE_Valid,SEARCH,20260907,0,Q3,OD,CS,ANCHOR,3.213637049228737,100
REFUGE_Valid,SEARCH,20260907,0,Q3,OD,CS,SOURCE_HOLD,-1.7132933165952977,100
REFUGE_Valid,SEARCH,20260907,0,Q3,OD,CC,C_CONT,4.389251893148057,100
REFUGE_Valid,SEARCH,20260907,0,Q3,OD,CC,ANCHOR,3.2446182722251393,100
REFUGE_Valid,SEARCH,20260907,0,Q3,OD,CC,SOURCE_HOLD,-1.6823120935988953,100
REFUGE_Valid,SEARCH,20260907,0,Q3,OD,OPTIMIZER_BY_PARAMETER_INTERACTION,ALGEBRA,0.032954077251716285,100
REFUGE_Valid,SEARCH,20260907,0,Q3,OC,SC,SS,0.007312628274675603,100
REFUGE_Valid,SEARCH,20260907,0,Q3,OC,CC,CS,-0.018353612112107953,100
REFUGE_Valid,SEARCH,20260907,0,Q3,OC,SS,CS,0.2410423950303766,100
REFUGE_Valid,SEARCH,20260907,0,Q3,OC,SC,CC,0.26670863541716017,100
REFUGE_Valid,SEARCH,20260907,0,Q3,OC,SS,CC,0.25939600714248456,100
REFUGE_Valid,SEARCH,20260907,0,Q3,OC,SS,SAME64_HOLD,-1.3109486344044825,100
REFUGE_Valid,SEARCH,20260907,0,Q3,OC,SC,SAME64_HOLD,-1.303636006129807,100
REFUGE_Valid,SEARCH,20260907,0,Q3,OC,CS,CROSS64_HOLD,-0.9450179948603932,100
REFUGE_Valid,SEARCH,20260907,0,Q3,OC,CC,CROSS64_HOLD,-0.9633716069725011,100
REFUGE_Valid,SEARCH,20260907,0,Q3,OC,SS,C_CONT,5.333543443993868,100
REFUGE_Valid,SEARCH,20260907,0,Q3,OC,SS,ANCHOR,5.038225024236198,100
REFUGE_Valid,SEARCH,20260907,0,Q3,OC,SS,SOURCE_HOLD,-1.1533082474100667,100
REFUGE_Valid,SEARCH,20260907,0,Q3,OC,SC,C_CONT,5.340856072268544,100
REFUGE_Valid,SEARCH,20260907,0,Q3,OC,SC,ANCHOR,5.045537652510873,100
REFUGE_Valid,SEARCH,20260907,0,Q3,OC,SC,SOURCE_HOLD,-1.145995619135391,100
REFUGE_Valid,SEARCH,20260907,0,Q3,OC,CS,C_CONT,5.092501048963491,100
REFUGE_Valid,SEARCH,20260907,0,Q3,OC,CS,ANCHOR,4.797182629205821,100
REFUGE_Valid,SEARCH,20260907,0,Q3,OC,CS,SOURCE_HOLD,-1.3943506424404433,100
REFUGE_Valid,SEARCH,20260907,0,Q3,OC,CC,C_CONT,5.0741474368513835,100
REFUGE_Valid,SEARCH,20260907,0,Q3,OC,CC,ANCHOR,4.778829017093713,100
REFUGE_Valid,SEARCH,20260907,0,Q3,OC,CC,SOURCE_HOLD,-1.4127042545525512,100
REFUGE_Valid,SEARCH,20260907,0,Q3,OC,OPTIMIZER_BY_PARAMETER_INTERACTION,ALGEBRA,0.025666240386783556,100
REFUGE_Valid,SEALED_REVIEW,20260907,0,Q3,OD,SC,SS,0.05504465372251843,68
REFUGE_Valid,SEALED_REVIEW,20260907,0,Q3,OD,CC,CS,0.052479493235310315,68
REFUGE_Valid,SEALED_REVIEW,20260907,0,Q3,OD,SS,CS,0.40217529823526377,68
REFUGE_Valid,SEALED_REVIEW,20260907,0,Q3,OD,SC,CC,0.4047404587224719,68
REFUGE_Valid,SEALED_REVIEW,20260907,0,Q3,OD,SS,CC,0.34969580499995345,68
REFUGE_Valid,SEALED_REVIEW,20260907,0,Q3,OD,SS,SAME64_HOLD,-3.9840282534885887,68
REFUGE_Valid,SEALED_REVIEW,20260907,0,Q3,OD,SC,SAME64_HOLD,-3.9289835997660703,68
REFUGE_Valid,SEALED_REVIEW,20260907,0,Q3,OD,CS,CROSS64_HOLD,-1.554487050046177,68
REFUGE_Valid,SEALED_REVIEW,20260907,0,Q3,OD,CC,CROSS64_HOLD,-1.5020075568108666,68
REFUGE_Valid,SEALED_REVIEW,20260907,0,Q3,OD,SS,C_CONT,5.813676694024082,68
REFUGE_Valid,SEALED_REVIEW,20260907,0,Q3,OD,SS,ANCHOR,4.623132625472053,68
REFUGE_Valid,SEALED_REVIEW,20260907,0,Q3,OD,SS,SOURCE_HOLD,-2.2316231984596016,68
REFUGE_Valid,SEALED_REVIEW,20260907,0,Q3,OD,SC,C_CONT,5.8687213477466,68
REFUGE_Valid,SEALED_REVIEW,20260907,0,Q3,OD,SC,ANCHOR,4.678177279194571,68
REFUGE_Valid,SEALED_REVIEW,20260907,0,Q3,OD,SC,SOURCE_HOLD,-2.176578544737083,68
REFUGE_Valid,SEALED_REVIEW,20260907,0,Q3,OD,CS,C_CONT,5.411501395788818,68
REFUGE_Valid,SEALED_REVIEW,20260907,0,Q3,OD,CS,ANCHOR,4.220957327236789,68
REFUGE_Valid,SEALED_REVIEW,20260907,0,Q3,OD,CS,SOURCE_HOLD,-2.6337984966948653,68
REFUGE_Valid,SEALED_REVIEW,20260907,0,Q3,OD,CC,C_CONT,5.463980889024128,68
REFUGE_Valid,SEALED_REVIEW,20260907,0,Q3,OD,CC,ANCHOR,4.273436820472099,68
REFUGE_Valid,SEALED_REVIEW,20260907,0,Q3,OD,CC,SOURCE_HOLD,-2.581319003459555,68
REFUGE_Valid,SEALED_REVIEW,20260907,0,Q3,OD,OPTIMIZER_BY_PARAMETER_INTERACTION,ALGEBRA,0.002565160487208118,68
REFUGE_Valid,SEALED_REVIEW,20260907,0,Q3,OC,SC,SS,0.012912860131798709,68
REFUGE_Valid,SEALED_REVIEW,20260907,0,Q3,OC,CC,CS,-0.01797251657175991,68
REFUGE_Valid,SEALED_REVIEW,20260907,0,Q3,OC,SS,CS,0.18855544099033494,68
REFUGE_Valid,SEALED_REVIEW,20260907,0,Q3,OC,SC,CC,0.21944081769389356,68
REFUGE_Valid,SEALED_REVIEW,20260907,0,Q3,OC,SS,CC,0.20652795756209485,68
REFUGE_Valid,SEALED_REVIEW,20260907,0,Q3,OC,SS,SAME64_HOLD,-1.6105450701943056,68
REFUGE_Valid,SEALED_REVIEW,20260907,0,Q3,OC,SC,SAME64_HOLD,-1.5976322100625069,68
REFUGE_Valid,SEALED_REVIEW,20260907,0,Q3,OC,CS,CROSS64_HOLD,-1.9015069273390353,68
REFUGE_Valid,SEALED_REVIEW,20260907,0,Q3,OC,CC,CROSS64_HOLD,-1.9194794439107952,68
REFUGE_Valid,SEALED_REVIEW,20260907,0,Q3,OC,SS,C_CONT,5.62269937926056,68
REFUGE_Valid,SEALED_REVIEW,20260907,0,Q3,OC,SS,ANCHOR,5.32472989078245,68
REFUGE_Valid,SEALED_REVIEW,20260907,0,Q3,OC,SS,SOURCE_HOLD,-2.161552743345027,68
REFUGE_Valid,SEALED_REVIEW,20260907,0,Q3,OC,SC,C_CONT,5.6356122393923584,68
REFUGE_Valid,SEALED_REVIEW,20260907,0,Q3,OC,SC,ANCHOR,5.337642750914249,68
REFUGE_Valid,SEALED_REVIEW,20260907,0,Q3,OC,SC,SOURCE_HOLD,-2.148639883213228,68
REFUGE_Valid,SEALED_REVIEW,20260907,0,Q3,OC,CS,C_CONT,5.434143938270225,68
REFUGE_Valid,SEALED_REVIEW,20260907,0,Q3,OC,CS,ANCHOR,5.136174449792115,68
REFUGE_Valid,SEALED_REVIEW,20260907,0,Q3,OC,CS,SOURCE_HOLD,-2.3501081843353617,68
REFUGE_Valid,SEALED_REVIEW,20260907,0,Q3,OC,CC,C_CONT,5.416171421698465,68
REFUGE_Valid,SEALED_REVIEW,20260907,0,Q3,OC,CC,ANCHOR,5.118201933220355,68
REFUGE_Valid,SEALED_REVIEW,20260907,0,Q3,OC,CC,SOURCE_HOLD,-2.3680807009071216,68
REFUGE_Valid,SEALED_REVIEW,20260907,0,Q3,OC,OPTIMIZER_BY_PARAMETER_INTERACTION,ALGEBRA,0.03088537670355862,68
REFUGE_Valid,SEARCH,20260907,0,Q4,OD,SC,SS,0.12634725608712927,120
REFUGE_Valid,SEARCH,20260907,0,Q4,OD,CC,CS,0.16077472620105482,120
REFUGE_Valid,SEARCH,20260907,0,Q4,OD,SS,CS,0.538221575286002,120
REFUGE_Valid,SEARCH,20260907,0,Q4,OD,SC,CC,0.5037941051720765,120
REFUGE_Valid,SEARCH,20260907,0,Q4,OD,SS,CC,0.3774468490849472,120
REFUGE_Valid,SEARCH,20260907,0,Q4,OD,SS,SAME64_HOLD,-5.577702385910925,120
REFUGE_Valid,SEARCH,20260907,0,Q4,OD,SC,SAME64_HOLD,-5.451355129823796,120
REFUGE_Valid,SEARCH,20260907,0,Q4,OD,CS,CROSS64_HOLD,-3.8846565897682694,120
REFUGE_Valid,SEARCH,20260907,0,Q4,OD,CC,CROSS64_HOLD,-3.7238818635672146,120
REFUGE_Valid,SEARCH,20260907,0,Q4,OD,SS,C_CONT,3.1157914695761235,120
REFUGE_Valid,SEARCH,20260907,0,Q4,OD,SS,ANCHOR,1.655347949502783,120
REFUGE_Valid,SEARCH,20260907,0,Q4,OD,SS,SOURCE_HOLD,-4.116116613833384,120
REFUGE_Valid,SEARCH,20260907,0,Q4,OD,SC,C_CONT,3.242138725663253,120
REFUGE_Valid,SEARCH,20260907,0,Q4,OD,SC,ANCHOR,1.7816952055899122,120
REFUGE_Valid,SEARCH,20260907,0,Q4,OD,SC,SOURCE_HOLD,-3.9897693577462547,120
REFUGE_Valid,SEARCH,20260907,0,Q4,OD,CS,C_CONT,2.5775698942901215,120
REFUGE_Valid,SEARCH,20260907,0,Q4,OD,CS,ANCHOR,1.117126374216781,120
REFUGE_Valid,SEARCH,20260907,0,Q4,OD,CS,SOURCE_HOLD,-4.654338189119386,120
REFUGE_Valid,SEARCH,20260907,0,Q4,OD,CC,C_CONT,2.7383446204911763,120
REFUGE_Valid,SEARCH,20260907,0,Q4,OD,CC,ANCHOR,1.2779011004178358,120
REFUGE_Valid,SEARCH,20260907,0,Q4,OD,CC,SOURCE_HOLD,-4.493563462918331,120
REFUGE_Valid,SEARCH,20260907,0,Q4,OD,OPTIMIZER_BY_PARAMETER_INTERACTION,ALGEBRA,-0.03442747011392555,120
REFUGE_Valid,SEARCH,20260907,0,Q4,OC,SC,SS,0.012150445406390986,120
REFUGE_Valid,SEARCH,20260907,0,Q4,OC,CC,CS,0.01765167863912609,120
REFUGE_Valid,SEARCH,20260907,0,Q4,OC,SS,CS,0.2802114990214122,120
REFUGE_Valid,SEARCH,20260907,0,Q4,OC,SC,CC,0.2747102657886771,120
REFUGE_Valid,SEARCH,20260907,0,Q4,OC,SS,CC,0.2625598203822861,120
REFUGE_Valid,SEARCH,20260907,0,Q4,OC,SS,SAME64_HOLD,-2.6371291893254707,120
REFUGE_Valid,SEARCH,20260907,0,Q4,OC,SC,SAME64_HOLD,-2.6249787439190797,120
REFUGE_Valid,SEARCH,20260907,0,Q4,OC,CS,CROSS64_HOLD,-2.5215002157638366,120
REFUGE_Valid,SEARCH,20260907,0,Q4,OC,CC,CROSS64_HOLD,-2.5038485371247106,120
REFUGE_Valid,SEARCH,20260907,0,Q4,OC,SS,C_CONT,5.422584261126126,120
REFUGE_Valid,SEARCH,20260907,0,Q4,OC,SS,ANCHOR,5.246963712609464,120
REFUGE_Valid,SEARCH,20260907,0,Q4,OC,SS,SOURCE_HOLD,-2.719736603276452,120
REFUGE_Valid,SEARCH,20260907,0,Q4,OC,SC,C_CONT,5.434734706532517,120
REFUGE_Valid,SEARCH,20260907,0,Q4,OC,SC,ANCHOR,5.259114158015855,120
REFUGE_Valid,SEARCH,20260907,0,Q4,OC,SC,SOURCE_HOLD,-2.707586157870061,120
REFUGE_Valid,SEARCH,20260907,0,Q4,OC,CS,C_CONT,5.1423727621047135,120
REFUGE_Valid,SEARCH,20260907,0,Q4,OC,CS,ANCHOR,4.966752213588052,120
REFUGE_Valid,SEARCH,20260907,0,Q4,OC,CS,SOURCE_HOLD,-2.9999481022978642,120
REFUGE_Valid,SEARCH,20260907,0,Q4,OC,CC,C_CONT,5.16002444074384,120
REFUGE_Valid,SEARCH,20260907,0,Q4,OC,CC,ANCHOR,4.984403892227178,120
REFUGE_Valid,SEARCH,20260907,0,Q4,OC,CC,SOURCE_HOLD,-2.982296423658738,120
REFUGE_Valid,SEARCH,20260907,0,Q4,OC,OPTIMIZER_BY_PARAMETER_INTERACTION,ALGEBRA,-0.005501233232735103,120
REFUGE_Valid,SEALED_REVIEW,20260907,0,Q4,OD,SC,SS,0.1380990289028574,52
REFUGE_Valid,SEALED_REVIEW,20260907,0,Q4,OD,CC,CS,0.15406848337541135,52
REFUGE_Valid,SEALED_REVIEW,20260907,0,Q4,OD,SS,CS,0.41671987907099606,52
REFUGE_Valid,SEALED_REVIEW,20260907,0,Q4,OD,SC,CC,0.4007504245984421,52
REFUGE_Valid,SEALED_REVIEW,20260907,0,Q4,OD,SS,CC,0.2626513956955847,52
REFUGE_Valid,SEALED_REVIEW,20260907,0,Q4,OD,SS,SAME64_HOLD,-5.399835530718505,52
REFUGE_Valid,SEALED_REVIEW,20260907,0,Q4,OD,SC,SAME64_HOLD,-5.261736501815648,52
REFUGE_Valid,SEALED_REVIEW,20260907,0,Q4,OD,CS,CROSS64_HOLD,-3.4924637899151065,52
REFUGE_Valid,SEALED_REVIEW,20260907,0,Q4,OD,CC,CROSS64_HOLD,-3.338395306539695,52
REFUGE_Valid,SEALED_REVIEW,20260907,0,Q4,OD,SS,C_CONT,3.787535533187537,52
REFUGE_Valid,SEALED_REVIEW,20260907,0,Q4,OD,SS,ANCHOR,2.3990001494638165,52
REFUGE_Valid,SEALED_REVIEW,20260907,0,Q4,OD,SS,SOURCE_HOLD,-3.7651336825877593,52
REFUGE_Valid,SEALED_REVIEW,20260907,0,Q4,OD,SC,C_CONT,3.9256345620903943,52
REFUGE_Valid,SEALED_REVIEW,20260907,0,Q4,OD,SC,ANCHOR,2.537099178366674,52
REFUGE_Valid,SEALED_REVIEW,20260907,0,Q4,OD,SC,SOURCE_HOLD,-3.627034653684902,52
REFUGE_Valid,SEALED_REVIEW,20260907,0,Q4,OD,CS,C_CONT,3.370815654116541,52
REFUGE_Valid,SEALED_REVIEW,20260907,0,Q4,OD,CS,ANCHOR,1.9822802703928204,52
REFUGE_Valid,SEALED_REVIEW,20260907,0,Q4,OD,CS,SOURCE_HOLD,-4.181853561658755,52
REFUGE_Valid,SEALED_REVIEW,20260907,0,Q4,OD,CC,C_CONT,3.524884137491952,52
REFUGE_Valid,SEALED_REVIEW,20260907,0,Q4,OD,CC,ANCHOR,2.1363487537682317,52
REFUGE_Valid,SEALED_REVIEW,20260907,0,Q4,OD,CC,SOURCE_HOLD,-4.027785078283344,52
REFUGE_Valid,SEALED_REVIEW,20260907,0,Q4,OD,OPTIMIZER_BY_PARAMETER_INTERACTION,ALGEBRA,-0.015969454472553934,52
REFUGE_Valid,SEALED_REVIEW,20260907,0,Q4,OC,SC,SS,-0.049412567398718465,52
REFUGE_Valid,SEALED_REVIEW,20260907,0,Q4,OC,CC,CS,-0.04099180437532368,52
REFUGE_Valid,SEALED_REVIEW,20260907,0,Q4,OC,SS,CS,0.5308147396759324,52
REFUGE_Valid,SEALED_REVIEW,20260907,0,Q4,OC,SC,CC,0.5223939766525376,52
REFUGE_Valid,SEALED_REVIEW,20260907,0,Q4,OC,SS,CC,0.5718065440512561,52
REFUGE_Valid,SEALED_REVIEW,20260907,0,Q4,OC,SS,SAME64_HOLD,-2.549312644430401,52
REFUGE_Valid,SEALED_REVIEW,20260907,0,Q4,OC,SC,SAME64_HOLD,-2.5987252118291195,52
REFUGE_Valid,SEALED_REVIEW,20260907,0,Q4,OC,CS,CROSS64_HOLD,-2.282447166662692,52
REFUGE_Valid,SEALED_REVIEW,20260907,0,Q4,OC,CC,CROSS64_HOLD,-2.3234389710380157,52
REFUGE_Valid,SEALED_REVIEW,20260907,0,Q4,OC,SS,C_CONT,6.333379812786518,52
REFUGE_Valid,SEALED_REVIEW,20260907,0,Q4,OC,SS,ANCHOR,6.15986699692575,52
REFUGE_Valid,SEALED_REVIEW,20260907,0,Q4,OC,SS,SOURCE_HOLD,-2.4283058973525016,52
REFUGE_Valid,SEALED_REVIEW,20260907,0,Q4,OC,SC,C_CONT,6.2839672453877995,52
REFUGE_Valid,SEALED_REVIEW,20260907,0,Q4,OC,SC,ANCHOR,6.1104544295270316,52
REFUGE_Valid,SEALED_REVIEW,20260907,0,Q4,OC,SC,SOURCE_HOLD,-2.47771846475122,52
REFUGE_Valid,SEALED_REVIEW,20260907,0,Q4,OC,CS,C_CONT,5.802565073110586,52
REFUGE_Valid,SEALED_REVIEW,20260907,0,Q4,OC,CS,ANCHOR,5.629052257249818,52
REFUGE_Valid,SEALED_REVIEW,20260907,0,Q4,OC,CS,SOURCE_HOLD,-2.959120637028434,52
REFUGE_Valid,SEALED_REVIEW,20260907,0,Q4,OC,CC,C_CONT,5.761573268735262,52
REFUGE_Valid,SEALED_REVIEW,20260907,0,Q4,OC,CC,ANCHOR,5.588060452874494,52
REFUGE_Valid,SEALED_REVIEW,20260907,0,Q4,OC,CC,SOURCE_HOLD,-3.0001124414037577,52
REFUGE_Valid,SEALED_REVIEW,20260907,0,Q4,OC,OPTIMIZER_BY_PARAMETER_INTERACTION,ALGEBRA,-0.008420763023394784,52
ORIGA,SEARCH,20260907,1,ALL,OD,SC,SS,0.6478412424312552,316
ORIGA,SEARCH,20260907,1,ALL,OD,CC,CS,0.7114104620775805,316
ORIGA,SEARCH,20260907,1,ALL,OD,SS,CS,2.4526114954901743,316
ORIGA,SEARCH,20260907,1,ALL,OD,SC,CC,2.389042275843849,316
ORIGA,SEARCH,20260907,1,ALL,OD,SS,CC,1.7412010334125938,316
ORIGA,SEARCH,20260907,1,ALL,OD,SS,SAME64_HOLD,5.8074880482135995,316
ORIGA,SEARCH,20260907,1,ALL,OD,SC,SAME64_HOLD,6.455329290644855,316
ORIGA,SEARCH,20260907,1,ALL,OD,CS,CROSS64_HOLD,8.652907503153116,316
ORIGA,SEARCH,20260907,1,ALL,OD,CC,CROSS64_HOLD,9.364317965230697,316
ORIGA,SEARCH,20260907,1,ALL,OD,SS,C_CONT,-2.2012937547514895,316
ORIGA,SEARCH,20260907,1,ALL,OD,SS,ANCHOR,-2.49834045864381,316
ORIGA,SEARCH,20260907,1,ALL,OD,SS,SOURCE_HOLD,10.478034543579824,316
ORIGA,SEARCH,20260907,1,ALL,OD,SC,C_CONT,-1.5534525123202343,316
ORIGA,SEARCH,20260907,1,ALL,OD,SC,ANCHOR,-1.8504992162125546,316
ORIGA,SEARCH,20260907,1,ALL,OD,SC,SOURCE_HOLD,11.125875786011079,316
ORIGA,SEARCH,20260907,1,ALL,OD,CS,C_CONT,-4.653905250241664,316
ORIGA,SEARCH,20260907,1,ALL,OD,CS,ANCHOR,-4.950951954133984,316
ORIGA,SEARCH,20260907,1,ALL,OD,CS,SOURCE_HOLD,8.02542304808965,316
ORIGA,SEARCH,20260907,1,ALL,OD,CC,C_CONT,-3.9424947881640833,316
ORIGA,SEARCH,20260907,1,ALL,OD,CC,ANCHOR,-4.239541492056404,316
ORIGA,SEARCH,20260907,1,ALL,OD,CC,SOURCE_HOLD,8.73683351016723,316
ORIGA,SEARCH,20260907,1,ALL,OD,OPTIMIZER_BY_PARAMETER_INTERACTION,ALGEBRA,-0.06356921964632534,316
ORIGA,SEARCH,20260907,1,ALL,OC,SC,SS,0.6578244354216594,316
ORIGA,SEARCH,20260907,1,ALL,OC,CC,CS,0.6183904589833134,316
ORIGA,SEARCH,20260907,1,ALL,OC,SS,CS,3.3437816411721286,316
ORIGA,SEARCH,20260907,1,ALL,OC,SC,CC,3.3832156176104746,316
ORIGA,SEARCH,20260907,1,ALL,OC,SS,CC,2.7253911821888153,316
ORIGA,SEARCH,20260907,1,ALL,OC,SS,SAME64_HOLD,6.882282196215812,316
ORIGA,SEARCH,20260907,1,ALL,OC,SC,SAME64_HOLD,7.540106631637471,316
ORIGA,SEARCH,20260907,1,ALL,OC,CS,CROSS64_HOLD,9.831013566350997,316
ORIGA,SEARCH,20260907,1,ALL,OC,CC,CROSS64_HOLD,10.44940402533431,316
ORIGA,SEARCH,20260907,1,ALL,OC,SS,C_CONT,-0.694506541655926,316
ORIGA,SEARCH,20260907,1,ALL,OC,SS,ANCHOR,-1.4626014793473985,316
ORIGA,SEARCH,20260907,1,ALL,OC,SS,SOURCE_HOLD,12.423477329141889,316
ORIGA,SEARCH,20260907,1,ALL,OC,SC,C_CONT,-0.0366821062342666,316
ORIGA,SEARCH,20260907,1,ALL,OC,SC,ANCHOR,-0.8047770439257391,316
ORIGA,SEARCH,20260907,1,ALL,OC,SC,SOURCE_HOLD,13.081301764563548,316
ORIGA,SEARCH,20260907,1,ALL,OC,CS,C_CONT,-4.038288182828055,316
ORIGA,SEARCH,20260907,1,ALL,OC,CS,ANCHOR,-4.806383120519527,316
ORIGA,SEARCH,20260907,1,ALL,OC,CS,SOURCE_HOLD,9.07969568796976,316
ORIGA,SEARCH,20260907,1,ALL,OC,CC,C_CONT,-3.419897723844741,316
ORIGA,SEARCH,20260907,1,ALL,OC,CC,ANCHOR,-4.187992661536214,316
ORIGA,SEARCH,20260907,1,ALL,OC,CC,SOURCE_HOLD,9.698086146953074,316
ORIGA,SEARCH,20260907,1,ALL,OC,OPTIMIZER_BY_PARAMETER_INTERACTION,ALGEBRA,0.03943397643834601,316
ORIGA,SEARCH,20260907,1,Q1,OD,SC,SS,0.6677264449996443,81
ORIGA,SEARCH,20260907,1,Q1,OD,CC,CS,0.761036334397005,81
ORIGA,SEARCH,20260907,1,Q1,OD,SS,CS,4.152360358401651,81
ORIGA,SEARCH,20260907,1,Q1,OD,SC,CC,4.059050469004291,81
ORIGA,SEARCH,20260907,1,Q1,OD,SS,CC,3.3913240240046463,81
ORIGA,SEARCH,20260907,1,Q1,OD,SS,SAME64_HOLD,3.635149171498668,81
ORIGA,SEARCH,20260907,1,Q1,OD,SC,SAME64_HOLD,4.302875616498312,81
ORIGA,SEARCH,20260907,1,Q1,OD,CS,CROSS64_HOLD,4.874594803049078,81
ORIGA,SEARCH,20260907,1,Q1,OD,CC,CROSS64_HOLD,5.635631137446083,81
ORIGA,SEARCH,20260907,1,Q1,OD,SS,C_CONT,-3.491264322617681,81
ORIGA,SEARCH,20260907,1,Q1,OD,SS,ANCHOR,-4.135530468579418,81
ORIGA,SEARCH,20260907,1,Q1,OD,SS,SOURCE_HOLD,8.28969893087492,81
ORIGA,SEARCH,20260907,1,Q1,OD,SC,C_CONT,-2.823537877618037,81
ORIGA,SEARCH,20260907,1,Q1,OD,SC,ANCHOR,-3.467804023579774,81
ORIGA,SEARCH,20260907,1,Q1,OD,SC,SOURCE_HOLD,8.957425375874564,81
ORIGA,SEARCH,20260907,1,Q1,OD,CS,C_CONT,-7.6436246810193325,81
ORIGA,SEARCH,20260907,1,Q1,OD,CS,ANCHOR,-8.28789082698107,81
ORIGA,SEARCH,20260907,1,Q1,OD,CS,SOURCE_HOLD,4.1373385724732685,81
ORIGA,SEARCH,20260907,1,Q1,OD,CC,C_CONT,-6.882588346622327,81
ORIGA,SEARCH,20260907,1,Q1,OD,CC,ANCHOR,-7.526854492584064,81
ORIGA,SEARCH,20260907,1,Q1,OD,CC,SOURCE_HOLD,4.8983749068702735,81
ORIGA,SEARCH,20260907,1,Q1,OD,OPTIMIZER_BY_PARAMETER_INTERACTION,ALGEBRA,-0.09330988939736073,81
ORIGA,SEARCH,20260907,1,Q1,OC,SC,SS,0.7699772654803496,81
ORIGA,SEARCH,20260907,1,Q1,OC,CC,CS,0.742481830218658,81
ORIGA,SEARCH,20260907,1,Q1,OC,SS,CS,5.651314621766375,81
ORIGA,SEARCH,20260907,1,Q1,OC,SC,CC,5.678810057028066,81
ORIGA,SEARCH,20260907,1,Q1,OC,SS,CC,4.908832791547717,81
ORIGA,SEARCH,20260907,1,Q1,OC,SS,SAME64_HOLD,4.46978984174136,81
ORIGA,SEARCH,20260907,1,Q1,OC,SC,SAME64_HOLD,5.239767107221709,81
ORIGA,SEARCH,20260907,1,Q1,OC,CS,CROSS64_HOLD,5.400740880365859,81
ORIGA,SEARCH,20260907,1,Q1,OC,CC,CROSS64_HOLD,6.143222710584517,81
ORIGA,SEARCH,20260907,1,Q1,OC,SS,C_CONT,-1.223786399756733,81
ORIGA,SEARCH,20260907,1,Q1,OC,SS,ANCHOR,-1.9218692296733195,81
ORIGA,SEARCH,20260907,1,Q1,OC,SS,SOURCE_HOLD,10.384336181764354,81
ORIGA,SEARCH,20260907,1,Q1,OC,SC,C_CONT,-0.4538091342763835,81
ORIGA,SEARCH,20260907,1,Q1,OC,SC,ANCHOR,-1.15189196419297,81
ORIGA,SEARCH,20260907,1,Q1,OC,SC,SOURCE_HOLD,11.154313447244704,81
ORIGA,SEARCH,20260907,1,Q1,OC,CS,C_CONT,-6.875101021523108,81
ORIGA,SEARCH,20260907,1,Q1,OC,CS,ANCHOR,-7.573183851439694,81
ORIGA,SEARCH,20260907,1,Q1,OC,CS,SOURCE_HOLD,4.7330215599979795,81
ORIGA,SEARCH,20260907,1,Q1,OC,CC,C_CONT,-6.13261919130445,81
ORIGA,SEARCH,20260907,1,Q1,OC,CC,ANCHOR,-6.830702021221036,81
ORIGA,SEARCH,20260907,1,Q1,OC,CC,SOURCE_HOLD,5.4755033902166375,81
ORIGA,SEARCH,20260907,1,Q1,OC,OPTIMIZER_BY_PARAMETER_INTERACTION,ALGEBRA,0.027495435261691625,81
ORIGA,SEARCH,20260907,1,FIRST64,OD,SC,SS,0.26336369030549633,35
ORIGA,SEARCH,20260907,1,FIRST64,OD,CC,CS,0.32192673229653224,35
ORIGA,SEARCH,20260907,1,FIRST64,OD,SS,CS,3.8515484309749155,35
ORIGA,SEARCH,20260907,1,FIRST64,OD,SC,CC,3.7929853889838796,35
ORIGA,SEARCH,20260907,1,FIRST64,OD,SS,CC,3.5296216986783833,35
ORIGA,SEARCH,20260907,1,FIRST64,OD,SS,SAME64_HOLD,1.4553531513719662,35
ORIGA,SEARCH,20260907,1,FIRST64,OD,SC,SAME64_HOLD,1.7187168416774625,35
ORIGA,SEARCH,20260907,1,FIRST64,OD,CS,CROSS64_HOLD,2.304103087550132,35
ORIGA,SEARCH,20260907,1,FIRST64,OD,CC,CROSS64_HOLD,2.6260298198466643,35
ORIGA,SEARCH,20260907,1,FIRST64,OD,SS,C_CONT,-2.9408168599384084,35
ORIGA,SEARCH,20260907,1,FIRST64,OD,SS,ANCHOR,-3.64861013277563,35
ORIGA,SEARCH,20260907,1,FIRST64,OD,SS,SOURCE_HOLD,5.6533121381832245,35
ORIGA,SEARCH,20260907,1,FIRST64,OD,SC,C_CONT,-2.677453169632912,35
ORIGA,SEARCH,20260907,1,FIRST64,OD,SC,ANCHOR,-3.385246442470134,35
ORIGA,SEARCH,20260907,1,FIRST64,OD,SC,SOURCE_HOLD,5.916675828488721,35
ORIGA,SEARCH,20260907,1,FIRST64,OD,CS,C_CONT,-6.792365290913324,35
ORIGA,SEARCH,20260907,1,FIRST64,OD,CS,ANCHOR,-7.500158563750546,35
ORIGA,SEARCH,20260907,1,FIRST64,OD,CS,SOURCE_HOLD,1.801763707208309,35
ORIGA,SEARCH,20260907,1,FIRST64,OD,CC,C_CONT,-6.470438558616792,35
ORIGA,SEARCH,20260907,1,FIRST64,OD,CC,ANCHOR,-7.1782318314540134,35
ORIGA,SEARCH,20260907,1,FIRST64,OD,CC,SOURCE_HOLD,2.1236904395048413,35
ORIGA,SEARCH,20260907,1,FIRST64,OD,OPTIMIZER_BY_PARAMETER_INTERACTION,ALGEBRA,-0.0585630419910359,35
ORIGA,SEARCH,20260907,1,FIRST64,OC,SC,SS,0.19575115733942994,35
ORIGA,SEARCH,20260907,1,FIRST64,OC,CC,CS,0.17531334785842034,35
ORIGA,SEARCH,20260907,1,FIRST64,OC,SS,CS,5.29073495493207,35
ORIGA,SEARCH,20260907,1,FIRST64,OC,SC,CC,5.3111727644130795,35
ORIGA,SEARCH,20260907,1,FIRST64,OC,SS,CC,5.11542160707365,35
ORIGA,SEARCH,20260907,1,FIRST64,OC,SS,SAME64_HOLD,1.763897777811252,35
ORIGA,SEARCH,20260907,1,FIRST64,OC,SC,SAME64_HOLD,1.9596489351506818,35
ORIGA,SEARCH,20260907,1,FIRST64,OC,CS,CROSS64_HOLD,2.936764977026641,35
ORIGA,SEARCH,20260907,1,FIRST64,OC,CC,CROSS64_HOLD,3.1120783248850614,35
ORIGA,SEARCH,20260907,1,FIRST64,OC,SS,C_CONT,0.31481407179174425,35
ORIGA,SEARCH,20260907,1,FIRST64,OC,SS,ANCHOR,-0.5333400240663764,35
ORIGA,SEARCH,20260907,1,FIRST64,OC,SS,SOURCE_HOLD,7.747645085419194,35
ORIGA,SEARCH,20260907,1,FIRST64,OC,SC,C_CONT,0.5105652291311742,35
ORIGA,SEARCH,20260907,1,FIRST64,OC,SC,ANCHOR,-0.33758886672694643,35
ORIGA,SEARCH,20260907,1,FIRST64,OC,SC,SOURCE_HOLD,7.943396242758624,35
ORIGA,SEARCH,20260907,1,FIRST64,OC,CS,C_CONT,-4.975920883140326,35
ORIGA,SEARCH,20260907,1,FIRST64,OC,CS,ANCHOR,-5.824074978998446,35
ORIGA,SEARCH,20260907,1,FIRST64,OC,CS,SOURCE_HOLD,2.456910130487124,35
ORIGA,SEARCH,20260907,1,FIRST64,OC,CC,C_CONT,-4.800607535281905,35
ORIGA,SEARCH,20260907,1,FIRST64,OC,CC,ANCHOR,-5.648761631140026,35
ORIGA,SEARCH,20260907,1,FIRST64,OC,CC,SOURCE_HOLD,2.6322234783455443,35
ORIGA,SEARCH,20260907,1,FIRST64,OC,OPTIMIZER_BY_PARAMETER_INTERACTION,ALGEBRA,0.020437809481009594,35
ORIGA,SEALED_REVIEW,20260907,1,ALL,OD,SC,SS,0.6186294153387877,210
ORIGA,SEALED_REVIEW,20260907,1,ALL,OD,CC,CS,0.6816366084224654,210
ORIGA,SEALED_REVIEW,20260907,1,ALL,OD,SS,CS,2.4654868614337744,210
ORIGA,SEALED_REVIEW,20260907,1,ALL,OD,SC,CC,2.4024796683500966,210
ORIGA,SEALED_REVIEW,20260907,1,ALL,OD,SS,CC,1.783850253011309,210
ORIGA,SEALED_REVIEW,20260907,1,ALL,OD,SS,SAME64_HOLD,5.559763493956041,210
ORIGA,SEALED_REVIEW,20260907,1,ALL,OD,SC,SAME64_HOLD,6.178392909294828,210
ORIGA,SEALED_REVIEW,20260907,1,ALL,OD,CS,CROSS64_HOLD,8.57293818375257,210
ORIGA,SEALED_REVIEW,20260907,1,ALL,OD,CC,CROSS64_HOLD,9.254574792175035,210
ORIGA,SEALED_REVIEW,20260907,1,ALL,OD,SS,C_CONT,-1.9994937521745868,210
ORIGA,SEALED_REVIEW,20260907,1,ALL,OD,SS,ANCHOR,-2.2173311340690844,210
ORIGA,SEALED_REVIEW,20260907,1,ALL,OD,SS,SOURCE_HOLD,10.625324426061908,210
ORIGA,SEALED_REVIEW,20260907,1,ALL,OD,SC,C_CONT,-1.3808643368357991,210
ORIGA,SEALED_REVIEW,20260907,1,ALL,OD,SC,ANCHOR,-1.5987017187302968,210
ORIGA,SEALED_REVIEW,20260907,1,ALL,OD,SC,SOURCE_HOLD,11.243953841400696,210
ORIGA,SEALED_REVIEW,20260907,1,ALL,OD,CS,C_CONT,-4.464980613608361,210
ORIGA,SEALED_REVIEW,20260907,1,ALL,OD,CS,ANCHOR,-4.682817995502859,210
ORIGA,SEALED_REVIEW,20260907,1,ALL,OD,CS,SOURCE_HOLD,8.159837564628134,210
ORIGA,SEALED_REVIEW,20260907,1,ALL,OD,CC,C_CONT,-3.7833440051858958,210
ORIGA,SEALED_REVIEW,20260907,1,ALL,OD,CC,ANCHOR,-4.001181387080393,210
ORIGA,SEALED_REVIEW,20260907,1,ALL,OD,CC,SOURCE_HOLD,8.8414741730506,210
ORIGA,SEALED_REVIEW,20260907,1,ALL,OD,OPTIMIZER_BY_PARAMETER_INTERACTION,ALGEBRA,-0.06300719308367775,210
ORIGA,SEALED_REVIEW,20260907,1,ALL,OC,SC,SS,0.5236540977764861,210
ORIGA,SEALED_REVIEW,20260907,1,ALL,OC,CC,CS,0.6427961770600774,210
ORIGA,SEALED_REVIEW,20260907,1,ALL,OC,SS,CS,3.3220881090331176,210
ORIGA,SEALED_REVIEW,20260907,1,ALL,OC,SC,CC,3.2029460297495262,210
ORIGA,SEALED_REVIEW,20260907,1,ALL,OC,SS,CC,2.67929193197304,210
ORIGA,SEALED_REVIEW,20260907,1,ALL,OC,SS,SAME64_HOLD,6.164529238682604,210
ORIGA,SEALED_REVIEW,20260907,1,ALL,OC,SC,SAME64_HOLD,6.68818333645909,210
ORIGA,SEALED_REVIEW,20260907,1,ALL,OC,CS,CROSS64_HOLD,9.442662791692719,210
ORIGA,SEALED_REVIEW,20260907,1,ALL,OC,CC,CROSS64_HOLD,10.085458968752796,210
ORIGA,SEALED_REVIEW,20260907,1,ALL,OC,SS,C_CONT,-0.06283638568514505,210
ORIGA,SEALED_REVIEW,20260907,1,ALL,OC,SS,ANCHOR,-0.6383379369882789,210
ORIGA,SEALED_REVIEW,20260907,1,ALL,OC,SS,SOURCE_HOLD,12.206948283334967,210
ORIGA,SEALED_REVIEW,20260907,1,ALL,OC,SC,C_CONT,0.46081771209134104,210
ORIGA,SEALED_REVIEW,20260907,1,ALL,OC,SC,ANCHOR,-0.11468383921179282,210
ORIGA,SEALED_REVIEW,20260907,1,ALL,OC,SC,SOURCE_HOLD,12.730602381111453,210
ORIGA,SEALED_REVIEW,20260907,1,ALL,OC,CS,C_CONT,-3.3849244947182626,210
ORIGA,SEALED_REVIEW,20260907,1,ALL,OC,CS,ANCHOR,-3.9604260460213965,210
ORIGA,SEALED_REVIEW,20260907,1,ALL,OC,CS,SOURCE_HOLD,8.88486017430185,210
ORIGA,SEALED_REVIEW,20260907,1,ALL,OC,CC,C_CONT,-2.742128317658185,210
ORIGA,SEALED_REVIEW,20260907,1,ALL,OC,CC,ANCHOR,-3.317629868961319,210
ORIGA,SEALED_REVIEW,20260907,1,ALL,OC,CC,SOURCE_HOLD,9.527656351361927,210
ORIGA,SEALED_REVIEW,20260907,1,ALL,OC,OPTIMIZER_BY_PARAMETER_INTERACTION,ALGEBRA,-0.11914207928359133,210
ORIGA,SEALED_REVIEW,20260907,1,Q1,OD,SC,SS,0.7184064078425934,46
ORIGA,SEALED_REVIEW,20260907,1,Q1,OD,CC,CS,0.8382661194176535,46
ORIGA,SEALED_REVIEW,20260907,1,Q1,OD,SS,CS,5.381548385517334,46
ORIGA,SEALED_REVIEW,20260907,1,Q1,OD,SC,CC,5.261688673942274,46
ORIGA,SEALED_REVIEW,20260907,1,Q1,OD,SS,CC,4.5432822660996806,46
ORIGA,SEALED_REVIEW,20260907,1,Q1,OD,SS,SAME64_HOLD,4.009532804269043,46
ORIGA,SEALED_REVIEW,20260907,1,Q1,OD,SC,SAME64_HOLD,4.727939212111636,46
ORIGA,SEALED_REVIEW,20260907,1,Q1,OD,CS,CROSS64_HOLD,6.063452511315333,46
ORIGA,SEALED_REVIEW,20260907,1,Q1,OD,CC,CROSS64_HOLD,6.9017186307329865,46
ORIGA,SEALED_REVIEW,20260907,1,Q1,OD,SS,C_CONT,-3.689284623962976,46
ORIGA,SEALED_REVIEW,20260907,1,Q1,OD,SS,ANCHOR,-4.293794306711121,46
ORIGA,SEALED_REVIEW,20260907,1,Q1,OD,SS,SOURCE_HOLD,10.701977255588645,46
ORIGA,SEALED_REVIEW,20260907,1,Q1,OD,SC,C_CONT,-2.970878216120383,46
ORIGA,SEALED_REVIEW,20260907,1,Q1,OD,SC,ANCHOR,-3.5753878988685273,46
ORIGA,SEALED_REVIEW,20260907,1,Q1,OD,SC,SOURCE_HOLD,11.420383663431238,46
ORIGA,SEALED_REVIEW,20260907,1,Q1,OD,CS,C_CONT,-9.07083300948031,46
ORIGA,SEALED_REVIEW,20260907,1,Q1,OD,CS,ANCHOR,-9.675342692228455,46
ORIGA,SEALED_REVIEW,20260907,1,Q1,OD,CS,SOURCE_HOLD,5.320428870071311,46
ORIGA,SEALED_REVIEW,20260907,1,Q1,OD,CC,C_CONT,-8.232566890062657,46
ORIGA,SEALED_REVIEW,20260907,1,Q1,OD,CC,ANCHOR,-8.837076572810801,46
ORIGA,SEALED_REVIEW,20260907,1,Q1,OD,CC,SOURCE_HOLD,6.158694989488964,46
ORIGA,SEALED_REVIEW,20260907,1,Q1,OD,OPTIMIZER_BY_PARAMETER_INTERACTION,ALGEBRA,-0.11985971157506015,46
ORIGA,SEALED_REVIEW,20260907,1,Q1,OC,SC,SS,0.6737440559150798,46
ORIGA,SEALED_REVIEW,20260907,1,Q1,OC,CC,CS,0.922225247886935,46
ORIGA,SEALED_REVIEW,20260907,1,Q1,OC,SS,CS,7.116614780098935,46
ORIGA,SEALED_REVIEW,20260907,1,Q1,OC,SC,CC,6.86813358812708,46
ORIGA,SEALED_REVIEW,20260907,1,Q1,OC,SS,CC,6.194389532212,46
ORIGA,SEALED_REVIEW,20260907,1,Q1,OC,SS,SAME64_HOLD,5.69324027141613,46
ORIGA,SEALED_REVIEW,20260907,1,Q1,OC,SC,SAME64_HOLD,6.36698432733121,46
ORIGA,SEALED_REVIEW,20260907,1,Q1,OC,CS,CROSS64_HOLD,7.07120067895616,46
ORIGA,SEALED_REVIEW,20260907,1,Q1,OC,CC,CROSS64_HOLD,7.993425926843095,46
ORIGA,SEALED_REVIEW,20260907,1,Q1,OC,SS,C_CONT,-1.4279544272895777,46
ORIGA,SEALED_REVIEW,20260907,1,Q1,OC,SS,ANCHOR,-2.0925669618689824,46
ORIGA,SEALED_REVIEW,20260907,1,Q1,OC,SS,SOURCE_HOLD,13.03252332771541,46
ORIGA,SEALED_REVIEW,20260907,1,Q1,OC,SC,C_CONT,-0.7542103713744979,46
ORIGA,SEALED_REVIEW,20260907,1,Q1,OC,SC,ANCHOR,-1.4188229059539026,46
ORIGA,SEALED_REVIEW,20260907,1,Q1,OC,SC,SOURCE_HOLD,13.70626738363049,46
ORIGA,SEALED_REVIEW,20260907,1,Q1,OC,CS,C_CONT,-8.544569207388513,46
ORIGA,SEALED_REVIEW,20260907,1,Q1,OC,CS,ANCHOR,-9.209181741967917,46
ORIGA,SEALED_REVIEW,20260907,1,Q1,OC,CS,SOURCE_HOLD,5.915908547616475,46
ORIGA,SEALED_REVIEW,20260907,1,Q1,OC,CC,C_CONT,-7.622343959501578,46
ORIGA,SEALED_REVIEW,20260907,1,Q1,OC,CC,ANCHOR,-8.286956494080982,46
ORIGA,SEALED_REVIEW,20260907,1,Q1,OC,CC,SOURCE_HOLD,6.83813379550341,46
ORIGA,SEALED_REVIEW,20260907,1,Q1,OC,OPTIMIZER_BY_PARAMETER_INTERACTION,ALGEBRA,-0.24848119197185525,46
ORIGA,SEALED_REVIEW,20260907,1,FIRST64,OD,SC,SS,0.30127829032922193,20
ORIGA,SEALED_REVIEW,20260907,1,FIRST64,OD,CC,CS,0.3463131629823266,20
ORIGA,SEALED_REVIEW,20260907,1,FIRST64,OD,SS,CS,5.807121370648616,20
ORIGA,SEALED_REVIEW,20260907,1,FIRST64,OD,SC,CC,5.7620864979955115,20
ORIGA,SEALED_REVIEW,20260907,1,FIRST64,OD,SS,CC,5.46080820766629,20
ORIGA,SEALED_REVIEW,20260907,1,FIRST64,OD,SS,SAME64_HOLD,1.718536817608694,20
ORIGA,SEALED_REVIEW,20260907,1,FIRST64,OD,SC,SAME64_HOLD,2.019815107937916,20
ORIGA,SEALED_REVIEW,20260907,1,FIRST64,OD,CS,CROSS64_HOLD,3.4070793284565326,20
ORIGA,SEALED_REVIEW,20260907,1,FIRST64,OD,CC,CROSS64_HOLD,3.7533924914388592,20
ORIGA,SEALED_REVIEW,20260907,1,FIRST64,OD,SS,C_CONT,-3.6466000294485355,20
ORIGA,SEALED_REVIEW,20260907,1,FIRST64,OD,SS,ANCHOR,-4.236884469604661,20
ORIGA,SEALED_REVIEW,20260907,1,FIRST64,OD,SS,SOURCE_HOLD,8.286092061563252,20
ORIGA,SEALED_REVIEW,20260907,1,FIRST64,OD,SC,C_CONT,-3.3453217391193135,20
ORIGA,SEALED_REVIEW,20260907,1,FIRST64,OD,SC,ANCHOR,-3.935606179275439,20
ORIGA,SEALED_REVIEW,20260907,1,FIRST64,OD,SC,SOURCE_HOLD,8.587370351892474,20
ORIGA,SEALED_REVIEW,20260907,1,FIRST64,OD,CS,C_CONT,-9.453721400097152,20
ORIGA,SEALED_REVIEW,20260907,1,FIRST64,OD,CS,ANCHOR,-10.044005840253277,20
ORIGA,SEALED_REVIEW,20260907,1,FIRST64,OD,CS,SOURCE_HOLD,2.478970690914636,20
ORIGA,SEALED_REVIEW,20260907,1,FIRST64,OD,CC,C_CONT,-9.107408237114825,20
ORIGA,SEALED_REVIEW,20260907,1,FIRST64,OD,CC,ANCHOR,-9.69769267727095,20
ORIGA,SEALED_REVIEW,20260907,1,FIRST64,OD,CC,SOURCE_HOLD,2.8252838538969627,20
ORIGA,SEALED_REVIEW,20260907,1,FIRST64,OD,OPTIMIZER_BY_PARAMETER_INTERACTION,ALGEBRA,-0.045034872653104685,20
ORIGA,SEALED_REVIEW,20260907,1,FIRST64,OC,SC,SS,0.34846760779857533,20
ORIGA,SEALED_REVIEW,20260907,1,FIRST64,OC,CC,CS,0.28446686522136133,20
ORIGA,SEALED_REVIEW,20260907,1,FIRST64,OC,SS,CS,7.17357275892067,20
ORIGA,SEALED_REVIEW,20260907,1,FIRST64,OC,SC,CC,7.237573501497884,20
ORIGA,SEALED_REVIEW,20260907,1,FIRST64,OC,SS,CC,6.889105893699309,20
ORIGA,SEALED_REVIEW,20260907,1,FIRST64,OC,SS,SAME64_HOLD,2.3004375493667766,20
ORIGA,SEALED_REVIEW,20260907,1,FIRST64,OC,SC,SAME64_HOLD,2.648905157165352,20
ORIGA,SEALED_REVIEW,20260907,1,FIRST64,OC,CS,CROSS64_HOLD,4.2241356845356535,20
ORIGA,SEALED_REVIEW,20260907,1,FIRST64,OC,CC,CROSS64_HOLD,4.508602549757015,20
ORIGA,SEALED_REVIEW,20260907,1,FIRST64,OC,SS,C_CONT,-0.987987985470717,20
ORIGA,SEALED_REVIEW,20260907,1,FIRST64,OC,SS,ANCHOR,-1.480872375597734,20
ORIGA,SEALED_REVIEW,20260907,1,FIRST64,OC,SS,SOURCE_HOLD,10.000984838666326,20
ORIGA,SEALED_REVIEW,20260907,1,FIRST64,OC,SC,C_CONT,-0.6395203776721416,20
ORIGA,SEALED_REVIEW,20260907,1,FIRST64,OC,SC,ANCHOR,-1.1324047677991587,20
ORIGA,SEALED_REVIEW,20260907,1,FIRST64,OC,SC,SOURCE_HOLD,10.349452446464902,20
ORIGA,SEALED_REVIEW,20260907,1,FIRST64,OC,CS,C_CONT,-8.161560744391387,20
ORIGA,SEALED_REVIEW,20260907,1,FIRST64,OC,CS,ANCHOR,-8.654445134518404,20
ORIGA,SEALED_REVIEW,20260907,1,FIRST64,OC,CS,SOURCE_HOLD,2.827412079745656,20
ORIGA,SEALED_REVIEW,20260907,1,FIRST64,OC,CC,C_CONT,-7.877093879170026,20
ORIGA,SEALED_REVIEW,20260907,1,FIRST64,OC,CC,ANCHOR,-8.369978269297043,20
ORIGA,SEALED_REVIEW,20260907,1,FIRST64,OC,CC,SOURCE_HOLD,3.1118789449670174,20
ORIGA,SEALED_REVIEW,20260907,1,FIRST64,OC,OPTIMIZER_BY_PARAMETER_INTERACTION,ALGEBRA,0.064000742577214,20
ORIGA,SEARCH,20260907,1,Q2,OD,SC,SS,0.7426662845539056,70
ORIGA,SEARCH,20260907,1,Q2,OD,CC,CS,0.8785939994914713,70
ORIGA,SEARCH,20260907,1,Q2,OD,SS,CS,3.195161628296418,70
ORIGA,SEARCH,20260907,1,Q2,OD,SC,CC,3.0592339133588524,70
ORIGA,SEARCH,20260907,1,Q2,OD,SS,CC,2.316567628804947,70
ORIGA,SEARCH,20260907,1,Q2,OD,SS,SAME64_HOLD,6.46379373465507,70
ORIGA,SEARCH,20260907,1,Q2,OD,SC,SAME64_HOLD,7.206460019208976,70
ORIGA,SEARCH,20260907,1,Q2,OD,CS,CROSS64_HOLD,10.08588398322162,70
ORIGA,SEARCH,20260907,1,Q2,OD,CC,CROSS64_HOLD,10.964477982713092,70
ORIGA,SEARCH,20260907,1,Q2,OD,SS,C_CONT,-1.571171052893149,70
ORIGA,SEARCH,20260907,1,Q2,OD,SS,ANCHOR,-1.9397074421968483,70
ORIGA,SEARCH,20260907,1,Q2,OD,SS,SOURCE_HOLD,12.834560496346825,70
ORIGA,SEARCH,20260907,1,Q2,OD,SC,C_CONT,-0.8285047683392435,70
ORIGA,SEARCH,20260907,1,Q2,OD,SC,ANCHOR,-1.1970411576429427,70
ORIGA,SEARCH,20260907,1,Q2,OD,SC,SOURCE_HOLD,13.57722678090073,70
ORIGA,SEARCH,20260907,1,Q2,OD,CS,C_CONT,-4.766332681189567,70
ORIGA,SEARCH,20260907,1,Q2,OD,CS,ANCHOR,-5.1348690704932665,70
ORIGA,SEARCH,20260907,1,Q2,OD,CS,SOURCE_HOLD,9.639398868050407,70
ORIGA,SEARCH,20260907,1,Q2,OD,CC,C_CONT,-3.887738681698096,70
ORIGA,SEARCH,20260907,1,Q2,OD,CC,ANCHOR,-4.256275071001795,70
ORIGA,SEARCH,20260907,1,Q2,OD,CC,SOURCE_HOLD,10.517992867541878,70
ORIGA,SEARCH,20260907,1,Q2,OD,OPTIMIZER_BY_PARAMETER_INTERACTION,ALGEBRA,-0.13592771493756572,70
ORIGA,SEARCH,20260907,1,Q2,OC,SC,SS,0.7485191525992718,70
ORIGA,SEARCH,20260907,1,Q2,OC,CC,CS,0.6631894826061995,70
ORIGA,SEARCH,20260907,1,Q2,OC,SS,CS,3.9952244712328593,70
ORIGA,SEARCH,20260907,1,Q2,OC,SC,CC,4.080554141225932,70
ORIGA,SEARCH,20260907,1,Q2,OC,SS,CC,3.33203498862666,70
ORIGA,SEARCH,20260907,1,Q2,OC,SS,SAME64_HOLD,7.442640125861594,70
ORIGA,SEARCH,20260907,1,Q2,OC,SC,SAME64_HOLD,8.191159278460866,70
ORIGA,SEARCH,20260907,1,Q2,OC,CS,CROSS64_HOLD,11.943779860518887,70
ORIGA,SEARCH,20260907,1,Q2,OC,CC,CROSS64_HOLD,12.606969343125087,70
ORIGA,SEARCH,20260907,1,Q2,OC,SS,C_CONT,-0.07817298204143697,70
ORIGA,SEARCH,20260907,1,Q2,OC,SS,ANCHOR,-1.0307701004927878,70
ORIGA,SEARCH,20260907,1,Q2,OC,SS,SOURCE_HOLD,14.518900339605665,70
ORIGA,SEARCH,20260907,1,Q2,OC,SC,C_CONT,0.6703461705578349,70
ORIGA,SEARCH,20260907,1,Q2,OC,SC,ANCHOR,-0.282250947893516,70
ORIGA,SEARCH,20260907,1,Q2,OC,SC,SOURCE_HOLD,15.267419492204937,70
ORIGA,SEARCH,20260907,1,Q2,OC,CS,C_CONT,-4.073397453274296,70
ORIGA,SEARCH,20260907,1,Q2,OC,CS,ANCHOR,-5.025994571725647,70
ORIGA,SEARCH,20260907,1,Q2,OC,CS,SOURCE_HOLD,10.523675868372806,70
ORIGA,SEARCH,20260907,1,Q2,OC,CC,C_CONT,-3.4102079706680968,70
ORIGA,SEARCH,20260907,1,Q2,OC,CC,ANCHOR,-4.362805089119448,70
ORIGA,SEARCH,20260907,1,Q2,OC,CC,SOURCE_HOLD,11.186865350979005,70
ORIGA,SEARCH,20260907,1,Q2,OC,OPTIMIZER_BY_PARAMETER_INTERACTION,ALGEBRA,0.08532966999307234,70
ORIGA,SEALED_REVIEW,20260907,1,Q2,OD,SC,SS,0.7063468389660983,62
ORIGA,SEALED_REVIEW,20260907,1,Q2,OD,CC,CS,0.8505313902657434,62
ORIGA,SEALED_REVIEW,20260907,1,Q2,OD,SS,CS,2.8452116665583134,62
ORIGA,SEALED_REVIEW,20260907,1,Q2,OD,SC,CC,2.7010271152586682,62
ORIGA,SEALED_REVIEW,20260907,1,Q2,OD,SS,CC,1.99468027629257,62
ORIGA,SEALED_REVIEW,20260907,1,Q2,OD,SS,SAME64_HOLD,7.435064996769711,62
ORIGA,SEALED_REVIEW,20260907,1,Q2,OD,SC,SAME64_HOLD,8.14141183573581,62
ORIGA,SEALED_REVIEW,20260907,1,Q2,OD,CS,CROSS64_HOLD,11.231021685018959,62
ORIGA,SEALED_REVIEW,20260907,1,Q2,OD,CC,CROSS64_HOLD,12.081553075284702,62
ORIGA,SEALED_REVIEW,20260907,1,Q2,OD,SS,C_CONT,-0.7418072818778683,62
ORIGA,SEALED_REVIEW,20260907,1,Q2,OD,SS,ANCHOR,-0.9160352198662878,62
ORIGA,SEALED_REVIEW,20260907,1,Q2,OD,SS,SOURCE_HOLD,13.77347700947088,62
ORIGA,SEALED_REVIEW,20260907,1,Q2,OD,SC,C_CONT,-0.035460442911769974,62
ORIGA,SEALED_REVIEW,20260907,1,Q2,OD,SC,ANCHOR,-0.20968838090018949,62
ORIGA,SEALED_REVIEW,20260907,1,Q2,OD,SC,SOURCE_HOLD,14.479823848436979,62
ORIGA,SEALED_REVIEW,20260907,1,Q2,OD,CS,C_CONT,-3.5870189484361816,62
ORIGA,SEALED_REVIEW,20260907,1,Q2,OD,CS,ANCHOR,-3.761246886424601,62
ORIGA,SEALED_REVIEW,20260907,1,Q2,OD,CS,SOURCE_HOLD,10.928265342912567,62
ORIGA,SEALED_REVIEW,20260907,1,Q2,OD,CC,C_CONT,-2.736487558170438,62
ORIGA,SEALED_REVIEW,20260907,1,Q2,OD,CC,ANCHOR,-2.9107154961588577,62
ORIGA,SEALED_REVIEW,20260907,1,Q2,OD,CC,SOURCE_HOLD,11.77879673317831,62
ORIGA,SEALED_REVIEW,20260907,1,Q2,OD,OPTIMIZER_BY_PARAMETER_INTERACTION,ALGEBRA,-0.14418455129964514,62
ORIGA,SEALED_REVIEW,20260907,1,Q2,OC,SC,SS,0.7609958045689496,62
ORIGA,SEALED_REVIEW,20260907,1,Q2,OC,CC,CS,1.0116336242460306,62
ORIGA,SEALED_REVIEW,20260907,1,Q2,OC,SS,CS,4.136445340828374,62
ORIGA,SEALED_REVIEW,20260907,1,Q2,OC,SC,CC,3.8858075211512926,62
ORIGA,SEALED_REVIEW,20260907,1,Q2,OC,SS,CC,3.124811716582343,62
ORIGA,SEALED_REVIEW,20260907,1,Q2,OC,SS,SAME64_HOLD,8.175761997789415,62
ORIGA,SEALED_REVIEW,20260907,1,Q2,OC,SC,SAME64_HOLD,8.936757802358365,62
ORIGA,SEALED_REVIEW,20260907,1,Q2,OC,CS,CROSS64_HOLD,12.287801040131605,62
ORIGA,SEALED_REVIEW,20260907,1,Q2,OC,CC,CROSS64_HOLD,13.299434664377635,62
ORIGA,SEALED_REVIEW,20260907,1,Q2,OC,SS,C_CONT,0.7125809149752627,62
ORIGA,SEALED_REVIEW,20260907,1,Q2,OC,SS,ANCHOR,0.16556516779303365,62
ORIGA,SEALED_REVIEW,20260907,1,Q2,OC,SS,SOURCE_HOLD,16.4231080834573,62
ORIGA,SEALED_REVIEW,20260907,1,Q2,OC,SC,C_CONT,1.4735767195442122,62
ORIGA,SEALED_REVIEW,20260907,1,Q2,OC,SC,ANCHOR,0.9265609723619832,62
ORIGA,SEALED_REVIEW,20260907,1,Q2,OC,SC,SOURCE_HOLD,17.18410388802625,62
ORIGA,SEALED_REVIEW,20260907,1,Q2,OC,CS,C_CONT,-3.423864425853111,62
ORIGA,SEALED_REVIEW,20260907,1,Q2,OC,CS,ANCHOR,-3.97088017303534,62
ORIGA,SEALED_REVIEW,20260907,1,Q2,OC,CS,SOURCE_HOLD,12.286662742628927,62
ORIGA,SEALED_REVIEW,20260907,1,Q2,OC,CC,C_CONT,-2.4122308016070804,62
ORIGA,SEALED_REVIEW,20260907,1,Q2,OC,CC,ANCHOR,-2.9592465487893094,62
ORIGA,SEALED_REVIEW,20260907,1,Q2,OC,CC,SOURCE_HOLD,13.298296366874958,62
ORIGA,SEALED_REVIEW,20260907,1,Q2,OC,OPTIMIZER_BY_PARAMETER_INTERACTION,ALGEBRA,-0.2506378196770811,62
ORIGA,SEALED_REVIEW,20260907,1,Q3,OD,SC,SS,0.6482303611140026,45
ORIGA,SEALED_REVIEW,20260907,1,Q3,OD,CC,CS,0.5995570034514799,45
ORIGA,SEALED_REVIEW,20260907,1,Q3,OD,SS,CS,1.7945607267552077,45
ORIGA,SEALED_REVIEW,20260907,1,Q3,OD,SC,CC,1.8432340844177304,45
ORIGA,SEALED_REVIEW,20260907,1,Q3,OD,SS,CC,1.1950037233037278,45
ORIGA,SEALED_REVIEW,20260907,1,Q3,OD,SS,SAME64_HOLD,7.382194313008753,45
ORIGA,SEALED_REVIEW,20260907,1,Q3,OD,SC,SAME64_HOLD,8.030424674122756,45
ORIGA,SEALED_REVIEW,20260907,1,Q3,OD,CS,CROSS64_HOLD,11.817046519477856,45
ORIGA,SEALED_REVIEW,20260907,1,Q3,OD,CC,CROSS64_HOLD,12.416603522929336,45
ORIGA,SEALED_REVIEW,20260907,1,Q3,OD,SS,C_CONT,-1.6278184417578814,45
ORIGA,SEALED_REVIEW,20260907,1,Q3,OD,SS,ANCHOR,-1.8446871821865756,45
ORIGA,SEALED_REVIEW,20260907,1,Q3,OD,SS,SOURCE_HOLD,13.314566775863057,45
ORIGA,SEALED_REVIEW,20260907,1,Q3,OD,SC,C_CONT,-0.9795880806438788,45
ORIGA,SEALED_REVIEW,20260907,1,Q3,OD,SC,ANCHOR,-1.196456821072573,45
ORIGA,SEALED_REVIEW,20260907,1,Q3,OD,SC,SOURCE_HOLD,13.96279713697706,45
ORIGA,SEALED_REVIEW,20260907,1,Q3,OD,CS,C_CONT,-3.422379168513089,45
ORIGA,SEALED_REVIEW,20260907,1,Q3,OD,CS,ANCHOR,-3.6392479089417833,45
ORIGA,SEALED_REVIEW,20260907,1,Q3,OD,CS,SOURCE_HOLD,11.520006049107849,45
ORIGA,SEALED_REVIEW,20260907,1,Q3,OD,CC,C_CONT,-2.822822165061609,45
ORIGA,SEALED_REVIEW,20260907,1,Q3,OD,CC,ANCHOR,-3.0396909054903034,45
ORIGA,SEALED_REVIEW,20260907,1,Q3,OD,CC,SOURCE_HOLD,12.119563052559329,45
ORIGA,SEALED_REVIEW,20260907,1,Q3,OD,OPTIMIZER_BY_PARAMETER_INTERACTION,ALGEBRA,0.048673357662522676,45
ORIGA,SEALED_REVIEW,20260907,1,Q3,OC,SC,SS,0.4538574877422974,45
ORIGA,SEALED_REVIEW,20260907,1,Q3,OC,CC,CS,0.42945436162519,45
ORIGA,SEALED_REVIEW,20260907,1,Q3,OC,SS,CS,2.418345416702948,45
ORIGA,SEALED_REVIEW,20260907,1,Q3,OC,SC,CC,2.4427485428200555,45
ORIGA,SEALED_REVIEW,20260907,1,Q3,OC,SS,CC,1.988891055077758,45
ORIGA,SEALED_REVIEW,20260907,1,Q3,OC,SS,SAME64_HOLD,9.303799240688434,45
ORIGA,SEALED_REVIEW,20260907,1,Q3,OC,SC,SAME64_HOLD,9.757656728430732,45
ORIGA,SEALED_REVIEW,20260907,1,Q3,OC,CS,CROSS64_HOLD,14.583139807419158,45
ORIGA,SEALED_REVIEW,20260907,1,Q3,OC,CC,CROSS64_HOLD,15.012594169044348,45
ORIGA,SEALED_REVIEW,20260907,1,Q3,OC,SS,C_CONT,0.6843406722305474,45
ORIGA,SEALED_REVIEW,20260907,1,Q3,OC,SS,ANCHOR,0.056702008762016476,45
ORIGA,SEALED_REVIEW,20260907,1,Q3,OC,SS,SOURCE_HOLD,16.25743852421131,45
ORIGA,SEALED_REVIEW,20260907,1,Q3,OC,SC,C_CONT,1.1381981599728448,45
ORIGA,SEALED_REVIEW,20260907,1,Q3,OC,SC,ANCHOR,0.5105594965043139,45
ORIGA,SEALED_REVIEW,20260907,1,Q3,OC,SC,SOURCE_HOLD,16.711296011953607,45
ORIGA,SEALED_REVIEW,20260907,1,Q3,OC,CS,C_CONT,-1.7340047444724007,45
ORIGA,SEALED_REVIEW,20260907,1,Q3,OC,CS,ANCHOR,-2.3616434079409316,45
ORIGA,SEALED_REVIEW,20260907,1,Q3,OC,CS,SOURCE_HOLD,13.839093107508361,45
ORIGA,SEALED_REVIEW,20260907,1,Q3,OC,CC,C_CONT,-1.3045503828472107,45
ORIGA,SEALED_REVIEW,20260907,1,Q3,OC,CC,ANCHOR,-1.9321890463157416,45
ORIGA,SEALED_REVIEW,20260907,1,Q3,OC,CC,SOURCE_HOLD,14.268547469133551,45
ORIGA,SEALED_REVIEW,20260907,1,Q3,OC,OPTIMIZER_BY_PARAMETER_INTERACTION,ALGEBRA,0.024403126117107377,45
ORIGA,SEARCH,20260907,1,Q3,OD,SC,SS,0.6755781742489688,88
ORIGA,SEARCH,20260907,1,Q3,OD,CC,CS,0.7155005851720233,88
ORIGA,SEARCH,20260907,1,Q3,OD,SS,CS,2.1776993553167188,88
ORIGA,SEARCH,20260907,1,Q3,OD,SC,CC,2.1377769443936643,88
ORIGA,SEARCH,20260907,1,Q3,OD,SS,CC,1.4621987701446955,88
ORIGA,SEARCH,20260907,1,Q3,OD,SS,SAME64_HOLD,9.010585463813072,88
ORIGA,SEARCH,20260907,1,Q3,OD,SC,SAME64_HOLD,9.686163638062041,88
ORIGA,SEARCH,20260907,1,Q3,OD,CS,CROSS64_HOLD,13.494303835488054,88
ORIGA,SEARCH,20260907,1,Q3,OD,CC,CROSS64_HOLD,14.209804420660078,88
ORIGA,SEARCH,20260907,1,Q3,OD,SS,C_CONT,-0.9855712163450363,88
ORIGA,SEARCH,20260907,1,Q3,OD,SS,ANCHOR,-1.14695834791209,88
ORIGA,SEARCH,20260907,1,Q3,OD,SS,SOURCE_HOLD,14.965037697786443,88
ORIGA,SEARCH,20260907,1,Q3,OD,SC,C_CONT,-0.3099930420960675,88
ORIGA,SEARCH,20260907,1,Q3,OD,SC,ANCHOR,-0.4713801736631211,88
ORIGA,SEARCH,20260907,1,Q3,OD,SC,SOURCE_HOLD,15.640615872035411,88
ORIGA,SEARCH,20260907,1,Q3,OD,CS,C_CONT,-3.163270571661755,88
ORIGA,SEARCH,20260907,1,Q3,OD,CS,ANCHOR,-3.3246577032288087,88
ORIGA,SEARCH,20260907,1,Q3,OD,CS,SOURCE_HOLD,12.787338342469724,88
ORIGA,SEARCH,20260907,1,Q3,OD,CC,C_CONT,-2.4477699864897318,88
ORIGA,SEARCH,20260907,1,Q3,OD,CC,ANCHOR,-2.6091571180567854,88
ORIGA,SEARCH,20260907,1,Q3,OD,CC,SOURCE_HOLD,13.502838927641747,88
ORIGA,SEARCH,20260907,1,Q3,OD,OPTIMIZER_BY_PARAMETER_INTERACTION,ALGEBRA,-0.039922410923054485,88
ORIGA,SEARCH,20260907,1,Q3,OC,SC,SS,0.7736326498938269,88
ORIGA,SEARCH,20260907,1,Q3,OC,CC,CS,0.7526250438621247,88
ORIGA,SEARCH,20260907,1,Q3,OC,SS,CS,3.4523731116247944,88
ORIGA,SEARCH,20260907,1,Q3,OC,SC,CC,3.4733807176564966,88
ORIGA,SEARCH,20260907,1,Q3,OC,SS,CC,2.6997480677626697,88
ORIGA,SEARCH,20260907,1,Q3,OC,SS,SAME64_HOLD,12.211547349125794,88
ORIGA,SEARCH,20260907,1,Q3,OC,SC,SAME64_HOLD,12.985179999019621,88
ORIGA,SEARCH,20260907,1,Q3,OC,CS,CROSS64_HOLD,16.626853968896548,88
ORIGA,SEARCH,20260907,1,Q3,OC,CC,CROSS64_HOLD,17.379479012758672,88
ORIGA,SEARCH,20260907,1,Q3,OC,SS,C_CONT,0.015489158171448025,88
ORIGA,SEARCH,20260907,1,Q3,OC,SS,ANCHOR,-0.737996580251334,88
ORIGA,SEARCH,20260907,1,Q3,OC,SS,SOURCE_HOLD,19.478987566993176,88
ORIGA,SEARCH,20260907,1,Q3,OC,SC,C_CONT,0.7891218080652749,88
ORIGA,SEARCH,20260907,1,Q3,OC,SC,ANCHOR,0.035636069642492885,88
ORIGA,SEARCH,20260907,1,Q3,OC,SC,SOURCE_HOLD,20.252620216887003,88
ORIGA,SEARCH,20260907,1,Q3,OC,CS,C_CONT,-3.4368839534533464,88
ORIGA,SEARCH,20260907,1,Q3,OC,CS,ANCHOR,-4.190369691876128,88
ORIGA,SEARCH,20260907,1,Q3,OC,CS,SOURCE_HOLD,16.02661445536838,88
ORIGA,SEARCH,20260907,1,Q3,OC,CC,C_CONT,-2.6842589095912217,88
ORIGA,SEARCH,20260907,1,Q3,OC,CC,ANCHOR,-3.4377446480140037,88
ORIGA,SEARCH,20260907,1,Q3,OC,CC,SOURCE_HOLD,16.779239499230506,88
ORIGA,SEARCH,20260907,1,Q3,OC,OPTIMIZER_BY_PARAMETER_INTERACTION,ALGEBRA,0.021007606031702153,88
ORIGA,SEARCH,20260907,1,Q4,OD,SC,SS,0.509019107930186,77
ORIGA,SEARCH,20260907,1,Q4,OD,CC,CS,0.5025471619587165,77
ORIGA,SEARCH,20260907,1,Q4,OD,SS,CS,0.3037037181265134,77
ORIGA,SEARCH,20260907,1,Q4,OD,SC,CC,0.3101756640979829,77
ORIGA,SEARCH,20260907,1,Q4,OD,SS,CC,-0.1988434438322031,77
ORIGA,SEARCH,20260907,1,Q4,OD,SS,SAME64_HOLD,3.8353514039310994,77
ORIGA,SEARCH,20260907,1,Q4,OD,SC,SAME64_HOLD,4.344370511861285,77
ORIGA,SEARCH,20260907,1,Q4,OD,CS,CROSS64_HOLD,5.791765916895429,77
ORIGA,SEARCH,20260907,1,Q4,OD,CC,CROSS64_HOLD,6.294313078854145,77
ORIGA,SEARCH,20260907,1,Q4,OD,SS,C_CONT,-2.806547735435771,77
ORIGA,SEARCH,20260907,1,Q4,OD,SS,ANCHOR,-2.8283865117723224,77
ORIGA,SEARCH,20260907,1,Q4,OD,SS,SOURCE_HOLD,5.509750002868429,77
ORIGA,SEARCH,20260907,1,Q4,OD,SC,C_CONT,-2.297528627505585,77
ORIGA,SEARCH,20260907,1,Q4,OD,SC,ANCHOR,-2.3193674038421364,77
ORIGA,SEARCH,20260907,1,Q4,OD,SC,SOURCE_HOLD,6.018769110798615,77
ORIGA,SEARCH,20260907,1,Q4,OD,CS,C_CONT,-3.1102514535622845,77
ORIGA,SEARCH,20260907,1,Q4,OD,CS,ANCHOR,-3.132090229898836,77
ORIGA,SEARCH,20260907,1,Q4,OD,CS,SOURCE_HOLD,5.206046284741916,77
ORIGA,SEARCH,20260907,1,Q4,OD,CC,C_CONT,-2.607704291603568,77
ORIGA,SEARCH,20260907,1,Q4,OD,CC,ANCHOR,-2.6295430679401193,77
ORIGA,SEARCH,20260907,1,Q4,OD,CC,SOURCE_HOLD,5.7085934467006325,77
ORIGA,SEARCH,20260907,1,Q4,OD,OPTIMIZER_BY_PARAMETER_INTERACTION,ALGEBRA,0.006471945971469495,77
ORIGA,SEARCH,20260907,1,Q4,OC,SC,SS,0.32504349632112906,77
ORIGA,SEARCH,20260907,1,Q4,OC,CC,CS,0.29371544348983036,77
ORIGA,SEARCH,20260907,1,Q4,OC,SS,CS,0.20005152516934288,77
ORIGA,SEARCH,20260907,1,Q4,OC,SC,CC,0.23137957800064157,77
ORIGA,SEARCH,20260907,1,Q4,OC,SS,CC,-0.09366391832048748,77
ORIGA,SEARCH,20260907,1,Q4,OC,SS,SAME64_HOLD,2.820093782984003,77
ORIGA,SEARCH,20260907,1,Q4,OC,SC,SAME64_HOLD,3.145137279305132,77
ORIGA,SEARCH,20260907,1,Q4,OC,CS,CROSS64_HOLD,4.804058911143628,77
ORIGA,SEARCH,20260907,1,Q4,OC,CC,CROSS64_HOLD,5.097774354633458,77
ORIGA,SEARCH,20260907,1,Q4,OC,SS,C_CONT,-1.5094585189501544,77
ORIGA,SEARCH,20260907,1,Q4,OC,SS,ANCHOR,-2.2001695295275567,77
ORIGA,SEARCH,20260907,1,Q4,OC,SS,SOURCE_HOLD,4.600177605430275,77
ORIGA,SEARCH,20260907,1,Q4,OC,SC,C_CONT,-1.1844150226290253,77
ORIGA,SEARCH,20260907,1,Q4,OC,SC,ANCHOR,-1.8751260332064277,77
ORIGA,SEARCH,20260907,1,Q4,OC,SC,SOURCE_HOLD,4.925221101751404,77
ORIGA,SEARCH,20260907,1,Q4,OC,CS,C_CONT,-1.7095100441194973,77
ORIGA,SEARCH,20260907,1,Q4,OC,CS,ANCHOR,-2.4002210546968996,77
ORIGA,SEARCH,20260907,1,Q4,OC,CS,SOURCE_HOLD,4.400126080260932,77
ORIGA,SEARCH,20260907,1,Q4,OC,CC,C_CONT,-1.4157946006296669,77
ORIGA,SEARCH,20260907,1,Q4,OC,CC,ANCHOR,-2.1065056112070693,77
ORIGA,SEARCH,20260907,1,Q4,OC,CC,SOURCE_HOLD,4.693841523750763,77
ORIGA,SEARCH,20260907,1,Q4,OC,OPTIMIZER_BY_PARAMETER_INTERACTION,ALGEBRA,0.03132805283129869,77
ORIGA,SEALED_REVIEW,20260907,1,Q4,OD,SC,SS,0.4193265297255806,57
ORIGA,SEALED_REVIEW,20260907,1,Q4,OD,CC,CS,0.43632341971427024,57
ORIGA,SEALED_REVIEW,20260907,1,Q4,OD,SS,CS,0.22881858134553568,57
ORIGA,SEALED_REVIEW,20260907,1,Q4,OD,SC,CC,0.21182169135684603,57
ORIGA,SEALED_REVIEW,20260907,1,Q4,OD,SS,CC,-0.20750483836873457,57
ORIGA,SEALED_REVIEW,20260907,1,Q4,OD,SS,SAME64_HOLD,3.3322640499873017,57
ORIGA,SEALED_REVIEW,20260907,1,Q4,OD,SC,SAME64_HOLD,3.7515905797128823,57
ORIGA,SEALED_REVIEW,20260907,1,Q4,OD,CS,CROSS64_HOLD,5.1457502670150035,57
ORIGA,SEALED_REVIEW,20260907,1,Q4,OD,CC,CROSS64_HOLD,5.582073686729274,57
ORIGA,SEALED_REVIEW,20260907,1,Q4,OD,SS,C_CONT,-2.2972405947163566,57
ORIGA,SEALED_REVIEW,20260907,1,Q4,OD,SS,ANCHOR,-2.2512261967665097,57
ORIGA,SEALED_REVIEW,20260907,1,Q4,OD,SS,SOURCE_HOLD,5.0160718634191,57
ORIGA,SEALED_REVIEW,20260907,1,Q4,OD,SC,C_CONT,-1.877914064990776,57
ORIGA,SEALED_REVIEW,20260907,1,Q4,OD,SC,ANCHOR,-1.831899667040929,57
ORIGA,SEALED_REVIEW,20260907,1,Q4,OD,SC,SOURCE_HOLD,5.4353983931446805,57
ORIGA,SEALED_REVIEW,20260907,1,Q4,OD,CS,C_CONT,-2.5260591760618922,57
ORIGA,SEALED_REVIEW,20260907,1,Q4,OD,CS,ANCHOR,-2.4800447781120454,57
ORIGA,SEALED_REVIEW,20260907,1,Q4,OD,CS,SOURCE_HOLD,4.787253282073564,57
ORIGA,SEALED_REVIEW,20260907,1,Q4,OD,CC,C_CONT,-2.089735756347622,57
ORIGA,SEALED_REVIEW,20260907,1,Q4,OD,CC,ANCHOR,-2.043721358397775,57
ORIGA,SEALED_REVIEW,20260907,1,Q4,OD,CC,SOURCE_HOLD,5.2235767017878345,57
ORIGA,SEALED_REVIEW,20260907,1,Q4,OD,OPTIMIZER_BY_PARAMETER_INTERACTION,ALGEBRA,-0.016996889988689645,57
ORIGA,SEALED_REVIEW,20260907,1,Q4,OC,SC,SS,0.19947030051386605,57
ORIGA,SEALED_REVIEW,20260907,1,Q4,OC,CC,CS,0.18452815444616988,57
ORIGA,SEALED_REVIEW,20260907,1,Q4,OC,SS,CS,0.08752751104231038,57
ORIGA,SEALED_REVIEW,20260907,1,Q4,OC,SC,CC,0.10246965711000655,57
ORIGA,SEALED_REVIEW,20260907,1,Q4,OC,SS,CC,-0.0970006434038595,57
ORIGA,SEALED_REVIEW,20260907,1,Q4,OC,SS,SAME64_HOLD,1.8788399639347517,57
ORIGA,SEALED_REVIEW,20260907,1,Q4,OC,SC,SAME64_HOLD,2.0783102644486178,57
ORIGA,SEALED_REVIEW,20260907,1,Q4,OC,CS,CROSS64_HOLD,4.203491214060804,57
ORIGA,SEALED_REVIEW,20260907,1,Q4,OC,CC,CROSS64_HOLD,4.388019368506974,57
ORIGA,SEALED_REVIEW,20260907,1,Q4,OC,SS,C_CONT,-0.3944751634631558,57
ORIGA,SEALED_REVIEW,20260907,1,Q4,OC,SS,ANCHOR,-0.8878862687548121,57
ORIGA,SEALED_REVIEW,20260907,1,Q4,OC,SS,SOURCE_HOLD,3.756940906343374,57
ORIGA,SEALED_REVIEW,20260907,1,Q4,OC,SC,C_CONT,-0.19500486294928976,57
ORIGA,SEALED_REVIEW,20260907,1,Q4,OC,SC,ANCHOR,-0.6884159682409461,57
ORIGA,SEALED_REVIEW,20260907,1,Q4,OC,SC,SOURCE_HOLD,3.95641120685724,57
ORIGA,SEALED_REVIEW,20260907,1,Q4,OC,CS,C_CONT,-0.4820026745054662,57
ORIGA,SEALED_REVIEW,20260907,1,Q4,OC,CS,ANCHOR,-0.9754137797971225,57
ORIGA,SEALED_REVIEW,20260907,1,Q4,OC,CS,SOURCE_HOLD,3.6694133953010635,57
ORIGA,SEALED_REVIEW,20260907,1,Q4,OC,CC,C_CONT,-0.2974745200592963,57
ORIGA,SEALED_REVIEW,20260907,1,Q4,OC,CC,ANCHOR,-0.7908856253509526,57
ORIGA,SEALED_REVIEW,20260907,1,Q4,OC,CC,SOURCE_HOLD,3.8539415497472334,57
ORIGA,SEALED_REVIEW,20260907,1,Q4,OC,OPTIMIZER_BY_PARAMETER_INTERACTION,ALGEBRA,0.014942146067696171,57
REFUGE_Valid,SEARCH,20260907,1,ALL,OD,SC,SS,-0.16159341517416692,406
REFUGE_Valid,SEARCH,20260907,1,ALL,OD,CC,CS,-0.25726333739660845,406
REFUGE_Valid,SEARCH,20260907,1,ALL,OD,SS,CS,0.46014997708508076,406
REFUGE_Valid,SEARCH,20260907,1,ALL,OD,SC,CC,0.5558198993075223,406
REFUGE_Valid,SEARCH,20260907,1,ALL,OD,SS,CC,0.7174133144816892,406
REFUGE_Valid,SEARCH,20260907,1,ALL,OD,SS,SAME64_HOLD,-2.267568899472039,406
REFUGE_Valid,SEARCH,20260907,1,ALL,OD,SC,SAME64_HOLD,-2.429162314646206,406
REFUGE_Valid,SEARCH,20260907,1,ALL,OD,CS,CROSS64_HOLD,-0.5132630560196105,406
REFUGE_Valid,SEARCH,20260907,1,ALL,OD,CC,CROSS64_HOLD,-0.770526393416219,406
REFUGE_Valid,SEARCH,20260907,1,ALL,OD,SS,C_CONT,1.7475989903453097,406
REFUGE_Valid,SEARCH,20260907,1,ALL,OD,SS,ANCHOR,2.901718700039524,406
REFUGE_Valid,SEARCH,20260907,1,ALL,OD,SS,SOURCE_HOLD,-0.7905931055775994,406
REFUGE_Valid,SEARCH,20260907,1,ALL,OD,SC,C_CONT,1.5860055751711428,406
REFUGE_Valid,SEARCH,20260907,1,ALL,OD,SC,ANCHOR,2.740125284865357,406
REFUGE_Valid,SEARCH,20260907,1,ALL,OD,SC,SOURCE_HOLD,-0.9521865207517664,406
REFUGE_Valid,SEARCH,20260907,1,ALL,OD,CS,C_CONT,1.287449013260229,406
REFUGE_Valid,SEARCH,20260907,1,ALL,OD,CS,ANCHOR,2.441568722954443,406
REFUGE_Valid,SEARCH,20260907,1,ALL,OD,CS,SOURCE_HOLD,-1.2507430826626802,406
REFUGE_Valid,SEARCH,20260907,1,ALL,OD,CC,C_CONT,1.0301856758636205,406
REFUGE_Valid,SEARCH,20260907,1,ALL,OD,CC,ANCHOR,2.1843053855578347,406
REFUGE_Valid,SEARCH,20260907,1,ALL,OD,CC,SOURCE_HOLD,-1.5080064200592886,406
REFUGE_Valid,SEARCH,20260907,1,ALL,OD,OPTIMIZER_BY_PARAMETER_INTERACTION,ALGEBRA,0.09566992222244153,406
REFUGE_Valid,SEARCH,20260907,1,ALL,OC,SC,SS,-0.12325793270976249,406
REFUGE_Valid,SEARCH,20260907,1,ALL,OC,CC,CS,-0.16933989175311126,406
REFUGE_Valid,SEARCH,20260907,1,ALL,OC,SS,CS,0.2076567432044527,406
REFUGE_Valid,SEARCH,20260907,1,ALL,OC,SC,CC,0.2537387022478015,406
REFUGE_Valid,SEARCH,20260907,1,ALL,OC,SS,CC,0.37699663495756397,406
REFUGE_Valid,SEARCH,20260907,1,ALL,OC,SS,SAME64_HOLD,-1.201998380502701,406
REFUGE_Valid,SEARCH,20260907,1,ALL,OC,SC,SAME64_HOLD,-1.3252563132124635,406
REFUGE_Valid,SEARCH,20260907,1,ALL,OC,CS,CROSS64_HOLD,-0.9435122161708165,406
REFUGE_Valid,SEARCH,20260907,1,ALL,OC,CC,CROSS64_HOLD,-1.1128521079239277,406
REFUGE_Valid,SEARCH,20260907,1,ALL,OC,SS,C_CONT,0.9228069526901805,406
REFUGE_Valid,SEARCH,20260907,1,ALL,OC,SS,ANCHOR,1.6150335767920296,406
REFUGE_Valid,SEARCH,20260907,1,ALL,OC,SS,SOURCE_HOLD,-1.2806373205045816,406
REFUGE_Valid,SEARCH,20260907,1,ALL,OC,SC,C_CONT,0.799549019980418,406
REFUGE_Valid,SEARCH,20260907,1,ALL,OC,SC,ANCHOR,1.4917756440822671,406
REFUGE_Valid,SEARCH,20260907,1,ALL,OC,SC,SOURCE_HOLD,-1.403895253214344,406
REFUGE_Valid,SEARCH,20260907,1,ALL,OC,CS,C_CONT,0.7151502094857278,406
REFUGE_Valid,SEARCH,20260907,1,ALL,OC,CS,ANCHOR,1.407376833587577,406
REFUGE_Valid,SEARCH,20260907,1,ALL,OC,CS,SOURCE_HOLD,-1.4882940637090343,406
REFUGE_Valid,SEARCH,20260907,1,ALL,OC,CC,C_CONT,0.5458103177326166,406
REFUGE_Valid,SEARCH,20260907,1,ALL,OC,CC,ANCHOR,1.2380369418344657,406
REFUGE_Valid,SEARCH,20260907,1,ALL,OC,CC,SOURCE_HOLD,-1.6576339554621455,406
REFUGE_Valid,SEARCH,20260907,1,ALL,OC,OPTIMIZER_BY_PARAMETER_INTERACTION,ALGEBRA,0.046081959043348775,406
REFUGE_Valid,SEARCH,20260907,1,Q1,OD,SC,SS,-0.039454511688873595,97
REFUGE_Valid,SEARCH,20260907,1,Q1,OD,CC,CS,-0.1062593048100382,97
REFUGE_Valid,SEARCH,20260907,1,Q1,OD,SS,CS,0.5962590635654692,97
REFUGE_Valid,SEARCH,20260907,1,Q1,OD,SC,CC,0.6630638566866338,97
REFUGE_Valid,SEARCH,20260907,1,Q1,OD,SS,CC,0.7025183683755074,97
REFUGE_Valid,SEARCH,20260907,1,Q1,OD,SS,SAME64_HOLD,-0.4357965367721306,97
REFUGE_Valid,SEARCH,20260907,1,Q1,OD,SC,SAME64_HOLD,-0.4752510484610042,97
REFUGE_Valid,SEARCH,20260907,1,Q1,OD,CS,CROSS64_HOLD,1.3356972161221563,97
REFUGE_Valid,SEARCH,20260907,1,Q1,OD,CC,CROSS64_HOLD,1.229437911312118,97
REFUGE_Valid,SEARCH,20260907,1,Q1,OD,SS,C_CONT,0.826271409004292,97
REFUGE_Valid,SEARCH,20260907,1,Q1,OD,SS,ANCHOR,1.376239329402253,97
REFUGE_Valid,SEARCH,20260907,1,Q1,OD,SS,SOURCE_HOLD,1.0793231535234469,97
REFUGE_Valid,SEARCH,20260907,1,Q1,OD,SC,C_CONT,0.7868168973154184,97
REFUGE_Valid,SEARCH,20260907,1,Q1,OD,SC,ANCHOR,1.3367848177133794,97
REFUGE_Valid,SEARCH,20260907,1,Q1,OD,SC,SOURCE_HOLD,1.0398686418345733,97
REFUGE_Valid,SEARCH,20260907,1,Q1,OD,CS,C_CONT,0.23001234543882276,97
REFUGE_Valid,SEARCH,20260907,1,Q1,OD,CS,ANCHOR,0.7799802658367838,97
REFUGE_Valid,SEARCH,20260907,1,Q1,OD,CS,SOURCE_HOLD,0.48306408995797767,97
REFUGE_Valid,SEARCH,20260907,1,Q1,OD,CC,C_CONT,0.12375304062878456,97
REFUGE_Valid,SEARCH,20260907,1,Q1,OD,CC,ANCHOR,0.6737209610267456,97
REFUGE_Valid,SEARCH,20260907,1,Q1,OD,CC,SOURCE_HOLD,0.37680478514793947,97
REFUGE_Valid,SEARCH,20260907,1,Q1,OD,OPTIMIZER_BY_PARAMETER_INTERACTION,ALGEBRA,0.06680479312116461,97
REFUGE_Valid,SEARCH,20260907,1,Q1,OC,SC,SS,-0.10163056812052673,97
REFUGE_Valid,SEARCH,20260907,1,Q1,OC,CC,CS,-0.1600371492306678,97
REFUGE_Valid,SEARCH,20260907,1,Q1,OC,SS,CS,0.21217322534006655,97
REFUGE_Valid,SEARCH,20260907,1,Q1,OC,SC,CC,0.2705798064502076,97
REFUGE_Valid,SEARCH,20260907,1,Q1,OC,SS,CC,0.37221037457073436,97
REFUGE_Valid,SEARCH,20260907,1,Q1,OC,SS,SAME64_HOLD,-0.4400051135307379,97
REFUGE_Valid,SEARCH,20260907,1,Q1,OC,SC,SAME64_HOLD,-0.5416356816512646,97
REFUGE_Valid,SEARCH,20260907,1,Q1,OC,CS,CROSS64_HOLD,0.11537445441511807,97
REFUGE_Valid,SEARCH,20260907,1,Q1,OC,CC,CROSS64_HOLD,-0.04466269481554974,97
REFUGE_Valid,SEARCH,20260907,1,Q1,OC,SS,C_CONT,0.7392972100555042,97
REFUGE_Valid,SEARCH,20260907,1,Q1,OC,SS,ANCHOR,1.0045974284200057,97
REFUGE_Valid,SEARCH,20260907,1,Q1,OC,SS,SOURCE_HOLD,-0.33919108458852065,97
REFUGE_Valid,SEARCH,20260907,1,Q1,OC,SC,C_CONT,0.6376666419349775,97
REFUGE_Valid,SEARCH,20260907,1,Q1,OC,SC,ANCHOR,0.9029668602994789,97
REFUGE_Valid,SEARCH,20260907,1,Q1,OC,SC,SOURCE_HOLD,-0.4408216527090474,97
REFUGE_Valid,SEARCH,20260907,1,Q1,OC,CS,C_CONT,0.5271239847154376,97
REFUGE_Valid,SEARCH,20260907,1,Q1,OC,CS,ANCHOR,0.7924242030799391,97
REFUGE_Valid,SEARCH,20260907,1,Q1,OC,CS,SOURCE_HOLD,-0.5513643099285872,97
REFUGE_Valid,SEARCH,20260907,1,Q1,OC,CC,C_CONT,0.36708683548476984,97
REFUGE_Valid,SEARCH,20260907,1,Q1,OC,CC,ANCHOR,0.6323870538492713,97
REFUGE_Valid,SEARCH,20260907,1,Q1,OC,CC,SOURCE_HOLD,-0.711401459159255,97
REFUGE_Valid,SEARCH,20260907,1,Q1,OC,OPTIMIZER_BY_PARAMETER_INTERACTION,ALGEBRA,0.058406581110141076,97
REFUGE_Valid,SEARCH,20260907,1,FIRST64,OD,SC,SS,0.01581819234836246,39
REFUGE_Valid,SEARCH,20260907,1,FIRST64,OD,CC,CS,-0.057407085589630924,39
REFUGE_Valid,SEARCH,20260907,1,FIRST64,OD,SS,CS,1.4775092272866317,39
REFUGE_Valid,SEARCH,20260907,1,FIRST64,OD,SC,CC,1.550734505224625,39
REFUGE_Valid,SEARCH,20260907,1,FIRST64,OD,SS,CC,1.5349163128762626,39
REFUGE_Valid,SEARCH,20260907,1,FIRST64,OD,SS,SAME64_HOLD,-0.10054320819905627,39
REFUGE_Valid,SEARCH,20260907,1,FIRST64,OD,SC,SAME64_HOLD,-0.08472501585069381,39
REFUGE_Valid,SEARCH,20260907,1,FIRST64,OD,CS,CROSS64_HOLD,0.9832261661072863,39
REFUGE_Valid,SEARCH,20260907,1,FIRST64,OD,CC,CROSS64_HOLD,0.9258190805176554,39
REFUGE_Valid,SEARCH,20260907,1,FIRST64,OD,SS,C_CONT,0.4941286268480667,39
REFUGE_Valid,SEARCH,20260907,1,FIRST64,OD,SS,ANCHOR,0.8716212096261273,39
REFUGE_Valid,SEARCH,20260907,1,FIRST64,OD,SS,SOURCE_HOLD,1.4961096978144184,39
REFUGE_Valid,SEARCH,20260907,1,FIRST64,OD,SC,C_CONT,0.5099468191964291,39
REFUGE_Valid,SEARCH,20260907,1,FIRST64,OD,SC,ANCHOR,0.8874394019744898,39
REFUGE_Valid,SEARCH,20260907,1,FIRST64,OD,SC,SOURCE_HOLD,1.5119278901627808,39
REFUGE_Valid,SEARCH,20260907,1,FIRST64,OD,CS,C_CONT,-0.983380600438565,39
REFUGE_Valid,SEARCH,20260907,1,FIRST64,OD,CS,ANCHOR,-0.6058880176605044,39
REFUGE_Valid,SEARCH,20260907,1,FIRST64,OD,CS,SOURCE_HOLD,0.018600470527786683,39
REFUGE_Valid,SEARCH,20260907,1,FIRST64,OD,CC,C_CONT,-1.040787686028196,39
REFUGE_Valid,SEARCH,20260907,1,FIRST64,OD,CC,ANCHOR,-0.6632951032501353,39
REFUGE_Valid,SEARCH,20260907,1,FIRST64,OD,CC,SOURCE_HOLD,-0.03880661506184424,39
REFUGE_Valid,SEARCH,20260907,1,FIRST64,OD,OPTIMIZER_BY_PARAMETER_INTERACTION,ALGEBRA,0.07322527793799338,39
REFUGE_Valid,SEARCH,20260907,1,FIRST64,OC,SC,SS,-0.0936723508594639,39
REFUGE_Valid,SEARCH,20260907,1,FIRST64,OC,CC,CS,-0.12320440265138188,39
REFUGE_Valid,SEARCH,20260907,1,FIRST64,OC,SS,CS,0.387931401200035,39
REFUGE_Valid,SEARCH,20260907,1,FIRST64,OC,SC,CC,0.417463452991953,39
REFUGE_Valid,SEARCH,20260907,1,FIRST64,OC,SS,CC,0.5111358038514169,39
REFUGE_Valid,SEARCH,20260907,1,FIRST64,OC,SS,SAME64_HOLD,-0.1807110187106531,39
REFUGE_Valid,SEARCH,20260907,1,FIRST64,OC,SC,SAME64_HOLD,-0.274383369570117,39
REFUGE_Valid,SEARCH,20260907,1,FIRST64,OC,CS,CROSS64_HOLD,0.13598716313657633,39
REFUGE_Valid,SEARCH,20260907,1,FIRST64,OC,CC,CROSS64_HOLD,0.012782760485194444,39
REFUGE_Valid,SEARCH,20260907,1,FIRST64,OC,SS,C_CONT,0.5373846685630141,39
REFUGE_Valid,SEARCH,20260907,1,FIRST64,OC,SS,ANCHOR,0.6971506112281887,39
REFUGE_Valid,SEARCH,20260907,1,FIRST64,OC,SS,SOURCE_HOLD,-0.059306580611647064,39
REFUGE_Valid,SEARCH,20260907,1,FIRST64,OC,SC,C_CONT,0.44371231770355024,39
REFUGE_Valid,SEARCH,20260907,1,FIRST64,OC,SC,ANCHOR,0.6034782603687248,39
REFUGE_Valid,SEARCH,20260907,1,FIRST64,OC,SC,SOURCE_HOLD,-0.15297893147111097,39
REFUGE_Valid,SEARCH,20260907,1,FIRST64,OC,CS,C_CONT,0.14945326736297915,39
REFUGE_Valid,SEARCH,20260907,1,FIRST64,OC,CS,ANCHOR,0.30921921002815367,39
REFUGE_Valid,SEARCH,20260907,1,FIRST64,OC,CS,SOURCE_HOLD,-0.44723798181168206,39
REFUGE_Valid,SEARCH,20260907,1,FIRST64,OC,CC,C_CONT,0.026248864711597264,39
REFUGE_Valid,SEARCH,20260907,1,FIRST64,OC,CC,ANCHOR,0.18601480737677178,39
REFUGE_Valid,SEARCH,20260907,1,FIRST64,OC,CC,SOURCE_HOLD,-0.570442384463064,39
REFUGE_Valid,SEARCH,20260907,1,FIRST64,OC,OPTIMIZER_BY_PARAMETER_INTERACTION,ALGEBRA,0.02953205179191798,39
REFUGE_Valid,SEALED_REVIEW,20260907,1,ALL,OD,SC,SS,-0.15532707761538234,269
REFUGE_Valid,SEALED_REVIEW,20260907,1,ALL,OD,CC,CS,-0.2713211763403933,269
REFUGE_Valid,SEALED_REVIEW,20260907,1,ALL,OD,SS,CS,0.31085165387122515,269
REFUGE_Valid,SEALED_REVIEW,20260907,1,ALL,OD,SC,CC,0.42684575259623614,269
REFUGE_Valid,SEALED_REVIEW,20260907,1,ALL,OD,SS,CC,0.5821728302116185,269
REFUGE_Valid,SEALED_REVIEW,20260907,1,ALL,OD,SS,SAME64_HOLD,-2.2957053269740157,269
REFUGE_Valid,SEALED_REVIEW,20260907,1,ALL,OD,SC,SAME64_HOLD,-2.451032404589398,269
REFUGE_Valid,SEALED_REVIEW,20260907,1,ALL,OD,CS,CROSS64_HOLD,-0.44150675571889053,269
REFUGE_Valid,SEALED_REVIEW,20260907,1,ALL,OD,CC,CROSS64_HOLD,-0.7128279320592839,269
REFUGE_Valid,SEALED_REVIEW,20260907,1,ALL,OD,SS,C_CONT,1.665237135753074,269
REFUGE_Valid,SEALED_REVIEW,20260907,1,ALL,OD,SS,ANCHOR,2.796895832362935,269
REFUGE_Valid,SEALED_REVIEW,20260907,1,ALL,OD,SS,SOURCE_HOLD,-1.0308206887531952,269
REFUGE_Valid,SEALED_REVIEW,20260907,1,ALL,OD,SC,C_CONT,1.5099100581376916,269
REFUGE_Valid,SEALED_REVIEW,20260907,1,ALL,OD,SC,ANCHOR,2.641568754747553,269
REFUGE_Valid,SEALED_REVIEW,20260907,1,ALL,OD,SC,SOURCE_HOLD,-1.1861477663685775,269
REFUGE_Valid,SEALED_REVIEW,20260907,1,ALL,OD,CS,C_CONT,1.3543854818818488,269
REFUGE_Valid,SEALED_REVIEW,20260907,1,ALL,OD,CS,ANCHOR,2.48604417849171,269
REFUGE_Valid,SEALED_REVIEW,20260907,1,ALL,OD,CS,SOURCE_HOLD,-1.3416723426244204,269
REFUGE_Valid,SEALED_REVIEW,20260907,1,ALL,OD,CC,C_CONT,1.0830643055414555,269
REFUGE_Valid,SEALED_REVIEW,20260907,1,ALL,OD,CC,ANCHOR,2.2147230021513167,269
REFUGE_Valid,SEALED_REVIEW,20260907,1,ALL,OD,CC,SOURCE_HOLD,-1.6129935189648137,269
REFUGE_Valid,SEALED_REVIEW,20260907,1,ALL,OD,OPTIMIZER_BY_PARAMETER_INTERACTION,ALGEBRA,0.11599409872501099,269
REFUGE_Valid,SEALED_REVIEW,20260907,1,ALL,OC,SC,SS,-0.12413183916143566,269
REFUGE_Valid,SEALED_REVIEW,20260907,1,ALL,OC,CC,CS,-0.1766820850817652,269
REFUGE_Valid,SEALED_REVIEW,20260907,1,ALL,OC,SS,CS,0.18393737609154925,269
REFUGE_Valid,SEALED_REVIEW,20260907,1,ALL,OC,SC,CC,0.23648762201187878,269
REFUGE_Valid,SEALED_REVIEW,20260907,1,ALL,OC,SS,CC,0.36061946117331445,269
REFUGE_Valid,SEALED_REVIEW,20260907,1,ALL,OC,SS,SAME64_HOLD,-1.1696446169914054,269
REFUGE_Valid,SEALED_REVIEW,20260907,1,ALL,OC,SC,SAME64_HOLD,-1.293776456152841,269
REFUGE_Valid,SEALED_REVIEW,20260907,1,ALL,OC,CS,CROSS64_HOLD,-0.9056474602729736,269
REFUGE_Valid,SEALED_REVIEW,20260907,1,ALL,OC,CC,CROSS64_HOLD,-1.0823295453547388,269
REFUGE_Valid,SEALED_REVIEW,20260907,1,ALL,OC,SS,C_CONT,0.9209848344290634,269
REFUGE_Valid,SEALED_REVIEW,20260907,1,ALL,OC,SS,ANCHOR,1.6081947426496725,269
REFUGE_Valid,SEALED_REVIEW,20260907,1,ALL,OC,SS,SOURCE_HOLD,-1.3827164424135958,269
REFUGE_Valid,SEALED_REVIEW,20260907,1,ALL,OC,SC,C_CONT,0.7968529952676278,269
REFUGE_Valid,SEALED_REVIEW,20260907,1,ALL,OC,SC,ANCHOR,1.4840629034882369,269
REFUGE_Valid,SEALED_REVIEW,20260907,1,ALL,OC,SC,SOURCE_HOLD,-1.5068482815750315,269
REFUGE_Valid,SEALED_REVIEW,20260907,1,ALL,OC,CS,C_CONT,0.7370474583375142,269
REFUGE_Valid,SEALED_REVIEW,20260907,1,ALL,OC,CS,ANCHOR,1.4242573665581233,269
REFUGE_Valid,SEALED_REVIEW,20260907,1,ALL,OC,CS,SOURCE_HOLD,-1.566653818505145,269
REFUGE_Valid,SEALED_REVIEW,20260907,1,ALL,OC,CC,C_CONT,0.560365373255749,269
REFUGE_Valid,SEALED_REVIEW,20260907,1,ALL,OC,CC,ANCHOR,1.247575281476358,269
REFUGE_Valid,SEALED_REVIEW,20260907,1,ALL,OC,CC,SOURCE_HOLD,-1.7433359035869103,269
REFUGE_Valid,SEALED_REVIEW,20260907,1,ALL,OC,OPTIMIZER_BY_PARAMETER_INTERACTION,ALGEBRA,0.05255024592032953,269
REFUGE_Valid,SEALED_REVIEW,20260907,1,Q1,OD,SC,SS,-0.09256076672798486,69
REFUGE_Valid,SEALED_REVIEW,20260907,1,Q1,OD,CC,CS,-0.19905458626989514,69
REFUGE_Valid,SEALED_REVIEW,20260907,1,Q1,OD,SS,CS,0.26626927642382725,69
REFUGE_Valid,SEALED_REVIEW,20260907,1,Q1,OD,SC,CC,0.37276309596573753,69
REFUGE_Valid,SEALED_REVIEW,20260907,1,Q1,OD,SS,CC,0.4653238626937224,69
REFUGE_Valid,SEALED_REVIEW,20260907,1,Q1,OD,SS,SAME64_HOLD,-0.8367103972977787,69
REFUGE_Valid,SEALED_REVIEW,20260907,1,Q1,OD,SC,SAME64_HOLD,-0.9292711640257636,69
REFUGE_Valid,SEALED_REVIEW,20260907,1,Q1,OD,CS,CROSS64_HOLD,0.704764115681698,69
REFUGE_Valid,SEALED_REVIEW,20260907,1,Q1,OD,CC,CROSS64_HOLD,0.5057095294118028,69
REFUGE_Valid,SEALED_REVIEW,20260907,1,Q1,OD,SS,C_CONT,1.002967973079592,69
REFUGE_Valid,SEALED_REVIEW,20260907,1,Q1,OD,SS,ANCHOR,1.5664988900485213,69
REFUGE_Valid,SEALED_REVIEW,20260907,1,Q1,OD,SS,SOURCE_HOLD,0.06039653160537739,69
REFUGE_Valid,SEALED_REVIEW,20260907,1,Q1,OD,SC,C_CONT,0.9104072063516071,69
REFUGE_Valid,SEALED_REVIEW,20260907,1,Q1,OD,SC,ANCHOR,1.4739381233205364,69
REFUGE_Valid,SEALED_REVIEW,20260907,1,Q1,OD,SC,SOURCE_HOLD,-0.032164235122607465,69
REFUGE_Valid,SEALED_REVIEW,20260907,1,Q1,OD,CS,C_CONT,0.7366986966557647,69
REFUGE_Valid,SEALED_REVIEW,20260907,1,Q1,OD,CS,ANCHOR,1.300229613624694,69
REFUGE_Valid,SEALED_REVIEW,20260907,1,Q1,OD,CS,SOURCE_HOLD,-0.20587274481844986,69
REFUGE_Valid,SEALED_REVIEW,20260907,1,Q1,OD,CC,C_CONT,0.5376441103858696,69
REFUGE_Valid,SEALED_REVIEW,20260907,1,Q1,OD,CC,ANCHOR,1.1011750273547989,69
REFUGE_Valid,SEALED_REVIEW,20260907,1,Q1,OD,CC,SOURCE_HOLD,-0.404927331088345,69
REFUGE_Valid,SEALED_REVIEW,20260907,1,Q1,OD,OPTIMIZER_BY_PARAMETER_INTERACTION,ALGEBRA,0.10649381954191028,69
REFUGE_Valid,SEALED_REVIEW,20260907,1,Q1,OC,SC,SS,-0.06743389113252363,69
REFUGE_Valid,SEALED_REVIEW,20260907,1,Q1,OC,CC,CS,-0.16018534986051236,69
REFUGE_Valid,SEALED_REVIEW,20260907,1,Q1,OC,SS,CS,-0.0379474783358944,69
REFUGE_Valid,SEALED_REVIEW,20260907,1,Q1,OC,SC,CC,0.05480398039209433,69
REFUGE_Valid,SEALED_REVIEW,20260907,1,Q1,OC,SS,CC,0.12223787152461796,69
REFUGE_Valid,SEALED_REVIEW,20260907,1,Q1,OC,SS,SAME64_HOLD,-0.4891389156838528,69
REFUGE_Valid,SEALED_REVIEW,20260907,1,Q1,OC,SC,SAME64_HOLD,-0.5565728068163764,69
REFUGE_Valid,SEALED_REVIEW,20260907,1,Q1,OC,CS,CROSS64_HOLD,0.20051987709744878,69
REFUGE_Valid,SEALED_REVIEW,20260907,1,Q1,OC,CC,CROSS64_HOLD,0.040334527236936424,69
REFUGE_Valid,SEALED_REVIEW,20260907,1,Q1,OC,SS,C_CONT,0.5337311615991212,69
REFUGE_Valid,SEALED_REVIEW,20260907,1,Q1,OC,SS,ANCHOR,0.8167027650029155,69
REFUGE_Valid,SEALED_REVIEW,20260907,1,Q1,OC,SS,SOURCE_HOLD,-0.5581971042704907,69
REFUGE_Valid,SEALED_REVIEW,20260907,1,Q1,OC,SC,C_CONT,0.4662972704665975,69
REFUGE_Valid,SEALED_REVIEW,20260907,1,Q1,OC,SC,ANCHOR,0.7492688738703919,69
REFUGE_Valid,SEALED_REVIEW,20260907,1,Q1,OC,SC,SOURCE_HOLD,-0.6256309954030144,69
REFUGE_Valid,SEALED_REVIEW,20260907,1,Q1,OC,CS,C_CONT,0.5716786399350156,69
REFUGE_Valid,SEALED_REVIEW,20260907,1,Q1,OC,CS,ANCHOR,0.8546502433388099,69
REFUGE_Valid,SEALED_REVIEW,20260907,1,Q1,OC,CS,SOURCE_HOLD,-0.5202496259345963,69
REFUGE_Valid,SEALED_REVIEW,20260907,1,Q1,OC,CC,C_CONT,0.4114932900745032,69
REFUGE_Valid,SEALED_REVIEW,20260907,1,Q1,OC,CC,ANCHOR,0.6944648934782975,69
REFUGE_Valid,SEALED_REVIEW,20260907,1,Q1,OC,CC,SOURCE_HOLD,-0.6804349757951087,69
REFUGE_Valid,SEALED_REVIEW,20260907,1,Q1,OC,OPTIMIZER_BY_PARAMETER_INTERACTION,ALGEBRA,0.09275145872798873,69
REFUGE_Valid,SEALED_REVIEW,20260907,1,FIRST64,OD,SC,SS,-0.08808574123048629,20
REFUGE_Valid,SEALED_REVIEW,20260907,1,FIRST64,OD,CC,CS,-0.22096311892900644,20
REFUGE_Valid,SEALED_REVIEW,20260907,1,FIRST64,OD,SS,CS,0.7325263304076799,20
REFUGE_Valid,SEALED_REVIEW,20260907,1,FIRST64,OD,SC,CC,0.8654037081062,20
REFUGE_Valid,SEALED_REVIEW,20260907,1,FIRST64,OD,SS,CC,0.9534894493366863,20
REFUGE_Valid,SEALED_REVIEW,20260907,1,FIRST64,OD,SS,SAME64_HOLD,-0.40877976880985045,20
REFUGE_Valid,SEALED_REVIEW,20260907,1,FIRST64,OD,SC,SAME64_HOLD,-0.49686551004033674,20
REFUGE_Valid,SEALED_REVIEW,20260907,1,FIRST64,OD,CS,CROSS64_HOLD,0.7921910537400692,20
REFUGE_Valid,SEALED_REVIEW,20260907,1,FIRST64,OD,CC,CROSS64_HOLD,0.5712279348110627,20
REFUGE_Valid,SEALED_REVIEW,20260907,1,FIRST64,OD,SS,C_CONT,0.9371667663698133,20
REFUGE_Valid,SEALED_REVIEW,20260907,1,FIRST64,OD,SS,ANCHOR,1.2527466889662549,20
REFUGE_Valid,SEALED_REVIEW,20260907,1,FIRST64,OD,SS,SOURCE_HOLD,0.4379800560744229,20
REFUGE_Valid,SEALED_REVIEW,20260907,1,FIRST64,OD,SC,C_CONT,0.849081025139327,20
REFUGE_Valid,SEALED_REVIEW,20260907,1,FIRST64,OD,SC,ANCHOR,1.1646609477357686,20
REFUGE_Valid,SEALED_REVIEW,20260907,1,FIRST64,OD,SC,SOURCE_HOLD,0.3498943148439366,20
REFUGE_Valid,SEALED_REVIEW,20260907,1,FIRST64,OD,CS,C_CONT,0.20464043596213344,20
REFUGE_Valid,SEALED_REVIEW,20260907,1,FIRST64,OD,CS,ANCHOR,0.520220358558575,20
REFUGE_Valid,SEALED_REVIEW,20260907,1,FIRST64,OD,CS,SOURCE_HOLD,-0.294546274333257,20
REFUGE_Valid,SEALED_REVIEW,20260907,1,FIRST64,OD,CC,C_CONT,-0.016322682966873003,20
REFUGE_Valid,SEALED_REVIEW,20260907,1,FIRST64,OD,CC,ANCHOR,0.2992572396295685,20
REFUGE_Valid,SEALED_REVIEW,20260907,1,FIRST64,OD,CC,SOURCE_HOLD,-0.5155093932622634,20
REFUGE_Valid,SEALED_REVIEW,20260907,1,FIRST64,OD,OPTIMIZER_BY_PARAMETER_INTERACTION,ALGEBRA,0.13287737769852015,20
REFUGE_Valid,SEALED_REVIEW,20260907,1,FIRST64,OC,SC,SS,0.06304587272835249,20
REFUGE_Valid,SEALED_REVIEW,20260907,1,FIRST64,OC,CC,CS,-0.11485989562568477,20
REFUGE_Valid,SEALED_REVIEW,20260907,1,FIRST64,OC,SS,CS,-0.5248455351052286,20
REFUGE_Valid,SEALED_REVIEW,20260907,1,FIRST64,OC,SC,CC,-0.3469397667511913,20
REFUGE_Valid,SEALED_REVIEW,20260907,1,FIRST64,OC,SS,CC,-0.4099856394795438,20
REFUGE_Valid,SEALED_REVIEW,20260907,1,FIRST64,OC,SS,SAME64_HOLD,-0.4410319197670134,20
REFUGE_Valid,SEALED_REVIEW,20260907,1,FIRST64,OC,SC,SAME64_HOLD,-0.3779860470386609,20
REFUGE_Valid,SEALED_REVIEW,20260907,1,FIRST64,OC,CS,CROSS64_HOLD,-0.1007135933694343,20
REFUGE_Valid,SEALED_REVIEW,20260907,1,FIRST64,OC,CC,CROSS64_HOLD,-0.21557348899511908,20
REFUGE_Valid,SEALED_REVIEW,20260907,1,FIRST64,OC,SS,C_CONT,-0.024431151179058475,20
REFUGE_Valid,SEALED_REVIEW,20260907,1,FIRST64,OC,SS,ANCHOR,0.12916431831199304,20
REFUGE_Valid,SEALED_REVIEW,20260907,1,FIRST64,OC,SS,SOURCE_HOLD,-1.1798811593946255,20
REFUGE_Valid,SEALED_REVIEW,20260907,1,FIRST64,OC,SC,C_CONT,0.03861472154929402,20
REFUGE_Valid,SEALED_REVIEW,20260907,1,FIRST64,OC,SC,ANCHOR,0.19221019104034553,20
REFUGE_Valid,SEALED_REVIEW,20260907,1,FIRST64,OC,SC,SOURCE_HOLD,-1.116835286666273,20
REFUGE_Valid,SEALED_REVIEW,20260907,1,FIRST64,OC,CS,C_CONT,0.5004143839261701,20
REFUGE_Valid,SEALED_REVIEW,20260907,1,FIRST64,OC,CS,ANCHOR,0.6540098534172216,20
REFUGE_Valid,SEALED_REVIEW,20260907,1,FIRST64,OC,CS,SOURCE_HOLD,-0.6550356242893969,20
REFUGE_Valid,SEALED_REVIEW,20260907,1,FIRST64,OC,CC,C_CONT,0.38555448830048533,20
REFUGE_Valid,SEALED_REVIEW,20260907,1,FIRST64,OC,CC,ANCHOR,0.5391499577915368,20
REFUGE_Valid,SEALED_REVIEW,20260907,1,FIRST64,OC,CC,SOURCE_HOLD,-0.7698955199150816,20
REFUGE_Valid,SEALED_REVIEW,20260907,1,FIRST64,OC,OPTIMIZER_BY_PARAMETER_INTERACTION,ALGEBRA,0.17790576835403726,20
REFUGE_Valid,SEALED_REVIEW,20260907,1,Q2,OD,SC,SS,-0.13087147374481845,80
REFUGE_Valid,SEALED_REVIEW,20260907,1,Q2,OD,CC,CS,-0.2623867058757128,80
REFUGE_Valid,SEALED_REVIEW,20260907,1,Q2,OD,SS,CS,0.16772671571293074,80
REFUGE_Valid,SEALED_REVIEW,20260907,1,Q2,OD,SC,CC,0.2992419478438251,80
REFUGE_Valid,SEALED_REVIEW,20260907,1,Q2,OD,SS,CC,0.4301134215886435,80
REFUGE_Valid,SEALED_REVIEW,20260907,1,Q2,OD,SS,SAME64_HOLD,-1.615486783275216,80
REFUGE_Valid,SEALED_REVIEW,20260907,1,Q2,OD,SC,SAME64_HOLD,-1.7463582570200344,80
REFUGE_Valid,SEALED_REVIEW,20260907,1,Q2,OD,CS,CROSS64_HOLD,0.05687842806212018,80
REFUGE_Valid,SEALED_REVIEW,20260907,1,Q2,OD,CC,CROSS64_HOLD,-0.2055082778135926,80
REFUGE_Valid,SEALED_REVIEW,20260907,1,Q2,OD,SS,C_CONT,1.513005257819728,80
REFUGE_Valid,SEALED_REVIEW,20260907,1,Q2,OD,SS,ANCHOR,2.5591493917880115,80
REFUGE_Valid,SEALED_REVIEW,20260907,1,Q2,OD,SS,SOURCE_HOLD,-0.688167411496309,80
REFUGE_Valid,SEALED_REVIEW,20260907,1,Q2,OD,SC,C_CONT,1.3821337840749095,80
REFUGE_Valid,SEALED_REVIEW,20260907,1,Q2,OD,SC,ANCHOR,2.428277918043193,80
REFUGE_Valid,SEALED_REVIEW,20260907,1,Q2,OD,SC,SOURCE_HOLD,-0.8190388852411274,80
REFUGE_Valid,SEALED_REVIEW,20260907,1,Q2,OD,CS,C_CONT,1.3452785421067972,80
REFUGE_Valid,SEALED_REVIEW,20260907,1,Q2,OD,CS,ANCHOR,2.3914226760750807,80
REFUGE_Valid,SEALED_REVIEW,20260907,1,Q2,OD,CS,SOURCE_HOLD,-0.8558941272092397,80
REFUGE_Valid,SEALED_REVIEW,20260907,1,Q2,OD,CC,C_CONT,1.0828918362310844,80
REFUGE_Valid,SEALED_REVIEW,20260907,1,Q2,OD,CC,ANCHOR,2.129035970199368,80
REFUGE_Valid,SEALED_REVIEW,20260907,1,Q2,OD,CC,SOURCE_HOLD,-1.1182808330849525,80
REFUGE_Valid,SEALED_REVIEW,20260907,1,Q2,OD,OPTIMIZER_BY_PARAMETER_INTERACTION,ALGEBRA,0.13151523213089433,80
REFUGE_Valid,SEALED_REVIEW,20260907,1,Q2,OC,SC,SS,-0.1027550512469304,80
REFUGE_Valid,SEALED_REVIEW,20260907,1,Q2,OC,CC,CS,-0.1543684431553345,80
REFUGE_Valid,SEALED_REVIEW,20260907,1,Q2,OC,SS,CS,0.18070938953718496,80
REFUGE_Valid,SEALED_REVIEW,20260907,1,Q2,OC,SC,CC,0.23232278144558904,80
REFUGE_Valid,SEALED_REVIEW,20260907,1,Q2,OC,SS,CC,0.33507783269251945,80
REFUGE_Valid,SEALED_REVIEW,20260907,1,Q2,OC,SS,SAME64_HOLD,-0.7462000780641915,80
REFUGE_Valid,SEALED_REVIEW,20260907,1,Q2,OC,SC,SAME64_HOLD,-0.8489551293111219,80
REFUGE_Valid,SEALED_REVIEW,20260907,1,Q2,OC,CS,CROSS64_HOLD,-0.4715699197535912,80
REFUGE_Valid,SEALED_REVIEW,20260907,1,Q2,OC,CC,CROSS64_HOLD,-0.6259383629089257,80
REFUGE_Valid,SEALED_REVIEW,20260907,1,Q2,OC,SS,C_CONT,0.847087523712446,80
REFUGE_Valid,SEALED_REVIEW,20260907,1,Q2,OC,SS,ANCHOR,1.4415011471516834,80
REFUGE_Valid,SEALED_REVIEW,20260907,1,Q2,OC,SS,SOURCE_HOLD,-1.0133892668128226,80
REFUGE_Valid,SEALED_REVIEW,20260907,1,Q2,OC,SC,C_CONT,0.7443324724655156,80
REFUGE_Valid,SEALED_REVIEW,20260907,1,Q2,OC,SC,ANCHOR,1.338746095904753,80
REFUGE_Valid,SEALED_REVIEW,20260907,1,Q2,OC,SC,SOURCE_HOLD,-1.116144318059753,80
REFUGE_Valid,SEALED_REVIEW,20260907,1,Q2,OC,CS,C_CONT,0.666378134175261,80
REFUGE_Valid,SEALED_REVIEW,20260907,1,Q2,OC,CS,ANCHOR,1.2607917576144985,80
REFUGE_Valid,SEALED_REVIEW,20260907,1,Q2,OC,CS,SOURCE_HOLD,-1.1940986563500076,80
REFUGE_Valid,SEALED_REVIEW,20260907,1,Q2,OC,CC,C_CONT,0.5120096910199265,80
REFUGE_Valid,SEALED_REVIEW,20260907,1,Q2,OC,CC,ANCHOR,1.106423314459164,80
REFUGE_Valid,SEALED_REVIEW,20260907,1,Q2,OC,CC,SOURCE_HOLD,-1.348467099505342,80
REFUGE_Valid,SEALED_REVIEW,20260907,1,Q2,OC,OPTIMIZER_BY_PARAMETER_INTERACTION,ALGEBRA,0.05161339190840408,80
REFUGE_Valid,SEARCH,20260907,1,Q2,OD,SC,SS,-0.18359737340072968,89
REFUGE_Valid,SEARCH,20260907,1,Q2,OD,CC,CS,-0.28312873283999807,89
REFUGE_Valid,SEARCH,20260907,1,Q2,OD,SS,CS,0.3003976732461524,89
REFUGE_Valid,SEARCH,20260907,1,Q2,OD,SC,CC,0.3999290326854208,89
REFUGE_Valid,SEARCH,20260907,1,Q2,OD,SS,CC,0.5835264060861505,89
REFUGE_Valid,SEARCH,20260907,1,Q2,OD,SS,SAME64_HOLD,-1.40991361409273,89
REFUGE_Valid,SEARCH,20260907,1,Q2,OD,SC,SAME64_HOLD,-1.5935109874934597,89
REFUGE_Valid,SEARCH,20260907,1,Q2,OD,CS,CROSS64_HOLD,0.24830115936453012,89
REFUGE_Valid,SEARCH,20260907,1,Q2,OD,CC,CROSS64_HOLD,-0.03482757347546794,89
REFUGE_Valid,SEARCH,20260907,1,Q2,OD,SS,C_CONT,1.7751957251645507,89
REFUGE_Valid,SEARCH,20260907,1,Q2,OD,SS,ANCHOR,2.928433077634054,89
REFUGE_Valid,SEARCH,20260907,1,Q2,OD,SS,SOURCE_HOLD,-0.1621328633458603,89
REFUGE_Valid,SEARCH,20260907,1,Q2,OD,SC,C_CONT,1.591598351763821,89
REFUGE_Valid,SEARCH,20260907,1,Q2,OD,SC,ANCHOR,2.7448357042333242,89
REFUGE_Valid,SEARCH,20260907,1,Q2,OD,SC,SOURCE_HOLD,-0.34573023674659,89
REFUGE_Valid,SEARCH,20260907,1,Q2,OD,CS,C_CONT,1.4747980519183983,89
REFUGE_Valid,SEARCH,20260907,1,Q2,OD,CS,ANCHOR,2.6280354043879015,89
REFUGE_Valid,SEARCH,20260907,1,Q2,OD,CS,SOURCE_HOLD,-0.4625305365920127,89
REFUGE_Valid,SEARCH,20260907,1,Q2,OD,CC,C_CONT,1.1916693190784002,89
REFUGE_Valid,SEARCH,20260907,1,Q2,OD,CC,ANCHOR,2.3449066715479034,89
REFUGE_Valid,SEARCH,20260907,1,Q2,OD,CC,SOURCE_HOLD,-0.7456592694320108,89
REFUGE_Valid,SEARCH,20260907,1,Q2,OD,OPTIMIZER_BY_PARAMETER_INTERACTION,ALGEBRA,0.09953135943926839,89
REFUGE_Valid,SEARCH,20260907,1,Q2,OC,SC,SS,-0.06911976414710352,89
REFUGE_Valid,SEARCH,20260907,1,Q2,OC,CC,CS,-0.11117749564827761,89
REFUGE_Valid,SEARCH,20260907,1,Q2,OC,SS,CS,0.07834654879658842,89
REFUGE_Valid,SEARCH,20260907,1,Q2,OC,SC,CC,0.12040428029776251,89
REFUGE_Valid,SEARCH,20260907,1,Q2,OC,SS,CC,0.18952404444486604,89
REFUGE_Valid,SEARCH,20260907,1,Q2,OC,SS,SAME64_HOLD,-0.8133967656280561,89
REFUGE_Valid,SEARCH,20260907,1,Q2,OC,SC,SAME64_HOLD,-0.8825165297751596,89
REFUGE_Valid,SEARCH,20260907,1,Q2,OC,CS,CROSS64_HOLD,-0.9807458283878105,89
REFUGE_Valid,SEARCH,20260907,1,Q2,OC,CC,CROSS64_HOLD,-1.0919233240360882,89
REFUGE_Valid,SEARCH,20260907,1,Q2,OC,SS,C_CONT,0.6318217994929682,89
REFUGE_Valid,SEARCH,20260907,1,Q2,OC,SS,ANCHOR,1.1837467286286483,89
REFUGE_Valid,SEARCH,20260907,1,Q2,OC,SS,SOURCE_HOLD,-1.34775091701556,89
REFUGE_Valid,SEARCH,20260907,1,Q2,OC,SC,C_CONT,0.5627020353458647,89
REFUGE_Valid,SEARCH,20260907,1,Q2,OC,SC,ANCHOR,1.1146269644815447,89
REFUGE_Valid,SEARCH,20260907,1,Q2,OC,SC,SOURCE_HOLD,-1.4168706811626635,89
REFUGE_Valid,SEARCH,20260907,1,Q2,OC,CS,C_CONT,0.5534752506963798,89
REFUGE_Valid,SEARCH,20260907,1,Q2,OC,CS,ANCHOR,1.1054001798320598,89
REFUGE_Valid,SEARCH,20260907,1,Q2,OC,CS,SOURCE_HOLD,-1.4260974658121484,89
REFUGE_Valid,SEARCH,20260907,1,Q2,OC,CC,C_CONT,0.4422977550481022,89
REFUGE_Valid,SEARCH,20260907,1,Q2,OC,CC,ANCHOR,0.9942226841837822,89
REFUGE_Valid,SEARCH,20260907,1,Q2,OC,CC,SOURCE_HOLD,-1.537274961460426,89
REFUGE_Valid,SEARCH,20260907,1,Q2,OC,OPTIMIZER_BY_PARAMETER_INTERACTION,ALGEBRA,0.04205773150117409,89
REFUGE_Valid,SEARCH,20260907,1,Q3,OD,SC,SS,-0.1562427571854812,100
REFUGE_Valid,SEARCH,20260907,1,Q3,OD,CC,CS,-0.2776131146879379,100
REFUGE_Valid,SEARCH,20260907,1,Q3,OD,SS,CS,0.25928933210073524,100
REFUGE_Valid,SEARCH,20260907,1,Q3,OD,SC,CC,0.38065968960319196,100
REFUGE_Valid,SEARCH,20260907,1,Q3,OD,SS,CC,0.5369024467886732,100
REFUGE_Valid,SEARCH,20260907,1,Q3,OD,SS,SAME64_HOLD,-2.383870862244706,100
REFUGE_Valid,SEARCH,20260907,1,Q3,OD,SC,SAME64_HOLD,-2.540113619430187,100
REFUGE_Valid,SEARCH,20260907,1,Q3,OD,CS,CROSS64_HOLD,-0.32689951985935295,100
REFUGE_Valid,SEARCH,20260907,1,Q3,OD,CC,CROSS64_HOLD,-0.6045126345472909,100
REFUGE_Valid,SEARCH,20260907,1,Q3,OD,SS,C_CONT,1.733056604217012,100
REFUGE_Valid,SEARCH,20260907,1,Q3,OD,SS,ANCHOR,3.018182364685302,100
REFUGE_Valid,SEARCH,20260907,1,Q3,OD,SS,SOURCE_HOLD,-0.7214430332777368,100
REFUGE_Valid,SEARCH,20260907,1,Q3,OD,SC,C_CONT,1.5768138470315307,100
REFUGE_Valid,SEARCH,20260907,1,Q3,OD,SC,ANCHOR,2.8619396074998207,100
REFUGE_Valid,SEARCH,20260907,1,Q3,OD,SC,SOURCE_HOLD,-0.877685790463218,100
REFUGE_Valid,SEARCH,20260907,1,Q3,OD,CS,C_CONT,1.4737672721162767,100
REFUGE_Valid,SEARCH,20260907,1,Q3,OD,CS,ANCHOR,2.7588930325845666,100
REFUGE_Valid,SEARCH,20260907,1,Q3,OD,CS,SOURCE_HOLD,-0.9807323653784721,100
REFUGE_Valid,SEARCH,20260907,1,Q3,OD,CC,C_CONT,1.1961541574283387,100
REFUGE_Valid,SEARCH,20260907,1,Q3,OD,CC,ANCHOR,2.4812799178966287,100
REFUGE_Valid,SEARCH,20260907,1,Q3,OD,CC,SOURCE_HOLD,-1.25834548006641,100
REFUGE_Valid,SEARCH,20260907,1,Q3,OD,OPTIMIZER_BY_PARAMETER_INTERACTION,ALGEBRA,0.12137035750245673,100
REFUGE_Valid,SEARCH,20260907,1,Q3,OC,SC,SS,-0.13821173517060004,100
REFUGE_Valid,SEARCH,20260907,1,Q3,OC,CC,CS,-0.17364324373531304,100
REFUGE_Valid,SEARCH,20260907,1,Q3,OC,SS,CS,0.22937408619257837,100
REFUGE_Valid,SEARCH,20260907,1,Q3,OC,SC,CC,0.2648055947572914,100
REFUGE_Valid,SEARCH,20260907,1,Q3,OC,SS,CC,0.4030173299278914,100
REFUGE_Valid,SEARCH,20260907,1,Q3,OC,SS,SAME64_HOLD,-1.1260921579671646,100
REFUGE_Valid,SEARCH,20260907,1,Q3,OC,SC,SAME64_HOLD,-1.2643038931377646,100
REFUGE_Valid,SEARCH,20260907,1,Q3,OC,CS,CROSS64_HOLD,-0.6831538257972767,100
REFUGE_Valid,SEARCH,20260907,1,Q3,OC,CC,CROSS64_HOLD,-0.8567970695325897,100
REFUGE_Valid,SEARCH,20260907,1,Q3,OC,SS,C_CONT,0.9698788045959503,100
REFUGE_Valid,SEARCH,20260907,1,Q3,OC,SS,ANCHOR,1.870317652892112,100
REFUGE_Valid,SEARCH,20260907,1,Q3,OC,SS,SOURCE_HOLD,-0.9684517709727487,100
REFUGE_Valid,SEARCH,20260907,1,Q3,OC,SC,C_CONT,0.8316670694253503,100
REFUGE_Valid,SEARCH,20260907,1,Q3,OC,SC,ANCHOR,1.732105917721512,100
REFUGE_Valid,SEARCH,20260907,1,Q3,OC,SC,SOURCE_HOLD,-1.1066635061433487,100
REFUGE_Valid,SEARCH,20260907,1,Q3,OC,CS,C_CONT,0.740504718403372,100
REFUGE_Valid,SEARCH,20260907,1,Q3,OC,CS,ANCHOR,1.6409435666995336,100
REFUGE_Valid,SEARCH,20260907,1,Q3,OC,CS,SOURCE_HOLD,-1.197825857165327,100
REFUGE_Valid,SEARCH,20260907,1,Q3,OC,CC,C_CONT,0.5668614746680589,100
REFUGE_Valid,SEARCH,20260907,1,Q3,OC,CC,ANCHOR,1.4673003229642205,100
REFUGE_Valid,SEARCH,20260907,1,Q3,OC,CC,SOURCE_HOLD,-1.3714691009006401,100
REFUGE_Valid,SEARCH,20260907,1,Q3,OC,OPTIMIZER_BY_PARAMETER_INTERACTION,ALGEBRA,0.035431508564713,100
REFUGE_Valid,SEALED_REVIEW,20260907,1,Q3,OD,SC,SS,-0.20626550530597854,68
REFUGE_Valid,SEALED_REVIEW,20260907,1,Q3,OD,CC,CS,-0.31470899354832227,68
REFUGE_Valid,SEALED_REVIEW,20260907,1,Q3,OD,SS,CS,0.36192641227350464,68
REFUGE_Valid,SEALED_REVIEW,20260907,1,Q3,OD,SC,CC,0.47036990051584837,68
REFUGE_Valid,SEALED_REVIEW,20260907,1,Q3,OD,SS,CC,0.6766354058218269,68
REFUGE_Valid,SEALED_REVIEW,20260907,1,Q3,OD,SS,SAME64_HOLD,-3.1429044404171833,68
REFUGE_Valid,SEALED_REVIEW,20260907,1,Q3,OD,SC,SAME64_HOLD,-3.349169945723162,68
REFUGE_Valid,SEALED_REVIEW,20260907,1,Q3,OD,CS,CROSS64_HOLD,-0.7288410523063504,68
REFUGE_Valid,SEALED_REVIEW,20260907,1,Q3,OD,CC,CROSS64_HOLD,-1.0435500458546727,68
REFUGE_Valid,SEALED_REVIEW,20260907,1,Q3,OD,SS,C_CONT,2.024970155634165,68
REFUGE_Valid,SEALED_REVIEW,20260907,1,Q3,OD,SS,ANCHOR,3.4885466284259223,68
REFUGE_Valid,SEALED_REVIEW,20260907,1,Q3,OD,SS,SOURCE_HOLD,-1.3904993853881962,68
REFUGE_Valid,SEALED_REVIEW,20260907,1,Q3,OD,SC,C_CONT,1.8187046503281863,68
REFUGE_Valid,SEALED_REVIEW,20260907,1,Q3,OD,SC,ANCHOR,3.282281123119944,68
REFUGE_Valid,SEALED_REVIEW,20260907,1,Q3,OD,SC,SOURCE_HOLD,-1.5967648906941747,68
REFUGE_Valid,SEALED_REVIEW,20260907,1,Q3,OD,CS,C_CONT,1.6630437433606602,68
REFUGE_Valid,SEALED_REVIEW,20260907,1,Q3,OD,CS,ANCHOR,3.1266202161524177,68
REFUGE_Valid,SEALED_REVIEW,20260907,1,Q3,OD,CS,SOURCE_HOLD,-1.7524257976617008,68
REFUGE_Valid,SEALED_REVIEW,20260907,1,Q3,OD,CC,C_CONT,1.348334749812338,68
REFUGE_Valid,SEALED_REVIEW,20260907,1,Q3,OD,CC,ANCHOR,2.8119112226040954,68
REFUGE_Valid,SEALED_REVIEW,20260907,1,Q3,OD,CC,SOURCE_HOLD,-2.067134791210023,68
REFUGE_Valid,SEALED_REVIEW,20260907,1,Q3,OD,OPTIMIZER_BY_PARAMETER_INTERACTION,ALGEBRA,0.10844348824234373,68
REFUGE_Valid,SEALED_REVIEW,20260907,1,Q3,OC,SC,SS,-0.11858658253305521,68
REFUGE_Valid,SEALED_REVIEW,20260907,1,Q3,OC,CC,CS,-0.1686953406557805,68
REFUGE_Valid,SEALED_REVIEW,20260907,1,Q3,OC,SS,CS,0.17247875768347143,68
REFUGE_Valid,SEALED_REVIEW,20260907,1,Q3,OC,SC,CC,0.22258751580619673,68
REFUGE_Valid,SEALED_REVIEW,20260907,1,Q3,OC,SS,CC,0.34117409833925194,68
REFUGE_Valid,SEALED_REVIEW,20260907,1,Q3,OC,SS,SAME64_HOLD,-1.52028366665391,68
REFUGE_Valid,SEALED_REVIEW,20260907,1,Q3,OC,SC,SAME64_HOLD,-1.6388702491869651,68
REFUGE_Valid,SEALED_REVIEW,20260907,1,Q3,OC,CS,CROSS64_HOLD,-1.7334067990876392,68
REFUGE_Valid,SEALED_REVIEW,20260907,1,Q3,OC,CC,CROSS64_HOLD,-1.9021021397434197,68
REFUGE_Valid,SEALED_REVIEW,20260907,1,Q3,OC,SS,C_CONT,0.903345693946612,68
REFUGE_Valid,SEALED_REVIEW,20260907,1,Q3,OC,SS,ANCHOR,1.8376893374300494,68
REFUGE_Valid,SEALED_REVIEW,20260907,1,Q3,OC,SS,SOURCE_HOLD,-2.071291339804631,68
REFUGE_Valid,SEALED_REVIEW,20260907,1,Q3,OC,SC,C_CONT,0.7847591114135568,68
REFUGE_Valid,SEALED_REVIEW,20260907,1,Q3,OC,SC,ANCHOR,1.7191027548969942,68
REFUGE_Valid,SEALED_REVIEW,20260907,1,Q3,OC,SC,SOURCE_HOLD,-2.1898779223376863,68
REFUGE_Valid,SEALED_REVIEW,20260907,1,Q3,OC,CS,C_CONT,0.7308669362631406,68
REFUGE_Valid,SEALED_REVIEW,20260907,1,Q3,OC,CS,ANCHOR,1.665210579746578,68
REFUGE_Valid,SEALED_REVIEW,20260907,1,Q3,OC,CS,SOURCE_HOLD,-2.2437700974881025,68
REFUGE_Valid,SEALED_REVIEW,20260907,1,Q3,OC,CC,C_CONT,0.5621715956073601,68
REFUGE_Valid,SEALED_REVIEW,20260907,1,Q3,OC,CC,ANCHOR,1.4965152390907974,68
REFUGE_Valid,SEALED_REVIEW,20260907,1,Q3,OC,CC,SOURCE_HOLD,-2.412465438143883,68
REFUGE_Valid,SEALED_REVIEW,20260907,1,Q3,OC,OPTIMIZER_BY_PARAMETER_INTERACTION,ALGEBRA,0.050108758122725305,68
REFUGE_Valid,SEARCH,20260907,1,Q4,OD,SC,SS,-0.24846164146403282,120
REFUGE_Valid,SEARCH,20260907,1,Q4,OD,CC,CS,-0.3431832810408082,120
REFUGE_Valid,SEARCH,20260907,1,Q4,OD,SS,CS,0.6359952950143111,120
REFUGE_Valid,SEARCH,20260907,1,Q4,OD,SC,CC,0.7307169345910864,120
REFUGE_Valid,SEARCH,20260907,1,Q4,OD,SS,CC,0.9791785760551193,120
REFUGE_Valid,SEARCH,20260907,1,Q4,OD,SS,SAME64_HOLD,-4.287427593666862,120
REFUGE_Valid,SEARCH,20260907,1,Q4,OD,SC,SAME64_HOLD,-4.535889235130895,120
REFUGE_Valid,SEARCH,20260907,1,Q4,OD,CS,CROSS64_HOLD,-2.7279690158777044,120
REFUGE_Valid,SEARCH,20260907,1,Q4,OD,CC,CROSS64_HOLD,-3.0711522969185125,120
REFUGE_Valid,SEARCH,20260907,1,Q4,OD,SS,C_CONT,2.483989862045334,120
REFUGE_Valid,SEARCH,20260907,1,Q4,OD,SS,ANCHOR,4.0179483073838895,120
REFUGE_Valid,SEARCH,20260907,1,Q4,OD,SS,SOURCE_HOLD,-2.8258418215893215,120
REFUGE_Valid,SEARCH,20260907,1,Q4,OD,SC,C_CONT,2.235528220581301,120
REFUGE_Valid,SEARCH,20260907,1,Q4,OD,SC,ANCHOR,3.7694866659198567,120
REFUGE_Valid,SEARCH,20260907,1,Q4,OD,SC,SOURCE_HOLD,-3.0743034630533543,120
REFUGE_Valid,SEARCH,20260907,1,Q4,OD,CS,C_CONT,1.847994567031023,120
REFUGE_Valid,SEARCH,20260907,1,Q4,OD,CS,ANCHOR,3.3819530123695785,120
REFUGE_Valid,SEARCH,20260907,1,Q4,OD,CS,SOURCE_HOLD,-3.4618371166036326,120
REFUGE_Valid,SEARCH,20260907,1,Q4,OD,CC,C_CONT,1.5048112859902147,120
REFUGE_Valid,SEARCH,20260907,1,Q4,OD,CC,ANCHOR,3.0387697313287703,120
REFUGE_Valid,SEARCH,20260907,1,Q4,OD,CC,SOURCE_HOLD,-3.8050203976444408,120
REFUGE_Valid,SEARCH,20260907,1,Q4,OD,OPTIMIZER_BY_PARAMETER_INTERACTION,ALGEBRA,0.09472163957677537,120
REFUGE_Valid,SEARCH,20260907,1,Q4,OC,SC,SS,-0.16843102538598487,120
REFUGE_Valid,SEARCH,20260907,1,Q4,OC,CC,CS,-0.21641059241802907,120
REFUGE_Valid,SEARCH,20260907,1,Q4,OC,SS,CS,0.28181319517387493,120
REFUGE_Valid,SEARCH,20260907,1,Q4,OC,SC,CC,0.32979276220591913,120
REFUGE_Valid,SEARCH,20260907,1,Q4,OC,SS,CC,0.498223787591904,120
REFUGE_Valid,SEARCH,20260907,1,Q4,OC,SS,SAME64_HOLD,-2.1694109877833583,120
REFUGE_Valid,SEARCH,20260907,1,Q4,OC,SC,SAME64_HOLD,-2.337842013169343,120
REFUGE_Valid,SEARCH,20260907,1,Q4,OC,CS,CROSS64_HOLD,-1.9887960044781323,120
REFUGE_Valid,SEARCH,20260907,1,Q4,OC,CC,CROSS64_HOLD,-2.2052065968961614,120
REFUGE_Valid,SEARCH,20260907,1,Q4,OC,SS,C_CONT,1.2477314400196278,120
REFUGE_Valid,SEARCH,20260907,1,Q4,OC,SS,ANCHOR,2.2156038123638524,120
REFUGE_Valid,SEARCH,20260907,1,Q4,OC,SS,SOURCE_HOLD,-2.2520184017343396,120
REFUGE_Valid,SEARCH,20260907,1,Q4,OC,SC,C_CONT,1.079300414633643,120
REFUGE_Valid,SEARCH,20260907,1,Q4,OC,SC,ANCHOR,2.0471727869778675,120
REFUGE_Valid,SEARCH,20260907,1,Q4,OC,SC,SOURCE_HOLD,-2.4204494271203245,120
REFUGE_Valid,SEARCH,20260907,1,Q4,OC,CS,C_CONT,0.9659182448457528,120
REFUGE_Valid,SEARCH,20260907,1,Q4,OC,CS,ANCHOR,1.9337906171899775,120
REFUGE_Valid,SEARCH,20260907,1,Q4,OC,CS,SOURCE_HOLD,-2.5338315969082146,120
REFUGE_Valid,SEARCH,20260907,1,Q4,OC,CC,C_CONT,0.7495076524277238,120
REFUGE_Valid,SEARCH,20260907,1,Q4,OC,CC,ANCHOR,1.7173800247719484,120
REFUGE_Valid,SEARCH,20260907,1,Q4,OC,CC,SOURCE_HOLD,-2.7502421893262436,120
REFUGE_Valid,SEARCH,20260907,1,Q4,OC,OPTIMIZER_BY_PARAMETER_INTERACTION,ALGEBRA,0.0479795670320442,120
REFUGE_Valid,SEALED_REVIEW,20260907,1,Q4,OD,SC,SS,-0.20962535988293496,52
REFUGE_Valid,SEALED_REVIEW,20260907,1,Q4,OD,CC,CS,-0.32422080676151666,52
REFUGE_Valid,SEALED_REVIEW,20260907,1,Q4,OD,SS,CS,0.5234111832015742,52
REFUGE_Valid,SEALED_REVIEW,20260907,1,Q4,OD,SC,CC,0.6380066300801559,52
REFUGE_Valid,SEALED_REVIEW,20260907,1,Q4,OD,SS,CC,0.8476319899630909,52
REFUGE_Valid,SEALED_REVIEW,20260907,1,Q4,OD,SS,SAME64_HOLD,-4.17029367177075,52
REFUGE_Valid,SEALED_REVIEW,20260907,1,Q4,OD,SC,SAME64_HOLD,-4.379919031653685,52
REFUGE_Valid,SEALED_REVIEW,20260907,1,Q4,OD,CS,CROSS64_HOLD,-2.3535216145876774,52
REFUGE_Valid,SEALED_REVIEW,20260907,1,Q4,OD,CC,CROSS64_HOLD,-2.677742421349194,52
REFUGE_Valid,SEALED_REVIEW,20260907,1,Q4,OD,SS,C_CONT,2.307800157045861,52
REFUGE_Valid,SEALED_REVIEW,20260907,1,Q4,OD,SS,ANCHOR,3.8908352580052963,52
REFUGE_Valid,SEALED_REVIEW,20260907,1,Q4,OD,SS,SOURCE_HOLD,-2.5355918236400043,52
REFUGE_Valid,SEALED_REVIEW,20260907,1,Q4,OD,SC,C_CONT,2.098174797162926,52
REFUGE_Valid,SEALED_REVIEW,20260907,1,Q4,OD,SC,ANCHOR,3.6812098981223613,52
REFUGE_Valid,SEALED_REVIEW,20260907,1,Q4,OD,SC,SOURCE_HOLD,-2.7452171835229393,52
REFUGE_Valid,SEALED_REVIEW,20260907,1,Q4,OD,CS,C_CONT,1.7843889738442869,52
REFUGE_Valid,SEALED_REVIEW,20260907,1,Q4,OD,CS,ANCHOR,3.367424074803722,52
REFUGE_Valid,SEALED_REVIEW,20260907,1,Q4,OD,CS,SOURCE_HOLD,-3.0590030068415786,52
REFUGE_Valid,SEALED_REVIEW,20260907,1,Q4,OD,CC,C_CONT,1.4601681670827702,52
REFUGE_Valid,SEALED_REVIEW,20260907,1,Q4,OD,CC,ANCHOR,3.0432032680422054,52
REFUGE_Valid,SEALED_REVIEW,20260907,1,Q4,OD,CC,SOURCE_HOLD,-3.383223813603095,52
REFUGE_Valid,SEALED_REVIEW,20260907,1,Q4,OD,OPTIMIZER_BY_PARAMETER_INTERACTION,ALGEBRA,0.1145954468785817,52
REFUGE_Valid,SEALED_REVIEW,20260907,1,Q4,OC,SC,SS,-0.23950451027461384,52
REFUGE_Valid,SEALED_REVIEW,20260907,1,Q4,OC,CC,CS,-0.24334486787689968,52
REFUGE_Valid,SEALED_REVIEW,20260907,1,Q4,OC,SS,CS,0.4983119901606585,52
REFUGE_Valid,SEALED_REVIEW,20260907,1,Q4,OC,SC,CC,0.5021523477629444,52
REFUGE_Valid,SEALED_REVIEW,20260907,1,Q4,OC,SS,CC,0.7416568580375582,52
REFUGE_Valid,SEALED_REVIEW,20260907,1,Q4,OC,SS,SAME64_HOLD,-2.2655484848250182,52
REFUGE_Valid,SEALED_REVIEW,20260907,1,Q4,OC,SC,SAME64_HOLD,-2.505052995099632,52
REFUGE_Valid,SEALED_REVIEW,20260907,1,Q4,OC,CS,CROSS64_HOLD,-1.9588035079790131,52
REFUGE_Valid,SEALED_REVIEW,20260907,1,Q4,OC,CC,CROSS64_HOLD,-2.202148375855913,52
REFUGE_Valid,SEALED_REVIEW,20260907,1,Q4,OC,SS,C_CONT,1.5715954081867807,52
REFUGE_Valid,SEALED_REVIEW,20260907,1,Q4,OC,SS,ANCHOR,2.6147870821189585,52
REFUGE_Valid,SEALED_REVIEW,20260907,1,Q4,OC,SS,SOURCE_HOLD,-2.1445417377471188,52
REFUGE_Valid,SEALED_REVIEW,20260907,1,Q4,OC,SC,C_CONT,1.3320908979121668,52
REFUGE_Valid,SEALED_REVIEW,20260907,1,Q4,OC,SC,ANCHOR,2.3752825718443447,52
REFUGE_Valid,SEALED_REVIEW,20260907,1,Q4,OC,SC,SOURCE_HOLD,-2.3840462480217326,52
REFUGE_Valid,SEALED_REVIEW,20260907,1,Q4,OC,CS,C_CONT,1.0732834180261221,52
REFUGE_Valid,SEALED_REVIEW,20260907,1,Q4,OC,CS,ANCHOR,2.1164750919583,52
REFUGE_Valid,SEALED_REVIEW,20260907,1,Q4,OC,CS,SOURCE_HOLD,-2.6428537279077773,52
REFUGE_Valid,SEALED_REVIEW,20260907,1,Q4,OC,CC,C_CONT,0.8299385501492225,52
REFUGE_Valid,SEALED_REVIEW,20260907,1,Q4,OC,CC,ANCHOR,1.8731302240814003,52
REFUGE_Valid,SEALED_REVIEW,20260907,1,Q4,OC,CC,SOURCE_HOLD,-2.886198595784677,52
REFUGE_Valid,SEALED_REVIEW,20260907,1,Q4,OC,OPTIMIZER_BY_PARAMETER_INTERACTION,ALGEBRA,0.0038403576022858488,52
ORIGA,SEARCH,17011,0,ALL,OD,SC,SS,0.7643178945859859,316
ORIGA,SEARCH,17011,0,ALL,OD,CC,CS,0.8021069198448885,316
ORIGA,SEARCH,17011,0,ALL,OD,SS,CS,0.7850712203555474,316
ORIGA,SEARCH,17011,0,ALL,OD,SC,CC,0.7472821950966448,316
ORIGA,SEARCH,17011,0,ALL,OD,SS,CC,-0.017035699489341027,316
ORIGA,SEARCH,17011,0,ALL,OD,SS,SAME64_HOLD,6.579423674174436,316
ORIGA,SEARCH,17011,0,ALL,OD,SC,SAME64_HOLD,7.3437415687604215,316
ORIGA,SEARCH,17011,0,ALL,OD,CS,CROSS64_HOLD,8.42588590488036,316
ORIGA,SEARCH,17011,0,ALL,OD,CC,CROSS64_HOLD,9.227992824725249,316
ORIGA,SEARCH,17011,0,ALL,OD,SS,C_CONT,-2.9469946977255574,316
ORIGA,SEARCH,17011,0,ALL,OD,SS,ANCHOR,-3.449712438991611,316
ORIGA,SEARCH,17011,0,ALL,OD,SS,SOURCE_HOLD,10.007754999927897,316
ORIGA,SEARCH,17011,0,ALL,OD,SC,C_CONT,-2.1826768031395716,316
ORIGA,SEARCH,17011,0,ALL,OD,SC,ANCHOR,-2.685394544405625,316
ORIGA,SEARCH,17011,0,ALL,OD,SC,SOURCE_HOLD,10.772072894513883,316
ORIGA,SEARCH,17011,0,ALL,OD,CS,C_CONT,-3.732065918081105,316
ORIGA,SEARCH,17011,0,ALL,OD,CS,ANCHOR,-4.234783659347158,316
ORIGA,SEARCH,17011,0,ALL,OD,CS,SOURCE_HOLD,9.22268377957235,316
ORIGA,SEARCH,17011,0,ALL,OD,CC,C_CONT,-2.9299589982362164,316
ORIGA,SEARCH,17011,0,ALL,OD,CC,ANCHOR,-3.43267673950227,316
ORIGA,SEARCH,17011,0,ALL,OD,CC,SOURCE_HOLD,10.024790699417238,316
ORIGA,SEARCH,17011,0,ALL,OD,OPTIMIZER_BY_PARAMETER_INTERACTION,ALGEBRA,-0.0377890252589026,316
ORIGA,SEARCH,17011,0,ALL,OC,SC,SS,0.7935127790858019,316
ORIGA,SEARCH,17011,0,ALL,OC,CC,CS,0.8336796746095274,316
ORIGA,SEARCH,17011,0,ALL,OC,SS,CS,0.9576133516529381,316
ORIGA,SEARCH,17011,0,ALL,OC,SC,CC,0.9174464561292126,316
ORIGA,SEARCH,17011,0,ALL,OC,SS,CC,0.12393367704341074,316
ORIGA,SEARCH,17011,0,ALL,OC,SS,SAME64_HOLD,7.521373643190785,316
ORIGA,SEARCH,17011,0,ALL,OC,SC,SAME64_HOLD,8.314886422276587,316
ORIGA,SEARCH,17011,0,ALL,OC,CS,CROSS64_HOLD,9.562882420241372,316
ORIGA,SEARCH,17011,0,ALL,OC,CC,CROSS64_HOLD,10.3965620948509,316
ORIGA,SEARCH,17011,0,ALL,OC,SS,C_CONT,-3.8779355796954746,316
ORIGA,SEARCH,17011,0,ALL,OC,SS,ANCHOR,-4.31706954706263,316
ORIGA,SEARCH,17011,0,ALL,OC,SS,SOURCE_HOLD,11.652541263764178,316
ORIGA,SEARCH,17011,0,ALL,OC,SC,C_CONT,-3.0844228006096728,316
ORIGA,SEARCH,17011,0,ALL,OC,SC,ANCHOR,-3.523556767976828,316
ORIGA,SEARCH,17011,0,ALL,OC,SC,SOURCE_HOLD,12.44605404284998,316
ORIGA,SEARCH,17011,0,ALL,OC,CS,C_CONT,-4.835548931348413,316
ORIGA,SEARCH,17011,0,ALL,OC,CS,ANCHOR,-5.274682898715568,316
ORIGA,SEARCH,17011,0,ALL,OC,CS,SOURCE_HOLD,10.69492791211124,316
ORIGA,SEARCH,17011,0,ALL,OC,CC,C_CONT,-4.001869256738885,316
ORIGA,SEARCH,17011,0,ALL,OC,CC,ANCHOR,-4.441003224106041,316
ORIGA,SEARCH,17011,0,ALL,OC,CC,SOURCE_HOLD,11.528607586720767,316
ORIGA,SEARCH,17011,0,ALL,OC,OPTIMIZER_BY_PARAMETER_INTERACTION,ALGEBRA,-0.04016689552372554,316
ORIGA,SEARCH,17011,0,Q1,OD,SC,SS,0.9123015037105802,81
ORIGA,SEARCH,17011,0,Q1,OD,CC,CS,0.967966456335958,81
ORIGA,SEARCH,17011,0,Q1,OD,SS,CS,1.7763369494920624,81
ORIGA,SEARCH,17011,0,Q1,OD,SC,CC,1.7206719968666846,81
ORIGA,SEARCH,17011,0,Q1,OD,SS,CC,0.8083704931561044,81
ORIGA,SEARCH,17011,0,Q1,OD,SS,SAME64_HOLD,4.102944413691461,81
ORIGA,SEARCH,17011,0,Q1,OD,SC,SAME64_HOLD,5.015245917402041,81
ORIGA,SEARCH,17011,0,Q1,OD,CS,CROSS64_HOLD,5.075122299952071,81
ORIGA,SEARCH,17011,0,Q1,OD,CC,CROSS64_HOLD,6.043088756288029,81
ORIGA,SEARCH,17011,0,Q1,OD,SS,C_CONT,-4.3917280165017445,81
ORIGA,SEARCH,17011,0,Q1,OD,SS,ANCHOR,-5.2042820236460585,81
ORIGA,SEARCH,17011,0,Q1,OD,SS,SOURCE_HOLD,7.511190264838632,81
ORIGA,SEARCH,17011,0,Q1,OD,SC,C_CONT,-3.4794265127911643,81
ORIGA,SEARCH,17011,0,Q1,OD,SC,ANCHOR,-4.291980519935478,81
ORIGA,SEARCH,17011,0,Q1,OD,SC,SOURCE_HOLD,8.423491768549212,81
ORIGA,SEARCH,17011,0,Q1,OD,CS,C_CONT,-6.168064965993807,81
ORIGA,SEARCH,17011,0,Q1,OD,CS,ANCHOR,-6.980618973138121,81
ORIGA,SEARCH,17011,0,Q1,OD,CS,SOURCE_HOLD,5.7348533153465695,81
ORIGA,SEARCH,17011,0,Q1,OD,CC,C_CONT,-5.200098509657849,81
ORIGA,SEARCH,17011,0,Q1,OD,CC,ANCHOR,-6.012652516802163,81
ORIGA,SEARCH,17011,0,Q1,OD,CC,SOURCE_HOLD,6.7028197716825275,81
ORIGA,SEARCH,17011,0,Q1,OD,OPTIMIZER_BY_PARAMETER_INTERACTION,ALGEBRA,-0.05566495262537785,81
ORIGA,SEARCH,17011,0,Q1,OC,SC,SS,1.065781993484869,81
ORIGA,SEARCH,17011,0,Q1,OC,CC,CS,1.1428366118486295,81
ORIGA,SEARCH,17011,0,Q1,OC,SS,CS,2.5653476301998452,81
ORIGA,SEARCH,17011,0,Q1,OC,SC,CC,2.4882930118360846,81
ORIGA,SEARCH,17011,0,Q1,OC,SS,CC,1.4225110183512157,81
ORIGA,SEARCH,17011,0,Q1,OC,SS,SAME64_HOLD,4.890724409421438,81
ORIGA,SEARCH,17011,0,Q1,OC,SC,SAME64_HOLD,5.956506402906307,81
ORIGA,SEARCH,17011,0,Q1,OC,CS,CROSS64_HOLD,5.542594861402186,81
ORIGA,SEARCH,17011,0,Q1,OC,CC,CROSS64_HOLD,6.685431473250816,81
ORIGA,SEARCH,17011,0,Q1,OC,SS,C_CONT,-5.698325625278592,81
ORIGA,SEARCH,17011,0,Q1,OC,SS,ANCHOR,-6.064066964889626,81
ORIGA,SEARCH,17011,0,Q1,OC,SS,SOURCE_HOLD,9.365242267788055,81
ORIGA,SEARCH,17011,0,Q1,OC,SC,C_CONT,-4.632543631793723,81
ORIGA,SEARCH,17011,0,Q1,OC,SC,ANCHOR,-4.9982849714047575,81
ORIGA,SEARCH,17011,0,Q1,OC,SC,SOURCE_HOLD,10.431024261272924,81
ORIGA,SEARCH,17011,0,Q1,OC,CS,C_CONT,-8.263673255478437,81
ORIGA,SEARCH,17011,0,Q1,OC,CS,ANCHOR,-8.629414595089472,81
ORIGA,SEARCH,17011,0,Q1,OC,CS,SOURCE_HOLD,6.79989463758821,81
ORIGA,SEARCH,17011,0,Q1,OC,CC,C_CONT,-7.120836643629808,81
ORIGA,SEARCH,17011,0,Q1,OC,CC,ANCHOR,-7.486577983240842,81
ORIGA,SEARCH,17011,0,Q1,OC,CC,SOURCE_HOLD,7.942731249436839,81
ORIGA,SEARCH,17011,0,Q1,OC,OPTIMIZER_BY_PARAMETER_INTERACTION,ALGEBRA,-0.0770546183637606,81
ORIGA,SEARCH,17011,0,FIRST64,OD,SC,SS,0.41108561030083024,35
ORIGA,SEARCH,17011,0,FIRST64,OD,CC,CS,0.4716381146667601,35
ORIGA,SEARCH,17011,0,FIRST64,OD,SS,CS,1.7513654791684417,35
ORIGA,SEARCH,17011,0,FIRST64,OD,SC,CC,1.6908129748025118,35
ORIGA,SEARCH,17011,0,FIRST64,OD,SS,CC,1.2797273645016816,35
ORIGA,SEARCH,17011,0,FIRST64,OD,SS,SAME64_HOLD,1.5176514409180015,35
ORIGA,SEARCH,17011,0,FIRST64,OD,SC,SAME64_HOLD,1.9287370512188318,35
ORIGA,SEARCH,17011,0,FIRST64,OD,CS,CROSS64_HOLD,2.2337759336316765,35
ORIGA,SEARCH,17011,0,FIRST64,OD,CC,CROSS64_HOLD,2.7054140482984366,35
ORIGA,SEARCH,17011,0,FIRST64,OD,SS,C_CONT,-3.9817141998863974,35
ORIGA,SEARCH,17011,0,FIRST64,OD,SS,ANCHOR,-4.826537439817557,35
ORIGA,SEARCH,17011,0,FIRST64,OD,SS,SOURCE_HOLD,4.639021026601554,35
ORIGA,SEARCH,17011,0,FIRST64,OD,SC,C_CONT,-3.570628589585567,35
ORIGA,SEARCH,17011,0,FIRST64,OD,SC,ANCHOR,-4.415451829516726,35
ORIGA,SEARCH,17011,0,FIRST64,OD,SC,SOURCE_HOLD,5.050106636902385,35
ORIGA,SEARCH,17011,0,FIRST64,OD,CS,C_CONT,-5.733079679054839,35
ORIGA,SEARCH,17011,0,FIRST64,OD,CS,ANCHOR,-6.577902918985998,35
ORIGA,SEARCH,17011,0,FIRST64,OD,CS,SOURCE_HOLD,2.8876555474331127,35
ORIGA,SEARCH,17011,0,FIRST64,OD,CC,C_CONT,-5.261441564388079,35
ORIGA,SEARCH,17011,0,FIRST64,OD,CC,ANCHOR,-6.106264804319238,35
ORIGA,SEARCH,17011,0,FIRST64,OD,CC,SOURCE_HOLD,3.359293662099873,35
ORIGA,SEARCH,17011,0,FIRST64,OD,OPTIMIZER_BY_PARAMETER_INTERACTION,ALGEBRA,-0.06055250436592985,35
ORIGA,SEARCH,17011,0,FIRST64,OC,SC,SS,0.31671145276395407,35
ORIGA,SEARCH,17011,0,FIRST64,OC,CC,CS,0.43007925673427394,35
ORIGA,SEARCH,17011,0,FIRST64,OC,SS,CS,2.437326597444418,35
ORIGA,SEARCH,17011,0,FIRST64,OC,SC,CC,2.323958793474098,35
ORIGA,SEARCH,17011,0,FIRST64,OC,SS,CC,2.007247340710144,35
ORIGA,SEARCH,17011,0,FIRST64,OC,SS,SAME64_HOLD,1.855952554484027,35
ORIGA,SEARCH,17011,0,FIRST64,OC,SC,SAME64_HOLD,2.172664007247981,35
ORIGA,SEARCH,17011,0,FIRST64,OC,CS,CROSS64_HOLD,2.7486251730622584,35
ORIGA,SEARCH,17011,0,FIRST64,OC,CC,CROSS64_HOLD,3.1787044297965323,35
ORIGA,SEARCH,17011,0,FIRST64,OC,SS,C_CONT,-4.448118194464882,35
ORIGA,SEARCH,17011,0,FIRST64,OC,SS,ANCHOR,-4.881242204079427,35
ORIGA,SEARCH,17011,0,FIRST64,OC,SS,SOURCE_HOLD,6.457426461099402,35
ORIGA,SEARCH,17011,0,FIRST64,OC,SC,C_CONT,-4.131406741700928,35
ORIGA,SEARCH,17011,0,FIRST64,OC,SC,ANCHOR,-4.564530751315473,35
ORIGA,SEARCH,17011,0,FIRST64,OC,SC,SOURCE_HOLD,6.774137913863356,35
ORIGA,SEARCH,17011,0,FIRST64,OC,CS,C_CONT,-6.8854447919093005,35
ORIGA,SEARCH,17011,0,FIRST64,OC,CS,ANCHOR,-7.3185688015238455,35
ORIGA,SEARCH,17011,0,FIRST64,OC,CS,SOURCE_HOLD,4.020099863654984,35
ORIGA,SEARCH,17011,0,FIRST64,OC,CC,C_CONT,-6.4553655351750265,35
ORIGA,SEARCH,17011,0,FIRST64,OC,CC,ANCHOR,-6.8884895447895715,35
ORIGA,SEARCH,17011,0,FIRST64,OC,CC,SOURCE_HOLD,4.450179120389258,35
ORIGA,SEARCH,17011,0,FIRST64,OC,OPTIMIZER_BY_PARAMETER_INTERACTION,ALGEBRA,-0.11336780397031987,35
ORIGA,SEALED_REVIEW,17011,0,ALL,OD,SC,SS,0.7465231337034339,210
ORIGA,SEALED_REVIEW,17011,0,ALL,OD,CC,CS,0.7847713601858999,210
ORIGA,SEALED_REVIEW,17011,0,ALL,OD,SS,CS,0.8416569547571982,210
ORIGA,SEALED_REVIEW,17011,0,ALL,OD,SC,CC,0.8034087282747322,210
ORIGA,SEALED_REVIEW,17011,0,ALL,OD,SS,CC,0.05688559457129827,210
ORIGA,SEALED_REVIEW,17011,0,ALL,OD,SS,SAME64_HOLD,6.352222876773382,210
ORIGA,SEALED_REVIEW,17011,0,ALL,OD,SC,SAME64_HOLD,7.098746010476816,210
ORIGA,SEALED_REVIEW,17011,0,ALL,OD,CS,CROSS64_HOLD,8.342844274197432,210
ORIGA,SEALED_REVIEW,17011,0,ALL,OD,CC,CROSS64_HOLD,9.127615634383332,210
ORIGA,SEALED_REVIEW,17011,0,ALL,OD,SS,C_CONT,-2.82925312713229,210
ORIGA,SEALED_REVIEW,17011,0,ALL,OD,SS,ANCHOR,-3.311923138243756,210
ORIGA,SEALED_REVIEW,17011,0,ALL,OD,SS,SOURCE_HOLD,10.119820330271736,210
ORIGA,SEALED_REVIEW,17011,0,ALL,OD,SC,C_CONT,-2.082729993428856,210
ORIGA,SEALED_REVIEW,17011,0,ALL,OD,SC,ANCHOR,-2.5654000045403222,210
ORIGA,SEALED_REVIEW,17011,0,ALL,OD,SC,SOURCE_HOLD,10.86634346397517,210
ORIGA,SEALED_REVIEW,17011,0,ALL,OD,CS,C_CONT,-3.670910081889488,210
ORIGA,SEALED_REVIEW,17011,0,ALL,OD,CS,ANCHOR,-4.153580093000954,210
ORIGA,SEALED_REVIEW,17011,0,ALL,OD,CS,SOURCE_HOLD,9.278163375514538,210
ORIGA,SEALED_REVIEW,17011,0,ALL,OD,CC,C_CONT,-2.8861387217035883,210
ORIGA,SEALED_REVIEW,17011,0,ALL,OD,CC,ANCHOR,-3.3688087328150544,210
ORIGA,SEALED_REVIEW,17011,0,ALL,OD,CC,SOURCE_HOLD,10.062934735700438,210
ORIGA,SEALED_REVIEW,17011,0,ALL,OD,OPTIMIZER_BY_PARAMETER_INTERACTION,ALGEBRA,-0.03824822648246595,210
ORIGA,SEALED_REVIEW,17011,0,ALL,OC,SC,SS,0.6459009691160986,210
ORIGA,SEALED_REVIEW,17011,0,ALL,OC,CC,CS,0.8232474733798938,210
ORIGA,SEALED_REVIEW,17011,0,ALL,OC,SS,CS,0.9811527145942449,210
ORIGA,SEALED_REVIEW,17011,0,ALL,OC,SC,CC,0.8038062103304497,210
ORIGA,SEALED_REVIEW,17011,0,ALL,OC,SS,CC,0.15790524121435112,210
ORIGA,SEALED_REVIEW,17011,0,ALL,OC,SS,SAME64_HOLD,6.822033767900095,210
ORIGA,SEALED_REVIEW,17011,0,ALL,OC,SC,SAME64_HOLD,7.4679347370161935,210
ORIGA,SEALED_REVIEW,17011,0,ALL,OC,CS,CROSS64_HOLD,9.031465873201562,210
ORIGA,SEALED_REVIEW,17011,0,ALL,OC,CC,CROSS64_HOLD,9.854713346581455,210
ORIGA,SEALED_REVIEW,17011,0,ALL,OC,SS,C_CONT,-3.2805181847293596,210
ORIGA,SEALED_REVIEW,17011,0,ALL,OC,SS,ANCHOR,-3.680583348513835,210
ORIGA,SEALED_REVIEW,17011,0,ALL,OC,SS,SOURCE_HOLD,11.36038440496145,210
ORIGA,SEALED_REVIEW,17011,0,ALL,OC,SC,C_CONT,-2.634617215613261,210
ORIGA,SEALED_REVIEW,17011,0,ALL,OC,SC,ANCHOR,-3.0346823793977364,210
ORIGA,SEALED_REVIEW,17011,0,ALL,OC,SC,SOURCE_HOLD,12.00628537407755,210
ORIGA,SEALED_REVIEW,17011,0,ALL,OC,CS,C_CONT,-4.2616708993236045,210
ORIGA,SEALED_REVIEW,17011,0,ALL,OC,CS,ANCHOR,-4.66173606310808,210
ORIGA,SEALED_REVIEW,17011,0,ALL,OC,CS,SOURCE_HOLD,10.379231690367206,210
ORIGA,SEALED_REVIEW,17011,0,ALL,OC,CC,C_CONT,-3.4384234259437108,210
ORIGA,SEALED_REVIEW,17011,0,ALL,OC,CC,ANCHOR,-3.838488589728186,210
ORIGA,SEALED_REVIEW,17011,0,ALL,OC,CC,SOURCE_HOLD,11.2024791637471,210
ORIGA,SEALED_REVIEW,17011,0,ALL,OC,OPTIMIZER_BY_PARAMETER_INTERACTION,ALGEBRA,-0.17734650426379517,210
ORIGA,SEALED_REVIEW,17011,0,Q1,OD,SC,SS,1.0347846168263146,46
ORIGA,SEALED_REVIEW,17011,0,Q1,OD,CC,CS,1.1498650681322573,46
ORIGA,SEALED_REVIEW,17011,0,Q1,OD,SS,CS,2.134332485400421,46
ORIGA,SEALED_REVIEW,17011,0,Q1,OD,SC,CC,2.019252034094478,46
ORIGA,SEALED_REVIEW,17011,0,Q1,OD,SS,CC,0.9844674172681636,46
ORIGA,SEALED_REVIEW,17011,0,Q1,OD,SS,SAME64_HOLD,4.640102311001698,46
ORIGA,SEALED_REVIEW,17011,0,Q1,OD,SC,SAME64_HOLD,5.6748869278280125,46
ORIGA,SEALED_REVIEW,17011,0,Q1,OD,CS,CROSS64_HOLD,6.4249676443143215,46
ORIGA,SEALED_REVIEW,17011,0,Q1,OD,CC,CROSS64_HOLD,7.574832712446579,46
ORIGA,SEALED_REVIEW,17011,0,Q1,OD,SS,C_CONT,-4.947869540353906,46
ORIGA,SEALED_REVIEW,17011,0,Q1,OD,SS,ANCHOR,-5.729826888744995,46
ORIGA,SEALED_REVIEW,17011,0,Q1,OD,SS,SOURCE_HOLD,9.645551645547755,46
ORIGA,SEALED_REVIEW,17011,0,Q1,OD,SC,C_CONT,-3.9130849235275917,46
ORIGA,SEALED_REVIEW,17011,0,Q1,OD,SC,ANCHOR,-4.69504227191868,46
ORIGA,SEALED_REVIEW,17011,0,Q1,OD,SC,SOURCE_HOLD,10.68033626237407,46
ORIGA,SEALED_REVIEW,17011,0,Q1,OD,CS,C_CONT,-7.082202025754327,46
ORIGA,SEALED_REVIEW,17011,0,Q1,OD,CS,ANCHOR,-7.864159374145416,46
ORIGA,SEALED_REVIEW,17011,0,Q1,OD,CS,SOURCE_HOLD,7.511219160147334,46
ORIGA,SEALED_REVIEW,17011,0,Q1,OD,CC,C_CONT,-5.93233695762207,46
ORIGA,SEALED_REVIEW,17011,0,Q1,OD,CC,ANCHOR,-6.714294306013159,46
ORIGA,SEALED_REVIEW,17011,0,Q1,OD,CC,SOURCE_HOLD,8.661084228279591,46
ORIGA,SEALED_REVIEW,17011,0,Q1,OD,OPTIMIZER_BY_PARAMETER_INTERACTION,ALGEBRA,-0.11508045130594269,46
ORIGA,SEALED_REVIEW,17011,0,Q1,OC,SC,SS,0.9811202925953069,46
ORIGA,SEALED_REVIEW,17011,0,Q1,OC,CC,CS,1.3411208064868418,46
ORIGA,SEALED_REVIEW,17011,0,Q1,OC,SS,CS,2.522942585344005,46
ORIGA,SEALED_REVIEW,17011,0,Q1,OC,SC,CC,2.16294207145247,46
ORIGA,SEALED_REVIEW,17011,0,Q1,OC,SS,CC,1.181821778857163,46
ORIGA,SEALED_REVIEW,17011,0,Q1,OC,SS,SAME64_HOLD,6.280220637841872,46
ORIGA,SEALED_REVIEW,17011,0,Q1,OC,SC,SAME64_HOLD,7.2613409304371785,46
ORIGA,SEALED_REVIEW,17011,0,Q1,OC,CS,CROSS64_HOLD,7.468287660290173,46
ORIGA,SEALED_REVIEW,17011,0,Q1,OC,CC,CROSS64_HOLD,8.809408466777015,46
ORIGA,SEALED_REVIEW,17011,0,Q1,OC,SS,C_CONT,-6.3978779922351805,46
ORIGA,SEALED_REVIEW,17011,0,Q1,OC,SS,ANCHOR,-6.8059078909219295,46
ORIGA,SEALED_REVIEW,17011,0,Q1,OC,SS,SOURCE_HOLD,11.596281427162879,46
ORIGA,SEALED_REVIEW,17011,0,Q1,OC,SC,C_CONT,-5.416757699639874,46
ORIGA,SEALED_REVIEW,17011,0,Q1,OC,SC,ANCHOR,-5.824787598326623,46
ORIGA,SEALED_REVIEW,17011,0,Q1,OC,SC,SOURCE_HOLD,12.577401719758186,46
ORIGA,SEALED_REVIEW,17011,0,Q1,OC,CS,C_CONT,-8.920820577579185,46
ORIGA,SEALED_REVIEW,17011,0,Q1,OC,CS,ANCHOR,-9.328850476265934,46
ORIGA,SEALED_REVIEW,17011,0,Q1,OC,CS,SOURCE_HOLD,9.073338841818874,46
ORIGA,SEALED_REVIEW,17011,0,Q1,OC,CC,C_CONT,-7.5796997710923435,46
ORIGA,SEALED_REVIEW,17011,0,Q1,OC,CC,ANCHOR,-7.9877296697790925,46
ORIGA,SEALED_REVIEW,17011,0,Q1,OC,CC,SOURCE_HOLD,10.414459648305716,46
ORIGA,SEALED_REVIEW,17011,0,Q1,OC,OPTIMIZER_BY_PARAMETER_INTERACTION,ALGEBRA,-0.360000513891535,46
ORIGA,SEALED_REVIEW,17011,0,FIRST64,OD,SC,SS,0.5198013280342764,20
ORIGA,SEALED_REVIEW,17011,0,FIRST64,OD,CC,CS,0.6704134839570912,20
ORIGA,SEALED_REVIEW,17011,0,FIRST64,OD,SS,CS,2.4484300171025097,20
ORIGA,SEALED_REVIEW,17011,0,FIRST64,OD,SC,CC,2.297817861179695,20
ORIGA,SEALED_REVIEW,17011,0,FIRST64,OD,SS,CC,1.7780165331454185,20
ORIGA,SEALED_REVIEW,17011,0,FIRST64,OD,SS,SAME64_HOLD,1.9982449791485664,20
ORIGA,SEALED_REVIEW,17011,0,FIRST64,OD,SC,SAME64_HOLD,2.5180463071828427,20
ORIGA,SEALED_REVIEW,17011,0,FIRST64,OD,CS,CROSS64_HOLD,3.2942847070616352,20
ORIGA,SEALED_REVIEW,17011,0,FIRST64,OD,CC,CROSS64_HOLD,3.9646981910187264,20
ORIGA,SEALED_REVIEW,17011,0,FIRST64,OD,SS,C_CONT,-4.956787413667627,20
ORIGA,SEALED_REVIEW,17011,0,FIRST64,OD,SS,ANCHOR,-5.809679376366944,20
ORIGA,SEALED_REVIEW,17011,0,FIRST64,OD,SS,SOURCE_HOLD,6.9694900839490685,20
ORIGA,SEALED_REVIEW,17011,0,FIRST64,OD,SC,C_CONT,-4.43698608563335,20
ORIGA,SEALED_REVIEW,17011,0,FIRST64,OD,SC,ANCHOR,-5.2898780483326675,20
ORIGA,SEALED_REVIEW,17011,0,FIRST64,OD,SC,SOURCE_HOLD,7.489291411983345,20
ORIGA,SEALED_REVIEW,17011,0,FIRST64,OD,CS,C_CONT,-7.405217430770136,20
ORIGA,SEALED_REVIEW,17011,0,FIRST64,OD,CS,ANCHOR,-8.258109393469454,20
ORIGA,SEALED_REVIEW,17011,0,FIRST64,OD,CS,SOURCE_HOLD,4.521060066846559,20
ORIGA,SEALED_REVIEW,17011,0,FIRST64,OD,CC,C_CONT,-6.734803946813045,20
ORIGA,SEALED_REVIEW,17011,0,FIRST64,OD,CC,ANCHOR,-7.587695909512362,20
ORIGA,SEALED_REVIEW,17011,0,FIRST64,OD,CC,SOURCE_HOLD,5.19147355080365,20
ORIGA,SEALED_REVIEW,17011,0,FIRST64,OD,OPTIMIZER_BY_PARAMETER_INTERACTION,ALGEBRA,-0.15061215592281485,20
ORIGA,SEALED_REVIEW,17011,0,FIRST64,OC,SC,SS,0.6236928804805757,20
ORIGA,SEALED_REVIEW,17011,0,FIRST64,OC,CC,CS,0.8285552991158553,20
ORIGA,SEALED_REVIEW,17011,0,FIRST64,OC,SS,CS,2.6154386740564632,20
ORIGA,SEALED_REVIEW,17011,0,FIRST64,OC,SC,CC,2.4105762554211836,20
ORIGA,SEALED_REVIEW,17011,0,FIRST64,OC,SS,CC,1.786883374940608,20
ORIGA,SEALED_REVIEW,17011,0,FIRST64,OC,SS,SAME64_HOLD,2.5342918781657744,20
ORIGA,SEALED_REVIEW,17011,0,FIRST64,OC,SC,SAME64_HOLD,3.15798475864635,20
ORIGA,SEALED_REVIEW,17011,0,FIRST64,OC,CS,CROSS64_HOLD,3.6609560931955514,20
ORIGA,SEALED_REVIEW,17011,0,FIRST64,OC,CC,CROSS64_HOLD,4.489511392311407,20
ORIGA,SEALED_REVIEW,17011,0,FIRST64,OC,SS,C_CONT,-7.198792658929037,20
ORIGA,SEALED_REVIEW,17011,0,FIRST64,OC,SS,ANCHOR,-7.507928018734717,20
ORIGA,SEALED_REVIEW,17011,0,FIRST64,OC,SS,SOURCE_HOLD,8.129796066721774,20
ORIGA,SEALED_REVIEW,17011,0,FIRST64,OC,SC,C_CONT,-6.575099778448461,20
ORIGA,SEALED_REVIEW,17011,0,FIRST64,OC,SC,ANCHOR,-6.884235138254141,20
ORIGA,SEALED_REVIEW,17011,0,FIRST64,OC,SC,SOURCE_HOLD,8.75348894720235,20
ORIGA,SEALED_REVIEW,17011,0,FIRST64,OC,CS,C_CONT,-9.8142313329855,20
ORIGA,SEALED_REVIEW,17011,0,FIRST64,OC,CS,ANCHOR,-10.12336669279118,20
ORIGA,SEALED_REVIEW,17011,0,FIRST64,OC,CS,SOURCE_HOLD,5.51435739266531,20
ORIGA,SEALED_REVIEW,17011,0,FIRST64,OC,CC,C_CONT,-8.985676033869645,20
ORIGA,SEALED_REVIEW,17011,0,FIRST64,OC,CC,ANCHOR,-9.294811393675324,20
ORIGA,SEALED_REVIEW,17011,0,FIRST64,OC,CC,SOURCE_HOLD,6.342912691781166,20
ORIGA,SEALED_REVIEW,17011,0,FIRST64,OC,OPTIMIZER_BY_PARAMETER_INTERACTION,ALGEBRA,-0.20486241863527965,20
ORIGA,SEARCH,17011,0,Q2,OD,SC,SS,0.9470586216332606,70
ORIGA,SEARCH,17011,0,Q2,OD,CC,CS,1.0103936979219696,70
ORIGA,SEARCH,17011,0,Q2,OD,SS,CS,0.7094278855033735,70
ORIGA,SEARCH,17011,0,Q2,OD,SC,CC,0.6460928092146645,70
ORIGA,SEARCH,17011,0,Q2,OD,SS,CC,-0.3009658124185961,70
ORIGA,SEARCH,17011,0,Q2,OD,SS,SAME64_HOLD,7.47658395417028,70
ORIGA,SEARCH,17011,0,Q2,OD,SC,SAME64_HOLD,8.423642575803541,70
ORIGA,SEARCH,17011,0,Q2,OD,CS,CROSS64_HOLD,10.05385976984428,70
ORIGA,SEARCH,17011,0,Q2,OD,CC,CROSS64_HOLD,11.06425346776625,70
ORIGA,SEARCH,17011,0,Q2,OD,SS,C_CONT,-3.3349917919096583,70
ORIGA,SEARCH,17011,0,Q2,OD,SS,ANCHOR,-3.945881902502734,70
ORIGA,SEARCH,17011,0,Q2,OD,SS,SOURCE_HOLD,12.254697732504724,70
ORIGA,SEARCH,17011,0,Q2,OD,SC,C_CONT,-2.3879331702763977,70
ORIGA,SEARCH,17011,0,Q2,OD,SC,ANCHOR,-2.9988232808694733,70
ORIGA,SEARCH,17011,0,Q2,OD,SC,SOURCE_HOLD,13.201756354137984,70
ORIGA,SEARCH,17011,0,Q2,OD,CS,C_CONT,-4.044419677413032,70
ORIGA,SEARCH,17011,0,Q2,OD,CS,ANCHOR,-4.655309788006107,70
ORIGA,SEARCH,17011,0,Q2,OD,CS,SOURCE_HOLD,11.54526984700135,70
ORIGA,SEARCH,17011,0,Q2,OD,CC,C_CONT,-3.0340259794910622,70
ORIGA,SEARCH,17011,0,Q2,OD,CC,ANCHOR,-3.6449160900841377,70
ORIGA,SEARCH,17011,0,Q2,OD,CC,SOURCE_HOLD,12.55566354492332,70
ORIGA,SEARCH,17011,0,Q2,OD,OPTIMIZER_BY_PARAMETER_INTERACTION,ALGEBRA,-0.06333507628870905,70
ORIGA,SEARCH,17011,0,Q2,OC,SC,SS,0.965227097836916,70
ORIGA,SEARCH,17011,0,Q2,OC,CC,CS,0.9333404429329875,70
ORIGA,SEARCH,17011,0,Q2,OC,SS,CS,0.592367988330281,70
ORIGA,SEARCH,17011,0,Q2,OC,SC,CC,0.6242546432342095,70
ORIGA,SEARCH,17011,0,Q2,OC,SS,CC,-0.3409724546027064,70
ORIGA,SEARCH,17011,0,Q2,OC,SS,SAME64_HOLD,8.26883162673888,70
ORIGA,SEARCH,17011,0,Q2,OC,SC,SAME64_HOLD,9.234058724575796,70
ORIGA,SEARCH,17011,0,Q2,OC,CS,CROSS64_HOLD,11.317943236432171,70
ORIGA,SEARCH,17011,0,Q2,OC,CC,CROSS64_HOLD,12.251283679365159,70
ORIGA,SEARCH,17011,0,Q2,OC,SS,C_CONT,-5.0014107741609735,70
ORIGA,SEARCH,17011,0,Q2,OC,SS,ANCHOR,-5.528730317048684,70
ORIGA,SEARCH,17011,0,Q2,OC,SS,SOURCE_HOLD,13.430985970403057,70
ORIGA,SEARCH,17011,0,Q2,OC,SC,C_CONT,-4.0361836763240575,70
ORIGA,SEARCH,17011,0,Q2,OC,SC,ANCHOR,-4.563503219211768,70
ORIGA,SEARCH,17011,0,Q2,OC,SC,SOURCE_HOLD,14.396213068239973,70
ORIGA,SEARCH,17011,0,Q2,OC,CS,C_CONT,-5.5937787624912545,70
ORIGA,SEARCH,17011,0,Q2,OC,CS,ANCHOR,-6.121098305378965,70
ORIGA,SEARCH,17011,0,Q2,OC,CS,SOURCE_HOLD,12.838617982072776,70
ORIGA,SEARCH,17011,0,Q2,OC,CC,C_CONT,-4.660438319558267,70
ORIGA,SEARCH,17011,0,Q2,OC,CC,ANCHOR,-5.187757862445977,70
ORIGA,SEARCH,17011,0,Q2,OC,CC,SOURCE_HOLD,13.771958425005764,70
ORIGA,SEARCH,17011,0,Q2,OC,OPTIMIZER_BY_PARAMETER_INTERACTION,ALGEBRA,0.0318866549039285,70
ORIGA,SEALED_REVIEW,17011,0,Q2,OD,SC,SS,0.8821105441026589,62
ORIGA,SEALED_REVIEW,17011,0,Q2,OD,CC,CS,0.9147170745735593,62
ORIGA,SEALED_REVIEW,17011,0,Q2,OD,SS,CS,0.8012513560878745,62
ORIGA,SEALED_REVIEW,17011,0,Q2,OD,SC,CC,0.768644825616974,62
ORIGA,SEALED_REVIEW,17011,0,Q2,OD,SS,CC,-0.11346571848568487,62
ORIGA,SEALED_REVIEW,17011,0,Q2,OD,SS,SAME64_HOLD,8.487196871893488,62
ORIGA,SEALED_REVIEW,17011,0,Q2,OD,SC,SAME64_HOLD,9.369307415996147,62
ORIGA,SEALED_REVIEW,17011,0,Q2,OD,CS,CROSS64_HOLD,11.035858235446696,62
ORIGA,SEALED_REVIEW,17011,0,Q2,OD,CC,CROSS64_HOLD,11.950575310020255,62
ORIGA,SEALED_REVIEW,17011,0,Q2,OD,SS,C_CONT,-2.9720790593232493,62
ORIGA,SEALED_REVIEW,17011,0,Q2,OD,SS,ANCHOR,-3.5116757525415494,62
ORIGA,SEALED_REVIEW,17011,0,Q2,OD,SS,SOURCE_HOLD,13.22226850787304,62
ORIGA,SEALED_REVIEW,17011,0,Q2,OD,SC,C_CONT,-2.0899685152205905,62
ORIGA,SEALED_REVIEW,17011,0,Q2,OD,SC,ANCHOR,-2.6295652084388905,62
ORIGA,SEALED_REVIEW,17011,0,Q2,OD,SC,SOURCE_HOLD,14.104379051975698,62
ORIGA,SEALED_REVIEW,17011,0,Q2,OD,CS,C_CONT,-3.773330415411124,62
ORIGA,SEALED_REVIEW,17011,0,Q2,OD,CS,ANCHOR,-4.312927108629424,62
ORIGA,SEALED_REVIEW,17011,0,Q2,OD,CS,SOURCE_HOLD,12.421017151785165,62
ORIGA,SEALED_REVIEW,17011,0,Q2,OD,CC,C_CONT,-2.8586133408375645,62
ORIGA,SEALED_REVIEW,17011,0,Q2,OD,CC,ANCHOR,-3.3982100340558645,62
ORIGA,SEALED_REVIEW,17011,0,Q2,OD,CC,SOURCE_HOLD,13.335734226358724,62
ORIGA,SEALED_REVIEW,17011,0,Q2,OD,OPTIMIZER_BY_PARAMETER_INTERACTION,ALGEBRA,-0.03260653047090045,62
ORIGA,SEALED_REVIEW,17011,0,Q2,OC,SC,SS,0.985890839842753,62
ORIGA,SEALED_REVIEW,17011,0,Q2,OC,CC,CS,1.2556711823518043,62
ORIGA,SEALED_REVIEW,17011,0,Q2,OC,SS,CS,1.1917334422986698,62
ORIGA,SEALED_REVIEW,17011,0,Q2,OC,SC,CC,0.9219530997896186,62
ORIGA,SEALED_REVIEW,17011,0,Q2,OC,SS,CC,-0.06393774005313446,62
ORIGA,SEALED_REVIEW,17011,0,Q2,OC,SS,SAME64_HOLD,8.952919293227737,62
ORIGA,SEALED_REVIEW,17011,0,Q2,OC,SC,SAME64_HOLD,9.93881013307049,62
ORIGA,SEALED_REVIEW,17011,0,Q2,OC,CS,CROSS64_HOLD,11.890656743170474,62
ORIGA,SEALED_REVIEW,17011,0,Q2,OC,CC,CROSS64_HOLD,13.146327925522279,62
ORIGA,SEALED_REVIEW,17011,0,Q2,OC,SS,C_CONT,-3.848079378990178,62
ORIGA,SEALED_REVIEW,17011,0,Q2,OC,SS,ANCHOR,-4.34664662486513,62
ORIGA,SEALED_REVIEW,17011,0,Q2,OC,SS,SOURCE_HOLD,15.22329851425068,62
ORIGA,SEALED_REVIEW,17011,0,Q2,OC,SC,C_CONT,-2.862188539147425,62
ORIGA,SEALED_REVIEW,17011,0,Q2,OC,SC,ANCHOR,-3.360755785022377,62
ORIGA,SEALED_REVIEW,17011,0,Q2,OC,SC,SOURCE_HOLD,16.209189354093432,62
ORIGA,SEALED_REVIEW,17011,0,Q2,OC,CS,C_CONT,-5.039812821288848,62
ORIGA,SEALED_REVIEW,17011,0,Q2,OC,CS,ANCHOR,-5.5383800671638,62
ORIGA,SEALED_REVIEW,17011,0,Q2,OC,CS,SOURCE_HOLD,14.03156507195201,62
ORIGA,SEALED_REVIEW,17011,0,Q2,OC,CC,C_CONT,-3.7841416389370437,62
ORIGA,SEALED_REVIEW,17011,0,Q2,OC,CC,ANCHOR,-4.282708884811996,62
ORIGA,SEALED_REVIEW,17011,0,Q2,OC,CC,SOURCE_HOLD,15.287236254303814,62
ORIGA,SEALED_REVIEW,17011,0,Q2,OC,OPTIMIZER_BY_PARAMETER_INTERACTION,ALGEBRA,-0.26978034250905125,62
ORIGA,SEALED_REVIEW,17011,0,Q3,OD,SC,SS,0.6842501504779648,45
ORIGA,SEALED_REVIEW,17011,0,Q3,OD,CC,CS,0.676004053780332,45
ORIGA,SEALED_REVIEW,17011,0,Q3,OD,SS,CS,0.3173088957046133,45
ORIGA,SEALED_REVIEW,17011,0,Q3,OD,SC,CC,0.32555499240224606,45
ORIGA,SEALED_REVIEW,17011,0,Q3,OD,SS,CC,-0.3586951580757187,45
ORIGA,SEALED_REVIEW,17011,0,Q3,OD,SS,SAME64_HOLD,8.470383377400594,45
ORIGA,SEALED_REVIEW,17011,0,Q3,OD,SC,SAME64_HOLD,9.154633527878559,45
ORIGA,SEALED_REVIEW,17011,0,Q3,OD,CS,CROSS64_HOLD,11.33227820138329,45
ORIGA,SEALED_REVIEW,17011,0,Q3,OD,CC,CROSS64_HOLD,12.008282255163621,45
ORIGA,SEALED_REVIEW,17011,0,Q3,OD,SS,C_CONT,-2.65653913549545,45
ORIGA,SEALED_REVIEW,17011,0,Q3,OD,SS,ANCHOR,-3.218529646159851,45
ORIGA,SEALED_REVIEW,17011,0,Q3,OD,SS,SOURCE_HOLD,12.754494783858291,45
ORIGA,SEALED_REVIEW,17011,0,Q3,OD,SC,C_CONT,-1.9722889850174852,45
ORIGA,SEALED_REVIEW,17011,0,Q3,OD,SC,ANCHOR,-2.5342794956818864,45
ORIGA,SEALED_REVIEW,17011,0,Q3,OD,SC,SOURCE_HOLD,13.438744934336256,45
ORIGA,SEALED_REVIEW,17011,0,Q3,OD,CS,C_CONT,-2.9738480312000632,45
ORIGA,SEALED_REVIEW,17011,0,Q3,OD,CS,ANCHOR,-3.5358385418644644,45
ORIGA,SEALED_REVIEW,17011,0,Q3,OD,CS,SOURCE_HOLD,12.437185888153678,45
ORIGA,SEALED_REVIEW,17011,0,Q3,OD,CC,C_CONT,-2.2978439774197312,45
ORIGA,SEALED_REVIEW,17011,0,Q3,OD,CC,ANCHOR,-2.8598344880841324,45
ORIGA,SEALED_REVIEW,17011,0,Q3,OD,CC,SOURCE_HOLD,13.11318994193401,45
ORIGA,SEALED_REVIEW,17011,0,Q3,OD,OPTIMIZER_BY_PARAMETER_INTERACTION,ALGEBRA,0.008246096697632765,45
ORIGA,SEALED_REVIEW,17011,0,Q3,OC,SC,SS,0.44816546589828476,45
ORIGA,SEALED_REVIEW,17011,0,Q3,OC,CC,CS,0.49134920773275326,45
ORIGA,SEALED_REVIEW,17011,0,Q3,OC,SS,CS,0.13349453664014277,45
ORIGA,SEALED_REVIEW,17011,0,Q3,OC,SC,CC,0.09031079480567428,45
ORIGA,SEALED_REVIEW,17011,0,Q3,OC,SS,CC,-0.3578546710926105,45
ORIGA,SEALED_REVIEW,17011,0,Q3,OC,SS,SAME64_HOLD,10.475884183898273,45
ORIGA,SEALED_REVIEW,17011,0,Q3,OC,SC,SAME64_HOLD,10.924049649796558,45
ORIGA,SEALED_REVIEW,17011,0,Q3,OC,CS,CROSS64_HOLD,13.910651687245633,45
ORIGA,SEALED_REVIEW,17011,0,Q3,OC,CC,CROSS64_HOLD,14.402000894978386,45
ORIGA,SEALED_REVIEW,17011,0,Q3,OC,SS,C_CONT,-2.9914579840627056,45
ORIGA,SEALED_REVIEW,17011,0,Q3,OC,SS,ANCHOR,-3.3384269796924855,45
ORIGA,SEALED_REVIEW,17011,0,Q3,OC,SS,SOURCE_HOLD,15.372585672742161,45
ORIGA,SEALED_REVIEW,17011,0,Q3,OC,SC,C_CONT,-2.543292518164421,45
ORIGA,SEALED_REVIEW,17011,0,Q3,OC,SC,ANCHOR,-2.8902615137942007,45
ORIGA,SEALED_REVIEW,17011,0,Q3,OC,SC,SOURCE_HOLD,15.820751138640446,45
ORIGA,SEALED_REVIEW,17011,0,Q3,OC,CS,C_CONT,-3.1249525207028483,45
ORIGA,SEALED_REVIEW,17011,0,Q3,OC,CS,ANCHOR,-3.4719215163326282,45
ORIGA,SEALED_REVIEW,17011,0,Q3,OC,CS,SOURCE_HOLD,15.239091136102019,45
ORIGA,SEALED_REVIEW,17011,0,Q3,OC,CC,C_CONT,-2.633603312970095,45
ORIGA,SEALED_REVIEW,17011,0,Q3,OC,CC,ANCHOR,-2.980572308599875,45
ORIGA,SEALED_REVIEW,17011,0,Q3,OC,CC,SOURCE_HOLD,15.730440343834772,45
ORIGA,SEALED_REVIEW,17011,0,Q3,OC,OPTIMIZER_BY_PARAMETER_INTERACTION,ALGEBRA,-0.04318374183446849,45
ORIGA,SEARCH,17011,0,Q3,OD,SC,SS,0.7139505615158015,88
ORIGA,SEARCH,17011,0,Q3,OD,CC,CS,0.7365496485959682,88
ORIGA,SEARCH,17011,0,Q3,OD,SS,CS,0.3750945891188593,88
ORIGA,SEARCH,17011,0,Q3,OD,SC,CC,0.3524955020386926,88
ORIGA,SEARCH,17011,0,Q3,OD,SS,CC,-0.3614550594771089,88
ORIGA,SEARCH,17011,0,Q3,OD,SS,SAME64_HOLD,10.112962274004573,88
ORIGA,SEARCH,17011,0,Q3,OD,SC,SAME64_HOLD,10.826912835520375,88
ORIGA,SEARCH,17011,0,Q3,OD,CS,CROSS64_HOLD,13.116118576457268,88
ORIGA,SEARCH,17011,0,Q3,OD,CC,CROSS64_HOLD,13.852668225053236,88
ORIGA,SEARCH,17011,0,Q3,OD,SS,C_CONT,-2.7034630141902483,88
ORIGA,SEARCH,17011,0,Q3,OD,SS,ANCHOR,-3.205861373845323,88
ORIGA,SEARCH,17011,0,Q3,OD,SS,SOURCE_HOLD,14.467582198600056,88
ORIGA,SEARCH,17011,0,Q3,OD,SC,C_CONT,-1.9895124526744468,88
ORIGA,SEARCH,17011,0,Q3,OD,SC,ANCHOR,-2.4919108123295217,88
ORIGA,SEARCH,17011,0,Q3,OD,SC,SOURCE_HOLD,15.181532760115857,88
ORIGA,SEARCH,17011,0,Q3,OD,CS,C_CONT,-3.0785576033091075,88
ORIGA,SEARCH,17011,0,Q3,OD,CS,ANCHOR,-3.5809559629641825,88
ORIGA,SEARCH,17011,0,Q3,OD,CS,SOURCE_HOLD,14.092487609481196,88
ORIGA,SEARCH,17011,0,Q3,OD,CC,C_CONT,-2.3420079547131394,88
ORIGA,SEARCH,17011,0,Q3,OD,CC,ANCHOR,-2.8444063143682143,88
ORIGA,SEARCH,17011,0,Q3,OD,CC,SOURCE_HOLD,14.829037258077165,88
ORIGA,SEARCH,17011,0,Q3,OD,OPTIMIZER_BY_PARAMETER_INTERACTION,ALGEBRA,-0.02259908708016667,88
ORIGA,SEARCH,17011,0,Q3,OC,SC,SS,0.8245002185991268,88
ORIGA,SEARCH,17011,0,Q3,OC,CC,CS,0.9052919596863944,88
ORIGA,SEARCH,17011,0,Q3,OC,SS,CS,0.40271619308913387,88
ORIGA,SEARCH,17011,0,Q3,OC,SC,CC,0.32192445200186626,88
ORIGA,SEARCH,17011,0,Q3,OC,SS,CC,-0.5025757665972606,88
ORIGA,SEARCH,17011,0,Q3,OC,SS,SAME64_HOLD,13.14816261837479,88
ORIGA,SEARCH,17011,0,Q3,OC,SC,SAME64_HOLD,13.972662836973917,88
ORIGA,SEARCH,17011,0,Q3,OC,CS,CROSS64_HOLD,16.61229513544815,88
ORIGA,SEARCH,17011,0,Q3,OC,CC,CROSS64_HOLD,17.517587095134544,88
ORIGA,SEARCH,17011,0,Q3,OC,SS,C_CONT,-3.9716821184488396,88
ORIGA,SEARCH,17011,0,Q3,OC,SS,ANCHOR,-4.416560281737404,88
ORIGA,SEARCH,17011,0,Q3,OC,SS,SOURCE_HOLD,18.49810148867845,88
ORIGA,SEARCH,17011,0,Q3,OC,SC,C_CONT,-3.1471818998497127,88
ORIGA,SEARCH,17011,0,Q3,OC,SC,ANCHOR,-3.592060063138277,88
ORIGA,SEARCH,17011,0,Q3,OC,SC,SOURCE_HOLD,19.322601707277578,88
ORIGA,SEARCH,17011,0,Q3,OC,CS,C_CONT,-4.374398311537973,88
ORIGA,SEARCH,17011,0,Q3,OC,CS,ANCHOR,-4.8192764748265375,88
ORIGA,SEARCH,17011,0,Q3,OC,CS,SOURCE_HOLD,18.095385295589317,88
ORIGA,SEARCH,17011,0,Q3,OC,CC,C_CONT,-3.469106351851579,88
ORIGA,SEARCH,17011,0,Q3,OC,CC,ANCHOR,-3.913984515140143,88
ORIGA,SEARCH,17011,0,Q3,OC,CC,SOURCE_HOLD,19.00067725527571,88
ORIGA,SEARCH,17011,0,Q3,OC,OPTIMIZER_BY_PARAMETER_INTERACTION,ALGEBRA,-0.08079174108726761,88
ORIGA,SEARCH,17011,0,Q4,OD,SC,SS,0.5000815579337257,77
ORIGA,SEARCH,17011,0,Q4,OD,CC,CS,0.5132022828154277,77
ORIGA,SEARCH,17011,0,Q4,OD,SS,CS,0.2796225570883166,77
ORIGA,SEARCH,17011,0,Q4,OD,SC,CC,0.2665018322066146,77
ORIGA,SEARCH,17011,0,Q4,OD,SS,CC,-0.23357972572711105,77
ORIGA,SEARCH,17011,0,Q4,OD,SS,SAME64_HOLD,4.330621125010282,77
ORIGA,SEARCH,17011,0,Q4,OD,SC,SAME64_HOLD,4.830702682944008,77
ORIGA,SEARCH,17011,0,Q4,OD,CS,CROSS64_HOLD,5.110473000373148,77
ORIGA,SEARCH,17011,0,Q4,OD,CC,CROSS64_HOLD,5.623675283188575,77
ORIGA,SEARCH,17011,0,Q4,OD,SS,C_CONT,-1.3528075904183936,77
ORIGA,SEARCH,17011,0,Q4,OD,SS,ANCHOR,-1.4316201653563354,77
ORIGA,SEARCH,17011,0,Q4,OD,SS,SOURCE_HOLD,5.494390828222734,77
ORIGA,SEARCH,17011,0,Q4,OD,SC,C_CONT,-0.8527260324846679,77
ORIGA,SEARCH,17011,0,Q4,OD,SC,ANCHOR,-0.9315386074226097,77
ORIGA,SEARCH,17011,0,Q4,OD,SC,SOURCE_HOLD,5.99447238615646,77
ORIGA,SEARCH,17011,0,Q4,OD,CS,C_CONT,-1.6324301475067102,77
ORIGA,SEARCH,17011,0,Q4,OD,CS,ANCHOR,-1.711242722444652,77
ORIGA,SEARCH,17011,0,Q4,OD,CS,SOURCE_HOLD,5.214768271134417,77
ORIGA,SEARCH,17011,0,Q4,OD,CC,C_CONT,-1.1192278646912825,77
ORIGA,SEARCH,17011,0,Q4,OD,CC,ANCHOR,-1.1980404396292244,77
ORIGA,SEARCH,17011,0,Q4,OD,CC,SOURCE_HOLD,5.727970553949845,77
ORIGA,SEARCH,17011,0,Q4,OD,OPTIMIZER_BY_PARAMETER_INTERACTION,ALGEBRA,-0.013120724881702017,77
ORIGA,SEARCH,17011,0,Q4,OC,SC,SS,0.31558156666922343,77
ORIGA,SEARCH,17011,0,Q4,OC,CC,CS,0.33601932674234547,77
ORIGA,SEARCH,17011,0,Q4,OC,SS,CS,0.23256982988546326,77
ORIGA,SEARCH,17011,0,Q4,OC,SC,CC,0.21213206981234123,77
ORIGA,SEARCH,17011,0,Q4,OC,SS,CC,-0.1034494968568822,77
ORIGA,SEARCH,17011,0,Q4,OC,SS,SAME64_HOLD,3.1785567506032777,77
ORIGA,SEARCH,17011,0,Q4,OC,SC,SAME64_HOLD,3.494138317272501,77
ORIGA,SEARCH,17011,0,Q4,OC,CS,CROSS64_HOLD,4.140034578610496,77
ORIGA,SEARCH,17011,0,Q4,OC,CC,CROSS64_HOLD,4.476053905352842,77
ORIGA,SEARCH,17011,0,Q4,OC,SS,C_CONT,-0.8344998301485447,77
ORIGA,SEARCH,17011,0,Q4,OC,SS,ANCHOR,-1.2641055289536212,77
ORIGA,SEARCH,17011,0,Q4,OC,SS,SOURCE_HOLD,4.618395671775758,77
ORIGA,SEARCH,17011,0,Q4,OC,SC,C_CONT,-0.5189182634793212,77
ORIGA,SEARCH,17011,0,Q4,OC,SC,ANCHOR,-0.9485239622843977,77
ORIGA,SEARCH,17011,0,Q4,OC,SC,SOURCE_HOLD,4.933977238444982,77
ORIGA,SEARCH,17011,0,Q4,OC,CS,C_CONT,-1.067069660034008,77
ORIGA,SEARCH,17011,0,Q4,OC,CS,ANCHOR,-1.4966753588390844,77
ORIGA,SEARCH,17011,0,Q4,OC,CS,SOURCE_HOLD,4.385825841890295,77
ORIGA,SEARCH,17011,0,Q4,OC,CC,C_CONT,-0.7310503332916625,77
ORIGA,SEARCH,17011,0,Q4,OC,CC,ANCHOR,-1.160656032096739,77
ORIGA,SEARCH,17011,0,Q4,OC,CC,SOURCE_HOLD,4.72184516863264,77
ORIGA,SEARCH,17011,0,Q4,OC,OPTIMIZER_BY_PARAMETER_INTERACTION,ALGEBRA,-0.020437760073122035,77
ORIGA,SEALED_REVIEW,17011,0,Q4,OD,SC,SS,0.4155728982077136,57
ORIGA,SEALED_REVIEW,17011,0,Q4,OD,CC,CS,0.4346587975663141,57
ORIGA,SEALED_REVIEW,17011,0,Q4,OD,SS,CS,0.25635406642867054,57
ORIGA,SEALED_REVIEW,17011,0,Q4,OD,SC,CC,0.23726816707007004,57
ORIGA,SEALED_REVIEW,17011,0,Q4,OD,SS,CC,-0.17830473113764356,57
ORIGA,SEALED_REVIEW,17011,0,Q4,OD,SS,SAME64_HOLD,3.7394498206299573,57
ORIGA,SEALED_REVIEW,17011,0,Q4,OD,SC,SAME64_HOLD,4.155022718837671,57
ORIGA,SEALED_REVIEW,17011,0,Q4,OD,CS,CROSS64_HOLD,4.60128168917646,57
ORIGA,SEALED_REVIEW,17011,0,Q4,OD,CC,CROSS64_HOLD,5.035940486742774,57
ORIGA,SEALED_REVIEW,17011,0,Q4,OD,SS,C_CONT,-1.1004911415116823,57
ORIGA,SEALED_REVIEW,17011,0,Q4,OD,SS,ANCHOR,-1.2170893230553048,57
ORIGA,SEALED_REVIEW,17011,0,Q4,OD,SS,SOURCE_HOLD,5.047964577194946,57
ORIGA,SEALED_REVIEW,17011,0,Q4,OD,SC,C_CONT,-0.6849182433039687,57
ORIGA,SEALED_REVIEW,17011,0,Q4,OD,SC,ANCHOR,-0.8015164248475912,57
ORIGA,SEALED_REVIEW,17011,0,Q4,OD,SC,SOURCE_HOLD,5.46353747540266,57
ORIGA,SEALED_REVIEW,17011,0,Q4,OD,CS,C_CONT,-1.3568452079403528,57
ORIGA,SEALED_REVIEW,17011,0,Q4,OD,CS,ANCHOR,-1.4734433894839754,57
ORIGA,SEALED_REVIEW,17011,0,Q4,OD,CS,SOURCE_HOLD,4.791610510766276,57
ORIGA,SEALED_REVIEW,17011,0,Q4,OD,CC,C_CONT,-0.9221864103740387,57
ORIGA,SEALED_REVIEW,17011,0,Q4,OD,CC,ANCHOR,-1.0387845919176613,57
ORIGA,SEALED_REVIEW,17011,0,Q4,OD,CC,SOURCE_HOLD,5.22626930833259,57
ORIGA,SEALED_REVIEW,17011,0,Q4,OD,OPTIMIZER_BY_PARAMETER_INTERACTION,ALGEBRA,-0.0190858993586005,57
ORIGA,SEALED_REVIEW,17011,0,Q4,OC,SC,SS,0.16166652665475567,57
ORIGA,SEALED_REVIEW,17011,0,Q4,OC,CC,CS,0.19698394136135278,57
ORIGA,SEALED_REVIEW,17011,0,Q4,OC,SS,CS,0.17705234329200437,57
ORIGA,SEALED_REVIEW,17011,0,Q4,OC,SC,CC,0.14173492858540726,57
ORIGA,SEALED_REVIEW,17011,0,Q4,OC,SS,CC,-0.01993159806934841,57
ORIGA,SEALED_REVIEW,17011,0,Q4,OC,SS,SAME64_HOLD,2.056862411627236,57
ORIGA,SEALED_REVIEW,17011,0,Q4,OC,SC,SAME64_HOLD,2.2185289382819917,57
ORIGA,SEALED_REVIEW,17011,0,Q4,OC,CS,CROSS64_HOLD,3.3309922280062665,57
ORIGA,SEALED_REVIEW,17011,0,Q4,OC,CC,CROSS64_HOLD,3.5279761693676193,57
ORIGA,SEALED_REVIEW,17011,0,Q4,OC,SS,C_CONT,-0.37561228719538065,57
ORIGA,SEALED_REVIEW,17011,0,Q4,OC,SS,ANCHOR,-0.7040251820648677,57
ORIGA,SEALED_REVIEW,17011,0,Q4,OC,SS,SOURCE_HOLD,3.8007178286925125,57
ORIGA,SEALED_REVIEW,17011,0,Q4,OC,SC,C_CONT,-0.21394576054062497,57
ORIGA,SEALED_REVIEW,17011,0,Q4,OC,SC,ANCHOR,-0.5423586554101121,57
ORIGA,SEALED_REVIEW,17011,0,Q4,OC,SC,SOURCE_HOLD,3.962384355347268,57
ORIGA,SEALED_REVIEW,17011,0,Q4,OC,CS,C_CONT,-0.552664630487385,57
ORIGA,SEALED_REVIEW,17011,0,Q4,OC,CS,ANCHOR,-0.8810775253568721,57
ORIGA,SEALED_REVIEW,17011,0,Q4,OC,CS,SOURCE_HOLD,3.623665485400508,57
ORIGA,SEALED_REVIEW,17011,0,Q4,OC,CC,C_CONT,-0.35568068912603223,57
ORIGA,SEALED_REVIEW,17011,0,Q4,OC,CC,ANCHOR,-0.6840935839955193,57
ORIGA,SEALED_REVIEW,17011,0,Q4,OC,CC,SOURCE_HOLD,3.820649426761861,57
ORIGA,SEALED_REVIEW,17011,0,Q4,OC,OPTIMIZER_BY_PARAMETER_INTERACTION,ALGEBRA,-0.035317414706597106,57
REFUGE_Valid,SEARCH,17011,0,ALL,OD,SC,SS,-0.03337087747841849,406
REFUGE_Valid,SEARCH,17011,0,ALL,OD,CC,CS,-0.1392633554543039,406
REFUGE_Valid,SEARCH,17011,0,ALL,OD,SS,CS,1.1044921884506493,406
REFUGE_Valid,SEARCH,17011,0,ALL,OD,SC,CC,1.2103846664265347,406
REFUGE_Valid,SEARCH,17011,0,ALL,OD,SS,CC,1.2437555439049532,406
REFUGE_Valid,SEARCH,17011,0,ALL,OD,SS,SAME64_HOLD,-1.927550857361851,406
REFUGE_Valid,SEARCH,17011,0,ALL,OD,SC,SAME64_HOLD,-1.9609217348402694,406
REFUGE_Valid,SEARCH,17011,0,ALL,OD,CS,CROSS64_HOLD,-0.13822757962940102,406
REFUGE_Valid,SEARCH,17011,0,ALL,OD,CC,CROSS64_HOLD,-0.2774909350837049,406
REFUGE_Valid,SEARCH,17011,0,ALL,OD,SS,C_CONT,4.12078707948811,406
REFUGE_Valid,SEARCH,17011,0,ALL,OD,SS,ANCHOR,2.8447317501233584,406
REFUGE_Valid,SEARCH,17011,0,ALL,OD,SS,SOURCE_HOLD,-0.10802214929626075,406
REFUGE_Valid,SEARCH,17011,0,ALL,OD,SC,C_CONT,4.087416202009692,406
REFUGE_Valid,SEARCH,17011,0,ALL,OD,SC,ANCHOR,2.81136087264494,406
REFUGE_Valid,SEARCH,17011,0,ALL,OD,SC,SOURCE_HOLD,-0.14139302677467924,406
REFUGE_Valid,SEARCH,17011,0,ALL,OD,CS,C_CONT,3.016294891037461,406
REFUGE_Valid,SEARCH,17011,0,ALL,OD,CS,ANCHOR,1.740239561672709,406
REFUGE_Valid,SEARCH,17011,0,ALL,OD,CS,SOURCE_HOLD,-1.21251433774691,406
REFUGE_Valid,SEARCH,17011,0,ALL,OD,CC,C_CONT,2.877031535583157,406
REFUGE_Valid,SEARCH,17011,0,ALL,OD,CC,ANCHOR,1.6009762062184052,406
REFUGE_Valid,SEARCH,17011,0,ALL,OD,CC,SOURCE_HOLD,-1.351777693201214,406
REFUGE_Valid,SEARCH,17011,0,ALL,OD,OPTIMIZER_BY_PARAMETER_INTERACTION,ALGEBRA,0.10589247797588541,406
REFUGE_Valid,SEARCH,17011,0,ALL,OC,SC,SS,-0.032543411786733145,406
REFUGE_Valid,SEARCH,17011,0,ALL,OC,CC,CS,-0.07939748407306979,406
REFUGE_Valid,SEARCH,17011,0,ALL,OC,SS,CS,0.671953887329181,406
REFUGE_Valid,SEARCH,17011,0,ALL,OC,SC,CC,0.7188079596155177,406
REFUGE_Valid,SEARCH,17011,0,ALL,OC,SS,CC,0.7513513714022508,406
REFUGE_Valid,SEARCH,17011,0,ALL,OC,SS,SAME64_HOLD,-1.1956816395722427,406
REFUGE_Valid,SEARCH,17011,0,ALL,OC,SC,SAME64_HOLD,-1.2282250513589759,406
REFUGE_Valid,SEARCH,17011,0,ALL,OC,CS,CROSS64_HOLD,-0.936986641569419,406
REFUGE_Valid,SEARCH,17011,0,ALL,OC,CC,CROSS64_HOLD,-1.0163841256424888,406
REFUGE_Valid,SEARCH,17011,0,ALL,OC,SS,C_CONT,5.228115294693275,406
REFUGE_Valid,SEARCH,17011,0,ALL,OC,SS,ANCHOR,5.220409282005896,406
REFUGE_Valid,SEARCH,17011,0,ALL,OC,SS,SOURCE_HOLD,-1.0845645017810597,406
REFUGE_Valid,SEARCH,17011,0,ALL,OC,SC,C_CONT,5.195571882906542,406
REFUGE_Valid,SEARCH,17011,0,ALL,OC,SC,ANCHOR,5.187865870219163,406
REFUGE_Valid,SEARCH,17011,0,ALL,OC,SC,SOURCE_HOLD,-1.1171079135677928,406
REFUGE_Valid,SEARCH,17011,0,ALL,OC,CS,C_CONT,4.556161407364094,406
REFUGE_Valid,SEARCH,17011,0,ALL,OC,CS,ANCHOR,4.548455394676715,406
REFUGE_Valid,SEARCH,17011,0,ALL,OC,CS,SOURCE_HOLD,-1.7565183891102407,406
REFUGE_Valid,SEARCH,17011,0,ALL,OC,CC,C_CONT,4.476763923291024,406
REFUGE_Valid,SEARCH,17011,0,ALL,OC,CC,ANCHOR,4.469057910603645,406
REFUGE_Valid,SEARCH,17011,0,ALL,OC,CC,SOURCE_HOLD,-1.8359158731833105,406
REFUGE_Valid,SEARCH,17011,0,ALL,OC,OPTIMIZER_BY_PARAMETER_INTERACTION,ALGEBRA,0.046854072286336645,406
REFUGE_Valid,SEARCH,17011,0,Q1,OD,SC,SS,-0.1346091953975872,97
REFUGE_Valid,SEARCH,17011,0,Q1,OD,CC,CS,-0.21222573813287227,97
REFUGE_Valid,SEARCH,17011,0,Q1,OD,SS,CS,0.8464809740060701,97
REFUGE_Valid,SEARCH,17011,0,Q1,OD,SC,CC,0.9240975167413552,97
REFUGE_Valid,SEARCH,17011,0,Q1,OD,SS,CC,1.0587067121389424,97
REFUGE_Valid,SEARCH,17011,0,Q1,OD,SS,SAME64_HOLD,-0.3005959621294778,97
REFUGE_Valid,SEARCH,17011,0,Q1,OD,SC,SAME64_HOLD,-0.435205157527065,97
REFUGE_Valid,SEARCH,17011,0,Q1,OD,CS,CROSS64_HOLD,2.084346182845735,97
REFUGE_Valid,SEARCH,17011,0,Q1,OD,CC,CROSS64_HOLD,1.8721204447128628,97
REFUGE_Valid,SEARCH,17011,0,Q1,OD,SS,C_CONT,5.2424326854874295,97
REFUGE_Valid,SEARCH,17011,0,Q1,OD,SS,ANCHOR,4.305593201814602,97
REFUGE_Valid,SEARCH,17011,0,Q1,OD,SS,SOURCE_HOLD,1.6346728271888793,97
REFUGE_Valid,SEARCH,17011,0,Q1,OD,SC,C_CONT,5.107823490089842,97
REFUGE_Valid,SEARCH,17011,0,Q1,OD,SC,ANCHOR,4.170984006417015,97
REFUGE_Valid,SEARCH,17011,0,Q1,OD,SC,SOURCE_HOLD,1.500063631791292,97
REFUGE_Valid,SEARCH,17011,0,Q1,OD,CS,C_CONT,4.395951711481359,97
REFUGE_Valid,SEARCH,17011,0,Q1,OD,CS,ANCHOR,3.4591122278085322,97
REFUGE_Valid,SEARCH,17011,0,Q1,OD,CS,SOURCE_HOLD,0.7881918531828092,97
REFUGE_Valid,SEARCH,17011,0,Q1,OD,CC,C_CONT,4.183725973348487,97
REFUGE_Valid,SEARCH,17011,0,Q1,OD,CC,ANCHOR,3.24688648967566,97
REFUGE_Valid,SEARCH,17011,0,Q1,OD,CC,SOURCE_HOLD,0.5759661150499369,97
REFUGE_Valid,SEARCH,17011,0,Q1,OD,OPTIMIZER_BY_PARAMETER_INTERACTION,ALGEBRA,0.07761654273528507,97
REFUGE_Valid,SEARCH,17011,0,Q1,OC,SC,SS,-0.09072630916992352,97
REFUGE_Valid,SEARCH,17011,0,Q1,OC,CC,CS,-0.16462564181282602,97
REFUGE_Valid,SEARCH,17011,0,Q1,OC,SS,CS,0.582411853749818,97
REFUGE_Valid,SEARCH,17011,0,Q1,OC,SC,CC,0.6563111863927205,97
REFUGE_Valid,SEARCH,17011,0,Q1,OC,SS,CC,0.747037495562644,97
REFUGE_Valid,SEARCH,17011,0,Q1,OC,SS,SAME64_HOLD,-0.2991456286167349,97
REFUGE_Valid,SEARCH,17011,0,Q1,OC,SC,SAME64_HOLD,-0.3898719377866584,97
REFUGE_Valid,SEARCH,17011,0,Q1,OC,CS,CROSS64_HOLD,0.42163907307734405,97
REFUGE_Valid,SEARCH,17011,0,Q1,OC,CC,CROSS64_HOLD,0.25701343126451803,97
REFUGE_Valid,SEARCH,17011,0,Q1,OC,SS,C_CONT,5.829078239596129,97
REFUGE_Valid,SEARCH,17011,0,Q1,OC,SS,ANCHOR,6.039607536799998,97
REFUGE_Valid,SEARCH,17011,0,Q1,OC,SS,SOURCE_HOLD,0.021513378251256654,97
REFUGE_Valid,SEARCH,17011,0,Q1,OC,SC,C_CONT,5.738351930426205,97
REFUGE_Valid,SEARCH,17011,0,Q1,OC,SC,ANCHOR,5.948881227630075,97
REFUGE_Valid,SEARCH,17011,0,Q1,OC,SC,SOURCE_HOLD,-0.06921293091866687,97
REFUGE_Valid,SEARCH,17011,0,Q1,OC,CS,C_CONT,5.246666385846311,97
REFUGE_Valid,SEARCH,17011,0,Q1,OC,CS,ANCHOR,5.45719568305018,97
REFUGE_Valid,SEARCH,17011,0,Q1,OC,CS,SOURCE_HOLD,-0.5608984754985613,97
REFUGE_Valid,SEARCH,17011,0,Q1,OC,CC,C_CONT,5.082040744033485,97
REFUGE_Valid,SEARCH,17011,0,Q1,OC,CC,ANCHOR,5.292570041237354,97
REFUGE_Valid,SEARCH,17011,0,Q1,OC,CC,SOURCE_HOLD,-0.7255241173113873,97
REFUGE_Valid,SEARCH,17011,0,Q1,OC,OPTIMIZER_BY_PARAMETER_INTERACTION,ALGEBRA,0.0738993326429025,97
REFUGE_Valid,SEARCH,17011,0,FIRST64,OD,SC,SS,-0.12127200484481193,39
REFUGE_Valid,SEARCH,17011,0,FIRST64,OD,CC,CS,-0.23526143143466527,39
REFUGE_Valid,SEARCH,17011,0,FIRST64,OD,SS,CS,1.855235823336912,39
REFUGE_Valid,SEARCH,17011,0,FIRST64,OD,SC,CC,1.9692252499267653,39
REFUGE_Valid,SEARCH,17011,0,FIRST64,OD,SS,CC,2.090497254771577,39
REFUGE_Valid,SEARCH,17011,0,FIRST64,OD,SS,SAME64_HOLD,-0.16680198205648367,39
REFUGE_Valid,SEARCH,17011,0,FIRST64,OD,SC,SAME64_HOLD,-0.2880739869012956,39
REFUGE_Valid,SEARCH,17011,0,FIRST64,OD,CS,CROSS64_HOLD,1.4029706554172776,39
REFUGE_Valid,SEARCH,17011,0,FIRST64,OD,CC,CROSS64_HOLD,1.1677092239826123,39
REFUGE_Valid,SEARCH,17011,0,FIRST64,OD,SS,C_CONT,5.666714401822318,39
REFUGE_Valid,SEARCH,17011,0,FIRST64,OD,SS,ANCHOR,4.856145227216132,39
REFUGE_Valid,SEARCH,17011,0,FIRST64,OD,SS,SOURCE_HOLD,1.8354492251703078,39
REFUGE_Valid,SEARCH,17011,0,FIRST64,OD,SC,C_CONT,5.545442396977506,39
REFUGE_Valid,SEARCH,17011,0,FIRST64,OD,SC,ANCHOR,4.73487322237132,39
REFUGE_Valid,SEARCH,17011,0,FIRST64,OD,SC,SOURCE_HOLD,1.714177220325496,39
REFUGE_Valid,SEARCH,17011,0,FIRST64,OD,CS,C_CONT,3.8114785784854064,39
REFUGE_Valid,SEARCH,17011,0,FIRST64,OD,CS,ANCHOR,3.00090940387922,39
REFUGE_Valid,SEARCH,17011,0,FIRST64,OD,CS,SOURCE_HOLD,-0.019786598166604108,39
REFUGE_Valid,SEARCH,17011,0,FIRST64,OD,CC,C_CONT,3.576217147050741,39
REFUGE_Valid,SEARCH,17011,0,FIRST64,OD,CC,ANCHOR,2.7656479724445546,39
REFUGE_Valid,SEARCH,17011,0,FIRST64,OD,CC,SOURCE_HOLD,-0.2550480296012694,39
REFUGE_Valid,SEARCH,17011,0,FIRST64,OD,OPTIMIZER_BY_PARAMETER_INTERACTION,ALGEBRA,0.11398942658985334,39
REFUGE_Valid,SEARCH,17011,0,FIRST64,OC,SC,SS,-0.07374094634427308,39
REFUGE_Valid,SEARCH,17011,0,FIRST64,OC,CC,CS,-0.20321855934587063,39
REFUGE_Valid,SEARCH,17011,0,FIRST64,OC,SS,CS,0.7157719466012082,39
REFUGE_Valid,SEARCH,17011,0,FIRST64,OC,SC,CC,0.8452495596028058,39
REFUGE_Valid,SEARCH,17011,0,FIRST64,OC,SS,CC,0.9189905059470789,39
REFUGE_Valid,SEARCH,17011,0,FIRST64,OC,SS,SAME64_HOLD,-0.11191618235655199,39
REFUGE_Valid,SEARCH,17011,0,FIRST64,OC,SC,SAME64_HOLD,-0.18565712870082507,39
REFUGE_Valid,SEARCH,17011,0,FIRST64,OC,CS,CROSS64_HOLD,0.47326492915415486,39
REFUGE_Valid,SEARCH,17011,0,FIRST64,OC,CC,CROSS64_HOLD,0.2700463698082842,39
REFUGE_Valid,SEARCH,17011,0,FIRST64,OC,SS,C_CONT,5.649837073931778,39
REFUGE_Valid,SEARCH,17011,0,FIRST64,OC,SS,ANCHOR,5.898041376963896,39
REFUGE_Valid,SEARCH,17011,0,FIRST64,OC,SS,SOURCE_HOLD,0.19139011484153912,39
REFUGE_Valid,SEARCH,17011,0,FIRST64,OC,SC,C_CONT,5.576096127587505,39
REFUGE_Valid,SEARCH,17011,0,FIRST64,OC,SC,ANCHOR,5.824300430619623,39
REFUGE_Valid,SEARCH,17011,0,FIRST64,OC,SC,SOURCE_HOLD,0.11764916849726603,39
REFUGE_Valid,SEARCH,17011,0,FIRST64,OC,CS,C_CONT,4.93406512733057,39
REFUGE_Valid,SEARCH,17011,0,FIRST64,OC,CS,ANCHOR,5.1822694303626875,39
REFUGE_Valid,SEARCH,17011,0,FIRST64,OC,CS,SOURCE_HOLD,-0.5243818317596691,39
REFUGE_Valid,SEARCH,17011,0,FIRST64,OC,CC,C_CONT,4.730846567984699,39
REFUGE_Valid,SEARCH,17011,0,FIRST64,OC,CC,ANCHOR,4.979050871016817,39
REFUGE_Valid,SEARCH,17011,0,FIRST64,OC,CC,SOURCE_HOLD,-0.7276003911055398,39
REFUGE_Valid,SEARCH,17011,0,FIRST64,OC,OPTIMIZER_BY_PARAMETER_INTERACTION,ALGEBRA,0.12947761300159755,39
REFUGE_Valid,SEALED_REVIEW,17011,0,ALL,OD,SC,SS,-0.041595359867898196,269
REFUGE_Valid,SEALED_REVIEW,17011,0,ALL,OD,CC,CS,-0.15085091821336505,269
REFUGE_Valid,SEALED_REVIEW,17011,0,ALL,OD,SS,CS,0.9572692613206755,269
REFUGE_Valid,SEALED_REVIEW,17011,0,ALL,OD,SC,CC,1.0665248196661423,269
REFUGE_Valid,SEALED_REVIEW,17011,0,ALL,OD,SS,CC,1.1081201795340405,269
REFUGE_Valid,SEALED_REVIEW,17011,0,ALL,OD,SS,SAME64_HOLD,-1.9461007243038182,269
REFUGE_Valid,SEALED_REVIEW,17011,0,ALL,OD,SC,SAME64_HOLD,-1.9876960841717164,269
REFUGE_Valid,SEALED_REVIEW,17011,0,ALL,OD,CS,CROSS64_HOLD,-0.09159411675896934,269
REFUGE_Valid,SEALED_REVIEW,17011,0,ALL,OD,CC,CROSS64_HOLD,-0.24244503497233438,269
REFUGE_Valid,SEALED_REVIEW,17011,0,ALL,OD,SS,C_CONT,5.074200178880389,269
REFUGE_Valid,SEALED_REVIEW,17011,0,ALL,OD,SS,ANCHOR,3.929540102885497,269
REFUGE_Valid,SEALED_REVIEW,17011,0,ALL,OD,SS,SOURCE_HOLD,-0.3227675218362691,269
REFUGE_Valid,SEALED_REVIEW,17011,0,ALL,OD,SC,C_CONT,5.032604819012491,269
REFUGE_Valid,SEALED_REVIEW,17011,0,ALL,OD,SC,ANCHOR,3.8879447430175986,269
REFUGE_Valid,SEALED_REVIEW,17011,0,ALL,OD,SC,SOURCE_HOLD,-0.3643628817041673,269
REFUGE_Valid,SEALED_REVIEW,17011,0,ALL,OD,CS,C_CONT,4.1169309175597135,269
REFUGE_Valid,SEALED_REVIEW,17011,0,ALL,OD,CS,ANCHOR,2.9722708415648214,269
REFUGE_Valid,SEALED_REVIEW,17011,0,ALL,OD,CS,SOURCE_HOLD,-1.2800367831569446,269
REFUGE_Valid,SEALED_REVIEW,17011,0,ALL,OD,CC,C_CONT,3.9660799993463485,269
REFUGE_Valid,SEALED_REVIEW,17011,0,ALL,OD,CC,ANCHOR,2.8214199233514563,269
REFUGE_Valid,SEALED_REVIEW,17011,0,ALL,OD,CC,SOURCE_HOLD,-1.4308877013703096,269
REFUGE_Valid,SEALED_REVIEW,17011,0,ALL,OD,OPTIMIZER_BY_PARAMETER_INTERACTION,ALGEBRA,0.10925555834546685,269
REFUGE_Valid,SEALED_REVIEW,17011,0,ALL,OC,SC,SS,-0.04103118150196394,269
REFUGE_Valid,SEALED_REVIEW,17011,0,ALL,OC,CC,CS,-0.08928336712094165,269
REFUGE_Valid,SEALED_REVIEW,17011,0,ALL,OC,SS,CS,0.6165162528947263,269
REFUGE_Valid,SEALED_REVIEW,17011,0,ALL,OC,SC,CC,0.664768438513704,269
REFUGE_Valid,SEALED_REVIEW,17011,0,ALL,OC,SS,CC,0.705799620015668,269
REFUGE_Valid,SEALED_REVIEW,17011,0,ALL,OC,SS,SAME64_HOLD,-1.1400256923097203,269
REFUGE_Valid,SEALED_REVIEW,17011,0,ALL,OC,SC,SAME64_HOLD,-1.1810568738116842,269
REFUGE_Valid,SEALED_REVIEW,17011,0,ALL,OC,CS,CROSS64_HOLD,-0.9590187507682089,269
REFUGE_Valid,SEALED_REVIEW,17011,0,ALL,OC,CC,CROSS64_HOLD,-1.0483021178891505,269
REFUGE_Valid,SEALED_REVIEW,17011,0,ALL,OC,SS,C_CONT,5.570588093755227,269
REFUGE_Valid,SEALED_REVIEW,17011,0,ALL,OC,SS,ANCHOR,5.589407589572637,269
REFUGE_Valid,SEALED_REVIEW,17011,0,ALL,OC,SS,SOURCE_HOLD,-1.2422229751220755,269
REFUGE_Valid,SEALED_REVIEW,17011,0,ALL,OC,SC,C_CONT,5.529556912253263,269
REFUGE_Valid,SEALED_REVIEW,17011,0,ALL,OC,SC,ANCHOR,5.5483764080706734,269
REFUGE_Valid,SEALED_REVIEW,17011,0,ALL,OC,SC,SOURCE_HOLD,-1.2832541566240394,269
REFUGE_Valid,SEALED_REVIEW,17011,0,ALL,OC,CS,C_CONT,4.9540718408605,269
REFUGE_Valid,SEALED_REVIEW,17011,0,ALL,OC,CS,ANCHOR,4.972891336677911,269
REFUGE_Valid,SEALED_REVIEW,17011,0,ALL,OC,CS,SOURCE_HOLD,-1.8587392280168018,269
REFUGE_Valid,SEALED_REVIEW,17011,0,ALL,OC,CC,C_CONT,4.864788473739559,269
REFUGE_Valid,SEALED_REVIEW,17011,0,ALL,OC,CC,ANCHOR,4.883607969556969,269
REFUGE_Valid,SEALED_REVIEW,17011,0,ALL,OC,CC,SOURCE_HOLD,-1.9480225951377435,269
REFUGE_Valid,SEALED_REVIEW,17011,0,ALL,OC,OPTIMIZER_BY_PARAMETER_INTERACTION,ALGEBRA,0.048252185618977705,269
REFUGE_Valid,SEALED_REVIEW,17011,0,Q1,OD,SC,SS,-0.10692274313836947,69
REFUGE_Valid,SEALED_REVIEW,17011,0,Q1,OD,CC,CS,-0.2249695486380432,69
REFUGE_Valid,SEALED_REVIEW,17011,0,Q1,OD,SS,CS,0.46766411900743776,69
REFUGE_Valid,SEALED_REVIEW,17011,0,Q1,OD,SC,CC,0.5857109245071115,69
REFUGE_Valid,SEALED_REVIEW,17011,0,Q1,OD,SS,CC,0.692633667645481,69
REFUGE_Valid,SEALED_REVIEW,17011,0,Q1,OD,SS,SAME64_HOLD,-0.5179060741157002,69
REFUGE_Valid,SEALED_REVIEW,17011,0,Q1,OD,SC,SAME64_HOLD,-0.6248288172540697,69
REFUGE_Valid,SEALED_REVIEW,17011,0,Q1,OD,CS,CROSS64_HOLD,1.505157669868197,69
REFUGE_Valid,SEALED_REVIEW,17011,0,Q1,OD,CC,CROSS64_HOLD,1.2801881212301538,69
REFUGE_Valid,SEALED_REVIEW,17011,0,Q1,OD,SS,C_CONT,6.3045192514691735,69
REFUGE_Valid,SEALED_REVIEW,17011,0,Q1,OD,SS,ANCHOR,5.416704042425934,69
REFUGE_Valid,SEALED_REVIEW,17011,0,Q1,OD,SS,SOURCE_HOLD,0.7699105500858536,69
REFUGE_Valid,SEALED_REVIEW,17011,0,Q1,OD,SC,C_CONT,6.197596508330804,69
REFUGE_Valid,SEALED_REVIEW,17011,0,Q1,OD,SC,ANCHOR,5.309781299287565,69
REFUGE_Valid,SEALED_REVIEW,17011,0,Q1,OD,SC,SOURCE_HOLD,0.6629878069474842,69
REFUGE_Valid,SEALED_REVIEW,17011,0,Q1,OD,CS,C_CONT,5.836855132461736,69
REFUGE_Valid,SEALED_REVIEW,17011,0,Q1,OD,CS,ANCHOR,4.949039923418496,69
REFUGE_Valid,SEALED_REVIEW,17011,0,Q1,OD,CS,SOURCE_HOLD,0.30224643107841587,69
REFUGE_Valid,SEALED_REVIEW,17011,0,Q1,OD,CC,C_CONT,5.6118855838236925,69
REFUGE_Valid,SEALED_REVIEW,17011,0,Q1,OD,CC,ANCHOR,4.724070374780453,69
REFUGE_Valid,SEALED_REVIEW,17011,0,Q1,OD,CC,SOURCE_HOLD,0.07727688244037267,69
REFUGE_Valid,SEALED_REVIEW,17011,0,Q1,OD,OPTIMIZER_BY_PARAMETER_INTERACTION,ALGEBRA,0.11804680549967372,69
REFUGE_Valid,SEALED_REVIEW,17011,0,Q1,OC,SC,SS,-0.052441137145322614,69
REFUGE_Valid,SEALED_REVIEW,17011,0,Q1,OC,CC,CS,-0.13235806994165955,69
REFUGE_Valid,SEALED_REVIEW,17011,0,Q1,OC,SS,CS,0.285332547458367,69
REFUGE_Valid,SEALED_REVIEW,17011,0,Q1,OC,SC,CC,0.36524948025470394,69
REFUGE_Valid,SEALED_REVIEW,17011,0,Q1,OC,SS,CC,0.41769061740002655,69
REFUGE_Valid,SEALED_REVIEW,17011,0,Q1,OC,SS,SAME64_HOLD,-0.33373776527842836,69
REFUGE_Valid,SEALED_REVIEW,17011,0,Q1,OC,SC,SAME64_HOLD,-0.38617890242375097,69
REFUGE_Valid,SEALED_REVIEW,17011,0,Q1,OC,CS,CROSS64_HOLD,0.38113527951698245,69
REFUGE_Valid,SEALED_REVIEW,17011,0,Q1,OC,CC,CROSS64_HOLD,0.2487772095753229,69
REFUGE_Valid,SEALED_REVIEW,17011,0,Q1,OC,SS,C_CONT,5.705772807978292,69
REFUGE_Valid,SEALED_REVIEW,17011,0,Q1,OC,SS,ANCHOR,5.913666007292967,69
REFUGE_Valid,SEALED_REVIEW,17011,0,Q1,OC,SS,SOURCE_HOLD,-0.30886486256460444,69
REFUGE_Valid,SEALED_REVIEW,17011,0,Q1,OC,SC,C_CONT,5.653331670832969,69
REFUGE_Valid,SEALED_REVIEW,17011,0,Q1,OC,SC,ANCHOR,5.861224870147645,69
REFUGE_Valid,SEALED_REVIEW,17011,0,Q1,OC,SC,SOURCE_HOLD,-0.36130599970992705,69
REFUGE_Valid,SEALED_REVIEW,17011,0,Q1,OC,CS,C_CONT,5.420440260519925,69
REFUGE_Valid,SEALED_REVIEW,17011,0,Q1,OC,CS,ANCHOR,5.6283334598346,69
REFUGE_Valid,SEALED_REVIEW,17011,0,Q1,OC,CS,SOURCE_HOLD,-0.5941974100229714,69
REFUGE_Valid,SEALED_REVIEW,17011,0,Q1,OC,CC,C_CONT,5.288082190578265,69
REFUGE_Valid,SEALED_REVIEW,17011,0,Q1,OC,CC,ANCHOR,5.495975389892941,69
REFUGE_Valid,SEALED_REVIEW,17011,0,Q1,OC,CC,SOURCE_HOLD,-0.726555479964631,69
REFUGE_Valid,SEALED_REVIEW,17011,0,Q1,OC,OPTIMIZER_BY_PARAMETER_INTERACTION,ALGEBRA,0.07991693279633694,69
REFUGE_Valid,SEALED_REVIEW,17011,0,FIRST64,OD,SC,SS,-0.05885459157470052,20
REFUGE_Valid,SEALED_REVIEW,17011,0,FIRST64,OD,CC,CS,-0.2626957127863534,20
REFUGE_Valid,SEALED_REVIEW,17011,0,FIRST64,OD,SS,CS,0.8538429828550704,20
REFUGE_Valid,SEALED_REVIEW,17011,0,FIRST64,OD,SC,CC,1.0576841040667233,20
REFUGE_Valid,SEALED_REVIEW,17011,0,FIRST64,OD,SS,CC,1.1165386956414238,20
REFUGE_Valid,SEALED_REVIEW,17011,0,FIRST64,OD,SS,SAME64_HOLD,-0.21183345673041742,20
REFUGE_Valid,SEALED_REVIEW,17011,0,FIRST64,OD,SC,SAME64_HOLD,-0.27068804830511795,20
REFUGE_Valid,SEALED_REVIEW,17011,0,FIRST64,OD,CS,CROSS64_HOLD,1.2335864284094953,20
REFUGE_Valid,SEALED_REVIEW,17011,0,FIRST64,OD,CC,CROSS64_HOLD,0.9708907156231419,20
REFUGE_Valid,SEALED_REVIEW,17011,0,FIRST64,OD,SS,C_CONT,7.670569362393763,20
REFUGE_Valid,SEALED_REVIEW,17011,0,FIRST64,OD,SS,ANCHOR,7.178800494695736,20
REFUGE_Valid,SEALED_REVIEW,17011,0,FIRST64,OD,SS,SOURCE_HOLD,0.7882968740091485,20
REFUGE_Valid,SEALED_REVIEW,17011,0,FIRST64,OD,SC,C_CONT,7.611714770819063,20
REFUGE_Valid,SEALED_REVIEW,17011,0,FIRST64,OD,SC,ANCHOR,7.119945903121035,20
REFUGE_Valid,SEALED_REVIEW,17011,0,FIRST64,OD,SC,SOURCE_HOLD,0.729442282434448,20
REFUGE_Valid,SEALED_REVIEW,17011,0,FIRST64,OD,CS,C_CONT,6.816726379538693,20
REFUGE_Valid,SEALED_REVIEW,17011,0,FIRST64,OD,CS,ANCHOR,6.324957511840665,20
REFUGE_Valid,SEALED_REVIEW,17011,0,FIRST64,OD,CS,SOURCE_HOLD,-0.06554610884592194,20
REFUGE_Valid,SEALED_REVIEW,17011,0,FIRST64,OD,CC,C_CONT,6.55403066675234,20
REFUGE_Valid,SEALED_REVIEW,17011,0,FIRST64,OD,CC,ANCHOR,6.062261799054312,20
REFUGE_Valid,SEALED_REVIEW,17011,0,FIRST64,OD,CC,SOURCE_HOLD,-0.32824182163227533,20
REFUGE_Valid,SEALED_REVIEW,17011,0,FIRST64,OD,OPTIMIZER_BY_PARAMETER_INTERACTION,ALGEBRA,0.20384112121165288,20
REFUGE_Valid,SEALED_REVIEW,17011,0,FIRST64,OC,SC,SS,0.09045406045515847,20
REFUGE_Valid,SEALED_REVIEW,17011,0,FIRST64,OC,CC,CS,-0.13988811726076733,20
REFUGE_Valid,SEALED_REVIEW,17011,0,FIRST64,OC,SS,CS,-0.36054301836502134,20
REFUGE_Valid,SEALED_REVIEW,17011,0,FIRST64,OC,SC,CC,-0.13020084064909554,20
REFUGE_Valid,SEALED_REVIEW,17011,0,FIRST64,OC,SS,CC,-0.220654901104254,20
REFUGE_Valid,SEALED_REVIEW,17011,0,FIRST64,OC,SS,SAME64_HOLD,-0.2924939475430506,20
REFUGE_Valid,SEALED_REVIEW,17011,0,FIRST64,OC,SC,SAME64_HOLD,-0.2020398870878921,20
REFUGE_Valid,SEALED_REVIEW,17011,0,FIRST64,OC,CS,CROSS64_HOLD,0.0833751687292903,20
REFUGE_Valid,SEALED_REVIEW,17011,0,FIRST64,OC,CC,CROSS64_HOLD,-0.056512948531477036,20
REFUGE_Valid,SEALED_REVIEW,17011,0,FIRST64,OC,SS,C_CONT,5.381435136925106,20
REFUGE_Valid,SEALED_REVIEW,17011,0,FIRST64,OC,SS,ANCHOR,5.66171347080401,20
REFUGE_Valid,SEALED_REVIEW,17011,0,FIRST64,OC,SS,SOURCE_HOLD,-1.1213605696259776,20
REFUGE_Valid,SEALED_REVIEW,17011,0,FIRST64,OC,SC,C_CONT,5.471889197380264,20
REFUGE_Valid,SEALED_REVIEW,17011,0,FIRST64,OC,SC,ANCHOR,5.752167531259168,20
REFUGE_Valid,SEALED_REVIEW,17011,0,FIRST64,OC,SC,SOURCE_HOLD,-1.0309065091708192,20
REFUGE_Valid,SEALED_REVIEW,17011,0,FIRST64,OC,CS,C_CONT,5.741978155290127,20
REFUGE_Valid,SEALED_REVIEW,17011,0,FIRST64,OC,CS,ANCHOR,6.022256489169031,20
REFUGE_Valid,SEALED_REVIEW,17011,0,FIRST64,OC,CS,SOURCE_HOLD,-0.7608175512609563,20
REFUGE_Valid,SEALED_REVIEW,17011,0,FIRST64,OC,CC,C_CONT,5.60209003802936,20
REFUGE_Valid,SEALED_REVIEW,17011,0,FIRST64,OC,CC,ANCHOR,5.882368371908264,20
REFUGE_Valid,SEALED_REVIEW,17011,0,FIRST64,OC,CC,SOURCE_HOLD,-0.9007056685217236,20
REFUGE_Valid,SEALED_REVIEW,17011,0,FIRST64,OC,OPTIMIZER_BY_PARAMETER_INTERACTION,ALGEBRA,0.2303421777159258,20
REFUGE_Valid,SEALED_REVIEW,17011,0,Q2,OD,SC,SS,-0.0882531909132922,80
REFUGE_Valid,SEALED_REVIEW,17011,0,Q2,OD,CC,CS,-0.18658766963196172,80
REFUGE_Valid,SEALED_REVIEW,17011,0,Q2,OD,SS,CS,0.6123649520312995,80
REFUGE_Valid,SEALED_REVIEW,17011,0,Q2,OD,SC,CC,0.710699430749969,80
REFUGE_Valid,SEALED_REVIEW,17011,0,Q2,OD,SS,CC,0.7989526216632612,80
REFUGE_Valid,SEALED_REVIEW,17011,0,Q2,OD,SS,SAME64_HOLD,-1.5821848219094363,80
REFUGE_Valid,SEALED_REVIEW,17011,0,Q2,OD,SC,SAME64_HOLD,-1.6704380128227285,80
REFUGE_Valid,SEALED_REVIEW,17011,0,Q2,OD,CS,CROSS64_HOLD,0.3129057753067741,80
REFUGE_Valid,SEALED_REVIEW,17011,0,Q2,OD,CC,CROSS64_HOLD,0.1263181056748124,80
REFUGE_Valid,SEALED_REVIEW,17011,0,Q2,OD,SS,C_CONT,4.798860772438232,80
REFUGE_Valid,SEALED_REVIEW,17011,0,Q2,OD,SS,ANCHOR,3.7835144037024833,80
REFUGE_Valid,SEALED_REVIEW,17011,0,Q2,OD,SS,SOURCE_HOLD,-0.2790316360843832,80
REFUGE_Valid,SEALED_REVIEW,17011,0,Q2,OD,SC,C_CONT,4.71060758152494,80
REFUGE_Valid,SEALED_REVIEW,17011,0,Q2,OD,SC,ANCHOR,3.695261212789191,80
REFUGE_Valid,SEALED_REVIEW,17011,0,Q2,OD,SC,SOURCE_HOLD,-0.3672848269976754,80
REFUGE_Valid,SEALED_REVIEW,17011,0,Q2,OD,CS,C_CONT,4.1864958204069325,80
REFUGE_Valid,SEALED_REVIEW,17011,0,Q2,OD,CS,ANCHOR,3.171149451671184,80
REFUGE_Valid,SEALED_REVIEW,17011,0,Q2,OD,CS,SOURCE_HOLD,-0.8913965881156827,80
REFUGE_Valid,SEALED_REVIEW,17011,0,Q2,OD,CC,C_CONT,3.9999081507749707,80
REFUGE_Valid,SEALED_REVIEW,17011,0,Q2,OD,CC,ANCHOR,2.984561782039222,80
REFUGE_Valid,SEALED_REVIEW,17011,0,Q2,OD,CC,SOURCE_HOLD,-1.0779842577476444,80
REFUGE_Valid,SEALED_REVIEW,17011,0,Q2,OD,OPTIMIZER_BY_PARAMETER_INTERACTION,ALGEBRA,0.09833447871866952,80
REFUGE_Valid,SEALED_REVIEW,17011,0,Q2,OC,SC,SS,-0.04949726942140842,80
REFUGE_Valid,SEALED_REVIEW,17011,0,Q2,OC,CC,CS,-0.09725042868555533,80
REFUGE_Valid,SEALED_REVIEW,17011,0,Q2,OC,SS,CS,0.5291799547494094,80
REFUGE_Valid,SEALED_REVIEW,17011,0,Q2,OC,SC,CC,0.5769331140135563,80
REFUGE_Valid,SEALED_REVIEW,17011,0,Q2,OC,SS,CC,0.6264303834349647,80
REFUGE_Valid,SEALED_REVIEW,17011,0,Q2,OC,SS,SAME64_HOLD,-0.8435550704356842,80
REFUGE_Valid,SEALED_REVIEW,17011,0,Q2,OC,SC,SAME64_HOLD,-0.8930523398570926,80
REFUGE_Valid,SEALED_REVIEW,17011,0,Q2,OC,CS,CROSS64_HOLD,-0.5383377126139237,80
REFUGE_Valid,SEALED_REVIEW,17011,0,Q2,OC,CC,CROSS64_HOLD,-0.635588141299479,80
REFUGE_Valid,SEALED_REVIEW,17011,0,Q2,OC,SS,C_CONT,5.42375118124081,80
REFUGE_Valid,SEALED_REVIEW,17011,0,Q2,OC,SS,ANCHOR,5.483537035534255,80
REFUGE_Valid,SEALED_REVIEW,17011,0,Q2,OC,SS,SOURCE_HOLD,-0.96673060958436,80
REFUGE_Valid,SEALED_REVIEW,17011,0,Q2,OC,SC,C_CONT,5.374253911819402,80
REFUGE_Valid,SEALED_REVIEW,17011,0,Q2,OC,SC,ANCHOR,5.434039766112846,80
REFUGE_Valid,SEALED_REVIEW,17011,0,Q2,OC,SC,SOURCE_HOLD,-1.0162278790057684,80
REFUGE_Valid,SEALED_REVIEW,17011,0,Q2,OC,CS,C_CONT,4.894571226491401,80
REFUGE_Valid,SEALED_REVIEW,17011,0,Q2,OC,CS,ANCHOR,4.954357080784845,80
REFUGE_Valid,SEALED_REVIEW,17011,0,Q2,OC,CS,SOURCE_HOLD,-1.4959105643337693,80
REFUGE_Valid,SEALED_REVIEW,17011,0,Q2,OC,CC,C_CONT,4.797320797805845,80
REFUGE_Valid,SEALED_REVIEW,17011,0,Q2,OC,CC,ANCHOR,4.85710665209929,80
REFUGE_Valid,SEALED_REVIEW,17011,0,Q2,OC,CC,SOURCE_HOLD,-1.5931609930193247,80
REFUGE_Valid,SEALED_REVIEW,17011,0,Q2,OC,OPTIMIZER_BY_PARAMETER_INTERACTION,ALGEBRA,0.047753159264146916,80
REFUGE_Valid,SEARCH,17011,0,Q2,OD,SC,SS,-0.08108622539539567,89
REFUGE_Valid,SEARCH,17011,0,Q2,OD,CC,CS,-0.1937107446782136,89
REFUGE_Valid,SEARCH,17011,0,Q2,OD,SS,CS,0.7190926387814756,89
REFUGE_Valid,SEARCH,17011,0,Q2,OD,SC,CC,0.8317171580642935,89
REFUGE_Valid,SEARCH,17011,0,Q2,OD,SS,CC,0.9128033834596891,89
REFUGE_Valid,SEARCH,17011,0,Q2,OD,SS,SAME64_HOLD,-1.1840187244544893,89
REFUGE_Valid,SEARCH,17011,0,Q2,OD,SC,SAME64_HOLD,-1.265104949849885,89
REFUGE_Valid,SEARCH,17011,0,Q2,OD,CS,CROSS64_HOLD,0.5908915096939751,89
REFUGE_Valid,SEARCH,17011,0,Q2,OD,CC,CROSS64_HOLD,0.3971807650157615,89
REFUGE_Valid,SEARCH,17011,0,Q2,OD,SS,C_CONT,4.717209079828294,89
REFUGE_Valid,SEARCH,17011,0,Q2,OD,SS,ANCHOR,3.518093383459785,89
REFUGE_Valid,SEARCH,17011,0,Q2,OD,SS,SOURCE_HOLD,0.3424195832260466,89
REFUGE_Valid,SEARCH,17011,0,Q2,OD,SC,C_CONT,4.636122854432898,89
REFUGE_Valid,SEARCH,17011,0,Q2,OD,SC,ANCHOR,3.4370071580643895,89
REFUGE_Valid,SEARCH,17011,0,Q2,OD,SC,SOURCE_HOLD,0.2613333578306509,89
REFUGE_Valid,SEARCH,17011,0,Q2,OD,CS,C_CONT,3.998116441046818,89
REFUGE_Valid,SEARCH,17011,0,Q2,OD,CS,ANCHOR,2.7990007446783096,89
REFUGE_Valid,SEARCH,17011,0,Q2,OD,CS,SOURCE_HOLD,-0.37667305555542896,89
REFUGE_Valid,SEARCH,17011,0,Q2,OD,CC,C_CONT,3.8044056963686046,89
REFUGE_Valid,SEARCH,17011,0,Q2,OD,CC,ANCHOR,2.605290000000096,89
REFUGE_Valid,SEARCH,17011,0,Q2,OD,CC,SOURCE_HOLD,-0.5703838002336425,89
REFUGE_Valid,SEARCH,17011,0,Q2,OD,OPTIMIZER_BY_PARAMETER_INTERACTION,ALGEBRA,0.11262451928281791,89
REFUGE_Valid,SEARCH,17011,0,Q2,OC,SC,SS,-0.021533349781051925,89
REFUGE_Valid,SEARCH,17011,0,Q2,OC,CC,CS,-0.042889901715255974,89
REFUGE_Valid,SEARCH,17011,0,Q2,OC,SS,CS,0.3803334338640525,89
REFUGE_Valid,SEARCH,17011,0,Q2,OC,SC,CC,0.40168998579825654,89
REFUGE_Valid,SEARCH,17011,0,Q2,OC,SS,CC,0.42322333557930847,89
REFUGE_Valid,SEARCH,17011,0,Q2,OC,SS,SAME64_HOLD,-0.9781363682143507,89
REFUGE_Valid,SEARCH,17011,0,Q2,OC,SC,SAME64_HOLD,-0.9996697179954026,89
REFUGE_Valid,SEARCH,17011,0,Q2,OC,CS,CROSS64_HOLD,-1.1957885410400024,89
REFUGE_Valid,SEARCH,17011,0,Q2,OC,CC,CROSS64_HOLD,-1.2386784427552584,89
REFUGE_Valid,SEARCH,17011,0,Q2,OC,SS,C_CONT,4.2528854079218235,89
REFUGE_Valid,SEARCH,17011,0,Q2,OC,SS,ANCHOR,4.299705898291215,89
REFUGE_Valid,SEARCH,17011,0,Q2,OC,SS,SOURCE_HOLD,-1.4621824929699585,89
REFUGE_Valid,SEARCH,17011,0,Q2,OC,SC,C_CONT,4.2313520581407715,89
REFUGE_Valid,SEARCH,17011,0,Q2,OC,SC,ANCHOR,4.278172548510163,89
REFUGE_Valid,SEARCH,17011,0,Q2,OC,SC,SOURCE_HOLD,-1.4837158427510104,89
REFUGE_Valid,SEARCH,17011,0,Q2,OC,CS,C_CONT,3.872551974057771,89
REFUGE_Valid,SEARCH,17011,0,Q2,OC,CS,ANCHOR,3.9193724644271626,89
REFUGE_Valid,SEARCH,17011,0,Q2,OC,CS,SOURCE_HOLD,-1.842515926834011,89
REFUGE_Valid,SEARCH,17011,0,Q2,OC,CC,C_CONT,3.829662072342515,89
REFUGE_Valid,SEARCH,17011,0,Q2,OC,CC,ANCHOR,3.8764825627119066,89
REFUGE_Valid,SEARCH,17011,0,Q2,OC,CC,SOURCE_HOLD,-1.885405828549267,89
REFUGE_Valid,SEARCH,17011,0,Q2,OC,OPTIMIZER_BY_PARAMETER_INTERACTION,ALGEBRA,0.02135655193420405,89
REFUGE_Valid,SEARCH,17011,0,Q3,OD,SC,SS,0.015694847290461666,100
REFUGE_Valid,SEARCH,17011,0,Q3,OD,CC,CS,-0.11438575323418831,100
REFUGE_Valid,SEARCH,17011,0,Q3,OD,SS,CS,1.0668066919373587,100
REFUGE_Valid,SEARCH,17011,0,Q3,OD,SC,CC,1.1968872924620086,100
REFUGE_Valid,SEARCH,17011,0,Q3,OD,SS,CC,1.181192445171547,100
REFUGE_Valid,SEARCH,17011,0,Q3,OD,SS,SAME64_HOLD,-2.152417287008248,100
REFUGE_Valid,SEARCH,17011,0,Q3,OD,SC,SAME64_HOLD,-2.1367224397177864,100
REFUGE_Valid,SEARCH,17011,0,Q3,OD,CS,CROSS64_HOLD,-0.32290054245450506,100
REFUGE_Valid,SEARCH,17011,0,Q3,OD,CC,CROSS64_HOLD,-0.43728629568869337,100
REFUGE_Valid,SEARCH,17011,0,Q3,OD,SS,C_CONT,3.7140681408590694,100
REFUGE_Valid,SEARCH,17011,0,Q3,OD,SS,ANCHOR,2.3436015865213875,100
REFUGE_Valid,SEARCH,17011,0,Q3,OD,SS,SOURCE_HOLD,-0.21141165780805693,100
REFUGE_Valid,SEARCH,17011,0,Q3,OD,SC,C_CONT,3.729762988149531,100
REFUGE_Valid,SEARCH,17011,0,Q3,OD,SC,ANCHOR,2.359296433811849,100
REFUGE_Valid,SEARCH,17011,0,Q3,OD,SC,SOURCE_HOLD,-0.19571681051759526,100
REFUGE_Valid,SEARCH,17011,0,Q3,OD,CS,C_CONT,2.647261448921711,100
REFUGE_Valid,SEARCH,17011,0,Q3,OD,CS,ANCHOR,1.2767948945840288,100
REFUGE_Valid,SEARCH,17011,0,Q3,OD,CS,SOURCE_HOLD,-1.2782183497454156,100
REFUGE_Valid,SEARCH,17011,0,Q3,OD,CC,C_CONT,2.5328756956875225,100
REFUGE_Valid,SEARCH,17011,0,Q3,OD,CC,ANCHOR,1.1624091413498405,100
REFUGE_Valid,SEARCH,17011,0,Q3,OD,CC,SOURCE_HOLD,-1.392604102979604,100
REFUGE_Valid,SEARCH,17011,0,Q3,OD,OPTIMIZER_BY_PARAMETER_INTERACTION,ALGEBRA,0.13008060052464998,100
REFUGE_Valid,SEARCH,17011,0,Q3,OC,SC,SS,-0.02653747452097832,100
REFUGE_Valid,SEARCH,17011,0,Q3,OC,CC,CS,-0.06023457947256361,100
REFUGE_Valid,SEARCH,17011,0,Q3,OC,SS,CS,0.7903381066853541,100
REFUGE_Valid,SEARCH,17011,0,Q3,OC,SC,CC,0.8240352116369394,100
REFUGE_Valid,SEARCH,17011,0,Q3,OC,SS,CC,0.8505726861579177,100
REFUGE_Valid,SEARCH,17011,0,Q3,OC,SS,SAME64_HOLD,-1.1234753597067737,100
REFUGE_Valid,SEARCH,17011,0,Q3,OC,SC,SAME64_HOLD,-1.150012834227752,100
REFUGE_Valid,SEARCH,17011,0,Q3,OC,CS,CROSS64_HOLD,-0.7421618022891181,100
REFUGE_Valid,SEARCH,17011,0,Q3,OC,CC,CROSS64_HOLD,-0.8023963817616817,100
REFUGE_Valid,SEARCH,17011,0,Q3,OC,SS,C_CONT,5.222869016939079,100
REFUGE_Valid,SEARCH,17011,0,Q3,OC,SS,ANCHOR,5.16354917994785,100
REFUGE_Valid,SEARCH,17011,0,Q3,OC,SS,SOURCE_HOLD,-0.7431803780633146,100
REFUGE_Valid,SEARCH,17011,0,Q3,OC,SC,C_CONT,5.1963315424181005,100
REFUGE_Valid,SEARCH,17011,0,Q3,OC,SC,ANCHOR,5.137011705426872,100
REFUGE_Valid,SEARCH,17011,0,Q3,OC,SC,SOURCE_HOLD,-0.7697178525842929,100
REFUGE_Valid,SEARCH,17011,0,Q3,OC,CS,C_CONT,4.432530910253725,100
REFUGE_Valid,SEARCH,17011,0,Q3,OC,CS,ANCHOR,4.373211073262496,100
REFUGE_Valid,SEARCH,17011,0,Q3,OC,CS,SOURCE_HOLD,-1.5335184847486687,100
REFUGE_Valid,SEARCH,17011,0,Q3,OC,CC,C_CONT,4.372296330781161,100
REFUGE_Valid,SEARCH,17011,0,Q3,OC,CC,ANCHOR,4.312976493789932,100
REFUGE_Valid,SEARCH,17011,0,Q3,OC,CC,SOURCE_HOLD,-1.5937530642212323,100
REFUGE_Valid,SEARCH,17011,0,Q3,OC,OPTIMIZER_BY_PARAMETER_INTERACTION,ALGEBRA,0.03369710495158529,100
REFUGE_Valid,SEALED_REVIEW,17011,0,Q3,OD,SC,SS,-0.014516172224205093,68
REFUGE_Valid,SEALED_REVIEW,17011,0,Q3,OD,CC,CS,-0.1421144603141471,68
REFUGE_Valid,SEALED_REVIEW,17011,0,Q3,OD,SS,CS,1.4686475060016875,68
REFUGE_Valid,SEALED_REVIEW,17011,0,Q3,OD,SC,CC,1.5962457940916295,68
REFUGE_Valid,SEALED_REVIEW,17011,0,Q3,OD,SS,CC,1.6107619663158346,68
REFUGE_Valid,SEALED_REVIEW,17011,0,Q3,OD,SS,SAME64_HOLD,-2.733651882174911,68
REFUGE_Valid,SEALED_REVIEW,17011,0,Q3,OD,SC,SAME64_HOLD,-2.748168054399116,68
REFUGE_Valid,SEALED_REVIEW,17011,0,Q3,OD,CS,CROSS64_HOLD,-0.7039585044882557,68
REFUGE_Valid,SEALED_REVIEW,17011,0,Q3,OD,CC,CROSS64_HOLD,-0.8460729648024028,68
REFUGE_Valid,SEALED_REVIEW,17011,0,Q3,OD,SS,C_CONT,5.1465496628715925,68
REFUGE_Valid,SEALED_REVIEW,17011,0,Q3,OD,SS,ANCHOR,3.823018655805228,68
REFUGE_Valid,SEALED_REVIEW,17011,0,Q3,OD,SS,SOURCE_HOLD,-0.5928567948379992,68
REFUGE_Valid,SEALED_REVIEW,17011,0,Q3,OD,SC,C_CONT,5.1320334906473875,68
REFUGE_Valid,SEALED_REVIEW,17011,0,Q3,OD,SC,ANCHOR,3.808502483581023,68
REFUGE_Valid,SEALED_REVIEW,17011,0,Q3,OD,SC,SOURCE_HOLD,-0.6073729670622043,68
REFUGE_Valid,SEALED_REVIEW,17011,0,Q3,OD,CS,C_CONT,3.677902156869905,68
REFUGE_Valid,SEALED_REVIEW,17011,0,Q3,OD,CS,ANCHOR,2.3543711498035407,68
REFUGE_Valid,SEALED_REVIEW,17011,0,Q3,OD,CS,SOURCE_HOLD,-2.0615043008396867,68
REFUGE_Valid,SEALED_REVIEW,17011,0,Q3,OD,CC,C_CONT,3.535787696555758,68
REFUGE_Valid,SEALED_REVIEW,17011,0,Q3,OD,CC,ANCHOR,2.2122566894893936,68
REFUGE_Valid,SEALED_REVIEW,17011,0,Q3,OD,CC,SOURCE_HOLD,-2.203618761153834,68
REFUGE_Valid,SEALED_REVIEW,17011,0,Q3,OD,OPTIMIZER_BY_PARAMETER_INTERACTION,ALGEBRA,0.127598288089942,68
REFUGE_Valid,SEALED_REVIEW,17011,0,Q3,OC,SC,SS,-0.024569223911136362,68
REFUGE_Valid,SEALED_REVIEW,17011,0,Q3,OC,CC,CS,-0.05437601835206607,68
REFUGE_Valid,SEALED_REVIEW,17011,0,Q3,OC,SS,CS,0.7148847394736819,68
REFUGE_Valid,SEALED_REVIEW,17011,0,Q3,OC,SC,CC,0.7446915339146116,68
REFUGE_Valid,SEALED_REVIEW,17011,0,Q3,OC,SS,CC,0.769260757825748,68
REFUGE_Valid,SEALED_REVIEW,17011,0,Q3,OC,SS,SAME64_HOLD,-1.4834332278786633,68
REFUGE_Valid,SEALED_REVIEW,17011,0,Q3,OC,SC,SAME64_HOLD,-1.5080024517897996,68
REFUGE_Valid,SEALED_REVIEW,17011,0,Q3,OC,CS,CROSS64_HOLD,-1.9611210714893517,68
REFUGE_Valid,SEALED_REVIEW,17011,0,Q3,OC,CC,CROSS64_HOLD,-2.0154970898414177,68
REFUGE_Valid,SEALED_REVIEW,17011,0,Q3,OC,SS,C_CONT,5.215878900168811,68
REFUGE_Valid,SEALED_REVIEW,17011,0,Q3,OC,SS,ANCHOR,5.16099625599999,68
REFUGE_Valid,SEALED_REVIEW,17011,0,Q3,OC,SS,SOURCE_HOLD,-1.9844504361768855,68
REFUGE_Valid,SEALED_REVIEW,17011,0,Q3,OC,SC,C_CONT,5.191309676257674,68
REFUGE_Valid,SEALED_REVIEW,17011,0,Q3,OC,SC,ANCHOR,5.136427032088854,68
REFUGE_Valid,SEALED_REVIEW,17011,0,Q3,OC,SC,SOURCE_HOLD,-2.009019660088022,68
REFUGE_Valid,SEALED_REVIEW,17011,0,Q3,OC,CS,C_CONT,4.500994160695129,68
REFUGE_Valid,SEALED_REVIEW,17011,0,Q3,OC,CS,ANCHOR,4.446111516526308,68
REFUGE_Valid,SEALED_REVIEW,17011,0,Q3,OC,CS,SOURCE_HOLD,-2.6993351756505675,68
REFUGE_Valid,SEALED_REVIEW,17011,0,Q3,OC,CC,C_CONT,4.446618142343063,68
REFUGE_Valid,SEALED_REVIEW,17011,0,Q3,OC,CC,ANCHOR,4.391735498174242,68
REFUGE_Valid,SEALED_REVIEW,17011,0,Q3,OC,CC,SOURCE_HOLD,-2.7537111940026335,68
REFUGE_Valid,SEALED_REVIEW,17011,0,Q3,OC,OPTIMIZER_BY_PARAMETER_INTERACTION,ALGEBRA,0.029806794440929707,68
REFUGE_Valid,SEARCH,17011,0,Q4,OD,SC,SS,0.04296420857062344,120
REFUGE_Valid,SEARCH,17011,0,Q4,OD,CC,CS,-0.06063495096483962,120
REFUGE_Valid,SEARCH,17011,0,Q4,OD,SS,CS,1.6302938332256787,120
REFUGE_Valid,SEARCH,17011,0,Q4,OD,SC,CC,1.7338929927611417,120
REFUGE_Valid,SEARCH,17011,0,Q4,OD,SS,CC,1.6909287841905183,120
REFUGE_Valid,SEARCH,17011,0,Q4,OD,SS,SAME64_HOLD,-3.606737038209033,120
REFUGE_Valid,SEARCH,17011,0,Q4,OD,SC,SAME64_HOLD,-3.5637728296384097,120
REFUGE_Valid,SEARCH,17011,0,Q4,OD,CS,CROSS64_HOLD,-2.3216772265240166,120
REFUGE_Valid,SEARCH,17011,0,Q4,OD,CC,CROSS64_HOLD,-2.3823121774888563,120
REFUGE_Valid,SEARCH,17011,0,Q4,OD,SS,C_CONT,3.110709679910542,120
REFUGE_Valid,SEARCH,17011,0,Q4,OD,SS,ANCHOR,1.5820673349500396,120
REFUGE_Valid,SEARCH,17011,0,Q4,OD,SS,SOURCE_HOLD,-1.7646202831493127,120
REFUGE_Valid,SEARCH,17011,0,Q4,OD,SC,C_CONT,3.1536738884811655,120
REFUGE_Valid,SEARCH,17011,0,Q4,OD,SC,ANCHOR,1.625031543520663,120
REFUGE_Valid,SEARCH,17011,0,Q4,OD,SC,SOURCE_HOLD,-1.7216560745786893,120
REFUGE_Valid,SEARCH,17011,0,Q4,OD,CS,C_CONT,1.4804158466848634,120
REFUGE_Valid,SEARCH,17011,0,Q4,OD,CS,ANCHOR,-0.048226498275639074,120
REFUGE_Valid,SEARCH,17011,0,Q4,OD,CS,SOURCE_HOLD,-3.3949141163749914,120
REFUGE_Valid,SEARCH,17011,0,Q4,OD,CC,C_CONT,1.4197808957200238,120
REFUGE_Valid,SEARCH,17011,0,Q4,OD,CC,ANCHOR,-0.10886144924047869,120
REFUGE_Valid,SEARCH,17011,0,Q4,OD,CC,SOURCE_HOLD,-3.455549067339831,120
REFUGE_Valid,SEARCH,17011,0,Q4,OD,OPTIMIZER_BY_PARAMETER_INTERACTION,ALGEBRA,0.10359915953546306,120
REFUGE_Valid,SEARCH,17011,0,Q4,OC,SC,SS,0.0013170198889440599,120
REFUGE_Valid,SEARCH,17011,0,Q4,OC,CC,CS,-0.05355026731586321,120
REFUGE_Valid,SEARCH,17011,0,Q4,OC,SS,CS,0.861965351329026,120
REFUGE_Valid,SEARCH,17011,0,Q4,OC,SC,CC,0.9168326385338332,120
REFUGE_Valid,SEARCH,17011,0,Q4,OC,SS,CC,0.9155156186448892,120
REFUGE_Valid,SEARCH,17011,0,Q4,OC,SS,SAME64_HOLD,-2.1418995579062425,120
REFUGE_Valid,SEARCH,17011,0,Q4,OC,SC,SAME64_HOLD,-2.1405825380172985,120
REFUGE_Valid,SEARCH,17011,0,Q4,OC,CS,CROSS64_HOLD,-2.005618384868491,120
REFUGE_Valid,SEARCH,17011,0,Q4,OC,CC,CROSS64_HOLD,-2.059168652184354,120
REFUGE_Valid,SEARCH,17011,0,Q4,OC,SS,C_CONT,5.470004311714149,120
REFUGE_Valid,SEARCH,17011,0,Q4,OC,SS,ANCHOR,5.288462454017434,120
REFUGE_Valid,SEARCH,17011,0,Q4,OC,SS,SOURCE_HOLD,-1.983064214440219,120
REFUGE_Valid,SEARCH,17011,0,Q4,OC,SC,C_CONT,5.471321331603093,120
REFUGE_Valid,SEARCH,17011,0,Q4,OC,SC,ANCHOR,5.289779473906378,120
REFUGE_Valid,SEARCH,17011,0,Q4,OC,SC,SOURCE_HOLD,-1.981747194551275,120
REFUGE_Valid,SEARCH,17011,0,Q4,OC,CS,C_CONT,4.608038960385123,120
REFUGE_Valid,SEARCH,17011,0,Q4,OC,CS,ANCHOR,4.426497102688408,120
REFUGE_Valid,SEARCH,17011,0,Q4,OC,CS,SOURCE_HOLD,-2.845029565769245,120
REFUGE_Valid,SEARCH,17011,0,Q4,OC,CC,C_CONT,4.55448869306926,120
REFUGE_Valid,SEARCH,17011,0,Q4,OC,CC,ANCHOR,4.372946835372545,120
REFUGE_Valid,SEARCH,17011,0,Q4,OC,CC,SOURCE_HOLD,-2.8985798330851082,120
REFUGE_Valid,SEARCH,17011,0,Q4,OC,OPTIMIZER_BY_PARAMETER_INTERACTION,ALGEBRA,0.05486728720480727,120
REFUGE_Valid,SEALED_REVIEW,17011,0,Q4,OD,SC,SS,0.08145908569986204,52
REFUGE_Valid,SEALED_REVIEW,17011,0,Q4,OD,CC,CS,-0.008946178297136953,52
REFUGE_Valid,SEALED_REVIEW,17011,0,Q4,OD,SS,CS,1.4688342406370793,52
REFUGE_Valid,SEALED_REVIEW,17011,0,Q4,OD,SC,CC,1.5592395046340783,52
REFUGE_Valid,SEALED_REVIEW,17011,0,Q4,OD,SS,CC,1.4777804189342163,52
REFUGE_Valid,SEALED_REVIEW,17011,0,Q4,OD,SS,SAME64_HOLD,-3.371201191982621,52
REFUGE_Valid,SEALED_REVIEW,17011,0,Q4,OD,SC,SAME64_HOLD,-3.289742106282759,52
REFUGE_Valid,SEALED_REVIEW,17011,0,Q4,OD,CS,CROSS64_HOLD,-2.0318842374693986,52
REFUGE_Valid,SEALED_REVIEW,17011,0,Q4,OD,CC,CROSS64_HOLD,-2.0408304157665356,52
REFUGE_Valid,SEALED_REVIEW,17011,0,Q4,OD,SS,C_CONT,3.7706496326369745,52
REFUGE_Valid,SEALED_REVIEW,17011,0,Q4,OD,SS,ANCHOR,2.3201401511125397,52
REFUGE_Valid,SEALED_REVIEW,17011,0,Q4,OD,SS,SOURCE_HOLD,-1.4867595845028347,52
REFUGE_Valid,SEALED_REVIEW,17011,0,Q4,OD,SC,C_CONT,3.8521087183368365,52
REFUGE_Valid,SEALED_REVIEW,17011,0,Q4,OD,SC,ANCHOR,2.4015992368124017,52
REFUGE_Valid,SEALED_REVIEW,17011,0,Q4,OD,SC,SOURCE_HOLD,-1.4053004988029727,52
REFUGE_Valid,SEALED_REVIEW,17011,0,Q4,OD,CS,C_CONT,2.301815391999895,52
REFUGE_Valid,SEALED_REVIEW,17011,0,Q4,OD,CS,ANCHOR,0.8513059104754603,52
REFUGE_Valid,SEALED_REVIEW,17011,0,Q4,OD,CS,SOURCE_HOLD,-2.955593825139914,52
REFUGE_Valid,SEALED_REVIEW,17011,0,Q4,OD,CC,C_CONT,2.292869213702758,52
REFUGE_Valid,SEALED_REVIEW,17011,0,Q4,OD,CC,ANCHOR,0.8423597321783234,52
REFUGE_Valid,SEALED_REVIEW,17011,0,Q4,OD,CC,SOURCE_HOLD,-2.964540003437051,52
REFUGE_Valid,SEALED_REVIEW,17011,0,Q4,OD,OPTIMIZER_BY_PARAMETER_INTERACTION,ALGEBRA,0.090405263996999,52
REFUGE_Valid,SEALED_REVIEW,17011,0,Q4,OC,SC,SS,-0.03439347271788051,52
REFUGE_Valid,SEALED_REVIEW,17011,0,Q4,OC,CC,CS,-0.06551760359187142,52
REFUGE_Valid,SEALED_REVIEW,17011,0,Q4,OC,SS,CS,1.061699376728626,52
REFUGE_Valid,SEALED_REVIEW,17011,0,Q4,OC,SC,CC,1.092823507602617,52
REFUGE_Valid,SEALED_REVIEW,17011,0,Q4,OC,SS,CC,1.1272169803204974,52
REFUGE_Valid,SEALED_REVIEW,17011,0,Q4,OC,SS,SAME64_HOLD,-2.2169450057018736,52
REFUGE_Valid,SEALED_REVIEW,17011,0,Q4,OC,SC,SAME64_HOLD,-2.251338478419754,52
REFUGE_Valid,SEALED_REVIEW,17011,0,Q4,OC,CS,CROSS64_HOLD,-2.074060161017883,52
REFUGE_Valid,SEALED_REVIEW,17011,0,Q4,OC,CC,CROSS64_HOLD,-2.1395777646097542,52
REFUGE_Valid,SEALED_REVIEW,17011,0,Q4,OC,SS,C_CONT,6.080961803055928,52
REFUGE_Valid,SEALED_REVIEW,17011,0,Q4,OC,SS,ANCHOR,5.882249593097782,52
REFUGE_Valid,SEALED_REVIEW,17011,0,Q4,OC,SS,SOURCE_HOLD,-1.9339466608481501,52
REFUGE_Valid,SEALED_REVIEW,17011,0,Q4,OC,SC,C_CONT,6.046568330338047,52
REFUGE_Valid,SEALED_REVIEW,17011,0,Q4,OC,SC,ANCHOR,5.847856120379902,52
REFUGE_Valid,SEALED_REVIEW,17011,0,Q4,OC,SC,SOURCE_HOLD,-1.9683401335660307,52
REFUGE_Valid,SEALED_REVIEW,17011,0,Q4,OC,CS,C_CONT,5.019262426327302,52
REFUGE_Valid,SEALED_REVIEW,17011,0,Q4,OC,CS,ANCHOR,4.820550216369156,52
REFUGE_Valid,SEALED_REVIEW,17011,0,Q4,OC,CS,SOURCE_HOLD,-2.995646037576776,52
REFUGE_Valid,SEALED_REVIEW,17011,0,Q4,OC,CC,C_CONT,4.95374482273543,52
REFUGE_Valid,SEALED_REVIEW,17011,0,Q4,OC,CC,ANCHOR,4.755032612777285,52
REFUGE_Valid,SEALED_REVIEW,17011,0,Q4,OC,CC,SOURCE_HOLD,-3.0611636411686476,52
REFUGE_Valid,SEALED_REVIEW,17011,0,Q4,OC,OPTIMIZER_BY_PARAMETER_INTERACTION,ALGEBRA,0.031124130873990907,52
ORIGA,SEARCH,17011,1,ALL,OD,SC,SS,0.350889686214785,316
ORIGA,SEARCH,17011,1,ALL,OD,CC,CS,0.2804281891225031,316
ORIGA,SEARCH,17011,1,ALL,OD,SS,CS,1.4989974222906284,316
ORIGA,SEARCH,17011,1,ALL,OD,SC,CC,1.5694589193829103,316
ORIGA,SEARCH,17011,1,ALL,OD,SS,CC,1.2185692331681253,316
ORIGA,SEARCH,17011,1,ALL,OD,SS,SAME64_HOLD,6.624677696496718,316
ORIGA,SEARCH,17011,1,ALL,OD,SC,SAME64_HOLD,6.975567382711503,316
ORIGA,SEARCH,17011,1,ALL,OD,CS,CROSS64_HOLD,8.8746398395769,316
ORIGA,SEARCH,17011,1,ALL,OD,CC,CROSS64_HOLD,9.155068028699404,316
ORIGA,SEARCH,17011,1,ALL,OD,SS,C_CONT,-2.7096996719319435,316
ORIGA,SEARCH,17011,1,ALL,OD,SS,ANCHOR,-3.0214179135850685,316
ORIGA,SEARCH,17011,1,ALL,OD,SS,SOURCE_HOLD,10.05300902225018,316
ORIGA,SEARCH,17011,1,ALL,OD,SC,C_CONT,-2.3588099857171585,316
ORIGA,SEARCH,17011,1,ALL,OD,SC,ANCHOR,-2.6705282273702835,316
ORIGA,SEARCH,17011,1,ALL,OD,SC,SOURCE_HOLD,10.403898708464965,316
ORIGA,SEARCH,17011,1,ALL,OD,CS,C_CONT,-4.208697094222572,316
ORIGA,SEARCH,17011,1,ALL,OD,CS,ANCHOR,-4.520415335875697,316
ORIGA,SEARCH,17011,1,ALL,OD,CS,SOURCE_HOLD,8.554011599959551,316
ORIGA,SEARCH,17011,1,ALL,OD,CC,C_CONT,-3.9282689051000688,316
ORIGA,SEARCH,17011,1,ALL,OD,CC,ANCHOR,-4.239987146753194,316
ORIGA,SEARCH,17011,1,ALL,OD,CC,SOURCE_HOLD,8.834439789082055,316
ORIGA,SEARCH,17011,1,ALL,OD,OPTIMIZER_BY_PARAMETER_INTERACTION,ALGEBRA,0.07046149709228189,316
ORIGA,SEARCH,17011,1,ALL,OC,SC,SS,0.18007406654390934,316
ORIGA,SEARCH,17011,1,ALL,OC,CC,CS,0.07981708929216325,316
ORIGA,SEARCH,17011,1,ALL,OC,SS,CS,2.4910197330606394,316
ORIGA,SEARCH,17011,1,ALL,OC,SC,CC,2.5912767103123855,316
ORIGA,SEARCH,17011,1,ALL,OC,SS,CC,2.411202643768476,316
ORIGA,SEARCH,17011,1,ALL,OC,SS,SAME64_HOLD,7.734786104207018,316
ORIGA,SEARCH,17011,1,ALL,OC,SC,SAME64_HOLD,7.914860170750927,316
ORIGA,SEARCH,17011,1,ALL,OC,CS,CROSS64_HOLD,10.1374865868533,316
ORIGA,SEARCH,17011,1,ALL,OC,CC,CROSS64_HOLD,10.217303676145463,316
ORIGA,SEARCH,17011,1,ALL,OC,SS,C_CONT,-1.683107584066775,316
ORIGA,SEARCH,17011,1,ALL,OC,SS,ANCHOR,-2.121783879028797,316
ORIGA,SEARCH,17011,1,ALL,OC,SS,SOURCE_HOLD,11.865953724780411,316
ORIGA,SEARCH,17011,1,ALL,OC,SC,C_CONT,-1.5030335175228657,316
ORIGA,SEARCH,17011,1,ALL,OC,SC,ANCHOR,-1.9417098124848877,316
ORIGA,SEARCH,17011,1,ALL,OC,SC,SOURCE_HOLD,12.04602779132432,316
ORIGA,SEARCH,17011,1,ALL,OC,CS,C_CONT,-4.1741273171274145,316
ORIGA,SEARCH,17011,1,ALL,OC,CS,ANCHOR,-4.6128036120894365,316
ORIGA,SEARCH,17011,1,ALL,OC,CS,SOURCE_HOLD,9.374933991719772,316
ORIGA,SEARCH,17011,1,ALL,OC,CC,C_CONT,-4.094310227835251,316
ORIGA,SEARCH,17011,1,ALL,OC,CC,ANCHOR,-4.532986522797273,316
ORIGA,SEARCH,17011,1,ALL,OC,CC,SOURCE_HOLD,9.454751081011935,316
ORIGA,SEARCH,17011,1,ALL,OC,OPTIMIZER_BY_PARAMETER_INTERACTION,ALGEBRA,0.1002569772517461,316
ORIGA,SEARCH,17011,1,Q1,OD,SC,SS,0.30400247787238754,81
ORIGA,SEARCH,17011,1,Q1,OD,CC,CS,0.26934618028491286,81
ORIGA,SEARCH,17011,1,Q1,OD,SS,CS,2.819179260822267,81
ORIGA,SEARCH,17011,1,Q1,OD,SC,CC,2.8538355584097417,81
ORIGA,SEARCH,17011,1,Q1,OD,SS,CC,2.549833080537354,81
ORIGA,SEARCH,17011,1,Q1,OD,SS,SAME64_HOLD,4.141588805387414,81
ORIGA,SEARCH,17011,1,Q1,OD,SC,SAME64_HOLD,4.445591283259802,81
ORIGA,SEARCH,17011,1,Q1,OD,CS,CROSS64_HOLD,5.203345382439579,81
ORIGA,SEARCH,17011,1,Q1,OD,CC,CROSS64_HOLD,5.472691562724492,81
ORIGA,SEARCH,17011,1,Q1,OD,SS,C_CONT,-4.140606882101167,81
ORIGA,SEARCH,17011,1,Q1,OD,SS,ANCHOR,-4.767826213860587,81
ORIGA,SEARCH,17011,1,Q1,OD,SS,SOURCE_HOLD,7.5498346565345855,81
ORIGA,SEARCH,17011,1,Q1,OD,SC,C_CONT,-3.8366044042287797,81
ORIGA,SEARCH,17011,1,Q1,OD,SC,ANCHOR,-4.4638237359882,81
ORIGA,SEARCH,17011,1,Q1,OD,SC,SOURCE_HOLD,7.853837134406973,81
ORIGA,SEARCH,17011,1,Q1,OD,CS,C_CONT,-6.959786142923434,81
ORIGA,SEARCH,17011,1,Q1,OD,CS,ANCHOR,-7.587005474682854,81
ORIGA,SEARCH,17011,1,Q1,OD,CS,SOURCE_HOLD,4.7306553957123185,81
ORIGA,SEARCH,17011,1,Q1,OD,CC,C_CONT,-6.690439962638521,81
ORIGA,SEARCH,17011,1,Q1,OD,CC,ANCHOR,-7.3176592943979415,81
ORIGA,SEARCH,17011,1,Q1,OD,CC,SOURCE_HOLD,5.000001575997231,81
ORIGA,SEARCH,17011,1,Q1,OD,OPTIMIZER_BY_PARAMETER_INTERACTION,ALGEBRA,0.03465629758747468,81
ORIGA,SEARCH,17011,1,Q1,OC,SC,SS,0.12219315534017028,81
ORIGA,SEARCH,17011,1,Q1,OC,CC,CS,0.06383298397841486,81
ORIGA,SEARCH,17011,1,Q1,OC,SS,CS,4.497548596079142,81
ORIGA,SEARCH,17011,1,Q1,OC,SC,CC,4.555908767440897,81
ORIGA,SEARCH,17011,1,Q1,OC,SS,CC,4.433715612100727,81
ORIGA,SEARCH,17011,1,Q1,OC,SS,SAME64_HOLD,4.993206937083649,81
ORIGA,SEARCH,17011,1,Q1,OC,SC,SAME64_HOLD,5.115400092423819,81
ORIGA,SEARCH,17011,1,Q1,OC,CS,CROSS64_HOLD,5.725785214699897,81
ORIGA,SEARCH,17011,1,Q1,OC,CC,CROSS64_HOLD,5.789618198678312,81
ORIGA,SEARCH,17011,1,Q1,OC,SS,C_CONT,-2.2764562484451147,81
ORIGA,SEARCH,17011,1,Q1,OC,SS,ANCHOR,-2.674522249252348,81
ORIGA,SEARCH,17011,1,Q1,OC,SS,SOURCE_HOLD,9.467724795450266,81
ORIGA,SEARCH,17011,1,Q1,OC,SC,C_CONT,-2.1542630931049445,81
ORIGA,SEARCH,17011,1,Q1,OC,SC,ANCHOR,-2.552329093912178,81
ORIGA,SEARCH,17011,1,Q1,OC,SC,SOURCE_HOLD,9.589917950790436,81
ORIGA,SEARCH,17011,1,Q1,OC,CS,C_CONT,-6.774004844524256,81
ORIGA,SEARCH,17011,1,Q1,OC,CS,ANCHOR,-7.17207084533149,81
ORIGA,SEARCH,17011,1,Q1,OC,CS,SOURCE_HOLD,4.970176199371124,81
ORIGA,SEARCH,17011,1,Q1,OC,CC,C_CONT,-6.710171860545842,81
ORIGA,SEARCH,17011,1,Q1,OC,CC,ANCHOR,-7.108237861353075,81
ORIGA,SEARCH,17011,1,Q1,OC,CC,SOURCE_HOLD,5.034009183349539,81
ORIGA,SEARCH,17011,1,Q1,OC,OPTIMIZER_BY_PARAMETER_INTERACTION,ALGEBRA,0.05836017136175542,81
ORIGA,SEARCH,17011,1,FIRST64,OD,SC,SS,0.11217736527483169,35
ORIGA,SEARCH,17011,1,FIRST64,OD,CC,CS,0.10639159867130843,35
ORIGA,SEARCH,17011,1,FIRST64,OD,SS,CS,2.4183281605750153,35
ORIGA,SEARCH,17011,1,FIRST64,OD,SC,CC,2.4241139271785386,35
ORIGA,SEARCH,17011,1,FIRST64,OD,SS,CC,2.311936561903707,35
ORIGA,SEARCH,17011,1,FIRST64,OD,SS,SAME64_HOLD,1.5927641372032753,35
ORIGA,SEARCH,17011,1,FIRST64,OD,SC,SAME64_HOLD,1.704941502478107,35
ORIGA,SEARCH,17011,1,FIRST64,OD,CS,CROSS64_HOLD,2.479303920524984,35
ORIGA,SEARCH,17011,1,FIRST64,OD,CC,CROSS64_HOLD,2.5856955191962925,35
ORIGA,SEARCH,17011,1,FIRST64,OD,SS,C_CONT,-3.780650103619621,35
ORIGA,SEARCH,17011,1,FIRST64,OD,SS,ANCHOR,-4.416375198185804,35
ORIGA,SEARCH,17011,1,FIRST64,OD,SS,SOURCE_HOLD,4.714133722886828,35
ORIGA,SEARCH,17011,1,FIRST64,OD,SC,C_CONT,-3.6684727383447893,35
ORIGA,SEARCH,17011,1,FIRST64,OD,SC,ANCHOR,-4.3041978329109725,35
ORIGA,SEARCH,17011,1,FIRST64,OD,SC,SOURCE_HOLD,4.82631108816166,35
ORIGA,SEARCH,17011,1,FIRST64,OD,CS,C_CONT,-6.198978264194636,35
ORIGA,SEARCH,17011,1,FIRST64,OD,CS,ANCHOR,-6.8347033587608195,35
ORIGA,SEARCH,17011,1,FIRST64,OD,CS,SOURCE_HOLD,2.2958055623118128,35
ORIGA,SEARCH,17011,1,FIRST64,OD,CC,C_CONT,-6.092586665523328,35
ORIGA,SEARCH,17011,1,FIRST64,OD,CC,ANCHOR,-6.728311760089511,35
ORIGA,SEARCH,17011,1,FIRST64,OD,CC,SOURCE_HOLD,2.402197160983121,35
ORIGA,SEARCH,17011,1,FIRST64,OD,OPTIMIZER_BY_PARAMETER_INTERACTION,ALGEBRA,0.005785766603523257,35
ORIGA,SEARCH,17011,1,FIRST64,OC,SC,SS,-0.11539509468747156,35
ORIGA,SEARCH,17011,1,FIRST64,OC,CC,CS,-0.1632446018575564,35
ORIGA,SEARCH,17011,1,FIRST64,OC,SS,CS,4.044306449377615,35
ORIGA,SEARCH,17011,1,FIRST64,OC,SC,CC,4.0921559565477,35
ORIGA,SEARCH,17011,1,FIRST64,OC,SS,CC,4.207551051235171,35
ORIGA,SEARCH,17011,1,FIRST64,OC,SS,SAME64_HOLD,1.935728859627197,35
ORIGA,SEARCH,17011,1,FIRST64,OC,SC,SAME64_HOLD,1.8203337649397255,35
ORIGA,SEARCH,17011,1,FIRST64,OC,CS,CROSS64_HOLD,3.0260880032832986,35
ORIGA,SEARCH,17011,1,FIRST64,OC,CC,CROSS64_HOLD,2.8628434014257422,35
ORIGA,SEARCH,17011,1,FIRST64,OC,SS,C_CONT,-0.9945649975942104,35
ORIGA,SEARCH,17011,1,FIRST64,OC,SS,ANCHOR,-1.432583901785648,35
ORIGA,SEARCH,17011,1,FIRST64,OC,SS,SOURCE_HOLD,6.537202766242572,35
ORIGA,SEARCH,17011,1,FIRST64,OC,SC,C_CONT,-1.109960092281682,35
ORIGA,SEARCH,17011,1,FIRST64,OC,SC,ANCHOR,-1.5479789964731197,35
ORIGA,SEARCH,17011,1,FIRST64,OC,SC,SOURCE_HOLD,6.421807671555101,35
ORIGA,SEARCH,17011,1,FIRST64,OC,CS,C_CONT,-5.038871446971825,35
ORIGA,SEARCH,17011,1,FIRST64,OC,CS,ANCHOR,-5.476890351163263,35
ORIGA,SEARCH,17011,1,FIRST64,OC,CS,SOURCE_HOLD,2.4928963168649574,35
ORIGA,SEARCH,17011,1,FIRST64,OC,CC,C_CONT,-5.202116048829382,35
ORIGA,SEARCH,17011,1,FIRST64,OC,CC,ANCHOR,-5.640134953020819,35
ORIGA,SEARCH,17011,1,FIRST64,OC,CC,SOURCE_HOLD,2.329651715007401,35
ORIGA,SEARCH,17011,1,FIRST64,OC,OPTIMIZER_BY_PARAMETER_INTERACTION,ALGEBRA,0.04784950717008485,35
ORIGA,SEALED_REVIEW,17011,1,ALL,OD,SC,SS,0.3469630321221473,210
ORIGA,SEALED_REVIEW,17011,1,ALL,OD,CC,CS,0.28043197201412795,210
ORIGA,SEALED_REVIEW,17011,1,ALL,OD,SS,CS,1.4758562820573218,210
ORIGA,SEALED_REVIEW,17011,1,ALL,OD,SC,CC,1.5423873421653411,210
ORIGA,SEALED_REVIEW,17011,1,ALL,OD,SS,CC,1.1954243100431938,210
ORIGA,SEALED_REVIEW,17011,1,ALL,OD,SS,SAME64_HOLD,6.4647161471039425,210
ORIGA,SEALED_REVIEW,17011,1,ALL,OD,SC,SAME64_HOLD,6.81167917922609,210
ORIGA,SEALED_REVIEW,17011,1,ALL,OD,CS,CROSS64_HOLD,8.798907773335017,210
ORIGA,SEALED_REVIEW,17011,1,ALL,OD,CC,CROSS64_HOLD,9.079339745349145,210
ORIGA,SEALED_REVIEW,17011,1,ALL,OD,SS,C_CONT,-2.391790905213824,210
ORIGA,SEALED_REVIEW,17011,1,ALL,OD,SS,ANCHOR,-2.6168236970160024,210
ORIGA,SEALED_REVIEW,17011,1,ALL,OD,SS,SOURCE_HOLD,10.232313600602296,210
ORIGA,SEALED_REVIEW,17011,1,ALL,OD,SC,C_CONT,-2.044827873091677,210
ORIGA,SEALED_REVIEW,17011,1,ALL,OD,SC,ANCHOR,-2.269860664893855,210
ORIGA,SEALED_REVIEW,17011,1,ALL,OD,SC,SOURCE_HOLD,10.579276632724444,210
ORIGA,SEALED_REVIEW,17011,1,ALL,OD,CS,C_CONT,-3.867647187271146,210
ORIGA,SEALED_REVIEW,17011,1,ALL,OD,CS,ANCHOR,-4.092679979073324,210
ORIGA,SEALED_REVIEW,17011,1,ALL,OD,CS,SOURCE_HOLD,8.756457318544975,210
ORIGA,SEALED_REVIEW,17011,1,ALL,OD,CC,C_CONT,-3.587215215257018,210
ORIGA,SEALED_REVIEW,17011,1,ALL,OD,CC,ANCHOR,-3.812248007059196,210
ORIGA,SEALED_REVIEW,17011,1,ALL,OD,CC,SOURCE_HOLD,9.036889290559103,210
ORIGA,SEALED_REVIEW,17011,1,ALL,OD,OPTIMIZER_BY_PARAMETER_INTERACTION,ALGEBRA,0.06653106010801935,210
ORIGA,SEALED_REVIEW,17011,1,ALL,OC,SC,SS,0.15000990565488337,210
ORIGA,SEALED_REVIEW,17011,1,ALL,OC,CC,CS,0.10544427868030937,210
ORIGA,SEALED_REVIEW,17011,1,ALL,OC,SS,CS,2.3128001720907747,210
ORIGA,SEALED_REVIEW,17011,1,ALL,OC,SC,CC,2.3573657990653487,210
ORIGA,SEALED_REVIEW,17011,1,ALL,OC,SS,CC,2.2073558934104653,210
ORIGA,SEALED_REVIEW,17011,1,ALL,OC,SS,SAME64_HOLD,7.064798790348618,210
ORIGA,SEALED_REVIEW,17011,1,ALL,OC,SC,SAME64_HOLD,7.214808696003502,210
ORIGA,SEALED_REVIEW,17011,1,ALL,OC,CS,CROSS64_HOLD,9.743819693573116,210
ORIGA,SEALED_REVIEW,17011,1,ALL,OC,CC,CROSS64_HOLD,9.849263972253425,210
ORIGA,SEALED_REVIEW,17011,1,ALL,OC,SS,C_CONT,-0.8944508423050053,210
ORIGA,SEALED_REVIEW,17011,1,ALL,OC,SS,ANCHOR,-1.2093458051843697,210
ORIGA,SEALED_REVIEW,17011,1,ALL,OC,SS,SOURCE_HOLD,11.603149427409974,210
ORIGA,SEALED_REVIEW,17011,1,ALL,OC,SC,C_CONT,-0.7444409366501219,210
ORIGA,SEALED_REVIEW,17011,1,ALL,OC,SC,ANCHOR,-1.0593358995294864,210
ORIGA,SEALED_REVIEW,17011,1,ALL,OC,SC,SOURCE_HOLD,11.753159333064858,210
ORIGA,SEALED_REVIEW,17011,1,ALL,OC,CS,C_CONT,-3.20725101439578,210
ORIGA,SEALED_REVIEW,17011,1,ALL,OC,CS,ANCHOR,-3.5221459772751444,210
ORIGA,SEALED_REVIEW,17011,1,ALL,OC,CS,SOURCE_HOLD,9.2903492553192,210
ORIGA,SEALED_REVIEW,17011,1,ALL,OC,CC,C_CONT,-3.1018067357154706,210
ORIGA,SEALED_REVIEW,17011,1,ALL,OC,CC,ANCHOR,-3.416701698594835,210
ORIGA,SEALED_REVIEW,17011,1,ALL,OC,CC,SOURCE_HOLD,9.395793533999509,210
ORIGA,SEALED_REVIEW,17011,1,ALL,OC,OPTIMIZER_BY_PARAMETER_INTERACTION,ALGEBRA,0.044565626974574,210
ORIGA,SEALED_REVIEW,17011,1,Q1,OD,SC,SS,0.37797202137311103,46
ORIGA,SEALED_REVIEW,17011,1,Q1,OD,CC,CS,0.32151760529960427,46
ORIGA,SEALED_REVIEW,17011,1,Q1,OD,SS,CS,3.446546385535825,46
ORIGA,SEALED_REVIEW,17011,1,Q1,OD,SC,CC,3.503000801609332,46
ORIGA,SEALED_REVIEW,17011,1,Q1,OD,SS,CC,3.125028780236221,46
ORIGA,SEALED_REVIEW,17011,1,Q1,OD,SS,SAME64_HOLD,4.664175023847804,46
ORIGA,SEALED_REVIEW,17011,1,Q1,OD,SC,SAME64_HOLD,5.042147045220915,46
ORIGA,SEALED_REVIEW,17011,1,Q1,OD,CS,CROSS64_HOLD,6.638225830501,46
ORIGA,SEALED_REVIEW,17011,1,Q1,OD,CC,CROSS64_HOLD,6.959743435800604,46
ORIGA,SEALED_REVIEW,17011,1,Q1,OD,SS,C_CONT,-4.355053245922463,46
ORIGA,SEALED_REVIEW,17011,1,Q1,OD,SS,ANCHOR,-4.975220495050749,46
ORIGA,SEALED_REVIEW,17011,1,Q1,OD,SS,SOURCE_HOLD,9.669624358393861,46
ORIGA,SEALED_REVIEW,17011,1,Q1,OD,SC,C_CONT,-3.9770812245493516,46
ORIGA,SEALED_REVIEW,17011,1,Q1,OD,SC,ANCHOR,-4.597248473677638,46
ORIGA,SEALED_REVIEW,17011,1,Q1,OD,SC,SOURCE_HOLD,10.047596379766972,46
ORIGA,SEALED_REVIEW,17011,1,Q1,OD,CS,C_CONT,-7.801599631458288,46
ORIGA,SEALED_REVIEW,17011,1,Q1,OD,CS,ANCHOR,-8.421766880586574,46
ORIGA,SEALED_REVIEW,17011,1,Q1,OD,CS,SOURCE_HOLD,6.223077972858036,46
ORIGA,SEALED_REVIEW,17011,1,Q1,OD,CC,C_CONT,-7.480082026158684,46
ORIGA,SEALED_REVIEW,17011,1,Q1,OD,CC,ANCHOR,-8.10024927528697,46
ORIGA,SEALED_REVIEW,17011,1,Q1,OD,CC,SOURCE_HOLD,6.54459557815764,46
ORIGA,SEALED_REVIEW,17011,1,Q1,OD,OPTIMIZER_BY_PARAMETER_INTERACTION,ALGEBRA,0.056454416073506763,46
ORIGA,SEALED_REVIEW,17011,1,Q1,OC,SC,SS,0.18863497291407327,46
ORIGA,SEALED_REVIEW,17011,1,Q1,OC,CC,CS,0.12998001451904884,46
ORIGA,SEALED_REVIEW,17011,1,Q1,OC,SS,CS,5.164984243269501,46
ORIGA,SEALED_REVIEW,17011,1,Q1,OC,SC,CC,5.2236392016645254,46
ORIGA,SEALED_REVIEW,17011,1,Q1,OC,SS,CC,5.035004228750452,46
ORIGA,SEALED_REVIEW,17011,1,Q1,OC,SS,SAME64_HOLD,6.270603509543982,46
ORIGA,SEALED_REVIEW,17011,1,Q1,OC,SC,SAME64_HOLD,6.459238482458055,46
ORIGA,SEALED_REVIEW,17011,1,Q1,OC,CS,CROSS64_HOLD,7.625390983652849,46
ORIGA,SEALED_REVIEW,17011,1,Q1,OC,CC,CROSS64_HOLD,7.755370998171898,46
ORIGA,SEALED_REVIEW,17011,1,Q1,OC,SS,C_CONT,-2.830077368750949,46
ORIGA,SEALED_REVIEW,17011,1,Q1,OC,SS,ANCHOR,-3.335499598429692,46
ORIGA,SEALED_REVIEW,17011,1,Q1,OC,SS,SOURCE_HOLD,11.586664298864989,46
ORIGA,SEALED_REVIEW,17011,1,Q1,OC,SC,C_CONT,-2.641442395836876,46
ORIGA,SEALED_REVIEW,17011,1,Q1,OC,SC,ANCHOR,-3.1468646255156187,46
ORIGA,SEALED_REVIEW,17011,1,Q1,OC,SC,SOURCE_HOLD,11.775299271779062,46
ORIGA,SEALED_REVIEW,17011,1,Q1,OC,CS,C_CONT,-7.99506161202045,46
ORIGA,SEALED_REVIEW,17011,1,Q1,OC,CS,ANCHOR,-8.500483841699193,46
ORIGA,SEALED_REVIEW,17011,1,Q1,OC,CS,SOURCE_HOLD,6.421680055595488,46
ORIGA,SEALED_REVIEW,17011,1,Q1,OC,CC,C_CONT,-7.865081597501401,46
ORIGA,SEALED_REVIEW,17011,1,Q1,OC,CC,ANCHOR,-8.370503827180144,46
ORIGA,SEALED_REVIEW,17011,1,Q1,OC,CC,SOURCE_HOLD,6.551660070114536,46
ORIGA,SEALED_REVIEW,17011,1,Q1,OC,OPTIMIZER_BY_PARAMETER_INTERACTION,ALGEBRA,0.05865495839502444,46
ORIGA,SEALED_REVIEW,17011,1,FIRST64,OD,SC,SS,0.172589621756714,20
ORIGA,SEALED_REVIEW,17011,1,FIRST64,OD,CC,CS,0.1702762258138506,20
ORIGA,SEALED_REVIEW,17011,1,FIRST64,OD,SS,CS,3.7842041822747206,20
ORIGA,SEALED_REVIEW,17011,1,FIRST64,OD,SC,CC,3.786517578217584,20
ORIGA,SEALED_REVIEW,17011,1,FIRST64,OD,SS,CC,3.61392795646087,20
ORIGA,SEALED_REVIEW,17011,1,FIRST64,OD,SS,SAME64_HOLD,1.9783771949741151,20
ORIGA,SEALED_REVIEW,17011,1,FIRST64,OD,SC,SAME64_HOLD,2.150966816730829,20
ORIGA,SEALED_REVIEW,17011,1,FIRST64,OD,CS,CROSS64_HOLD,3.7894668195917802,20
ORIGA,SEALED_REVIEW,17011,1,FIRST64,OD,CC,CROSS64_HOLD,3.959743045405631,20
ORIGA,SEALED_REVIEW,17011,1,FIRST64,OD,SS,C_CONT,-4.50603686038292,20
ORIGA,SEALED_REVIEW,17011,1,FIRST64,OD,SS,ANCHOR,-5.0536970377389565,20
ORIGA,SEALED_REVIEW,17011,1,FIRST64,OD,SS,SOURCE_HOLD,6.949622299774617,20
ORIGA,SEALED_REVIEW,17011,1,FIRST64,OD,SC,C_CONT,-4.333447238626206,20
ORIGA,SEALED_REVIEW,17011,1,FIRST64,OD,SC,ANCHOR,-4.8811074159822425,20
ORIGA,SEALED_REVIEW,17011,1,FIRST64,OD,SC,SOURCE_HOLD,7.122211921531331,20
ORIGA,SEALED_REVIEW,17011,1,FIRST64,OD,CS,C_CONT,-8.290241042657641,20
ORIGA,SEALED_REVIEW,17011,1,FIRST64,OD,CS,ANCHOR,-8.837901220013677,20
ORIGA,SEALED_REVIEW,17011,1,FIRST64,OD,CS,SOURCE_HOLD,3.1654181174998968,20
ORIGA,SEALED_REVIEW,17011,1,FIRST64,OD,CC,C_CONT,-8.11996481684379,20
ORIGA,SEALED_REVIEW,17011,1,FIRST64,OD,CC,ANCHOR,-8.667624994199826,20
ORIGA,SEALED_REVIEW,17011,1,FIRST64,OD,CC,SOURCE_HOLD,3.3356943433137474,20
ORIGA,SEALED_REVIEW,17011,1,FIRST64,OD,OPTIMIZER_BY_PARAMETER_INTERACTION,ALGEBRA,0.0023133959428633943,20
ORIGA,SEALED_REVIEW,17011,1,FIRST64,OC,SC,SS,0.022721802412384307,20
ORIGA,SEALED_REVIEW,17011,1,FIRST64,OC,CC,CS,-0.04656705105742276,20
ORIGA,SEALED_REVIEW,17011,1,FIRST64,OC,SS,CS,5.226713445176017,20
ORIGA,SEALED_REVIEW,17011,1,FIRST64,OC,SC,CC,5.296002298645824,20
ORIGA,SEALED_REVIEW,17011,1,FIRST64,OC,SS,CC,5.27328049623344,20
ORIGA,SEALED_REVIEW,17011,1,FIRST64,OC,SS,SAME64_HOLD,2.3494998420062316,20
ORIGA,SEALED_REVIEW,17011,1,FIRST64,OC,SC,SAME64_HOLD,2.372221644418616,20
ORIGA,SEALED_REVIEW,17011,1,FIRST64,OC,CS,CROSS64_HOLD,4.173223806931645,20
ORIGA,SEALED_REVIEW,17011,1,FIRST64,OC,CC,CROSS64_HOLD,4.126656755874222,20
ORIGA,SEALED_REVIEW,17011,1,FIRST64,OC,SS,C_CONT,-2.9610874382645633,20
ORIGA,SEALED_REVIEW,17011,1,FIRST64,OC,SS,ANCHOR,-3.2253483578564683,20
ORIGA,SEALED_REVIEW,17011,1,FIRST64,OC,SS,SOURCE_HOLD,7.945004030562231,20
ORIGA,SEALED_REVIEW,17011,1,FIRST64,OC,SC,C_CONT,-2.938365635852179,20
ORIGA,SEALED_REVIEW,17011,1,FIRST64,OC,SC,ANCHOR,-3.202626555444084,20
ORIGA,SEALED_REVIEW,17011,1,FIRST64,OC,SC,SOURCE_HOLD,7.967725832974615,20
ORIGA,SEALED_REVIEW,17011,1,FIRST64,OC,CS,C_CONT,-8.18780088344058,20
ORIGA,SEALED_REVIEW,17011,1,FIRST64,OC,CS,ANCHOR,-8.452061803032485,20
ORIGA,SEALED_REVIEW,17011,1,FIRST64,OC,CS,SOURCE_HOLD,2.718290585386214,20
ORIGA,SEALED_REVIEW,17011,1,FIRST64,OC,CC,C_CONT,-8.234367934498003,20
ORIGA,SEALED_REVIEW,17011,1,FIRST64,OC,CC,ANCHOR,-8.498628854089908,20
ORIGA,SEALED_REVIEW,17011,1,FIRST64,OC,CC,SOURCE_HOLD,2.671723534328791,20
ORIGA,SEALED_REVIEW,17011,1,FIRST64,OC,OPTIMIZER_BY_PARAMETER_INTERACTION,ALGEBRA,0.06928885346980707,20
ORIGA,SEARCH,17011,1,Q2,OD,SC,SS,0.41457314432541637,70
ORIGA,SEARCH,17011,1,Q2,OD,CC,CS,0.34439917255909336,70
ORIGA,SEARCH,17011,1,Q2,OD,SS,CS,1.8148270340516035,70
ORIGA,SEARCH,17011,1,Q2,OD,SC,CC,1.8850010058179265,70
ORIGA,SEARCH,17011,1,Q2,OD,SS,CC,1.4704278614925101,70
ORIGA,SEARCH,17011,1,Q2,OD,SS,SAME64_HOLD,7.484123241421159,70
ORIGA,SEARCH,17011,1,Q2,OD,SC,SAME64_HOLD,7.898696385746575,70
ORIGA,SEARCH,17011,1,Q2,OD,CS,CROSS64_HOLD,10.503806038677595,70
ORIGA,SEARCH,17011,1,Q2,OD,CC,CROSS64_HOLD,10.848205211236689,70
ORIGA,SEARCH,17011,1,Q2,OD,SS,C_CONT,-2.2164782077896206,70
ORIGA,SEARCH,17011,1,Q2,OD,SS,ANCHOR,-2.6210497201589504,70
ORIGA,SEARCH,17011,1,Q2,OD,SS,SOURCE_HOLD,12.262237019755602,70
ORIGA,SEARCH,17011,1,Q2,OD,SC,C_CONT,-1.8019050634642042,70
ORIGA,SEARCH,17011,1,Q2,OD,SC,ANCHOR,-2.206476575833534,70
ORIGA,SEARCH,17011,1,Q2,OD,SC,SOURCE_HOLD,12.676810164081019,70
ORIGA,SEARCH,17011,1,Q2,OD,CS,C_CONT,-4.031305241841224,70
ORIGA,SEARCH,17011,1,Q2,OD,CS,ANCHOR,-4.435876754210554,70
ORIGA,SEARCH,17011,1,Q2,OD,CS,SOURCE_HOLD,10.447409985703999,70
ORIGA,SEARCH,17011,1,Q2,OD,CC,C_CONT,-3.6869060692821307,70
ORIGA,SEARCH,17011,1,Q2,OD,CC,ANCHOR,-4.091477581651461,70
ORIGA,SEARCH,17011,1,Q2,OD,CC,SOURCE_HOLD,10.791809158263092,70
ORIGA,SEARCH,17011,1,Q2,OD,OPTIMIZER_BY_PARAMETER_INTERACTION,ALGEBRA,0.070173971766323,70
ORIGA,SEARCH,17011,1,Q2,OC,SC,SS,0.19657890728473149,70
ORIGA,SEARCH,17011,1,Q2,OC,CC,CS,0.03291121673633057,70
ORIGA,SEARCH,17011,1,Q2,OC,SS,CS,2.839491253678055,70
ORIGA,SEARCH,17011,1,Q2,OC,SC,CC,3.003158944226456,70
ORIGA,SEARCH,17011,1,Q2,OC,SS,CC,2.8065800369417246,70
ORIGA,SEARCH,17011,1,Q2,OC,SS,SAME64_HOLD,8.46953808211736,70
ORIGA,SEARCH,17011,1,Q2,OC,SC,SAME64_HOLD,8.666116989402092,70
ORIGA,SEARCH,17011,1,Q2,OC,CS,CROSS64_HOLD,12.17262240400057,70
ORIGA,SEARCH,17011,1,Q2,OC,CC,CROSS64_HOLD,12.205533620736901,70
ORIGA,SEARCH,17011,1,Q2,OC,SS,C_CONT,-1.379646358160855,70
ORIGA,SEARCH,17011,1,Q2,OC,SS,ANCHOR,-2.0076350849773235,70
ORIGA,SEARCH,17011,1,Q2,OC,SS,SOURCE_HOLD,13.631692425781537,70
ORIGA,SEARCH,17011,1,Q2,OC,SC,C_CONT,-1.1830674508761234,70
ORIGA,SEARCH,17011,1,Q2,OC,SC,ANCHOR,-1.811056177692592,70
ORIGA,SEARCH,17011,1,Q2,OC,SC,SOURCE_HOLD,13.828271333066269,70
ORIGA,SEARCH,17011,1,Q2,OC,CS,C_CONT,-4.21913761183891,70
ORIGA,SEARCH,17011,1,Q2,OC,CS,ANCHOR,-4.847126338655379,70
ORIGA,SEARCH,17011,1,Q2,OC,CS,SOURCE_HOLD,10.792201172103482,70
ORIGA,SEARCH,17011,1,Q2,OC,CC,C_CONT,-4.1862263951025795,70
ORIGA,SEARCH,17011,1,Q2,OC,CC,ANCHOR,-4.814215121919048,70
ORIGA,SEARCH,17011,1,Q2,OC,CC,SOURCE_HOLD,10.825112388839813,70
ORIGA,SEARCH,17011,1,Q2,OC,OPTIMIZER_BY_PARAMETER_INTERACTION,ALGEBRA,0.1636676905484009,70
ORIGA,SEALED_REVIEW,17011,1,Q2,OD,SC,SS,0.3492498657319345,62
ORIGA,SEALED_REVIEW,17011,1,Q2,OD,CC,CS,0.33018184712057064,62
ORIGA,SEALED_REVIEW,17011,1,Q2,OD,SS,CS,1.775316687139437,62
ORIGA,SEALED_REVIEW,17011,1,Q2,OD,SC,CC,1.794384705750801,62
ORIGA,SEALED_REVIEW,17011,1,Q2,OD,SS,CC,1.4451348400188664,62
ORIGA,SEALED_REVIEW,17011,1,Q2,OD,SS,SAME64_HOLD,8.703475416130317,62
ORIGA,SEALED_REVIEW,17011,1,Q2,OD,SC,SAME64_HOLD,9.052725281862251,62
ORIGA,SEALED_REVIEW,17011,1,Q2,OD,CS,CROSS64_HOLD,11.609448671379809,62
ORIGA,SEALED_REVIEW,17011,1,Q2,OD,CC,CROSS64_HOLD,11.93963051850038,62
ORIGA,SEALED_REVIEW,17011,1,Q2,OD,SS,C_CONT,-1.1882210829862885,62
ORIGA,SEALED_REVIEW,17011,1,Q2,OD,SS,ANCHOR,-1.412277117643768,62
ORIGA,SEALED_REVIEW,17011,1,Q2,OD,SS,SOURCE_HOLD,13.438547052109868,62
ORIGA,SEALED_REVIEW,17011,1,Q2,OD,SC,C_CONT,-0.838971217254354,62
ORIGA,SEALED_REVIEW,17011,1,Q2,OD,SC,ANCHOR,-1.0630272519118336,62
ORIGA,SEALED_REVIEW,17011,1,Q2,OD,SC,SOURCE_HOLD,13.787796917841803,62
ORIGA,SEALED_REVIEW,17011,1,Q2,OD,CS,C_CONT,-2.9635377701257255,62
ORIGA,SEALED_REVIEW,17011,1,Q2,OD,CS,ANCHOR,-3.187593804783205,62
ORIGA,SEALED_REVIEW,17011,1,Q2,OD,CS,SOURCE_HOLD,11.663230364970431,62
ORIGA,SEALED_REVIEW,17011,1,Q2,OD,CC,C_CONT,-2.633355923005155,62
ORIGA,SEALED_REVIEW,17011,1,Q2,OD,CC,ANCHOR,-2.8574119576626344,62
ORIGA,SEALED_REVIEW,17011,1,Q2,OD,CC,SOURCE_HOLD,11.993412212091002,62
ORIGA,SEALED_REVIEW,17011,1,Q2,OD,OPTIMIZER_BY_PARAMETER_INTERACTION,ALGEBRA,0.01906801861136387,62
ORIGA,SEALED_REVIEW,17011,1,Q2,OC,SC,SS,0.18790617174146007,62
ORIGA,SEALED_REVIEW,17011,1,Q2,OC,CC,CS,0.17085973920048048,62
ORIGA,SEALED_REVIEW,17011,1,Q2,OC,SS,CS,2.7902458354524526,62
ORIGA,SEALED_REVIEW,17011,1,Q2,OC,SC,CC,2.8072922679934322,62
ORIGA,SEALED_REVIEW,17011,1,Q2,OC,SS,CC,2.619386096251972,62
ORIGA,SEALED_REVIEW,17011,1,Q2,OC,SS,SAME64_HOLD,9.533654696338417,62
ORIGA,SEALED_REVIEW,17011,1,Q2,OC,SC,SAME64_HOLD,9.721560868079877,62
ORIGA,SEALED_REVIEW,17011,1,Q2,OC,CS,CROSS64_HOLD,12.782459675387237,62
ORIGA,SEALED_REVIEW,17011,1,Q2,OC,CC,CROSS64_HOLD,12.953319414587718,62
ORIGA,SEALED_REVIEW,17011,1,Q2,OC,SS,C_CONT,-0.20679458528601913,62
ORIGA,SEALED_REVIEW,17011,1,Q2,OC,SS,ANCHOR,-0.6173152082754569,62
ORIGA,SEALED_REVIEW,17011,1,Q2,OC,SS,SOURCE_HOLD,15.804033917361359,62
ORIGA,SEALED_REVIEW,17011,1,Q2,OC,SC,C_CONT,-0.018888413544559057,62
ORIGA,SEALED_REVIEW,17011,1,Q2,OC,SC,ANCHOR,-0.42940903653399687,62
ORIGA,SEALED_REVIEW,17011,1,Q2,OC,SC,SOURCE_HOLD,15.991940089102819,62
ORIGA,SEALED_REVIEW,17011,1,Q2,OC,CS,C_CONT,-2.9970404207384718,62
ORIGA,SEALED_REVIEW,17011,1,Q2,OC,CS,ANCHOR,-3.4075610437279096,62
ORIGA,SEALED_REVIEW,17011,1,Q2,OC,CS,SOURCE_HOLD,13.013788081908906,62
ORIGA,SEALED_REVIEW,17011,1,Q2,OC,CC,C_CONT,-2.8261806815379913,62
ORIGA,SEALED_REVIEW,17011,1,Q2,OC,CC,ANCHOR,-3.236701304527429,62
ORIGA,SEALED_REVIEW,17011,1,Q2,OC,CC,SOURCE_HOLD,13.184647821109387,62
ORIGA,SEALED_REVIEW,17011,1,Q2,OC,OPTIMIZER_BY_PARAMETER_INTERACTION,ALGEBRA,0.017046432540979595,62
ORIGA,SEALED_REVIEW,17011,1,Q3,OD,SC,SS,0.3643331480800214,45
ORIGA,SEALED_REVIEW,17011,1,Q3,OD,CC,CS,0.2093019951184374,45
ORIGA,SEALED_REVIEW,17011,1,Q3,OD,SS,CS,1.0095469160371522,45
ORIGA,SEALED_REVIEW,17011,1,Q3,OD,SC,CC,1.1645780689987362,45
ORIGA,SEALED_REVIEW,17011,1,Q3,OD,SS,CC,0.8002449209187148,45
ORIGA,SEALED_REVIEW,17011,1,Q3,OD,SS,SAME64_HOLD,8.682256157949396,45
ORIGA,SEALED_REVIEW,17011,1,Q3,OD,SC,SAME64_HOLD,9.046589306029418,45
ORIGA,SEALED_REVIEW,17011,1,Q3,OD,CS,CROSS64_HOLD,11.81111785536406,45
ORIGA,SEALED_REVIEW,17011,1,Q3,OD,CC,CROSS64_HOLD,12.020419850482497,45
ORIGA,SEALED_REVIEW,17011,1,Q3,OD,SS,C_CONT,-2.2090672541021092,45
ORIGA,SEALED_REVIEW,17011,1,Q3,OD,SS,ANCHOR,-2.487094648255905,45
ORIGA,SEALED_REVIEW,17011,1,Q3,OD,SS,SOURCE_HOLD,12.966367564407093,45
ORIGA,SEALED_REVIEW,17011,1,Q3,OD,SC,C_CONT,-1.8447341060220879,45
ORIGA,SEALED_REVIEW,17011,1,Q3,OD,SC,ANCHOR,-2.1227615001758835,45
ORIGA,SEALED_REVIEW,17011,1,Q3,OD,SC,SOURCE_HOLD,13.330700712487115,45
ORIGA,SEALED_REVIEW,17011,1,Q3,OD,CS,C_CONT,-3.2186141701392614,45
ORIGA,SEALED_REVIEW,17011,1,Q3,OD,CS,ANCHOR,-3.496641564293057,45
ORIGA,SEALED_REVIEW,17011,1,Q3,OD,CS,SOURCE_HOLD,11.956820648369941,45
ORIGA,SEALED_REVIEW,17011,1,Q3,OD,CC,C_CONT,-3.009312175020824,45
ORIGA,SEALED_REVIEW,17011,1,Q3,OD,CC,ANCHOR,-3.2873395691746197,45
ORIGA,SEALED_REVIEW,17011,1,Q3,OD,CC,SOURCE_HOLD,12.166122643488379,45
ORIGA,SEALED_REVIEW,17011,1,Q3,OD,OPTIMIZER_BY_PARAMETER_INTERACTION,ALGEBRA,0.15503115296158398,45
ORIGA,SEALED_REVIEW,17011,1,Q3,OC,SC,SS,0.11556167474365964,45
ORIGA,SEALED_REVIEW,17011,1,Q3,OC,CC,CS,0.00034247483094418385,45
ORIGA,SEALED_REVIEW,17011,1,Q3,OC,SS,CS,1.6604539169521786,45
ORIGA,SEALED_REVIEW,17011,1,Q3,OC,SC,CC,1.775673116864894,45
ORIGA,SEALED_REVIEW,17011,1,Q3,OC,SS,CC,1.6601114421212344,45
ORIGA,SEALED_REVIEW,17011,1,Q3,OC,SS,SAME64_HOLD,10.964642609619105,45
ORIGA,SEALED_REVIEW,17011,1,Q3,OC,SC,SAME64_HOLD,11.080204284362765,45
ORIGA,SEALED_REVIEW,17011,1,Q3,OC,CS,CROSS64_HOLD,14.886626987257777,45
ORIGA,SEALED_REVIEW,17011,1,Q3,OC,CC,CROSS64_HOLD,14.886969462088722,45
ORIGA,SEALED_REVIEW,17011,1,Q3,OC,SS,C_CONT,-0.1669634279650012,45
ORIGA,SEALED_REVIEW,17011,1,Q3,OC,SS,ANCHOR,-0.6219387727157084,45
ORIGA,SEALED_REVIEW,17011,1,Q3,OC,SS,SOURCE_HOLD,15.861344098462993,45
ORIGA,SEALED_REVIEW,17011,1,Q3,OC,SC,C_CONT,-0.05140175322134155,45
ORIGA,SEALED_REVIEW,17011,1,Q3,OC,SC,ANCHOR,-0.5063770979720488,45
ORIGA,SEALED_REVIEW,17011,1,Q3,OC,SC,SOURCE_HOLD,15.976905773206653,45
ORIGA,SEALED_REVIEW,17011,1,Q3,OC,CS,C_CONT,-1.8274173449171798,45
ORIGA,SEALED_REVIEW,17011,1,Q3,OC,CS,ANCHOR,-2.282392689667887,45
ORIGA,SEALED_REVIEW,17011,1,Q3,OC,CS,SOURCE_HOLD,14.200890181510815,45
ORIGA,SEALED_REVIEW,17011,1,Q3,OC,CC,C_CONT,-1.8270748700862356,45
ORIGA,SEALED_REVIEW,17011,1,Q3,OC,CC,ANCHOR,-2.282050214836943,45
ORIGA,SEALED_REVIEW,17011,1,Q3,OC,CC,SOURCE_HOLD,14.201232656341759,45
ORIGA,SEALED_REVIEW,17011,1,Q3,OC,OPTIMIZER_BY_PARAMETER_INTERACTION,ALGEBRA,0.11521919991271545,45
ORIGA,SEARCH,17011,1,Q3,OD,SC,SS,0.3439565858484599,88
ORIGA,SEARCH,17011,1,Q3,OD,CC,CS,0.23587488787853772,88
ORIGA,SEARCH,17011,1,Q3,OD,SS,CS,1.3991984375113873,88
ORIGA,SEARCH,17011,1,Q3,OD,SC,CC,1.5072801354813095,88
ORIGA,SEARCH,17011,1,Q3,OD,SS,CC,1.1633235496328496,88
ORIGA,SEARCH,17011,1,Q3,OD,SS,SAME64_HOLD,10.230076327450831,88
ORIGA,SEARCH,17011,1,Q3,OD,SC,SAME64_HOLD,10.574032913299291,88
ORIGA,SEARCH,17011,1,Q3,OD,CS,CROSS64_HOLD,13.713058888358717,88
ORIGA,SEARCH,17011,1,Q3,OD,CC,CROSS64_HOLD,13.948933776237254,88
ORIGA,SEARCH,17011,1,Q3,OD,SS,C_CONT,-1.6930119525050173,88
ORIGA,SEARCH,17011,1,Q3,OD,SS,ANCHOR,-1.9293302772070575,88
ORIGA,SEARCH,17011,1,Q3,OD,SS,SOURCE_HOLD,14.584696252046314,88
ORIGA,SEARCH,17011,1,Q3,OD,SC,C_CONT,-1.3490553666565575,88
ORIGA,SEARCH,17011,1,Q3,OD,SC,ANCHOR,-1.5853736913585976,88
ORIGA,SEARCH,17011,1,Q3,OD,SC,SOURCE_HOLD,14.928652837894774,88
ORIGA,SEARCH,17011,1,Q3,OD,CS,C_CONT,-3.0922103900164046,88
ORIGA,SEARCH,17011,1,Q3,OD,CS,ANCHOR,-3.328528714718445,88
ORIGA,SEARCH,17011,1,Q3,OD,CS,SOURCE_HOLD,13.185497814534926,88
ORIGA,SEARCH,17011,1,Q3,OD,CC,C_CONT,-2.856335502137867,88
ORIGA,SEARCH,17011,1,Q3,OD,CC,ANCHOR,-3.092653826839907,88
ORIGA,SEARCH,17011,1,Q3,OD,CC,SOURCE_HOLD,13.421372702413464,88
ORIGA,SEARCH,17011,1,Q3,OD,OPTIMIZER_BY_PARAMETER_INTERACTION,ALGEBRA,0.10808169796992217,88
ORIGA,SEARCH,17011,1,Q3,OC,SC,SS,0.2008008201257212,88
ORIGA,SEARCH,17011,1,Q3,OC,CC,CS,0.058964919165902074,88
ORIGA,SEARCH,17011,1,Q3,OC,SS,CS,2.523450285735848,88
ORIGA,SEARCH,17011,1,Q3,OC,SC,CC,2.665286186695667,88
ORIGA,SEARCH,17011,1,Q3,OC,SS,CC,2.4644853665699458,88
ORIGA,SEARCH,17011,1,Q3,OC,SS,SAME64_HOLD,13.626589400705718,88
ORIGA,SEARCH,17011,1,Q3,OC,SC,SAME64_HOLD,13.82739022083144,88
ORIGA,SEARCH,17011,1,Q3,OC,CS,CROSS64_HOLD,17.13651103938802,88
ORIGA,SEARCH,17011,1,Q3,OC,CC,CROSS64_HOLD,17.19547595855392,88
ORIGA,SEARCH,17011,1,Q3,OC,SS,C_CONT,-1.3303162215699018,88
ORIGA,SEARCH,17011,1,Q3,OC,SS,ANCHOR,-1.928942267277904,88
ORIGA,SEARCH,17011,1,Q3,OC,SS,SOURCE_HOLD,18.97652827100938,88
ORIGA,SEARCH,17011,1,Q3,OC,SC,C_CONT,-1.1295154014441806,88
ORIGA,SEARCH,17011,1,Q3,OC,SC,ANCHOR,-1.7281414471521828,88
ORIGA,SEARCH,17011,1,Q3,OC,SC,SOURCE_HOLD,19.1773290911351,88
ORIGA,SEARCH,17011,1,Q3,OC,CS,C_CONT,-3.8537665073057497,88
ORIGA,SEARCH,17011,1,Q3,OC,CS,ANCHOR,-4.452392553013752,88
ORIGA,SEARCH,17011,1,Q3,OC,CS,SOURCE_HOLD,16.45307798527353,88
ORIGA,SEARCH,17011,1,Q3,OC,CC,C_CONT,-3.7948015881398476,88
ORIGA,SEARCH,17011,1,Q3,OC,CC,ANCHOR,-4.39342763384785,88
ORIGA,SEARCH,17011,1,Q3,OC,CC,SOURCE_HOLD,16.512042904439433,88
ORIGA,SEARCH,17011,1,Q3,OC,OPTIMIZER_BY_PARAMETER_INTERACTION,ALGEBRA,0.14183590095981913,88
ORIGA,SEARCH,17011,1,Q4,OD,SC,SS,0.3502420841398646,77
ORIGA,SEARCH,17011,1,Q4,OD,CC,CS,0.28484850580760224,77
ORIGA,SEARCH,17011,1,Q4,OD,SS,CS,-0.06282713723877009,77
ORIGA,SEARCH,17011,1,Q4,OD,SC,CC,0.0025664410934922444,77
ORIGA,SEARCH,17011,1,Q4,OD,SS,CC,-0.34767564304637233,77
ORIGA,SEARCH,17011,1,Q4,OD,SS,SAME64_HOLD,4.334988508330198,77
ORIGA,SEARCH,17011,1,Q4,OD,SC,SAME64_HOLD,4.685230592470063,77
ORIGA,SEARCH,17011,1,Q4,OD,CS,CROSS64_HOLD,5.725968940853235,77
ORIGA,SEARCH,17011,1,Q4,OD,CC,CROSS64_HOLD,6.0108174466608375,77
ORIGA,SEARCH,17011,1,Q4,OD,SS,C_CONT,-2.8147715910985767,77
ORIGA,SEARCH,17011,1,Q4,OD,SS,ANCHOR,-2.796358344997813,77
ORIGA,SEARCH,17011,1,Q4,OD,SS,SOURCE_HOLD,5.4987582115426505,77
ORIGA,SEARCH,17011,1,Q4,OD,SC,C_CONT,-2.464529506958712,77
ORIGA,SEARCH,17011,1,Q4,OD,SC,ANCHOR,-2.4461162608579485,77
ORIGA,SEARCH,17011,1,Q4,OD,SC,SOURCE_HOLD,5.849000295682515,77
ORIGA,SEARCH,17011,1,Q4,OD,CS,C_CONT,-2.7519444538598066,77
ORIGA,SEARCH,17011,1,Q4,OD,CS,ANCHOR,-2.733531207759043,77
ORIGA,SEARCH,17011,1,Q4,OD,CS,SOURCE_HOLD,5.561585348781421,77
ORIGA,SEARCH,17011,1,Q4,OD,CC,C_CONT,-2.4670959480522043,77
ORIGA,SEARCH,17011,1,Q4,OD,CC,ANCHOR,-2.4486827019514408,77
ORIGA,SEARCH,17011,1,Q4,OD,CC,SOURCE_HOLD,5.846433854589023,77
ORIGA,SEARCH,17011,1,Q4,OD,OPTIMIZER_BY_PARAMETER_INTERACTION,ALGEBRA,0.06539357833226234,77
ORIGA,SEARCH,17011,1,Q4,OC,SC,SS,0.2022696592769364,77
ORIGA,SEARCH,17011,1,Q4,OC,CC,CS,0.16310429163544882,77
ORIGA,SEARCH,17011,1,Q4,OC,SS,CS,0.02639982418877196,77
ORIGA,SEARCH,17011,1,Q4,OC,SC,CC,0.06556519183025955,77
ORIGA,SEARCH,17011,1,Q4,OC,SS,CC,-0.13670446744667686,77
ORIGA,SEARCH,17011,1,Q4,OC,SS,SAME64_HOLD,3.2173391430561935,77
ORIGA,SEARCH,17011,1,Q4,OC,SC,SAME64_HOLD,3.41960880233313,77
ORIGA,SEARCH,17011,1,Q4,OC,CS,CROSS64_HOLD,4.929358692321628,77
ORIGA,SEARCH,17011,1,Q4,OC,CC,CROSS64_HOLD,5.092462983957077,77
ORIGA,SEARCH,17011,1,Q4,OC,SS,C_CONT,-1.7379995827484578,77
ORIGA,SEARCH,17011,1,Q4,OC,SS,ANCHOR,-1.8644938716206667,77
ORIGA,SEARCH,17011,1,Q4,OC,SS,SOURCE_HOLD,4.657178064228674,77
ORIGA,SEARCH,17011,1,Q4,OC,SC,C_CONT,-1.5357299234715214,77
ORIGA,SEARCH,17011,1,Q4,OC,SC,ANCHOR,-1.6622242123437303,77
ORIGA,SEARCH,17011,1,Q4,OC,SC,SOURCE_HOLD,4.85944772350561,77
ORIGA,SEARCH,17011,1,Q4,OC,CS,C_CONT,-1.7643994069372297,77
ORIGA,SEARCH,17011,1,Q4,OC,CS,ANCHOR,-1.8908936958094387,77
ORIGA,SEARCH,17011,1,Q4,OC,CS,SOURCE_HOLD,4.630778240039902,77
ORIGA,SEARCH,17011,1,Q4,OC,CC,C_CONT,-1.601295115301781,77
ORIGA,SEARCH,17011,1,Q4,OC,CC,ANCHOR,-1.7277894041739899,77
ORIGA,SEARCH,17011,1,Q4,OC,CC,SOURCE_HOLD,4.793882531675351,77
ORIGA,SEARCH,17011,1,Q4,OC,OPTIMIZER_BY_PARAMETER_INTERACTION,ALGEBRA,0.03916536764148759,77
ORIGA,SEALED_REVIEW,17011,1,Q4,OD,SC,SS,0.3057375512895675,57
ORIGA,SEALED_REVIEW,17011,1,Q4,OD,CC,CS,0.24931649083123375,57
ORIGA,SEALED_REVIEW,17011,1,Q4,OD,SS,CS,-0.07211509345481204,57
ORIGA,SEALED_REVIEW,17011,1,Q4,OD,SC,CC,-0.015694032996478313,57
ORIGA,SEALED_REVIEW,17011,1,Q4,OD,SS,CC,-0.3214315842860458,57
ORIGA,SEALED_REVIEW,17011,1,Q4,OD,SS,SAME64_HOLD,3.7319532787197858,57
ORIGA,SEALED_REVIEW,17011,1,Q4,OD,SC,SAME64_HOLD,4.037690830009353,57
ORIGA,SEALED_REVIEW,17011,1,Q4,OD,CS,CROSS64_HOLD,5.107475843515317,57
ORIGA,SEALED_REVIEW,17011,1,Q4,OD,CC,CROSS64_HOLD,5.356792334346551,57
ORIGA,SEALED_REVIEW,17011,1,Q4,OD,SS,C_CONT,-2.2608053895214795,57
ORIGA,SEALED_REVIEW,17011,1,Q4,OD,SS,ANCHOR,-2.1261823357122154,57
ORIGA,SEALED_REVIEW,17011,1,Q4,OD,SS,SOURCE_HOLD,5.040468035284775,57
ORIGA,SEALED_REVIEW,17011,1,Q4,OD,SC,C_CONT,-1.955067838231912,57
ORIGA,SEALED_REVIEW,17011,1,Q4,OD,SC,ANCHOR,-1.820444784422648,57
ORIGA,SEALED_REVIEW,17011,1,Q4,OD,SC,SOURCE_HOLD,5.346205586574342,57
ORIGA,SEALED_REVIEW,17011,1,Q4,OD,CS,C_CONT,-2.1886902960666674,57
ORIGA,SEALED_REVIEW,17011,1,Q4,OD,CS,ANCHOR,-2.0540672422574033,57
ORIGA,SEALED_REVIEW,17011,1,Q4,OD,CS,SOURCE_HOLD,5.112583128739587,57
ORIGA,SEALED_REVIEW,17011,1,Q4,OD,CC,C_CONT,-1.9393738052354337,57
ORIGA,SEALED_REVIEW,17011,1,Q4,OD,CC,ANCHOR,-1.8047507514261696,57
ORIGA,SEALED_REVIEW,17011,1,Q4,OD,CC,SOURCE_HOLD,5.361899619570821,57
ORIGA,SEALED_REVIEW,17011,1,Q4,OD,OPTIMIZER_BY_PARAMETER_INTERACTION,ALGEBRA,0.05642106045833373,57
ORIGA,SEALED_REVIEW,17011,1,Q4,OC,SC,SS,0.10481427056217285,57
ORIGA,SEALED_REVIEW,17011,1,Q4,OC,CC,CS,0.0974649588976888,57
ORIGA,SEALED_REVIEW,17011,1,Q4,OC,SS,CS,0.006720927855539571,57
ORIGA,SEALED_REVIEW,17011,1,Q4,OC,SC,CC,0.01407023952002362,57
ORIGA,SEALED_REVIEW,17011,1,Q4,OC,SS,CC,-0.09074403104214923,57
ORIGA,SEALED_REVIEW,17011,1,Q4,OC,SS,SAME64_HOLD,1.9414820338305958,57
ORIGA,SEALED_REVIEW,17011,1,Q4,OC,SC,SAME64_HOLD,2.0462963043927687,57
ORIGA,SEALED_REVIEW,17011,1,Q4,OC,CS,CROSS64_HOLD,4.088130457924791,57
ORIGA,SEALED_REVIEW,17011,1,Q4,OC,CC,CROSS64_HOLD,4.18559541682248,57
ORIGA,SEALED_REVIEW,17011,1,Q4,OC,SS,C_CONT,-0.6546754276376987,57
ORIGA,SEALED_REVIEW,17011,1,Q4,OC,SS,ANCHOR,-0.60120789255555,57
ORIGA,SEALED_REVIEW,17011,1,Q4,OC,SS,SOURCE_HOLD,3.6853374508958723,57
ORIGA,SEALED_REVIEW,17011,1,Q4,OC,SC,C_CONT,-0.5498611570755259,57
ORIGA,SEALED_REVIEW,17011,1,Q4,OC,SC,ANCHOR,-0.4963936219933771,57
ORIGA,SEALED_REVIEW,17011,1,Q4,OC,SC,SOURCE_HOLD,3.790151721458045,57
ORIGA,SEALED_REVIEW,17011,1,Q4,OC,CS,C_CONT,-0.6613963554932383,57
ORIGA,SEALED_REVIEW,17011,1,Q4,OC,CS,ANCHOR,-0.6079288204110895,57
ORIGA,SEALED_REVIEW,17011,1,Q4,OC,CS,SOURCE_HOLD,3.6786165230403327,57
ORIGA,SEALED_REVIEW,17011,1,Q4,OC,CC,C_CONT,-0.5639313965955495,57
ORIGA,SEALED_REVIEW,17011,1,Q4,OC,CC,ANCHOR,-0.5104638615134007,57
ORIGA,SEALED_REVIEW,17011,1,Q4,OC,CC,SOURCE_HOLD,3.7760814819380215,57
ORIGA,SEALED_REVIEW,17011,1,Q4,OC,OPTIMIZER_BY_PARAMETER_INTERACTION,ALGEBRA,0.007349311664484048,57
REFUGE_Valid,SEARCH,17011,1,ALL,OD,SC,SS,-0.031636190257685826,406
REFUGE_Valid,SEARCH,17011,1,ALL,OD,CC,CS,-0.17170562415813606,406
REFUGE_Valid,SEARCH,17011,1,ALL,OD,SS,CS,0.5985185255202197,406
REFUGE_Valid,SEARCH,17011,1,ALL,OD,SC,CC,0.7385879594206699,406
REFUGE_Valid,SEARCH,17011,1,ALL,OD,SS,CC,0.7702241496783557,406
REFUGE_Valid,SEARCH,17011,1,ALL,OD,SS,SAME64_HOLD,-2.0461693691659804,406
REFUGE_Valid,SEARCH,17011,1,ALL,OD,SC,SAME64_HOLD,-2.077805559423666,406
REFUGE_Valid,SEARCH,17011,1,ALL,OD,CS,CROSS64_HOLD,-0.04879960630871949,406
REFUGE_Valid,SEARCH,17011,1,ALL,OD,CC,CROSS64_HOLD,-0.22050523046685555,406
REFUGE_Valid,SEARCH,17011,1,ALL,OD,SS,C_CONT,3.0846539887795075,406
REFUGE_Valid,SEARCH,17011,1,ALL,OD,SS,ANCHOR,4.0807069977302035,406
REFUGE_Valid,SEARCH,17011,1,ALL,OD,SS,SOURCE_HOLD,-0.22664066110039016,406
REFUGE_Valid,SEARCH,17011,1,ALL,OD,SC,C_CONT,3.0530177985218216,406
REFUGE_Valid,SEARCH,17011,1,ALL,OD,SC,ANCHOR,4.049070807472518,406
REFUGE_Valid,SEARCH,17011,1,ALL,OD,SC,SOURCE_HOLD,-0.258276851358076,406
REFUGE_Valid,SEARCH,17011,1,ALL,OD,CS,C_CONT,2.486135463259288,406
REFUGE_Valid,SEARCH,17011,1,ALL,OD,CS,ANCHOR,3.482188472209984,406
REFUGE_Valid,SEARCH,17011,1,ALL,OD,CS,SOURCE_HOLD,-0.8251591866206098,406
REFUGE_Valid,SEARCH,17011,1,ALL,OD,CC,C_CONT,2.3144298391011517,406
REFUGE_Valid,SEARCH,17011,1,ALL,OD,CC,ANCHOR,3.310482848051848,406
REFUGE_Valid,SEARCH,17011,1,ALL,OD,CC,SOURCE_HOLD,-0.9968648107787459,406
REFUGE_Valid,SEARCH,17011,1,ALL,OD,OPTIMIZER_BY_PARAMETER_INTERACTION,ALGEBRA,0.14006943390045024,406
REFUGE_Valid,SEARCH,17011,1,ALL,OC,SC,SS,-0.05270559632673155,406
REFUGE_Valid,SEARCH,17011,1,ALL,OC,CC,CS,-0.10777323785606541,406
REFUGE_Valid,SEARCH,17011,1,ALL,OC,SS,CS,0.2737609873466056,406
REFUGE_Valid,SEARCH,17011,1,ALL,OC,SC,CC,0.32882862887593944,406
REFUGE_Valid,SEARCH,17011,1,ALL,OC,SS,CC,0.381534225202671,406
REFUGE_Valid,SEARCH,17011,1,ALL,OC,SS,SAME64_HOLD,-1.0788214951049184,406
REFUGE_Valid,SEARCH,17011,1,ALL,OC,SC,SAME64_HOLD,-1.13152709143165,406
REFUGE_Valid,SEARCH,17011,1,ALL,OC,CS,CROSS64_HOLD,-0.7814311625544832,406
REFUGE_Valid,SEARCH,17011,1,ALL,OC,CC,CROSS64_HOLD,-0.8892044004105486,406
REFUGE_Valid,SEARCH,17011,1,ALL,OC,SS,C_CONT,1.515794953181775,406
REFUGE_Valid,SEARCH,17011,1,ALL,OC,SS,ANCHOR,2.2399179584091797,406
REFUGE_Valid,SEARCH,17011,1,ALL,OC,SS,SOURCE_HOLD,-0.9677043573137354,406
REFUGE_Valid,SEARCH,17011,1,ALL,OC,SC,C_CONT,1.4630893568550434,406
REFUGE_Valid,SEARCH,17011,1,ALL,OC,SC,ANCHOR,2.187212362082448,406
REFUGE_Valid,SEARCH,17011,1,ALL,OC,SC,SOURCE_HOLD,-1.020409953640467,406
REFUGE_Valid,SEARCH,17011,1,ALL,OC,CS,C_CONT,1.2420339658351693,406
REFUGE_Valid,SEARCH,17011,1,ALL,OC,CS,ANCHOR,1.9661569710625741,406
REFUGE_Valid,SEARCH,17011,1,ALL,OC,CS,SOURCE_HOLD,-1.241465344660341,406
REFUGE_Valid,SEARCH,17011,1,ALL,OC,CC,C_CONT,1.134260727979104,406
REFUGE_Valid,SEARCH,17011,1,ALL,OC,CC,ANCHOR,1.8583837332065087,406
REFUGE_Valid,SEARCH,17011,1,ALL,OC,CC,SOURCE_HOLD,-1.3492385825164064,406
REFUGE_Valid,SEARCH,17011,1,ALL,OC,OPTIMIZER_BY_PARAMETER_INTERACTION,ALGEBRA,0.055067641529333855,406
REFUGE_Valid,SEARCH,17011,1,Q1,OD,SC,SS,-0.09361531354660713,97
REFUGE_Valid,SEARCH,17011,1,Q1,OD,CC,CS,-0.1898325762644788,97
REFUGE_Valid,SEARCH,17011,1,Q1,OD,SS,CS,0.5839565374736253,97
REFUGE_Valid,SEARCH,17011,1,Q1,OD,SC,CC,0.680173800191497,97
REFUGE_Valid,SEARCH,17011,1,Q1,OD,SS,CC,0.7737891137381041,97
REFUGE_Valid,SEARCH,17011,1,Q1,OD,SS,SAME64_HOLD,-0.11029267104899532,97
REFUGE_Valid,SEARCH,17011,1,Q1,OD,SC,SAME64_HOLD,-0.20390798459560244,97
REFUGE_Valid,SEARCH,17011,1,Q1,OD,CS,CROSS64_HOLD,2.076881704811754,97
REFUGE_Valid,SEARCH,17011,1,Q1,OD,CC,CROSS64_HOLD,1.8870491285472752,97
REFUGE_Valid,SEARCH,17011,1,Q1,OD,SS,C_CONT,2.4153374225221995,97
REFUGE_Valid,SEARCH,17011,1,Q1,OD,SS,ANCHOR,2.953677943528305,97
REFUGE_Valid,SEARCH,17011,1,Q1,OD,SS,SOURCE_HOLD,1.8249761182693618,97
REFUGE_Valid,SEARCH,17011,1,Q1,OD,SC,C_CONT,2.3217221089755924,97
REFUGE_Valid,SEARCH,17011,1,Q1,OD,SC,ANCHOR,2.860062629981698,97
REFUGE_Valid,SEARCH,17011,1,Q1,OD,SC,SOURCE_HOLD,1.7313608047227547,97
REFUGE_Valid,SEARCH,17011,1,Q1,OD,CS,C_CONT,1.8313808850485742,97
REFUGE_Valid,SEARCH,17011,1,Q1,OD,CS,ANCHOR,2.36972140605468,97
REFUGE_Valid,SEARCH,17011,1,Q1,OD,CS,SOURCE_HOLD,1.2410195807957365,97
REFUGE_Valid,SEARCH,17011,1,Q1,OD,CC,C_CONT,1.6415483087840954,97
REFUGE_Valid,SEARCH,17011,1,Q1,OD,CC,ANCHOR,2.179888829790201,97
REFUGE_Valid,SEARCH,17011,1,Q1,OD,CC,SOURCE_HOLD,1.0511870045312577,97
REFUGE_Valid,SEARCH,17011,1,Q1,OD,OPTIMIZER_BY_PARAMETER_INTERACTION,ALGEBRA,0.09621726271787168,97
REFUGE_Valid,SEARCH,17011,1,Q1,OC,SC,SS,-0.08346645188739643,97
REFUGE_Valid,SEARCH,17011,1,Q1,OC,CC,CS,-0.13094145318531503,97
REFUGE_Valid,SEARCH,17011,1,Q1,OC,SS,CS,0.19607238715552455,97
REFUGE_Valid,SEARCH,17011,1,Q1,OC,SC,CC,0.24354738845344315,97
REFUGE_Valid,SEARCH,17011,1,Q1,OC,SS,CC,0.3270138403408396,97
REFUGE_Valid,SEARCH,17011,1,Q1,OC,SS,SAME64_HOLD,-0.2804727880864917,97
REFUGE_Valid,SEARCH,17011,1,Q1,OC,SC,SAME64_HOLD,-0.3639392399738881,97
REFUGE_Valid,SEARCH,17011,1,Q1,OC,CS,CROSS64_HOLD,0.38330481486408274,97
REFUGE_Valid,SEARCH,17011,1,Q1,OC,CC,CROSS64_HOLD,0.2523633616787677,97
REFUGE_Valid,SEARCH,17011,1,Q1,OC,SS,C_CONT,1.3622677629895037,97
REFUGE_Valid,SEARCH,17011,1,Q1,OC,SS,ANCHOR,1.6220202180392462,97
REFUGE_Valid,SEARCH,17011,1,Q1,OC,SS,SOURCE_HOLD,0.04018621878149986,97
REFUGE_Valid,SEARCH,17011,1,Q1,OC,SC,C_CONT,1.2788013111021073,97
REFUGE_Valid,SEARCH,17011,1,Q1,OC,SC,ANCHOR,1.5385537661518498,97
REFUGE_Valid,SEARCH,17011,1,Q1,OC,SC,SOURCE_HOLD,-0.04328023310589657,97
REFUGE_Valid,SEARCH,17011,1,Q1,OC,CS,C_CONT,1.1661953758339791,97
REFUGE_Valid,SEARCH,17011,1,Q1,OC,CS,ANCHOR,1.4259478308837217,97
REFUGE_Valid,SEARCH,17011,1,Q1,OC,CS,SOURCE_HOLD,-0.1558861683740247,97
REFUGE_Valid,SEARCH,17011,1,Q1,OC,CC,C_CONT,1.0352539226486641,97
REFUGE_Valid,SEARCH,17011,1,Q1,OC,CC,ANCHOR,1.2950063776984067,97
REFUGE_Valid,SEARCH,17011,1,Q1,OC,CC,SOURCE_HOLD,-0.2868276215593397,97
REFUGE_Valid,SEARCH,17011,1,Q1,OC,OPTIMIZER_BY_PARAMETER_INTERACTION,ALGEBRA,0.047475001297918595,97
REFUGE_Valid,SEARCH,17011,1,FIRST64,OD,SC,SS,-0.021575662308407573,39
REFUGE_Valid,SEARCH,17011,1,FIRST64,OD,CC,CS,-0.06665800245767173,39
REFUGE_Valid,SEARCH,17011,1,FIRST64,OD,SS,CS,1.4425329381438985,39
REFUGE_Valid,SEARCH,17011,1,FIRST64,OD,SC,CC,1.4876152782931626,39
REFUGE_Valid,SEARCH,17011,1,FIRST64,OD,SS,CC,1.5091909406015702,39
REFUGE_Valid,SEARCH,17011,1,FIRST64,OD,SS,SAME64_HOLD,0.22068577061672556,39
REFUGE_Valid,SEARCH,17011,1,FIRST64,OD,SC,SAME64_HOLD,0.199110108308318,39
REFUGE_Valid,SEARCH,17011,1,FIRST64,OD,CS,CROSS64_HOLD,1.661360244342319,39
REFUGE_Valid,SEARCH,17011,1,FIRST64,OD,CC,CROSS64_HOLD,1.5947022418846473,39
REFUGE_Valid,SEARCH,17011,1,FIRST64,OD,SS,C_CONT,2.584747714989547,39
REFUGE_Valid,SEARCH,17011,1,FIRST64,OD,SS,ANCHOR,3.050904633135616,39
REFUGE_Valid,SEARCH,17011,1,FIRST64,OD,SS,SOURCE_HOLD,2.222936977843517,39
REFUGE_Valid,SEARCH,17011,1,FIRST64,OD,SC,C_CONT,2.5631720526811392,39
REFUGE_Valid,SEARCH,17011,1,FIRST64,OD,SC,ANCHOR,3.0293289708272084,39
REFUGE_Valid,SEARCH,17011,1,FIRST64,OD,SC,SOURCE_HOLD,2.2013613155351095,39
REFUGE_Valid,SEARCH,17011,1,FIRST64,OD,CS,C_CONT,1.1422147768456483,39
REFUGE_Valid,SEARCH,17011,1,FIRST64,OD,CS,ANCHOR,1.6083716949917175,39
REFUGE_Valid,SEARCH,17011,1,FIRST64,OD,CS,SOURCE_HOLD,0.7804040396996186,39
REFUGE_Valid,SEARCH,17011,1,FIRST64,OD,CC,C_CONT,1.0755567743879766,39
REFUGE_Valid,SEARCH,17011,1,FIRST64,OD,CC,ANCHOR,1.5417136925340458,39
REFUGE_Valid,SEARCH,17011,1,FIRST64,OD,CC,SOURCE_HOLD,0.7137460372419469,39
REFUGE_Valid,SEARCH,17011,1,FIRST64,OD,OPTIMIZER_BY_PARAMETER_INTERACTION,ALGEBRA,0.045082340149264155,39
REFUGE_Valid,SEARCH,17011,1,FIRST64,OC,SC,SS,-0.05496103861248969,39
REFUGE_Valid,SEARCH,17011,1,FIRST64,OC,CC,CS,-0.08579276255936463,39
REFUGE_Valid,SEARCH,17011,1,FIRST64,OC,SS,CS,0.2454303914936844,39
REFUGE_Valid,SEARCH,17011,1,FIRST64,OC,SC,CC,0.27626211544055934,39
REFUGE_Valid,SEARCH,17011,1,FIRST64,OC,SS,CC,0.33122315405304903,39
REFUGE_Valid,SEARCH,17011,1,FIRST64,OC,SS,SAME64_HOLD,-0.08362357903897077,39
REFUGE_Valid,SEARCH,17011,1,FIRST64,OC,SC,SAME64_HOLD,-0.13858461765146046,39
REFUGE_Valid,SEARCH,17011,1,FIRST64,OC,CS,CROSS64_HOLD,0.4610716584664942,39
REFUGE_Valid,SEARCH,17011,1,FIRST64,OC,CC,CROSS64_HOLD,0.3752788959071296,39
REFUGE_Valid,SEARCH,17011,1,FIRST64,OC,SS,C_CONT,1.0626681974467331,39
REFUGE_Valid,SEARCH,17011,1,FIRST64,OC,SS,ANCHOR,1.3124797121232987,39
REFUGE_Valid,SEARCH,17011,1,FIRST64,OC,SS,SOURCE_HOLD,0.21968271815912033,39
REFUGE_Valid,SEARCH,17011,1,FIRST64,OC,SC,C_CONT,1.0077071588342434,39
REFUGE_Valid,SEARCH,17011,1,FIRST64,OC,SC,ANCHOR,1.257518673510809,39
REFUGE_Valid,SEARCH,17011,1,FIRST64,OC,SC,SOURCE_HOLD,0.16472167954663064,39
REFUGE_Valid,SEARCH,17011,1,FIRST64,OC,CS,C_CONT,0.8172378059530487,39
REFUGE_Valid,SEARCH,17011,1,FIRST64,OC,CS,ANCHOR,1.0670493206296143,39
REFUGE_Valid,SEARCH,17011,1,FIRST64,OC,CS,SOURCE_HOLD,-0.02574767333456407,39
REFUGE_Valid,SEARCH,17011,1,FIRST64,OC,CC,C_CONT,0.7314450433936841,39
REFUGE_Valid,SEARCH,17011,1,FIRST64,OC,CC,ANCHOR,0.9812565580702497,39
REFUGE_Valid,SEARCH,17011,1,FIRST64,OC,CC,SOURCE_HOLD,-0.1115404358939287,39
REFUGE_Valid,SEARCH,17011,1,FIRST64,OC,OPTIMIZER_BY_PARAMETER_INTERACTION,ALGEBRA,0.030831723946874945,39
REFUGE_Valid,SEALED_REVIEW,17011,1,ALL,OD,SC,SS,-0.031185265088211622,269
REFUGE_Valid,SEALED_REVIEW,17011,1,ALL,OD,CC,CS,-0.17144827054110579,269
REFUGE_Valid,SEALED_REVIEW,17011,1,ALL,OD,SS,CS,0.4925378657688384,269
REFUGE_Valid,SEALED_REVIEW,17011,1,ALL,OD,SC,CC,0.6328008712217326,269
REFUGE_Valid,SEALED_REVIEW,17011,1,ALL,OD,SS,CC,0.6639861363099442,269
REFUGE_Valid,SEALED_REVIEW,17011,1,ALL,OD,SS,SAME64_HOLD,-2.0373040311793886,269
REFUGE_Valid,SEALED_REVIEW,17011,1,ALL,OD,SC,SAME64_HOLD,-2.0684892962676003,269
REFUGE_Valid,SEALED_REVIEW,17011,1,ALL,OD,CS,CROSS64_HOLD,0.05849723475945723,269
REFUGE_Valid,SEALED_REVIEW,17011,1,ALL,OD,CC,CROSS64_HOLD,-0.11295103578164856,269
REFUGE_Valid,SEALED_REVIEW,17011,1,ALL,OD,SS,C_CONT,2.892097802637039,269
REFUGE_Valid,SEALED_REVIEW,17011,1,ALL,OD,SS,ANCHOR,3.8579425164839876,269
REFUGE_Valid,SEALED_REVIEW,17011,1,ALL,OD,SS,SOURCE_HOLD,-0.41397082871183954,269
REFUGE_Valid,SEALED_REVIEW,17011,1,ALL,OD,SC,C_CONT,2.8609125375488276,269
REFUGE_Valid,SEALED_REVIEW,17011,1,ALL,OD,SC,ANCHOR,3.826757251395776,269
REFUGE_Valid,SEALED_REVIEW,17011,1,ALL,OD,SC,SOURCE_HOLD,-0.44515609380005117,269
REFUGE_Valid,SEALED_REVIEW,17011,1,ALL,OD,CS,C_CONT,2.399559936868201,269
REFUGE_Valid,SEALED_REVIEW,17011,1,ALL,OD,CS,ANCHOR,3.365404650715149,269
REFUGE_Valid,SEALED_REVIEW,17011,1,ALL,OD,CS,SOURCE_HOLD,-0.906508694480678,269
REFUGE_Valid,SEALED_REVIEW,17011,1,ALL,OD,CC,C_CONT,2.228111666327095,269
REFUGE_Valid,SEALED_REVIEW,17011,1,ALL,OD,CC,ANCHOR,3.1939563801740434,269
REFUGE_Valid,SEALED_REVIEW,17011,1,ALL,OD,CC,SOURCE_HOLD,-1.0779569650217837,269
REFUGE_Valid,SEALED_REVIEW,17011,1,ALL,OD,OPTIMIZER_BY_PARAMETER_INTERACTION,ALGEBRA,0.14026300545289416,269
REFUGE_Valid,SEALED_REVIEW,17011,1,ALL,OC,SC,SS,-0.059649293975482465,269
REFUGE_Valid,SEALED_REVIEW,17011,1,ALL,OC,CC,CS,-0.1169294075538545,269
REFUGE_Valid,SEALED_REVIEW,17011,1,ALL,OC,SS,CS,0.24848782488631116,269
REFUGE_Valid,SEALED_REVIEW,17011,1,ALL,OC,SC,CC,0.3057679384646832,269
REFUGE_Valid,SEALED_REVIEW,17011,1,ALL,OC,SS,CC,0.36541723244016566,269
REFUGE_Valid,SEALED_REVIEW,17011,1,ALL,OC,SS,SAME64_HOLD,-0.9793024665802221,269
REFUGE_Valid,SEALED_REVIEW,17011,1,ALL,OC,SC,SAME64_HOLD,-1.0389517605557046,269
REFUGE_Valid,SEALED_REVIEW,17011,1,ALL,OC,CS,CROSS64_HOLD,-0.6878783303710918,269
REFUGE_Valid,SEALED_REVIEW,17011,1,ALL,OC,CC,CROSS64_HOLD,-0.8048077379249463,269
REFUGE_Valid,SEALED_REVIEW,17011,1,ALL,OC,SS,C_CONT,1.4975948979594733,269
REFUGE_Valid,SEALED_REVIEW,17011,1,ALL,OC,SS,ANCHOR,2.1513777352704793,269
REFUGE_Valid,SEALED_REVIEW,17011,1,ALL,OC,SS,SOURCE_HOLD,-1.0814997493925773,269
REFUGE_Valid,SEALED_REVIEW,17011,1,ALL,OC,SC,C_CONT,1.4379456039839908,269
REFUGE_Valid,SEALED_REVIEW,17011,1,ALL,OC,SC,ANCHOR,2.091728441294997,269
REFUGE_Valid,SEALED_REVIEW,17011,1,ALL,OC,SC,SOURCE_HOLD,-1.1411490433680598,269
REFUGE_Valid,SEALED_REVIEW,17011,1,ALL,OC,CS,C_CONT,1.2491070730731622,269
REFUGE_Valid,SEALED_REVIEW,17011,1,ALL,OC,CS,ANCHOR,1.902889910384168,269
REFUGE_Valid,SEALED_REVIEW,17011,1,ALL,OC,CS,SOURCE_HOLD,-1.3299875742788885,269
REFUGE_Valid,SEALED_REVIEW,17011,1,ALL,OC,CC,C_CONT,1.1321776655193077,269
REFUGE_Valid,SEALED_REVIEW,17011,1,ALL,OC,CC,ANCHOR,1.7859605028303136,269
REFUGE_Valid,SEALED_REVIEW,17011,1,ALL,OC,CC,SOURCE_HOLD,-1.446916981832743,269
REFUGE_Valid,SEALED_REVIEW,17011,1,ALL,OC,OPTIMIZER_BY_PARAMETER_INTERACTION,ALGEBRA,0.05728011357837204,269
REFUGE_Valid,SEALED_REVIEW,17011,1,Q1,OD,SC,SS,-0.08351934290817553,69
REFUGE_Valid,SEALED_REVIEW,17011,1,Q1,OD,CC,CS,-0.20407849400876898,69
REFUGE_Valid,SEALED_REVIEW,17011,1,Q1,OD,SS,CS,0.2558409701203317,69
REFUGE_Valid,SEALED_REVIEW,17011,1,Q1,OD,SC,CC,0.37640012122092514,69
REFUGE_Valid,SEALED_REVIEW,17011,1,Q1,OD,SS,CC,0.4599194641291007,69
REFUGE_Valid,SEALED_REVIEW,17011,1,Q1,OD,SS,SAME64_HOLD,-0.45561807017816136,69
REFUGE_Valid,SEALED_REVIEW,17011,1,Q1,OD,SC,SAME64_HOLD,-0.5391374130863369,69
REFUGE_Valid,SEALED_REVIEW,17011,1,Q1,OD,CS,CROSS64_HOLD,1.5396865730414646,69
REFUGE_Valid,SEALED_REVIEW,17011,1,Q1,OD,CC,CROSS64_HOLD,1.3356080790326956,69
REFUGE_Valid,SEALED_REVIEW,17011,1,Q1,OD,SS,C_CONT,2.1124321894811544,69
REFUGE_Valid,SEALED_REVIEW,17011,1,Q1,OD,SS,ANCHOR,2.646773476613106,69
REFUGE_Valid,SEALED_REVIEW,17011,1,Q1,OD,SS,SOURCE_HOLD,0.8321985540233925,69
REFUGE_Valid,SEALED_REVIEW,17011,1,Q1,OD,SC,C_CONT,2.028912846572979,69
REFUGE_Valid,SEALED_REVIEW,17011,1,Q1,OD,SC,ANCHOR,2.5632541337049304,69
REFUGE_Valid,SEALED_REVIEW,17011,1,Q1,OD,SC,SOURCE_HOLD,0.748679211115217,69
REFUGE_Valid,SEALED_REVIEW,17011,1,Q1,OD,CS,C_CONT,1.8565912193608227,69
REFUGE_Valid,SEALED_REVIEW,17011,1,Q1,OD,CS,ANCHOR,2.3909325064927742,69
REFUGE_Valid,SEALED_REVIEW,17011,1,Q1,OD,CS,SOURCE_HOLD,0.5763575839030608,69
REFUGE_Valid,SEALED_REVIEW,17011,1,Q1,OD,CC,C_CONT,1.6525127253520537,69
REFUGE_Valid,SEALED_REVIEW,17011,1,Q1,OD,CC,ANCHOR,2.1868540124840052,69
REFUGE_Valid,SEALED_REVIEW,17011,1,Q1,OD,CC,SOURCE_HOLD,0.3722790898942918,69
REFUGE_Valid,SEALED_REVIEW,17011,1,Q1,OD,OPTIMIZER_BY_PARAMETER_INTERACTION,ALGEBRA,0.12055915110059345,69
REFUGE_Valid,SEALED_REVIEW,17011,1,Q1,OC,SC,SS,-0.045692695896775604,69
REFUGE_Valid,SEALED_REVIEW,17011,1,Q1,OC,CC,CS,-0.12263559920522482,69
REFUGE_Valid,SEALED_REVIEW,17011,1,Q1,OC,SS,CS,-0.06733940428320295,69
REFUGE_Valid,SEALED_REVIEW,17011,1,Q1,OC,SC,CC,0.009603499025246265,69
REFUGE_Valid,SEALED_REVIEW,17011,1,Q1,OC,SS,CC,0.05529619492202187,69
REFUGE_Valid,SEALED_REVIEW,17011,1,Q1,OC,SS,SAME64_HOLD,-0.35050146038049945,69
REFUGE_Valid,SEALED_REVIEW,17011,1,Q1,OC,SC,SAME64_HOLD,-0.39619415627727506,69
REFUGE_Valid,SEALED_REVIEW,17011,1,Q1,OC,CS,CROSS64_HOLD,0.45232045348984684,69
REFUGE_Valid,SEALED_REVIEW,17011,1,Q1,OC,CC,CROSS64_HOLD,0.329684854284622,69
REFUGE_Valid,SEALED_REVIEW,17011,1,Q1,OC,SS,C_CONT,1.0509646143435702,69
REFUGE_Valid,SEALED_REVIEW,17011,1,Q1,OC,SS,ANCHOR,1.2852257889465406,69
REFUGE_Valid,SEALED_REVIEW,17011,1,Q1,OC,SS,SOURCE_HOLD,-0.32562855766667553,69
REFUGE_Valid,SEALED_REVIEW,17011,1,Q1,OC,SC,C_CONT,1.0052719184467946,69
REFUGE_Valid,SEALED_REVIEW,17011,1,Q1,OC,SC,ANCHOR,1.239533093049765,69
REFUGE_Valid,SEALED_REVIEW,17011,1,Q1,OC,SC,SOURCE_HOLD,-0.37132125356345114,69
REFUGE_Valid,SEALED_REVIEW,17011,1,Q1,OC,CS,C_CONT,1.1183040186267732,69
REFUGE_Valid,SEALED_REVIEW,17011,1,Q1,OC,CS,ANCHOR,1.3525651932297436,69
REFUGE_Valid,SEALED_REVIEW,17011,1,Q1,OC,CS,SOURCE_HOLD,-0.2582891533834726,69
REFUGE_Valid,SEALED_REVIEW,17011,1,Q1,OC,CC,C_CONT,0.9956684194215484,69
REFUGE_Valid,SEALED_REVIEW,17011,1,Q1,OC,CC,ANCHOR,1.2299295940245187,69
REFUGE_Valid,SEALED_REVIEW,17011,1,Q1,OC,CC,SOURCE_HOLD,-0.3809247525886974,69
REFUGE_Valid,SEALED_REVIEW,17011,1,Q1,OC,OPTIMIZER_BY_PARAMETER_INTERACTION,ALGEBRA,0.07694290330844922,69
REFUGE_Valid,SEALED_REVIEW,17011,1,FIRST64,OD,SC,SS,-0.07399365769960298,20
REFUGE_Valid,SEALED_REVIEW,17011,1,FIRST64,OD,CC,CS,-0.15332200638609095,20
REFUGE_Valid,SEALED_REVIEW,17011,1,FIRST64,OD,SS,CS,0.6609306377377493,20
REFUGE_Valid,SEALED_REVIEW,17011,1,FIRST64,OD,SC,CC,0.7402589864242373,20
REFUGE_Valid,SEALED_REVIEW,17011,1,FIRST64,OD,SS,CC,0.8142526441238402,20
REFUGE_Valid,SEALED_REVIEW,17011,1,FIRST64,OD,SS,SAME64_HOLD,-0.22331122963599626,20
REFUGE_Valid,SEALED_REVIEW,17011,1,FIRST64,OD,SC,SAME64_HOLD,-0.29730488733559923,20
REFUGE_Valid,SEALED_REVIEW,17011,1,FIRST64,OD,CS,CROSS64_HOLD,1.3362709249166613,20
REFUGE_Valid,SEALED_REVIEW,17011,1,FIRST64,OD,CC,CROSS64_HOLD,1.1829489185305704,20
REFUGE_Valid,SEALED_REVIEW,17011,1,FIRST64,OD,SS,C_CONT,1.6882719234138648,20
REFUGE_Valid,SEALED_REVIEW,17011,1,FIRST64,OD,SS,ANCHOR,2.083581649199303,20
REFUGE_Valid,SEALED_REVIEW,17011,1,FIRST64,OD,SS,SOURCE_HOLD,0.7768191011035697,20
REFUGE_Valid,SEALED_REVIEW,17011,1,FIRST64,OD,SC,C_CONT,1.6142782657142618,20
REFUGE_Valid,SEALED_REVIEW,17011,1,FIRST64,OD,SC,ANCHOR,2.0095879914997,20
REFUGE_Valid,SEALED_REVIEW,17011,1,FIRST64,OD,SC,SOURCE_HOLD,0.7028254434039667,20
REFUGE_Valid,SEALED_REVIEW,17011,1,FIRST64,OD,CS,C_CONT,1.0273412856761155,20
REFUGE_Valid,SEALED_REVIEW,17011,1,FIRST64,OD,CS,ANCHOR,1.4226510114615536,20
REFUGE_Valid,SEALED_REVIEW,17011,1,FIRST64,OD,CS,SOURCE_HOLD,0.11588846336582037,20
REFUGE_Valid,SEALED_REVIEW,17011,1,FIRST64,OD,CC,C_CONT,0.8740192792900245,20
REFUGE_Valid,SEALED_REVIEW,17011,1,FIRST64,OD,CC,ANCHOR,1.2693290050754626,20
REFUGE_Valid,SEALED_REVIEW,17011,1,FIRST64,OD,CC,SOURCE_HOLD,-0.03743354302027058,20
REFUGE_Valid,SEALED_REVIEW,17011,1,FIRST64,OD,OPTIMIZER_BY_PARAMETER_INTERACTION,ALGEBRA,0.07932834868648797,20
REFUGE_Valid,SEALED_REVIEW,17011,1,FIRST64,OC,SC,SS,0.04296666433167218,20
REFUGE_Valid,SEALED_REVIEW,17011,1,FIRST64,OC,CC,CS,-0.12287649754415497,20
REFUGE_Valid,SEALED_REVIEW,17011,1,FIRST64,OC,SS,CS,-0.8138495946780893,20
REFUGE_Valid,SEALED_REVIEW,17011,1,FIRST64,OC,SC,CC,-0.6480064328022621,20
REFUGE_Valid,SEALED_REVIEW,17011,1,FIRST64,OC,SS,CC,-0.6909730971339343,20
REFUGE_Valid,SEALED_REVIEW,17011,1,FIRST64,OC,SS,SAME64_HOLD,-0.4647238507168936,20
REFUGE_Valid,SEALED_REVIEW,17011,1,FIRST64,OC,SC,SAME64_HOLD,-0.4217571863852214,20
REFUGE_Valid,SEALED_REVIEW,17011,1,FIRST64,OC,CS,CROSS64_HOLD,-0.0010794914603877714,20
REFUGE_Valid,SEALED_REVIEW,17011,1,FIRST64,OC,CC,CROSS64_HOLD,-0.12395598900454274,20
REFUGE_Valid,SEALED_REVIEW,17011,1,FIRST64,OC,SS,C_CONT,0.3421217863798205,20
REFUGE_Valid,SEALED_REVIEW,17011,1,FIRST64,OC,SS,ANCHOR,0.5270768572978142,20
REFUGE_Valid,SEALED_REVIEW,17011,1,FIRST64,OC,SS,SOURCE_HOLD,-1.2935904727998206,20
REFUGE_Valid,SEALED_REVIEW,17011,1,FIRST64,OC,SC,C_CONT,0.38508845071149267,20
REFUGE_Valid,SEALED_REVIEW,17011,1,FIRST64,OC,SC,ANCHOR,0.5700435216294863,20
REFUGE_Valid,SEALED_REVIEW,17011,1,FIRST64,OC,SC,SOURCE_HOLD,-1.2506238084681485,20
REFUGE_Valid,SEALED_REVIEW,17011,1,FIRST64,OC,CS,C_CONT,1.1559713810579098,20
REFUGE_Valid,SEALED_REVIEW,17011,1,FIRST64,OC,CS,ANCHOR,1.3409264519759034,20
REFUGE_Valid,SEALED_REVIEW,17011,1,FIRST64,OC,CS,SOURCE_HOLD,-0.4797408781217314,20
REFUGE_Valid,SEALED_REVIEW,17011,1,FIRST64,OC,CC,C_CONT,1.0330948835137548,20
REFUGE_Valid,SEALED_REVIEW,17011,1,FIRST64,OC,CC,ANCHOR,1.2180499544317485,20
REFUGE_Valid,SEALED_REVIEW,17011,1,FIRST64,OC,CC,SOURCE_HOLD,-0.6026173756658864,20
REFUGE_Valid,SEALED_REVIEW,17011,1,FIRST64,OC,OPTIMIZER_BY_PARAMETER_INTERACTION,ALGEBRA,0.16584316187582715,20
REFUGE_Valid,SEALED_REVIEW,17011,1,Q2,OD,SC,SS,-0.032838273179194744,80
REFUGE_Valid,SEALED_REVIEW,17011,1,Q2,OD,CC,CS,-0.18460838050989992,80
REFUGE_Valid,SEALED_REVIEW,17011,1,Q2,OD,SS,CS,0.30374940370593606,80
REFUGE_Valid,SEALED_REVIEW,17011,1,Q2,OD,SC,CC,0.45551951103664123,80
REFUGE_Valid,SEALED_REVIEW,17011,1,Q2,OD,SS,CC,0.488357784215836,80
REFUGE_Valid,SEALED_REVIEW,17011,1,Q2,OD,SS,SAME64_HOLD,-1.3426615725194182,80
REFUGE_Valid,SEALED_REVIEW,17011,1,Q2,OD,SC,SAME64_HOLD,-1.375499845698613,80
REFUGE_Valid,SEALED_REVIEW,17011,1,Q2,OD,CS,CROSS64_HOLD,0.5848803945313819,80
REFUGE_Valid,SEALED_REVIEW,17011,1,Q2,OD,CC,CROSS64_HOLD,0.40027201402148194,80
REFUGE_Valid,SEALED_REVIEW,17011,1,Q2,OD,SS,C_CONT,2.5568490927527847,80
REFUGE_Valid,SEALED_REVIEW,17011,1,Q2,OD,SS,ANCHOR,3.3709726287732167,80
REFUGE_Valid,SEALED_REVIEW,17011,1,Q2,OD,SS,SOURCE_HOLD,-0.03950838669436507,80
REFUGE_Valid,SEALED_REVIEW,17011,1,Q2,OD,SC,C_CONT,2.52401081957359,80
REFUGE_Valid,SEALED_REVIEW,17011,1,Q2,OD,SC,ANCHOR,3.338134355594022,80
REFUGE_Valid,SEALED_REVIEW,17011,1,Q2,OD,SC,SOURCE_HOLD,-0.07234665987355982,80
REFUGE_Valid,SEALED_REVIEW,17011,1,Q2,OD,CS,C_CONT,2.2530996890468487,80
REFUGE_Valid,SEALED_REVIEW,17011,1,Q2,OD,CS,ANCHOR,3.0672232250672806,80
REFUGE_Valid,SEALED_REVIEW,17011,1,Q2,OD,CS,SOURCE_HOLD,-0.34325779040030113,80
REFUGE_Valid,SEALED_REVIEW,17011,1,Q2,OD,CC,C_CONT,2.0684913085369487,80
REFUGE_Valid,SEALED_REVIEW,17011,1,Q2,OD,CC,ANCHOR,2.8826148445573807,80
REFUGE_Valid,SEALED_REVIEW,17011,1,Q2,OD,CC,SOURCE_HOLD,-0.527866170910201,80
REFUGE_Valid,SEALED_REVIEW,17011,1,Q2,OD,OPTIMIZER_BY_PARAMETER_INTERACTION,ALGEBRA,0.15177010733070517,80
REFUGE_Valid,SEALED_REVIEW,17011,1,Q2,OC,SC,SS,-0.0391589336810938,80
REFUGE_Valid,SEALED_REVIEW,17011,1,Q2,OC,CC,CS,-0.10781414067551509,80
REFUGE_Valid,SEALED_REVIEW,17011,1,Q2,OC,SS,CS,0.18944198556395975,80
REFUGE_Valid,SEALED_REVIEW,17011,1,Q2,OC,SC,CC,0.25809719255838104,80
REFUGE_Valid,SEALED_REVIEW,17011,1,Q2,OC,SS,CC,0.29725612623947484,80
REFUGE_Valid,SEALED_REVIEW,17011,1,Q2,OC,SS,SAME64_HOLD,-0.5851786864718491,80
REFUGE_Valid,SEALED_REVIEW,17011,1,Q2,OC,SC,SAME64_HOLD,-0.6243376201529429,80
REFUGE_Valid,SEALED_REVIEW,17011,1,Q2,OC,CS,CROSS64_HOLD,-0.20178761269322365,80
REFUGE_Valid,SEALED_REVIEW,17011,1,Q2,OC,CC,CROSS64_HOLD,-0.30960175336873874,80
REFUGE_Valid,SEALED_REVIEW,17011,1,Q2,OC,SS,C_CONT,1.3729997921665955,80
REFUGE_Valid,SEALED_REVIEW,17011,1,Q2,OC,SS,ANCHOR,1.9879807472060662,80
REFUGE_Valid,SEALED_REVIEW,17011,1,Q2,OC,SS,SOURCE_HOLD,-0.7083542256205249,80
REFUGE_Valid,SEALED_REVIEW,17011,1,Q2,OC,SC,C_CONT,1.3338408584855017,80
REFUGE_Valid,SEALED_REVIEW,17011,1,Q2,OC,SC,ANCHOR,1.9488218135249724,80
REFUGE_Valid,SEALED_REVIEW,17011,1,Q2,OC,SC,SOURCE_HOLD,-0.7475131593016187,80
REFUGE_Valid,SEALED_REVIEW,17011,1,Q2,OC,CS,C_CONT,1.1835578066026358,80
REFUGE_Valid,SEALED_REVIEW,17011,1,Q2,OC,CS,ANCHOR,1.7985387616421065,80
REFUGE_Valid,SEALED_REVIEW,17011,1,Q2,OC,CS,SOURCE_HOLD,-0.8977962111844846,80
REFUGE_Valid,SEALED_REVIEW,17011,1,Q2,OC,CC,C_CONT,1.0757436659271207,80
REFUGE_Valid,SEALED_REVIEW,17011,1,Q2,OC,CC,ANCHOR,1.6907246209665914,80
REFUGE_Valid,SEALED_REVIEW,17011,1,Q2,OC,CC,SOURCE_HOLD,-1.0056103518599997,80
REFUGE_Valid,SEALED_REVIEW,17011,1,Q2,OC,OPTIMIZER_BY_PARAMETER_INTERACTION,ALGEBRA,0.06865520699442129,80
REFUGE_Valid,SEARCH,17011,1,Q2,OD,SC,SS,-0.0554192593305487,89
REFUGE_Valid,SEARCH,17011,1,Q2,OD,CC,CS,-0.21030991028906953,89
REFUGE_Valid,SEARCH,17011,1,Q2,OD,SS,CS,0.39431404960467376,89
REFUGE_Valid,SEARCH,17011,1,Q2,OD,SC,CC,0.5492047005631946,89
REFUGE_Valid,SEARCH,17011,1,Q2,OD,SS,CC,0.6046239598937433,89
REFUGE_Valid,SEARCH,17011,1,Q2,OD,SS,SAME64_HOLD,-1.0286433471608518,89
REFUGE_Valid,SEARCH,17011,1,Q2,OD,SC,SAME64_HOLD,-1.0840626064914005,89
REFUGE_Valid,SEARCH,17011,1,Q2,OD,CS,CROSS64_HOLD,0.8027711092467342,89
REFUGE_Valid,SEARCH,17011,1,Q2,OD,CC,CROSS64_HOLD,0.5924611989576647,89
REFUGE_Valid,SEARCH,17011,1,Q2,OD,SS,C_CONT,2.88003600813596,89
REFUGE_Valid,SEARCH,17011,1,Q2,OD,SS,ANCHOR,3.7475193534318976,89
REFUGE_Valid,SEARCH,17011,1,Q2,OD,SS,SOURCE_HOLD,0.4977949605196841,89
REFUGE_Valid,SEARCH,17011,1,Q2,OD,SC,C_CONT,2.8246167488054112,89
REFUGE_Valid,SEARCH,17011,1,Q2,OD,SC,ANCHOR,3.692100094101349,89
REFUGE_Valid,SEARCH,17011,1,Q2,OD,SC,SOURCE_HOLD,0.4423757011891354,89
REFUGE_Valid,SEARCH,17011,1,Q2,OD,CS,C_CONT,2.485721958531286,89
REFUGE_Valid,SEARCH,17011,1,Q2,OD,CS,ANCHOR,3.353205303827224,89
REFUGE_Valid,SEARCH,17011,1,Q2,OD,CS,SOURCE_HOLD,0.10348091091501033,89
REFUGE_Valid,SEARCH,17011,1,Q2,OD,CC,C_CONT,2.2754120482422167,89
REFUGE_Valid,SEARCH,17011,1,Q2,OD,CC,ANCHOR,3.1428953935381543,89
REFUGE_Valid,SEARCH,17011,1,Q2,OD,CC,SOURCE_HOLD,-0.10682899937405921,89
REFUGE_Valid,SEARCH,17011,1,Q2,OD,OPTIMIZER_BY_PARAMETER_INTERACTION,ALGEBRA,0.15489065095852084,89
REFUGE_Valid,SEARCH,17011,1,Q2,OC,SC,SS,0.003650407751266016,89
REFUGE_Valid,SEARCH,17011,1,Q2,OC,CC,CS,-0.06592105507600365,89
REFUGE_Valid,SEARCH,17011,1,Q2,OC,SS,CS,0.052405184597233756,89
REFUGE_Valid,SEARCH,17011,1,Q2,OC,SC,CC,0.12197664742450343,89
REFUGE_Valid,SEARCH,17011,1,Q2,OC,SS,CC,0.11832623967323741,89
REFUGE_Valid,SEARCH,17011,1,Q2,OC,SS,SAME64_HOLD,-0.7202848670143851,89
REFUGE_Valid,SEARCH,17011,1,Q2,OC,SC,SAME64_HOLD,-0.7166344592631191,89
REFUGE_Valid,SEARCH,17011,1,Q2,OC,CS,CROSS64_HOLD,-0.8938022784092539,89
REFUGE_Valid,SEARCH,17011,1,Q2,OC,CC,CROSS64_HOLD,-0.9597233334852575,89
REFUGE_Valid,SEARCH,17011,1,Q2,OC,SS,C_CONT,1.0380791495631598,89
REFUGE_Valid,SEARCH,17011,1,Q2,OC,SS,ANCHOR,1.5901609812412545,89
REFUGE_Valid,SEARCH,17011,1,Q2,OC,SS,SOURCE_HOLD,-1.204330991769993,89
REFUGE_Valid,SEARCH,17011,1,Q2,OC,SC,C_CONT,1.0417295573144258,89
REFUGE_Valid,SEARCH,17011,1,Q2,OC,SC,ANCHOR,1.5938113889925205,89
REFUGE_Valid,SEARCH,17011,1,Q2,OC,SC,SOURCE_HOLD,-1.200680584018727,89
REFUGE_Valid,SEARCH,17011,1,Q2,OC,CS,C_CONT,0.9856739649659261,89
REFUGE_Valid,SEARCH,17011,1,Q2,OC,CS,ANCHOR,1.5377557966440207,89
REFUGE_Valid,SEARCH,17011,1,Q2,OC,CS,SOURCE_HOLD,-1.2567361763672267,89
REFUGE_Valid,SEARCH,17011,1,Q2,OC,CC,C_CONT,0.9197529098899224,89
REFUGE_Valid,SEARCH,17011,1,Q2,OC,CC,ANCHOR,1.471834741568017,89
REFUGE_Valid,SEARCH,17011,1,Q2,OC,CC,SOURCE_HOLD,-1.3226572314432303,89
REFUGE_Valid,SEARCH,17011,1,Q2,OC,OPTIMIZER_BY_PARAMETER_INTERACTION,ALGEBRA,0.06957146282726967,89
REFUGE_Valid,SEARCH,17011,1,Q3,OD,SC,SS,0.004749010542113297,100
REFUGE_Valid,SEARCH,17011,1,Q3,OD,CC,CS,-0.14988477397440647,100
REFUGE_Valid,SEARCH,17011,1,Q3,OD,SS,CS,0.4897592268848996,100
REFUGE_Valid,SEARCH,17011,1,Q3,OD,SC,CC,0.6443930114014194,100
REFUGE_Valid,SEARCH,17011,1,Q3,OD,SS,CC,0.6396440008593061,100
REFUGE_Valid,SEARCH,17011,1,Q3,OD,SS,SAME64_HOLD,-2.274546736475614,100
REFUGE_Valid,SEARCH,17011,1,Q3,OD,SC,SAME64_HOLD,-2.2697977259335005,100
REFUGE_Valid,SEARCH,17011,1,Q3,OD,CS,CROSS64_HOLD,-0.07187856049169739,100
REFUGE_Valid,SEARCH,17011,1,Q3,OD,CC,CROSS64_HOLD,-0.22176333446610386,100
REFUGE_Valid,SEARCH,17011,1,Q3,OD,SS,C_CONT,2.9639154199426514,100
REFUGE_Valid,SEARCH,17011,1,Q3,OD,SS,ANCHOR,4.0769441653804535,100
REFUGE_Valid,SEARCH,17011,1,Q3,OD,SS,SOURCE_HOLD,-0.33354110727542263,100
REFUGE_Valid,SEARCH,17011,1,Q3,OD,SC,C_CONT,2.9686644304847647,100
REFUGE_Valid,SEARCH,17011,1,Q3,OD,SC,ANCHOR,4.081693175922567,100
REFUGE_Valid,SEARCH,17011,1,Q3,OD,SC,SOURCE_HOLD,-0.32879209673330934,100
REFUGE_Valid,SEARCH,17011,1,Q3,OD,CS,C_CONT,2.474156193057752,100
REFUGE_Valid,SEARCH,17011,1,Q3,OD,CS,ANCHOR,3.587184938495554,100
REFUGE_Valid,SEARCH,17011,1,Q3,OD,CS,SOURCE_HOLD,-0.8233003341603222,100
REFUGE_Valid,SEARCH,17011,1,Q3,OD,CC,C_CONT,2.3242714190833453,100
REFUGE_Valid,SEARCH,17011,1,Q3,OD,CC,ANCHOR,3.4373001645211474,100
REFUGE_Valid,SEARCH,17011,1,Q3,OD,CC,SOURCE_HOLD,-0.9731851081347287,100
REFUGE_Valid,SEARCH,17011,1,Q3,OD,OPTIMIZER_BY_PARAMETER_INTERACTION,ALGEBRA,0.15463378451651977,100
REFUGE_Valid,SEARCH,17011,1,Q3,OC,SC,SS,-0.0504872939643235,100
REFUGE_Valid,SEARCH,17011,1,Q3,OC,CC,CS,-0.10052355854429607,100
REFUGE_Valid,SEARCH,17011,1,Q3,OC,SS,CS,0.3818374942380558,100
REFUGE_Valid,SEARCH,17011,1,Q3,OC,SC,CC,0.43187375881802836,100
REFUGE_Valid,SEARCH,17011,1,Q3,OC,SS,CC,0.48236105278235186,100
REFUGE_Valid,SEARCH,17011,1,Q3,OC,SS,SAME64_HOLD,-1.013536811718268,100
REFUGE_Valid,SEARCH,17011,1,Q3,OC,SC,SAME64_HOLD,-1.0640241056825914,100
REFUGE_Valid,SEARCH,17011,1,Q3,OC,CS,CROSS64_HOLD,-0.5443783474582489,100
REFUGE_Valid,SEARCH,17011,1,Q3,OC,CC,CROSS64_HOLD,-0.6449019060025449,100
REFUGE_Valid,SEARCH,17011,1,Q3,OC,SS,C_CONT,1.5887815656980138,100
REFUGE_Valid,SEARCH,17011,1,Q3,OC,SS,ANCHOR,2.3761290352934026,100
REFUGE_Valid,SEARCH,17011,1,Q3,OC,SS,SOURCE_HOLD,-0.6332418300748088,100
REFUGE_Valid,SEARCH,17011,1,Q3,OC,SC,C_CONT,1.5382942717336903,100
REFUGE_Valid,SEARCH,17011,1,Q3,OC,SC,ANCHOR,2.325641741329079,100
REFUGE_Valid,SEARCH,17011,1,Q3,OC,SC,SOURCE_HOLD,-0.6837291240391323,100
REFUGE_Valid,SEARCH,17011,1,Q3,OC,CS,C_CONT,1.206944071459958,100
REFUGE_Valid,SEARCH,17011,1,Q3,OC,CS,ANCHOR,1.9942915410553468,100
REFUGE_Valid,SEARCH,17011,1,Q3,OC,CS,SOURCE_HOLD,-1.0150793243128646,100
REFUGE_Valid,SEARCH,17011,1,Q3,OC,CC,C_CONT,1.106420512915662,100
REFUGE_Valid,SEARCH,17011,1,Q3,OC,CC,ANCHOR,1.8937679825110507,100
REFUGE_Valid,SEARCH,17011,1,Q3,OC,CC,SOURCE_HOLD,-1.1156028828571607,100
REFUGE_Valid,SEARCH,17011,1,Q3,OC,OPTIMIZER_BY_PARAMETER_INTERACTION,ALGEBRA,0.05003626457997257,100
REFUGE_Valid,SEALED_REVIEW,17011,1,Q3,OD,SC,SS,-0.0399387469577448,68
REFUGE_Valid,SEALED_REVIEW,17011,1,Q3,OD,CC,CS,-0.17054740289020742,68
REFUGE_Valid,SEALED_REVIEW,17011,1,Q3,OD,SS,CS,0.7709840623343354,68
REFUGE_Valid,SEALED_REVIEW,17011,1,Q3,OD,SC,CC,0.901592718266798,68
REFUGE_Valid,SEALED_REVIEW,17011,1,Q3,OD,SS,CC,0.9415314652245428,68
REFUGE_Valid,SEALED_REVIEW,17011,1,Q3,OD,SS,SAME64_HOLD,-3.011440823845575,68
REFUGE_Valid,SEALED_REVIEW,17011,1,Q3,OD,SC,SAME64_HOLD,-3.05137957080332,68
REFUGE_Valid,SEALED_REVIEW,17011,1,Q3,OD,CS,CROSS64_HOLD,-0.49185153391016456,68
REFUGE_Valid,SEALED_REVIEW,17011,1,Q3,OD,CC,CROSS64_HOLD,-0.662398936800372,68
REFUGE_Valid,SEALED_REVIEW,17011,1,Q3,OD,SS,C_CONT,3.5278855202725907,68
REFUGE_Valid,SEALED_REVIEW,17011,1,Q3,OD,SS,ANCHOR,4.775484807928166,68
REFUGE_Valid,SEALED_REVIEW,17011,1,Q3,OD,SS,SOURCE_HOLD,-0.8706457365086635,68
REFUGE_Valid,SEALED_REVIEW,17011,1,Q3,OD,SC,C_CONT,3.487946773314846,68
REFUGE_Valid,SEALED_REVIEW,17011,1,Q3,OD,SC,ANCHOR,4.735546060970421,68
REFUGE_Valid,SEALED_REVIEW,17011,1,Q3,OD,SC,SOURCE_HOLD,-0.9105844834664083,68
REFUGE_Valid,SEALED_REVIEW,17011,1,Q3,OD,CS,C_CONT,2.7569014579382554,68
REFUGE_Valid,SEALED_REVIEW,17011,1,Q3,OD,CS,ANCHOR,4.00450074559383,68
REFUGE_Valid,SEALED_REVIEW,17011,1,Q3,OD,CS,SOURCE_HOLD,-1.6416297988429989,68
REFUGE_Valid,SEALED_REVIEW,17011,1,Q3,OD,CC,C_CONT,2.586354055048048,68
REFUGE_Valid,SEALED_REVIEW,17011,1,Q3,OD,CC,ANCHOR,3.833953342703623,68
REFUGE_Valid,SEALED_REVIEW,17011,1,Q3,OD,CC,SOURCE_HOLD,-1.8121772017332063,68
REFUGE_Valid,SEALED_REVIEW,17011,1,Q3,OD,OPTIMIZER_BY_PARAMETER_INTERACTION,ALGEBRA,0.13060865593246263,68
REFUGE_Valid,SEALED_REVIEW,17011,1,Q3,OC,SC,SS,-0.04336349782767002,68
REFUGE_Valid,SEALED_REVIEW,17011,1,Q3,OC,CC,CS,-0.09125654669551864,68
REFUGE_Valid,SEALED_REVIEW,17011,1,Q3,OC,SS,CS,0.3294743328888856,68
REFUGE_Valid,SEALED_REVIEW,17011,1,Q3,OC,SC,CC,0.37736738175673423,68
REFUGE_Valid,SEALED_REVIEW,17011,1,Q3,OC,SS,CC,0.42073087958440425,68
REFUGE_Valid,SEALED_REVIEW,17011,1,Q3,OC,SS,SAME64_HOLD,-1.2967294779829643,68
REFUGE_Valid,SEALED_REVIEW,17011,1,Q3,OC,SC,SAME64_HOLD,-1.3400929758106344,68
REFUGE_Valid,SEALED_REVIEW,17011,1,Q3,OC,CS,CROSS64_HOLD,-1.630515720112406,68
REFUGE_Valid,SEALED_REVIEW,17011,1,Q3,OC,CC,CROSS64_HOLD,-1.7217722668079247,68
REFUGE_Valid,SEALED_REVIEW,17011,1,Q3,OC,SS,C_CONT,1.5193941987096977,68
REFUGE_Valid,SEALED_REVIEW,17011,1,Q3,OC,SS,ANCHOR,2.273834745594769,68
REFUGE_Valid,SEALED_REVIEW,17011,1,Q3,OC,SS,SOURCE_HOLD,-1.7977466862811866,68
REFUGE_Valid,SEALED_REVIEW,17011,1,Q3,OC,SC,C_CONT,1.4760307008820277,68
REFUGE_Valid,SEALED_REVIEW,17011,1,Q3,OC,SC,ANCHOR,2.230471247767099,68
REFUGE_Valid,SEALED_REVIEW,17011,1,Q3,OC,SC,SOURCE_HOLD,-1.8411101841088566,68
REFUGE_Valid,SEALED_REVIEW,17011,1,Q3,OC,CS,C_CONT,1.189919865820812,68
REFUGE_Valid,SEALED_REVIEW,17011,1,Q3,OC,CS,ANCHOR,1.9443604127058833,68
REFUGE_Valid,SEALED_REVIEW,17011,1,Q3,OC,CS,SOURCE_HOLD,-2.1272210191700722,68
REFUGE_Valid,SEALED_REVIEW,17011,1,Q3,OC,CC,C_CONT,1.0986633191252935,68
REFUGE_Valid,SEALED_REVIEW,17011,1,Q3,OC,CC,ANCHOR,1.8531038660103647,68
REFUGE_Valid,SEALED_REVIEW,17011,1,Q3,OC,CC,SOURCE_HOLD,-2.218477565865591,68
REFUGE_Valid,SEALED_REVIEW,17011,1,Q3,OC,OPTIMIZER_BY_PARAMETER_INTERACTION,ALGEBRA,0.04789304886784862,68
REFUGE_Valid,SEARCH,17011,1,Q4,OD,SC,SS,0.005781709963400772,120
REFUGE_Valid,SEARCH,17011,1,Q4,OD,CC,CS,-0.14660553414482536,120
REFUGE_Valid,SEARCH,17011,1,Q4,OD,SS,CS,0.852373867691341,120
REFUGE_Valid,SEARCH,17011,1,Q4,OD,SC,CC,1.0047611117995672,120
REFUGE_Valid,SEARCH,17011,1,Q4,OD,SS,CC,0.9989794018361664,120
REFUGE_Valid,SEARCH,17011,1,Q4,OD,SS,SAME64_HOLD,-4.175353693706356,120
REFUGE_Valid,SEARCH,17011,1,Q4,OD,SC,SAME64_HOLD,-4.169571983742955,120
REFUGE_Valid,SEARCH,17011,1,Q4,OD,CS,CROSS64_HOLD,-2.3794078183489376,120
REFUGE_Valid,SEARCH,17011,1,Q4,OD,CC,CROSS64_HOLD,-2.526013352493763,120
REFUGE_Valid,SEARCH,17011,1,Q4,OD,SS,C_CONT,3.878058689512173,120
REFUGE_Valid,SEARCH,17011,1,Q4,OD,SS,ANCHOR,5.241972013022732,120
REFUGE_Valid,SEARCH,17011,1,Q4,OD,SS,SOURCE_HOLD,-2.3332369386466354,120
REFUGE_Valid,SEARCH,17011,1,Q4,OD,SC,C_CONT,3.8838403994755737,120
REFUGE_Valid,SEARCH,17011,1,Q4,OD,SC,ANCHOR,5.247753722986133,120
REFUGE_Valid,SEARCH,17011,1,Q4,OD,SC,SOURCE_HOLD,-2.3274552286832346,120
REFUGE_Valid,SEARCH,17011,1,Q4,OD,CS,C_CONT,3.025684821820832,120
REFUGE_Valid,SEARCH,17011,1,Q4,OD,CS,ANCHOR,4.389598145331391,120
REFUGE_Valid,SEARCH,17011,1,Q4,OD,CS,SOURCE_HOLD,-3.1856108063379764,120
REFUGE_Valid,SEARCH,17011,1,Q4,OD,CC,C_CONT,2.8790792876760065,120
REFUGE_Valid,SEARCH,17011,1,Q4,OD,CC,ANCHOR,4.2429926111865655,120
REFUGE_Valid,SEARCH,17011,1,Q4,OD,CC,SOURCE_HOLD,-3.332216340482802,120
REFUGE_Valid,SEARCH,17011,1,Q4,OD,OPTIMIZER_BY_PARAMETER_INTERACTION,ALGEBRA,0.15238724410822613,120
REFUGE_Valid,SEARCH,17011,1,Q4,OC,SC,SS,-0.07148652640843522,120
REFUGE_Valid,SEARCH,17011,1,Q4,OC,CC,CS,-0.12612736545322178,120
REFUGE_Valid,SEARCH,17011,1,Q4,OC,SS,CS,0.4106677371306944,120
REFUGE_Valid,SEARCH,17011,1,Q4,OC,SC,CC,0.46530857617548094,120
REFUGE_Valid,SEARCH,17011,1,Q4,OC,SS,CC,0.5367951025839162,120
REFUGE_Valid,SEARCH,17011,1,Q4,OC,SS,SAME64_HOLD,-2.0444719352674667,120
REFUGE_Valid,SEARCH,17011,1,Q4,OC,SC,SAME64_HOLD,-2.115958461675902,120
REFUGE_Valid,SEARCH,17011,1,Q4,OC,CS,CROSS64_HOLD,-1.8371281792890954,120
REFUGE_Valid,SEARCH,17011,1,Q4,OC,CC,CROSS64_HOLD,-1.9632555447423172,120
REFUGE_Valid,SEARCH,17011,1,Q4,OC,SS,C_CONT,1.9333798091741698,120
REFUGE_Valid,SEARCH,17011,1,Q4,OC,SS,ANCHOR,3.1077791592042843,120
REFUGE_Valid,SEARCH,17011,1,Q4,OC,SS,SOURCE_HOLD,-1.8856365918014433,120
REFUGE_Valid,SEARCH,17011,1,Q4,OC,SC,C_CONT,1.8618932827657346,120
REFUGE_Valid,SEARCH,17011,1,Q4,OC,SC,ANCHOR,3.036292632795849,120
REFUGE_Valid,SEARCH,17011,1,Q4,OC,SC,SOURCE_HOLD,-1.9571231182098785,120
REFUGE_Valid,SEARCH,17011,1,Q4,OC,CS,C_CONT,1.5227120720434755,120
REFUGE_Valid,SEARCH,17011,1,Q4,OC,CS,ANCHOR,2.69711142207359,120
REFUGE_Valid,SEARCH,17011,1,Q4,OC,CS,SOURCE_HOLD,-2.2963043289321377,120
REFUGE_Valid,SEARCH,17011,1,Q4,OC,CC,C_CONT,1.3965847065902537,120
REFUGE_Valid,SEARCH,17011,1,Q4,OC,CC,ANCHOR,2.570984056620368,120
REFUGE_Valid,SEARCH,17011,1,Q4,OC,CC,SOURCE_HOLD,-2.4224316943853594,120
REFUGE_Valid,SEARCH,17011,1,Q4,OC,OPTIMIZER_BY_PARAMETER_INTERACTION,ALGEBRA,0.05464083904478656,120
REFUGE_Valid,SEALED_REVIEW,17011,1,Q4,OD,SC,SS,0.05224798075771275,52
REFUGE_Valid,SEALED_REVIEW,17011,1,Q4,OD,CC,CS,-0.10908220868515173,52
REFUGE_Valid,SEALED_REVIEW,17011,1,Q4,OD,SS,CS,0.732938277275025,52
REFUGE_Valid,SEALED_REVIEW,17011,1,Q4,OD,SC,CC,0.8942684667178895,52
REFUGE_Valid,SEALED_REVIEW,17011,1,Q4,OD,SS,CC,0.8420204859601768,52
REFUGE_Valid,SEALED_REVIEW,17011,1,Q4,OD,SS,SAME64_HOLD,-3.9308891484983377,52
REFUGE_Valid,SEALED_REVIEW,17011,1,Q4,OD,SC,SAME64_HOLD,-3.878641167740625,52
REFUGE_Valid,SEALED_REVIEW,17011,1,Q4,OD,CS,CROSS64_HOLD,-1.997060473965064,52
REFUGE_Valid,SEALED_REVIEW,17011,1,Q4,OD,CC,CROSS64_HOLD,-2.1061426826502156,52
REFUGE_Valid,SEALED_REVIEW,17011,1,Q4,OD,SS,C_CONT,3.611006635315448,52
REFUGE_Valid,SEALED_REVIEW,17011,1,Q4,OD,SS,ANCHOR,5.0143921116714125,52
REFUGE_Valid,SEALED_REVIEW,17011,1,Q4,OD,SS,SOURCE_HOLD,-2.0464475410185514,52
REFUGE_Valid,SEALED_REVIEW,17011,1,Q4,OD,SC,C_CONT,3.6632546160731607,52
REFUGE_Valid,SEALED_REVIEW,17011,1,Q4,OD,SC,ANCHOR,5.066640092429125,52
REFUGE_Valid,SEALED_REVIEW,17011,1,Q4,OD,SC,SOURCE_HOLD,-1.9941995602608387,52
REFUGE_Valid,SEALED_REVIEW,17011,1,Q4,OD,CS,C_CONT,2.878068358040423,52
REFUGE_Valid,SEALED_REVIEW,17011,1,Q4,OD,CS,ANCHOR,4.2814538343963875,52
REFUGE_Valid,SEALED_REVIEW,17011,1,Q4,OD,CS,SOURCE_HOLD,-2.7793858182935764,52
REFUGE_Valid,SEALED_REVIEW,17011,1,Q4,OD,CC,C_CONT,2.768986149355271,52
REFUGE_Valid,SEALED_REVIEW,17011,1,Q4,OD,CC,ANCHOR,4.172371625711236,52
REFUGE_Valid,SEALED_REVIEW,17011,1,Q4,OD,CC,SOURCE_HOLD,-2.888468026978728,52
REFUGE_Valid,SEALED_REVIEW,17011,1,Q4,OD,OPTIMIZER_BY_PARAMETER_INTERACTION,ALGEBRA,0.16133018944286448,52
REFUGE_Valid,SEALED_REVIEW,17011,1,Q4,OC,SC,SS,-0.13098906761069884,52
REFUGE_Valid,SEALED_REVIEW,17011,1,Q4,OC,CC,CS,-0.1569534203362366,52
REFUGE_Valid,SEALED_REVIEW,17011,1,Q4,OC,SS,CS,0.6525005828538184,52
REFUGE_Valid,SEALED_REVIEW,17011,1,Q4,OC,SC,CC,0.6784649355793562,52
REFUGE_Valid,SEALED_REVIEW,17011,1,Q4,OC,SS,CC,0.809454003190055,52
REFUGE_Valid,SEALED_REVIEW,17011,1,Q4,OC,SS,SAME64_HOLD,-2.004920448523748,52
REFUGE_Valid,SEALED_REVIEW,17011,1,Q4,OC,SC,SAME64_HOLD,-2.135909516134447,52
REFUGE_Valid,SEALED_REVIEW,17011,1,Q4,OC,CS,CROSS64_HOLD,-1.7159866187985386,52
REFUGE_Valid,SEALED_REVIEW,17011,1,Q4,OC,CC,CROSS64_HOLD,-1.8729400391347752,52
REFUGE_Valid,SEALED_REVIEW,17011,1,Q4,OC,SS,C_CONT,2.253416928380865,52
REFUGE_Valid,SEALED_REVIEW,17011,1,Q4,OC,SS,ANCHOR,3.3919386321830416,52
REFUGE_Valid,SEALED_REVIEW,17011,1,Q4,OC,SS,SOURCE_HOLD,-1.7219221036700247,52
REFUGE_Valid,SEALED_REVIEW,17011,1,Q4,OC,SC,C_CONT,2.1224278607701663,52
REFUGE_Valid,SEALED_REVIEW,17011,1,Q4,OC,SC,ANCHOR,3.2609495645723428,52
REFUGE_Valid,SEALED_REVIEW,17011,1,Q4,OC,SC,SOURCE_HOLD,-1.8529111712807236,52
REFUGE_Valid,SEALED_REVIEW,17011,1,Q4,OC,CS,C_CONT,1.6009163455270468,52
REFUGE_Valid,SEALED_REVIEW,17011,1,Q4,OC,CS,ANCHOR,2.739438049329223,52
REFUGE_Valid,SEALED_REVIEW,17011,1,Q4,OC,CS,SOURCE_HOLD,-2.374422686523843,52
REFUGE_Valid,SEALED_REVIEW,17011,1,Q4,OC,CC,C_CONT,1.4439629251908102,52
REFUGE_Valid,SEALED_REVIEW,17011,1,Q4,OC,CC,ANCHOR,2.5824846289929866,52
REFUGE_Valid,SEALED_REVIEW,17011,1,Q4,OC,CC,SOURCE_HOLD,-2.5313761068600797,52
REFUGE_Valid,SEALED_REVIEW,17011,1,Q4,OC,OPTIMIZER_BY_PARAMETER_INTERACTION,ALGEBRA,0.025964352725537765,52
ORIGA,SEARCH,29009,0,ALL,OD,SC,SS,1.0920260819679442,316
ORIGA,SEARCH,29009,0,ALL,OD,CC,CS,1.0902932328869923,316
ORIGA,SEARCH,29009,0,ALL,OD,SS,CS,1.0829772983618682,316
ORIGA,SEARCH,29009,0,ALL,OD,SC,CC,1.08471014744282,316
ORIGA,SEARCH,29009,0,ALL,OD,SS,CC,-0.007315934525124135,316
ORIGA,SEARCH,29009,0,ALL,OD,SS,SAME64_HOLD,6.120453084097832,316
ORIGA,SEARCH,29009,0,ALL,OD,SC,SAME64_HOLD,7.212479166065776,316
ORIGA,SEARCH,29009,0,ALL,OD,CS,CROSS64_HOLD,8.095193423597578,316
ORIGA,SEARCH,29009,0,ALL,OD,CC,CROSS64_HOLD,9.18548665648457,316
ORIGA,SEARCH,29009,0,ALL,OD,SS,C_CONT,-3.3897119252641374,316
ORIGA,SEARCH,29009,0,ALL,OD,SS,ANCHOR,-3.8979501378562276,316
ORIGA,SEARCH,29009,0,ALL,OD,SS,SOURCE_HOLD,9.803999779769995,316
ORIGA,SEARCH,29009,0,ALL,OD,SC,C_CONT,-2.2976858432961933,316
ORIGA,SEARCH,29009,0,ALL,OD,SC,ANCHOR,-2.8059240558882834,316
ORIGA,SEARCH,29009,0,ALL,OD,SC,SOURCE_HOLD,10.89602586173794,316
ORIGA,SEARCH,29009,0,ALL,OD,CS,C_CONT,-4.472689223626006,316
ORIGA,SEARCH,29009,0,ALL,OD,CS,ANCHOR,-4.980927436218096,316
ORIGA,SEARCH,29009,0,ALL,OD,CS,SOURCE_HOLD,8.721022481408127,316
ORIGA,SEARCH,29009,0,ALL,OD,CC,C_CONT,-3.3823959907390133,316
ORIGA,SEARCH,29009,0,ALL,OD,CC,ANCHOR,-3.8906342033311034,316
ORIGA,SEARCH,29009,0,ALL,OD,CC,SOURCE_HOLD,9.81131571429512,316
ORIGA,SEARCH,29009,0,ALL,OD,OPTIMIZER_BY_PARAMETER_INTERACTION,ALGEBRA,0.001732849080951837,316
ORIGA,SEARCH,29009,0,ALL,OC,SC,SS,1.2260014160699484,316
ORIGA,SEARCH,29009,0,ALL,OC,CC,CS,1.1031610709984818,316
ORIGA,SEARCH,29009,0,ALL,OC,SS,CS,1.1925718034420214,316
ORIGA,SEARCH,29009,0,ALL,OC,SC,CC,1.315412148513488,316
ORIGA,SEARCH,29009,0,ALL,OC,SS,CC,0.08941073244353959,316
ORIGA,SEARCH,29009,0,ALL,OC,SS,SAME64_HOLD,7.151164788930423,316
ORIGA,SEARCH,29009,0,ALL,OC,SC,SAME64_HOLD,8.377166205000371,316
ORIGA,SEARCH,29009,0,ALL,OC,CS,CROSS64_HOLD,9.266248608093626,316
ORIGA,SEARCH,29009,0,ALL,OC,CC,CROSS64_HOLD,10.369409679092108,316
ORIGA,SEARCH,29009,0,ALL,OC,SS,C_CONT,-4.212124031153593,316
ORIGA,SEARCH,29009,0,ALL,OC,SS,ANCHOR,-4.570016584562353,316
ORIGA,SEARCH,29009,0,ALL,OC,SS,SOURCE_HOLD,11.406324145988023,316
ORIGA,SEARCH,29009,0,ALL,OC,SC,C_CONT,-2.9861226150836444,316
ORIGA,SEARCH,29009,0,ALL,OC,SC,ANCHOR,-3.3440151684924047,316
ORIGA,SEARCH,29009,0,ALL,OC,SC,SOURCE_HOLD,12.632325562057972,316
ORIGA,SEARCH,29009,0,ALL,OC,CS,C_CONT,-5.404695834595614,316
ORIGA,SEARCH,29009,0,ALL,OC,CS,ANCHOR,-5.7625883880043745,316
ORIGA,SEARCH,29009,0,ALL,OC,CS,SOURCE_HOLD,10.213752342546002,316
ORIGA,SEARCH,29009,0,ALL,OC,CC,C_CONT,-4.301534763597132,316
ORIGA,SEARCH,29009,0,ALL,OC,CC,ANCHOR,-4.659427317005893,316
ORIGA,SEARCH,29009,0,ALL,OC,CC,SOURCE_HOLD,11.316913413544484,316
ORIGA,SEARCH,29009,0,ALL,OC,OPTIMIZER_BY_PARAMETER_INTERACTION,ALGEBRA,0.12284034507146657,316
ORIGA,SEARCH,29009,0,Q1,OD,SC,SS,1.3178547471913333,81
ORIGA,SEARCH,29009,0,Q1,OD,CC,CS,1.3999009972162497,81
ORIGA,SEARCH,29009,0,Q1,OD,SS,CS,2.2702059313222946,81
ORIGA,SEARCH,29009,0,Q1,OD,SC,CC,2.1881596812973783,81
ORIGA,SEARCH,29009,0,Q1,OD,SS,CC,0.8703049341060449,81
ORIGA,SEARCH,29009,0,Q1,OD,SS,SAME64_HOLD,3.5747231862488746,81
ORIGA,SEARCH,29009,0,Q1,OD,SC,SAME64_HOLD,4.892577933440208,81
ORIGA,SEARCH,29009,0,Q1,OD,CS,CROSS64_HOLD,4.399656956747194,81
ORIGA,SEARCH,29009,0,Q1,OD,CC,CROSS64_HOLD,5.799557953963443,81
ORIGA,SEARCH,29009,0,Q1,OD,SS,C_CONT,-4.913132522811708,81
ORIGA,SEARCH,29009,0,Q1,OD,SS,ANCHOR,-5.784245809689338,81
ORIGA,SEARCH,29009,0,Q1,OD,SS,SOURCE_HOLD,7.162479077199762,81
ORIGA,SEARCH,29009,0,Q1,OD,SC,C_CONT,-3.5952777756203744,81
ORIGA,SEARCH,29009,0,Q1,OD,SC,ANCHOR,-4.466391062498005,81
ORIGA,SEARCH,29009,0,Q1,OD,SC,SOURCE_HOLD,8.480333824391096,81
ORIGA,SEARCH,29009,0,Q1,OD,CS,C_CONT,-7.183338454134002,81
ORIGA,SEARCH,29009,0,Q1,OD,CS,ANCHOR,-8.054451741011633,81
ORIGA,SEARCH,29009,0,Q1,OD,CS,SOURCE_HOLD,4.892273145877468,81
ORIGA,SEARCH,29009,0,Q1,OD,CC,C_CONT,-5.783437456917753,81
ORIGA,SEARCH,29009,0,Q1,OD,CC,ANCHOR,-6.654550743795383,81
ORIGA,SEARCH,29009,0,Q1,OD,CC,SOURCE_HOLD,6.2921741430937175,81
ORIGA,SEARCH,29009,0,Q1,OD,OPTIMIZER_BY_PARAMETER_INTERACTION,ALGEBRA,-0.08204625002491639,81
ORIGA,SEARCH,29009,0,Q1,OC,SC,SS,1.7113653763884926,81
ORIGA,SEARCH,29009,0,Q1,OC,CC,CS,1.5595601546671247,81
ORIGA,SEARCH,29009,0,Q1,OC,SS,CS,2.8889090736134904,81
ORIGA,SEARCH,29009,0,Q1,OC,SC,CC,3.0407142953348583,81
ORIGA,SEARCH,29009,0,Q1,OC,SS,CC,1.3293489189463656,81
ORIGA,SEARCH,29009,0,Q1,OC,SS,SAME64_HOLD,4.174447252351278,81
ORIGA,SEARCH,29009,0,Q1,OC,SC,SAME64_HOLD,5.885812628739771,81
ORIGA,SEARCH,29009,0,Q1,OC,CS,CROSS64_HOLD,4.853881838097138,81
ORIGA,SEARCH,29009,0,Q1,OC,CC,CROSS64_HOLD,6.4134419927642625,81
ORIGA,SEARCH,29009,0,Q1,OC,SS,C_CONT,-6.1622366364377825,81
ORIGA,SEARCH,29009,0,Q1,OC,SS,ANCHOR,-6.086693738029908,81
ORIGA,SEARCH,29009,0,Q1,OC,SS,SOURCE_HOLD,8.684333355362838,81
ORIGA,SEARCH,29009,0,Q1,OC,SC,C_CONT,-4.45087126004929,81
ORIGA,SEARCH,29009,0,Q1,OC,SC,ANCHOR,-4.375328361641415,81
ORIGA,SEARCH,29009,0,Q1,OC,SC,SOURCE_HOLD,10.395698731751331,81
ORIGA,SEARCH,29009,0,Q1,OC,CS,C_CONT,-9.051145710051273,81
ORIGA,SEARCH,29009,0,Q1,OC,CS,ANCHOR,-8.975602811643398,81
ORIGA,SEARCH,29009,0,Q1,OC,CS,SOURCE_HOLD,5.795424281749348,81
ORIGA,SEARCH,29009,0,Q1,OC,CC,C_CONT,-7.491585555384148,81
ORIGA,SEARCH,29009,0,Q1,OC,CC,ANCHOR,-7.416042656976273,81
ORIGA,SEARCH,29009,0,Q1,OC,CC,SOURCE_HOLD,7.354984436416473,81
ORIGA,SEARCH,29009,0,Q1,OC,OPTIMIZER_BY_PARAMETER_INTERACTION,ALGEBRA,0.1518052217213679,81
ORIGA,SEARCH,29009,0,FIRST64,OD,SC,SS,0.6290447502000944,35
ORIGA,SEARCH,29009,0,FIRST64,OD,CC,CS,0.6765214111733826,35
ORIGA,SEARCH,29009,0,FIRST64,OD,SS,CS,2.310796804267369,35
ORIGA,SEARCH,29009,0,FIRST64,OD,SC,CC,2.263320143294081,35
ORIGA,SEARCH,29009,0,FIRST64,OD,SS,CC,1.6342753930939864,35
ORIGA,SEARCH,29009,0,FIRST64,OD,SS,SAME64_HOLD,1.4400628506153481,35
ORIGA,SEARCH,29009,0,FIRST64,OD,SC,SAME64_HOLD,2.0691076008154425,35
ORIGA,SEARCH,29009,0,FIRST64,OD,CS,CROSS64_HOLD,2.0293284368606095,35
ORIGA,SEARCH,29009,0,FIRST64,OD,CC,CROSS64_HOLD,2.705849848033992,35
ORIGA,SEARCH,29009,0,FIRST64,OD,SS,C_CONT,-4.233261420660426,35
ORIGA,SEARCH,29009,0,FIRST64,OD,SS,ANCHOR,-5.166886685297499,35
ORIGA,SEARCH,29009,0,FIRST64,OD,SS,SOURCE_HOLD,4.722179263136482,35
ORIGA,SEARCH,29009,0,FIRST64,OD,SC,C_CONT,-3.604216670460332,35
ORIGA,SEARCH,29009,0,FIRST64,OD,SC,ANCHOR,-4.537841935097404,35
ORIGA,SEARCH,29009,0,FIRST64,OD,SC,SOURCE_HOLD,5.3512240133365765,35
ORIGA,SEARCH,29009,0,FIRST64,OD,CS,C_CONT,-6.544058224927795,35
ORIGA,SEARCH,29009,0,FIRST64,OD,CS,ANCHOR,-7.477683489564868,35
ORIGA,SEARCH,29009,0,FIRST64,OD,CS,SOURCE_HOLD,2.411382458869113,35
ORIGA,SEARCH,29009,0,FIRST64,OD,CC,C_CONT,-5.867536813754413,35
ORIGA,SEARCH,29009,0,FIRST64,OD,CC,ANCHOR,-6.801162078391485,35
ORIGA,SEARCH,29009,0,FIRST64,OD,CC,SOURCE_HOLD,3.0879038700424957,35
ORIGA,SEARCH,29009,0,FIRST64,OD,OPTIMIZER_BY_PARAMETER_INTERACTION,ALGEBRA,-0.047476660973288176,35
ORIGA,SEARCH,29009,0,FIRST64,OC,SC,SS,0.5234451075741333,35
ORIGA,SEARCH,29009,0,FIRST64,OC,CC,CS,0.5980549689201453,35
ORIGA,SEARCH,29009,0,FIRST64,OC,SS,CS,2.9498817081945745,35
ORIGA,SEARCH,29009,0,FIRST64,OC,SC,CC,2.8752718468485625,35
ORIGA,SEARCH,29009,0,FIRST64,OC,SS,CC,2.351826739274429,35
ORIGA,SEARCH,29009,0,FIRST64,OC,SS,SAME64_HOLD,1.813288142223719,35
ORIGA,SEARCH,29009,0,FIRST64,OC,SC,SAME64_HOLD,2.3367332497978524,35
ORIGA,SEARCH,29009,0,FIRST64,OC,CS,CROSS64_HOLD,2.6652748847073937,35
ORIGA,SEARCH,29009,0,FIRST64,OC,CC,CROSS64_HOLD,3.263329853627539,35
ORIGA,SEARCH,29009,0,FIRST64,OC,SS,C_CONT,-4.5281403227139805,35
ORIGA,SEARCH,29009,0,FIRST64,OC,SS,ANCHOR,-4.386020663294701,35
ORIGA,SEARCH,29009,0,FIRST64,OC,SS,SOURCE_HOLD,6.391158377035666,35
ORIGA,SEARCH,29009,0,FIRST64,OC,SC,C_CONT,-4.004695215139847,35
ORIGA,SEARCH,29009,0,FIRST64,OC,SC,ANCHOR,-3.862575555720568,35
ORIGA,SEARCH,29009,0,FIRST64,OC,SC,SOURCE_HOLD,6.914603484609799,35
ORIGA,SEARCH,29009,0,FIRST64,OC,CS,C_CONT,-7.478022030908555,35
ORIGA,SEARCH,29009,0,FIRST64,OC,CS,ANCHOR,-7.335902371489276,35
ORIGA,SEARCH,29009,0,FIRST64,OC,CS,SOURCE_HOLD,3.441276668841091,35
ORIGA,SEARCH,29009,0,FIRST64,OC,CC,C_CONT,-6.87996706198841,35
ORIGA,SEARCH,29009,0,FIRST64,OC,CC,ANCHOR,-6.73784740256913,35
ORIGA,SEARCH,29009,0,FIRST64,OC,CC,SOURCE_HOLD,4.0393316377612365,35
ORIGA,SEARCH,29009,0,FIRST64,OC,OPTIMIZER_BY_PARAMETER_INTERACTION,ALGEBRA,-0.074609861346012,35
ORIGA,SEALED_REVIEW,29009,0,ALL,OD,SC,SS,1.061089520282124,210
ORIGA,SEALED_REVIEW,29009,0,ALL,OD,CC,CS,1.0337028798971346,210
ORIGA,SEALED_REVIEW,29009,0,ALL,OD,SS,CS,1.1099597597958137,210
ORIGA,SEALED_REVIEW,29009,0,ALL,OD,SC,CC,1.1373464001808031,210
ORIGA,SEALED_REVIEW,29009,0,ALL,OD,SS,CC,0.07625687989867913,210
ORIGA,SEALED_REVIEW,29009,0,ALL,OD,SS,SAME64_HOLD,5.93685987688778,210
ORIGA,SEALED_REVIEW,29009,0,ALL,OD,SC,SAME64_HOLD,6.997949397169904,210
ORIGA,SEALED_REVIEW,29009,0,ALL,OD,CS,CROSS64_HOLD,8.105615978280227,210
ORIGA,SEALED_REVIEW,29009,0,ALL,OD,CC,CROSS64_HOLD,9.139318858177361,210
ORIGA,SEALED_REVIEW,29009,0,ALL,OD,SS,C_CONT,-3.2652606573163325,210
ORIGA,SEALED_REVIEW,29009,0,ALL,OD,SS,ANCHOR,-3.7305196662401556,210
ORIGA,SEALED_REVIEW,29009,0,ALL,OD,SS,SOURCE_HOLD,9.95008481581904,210
ORIGA,SEALED_REVIEW,29009,0,ALL,OD,SC,C_CONT,-2.2041711370342085,210
ORIGA,SEALED_REVIEW,29009,0,ALL,OD,SC,ANCHOR,-2.6694301459580316,210
ORIGA,SEALED_REVIEW,29009,0,ALL,OD,SC,SOURCE_HOLD,11.011174336101163,210
ORIGA,SEALED_REVIEW,29009,0,ALL,OD,CS,C_CONT,-4.375220417112146,210
ORIGA,SEALED_REVIEW,29009,0,ALL,OD,CS,ANCHOR,-4.840479426035969,210
ORIGA,SEALED_REVIEW,29009,0,ALL,OD,CS,SOURCE_HOLD,8.840125056023226,210
ORIGA,SEALED_REVIEW,29009,0,ALL,OD,CC,C_CONT,-3.3415175372150117,210
ORIGA,SEALED_REVIEW,29009,0,ALL,OD,CC,ANCHOR,-3.8067765461388348,210
ORIGA,SEALED_REVIEW,29009,0,ALL,OD,CC,SOURCE_HOLD,9.87382793592036,210
ORIGA,SEALED_REVIEW,29009,0,ALL,OD,OPTIMIZER_BY_PARAMETER_INTERACTION,ALGEBRA,0.02738664038498939,210
ORIGA,SEALED_REVIEW,29009,0,ALL,OC,SC,SS,1.0274799979137015,210
ORIGA,SEALED_REVIEW,29009,0,ALL,OC,CC,CS,1.1268148525887796,210
ORIGA,SEALED_REVIEW,29009,0,ALL,OC,SS,CS,1.2915528210749017,210
ORIGA,SEALED_REVIEW,29009,0,ALL,OC,SC,CC,1.1922179663998236,210
ORIGA,SEALED_REVIEW,29009,0,ALL,OC,SS,CC,0.1647379684861221,210
ORIGA,SEALED_REVIEW,29009,0,ALL,OC,SS,SAME64_HOLD,6.557001830934837,210
ORIGA,SEALED_REVIEW,29009,0,ALL,OC,SC,SAME64_HOLD,7.5844818288485385,210
ORIGA,SEALED_REVIEW,29009,0,ALL,OC,CS,CROSS64_HOLD,8.74935916975705,210
ORIGA,SEALED_REVIEW,29009,0,ALL,OC,CC,CROSS64_HOLD,9.876174022345829,210
ORIGA,SEALED_REVIEW,29009,0,ALL,OC,SS,C_CONT,-3.5925135797127865,210
ORIGA,SEALED_REVIEW,29009,0,ALL,OC,SS,ANCHOR,-3.882509183436042,210
ORIGA,SEALED_REVIEW,29009,0,ALL,OC,SS,SOURCE_HOLD,11.180547545245517,210
ORIGA,SEALED_REVIEW,29009,0,ALL,OC,SC,C_CONT,-2.565033581799085,210
ORIGA,SEALED_REVIEW,29009,0,ALL,OC,SC,ANCHOR,-2.8550291855223406,210
ORIGA,SEALED_REVIEW,29009,0,ALL,OC,SC,SOURCE_HOLD,12.208027543159218,210
ORIGA,SEALED_REVIEW,29009,0,ALL,OC,CS,C_CONT,-4.884066400787688,210
ORIGA,SEALED_REVIEW,29009,0,ALL,OC,CS,ANCHOR,-5.174062004510944,210
ORIGA,SEALED_REVIEW,29009,0,ALL,OC,CS,SOURCE_HOLD,9.888994724170615,210
ORIGA,SEALED_REVIEW,29009,0,ALL,OC,CC,C_CONT,-3.7572515481989086,210
ORIGA,SEALED_REVIEW,29009,0,ALL,OC,CC,ANCHOR,-4.047247151922164,210
ORIGA,SEALED_REVIEW,29009,0,ALL,OC,CC,SOURCE_HOLD,11.015809576759395,210
ORIGA,SEALED_REVIEW,29009,0,ALL,OC,OPTIMIZER_BY_PARAMETER_INTERACTION,ALGEBRA,-0.09933485467507808,210
ORIGA,SEALED_REVIEW,29009,0,Q1,OD,SC,SS,1.4382350015379615,46
ORIGA,SEALED_REVIEW,29009,0,Q1,OD,CC,CS,1.539997359034757,46
ORIGA,SEALED_REVIEW,29009,0,Q1,OD,SS,CS,2.745942622243817,46
ORIGA,SEALED_REVIEW,29009,0,Q1,OD,SC,CC,2.644180264747021,46
ORIGA,SEALED_REVIEW,29009,0,Q1,OD,SS,CC,1.2059452632090597,46
ORIGA,SEALED_REVIEW,29009,0,Q1,OD,SS,SAME64_HOLD,4.005553315511889,46
ORIGA,SEALED_REVIEW,29009,0,Q1,OD,SC,SAME64_HOLD,5.443788317049851,46
ORIGA,SEALED_REVIEW,29009,0,Q1,OD,CS,CROSS64_HOLD,5.460215531292931,46
ORIGA,SEALED_REVIEW,29009,0,Q1,OD,CC,CROSS64_HOLD,7.000212890327688,46
ORIGA,SEALED_REVIEW,29009,0,Q1,OD,SS,C_CONT,-5.524208377247831,46
ORIGA,SEALED_REVIEW,29009,0,Q1,OD,SS,ANCHOR,-6.366792664777606,46
ORIGA,SEALED_REVIEW,29009,0,Q1,OD,SS,SOURCE_HOLD,9.351423244333446,46
ORIGA,SEALED_REVIEW,29009,0,Q1,OD,SC,C_CONT,-4.0859733757098695,46
ORIGA,SEALED_REVIEW,29009,0,Q1,OD,SC,ANCHOR,-4.928557663239644,46
ORIGA,SEALED_REVIEW,29009,0,Q1,OD,SC,SOURCE_HOLD,10.789658245871408,46
ORIGA,SEALED_REVIEW,29009,0,Q1,OD,CS,C_CONT,-8.270150999491648,46
ORIGA,SEALED_REVIEW,29009,0,Q1,OD,CS,ANCHOR,-9.112735287021422,46
ORIGA,SEALED_REVIEW,29009,0,Q1,OD,CS,SOURCE_HOLD,6.60548062208963,46
ORIGA,SEALED_REVIEW,29009,0,Q1,OD,CC,C_CONT,-6.730153640456891,46
ORIGA,SEALED_REVIEW,29009,0,Q1,OD,CC,ANCHOR,-7.572737927986665,46
ORIGA,SEALED_REVIEW,29009,0,Q1,OD,CC,SOURCE_HOLD,8.145477981124387,46
ORIGA,SEALED_REVIEW,29009,0,Q1,OD,OPTIMIZER_BY_PARAMETER_INTERACTION,ALGEBRA,-0.10176235749679563,46
ORIGA,SEALED_REVIEW,29009,0,Q1,OC,SC,SS,1.5225699963674941,46
ORIGA,SEALED_REVIEW,29009,0,Q1,OC,CC,CS,1.9117207113962351,46
ORIGA,SEALED_REVIEW,29009,0,Q1,OC,SS,CS,3.354265543067065,46
ORIGA,SEALED_REVIEW,29009,0,Q1,OC,SC,CC,2.965114828038324,46
ORIGA,SEALED_REVIEW,29009,0,Q1,OC,SS,CC,1.4425448316708298,46
ORIGA,SEALED_REVIEW,29009,0,Q1,OC,SS,SAME64_HOLD,5.500449983011194,46
ORIGA,SEALED_REVIEW,29009,0,Q1,OC,SC,SAME64_HOLD,7.023019979378688,46
ORIGA,SEALED_REVIEW,29009,0,Q1,OC,CS,CROSS64_HOLD,6.010503973094849,46
ORIGA,SEALED_REVIEW,29009,0,Q1,OC,CC,CROSS64_HOLD,7.922224684491084,46
ORIGA,SEALED_REVIEW,29009,0,Q1,OC,SS,C_CONT,-6.683259867188596,46
ORIGA,SEALED_REVIEW,29009,0,Q1,OC,SS,ANCHOR,-6.642913373310023,46
ORIGA,SEALED_REVIEW,29009,0,Q1,OC,SS,SOURCE_HOLD,11.211042159740018,46
ORIGA,SEALED_REVIEW,29009,0,Q1,OC,SC,C_CONT,-5.160689870821102,46
ORIGA,SEALED_REVIEW,29009,0,Q1,OC,SC,ANCHOR,-5.120343376942529,46
ORIGA,SEALED_REVIEW,29009,0,Q1,OC,SC,SOURCE_HOLD,12.733612156107512,46
ORIGA,SEALED_REVIEW,29009,0,Q1,OC,CS,C_CONT,-10.037525410255661,46
ORIGA,SEALED_REVIEW,29009,0,Q1,OC,CS,ANCHOR,-9.997178916377088,46
ORIGA,SEALED_REVIEW,29009,0,Q1,OC,CS,SOURCE_HOLD,7.856776616672953,46
ORIGA,SEALED_REVIEW,29009,0,Q1,OC,CC,C_CONT,-8.125804698859426,46
ORIGA,SEALED_REVIEW,29009,0,Q1,OC,CC,ANCHOR,-8.085458204980853,46
ORIGA,SEALED_REVIEW,29009,0,Q1,OC,CC,SOURCE_HOLD,9.768497328069188,46
ORIGA,SEALED_REVIEW,29009,0,Q1,OC,OPTIMIZER_BY_PARAMETER_INTERACTION,ALGEBRA,-0.389150715028741,46
ORIGA,SEALED_REVIEW,29009,0,FIRST64,OD,SC,SS,0.7137091608927051,20
ORIGA,SEALED_REVIEW,29009,0,FIRST64,OD,CC,CS,0.8378081441250487,20
ORIGA,SEALED_REVIEW,29009,0,FIRST64,OD,SS,CS,3.1631664947429243,20
ORIGA,SEALED_REVIEW,29009,0,FIRST64,OD,SC,CC,3.0390675115105807,20
ORIGA,SEALED_REVIEW,29009,0,FIRST64,OD,SS,CC,2.3253583506178757,20
ORIGA,SEALED_REVIEW,29009,0,FIRST64,OD,SS,SAME64_HOLD,1.702557936871301,20
ORIGA,SEALED_REVIEW,29009,0,FIRST64,OD,SC,SAME64_HOLD,2.416267097764006,20
ORIGA,SEALED_REVIEW,29009,0,FIRST64,OD,CS,CROSS64_HOLD,2.698003784956427,20
ORIGA,SEALED_REVIEW,29009,0,FIRST64,OD,CC,CROSS64_HOLD,3.5358119290814756,20
ORIGA,SEALED_REVIEW,29009,0,FIRST64,OD,SS,C_CONT,-5.415850669048666,20
ORIGA,SEALED_REVIEW,29009,0,FIRST64,OD,SS,ANCHOR,-6.3103834153978795,20
ORIGA,SEALED_REVIEW,29009,0,FIRST64,OD,SS,SOURCE_HOLD,6.959324694092331,20
ORIGA,SEALED_REVIEW,29009,0,FIRST64,OD,SC,C_CONT,-4.702141508155961,20
ORIGA,SEALED_REVIEW,29009,0,FIRST64,OD,SC,ANCHOR,-5.596674254505174,20
ORIGA,SEALED_REVIEW,29009,0,FIRST64,OD,SC,SOURCE_HOLD,7.673033854985036,20
ORIGA,SEALED_REVIEW,29009,0,FIRST64,OD,CS,C_CONT,-8.57901716379159,20
ORIGA,SEALED_REVIEW,29009,0,FIRST64,OD,CS,ANCHOR,-9.473549910140804,20
ORIGA,SEALED_REVIEW,29009,0,FIRST64,OD,CS,SOURCE_HOLD,3.7961581993494065,20
ORIGA,SEALED_REVIEW,29009,0,FIRST64,OD,CC,C_CONT,-7.741209019666542,20
ORIGA,SEALED_REVIEW,29009,0,FIRST64,OD,CC,ANCHOR,-8.635741766015755,20
ORIGA,SEALED_REVIEW,29009,0,FIRST64,OD,CC,SOURCE_HOLD,4.633966343474455,20
ORIGA,SEALED_REVIEW,29009,0,FIRST64,OD,OPTIMIZER_BY_PARAMETER_INTERACTION,ALGEBRA,-0.12409898323234358,20
ORIGA,SEALED_REVIEW,29009,0,FIRST64,OC,SC,SS,0.7871190834008672,20
ORIGA,SEALED_REVIEW,29009,0,FIRST64,OC,CC,CS,0.801023680925411,20
ORIGA,SEALED_REVIEW,29009,0,FIRST64,OC,SS,CS,3.320345164613933,20
ORIGA,SEALED_REVIEW,29009,0,FIRST64,OC,SC,CC,3.306440567089389,20
ORIGA,SEALED_REVIEW,29009,0,FIRST64,OC,SS,CC,2.519321483688522,20
ORIGA,SEALED_REVIEW,29009,0,FIRST64,OC,SS,SAME64_HOLD,2.1646909509435943,20
ORIGA,SEALED_REVIEW,29009,0,FIRST64,OC,SC,SAME64_HOLD,2.9518100343444615,20
ORIGA,SEALED_REVIEW,29009,0,FIRST64,OC,CS,CROSS64_HOLD,2.9016278568320146,20
ORIGA,SEALED_REVIEW,29009,0,FIRST64,OC,CC,CROSS64_HOLD,3.7026515377574256,20
ORIGA,SEALED_REVIEW,29009,0,FIRST64,OC,SS,C_CONT,-7.147855999442413,20
ORIGA,SEALED_REVIEW,29009,0,FIRST64,OC,SS,ANCHOR,-7.024796306010032,20
ORIGA,SEALED_REVIEW,29009,0,FIRST64,OC,SS,SOURCE_HOLD,8.118446047147252,20
ORIGA,SEALED_REVIEW,29009,0,FIRST64,OC,SC,C_CONT,-6.360736916041546,20
ORIGA,SEALED_REVIEW,29009,0,FIRST64,OC,SC,ANCHOR,-6.237677222609165,20
ORIGA,SEALED_REVIEW,29009,0,FIRST64,OC,SC,SOURCE_HOLD,8.90556513054812,20
ORIGA,SEALED_REVIEW,29009,0,FIRST64,OC,CS,C_CONT,-10.468201164056346,20
ORIGA,SEALED_REVIEW,29009,0,FIRST64,OC,CS,ANCHOR,-10.345141470623965,20
ORIGA,SEALED_REVIEW,29009,0,FIRST64,OC,CS,SOURCE_HOLD,4.798100882533319,20
ORIGA,SEALED_REVIEW,29009,0,FIRST64,OC,CC,C_CONT,-9.667177483130935,20
ORIGA,SEALED_REVIEW,29009,0,FIRST64,OC,CC,ANCHOR,-9.544117789698554,20
ORIGA,SEALED_REVIEW,29009,0,FIRST64,OC,CC,SOURCE_HOLD,5.59912456345873,20
ORIGA,SEALED_REVIEW,29009,0,FIRST64,OC,OPTIMIZER_BY_PARAMETER_INTERACTION,ALGEBRA,-0.01390459752454376,20
ORIGA,SEARCH,29009,0,Q2,OD,SC,SS,1.3295969009887187,70
ORIGA,SEARCH,29009,0,Q2,OD,CC,CS,1.3675762918806527,70
ORIGA,SEARCH,29009,0,Q2,OD,SS,CS,1.1476838915832843,70
ORIGA,SEARCH,29009,0,Q2,OD,SC,CC,1.1097045006913504,70
ORIGA,SEARCH,29009,0,Q2,OD,SS,CC,-0.21989240029736834,70
ORIGA,SEARCH,29009,0,Q2,OD,SS,SAME64_HOLD,6.840496540593875,70
ORIGA,SEARCH,29009,0,Q2,OD,SC,SAME64_HOLD,8.170093441582594,70
ORIGA,SEARCH,29009,0,Q2,OD,CS,CROSS64_HOLD,9.577108448595027,70
ORIGA,SEARCH,29009,0,Q2,OD,CC,CROSS64_HOLD,10.94468474047568,70
ORIGA,SEARCH,29009,0,Q2,OD,SS,C_CONT,-3.8181570762701114,70
ORIGA,SEARCH,29009,0,Q2,OD,SS,ANCHOR,-4.413018970748695,70
ORIGA,SEARCH,29009,0,Q2,OD,SS,SOURCE_HOLD,11.85618489009714,70
ORIGA,SEARCH,29009,0,Q2,OD,SC,C_CONT,-2.4885601752813926,70
ORIGA,SEARCH,29009,0,Q2,OD,SC,ANCHOR,-3.083422069759976,70
ORIGA,SEARCH,29009,0,Q2,OD,SC,SOURCE_HOLD,13.185781791085859,70
ORIGA,SEARCH,29009,0,Q2,OD,CS,C_CONT,-4.965840967853396,70
ORIGA,SEARCH,29009,0,Q2,OD,CS,ANCHOR,-5.560702862331979,70
ORIGA,SEARCH,29009,0,Q2,OD,CS,SOURCE_HOLD,10.708500998513856,70
ORIGA,SEARCH,29009,0,Q2,OD,CC,C_CONT,-3.598264675972743,70
ORIGA,SEARCH,29009,0,Q2,OD,CC,ANCHOR,-4.1931265704513265,70
ORIGA,SEARCH,29009,0,Q2,OD,CC,SOURCE_HOLD,12.076077290394508,70
ORIGA,SEARCH,29009,0,Q2,OD,OPTIMIZER_BY_PARAMETER_INTERACTION,ALGEBRA,-0.03797939089193392,70
ORIGA,SEARCH,29009,0,Q2,OC,SC,SS,1.4526705241554652,70
ORIGA,SEARCH,29009,0,Q2,OC,CC,CS,1.2305040830968466,70
ORIGA,SEARCH,29009,0,Q2,OC,SS,CS,0.9038008411566665,70
ORIGA,SEARCH,29009,0,Q2,OC,SC,CC,1.125967282215285,70
ORIGA,SEARCH,29009,0,Q2,OC,SS,CC,-0.3267032419401801,70
ORIGA,SEARCH,29009,0,Q2,OC,SS,SAME64_HOLD,8.022277326134777,70
ORIGA,SEARCH,29009,0,Q2,OC,SC,SAME64_HOLD,9.474947850290242,70
ORIGA,SEARCH,29009,0,Q2,OC,CS,CROSS64_HOLD,11.03903566433273,70
ORIGA,SEARCH,29009,0,Q2,OC,CC,CROSS64_HOLD,12.269539747429576,70
ORIGA,SEARCH,29009,0,Q2,OC,SS,C_CONT,-5.1959625422062885,70
ORIGA,SEARCH,29009,0,Q2,OC,SS,ANCHOR,-5.475155114156536,70
ORIGA,SEARCH,29009,0,Q2,OC,SS,SOURCE_HOLD,13.290196860350349,70
ORIGA,SEARCH,29009,0,Q2,OC,SC,C_CONT,-3.7432920180508233,70
ORIGA,SEARCH,29009,0,Q2,OC,SC,ANCHOR,-4.022484590001071,70
ORIGA,SEARCH,29009,0,Q2,OC,SC,SOURCE_HOLD,14.742867384505814,70
ORIGA,SEARCH,29009,0,Q2,OC,CS,C_CONT,-6.099763383362955,70
ORIGA,SEARCH,29009,0,Q2,OC,CS,ANCHOR,-6.378955955313202,70
ORIGA,SEARCH,29009,0,Q2,OC,CS,SOURCE_HOLD,12.386396019193683,70
ORIGA,SEARCH,29009,0,Q2,OC,CC,C_CONT,-4.869259300266108,70
ORIGA,SEARCH,29009,0,Q2,OC,CC,ANCHOR,-5.148451872216356,70
ORIGA,SEARCH,29009,0,Q2,OC,CC,SOURCE_HOLD,13.61690010229053,70
ORIGA,SEARCH,29009,0,Q2,OC,OPTIMIZER_BY_PARAMETER_INTERACTION,ALGEBRA,0.2221664410586186,70
ORIGA,SEALED_REVIEW,29009,0,Q2,OD,SC,SS,1.3070384263942714,62
ORIGA,SEALED_REVIEW,29009,0,Q2,OD,CC,CS,1.2511888491152376,62
ORIGA,SEALED_REVIEW,29009,0,Q2,OD,SS,CS,1.0322252007553772,62
ORIGA,SEALED_REVIEW,29009,0,Q2,OD,SC,CC,1.0880747780344109,62
ORIGA,SEALED_REVIEW,29009,0,Q2,OD,SS,CC,-0.21896364835986049,62
ORIGA,SEALED_REVIEW,29009,0,Q2,OD,SS,SAME64_HOLD,7.826287361102246,62
ORIGA,SEALED_REVIEW,29009,0,Q2,OD,SC,SAME64_HOLD,9.133325787496517,62
ORIGA,SEALED_REVIEW,29009,0,Q2,OD,CS,CROSS64_HOLD,10.742768517346548,62
ORIGA,SEALED_REVIEW,29009,0,Q2,OD,CC,CROSS64_HOLD,11.993957366461785,62
ORIGA,SEALED_REVIEW,29009,0,Q2,OD,SS,C_CONT,-3.461294421017726,62
ORIGA,SEALED_REVIEW,29009,0,Q2,OD,SS,ANCHOR,-3.927127529070276,62
ORIGA,SEALED_REVIEW,29009,0,Q2,OD,SS,SOURCE_HOLD,12.777780712696597,62
ORIGA,SEALED_REVIEW,29009,0,Q2,OD,SC,C_CONT,-2.1542559946234547,62
ORIGA,SEALED_REVIEW,29009,0,Q2,OD,SC,ANCHOR,-2.6200891026760047,62
ORIGA,SEALED_REVIEW,29009,0,Q2,OD,SC,SOURCE_HOLD,14.084819139090868,62
ORIGA,SEALED_REVIEW,29009,0,Q2,OD,CS,C_CONT,-4.493519621773103,62
ORIGA,SEALED_REVIEW,29009,0,Q2,OD,CS,ANCHOR,-4.959352729825653,62
ORIGA,SEALED_REVIEW,29009,0,Q2,OD,CS,SOURCE_HOLD,11.74555551194122,62
ORIGA,SEALED_REVIEW,29009,0,Q2,OD,CC,C_CONT,-3.2423307726578656,62
ORIGA,SEALED_REVIEW,29009,0,Q2,OD,CC,ANCHOR,-3.7081638807104156,62
ORIGA,SEALED_REVIEW,29009,0,Q2,OD,CC,SOURCE_HOLD,12.996744361056457,62
ORIGA,SEALED_REVIEW,29009,0,Q2,OD,OPTIMIZER_BY_PARAMETER_INTERACTION,ALGEBRA,0.055849577279033724,62
ORIGA,SEALED_REVIEW,29009,0,Q2,OC,SC,SS,1.6001329853415314,62
ORIGA,SEALED_REVIEW,29009,0,Q2,OC,CC,CS,1.6969139193542588,62
ORIGA,SEALED_REVIEW,29009,0,Q2,OC,SS,CS,1.3677027095765482,62
ORIGA,SEALED_REVIEW,29009,0,Q2,OC,SC,CC,1.2709217755638207,62
ORIGA,SEALED_REVIEW,29009,0,Q2,OC,SS,CC,-0.3292112097777107,62
ORIGA,SEALED_REVIEW,29009,0,Q2,OC,SS,SAME64_HOLD,8.58210975570963,62
ORIGA,SEALED_REVIEW,29009,0,Q2,OC,SC,SAME64_HOLD,10.182242741051162,62
ORIGA,SEALED_REVIEW,29009,0,Q2,OC,CS,CROSS64_HOLD,11.839094446127639,62
ORIGA,SEALED_REVIEW,29009,0,Q2,OC,CC,CROSS64_HOLD,13.536008365481898,62
ORIGA,SEALED_REVIEW,29009,0,Q2,OC,SS,C_CONT,-4.447790791080024,62
ORIGA,SEALED_REVIEW,29009,0,Q2,OC,SS,ANCHOR,-4.626050280570027,62
ORIGA,SEALED_REVIEW,29009,0,Q2,OC,SS,SOURCE_HOLD,14.784113966135685,62
ORIGA,SEALED_REVIEW,29009,0,Q2,OC,SC,C_CONT,-2.8476578057384927,62
ORIGA,SEALED_REVIEW,29009,0,Q2,OC,SC,ANCHOR,-3.0259172952284956,62
ORIGA,SEALED_REVIEW,29009,0,Q2,OC,SC,SOURCE_HOLD,16.384246951477216,62
ORIGA,SEALED_REVIEW,29009,0,Q2,OC,CS,C_CONT,-5.815493500656572,62
ORIGA,SEALED_REVIEW,29009,0,Q2,OC,CS,ANCHOR,-5.993752990146575,62
ORIGA,SEALED_REVIEW,29009,0,Q2,OC,CS,SOURCE_HOLD,13.416411256559137,62
ORIGA,SEALED_REVIEW,29009,0,Q2,OC,CC,C_CONT,-4.118579581302313,62
ORIGA,SEALED_REVIEW,29009,0,Q2,OC,CC,ANCHOR,-4.296839070792316,62
ORIGA,SEALED_REVIEW,29009,0,Q2,OC,CC,SOURCE_HOLD,15.113325175913396,62
ORIGA,SEALED_REVIEW,29009,0,Q2,OC,OPTIMIZER_BY_PARAMETER_INTERACTION,ALGEBRA,-0.09678093401272747,62
ORIGA,SEALED_REVIEW,29009,0,Q3,OD,SC,SS,1.0271485067535764,45
ORIGA,SEALED_REVIEW,29009,0,Q3,OD,CC,CS,0.8876130604148926,45
ORIGA,SEALED_REVIEW,29009,0,Q3,OD,SS,CS,0.5763562906854673,45
ORIGA,SEALED_REVIEW,29009,0,Q3,OD,SC,CC,0.7158917370241511,45
ORIGA,SEALED_REVIEW,29009,0,Q3,OD,SS,CC,-0.3112567697294253,45
ORIGA,SEALED_REVIEW,29009,0,Q3,OD,SS,SAME64_HOLD,8.213214567873777,45
ORIGA,SEALED_REVIEW,29009,0,Q3,OD,SC,SAME64_HOLD,9.240363074627354,45
ORIGA,SEALED_REVIEW,29009,0,Q3,OD,CS,CROSS64_HOLD,11.384878379839463,45
ORIGA,SEALED_REVIEW,29009,0,Q3,OD,CC,CROSS64_HOLD,12.272491440254356,45
ORIGA,SEALED_REVIEW,29009,0,Q3,OD,SS,C_CONT,-3.0303722978804757,45
ORIGA,SEALED_REVIEW,29009,0,Q3,OD,SS,ANCHOR,-3.526094182408073,45
ORIGA,SEALED_REVIEW,29009,0,Q3,OD,SS,SOURCE_HOLD,12.774119330965561,45
ORIGA,SEALED_REVIEW,29009,0,Q3,OD,SC,C_CONT,-2.0032237911268993,45
ORIGA,SEALED_REVIEW,29009,0,Q3,OD,SC,ANCHOR,-2.4989456756544968,45
ORIGA,SEALED_REVIEW,29009,0,Q3,OD,SC,SOURCE_HOLD,13.801267837719138,45
ORIGA,SEALED_REVIEW,29009,0,Q3,OD,CS,C_CONT,-3.606728588565943,45
ORIGA,SEALED_REVIEW,29009,0,Q3,OD,CS,ANCHOR,-4.1024504730935405,45
ORIGA,SEALED_REVIEW,29009,0,Q3,OD,CS,SOURCE_HOLD,12.197763040280094,45
ORIGA,SEALED_REVIEW,29009,0,Q3,OD,CC,C_CONT,-2.7191155281510504,45
ORIGA,SEALED_REVIEW,29009,0,Q3,OD,CC,ANCHOR,-3.214837412678648,45
ORIGA,SEALED_REVIEW,29009,0,Q3,OD,CC,SOURCE_HOLD,13.085376100694987,45
ORIGA,SEALED_REVIEW,29009,0,Q3,OD,OPTIMIZER_BY_PARAMETER_INTERACTION,ALGEBRA,0.13953544633868376,45
ORIGA,SEALED_REVIEW,29009,0,Q3,OC,SC,SS,0.8381948015217944,45
ORIGA,SEALED_REVIEW,29009,0,Q3,OC,CC,CS,0.7197801730450379,45
ORIGA,SEALED_REVIEW,29009,0,Q3,OC,SS,CS,0.4771079350433638,45
ORIGA,SEALED_REVIEW,29009,0,Q3,OC,SC,CC,0.5955225635201202,45
ORIGA,SEALED_REVIEW,29009,0,Q3,OC,SS,CC,-0.24267223800167415,45
ORIGA,SEALED_REVIEW,29009,0,Q3,OC,SS,SAME64_HOLD,10.383298153235593,45
ORIGA,SEALED_REVIEW,29009,0,Q3,OC,SC,SAME64_HOLD,11.221492954757387,45
ORIGA,SEALED_REVIEW,29009,0,Q3,OC,CS,CROSS64_HOLD,13.869075305939148,45
ORIGA,SEALED_REVIEW,29009,0,Q3,OC,CC,CROSS64_HOLD,14.588855478984186,45
ORIGA,SEALED_REVIEW,29009,0,Q3,OC,SS,C_CONT,-3.2647549020858833,45
ORIGA,SEALED_REVIEW,29009,0,Q3,OC,SS,ANCHOR,-3.571225954132572,45
ORIGA,SEALED_REVIEW,29009,0,Q3,OC,SS,SOURCE_HOLD,15.495697568762452,45
ORIGA,SEALED_REVIEW,29009,0,Q3,OC,SC,C_CONT,-2.426560100564089,45
ORIGA,SEALED_REVIEW,29009,0,Q3,OC,SC,ANCHOR,-2.733031152610778,45
ORIGA,SEALED_REVIEW,29009,0,Q3,OC,SC,SOURCE_HOLD,16.333892370284246,45
ORIGA,SEALED_REVIEW,29009,0,Q3,OC,CS,C_CONT,-3.741862837129247,45
ORIGA,SEALED_REVIEW,29009,0,Q3,OC,CS,ANCHOR,-4.048333889175936,45
ORIGA,SEALED_REVIEW,29009,0,Q3,OC,CS,SOURCE_HOLD,15.018589633719088,45
ORIGA,SEALED_REVIEW,29009,0,Q3,OC,CC,C_CONT,-3.022082664084209,45
ORIGA,SEALED_REVIEW,29009,0,Q3,OC,CC,ANCHOR,-3.328553716130898,45
ORIGA,SEALED_REVIEW,29009,0,Q3,OC,CC,SOURCE_HOLD,15.738369806764126,45
ORIGA,SEALED_REVIEW,29009,0,Q3,OC,OPTIMIZER_BY_PARAMETER_INTERACTION,ALGEBRA,0.11841462847675643,45
ORIGA,SEARCH,29009,0,Q3,OD,SC,SS,1.0932967742627966,88
ORIGA,SEARCH,29009,0,Q3,OD,CC,CS,1.0186046059512677,88
ORIGA,SEARCH,29009,0,Q3,OD,SS,CS,0.6250191134652283,88
ORIGA,SEARCH,29009,0,Q3,OD,SC,CC,0.6997112817767572,88
ORIGA,SEARCH,29009,0,Q3,OD,SS,CC,-0.39358549248603936,88
ORIGA,SEARCH,29009,0,Q3,OD,SS,SAME64_HOLD,9.582912790362926,88
ORIGA,SEARCH,29009,0,Q3,OD,SC,SAME64_HOLD,10.676209564625722,88
ORIGA,SEARCH,29009,0,Q3,OD,CS,CROSS64_HOLD,12.816818767721983,88
ORIGA,SEARCH,29009,0,Q3,OD,CC,CROSS64_HOLD,13.835423373673251,88
ORIGA,SEARCH,29009,0,Q3,OD,SS,C_CONT,-3.1632375767856047,88
ORIGA,SEARCH,29009,0,Q3,OD,SS,ANCHOR,-3.603766290996532,88
ORIGA,SEARCH,29009,0,Q3,OD,SS,SOURCE_HOLD,14.287448988411953,88
ORIGA,SEARCH,29009,0,Q3,OD,SC,C_CONT,-2.069940802522808,88
ORIGA,SEARCH,29009,0,Q3,OD,SC,ANCHOR,-2.5104695167337354,88
ORIGA,SEARCH,29009,0,Q3,OD,SC,SOURCE_HOLD,15.38074576267475,88
ORIGA,SEARCH,29009,0,Q3,OD,CS,C_CONT,-3.788256690250833,88
ORIGA,SEARCH,29009,0,Q3,OD,CS,ANCHOR,-4.22878540446176,88
ORIGA,SEARCH,29009,0,Q3,OD,CS,SOURCE_HOLD,13.662429874946724,88
ORIGA,SEARCH,29009,0,Q3,OD,CC,C_CONT,-2.7696520842995653,88
ORIGA,SEARCH,29009,0,Q3,OD,CC,ANCHOR,-3.2101807985104927,88
ORIGA,SEARCH,29009,0,Q3,OD,CC,SOURCE_HOLD,14.681034480897992,88
ORIGA,SEARCH,29009,0,Q3,OD,OPTIMIZER_BY_PARAMETER_INTERACTION,ALGEBRA,0.07469216831152892,88
ORIGA,SEARCH,29009,0,Q3,OC,SC,SS,1.3604708121454507,88
ORIGA,SEARCH,29009,0,Q3,OC,CC,CS,1.2115517981932697,88
ORIGA,SEARCH,29009,0,Q3,OC,SS,CS,0.7261318018800438,88
ORIGA,SEARCH,29009,0,Q3,OC,SC,CC,0.8750508158322248,88
ORIGA,SEARCH,29009,0,Q3,OC,SS,CC,-0.48541999631322597,88
ORIGA,SEARCH,29009,0,Q3,OC,SS,SAME64_HOLD,12.66599766257579,88
ORIGA,SEARCH,29009,0,Q3,OC,SC,SAME64_HOLD,14.026468474721241,88
ORIGA,SEARCH,29009,0,Q3,OC,CS,CROSS64_HOLD,16.281017926062674,88
ORIGA,SEARCH,29009,0,Q3,OC,CC,CROSS64_HOLD,17.492569724255944,88
ORIGA,SEARCH,29009,0,Q3,OC,SS,C_CONT,-4.386709544501514,88
ORIGA,SEARCH,29009,0,Q3,OC,SS,ANCHOR,-4.810429625158491,88
ORIGA,SEARCH,29009,0,Q3,OC,SS,SOURCE_HOLD,18.29611627890484,88
ORIGA,SEARCH,29009,0,Q3,OC,SC,C_CONT,-3.026238732356063,88
ORIGA,SEARCH,29009,0,Q3,OC,SC,ANCHOR,-3.4499588130130405,88
ORIGA,SEARCH,29009,0,Q3,OC,SC,SOURCE_HOLD,19.65658709105029,88
ORIGA,SEARCH,29009,0,Q3,OC,CS,C_CONT,-5.112841346381558,88
ORIGA,SEARCH,29009,0,Q3,OC,CS,ANCHOR,-5.536561427038535,88
ORIGA,SEARCH,29009,0,Q3,OC,CS,SOURCE_HOLD,17.569984477024796,88
ORIGA,SEARCH,29009,0,Q3,OC,CC,C_CONT,-3.901289548188288,88
ORIGA,SEARCH,29009,0,Q3,OC,CC,ANCHOR,-4.325009628845265,88
ORIGA,SEARCH,29009,0,Q3,OC,CC,SOURCE_HOLD,18.781536275218066,88
ORIGA,SEARCH,29009,0,Q3,OC,OPTIMIZER_BY_PARAMETER_INTERACTION,ALGEBRA,0.148919013952181,88
ORIGA,SEARCH,29009,0,Q4,OD,SC,SS,0.6370403659095842,77
ORIGA,SEARCH,29009,0,Q4,OD,CC,CS,0.5944562995118616,77
ORIGA,SEARCH,29009,0,Q4,OD,SS,CS,0.29863105778535726,77
ORIGA,SEARCH,29009,0,Q4,OD,SC,CC,0.34121512418307987,77
ORIGA,SEARCH,29009,0,Q4,OD,SS,CC,-0.2958252417265044,77
ORIGA,SEARCH,29009,0,Q4,OD,SS,SAME64_HOLD,4.1867469233148995,77
ORIGA,SEARCH,29009,0,Q4,OD,SC,SAME64_HOLD,4.823787289224484,77
ORIGA,SEARCH,29009,0,Q4,OD,CS,CROSS64_HOLD,5.239367083105506,77
ORIGA,SEARCH,29009,0,Q4,OD,CC,CROSS64_HOLD,5.833823382617368,77
ORIGA,SEARCH,29009,0,Q4,OD,SS,C_CONT,-1.6564848303854376,77
ORIGA,SEARCH,29009,0,Q4,OD,SS,ANCHOR,-1.7816307976315215,77
ORIGA,SEARCH,29009,0,Q4,OD,SS,SOURCE_HOLD,5.593177556715403,77
ORIGA,SEARCH,29009,0,Q4,OD,SC,C_CONT,-1.0194444644758534,77
ORIGA,SEARCH,29009,0,Q4,OD,SC,ANCHOR,-1.1445904317219373,77
ORIGA,SEARCH,29009,0,Q4,OD,SC,SOURCE_HOLD,6.230217922624988,77
ORIGA,SEARCH,29009,0,Q4,OD,CS,C_CONT,-1.9551158881707948,77
ORIGA,SEARCH,29009,0,Q4,OD,CS,ANCHOR,-2.080261855416879,77
ORIGA,SEARCH,29009,0,Q4,OD,CS,SOURCE_HOLD,5.294546498930046,77
ORIGA,SEARCH,29009,0,Q4,OD,CC,C_CONT,-1.3606595886589332,77
ORIGA,SEARCH,29009,0,Q4,OD,CC,ANCHOR,-1.4858055559050172,77
ORIGA,SEARCH,29009,0,Q4,OD,CC,SOURCE_HOLD,5.889002798441908,77
ORIGA,SEARCH,29009,0,Q4,OD,OPTIMIZER_BY_PARAMETER_INTERACTION,ALGEBRA,0.04258406639772261,77
ORIGA,SEARCH,29009,0,Q4,OC,SC,SS,0.35568160819420314,77
ORIGA,SEARCH,29009,0,Q4,OC,CC,CS,0.3834114525933927,77
ORIGA,SEARCH,29009,0,Q4,OC,SS,CS,0.2037064607606851,77
ORIGA,SEARCH,29009,0,Q4,OC,SC,CC,0.17597661636149553,77
ORIGA,SEARCH,29009,0,Q4,OC,SS,CC,-0.1797049918327076,77
ORIGA,SEARCH,29009,0,Q4,OC,SS,SAME64_HOLD,3.1879303730578528,77
ORIGA,SEARCH,29009,0,Q4,OC,SC,SAME64_HOLD,3.543611981252056,77
ORIGA,SEARCH,29009,0,Q4,OC,CS,CROSS64_HOLD,4.2793254191547305,77
ORIGA,SEARCH,29009,0,Q4,OC,CC,CROSS64_HOLD,4.662736871748123,77
ORIGA,SEARCH,29009,0,Q4,OC,SS,C_CONT,-1.0667819275649464,77
ORIGA,SEARCH,29009,0,Q4,OC,SS,ANCHOR,-1.8769400381347623,77
ORIGA,SEARCH,29009,0,Q4,OC,SS,SOURCE_HOLD,4.683057345190591,77
ORIGA,SEARCH,29009,0,Q4,OC,SC,C_CONT,-0.7111003193707433,77
ORIGA,SEARCH,29009,0,Q4,OC,SC,ANCHOR,-1.5212584299405592,77
ORIGA,SEARCH,29009,0,Q4,OC,SC,SOURCE_HOLD,5.038738953384794,77
ORIGA,SEARCH,29009,0,Q4,OC,CS,C_CONT,-1.2704883883256315,77
ORIGA,SEARCH,29009,0,Q4,OC,CS,ANCHOR,-2.0806464988954474,77
ORIGA,SEARCH,29009,0,Q4,OC,CS,SOURCE_HOLD,4.4793508844299055,77
ORIGA,SEARCH,29009,0,Q4,OC,CC,C_CONT,-0.8870769357322388,77
ORIGA,SEARCH,29009,0,Q4,OC,CC,ANCHOR,-1.6972350463020547,77
ORIGA,SEARCH,29009,0,Q4,OC,CC,SOURCE_HOLD,4.862762337023298,77
ORIGA,SEARCH,29009,0,Q4,OC,OPTIMIZER_BY_PARAMETER_INTERACTION,ALGEBRA,-0.027729844399189574,77
ORIGA,SEALED_REVIEW,29009,0,Q4,OD,SC,SS,0.5159986657569391,57
ORIGA,SEALED_REVIEW,29009,0,Q4,OD,CC,CS,0.503884735069903,57
ORIGA,SEALED_REVIEW,29009,0,Q4,OD,SS,CS,0.29551216502152045,57
ORIGA,SEALED_REVIEW,29009,0,Q4,OD,SC,CC,0.3076260957085566,57
ORIGA,SEALED_REVIEW,29009,0,Q4,OD,SS,CC,-0.2083725700483825,57
ORIGA,SEALED_REVIEW,29009,0,Q4,OD,SS,SAME64_HOLD,3.6431692928110095,57
ORIGA,SEALED_REVIEW,29009,0,Q4,OD,SC,SAME64_HOLD,4.159167958567949,57
ORIGA,SEALED_REVIEW,29009,0,Q4,OD,CS,CROSS64_HOLD,4.7831274707211975,57
ORIGA,SEALED_REVIEW,29009,0,Q4,OD,CC,CROSS64_HOLD,5.2870122057911,57
ORIGA,SEALED_REVIEW,29009,0,Q4,OD,SS,C_CONT,-1.4144586872861566,57
ORIGA,SEALED_REVIEW,29009,0,Q4,OD,SS,ANCHOR,-1.5505354792972526,57
ORIGA,SEALED_REVIEW,29009,0,Q4,OD,SS,SOURCE_HOLD,5.127974877228382,57
ORIGA,SEALED_REVIEW,29009,0,Q4,OD,SC,C_CONT,-0.8984600215292176,57
ORIGA,SEALED_REVIEW,29009,0,Q4,OD,SC,ANCHOR,-1.0345368135403135,57
ORIGA,SEALED_REVIEW,29009,0,Q4,OD,SC,SOURCE_HOLD,5.6439735429853215,57
ORIGA,SEALED_REVIEW,29009,0,Q4,OD,CS,C_CONT,-1.709970852307677,57
ORIGA,SEALED_REVIEW,29009,0,Q4,OD,CS,ANCHOR,-1.846047644318773,57
ORIGA,SEALED_REVIEW,29009,0,Q4,OD,CS,SOURCE_HOLD,4.832462712206862,57
ORIGA,SEALED_REVIEW,29009,0,Q4,OD,CC,C_CONT,-1.2060861172377741,57
ORIGA,SEALED_REVIEW,29009,0,Q4,OD,CC,ANCHOR,-1.34216290924887,57
ORIGA,SEALED_REVIEW,29009,0,Q4,OD,CC,SOURCE_HOLD,5.336347447276765,57
ORIGA,SEALED_REVIEW,29009,0,Q4,OD,OPTIMIZER_BY_PARAMETER_INTERACTION,ALGEBRA,0.012113930687036145,57
ORIGA,SEALED_REVIEW,29009,0,Q4,OC,SC,SS,0.154483659110781,57
ORIGA,SEALED_REVIEW,29009,0,Q4,OC,CC,CS,0.19461746548113013,57
ORIGA,SEALED_REVIEW,29009,0,Q4,OC,SS,CS,0.18706056796401072,57
ORIGA,SEALED_REVIEW,29009,0,Q4,OC,SC,CC,0.14692676159366158,57
ORIGA,SEALED_REVIEW,29009,0,Q4,OC,SS,CC,-0.00755689751711941,57
ORIGA,SEALED_REVIEW,29009,0,Q4,OC,SS,SAME64_HOLD,2.1861484829509408,57
ORIGA,SEALED_REVIEW,29009,0,Q4,OC,SC,SAME64_HOLD,2.3406321420617218,57
ORIGA,SEALED_REVIEW,29009,0,Q4,OC,CS,CROSS64_HOLD,3.557017516832346,57
ORIGA,SEALED_REVIEW,29009,0,Q4,OC,CC,CROSS64_HOLD,3.751634982313476,57
ORIGA,SEALED_REVIEW,29009,0,Q4,OC,SS,C_CONT,-0.42668242470493567,57
ORIGA,SEALED_REVIEW,29009,0,Q4,OC,SS,ANCHOR,-1.0918004915438075,57
ORIGA,SEALED_REVIEW,29009,0,Q4,OC,SS,SOURCE_HOLD,3.829571730856088,57
ORIGA,SEALED_REVIEW,29009,0,Q4,OC,SC,C_CONT,-0.2721987655941547,57
ORIGA,SEALED_REVIEW,29009,0,Q4,OC,SC,ANCHOR,-0.9373168324330265,57
ORIGA,SEALED_REVIEW,29009,0,Q4,OC,SC,SOURCE_HOLD,3.984055389966869,57
ORIGA,SEALED_REVIEW,29009,0,Q4,OC,CS,C_CONT,-0.6137429926689464,57
ORIGA,SEALED_REVIEW,29009,0,Q4,OC,CS,ANCHOR,-1.2788610595078183,57
ORIGA,SEALED_REVIEW,29009,0,Q4,OC,CS,SOURCE_HOLD,3.6425111628920774,57
ORIGA,SEALED_REVIEW,29009,0,Q4,OC,CC,C_CONT,-0.41912552718781626,57
ORIGA,SEALED_REVIEW,29009,0,Q4,OC,CC,ANCHOR,-1.0842435940266881,57
ORIGA,SEALED_REVIEW,29009,0,Q4,OC,CC,SOURCE_HOLD,3.8371286283732076,57
ORIGA,SEALED_REVIEW,29009,0,Q4,OC,OPTIMIZER_BY_PARAMETER_INTERACTION,ALGEBRA,-0.040133806370349134,57
REFUGE_Valid,SEARCH,29009,0,ALL,OD,SC,SS,0.0283705636365994,406
REFUGE_Valid,SEARCH,29009,0,ALL,OD,CC,CS,-0.03622404906532495,406
REFUGE_Valid,SEARCH,29009,0,ALL,OD,SS,CS,-0.04157760955962431,406
REFUGE_Valid,SEARCH,29009,0,ALL,OD,SC,CC,0.02301700314230004,406
REFUGE_Valid,SEARCH,29009,0,ALL,OD,SS,CC,-0.005353560494299359,406
REFUGE_Valid,SEARCH,29009,0,ALL,OD,SS,SAME64_HOLD,-1.2022599361336006,406
REFUGE_Valid,SEARCH,29009,0,ALL,OD,SC,SAME64_HOLD,-1.1738893724970012,406
REFUGE_Valid,SEARCH,29009,0,ALL,OD,CS,CROSS64_HOLD,0.6345406440796069,406
REFUGE_Valid,SEARCH,29009,0,ALL,OD,CC,CROSS64_HOLD,0.5983165950142819,406
REFUGE_Valid,SEARCH,29009,0,ALL,OD,SS,C_CONT,5.380398930998709,406
REFUGE_Valid,SEARCH,29009,0,ALL,OD,SS,ANCHOR,3.3880817701248134,406
REFUGE_Valid,SEARCH,29009,0,ALL,OD,SS,SOURCE_HOLD,-0.1431686838219548,406
REFUGE_Valid,SEARCH,29009,0,ALL,OD,SC,C_CONT,5.408769494635308,406
REFUGE_Valid,SEARCH,29009,0,ALL,OD,SC,ANCHOR,3.4164523337614128,406
REFUGE_Valid,SEARCH,29009,0,ALL,OD,SC,SOURCE_HOLD,-0.1147981201853554,406
REFUGE_Valid,SEARCH,29009,0,ALL,OD,CS,C_CONT,5.421976540558333,406
REFUGE_Valid,SEARCH,29009,0,ALL,OD,CS,ANCHOR,3.4296593796844377,406
REFUGE_Valid,SEARCH,29009,0,ALL,OD,CS,SOURCE_HOLD,-0.1015910742623305,406
REFUGE_Valid,SEARCH,29009,0,ALL,OD,CC,C_CONT,5.385752491493008,406
REFUGE_Valid,SEARCH,29009,0,ALL,OD,CC,ANCHOR,3.3934353306191127,406
REFUGE_Valid,SEARCH,29009,0,ALL,OD,CC,SOURCE_HOLD,-0.13781512332765544,406
REFUGE_Valid,SEARCH,29009,0,ALL,OD,OPTIMIZER_BY_PARAMETER_INTERACTION,ALGEBRA,0.06459461270192435,406
REFUGE_Valid,SEARCH,29009,0,ALL,OC,SC,SS,0.04995082426418662,406
REFUGE_Valid,SEARCH,29009,0,ALL,OC,CC,CS,0.013247279884424756,406
REFUGE_Valid,SEARCH,29009,0,ALL,OC,SS,CS,0.2700810481238989,406
REFUGE_Valid,SEARCH,29009,0,ALL,OC,SC,CC,0.30678459250366075,406
REFUGE_Valid,SEARCH,29009,0,ALL,OC,SS,CC,0.2568337682394741,406
REFUGE_Valid,SEARCH,29009,0,ALL,OC,SS,SAME64_HOLD,-0.9828276664118221,406
REFUGE_Valid,SEARCH,29009,0,ALL,OC,SC,SAME64_HOLD,-0.9328768421476354,406
REFUGE_Valid,SEARCH,29009,0,ALL,OC,CS,CROSS64_HOLD,-0.9305257583251745,406
REFUGE_Valid,SEARCH,29009,0,ALL,OC,CC,CROSS64_HOLD,-0.9172784784407497,406
REFUGE_Valid,SEARCH,29009,0,ALL,OC,SS,C_CONT,6.0044860825898,406
REFUGE_Valid,SEARCH,29009,0,ALL,OC,SS,ANCHOR,6.342857018792216,406
REFUGE_Valid,SEARCH,29009,0,ALL,OC,SS,SOURCE_HOLD,-1.3281178132474452,406
REFUGE_Valid,SEARCH,29009,0,ALL,OC,SC,C_CONT,6.0544369068539865,406
REFUGE_Valid,SEARCH,29009,0,ALL,OC,SC,ANCHOR,6.392807843056403,406
REFUGE_Valid,SEARCH,29009,0,ALL,OC,SC,SOURCE_HOLD,-1.2781669889832585,406
REFUGE_Valid,SEARCH,29009,0,ALL,OC,CS,C_CONT,5.734405034465901,406
REFUGE_Valid,SEARCH,29009,0,ALL,OC,CS,ANCHOR,6.072775970668317,406
REFUGE_Valid,SEARCH,29009,0,ALL,OC,CS,SOURCE_HOLD,-1.598198861371344,406
REFUGE_Valid,SEARCH,29009,0,ALL,OC,CC,C_CONT,5.747652314350326,406
REFUGE_Valid,SEARCH,29009,0,ALL,OC,CC,ANCHOR,6.086023250552742,406
REFUGE_Valid,SEARCH,29009,0,ALL,OC,CC,SOURCE_HOLD,-1.5849515814869193,406
REFUGE_Valid,SEARCH,29009,0,ALL,OC,OPTIMIZER_BY_PARAMETER_INTERACTION,ALGEBRA,0.036703544379761865,406
REFUGE_Valid,SEARCH,29009,0,Q1,OD,SC,SS,0.10845988292851416,97
REFUGE_Valid,SEARCH,29009,0,Q1,OD,CC,CS,-0.014912609258871612,97
REFUGE_Valid,SEARCH,29009,0,Q1,OD,SS,CS,-0.13435868648249993,97
REFUGE_Valid,SEARCH,29009,0,Q1,OD,SC,CC,-0.01098619429511416,97
REFUGE_Valid,SEARCH,29009,0,Q1,OD,SS,CC,-0.11944607722362832,97
REFUGE_Valid,SEARCH,29009,0,Q1,OD,SS,SAME64_HOLD,-0.19593042275687367,97
REFUGE_Valid,SEARCH,29009,0,Q1,OD,SC,SAME64_HOLD,-0.0874705398283595,97
REFUGE_Valid,SEARCH,29009,0,Q1,OD,CS,CROSS64_HOLD,1.7807381453392566,97
REFUGE_Valid,SEARCH,29009,0,Q1,OD,CC,CROSS64_HOLD,1.765825536080385,97
REFUGE_Valid,SEARCH,29009,0,Q1,OD,SS,C_CONT,5.383247816930364,97
REFUGE_Valid,SEARCH,29009,0,Q1,OD,SS,ANCHOR,4.114992768859068,97
REFUGE_Valid,SEARCH,29009,0,Q1,OD,SS,SOURCE_HOLD,0.7902279468606821,97
REFUGE_Valid,SEARCH,29009,0,Q1,OD,SC,C_CONT,5.491707699858878,97
REFUGE_Valid,SEARCH,29009,0,Q1,OD,SC,ANCHOR,4.223452651787582,97
REFUGE_Valid,SEARCH,29009,0,Q1,OD,SC,SOURCE_HOLD,0.8986878297891963,97
REFUGE_Valid,SEARCH,29009,0,Q1,OD,CS,C_CONT,5.517606503412864,97
REFUGE_Valid,SEARCH,29009,0,Q1,OD,CS,ANCHOR,4.249351455341568,97
REFUGE_Valid,SEARCH,29009,0,Q1,OD,CS,SOURCE_HOLD,0.924586633343182,97
REFUGE_Valid,SEARCH,29009,0,Q1,OD,CC,C_CONT,5.5026938941539925,97
REFUGE_Valid,SEARCH,29009,0,Q1,OD,CC,ANCHOR,4.234438846082696,97
REFUGE_Valid,SEARCH,29009,0,Q1,OD,CC,SOURCE_HOLD,0.9096740240843104,97
REFUGE_Valid,SEARCH,29009,0,Q1,OD,OPTIMIZER_BY_PARAMETER_INTERACTION,ALGEBRA,0.12337249218738577,97
REFUGE_Valid,SEARCH,29009,0,Q1,OC,SC,SS,-0.0027831824421369333,97
REFUGE_Valid,SEARCH,29009,0,Q1,OC,CC,CS,-0.07708337708774593,97
REFUGE_Valid,SEARCH,29009,0,Q1,OC,SS,CS,0.1832769370850329,97
REFUGE_Valid,SEARCH,29009,0,Q1,OC,SC,CC,0.2575771317306419,97
REFUGE_Valid,SEARCH,29009,0,Q1,OC,SS,CC,0.26036031417277883,97
REFUGE_Valid,SEARCH,29009,0,Q1,OC,SS,SAME64_HOLD,-0.4921918773703524,97
REFUGE_Valid,SEARCH,29009,0,Q1,OC,SC,SAME64_HOLD,-0.49497505981248935,97
REFUGE_Valid,SEARCH,29009,0,Q1,OC,CS,CROSS64_HOLD,0.028984580492306122,97
REFUGE_Valid,SEARCH,29009,0,Q1,OC,CC,CROSS64_HOLD,-0.04809879659543981,97
REFUGE_Valid,SEARCH,29009,0,Q1,OC,SS,C_CONT,6.082667503314667,97
REFUGE_Valid,SEARCH,29009,0,Q1,OC,SS,ANCHOR,6.627425326939658,97
REFUGE_Valid,SEARCH,29009,0,Q1,OC,SS,SOURCE_HOLD,-0.5752628765419416,97
REFUGE_Valid,SEARCH,29009,0,Q1,OC,SC,C_CONT,6.07988432087253,97
REFUGE_Valid,SEARCH,29009,0,Q1,OC,SC,ANCHOR,6.624642144497521,97
REFUGE_Valid,SEARCH,29009,0,Q1,OC,SC,SOURCE_HOLD,-0.5780460589840786,97
REFUGE_Valid,SEARCH,29009,0,Q1,OC,CS,C_CONT,5.899390566229634,97
REFUGE_Valid,SEARCH,29009,0,Q1,OC,CS,ANCHOR,6.444148389854625,97
REFUGE_Valid,SEARCH,29009,0,Q1,OC,CS,SOURCE_HOLD,-0.7585398136269745,97
REFUGE_Valid,SEARCH,29009,0,Q1,OC,CC,C_CONT,5.822307189141888,97
REFUGE_Valid,SEARCH,29009,0,Q1,OC,CC,ANCHOR,6.367065012766879,97
REFUGE_Valid,SEARCH,29009,0,Q1,OC,CC,SOURCE_HOLD,-0.8356231907147205,97
REFUGE_Valid,SEARCH,29009,0,Q1,OC,OPTIMIZER_BY_PARAMETER_INTERACTION,ALGEBRA,0.074300194645609,97
REFUGE_Valid,SEARCH,29009,0,FIRST64,OD,SC,SS,0.22671357259730485,39
REFUGE_Valid,SEARCH,29009,0,FIRST64,OD,CC,CS,0.010013688511506302,39
REFUGE_Valid,SEARCH,29009,0,FIRST64,OD,SS,CS,0.5589093195613373,39
REFUGE_Valid,SEARCH,29009,0,FIRST64,OD,SC,CC,0.7756092036471358,39
REFUGE_Valid,SEARCH,29009,0,FIRST64,OD,SS,CC,0.548895631049831,39
REFUGE_Valid,SEARCH,29009,0,FIRST64,OD,SS,SAME64_HOLD,-0.28349680588021897,39
REFUGE_Valid,SEARCH,29009,0,FIRST64,OD,SC,SAME64_HOLD,-0.056783233282914125,39
REFUGE_Valid,SEARCH,29009,0,FIRST64,OD,CS,CROSS64_HOLD,1.2277693007942219,39
REFUGE_Valid,SEARCH,29009,0,FIRST64,OD,CC,CROSS64_HOLD,1.2377829893057282,39
REFUGE_Valid,SEARCH,29009,0,FIRST64,OD,SS,C_CONT,4.925684641899238,39
REFUGE_Valid,SEARCH,29009,0,FIRST64,OD,SS,ANCHOR,3.810485768203108,39
REFUGE_Valid,SEARCH,29009,0,FIRST64,OD,SS,SOURCE_HOLD,0.7582567872239991,39
REFUGE_Valid,SEARCH,29009,0,FIRST64,OD,SC,C_CONT,5.152398214496543,39
REFUGE_Valid,SEARCH,29009,0,FIRST64,OD,SC,ANCHOR,4.037199340800413,39
REFUGE_Valid,SEARCH,29009,0,FIRST64,OD,SC,SOURCE_HOLD,0.984970359821304,39
REFUGE_Valid,SEARCH,29009,0,FIRST64,OD,CS,C_CONT,4.366775322337901,39
REFUGE_Valid,SEARCH,29009,0,FIRST64,OD,CS,ANCHOR,3.251576448641771,39
REFUGE_Valid,SEARCH,29009,0,FIRST64,OD,CS,SOURCE_HOLD,0.19934746766266187,39
REFUGE_Valid,SEARCH,29009,0,FIRST64,OD,CC,C_CONT,4.376789010849407,39
REFUGE_Valid,SEARCH,29009,0,FIRST64,OD,CC,ANCHOR,3.261590137153277,39
REFUGE_Valid,SEARCH,29009,0,FIRST64,OD,CC,SOURCE_HOLD,0.20936115617416817,39
REFUGE_Valid,SEARCH,29009,0,FIRST64,OD,OPTIMIZER_BY_PARAMETER_INTERACTION,ALGEBRA,0.21669988408579854,39
REFUGE_Valid,SEARCH,29009,0,FIRST64,OC,SC,SS,-0.009592744853534896,39
REFUGE_Valid,SEARCH,29009,0,FIRST64,OC,CC,CS,-0.10640336558226693,39
REFUGE_Valid,SEARCH,29009,0,FIRST64,OC,SS,CS,0.3629518451750897,39
REFUGE_Valid,SEARCH,29009,0,FIRST64,OC,SC,CC,0.45976246590382175,39
REFUGE_Valid,SEARCH,29009,0,FIRST64,OC,SS,CC,0.46935521075735664,39
REFUGE_Valid,SEARCH,29009,0,FIRST64,OC,SS,SAME64_HOLD,-0.1333548438189638,39
REFUGE_Valid,SEARCH,29009,0,FIRST64,OC,SC,SAME64_HOLD,-0.14294758867249868,39
REFUGE_Valid,SEARCH,29009,0,FIRST64,OC,CS,CROSS64_HOLD,0.2508539234300997,39
REFUGE_Valid,SEARCH,29009,0,FIRST64,OC,CC,CROSS64_HOLD,0.14445055784783278,39
REFUGE_Valid,SEARCH,29009,0,FIRST64,OC,SS,C_CONT,5.959285540970754,39
REFUGE_Valid,SEARCH,29009,0,FIRST64,OC,SS,ANCHOR,6.684742803019411,39
REFUGE_Valid,SEARCH,29009,0,FIRST64,OC,SS,SOURCE_HOLD,-0.1697173735105224,39
REFUGE_Valid,SEARCH,29009,0,FIRST64,OC,SC,C_CONT,5.949692796117219,39
REFUGE_Valid,SEARCH,29009,0,FIRST64,OC,SC,ANCHOR,6.675150058165876,39
REFUGE_Valid,SEARCH,29009,0,FIRST64,OC,SC,SOURCE_HOLD,-0.1793101183640573,39
REFUGE_Valid,SEARCH,29009,0,FIRST64,OC,CS,C_CONT,5.596333695795664,39
REFUGE_Valid,SEARCH,29009,0,FIRST64,OC,CS,ANCHOR,6.321790957844321,39
REFUGE_Valid,SEARCH,29009,0,FIRST64,OC,CS,SOURCE_HOLD,-0.5326692186856121,39
REFUGE_Valid,SEARCH,29009,0,FIRST64,OC,CC,C_CONT,5.489930330213397,39
REFUGE_Valid,SEARCH,29009,0,FIRST64,OC,CC,ANCHOR,6.215387592262054,39
REFUGE_Valid,SEARCH,29009,0,FIRST64,OC,CC,SOURCE_HOLD,-0.639072584267879,39
REFUGE_Valid,SEARCH,29009,0,FIRST64,OC,OPTIMIZER_BY_PARAMETER_INTERACTION,ALGEBRA,0.09681062072873203,39
REFUGE_Valid,SEALED_REVIEW,29009,0,ALL,OD,SC,SS,-0.0035207549599931554,269
REFUGE_Valid,SEALED_REVIEW,29009,0,ALL,OD,CC,CS,-0.05720424231007826,269
REFUGE_Valid,SEALED_REVIEW,29009,0,ALL,OD,SS,CS,-0.063742298695729,269
REFUGE_Valid,SEALED_REVIEW,29009,0,ALL,OD,SC,CC,-0.010058811345643903,269
REFUGE_Valid,SEALED_REVIEW,29009,0,ALL,OD,SS,CC,-0.006538056385650748,269
REFUGE_Valid,SEALED_REVIEW,29009,0,ALL,OD,SS,SAME64_HOLD,-1.1775156927463968,269
REFUGE_Valid,SEALED_REVIEW,29009,0,ALL,OD,SC,SAME64_HOLD,-1.18103644770639,269
REFUGE_Valid,SEALED_REVIEW,29009,0,ALL,OD,CS,CROSS64_HOLD,0.6463769707469282,269
REFUGE_Valid,SEALED_REVIEW,29009,0,ALL,OD,CC,CROSS64_HOLD,0.58917272843685,269
REFUGE_Valid,SEALED_REVIEW,29009,0,ALL,OD,SS,C_CONT,6.3162724584653205,269
REFUGE_Valid,SEALED_REVIEW,29009,0,ALL,OD,SS,ANCHOR,4.4564992982138705,269
REFUGE_Valid,SEALED_REVIEW,29009,0,ALL,OD,SS,SOURCE_HOLD,-0.3550765013901014,269
REFUGE_Valid,SEALED_REVIEW,29009,0,ALL,OD,SC,C_CONT,6.312751703505327,269
REFUGE_Valid,SEALED_REVIEW,29009,0,ALL,OD,SC,ANCHOR,4.452978543253877,269
REFUGE_Valid,SEALED_REVIEW,29009,0,ALL,OD,SC,SOURCE_HOLD,-0.35859725635009454,269
REFUGE_Valid,SEALED_REVIEW,29009,0,ALL,OD,CS,C_CONT,6.3800147571610495,269
REFUGE_Valid,SEALED_REVIEW,29009,0,ALL,OD,CS,ANCHOR,4.5202415969095995,269
REFUGE_Valid,SEALED_REVIEW,29009,0,ALL,OD,CS,SOURCE_HOLD,-0.2913342026943724,269
REFUGE_Valid,SEALED_REVIEW,29009,0,ALL,OD,CC,C_CONT,6.322810514850971,269
REFUGE_Valid,SEALED_REVIEW,29009,0,ALL,OD,CC,ANCHOR,4.463037354599521,269
REFUGE_Valid,SEALED_REVIEW,29009,0,ALL,OD,CC,SOURCE_HOLD,-0.34853844500445064,269
REFUGE_Valid,SEALED_REVIEW,29009,0,ALL,OD,OPTIMIZER_BY_PARAMETER_INTERACTION,ALGEBRA,0.0536834873500851,269
REFUGE_Valid,SEALED_REVIEW,29009,0,ALL,OC,SC,SS,0.04247690779506286,269
REFUGE_Valid,SEALED_REVIEW,29009,0,ALL,OC,CC,CS,0.004597368755966613,269
REFUGE_Valid,SEALED_REVIEW,29009,0,ALL,OC,SS,CS,0.23678027094250353,269
REFUGE_Valid,SEALED_REVIEW,29009,0,ALL,OC,SC,CC,0.2746598099815998,269
REFUGE_Valid,SEALED_REVIEW,29009,0,ALL,OC,SS,CC,0.23218290218653692,269
REFUGE_Valid,SEALED_REVIEW,29009,0,ALL,OC,SS,SAME64_HOLD,-1.0420290922434958,269
REFUGE_Valid,SEALED_REVIEW,29009,0,ALL,OC,SC,SAME64_HOLD,-0.999552184448433,269
REFUGE_Valid,SEALED_REVIEW,29009,0,ALL,OC,CS,CROSS64_HOLD,-0.866992604100318,269
REFUGE_Valid,SEALED_REVIEW,29009,0,ALL,OC,CC,CROSS64_HOLD,-0.8623952353443514,269
REFUGE_Valid,SEALED_REVIEW,29009,0,ALL,OC,SS,C_CONT,6.342424963264115,269
REFUGE_Valid,SEALED_REVIEW,29009,0,ALL,OC,SS,ANCHOR,6.697031169239068,269
REFUGE_Valid,SEALED_REVIEW,29009,0,ALL,OC,SS,SOURCE_HOLD,-1.4892756834710497,269
REFUGE_Valid,SEALED_REVIEW,29009,0,ALL,OC,SC,C_CONT,6.384901871059178,269
REFUGE_Valid,SEALED_REVIEW,29009,0,ALL,OC,SC,ANCHOR,6.739508077034131,269
REFUGE_Valid,SEALED_REVIEW,29009,0,ALL,OC,SC,SOURCE_HOLD,-1.4467987756759868,269
REFUGE_Valid,SEALED_REVIEW,29009,0,ALL,OC,CS,C_CONT,6.1056446923216114,269
REFUGE_Valid,SEALED_REVIEW,29009,0,ALL,OC,CS,ANCHOR,6.4602508982965645,269
REFUGE_Valid,SEALED_REVIEW,29009,0,ALL,OC,CS,SOURCE_HOLD,-1.7260559544135532,269
REFUGE_Valid,SEALED_REVIEW,29009,0,ALL,OC,CC,C_CONT,6.110242061077578,269
REFUGE_Valid,SEALED_REVIEW,29009,0,ALL,OC,CC,ANCHOR,6.464848267052531,269
REFUGE_Valid,SEALED_REVIEW,29009,0,ALL,OC,CC,SOURCE_HOLD,-1.7214585856575866,269
REFUGE_Valid,SEALED_REVIEW,29009,0,ALL,OC,OPTIMIZER_BY_PARAMETER_INTERACTION,ALGEBRA,0.037879539039096244,269
REFUGE_Valid,SEALED_REVIEW,29009,0,Q1,OD,SC,SS,-0.03704840754737404,69
REFUGE_Valid,SEALED_REVIEW,29009,0,Q1,OD,CC,CS,-0.12838914383360134,69
REFUGE_Valid,SEALED_REVIEW,29009,0,Q1,OD,SS,CS,-0.13640037277797035,69
REFUGE_Valid,SEALED_REVIEW,29009,0,Q1,OD,SC,CC,-0.04505963649174305,69
REFUGE_Valid,SEALED_REVIEW,29009,0,Q1,OD,SS,CC,-0.008011228944369009,69
REFUGE_Valid,SEALED_REVIEW,29009,0,Q1,OD,SS,SAME64_HOLD,-0.3519895553314001,69
REFUGE_Valid,SEALED_REVIEW,29009,0,Q1,OD,SC,SAME64_HOLD,-0.3890379628787741,69
REFUGE_Valid,SEALED_REVIEW,29009,0,Q1,OD,CS,CROSS64_HOLD,1.2526280051026362,69
REFUGE_Valid,SEALED_REVIEW,29009,0,Q1,OD,CC,CROSS64_HOLD,1.1242388612690348,69
REFUGE_Valid,SEALED_REVIEW,29009,0,Q1,OD,SS,C_CONT,6.770329027122472,69
REFUGE_Valid,SEALED_REVIEW,29009,0,Q1,OD,SS,ANCHOR,5.562619352494707,69
REFUGE_Valid,SEALED_REVIEW,29009,0,Q1,OD,SS,SOURCE_HOLD,0.10030687722134246,69
REFUGE_Valid,SEALED_REVIEW,29009,0,Q1,OD,SC,C_CONT,6.733280619575098,69
REFUGE_Valid,SEALED_REVIEW,29009,0,Q1,OD,SC,ANCHOR,5.525570944947333,69
REFUGE_Valid,SEALED_REVIEW,29009,0,Q1,OD,SC,SOURCE_HOLD,0.06325846967396842,69
REFUGE_Valid,SEALED_REVIEW,29009,0,Q1,OD,CS,C_CONT,6.906729399900442,69
REFUGE_Valid,SEALED_REVIEW,29009,0,Q1,OD,CS,ANCHOR,5.699019725272677,69
REFUGE_Valid,SEALED_REVIEW,29009,0,Q1,OD,CS,SOURCE_HOLD,0.2367072499993128,69
REFUGE_Valid,SEALED_REVIEW,29009,0,Q1,OD,CC,C_CONT,6.778340256066841,69
REFUGE_Valid,SEALED_REVIEW,29009,0,Q1,OD,CC,ANCHOR,5.570630581439076,69
REFUGE_Valid,SEALED_REVIEW,29009,0,Q1,OD,CC,SOURCE_HOLD,0.10831810616571147,69
REFUGE_Valid,SEALED_REVIEW,29009,0,Q1,OD,OPTIMIZER_BY_PARAMETER_INTERACTION,ALGEBRA,0.0913407362862273,69
REFUGE_Valid,SEALED_REVIEW,29009,0,Q1,OC,SC,SS,-0.014007309899767506,69
REFUGE_Valid,SEALED_REVIEW,29009,0,Q1,OC,CC,CS,-0.08331500276375436,69
REFUGE_Valid,SEALED_REVIEW,29009,0,Q1,OC,SS,CS,0.0031604143149053243,69
REFUGE_Valid,SEALED_REVIEW,29009,0,Q1,OC,SC,CC,0.07246810717889218,69
REFUGE_Valid,SEALED_REVIEW,29009,0,Q1,OC,SS,CC,0.08647541707865969,69
REFUGE_Valid,SEALED_REVIEW,29009,0,Q1,OC,SS,SAME64_HOLD,-0.49238751452193696,69
REFUGE_Valid,SEALED_REVIEW,29009,0,Q1,OC,SC,SAME64_HOLD,-0.5063948244217045,69
REFUGE_Valid,SEALED_REVIEW,29009,0,Q1,OC,CS,CROSS64_HOLD,0.20879537555013883,69
REFUGE_Valid,SEALED_REVIEW,29009,0,Q1,OC,CC,CROSS64_HOLD,0.12548037278638446,69
REFUGE_Valid,SEALED_REVIEW,29009,0,Q1,OC,SS,C_CONT,6.219449584266094,69
REFUGE_Valid,SEALED_REVIEW,29009,0,Q1,OC,SS,ANCHOR,6.760651408621406,69
REFUGE_Valid,SEALED_REVIEW,29009,0,Q1,OC,SS,SOURCE_HOLD,-0.7478887494664974,69
REFUGE_Valid,SEALED_REVIEW,29009,0,Q1,OC,SC,C_CONT,6.205442274366327,69
REFUGE_Valid,SEALED_REVIEW,29009,0,Q1,OC,SC,ANCHOR,6.746644098721639,69
REFUGE_Valid,SEALED_REVIEW,29009,0,Q1,OC,SC,SOURCE_HOLD,-0.7618960593662649,69
REFUGE_Valid,SEALED_REVIEW,29009,0,Q1,OC,CS,C_CONT,6.216289169951189,69
REFUGE_Valid,SEALED_REVIEW,29009,0,Q1,OC,CS,ANCHOR,6.757490994306501,69
REFUGE_Valid,SEALED_REVIEW,29009,0,Q1,OC,CS,SOURCE_HOLD,-0.7510491637814027,69
REFUGE_Valid,SEALED_REVIEW,29009,0,Q1,OC,CC,C_CONT,6.1329741671874345,69
REFUGE_Valid,SEALED_REVIEW,29009,0,Q1,OC,CC,ANCHOR,6.6741759915427465,69
REFUGE_Valid,SEALED_REVIEW,29009,0,Q1,OC,CC,SOURCE_HOLD,-0.8343641665451571,69
REFUGE_Valid,SEALED_REVIEW,29009,0,Q1,OC,OPTIMIZER_BY_PARAMETER_INTERACTION,ALGEBRA,0.06930769286398686,69
REFUGE_Valid,SEALED_REVIEW,29009,0,FIRST64,OD,SC,SS,-0.020729229339238486,20
REFUGE_Valid,SEALED_REVIEW,29009,0,FIRST64,OD,CC,CS,-0.2313896771534587,20
REFUGE_Valid,SEALED_REVIEW,29009,0,FIRST64,OD,SS,CS,0.4325168646713422,20
REFUGE_Valid,SEALED_REVIEW,29009,0,FIRST64,OD,SC,CC,0.6431773124855624,20
REFUGE_Valid,SEALED_REVIEW,29009,0,FIRST64,OD,SS,CC,0.6639065418248009,20
REFUGE_Valid,SEALED_REVIEW,29009,0,FIRST64,OD,SS,SAME64_HOLD,-0.19388164137555464,20
REFUGE_Valid,SEALED_REVIEW,29009,0,FIRST64,OD,SC,SAME64_HOLD,-0.21461087071479312,20
REFUGE_Valid,SEALED_REVIEW,29009,0,FIRST64,OD,CS,CROSS64_HOLD,1.0688052525664489,20
REFUGE_Valid,SEALED_REVIEW,29009,0,FIRST64,OD,CC,CROSS64_HOLD,0.8374155754129902,20
REFUGE_Valid,SEALED_REVIEW,29009,0,FIRST64,OD,SS,C_CONT,7.567611300268098,20
REFUGE_Valid,SEALED_REVIEW,29009,0,FIRST64,OD,SS,ANCHOR,6.7302748935080245,20
REFUGE_Valid,SEALED_REVIEW,29009,0,FIRST64,OD,SS,SOURCE_HOLD,0.30081154760448214,20
REFUGE_Valid,SEALED_REVIEW,29009,0,FIRST64,OD,SC,C_CONT,7.546882070928859,20
REFUGE_Valid,SEALED_REVIEW,29009,0,FIRST64,OD,SC,ANCHOR,6.709545664168786,20
REFUGE_Valid,SEALED_REVIEW,29009,0,FIRST64,OD,SC,SOURCE_HOLD,0.28008231826524366,20
REFUGE_Valid,SEALED_REVIEW,29009,0,FIRST64,OD,CS,C_CONT,7.135094435596756,20
REFUGE_Valid,SEALED_REVIEW,29009,0,FIRST64,OD,CS,ANCHOR,6.297758028836682,20
REFUGE_Valid,SEALED_REVIEW,29009,0,FIRST64,OD,CS,SOURCE_HOLD,-0.13170531706686006,20
REFUGE_Valid,SEALED_REVIEW,29009,0,FIRST64,OD,CC,C_CONT,6.903704758443297,20
REFUGE_Valid,SEALED_REVIEW,29009,0,FIRST64,OD,CC,ANCHOR,6.066368351683224,20
REFUGE_Valid,SEALED_REVIEW,29009,0,FIRST64,OD,CC,SOURCE_HOLD,-0.36309499422031877,20
REFUGE_Valid,SEALED_REVIEW,29009,0,FIRST64,OD,OPTIMIZER_BY_PARAMETER_INTERACTION,ALGEBRA,0.21066044781422022,20
REFUGE_Valid,SEALED_REVIEW,29009,0,FIRST64,OC,SC,SS,0.05676553653694327,20
REFUGE_Valid,SEALED_REVIEW,29009,0,FIRST64,OC,CC,CS,-0.11611300812442948,20
REFUGE_Valid,SEALED_REVIEW,29009,0,FIRST64,OC,SS,CS,-0.6368571089797399,20
REFUGE_Valid,SEALED_REVIEW,29009,0,FIRST64,OC,SC,CC,-0.46397856431836715,20
REFUGE_Valid,SEALED_REVIEW,29009,0,FIRST64,OC,SS,CC,-0.5207441008553104,20
REFUGE_Valid,SEALED_REVIEW,29009,0,FIRST64,OC,SS,SAME64_HOLD,-0.19866057177773655,20
REFUGE_Valid,SEALED_REVIEW,29009,0,FIRST64,OC,SC,SAME64_HOLD,-0.14189503524079328,20
REFUGE_Valid,SEALED_REVIEW,29009,0,FIRST64,OC,CS,CROSS64_HOLD,-0.022221143422996192,20
REFUGE_Valid,SEALED_REVIEW,29009,0,FIRST64,OC,CC,CROSS64_HOLD,-0.13833415154742568,20
REFUGE_Valid,SEALED_REVIEW,29009,0,FIRST64,OC,SS,C_CONT,5.711317416233335,20
REFUGE_Valid,SEALED_REVIEW,29009,0,FIRST64,OC,SS,ANCHOR,6.529843102594981,20
REFUGE_Valid,SEALED_REVIEW,29009,0,FIRST64,OC,SS,SOURCE_HOLD,-1.4491347111118102,20
REFUGE_Valid,SEALED_REVIEW,29009,0,FIRST64,OC,SC,C_CONT,5.768082952770278,20
REFUGE_Valid,SEALED_REVIEW,29009,0,FIRST64,OC,SC,ANCHOR,6.586608639131924,20
REFUGE_Valid,SEALED_REVIEW,29009,0,FIRST64,OC,SC,SOURCE_HOLD,-1.392369174574867,20
REFUGE_Valid,SEALED_REVIEW,29009,0,FIRST64,OC,CS,C_CONT,6.348174525213075,20
REFUGE_Valid,SEALED_REVIEW,29009,0,FIRST64,OC,CS,ANCHOR,7.166700211574721,20
REFUGE_Valid,SEALED_REVIEW,29009,0,FIRST64,OC,CS,SOURCE_HOLD,-0.8122776021320703,20
REFUGE_Valid,SEALED_REVIEW,29009,0,FIRST64,OC,CC,C_CONT,6.2320615170886455,20
REFUGE_Valid,SEALED_REVIEW,29009,0,FIRST64,OC,CC,ANCHOR,7.050587203450291,20
REFUGE_Valid,SEALED_REVIEW,29009,0,FIRST64,OC,CC,SOURCE_HOLD,-0.9283906102564998,20
REFUGE_Valid,SEALED_REVIEW,29009,0,FIRST64,OC,OPTIMIZER_BY_PARAMETER_INTERACTION,ALGEBRA,0.17287854466137276,20
REFUGE_Valid,SEALED_REVIEW,29009,0,Q2,OD,SC,SS,-0.030400934019510828,80
REFUGE_Valid,SEALED_REVIEW,29009,0,Q2,OD,CC,CS,-0.0626315038135914,80
REFUGE_Valid,SEALED_REVIEW,29009,0,Q2,OD,SS,CS,-0.13563143109249154,80
REFUGE_Valid,SEALED_REVIEW,29009,0,Q2,OD,SC,CC,-0.10340086129841097,80
REFUGE_Valid,SEALED_REVIEW,29009,0,Q2,OD,SS,CC,-0.07299992727890015,80
REFUGE_Valid,SEALED_REVIEW,29009,0,Q2,OD,SS,SAME64_HOLD,-0.44070266111803846,80
REFUGE_Valid,SEALED_REVIEW,29009,0,Q2,OD,SC,SAME64_HOLD,-0.4711035951375493,80
REFUGE_Valid,SEALED_REVIEW,29009,0,Q2,OD,CS,CROSS64_HOLD,1.0295234934117872,80
REFUGE_Valid,SEALED_REVIEW,29009,0,Q2,OD,CC,CROSS64_HOLD,0.9668919895981958,80
REFUGE_Valid,SEALED_REVIEW,29009,0,Q2,OD,SS,C_CONT,6.089005641135017,80
REFUGE_Valid,SEALED_REVIEW,29009,0,Q2,OD,SS,ANCHOR,4.423492825539,80
REFUGE_Valid,SEALED_REVIEW,29009,0,Q2,OD,SS,SOURCE_HOLD,-0.04190689596995867,80
REFUGE_Valid,SEALED_REVIEW,29009,0,Q2,OD,SC,C_CONT,6.0586047071155065,80
REFUGE_Valid,SEALED_REVIEW,29009,0,Q2,OD,SC,ANCHOR,4.393091891519489,80
REFUGE_Valid,SEALED_REVIEW,29009,0,Q2,OD,SC,SOURCE_HOLD,-0.0723078299894695,80
REFUGE_Valid,SEALED_REVIEW,29009,0,Q2,OD,CS,C_CONT,6.224637072227509,80
REFUGE_Valid,SEALED_REVIEW,29009,0,Q2,OD,CS,ANCHOR,4.559124256631492,80
REFUGE_Valid,SEALED_REVIEW,29009,0,Q2,OD,CS,SOURCE_HOLD,0.09372453512253287,80
REFUGE_Valid,SEALED_REVIEW,29009,0,Q2,OD,CC,C_CONT,6.1620055684139174,80
REFUGE_Valid,SEALED_REVIEW,29009,0,Q2,OD,CC,ANCHOR,4.4964927528179,80
REFUGE_Valid,SEALED_REVIEW,29009,0,Q2,OD,CC,SOURCE_HOLD,0.031093031308941477,80
REFUGE_Valid,SEALED_REVIEW,29009,0,Q2,OD,OPTIMIZER_BY_PARAMETER_INTERACTION,ALGEBRA,0.032230569794080566,80
REFUGE_Valid,SEALED_REVIEW,29009,0,Q2,OC,SC,SS,0.028858215519306896,80
REFUGE_Valid,SEALED_REVIEW,29009,0,Q2,OC,CC,CS,-0.006101366310048206,80
REFUGE_Valid,SEALED_REVIEW,29009,0,Q2,OC,SS,CS,0.18943811201089034,80
REFUGE_Valid,SEALED_REVIEW,29009,0,Q2,OC,SC,CC,0.22439769384024544,80
REFUGE_Valid,SEALED_REVIEW,29009,0,Q2,OC,SS,CC,0.19553947832093854,80
REFUGE_Valid,SEALED_REVIEW,29009,0,Q2,OC,SS,SAME64_HOLD,-0.5773931520144657,80
REFUGE_Valid,SEALED_REVIEW,29009,0,Q2,OC,SC,SAME64_HOLD,-0.5485349364951588,80
REFUGE_Valid,SEALED_REVIEW,29009,0,Q2,OC,CS,CROSS64_HOLD,-0.337893448026108,80
REFUGE_Valid,SEALED_REVIEW,29009,0,Q2,OC,CC,CROSS64_HOLD,-0.3439948143361562,80
REFUGE_Valid,SEALED_REVIEW,29009,0,Q2,OC,SS,C_CONT,6.160691392871236,80
REFUGE_Valid,SEALED_REVIEW,29009,0,Q2,OC,SS,ANCHOR,6.547837354640194,80
REFUGE_Valid,SEALED_REVIEW,29009,0,Q2,OC,SS,SOURCE_HOLD,-1.078062269595435,80
REFUGE_Valid,SEALED_REVIEW,29009,0,Q2,OC,SC,C_CONT,6.189549608390543,80
REFUGE_Valid,SEALED_REVIEW,29009,0,Q2,OC,SC,ANCHOR,6.576695570159501,80
REFUGE_Valid,SEALED_REVIEW,29009,0,Q2,OC,SC,SOURCE_HOLD,-1.049204054076128,80
REFUGE_Valid,SEALED_REVIEW,29009,0,Q2,OC,CS,C_CONT,5.971253280860346,80
REFUGE_Valid,SEALED_REVIEW,29009,0,Q2,OC,CS,ANCHOR,6.358399242629304,80
REFUGE_Valid,SEALED_REVIEW,29009,0,Q2,OC,CS,SOURCE_HOLD,-1.2675003816063253,80
REFUGE_Valid,SEALED_REVIEW,29009,0,Q2,OC,CC,C_CONT,5.965151914550297,80
REFUGE_Valid,SEALED_REVIEW,29009,0,Q2,OC,CC,ANCHOR,6.3522978763192555,80
REFUGE_Valid,SEALED_REVIEW,29009,0,Q2,OC,CC,SOURCE_HOLD,-1.2736017479163735,80
REFUGE_Valid,SEALED_REVIEW,29009,0,Q2,OC,OPTIMIZER_BY_PARAMETER_INTERACTION,ALGEBRA,0.0349595818293551,80
REFUGE_Valid,SEARCH,29009,0,Q2,OD,SC,SS,-0.031796699386219984,89
REFUGE_Valid,SEARCH,29009,0,Q2,OD,CC,CS,-0.07647101145238366,89
REFUGE_Valid,SEARCH,29009,0,Q2,OD,SS,CS,-0.12326563537996549,89
REFUGE_Valid,SEARCH,29009,0,Q2,OD,SC,CC,-0.07859132331380181,89
REFUGE_Valid,SEARCH,29009,0,Q2,OD,SS,CC,-0.046794623927581824,89
REFUGE_Valid,SEARCH,29009,0,Q2,OD,SS,SAME64_HOLD,-0.2733091119270057,89
REFUGE_Valid,SEARCH,29009,0,Q2,OD,SC,SAME64_HOLD,-0.30510581131322567,89
REFUGE_Valid,SEARCH,29009,0,Q2,OD,CS,CROSS64_HOLD,1.2508677361910117,89
REFUGE_Valid,SEARCH,29009,0,Q2,OD,CC,CROSS64_HOLD,1.174396724738628,89
REFUGE_Valid,SEARCH,29009,0,Q2,OD,SS,C_CONT,6.009313320518999,89
REFUGE_Valid,SEARCH,29009,0,Q2,OD,SS,ANCHOR,4.184171535291512,89
REFUGE_Valid,SEARCH,29009,0,Q2,OD,SS,SOURCE_HOLD,0.5211358470016592,89
REFUGE_Valid,SEARCH,29009,0,Q2,OD,SC,C_CONT,5.977516621132779,89
REFUGE_Valid,SEARCH,29009,0,Q2,OD,SC,ANCHOR,4.152374835905292,89
REFUGE_Valid,SEARCH,29009,0,Q2,OD,SC,SOURCE_HOLD,0.4893391476154392,89
REFUGE_Valid,SEARCH,29009,0,Q2,OD,CS,C_CONT,6.132578955898964,89
REFUGE_Valid,SEARCH,29009,0,Q2,OD,CS,ANCHOR,4.307437170671477,89
REFUGE_Valid,SEARCH,29009,0,Q2,OD,CS,SOURCE_HOLD,0.6444014823816246,89
REFUGE_Valid,SEARCH,29009,0,Q2,OD,CC,C_CONT,6.05610794444658,89
REFUGE_Valid,SEARCH,29009,0,Q2,OD,CC,ANCHOR,4.2309661592190935,89
REFUGE_Valid,SEARCH,29009,0,Q2,OD,CC,SOURCE_HOLD,0.567930470929241,89
REFUGE_Valid,SEARCH,29009,0,Q2,OD,OPTIMIZER_BY_PARAMETER_INTERACTION,ALGEBRA,0.04467431206616368,89
REFUGE_Valid,SEARCH,29009,0,Q2,OC,SC,SS,0.03226697583276916,89
REFUGE_Valid,SEARCH,29009,0,Q2,OC,CC,CS,0.012069617451601289,89
REFUGE_Valid,SEARCH,29009,0,Q2,OC,SS,CS,0.10486438002124032,89
REFUGE_Valid,SEARCH,29009,0,Q2,OC,SC,CC,0.1250617384024082,89
REFUGE_Valid,SEARCH,29009,0,Q2,OC,SS,CC,0.09279476256963903,89
REFUGE_Valid,SEARCH,29009,0,Q2,OC,SS,SAME64_HOLD,-0.581121731227455,89
REFUGE_Valid,SEARCH,29009,0,Q2,OC,SC,SAME64_HOLD,-0.5488547553946859,89
REFUGE_Valid,SEARCH,29009,0,Q2,OC,CS,CROSS64_HOLD,-0.9833860437583581,89
REFUGE_Valid,SEARCH,29009,0,Q2,OC,CC,CROSS64_HOLD,-0.9713164263067569,89
REFUGE_Valid,SEARCH,29009,0,Q2,OC,SS,C_CONT,5.133019333014381,89
REFUGE_Valid,SEARCH,29009,0,Q2,OC,SS,ANCHOR,5.491326870292951,89
REFUGE_Valid,SEARCH,29009,0,Q2,OC,SS,SOURCE_HOLD,-1.4350113461877214,89
REFUGE_Valid,SEARCH,29009,0,Q2,OC,SC,C_CONT,5.165286308847151,89
REFUGE_Valid,SEARCH,29009,0,Q2,OC,SC,ANCHOR,5.523593846125721,89
REFUGE_Valid,SEARCH,29009,0,Q2,OC,SC,SOURCE_HOLD,-1.4027443703549523,89
REFUGE_Valid,SEARCH,29009,0,Q2,OC,CS,C_CONT,5.028154952993141,89
REFUGE_Valid,SEARCH,29009,0,Q2,OC,CS,ANCHOR,5.386462490271711,89
REFUGE_Valid,SEARCH,29009,0,Q2,OC,CS,SOURCE_HOLD,-1.5398757262089617,89
REFUGE_Valid,SEARCH,29009,0,Q2,OC,CC,C_CONT,5.040224570444742,89
REFUGE_Valid,SEARCH,29009,0,Q2,OC,CC,ANCHOR,5.398532107723312,89
REFUGE_Valid,SEARCH,29009,0,Q2,OC,CC,SOURCE_HOLD,-1.5278061087573604,89
REFUGE_Valid,SEARCH,29009,0,Q2,OC,OPTIMIZER_BY_PARAMETER_INTERACTION,ALGEBRA,0.020197358381167874,89
REFUGE_Valid,SEARCH,29009,0,Q3,OD,SC,SS,0.0005363952190577947,100
REFUGE_Valid,SEARCH,29009,0,Q3,OD,CC,CS,-0.04697445647404663,100
REFUGE_Valid,SEARCH,29009,0,Q3,OD,SS,CS,-0.079841807433354,100
REFUGE_Valid,SEARCH,29009,0,Q3,OD,SC,CC,-0.03233095574024958,100
REFUGE_Valid,SEARCH,29009,0,Q3,OD,SS,CC,-0.03286735095930737,100
REFUGE_Valid,SEARCH,29009,0,Q3,OD,SS,SAME64_HOLD,-0.9450967237319219,100
REFUGE_Valid,SEARCH,29009,0,Q3,OD,SC,SAME64_HOLD,-0.9445603285128641,100
REFUGE_Valid,SEARCH,29009,0,Q3,OD,CS,CROSS64_HOLD,1.127416264084843,100
REFUGE_Valid,SEARCH,29009,0,Q3,OD,CC,CROSS64_HOLD,1.0804418076107964,100
REFUGE_Valid,SEARCH,29009,0,Q3,OD,SS,C_CONT,5.59130546038584,100
REFUGE_Valid,SEARCH,29009,0,Q3,OD,SS,ANCHOR,3.425277765781061,100
REFUGE_Valid,SEARCH,29009,0,Q3,OD,SS,SOURCE_HOLD,0.3418626361796413,100
REFUGE_Valid,SEARCH,29009,0,Q3,OD,SC,C_CONT,5.591841855604898,100
REFUGE_Valid,SEARCH,29009,0,Q3,OD,SC,ANCHOR,3.425814161000119,100
REFUGE_Valid,SEARCH,29009,0,Q3,OD,SC,SOURCE_HOLD,0.3423990313986991,100
REFUGE_Valid,SEARCH,29009,0,Q3,OD,CS,C_CONT,5.671147267819194,100
REFUGE_Valid,SEARCH,29009,0,Q3,OD,CS,ANCHOR,3.505119573214415,100
REFUGE_Valid,SEARCH,29009,0,Q3,OD,CS,SOURCE_HOLD,0.4217044436129953,100
REFUGE_Valid,SEARCH,29009,0,Q3,OD,CC,C_CONT,5.624172811345147,100
REFUGE_Valid,SEARCH,29009,0,Q3,OD,CC,ANCHOR,3.4581451167403685,100
REFUGE_Valid,SEARCH,29009,0,Q3,OD,CC,SOURCE_HOLD,0.3747299871389487,100
REFUGE_Valid,SEARCH,29009,0,Q3,OD,OPTIMIZER_BY_PARAMETER_INTERACTION,ALGEBRA,0.04751085169310443,100
REFUGE_Valid,SEARCH,29009,0,Q3,OC,SC,SS,0.05061068229579746,100
REFUGE_Valid,SEARCH,29009,0,Q3,OC,CC,CS,0.025694608858543688,100
REFUGE_Valid,SEARCH,29009,0,Q3,OC,SS,CS,0.32529203103571547,100
REFUGE_Valid,SEARCH,29009,0,Q3,OC,SC,CC,0.35020810447296924,100
REFUGE_Valid,SEARCH,29009,0,Q3,OC,SS,CC,0.2995974221771718,100
REFUGE_Valid,SEARCH,29009,0,Q3,OC,SS,SAME64_HOLD,-0.7890236965122313,100
REFUGE_Valid,SEARCH,29009,0,Q3,OC,SC,SAME64_HOLD,-0.7384130142164338,100
REFUGE_Valid,SEARCH,29009,0,Q3,OC,CS,CROSS64_HOLD,-0.5463671786659603,100
REFUGE_Valid,SEARCH,29009,0,Q3,OC,CC,CROSS64_HOLD,-0.5206725698074166,100
REFUGE_Valid,SEARCH,29009,0,Q3,OC,SS,C_CONT,6.028836565433707,100
REFUGE_Valid,SEARCH,29009,0,Q3,OC,SS,ANCHOR,6.278530132968754,100
REFUGE_Valid,SEARCH,29009,0,Q3,OC,SS,SOURCE_HOLD,-0.8967698749135593,100
REFUGE_Valid,SEARCH,29009,0,Q3,OC,SC,C_CONT,6.0794472477295045,100
REFUGE_Valid,SEARCH,29009,0,Q3,OC,SC,ANCHOR,6.329140815264552,100
REFUGE_Valid,SEARCH,29009,0,Q3,OC,SC,SOURCE_HOLD,-0.8461591926177618,100
REFUGE_Valid,SEARCH,29009,0,Q3,OC,CS,C_CONT,5.703544534397992,100
REFUGE_Valid,SEARCH,29009,0,Q3,OC,CS,ANCHOR,5.953238101933039,100
REFUGE_Valid,SEARCH,29009,0,Q3,OC,CS,SOURCE_HOLD,-1.2220619059492748,100
REFUGE_Valid,SEARCH,29009,0,Q3,OC,CC,C_CONT,5.729239143256535,100
REFUGE_Valid,SEARCH,29009,0,Q3,OC,CC,ANCHOR,5.978932710791582,100
REFUGE_Valid,SEARCH,29009,0,Q3,OC,CC,SOURCE_HOLD,-1.196367297090731,100
REFUGE_Valid,SEARCH,29009,0,Q3,OC,OPTIMIZER_BY_PARAMETER_INTERACTION,ALGEBRA,0.024916073437253772,100
REFUGE_Valid,SEALED_REVIEW,29009,0,Q3,OD,SC,SS,0.03214268242155072,68
REFUGE_Valid,SEALED_REVIEW,29009,0,Q3,OD,CC,CS,-0.016443819364880596,68
REFUGE_Valid,SEALED_REVIEW,29009,0,Q3,OD,SS,CS,0.0008353123762816494,68
REFUGE_Valid,SEALED_REVIEW,29009,0,Q3,OD,SC,CC,0.04942181416271296,68
REFUGE_Valid,SEALED_REVIEW,29009,0,Q3,OD,SS,CC,0.017279131741162246,68
REFUGE_Valid,SEALED_REVIEW,29009,0,Q3,OD,SS,SAME64_HOLD,-1.6553908838835127,68
REFUGE_Valid,SEALED_REVIEW,29009,0,Q3,OD,SC,SAME64_HOLD,-1.623248201461962,68
REFUGE_Valid,SEALED_REVIEW,29009,0,Q3,OD,CS,CROSS64_HOLD,0.7989804564078895,68
REFUGE_Valid,SEALED_REVIEW,29009,0,Q3,OD,CC,CROSS64_HOLD,0.7825366370430089,68
REFUGE_Valid,SEALED_REVIEW,29009,0,Q3,OD,SS,C_CONT,6.892694194993183,68
REFUGE_Valid,SEALED_REVIEW,29009,0,Q3,OD,SS,ANCHOR,4.669299984961711,68
REFUGE_Valid,SEALED_REVIEW,29009,0,Q3,OD,SS,SOURCE_HOLD,-0.2715717131888056,68
REFUGE_Valid,SEALED_REVIEW,29009,0,Q3,OD,SC,C_CONT,6.924836877414734,68
REFUGE_Valid,SEALED_REVIEW,29009,0,Q3,OD,SC,ANCHOR,4.701442667383262,68
REFUGE_Valid,SEALED_REVIEW,29009,0,Q3,OD,SC,SOURCE_HOLD,-0.23942903076725486,68
REFUGE_Valid,SEALED_REVIEW,29009,0,Q3,OD,CS,C_CONT,6.891858882616901,68
REFUGE_Valid,SEALED_REVIEW,29009,0,Q3,OD,CS,ANCHOR,4.668464672585429,68
REFUGE_Valid,SEALED_REVIEW,29009,0,Q3,OD,CS,SOURCE_HOLD,-0.2724070255650872,68
REFUGE_Valid,SEALED_REVIEW,29009,0,Q3,OD,CC,C_CONT,6.875415063252021,68
REFUGE_Valid,SEALED_REVIEW,29009,0,Q3,OD,CC,ANCHOR,4.652020853220549,68
REFUGE_Valid,SEALED_REVIEW,29009,0,Q3,OD,CC,SOURCE_HOLD,-0.2888508449299678,68
REFUGE_Valid,SEALED_REVIEW,29009,0,Q3,OD,OPTIMIZER_BY_PARAMETER_INTERACTION,ALGEBRA,0.04858650178643131,68
REFUGE_Valid,SEALED_REVIEW,29009,0,Q3,OC,SC,SS,0.04636661472662951,68
REFUGE_Valid,SEALED_REVIEW,29009,0,Q3,OC,CC,CS,0.035384721572782496,68
REFUGE_Valid,SEALED_REVIEW,29009,0,Q3,OC,SS,CS,0.27492050709711435,68
REFUGE_Valid,SEALED_REVIEW,29009,0,Q3,OC,SC,CC,0.28590240025096136,68
REFUGE_Valid,SEALED_REVIEW,29009,0,Q3,OC,SS,CC,0.23953578552433186,68
REFUGE_Valid,SEALED_REVIEW,29009,0,Q3,OC,SS,SAME64_HOLD,-1.0973786094267908,68
REFUGE_Valid,SEALED_REVIEW,29009,0,Q3,OC,SC,SAME64_HOLD,-1.0510119947001613,68
REFUGE_Valid,SEALED_REVIEW,29009,0,Q3,OC,CS,CROSS64_HOLD,-1.6373714401959205,68
REFUGE_Valid,SEALED_REVIEW,29009,0,Q3,OC,CC,CROSS64_HOLD,-1.601986718623138,68
REFUGE_Valid,SEALED_REVIEW,29009,0,Q3,OC,SS,C_CONT,6.197799049770431,68
REFUGE_Valid,SEALED_REVIEW,29009,0,Q3,OC,SS,ANCHOR,6.428319459472469,68
REFUGE_Valid,SEALED_REVIEW,29009,0,Q3,OC,SS,SOURCE_HOLD,-2.01923876100836,68
REFUGE_Valid,SEALED_REVIEW,29009,0,Q3,OC,SC,C_CONT,6.244165664497061,68
REFUGE_Valid,SEALED_REVIEW,29009,0,Q3,OC,SC,ANCHOR,6.474686074199099,68
REFUGE_Valid,SEALED_REVIEW,29009,0,Q3,OC,SC,SOURCE_HOLD,-1.9728721462817305,68
REFUGE_Valid,SEALED_REVIEW,29009,0,Q3,OC,CS,C_CONT,5.922878542673317,68
REFUGE_Valid,SEALED_REVIEW,29009,0,Q3,OC,CS,ANCHOR,6.153398952375355,68
REFUGE_Valid,SEALED_REVIEW,29009,0,Q3,OC,CS,SOURCE_HOLD,-2.2941592681054743,68
REFUGE_Valid,SEALED_REVIEW,29009,0,Q3,OC,CC,C_CONT,5.958263264246099,68
REFUGE_Valid,SEALED_REVIEW,29009,0,Q3,OC,CC,ANCHOR,6.188783673948137,68
REFUGE_Valid,SEALED_REVIEW,29009,0,Q3,OC,CC,SOURCE_HOLD,-2.258774546532692,68
REFUGE_Valid,SEALED_REVIEW,29009,0,Q3,OC,OPTIMIZER_BY_PARAMETER_INTERACTION,ALGEBRA,0.010981893153847011,68
REFUGE_Valid,SEARCH,29009,0,Q4,OD,SC,SS,0.03145089096553022,120
REFUGE_Valid,SEARCH,29009,0,Q4,OD,CC,CS,-0.01464229296456665,120
REFUGE_Valid,SEARCH,29009,0,Q4,OD,SS,CS,0.1258925449978534,120
REFUGE_Valid,SEARCH,29009,0,Q4,OD,SC,CC,0.17198572892795028,120
REFUGE_Valid,SEARCH,29009,0,Q4,OD,SS,CC,0.14053483796242006,120
REFUGE_Valid,SEARCH,29009,0,Q4,OD,SS,SAME64_HOLD,-2.918984164401067,120
REFUGE_Valid,SEARCH,29009,0,Q4,OD,SC,SAME64_HOLD,-2.887533273435537,120
REFUGE_Valid,SEARCH,29009,0,Q4,OD,CS,CROSS64_HOLD,-1.1598079460922435,120
REFUGE_Valid,SEARCH,29009,0,Q4,OD,CC,CROSS64_HOLD,-1.1744502390568101,120
REFUGE_Valid,SEARCH,29009,0,Q4,OD,SS,C_CONT,4.735895801487118,120
REFUGE_Valid,SEARCH,29009,0,Q4,OD,SS,ANCHOR,2.179065473935779,120
REFUGE_Valid,SEARCH,29009,0,Q4,OD,SS,SOURCE_HOLD,-1.7945495873192527,120
REFUGE_Valid,SEARCH,29009,0,Q4,OD,SC,C_CONT,4.767346692452648,120
REFUGE_Valid,SEARCH,29009,0,Q4,OD,SC,ANCHOR,2.2105163649013093,120
REFUGE_Valid,SEARCH,29009,0,Q4,OD,SC,SOURCE_HOLD,-1.7630986963537225,120
REFUGE_Valid,SEARCH,29009,0,Q4,OD,CS,C_CONT,4.610003256489264,120
REFUGE_Valid,SEARCH,29009,0,Q4,OD,CS,ANCHOR,2.0531729289379257,120
REFUGE_Valid,SEARCH,29009,0,Q4,OD,CS,SOURCE_HOLD,-1.9204421323171061,120
REFUGE_Valid,SEARCH,29009,0,Q4,OD,CC,C_CONT,4.595360963524698,120
REFUGE_Valid,SEARCH,29009,0,Q4,OD,CC,ANCHOR,2.038530635973359,120
REFUGE_Valid,SEARCH,29009,0,Q4,OD,CC,SOURCE_HOLD,-1.9350844252816728,120
REFUGE_Valid,SEARCH,29009,0,Q4,OD,OPTIMIZER_BY_PARAMETER_INTERACTION,ALGEBRA,0.04609318393009687,120
REFUGE_Valid,SEARCH,29009,0,Q4,OC,SC,SS,0.10514311891209616,120
REFUGE_Valid,SEARCH,29009,0,Q4,OC,CC,CS,0.07676521976284079,120
REFUGE_Valid,SEARCH,29009,0,Q4,OC,SS,CS,0.41677424762990967,120
REFUGE_Valid,SEARCH,29009,0,Q4,OC,SC,CC,0.44515214677916504,120
REFUGE_Valid,SEARCH,29009,0,Q4,OC,SS,CC,0.3400090278670689,120
REFUGE_Valid,SEARCH,29009,0,Q4,OC,SS,SAME64_HOLD,-1.8388601393984345,120
REFUGE_Valid,SEARCH,29009,0,Q4,OC,SC,SAME64_HOLD,-1.7337170204863384,120
REFUGE_Valid,SEARCH,29009,0,Q4,OC,CS,CROSS64_HOLD,-1.9870573868890418,120
REFUGE_Valid,SEARCH,29009,0,Q4,OC,CC,CROSS64_HOLD,-1.910292167126201,120
REFUGE_Valid,SEARCH,29009,0,Q4,OC,SS,C_CONT,6.567335204402369,120
REFUGE_Valid,SEARCH,29009,0,Q4,OC,SS,ANCHOR,6.797988234696206,120
REFUGE_Valid,SEARCH,29009,0,Q4,OC,SS,SOURCE_HOLD,-2.2168527987653306,120
REFUGE_Valid,SEARCH,29009,0,Q4,OC,SC,C_CONT,6.672478323314465,120
REFUGE_Valid,SEARCH,29009,0,Q4,OC,SC,ANCHOR,6.903131353608302,120
REFUGE_Valid,SEARCH,29009,0,Q4,OC,SC,SOURCE_HOLD,-2.1117096798532344,120
REFUGE_Valid,SEARCH,29009,0,Q4,OC,CS,C_CONT,6.150560956772459,120
REFUGE_Valid,SEARCH,29009,0,Q4,OC,CS,ANCHOR,6.381213987066296,120
REFUGE_Valid,SEARCH,29009,0,Q4,OC,CS,SOURCE_HOLD,-2.6336270463952403,120
REFUGE_Valid,SEARCH,29009,0,Q4,OC,CC,C_CONT,6.2273261765353,120
REFUGE_Valid,SEARCH,29009,0,Q4,OC,CC,ANCHOR,6.457979206829137,120
REFUGE_Valid,SEARCH,29009,0,Q4,OC,CC,SOURCE_HOLD,-2.5568618266323995,120
REFUGE_Valid,SEARCH,29009,0,Q4,OC,OPTIMIZER_BY_PARAMETER_INTERACTION,ALGEBRA,0.02837789914925537,120
REFUGE_Valid,SEALED_REVIEW,29009,0,Q4,OD,SC,SS,0.03568517987353914,52
REFUGE_Valid,SEALED_REVIEW,29009,0,Q4,OD,CC,CS,-0.00769981221142757,52
REFUGE_Valid,SEALED_REVIEW,29009,0,Q4,OD,SS,CS,0.05882039650661852,52
REFUGE_Valid,SEALED_REVIEW,29009,0,Q4,OD,SC,CC,0.10220538859158523,52
REFUGE_Valid,SEALED_REVIEW,29009,0,Q4,OD,SS,CC,0.06652020871804609,52
REFUGE_Valid,SEALED_REVIEW,29009,0,Q4,OD,SS,SAME64_HOLD,-2.781570173796027,52
REFUGE_Valid,SEALED_REVIEW,29009,0,Q4,OD,SC,SAME64_HOLD,-2.7458849939224876,52
REFUGE_Valid,SEALED_REVIEW,29009,0,Q4,OD,CS,CROSS64_HOLD,-0.9470861101892041,52
REFUGE_Valid,SEALED_REVIEW,29009,0,Q4,OD,CC,CROSS64_HOLD,-0.9547859224006316,52
REFUGE_Valid,SEALED_REVIEW,29009,0,Q4,OD,SS,C_CONT,5.309633305872794,52
REFUGE_Valid,SEALED_REVIEW,29009,0,Q4,OD,SS,ANCHOR,2.7612644399400637,52
REFUGE_Valid,SEALED_REVIEW,29009,0,Q4,OD,SS,SOURCE_HOLD,-1.5503331774571762,52
REFUGE_Valid,SEALED_REVIEW,29009,0,Q4,OD,SC,C_CONT,5.345318485746333,52
REFUGE_Valid,SEALED_REVIEW,29009,0,Q4,OD,SC,ANCHOR,2.796949619813603,52
REFUGE_Valid,SEALED_REVIEW,29009,0,Q4,OD,SC,SOURCE_HOLD,-1.514647997583637,52
REFUGE_Valid,SEALED_REVIEW,29009,0,Q4,OD,CS,C_CONT,5.250812909366175,52
REFUGE_Valid,SEALED_REVIEW,29009,0,Q4,OD,CS,ANCHOR,2.702444043433445,52
REFUGE_Valid,SEALED_REVIEW,29009,0,Q4,OD,CS,SOURCE_HOLD,-1.6091535739637948,52
REFUGE_Valid,SEALED_REVIEW,29009,0,Q4,OD,CC,C_CONT,5.2431130971547475,52
REFUGE_Valid,SEALED_REVIEW,29009,0,Q4,OD,CC,ANCHOR,2.6947442312220176,52
REFUGE_Valid,SEALED_REVIEW,29009,0,Q4,OD,CC,SOURCE_HOLD,-1.6168533861752223,52
REFUGE_Valid,SEALED_REVIEW,29009,0,Q4,OD,OPTIMIZER_BY_PARAMETER_INTERACTION,ALGEBRA,0.04338499208496671,52
REFUGE_Valid,SEALED_REVIEW,29009,0,Q4,OC,SC,SS,0.1332924141730274,52
REFUGE_Valid,SEALED_REVIEW,29009,0,Q4,OC,CC,CS,0.09744953122900313,52
REFUGE_Valid,SEALED_REVIEW,29009,0,Q4,OC,SS,CS,0.5697342471602269,52
REFUGE_Valid,SEALED_REVIEW,29009,0,Q4,OC,SC,CC,0.6055771301042512,52
REFUGE_Valid,SEALED_REVIEW,29009,0,Q4,OC,SS,CC,0.4722847159312238,52
REFUGE_Valid,SEALED_REVIEW,29009,0,Q4,OC,SS,SAME64_HOLD,-2.4138055713327446,52
REFUGE_Valid,SEALED_REVIEW,29009,0,Q4,OC,SC,SAME64_HOLD,-2.2805131571597173,52
REFUGE_Valid,SEALED_REVIEW,29009,0,Q4,OC,CS,CROSS64_HOLD,-2.101060723856378,52
REFUGE_Valid,SEALED_REVIEW,29009,0,Q4,OC,CC,CROSS64_HOLD,-2.0036111926273747,52
REFUGE_Valid,SEALED_REVIEW,29009,0,Q4,OC,SS,C_CONT,6.9743201344154,52
REFUGE_Valid,SEALED_REVIEW,29009,0,Q4,OC,SS,ANCHOR,7.193533186828695,52
REFUGE_Valid,SEALED_REVIEW,29009,0,Q4,OC,SS,SOURCE_HOLD,-2.412646496621491,52
REFUGE_Valid,SEALED_REVIEW,29009,0,Q4,OC,SC,C_CONT,7.107612548588428,52
REFUGE_Valid,SEALED_REVIEW,29009,0,Q4,OC,SC,ANCHOR,7.3268256010017225,52
REFUGE_Valid,SEALED_REVIEW,29009,0,Q4,OC,SC,SOURCE_HOLD,-2.2793540824484637,52
REFUGE_Valid,SEALED_REVIEW,29009,0,Q4,OC,CS,C_CONT,6.404585887255173,52
REFUGE_Valid,SEALED_REVIEW,29009,0,Q4,OC,CS,ANCHOR,6.623798939668468,52
REFUGE_Valid,SEALED_REVIEW,29009,0,Q4,OC,CS,SOURCE_HOLD,-2.982380743781718,52
REFUGE_Valid,SEALED_REVIEW,29009,0,Q4,OC,CC,C_CONT,6.502035418484176,52
REFUGE_Valid,SEALED_REVIEW,29009,0,Q4,OC,CC,ANCHOR,6.721248470897471,52
REFUGE_Valid,SEALED_REVIEW,29009,0,Q4,OC,CC,SOURCE_HOLD,-2.884931212552715,52
REFUGE_Valid,SEALED_REVIEW,29009,0,Q4,OC,OPTIMIZER_BY_PARAMETER_INTERACTION,ALGEBRA,0.03584288294402427,52
ORIGA,SEARCH,29009,1,ALL,OD,SC,SS,0.712628351441353,316
ORIGA,SEARCH,29009,1,ALL,OD,CC,CS,0.8199748860204608,316
ORIGA,SEARCH,29009,1,ALL,OD,SS,CS,1.6555767245180704,316
ORIGA,SEARCH,29009,1,ALL,OD,SC,CC,1.5482301899389626,316
ORIGA,SEARCH,29009,1,ALL,OD,SS,CC,0.8356018384976096,316
ORIGA,SEARCH,29009,1,ALL,OD,SS,SAME64_HOLD,6.392868208883613,316
ORIGA,SEARCH,29009,1,ALL,OD,SC,SAME64_HOLD,7.105496560324966,316
ORIGA,SEARCH,29009,1,ALL,OD,CS,CROSS64_HOLD,9.042285532096045,316
ORIGA,SEARCH,29009,1,ALL,OD,CC,CROSS64_HOLD,9.862260418116506,316
ORIGA,SEARCH,29009,1,ALL,OD,SS,C_CONT,-2.245852270856034,316
ORIGA,SEARCH,29009,1,ALL,OD,SS,ANCHOR,-2.7943018407679006,316
ORIGA,SEARCH,29009,1,ALL,OD,SS,SOURCE_HOLD,10.076414904555776,316
ORIGA,SEARCH,29009,1,ALL,OD,SC,C_CONT,-1.5332239194146808,316
ORIGA,SEARCH,29009,1,ALL,OD,SC,ANCHOR,-2.0816734893265476,316
ORIGA,SEARCH,29009,1,ALL,OD,SC,SOURCE_HOLD,10.789043255997129,316
ORIGA,SEARCH,29009,1,ALL,OD,CS,C_CONT,-3.901428995374104,316
ORIGA,SEARCH,29009,1,ALL,OD,CS,ANCHOR,-4.449878565285971,316
ORIGA,SEARCH,29009,1,ALL,OD,CS,SOURCE_HOLD,8.420838180037705,316
ORIGA,SEARCH,29009,1,ALL,OD,CC,C_CONT,-3.0814541093536434,316
ORIGA,SEARCH,29009,1,ALL,OD,CC,ANCHOR,-3.62990367926551,316
ORIGA,SEARCH,29009,1,ALL,OD,CC,SOURCE_HOLD,9.240813066058166,316
ORIGA,SEARCH,29009,1,ALL,OD,OPTIMIZER_BY_PARAMETER_INTERACTION,ALGEBRA,-0.10734653457910781,316
ORIGA,SEARCH,29009,1,ALL,OC,SC,SS,0.712616553530907,316
ORIGA,SEARCH,29009,1,ALL,OC,CC,CS,0.7239270237271711,316
ORIGA,SEARCH,29009,1,ALL,OC,SS,CS,2.1591408295309975,316
ORIGA,SEARCH,29009,1,ALL,OC,SC,CC,2.1478303593347334,316
ORIGA,SEARCH,29009,1,ALL,OC,SS,CC,1.4352138058038264,316
ORIGA,SEARCH,29009,1,ALL,OC,SS,SAME64_HOLD,7.285628991129663,316
ORIGA,SEARCH,29009,1,ALL,OC,SC,SAME64_HOLD,7.99824554466057,316
ORIGA,SEARCH,29009,1,ALL,OC,CS,CROSS64_HOLD,10.26481040945724,316
ORIGA,SEARCH,29009,1,ALL,OC,CC,CROSS64_HOLD,10.988737433184411,316
ORIGA,SEARCH,29009,1,ALL,OC,SS,C_CONT,-0.9368917226678661,316
ORIGA,SEARCH,29009,1,ALL,OC,SS,ANCHOR,-1.9163880826401822,316
ORIGA,SEARCH,29009,1,ALL,OC,SS,SOURCE_HOLD,11.540788348187263,316
ORIGA,SEARCH,29009,1,ALL,OC,SC,C_CONT,-0.2242751691369591,316
ORIGA,SEARCH,29009,1,ALL,OC,SC,ANCHOR,-1.2037715291092752,316
ORIGA,SEARCH,29009,1,ALL,OC,SC,SOURCE_HOLD,12.25340490171817,316
ORIGA,SEARCH,29009,1,ALL,OC,CS,C_CONT,-3.0960325521988636,316
ORIGA,SEARCH,29009,1,ALL,OC,CS,ANCHOR,-4.07552891217118,316
ORIGA,SEARCH,29009,1,ALL,OC,CS,SOURCE_HOLD,9.381647518656266,316
ORIGA,SEARCH,29009,1,ALL,OC,CC,C_CONT,-2.3721055284716925,316
ORIGA,SEARCH,29009,1,ALL,OC,CC,ANCHOR,-3.3516018884440086,316
ORIGA,SEARCH,29009,1,ALL,OC,CC,SOURCE_HOLD,10.105574542383437,316
ORIGA,SEARCH,29009,1,ALL,OC,OPTIMIZER_BY_PARAMETER_INTERACTION,ALGEBRA,-0.011310470196264077,316
ORIGA,SEARCH,29009,1,Q1,OD,SC,SS,0.8142536386755239,81
ORIGA,SEARCH,29009,1,Q1,OD,CC,CS,0.886748761799609,81
ORIGA,SEARCH,29009,1,Q1,OD,SS,CS,3.0566933605094704,81
ORIGA,SEARCH,29009,1,Q1,OD,SC,CC,2.9841982373853853,81
ORIGA,SEARCH,29009,1,Q1,OD,SS,CC,2.1699445987098613,81
ORIGA,SEARCH,29009,1,Q1,OD,SS,SAME64_HOLD,3.8101862450125594,81
ORIGA,SEARCH,29009,1,Q1,OD,SC,SAME64_HOLD,4.624439883688083,81
ORIGA,SEARCH,29009,1,Q1,OD,CS,CROSS64_HOLD,5.097571541891256,81
ORIGA,SEARCH,29009,1,Q1,OD,CC,CROSS64_HOLD,5.984320303690865,81
ORIGA,SEARCH,29009,1,Q1,OD,SS,C_CONT,-4.179645929387178,81
ORIGA,SEARCH,29009,1,Q1,OD,SS,ANCHOR,-4.9894543367660305,81
ORIGA,SEARCH,29009,1,Q1,OD,SS,SOURCE_HOLD,7.397942135963447,81
ORIGA,SEARCH,29009,1,Q1,OD,SC,C_CONT,-3.365392290711654,81
ORIGA,SEARCH,29009,1,Q1,OD,SC,ANCHOR,-4.1752006980905065,81
ORIGA,SEARCH,29009,1,Q1,OD,SC,SOURCE_HOLD,8.212195774638971,81
ORIGA,SEARCH,29009,1,Q1,OD,CS,C_CONT,-7.236339289896648,81
ORIGA,SEARCH,29009,1,Q1,OD,CS,ANCHOR,-8.0461476972755,81
ORIGA,SEARCH,29009,1,Q1,OD,CS,SOURCE_HOLD,4.341248775453977,81
ORIGA,SEARCH,29009,1,Q1,OD,CC,C_CONT,-6.349590528097039,81
ORIGA,SEARCH,29009,1,Q1,OD,CC,ANCHOR,-7.159398935475892,81
ORIGA,SEARCH,29009,1,Q1,OD,CC,SOURCE_HOLD,5.227997537253586,81
ORIGA,SEARCH,29009,1,Q1,OD,OPTIMIZER_BY_PARAMETER_INTERACTION,ALGEBRA,-0.07249512312408513,81
ORIGA,SEARCH,29009,1,Q1,OC,SC,SS,0.932383003992733,81
ORIGA,SEARCH,29009,1,Q1,OC,CC,CS,0.8204895988249987,81
ORIGA,SEARCH,29009,1,Q1,OC,SS,CS,4.074752774780883,81
ORIGA,SEARCH,29009,1,Q1,OC,SC,CC,4.186646179948617,81
ORIGA,SEARCH,29009,1,Q1,OC,SS,CC,3.2542631759558844,81
ORIGA,SEARCH,29009,1,Q1,OC,SS,SAME64_HOLD,4.3274977882334795,81
ORIGA,SEARCH,29009,1,Q1,OC,SC,SAME64_HOLD,5.2598807922262125,81
ORIGA,SEARCH,29009,1,Q1,OC,CS,CROSS64_HOLD,5.676817880937946,81
ORIGA,SEARCH,29009,1,Q1,OC,CC,CROSS64_HOLD,6.497307479762945,81
ORIGA,SEARCH,29009,1,Q1,OC,SS,C_CONT,-1.8995469790066508,81
ORIGA,SEARCH,29009,1,Q1,OC,SS,ANCHOR,-2.7032731574428652,81
ORIGA,SEARCH,29009,1,Q1,OC,SS,SOURCE_HOLD,8.83738389124504,81
ORIGA,SEARCH,29009,1,Q1,OC,SC,C_CONT,-0.9671639750139178,81
ORIGA,SEARCH,29009,1,Q1,OC,SC,ANCHOR,-1.7708901534501322,81
ORIGA,SEARCH,29009,1,Q1,OC,SC,SOURCE_HOLD,9.769766895237773,81
ORIGA,SEARCH,29009,1,Q1,OC,CS,C_CONT,-5.974299753787534,81
ORIGA,SEARCH,29009,1,Q1,OC,CS,ANCHOR,-6.778025932223748,81
ORIGA,SEARCH,29009,1,Q1,OC,CS,SOURCE_HOLD,4.762631116464156,81
ORIGA,SEARCH,29009,1,Q1,OC,CC,C_CONT,-5.153810154962535,81
ORIGA,SEARCH,29009,1,Q1,OC,CC,ANCHOR,-5.95753633339875,81
ORIGA,SEARCH,29009,1,Q1,OC,CC,SOURCE_HOLD,5.583120715289155,81
ORIGA,SEARCH,29009,1,Q1,OC,OPTIMIZER_BY_PARAMETER_INTERACTION,ALGEBRA,0.11189340516773427,81
ORIGA,SEARCH,29009,1,FIRST64,OD,SC,SS,0.36443786558579916,35
ORIGA,SEARCH,29009,1,FIRST64,OD,CC,CS,0.466106985301721,35
ORIGA,SEARCH,29009,1,FIRST64,OD,SS,CS,2.9626222827508144,35
ORIGA,SEARCH,29009,1,FIRST64,OD,SC,CC,2.8609531630348926,35
ORIGA,SEARCH,29009,1,FIRST64,OD,SS,CC,2.4965152974490934,35
ORIGA,SEARCH,29009,1,FIRST64,OD,SS,SAME64_HOLD,1.6870871175296855,35
ORIGA,SEARCH,29009,1,FIRST64,OD,SC,SAME64_HOLD,2.0515249831154847,35
ORIGA,SEARCH,29009,1,FIRST64,OD,CS,CROSS64_HOLD,2.5766090231529546,35
ORIGA,SEARCH,29009,1,FIRST64,OD,CC,CROSS64_HOLD,3.0427160084546756,35
ORIGA,SEARCH,29009,1,FIRST64,OD,SS,C_CONT,-3.2053633912785955,35
ORIGA,SEARCH,29009,1,FIRST64,OD,SS,ANCHOR,-4.05362613505001,35
ORIGA,SEARCH,29009,1,FIRST64,OD,SS,SOURCE_HOLD,4.9692035300508195,35
ORIGA,SEARCH,29009,1,FIRST64,OD,SC,C_CONT,-2.8409255256927963,35
ORIGA,SEARCH,29009,1,FIRST64,OD,SC,ANCHOR,-3.6891882694642106,35
ORIGA,SEARCH,29009,1,FIRST64,OD,SC,SOURCE_HOLD,5.333641395636619,35
ORIGA,SEARCH,29009,1,FIRST64,OD,CS,C_CONT,-6.16798567402941,35
ORIGA,SEARCH,29009,1,FIRST64,OD,CS,ANCHOR,-7.016248417800824,35
ORIGA,SEARCH,29009,1,FIRST64,OD,CS,SOURCE_HOLD,2.006581247300005,35
ORIGA,SEARCH,29009,1,FIRST64,OD,CC,C_CONT,-5.701878688727689,35
ORIGA,SEARCH,29009,1,FIRST64,OD,CC,ANCHOR,-6.550141432499103,35
ORIGA,SEARCH,29009,1,FIRST64,OD,CC,SOURCE_HOLD,2.472688232601726,35
ORIGA,SEARCH,29009,1,FIRST64,OD,OPTIMIZER_BY_PARAMETER_INTERACTION,ALGEBRA,-0.10166911971592185,35
ORIGA,SEARCH,29009,1,FIRST64,OC,SC,SS,0.2512586183702723,35
ORIGA,SEARCH,29009,1,FIRST64,OC,CC,CS,0.36408436926327425,35
ORIGA,SEARCH,29009,1,FIRST64,OC,SS,CS,4.1915308430136164,35
ORIGA,SEARCH,29009,1,FIRST64,OC,SC,CC,4.0787050921206145,35
ORIGA,SEARCH,29009,1,FIRST64,OC,SS,CC,3.827446473750342,35
ORIGA,SEARCH,29009,1,FIRST64,OC,SS,SAME64_HOLD,2.0862925853867083,35
ORIGA,SEARCH,29009,1,FIRST64,OC,SC,SAME64_HOLD,2.3375512037569806,35
ORIGA,SEARCH,29009,1,FIRST64,OC,CS,CROSS64_HOLD,3.261860895758929,35
ORIGA,SEARCH,29009,1,FIRST64,OC,CC,CROSS64_HOLD,3.625945265022203,35
ORIGA,SEARCH,29009,1,FIRST64,OC,SS,C_CONT,0.2545140333186282,35
ORIGA,SEARCH,29009,1,FIRST64,OC,SS,ANCHOR,-0.652441031314325,35
ORIGA,SEARCH,29009,1,FIRST64,OC,SS,SOURCE_HOLD,6.664162820198655,35
ORIGA,SEARCH,29009,1,FIRST64,OC,SC,C_CONT,0.5057726516889005,35
ORIGA,SEARCH,29009,1,FIRST64,OC,SC,ANCHOR,-0.40118241294405266,35
ORIGA,SEARCH,29009,1,FIRST64,OC,SC,SOURCE_HOLD,6.915421438568927,35
ORIGA,SEARCH,29009,1,FIRST64,OC,CS,C_CONT,-3.9370168096949882,35
ORIGA,SEARCH,29009,1,FIRST64,OC,CS,ANCHOR,-4.843971874327941,35
ORIGA,SEARCH,29009,1,FIRST64,OC,CS,SOURCE_HOLD,2.4726319771850385,35
ORIGA,SEARCH,29009,1,FIRST64,OC,CC,C_CONT,-3.572932440431714,35
ORIGA,SEARCH,29009,1,FIRST64,OC,CC,ANCHOR,-4.479887505064667,35
ORIGA,SEARCH,29009,1,FIRST64,OC,CC,SOURCE_HOLD,2.8367163464483127,35
ORIGA,SEARCH,29009,1,FIRST64,OC,OPTIMIZER_BY_PARAMETER_INTERACTION,ALGEBRA,-0.11282575089300195,35
ORIGA,SEALED_REVIEW,29009,1,ALL,OD,SC,SS,0.714809093465334,210
ORIGA,SEALED_REVIEW,29009,1,ALL,OD,CC,CS,0.8310759805646626,210
ORIGA,SEALED_REVIEW,29009,1,ALL,OD,SS,CS,1.7005050164693358,210
ORIGA,SEALED_REVIEW,29009,1,ALL,OD,SC,CC,1.5842381293700072,210
ORIGA,SEALED_REVIEW,29009,1,ALL,OD,SS,CC,0.8694290359046732,210
ORIGA,SEALED_REVIEW,29009,1,ALL,OD,SS,SAME64_HOLD,6.202592678386097,210
ORIGA,SEALED_REVIEW,29009,1,ALL,OD,SC,SAME64_HOLD,6.917401771851431,210
ORIGA,SEALED_REVIEW,29009,1,ALL,OD,CS,CROSS64_HOLD,8.884820527078048,210
ORIGA,SEALED_REVIEW,29009,1,ALL,OD,CC,CROSS64_HOLD,9.71589650764271,210
ORIGA,SEALED_REVIEW,29009,1,ALL,OD,SS,C_CONT,-1.9079695912444663,210
ORIGA,SEALED_REVIEW,29009,1,ALL,OD,SS,ANCHOR,-2.3827681008503987,210
ORIGA,SEALED_REVIEW,29009,1,ALL,OD,SS,SOURCE_HOLD,10.215817617317356,210
ORIGA,SEALED_REVIEW,29009,1,ALL,OD,SC,C_CONT,-1.1931604977791324,210
ORIGA,SEALED_REVIEW,29009,1,ALL,OD,SC,ANCHOR,-1.6679590073850648,210
ORIGA,SEALED_REVIEW,29009,1,ALL,OD,SC,SOURCE_HOLD,10.93062671078269,210
ORIGA,SEALED_REVIEW,29009,1,ALL,OD,CS,C_CONT,-3.608474607713802,210
ORIGA,SEALED_REVIEW,29009,1,ALL,OD,CS,ANCHOR,-4.0832731173197345,210
ORIGA,SEALED_REVIEW,29009,1,ALL,OD,CS,SOURCE_HOLD,8.51531260084802,210
ORIGA,SEALED_REVIEW,29009,1,ALL,OD,CC,C_CONT,-2.7773986271491395,210
ORIGA,SEALED_REVIEW,29009,1,ALL,OD,CC,ANCHOR,-3.252197136755072,210
ORIGA,SEALED_REVIEW,29009,1,ALL,OD,CC,SOURCE_HOLD,9.346388581412683,210
ORIGA,SEALED_REVIEW,29009,1,ALL,OD,OPTIMIZER_BY_PARAMETER_INTERACTION,ALGEBRA,-0.11626688709932864,210
ORIGA,SEALED_REVIEW,29009,1,ALL,OC,SC,SS,0.6927183746853132,210
ORIGA,SEALED_REVIEW,29009,1,ALL,OC,CC,CS,0.8057545257804435,210
ORIGA,SEALED_REVIEW,29009,1,ALL,OC,SS,CS,2.147801958940846,210
ORIGA,SEALED_REVIEW,29009,1,ALL,OC,SC,CC,2.034765807845716,210
ORIGA,SEALED_REVIEW,29009,1,ALL,OC,SS,CC,1.3420474331604026,210
ORIGA,SEALED_REVIEW,29009,1,ALL,OC,SS,SAME64_HOLD,6.7057847955634315,210
ORIGA,SEALED_REVIEW,29009,1,ALL,OC,SC,SAME64_HOLD,7.398503170248745,210
ORIGA,SEALED_REVIEW,29009,1,ALL,OC,CS,CROSS64_HOLD,9.745058689889085,210
ORIGA,SEALED_REVIEW,29009,1,ALL,OC,CC,CROSS64_HOLD,10.550813215669528,210
ORIGA,SEALED_REVIEW,29009,1,ALL,OC,SS,C_CONT,-0.15583543029866576,210
ORIGA,SEALED_REVIEW,29009,1,ALL,OC,SS,ANCHOR,-1.0050401656560837,210
ORIGA,SEALED_REVIEW,29009,1,ALL,OC,SS,SOURCE_HOLD,11.329330509874111,210
ORIGA,SEALED_REVIEW,29009,1,ALL,OC,SC,C_CONT,0.5368829443866474,210
ORIGA,SEALED_REVIEW,29009,1,ALL,OC,SC,ANCHOR,-0.3123217909707705,210
ORIGA,SEALED_REVIEW,29009,1,ALL,OC,SC,SOURCE_HOLD,12.022048884559425,210
ORIGA,SEALED_REVIEW,29009,1,ALL,OC,CS,C_CONT,-2.303637389239512,210
ORIGA,SEALED_REVIEW,29009,1,ALL,OC,CS,ANCHOR,-3.15284212459693,210
ORIGA,SEALED_REVIEW,29009,1,ALL,OC,CS,SOURCE_HOLD,9.181528550933265,210
ORIGA,SEALED_REVIEW,29009,1,ALL,OC,CC,C_CONT,-1.4978828634590684,210
ORIGA,SEALED_REVIEW,29009,1,ALL,OC,CC,ANCHOR,-2.3470875988164863,210
ORIGA,SEALED_REVIEW,29009,1,ALL,OC,CC,SOURCE_HOLD,9.987283076713709,210
ORIGA,SEALED_REVIEW,29009,1,ALL,OC,OPTIMIZER_BY_PARAMETER_INTERACTION,ALGEBRA,-0.11303615109513032,210
ORIGA,SEALED_REVIEW,29009,1,Q1,OD,SC,SS,0.9734774942702273,46
ORIGA,SEALED_REVIEW,29009,1,Q1,OD,CC,CS,1.2117324909396814,46
ORIGA,SEALED_REVIEW,29009,1,Q1,OD,SS,CS,4.023435665654702,46
ORIGA,SEALED_REVIEW,29009,1,Q1,OD,SC,CC,3.785180668985248,46
ORIGA,SEALED_REVIEW,29009,1,Q1,OD,SS,CC,2.8117031747150207,46
ORIGA,SEALED_REVIEW,29009,1,Q1,OD,SS,SAME64_HOLD,4.407370102555063,46
ORIGA,SEALED_REVIEW,29009,1,Q1,OD,SC,SAME64_HOLD,5.380847596825291,46
ORIGA,SEALED_REVIEW,29009,1,Q1,OD,CS,CROSS64_HOLD,6.480472323361681,46
ORIGA,SEALED_REVIEW,29009,1,Q1,OD,CC,CROSS64_HOLD,7.692204814301363,46
ORIGA,SEALED_REVIEW,29009,1,Q1,OD,SS,C_CONT,-4.100236609944744,46
ORIGA,SEALED_REVIEW,29009,1,Q1,OD,SS,ANCHOR,-4.905799070665196,46
ORIGA,SEALED_REVIEW,29009,1,Q1,OD,SS,SOURCE_HOLD,9.75324003137662,46
ORIGA,SEALED_REVIEW,29009,1,Q1,OD,SC,C_CONT,-3.126759115674517,46
ORIGA,SEALED_REVIEW,29009,1,Q1,OD,SC,ANCHOR,-3.932321576394969,46
ORIGA,SEALED_REVIEW,29009,1,Q1,OD,SC,SOURCE_HOLD,10.726717525646848,46
ORIGA,SEALED_REVIEW,29009,1,Q1,OD,CS,C_CONT,-8.123672275599446,46
ORIGA,SEALED_REVIEW,29009,1,Q1,OD,CS,ANCHOR,-8.929234736319899,46
ORIGA,SEALED_REVIEW,29009,1,Q1,OD,CS,SOURCE_HOLD,5.729804365721918,46
ORIGA,SEALED_REVIEW,29009,1,Q1,OD,CC,C_CONT,-6.911939784659765,46
ORIGA,SEALED_REVIEW,29009,1,Q1,OD,CC,ANCHOR,-7.717502245380217,46
ORIGA,SEALED_REVIEW,29009,1,Q1,OD,CC,SOURCE_HOLD,6.9415368566616,46
ORIGA,SEALED_REVIEW,29009,1,Q1,OD,OPTIMIZER_BY_PARAMETER_INTERACTION,ALGEBRA,-0.23825499666945404,46
ORIGA,SEALED_REVIEW,29009,1,Q1,OC,SC,SS,1.007398160731782,46
ORIGA,SEALED_REVIEW,29009,1,Q1,OC,CC,CS,1.391067980843303,46
ORIGA,SEALED_REVIEW,29009,1,Q1,OC,SS,CS,5.39054792310494,46
ORIGA,SEALED_REVIEW,29009,1,Q1,OC,SC,CC,5.006878102993419,46
ORIGA,SEALED_REVIEW,29009,1,Q1,OC,SS,CC,3.9994799422616367,46
ORIGA,SEALED_REVIEW,29009,1,Q1,OC,SS,SAME64_HOLD,6.008189009197508,46
ORIGA,SEALED_REVIEW,29009,1,Q1,OC,SC,SAME64_HOLD,7.01558716992929,46
ORIGA,SEALED_REVIEW,29009,1,Q1,OC,CS,CROSS64_HOLD,7.566511299326677,46
ORIGA,SEALED_REVIEW,29009,1,Q1,OC,CC,CROSS64_HOLD,8.95757928016998,46
ORIGA,SEALED_REVIEW,29009,1,Q1,OC,SS,C_CONT,-1.674897385944604,46
ORIGA,SEALED_REVIEW,29009,1,Q1,OC,SS,ANCHOR,-2.5352719476102976,46
ORIGA,SEALED_REVIEW,29009,1,Q1,OC,SS,SOURCE_HOLD,11.718781185926332,46
ORIGA,SEALED_REVIEW,29009,1,Q1,OC,SC,C_CONT,-0.667499225212822,46
ORIGA,SEALED_REVIEW,29009,1,Q1,OC,SC,ANCHOR,-1.5278737868785157,46
ORIGA,SEALED_REVIEW,29009,1,Q1,OC,SC,SOURCE_HOLD,12.726179346658114,46
ORIGA,SEALED_REVIEW,29009,1,Q1,OC,CS,C_CONT,-7.065445309049544,46
ORIGA,SEALED_REVIEW,29009,1,Q1,OC,CS,ANCHOR,-7.925819870715237,46
ORIGA,SEALED_REVIEW,29009,1,Q1,OC,CS,SOURCE_HOLD,6.328233262821392,46
ORIGA,SEALED_REVIEW,29009,1,Q1,OC,CC,C_CONT,-5.674377328206241,46
ORIGA,SEALED_REVIEW,29009,1,Q1,OC,CC,ANCHOR,-6.534751889871934,46
ORIGA,SEALED_REVIEW,29009,1,Q1,OC,CC,SOURCE_HOLD,7.719301243664695,46
ORIGA,SEALED_REVIEW,29009,1,Q1,OC,OPTIMIZER_BY_PARAMETER_INTERACTION,ALGEBRA,-0.3836698201115212,46
ORIGA,SEALED_REVIEW,29009,1,FIRST64,OD,SC,SS,0.5332452445932319,20
ORIGA,SEALED_REVIEW,29009,1,FIRST64,OD,CC,CS,0.8451070159657235,20
ORIGA,SEALED_REVIEW,29009,1,FIRST64,OD,SS,CS,4.571871579323258,20
ORIGA,SEALED_REVIEW,29009,1,FIRST64,OD,SC,CC,4.260009807950766,20
ORIGA,SEALED_REVIEW,29009,1,FIRST64,OD,SS,CC,3.726764563357534,20
ORIGA,SEALED_REVIEW,29009,1,FIRST64,OD,SS,SAME64_HOLD,2.1249066247459893,20
ORIGA,SEALED_REVIEW,29009,1,FIRST64,OD,SC,SAME64_HOLD,2.658151869339221,20
ORIGA,SEALED_REVIEW,29009,1,FIRST64,OD,CS,CROSS64_HOLD,3.766476161264862,20
ORIGA,SEALED_REVIEW,29009,1,FIRST64,OD,CC,CROSS64_HOLD,4.611583177230585,20
ORIGA,SEALED_REVIEW,29009,1,FIRST64,OD,SS,C_CONT,-3.794116424181567,20
ORIGA,SEALED_REVIEW,29009,1,FIRST64,OD,SS,ANCHOR,-4.616514236280963,20
ORIGA,SEALED_REVIEW,29009,1,FIRST64,OD,SS,SOURCE_HOLD,7.381673381967019,20
ORIGA,SEALED_REVIEW,29009,1,FIRST64,OD,SC,C_CONT,-3.260871179588335,20
ORIGA,SEALED_REVIEW,29009,1,FIRST64,OD,SC,ANCHOR,-4.083268991687731,20
ORIGA,SEALED_REVIEW,29009,1,FIRST64,OD,SC,SOURCE_HOLD,7.914918626560251,20
ORIGA,SEALED_REVIEW,29009,1,FIRST64,OD,CS,C_CONT,-8.365988003504825,20
ORIGA,SEALED_REVIEW,29009,1,FIRST64,OD,CS,ANCHOR,-9.18838581560422,20
ORIGA,SEALED_REVIEW,29009,1,FIRST64,OD,CS,SOURCE_HOLD,2.8098018026437614,20
ORIGA,SEALED_REVIEW,29009,1,FIRST64,OD,CC,C_CONT,-7.520880987539101,20
ORIGA,SEALED_REVIEW,29009,1,FIRST64,OD,CC,ANCHOR,-8.343278799638497,20
ORIGA,SEALED_REVIEW,29009,1,FIRST64,OD,CC,SOURCE_HOLD,3.654908818609485,20
ORIGA,SEALED_REVIEW,29009,1,FIRST64,OD,OPTIMIZER_BY_PARAMETER_INTERACTION,ALGEBRA,-0.3118617713724916,20
ORIGA,SEALED_REVIEW,29009,1,FIRST64,OC,SC,SS,0.6189656955757599,20
ORIGA,SEALED_REVIEW,29009,1,FIRST64,OC,CC,CS,0.829883068400548,20
ORIGA,SEALED_REVIEW,29009,1,FIRST64,OC,SS,CS,5.442227089189487,20
ORIGA,SEALED_REVIEW,29009,1,FIRST64,OC,SC,CC,5.231309716364699,20
ORIGA,SEALED_REVIEW,29009,1,FIRST64,OC,SS,CC,4.612344020788939,20
ORIGA,SEALED_REVIEW,29009,1,FIRST64,OC,SS,SAME64_HOLD,2.6682472420241155,20
ORIGA,SEALED_REVIEW,29009,1,FIRST64,OC,SC,SAME64_HOLD,3.2872129375998753,20
ORIGA,SEALED_REVIEW,29009,1,FIRST64,OC,CS,CROSS64_HOLD,4.666728791740432,20
ORIGA,SEALED_REVIEW,29009,1,FIRST64,OC,CC,CROSS64_HOLD,5.49661186014098,20
ORIGA,SEALED_REVIEW,29009,1,FIRST64,OC,SS,C_CONT,-0.9476944021723384,20
ORIGA,SEALED_REVIEW,29009,1,FIRST64,OC,SS,ANCHOR,-1.7614135206914838,20
ORIGA,SEALED_REVIEW,29009,1,FIRST64,OC,SS,SOURCE_HOLD,8.622002338227773,20
ORIGA,SEALED_REVIEW,29009,1,FIRST64,OC,SC,C_CONT,-0.3287287065965785,20
ORIGA,SEALED_REVIEW,29009,1,FIRST64,OC,SC,ANCHOR,-1.142447825115724,20
ORIGA,SEALED_REVIEW,29009,1,FIRST64,OC,SC,SOURCE_HOLD,9.240968033803533,20
ORIGA,SEALED_REVIEW,29009,1,FIRST64,OC,CS,C_CONT,-6.389921491361825,20
ORIGA,SEALED_REVIEW,29009,1,FIRST64,OC,CS,ANCHOR,-7.203640609880971,20
ORIGA,SEALED_REVIEW,29009,1,FIRST64,OC,CS,SOURCE_HOLD,3.1797752490382862,20
ORIGA,SEALED_REVIEW,29009,1,FIRST64,OC,CC,C_CONT,-5.560038422961277,20
ORIGA,SEALED_REVIEW,29009,1,FIRST64,OC,CC,ANCHOR,-6.373757541480423,20
ORIGA,SEALED_REVIEW,29009,1,FIRST64,OC,CC,SOURCE_HOLD,4.009658317438834,20
ORIGA,SEALED_REVIEW,29009,1,FIRST64,OC,OPTIMIZER_BY_PARAMETER_INTERACTION,ALGEBRA,-0.21091737282478817,20
ORIGA,SEARCH,29009,1,Q2,OD,SC,SS,0.8430684253899159,70
ORIGA,SEARCH,29009,1,Q2,OD,CC,CS,1.0625136749578985,70
ORIGA,SEARCH,29009,1,Q2,OD,SS,CS,1.8967501274661913,70
ORIGA,SEARCH,29009,1,Q2,OD,SC,CC,1.6773048778982087,70
ORIGA,SEARCH,29009,1,Q2,OD,SS,CC,0.8342364525082928,70
ORIGA,SEARCH,29009,1,Q2,OD,SS,SAME64_HOLD,7.276325845968842,70
ORIGA,SEARCH,29009,1,Q2,OD,SC,SAME64_HOLD,8.119394271358757,70
ORIGA,SEARCH,29009,1,Q2,OD,CS,CROSS64_HOLD,10.866627296627954,70
ORIGA,SEARCH,29009,1,Q2,OD,CC,CROSS64_HOLD,11.929140971585852,70
ORIGA,SEARCH,29009,1,Q2,OD,SS,C_CONT,-1.6702208501893523,70
ORIGA,SEARCH,29009,1,Q2,OD,SS,ANCHOR,-2.395031938982811,70
ORIGA,SEARCH,29009,1,Q2,OD,SS,SOURCE_HOLD,12.292014195472106,70
ORIGA,SEARCH,29009,1,Q2,OD,SC,C_CONT,-0.8271524247994364,70
ORIGA,SEARCH,29009,1,Q2,OD,SC,ANCHOR,-1.551963513592895,70
ORIGA,SEARCH,29009,1,Q2,OD,SC,SOURCE_HOLD,13.135082620862022,70
ORIGA,SEARCH,29009,1,Q2,OD,CS,C_CONT,-3.5669709776555436,70
ORIGA,SEARCH,29009,1,Q2,OD,CS,ANCHOR,-4.291782066449002,70
ORIGA,SEARCH,29009,1,Q2,OD,CS,SOURCE_HOLD,10.395264068005915,70
ORIGA,SEARCH,29009,1,Q2,OD,CC,C_CONT,-2.504457302697645,70
ORIGA,SEARCH,29009,1,Q2,OD,CC,ANCHOR,-3.229268391491104,70
ORIGA,SEARCH,29009,1,Q2,OD,CC,SOURCE_HOLD,11.457777742963813,70
ORIGA,SEARCH,29009,1,Q2,OD,OPTIMIZER_BY_PARAMETER_INTERACTION,ALGEBRA,-0.21944524956798261,70
ORIGA,SEARCH,29009,1,Q2,OC,SC,SS,0.819509002586642,70
ORIGA,SEARCH,29009,1,Q2,OC,CC,CS,0.8387846820368452,70
ORIGA,SEARCH,29009,1,Q2,OC,SS,CS,2.2958794594097327,70
ORIGA,SEARCH,29009,1,Q2,OC,SC,CC,2.2766037799595296,70
ORIGA,SEARCH,29009,1,Q2,OC,SS,CC,1.4570947773728875,70
ORIGA,SEARCH,29009,1,Q2,OC,SS,SAME64_HOLD,8.224323598781616,70
ORIGA,SEARCH,29009,1,Q2,OC,SC,SAME64_HOLD,9.043832601368258,70
ORIGA,SEARCH,29009,1,Q2,OC,CS,CROSS64_HOLD,12.76792491965714,70
ORIGA,SEARCH,29009,1,Q2,OC,CC,CROSS64_HOLD,13.606709601693986,70
ORIGA,SEARCH,29009,1,Q2,OC,SS,C_CONT,-0.2601232851903603,70
ORIGA,SEARCH,29009,1,Q2,OC,SS,ANCHOR,-1.4532194390676239,70
ORIGA,SEARCH,29009,1,Q2,OC,SS,SOURCE_HOLD,13.492243132997189,70
ORIGA,SEARCH,29009,1,Q2,OC,SC,C_CONT,0.5593857173962817,70
ORIGA,SEARCH,29009,1,Q2,OC,SC,ANCHOR,-0.6337104364809818,70
ORIGA,SEARCH,29009,1,Q2,OC,SC,SOURCE_HOLD,14.31175213558383,70
ORIGA,SEARCH,29009,1,Q2,OC,CS,C_CONT,-2.556002744600093,70
ORIGA,SEARCH,29009,1,Q2,OC,CS,ANCHOR,-3.7490988984773566,70
ORIGA,SEARCH,29009,1,Q2,OC,CS,SOURCE_HOLD,11.196363673587456,70
ORIGA,SEARCH,29009,1,Q2,OC,CC,C_CONT,-1.7172180625632478,70
ORIGA,SEARCH,29009,1,Q2,OC,CC,ANCHOR,-2.9103142164405114,70
ORIGA,SEARCH,29009,1,Q2,OC,CC,SOURCE_HOLD,12.035148355624301,70
ORIGA,SEARCH,29009,1,Q2,OC,OPTIMIZER_BY_PARAMETER_INTERACTION,ALGEBRA,-0.019275679450203143,70
ORIGA,SEALED_REVIEW,29009,1,Q2,OD,SC,SS,0.8332631013918075,62
ORIGA,SEALED_REVIEW,29009,1,Q2,OD,CC,CS,1.010960225344789,62
ORIGA,SEALED_REVIEW,29009,1,Q2,OD,SS,CS,1.686258615382883,62
ORIGA,SEALED_REVIEW,29009,1,Q2,OD,SC,CC,1.5085614914299015,62
ORIGA,SEALED_REVIEW,29009,1,Q2,OD,SS,CC,0.675298390038094,62
ORIGA,SEALED_REVIEW,29009,1,Q2,OD,SS,SAME64_HOLD,8.106363122107979,62
ORIGA,SEALED_REVIEW,29009,1,Q2,OD,SC,SAME64_HOLD,8.939626223499786,62
ORIGA,SEALED_REVIEW,29009,1,Q2,OD,CS,CROSS64_HOLD,11.650458625037729,62
ORIGA,SEALED_REVIEW,29009,1,Q2,OD,CC,CROSS64_HOLD,12.661418850382518,62
ORIGA,SEALED_REVIEW,29009,1,Q2,OD,SS,C_CONT,-0.7389719755698678,62
ORIGA,SEALED_REVIEW,29009,1,Q2,OD,SS,ANCHOR,-1.3106352899121418,62
ORIGA,SEALED_REVIEW,29009,1,Q2,OD,SS,SOURCE_HOLD,13.05785647370233,62
ORIGA,SEALED_REVIEW,29009,1,Q2,OD,SC,C_CONT,0.09429112582193966,62
ORIGA,SEALED_REVIEW,29009,1,Q2,OD,SC,ANCHOR,-0.47737218852033436,62
ORIGA,SEALED_REVIEW,29009,1,Q2,OD,SC,SOURCE_HOLD,13.891119575094137,62
ORIGA,SEALED_REVIEW,29009,1,Q2,OD,CS,C_CONT,-2.4252305909527507,62
ORIGA,SEALED_REVIEW,29009,1,Q2,OD,CS,ANCHOR,-2.9968939052950248,62
ORIGA,SEALED_REVIEW,29009,1,Q2,OD,CS,SOURCE_HOLD,11.371597858319447,62
ORIGA,SEALED_REVIEW,29009,1,Q2,OD,CC,C_CONT,-1.4142703656079618,62
ORIGA,SEALED_REVIEW,29009,1,Q2,OD,CC,ANCHOR,-1.9859336799502358,62
ORIGA,SEALED_REVIEW,29009,1,Q2,OD,CC,SOURCE_HOLD,12.382558083664236,62
ORIGA,SEALED_REVIEW,29009,1,Q2,OD,OPTIMIZER_BY_PARAMETER_INTERACTION,ALGEBRA,-0.17769712395298143,62
ORIGA,SEALED_REVIEW,29009,1,Q2,OC,SC,SS,1.1326603363744,62
ORIGA,SEALED_REVIEW,29009,1,Q2,OC,CC,CS,1.0954428064671617,62
ORIGA,SEALED_REVIEW,29009,1,Q2,OC,SS,CS,2.158894796652447,62
ORIGA,SEALED_REVIEW,29009,1,Q2,OC,SC,CC,2.1961123265596854,62
ORIGA,SEALED_REVIEW,29009,1,Q2,OC,SS,CC,1.0634519901852855,62
ORIGA,SEALED_REVIEW,29009,1,Q2,OC,SS,SAME64_HOLD,8.613823635969403,62
ORIGA,SEALED_REVIEW,29009,1,Q2,OC,SC,SAME64_HOLD,9.746483972343803,62
ORIGA,SEALED_REVIEW,29009,1,Q2,OC,CS,CROSS64_HOLD,12.647103334487,62
ORIGA,SEALED_REVIEW,29009,1,Q2,OC,CC,CROSS64_HOLD,13.742546140954161,62
ORIGA,SEALED_REVIEW,29009,1,Q2,OC,SS,C_CONT,0.20355265728002792,62
ORIGA,SEALED_REVIEW,29009,1,Q2,OC,SS,ANCHOR,-0.7227616111875932,62
ORIGA,SEALED_REVIEW,29009,1,Q2,OC,SS,SOURCE_HOLD,14.815827846395457,62
ORIGA,SEALED_REVIEW,29009,1,Q2,OC,SC,C_CONT,1.3362129936544278,62
ORIGA,SEALED_REVIEW,29009,1,Q2,OC,SC,ANCHOR,0.4098987251868067,62
ORIGA,SEALED_REVIEW,29009,1,Q2,OC,SC,SOURCE_HOLD,15.948488182769857,62
ORIGA,SEALED_REVIEW,29009,1,Q2,OC,CS,C_CONT,-1.9553421393724193,62
ORIGA,SEALED_REVIEW,29009,1,Q2,OC,CS,ANCHOR,-2.8816564078400404,62
ORIGA,SEALED_REVIEW,29009,1,Q2,OC,CS,SOURCE_HOLD,12.65693304974301,62
ORIGA,SEALED_REVIEW,29009,1,Q2,OC,CC,C_CONT,-0.8598993329052576,62
ORIGA,SEALED_REVIEW,29009,1,Q2,OC,CC,ANCHOR,-1.7862136013728787,62
ORIGA,SEALED_REVIEW,29009,1,Q2,OC,CC,SOURCE_HOLD,13.752375856210172,62
ORIGA,SEALED_REVIEW,29009,1,Q2,OC,OPTIMIZER_BY_PARAMETER_INTERACTION,ALGEBRA,0.037217529907238145,62
ORIGA,SEALED_REVIEW,29009,1,Q3,OD,SC,SS,0.6979178559252404,45
ORIGA,SEALED_REVIEW,29009,1,Q3,OD,CC,CS,0.7495014324841662,45
ORIGA,SEALED_REVIEW,29009,1,Q3,OD,SS,CS,1.199477374294915,45
ORIGA,SEALED_REVIEW,29009,1,Q3,OD,SC,CC,1.147893797735989,45
ORIGA,SEALED_REVIEW,29009,1,Q3,OD,SS,CC,0.44997594181074874,45
ORIGA,SEALED_REVIEW,29009,1,Q3,OD,SS,SAME64_HOLD,8.494470982089055,45
ORIGA,SEALED_REVIEW,29009,1,Q3,OD,SC,SAME64_HOLD,9.192388838014296,45
ORIGA,SEALED_REVIEW,29009,1,Q3,OD,CS,CROSS64_HOLD,12.09188476433242,45
ORIGA,SEALED_REVIEW,29009,1,Q3,OD,CC,CROSS64_HOLD,12.841386196816586,45
ORIGA,SEALED_REVIEW,29009,1,Q3,OD,SS,C_CONT,-1.4770642119609505,45
ORIGA,SEALED_REVIEW,29009,1,Q3,OD,SS,ANCHOR,-2.0331517437448525,45
ORIGA,SEALED_REVIEW,29009,1,Q3,OD,SS,SOURCE_HOLD,13.05537574518084,45
ORIGA,SEALED_REVIEW,29009,1,Q3,OD,SC,C_CONT,-0.7791463560357101,45
ORIGA,SEALED_REVIEW,29009,1,Q3,OD,SC,ANCHOR,-1.3352338878196122,45
ORIGA,SEALED_REVIEW,29009,1,Q3,OD,SC,SOURCE_HOLD,13.75329360110608,45
ORIGA,SEALED_REVIEW,29009,1,Q3,OD,CS,C_CONT,-2.6765415862558655,45
ORIGA,SEALED_REVIEW,29009,1,Q3,OD,CS,ANCHOR,-3.2326291180397675,45
ORIGA,SEALED_REVIEW,29009,1,Q3,OD,CS,SOURCE_HOLD,11.855898370885924,45
ORIGA,SEALED_REVIEW,29009,1,Q3,OD,CC,C_CONT,-1.9270401537716992,45
ORIGA,SEALED_REVIEW,29009,1,Q3,OD,CC,ANCHOR,-2.4831276855556013,45
ORIGA,SEALED_REVIEW,29009,1,Q3,OD,CC,SOURCE_HOLD,12.60539980337009,45
ORIGA,SEALED_REVIEW,29009,1,Q3,OD,OPTIMIZER_BY_PARAMETER_INTERACTION,ALGEBRA,-0.05158357655892587,45
ORIGA,SEALED_REVIEW,29009,1,Q3,OC,SC,SS,0.49116429002664574,45
ORIGA,SEALED_REVIEW,29009,1,Q3,OC,CC,CS,0.6504609557118499,45
ORIGA,SEALED_REVIEW,29009,1,Q3,OC,SS,CS,1.4247226807235336,45
ORIGA,SEALED_REVIEW,29009,1,Q3,OC,SC,CC,1.2654260150383294,45
ORIGA,SEALED_REVIEW,29009,1,Q3,OC,SS,CC,0.7742617250116837,45
ORIGA,SEALED_REVIEW,29009,1,Q3,OC,SS,SAME64_HOLD,10.624263139811411,45
ORIGA,SEALED_REVIEW,29009,1,Q3,OC,SC,SAME64_HOLD,11.115427429838057,45
ORIGA,SEALED_REVIEW,29009,1,Q3,OC,CS,CROSS64_HOLD,15.059959340255737,45
ORIGA,SEALED_REVIEW,29009,1,Q3,OC,CC,CROSS64_HOLD,15.710420295967587,45
ORIGA,SEALED_REVIEW,29009,1,Q3,OC,SS,C_CONT,0.7540143823790686,45
ORIGA,SEALED_REVIEW,29009,1,Q3,OC,SS,ANCHOR,-0.16503156006307051,45
ORIGA,SEALED_REVIEW,29009,1,Q3,OC,SS,SOURCE_HOLD,15.73666255533827,45
ORIGA,SEALED_REVIEW,29009,1,Q3,OC,SC,C_CONT,1.2451786724057143,45
ORIGA,SEALED_REVIEW,29009,1,Q3,OC,SC,ANCHOR,0.32613272996357523,45
ORIGA,SEALED_REVIEW,29009,1,Q3,OC,SC,SOURCE_HOLD,16.227826845364916,45
ORIGA,SEALED_REVIEW,29009,1,Q3,OC,CS,C_CONT,-0.670708298344465,45
ORIGA,SEALED_REVIEW,29009,1,Q3,OC,CS,ANCHOR,-1.589754240786604,45
ORIGA,SEALED_REVIEW,29009,1,Q3,OC,CS,SOURCE_HOLD,14.311939874614737,45
ORIGA,SEALED_REVIEW,29009,1,Q3,OC,CC,C_CONT,-0.020247342632615073,45
ORIGA,SEALED_REVIEW,29009,1,Q3,OC,CC,ANCHOR,-0.9392932850747542,45
ORIGA,SEALED_REVIEW,29009,1,Q3,OC,CC,SOURCE_HOLD,14.962400830326587,45
ORIGA,SEALED_REVIEW,29009,1,Q3,OC,OPTIMIZER_BY_PARAMETER_INTERACTION,ALGEBRA,-0.15929666568520418,45
ORIGA,SEARCH,29009,1,Q3,OD,SC,SS,0.7151999312851416,88
ORIGA,SEARCH,29009,1,Q3,OD,CC,CS,0.8736683234413647,88
ORIGA,SEARCH,29009,1,Q3,OD,SS,CS,1.425870543810035,88
ORIGA,SEARCH,29009,1,Q3,OD,SC,CC,1.2674021516538119,88
ORIGA,SEARCH,29009,1,Q3,OD,SS,CC,0.5522022203686703,88
ORIGA,SEARCH,29009,1,Q3,OD,SS,SAME64_HOLD,9.846031652126626,88
ORIGA,SEARCH,29009,1,Q3,OD,SC,SAME64_HOLD,10.561231583411768,88
ORIGA,SEARCH,29009,1,Q3,OD,CS,CROSS64_HOLD,13.8785231241078,88
ORIGA,SEARCH,29009,1,Q3,OD,CC,CROSS64_HOLD,14.752191447549166,88
ORIGA,SEARCH,29009,1,Q3,OD,SS,C_CONT,-0.7629322047510527,88
ORIGA,SEARCH,29009,1,Q3,OD,SS,ANCHOR,-1.3480522989867012,88
ORIGA,SEARCH,29009,1,Q3,OD,SS,SOURCE_HOLD,14.550567850175653,88
ORIGA,SEARCH,29009,1,Q3,OD,SC,C_CONT,-0.047732273465911135,88
ORIGA,SEARCH,29009,1,Q3,OD,SC,ANCHOR,-0.6328523677015596,88
ORIGA,SEARCH,29009,1,Q3,OD,SC,SOURCE_HOLD,15.265767781460795,88
ORIGA,SEARCH,29009,1,Q3,OD,CS,C_CONT,-2.1888027485610877,88
ORIGA,SEARCH,29009,1,Q3,OD,CS,ANCHOR,-2.773922842796736,88
ORIGA,SEARCH,29009,1,Q3,OD,CS,SOURCE_HOLD,13.124697306365618,88
ORIGA,SEARCH,29009,1,Q3,OD,CC,C_CONT,-1.315134425119723,88
ORIGA,SEARCH,29009,1,Q3,OD,CC,ANCHOR,-1.9002545193553715,88
ORIGA,SEARCH,29009,1,Q3,OD,CC,SOURCE_HOLD,13.998365629806983,88
ORIGA,SEARCH,29009,1,Q3,OD,OPTIMIZER_BY_PARAMETER_INTERACTION,ALGEBRA,-0.1584683921562231,88
ORIGA,SEARCH,29009,1,Q3,OC,SC,SS,0.7893624151664653,88
ORIGA,SEARCH,29009,1,Q3,OC,CC,CS,0.9300033143305342,88
ORIGA,SEARCH,29009,1,Q3,OC,SS,CS,2.060719219851279,88
ORIGA,SEARCH,29009,1,Q3,OC,SC,CC,1.9200783206872103,88
ORIGA,SEARCH,29009,1,Q3,OC,SS,CC,1.130715905520745,88
ORIGA,SEARCH,29009,1,Q3,OC,SS,SAME64_HOLD,12.858285262321175,88
ORIGA,SEARCH,29009,1,Q3,OC,SC,SAME64_HOLD,13.64764767748764,88
ORIGA,SEARCH,29009,1,Q3,OC,CS,CROSS64_HOLD,17.105432048586366,88
ORIGA,SEARCH,29009,1,Q3,OC,CC,CROSS64_HOLD,18.0354353629169,88
ORIGA,SEARCH,29009,1,Q3,OC,SS,C_CONT,-0.25808626774635,88
ORIGA,SEARCH,29009,1,Q3,OC,SS,ANCHOR,-1.2824035461356544,88
ORIGA,SEARCH,29009,1,Q3,OC,SS,SOURCE_HOLD,18.488403878650224,88
ORIGA,SEARCH,29009,1,Q3,OC,SC,C_CONT,0.5312761474201153,88
ORIGA,SEARCH,29009,1,Q3,OC,SC,ANCHOR,-0.4930411309691891,88
ORIGA,SEARCH,29009,1,Q3,OC,SC,SOURCE_HOLD,19.27776629381669,88
ORIGA,SEARCH,29009,1,Q3,OC,CS,C_CONT,-2.318805487597629,88
ORIGA,SEARCH,29009,1,Q3,OC,CS,ANCHOR,-3.3431227659869336,88
ORIGA,SEARCH,29009,1,Q3,OC,CS,SOURCE_HOLD,16.427684658798945,88
ORIGA,SEARCH,29009,1,Q3,OC,CC,C_CONT,-1.388802173267095,88
ORIGA,SEARCH,29009,1,Q3,OC,CC,ANCHOR,-2.4131194516563994,88
ORIGA,SEARCH,29009,1,Q3,OC,CC,SOURCE_HOLD,17.35768797312948,88
ORIGA,SEARCH,29009,1,Q3,OC,OPTIMIZER_BY_PARAMETER_INTERACTION,ALGEBRA,-0.14064089916406886,88
ORIGA,SEARCH,29009,1,Q4,OD,SC,SS,0.4842029947059814,77
ORIGA,SEARCH,29009,1,Q4,OD,CC,CS,0.4678785008675561,77
ORIGA,SEARCH,29009,1,Q4,OD,SS,CS,0.22494760998087315,77
ORIGA,SEARCH,29009,1,Q4,OD,SC,CC,0.24127210381929842,77
ORIGA,SEARCH,29009,1,Q4,OD,SS,CC,-0.24293089088668296,77
ORIGA,SEARCH,29009,1,Q4,OD,SS,SAME64_HOLD,4.360099656574619,77
ORIGA,SEARCH,29009,1,Q4,OD,SC,SAME64_HOLD,4.8443026512806,77
ORIGA,SEARCH,29009,1,Q4,OD,CS,CROSS64_HOLD,6.0062985397885456,77
ORIGA,SEARCH,29009,1,Q4,OD,CC,CROSS64_HOLD,6.474177040656102,77
ORIGA,SEARCH,29009,1,Q4,OD,SS,C_CONT,-2.429668880244094,77
ORIGA,SEARCH,29009,1,Q4,OD,SS,ANCHOR,-2.500944706038709,77
ORIGA,SEARCH,29009,1,Q4,OD,SS,SOURCE_HOLD,5.7665302899751225,77
ORIGA,SEARCH,29009,1,Q4,OD,SC,C_CONT,-1.9454658855381126,77
ORIGA,SEARCH,29009,1,Q4,OD,SC,ANCHOR,-2.0167417113327275,77
ORIGA,SEARCH,29009,1,Q4,OD,SC,SOURCE_HOLD,6.250733284681104,77
ORIGA,SEARCH,29009,1,Q4,OD,CS,C_CONT,-2.654616490224967,77
ORIGA,SEARCH,29009,1,Q4,OD,CS,ANCHOR,-2.725892316019582,77
ORIGA,SEARCH,29009,1,Q4,OD,CS,SOURCE_HOLD,5.541582679994249,77
ORIGA,SEARCH,29009,1,Q4,OD,CC,C_CONT,-2.186737989357411,77
ORIGA,SEARCH,29009,1,Q4,OD,CC,ANCHOR,-2.258013815152026,77
ORIGA,SEARCH,29009,1,Q4,OD,CC,SOURCE_HOLD,6.0094611808618055,77
ORIGA,SEARCH,29009,1,Q4,OD,OPTIMIZER_BY_PARAMETER_INTERACTION,ALGEBRA,0.01632449383842527,77
ORIGA,SEARCH,29009,1,Q4,OC,SC,SS,0.29654915424204376,77
ORIGA,SEARCH,29009,1,Q4,OC,CC,CS,0.2824163972635887,77
ORIGA,SEARCH,29009,1,Q4,OC,SS,CS,0.13219056972661747,77
ORIGA,SEARCH,29009,1,Q4,OC,SC,CC,0.14632332670507253,77
ORIGA,SEARCH,29009,1,Q4,OC,SS,CC,-0.15022582753697122,77
ORIGA,SEARCH,29009,1,Q4,OC,SS,SAME64_HOLD,3.1753205889751115,77
ORIGA,SEARCH,29009,1,Q4,OC,SC,SAME64_HOLD,3.4718697432171552,77
ORIGA,SEARCH,29009,1,Q4,OC,CS,CROSS64_HOLD,4.997728264687183,77
ORIGA,SEARCH,29009,1,Q4,OC,CC,CROSS64_HOLD,5.2801446619507715,77
ORIGA,SEARCH,29009,1,Q4,OC,SS,C_CONT,-1.3152500979026485,77
ORIGA,SEARCH,29009,1,Q4,OC,SS,ANCHOR,-2.234242020347452,77
ORIGA,SEARCH,29009,1,Q4,OC,SS,SOURCE_HOLD,4.670447561107849,77
ORIGA,SEARCH,29009,1,Q4,OC,SC,C_CONT,-1.0187009436606047,77
ORIGA,SEARCH,29009,1,Q4,OC,SC,ANCHOR,-1.937692866105408,77
ORIGA,SEARCH,29009,1,Q4,OC,SC,SOURCE_HOLD,4.966996715349893,77
ORIGA,SEARCH,29009,1,Q4,OC,CS,C_CONT,-1.447440667629266,77
ORIGA,SEARCH,29009,1,Q4,OC,CS,ANCHOR,-2.3664325900740693,77
ORIGA,SEARCH,29009,1,Q4,OC,CS,SOURCE_HOLD,4.538256991381232,77
ORIGA,SEARCH,29009,1,Q4,OC,CC,C_CONT,-1.1650242703656772,77
ORIGA,SEARCH,29009,1,Q4,OC,CC,ANCHOR,-2.0840161928104806,77
ORIGA,SEARCH,29009,1,Q4,OC,CC,SOURCE_HOLD,4.8206733886448205,77
ORIGA,SEARCH,29009,1,Q4,OC,OPTIMIZER_BY_PARAMETER_INTERACTION,ALGEBRA,0.014132756978455063,77
ORIGA,SEALED_REVIEW,29009,1,Q4,OD,SC,SS,0.39054963312915447,57
ORIGA,SEALED_REVIEW,29009,1,Q4,OD,CC,CS,0.39261689302084335,57
ORIGA,SEALED_REVIEW,29009,1,Q4,OD,SS,CS,0.2369034533584511,57
ORIGA,SEALED_REVIEW,29009,1,Q4,OD,SC,CC,0.2348361934667622,57
ORIGA,SEALED_REVIEW,29009,1,Q4,OD,SS,CC,-0.15571343966239226,57
ORIGA,SEALED_REVIEW,29009,1,Q4,OD,SS,SAME64_HOLD,3.7712233329621796,57
ORIGA,SEALED_REVIEW,29009,1,Q4,OD,SC,SAME64_HOLD,4.161772966091334,57
ORIGA,SEALED_REVIEW,29009,1,Q4,OD,CS,CROSS64_HOLD,5.285040959025565,57
ORIGA,SEALED_REVIEW,29009,1,Q4,OD,CC,CROSS64_HOLD,5.6776578520464085,57
ORIGA,SEALED_REVIEW,29009,1,Q4,OD,SS,C_CONT,-1.7505013698299479,57
ORIGA,SEALED_REVIEW,29009,1,Q4,OD,SS,ANCHOR,-1.7888303067529137,57
ORIGA,SEALED_REVIEW,29009,1,Q4,OD,SS,SOURCE_HOLD,5.2560289173795525,57
ORIGA,SEALED_REVIEW,29009,1,Q4,OD,SC,C_CONT,-1.3599517367007934,57
ORIGA,SEALED_REVIEW,29009,1,Q4,OD,SC,ANCHOR,-1.3982806736237592,57
ORIGA,SEALED_REVIEW,29009,1,Q4,OD,SC,SOURCE_HOLD,5.646578550508707,57
ORIGA,SEALED_REVIEW,29009,1,Q4,OD,CS,C_CONT,-1.987404823188399,57
ORIGA,SEALED_REVIEW,29009,1,Q4,OD,CS,ANCHOR,-2.0257337601113647,57
ORIGA,SEALED_REVIEW,29009,1,Q4,OD,CS,SOURCE_HOLD,5.019125464021101,57
ORIGA,SEALED_REVIEW,29009,1,Q4,OD,CC,C_CONT,-1.5947879301675556,57
ORIGA,SEALED_REVIEW,29009,1,Q4,OD,CC,ANCHOR,-1.6331168670905214,57
ORIGA,SEALED_REVIEW,29009,1,Q4,OD,CC,SOURCE_HOLD,5.411742357041945,57
ORIGA,SEALED_REVIEW,29009,1,Q4,OD,OPTIMIZER_BY_PARAMETER_INTERACTION,ALGEBRA,-0.0020672598916888774,57
ORIGA,SEALED_REVIEW,29009,1,Q4,OC,SC,SS,0.11935455059369815,57
ORIGA,SEALED_REVIEW,29009,1,Q4,OC,CC,CS,0.14089695240525657,57
ORIGA,SEALED_REVIEW,29009,1,Q4,OC,SS,CS,0.08963524367960929,57
ORIGA,SEALED_REVIEW,29009,1,Q4,OC,SC,CC,0.06809284186805087,57
ORIGA,SEALED_REVIEW,29009,1,Q4,OC,SS,CC,-0.05126170872564728,57
ORIGA,SEALED_REVIEW,29009,1,Q4,OC,SS,SAME64_HOLD,2.0998106302389203,57
ORIGA,SEALED_REVIEW,29009,1,Q4,OC,SC,SAME64_HOLD,2.2191651808326185,57
ORIGA,SEALED_REVIEW,29009,1,Q4,OC,CS,CROSS64_HOLD,4.150600492245289,57
ORIGA,SEALED_REVIEW,29009,1,Q4,OC,CC,CROSS64_HOLD,4.291497444650545,57
ORIGA,SEALED_REVIEW,29009,1,Q4,OC,SS,C_CONT,-0.039141623994510155,57
ORIGA,SEALED_REVIEW,29009,1,Q4,OC,SS,ANCHOR,-0.7403207912497578,57
ORIGA,SEALED_REVIEW,29009,1,Q4,OC,SS,SOURCE_HOLD,3.7432338781440677,57
ORIGA,SEALED_REVIEW,29009,1,Q4,OC,SC,C_CONT,0.080212926599188,57
ORIGA,SEALED_REVIEW,29009,1,Q4,OC,SC,ANCHOR,-0.6209662406560597,57
ORIGA,SEALED_REVIEW,29009,1,Q4,OC,SC,SOURCE_HOLD,3.862588428737766,57
ORIGA,SEALED_REVIEW,29009,1,Q4,OC,CS,C_CONT,-0.12877686767411944,57
ORIGA,SEALED_REVIEW,29009,1,Q4,OC,CS,ANCHOR,-0.8299560349293671,57
ORIGA,SEALED_REVIEW,29009,1,Q4,OC,CS,SOURCE_HOLD,3.6535986344644584,57
ORIGA,SEALED_REVIEW,29009,1,Q4,OC,CC,C_CONT,0.012120084731137126,57
ORIGA,SEALED_REVIEW,29009,1,Q4,OC,CC,ANCHOR,-0.6890590825241105,57
ORIGA,SEALED_REVIEW,29009,1,Q4,OC,CC,SOURCE_HOLD,3.794495586869715,57
ORIGA,SEALED_REVIEW,29009,1,Q4,OC,OPTIMIZER_BY_PARAMETER_INTERACTION,ALGEBRA,-0.02154240181155842,57
REFUGE_Valid,SEARCH,29009,1,ALL,OD,SC,SS,-0.15481020741178497,406
REFUGE_Valid,SEARCH,29009,1,ALL,OD,CC,CS,-0.19971642720749117,406
REFUGE_Valid,SEARCH,29009,1,ALL,OD,SS,CS,0.11595870374767969,406
REFUGE_Valid,SEARCH,29009,1,ALL,OD,SC,CC,0.16086492354338588,406
REFUGE_Valid,SEARCH,29009,1,ALL,OD,SS,CC,0.31567513095517086,406
REFUGE_Valid,SEARCH,29009,1,ALL,OD,SS,SAME64_HOLD,-2.4330654978327573,406
REFUGE_Valid,SEARCH,29009,1,ALL,OD,SC,SAME64_HOLD,-2.5878757052445422,406
REFUGE_Valid,SEARCH,29009,1,ALL,OD,CS,CROSS64_HOLD,-0.8263816001056341,406
REFUGE_Valid,SEARCH,29009,1,ALL,OD,CC,CROSS64_HOLD,-1.0260980273131253,406
REFUGE_Valid,SEARCH,29009,1,ALL,OD,SS,C_CONT,2.717894189507774,406
REFUGE_Valid,SEARCH,29009,1,ALL,OD,SS,ANCHOR,3.9342723489152576,406
REFUGE_Valid,SEARCH,29009,1,ALL,OD,SS,SOURCE_HOLD,-1.3739742455211115,406
REFUGE_Valid,SEARCH,29009,1,ALL,OD,SC,C_CONT,2.563083982095989,406
REFUGE_Valid,SEARCH,29009,1,ALL,OD,SC,ANCHOR,3.7794621415034726,406
REFUGE_Valid,SEARCH,29009,1,ALL,OD,SC,SOURCE_HOLD,-1.5287844529328964,406
REFUGE_Valid,SEARCH,29009,1,ALL,OD,CS,C_CONT,2.6019354857600945,406
REFUGE_Valid,SEARCH,29009,1,ALL,OD,CS,ANCHOR,3.818313645167578,406
REFUGE_Valid,SEARCH,29009,1,ALL,OD,CS,SOURCE_HOLD,-1.4899329492687912,406
REFUGE_Valid,SEARCH,29009,1,ALL,OD,CC,C_CONT,2.4022190585526033,406
REFUGE_Valid,SEARCH,29009,1,ALL,OD,CC,ANCHOR,3.6185972179600867,406
REFUGE_Valid,SEARCH,29009,1,ALL,OD,CC,SOURCE_HOLD,-1.6896493764762823,406
REFUGE_Valid,SEARCH,29009,1,ALL,OD,OPTIMIZER_BY_PARAMETER_INTERACTION,ALGEBRA,0.04490621979570619,406
REFUGE_Valid,SEARCH,29009,1,ALL,OC,SC,SS,-0.07804614114806441,406
REFUGE_Valid,SEARCH,29009,1,ALL,OC,CC,CS,-0.08763310789149159,406
REFUGE_Valid,SEARCH,29009,1,ALL,OC,SS,CS,-0.006988124592155032,406
REFUGE_Valid,SEARCH,29009,1,ALL,OC,SC,CC,0.0025988421512721516,406
REFUGE_Valid,SEARCH,29009,1,ALL,OC,SS,CC,0.08064498329933656,406
REFUGE_Valid,SEARCH,29009,1,ALL,OC,SS,SAME64_HOLD,-0.9880206636092197,406
REFUGE_Valid,SEARCH,29009,1,ALL,OC,SC,SAME64_HOLD,-1.066066804757284,406
REFUGE_Valid,SEARCH,29009,1,ALL,OC,CS,CROSS64_HOLD,-0.8979467702297086,406
REFUGE_Valid,SEARCH,29009,1,ALL,OC,CC,CROSS64_HOLD,-0.9855798781212002,406
REFUGE_Valid,SEARCH,29009,1,ALL,OC,SS,C_CONT,1.105512600478562,406
REFUGE_Valid,SEARCH,29009,1,ALL,OC,SS,ANCHOR,1.686969761388177,406
REFUGE_Valid,SEARCH,29009,1,ALL,OC,SS,SOURCE_HOLD,-1.3333108104448428,406
REFUGE_Valid,SEARCH,29009,1,ALL,OC,SC,C_CONT,1.0274664593304976,406
REFUGE_Valid,SEARCH,29009,1,ALL,OC,SC,ANCHOR,1.6089236202401125,406
REFUGE_Valid,SEARCH,29009,1,ALL,OC,SC,SOURCE_HOLD,-1.4113569515929072,406
REFUGE_Valid,SEARCH,29009,1,ALL,OC,CS,C_CONT,1.112500725070717,406
REFUGE_Valid,SEARCH,29009,1,ALL,OC,CS,ANCHOR,1.693957885980332,406
REFUGE_Valid,SEARCH,29009,1,ALL,OC,CS,SOURCE_HOLD,-1.3263226858526878,406
REFUGE_Valid,SEARCH,29009,1,ALL,OC,CC,C_CONT,1.0248676171792255,406
REFUGE_Valid,SEARCH,29009,1,ALL,OC,CC,ANCHOR,1.6063247780888403,406
REFUGE_Valid,SEARCH,29009,1,ALL,OC,CC,SOURCE_HOLD,-1.4139557937441793,406
REFUGE_Valid,SEARCH,29009,1,ALL,OC,OPTIMIZER_BY_PARAMETER_INTERACTION,ALGEBRA,0.009586966743427183,406
REFUGE_Valid,SEARCH,29009,1,Q1,OD,SC,SS,-0.004258171339955652,97
REFUGE_Valid,SEARCH,29009,1,Q1,OD,CC,CS,-0.021243166197223218,97
REFUGE_Valid,SEARCH,29009,1,Q1,OD,SS,CS,-0.15715032564330045,97
REFUGE_Valid,SEARCH,29009,1,Q1,OD,SC,CC,-0.14016533078603288,97
REFUGE_Valid,SEARCH,29009,1,Q1,OD,SS,CC,-0.13590715944607723,97
REFUGE_Valid,SEARCH,29009,1,Q1,OD,SS,SAME64_HOLD,-0.6480912523572897,97
REFUGE_Valid,SEARCH,29009,1,Q1,OD,SC,SAME64_HOLD,-0.6523494236972454,97
REFUGE_Valid,SEARCH,29009,1,Q1,OD,CS,CROSS64_HOLD,1.260582460890575,97
REFUGE_Valid,SEARCH,29009,1,Q1,OD,CC,CROSS64_HOLD,1.2393392946933517,97
REFUGE_Valid,SEARCH,29009,1,Q1,OD,SS,C_CONT,1.4321127623941834,97
REFUGE_Valid,SEARCH,29009,1,Q1,OD,SS,ANCHOR,2.012999437595255,97
REFUGE_Valid,SEARCH,29009,1,Q1,OD,SS,SOURCE_HOLD,0.33806711726026606,97
REFUGE_Valid,SEARCH,29009,1,Q1,OD,SC,C_CONT,1.4278545910542277,97
REFUGE_Valid,SEARCH,29009,1,Q1,OD,SC,ANCHOR,2.0087412662552993,97
REFUGE_Valid,SEARCH,29009,1,Q1,OD,SC,SOURCE_HOLD,0.3338089459203104,97
REFUGE_Valid,SEARCH,29009,1,Q1,OD,CS,C_CONT,1.5892630880374838,97
REFUGE_Valid,SEARCH,29009,1,Q1,OD,CS,ANCHOR,2.1701497632385554,97
REFUGE_Valid,SEARCH,29009,1,Q1,OD,CS,SOURCE_HOLD,0.4952174429035665,97
REFUGE_Valid,SEARCH,29009,1,Q1,OD,CC,C_CONT,1.5680199218402606,97
REFUGE_Valid,SEARCH,29009,1,Q1,OD,CC,ANCHOR,2.148906597041332,97
REFUGE_Valid,SEARCH,29009,1,Q1,OD,CC,SOURCE_HOLD,0.4739742767063433,97
REFUGE_Valid,SEARCH,29009,1,Q1,OD,OPTIMIZER_BY_PARAMETER_INTERACTION,ALGEBRA,0.016984994857267566,97
REFUGE_Valid,SEARCH,29009,1,Q1,OC,SC,SS,-0.023299268800592188,97
REFUGE_Valid,SEARCH,29009,1,Q1,OC,CC,CS,-0.05919317145530556,97
REFUGE_Valid,SEARCH,29009,1,Q1,OC,SS,CS,-0.12771018391003253,97
REFUGE_Valid,SEARCH,29009,1,Q1,OC,SC,CC,-0.09181628125531915,97
REFUGE_Valid,SEARCH,29009,1,Q1,OC,SS,CC,-0.06851701245472697,97
REFUGE_Valid,SEARCH,29009,1,Q1,OC,SS,SAME64_HOLD,-0.384617421305542,97
REFUGE_Valid,SEARCH,29009,1,Q1,OC,SC,SAME64_HOLD,-0.4079166901061342,97
REFUGE_Valid,SEARCH,29009,1,Q1,OC,CS,CROSS64_HOLD,0.16849033665090474,97
REFUGE_Valid,SEARCH,29009,1,Q1,OC,CC,CROSS64_HOLD,0.10929716519559918,97
REFUGE_Valid,SEARCH,29009,1,Q1,OC,SS,C_CONT,0.816980540408089,97
REFUGE_Valid,SEARCH,29009,1,Q1,OC,SS,ANCHOR,1.0240624839324894,97
REFUGE_Valid,SEARCH,29009,1,Q1,OC,SS,SOURCE_HOLD,-0.4676884204771312,97
REFUGE_Valid,SEARCH,29009,1,Q1,OC,SC,C_CONT,0.7936812716074968,97
REFUGE_Valid,SEARCH,29009,1,Q1,OC,SC,ANCHOR,1.0007632151318973,97
REFUGE_Valid,SEARCH,29009,1,Q1,OC,SC,SOURCE_HOLD,-0.4909876892777234,97
REFUGE_Valid,SEARCH,29009,1,Q1,OC,CS,C_CONT,0.9446907243181215,97
REFUGE_Valid,SEARCH,29009,1,Q1,OC,CS,ANCHOR,1.151772667842522,97
REFUGE_Valid,SEARCH,29009,1,Q1,OC,CS,SOURCE_HOLD,-0.3399782365670987,97
REFUGE_Valid,SEARCH,29009,1,Q1,OC,CC,C_CONT,0.885497552862816,97
REFUGE_Valid,SEARCH,29009,1,Q1,OC,CC,ANCHOR,1.0925794963872164,97
REFUGE_Valid,SEARCH,29009,1,Q1,OC,CC,SOURCE_HOLD,-0.39917140802240425,97
REFUGE_Valid,SEARCH,29009,1,Q1,OC,OPTIMIZER_BY_PARAMETER_INTERACTION,ALGEBRA,0.03589390265471337,97
REFUGE_Valid,SEARCH,29009,1,FIRST64,OD,SC,SS,0.1334335337836734,39
REFUGE_Valid,SEARCH,29009,1,FIRST64,OD,CC,CS,0.13681537424081114,39
REFUGE_Valid,SEARCH,29009,1,FIRST64,OD,SS,CS,0.5344404768431446,39
REFUGE_Valid,SEARCH,29009,1,FIRST64,OD,SC,CC,0.5310586363860068,39
REFUGE_Valid,SEARCH,29009,1,FIRST64,OD,SS,CC,0.3976251026023334,39
REFUGE_Valid,SEARCH,29009,1,FIRST64,OD,SS,SAME64_HOLD,-0.4287472336652485,39
REFUGE_Valid,SEARCH,29009,1,FIRST64,OD,SC,SAME64_HOLD,-0.2953136998815751,39
REFUGE_Valid,SEARCH,29009,1,FIRST64,OD,CS,CROSS64_HOLD,0.9388385903700112,39
REFUGE_Valid,SEARCH,29009,1,FIRST64,OD,CC,CROSS64_HOLD,1.0756539646108223,39
REFUGE_Valid,SEARCH,29009,1,FIRST64,OD,SS,C_CONT,1.1604671657082548,39
REFUGE_Valid,SEARCH,29009,1,FIRST64,OD,SS,ANCHOR,1.5261426584193885,39
REFUGE_Valid,SEARCH,29009,1,FIRST64,OD,SS,SOURCE_HOLD,0.6130063594389696,39
REFUGE_Valid,SEARCH,29009,1,FIRST64,OD,SC,C_CONT,1.2939006994919282,39
REFUGE_Valid,SEARCH,29009,1,FIRST64,OD,SC,ANCHOR,1.6595761922030619,39
REFUGE_Valid,SEARCH,29009,1,FIRST64,OD,SC,SOURCE_HOLD,0.746439893222643,39
REFUGE_Valid,SEARCH,29009,1,FIRST64,OD,CS,C_CONT,0.6260266888651103,39
REFUGE_Valid,SEARCH,29009,1,FIRST64,OD,CS,ANCHOR,0.9917021815762439,39
REFUGE_Valid,SEARCH,29009,1,FIRST64,OD,CS,SOURCE_HOLD,0.07856588259582509,39
REFUGE_Valid,SEARCH,29009,1,FIRST64,OD,CC,C_CONT,0.7628420631059214,39
REFUGE_Valid,SEARCH,29009,1,FIRST64,OD,CC,ANCHOR,1.128517555817055,39
REFUGE_Valid,SEARCH,29009,1,FIRST64,OD,CC,SOURCE_HOLD,0.21538125683663623,39
REFUGE_Valid,SEARCH,29009,1,FIRST64,OD,OPTIMIZER_BY_PARAMETER_INTERACTION,ALGEBRA,-0.0033818404571377414,39
REFUGE_Valid,SEARCH,29009,1,FIRST64,OC,SC,SS,0.028032312866571374,39
REFUGE_Valid,SEARCH,29009,1,FIRST64,OC,CC,CS,-0.020587032993262255,39
REFUGE_Valid,SEARCH,29009,1,FIRST64,OC,SS,CS,-0.0682409984634944,39
REFUGE_Valid,SEARCH,29009,1,FIRST64,OC,SC,CC,-0.019621652603660777,39
REFUGE_Valid,SEARCH,29009,1,FIRST64,OC,SS,CC,-0.04765396547023215,39
REFUGE_Valid,SEARCH,29009,1,FIRST64,OC,SS,SAME64_HOLD,-0.14830216055882772,39
REFUGE_Valid,SEARCH,29009,1,FIRST64,OC,SC,SAME64_HOLD,-0.12026984769225635,39
REFUGE_Valid,SEARCH,29009,1,FIRST64,OC,CS,CROSS64_HOLD,0.3081355156161294,39
REFUGE_Valid,SEARCH,29009,1,FIRST64,OC,CC,CROSS64_HOLD,0.28754848262286714,39
REFUGE_Valid,SEARCH,29009,1,FIRST64,OC,SS,C_CONT,0.5019023514658798,39
REFUGE_Valid,SEARCH,29009,1,FIRST64,OC,SS,ANCHOR,0.5830799254862313,39
REFUGE_Valid,SEARCH,29009,1,FIRST64,OC,SS,SOURCE_HOLD,-0.18466469025038634,39
REFUGE_Valid,SEARCH,29009,1,FIRST64,OC,SC,C_CONT,0.5299346643324512,39
REFUGE_Valid,SEARCH,29009,1,FIRST64,OC,SC,ANCHOR,0.6111122383528027,39
REFUGE_Valid,SEARCH,29009,1,FIRST64,OC,SC,SOURCE_HOLD,-0.15663237738381497,39
REFUGE_Valid,SEARCH,29009,1,FIRST64,OC,CS,C_CONT,0.5701433499293742,39
REFUGE_Valid,SEARCH,29009,1,FIRST64,OC,CS,ANCHOR,0.6513209239497257,39
REFUGE_Valid,SEARCH,29009,1,FIRST64,OC,CS,SOURCE_HOLD,-0.11642369178689194,39
REFUGE_Valid,SEARCH,29009,1,FIRST64,OC,CC,C_CONT,0.549556316936112,39
REFUGE_Valid,SEARCH,29009,1,FIRST64,OC,CC,ANCHOR,0.6307338909564635,39
REFUGE_Valid,SEARCH,29009,1,FIRST64,OC,CC,SOURCE_HOLD,-0.1370107247801542,39
REFUGE_Valid,SEARCH,29009,1,FIRST64,OC,OPTIMIZER_BY_PARAMETER_INTERACTION,ALGEBRA,0.04861934585983363,39
REFUGE_Valid,SEALED_REVIEW,29009,1,ALL,OD,SC,SS,-0.1611999647035276,269
REFUGE_Valid,SEALED_REVIEW,29009,1,ALL,OD,CC,CS,-0.20826280682918252,269
REFUGE_Valid,SEALED_REVIEW,29009,1,ALL,OD,SS,CS,0.08801776352271418,269
REFUGE_Valid,SEALED_REVIEW,29009,1,ALL,OD,SC,CC,0.1350806056483691,269
REFUGE_Valid,SEALED_REVIEW,29009,1,ALL,OD,SS,CC,0.2962805703518967,269
REFUGE_Valid,SEALED_REVIEW,29009,1,ALL,OD,SS,SAME64_HOLD,-2.2164454456362677,269
REFUGE_Valid,SEALED_REVIEW,29009,1,ALL,OD,SC,SAME64_HOLD,-2.3776454103397953,269
REFUGE_Valid,SEALED_REVIEW,29009,1,ALL,OD,CS,CROSS64_HOLD,-0.6508474934627912,269
REFUGE_Valid,SEALED_REVIEW,29009,1,ALL,OD,CC,CROSS64_HOLD,-0.8591103002919738,269
REFUGE_Valid,SEALED_REVIEW,29009,1,ALL,OD,SS,C_CONT,2.654979834449719,269
REFUGE_Valid,SEALED_REVIEW,29009,1,ALL,OD,SS,ANCHOR,3.861669354303615,269
REFUGE_Valid,SEALED_REVIEW,29009,1,ALL,OD,SS,SOURCE_HOLD,-1.3940062542799723,269
REFUGE_Valid,SEALED_REVIEW,29009,1,ALL,OD,SC,C_CONT,2.4937798697461915,269
REFUGE_Valid,SEALED_REVIEW,29009,1,ALL,OD,SC,ANCHOR,3.7004693896000873,269
REFUGE_Valid,SEALED_REVIEW,29009,1,ALL,OD,SC,SOURCE_HOLD,-1.5552062189834999,269
REFUGE_Valid,SEALED_REVIEW,29009,1,ALL,OD,CS,C_CONT,2.566962070927005,269
REFUGE_Valid,SEALED_REVIEW,29009,1,ALL,OD,CS,ANCHOR,3.7736515907809007,269
REFUGE_Valid,SEALED_REVIEW,29009,1,ALL,OD,CS,SOURCE_HOLD,-1.4820240178026864,269
REFUGE_Valid,SEALED_REVIEW,29009,1,ALL,OD,CC,C_CONT,2.3586992640978224,269
REFUGE_Valid,SEALED_REVIEW,29009,1,ALL,OD,CC,ANCHOR,3.565388783951718,269
REFUGE_Valid,SEALED_REVIEW,29009,1,ALL,OD,CC,SOURCE_HOLD,-1.690286824631869,269
REFUGE_Valid,SEALED_REVIEW,29009,1,ALL,OD,OPTIMIZER_BY_PARAMETER_INTERACTION,ALGEBRA,0.047062842125654925,269
REFUGE_Valid,SEALED_REVIEW,29009,1,ALL,OC,SC,SS,-0.07522760071887546,269
REFUGE_Valid,SEALED_REVIEW,29009,1,ALL,OC,CC,CS,-0.08995480947312728,269
REFUGE_Valid,SEALED_REVIEW,29009,1,ALL,OC,SS,CS,0.025729273964316235,269
REFUGE_Valid,SEALED_REVIEW,29009,1,ALL,OC,SC,CC,0.040456482718568054,269
REFUGE_Valid,SEALED_REVIEW,29009,1,ALL,OC,SS,CC,0.11568408343744352,269
REFUGE_Valid,SEALED_REVIEW,29009,1,ALL,OC,SS,SAME64_HOLD,-0.912594082720517,269
REFUGE_Valid,SEALED_REVIEW,29009,1,ALL,OC,SC,SAME64_HOLD,-0.9878216834393925,269
REFUGE_Valid,SEALED_REVIEW,29009,1,ALL,OC,CS,CROSS64_HOLD,-0.8169155440911453,269
REFUGE_Valid,SEALED_REVIEW,29009,1,ALL,OC,CC,CROSS64_HOLD,-0.9068703535642726,269
REFUGE_Valid,SEALED_REVIEW,29009,1,ALL,OC,SS,C_CONT,1.1171920637659127,269
REFUGE_Valid,SEALED_REVIEW,29009,1,ALL,OC,SS,ANCHOR,1.677258893169281,269
REFUGE_Valid,SEALED_REVIEW,29009,1,ALL,OC,SS,SOURCE_HOLD,-1.3598406739480708,269
REFUGE_Valid,SEALED_REVIEW,29009,1,ALL,OC,SC,C_CONT,1.0419644630470373,269
REFUGE_Valid,SEALED_REVIEW,29009,1,ALL,OC,SC,ANCHOR,1.6020312924504054,269
REFUGE_Valid,SEALED_REVIEW,29009,1,ALL,OC,SC,SOURCE_HOLD,-1.4350682746669463,269
REFUGE_Valid,SEALED_REVIEW,29009,1,ALL,OC,CS,C_CONT,1.0914627898015965,269
REFUGE_Valid,SEALED_REVIEW,29009,1,ALL,OC,CS,ANCHOR,1.6515296192049647,269
REFUGE_Valid,SEALED_REVIEW,29009,1,ALL,OC,CS,SOURCE_HOLD,-1.385569947912387,269
REFUGE_Valid,SEALED_REVIEW,29009,1,ALL,OC,CC,C_CONT,1.0015079803284692,269
REFUGE_Valid,SEALED_REVIEW,29009,1,ALL,OC,CC,ANCHOR,1.5615748097318374,269
REFUGE_Valid,SEALED_REVIEW,29009,1,ALL,OC,CC,SOURCE_HOLD,-1.4755247573855144,269
REFUGE_Valid,SEALED_REVIEW,29009,1,ALL,OC,OPTIMIZER_BY_PARAMETER_INTERACTION,ALGEBRA,0.01472720875425182,269
REFUGE_Valid,SEALED_REVIEW,29009,1,Q1,OD,SC,SS,-0.06682454103383861,69
REFUGE_Valid,SEALED_REVIEW,29009,1,Q1,OD,CC,CS,-0.13189779548615377,69
REFUGE_Valid,SEALED_REVIEW,29009,1,Q1,OD,SS,CS,-0.19561311255613134,69
REFUGE_Valid,SEALED_REVIEW,29009,1,Q1,OD,SC,CC,-0.1305398581038162,69
REFUGE_Valid,SEALED_REVIEW,29009,1,Q1,OD,SS,CC,-0.06371531706997757,69
REFUGE_Valid,SEALED_REVIEW,29009,1,Q1,OD,SS,SAME64_HOLD,-0.6045260869647819,69
REFUGE_Valid,SEALED_REVIEW,29009,1,Q1,OD,SC,SAME64_HOLD,-0.6713506279986206,69
REFUGE_Valid,SEALED_REVIEW,29009,1,Q1,OD,CS,CROSS64_HOLD,0.9307633240944,69
REFUGE_Valid,SEALED_REVIEW,29009,1,Q1,OD,CC,CROSS64_HOLD,0.7988655286082462,69
REFUGE_Valid,SEALED_REVIEW,29009,1,Q1,OD,SS,C_CONT,1.5935150330508208,69
REFUGE_Valid,SEALED_REVIEW,29009,1,Q1,OD,SS,ANCHOR,2.157879526093666,69
REFUGE_Valid,SEALED_REVIEW,29009,1,Q1,OD,SS,SOURCE_HOLD,-0.1522296544120394,69
REFUGE_Valid,SEALED_REVIEW,29009,1,Q1,OD,SC,C_CONT,1.5266904920169821,69
REFUGE_Valid,SEALED_REVIEW,29009,1,Q1,OD,SC,ANCHOR,2.0910549850598272,69
REFUGE_Valid,SEALED_REVIEW,29009,1,Q1,OD,SC,SOURCE_HOLD,-0.219054195445878,69
REFUGE_Valid,SEALED_REVIEW,29009,1,Q1,OD,CS,C_CONT,1.789128145606952,69
REFUGE_Valid,SEALED_REVIEW,29009,1,Q1,OD,CS,ANCHOR,2.353492638649797,69
REFUGE_Valid,SEALED_REVIEW,29009,1,Q1,OD,CS,SOURCE_HOLD,0.043383458144091946,69
REFUGE_Valid,SEALED_REVIEW,29009,1,Q1,OD,CC,C_CONT,1.6572303501207983,69
REFUGE_Valid,SEALED_REVIEW,29009,1,Q1,OD,CC,ANCHOR,2.2215948431636434,69
REFUGE_Valid,SEALED_REVIEW,29009,1,Q1,OD,CC,SOURCE_HOLD,-0.08851433734206182,69
REFUGE_Valid,SEALED_REVIEW,29009,1,Q1,OD,OPTIMIZER_BY_PARAMETER_INTERACTION,ALGEBRA,0.06507325445231515,69
REFUGE_Valid,SEALED_REVIEW,29009,1,Q1,OC,SC,SS,-0.06399699604523335,69
REFUGE_Valid,SEALED_REVIEW,29009,1,Q1,OC,CC,CS,-0.09335209720342164,69
REFUGE_Valid,SEALED_REVIEW,29009,1,Q1,OC,SS,CS,-0.2305909401006403,69
REFUGE_Valid,SEALED_REVIEW,29009,1,Q1,OC,SC,CC,-0.201235838942452,69
REFUGE_Valid,SEALED_REVIEW,29009,1,Q1,OC,SS,CC,-0.13723884289721866,69
REFUGE_Valid,SEALED_REVIEW,29009,1,Q1,OC,SS,SAME64_HOLD,-0.30948779198189413,69
REFUGE_Valid,SEALED_REVIEW,29009,1,Q1,OC,SC,SAME64_HOLD,-0.3734847880271275,69
REFUGE_Valid,SEALED_REVIEW,29009,1,Q1,OC,CS,CROSS64_HOLD,0.2825676946173985,69
REFUGE_Valid,SEALED_REVIEW,29009,1,Q1,OC,CC,CROSS64_HOLD,0.18921559741397687,69
REFUGE_Valid,SEALED_REVIEW,29009,1,Q1,OC,SS,C_CONT,0.67626082201663,69
REFUGE_Valid,SEALED_REVIEW,29009,1,Q1,OC,SS,ANCHOR,0.8925465310972527,69
REFUGE_Valid,SEALED_REVIEW,29009,1,Q1,OC,SS,SOURCE_HOLD,-0.5649890269264546,69
REFUGE_Valid,SEALED_REVIEW,29009,1,Q1,OC,SC,C_CONT,0.6122638259713966,69
REFUGE_Valid,SEALED_REVIEW,29009,1,Q1,OC,SC,ANCHOR,0.8285495350520193,69
REFUGE_Valid,SEALED_REVIEW,29009,1,Q1,OC,SC,SOURCE_HOLD,-0.6289860229716879,69
REFUGE_Valid,SEALED_REVIEW,29009,1,Q1,OC,CS,C_CONT,0.9068517621172703,69
REFUGE_Valid,SEALED_REVIEW,29009,1,Q1,OC,CS,ANCHOR,1.123137471197893,69
REFUGE_Valid,SEALED_REVIEW,29009,1,Q1,OC,CS,SOURCE_HOLD,-0.3343980868258143,69
REFUGE_Valid,SEALED_REVIEW,29009,1,Q1,OC,CC,C_CONT,0.8134996649138486,69
REFUGE_Valid,SEALED_REVIEW,29009,1,Q1,OC,CC,ANCHOR,1.0297853739944713,69
REFUGE_Valid,SEALED_REVIEW,29009,1,Q1,OC,CC,SOURCE_HOLD,-0.4277501840292359,69
REFUGE_Valid,SEALED_REVIEW,29009,1,Q1,OC,OPTIMIZER_BY_PARAMETER_INTERACTION,ALGEBRA,0.02935510115818829,69
REFUGE_Valid,SEALED_REVIEW,29009,1,FIRST64,OD,SC,SS,-0.0980314367835291,20
REFUGE_Valid,SEALED_REVIEW,29009,1,FIRST64,OD,CC,CS,-0.12806565570689088,20
REFUGE_Valid,SEALED_REVIEW,29009,1,FIRST64,OD,SS,CS,0.3579283426830244,20
REFUGE_Valid,SEALED_REVIEW,29009,1,FIRST64,OD,SC,CC,0.3879625616063862,20
REFUGE_Valid,SEALED_REVIEW,29009,1,FIRST64,OD,SS,CC,0.4859939983899153,20
REFUGE_Valid,SEALED_REVIEW,29009,1,FIRST64,OD,SS,SAME64_HOLD,-0.24957732026113888,20
REFUGE_Valid,SEALED_REVIEW,29009,1,FIRST64,OD,SC,SAME64_HOLD,-0.347608757044668,20
REFUGE_Valid,SEALED_REVIEW,29009,1,FIRST64,OD,CS,CROSS64_HOLD,0.9874287618153659,20
REFUGE_Valid,SEALED_REVIEW,29009,1,FIRST64,OD,CC,CROSS64_HOLD,0.859363106108475,20
REFUGE_Valid,SEALED_REVIEW,29009,1,FIRST64,OD,SS,C_CONT,1.4106818181402474,20
REFUGE_Valid,SEALED_REVIEW,29009,1,FIRST64,OD,SS,ANCHOR,1.7054218797367895,20
REFUGE_Valid,SEALED_REVIEW,29009,1,FIRST64,OD,SS,SOURCE_HOLD,0.2451158687188979,20
REFUGE_Valid,SEALED_REVIEW,29009,1,FIRST64,OD,SC,C_CONT,1.3126503813567183,20
REFUGE_Valid,SEALED_REVIEW,29009,1,FIRST64,OD,SC,ANCHOR,1.6073904429532604,20
REFUGE_Valid,SEALED_REVIEW,29009,1,FIRST64,OD,SC,SOURCE_HOLD,0.1470844319353688,20
REFUGE_Valid,SEALED_REVIEW,29009,1,FIRST64,OD,CS,C_CONT,1.052753475457223,20
REFUGE_Valid,SEALED_REVIEW,29009,1,FIRST64,OD,CS,ANCHOR,1.347493537053765,20
REFUGE_Valid,SEALED_REVIEW,29009,1,FIRST64,OD,CS,SOURCE_HOLD,-0.11281247396412653,20
REFUGE_Valid,SEALED_REVIEW,29009,1,FIRST64,OD,CC,C_CONT,0.9246878197503321,20
REFUGE_Valid,SEALED_REVIEW,29009,1,FIRST64,OD,CC,ANCHOR,1.2194278813468742,20
REFUGE_Valid,SEALED_REVIEW,29009,1,FIRST64,OD,CC,SOURCE_HOLD,-0.2408781296710174,20
REFUGE_Valid,SEALED_REVIEW,29009,1,FIRST64,OD,OPTIMIZER_BY_PARAMETER_INTERACTION,ALGEBRA,0.030034218923361777,20
REFUGE_Valid,SEALED_REVIEW,29009,1,FIRST64,OC,SC,SS,-0.0708853924430457,20
REFUGE_Valid,SEALED_REVIEW,29009,1,FIRST64,OC,CC,CS,-0.0955205032114037,20
REFUGE_Valid,SEALED_REVIEW,29009,1,FIRST64,OC,SS,CS,-0.9427148257435931,20
REFUGE_Valid,SEALED_REVIEW,29009,1,FIRST64,OC,SC,CC,-0.9180797149752351,20
REFUGE_Valid,SEALED_REVIEW,29009,1,FIRST64,OC,SS,CC,-0.8471943225321894,20
REFUGE_Valid,SEALED_REVIEW,29009,1,FIRST64,OC,SS,SAME64_HOLD,-0.1642036717234845,20
REFUGE_Valid,SEALED_REVIEW,29009,1,FIRST64,OC,SC,SAME64_HOLD,-0.2350890641665302,20
REFUGE_Valid,SEALED_REVIEW,29009,1,FIRST64,OC,CS,CROSS64_HOLD,-0.01636291835342263,20
REFUGE_Valid,SEALED_REVIEW,29009,1,FIRST64,OC,CC,CROSS64_HOLD,-0.11188342156482634,20
REFUGE_Valid,SEALED_REVIEW,29009,1,FIRST64,OC,SS,C_CONT,-0.17765632930013453,20
REFUGE_Valid,SEALED_REVIEW,29009,1,FIRST64,OC,SS,ANCHOR,-0.10727153421434821,20
REFUGE_Valid,SEALED_REVIEW,29009,1,FIRST64,OC,SS,SOURCE_HOLD,-1.4146778110575582,20
REFUGE_Valid,SEALED_REVIEW,29009,1,FIRST64,OC,SC,C_CONT,-0.24854172174318023,20
REFUGE_Valid,SEALED_REVIEW,29009,1,FIRST64,OC,SC,ANCHOR,-0.1781569266573939,20
REFUGE_Valid,SEALED_REVIEW,29009,1,FIRST64,OC,SC,SOURCE_HOLD,-1.485563203500604,20
REFUGE_Valid,SEALED_REVIEW,29009,1,FIRST64,OC,CS,C_CONT,0.7650584964434586,20
REFUGE_Valid,SEALED_REVIEW,29009,1,FIRST64,OC,CS,ANCHOR,0.8354432915292449,20
REFUGE_Valid,SEALED_REVIEW,29009,1,FIRST64,OC,CS,SOURCE_HOLD,-0.4719629853139651,20
REFUGE_Valid,SEALED_REVIEW,29009,1,FIRST64,OC,CC,C_CONT,0.6695379932320549,20
REFUGE_Valid,SEALED_REVIEW,29009,1,FIRST64,OC,CC,ANCHOR,0.7399227883178412,20
REFUGE_Valid,SEALED_REVIEW,29009,1,FIRST64,OC,CC,SOURCE_HOLD,-0.5674834885253688,20
REFUGE_Valid,SEALED_REVIEW,29009,1,FIRST64,OC,OPTIMIZER_BY_PARAMETER_INTERACTION,ALGEBRA,0.024635110768358004,20
REFUGE_Valid,SEALED_REVIEW,29009,1,Q2,OD,SC,SS,-0.17570854086091003,80
REFUGE_Valid,SEALED_REVIEW,29009,1,Q2,OD,CC,CS,-0.19844197865324986,80
REFUGE_Valid,SEALED_REVIEW,29009,1,Q2,OD,SS,CS,0.06133794823311689,80
REFUGE_Valid,SEALED_REVIEW,29009,1,Q2,OD,SC,CC,0.08407138602545672,80
REFUGE_Valid,SEALED_REVIEW,29009,1,Q2,OD,SS,CC,0.25977992688636675,80
REFUGE_Valid,SEALED_REVIEW,29009,1,Q2,OD,SS,SAME64_HOLD,-1.207133183364519,80
REFUGE_Valid,SEALED_REVIEW,29009,1,Q2,OD,SC,SAME64_HOLD,-1.382841724225429,80
REFUGE_Valid,SEALED_REVIEW,29009,1,Q2,OD,CS,CROSS64_HOLD,-0.040408019148330254,80
REFUGE_Valid,SEALED_REVIEW,29009,1,Q2,OD,CC,CROSS64_HOLD,-0.23884999780158012,80
REFUGE_Valid,SEALED_REVIEW,29009,1,Q2,OD,SS,C_CONT,2.453525874533284,80
REFUGE_Valid,SEALED_REVIEW,29009,1,Q2,OD,SS,ANCHOR,3.577438820702014,80
REFUGE_Valid,SEALED_REVIEW,29009,1,Q2,OD,SS,SOURCE_HOLD,-0.8083374182164391,80
REFUGE_Valid,SEALED_REVIEW,29009,1,Q2,OD,SC,C_CONT,2.277817333672374,80
REFUGE_Valid,SEALED_REVIEW,29009,1,Q2,OD,SC,ANCHOR,3.4017302798411038,80
REFUGE_Valid,SEALED_REVIEW,29009,1,Q2,OD,SC,SOURCE_HOLD,-0.9840459590773492,80
REFUGE_Valid,SEALED_REVIEW,29009,1,Q2,OD,CS,C_CONT,2.392187926300167,80
REFUGE_Valid,SEALED_REVIEW,29009,1,Q2,OD,CS,ANCHOR,3.516100872468897,80
REFUGE_Valid,SEALED_REVIEW,29009,1,Q2,OD,CS,SOURCE_HOLD,-0.869675366449556,80
REFUGE_Valid,SEALED_REVIEW,29009,1,Q2,OD,CC,C_CONT,2.193745947646917,80
REFUGE_Valid,SEALED_REVIEW,29009,1,Q2,OD,CC,ANCHOR,3.317658893815647,80
REFUGE_Valid,SEALED_REVIEW,29009,1,Q2,OD,CC,SOURCE_HOLD,-1.0681173451028059,80
REFUGE_Valid,SEALED_REVIEW,29009,1,Q2,OD,OPTIMIZER_BY_PARAMETER_INTERACTION,ALGEBRA,0.022733437792339828,80
REFUGE_Valid,SEALED_REVIEW,29009,1,Q2,OC,SC,SS,-0.07236807061485706,80
REFUGE_Valid,SEALED_REVIEW,29009,1,Q2,OC,CC,CS,-0.08990307183017876,80
REFUGE_Valid,SEALED_REVIEW,29009,1,Q2,OC,SS,CS,0.03315020077673125,80
REFUGE_Valid,SEALED_REVIEW,29009,1,Q2,OC,SC,CC,0.05068520199205295,80
REFUGE_Valid,SEALED_REVIEW,29009,1,Q2,OC,SS,CC,0.12305327260691001,80
REFUGE_Valid,SEALED_REVIEW,29009,1,Q2,OC,SS,SAME64_HOLD,-0.46008276766089296,80
REFUGE_Valid,SEALED_REVIEW,29009,1,Q2,OC,SC,SAME64_HOLD,-0.53245083827575,80
REFUGE_Valid,SEALED_REVIEW,29009,1,Q2,OC,CS,CROSS64_HOLD,-0.35854090849647946,80
REFUGE_Valid,SEALED_REVIEW,29009,1,Q2,OC,CC,CROSS64_HOLD,-0.4484439803266582,80
REFUGE_Valid,SEALED_REVIEW,29009,1,Q2,OC,SS,C_CONT,1.0703667939553014,80
REFUGE_Valid,SEALED_REVIEW,29009,1,Q2,OC,SS,ANCHOR,1.5535613280996188,80
REFUGE_Valid,SEALED_REVIEW,29009,1,Q2,OC,SS,SOURCE_HOLD,-0.9607518852418622,80
REFUGE_Valid,SEALED_REVIEW,29009,1,Q2,OC,SC,C_CONT,0.9979987233404444,80
REFUGE_Valid,SEALED_REVIEW,29009,1,Q2,OC,SC,ANCHOR,1.4811932574847617,80
REFUGE_Valid,SEALED_REVIEW,29009,1,Q2,OC,SC,SOURCE_HOLD,-1.0331199558567192,80
REFUGE_Valid,SEALED_REVIEW,29009,1,Q2,OC,CS,C_CONT,1.0372165931785702,80
REFUGE_Valid,SEALED_REVIEW,29009,1,Q2,OC,CS,ANCHOR,1.5204111273228875,80
REFUGE_Valid,SEALED_REVIEW,29009,1,Q2,OC,CS,SOURCE_HOLD,-0.9939020860185934,80
REFUGE_Valid,SEALED_REVIEW,29009,1,Q2,OC,CC,C_CONT,0.9473135213483914,80
REFUGE_Valid,SEALED_REVIEW,29009,1,Q2,OC,CC,ANCHOR,1.4305080554927088,80
REFUGE_Valid,SEALED_REVIEW,29009,1,Q2,OC,CC,SOURCE_HOLD,-1.0838051578487722,80
REFUGE_Valid,SEALED_REVIEW,29009,1,Q2,OC,OPTIMIZER_BY_PARAMETER_INTERACTION,ALGEBRA,0.0175350012153217,80
REFUGE_Valid,SEARCH,29009,1,Q2,OD,SC,SS,-0.18784718795235733,89
REFUGE_Valid,SEARCH,29009,1,Q2,OD,CC,CS,-0.2258053062352161,89
REFUGE_Valid,SEARCH,29009,1,Q2,OD,SS,CS,0.17532927418989175,89
REFUGE_Valid,SEARCH,29009,1,Q2,OD,SC,CC,0.21328739247275053,89
REFUGE_Valid,SEARCH,29009,1,Q2,OD,SS,CC,0.40113458042510786,89
REFUGE_Valid,SEARCH,29009,1,Q2,OD,SS,SAME64_HOLD,-1.0169821914226702,89
REFUGE_Valid,SEARCH,29009,1,Q2,OD,SC,SAME64_HOLD,-1.2048293793750275,89
REFUGE_Valid,SEARCH,29009,1,Q2,OD,CS,CROSS64_HOLD,0.21963328551474604,89
REFUGE_Valid,SEARCH,29009,1,Q2,OD,CC,CROSS64_HOLD,-0.006172020720470073,89
REFUGE_Valid,SEARCH,29009,1,Q2,OD,SS,C_CONT,2.891959294749711,89
REFUGE_Valid,SEARCH,29009,1,Q2,OD,SS,ANCHOR,4.0780091197685095,89
REFUGE_Valid,SEARCH,29009,1,Q2,OD,SS,SOURCE_HOLD,-0.22253723249400537,89
REFUGE_Valid,SEARCH,29009,1,Q2,OD,SC,C_CONT,2.7041121067973535,89
REFUGE_Valid,SEARCH,29009,1,Q2,OD,SC,ANCHOR,3.890161931816152,89
REFUGE_Valid,SEARCH,29009,1,Q2,OD,SC,SOURCE_HOLD,-0.4103844204463627,89
REFUGE_Valid,SEARCH,29009,1,Q2,OD,CS,C_CONT,2.716630020559819,89
REFUGE_Valid,SEARCH,29009,1,Q2,OD,CS,ANCHOR,3.902679845578618,89
REFUGE_Valid,SEARCH,29009,1,Q2,OD,CS,SOURCE_HOLD,-0.3978665066838971,89
REFUGE_Valid,SEARCH,29009,1,Q2,OD,CC,C_CONT,2.490824714324603,89
REFUGE_Valid,SEARCH,29009,1,Q2,OD,CC,ANCHOR,3.6768745393434017,89
REFUGE_Valid,SEARCH,29009,1,Q2,OD,CC,SOURCE_HOLD,-0.6236718129191132,89
REFUGE_Valid,SEARCH,29009,1,Q2,OD,OPTIMIZER_BY_PARAMETER_INTERACTION,ALGEBRA,0.03795811828285878,89
REFUGE_Valid,SEARCH,29009,1,Q2,OC,SC,SS,-0.029969393168698844,89
REFUGE_Valid,SEARCH,29009,1,Q2,OC,CC,CS,-0.031214780126006758,89
REFUGE_Valid,SEARCH,29009,1,Q2,OC,SS,CS,-0.08833181839959536,89
REFUGE_Valid,SEARCH,29009,1,Q2,OC,SC,CC,-0.08708643144228745,89
REFUGE_Valid,SEARCH,29009,1,Q2,OC,SS,CC,-0.057117038273588605,89
REFUGE_Valid,SEARCH,29009,1,Q2,OC,SS,SAME64_HOLD,-0.4812770224700387,89
REFUGE_Valid,SEARCH,29009,1,Q2,OC,SC,SAME64_HOLD,-0.5112464156387375,89
REFUGE_Valid,SEARCH,29009,1,Q2,OC,CS,CROSS64_HOLD,-0.9030779261532302,89
REFUGE_Valid,SEARCH,29009,1,Q2,OC,CC,CROSS64_HOLD,-0.934292706279237,89
REFUGE_Valid,SEARCH,29009,1,Q2,OC,SS,C_CONT,0.7269430258028677,89
REFUGE_Valid,SEARCH,29009,1,Q2,OC,SS,ANCHOR,1.1825776271444255,89
REFUGE_Valid,SEARCH,29009,1,Q2,OC,SS,SOURCE_HOLD,-1.335166637430305,89
REFUGE_Valid,SEARCH,29009,1,Q2,OC,SC,C_CONT,0.6969736326341689,89
REFUGE_Valid,SEARCH,29009,1,Q2,OC,SC,ANCHOR,1.1526082339757266,89
REFUGE_Valid,SEARCH,29009,1,Q2,OC,SC,SOURCE_HOLD,-1.365136030599004,89
REFUGE_Valid,SEARCH,29009,1,Q2,OC,CS,C_CONT,0.8152748442024631,89
REFUGE_Valid,SEARCH,29009,1,Q2,OC,CS,ANCHOR,1.2709094455440209,89
REFUGE_Valid,SEARCH,29009,1,Q2,OC,CS,SOURCE_HOLD,-1.2468348190307097,89
REFUGE_Valid,SEARCH,29009,1,Q2,OC,CC,C_CONT,0.7840600640764563,89
REFUGE_Valid,SEARCH,29009,1,Q2,OC,CC,ANCHOR,1.239694665418014,89
REFUGE_Valid,SEARCH,29009,1,Q2,OC,CC,SOURCE_HOLD,-1.2780495991567165,89
REFUGE_Valid,SEARCH,29009,1,Q2,OC,OPTIMIZER_BY_PARAMETER_INTERACTION,ALGEBRA,0.0012453869573079146,89
REFUGE_Valid,SEARCH,29009,1,Q3,OD,SC,SS,-0.18848456040504402,100
REFUGE_Valid,SEARCH,29009,1,Q3,OD,CC,CS,-0.21710773343342282,100
REFUGE_Valid,SEARCH,29009,1,Q3,OD,SS,CS,0.1415733487082207,100
REFUGE_Valid,SEARCH,29009,1,Q3,OD,SC,CC,0.1701965217365995,100
REFUGE_Valid,SEARCH,29009,1,Q3,OD,SS,CC,0.3586810821416435,100
REFUGE_Valid,SEARCH,29009,1,Q3,OD,SS,SAME64_HOLD,-2.6486450729732383,100
REFUGE_Valid,SEARCH,29009,1,Q3,OD,SC,SAME64_HOLD,-2.8371296333782823,100
REFUGE_Valid,SEARCH,29009,1,Q3,OD,CS,CROSS64_HOLD,-0.8939000503926451,100
REFUGE_Valid,SEARCH,29009,1,Q3,OD,CC,CROSS64_HOLD,-1.111007783826068,100
REFUGE_Valid,SEARCH,29009,1,Q3,OD,SS,C_CONT,2.7420932549261607,100
REFUGE_Valid,SEARCH,29009,1,Q3,OD,SS,ANCHOR,4.190783219761016,100
REFUGE_Valid,SEARCH,29009,1,Q3,OD,SS,SOURCE_HOLD,-1.361685713061675,100
REFUGE_Valid,SEARCH,29009,1,Q3,OD,SC,C_CONT,2.5536086945211167,100
REFUGE_Valid,SEARCH,29009,1,Q3,OD,SC,ANCHOR,4.002298659355972,100
REFUGE_Valid,SEARCH,29009,1,Q3,OD,SC,SOURCE_HOLD,-1.550170273466719,100
REFUGE_Valid,SEARCH,29009,1,Q3,OD,CS,C_CONT,2.60051990621794,100
REFUGE_Valid,SEARCH,29009,1,Q3,OD,CS,ANCHOR,4.0492098710527955,100
REFUGE_Valid,SEARCH,29009,1,Q3,OD,CS,SOURCE_HOLD,-1.5032590617698958,100
REFUGE_Valid,SEARCH,29009,1,Q3,OD,CC,C_CONT,2.3834121727845172,100
REFUGE_Valid,SEARCH,29009,1,Q3,OD,CC,ANCHOR,3.8321021376193727,100
REFUGE_Valid,SEARCH,29009,1,Q3,OD,CC,SOURCE_HOLD,-1.7203667952033186,100
REFUGE_Valid,SEARCH,29009,1,Q3,OD,OPTIMIZER_BY_PARAMETER_INTERACTION,ALGEBRA,0.0286231730283788,100
REFUGE_Valid,SEARCH,29009,1,Q3,OC,SC,SS,-0.11619236831153046,100
REFUGE_Valid,SEARCH,29009,1,Q3,OC,CC,CS,-0.10232153601387495,100
REFUGE_Valid,SEARCH,29009,1,Q3,OC,SS,CS,0.07942995279545073,100
REFUGE_Valid,SEARCH,29009,1,Q3,OC,SC,CC,0.06555912049779522,100
REFUGE_Valid,SEARCH,29009,1,Q3,OC,SS,CC,0.18175148880932568,100
REFUGE_Valid,SEARCH,29009,1,Q3,OC,SS,SAME64_HOLD,-0.8081886502498179,100
REFUGE_Valid,SEARCH,29009,1,Q3,OC,SC,SAME64_HOLD,-0.9243810185613484,100
REFUGE_Valid,SEARCH,29009,1,Q3,OC,CS,CROSS64_HOLD,-0.5640718747199571,100
REFUGE_Valid,SEARCH,29009,1,Q3,OC,CC,CROSS64_HOLD,-0.6663934107338321,100
REFUGE_Valid,SEARCH,29009,1,Q3,OC,SS,C_CONT,1.228554342470332,100
REFUGE_Valid,SEARCH,29009,1,Q3,OC,SS,ANCHOR,1.9150911504629562,100
REFUGE_Valid,SEARCH,29009,1,Q3,OC,SS,SOURCE_HOLD,-0.915934828651146,100
REFUGE_Valid,SEARCH,29009,1,Q3,OC,SC,C_CONT,1.1123619741588016,100
REFUGE_Valid,SEARCH,29009,1,Q3,OC,SC,ANCHOR,1.7988987821514257,100
REFUGE_Valid,SEARCH,29009,1,Q3,OC,SC,SOURCE_HOLD,-1.0321271969626764,100
REFUGE_Valid,SEARCH,29009,1,Q3,OC,CS,C_CONT,1.1491243896748813,100
REFUGE_Valid,SEARCH,29009,1,Q3,OC,CS,ANCHOR,1.8356611976675055,100
REFUGE_Valid,SEARCH,29009,1,Q3,OC,CS,SOURCE_HOLD,-0.9953647814465967,100
REFUGE_Valid,SEARCH,29009,1,Q3,OC,CC,C_CONT,1.0468028536610063,100
REFUGE_Valid,SEARCH,29009,1,Q3,OC,CC,ANCHOR,1.7333396616536305,100
REFUGE_Valid,SEARCH,29009,1,Q3,OC,CC,SOURCE_HOLD,-1.0976863174604716,100
REFUGE_Valid,SEARCH,29009,1,Q3,OC,OPTIMIZER_BY_PARAMETER_INTERACTION,ALGEBRA,-0.013870832297655511,100
REFUGE_Valid,SEALED_REVIEW,29009,1,Q3,OD,SC,SS,-0.22113150652039337,68
REFUGE_Valid,SEALED_REVIEW,29009,1,Q3,OD,CC,CS,-0.24969541064568546,68
REFUGE_Valid,SEALED_REVIEW,29009,1,Q3,OD,SS,CS,0.37190504479266906,68
REFUGE_Valid,SEALED_REVIEW,29009,1,Q3,OD,SC,CC,0.40046894891796114,68
REFUGE_Valid,SEALED_REVIEW,29009,1,Q3,OD,SS,CC,0.6216004554383545,68
REFUGE_Valid,SEALED_REVIEW,29009,1,Q3,OD,SS,SAME64_HOLD,-3.2708853519360304,68
REFUGE_Valid,SEALED_REVIEW,29009,1,Q3,OD,SC,SAME64_HOLD,-3.4920168584564237,68
REFUGE_Valid,SEALED_REVIEW,29009,1,Q3,OD,CS,CROSS64_HOLD,-1.338351565575394,68
REFUGE_Valid,SEALED_REVIEW,29009,1,Q3,OD,CC,CROSS64_HOLD,-1.5880469762210794,68
REFUGE_Valid,SEALED_REVIEW,29009,1,Q3,OD,SS,C_CONT,3.3842081168300666,68
REFUGE_Valid,SEALED_REVIEW,29009,1,Q3,OD,SS,ANCHOR,5.013657331424213,68
REFUGE_Valid,SEALED_REVIEW,29009,1,Q3,OD,SS,SOURCE_HOLD,-1.8870661812413232,68
REFUGE_Valid,SEALED_REVIEW,29009,1,Q3,OD,SC,C_CONT,3.1630766103096732,68
REFUGE_Valid,SEALED_REVIEW,29009,1,Q3,OD,SC,ANCHOR,4.792525824903819,68
REFUGE_Valid,SEALED_REVIEW,29009,1,Q3,OD,SC,SOURCE_HOLD,-2.1081976877617166,68
REFUGE_Valid,SEALED_REVIEW,29009,1,Q3,OD,CS,C_CONT,3.0123030720373976,68
REFUGE_Valid,SEALED_REVIEW,29009,1,Q3,OD,CS,ANCHOR,4.641752286631544,68
REFUGE_Valid,SEALED_REVIEW,29009,1,Q3,OD,CS,SOURCE_HOLD,-2.2589712260339923,68
REFUGE_Valid,SEALED_REVIEW,29009,1,Q3,OD,CC,C_CONT,2.762607661391712,68
REFUGE_Valid,SEALED_REVIEW,29009,1,Q3,OD,CC,ANCHOR,4.392056875985858,68
REFUGE_Valid,SEALED_REVIEW,29009,1,Q3,OD,CC,SOURCE_HOLD,-2.5086666366796777,68
REFUGE_Valid,SEALED_REVIEW,29009,1,Q3,OD,OPTIMIZER_BY_PARAMETER_INTERACTION,ALGEBRA,0.028563904125292083,68
REFUGE_Valid,SEALED_REVIEW,29009,1,Q3,OC,SC,SS,-0.05085065462017013,68
REFUGE_Valid,SEALED_REVIEW,29009,1,Q3,OC,CC,CS,-0.06863425293150982,68
REFUGE_Valid,SEALED_REVIEW,29009,1,Q3,OC,SS,CS,0.057533631765437576,68
REFUGE_Valid,SEALED_REVIEW,29009,1,Q3,OC,SC,CC,0.07531723007677726,68
REFUGE_Valid,SEALED_REVIEW,29009,1,Q3,OC,SS,CC,0.1261678846969474,68
REFUGE_Valid,SEALED_REVIEW,29009,1,Q3,OC,SS,SAME64_HOLD,-1.0794424371909273,68
REFUGE_Valid,SEALED_REVIEW,29009,1,Q3,OC,SC,SAME64_HOLD,-1.1302930918110974,68
REFUGE_Valid,SEALED_REVIEW,29009,1,Q3,OC,CS,CROSS64_HOLD,-1.639661943122455,68
REFUGE_Valid,SEALED_REVIEW,29009,1,Q3,OC,CC,CROSS64_HOLD,-1.7082961960539649,68
REFUGE_Valid,SEALED_REVIEW,29009,1,Q3,OC,SS,C_CONT,1.1244450950367764,68
REFUGE_Valid,SEALED_REVIEW,29009,1,Q3,OC,SS,ANCHOR,1.821411062040987,68
REFUGE_Valid,SEALED_REVIEW,29009,1,Q3,OC,SS,SOURCE_HOLD,-2.0013025887724964,68
REFUGE_Valid,SEALED_REVIEW,29009,1,Q3,OC,SC,C_CONT,1.0735944404166062,68
REFUGE_Valid,SEALED_REVIEW,29009,1,Q3,OC,SC,ANCHOR,1.7705604074208168,68
REFUGE_Valid,SEALED_REVIEW,29009,1,Q3,OC,SC,SOURCE_HOLD,-2.0521532433926666,68
REFUGE_Valid,SEALED_REVIEW,29009,1,Q3,OC,CS,C_CONT,1.0669114632713388,68
REFUGE_Valid,SEALED_REVIEW,29009,1,Q3,OC,CS,ANCHOR,1.7638774302755493,68
REFUGE_Valid,SEALED_REVIEW,29009,1,Q3,OC,CS,SOURCE_HOLD,-2.058836220537934,68
REFUGE_Valid,SEALED_REVIEW,29009,1,Q3,OC,CC,C_CONT,0.998277210339829,68
REFUGE_Valid,SEALED_REVIEW,29009,1,Q3,OC,CC,ANCHOR,1.6952431773440395,68
REFUGE_Valid,SEALED_REVIEW,29009,1,Q3,OC,CC,SOURCE_HOLD,-2.127470473469444,68
REFUGE_Valid,SEALED_REVIEW,29009,1,Q3,OC,OPTIMIZER_BY_PARAMETER_INTERACTION,ALGEBRA,0.017783598311339688,68
REFUGE_Valid,SEARCH,29009,1,Q4,OD,SC,SS,-0.22394204850783694,120
REFUGE_Valid,SEARCH,29009,1,Q4,OD,CC,CS,-0.3101403060569936,120
REFUGE_Valid,SEARCH,29009,1,Q4,OD,SS,CS,0.2713431252935834,120
REFUGE_Valid,SEARCH,29009,1,Q4,OD,SC,CC,0.35754138284274006,120
REFUGE_Valid,SEARCH,29009,1,Q4,OD,SS,CC,0.581483431350577,120
REFUGE_Valid,SEARCH,29009,1,Q4,OD,SS,SAME64_HOLD,-4.746531819229176,120
REFUGE_Valid,SEARCH,29009,1,Q4,OD,SC,SAME64_HOLD,-4.970473867737013,120
REFUGE_Valid,SEARCH,29009,1,Q4,OD,CS,CROSS64_HOLD,-3.2328732143401453,120
REFUGE_Valid,SEARCH,29009,1,Q4,OD,CC,CROSS64_HOLD,-3.543013520397139,120
REFUGE_Valid,SEARCH,29009,1,Q4,OD,SS,C_CONT,3.6079700021881536,120
REFUGE_Valid,SEARCH,29009,1,Q4,OD,SS,ANCHOR,5.166937454811276,120
REFUGE_Valid,SEARCH,29009,1,Q4,OD,SS,SOURCE_HOLD,-3.622097242147362,120
REFUGE_Valid,SEARCH,29009,1,Q4,OD,SC,C_CONT,3.3840279536803166,120
REFUGE_Valid,SEARCH,29009,1,Q4,OD,SC,ANCHOR,4.942995406303439,120
REFUGE_Valid,SEARCH,29009,1,Q4,OD,SC,SOURCE_HOLD,-3.846039290655199,120
REFUGE_Valid,SEARCH,29009,1,Q4,OD,CS,C_CONT,3.33662687689457,120
REFUGE_Valid,SEARCH,29009,1,Q4,OD,CS,ANCHOR,4.895594329517692,120
REFUGE_Valid,SEARCH,29009,1,Q4,OD,CS,SOURCE_HOLD,-3.8934403674409452,120
REFUGE_Valid,SEARCH,29009,1,Q4,OD,CC,C_CONT,3.0264865708375766,120
REFUGE_Valid,SEARCH,29009,1,Q4,OD,CC,ANCHOR,4.585454023460699,120
REFUGE_Valid,SEARCH,29009,1,Q4,OD,CC,SOURCE_HOLD,-4.203580673497939,120
REFUGE_Valid,SEARCH,29009,1,Q4,OD,OPTIMIZER_BY_PARAMETER_INTERACTION,ALGEBRA,0.08619825754915666,120
REFUGE_Valid,SEARCH,29009,1,Q4,OC,SC,SS,-0.12616826174409113,120
REFUGE_Valid,SEARCH,29009,1,Q4,OC,CC,CS,-0.14022529283484175,120
REFUGE_Valid,SEARCH,29009,1,Q4,OC,SS,CS,0.07891038177400134,120
REFUGE_Valid,SEARCH,29009,1,Q4,OC,SC,CC,0.09296741286475196,120
REFUGE_Valid,SEARCH,29009,1,Q4,OC,SS,CC,0.2191356746088431,120
REFUGE_Valid,SEARCH,29009,1,Q4,OC,SS,SAME64_HOLD,-2.0014664961157393,120
REFUGE_Valid,SEARCH,29009,1,Q4,OC,SC,SAME64_HOLD,-2.1276347578598305,120
REFUGE_Valid,SEARCH,29009,1,Q4,OC,CS,CROSS64_HOLD,-2.0344069039064507,120
REFUGE_Valid,SEARCH,29009,1,Q4,OC,CC,CROSS64_HOLD,-2.1746321967412925,120
REFUGE_Valid,SEARCH,29009,1,Q4,OC,SS,C_CONT,1.5169803319268667,120
REFUGE_Valid,SEARCH,29009,1,Q4,OC,SS,ANCHOR,2.406809485999972,120
REFUGE_Valid,SEARCH,29009,1,Q4,OC,SS,SOURCE_HOLD,-2.3794591554826354,120
REFUGE_Valid,SEARCH,29009,1,Q4,OC,SC,C_CONT,1.3908120701827755,120
REFUGE_Valid,SEARCH,29009,1,Q4,OC,SC,ANCHOR,2.2806412242558807,120
REFUGE_Valid,SEARCH,29009,1,Q4,OC,SC,SOURCE_HOLD,-2.5056274172267265,120
REFUGE_Valid,SEARCH,29009,1,Q4,OC,CS,C_CONT,1.4380699501528653,120
REFUGE_Valid,SEARCH,29009,1,Q4,OC,CS,ANCHOR,2.3278991042259705,120
REFUGE_Valid,SEARCH,29009,1,Q4,OC,CS,SOURCE_HOLD,-2.4583695372566368,120
REFUGE_Valid,SEARCH,29009,1,Q4,OC,CC,C_CONT,1.2978446573180236,120
REFUGE_Valid,SEARCH,29009,1,Q4,OC,CC,ANCHOR,2.1876738113911287,120
REFUGE_Valid,SEARCH,29009,1,Q4,OC,CC,SOURCE_HOLD,-2.5985948300914785,120
REFUGE_Valid,SEARCH,29009,1,Q4,OC,OPTIMIZER_BY_PARAMETER_INTERACTION,ALGEBRA,0.014057031090750627,120
REFUGE_Valid,SEALED_REVIEW,29009,1,Q4,OD,SC,SS,-0.18573598964718485,52
REFUGE_Valid,SEALED_REVIEW,29009,1,Q4,OD,CC,CS,-0.27052117177572654,52
REFUGE_Valid,SEALED_REVIEW,29009,1,Q4,OD,SS,CS,0.13418277402759315,52
REFUGE_Valid,SEALED_REVIEW,29009,1,Q4,OD,SC,CC,0.21896795615613485,52
REFUGE_Valid,SEALED_REVIEW,29009,1,Q4,OD,SS,CC,0.4047039458033197,52
REFUGE_Valid,SEALED_REVIEW,29009,1,Q4,OD,SS,SAME64_HOLD,-4.529243582207243,52
REFUGE_Valid,SEALED_REVIEW,29009,1,Q4,OD,SC,SAME64_HOLD,-4.714979571854428,52
REFUGE_Valid,SEALED_REVIEW,29009,1,Q4,OD,CS,CROSS64_HOLD,-2.789617252173315,52
REFUGE_Valid,SEALED_REVIEW,29009,1,Q4,OD,CC,CROSS64_HOLD,-3.0601384239490415,52
REFUGE_Valid,SEALED_REVIEW,29009,1,Q4,OD,SS,C_CONT,3.4197849284492605,52
REFUGE_Valid,SEALED_REVIEW,29009,1,Q4,OD,SS,ANCHOR,5.053299323350089,52
REFUGE_Valid,SEALED_REVIEW,29009,1,Q4,OD,SS,SOURCE_HOLD,-3.298006585868393,52
REFUGE_Valid,SEALED_REVIEW,29009,1,Q4,OD,SC,C_CONT,3.2340489388020757,52
REFUGE_Valid,SEALED_REVIEW,29009,1,Q4,OD,SC,ANCHOR,4.867563333702904,52
REFUGE_Valid,SEALED_REVIEW,29009,1,Q4,OD,SC,SOURCE_HOLD,-3.4837425755155778,52
REFUGE_Valid,SEALED_REVIEW,29009,1,Q4,OD,CS,C_CONT,3.2856021544216674,52
REFUGE_Valid,SEALED_REVIEW,29009,1,Q4,OD,CS,ANCHOR,4.919116549322496,52
REFUGE_Valid,SEALED_REVIEW,29009,1,Q4,OD,CS,SOURCE_HOLD,-3.432189359895986,52
REFUGE_Valid,SEALED_REVIEW,29009,1,Q4,OD,CC,C_CONT,3.015080982645941,52
REFUGE_Valid,SEALED_REVIEW,29009,1,Q4,OD,CC,ANCHOR,4.648595377546769,52
REFUGE_Valid,SEALED_REVIEW,29009,1,Q4,OD,CC,SOURCE_HOLD,-3.7027105316717126,52
REFUGE_Valid,SEALED_REVIEW,29009,1,Q4,OD,OPTIMIZER_BY_PARAMETER_INTERACTION,ALGEBRA,0.08478518212854169,52
REFUGE_Valid,SEALED_REVIEW,29009,1,Q4,OC,SC,SS,-0.12640657120955723,52
REFUGE_Valid,SEALED_REVIEW,29009,1,Q4,OC,CC,CS,-0.1134071941437611,52
REFUGE_Valid,SEALED_REVIEW,29009,1,Q4,OC,SS,CS,0.3128393565607581,52
REFUGE_Valid,SEALED_REVIEW,29009,1,Q4,OC,SC,CC,0.299839979494962,52
REFUGE_Valid,SEALED_REVIEW,29009,1,Q4,OC,SS,CC,0.4262465507045192,52
REFUGE_Valid,SEALED_REVIEW,29009,1,Q4,OC,SS,SAME64_HOLD,-2.1908546819848453,52
REFUGE_Valid,SEALED_REVIEW,29009,1,Q4,OC,SC,SAME64_HOLD,-2.3172612531944026,52
REFUGE_Valid,SEALED_REVIEW,29009,1,Q4,OC,CS,CROSS64_HOLD,-1.9051378360975946,52
REFUGE_Valid,SEALED_REVIEW,29009,1,Q4,OC,CC,CROSS64_HOLD,-2.0185450302413557,52
REFUGE_Valid,SEALED_REVIEW,29009,1,Q4,OC,SS,C_CONT,1.764828047210699,52
REFUGE_Valid,SEALED_REVIEW,29009,1,Q4,OC,SS,ANCHOR,2.7203090990397882,52
REFUGE_Valid,SEALED_REVIEW,29009,1,Q4,OC,SS,SOURCE_HOLD,-2.189695607273592,52
REFUGE_Valid,SEALED_REVIEW,29009,1,Q4,OC,SC,C_CONT,1.6384214760011417,52
REFUGE_Valid,SEALED_REVIEW,29009,1,Q4,OC,SC,ANCHOR,2.593902527830231,52
REFUGE_Valid,SEALED_REVIEW,29009,1,Q4,OC,SC,SOURCE_HOLD,-2.316102178483149,52
REFUGE_Valid,SEALED_REVIEW,29009,1,Q4,OC,CS,C_CONT,1.4519886906499408,52
REFUGE_Valid,SEALED_REVIEW,29009,1,Q4,OC,CS,ANCHOR,2.40746974247903,52
REFUGE_Valid,SEALED_REVIEW,29009,1,Q4,OC,CS,SOURCE_HOLD,-2.50253496383435,52
REFUGE_Valid,SEALED_REVIEW,29009,1,Q4,OC,CC,C_CONT,1.3385814965061797,52
REFUGE_Valid,SEALED_REVIEW,29009,1,Q4,OC,CC,ANCHOR,2.294062548335269,52
REFUGE_Valid,SEALED_REVIEW,29009,1,Q4,OC,CC,SOURCE_HOLD,-2.615942157978111,52
REFUGE_Valid,SEALED_REVIEW,29009,1,Q4,OC,OPTIMIZER_BY_PARAMETER_INTERACTION,ALGEBRA,-0.012999377065796125,52
