domain,role,seed,order,position_bin,channel,condition,scored_contents,Dice_percent,pre_Dice_percent,immediate_update_pp
ORIGA,SEARCH,20260907,0,ALL,OD,SS,316,85.80792843332637,85.77071288160711,0.03721555171924847
ORIGA,SEARCH,20260907,0,ALL,OC,SS,316,68.66299965206295,68.6063973883833,0.056602263679652806
ORIGA,SEARCH,20260907,0,Q1,OD,SS,81,81.0964965958488,81.01680619188964,0.07969040395915798
ORIGA,SEARCH,20260907,0,Q1,OC,SS,81,63.25641612467966,63.12985341216414,0.12656271251551918
ORIGA,SEARCH,20260907,0,FIRST64,OD,SS,35,82.08445005825101,82.01710911787727,0.06734094037374048
ORIGA,SEARCH,20260907,0,FIRST64,OC,SS,35,66.32765727819613,66.24075273400186,0.08690454419426373
ORIGA,SEARCH,20260907,0,ALL,OD,SC,316,86.56220311076612,86.5228424370132,0.039360673752929023
ORIGA,SEARCH,20260907,0,ALL,OC,SC,316,69.53293340643816,69.47726631889537,0.05566708754277895
ORIGA,SEARCH,20260907,0,Q1,OD,SC,81,82.00024752604743,81.9042981756526,0.09594935039482884
ORIGA,SEARCH,20260907,0,Q1,OC,SC,81,64.47889596474003,64.35145573979786,0.12744022494218646
ORIGA,SEARCH,20260907,0,FIRST64,OD,SC,35,82.52146082557618,82.41611680742602,0.10534401815016144
ORIGA,SEARCH,20260907,0,FIRST64,OC,SC,35,66.74233744476629,66.61121046840597,0.1311269763603271
ORIGA,SEARCH,20260907,0,ALL,OD,CS,316,84.21742685679455,84.17178153090734,0.045645325887216995
ORIGA,SEARCH,20260907,0,ALL,OC,CS,316,66.6899004463625,66.63164429708908,0.05825614927341997
ORIGA,SEARCH,20260907,0,Q1,OD,CS,81,78.18220209677327,78.08810706553209,0.0940950312411827
ORIGA,SEARCH,20260907,0,Q1,OC,CS,81,59.37294248579674,59.24732248980297,0.12561999599377754
ORIGA,SEARCH,20260907,0,FIRST64,OD,CS,35,79.13899546653967,79.05333343466067,0.08566203187899152
ORIGA,SEARCH,20260907,0,FIRST64,OC,CS,35,62.48153688511715,62.359800960514455,0.1217359246026919
ORIGA,SEARCH,20260907,0,ALL,OD,CC,316,85.1797609010783,85.13326910566884,0.04649179540944889
ORIGA,SEARCH,20260907,0,ALL,OC,CC,316,67.7875548928984,67.71409466568065,0.07346022721774674
ORIGA,SEARCH,20260907,0,Q1,OD,CC,81,79.38189417934478,79.27143715575387,0.11045702359090874
ORIGA,SEARCH,20260907,0,Q1,OC,CC,81,60.88888723851231,60.70272748651806,0.1861597519942482
ORIGA,SEARCH,20260907,0,FIRST64,OD,CC,35,79.69431571324745,79.5806778382025,0.11363787504494738
ORIGA,SEARCH,20260907,0,FIRST64,OC,CC,35,63.08268237640564,62.90584364443777,0.17683873196787056
ORIGA,SEARCH,20260907,0,ALL,OD,SAME64_HOLD,316,80.17974970296929,,
ORIGA,SEARCH,20260907,0,ALL,OC,SAME64_HOLD,316,62.05309365991896,,
ORIGA,SEARCH,20260907,0,Q1,OD,SAME64_HOLD,81,77.6336744657459,,
ORIGA,SEARCH,20260907,0,Q1,OC,SAME64_HOLD,81,58.846946044829195,,
ORIGA,SEARCH,20260907,0,FIRST64,OD,SAME64_HOLD,35,80.79916253471742,,
ORIGA,SEARCH,20260907,0,FIRST64,OC,SAME64_HOLD,35,64.70961774759807,,
ORIGA,SEARCH,20260907,0,ALL,OD,CROSS64_HOLD,316,76.35174662053102,,
ORIGA,SEARCH,20260907,0,ALL,OC,CROSS64_HOLD,316,57.760811738279585,,
ORIGA,SEARCH,20260907,0,Q1,OD,CROSS64_HOLD,81,73.67311227270743,,
ORIGA,SEARCH,20260907,0,Q1,OC,CROSS64_HOLD,81,54.249202491233376,,
ORIGA,SEARCH,20260907,0,FIRST64,OD,CROSS64_HOLD,35,77.24330085543063,,
ORIGA,SEARCH,20260907,0,FIRST64,OC,CROSS64_HOLD,35,60.02019194212346,,
ORIGA,SEARCH,20260907,0,ALL,OD,SOURCE_HOLD,316,75.50920320760306,,
ORIGA,SEARCH,20260907,0,ALL,OC,SOURCE_HOLD,316,56.51189852699288,,
ORIGA,SEARCH,20260907,0,Q1,OD,SOURCE_HOLD,81,72.97912470636965,,
ORIGA,SEARCH,20260907,0,Q1,OC,SOURCE_HOLD,81,52.9323997048062,,
ORIGA,SEARCH,20260907,0,FIRST64,OD,SOURCE_HOLD,35,76.60120354790617,,
ORIGA,SEARCH,20260907,0,FIRST64,OC,SOURCE_HOLD,35,58.72587043999013,,
ORIGA,SEARCH,20260907,0,ALL,OD,C_CONT,316,88.81291732573234,,
ORIGA,SEARCH,20260907,0,ALL,OC,C_CONT,316,72.39018213889807,,
ORIGA,SEARCH,20260907,0,Q1,OD,C_CONT,81,85.70268018313533,,
ORIGA,SEARCH,20260907,0,Q1,OC,C_CONT,81,68.78067849151527,,
ORIGA,SEARCH,20260907,0,FIRST64,OD,C_CONT,35,86.4319581427825,,
ORIGA,SEARCH,20260907,0,FIRST64,OC,C_CONT,35,70.6996085298,,
ORIGA,SEARCH,20260907,0,ALL,OD,ANCHOR,316,89.39016048522099,,
ORIGA,SEARCH,20260907,0,ALL,OC,ANCHOR,316,72.1261206783455,,
ORIGA,SEARCH,20260907,0,Q1,OD,ANCHOR,81,86.54845762970609,,
ORIGA,SEARCH,20260907,0,Q1,OC,ANCHOR,81,68.49191754890852,,
ORIGA,SEARCH,20260907,0,FIRST64,OD,ANCHOR,35,87.32706252748093,,
ORIGA,SEARCH,20260907,0,FIRST64,OC,ANCHOR,35,70.33823867760454,,
ORIGA,SEALED_REVIEW,20260907,0,ALL,OD,SS,210,86.49176552843022,86.4629916035437,0.028773924886516665
ORIGA,SEALED_REVIEW,20260907,0,ALL,OC,SS,210,71.69556936333521,71.6619893896518,0.033579973683414664
ORIGA,SEALED_REVIEW,20260907,0,Q1,OD,SS,46,81.98611346076152,81.90665451157635,0.07945894918516899
ORIGA,SEALED_REVIEW,20260907,0,Q1,OC,SS,46,66.18689884354832,66.09171039860856,0.09518844493975458
ORIGA,SEALED_REVIEW,20260907,0,FIRST64,OD,SS,20,80.70595055926506,80.62552323121231,0.08042732805274233
ORIGA,SEALED_REVIEW,20260907,0,FIRST64,OC,SS,20,63.61500783483485,63.492542435395634,0.12246539943920234
ORIGA,SEALED_REVIEW,20260907,0,ALL,OD,SC,210,87.22389262032281,87.1907397412345,0.033152879088328216
ORIGA,SEALED_REVIEW,20260907,0,ALL,OC,SC,210,72.3908713464197,72.35643222023245,0.034439126187247524
ORIGA,SEALED_REVIEW,20260907,0,Q1,OD,SC,46,82.87955347192289,82.78451263252967,0.09504083939320915
ORIGA,SEALED_REVIEW,20260907,0,Q1,OC,SC,46,67.0710949955503,66.9680807910074,0.10301420454289392
ORIGA,SEALED_REVIEW,20260907,0,FIRST64,OD,SC,20,81.08643245505213,80.96903769543108,0.11739475962106061
ORIGA,SEALED_REVIEW,20260907,0,FIRST64,OC,SC,20,64.07205511377565,63.93086945110468,0.14118566267096996
ORIGA,SEALED_REVIEW,20260907,0,ALL,OD,CS,210,84.83511296157474,84.79310219274247,0.04201076883226502
ORIGA,SEALED_REVIEW,20260907,0,ALL,OC,CS,210,69.69571110514043,69.64469018691425,0.05102091822618306
ORIGA,SEALED_REVIEW,20260907,0,Q1,OD,CS,46,78.4318440098086,78.30527762263421,0.1265663871743991
ORIGA,SEALED_REVIEW,20260907,0,Q1,OC,CS,46,61.89883688283512,61.73058156601721,0.1682553168179063
ORIGA,SEALED_REVIEW,20260907,0,FIRST64,OD,CS,20,76.6272499722275,76.46779420695806,0.15945576526944977
ORIGA,SEALED_REVIEW,20260907,0,FIRST64,OC,CS,20,59.04805407603474,58.88355003510597,0.1645040409287708
ORIGA,SEALED_REVIEW,20260907,0,ALL,OD,CC,210,85.76741157165806,85.72327996096735,0.04413161069071739
ORIGA,SEALED_REVIEW,20260907,0,ALL,OC,CC,210,70.78243217830452,70.73630851277308,0.04612366553145335
ORIGA,SEALED_REVIEW,20260907,0,Q1,OD,CC,46,79.6725734259707,79.53102722144385,0.14154620452684813
ORIGA,SEALED_REVIEW,20260907,0,Q1,OC,CC,46,63.50719428314101,63.351929211919135,0.15526507122187574
ORIGA,SEALED_REVIEW,20260907,0,FIRST64,OD,CC,20,77.29997490930083,77.10774282128408,0.1922320880167558
ORIGA,SEALED_REVIEW,20260907,0,FIRST64,OC,CC,20,59.78594176542007,59.585935301498026,0.20000646392203902
ORIGA,SEALED_REVIEW,20260907,0,ALL,OD,SAME64_HOLD,210,81.12225648209643,,
ORIGA,SEALED_REVIEW,20260907,0,ALL,OC,SAME64_HOLD,210,65.88960660847482,,
ORIGA,SEALED_REVIEW,20260907,0,Q1,OD,SAME64_HOLD,46,78.26085227493842,,
ORIGA,SEALED_REVIEW,20260907,0,Q1,OC,SAME64_HOLD,46,60.69168034416167,,
ORIGA,SEALED_REVIEW,20260907,0,FIRST64,OD,SAME64_HOLD,20,79.23683060312892,,
ORIGA,SEALED_REVIEW,20260907,0,FIRST64,OC,SAME64_HOLD,20,61.59073224985081,,
ORIGA,SEALED_REVIEW,20260907,0,ALL,OD,CROSS64_HOLD,210,77.02474943737602,,
ORIGA,SEALED_REVIEW,20260907,0,ALL,OC,CROSS64_HOLD,210,61.37230364760848,,
ORIGA,SEALED_REVIEW,20260907,0,Q1,OD,CROSS64_HOLD,46,72.89175230622232,,
ORIGA,SEALED_REVIEW,20260907,0,Q1,OC,CROSS64_HOLD,46,55.425526623020275,,
ORIGA,SEALED_REVIEW,20260907,0,FIRST64,OD,CROSS64_HOLD,20,73.92193083496772,,
ORIGA,SEALED_REVIEW,20260907,0,FIRST64,OC,CROSS64_HOLD,20,56.05131511834458,,
ORIGA,SEALED_REVIEW,20260907,0,ALL,OD,SOURCE_HOLD,210,76.05669554999056,,
ORIGA,SEALED_REVIEW,20260907,0,ALL,OC,SOURCE_HOLD,210,59.84718756382246,,
ORIGA,SEALED_REVIEW,20260907,0,Q1,OD,SOURCE_HOLD,46,71.56840782361881,,
ORIGA,SEALED_REVIEW,20260907,0,Q1,OC,SOURCE_HOLD,46,53.35239728786239,,
ORIGA,SEALED_REVIEW,20260907,0,FIRST64,OD,SOURCE_HOLD,20,72.66927535917436,,
ORIGA,SEALED_REVIEW,20260907,0,FIRST64,OC,SOURCE_HOLD,20,53.89018496055126,,
ORIGA,SEALED_REVIEW,20260907,0,ALL,OD,C_CONT,210,89.31404699362801,,
ORIGA,SEALED_REVIEW,20260907,0,ALL,OC,C_CONT,210,74.83277001220733,,
ORIGA,SEALED_REVIEW,20260907,0,Q1,OD,C_CONT,46,87.04771395842282,,
ORIGA,SEALED_REVIEW,20260907,0,Q1,OC,C_CONT,46,72.49214787733011,,
ORIGA,SEALED_REVIEW,20260907,0,FIRST64,OD,C_CONT,20,85.75931592835975,,
ORIGA,SEALED_REVIEW,20260907,0,FIRST64,OC,C_CONT,20,70.43635213872689,,
ORIGA,SEALED_REVIEW,20260907,0,ALL,OD,ANCHOR,210,89.83777899160886,,
ORIGA,SEALED_REVIEW,20260907,0,ALL,OC,ANCHOR,210,74.60606748478187,,
ORIGA,SEALED_REVIEW,20260907,0,Q1,OD,ANCHOR,46,87.84209657208267,,
ORIGA,SEALED_REVIEW,20260907,0,Q1,OC,ANCHOR,46,72.18439433721889,,
ORIGA,SEALED_REVIEW,20260907,0,FIRST64,OD,ANCHOR,20,86.57835540103775,,
ORIGA,SEALED_REVIEW,20260907,0,FIRST64,OC,ANCHOR,20,70.13633139637902,,
ORIGA,SEARCH,20260907,0,Q2,OD,SS,70,84.13270407301987,84.09505462936178,0.03764944365807702
ORIGA,SEARCH,20260907,0,Q2,OC,SS,70,66.89425260129285,66.8447182745032,0.04953432678964833
ORIGA,SEARCH,20260907,0,Q2,OD,SC,70,85.01190985934129,84.98153765356348,0.0303722057778041
ORIGA,SEARCH,20260907,0,Q2,OC,SC,70,67.92258286727002,67.87737974293799,0.04520312433202738
ORIGA,SEARCH,20260907,0,Q2,OD,CS,70,82.31716289670152,82.26325782265086,0.053905074050649704
ORIGA,SEARCH,20260907,0,Q2,OC,CS,70,64.9543810300635,64.90991661233998,0.044464417723526814
ORIGA,SEARCH,20260907,0,Q2,OD,CC,70,83.54688943527444,83.50165456719185,0.0452348680825925
ORIGA,SEARCH,20260907,0,Q2,OC,CC,70,66.22846758883084,66.17636584751436,0.05210174131647998
ORIGA,SEARCH,20260907,0,Q2,OD,SAME64_HOLD,70,77.92990674736517,,
ORIGA,SEARCH,20260907,0,Q2,OC,SAME64_HOLD,70,59.7436469949054,,
ORIGA,SEARCH,20260907,0,Q2,OD,CROSS64_HOLD,70,73.06977111122421,,
ORIGA,SEARCH,20260907,0,Q2,OC,CROSS64_HOLD,70,54.361348678193735,,
ORIGA,SEARCH,20260907,0,Q2,OD,SOURCE_HOLD,70,71.55913998567341,,
ORIGA,SEARCH,20260907,0,Q2,OC,SOURCE_HOLD,70,52.667386781161326,,
ORIGA,SEARCH,20260907,0,Q2,OD,C_CONT,70,87.40248689961228,,
ORIGA,SEARCH,20260907,0,Q2,OC,C_CONT,70,71.82480669388795,,
ORIGA,SEARCH,20260907,0,Q2,OD,ANCHOR,70,88.07023794996289,,
ORIGA,SEARCH,20260907,0,Q2,OC,ANCHOR,70,71.56980691646008,,
ORIGA,SEALED_REVIEW,20260907,0,Q2,OD,SS,62,84.85121792380468,84.82606118496227,0.025156738842413786
ORIGA,SEALED_REVIEW,20260907,0,Q2,OC,SS,62,70.96086161788786,70.93539695415733,0.025464663730527033
ORIGA,SEALED_REVIEW,20260907,0,Q2,OD,SC,62,85.733753626794,85.70480772371761,0.028945903076382784
ORIGA,SEALED_REVIEW,20260907,0,Q2,OC,SC,62,72.1366062439927,72.11729894501666,0.01930729897605936
ORIGA,SEALED_REVIEW,20260907,0,Q2,OD,CS,62,83.05029101972869,83.01582796049122,0.0344630592374651
ORIGA,SEALED_REVIEW,20260907,0,Q2,OC,CS,62,68.39949274556223,68.3678874307784,0.03160531478383665
ORIGA,SEALED_REVIEW,20260907,0,Q2,OD,CC,62,84.27210122439925,84.24222417118563,0.02987705321363459
ORIGA,SEALED_REVIEW,20260907,0,Q2,OC,CC,62,70.20923265028082,70.18290520082243,0.026327449458402756
ORIGA,SEALED_REVIEW,20260907,0,Q2,OD,SAME64_HOLD,62,77.72680636695245,,
ORIGA,SEALED_REVIEW,20260907,0,Q2,OC,SAME64_HOLD,62,63.34737324522346,,
ORIGA,SEALED_REVIEW,20260907,0,Q2,OD,CROSS64_HOLD,62,72.77367761040571,,
ORIGA,SEALED_REVIEW,20260907,0,Q2,OC,CROSS64_HOLD,62,57.367884755083786,,
ORIGA,SEALED_REVIEW,20260907,0,Q2,OD,SOURCE_HOLD,62,71.38839435425128,,
ORIGA,SEALED_REVIEW,20260907,0,Q2,OC,SOURCE_HOLD,62,55.10002715955557,,
ORIGA,SEALED_REVIEW,20260907,0,Q2,OD,C_CONT,62,87.67452058714777,,
ORIGA,SEALED_REVIEW,20260907,0,Q2,OC,C_CONT,62,74.57249323234038,,
ORIGA,SEALED_REVIEW,20260907,0,Q2,OD,ANCHOR,62,88.19489440026037,,
ORIGA,SEALED_REVIEW,20260907,0,Q2,OC,ANCHOR,62,74.29155371062079,,
ORIGA,SEALED_REVIEW,20260907,0,Q3,OD,SS,45,86.36182721578838,86.3494114506564,0.01241576513197895
ORIGA,SEALED_REVIEW,20260907,0,Q3,OC,SS,45,71.25143768203426,71.23512598342336,0.016311698610896257
ORIGA,SEALED_REVIEW,20260907,0,Q3,OD,SC,45,87.09829363451311,87.08609809573792,0.012195538775179562
ORIGA,SEALED_REVIEW,20260907,0,Q3,OC,SC,45,71.8174772082575,71.8011598982951,0.016317309962408717
ORIGA,SEALED_REVIEW,20260907,0,Q3,OD,CS,45,85.27760236145654,85.26331671312545,0.014285648331085168
ORIGA,SEALED_REVIEW,20260907,0,Q3,OC,CS,45,70.06932897439785,70.0544630519651,0.01486592243275199
ORIGA,SEALED_REVIEW,20260907,0,Q3,OD,CC,45,86.11777887466725,86.10547336818286,0.012305506484392806
ORIGA,SEALED_REVIEW,20260907,0,Q3,OC,CC,45,70.79392956637926,70.78273090849729,0.011198657881984117
ORIGA,SEALED_REVIEW,20260907,0,Q3,OD,SAME64_HOLD,45,79.06690423815694,,
ORIGA,SEALED_REVIEW,20260907,0,Q3,OC,SAME64_HOLD,45,62.206164223207864,,
ORIGA,SEALED_REVIEW,20260907,0,Q3,OD,CROSS64_HOLD,45,74.2272702630792,,
ORIGA,SEALED_REVIEW,20260907,0,Q3,OC,CROSS64_HOLD,45,56.80267390902271,,
ORIGA,SEALED_REVIEW,20260907,0,Q3,OD,SOURCE_HOLD,45,73.13453177530263,,
ORIGA,SEALED_REVIEW,20260907,0,Q3,OC,SOURCE_HOLD,45,55.25252493968499,,
ORIGA,SEALED_REVIEW,20260907,0,Q3,OD,C_CONT,45,88.93926732365284,,
ORIGA,SEALED_REVIEW,20260907,0,Q3,OC,C_CONT,45,74.0493638170054,,
ORIGA,SEALED_REVIEW,20260907,0,Q3,OD,ANCHOR,45,89.57507104174411,,
ORIGA,SEALED_REVIEW,20260907,0,Q3,OC,ANCHOR,45,73.93766460619969,,
ORIGA,SEARCH,20260907,0,Q3,OD,SS,88,86.83132035810215,86.8071385299072,0.02418182819494698
ORIGA,SEARCH,20260907,0,Q3,OC,SS,88,69.11416974369335,69.0704142127132,0.043755530980144446
ORIGA,SEARCH,20260907,0,Q3,OD,SC,88,87.57035620996528,87.54802152309497,0.02233468687030923
ORIGA,SEARCH,20260907,0,Q3,OC,SC,88,70.09445209763467,70.05199158119012,0.042460516444554584
ORIGA,SEARCH,20260907,0,Q3,OD,CS,88,85.6474748834506,85.61884949858134,0.028625384869264414
ORIGA,SEARCH,20260907,0,Q3,OC,CS,88,67.38072293912572,67.32748877034518,0.05323416878053656
ORIGA,SEARCH,20260907,0,Q3,OD,CC,88,86.57178485450147,86.54860778815882,0.02317706634266291
ORIGA,SEARCH,20260907,0,Q3,OC,CC,88,68.66046928640368,68.61259130427527,0.0478779821284117
ORIGA,SEARCH,20260907,0,Q3,OD,SAME64_HOLD,88,78.04679939347724,,
ORIGA,SEARCH,20260907,0,Q3,OC,SAME64_HOLD,88,57.349905127365716,,
ORIGA,SEARCH,20260907,0,Q3,OD,CROSS64_HOLD,88,73.22026536413176,,
ORIGA,SEARCH,20260907,0,Q3,OC,CROSS64_HOLD,88,51.77317146032855,,
ORIGA,SEARCH,20260907,0,Q3,OD,SOURCE_HOLD,88,72.09234715950387,,
ORIGA,SEARCH,20260907,0,Q3,OC,SOURCE_HOLD,88,50.082464909498334,,
ORIGA,SEARCH,20260907,0,Q3,OD,C_CONT,88,89.55283556215879,,
ORIGA,SEARCH,20260907,0,Q3,OC,C_CONT,88,72.94293623461373,,
ORIGA,SEARCH,20260907,0,Q3,OD,ANCHOR,88,90.12289670078364,,
ORIGA,SEARCH,20260907,0,Q3,OC,ANCHOR,88,72.79539515049669,,
ORIGA,SEARCH,20260907,0,Q4,OD,SS,77,91.11745044211688,91.11041499165754,0.007035450459350597
ORIGA,SEARCH,20260907,0,Q4,OC,SS,77,75.4427735638614,75.4386586806473,0.00411488321409271
ORIGA,SEARCH,20260907,0,Q4,OD,SC,77,91.61832593196647,91.61086400112346,0.0074619308429991656
ORIGA,SEARCH,20260907,0,Q4,OC,SC,77,75.6717376362307,75.66696624281721,0.004771393413484713
ORIGA,SEARCH,20260907,0,Q4,OD,CS,77,90.65934187526867,90.6527206233494,0.00662125191927305
ORIGA,SEARCH,20260907,0,Q4,OC,CS,77,75.17519362277282,75.1695233967784,0.005670225994423796
ORIGA,SEARCH,20260907,0,Q4,OD,CC,77,91.1723595915386,91.16536782745305,0.0069917640855380455
ORIGA,SEARCH,20260907,0,Q4,OC,CC,77,75.46433053785341,75.46077069928432,0.0035598385690913874
ORIGA,SEARCH,20260907,0,Q4,OD,SAME64_HOLD,77,87.34105786326391,,
ORIGA,SEARCH,20260907,0,Q4,OC,SAME64_HOLD,77,72.90036397469693,,
ORIGA,SEARCH,20260907,0,Q4,OD,CROSS64_HOLD,77,85.73198062557414,,
ORIGA,SEARCH,20260907,0,Q4,OC,CROSS64_HOLD,77,71.38828066914246,,
ORIGA,SEARCH,20260907,0,Q4,OD,SOURCE_HOLD,77,85.66665926432658,,
ORIGA,SEARCH,20260907,0,Q4,OC,SOURCE_HOLD,77,71.12028015225066,,
ORIGA,SEARCH,20260907,0,Q4,OD,C_CONT,77,92.52131386564449,,
ORIGA,SEARCH,20260907,0,Q4,OC,C_CONT,77,76.0694511800115,,
ORIGA,SEARCH,20260907,0,Q4,OD,ANCHOR,77,92.74200102801657,,
ORIGA,SEARCH,20260907,0,Q4,OC,ANCHOR,77,75.68996825324254,,
ORIGA,SEALED_REVIEW,20260907,0,Q4,OD,SS,57,92.01494396120961,92.01022492042922,0.004719040780386288
ORIGA,SEALED_REVIEW,20260907,0,Q4,OC,SS,57,77.29094918415058,77.28462829963293,0.006320884517637895
ORIGA,SEALED_REVIEW,20260907,0,Q4,OD,SC,57,92.44986056394775,92.44553107691542,0.0043294870323244035
ORIGA,SEALED_REVIEW,20260907,0,Q4,OC,SC,57,77.41327283252082,77.40340912014318,0.009863712377627856
ORIGA,SEALED_REVIEW,20260907,0,Q4,OD,CS,57,91.59471487703115,91.59084393322182,0.0038709438093267635
ORIGA,SEALED_REVIEW,20260907,0,Q4,OC,CS,57,77.10288563853183,77.09681279243003,0.006072846101807766
ORIGA,SEALED_REVIEW,20260907,0,Q4,OD,CC,57,92.03592503825895,92.02977788482436,0.006147153434607331
ORIGA,SEALED_REVIEW,20260907,0,Q4,OC,CC,57,77.26808009850849,77.26093036141572,0.007149737092783552
ORIGA,SEALED_REVIEW,20260907,0,Q4,OD,SAME64_HOLD,57,88.74740300219247,,
ORIGA,SEALED_REVIEW,20260907,0,Q4,OC,SAME64_HOLD,57,75.75764141579067,,
ORIGA,SEALED_REVIEW,20260907,0,Q4,OD,CROSS64_HOLD,57,87.19265968559682,,
ORIGA,SEALED_REVIEW,20260907,0,Q4,OC,CROSS64_HOLD,57,74.13474316873038,,
ORIGA,SEALED_REVIEW,20260907,0,Q4,OD,SOURCE_HOLD,57,87.06359518876067,,
ORIGA,SEALED_REVIEW,20260907,0,Q4,OC,SOURCE_HOLD,57,73.87954047338205,,
ORIGA,SEALED_REVIEW,20260907,0,Q4,OD,C_CONT,57,93.22224071240164,,
ORIGA,SEALED_REVIEW,20260907,0,Q4,OC,C_CONT,57,77.62327979010541,,
ORIGA,SEALED_REVIEW,20260907,0,Q4,OD,ANCHOR,57,93.44272800399003,,
ORIGA,SEALED_REVIEW,20260907,0,Q4,OC,ANCHOR,57,77.43018938516933,,
REFUGE_Valid,SEARCH,20260907,0,ALL,OD,SS,406,82.64322782616658,82.6446900455876,-0.0014622194210123201
REFUGE_Valid,SEARCH,20260907,0,ALL,OC,SS,406,64.87943257931313,64.88019989018126,-0.0007673108681224442
REFUGE_Valid,SEARCH,20260907,0,Q1,OD,SS,97,83.76156111598331,83.7448837975744,0.01667731840890914
REFUGE_Valid,SEARCH,20260907,0,Q1,OC,SS,97,63.34539189458733,63.36472917642387,-0.01933728183653701
REFUGE_Valid,SEARCH,20260907,0,FIRST64,OD,SS,39,83.23224878365431,83.20743385025226,0.02481493340206155
REFUGE_Valid,SEARCH,20260907,0,FIRST64,OC,SS,39,64.55370676862192,64.56901236980629,-0.01530560118436789
REFUGE_Valid,SEARCH,20260907,0,ALL,OD,SC,406,82.7644110274925,82.76586023756022,-0.0014492100677203077
REFUGE_Valid,SEARCH,20260907,0,ALL,OC,SC,406,64.90309396057063,64.90414746486249,-0.001053504291853286
REFUGE_Valid,SEARCH,20260907,0,Q1,OD,SC,97,83.91634828975864,83.89550314688333,0.020845142875328383
REFUGE_Valid,SEARCH,20260907,0,Q1,OC,SC,97,63.35882227633704,63.377644303962754,-0.018822027625721882
REFUGE_Valid,SEARCH,20260907,0,FIRST64,OD,SC,39,83.39920245012632,83.36787443734202,0.03132801278429653
REFUGE_Valid,SEARCH,20260907,0,FIRST64,OC,SC,39,64.54850141539143,64.57250545627453,-0.024004040883113253
REFUGE_Valid,SEARCH,20260907,0,ALL,OD,CS,406,82.31926900431507,82.31703044441892,0.0022385598961678394
REFUGE_Valid,SEARCH,20260907,0,ALL,OC,CS,406,64.7381575198101,64.73771329840523,0.00044422140488489375
REFUGE_Valid,SEARCH,20260907,0,Q1,OD,CS,97,83.52105489659004,83.47684570814779,0.044209188442241344
REFUGE_Valid,SEARCH,20260907,0,Q1,OC,CS,97,63.29914927041974,63.301267708284016,-0.002118437864269507
REFUGE_Valid,SEARCH,20260907,0,FIRST64,OD,CS,39,82.10475242843431,82.01345848116269,0.0912939472716171
REFUGE_Valid,SEARCH,20260907,0,FIRST64,OC,CS,39,64.39801178810441,64.38809646694402,0.009915321160396937
REFUGE_Valid,SEARCH,20260907,0,ALL,OD,CC,406,82.39941920934145,82.39672836333355,0.0026908460078940554
REFUGE_Valid,SEARCH,20260907,0,ALL,OC,CC,406,64.72656541333029,64.72610890612503,0.00045650720526223097
REFUGE_Valid,SEARCH,20260907,0,Q1,OD,CC,97,83.56646347737168,83.52145557996847,0.045007897403218866
REFUGE_Valid,SEARCH,20260907,0,Q1,OC,CC,97,63.23585132638129,63.240930905966074,-0.005079579584795036
REFUGE_Valid,SEARCH,20260907,0,FIRST64,OD,CC,39,82.12761619550014,82.0379934805356,0.08962271496452551
REFUGE_Valid,SEARCH,20260907,0,FIRST64,OC,CC,39,64.33696812124195,64.329685937627,0.007282183614951071
REFUGE_Valid,SEARCH,20260907,0,ALL,OD,SAME64_HOLD,406,85.56149685554072,,
REFUGE_Valid,SEARCH,20260907,0,ALL,OC,SAME64_HOLD,406,66.31529503143203,,
REFUGE_Valid,SEARCH,20260907,0,Q1,OD,SAME64_HOLD,97,84.16857857538112,,
REFUGE_Valid,SEARCH,20260907,0,Q1,OC,SAME64_HOLD,97,63.760037470071296,,
REFUGE_Valid,SEARCH,20260907,0,FIRST64,OD,SAME64_HOLD,39,83.4990504281786,,
REFUGE_Valid,SEARCH,20260907,0,FIRST64,OC,SAME64_HOLD,39,64.65601173110977,,
REFUGE_Valid,SEARCH,20260907,0,ALL,OD,CROSS64_HOLD,406,83.34003472271483,,
REFUGE_Valid,SEARCH,20260907,0,ALL,OC,CROSS64_HOLD,406,65.92551032779258,,
REFUGE_Valid,SEARCH,20260907,0,Q1,OD,CROSS64_HOLD,97,81.75163571691643,,
REFUGE_Valid,SEARCH,20260907,0,Q1,OC,CROSS64_HOLD,97,63.08579614343679,,
REFUGE_Valid,SEARCH,20260907,0,FIRST64,OD,CROSS64_HOLD,39,80.8425219181868,,
REFUGE_Valid,SEARCH,20260907,0,FIRST64,OC,CROSS64_HOLD,39,63.95574342111412,,
REFUGE_Valid,SEARCH,20260907,0,ALL,OD,SOURCE_HOLD,406,84.08452106164629,,
REFUGE_Valid,SEARCH,20260907,0,ALL,OC,SOURCE_HOLD,406,66.39393397143391,,
REFUGE_Valid,SEARCH,20260907,0,Q1,OD,SOURCE_HOLD,97,82.65345888508554,,
REFUGE_Valid,SEARCH,20260907,0,Q1,OC,SOURCE_HOLD,97,63.65922344112908,,
REFUGE_Valid,SEARCH,20260907,0,FIRST64,OD,SOURCE_HOLD,39,81.90239752216513,,
REFUGE_Valid,SEARCH,20260907,0,FIRST64,OC,SOURCE_HOLD,39,64.53460729301077,,
REFUGE_Valid,SEARCH,20260907,0,ALL,OD,C_CONT,406,78.24992502076024,,
REFUGE_Valid,SEARCH,20260907,0,ALL,OC,C_CONT,406,59.67957725288533,,
REFUGE_Valid,SEARCH,20260907,0,Q1,OD,C_CONT,97,78.51474547393568,,
REFUGE_Valid,SEARCH,20260907,0,Q1,OC,C_CONT,97,57.80020243883905,,
REFUGE_Valid,SEARCH,20260907,0,FIRST64,OD,C_CONT,39,77.72347307988571,,
REFUGE_Valid,SEARCH,20260907,0,FIRST64,OC,C_CONT,39,59.159611472682116,,
REFUGE_Valid,SEARCH,20260907,0,ALL,OD,ANCHOR,406,79.35631999212197,,
REFUGE_Valid,SEARCH,20260907,0,ALL,OC,ANCHOR,406,60.0335516368081,,
REFUGE_Valid,SEARCH,20260907,0,Q1,OD,ANCHOR,97,79.24310751075923,,
REFUGE_Valid,SEARCH,20260907,0,Q1,OC,ANCHOR,97,58.36800092419936,,
REFUGE_Valid,SEARCH,20260907,0,FIRST64,OD,ANCHOR,39,78.37210766708456,,
REFUGE_Valid,SEARCH,20260907,0,FIRST64,OC,ANCHOR,39,59.72425355938079,,
REFUGE_Valid,SEALED_REVIEW,20260907,0,ALL,OD,SS,269,84.59280308659946,84.60202639739836,-0.00922331079889534
REFUGE_Valid,SEALED_REVIEW,20260907,0,ALL,OC,SS,269,65.5597693915227,65.56218593676779,-0.0024165452450842584
REFUGE_Valid,SEALED_REVIEW,20260907,0,Q1,OD,SS,69,85.7754153898247,85.78197272833641,-0.0065573385116996195
REFUGE_Valid,SEALED_REVIEW,20260907,0,Q1,OC,SS,69,64.84518164279521,64.84879121155168,-0.00360956875647894
REFUGE_Valid,SEALED_REVIEW,20260907,0,FIRST64,OD,SS,20,88.20606795044347,88.21889296852277,-0.01282501807929659
REFUGE_Valid,SEALED_REVIEW,20260907,0,FIRST64,OC,SS,20,67.473174678917,67.49018302640398,-0.01700834748698421
REFUGE_Valid,SEALED_REVIEW,20260907,0,ALL,OD,SC,269,84.70398485317496,84.7134054551893,-0.00942060201435168
REFUGE_Valid,SEALED_REVIEW,20260907,0,ALL,OC,SC,269,65.5718931632281,65.57379066315985,-0.0018974999317471586
REFUGE_Valid,SEALED_REVIEW,20260907,0,Q1,OD,SC,69,85.87516260999759,85.88182183683031,-0.0066592268327263565
REFUGE_Valid,SEALED_REVIEW,20260907,0,Q1,OC,SC,69,64.8794132729044,64.8779619154798,0.001451357424603178
REFUGE_Valid,SEALED_REVIEW,20260907,0,FIRST64,OD,SC,20,88.23415626401743,88.24419182718998,-0.010035563172547945
REFUGE_Valid,SEALED_REVIEW,20260907,0,FIRST64,OC,SC,20,67.60713492829834,67.60981443156682,-0.002679503268485095
REFUGE_Valid,SEALED_REVIEW,20260907,0,ALL,OD,CS,269,84.45944991719236,84.46948735019123,-0.010037432998859194
REFUGE_Valid,SEALED_REVIEW,20260907,0,ALL,OC,CS,269,65.42323542347226,65.42297838269832,0.0002570407739532105
REFUGE_Valid,SEALED_REVIEW,20260907,0,Q1,OD,CS,69,85.95853066302521,85.96052030672142,-0.0019896436962092037
REFUGE_Valid,SEALED_REVIEW,20260907,0,Q1,OC,CS,69,65.03839159473857,65.03036151002384,0.008030084714733873
REFUGE_Valid,SEALED_REVIEW,20260907,0,FIRST64,OD,CS,20,87.84800236987438,87.81962617793981,0.02837619193456264
REFUGE_Valid,SEALED_REVIEW,20260907,0,FIRST64,OC,CS,20,68.22119264938415,68.20887875894981,0.01231389043433867
REFUGE_Valid,SEALED_REVIEW,20260907,0,ALL,OD,CC,269,84.52217399344019,84.53125607593753,-0.009082082497350825
REFUGE_Valid,SEALED_REVIEW,20260907,0,ALL,OC,CC,269,65.3848550429517,65.3849439300001,-8.888704841686419e-05
REFUGE_Valid,SEALED_REVIEW,20260907,0,Q1,OD,CC,69,85.94901382713735,85.95035747737313,-0.0013436502357734642
REFUGE_Valid,SEALED_REVIEW,20260907,0,Q1,OC,CC,69,64.98345892216462,64.97979953347962,0.003659388685000348
REFUGE_Valid,SEALED_REVIEW,20260907,0,FIRST64,OD,CC,20,87.71875914601236,87.69287146831304,0.025887677699312772
REFUGE_Valid,SEALED_REVIEW,20260907,0,FIRST64,OC,CC,20,68.15878411893443,68.15064762598256,0.008136492951870411
REFUGE_Valid,SEALED_REVIEW,20260907,0,ALL,OD,SAME64_HOLD,269,87.42371046264292,,
REFUGE_Valid,SEALED_REVIEW,20260907,0,ALL,OC,SAME64_HOLD,269,66.84987013580619,,
REFUGE_Valid,SEALED_REVIEW,20260907,0,Q1,OD,SAME64_HOLD,69,86.47151437988627,,
REFUGE_Valid,SEALED_REVIEW,20260907,0,Q1,OC,SAME64_HOLD,69,65.31797350563536,,
REFUGE_Valid,SEALED_REVIEW,20260907,0,FIRST64,OD,SAME64_HOLD,20,88.56410684010064,,
REFUGE_Valid,SEALED_REVIEW,20260907,0,FIRST64,OC,SAME64_HOLD,20,67.93056931814469,,
REFUGE_Valid,SEALED_REVIEW,20260907,0,ALL,OD,CROSS64_HOLD,269,85.25884945874908,,
REFUGE_Valid,SEALED_REVIEW,20260907,0,ALL,OC,CROSS64_HOLD,269,66.41670051423235,,
REFUGE_Valid,SEALED_REVIEW,20260907,0,Q1,OD,CROSS64_HOLD,69,84.68242627333984,,
REFUGE_Valid,SEALED_REVIEW,20260907,0,Q1,OC,CROSS64_HOLD,69,64.6553541145743,,
REFUGE_Valid,SEALED_REVIEW,20260907,0,FIRST64,OD,CROSS64_HOLD,20,86.6401624164772,,
REFUGE_Valid,SEALED_REVIEW,20260907,0,FIRST64,OC,CROSS64_HOLD,20,68.13467684582525,,
REFUGE_Valid,SEALED_REVIEW,20260907,0,ALL,OD,SOURCE_HOLD,269,86.1588258244221,,
REFUGE_Valid,SEALED_REVIEW,20260907,0,ALL,OC,SOURCE_HOLD,269,67.06294196122838,,
REFUGE_Valid,SEALED_REVIEW,20260907,0,Q1,OD,SOURCE_HOLD,69,85.57440745098312,,
REFUGE_Valid,SEALED_REVIEW,20260907,0,Q1,OC,SOURCE_HOLD,69,65.387031694222,,
REFUGE_Valid,SEALED_REVIEW,20260907,0,FIRST64,OD,SOURCE_HOLD,20,87.71734701521636,,
REFUGE_Valid,SEALED_REVIEW,20260907,0,FIRST64,OC,SOURCE_HOLD,20,68.6694185577723,,
REFUGE_Valid,SEALED_REVIEW,20260907,0,ALL,OD,C_CONT,269,79.31117164377291,,
REFUGE_Valid,SEALED_REVIEW,20260907,0,ALL,OC,C_CONT,269,59.864621563351484,,
REFUGE_Valid,SEALED_REVIEW,20260907,0,Q1,OD,C_CONT,69,79.52232721660863,,
REFUGE_Valid,SEALED_REVIEW,20260907,0,Q1,OC,C_CONT,69,59.300194194694036,,
REFUGE_Valid,SEALED_REVIEW,20260907,0,FIRST64,OD,C_CONT,20,80.69606857978849,,
REFUGE_Valid,SEALED_REVIEW,20260907,0,FIRST64,OC,C_CONT,20,62.298229219249116,,
REFUGE_Valid,SEALED_REVIEW,20260907,0,ALL,OD,ANCHOR,269,80.32441403047531,,
REFUGE_Valid,SEALED_REVIEW,20260907,0,ALL,OC,ANCHOR,269,60.259947746493715,,
REFUGE_Valid,SEALED_REVIEW,20260907,0,Q1,OD,ANCHOR,69,80.24968662630357,,
REFUGE_Valid,SEALED_REVIEW,20260907,0,Q1,OC,ANCHOR,69,59.89670034737321,,
REFUGE_Valid,SEALED_REVIEW,20260907,0,FIRST64,OD,ANCHOR,20,81.15796141824848,,
REFUGE_Valid,SEALED_REVIEW,20260907,0,FIRST64,OC,ANCHOR,20,62.95279866220513,,
REFUGE_Valid,SEALED_REVIEW,20260907,0,Q2,OD,SS,80,85.68073702912001,85.68773488674498,-0.006997857624971849
REFUGE_Valid,SEALED_REVIEW,20260907,0,Q2,OC,SS,80,67.83770073122929,67.83342811497648,0.004272616252810682
REFUGE_Valid,SEALED_REVIEW,20260907,0,Q2,OD,SC,80,85.83200141738001,85.84071268011164,-0.008711262731624786
REFUGE_Valid,SEALED_REVIEW,20260907,0,Q2,OC,SC,80,67.87008437031663,67.8701640483687,-7.967805206697542e-05
REFUGE_Valid,SEALED_REVIEW,20260907,0,Q2,OD,CS,80,85.68711699874937,85.69995567311443,-0.012838674365068387
REFUGE_Valid,SEALED_REVIEW,20260907,0,Q2,OC,CS,80,67.71726338573968,67.71637941388285,0.000883971856828203
REFUGE_Valid,SEALED_REVIEW,20260907,0,Q2,OD,CC,80,85.76148289264188,85.77431326209815,-0.01283036945625801
REFUGE_Valid,SEALED_REVIEW,20260907,0,Q2,OC,CC,80,67.67751009826426,67.67481713023156,0.002692968032705703
REFUGE_Valid,SEALED_REVIEW,20260907,0,Q2,OD,SAME64_HOLD,80,87.70296059170572,,
REFUGE_Valid,SEALED_REVIEW,20260907,0,Q2,OC,SAME64_HOLD,80,68.74186497363796,,
REFUGE_Valid,SEALED_REVIEW,20260907,0,Q2,OD,CROSS64_HOLD,80,85.88432253735338,,
REFUGE_Valid,SEALED_REVIEW,20260907,0,Q2,OC,CROSS64_HOLD,80,68.28828803349319,,
REFUGE_Valid,SEALED_REVIEW,20260907,0,Q2,OD,SOURCE_HOLD,80,86.77564121992681,,
REFUGE_Valid,SEALED_REVIEW,20260907,0,Q2,OC,SOURCE_HOLD,80,69.00905416238659,,
REFUGE_Valid,SEALED_REVIEW,20260907,0,Q2,OD,C_CONT,80,80.71806313850693,,
REFUGE_Valid,SEALED_REVIEW,20260907,0,Q2,OC,C_CONT,80,62.36630918367353,,
REFUGE_Valid,SEALED_REVIEW,20260907,0,Q2,OD,ANCHOR,80,81.58323271524226,,
REFUGE_Valid,SEALED_REVIEW,20260907,0,Q2,OC,ANCHOR,80,62.81504952228762,,
REFUGE_Valid,SEARCH,20260907,0,Q2,OD,SS,89,84.62264276821692,84.640021424834,-0.01737865661707779
REFUGE_Valid,SEARCH,20260907,0,Q2,OC,SS,89,66.39067044742688,66.38819196823893,0.0024784791879584917
REFUGE_Valid,SEARCH,20260907,0,Q2,OD,SC,89,84.76456212919278,84.77964788286194,-0.015085753669144395
REFUGE_Valid,SEARCH,20260907,0,Q2,OC,SC,89,66.45937221691668,66.45901544135161,0.0003567755650742554
REFUGE_Valid,SEARCH,20260907,0,Q2,OD,CS,89,84.4643705852138,84.4859875475779,-0.02161696236411657
REFUGE_Valid,SEARCH,20260907,0,Q2,OC,CS,89,66.44524887182722,66.44431322626096,0.0009356455662741311
REFUGE_Valid,SEARCH,20260907,0,Q2,OD,CC,89,84.52892408477688,84.551028165677,-0.02210408090012936
REFUGE_Valid,SEARCH,20260907,0,Q2,OC,CC,89,66.45817769334911,66.45786991453743,0.0003077788116894985
REFUGE_Valid,SEARCH,20260907,0,Q2,OD,SAME64_HOLD,89,86.50989553864096,,
REFUGE_Valid,SEARCH,20260907,0,Q2,OC,SAME64_HOLD,89,67.46021166741365,,
REFUGE_Valid,SEARCH,20260907,0,Q2,OD,CROSS64_HOLD,89,84.66925880281364,,
REFUGE_Valid,SEARCH,20260907,0,Q2,OC,CROSS64_HOLD,89,67.63264963565344,,
REFUGE_Valid,SEARCH,20260907,0,Q2,OD,SOURCE_HOLD,89,85.26211478789409,,
REFUGE_Valid,SEARCH,20260907,0,Q2,OC,SOURCE_HOLD,89,67.99456581880115,,
REFUGE_Valid,SEARCH,20260907,0,Q2,OD,C_CONT,89,79.72946958526089,,
REFUGE_Valid,SEARCH,20260907,0,Q2,OC,C_CONT,89,62.01771056442035,,
REFUGE_Valid,SEARCH,20260907,0,Q2,OD,ANCHOR,89,80.72754437514716,,
REFUGE_Valid,SEARCH,20260907,0,Q2,OC,ANCHOR,89,62.44502336211618,,
REFUGE_Valid,SEARCH,20260907,0,Q3,OD,SS,100,82.93401935910273,82.9304341644758,0.003585194626932631
REFUGE_Valid,SEARCH,20260907,0,Q3,OC,SS,100,66.72795983442187,66.716179660842,0.011780173579869158
REFUGE_Valid,SEARCH,20260907,0,Q3,OD,SC,100,82.99795465935085,82.99839479461414,-0.0004401352632942279
REFUGE_Valid,SEARCH,20260907,0,Q3,OC,SC,100,66.73527246269654,66.72196431724683,0.013308145449701742
REFUGE_Valid,SEARCH,20260907,0,Q3,OD,CS,100,82.63876570841315,82.63881925499066,-5.354657751072133e-05
REFUGE_Valid,SEARCH,20260907,0,Q3,OC,CS,100,66.48691743939149,66.47772020349386,0.009197235897623224
REFUGE_Valid,SEARCH,20260907,0,Q3,OD,CC,100,82.66974693140955,82.6693935171275,0.00035341428204366254
REFUGE_Valid,SEARCH,20260907,0,Q3,OC,CC,100,66.46856382727938,66.45759070069926,0.01097312658012875
REFUGE_Valid,SEARCH,20260907,0,Q3,OD,SAME64_HOLD,100,86.01448685397541,,
REFUGE_Valid,SEARCH,20260907,0,Q3,OC,SAME64_HOLD,100,68.03890846882635,,
REFUGE_Valid,SEARCH,20260907,0,Q3,OD,CROSS64_HOLD,100,83.65547270801373,,
REFUGE_Valid,SEARCH,20260907,0,Q3,OC,CROSS64_HOLD,100,67.43193543425188,,
REFUGE_Valid,SEARCH,20260907,0,Q3,OD,SOURCE_HOLD,100,84.35205902500844,,
REFUGE_Valid,SEARCH,20260907,0,Q3,OC,SOURCE_HOLD,100,67.88126808183193,,
REFUGE_Valid,SEARCH,20260907,0,Q3,OD,C_CONT,100,78.28049503826149,,
REFUGE_Valid,SEARCH,20260907,0,Q3,OC,C_CONT,100,61.394416390428,,
REFUGE_Valid,SEARCH,20260907,0,Q3,OD,ANCHOR,100,79.42512865918441,,
REFUGE_Valid,SEARCH,20260907,0,Q3,OC,ANCHOR,100,61.68973481018567,,
REFUGE_Valid,SEALED_REVIEW,20260907,0,Q3,OD,SS,68,83.41517394294837,83.44006145128293,-0.024887508334554262
REFUGE_Valid,SEALED_REVIEW,20260907,0,Q3,OC,SS,68,63.64862545197006,63.653063803086184,-0.004438351116121299
REFUGE_Valid,SEALED_REVIEW,20260907,0,Q3,OD,SC,68,83.47021859667089,83.49500347015278,-0.024784873481891144
REFUGE_Valid,SEALED_REVIEW,20260907,0,Q3,OC,SC,68,63.66153831210186,63.662656606450966,-0.0011182943490976626
REFUGE_Valid,SEALED_REVIEW,20260907,0,Q3,OD,CS,68,83.01299864471311,83.03775075164344,-0.024752106930342955
REFUGE_Valid,SEALED_REVIEW,20260907,0,Q3,OC,CS,68,63.46007001097973,63.46046360154269,-0.00039359056296536305
REFUGE_Valid,SEALED_REVIEW,20260907,0,Q3,OD,CC,68,83.06547813794842,83.08833243071344,-0.022854292765011674
REFUGE_Valid,SEALED_REVIEW,20260907,0,Q3,OC,CC,68,63.44209749440797,63.44286056742629,-0.0007630730183191988
REFUGE_Valid,SEALED_REVIEW,20260907,0,Q3,OD,SAME64_HOLD,68,87.39920219643696,,
REFUGE_Valid,SEALED_REVIEW,20260907,0,Q3,OC,SAME64_HOLD,68,65.25917052216437,,
REFUGE_Valid,SEALED_REVIEW,20260907,0,Q3,OD,CROSS64_HOLD,68,84.56748569475928,,
REFUGE_Valid,SEALED_REVIEW,20260907,0,Q3,OC,CROSS64_HOLD,68,65.36157693831876,,
REFUGE_Valid,SEALED_REVIEW,20260907,0,Q3,OD,SOURCE_HOLD,68,85.64679714140797,,
REFUGE_Valid,SEALED_REVIEW,20260907,0,Q3,OC,SOURCE_HOLD,68,65.81017819531509,,
REFUGE_Valid,SEALED_REVIEW,20260907,0,Q3,OD,C_CONT,68,77.60149724892429,,
REFUGE_Valid,SEALED_REVIEW,20260907,0,Q3,OC,C_CONT,68,58.0259260727095,,
REFUGE_Valid,SEALED_REVIEW,20260907,0,Q3,OD,ANCHOR,68,78.79204131747632,,
REFUGE_Valid,SEALED_REVIEW,20260907,0,Q3,OC,ANCHOR,68,58.32389556118761,,
REFUGE_Valid,SEARCH,20260907,0,Q4,OD,SS,120,80.0288493907639,80.03737589071697,-0.008526499953071068
REFUGE_Valid,SEARCH,20260907,0,Q4,OC,SS,120,63.458174668024846,63.45679478369176,0.0013798843330929678
REFUGE_Valid,SEARCH,20260907,0,Q4,OD,SC,120,80.15519664685102,80.16539425138035,-0.010197604529316867
REFUGE_Valid,SEARCH,20260907,0,Q4,OC,SC,120,63.47032511343124,63.47002972704006,0.00029538639117338006
REFUGE_Valid,SEARCH,20260907,0,Q4,OD,CS,120,79.4906278154779,79.502712579252,-0.01208476377413184
REFUGE_Valid,SEARCH,20260907,0,Q4,OC,CS,120,63.177963169003434,63.183106116352974,-0.005142947349527592
REFUGE_Valid,SEARCH,20260907,0,Q4,OD,CC,120,79.65140254167895,79.66258054832062,-0.011178006641667468
REFUGE_Valid,SEARCH,20260907,0,Q4,OC,CC,120,63.19561484764256,63.199336879535814,-0.0037220318932638017
REFUGE_Valid,SEARCH,20260907,0,Q4,OD,SAME64_HOLD,120,85.60655177667482,,
REFUGE_Valid,SEARCH,20260907,0,Q4,OC,SAME64_HOLD,120,66.09530385735032,,
REFUGE_Valid,SEARCH,20260907,0,Q4,OD,CROSS64_HOLD,120,83.37528440524616,,
REFUGE_Valid,SEARCH,20260907,0,Q4,OC,CROSS64_HOLD,120,65.69946338476727,,
REFUGE_Valid,SEARCH,20260907,0,Q4,OD,SOURCE_HOLD,120,84.14496600459728,,
REFUGE_Valid,SEARCH,20260907,0,Q4,OC,SOURCE_HOLD,120,66.1779112713013,,
REFUGE_Valid,SEARCH,20260907,0,Q4,OD,C_CONT,120,76.91305792118777,,
REFUGE_Valid,SEARCH,20260907,0,Q4,OC,C_CONT,120,58.03559040689872,,
REFUGE_Valid,SEARCH,20260907,0,Q4,OD,ANCHOR,120,78.37350144126111,,
REFUGE_Valid,SEARCH,20260907,0,Q4,OC,ANCHOR,120,58.21121095541538,,
REFUGE_Valid,SEALED_REVIEW,20260907,0,Q4,OD,SS,52,82.88979957590882,82.88550025034822,0.004299325560612787
REFUGE_Valid,SEALED_REVIEW,20260907,0,Q4,OC,SS,52,65.50265084104674,65.51113145356712,-0.008480612520369708
REFUGE_Valid,SEALED_REVIEW,20260907,0,Q4,OD,SC,52,83.02789860481168,83.02198289087136,0.005915713940309576
REFUGE_Valid,SEALED_REVIEW,20260907,0,Q4,OC,SC,52,65.45323827364803,65.46339505987945,-0.010156786231415495
REFUGE_Valid,SEALED_REVIEW,20260907,0,Q4,OD,CS,52,82.47307969683783,82.47024405916832,0.002835637669501994
REFUGE_Valid,SEALED_REVIEW,20260907,0,Q4,OC,CS,52,64.97183610137081,64.98200697574366,-0.010170874372842984
REFUGE_Valid,SEALED_REVIEW,20260907,0,Q4,OD,CC,52,82.62714818021324,82.62272215830934,0.0044260219038929115
REFUGE_Valid,SEALED_REVIEW,20260907,0,Q4,OC,CC,52,64.93084429699549,64.93930500685433,-0.008460709858844447
REFUGE_Valid,SEALED_REVIEW,20260907,0,Q4,OD,SAME64_HOLD,52,88.28963510662733,,
REFUGE_Valid,SEALED_REVIEW,20260907,0,Q4,OC,SAME64_HOLD,52,68.05196348547715,,
REFUGE_Valid,SEALED_REVIEW,20260907,0,Q4,OD,CROSS64_HOLD,52,85.96554348675294,,
REFUGE_Valid,SEALED_REVIEW,20260907,0,Q4,OC,CROSS64_HOLD,52,67.2542832680335,,
REFUGE_Valid,SEALED_REVIEW,20260907,0,Q4,OD,SOURCE_HOLD,52,86.65493325849658,,
REFUGE_Valid,SEALED_REVIEW,20260907,0,Q4,OC,SOURCE_HOLD,52,67.93095673839925,,
REFUGE_Valid,SEALED_REVIEW,20260907,0,Q4,OD,C_CONT,52,79.10226404272129,,
REFUGE_Valid,SEALED_REVIEW,20260907,0,Q4,OC,C_CONT,52,59.169271028260226,,
REFUGE_Valid,SEALED_REVIEW,20260907,0,Q4,OD,ANCHOR,52,80.49079942644501,,
REFUGE_Valid,SEALED_REVIEW,20260907,0,Q4,OC,ANCHOR,52,59.342783844120994,,
ORIGA,SEARCH,20260907,1,ALL,OD,SS,316,85.98723775118289,85.95422475867706,0.033012992505825366
ORIGA,SEARCH,20260907,1,ALL,OC,SS,316,68.93537585613477,68.88449732459061,0.05087853154416747
ORIGA,SEARCH,20260907,1,Q1,OD,SS,81,81.26882363724457,81.19339213445987,0.0754315027846877
ORIGA,SEARCH,20260907,1,Q1,OC,SS,81,63.316735886570555,63.19611196192445,0.12062392464609771
ORIGA,SEARCH,20260907,1,FIRST64,OD,SS,35,82.25451568608939,82.1916490904011,0.06286659568829249
ORIGA,SEARCH,20260907,1,FIRST64,OC,SS,35,66.47351552540933,66.39150015185442,0.08201537355490443
ORIGA,SEARCH,20260907,1,ALL,OD,SC,316,86.63507899361414,86.59910443476939,0.03597455884475831
ORIGA,SEARCH,20260907,1,ALL,OC,SC,316,69.59320029155643,69.54110321759455,0.05209707396186258
ORIGA,SEARCH,20260907,1,Q1,OD,SC,81,81.93655008224421,81.84890701468849,0.08764306755570925
ORIGA,SEARCH,20260907,1,Q1,OC,SC,81,64.0867131520509,63.96057814131784,0.1261350107330641
ORIGA,SEARCH,20260907,1,FIRST64,OD,SC,35,82.51787937639489,82.43366573520244,0.08421364119244545
ORIGA,SEARCH,20260907,1,FIRST64,OC,SC,35,66.66926668274876,66.56530286283198,0.1039638199167787
ORIGA,SEARCH,20260907,1,ALL,OD,CS,316,83.53462625569271,83.4911386528068,0.043487602885910394
ORIGA,SEARCH,20260907,1,ALL,OC,CS,316,65.59159421496264,65.5422021576049,0.04939205735772921
ORIGA,SEARCH,20260907,1,Q1,OD,CS,81,77.11646327884291,77.02451539718511,0.09194788165781347
ORIGA,SEARCH,20260907,1,Q1,OC,CS,81,57.66542126480418,57.562524377934174,0.10289688687000029
ORIGA,SEARCH,20260907,1,FIRST64,OD,CS,35,78.40296725511448,78.31332145763058,0.08964579748388664
ORIGA,SEARCH,20260907,1,FIRST64,OC,CS,35,61.182780570477256,61.08415750850378,0.09862306197347963
ORIGA,SEARCH,20260907,1,ALL,OD,CC,316,84.2460367177703,84.20157415002083,0.044462567749466886
ORIGA,SEARCH,20260907,1,ALL,OC,CC,316,66.20998467394595,66.1510611445193,0.0589235294266409
ORIGA,SEARCH,20260907,1,Q1,OD,CC,81,77.87749961323992,77.77831521827527,0.0991843949646414
ORIGA,SEARCH,20260907,1,Q1,OC,CC,81,58.40790309502284,58.27465395320085,0.13324914182198686
ORIGA,SEARCH,20260907,1,FIRST64,OD,CC,35,78.72489398741101,78.62122873655541,0.10366525085559432
ORIGA,SEARCH,20260907,1,FIRST64,OC,CC,35,61.358093918335676,61.24099598289961,0.11709793543605593
ORIGA,SEARCH,20260907,1,ALL,OD,SAME64_HOLD,316,80.17974970296929,,
ORIGA,SEARCH,20260907,1,ALL,OC,SAME64_HOLD,316,62.05309365991896,,
ORIGA,SEARCH,20260907,1,Q1,OD,SAME64_HOLD,81,77.6336744657459,,
ORIGA,SEARCH,20260907,1,Q1,OC,SAME64_HOLD,81,58.846946044829195,,
ORIGA,SEARCH,20260907,1,FIRST64,OD,SAME64_HOLD,35,80.79916253471742,,
ORIGA,SEARCH,20260907,1,FIRST64,OC,SAME64_HOLD,35,64.70961774759807,,
ORIGA,SEARCH,20260907,1,ALL,OD,CROSS64_HOLD,316,74.8817187525396,,
ORIGA,SEARCH,20260907,1,ALL,OC,CROSS64_HOLD,316,55.76058064861164,,
ORIGA,SEARCH,20260907,1,Q1,OD,CROSS64_HOLD,81,72.24186847579384,,
ORIGA,SEARCH,20260907,1,Q1,OC,CROSS64_HOLD,81,52.26468038443832,,
ORIGA,SEARCH,20260907,1,FIRST64,OD,CROSS64_HOLD,35,76.09886416756434,,
ORIGA,SEARCH,20260907,1,FIRST64,OC,CROSS64_HOLD,35,58.246015593450615,,
ORIGA,SEARCH,20260907,1,ALL,OD,SOURCE_HOLD,316,75.50920320760306,,
ORIGA,SEARCH,20260907,1,ALL,OC,SOURCE_HOLD,316,56.51189852699288,,
ORIGA,SEARCH,20260907,1,Q1,OD,SOURCE_HOLD,81,72.97912470636965,,
ORIGA,SEARCH,20260907,1,Q1,OC,SOURCE_HOLD,81,52.9323997048062,,
ORIGA,SEARCH,20260907,1,FIRST64,OD,SOURCE_HOLD,35,76.60120354790617,,
ORIGA,SEARCH,20260907,1,FIRST64,OC,SOURCE_HOLD,35,58.72587043999013,,
ORIGA,SEARCH,20260907,1,ALL,OD,C_CONT,316,88.18853150593438,,
ORIGA,SEARCH,20260907,1,ALL,OC,C_CONT,316,69.6298823977907,,
ORIGA,SEARCH,20260907,1,Q1,OD,C_CONT,81,84.76008795986225,,
ORIGA,SEARCH,20260907,1,Q1,OC,C_CONT,81,64.54052228632729,,
ORIGA,SEARCH,20260907,1,FIRST64,OD,C_CONT,35,85.1953325460278,,
ORIGA,SEARCH,20260907,1,FIRST64,OC,C_CONT,35,66.15870145361758,,
ORIGA,SEARCH,20260907,1,ALL,OD,ANCHOR,316,88.4855782098267,,
ORIGA,SEARCH,20260907,1,ALL,OC,ANCHOR,316,70.39797733548217,,
ORIGA,SEARCH,20260907,1,Q1,OD,ANCHOR,81,85.40435410582398,,
ORIGA,SEARCH,20260907,1,Q1,OC,ANCHOR,81,65.23860511624387,,
ORIGA,SEARCH,20260907,1,FIRST64,OD,ANCHOR,35,85.90312581886502,,
ORIGA,SEARCH,20260907,1,FIRST64,OC,ANCHOR,35,67.0068555494757,,
ORIGA,SEALED_REVIEW,20260907,1,ALL,OD,SS,210,86.68201997605247,86.6476934311242,0.03432654492828138
ORIGA,SEALED_REVIEW,20260907,1,ALL,OC,SS,210,72.05413584715743,72.0031118400106,0.05102400714681273
ORIGA,SEALED_REVIEW,20260907,1,Q1,OD,SS,46,82.27038507920746,82.19681283153014,0.07357224767731985
ORIGA,SEALED_REVIEW,20260907,1,Q1,OC,SS,46,66.3849206155778,66.27937598679964,0.10554462877814723
ORIGA,SEALED_REVIEW,20260907,1,FIRST64,OD,SS,20,80.95536742073762,80.85949287488839,0.09587454584923744
ORIGA,SEALED_REVIEW,20260907,1,FIRST64,OC,SS,20,63.891169799217586,63.73668048478134,0.15448931443625205
ORIGA,SEALED_REVIEW,20260907,1,ALL,OD,SC,210,87.30064939139126,87.26557668468885,0.035072706702409855
ORIGA,SEALED_REVIEW,20260907,1,ALL,OC,SC,210,72.57778994493391,72.5316582209189,0.04613172401501848
ORIGA,SEALED_REVIEW,20260907,1,Q1,OD,SC,46,82.98879148705005,82.89980105443873,0.08899043261131998
ORIGA,SEALED_REVIEW,20260907,1,Q1,OC,SC,46,67.05866467149288,66.94026303160486,0.11840163988800856
ORIGA,SEALED_REVIEW,20260907,1,FIRST64,OD,SC,20,81.25664571106684,81.12822345076697,0.1284222602998744
ORIGA,SEALED_REVIEW,20260907,1,FIRST64,OC,SC,20,64.23963740701616,64.03967591614851,0.19996149086764517
ORIGA,SEALED_REVIEW,20260907,1,ALL,OD,CS,210,84.2165331146187,84.16443363514261,0.05209947947609077
ORIGA,SEALED_REVIEW,20260907,1,ALL,OC,CS,210,68.73204773812431,68.65591827070328,0.07612946742103077
ORIGA,SEALED_REVIEW,20260907,1,Q1,OD,CS,46,76.88883669369012,76.75273726447438,0.13609942921573812
ORIGA,SEALED_REVIEW,20260907,1,Q1,OC,CS,46,59.26830583547886,59.10660380145386,0.1617020340249967
ORIGA,SEALED_REVIEW,20260907,1,FIRST64,OD,CS,20,75.148246050089,74.95521006574596,0.19303598434303543
ORIGA,SEALED_REVIEW,20260907,1,FIRST64,OC,CS,20,56.717597040296916,56.49028771798653,0.2273093223103942
ORIGA,SEALED_REVIEW,20260907,1,ALL,OD,CC,210,84.89816972304116,84.84390669762415,0.05426302541700968
ORIGA,SEALED_REVIEW,20260907,1,ALL,OC,CC,210,69.37484391518439,69.3066092641682,0.06823465101618692
ORIGA,SEALED_REVIEW,20260907,1,Q1,OD,CC,46,77.72710281310778,77.56624911941805,0.16085369368971417
ORIGA,SEALED_REVIEW,20260907,1,Q1,OC,CC,46,60.1905310833658,60.00573400025917,0.18479708310663387
ORIGA,SEALED_REVIEW,20260907,1,FIRST64,OD,CC,20,75.49455921307133,75.24649569787759,0.24806351519373301
ORIGA,SEALED_REVIEW,20260907,1,FIRST64,OC,CC,20,57.00206390551828,56.70197644672083,0.30008745879745813
ORIGA,SEALED_REVIEW,20260907,1,ALL,OD,SAME64_HOLD,210,81.12225648209643,,
ORIGA,SEALED_REVIEW,20260907,1,ALL,OC,SAME64_HOLD,210,65.88960660847482,,
ORIGA,SEALED_REVIEW,20260907,1,Q1,OD,SAME64_HOLD,46,78.26085227493842,,
ORIGA,SEALED_REVIEW,20260907,1,Q1,OC,SAME64_HOLD,46,60.69168034416167,,
ORIGA,SEALED_REVIEW,20260907,1,FIRST64,OD,SAME64_HOLD,20,79.23683060312892,,
ORIGA,SEALED_REVIEW,20260907,1,FIRST64,OC,SAME64_HOLD,20,61.59073224985081,,
ORIGA,SEALED_REVIEW,20260907,1,ALL,OD,CROSS64_HOLD,210,75.64359493086613,,
ORIGA,SEALED_REVIEW,20260907,1,ALL,OC,CROSS64_HOLD,210,59.28938494643159,,
ORIGA,SEALED_REVIEW,20260907,1,Q1,OD,CROSS64_HOLD,46,70.82538418237479,,
ORIGA,SEALED_REVIEW,20260907,1,Q1,OC,CROSS64_HOLD,46,52.1971051565227,,
ORIGA,SEALED_REVIEW,20260907,1,FIRST64,OD,CROSS64_HOLD,20,71.74116672163247,,
ORIGA,SEALED_REVIEW,20260907,1,FIRST64,OC,CROSS64_HOLD,20,52.49346135576126,,
ORIGA,SEALED_REVIEW,20260907,1,ALL,OD,SOURCE_HOLD,210,76.05669554999056,,
ORIGA,SEALED_REVIEW,20260907,1,ALL,OC,SOURCE_HOLD,210,59.84718756382246,,
ORIGA,SEALED_REVIEW,20260907,1,Q1,OD,SOURCE_HOLD,46,71.56840782361881,,
ORIGA,SEALED_REVIEW,20260907,1,Q1,OC,SOURCE_HOLD,46,53.35239728786239,,
ORIGA,SEALED_REVIEW,20260907,1,FIRST64,OD,SOURCE_HOLD,20,72.66927535917436,,
ORIGA,SEALED_REVIEW,20260907,1,FIRST64,OC,SOURCE_HOLD,20,53.89018496055126,,
ORIGA,SEALED_REVIEW,20260907,1,ALL,OD,C_CONT,210,88.68151372822706,,
ORIGA,SEALED_REVIEW,20260907,1,ALL,OC,C_CONT,210,72.11697223284257,,
ORIGA,SEALED_REVIEW,20260907,1,Q1,OD,C_CONT,46,85.95966970317043,,
ORIGA,SEALED_REVIEW,20260907,1,Q1,OC,C_CONT,46,67.81287504286738,,
ORIGA,SEALED_REVIEW,20260907,1,FIRST64,OD,C_CONT,20,84.60196745018615,,
ORIGA,SEALED_REVIEW,20260907,1,FIRST64,OC,C_CONT,20,64.8791577846883,,
ORIGA,SEALED_REVIEW,20260907,1,ALL,OD,ANCHOR,210,88.89935111012156,,
ORIGA,SEALED_REVIEW,20260907,1,ALL,OC,ANCHOR,210,72.6924737841457,,
ORIGA,SEALED_REVIEW,20260907,1,Q1,OD,ANCHOR,46,86.56417938591858,,
ORIGA,SEALED_REVIEW,20260907,1,Q1,OC,ANCHOR,46,68.47748757744678,,
ORIGA,SEALED_REVIEW,20260907,1,FIRST64,OD,ANCHOR,20,85.19225189034228,,
ORIGA,SEALED_REVIEW,20260907,1,FIRST64,OC,ANCHOR,20,65.37204217481532,,
ORIGA,SEARCH,20260907,1,Q2,OD,SS,70,84.39370048202024,84.36573874362406,0.027961738396184984
ORIGA,SEARCH,20260907,1,Q2,OC,SS,70,67.18628712076699,67.14627131916134,0.040015801605649944
ORIGA,SEARCH,20260907,1,Q2,OD,SC,70,85.13636676657414,85.10684750037657,0.029519266197578182
ORIGA,SEARCH,20260907,1,Q2,OC,SC,70,67.93480627336626,67.89630457086608,0.038501702500180084
ORIGA,SEARCH,20260907,1,Q2,OD,CS,70,81.19853885372382,81.14789194256163,0.05064691116218498
ORIGA,SEARCH,20260907,1,Q2,OC,CS,70,63.19106264953413,63.1463219583631,0.044740691171032174
ORIGA,SEARCH,20260907,1,Q2,OD,CC,70,82.07713285321529,82.0274574303553,0.049675422859991596
ORIGA,SEARCH,20260907,1,Q2,OC,CC,70,63.85425213214033,63.80804436744085,0.046207764699479945
ORIGA,SEARCH,20260907,1,Q2,OD,SAME64_HOLD,70,77.92990674736517,,
ORIGA,SEARCH,20260907,1,Q2,OC,SAME64_HOLD,70,59.7436469949054,,
ORIGA,SEARCH,20260907,1,Q2,OD,CROSS64_HOLD,70,71.1126548705022,,
ORIGA,SEARCH,20260907,1,Q2,OC,CROSS64_HOLD,70,51.247282789015244,,
ORIGA,SEARCH,20260907,1,Q2,OD,SOURCE_HOLD,70,71.55913998567341,,
ORIGA,SEARCH,20260907,1,Q2,OC,SOURCE_HOLD,70,52.667386781161326,,
ORIGA,SEARCH,20260907,1,Q2,OD,C_CONT,70,85.96487153491339,,
ORIGA,SEARCH,20260907,1,Q2,OC,C_CONT,70,67.26446010280843,,
ORIGA,SEARCH,20260907,1,Q2,OD,ANCHOR,70,86.33340792421708,,
ORIGA,SEARCH,20260907,1,Q2,OC,ANCHOR,70,68.21705722125978,,
ORIGA,SEALED_REVIEW,20260907,1,Q2,OD,SS,62,85.16187136372216,85.11274771691039,0.04912364681175829
ORIGA,SEALED_REVIEW,20260907,1,Q2,OC,SS,62,71.52313524301287,71.4416612047694,0.08147403824347302
ORIGA,SEALED_REVIEW,20260907,1,Q2,OD,SC,62,85.86821820268825,85.82924707117012,0.03897113151814549
ORIGA,SEALED_REVIEW,20260907,1,Q2,OC,SC,62,72.28413104758182,72.2229305450425,0.06120050253930861
ORIGA,SEALED_REVIEW,20260907,1,Q2,OD,CS,62,82.31665969716384,82.25552744518552,0.06113225197832363
ORIGA,SEALED_REVIEW,20260907,1,Q2,OC,CS,62,67.3866899021845,67.26397475051171,0.12271515167278572
ORIGA,SEALED_REVIEW,20260907,1,Q2,OD,CC,62,83.16719108742959,83.11451503627399,0.05267605115560473
ORIGA,SEALED_REVIEW,20260907,1,Q2,OC,CC,62,68.39832352643053,68.31570506951927,0.08261845691126499
ORIGA,SEALED_REVIEW,20260907,1,Q2,OD,SAME64_HOLD,62,77.72680636695245,,
ORIGA,SEALED_REVIEW,20260907,1,Q2,OC,SAME64_HOLD,62,63.34737324522346,,
ORIGA,SEALED_REVIEW,20260907,1,Q2,OD,CROSS64_HOLD,62,71.08563801214488,,
ORIGA,SEALED_REVIEW,20260907,1,Q2,OC,CROSS64_HOLD,62,55.098888862052895,,
ORIGA,SEALED_REVIEW,20260907,1,Q2,OD,SOURCE_HOLD,62,71.38839435425128,,
ORIGA,SEALED_REVIEW,20260907,1,Q2,OC,SOURCE_HOLD,62,55.10002715955557,,
ORIGA,SEALED_REVIEW,20260907,1,Q2,OD,C_CONT,62,85.90367864560002,,
ORIGA,SEALED_REVIEW,20260907,1,Q2,OC,C_CONT,62,70.81055432803761,,
ORIGA,SEALED_REVIEW,20260907,1,Q2,OD,ANCHOR,62,86.07790658358844,,
ORIGA,SEALED_REVIEW,20260907,1,Q2,OC,ANCHOR,62,71.35757007521984,,
ORIGA,SEALED_REVIEW,20260907,1,Q3,OD,SS,45,86.44909855116569,86.4385905564369,0.010507994728779687
ORIGA,SEALED_REVIEW,20260907,1,Q3,OC,SS,45,71.5099634638963,71.50338470418089,0.00657875971540557
ORIGA,SEALED_REVIEW,20260907,1,Q3,OD,SC,45,87.09732891227969,87.0860606109645,0.01126830131520324
ORIGA,SEALED_REVIEW,20260907,1,Q3,OC,SC,45,71.9638209516386,71.957893290363,0.005927661275594175
ORIGA,SEALED_REVIEW,20260907,1,Q3,OD,CS,45,84.65453782441048,84.64274751026683,0.011790314143652243
ORIGA,SEALED_REVIEW,20260907,1,Q3,OC,CS,45,69.09161804719335,69.08023200197663,0.011386045216729639
ORIGA,SEALED_REVIEW,20260907,1,Q3,OD,CC,45,85.25409482786196,85.2465647875033,0.007530040358646585
ORIGA,SEALED_REVIEW,20260907,1,Q3,OC,CC,45,69.52107240881854,69.51352229381341,0.0075501150051259115
ORIGA,SEALED_REVIEW,20260907,1,Q3,OD,SAME64_HOLD,45,79.06690423815694,,
ORIGA,SEALED_REVIEW,20260907,1,Q3,OC,SAME64_HOLD,45,62.206164223207864,,
ORIGA,SEALED_REVIEW,20260907,1,Q3,OD,CROSS64_HOLD,45,72.83749130493263,,
ORIGA,SEALED_REVIEW,20260907,1,Q3,OC,CROSS64_HOLD,45,54.50847823977419,,
ORIGA,SEALED_REVIEW,20260907,1,Q3,OD,SOURCE_HOLD,45,73.13453177530263,,
ORIGA,SEALED_REVIEW,20260907,1,Q3,OC,SOURCE_HOLD,45,55.25252493968499,,
ORIGA,SEALED_REVIEW,20260907,1,Q3,OD,C_CONT,45,88.07691699292357,,
ORIGA,SEALED_REVIEW,20260907,1,Q3,OC,C_CONT,45,70.82562279166575,,
ORIGA,SEALED_REVIEW,20260907,1,Q3,OD,ANCHOR,45,88.29378573335227,,
ORIGA,SEALED_REVIEW,20260907,1,Q3,OC,ANCHOR,45,71.45326145513428,,
ORIGA,SEARCH,20260907,1,Q3,OD,SS,88,87.05738485729032,87.03606301304174,0.02132184424857411
ORIGA,SEARCH,20260907,1,Q3,OC,SS,88,69.56145247649151,69.5255315956492,0.035920880842311674
ORIGA,SEARCH,20260907,1,Q3,OD,SC,88,87.73296303153928,87.71266991755502,0.020293113984275947
ORIGA,SEARCH,20260907,1,Q3,OC,SC,88,70.33508512638534,70.29592819281069,0.03915693357465708
ORIGA,SEARCH,20260907,1,Q3,OD,CS,88,84.8796855019736,84.85369997467961,0.025985527293974606
ORIGA,SEARCH,20260907,1,Q3,OC,CS,88,66.10907936486672,66.06635985193847,0.04271951292824637
ORIGA,SEARCH,20260907,1,Q3,OD,CC,88,85.59518608714562,85.57167344275167,0.02351264439394379
ORIGA,SEARCH,20260907,1,Q3,OC,CC,88,66.86170440872884,66.8159155562587,0.04578885247014273
ORIGA,SEARCH,20260907,1,Q3,OD,SAME64_HOLD,88,78.04679939347724,,
ORIGA,SEARCH,20260907,1,Q3,OC,SAME64_HOLD,88,57.349905127365716,,
ORIGA,SEARCH,20260907,1,Q3,OD,CROSS64_HOLD,88,71.38538166648554,,
ORIGA,SEARCH,20260907,1,Q3,OC,CROSS64_HOLD,88,49.48222539597017,,
ORIGA,SEARCH,20260907,1,Q3,OD,SOURCE_HOLD,88,72.09234715950387,,
ORIGA,SEARCH,20260907,1,Q3,OC,SOURCE_HOLD,88,50.082464909498334,,
ORIGA,SEARCH,20260907,1,Q3,OD,C_CONT,88,88.04295607363535,,
ORIGA,SEARCH,20260907,1,Q3,OC,C_CONT,88,69.54596331832006,,
ORIGA,SEARCH,20260907,1,Q3,OD,ANCHOR,88,88.2043432052024,,
ORIGA,SEARCH,20260907,1,Q3,OC,ANCHOR,88,70.29944905674284,,
ORIGA,SEARCH,20260907,1,Q4,OD,SS,77,91.17640926719501,91.170064982459,0.0063442847360213155
ORIGA,SEARCH,20260907,1,Q4,OC,SS,77,75.72045775768093,75.71597808956271,0.0044796681182348525
ORIGA,SEARCH,20260907,1,Q4,OD,SC,77,91.6854283751252,91.68001630423579,0.005412070889408074
ORIGA,SEARCH,20260907,1,Q4,OC,SC,77,76.04550125400206,76.0441400829243,0.001361171077765674
ORIGA,SEARCH,20260907,1,Q4,OD,CS,77,90.8727055490685,90.86670173199782,0.006003817070676365
ORIGA,SEARCH,20260907,1,Q4,OC,CS,77,75.52040623251159,75.51544419655166,0.0049620359599282385
ORIGA,SEARCH,20260907,1,Q4,OD,CC,77,91.37525271102722,91.36915085245802,0.006101858569209293
ORIGA,SEARCH,20260907,1,Q4,OC,CC,77,75.81412167600142,75.80681398424946,0.00730769175196665
ORIGA,SEARCH,20260907,1,Q4,OD,SAME64_HOLD,77,87.34105786326391,,
ORIGA,SEARCH,20260907,1,Q4,OC,SAME64_HOLD,77,72.90036397469693,,
ORIGA,SEARCH,20260907,1,Q4,OD,CROSS64_HOLD,77,85.08093963217307,,
ORIGA,SEARCH,20260907,1,Q4,OC,CROSS64_HOLD,77,70.71634732136796,,
ORIGA,SEARCH,20260907,1,Q4,OD,SOURCE_HOLD,77,85.66665926432658,,
ORIGA,SEARCH,20260907,1,Q4,OC,SOURCE_HOLD,77,71.12028015225066,,
ORIGA,SEARCH,20260907,1,Q4,OD,C_CONT,77,93.98295700263078,,
ORIGA,SEARCH,20260907,1,Q4,OC,C_CONT,77,77.22991627663109,,
ORIGA,SEARCH,20260907,1,Q4,OD,ANCHOR,77,94.00479577896733,,
ORIGA,SEARCH,20260907,1,Q4,OC,ANCHOR,77,77.92062728720849,,
ORIGA,SEALED_REVIEW,20260907,1,Q4,OD,SS,57,92.07966705217977,92.07430345258926,0.005363599590496105
ORIGA,SEALED_REVIEW,20260907,1,Q4,OC,SS,57,77.63648137972542,77.62748920395792,0.008992175767496918
ORIGA,SEALED_REVIEW,20260907,1,Q4,OD,SC,57,92.49899358190535,92.4928808662198,0.00611271568554711
ORIGA,SEALED_REVIEW,20260907,1,Q4,OC,SC,57,77.83595168023929,77.83279359789776,0.003158082341519554
ORIGA,SEALED_REVIEW,20260907,1,Q4,OD,CS,57,91.85084847083424,91.84454052018624,0.006307950647977041
ORIGA,SEALED_REVIEW,20260907,1,Q4,OC,CS,57,77.54895386868311,77.54144188351117,0.00751198517194851
ORIGA,SEALED_REVIEW,20260907,1,Q4,OD,CC,57,92.2871718905485,92.28030876002116,0.006863130527343742
ORIGA,SEALED_REVIEW,20260907,1,Q4,OC,CC,57,77.73348202312928,77.72705199880006,0.006430024329210535
ORIGA,SEALED_REVIEW,20260907,1,Q4,OD,SAME64_HOLD,57,88.74740300219247,,
ORIGA,SEALED_REVIEW,20260907,1,Q4,OC,SAME64_HOLD,57,75.75764141579067,,
ORIGA,SEALED_REVIEW,20260907,1,Q4,OD,CROSS64_HOLD,57,86.70509820381923,,
ORIGA,SEALED_REVIEW,20260907,1,Q4,OC,CROSS64_HOLD,57,73.34546265462231,,
ORIGA,SEALED_REVIEW,20260907,1,Q4,OD,SOURCE_HOLD,57,87.06359518876067,,
ORIGA,SEALED_REVIEW,20260907,1,Q4,OC,SOURCE_HOLD,57,73.87954047338205,,
ORIGA,SEALED_REVIEW,20260907,1,Q4,OD,C_CONT,57,94.37690764689613,,
ORIGA,SEALED_REVIEW,20260907,1,Q4,OC,C_CONT,57,78.03095654318858,,
ORIGA,SEALED_REVIEW,20260907,1,Q4,OD,ANCHOR,57,94.33089324894628,,
ORIGA,SEALED_REVIEW,20260907,1,Q4,OC,ANCHOR,57,78.52436764848024,,
REFUGE_Valid,SEARCH,20260907,1,ALL,OD,SS,406,83.29392795606869,83.28991634539747,0.004011610671218029
REFUGE_Valid,SEARCH,20260907,1,ALL,OC,SS,406,65.11329665092933,65.11084029451334,0.0024563564159840174
REFUGE_Valid,SEARCH,20260907,1,Q1,OD,SS,97,83.73278203860899,83.71256098623381,0.02022105237518814
REFUGE_Valid,SEARCH,20260907,1,Q1,OC,SS,97,63.32003235654056,63.31671680845182,0.0033155480887392397
REFUGE_Valid,SEARCH,20260907,1,FIRST64,OD,SS,39,83.39850721997955,83.37588269632882,0.02262452365072891
REFUGE_Valid,SEARCH,20260907,1,FIRST64,OC,SS,39,64.47530071239912,64.4638452571758,0.01145545522330858
REFUGE_Valid,SEARCH,20260907,1,ALL,OD,SC,406,83.13233454089452,83.12892701952698,0.003407521367541671
REFUGE_Valid,SEARCH,20260907,1,ALL,OC,SC,406,64.99003871821957,64.98919357478994,0.0008451434296246039
REFUGE_Valid,SEARCH,20260907,1,Q1,OD,SC,97,83.69332752692011,83.67321222300073,0.020115303919386093
REFUGE_Valid,SEARCH,20260907,1,Q1,OC,SC,97,63.21840178842003,63.22266950721678,-0.00426771879674287
REFUGE_Valid,SEARCH,20260907,1,FIRST64,OD,SC,39,83.41432541232791,83.39478872599331,0.019536686334593913
REFUGE_Valid,SEARCH,20260907,1,FIRST64,OC,SC,39,64.38162836153965,64.37882190959648,0.0028064519431798152
REFUGE_Valid,SEARCH,20260907,1,ALL,OD,CS,406,82.8337779789836,82.82663968123379,0.007138297749815272
REFUGE_Valid,SEARCH,20260907,1,ALL,OC,CS,406,64.90563990772488,64.90407059210416,0.0015693156207128155
REFUGE_Valid,SEARCH,20260907,1,Q1,OD,CS,97,83.13652297504352,83.10109306572576,0.03542990931775247
REFUGE_Valid,SEARCH,20260907,1,Q1,OC,CS,97,63.10785913120049,63.10432898182272,0.0035301493777649532
REFUGE_Valid,SEARCH,20260907,1,FIRST64,OD,CS,39,81.92099799269292,81.86228616145065,0.058711831242256686
REFUGE_Valid,SEARCH,20260907,1,FIRST64,OC,CS,39,64.08736931119908,64.06802040663328,0.019348904565804542
REFUGE_Valid,SEARCH,20260907,1,ALL,OD,CC,406,82.576514641587,82.57182142401999,0.004693217567007886
REFUGE_Valid,SEARCH,20260907,1,ALL,OC,CC,406,64.73630001597176,64.73632996696351,-2.9950991759158636e-05
REFUGE_Valid,SEARCH,20260907,1,Q1,OD,CC,97,83.03026367023348,83.0053286706293,0.024934999604186762
REFUGE_Valid,SEARCH,20260907,1,Q1,OC,CC,97,62.947821981969824,62.94916578069423,-0.0013437987244052138
REFUGE_Valid,SEARCH,20260907,1,FIRST64,OD,CC,39,81.86359090710329,81.81911839604827,0.04447251105501707
REFUGE_Valid,SEARCH,20260907,1,FIRST64,OC,CC,39,63.9641649085477,63.95031751734906,0.01384739119863519
REFUGE_Valid,SEARCH,20260907,1,ALL,OD,SAME64_HOLD,406,85.56149685554072,,
REFUGE_Valid,SEARCH,20260907,1,ALL,OC,SAME64_HOLD,406,66.31529503143203,,
REFUGE_Valid,SEARCH,20260907,1,Q1,OD,SAME64_HOLD,97,84.16857857538112,,
REFUGE_Valid,SEARCH,20260907,1,Q1,OC,SAME64_HOLD,97,63.760037470071296,,
REFUGE_Valid,SEARCH,20260907,1,FIRST64,OD,SAME64_HOLD,39,83.4990504281786,,
REFUGE_Valid,SEARCH,20260907,1,FIRST64,OC,SAME64_HOLD,39,64.65601173110977,,
REFUGE_Valid,SEARCH,20260907,1,ALL,OD,CROSS64_HOLD,406,83.34704103500322,,
REFUGE_Valid,SEARCH,20260907,1,ALL,OC,CROSS64_HOLD,406,65.84915212389569,,
REFUGE_Valid,SEARCH,20260907,1,Q1,OD,CROSS64_HOLD,97,81.80082575892136,,
REFUGE_Valid,SEARCH,20260907,1,Q1,OC,CROSS64_HOLD,97,62.992484676785374,,
REFUGE_Valid,SEARCH,20260907,1,FIRST64,OD,CROSS64_HOLD,39,80.93777182658563,,
REFUGE_Valid,SEARCH,20260907,1,FIRST64,OC,CROSS64_HOLD,39,63.95138214806251,,
REFUGE_Valid,SEARCH,20260907,1,ALL,OD,SOURCE_HOLD,406,84.08452106164629,,
REFUGE_Valid,SEARCH,20260907,1,ALL,OC,SOURCE_HOLD,406,66.39393397143391,,
REFUGE_Valid,SEARCH,20260907,1,Q1,OD,SOURCE_HOLD,97,82.65345888508554,,
REFUGE_Valid,SEARCH,20260907,1,Q1,OC,SOURCE_HOLD,97,63.65922344112908,,
REFUGE_Valid,SEARCH,20260907,1,FIRST64,OD,SOURCE_HOLD,39,81.90239752216513,,
REFUGE_Valid,SEARCH,20260907,1,FIRST64,OC,SOURCE_HOLD,39,64.53460729301077,,
REFUGE_Valid,SEARCH,20260907,1,ALL,OD,C_CONT,406,81.54632896572338,,
REFUGE_Valid,SEARCH,20260907,1,ALL,OC,C_CONT,406,64.19048969823915,,
REFUGE_Valid,SEARCH,20260907,1,Q1,OD,C_CONT,97,82.9065106296047,,
REFUGE_Valid,SEARCH,20260907,1,Q1,OC,C_CONT,97,62.580735146485054,,
REFUGE_Valid,SEARCH,20260907,1,FIRST64,OD,C_CONT,39,82.90437859313148,,
REFUGE_Valid,SEARCH,20260907,1,FIRST64,OC,C_CONT,39,63.937916043836104,,
REFUGE_Valid,SEARCH,20260907,1,ALL,OD,ANCHOR,406,80.39220925602916,,
REFUGE_Valid,SEARCH,20260907,1,ALL,OC,ANCHOR,406,63.4982630741373,,
REFUGE_Valid,SEARCH,20260907,1,Q1,OD,ANCHOR,97,82.35654270920674,,
REFUGE_Valid,SEARCH,20260907,1,Q1,OC,ANCHOR,97,62.31543492812055,,
REFUGE_Valid,SEARCH,20260907,1,FIRST64,OD,ANCHOR,39,82.52688601035342,,
REFUGE_Valid,SEARCH,20260907,1,FIRST64,OC,ANCHOR,39,63.77815010117093,,
REFUGE_Valid,SEALED_REVIEW,20260907,1,ALL,OD,SS,269,85.1280051356689,85.1420205636325,-0.014015427963607652
REFUGE_Valid,SEALED_REVIEW,20260907,1,ALL,OC,SS,269,65.68022551881478,65.68380591176978,-0.0035803929549902648
REFUGE_Valid,SEALED_REVIEW,20260907,1,Q1,OD,SS,69,85.6348039825885,85.63936893364563,-0.0045649510571302895
REFUGE_Valid,SEALED_REVIEW,20260907,1,Q1,OC,SS,69,64.82883458995151,64.8290958285526,-0.00026123860108763074
REFUGE_Valid,SEALED_REVIEW,20260907,1,FIRST64,OD,SS,20,88.15532707129078,88.16177608535612,-0.006449014065340597
REFUGE_Valid,SEALED_REVIEW,20260907,1,FIRST64,OC,SS,20,67.48953739837768,67.49726275027376,-0.007725351896097354
REFUGE_Valid,SEALED_REVIEW,20260907,1,ALL,OD,SC,269,84.97267805805352,84.98708425836269,-0.01440620030917022
REFUGE_Valid,SEALED_REVIEW,20260907,1,ALL,OC,SC,269,65.55609367965334,65.55706474163274,-0.0009710619793889106
REFUGE_Valid,SEALED_REVIEW,20260907,1,Q1,OD,SC,69,85.54224321586051,85.54630787430193,-0.004064658441412746
REFUGE_Valid,SEALED_REVIEW,20260907,1,Q1,OC,SC,69,64.76140069881899,64.75731546585548,0.004085232963499104
REFUGE_Valid,SEALED_REVIEW,20260907,1,FIRST64,OD,SC,20,88.0672413300603,88.06947980722745,-0.0022384771671468684
REFUGE_Valid,SEALED_REVIEW,20260907,1,FIRST64,OC,SC,20,67.55258327110603,67.55501445216335,-0.0024311810573235393
REFUGE_Valid,SEALED_REVIEW,20260907,1,ALL,OD,CS,269,84.81715348179767,84.8300939292512,-0.01294044745353943
REFUGE_Valid,SEALED_REVIEW,20260907,1,ALL,OC,CS,269,65.49628814272323,65.49801630025064,-0.001728157527402991
REFUGE_Valid,SEALED_REVIEW,20260907,1,Q1,OD,CS,69,85.36853470616467,85.36149218072389,0.0070425254407803575
REFUGE_Valid,SEALED_REVIEW,20260907,1,Q1,OC,CS,69,64.8667820682874,64.85798069876179,0.008801369525624178
REFUGE_Valid,SEALED_REVIEW,20260907,1,FIRST64,OD,CS,20,87.4228007408831,87.40931851375728,0.013482227125820588
REFUGE_Valid,SEALED_REVIEW,20260907,1,FIRST64,OC,CS,20,68.0143829334829,68.01001132381037,0.004371609672543242
REFUGE_Valid,SEALED_REVIEW,20260907,1,ALL,OD,CC,269,84.54583230545728,84.55879151838921,-0.012959212931938538
REFUGE_Valid,SEALED_REVIEW,20260907,1,ALL,OC,CC,269,65.31960605764147,65.32153900029218,-0.001932942650700586
REFUGE_Valid,SEALED_REVIEW,20260907,1,Q1,OD,CC,69,85.16948011989477,85.1603458175893,0.009134302305470365
REFUGE_Valid,SEALED_REVIEW,20260907,1,Q1,OC,CC,69,64.7065967184269,64.7048055004231,0.0017912180038024707
REFUGE_Valid,SEALED_REVIEW,20260907,1,FIRST64,OD,CC,20,87.2018376219541,87.18040207856373,0.021435543390378453
REFUGE_Valid,SEALED_REVIEW,20260907,1,FIRST64,OC,CC,20,67.89952303785722,67.89753059674433,0.001992441112884935
REFUGE_Valid,SEALED_REVIEW,20260907,1,ALL,OD,SAME64_HOLD,269,87.42371046264292,,
REFUGE_Valid,SEALED_REVIEW,20260907,1,ALL,OC,SAME64_HOLD,269,66.84987013580619,,
REFUGE_Valid,SEALED_REVIEW,20260907,1,Q1,OD,SAME64_HOLD,69,86.47151437988627,,
REFUGE_Valid,SEALED_REVIEW,20260907,1,Q1,OC,SAME64_HOLD,69,65.31797350563536,,
REFUGE_Valid,SEALED_REVIEW,20260907,1,FIRST64,OD,SAME64_HOLD,20,88.56410684010064,,
REFUGE_Valid,SEALED_REVIEW,20260907,1,FIRST64,OC,SAME64_HOLD,20,67.93056931814469,,
REFUGE_Valid,SEALED_REVIEW,20260907,1,ALL,OD,CROSS64_HOLD,269,85.25866023751657,,
REFUGE_Valid,SEALED_REVIEW,20260907,1,ALL,OC,CROSS64_HOLD,269,66.4019356029962,,
REFUGE_Valid,SEALED_REVIEW,20260907,1,Q1,OD,CROSS64_HOLD,69,84.66377059048297,,
REFUGE_Valid,SEALED_REVIEW,20260907,1,Q1,OC,CROSS64_HOLD,69,64.66626219118996,,
REFUGE_Valid,SEALED_REVIEW,20260907,1,FIRST64,OD,CROSS64_HOLD,20,86.63060968714304,,
REFUGE_Valid,SEALED_REVIEW,20260907,1,FIRST64,OC,CROSS64_HOLD,20,68.11509652685234,,
REFUGE_Valid,SEALED_REVIEW,20260907,1,ALL,OD,SOURCE_HOLD,269,86.1588258244221,,
REFUGE_Valid,SEALED_REVIEW,20260907,1,ALL,OC,SOURCE_HOLD,269,67.06294196122838,,
REFUGE_Valid,SEALED_REVIEW,20260907,1,Q1,OD,SOURCE_HOLD,69,85.57440745098312,,
REFUGE_Valid,SEALED_REVIEW,20260907,1,Q1,OC,SOURCE_HOLD,69,65.387031694222,,
REFUGE_Valid,SEALED_REVIEW,20260907,1,FIRST64,OD,SOURCE_HOLD,20,87.71734701521636,,
REFUGE_Valid,SEALED_REVIEW,20260907,1,FIRST64,OC,SOURCE_HOLD,20,68.6694185577723,,
REFUGE_Valid,SEALED_REVIEW,20260907,1,ALL,OD,C_CONT,269,83.46276799991583,,
REFUGE_Valid,SEALED_REVIEW,20260907,1,ALL,OC,C_CONT,269,64.75924068438572,,
REFUGE_Valid,SEALED_REVIEW,20260907,1,Q1,OD,C_CONT,69,84.6318360095089,,
REFUGE_Valid,SEALED_REVIEW,20260907,1,Q1,OC,C_CONT,69,64.29510342835239,,
REFUGE_Valid,SEALED_REVIEW,20260907,1,FIRST64,OD,C_CONT,20,87.21816030492097,,
REFUGE_Valid,SEALED_REVIEW,20260907,1,FIRST64,OC,C_CONT,20,67.51396854955674,,
REFUGE_Valid,SEALED_REVIEW,20260907,1,ALL,OD,ANCHOR,269,82.33110930330596,,
REFUGE_Valid,SEALED_REVIEW,20260907,1,ALL,OC,ANCHOR,269,64.07203077616511,,
REFUGE_Valid,SEALED_REVIEW,20260907,1,Q1,OD,ANCHOR,69,84.06830509253997,,
REFUGE_Valid,SEALED_REVIEW,20260907,1,Q1,OC,ANCHOR,69,64.0121318249486,,
REFUGE_Valid,SEALED_REVIEW,20260907,1,FIRST64,OD,ANCHOR,20,86.90258038232453,,
REFUGE_Valid,SEALED_REVIEW,20260907,1,FIRST64,OC,ANCHOR,20,67.36037308006568,,
REFUGE_Valid,SEALED_REVIEW,20260907,1,Q2,OD,SS,80,86.0874738084305,86.10467068369367,-0.017196875263164463
REFUGE_Valid,SEALED_REVIEW,20260907,1,Q2,OC,SS,80,67.99566489557377,68.00297874069079,-0.00731384511702203
REFUGE_Valid,SEALED_REVIEW,20260907,1,Q2,OD,SC,80,85.95660233468568,85.97650870536619,-0.01990637068049611
REFUGE_Valid,SEALED_REVIEW,20260907,1,Q2,OC,SC,80,67.89290984432684,67.8966443673659,-0.0037345230390424533
REFUGE_Valid,SEALED_REVIEW,20260907,1,Q2,OD,CS,80,85.91974709271757,85.94275483823323,-0.02300774551566437
REFUGE_Valid,SEALED_REVIEW,20260907,1,Q2,OC,CS,80,67.81495550603658,67.82149641192137,-0.006540905884793516
REFUGE_Valid,SEALED_REVIEW,20260907,1,Q2,OD,CC,80,85.65736038684186,85.68006846272755,-0.022708075885692625
REFUGE_Valid,SEALED_REVIEW,20260907,1,Q2,OC,CC,80,67.66058706288125,67.66468261666118,-0.004095553779940031
REFUGE_Valid,SEALED_REVIEW,20260907,1,Q2,OD,SAME64_HOLD,80,87.70296059170572,,
REFUGE_Valid,SEALED_REVIEW,20260907,1,Q2,OC,SAME64_HOLD,80,68.74186497363796,,
REFUGE_Valid,SEALED_REVIEW,20260907,1,Q2,OD,CROSS64_HOLD,80,85.86286866465545,,
REFUGE_Valid,SEALED_REVIEW,20260907,1,Q2,OC,CROSS64_HOLD,80,68.28652542579017,,
REFUGE_Valid,SEALED_REVIEW,20260907,1,Q2,OD,SOURCE_HOLD,80,86.77564121992681,,
REFUGE_Valid,SEALED_REVIEW,20260907,1,Q2,OC,SOURCE_HOLD,80,69.00905416238659,,
REFUGE_Valid,SEALED_REVIEW,20260907,1,Q2,OD,C_CONT,80,84.57446855061077,,
REFUGE_Valid,SEALED_REVIEW,20260907,1,Q2,OC,C_CONT,80,67.14857737186132,,
REFUGE_Valid,SEALED_REVIEW,20260907,1,Q2,OD,ANCHOR,80,83.52832441664249,,
REFUGE_Valid,SEALED_REVIEW,20260907,1,Q2,OC,ANCHOR,80,66.55416374842208,,
REFUGE_Valid,SEARCH,20260907,1,Q2,OD,SS,89,85.09998192454823,85.10798048270597,-0.007998558157742195
REFUGE_Valid,SEARCH,20260907,1,Q2,OC,SS,89,66.64681490178559,66.64698411820282,-0.0001692164172307538
REFUGE_Valid,SEARCH,20260907,1,Q2,OD,SC,89,84.9163845511475,84.92497505032242,-0.008590499174904986
REFUGE_Valid,SEARCH,20260907,1,Q2,OC,SC,89,66.57769513763849,66.57496893812821,0.002726199510273993
REFUGE_Valid,SEARCH,20260907,1,Q2,OD,CS,89,84.79958425130208,84.80670202243934,-0.0071177711372624655
REFUGE_Valid,SEARCH,20260907,1,Q2,OC,CS,89,66.568468352989,66.57010566622006,-0.001637313231063148
REFUGE_Valid,SEARCH,20260907,1,Q2,OD,CC,89,84.51645551846208,84.52252959689146,-0.0060740784293807
REFUGE_Valid,SEARCH,20260907,1,Q2,OC,CC,89,66.45729085734072,66.46004248007635,-0.0027516227356399214
REFUGE_Valid,SEARCH,20260907,1,Q2,OD,SAME64_HOLD,89,86.50989553864096,,
REFUGE_Valid,SEARCH,20260907,1,Q2,OC,SAME64_HOLD,89,67.46021166741365,,
REFUGE_Valid,SEARCH,20260907,1,Q2,OD,CROSS64_HOLD,89,84.55128309193755,,
REFUGE_Valid,SEARCH,20260907,1,Q2,OC,CROSS64_HOLD,89,67.54921418137681,,
REFUGE_Valid,SEARCH,20260907,1,Q2,OD,SOURCE_HOLD,89,85.26211478789409,,
REFUGE_Valid,SEARCH,20260907,1,Q2,OC,SOURCE_HOLD,89,67.99456581880115,,
REFUGE_Valid,SEARCH,20260907,1,Q2,OD,C_CONT,89,83.32478619938368,,
REFUGE_Valid,SEARCH,20260907,1,Q2,OC,C_CONT,89,66.01499310229262,,
REFUGE_Valid,SEARCH,20260907,1,Q2,OD,ANCHOR,89,82.17154884691418,,
REFUGE_Valid,SEARCH,20260907,1,Q2,OC,ANCHOR,89,65.46306817315694,,
REFUGE_Valid,SEARCH,20260907,1,Q3,OD,SS,100,83.6306159917307,83.62174710953806,0.008868882192633265
REFUGE_Valid,SEARCH,20260907,1,Q3,OC,SS,100,66.91281631085918,66.90400094486478,0.0088153659944116
REFUGE_Valid,SEARCH,20260907,1,Q3,OD,SC,100,83.47437323454523,83.46489094755299,0.009482286992237188
REFUGE_Valid,SEARCH,20260907,1,Q3,OC,SC,100,66.77460457568858,66.76642670993704,0.008177865751547303
REFUGE_Valid,SEARCH,20260907,1,Q3,OD,CS,100,83.37132665962997,83.36266212249208,0.00866453713788995
REFUGE_Valid,SEARCH,20260907,1,Q3,OC,CS,100,66.6834422246666,66.67638106860969,0.007061156056912515
REFUGE_Valid,SEARCH,20260907,1,Q3,OD,CC,100,83.09371354494203,83.08479543818919,0.008918106752831612
REFUGE_Valid,SEARCH,20260907,1,Q3,OC,CC,100,66.5097989809313,66.50409886624489,0.005700114686400581
REFUGE_Valid,SEARCH,20260907,1,Q3,OD,SAME64_HOLD,100,86.01448685397541,,
REFUGE_Valid,SEARCH,20260907,1,Q3,OC,SAME64_HOLD,100,68.03890846882635,,
REFUGE_Valid,SEARCH,20260907,1,Q3,OD,CROSS64_HOLD,100,83.69822617948932,,
REFUGE_Valid,SEARCH,20260907,1,Q3,OC,CROSS64_HOLD,100,67.36659605046388,,
REFUGE_Valid,SEARCH,20260907,1,Q3,OD,SOURCE_HOLD,100,84.35205902500844,,
REFUGE_Valid,SEARCH,20260907,1,Q3,OC,SOURCE_HOLD,100,67.88126808183193,,
REFUGE_Valid,SEARCH,20260907,1,Q3,OD,C_CONT,100,81.8975593875137,,
REFUGE_Valid,SEARCH,20260907,1,Q3,OC,C_CONT,100,65.94293750626323,,
REFUGE_Valid,SEARCH,20260907,1,Q3,OD,ANCHOR,100,80.6124336270454,,
REFUGE_Valid,SEARCH,20260907,1,Q3,OC,ANCHOR,100,65.04249865796707,,
REFUGE_Valid,SEALED_REVIEW,20260907,1,Q3,OD,SS,68,84.25629775601978,84.28694445153725,-0.030646695517472886
REFUGE_Valid,SEALED_REVIEW,20260907,1,Q3,OC,SS,68,63.73888685551046,63.7410074307725,-0.002120575262046395
REFUGE_Valid,SEALED_REVIEW,20260907,1,Q3,OD,SC,68,84.0500322507138,84.07664483756511,-0.026612586851327214
REFUGE_Valid,SEALED_REVIEW,20260907,1,Q3,OC,SC,68,63.6203002729774,63.62014802596166,0.00015224701573694522
REFUGE_Valid,SEALED_REVIEW,20260907,1,Q3,OD,CS,68,83.89437134374627,83.91911783790394,-0.024746494157678336
REFUGE_Valid,SEALED_REVIEW,20260907,1,Q3,OC,CS,68,63.56640809782699,63.56986114408877,-0.003453046261784511
REFUGE_Valid,SEALED_REVIEW,20260907,1,Q3,OD,CC,68,83.57966235019795,83.60688049118063,-0.02721814098269163
REFUGE_Valid,SEALED_REVIEW,20260907,1,Q3,OC,CC,68,63.397712757171206,63.399940377757126,-0.002227620585919325
REFUGE_Valid,SEALED_REVIEW,20260907,1,Q3,OD,SAME64_HOLD,68,87.39920219643696,,
REFUGE_Valid,SEALED_REVIEW,20260907,1,Q3,OC,SAME64_HOLD,68,65.25917052216437,,
REFUGE_Valid,SEALED_REVIEW,20260907,1,Q3,OD,CROSS64_HOLD,68,84.62321239605262,,
REFUGE_Valid,SEALED_REVIEW,20260907,1,Q3,OC,CROSS64_HOLD,68,65.29981489691463,,
REFUGE_Valid,SEALED_REVIEW,20260907,1,Q3,OD,SOURCE_HOLD,68,85.64679714140797,,
REFUGE_Valid,SEALED_REVIEW,20260907,1,Q3,OC,SOURCE_HOLD,68,65.81017819531509,,
REFUGE_Valid,SEALED_REVIEW,20260907,1,Q3,OD,C_CONT,68,82.23132760038561,,
REFUGE_Valid,SEALED_REVIEW,20260907,1,Q3,OC,C_CONT,68,62.835541161563846,,
REFUGE_Valid,SEALED_REVIEW,20260907,1,Q3,OD,ANCHOR,68,80.76775112759385,,
REFUGE_Valid,SEALED_REVIEW,20260907,1,Q3,OC,ANCHOR,68,61.90119751808041,,
REFUGE_Valid,SEARCH,20260907,1,Q4,OD,SS,120,81.31912418300796,81.32335538876715,-0.004231205759191679
REFUGE_Valid,SEARCH,20260907,1,Q4,OC,SS,120,63.92589286956696,63.92748290121718,-0.0015900316502151515
REFUGE_Valid,SEARCH,20260907,1,Q4,OD,SC,120,81.07066254154392,81.07692425052406,-0.006261708980130898
REFUGE_Valid,SEARCH,20260907,1,Q4,OC,SC,120,63.75746184418097,63.75998952231311,-0.0025276781321455686
REFUGE_Valid,SEARCH,20260907,1,Q4,OD,CS,120,80.68312888799365,80.6895582579934,-0.006429369999746878
REFUGE_Valid,SEARCH,20260907,1,Q4,OC,CS,120,63.64407967439308,63.64629365002442,-0.0022139756313369063
REFUGE_Valid,SEARCH,20260907,1,Q4,OD,CC,120,80.33994560695284,80.34714949299008,-0.007203886037243275
REFUGE_Valid,SEARCH,20260907,1,Q4,OC,CC,120,63.427669081975054,63.42939348757135,-0.001724405596291815
REFUGE_Valid,SEARCH,20260907,1,Q4,OD,SAME64_HOLD,120,85.60655177667482,,
REFUGE_Valid,SEARCH,20260907,1,Q4,OC,SAME64_HOLD,120,66.09530385735032,,
REFUGE_Valid,SEARCH,20260907,1,Q4,OD,CROSS64_HOLD,120,83.41109790387135,,
REFUGE_Valid,SEARCH,20260907,1,Q4,OC,CROSS64_HOLD,120,65.63287567887122,,
REFUGE_Valid,SEARCH,20260907,1,Q4,OD,SOURCE_HOLD,120,84.14496600459728,,
REFUGE_Valid,SEARCH,20260907,1,Q4,OC,SOURCE_HOLD,120,66.1779112713013,,
REFUGE_Valid,SEARCH,20260907,1,Q4,OD,C_CONT,120,78.83513432096262,,
REFUGE_Valid,SEARCH,20260907,1,Q4,OC,C_CONT,120,62.67816142954733,,
REFUGE_Valid,SEARCH,20260907,1,Q4,OD,ANCHOR,120,77.30117587562407,,
REFUGE_Valid,SEARCH,20260907,1,Q4,OC,ANCHOR,120,61.710289057203106,,
REFUGE_Valid,SEALED_REVIEW,20260907,1,Q4,OD,SS,52,84.11934143485658,84.11925380376094,8.763109563163335e-05
REFUGE_Valid,SEALED_REVIEW,20260907,1,Q4,OC,SS,52,65.78641500065213,65.79056487592591,-0.00414987527377726
REFUGE_Valid,SEALED_REVIEW,20260907,1,Q4,OD,SC,52,83.90971607497364,83.91342070748094,-0.0037046325072955712
REFUGE_Valid,SEALED_REVIEW,20260907,1,Q4,OC,SC,52,65.54691049037751,65.55180833077911,-0.004897840401610983
REFUGE_Valid,SEALED_REVIEW,20260907,1,Q4,OD,CS,52,83.595930251655,83.60445973966347,-0.008529488008474511
REFUGE_Valid,SEALED_REVIEW,20260907,1,Q4,OC,CS,52,65.28810301049147,65.2941431884829,-0.006040177991435478
REFUGE_Valid,SEALED_REVIEW,20260907,1,Q4,OD,CC,52,83.27170944489349,83.2803405118183,-0.008631066924816942
REFUGE_Valid,SEALED_REVIEW,20260907,1,Q4,OC,CC,52,65.04475814261457,65.04792031786579,-0.0031621752512136845
REFUGE_Valid,SEALED_REVIEW,20260907,1,Q4,OD,SAME64_HOLD,52,88.28963510662733,,
REFUGE_Valid,SEALED_REVIEW,20260907,1,Q4,OC,SAME64_HOLD,52,68.05196348547715,,
REFUGE_Valid,SEALED_REVIEW,20260907,1,Q4,OD,CROSS64_HOLD,52,85.94945186624268,,
REFUGE_Valid,SEALED_REVIEW,20260907,1,Q4,OC,CROSS64_HOLD,52,67.24690651847048,,
REFUGE_Valid,SEALED_REVIEW,20260907,1,Q4,OD,SOURCE_HOLD,52,86.65493325849658,,
REFUGE_Valid,SEALED_REVIEW,20260907,1,Q4,OC,SOURCE_HOLD,52,67.93095673839925,,
REFUGE_Valid,SEALED_REVIEW,20260907,1,Q4,OD,C_CONT,52,81.81154127781072,,
REFUGE_Valid,SEALED_REVIEW,20260907,1,Q4,OC,C_CONT,52,64.21481959246535,,
REFUGE_Valid,SEALED_REVIEW,20260907,1,Q4,OD,ANCHOR,52,80.22850617685128,,
REFUGE_Valid,SEALED_REVIEW,20260907,1,Q4,OC,ANCHOR,52,63.17162791853317,,
ORIGA,SEARCH,17011,0,ALL,OD,SS,316,85.51695820753096,85.48305183983406,0.033906367696902986
ORIGA,SEARCH,17011,0,ALL,OC,SS,316,68.16443979075706,68.11061363888061,0.053826151876456965
ORIGA,SEARCH,17011,0,Q1,OD,SS,81,80.49031497120828,80.41848505960644,0.07182991160184168
ORIGA,SEARCH,17011,0,Q1,OC,SS,81,62.297641972594256,62.18515718124401,0.11248479135024399
ORIGA,SEARCH,17011,0,FIRST64,OD,SS,35,81.24022457450772,81.16816932727149,0.07205524723622743
ORIGA,SEARCH,17011,0,FIRST64,OC,SS,35,65.18329690108953,65.0879137636186,0.09538313747094185
ORIGA,SEARCH,17011,0,ALL,OD,SC,316,86.28127610211695,86.246690676018,0.03458542609893345
ORIGA,SEARCH,17011,0,ALL,OC,SC,316,68.95795256984286,68.9029220133478,0.055030556495046505
ORIGA,SEARCH,17011,0,Q1,OD,SC,81,81.40261647491886,81.31864294324312,0.08397353167574158
ORIGA,SEARCH,17011,0,Q1,OC,SC,81,63.363423966079125,63.23905567764767,0.1243682884314495
ORIGA,SEARCH,17011,0,FIRST64,OD,SC,35,81.65131018480855,81.55694228471813,0.09436790009042977
ORIGA,SEARCH,17011,0,FIRST64,OC,SC,35,65.50000835385349,65.36984835163366,0.13016000221981844
ORIGA,SEARCH,17011,0,ALL,OD,CS,316,84.73188698717541,84.69104026472732,0.04084672244809854
ORIGA,SEARCH,17011,0,ALL,OC,CS,316,67.20682643910412,67.15067166223419,0.05615477686992912
ORIGA,SEARCH,17011,0,Q1,OD,CS,81,78.71397802171622,78.62768921851465,0.08628880320155623
ORIGA,SEARCH,17011,0,Q1,OC,CS,81,59.73229434239441,59.620553503488104,0.11174083890630553
ORIGA,SEARCH,17011,0,FIRST64,OD,CS,35,79.48885909533928,79.40018434760097,0.08867474773832207
ORIGA,SEARCH,17011,0,FIRST64,OC,CS,35,62.745970303645116,62.63181950696721,0.11415079667790072
ORIGA,SEARCH,17011,0,ALL,OD,CC,316,85.5339939070203,85.49324177295293,0.04075213406736728
ORIGA,SEARCH,17011,0,ALL,OC,CC,316,68.04050611371365,67.97513938209677,0.06536673161687469
ORIGA,SEARCH,17011,0,Q1,OD,CC,81,79.68194447805217,79.58350679378576,0.09843768426640476
ORIGA,SEARCH,17011,0,Q1,OC,CC,81,60.87513095424304,60.72073573411115,0.15439522013189141
ORIGA,SEARCH,17011,0,FIRST64,OD,CC,35,79.96049721000604,79.84981189566773,0.11068531433831494
ORIGA,SEARCH,17011,0,FIRST64,OC,CC,35,63.17604956037939,63.014049462689044,0.16200009769034066
ORIGA,SEARCH,17011,0,ALL,OD,SAME64_HOLD,316,78.93753453335653,,
ORIGA,SEARCH,17011,0,ALL,OC,SAME64_HOLD,316,60.64306614756627,,
ORIGA,SEARCH,17011,0,Q1,OD,SAME64_HOLD,81,76.38737055751682,,
ORIGA,SEARCH,17011,0,Q1,OC,SAME64_HOLD,81,57.40691756317282,,
ORIGA,SEARCH,17011,0,FIRST64,OD,SAME64_HOLD,35,79.72257313358972,,
ORIGA,SEARCH,17011,0,FIRST64,OC,SAME64_HOLD,35,63.32734434660551,,
ORIGA,SEARCH,17011,0,ALL,OD,CROSS64_HOLD,316,76.30600108229505,,
ORIGA,SEARCH,17011,0,ALL,OC,CROSS64_HOLD,316,57.64394401886275,,
ORIGA,SEARCH,17011,0,Q1,OD,CROSS64_HOLD,81,73.63885572176414,,
ORIGA,SEARCH,17011,0,Q1,OC,CROSS64_HOLD,81,54.189699480992225,,
ORIGA,SEARCH,17011,0,FIRST64,OD,CROSS64_HOLD,35,77.2550831617076,,
ORIGA,SEARCH,17011,0,FIRST64,OC,CROSS64_HOLD,35,59.99734513058286,,
ORIGA,SEARCH,17011,0,ALL,OD,SOURCE_HOLD,316,75.50920320760306,,
ORIGA,SEARCH,17011,0,ALL,OC,SOURCE_HOLD,316,56.51189852699288,,
ORIGA,SEARCH,17011,0,Q1,OD,SOURCE_HOLD,81,72.97912470636965,,
ORIGA,SEARCH,17011,0,Q1,OC,SOURCE_HOLD,81,52.9323997048062,,
ORIGA,SEARCH,17011,0,FIRST64,OD,SOURCE_HOLD,35,76.60120354790617,,
ORIGA,SEARCH,17011,0,FIRST64,OC,SOURCE_HOLD,35,58.72587043999013,,
ORIGA,SEARCH,17011,0,ALL,OD,C_CONT,316,88.46395290525652,,
ORIGA,SEARCH,17011,0,ALL,OC,C_CONT,316,72.04237537045253,,
ORIGA,SEARCH,17011,0,Q1,OD,C_CONT,81,84.88204298771002,,
ORIGA,SEARCH,17011,0,Q1,OC,C_CONT,81,67.99596759787285,,
ORIGA,SEARCH,17011,0,FIRST64,OD,C_CONT,35,85.22193877439412,,
ORIGA,SEARCH,17011,0,FIRST64,OC,C_CONT,35,69.63141509555442,,
ORIGA,SEARCH,17011,0,ALL,OD,ANCHOR,316,88.96667064652257,,
ORIGA,SEARCH,17011,0,ALL,OC,ANCHOR,316,72.48150933781969,,
ORIGA,SEARCH,17011,0,Q1,OD,ANCHOR,81,85.69459699485434,,
ORIGA,SEARCH,17011,0,Q1,OC,ANCHOR,81,68.36170893748388,,
ORIGA,SEARCH,17011,0,FIRST64,OD,ANCHOR,35,86.06676201432528,,
ORIGA,SEARCH,17011,0,FIRST64,OC,ANCHOR,35,70.06453910516896,,
ORIGA,SEALED_REVIEW,17011,0,ALL,OD,SS,210,86.1765158802623,86.14099339610794,0.03552248415434196
ORIGA,SEALED_REVIEW,17011,0,ALL,OC,SS,210,71.20757196878391,71.1579325834087,0.04963938537522281
ORIGA,SEALED_REVIEW,17011,0,Q1,OD,SS,46,81.21395946916657,81.11025007252408,0.10370939664248759
ORIGA,SEALED_REVIEW,17011,0,Q1,OC,SS,46,64.94867871502527,64.82879173885252,0.11988697617276599
ORIGA,SEALED_REVIEW,17011,0,FIRST64,OD,SS,20,79.63876544312343,79.52308577921026,0.11567966391317018
ORIGA,SEALED_REVIEW,17011,0,FIRST64,OC,SS,20,62.01998102727303,61.861446561969345,0.15853446530368376
ORIGA,SEALED_REVIEW,17011,0,ALL,OD,SC,210,86.92303901396573,86.88522744981218,0.03781156415356865
ORIGA,SEALED_REVIEW,17011,0,ALL,OC,SC,210,71.85347293790001,71.80862341127016,0.04484952662984817
ORIGA,SEALED_REVIEW,17011,0,Q1,OD,SC,46,82.24874408599288,82.12566064056567,0.1230834454272204
ORIGA,SEALED_REVIEW,17011,0,Q1,OC,SC,46,65.92979900762057,65.78548931753555,0.14430969008502298
ORIGA,SEALED_REVIEW,17011,0,FIRST64,OD,SC,20,80.15856677115771,80.00055951097521,0.15800726018249445
ORIGA,SEALED_REVIEW,17011,0,FIRST64,OC,SC,20,62.64367390775361,62.410429734919724,0.2332441728338724
ORIGA,SEALED_REVIEW,17011,0,ALL,OD,CS,210,85.3348589255051,85.28823562554402,0.046623299961091255
ORIGA,SEALED_REVIEW,17011,0,ALL,OC,CS,210,70.22641925418966,70.15692055120756,0.06949870298209725
ORIGA,SEALED_REVIEW,17011,0,Q1,OD,CS,46,79.07962698376615,78.94070891084817,0.1389180729179797
ORIGA,SEALED_REVIEW,17011,0,Q1,OC,CS,46,62.42573612968126,62.24127744207352,0.18445868760775405
ORIGA,SEALED_REVIEW,17011,0,FIRST64,OD,CS,20,77.19033542602092,76.99890035377199,0.19143507224893136
ORIGA,SEALED_REVIEW,17011,0,FIRST64,OC,CS,20,59.40454235321657,59.15238241365349,0.25215993956308125
ORIGA,SEALED_REVIEW,17011,0,ALL,OD,CC,210,86.119630285691,86.06848404605174,0.05114623963927639
ORIGA,SEALED_REVIEW,17011,0,ALL,OC,CC,210,71.04966672756956,70.97463050263984,0.07503622492971487
ORIGA,SEALED_REVIEW,17011,0,Q1,OD,CC,46,80.2294920518984,80.06192534569084,0.16756670620757072
ORIGA,SEALED_REVIEW,17011,0,Q1,OC,CC,46,63.766856936168104,63.55801542965456,0.20884150651354944
ORIGA,SEALED_REVIEW,17011,0,FIRST64,OD,CC,20,77.86074890997801,77.61779335576013,0.2429555542178938
ORIGA,SEALED_REVIEW,17011,0,FIRST64,OC,CC,20,60.233097652332425,59.91250352703217,0.3205941253002637
ORIGA,SEALED_REVIEW,17011,0,ALL,OD,SAME64_HOLD,210,79.82429300348892,,
ORIGA,SEALED_REVIEW,17011,0,ALL,OC,SAME64_HOLD,210,64.38553820088381,,
ORIGA,SEALED_REVIEW,17011,0,Q1,OD,SAME64_HOLD,46,76.57385715816487,,
ORIGA,SEALED_REVIEW,17011,0,Q1,OC,SAME64_HOLD,46,58.668458077183395,,
ORIGA,SEALED_REVIEW,17011,0,FIRST64,OD,SAME64_HOLD,20,77.64052046397487,,
ORIGA,SEALED_REVIEW,17011,0,FIRST64,OC,SAME64_HOLD,20,59.48568914910726,,
ORIGA,SEALED_REVIEW,17011,0,ALL,OD,CROSS64_HOLD,210,76.99201465130767,,
ORIGA,SEALED_REVIEW,17011,0,ALL,OC,CROSS64_HOLD,210,61.1949533809881,,
ORIGA,SEALED_REVIEW,17011,0,Q1,OD,CROSS64_HOLD,46,72.65465933945183,,
ORIGA,SEALED_REVIEW,17011,0,Q1,OC,CROSS64_HOLD,46,54.95744846939109,,
ORIGA,SEALED_REVIEW,17011,0,FIRST64,OD,CROSS64_HOLD,20,73.89605071895929,,
ORIGA,SEALED_REVIEW,17011,0,FIRST64,OC,CROSS64_HOLD,20,55.74358626002102,,
ORIGA,SEALED_REVIEW,17011,0,ALL,OD,SOURCE_HOLD,210,76.05669554999056,,
ORIGA,SEALED_REVIEW,17011,0,ALL,OC,SOURCE_HOLD,210,59.84718756382246,,
ORIGA,SEALED_REVIEW,17011,0,Q1,OD,SOURCE_HOLD,46,71.56840782361881,,
ORIGA,SEALED_REVIEW,17011,0,Q1,OC,SOURCE_HOLD,46,53.35239728786239,,
ORIGA,SEALED_REVIEW,17011,0,FIRST64,OD,SOURCE_HOLD,20,72.66927535917436,,
ORIGA,SEALED_REVIEW,17011,0,FIRST64,OC,SOURCE_HOLD,20,53.89018496055126,,
ORIGA,SEALED_REVIEW,17011,0,ALL,OD,C_CONT,210,89.00576900739459,,
ORIGA,SEALED_REVIEW,17011,0,ALL,OC,C_CONT,210,74.48809015351327,,
ORIGA,SEALED_REVIEW,17011,0,Q1,OD,C_CONT,46,86.16182900952047,,
ORIGA,SEALED_REVIEW,17011,0,Q1,OC,C_CONT,46,71.34655670726045,,
ORIGA,SEALED_REVIEW,17011,0,FIRST64,OD,C_CONT,20,84.59555285679106,,
ORIGA,SEALED_REVIEW,17011,0,FIRST64,OC,C_CONT,20,69.21877368620207,,
ORIGA,SEALED_REVIEW,17011,0,ALL,OD,ANCHOR,210,89.48843901850606,,
ORIGA,SEALED_REVIEW,17011,0,ALL,OC,ANCHOR,210,74.88815531729774,,
ORIGA,SEALED_REVIEW,17011,0,Q1,OD,ANCHOR,46,86.94378635791156,,
ORIGA,SEALED_REVIEW,17011,0,Q1,OC,ANCHOR,46,71.7545866059472,,
ORIGA,SEALED_REVIEW,17011,0,FIRST64,OD,ANCHOR,20,85.44844481949038,,
ORIGA,SEALED_REVIEW,17011,0,FIRST64,OC,ANCHOR,20,69.52790904600775,,
ORIGA,SEARCH,17011,0,Q2,OD,SS,70,83.81383771817814,83.78116342622434,0.03267429195379479
ORIGA,SEARCH,17011,0,Q2,OC,SS,70,66.09837275156438,66.04925322711456,0.04911952444980867
ORIGA,SEARCH,17011,0,Q2,OD,SC,70,84.7608963398114,84.73745442367651,0.023441916134882477
ORIGA,SEARCH,17011,0,Q2,OC,SC,70,67.0635998494013,67.02015896301555,0.04344088638575621
ORIGA,SEARCH,17011,0,Q2,OD,CS,70,83.10440983267476,83.06054133128133,0.0438685013934321
ORIGA,SEARCH,17011,0,Q2,OC,CS,70,65.5060047632341,65.44986723195322,0.056137531280887054
ORIGA,SEARCH,17011,0,Q2,OD,CC,70,84.11480353059673,84.08175300901637,0.03305052158037495
ORIGA,SEARCH,17011,0,Q2,OC,CC,70,66.43934520616709,66.39300352805589,0.04634167811119852
ORIGA,SEARCH,17011,0,Q2,OD,SAME64_HOLD,70,76.33725376400785,,
ORIGA,SEARCH,17011,0,Q2,OC,SAME64_HOLD,70,57.829541124825504,,
ORIGA,SEARCH,17011,0,Q2,OD,CROSS64_HOLD,70,73.05055006283048,,
ORIGA,SEARCH,17011,0,Q2,OC,CROSS64_HOLD,70,54.18806152680193,,
ORIGA,SEARCH,17011,0,Q2,OD,SOURCE_HOLD,70,71.55913998567341,,
ORIGA,SEARCH,17011,0,Q2,OC,SOURCE_HOLD,70,52.667386781161326,,
ORIGA,SEARCH,17011,0,Q2,OD,C_CONT,70,87.1488295100878,,
ORIGA,SEARCH,17011,0,Q2,OC,C_CONT,70,71.09978352572536,,
ORIGA,SEARCH,17011,0,Q2,OD,ANCHOR,70,87.75971962068087,,
ORIGA,SEARCH,17011,0,Q2,OC,ANCHOR,70,71.62710306861307,,
ORIGA,SEALED_REVIEW,17011,0,Q2,OD,SS,62,84.61066286212431,84.57915100754649,0.031511854577829665
ORIGA,SEALED_REVIEW,17011,0,Q2,OC,SS,62,70.32332567380625,70.25737209264103,0.06595358116522164
ORIGA,SEALED_REVIEW,17011,0,Q2,OD,SC,62,85.49277340622697,85.46978737045298,0.02298603577400036
ORIGA,SEALED_REVIEW,17011,0,Q2,OC,SC,62,71.309216513649,71.27485998232828,0.03435653132074304
ORIGA,SEALED_REVIEW,17011,0,Q2,OD,CS,62,83.80941150603644,83.76848366725547,0.040927838780987595
ORIGA,SEALED_REVIEW,17011,0,Q2,OC,CS,62,69.13159223150758,69.04817237125171,0.08341986025585937
ORIGA,SEALED_REVIEW,17011,0,Q2,OD,CC,62,84.72412858061,84.68871384744821,0.03541473316179177
ORIGA,SEALED_REVIEW,17011,0,Q2,OC,CC,62,70.38726341385939,70.30656513396403,0.08069827989535189
ORIGA,SEALED_REVIEW,17011,0,Q2,OD,SAME64_HOLD,62,76.12346599023083,,
ORIGA,SEALED_REVIEW,17011,0,Q2,OC,SAME64_HOLD,62,61.370406380578515,,
ORIGA,SEALED_REVIEW,17011,0,Q2,OD,CROSS64_HOLD,62,72.77355327058974,,
ORIGA,SEALED_REVIEW,17011,0,Q2,OC,CROSS64_HOLD,62,57.24093548833711,,
ORIGA,SEALED_REVIEW,17011,0,Q2,OD,SOURCE_HOLD,62,71.38839435425128,,
ORIGA,SEALED_REVIEW,17011,0,Q2,OC,SOURCE_HOLD,62,55.10002715955557,,
ORIGA,SEALED_REVIEW,17011,0,Q2,OD,C_CONT,62,87.58274192144756,,
ORIGA,SEALED_REVIEW,17011,0,Q2,OC,C_CONT,62,74.17140505279643,,
ORIGA,SEALED_REVIEW,17011,0,Q2,OD,ANCHOR,62,88.12233861466586,,
ORIGA,SEALED_REVIEW,17011,0,Q2,OC,ANCHOR,62,74.66997229867138,,
ORIGA,SEALED_REVIEW,17011,0,Q3,OD,SS,45,85.88902655916092,85.87862724463496,0.010399314525966208
ORIGA,SEALED_REVIEW,17011,0,Q3,OC,SS,45,70.62511061242715,70.61503608917718,0.010074523249968086
ORIGA,SEALED_REVIEW,17011,0,Q3,OD,SC,45,86.57327670963889,86.56083787789002,0.012438831748861932
ORIGA,SEALED_REVIEW,17011,0,Q3,OC,SC,45,71.07327607832543,71.0652765297467,0.007999548578723327
ORIGA,SEALED_REVIEW,17011,0,Q3,OD,CS,45,85.57171766345631,85.55863637308748,0.013081290368827474
ORIGA,SEALED_REVIEW,17011,0,Q3,OC,CS,45,70.49161607578701,70.48225174807611,0.00936432771090333
ORIGA,SEALED_REVIEW,17011,0,Q3,OD,CC,45,86.24772171723664,86.2343747013765,0.013347015860159454
ORIGA,SEALED_REVIEW,17011,0,Q3,OC,CC,45,70.98296528351976,70.96855497580181,0.014410307717948663
ORIGA,SEALED_REVIEW,17011,0,Q3,OD,SAME64_HOLD,45,77.41864318176033,,
ORIGA,SEALED_REVIEW,17011,0,Q3,OC,SAME64_HOLD,45,60.14922642852888,,
ORIGA,SEALED_REVIEW,17011,0,Q3,OD,CROSS64_HOLD,45,74.23943946207302,,
ORIGA,SEALED_REVIEW,17011,0,Q3,OC,CROSS64_HOLD,45,56.580964388541375,,
ORIGA,SEALED_REVIEW,17011,0,Q3,OD,SOURCE_HOLD,45,73.13453177530263,,
ORIGA,SEALED_REVIEW,17011,0,Q3,OC,SOURCE_HOLD,45,55.25252493968499,,
ORIGA,SEALED_REVIEW,17011,0,Q3,OD,C_CONT,45,88.54556569465637,,
ORIGA,SEALED_REVIEW,17011,0,Q3,OC,C_CONT,45,73.61656859648986,,
ORIGA,SEALED_REVIEW,17011,0,Q3,OD,ANCHOR,45,89.10755620532078,,
ORIGA,SEALED_REVIEW,17011,0,Q3,OC,ANCHOR,45,73.96353759211964,,
ORIGA,SEARCH,17011,0,Q3,OD,SS,88,86.55992935810393,86.53572276759182,0.024206590512091473
ORIGA,SEARCH,17011,0,Q3,OC,SS,88,68.58056639817679,68.53426830438161,0.046298093795164044
ORIGA,SEARCH,17011,0,Q3,OD,SC,88,87.27387991961973,87.25088794087684,0.02299197874288508
ORIGA,SEARCH,17011,0,Q3,OC,SC,88,69.40506661677591,69.35864962851372,0.04641698826219608
ORIGA,SEARCH,17011,0,Q3,OD,CS,88,86.18483476898507,86.15852093761457,0.026313831370488264
ORIGA,SEARCH,17011,0,Q3,OC,CS,88,68.17785020508765,68.12831272267957,0.0495374824080905
ORIGA,SEARCH,17011,0,Q3,OD,CC,88,86.92138441758104,86.89705953227562,0.024324885305415402
ORIGA,SEARCH,17011,0,Q3,OC,CC,88,69.08314216477405,69.03357782648473,0.049564338289327846
ORIGA,SEARCH,17011,0,Q3,OD,SAME64_HOLD,88,76.44696708409936,,
ORIGA,SEARCH,17011,0,Q3,OC,SAME64_HOLD,88,55.432403779801994,,
ORIGA,SEARCH,17011,0,Q3,OD,CROSS64_HOLD,88,73.0687161925278,,
ORIGA,SEARCH,17011,0,Q3,OC,CROSS64_HOLD,88,51.5655550696395,,
ORIGA,SEARCH,17011,0,Q3,OD,SOURCE_HOLD,88,72.09234715950387,,
ORIGA,SEARCH,17011,0,Q3,OC,SOURCE_HOLD,88,50.082464909498334,,
ORIGA,SEARCH,17011,0,Q3,OD,C_CONT,88,89.26339237229418,,
ORIGA,SEARCH,17011,0,Q3,OC,C_CONT,88,72.55224851662562,,
ORIGA,SEARCH,17011,0,Q3,OD,ANCHOR,88,89.76579073194925,,
ORIGA,SEARCH,17011,0,Q3,OC,ANCHOR,88,72.99712667991419,,
ORIGA,SEARCH,17011,0,Q4,OD,SS,77,91.16105009254932,91.15483179448903,0.006218298060292003
ORIGA,SEARCH,17011,0,Q4,OC,SS,77,75.73867582402642,75.73367326651824,0.005002557508176547
ORIGA,SEARCH,17011,0,Q4,OD,SC,77,91.66113165048304,91.65511982811016,0.006011822372886234
ORIGA,SEARCH,17011,0,Q4,OC,SC,77,76.05425739069564,76.05178638452146,0.002471006174170116
ORIGA,SEARCH,17011,0,Q4,OD,CS,77,90.881427535461,90.87452157473204,0.006905960728959354
ORIGA,SEARCH,17011,0,Q4,OC,CS,77,75.50610599414095,75.50084656689533,0.005259427245620727
ORIGA,SEARCH,17011,0,Q4,OD,CC,77,91.39462981827643,91.38878442188414,0.005845396392291855
ORIGA,SEARCH,17011,0,Q4,OC,CC,77,75.8421253208833,75.83505655305208,0.007068767831226567
ORIGA,SEARCH,17011,0,Q4,OD,SAME64_HOLD,77,86.83042896753904,,
ORIGA,SEARCH,17011,0,Q4,OC,SAME64_HOLD,77,72.56011907342314,,
ORIGA,SEARCH,17011,0,Q4,OD,CROSS64_HOLD,77,85.77095453508785,,
ORIGA,SEARCH,17011,0,Q4,OC,CROSS64_HOLD,77,71.36607141553046,,
ORIGA,SEARCH,17011,0,Q4,OD,SOURCE_HOLD,77,85.66665926432658,,
ORIGA,SEARCH,17011,0,Q4,OC,SOURCE_HOLD,77,71.12028015225066,,
ORIGA,SEARCH,17011,0,Q4,OD,C_CONT,77,92.51385768296771,,
ORIGA,SEARCH,17011,0,Q4,OC,C_CONT,77,76.57317565417496,,
ORIGA,SEARCH,17011,0,Q4,OD,ANCHOR,77,92.59267025790565,,
ORIGA,SEARCH,17011,0,Q4,OC,ANCHOR,77,77.00278135298004,,
ORIGA,SEALED_REVIEW,17011,0,Q4,OD,SS,57,92.11155976595562,92.10686879596679,0.004690969988832707
ORIGA,SEALED_REVIEW,17011,0,Q4,OC,SS,57,77.68025830207456,77.67381980301566,0.0064384990588991125
ORIGA,SEALED_REVIEW,17011,0,Q4,OD,SC,57,92.52713266416333,92.52197988634035,0.005152777822990697
ORIGA,SEALED_REVIEW,17011,0,Q4,OC,SC,57,77.84192482872932,77.83683587749374,0.005088951235586666
ORIGA,SEALED_REVIEW,17011,0,Q4,OD,CS,57,91.85520569952695,91.85039030362196,0.004815395904975979
ORIGA,SEALED_REVIEW,17011,0,Q4,OC,CS,57,77.50320595878256,77.49414978486273,0.009056173919821114
ORIGA,SEALED_REVIEW,17011,0,Q4,OD,CC,57,92.28986449709326,92.2857186607957,0.004145836297570609
ORIGA,SEALED_REVIEW,17011,0,Q4,OC,CC,57,77.70018990014391,77.69143304514748,0.008756854996444616
ORIGA,SEALED_REVIEW,17011,0,Q4,OD,SAME64_HOLD,57,88.37210994532566,,
ORIGA,SEALED_REVIEW,17011,0,Q4,OC,SAME64_HOLD,57,75.62339589044733,,
ORIGA,SEALED_REVIEW,17011,0,Q4,OD,CROSS64_HOLD,57,87.25392401035049,,
ORIGA,SEALED_REVIEW,17011,0,Q4,OC,CROSS64_HOLD,57,74.17221373077629,,
ORIGA,SEALED_REVIEW,17011,0,Q4,OD,SOURCE_HOLD,57,87.06359518876067,,
ORIGA,SEALED_REVIEW,17011,0,Q4,OC,SOURCE_HOLD,57,73.87954047338205,,
ORIGA,SEALED_REVIEW,17011,0,Q4,OD,C_CONT,57,93.2120509074673,,
ORIGA,SEALED_REVIEW,17011,0,Q4,OC,C_CONT,57,78.05587058926994,,
ORIGA,SEALED_REVIEW,17011,0,Q4,OD,ANCHOR,57,93.32864908901092,,
ORIGA,SEALED_REVIEW,17011,0,Q4,OC,ANCHOR,57,78.38428348413943,,
REFUGE_Valid,SEARCH,17011,0,ALL,OD,SS,406,83.97649891235002,83.96482964680342,0.011669265546589086
REFUGE_Valid,SEARCH,17011,0,ALL,OC,SS,406,65.30936946965285,65.3074078631074,0.0019616065454539445
REFUGE_Valid,SEARCH,17011,0,Q1,OD,SS,97,84.28813171227442,84.24967915419798,0.03845255807644375
REFUGE_Valid,SEARCH,17011,0,Q1,OC,SS,97,63.680736819380336,63.68534426891226,-0.004607449531923083
REFUGE_Valid,SEARCH,17011,0,FIRST64,OD,SS,39,83.73784674733544,83.6766019804317,0.061244766903742115
REFUGE_Valid,SEARCH,17011,0,FIRST64,OC,SS,39,64.7259974078523,64.72036575917008,0.005631648682210612
REFUGE_Valid,SEARCH,17011,0,ALL,OD,SC,406,83.9431280348716,83.92988266359748,0.013245371274118184
REFUGE_Valid,SEARCH,17011,0,ALL,OC,SC,406,65.27682605786612,65.27672663135911,9.942650699068304e-05
REFUGE_Valid,SEARCH,17011,0,Q1,OD,SC,97,84.15352251687683,84.11448847073704,0.0390340461397823
REFUGE_Valid,SEARCH,17011,0,Q1,OC,SC,97,63.59001051021041,63.59749603822553,-0.00748552801511654
REFUGE_Valid,SEARCH,17011,0,FIRST64,OD,SC,39,83.61657474249063,83.55374505567194,0.06282968681868227
REFUGE_Valid,SEARCH,17011,0,FIRST64,OC,SC,39,64.65225646150803,64.65148422398786,0.0007722375201552768
REFUGE_Valid,SEARCH,17011,0,ALL,OD,CS,406,82.87200672389937,82.861994988876,0.010011735023367075
REFUGE_Valid,SEARCH,17011,0,ALL,OC,CS,406,64.63741558232367,64.63506697239845,0.0023486099252099054
REFUGE_Valid,SEARCH,17011,0,Q1,OD,CS,97,83.44165073826835,83.3889985144546,0.052652223813733696
REFUGE_Valid,SEARCH,17011,0,Q1,OC,CS,97,63.09832496563052,63.09245276451742,0.005872201113091194
REFUGE_Valid,SEARCH,17011,0,FIRST64,OD,CS,39,81.88261092399853,81.77050303261954,0.11210789137897424
REFUGE_Valid,SEARCH,17011,0,FIRST64,OC,CS,39,64.0102254612511,63.98288943486982,0.027336026381289773
REFUGE_Valid,SEARCH,17011,0,ALL,OD,CC,406,82.73274336844507,82.72351730415336,0.00922606429171984
REFUGE_Valid,SEARCH,17011,0,ALL,OC,CC,406,64.5580180982506,64.55812024813135,-0.00010214988074242746
REFUGE_Valid,SEARCH,17011,0,Q1,OD,CC,97,83.22942500013548,83.18034438346373,0.04908061667175613
REFUGE_Valid,SEARCH,17011,0,Q1,OC,CC,97,62.93369932381769,62.93596087674139,-0.0022615529236963703
REFUGE_Valid,SEARCH,17011,0,FIRST64,OD,CC,39,81.64734949256386,81.54296278918744,0.10438670337641227
REFUGE_Valid,SEARCH,17011,0,FIRST64,OC,CC,39,63.807006901905226,63.79443397324176,0.012572928663463661
REFUGE_Valid,SEARCH,17011,0,ALL,OD,SAME64_HOLD,406,85.90404976971188,,
REFUGE_Valid,SEARCH,17011,0,ALL,OC,SAME64_HOLD,406,66.50505110922509,,
REFUGE_Valid,SEARCH,17011,0,Q1,OD,SAME64_HOLD,97,84.5887276744039,,
REFUGE_Valid,SEARCH,17011,0,Q1,OC,SAME64_HOLD,97,63.97988244799707,,
REFUGE_Valid,SEARCH,17011,0,FIRST64,OD,SAME64_HOLD,39,83.90464872939192,,
REFUGE_Valid,SEARCH,17011,0,FIRST64,OC,SAME64_HOLD,39,64.83791359020886,,
REFUGE_Valid,SEARCH,17011,0,ALL,OD,CROSS64_HOLD,406,83.01023430352878,,
REFUGE_Valid,SEARCH,17011,0,ALL,OC,CROSS64_HOLD,406,65.57440222389309,,
REFUGE_Valid,SEARCH,17011,0,Q1,OD,CROSS64_HOLD,97,81.35730455542262,,
REFUGE_Valid,SEARCH,17011,0,Q1,OC,CROSS64_HOLD,97,62.676685892553174,,
REFUGE_Valid,SEARCH,17011,0,FIRST64,OD,CROSS64_HOLD,39,80.47964026858125,,
REFUGE_Valid,SEARCH,17011,0,FIRST64,OC,CROSS64_HOLD,39,63.53696053209694,,
REFUGE_Valid,SEARCH,17011,0,ALL,OD,SOURCE_HOLD,406,84.08452106164629,,
REFUGE_Valid,SEARCH,17011,0,ALL,OC,SOURCE_HOLD,406,66.39393397143391,,
REFUGE_Valid,SEARCH,17011,0,Q1,OD,SOURCE_HOLD,97,82.65345888508554,,
REFUGE_Valid,SEARCH,17011,0,Q1,OC,SOURCE_HOLD,97,63.65922344112908,,
REFUGE_Valid,SEARCH,17011,0,FIRST64,OD,SOURCE_HOLD,39,81.90239752216513,,
REFUGE_Valid,SEARCH,17011,0,FIRST64,OC,SOURCE_HOLD,39,64.53460729301077,,
REFUGE_Valid,SEARCH,17011,0,ALL,OD,C_CONT,406,79.85571183286191,,
REFUGE_Valid,SEARCH,17011,0,ALL,OC,C_CONT,406,60.081254174959575,,
REFUGE_Valid,SEARCH,17011,0,Q1,OD,C_CONT,97,79.04569902678699,,
REFUGE_Valid,SEARCH,17011,0,Q1,OC,C_CONT,97,57.85165857978421,,
REFUGE_Valid,SEARCH,17011,0,FIRST64,OD,C_CONT,39,78.07113234551312,,
REFUGE_Valid,SEARCH,17011,0,FIRST64,OC,C_CONT,39,59.07616033392053,,
REFUGE_Valid,SEARCH,17011,0,ALL,OD,ANCHOR,406,81.13176716222667,,
REFUGE_Valid,SEARCH,17011,0,ALL,OC,ANCHOR,406,60.088960187646954,,
REFUGE_Valid,SEARCH,17011,0,Q1,OD,ANCHOR,97,79.98253851045982,,
REFUGE_Valid,SEARCH,17011,0,Q1,OC,ANCHOR,97,57.64112928258034,,
REFUGE_Valid,SEARCH,17011,0,FIRST64,OD,ANCHOR,39,78.88170152011931,,
REFUGE_Valid,SEARCH,17011,0,FIRST64,OC,ANCHOR,39,58.82795603088841,,
REFUGE_Valid,SEALED_REVIEW,17011,0,ALL,OD,SS,269,85.83605830258583,85.84596306161548,-0.009904759029662362
REFUGE_Valid,SEALED_REVIEW,17011,0,ALL,OC,SS,269,65.8207189861063,65.8229999254017,-0.002280939295400094
REFUGE_Valid,SEALED_REVIEW,17011,0,Q1,OD,SS,69,86.34431800106897,86.3566025597872,-0.012284558718229097
REFUGE_Valid,SEALED_REVIEW,17011,0,Q1,OC,SS,69,65.0781668316574,65.07392744820196,0.004239383455438421
REFUGE_Valid,SEALED_REVIEW,17011,0,FIRST64,OD,SS,20,88.50564388922551,88.50056394909849,0.005079940127010185
REFUGE_Valid,SEALED_REVIEW,17011,0,FIRST64,OC,SS,20,67.54805798814633,67.55453041892963,-0.006472430783299176
REFUGE_Valid,SEALED_REVIEW,17011,0,ALL,OD,SC,269,85.79446294271793,85.80581400213842,-0.011351059420488196
REFUGE_Valid,SEALED_REVIEW,17011,0,ALL,OC,SC,269,65.77968780460434,65.7815554431096,-0.0018676385052635168
REFUGE_Valid,SEALED_REVIEW,17011,0,Q1,OD,SC,69,86.2373952579306,86.25124749168222,-0.013852233751614712
REFUGE_Valid,SEALED_REVIEW,17011,0,Q1,OC,SC,69,65.02572569451208,65.01783323562125,0.00789245889080362
REFUGE_Valid,SEALED_REVIEW,17011,0,FIRST64,OD,SC,20,88.44678929765081,88.44340647100577,0.003382826645038084
REFUGE_Valid,SEALED_REVIEW,17011,0,FIRST64,OC,SC,20,67.63851204860148,67.64577895906669,-0.007266910465192622
REFUGE_Valid,SEALED_REVIEW,17011,0,ALL,OD,CS,269,84.87878904126515,84.89148511726026,-0.012696075995103457
REFUGE_Valid,SEALED_REVIEW,17011,0,ALL,OC,CS,269,65.20420273321157,65.20763812090743,-0.003435387695849362
REFUGE_Valid,SEALED_REVIEW,17011,0,Q1,OD,CS,69,85.87665388206153,85.88476835578138,-0.008114473719837399
REFUGE_Valid,SEALED_REVIEW,17011,0,Q1,OC,CS,69,64.79283428419903,64.78941714543,0.003417138769034914
REFUGE_Valid,SEALED_REVIEW,17011,0,FIRST64,OD,CS,20,87.65180090637044,87.6204256446558,0.03137526171463789
REFUGE_Valid,SEALED_REVIEW,17011,0,FIRST64,OC,CS,20,67.90860100651135,67.91110405672902,-0.002503050217675662
REFUGE_Valid,SEALED_REVIEW,17011,0,ALL,OD,CC,269,84.72793812305179,84.73952337305042,-0.011585249998624978
REFUGE_Valid,SEALED_REVIEW,17011,0,ALL,OC,CC,269,65.11491936609063,65.11583937183318,-0.0009200057425470819
REFUGE_Valid,SEALED_REVIEW,17011,0,Q1,OD,CC,69,85.65168433342349,85.65859028800602,-0.006905954582550893
REFUGE_Valid,SEALED_REVIEW,17011,0,Q1,OC,CC,69,64.66047621425737,64.6517546664744,0.008721547782960639
REFUGE_Valid,SEALED_REVIEW,17011,0,FIRST64,OD,CC,20,87.38910519358409,87.35872115923993,0.030384034344149713
REFUGE_Valid,SEALED_REVIEW,17011,0,FIRST64,OC,CC,20,67.76871288925058,67.75947831453486,0.009234574715719923
REFUGE_Valid,SEALED_REVIEW,17011,0,ALL,OD,SAME64_HOLD,269,87.78215902688964,,
REFUGE_Valid,SEALED_REVIEW,17011,0,ALL,OC,SAME64_HOLD,269,66.96074467841602,,
REFUGE_Valid,SEALED_REVIEW,17011,0,Q1,OD,SAME64_HOLD,69,86.86222407518467,,
REFUGE_Valid,SEALED_REVIEW,17011,0,Q1,OC,SAME64_HOLD,69,65.41190459693583,,
REFUGE_Valid,SEALED_REVIEW,17011,0,FIRST64,OD,SAME64_HOLD,20,88.71747734595593,,
REFUGE_Valid,SEALED_REVIEW,17011,0,FIRST64,OC,SAME64_HOLD,20,67.84055193568938,,
REFUGE_Valid,SEALED_REVIEW,17011,0,ALL,OD,CROSS64_HOLD,269,84.97038315802412,,
REFUGE_Valid,SEALED_REVIEW,17011,0,ALL,OC,CROSS64_HOLD,269,66.16322148397978,,
REFUGE_Valid,SEALED_REVIEW,17011,0,Q1,OD,CROSS64_HOLD,69,84.37149621219334,,
REFUGE_Valid,SEALED_REVIEW,17011,0,Q1,OC,CROSS64_HOLD,69,64.41169900468205,,
REFUGE_Valid,SEALED_REVIEW,17011,0,FIRST64,OD,CROSS64_HOLD,20,86.41821447796094,,
REFUGE_Valid,SEALED_REVIEW,17011,0,FIRST64,OC,CROSS64_HOLD,20,67.82522583778206,,
REFUGE_Valid,SEALED_REVIEW,17011,0,ALL,OD,SOURCE_HOLD,269,86.1588258244221,,
REFUGE_Valid,SEALED_REVIEW,17011,0,ALL,OC,SOURCE_HOLD,269,67.06294196122838,,
REFUGE_Valid,SEALED_REVIEW,17011,0,Q1,OD,SOURCE_HOLD,69,85.57440745098312,,
REFUGE_Valid,SEALED_REVIEW,17011,0,Q1,OC,SOURCE_HOLD,69,65.387031694222,,
REFUGE_Valid,SEALED_REVIEW,17011,0,FIRST64,OD,SOURCE_HOLD,20,87.71734701521636,,
REFUGE_Valid,SEALED_REVIEW,17011,0,FIRST64,OC,SOURCE_HOLD,20,68.6694185577723,,
REFUGE_Valid,SEALED_REVIEW,17011,0,ALL,OD,C_CONT,269,80.76185812370544,,
REFUGE_Valid,SEALED_REVIEW,17011,0,ALL,OC,C_CONT,269,60.25013089235107,,
REFUGE_Valid,SEALED_REVIEW,17011,0,Q1,OD,C_CONT,69,80.0397987495998,,
REFUGE_Valid,SEALED_REVIEW,17011,0,Q1,OC,C_CONT,69,59.37239402367911,,
REFUGE_Valid,SEALED_REVIEW,17011,0,FIRST64,OD,C_CONT,20,80.83507452683175,,
REFUGE_Valid,SEALED_REVIEW,17011,0,FIRST64,OC,C_CONT,20,62.16662285122122,,
REFUGE_Valid,SEALED_REVIEW,17011,0,ALL,OD,ANCHOR,269,81.90651819970033,,
REFUGE_Valid,SEALED_REVIEW,17011,0,ALL,OC,ANCHOR,269,60.23131139653366,,
REFUGE_Valid,SEALED_REVIEW,17011,0,Q1,OD,ANCHOR,69,80.92761395864304,,
REFUGE_Valid,SEALED_REVIEW,17011,0,Q1,OC,ANCHOR,69,59.16450082436443,,
REFUGE_Valid,SEALED_REVIEW,17011,0,FIRST64,OD,ANCHOR,20,81.32684339452977,,
REFUGE_Valid,SEALED_REVIEW,17011,0,FIRST64,OC,ANCHOR,20,61.886344517342316,,
REFUGE_Valid,SEALED_REVIEW,17011,0,Q2,OD,SS,80,86.49660958384243,86.50665821369957,-0.010048629857135755
REFUGE_Valid,SEALED_REVIEW,17011,0,Q2,OC,SS,80,68.04232355280223,68.0434048918318,-0.0010813390295814906
REFUGE_Valid,SEALED_REVIEW,17011,0,Q2,OD,SC,80,86.40835639292914,86.41794220034227,-0.009585807413130948
REFUGE_Valid,SEALED_REVIEW,17011,0,Q2,OC,SC,80,67.99282628338082,67.9967329763812,-0.00390669300036936
REFUGE_Valid,SEALED_REVIEW,17011,0,Q2,OD,CS,80,85.88424463181113,85.90016684274401,-0.015922210932884373
REFUGE_Valid,SEALED_REVIEW,17011,0,Q2,OC,CS,80,67.51314359805282,67.5189007120144,-0.00575711396157412
REFUGE_Valid,SEALED_REVIEW,17011,0,Q2,OD,CC,80,85.69765696217917,85.71348346283493,-0.015826500655764242
REFUGE_Valid,SEALED_REVIEW,17011,0,Q2,OC,CC,80,67.41589316936727,67.42048593892423,-0.004592769556957602
REFUGE_Valid,SEALED_REVIEW,17011,0,Q2,OD,SAME64_HOLD,80,88.07879440575186,,
REFUGE_Valid,SEALED_REVIEW,17011,0,Q2,OC,SAME64_HOLD,80,68.88587862323791,,
REFUGE_Valid,SEALED_REVIEW,17011,0,Q2,OD,CROSS64_HOLD,80,85.57133885650435,,
REFUGE_Valid,SEALED_REVIEW,17011,0,Q2,OC,CROSS64_HOLD,80,68.05148131066674,,
REFUGE_Valid,SEALED_REVIEW,17011,0,Q2,OD,SOURCE_HOLD,80,86.77564121992681,,
REFUGE_Valid,SEALED_REVIEW,17011,0,Q2,OC,SOURCE_HOLD,80,69.00905416238659,,
REFUGE_Valid,SEALED_REVIEW,17011,0,Q2,OD,C_CONT,80,81.6977488114042,,
REFUGE_Valid,SEALED_REVIEW,17011,0,Q2,OC,C_CONT,80,62.61857237156142,,
REFUGE_Valid,SEALED_REVIEW,17011,0,Q2,OD,ANCHOR,80,82.71309518013994,,
REFUGE_Valid,SEALED_REVIEW,17011,0,Q2,OC,ANCHOR,80,62.558786517267976,,
REFUGE_Valid,SEARCH,17011,0,Q2,OD,SS,89,85.60453437112014,85.6071728768607,-0.0026385057405772577
REFUGE_Valid,SEARCH,17011,0,Q2,OC,SS,89,66.53238332583119,66.53256485733444,-0.000181531503251183
REFUGE_Valid,SEARCH,17011,0,Q2,OD,SC,89,85.52344814572474,85.52513344033976,-0.0016852946150249695
REFUGE_Valid,SEARCH,17011,0,Q2,OC,SC,89,66.51084997605014,66.50922597065966,0.0016240053904898097
REFUGE_Valid,SEARCH,17011,0,Q2,OD,CS,89,84.88544173233866,84.89794417331005,-0.012502440971388622
REFUGE_Valid,SEARCH,17011,0,Q2,OC,CS,89,66.15204989196714,66.15152663449318,0.0005232574739483055
REFUGE_Valid,SEARCH,17011,0,Q2,OD,CC,89,84.69173098766045,84.70441155752813,-0.012680569867674392
REFUGE_Valid,SEARCH,17011,0,Q2,OC,CC,89,66.10915999025188,66.10969537895771,-0.0005353887058312648
REFUGE_Valid,SEARCH,17011,0,Q2,OD,SAME64_HOLD,89,86.78855309557463,,
REFUGE_Valid,SEARCH,17011,0,Q2,OC,SAME64_HOLD,89,67.51051969404554,,
REFUGE_Valid,SEARCH,17011,0,Q2,OD,CROSS64_HOLD,89,84.29455022264469,,
REFUGE_Valid,SEARCH,17011,0,Q2,OC,CROSS64_HOLD,89,67.34783843300714,,
REFUGE_Valid,SEARCH,17011,0,Q2,OD,SOURCE_HOLD,89,85.26211478789409,,
REFUGE_Valid,SEARCH,17011,0,Q2,OC,SOURCE_HOLD,89,67.99456581880115,,
REFUGE_Valid,SEARCH,17011,0,Q2,OD,C_CONT,89,80.88732529129184,,
REFUGE_Valid,SEARCH,17011,0,Q2,OC,C_CONT,89,62.27949791790937,,
REFUGE_Valid,SEARCH,17011,0,Q2,OD,ANCHOR,89,82.08644098766035,,
REFUGE_Valid,SEARCH,17011,0,Q2,OC,ANCHOR,89,62.232677427539976,,
REFUGE_Valid,SEARCH,17011,0,Q3,OD,SS,100,84.14064736720039,84.12501824053922,0.01562912666117705
REFUGE_Valid,SEARCH,17011,0,Q3,OC,SS,100,67.13808770376862,67.12671777492996,0.011369928838675353
REFUGE_Valid,SEARCH,17011,0,Q3,OD,SC,100,84.15634221449085,84.13925922748396,0.017082987006886485
REFUGE_Valid,SEARCH,17011,0,Q3,OC,SC,100,67.11155022924764,67.10435229982443,0.007197929423219285
REFUGE_Valid,SEARCH,17011,0,Q3,OD,CS,100,83.07384067526303,83.06659474626197,0.007245929001048035
REFUGE_Valid,SEARCH,17011,0,Q3,OC,CS,100,66.34774959708326,66.33701641731045,0.010733179772801416
REFUGE_Valid,SEARCH,17011,0,Q3,OD,CC,100,82.95945492202884,82.95191900086863,0.007535921160224056
REFUGE_Valid,SEARCH,17011,0,Q3,OC,CC,100,66.2875150176107,66.27792389932661,0.009591118284083211
REFUGE_Valid,SEARCH,17011,0,Q3,OD,SAME64_HOLD,100,86.29306465420864,,
REFUGE_Valid,SEARCH,17011,0,Q3,OC,SAME64_HOLD,100,68.26156306347539,,
REFUGE_Valid,SEARCH,17011,0,Q3,OD,CROSS64_HOLD,100,83.39674121771753,,
REFUGE_Valid,SEARCH,17011,0,Q3,OC,CROSS64_HOLD,100,67.08991139937238,,
REFUGE_Valid,SEARCH,17011,0,Q3,OD,SOURCE_HOLD,100,84.35205902500844,,
REFUGE_Valid,SEARCH,17011,0,Q3,OC,SOURCE_HOLD,100,67.88126808183193,,
REFUGE_Valid,SEARCH,17011,0,Q3,OD,C_CONT,100,80.42657922634132,,
REFUGE_Valid,SEARCH,17011,0,Q3,OC,C_CONT,100,61.91521868682954,,
REFUGE_Valid,SEARCH,17011,0,Q3,OD,ANCHOR,100,81.797045780679,,
REFUGE_Valid,SEARCH,17011,0,Q3,OC,ANCHOR,100,61.97453852382077,,
REFUGE_Valid,SEALED_REVIEW,17011,0,Q3,OD,SS,68,85.05394034656997,85.0676858561617,-0.013745509591725817
REFUGE_Valid,SEALED_REVIEW,17011,0,Q3,OC,SS,68,63.8257277591382,63.83196747578267,-0.006239716644457216
REFUGE_Valid,SEALED_REVIEW,17011,0,Q3,OD,SC,68,85.03942417434577,85.05667699553885,-0.01725282119308587
REFUGE_Valid,SEALED_REVIEW,17011,0,Q3,OC,SC,68,63.80115853522707,63.80689488502467,-0.00573634979760442
REFUGE_Valid,SEALED_REVIEW,17011,0,Q3,OD,CS,68,83.58529284056829,83.6059136385701,-0.020620798001818662
REFUGE_Valid,SEALED_REVIEW,17011,0,Q3,OC,CS,68,63.11084301966452,63.11625196940286,-0.00540894973833149
REFUGE_Valid,SEALED_REVIEW,17011,0,Q3,OD,CC,68,83.44317838025414,83.46264342973801,-0.019465049483864762
REFUGE_Valid,SEALED_REVIEW,17011,0,Q3,OC,CC,68,63.056467001312456,63.0584678857463,-0.002000884433846789
REFUGE_Valid,SEALED_REVIEW,17011,0,Q3,OD,SAME64_HOLD,68,87.78759222874488,,
REFUGE_Valid,SEALED_REVIEW,17011,0,Q3,OC,SAME64_HOLD,68,65.30916098701687,,
REFUGE_Valid,SEALED_REVIEW,17011,0,Q3,OD,CROSS64_HOLD,68,84.28925134505654,,
REFUGE_Valid,SEALED_REVIEW,17011,0,Q3,OC,CROSS64_HOLD,68,65.07196409115387,,
REFUGE_Valid,SEALED_REVIEW,17011,0,Q3,OD,SOURCE_HOLD,68,85.64679714140797,,
REFUGE_Valid,SEALED_REVIEW,17011,0,Q3,OC,SOURCE_HOLD,68,65.81017819531509,,
REFUGE_Valid,SEALED_REVIEW,17011,0,Q3,OD,C_CONT,68,79.90739068369838,,
REFUGE_Valid,SEALED_REVIEW,17011,0,Q3,OC,C_CONT,68,58.60984885896939,,
REFUGE_Valid,SEALED_REVIEW,17011,0,Q3,OD,ANCHOR,68,81.23092169076475,,
REFUGE_Valid,SEALED_REVIEW,17011,0,Q3,OC,ANCHOR,68,58.66473150313821,,
REFUGE_Valid,SEARCH,17011,0,Q4,OD,SS,120,82.38034572144797,82.38301457125384,-0.002668849805885036
REFUGE_Valid,SEARCH,17011,0,Q4,OC,SS,120,64.19484705686108,64.19382623784465,0.001020819016438838
REFUGE_Valid,SEARCH,17011,0,Q4,OD,SC,120,82.42330993001859,82.42303484017042,0.00027508984818060595
REFUGE_Valid,SEARCH,17011,0,Q4,OC,SC,120,64.19616407675002,64.19697962710646,-0.0008155503564249988
REFUGE_Valid,SEARCH,17011,0,Q4,OD,CS,120,80.75005188822229,80.75550502942309,-0.005453141200802934
REFUGE_Valid,SEARCH,17011,0,Q4,OC,CS,120,63.33288170553205,63.339014670288684,-0.006132964756634708
REFUGE_Valid,SEARCH,17011,0,Q4,OD,CC,120,80.68941693725745,80.69475076319512,-0.005333825937678949
REFUGE_Valid,SEARCH,17011,0,Q4,OC,CC,120,63.27933143821619,63.28544447531264,-0.006113037096435135
REFUGE_Valid,SEARCH,17011,0,Q4,OD,SAME64_HOLD,120,85.987082759657,,
REFUGE_Valid,SEARCH,17011,0,Q4,OC,SAME64_HOLD,120,66.33674661476732,,
REFUGE_Valid,SEARCH,17011,0,Q4,OD,CROSS64_HOLD,120,83.0717291147463,,
REFUGE_Valid,SEARCH,17011,0,Q4,OC,CROSS64_HOLD,120,65.33850009040054,,
REFUGE_Valid,SEARCH,17011,0,Q4,OD,SOURCE_HOLD,120,84.14496600459728,,
REFUGE_Valid,SEARCH,17011,0,Q4,OC,SOURCE_HOLD,120,66.1779112713013,,
REFUGE_Valid,SEARCH,17011,0,Q4,OD,C_CONT,120,79.26963604153742,,
REFUGE_Valid,SEARCH,17011,0,Q4,OC,C_CONT,120,58.72484274514693,,
REFUGE_Valid,SEARCH,17011,0,Q4,OD,ANCHOR,120,80.79827838649793,,
REFUGE_Valid,SEARCH,17011,0,Q4,OC,ANCHOR,120,58.906384602843644,,
REFUGE_Valid,SEALED_REVIEW,17011,0,Q4,OD,SS,52,85.16817367399375,85.16967676219784,-0.0015030882040990737
REFUGE_Valid,SEALED_REVIEW,17011,0,Q4,OC,SS,52,65.9970100775511,66.00461165975685,-0.0076015822057358936
REFUGE_Valid,SEALED_REVIEW,17011,0,Q4,OD,SC,52,85.24963275969361,85.25266303702188,-0.0030302773282614437
REFUGE_Valid,SEALED_REVIEW,17011,0,Q4,OC,SC,52,65.96261660483322,65.96923905089311,-0.006622446059897817
REFUGE_Valid,SEALED_REVIEW,17011,0,Q4,OD,CS,52,83.69933943335667,83.70278856061167,-0.0034491272549928946
REFUGE_Valid,SEALED_REVIEW,17011,0,Q4,OC,CS,52,64.93531070082247,64.94168616555544,-0.006375464732969546
REFUGE_Valid,SEALED_REVIEW,17011,0,Q4,OD,CC,52,83.69039325505953,83.6913582159455,-0.0009649608859646923
REFUGE_Valid,SEALED_REVIEW,17011,0,Q4,OC,CC,52,64.8697930972306,64.87644284022505,-0.0066497429944472955
REFUGE_Valid,SEALED_REVIEW,17011,0,Q4,OD,SAME64_HOLD,52,88.53937486597637,,
REFUGE_Valid,SEALED_REVIEW,17011,0,Q4,OC,SAME64_HOLD,52,68.21395508325297,,
REFUGE_Valid,SEALED_REVIEW,17011,0,Q4,OD,CROSS64_HOLD,52,85.73122367082607,,
REFUGE_Valid,SEALED_REVIEW,17011,0,Q4,OC,CROSS64_HOLD,52,67.00937086184035,,
REFUGE_Valid,SEALED_REVIEW,17011,0,Q4,OD,SOURCE_HOLD,52,86.65493325849658,,
REFUGE_Valid,SEALED_REVIEW,17011,0,Q4,OC,SOURCE_HOLD,52,67.93095673839925,,
REFUGE_Valid,SEALED_REVIEW,17011,0,Q4,OD,C_CONT,52,81.39752404135677,,
REFUGE_Valid,SEALED_REVIEW,17011,0,Q4,OC,C_CONT,52,59.91604827449517,,
REFUGE_Valid,SEALED_REVIEW,17011,0,Q4,OD,ANCHOR,52,82.84803352288121,,
REFUGE_Valid,SEALED_REVIEW,17011,0,Q4,OC,ANCHOR,52,60.11476048445331,,
ORIGA,SEARCH,17011,1,ALL,OD,SS,316,85.56221222985324,85.5248337667043,0.037378463148938515
ORIGA,SEARCH,17011,1,ALL,OC,SS,316,68.37785225177329,68.32485001365411,0.05300223811918071
ORIGA,SEARCH,17011,1,Q1,OD,SS,81,80.52895936290423,80.42938430081601,0.09957506208822142
ORIGA,SEARCH,17011,1,Q1,OC,SS,81,62.40012450025647,62.26158866159307,0.13853583866340197
ORIGA,SEARCH,17011,1,FIRST64,OD,SS,35,81.315337270793,81.22653687941539,0.08880039137760792
ORIGA,SEARCH,17011,1,FIRST64,OC,SS,35,65.2630732062327,65.14937534948412,0.11369785674858991
ORIGA,SEARCH,17011,1,ALL,OD,SC,316,85.91310191606803,85.87454097105065,0.03856094501737991
ORIGA,SEARCH,17011,1,ALL,OC,SC,316,68.5579263183172,68.50107813731493,0.05684818100226222
ORIGA,SEARCH,17011,1,Q1,OD,SC,81,80.83296184077662,80.72890591610718,0.10405592466944028
ORIGA,SEARCH,17011,1,Q1,OC,SC,81,62.52231765559664,62.36931416961847,0.15300348597816407
ORIGA,SEARCH,17011,1,FIRST64,OD,SC,35,81.42751463606783,81.32519990686599,0.10231472920185622
ORIGA,SEARCH,17011,1,FIRST64,OC,SC,35,65.14767811154523,65.00041422061823,0.1472638909270044
ORIGA,SEARCH,17011,1,ALL,OD,CS,316,84.06321480756262,84.01995460727433,0.04326020028829419
ORIGA,SEARCH,17011,1,ALL,OC,CS,316,65.88683251871265,65.83054261954905,0.05628989916360441
ORIGA,SEARCH,17011,1,Q1,OD,CS,81,77.70978010208196,77.60140605019093,0.10837405189102362
ORIGA,SEARCH,17011,1,Q1,OC,CS,81,57.902575904177326,57.757303306337384,0.14527259783993426
ORIGA,SEARCH,17011,1,FIRST64,OD,CS,35,78.89700911021798,78.79172833962612,0.10528077059186315
ORIGA,SEARCH,17011,1,FIRST64,OC,CS,35,61.21876675685509,61.09246671457601,0.12630004227908964
ORIGA,SEARCH,17011,1,ALL,OD,CC,316,84.34364299668512,84.30055203702587,0.043090959659256266
ORIGA,SEARCH,17011,1,ALL,OC,CC,316,65.96664960800481,65.90471265886539,0.06193694913942231
ORIGA,SEARCH,17011,1,Q1,OD,CC,81,77.97912628236688,77.86728203348311,0.11184424888376111
ORIGA,SEARCH,17011,1,Q1,OC,CC,81,57.96640888815574,57.79498120686426,0.17142768129147884
ORIGA,SEARCH,17011,1,FIRST64,OD,CC,35,79.00340070888929,78.89135541328466,0.11204529560463108
ORIGA,SEARCH,17011,1,FIRST64,OC,CC,35,61.05552215499753,60.90966034485533,0.14586181014220667
ORIGA,SEARCH,17011,1,ALL,OD,SAME64_HOLD,316,78.93753453335653,,
ORIGA,SEARCH,17011,1,ALL,OC,SAME64_HOLD,316,60.64306614756627,,
ORIGA,SEARCH,17011,1,Q1,OD,SAME64_HOLD,81,76.38737055751682,,
ORIGA,SEARCH,17011,1,Q1,OC,SAME64_HOLD,81,57.40691756317282,,
ORIGA,SEARCH,17011,1,FIRST64,OD,SAME64_HOLD,35,79.72257313358972,,
ORIGA,SEARCH,17011,1,FIRST64,OC,SAME64_HOLD,35,63.32734434660551,,
ORIGA,SEARCH,17011,1,ALL,OD,CROSS64_HOLD,316,75.18857496798572,,
ORIGA,SEARCH,17011,1,ALL,OC,CROSS64_HOLD,316,55.74934593185935,,
ORIGA,SEARCH,17011,1,Q1,OD,CROSS64_HOLD,81,72.50643471964239,,
ORIGA,SEARCH,17011,1,Q1,OC,CROSS64_HOLD,81,52.17679068947743,,
ORIGA,SEARCH,17011,1,FIRST64,OD,CROSS64_HOLD,35,76.417705189693,,
ORIGA,SEARCH,17011,1,FIRST64,OC,CROSS64_HOLD,35,58.19267875357179,,
ORIGA,SEARCH,17011,1,ALL,OD,SOURCE_HOLD,316,75.50920320760306,,
ORIGA,SEARCH,17011,1,ALL,OC,SOURCE_HOLD,316,56.51189852699288,,
ORIGA,SEARCH,17011,1,Q1,OD,SOURCE_HOLD,81,72.97912470636965,,
ORIGA,SEARCH,17011,1,Q1,OC,SOURCE_HOLD,81,52.9323997048062,,
ORIGA,SEARCH,17011,1,FIRST64,OD,SOURCE_HOLD,35,76.60120354790617,,
ORIGA,SEARCH,17011,1,FIRST64,OC,SOURCE_HOLD,35,58.72587043999013,,
ORIGA,SEARCH,17011,1,ALL,OD,C_CONT,316,88.27191190178519,,
ORIGA,SEARCH,17011,1,ALL,OC,C_CONT,316,70.06095983584007,,
ORIGA,SEARCH,17011,1,Q1,OD,C_CONT,81,84.6695662450054,,
ORIGA,SEARCH,17011,1,Q1,OC,C_CONT,81,64.67658074870158,,
ORIGA,SEARCH,17011,1,FIRST64,OD,C_CONT,35,85.09598737441262,,
ORIGA,SEARCH,17011,1,FIRST64,OC,C_CONT,35,66.25763820382691,,
ORIGA,SEARCH,17011,1,ALL,OD,ANCHOR,316,88.58363014343831,,
ORIGA,SEARCH,17011,1,ALL,OC,ANCHOR,316,70.49963613080209,,
ORIGA,SEARCH,17011,1,Q1,OD,ANCHOR,81,85.29678557676482,,
ORIGA,SEARCH,17011,1,Q1,OC,ANCHOR,81,65.07464674950882,,
ORIGA,SEARCH,17011,1,FIRST64,OD,ANCHOR,35,85.7317124689788,,
ORIGA,SEARCH,17011,1,FIRST64,OC,ANCHOR,35,66.69565710801835,,
ORIGA,SEALED_REVIEW,17011,1,ALL,OD,SS,210,86.28900915059286,86.25493149501996,0.034077655572899886
ORIGA,SEALED_REVIEW,17011,1,ALL,OC,SS,210,71.45033699123243,71.41380087026187,0.03653612097055605
ORIGA,SEALED_REVIEW,17011,1,Q1,OD,SS,46,81.23803218201267,81.14905990229312,0.08897227971955461
ORIGA,SEALED_REVIEW,17011,1,Q1,OC,SS,46,64.93906158672738,64.85666484178225,0.08239674494513334
ORIGA,SEALED_REVIEW,17011,1,FIRST64,OD,SS,20,79.61889765894898,79.52252801700985,0.09636964193914105
ORIGA,SEALED_REVIEW,17011,1,FIRST64,OC,SS,20,61.83518899111349,61.73803935023593,0.09714964087755518
ORIGA,SEALED_REVIEW,17011,1,ALL,OD,SC,210,86.63597218271501,86.60166863244491,0.03430355027010139
ORIGA,SEALED_REVIEW,17011,1,ALL,OC,SC,210,71.60034689688732,71.56356109725223,0.036785799635088406
ORIGA,SEALED_REVIEW,17011,1,Q1,OD,SC,46,81.61600420338578,81.5279993790497,0.08800482433607534
ORIGA,SEALED_REVIEW,17011,1,Q1,OC,SC,46,65.12769655964145,65.03956447812361,0.08813208151783852
ORIGA,SEALED_REVIEW,17011,1,FIRST64,OD,SC,20,79.7914872807057,79.6925648879974,0.09892239270829356
ORIGA,SEALED_REVIEW,17011,1,FIRST64,OC,SC,20,61.857910793525875,61.75635375887482,0.10155703465104353
ORIGA,SEALED_REVIEW,17011,1,ALL,OD,CS,210,84.81315286853554,84.76449590924312,0.048656959292406265
ORIGA,SEALED_REVIEW,17011,1,ALL,OC,CS,210,69.13753681914166,69.07783933838049,0.05969748076116389
ORIGA,SEALED_REVIEW,17011,1,Q1,OD,CS,46,77.79148579647685,77.65798907167701,0.13349672479984281
ORIGA,SEALED_REVIEW,17011,1,Q1,OC,CS,46,59.774077343457876,59.62866721712303,0.14541012633483627
ORIGA,SEALED_REVIEW,17011,1,FIRST64,OD,CS,20,75.83469347667426,75.66464504444274,0.17004843223153238
ORIGA,SEALED_REVIEW,17011,1,FIRST64,OC,CS,20,56.60847554593747,56.42703178662608,0.18144375931140316
ORIGA,SEALED_REVIEW,17011,1,ALL,OD,CC,210,85.09358484054967,85.04405682449902,0.049528016050643095
ORIGA,SEALED_REVIEW,17011,1,ALL,OC,CC,210,69.24298109782197,69.18144171672107,0.061539381100904185
ORIGA,SEALED_REVIEW,17011,1,Q1,OD,CC,46,78.11300340177645,77.97477548471741,0.13822791705906126
ORIGA,SEALED_REVIEW,17011,1,Q1,OC,CC,46,59.904057357976924,59.73760538261706,0.16645197535986173
ORIGA,SEALED_REVIEW,17011,1,FIRST64,OD,CC,20,76.00496970248811,75.82185571594106,0.18311398654706323
ORIGA,SEALED_REVIEW,17011,1,FIRST64,OC,CC,20,56.56190849488005,56.35293552753703,0.20897296734302698
ORIGA,SEALED_REVIEW,17011,1,ALL,OD,SAME64_HOLD,210,79.82429300348892,,
ORIGA,SEALED_REVIEW,17011,1,ALL,OC,SAME64_HOLD,210,64.38553820088381,,
ORIGA,SEALED_REVIEW,17011,1,Q1,OD,SAME64_HOLD,46,76.57385715816487,,
ORIGA,SEALED_REVIEW,17011,1,Q1,OC,SAME64_HOLD,46,58.668458077183395,,
ORIGA,SEALED_REVIEW,17011,1,FIRST64,OD,SAME64_HOLD,20,77.64052046397487,,
ORIGA,SEALED_REVIEW,17011,1,FIRST64,OC,SAME64_HOLD,20,59.48568914910726,,
ORIGA,SEALED_REVIEW,17011,1,ALL,OD,CROSS64_HOLD,210,76.01424509520052,,
ORIGA,SEALED_REVIEW,17011,1,ALL,OC,CROSS64_HOLD,210,59.39371712556854,,
ORIGA,SEALED_REVIEW,17011,1,Q1,OD,CROSS64_HOLD,46,71.15325996597585,,
ORIGA,SEALED_REVIEW,17011,1,Q1,OC,CROSS64_HOLD,46,52.148686359805026,,
ORIGA,SEALED_REVIEW,17011,1,FIRST64,OD,CROSS64_HOLD,20,72.04522665708248,,
ORIGA,SEALED_REVIEW,17011,1,FIRST64,OC,CROSS64_HOLD,20,52.43525173900583,,
ORIGA,SEALED_REVIEW,17011,1,ALL,OD,SOURCE_HOLD,210,76.05669554999056,,
ORIGA,SEALED_REVIEW,17011,1,ALL,OC,SOURCE_HOLD,210,59.84718756382246,,
ORIGA,SEALED_REVIEW,17011,1,Q1,OD,SOURCE_HOLD,46,71.56840782361881,,
ORIGA,SEALED_REVIEW,17011,1,Q1,OC,SOURCE_HOLD,46,53.35239728786239,,
ORIGA,SEALED_REVIEW,17011,1,FIRST64,OD,SOURCE_HOLD,20,72.66927535917436,,
ORIGA,SEALED_REVIEW,17011,1,FIRST64,OC,SOURCE_HOLD,20,53.89018496055126,,
ORIGA,SEALED_REVIEW,17011,1,ALL,OD,C_CONT,210,88.68080005580669,,
ORIGA,SEALED_REVIEW,17011,1,ALL,OC,C_CONT,210,72.34478783353744,,
ORIGA,SEALED_REVIEW,17011,1,Q1,OD,C_CONT,46,85.59308542793514,,
ORIGA,SEALED_REVIEW,17011,1,Q1,OC,C_CONT,46,67.76913895547833,,
ORIGA,SEALED_REVIEW,17011,1,FIRST64,OD,C_CONT,20,84.1249345193319,,
ORIGA,SEALED_REVIEW,17011,1,FIRST64,OC,C_CONT,20,64.79627642937805,,
ORIGA,SEALED_REVIEW,17011,1,ALL,OD,ANCHOR,210,88.90583284760886,,
ORIGA,SEALED_REVIEW,17011,1,ALL,OC,ANCHOR,210,72.6596827964168,,
ORIGA,SEALED_REVIEW,17011,1,Q1,OD,ANCHOR,46,86.21325267706342,,
ORIGA,SEALED_REVIEW,17011,1,Q1,OC,ANCHOR,46,68.27456118515707,,
ORIGA,SEALED_REVIEW,17011,1,FIRST64,OD,ANCHOR,20,84.67259469668794,,
ORIGA,SEALED_REVIEW,17011,1,FIRST64,OC,ANCHOR,20,65.06053734896996,,
ORIGA,SEARCH,17011,1,Q2,OD,SS,70,83.82137700542901,83.79316833453572,0.028208670893288428
ORIGA,SEARCH,17011,1,Q2,OC,SS,70,66.29907920694286,66.2622522895416,0.03682691740125699
ORIGA,SEARCH,17011,1,Q2,OD,SC,70,84.23595014975443,84.20859039854804,0.02735975120637613
ORIGA,SEARCH,17011,1,Q2,OC,SC,70,66.4956581142276,66.45734124747445,0.038316866753149714
ORIGA,SEARCH,17011,1,Q2,OD,CS,70,82.00654997137741,81.96594882940464,0.040601141972771745
ORIGA,SEARCH,17011,1,Q2,OC,CS,70,63.45958795326481,63.419856539869876,0.03973141339491789
ORIGA,SEARCH,17011,1,Q2,OD,CC,70,82.3509491439365,82.31581486253333,0.035134281403173935
ORIGA,SEARCH,17011,1,Q2,OC,CC,70,63.49249917000114,63.450756838760704,0.04174233124043509
ORIGA,SEARCH,17011,1,Q2,OD,SAME64_HOLD,70,76.33725376400785,,
ORIGA,SEARCH,17011,1,Q2,OC,SAME64_HOLD,70,57.829541124825504,,
ORIGA,SEARCH,17011,1,Q2,OD,CROSS64_HOLD,70,71.50274393269981,,
ORIGA,SEARCH,17011,1,Q2,OC,CROSS64_HOLD,70,51.28696554926424,,
ORIGA,SEARCH,17011,1,Q2,OD,SOURCE_HOLD,70,71.55913998567341,,
ORIGA,SEARCH,17011,1,Q2,OC,SOURCE_HOLD,70,52.667386781161326,,
ORIGA,SEARCH,17011,1,Q2,OD,C_CONT,70,86.03785521321863,,
ORIGA,SEARCH,17011,1,Q2,OC,C_CONT,70,67.67872556510372,,
ORIGA,SEARCH,17011,1,Q2,OD,ANCHOR,70,86.44242672558796,,
ORIGA,SEARCH,17011,1,Q2,OC,ANCHOR,70,68.30671429192019,,
ORIGA,SEALED_REVIEW,17011,1,Q2,OD,SS,62,84.82694140636114,84.79425928883848,0.032682117522676184
ORIGA,SEALED_REVIEW,17011,1,Q2,OC,SS,62,70.90406107691693,70.8596349764332,0.0444261004837338
ORIGA,SEALED_REVIEW,17011,1,Q2,OD,SC,62,85.17619127209308,85.14185629976025,0.034334972332825925
ORIGA,SEALED_REVIEW,17011,1,Q2,OC,SC,62,71.09196724865839,71.05189727590795,0.04006997275044338
ORIGA,SEALED_REVIEW,17011,1,Q2,OD,CS,62,83.0516247192217,83.00651982751744,0.04510489170427469
ORIGA,SEALED_REVIEW,17011,1,Q2,OC,CS,62,68.11381524146448,68.04387743673189,0.0699378047325959
ORIGA,SEALED_REVIEW,17011,1,Q2,OD,CC,62,83.38180656634228,83.33429359128431,0.0475129750579823
ORIGA,SEALED_REVIEW,17011,1,Q2,OC,CC,62,68.28467498066496,68.22345116404264,0.06122381662232544
ORIGA,SEALED_REVIEW,17011,1,Q2,OD,SAME64_HOLD,62,76.12346599023083,,
ORIGA,SEALED_REVIEW,17011,1,Q2,OC,SAME64_HOLD,62,61.370406380578515,,
ORIGA,SEALED_REVIEW,17011,1,Q2,OD,CROSS64_HOLD,62,71.4421760478419,,
ORIGA,SEALED_REVIEW,17011,1,Q2,OC,CROSS64_HOLD,62,55.33135556607724,,
ORIGA,SEALED_REVIEW,17011,1,Q2,OD,SOURCE_HOLD,62,71.38839435425128,,
ORIGA,SEALED_REVIEW,17011,1,Q2,OC,SOURCE_HOLD,62,55.10002715955557,,
ORIGA,SEALED_REVIEW,17011,1,Q2,OD,C_CONT,62,86.01516248934743,,
ORIGA,SEALED_REVIEW,17011,1,Q2,OC,C_CONT,62,71.11085566220295,,
ORIGA,SEALED_REVIEW,17011,1,Q2,OD,ANCHOR,62,86.23921852400491,,
ORIGA,SEALED_REVIEW,17011,1,Q2,OC,ANCHOR,62,71.52137628519239,,
ORIGA,SEALED_REVIEW,17011,1,Q3,OD,SS,45,86.10089933970973,86.08550205457264,0.015397285137076623
ORIGA,SEALED_REVIEW,17011,1,Q3,OC,SS,45,71.11386903814798,71.10210000238004,0.011769035767940823
ORIGA,SEALED_REVIEW,17011,1,Q3,OD,SC,45,86.46523248778975,86.45139488756365,0.013837600226104377
ORIGA,SEALED_REVIEW,17011,1,Q3,OC,SC,45,71.22943071289164,71.21702572680647,0.012404986085173573
ORIGA,SEALED_REVIEW,17011,1,Q3,OD,CS,45,85.09135242367257,85.0724899705025,0.01886245317006072
ORIGA,SEALED_REVIEW,17011,1,Q3,OC,CS,45,69.4534151211958,69.43351269969537,0.01990242150042978
ORIGA,SEALED_REVIEW,17011,1,Q3,OD,CC,45,85.30065441879101,85.28544924931238,0.015205169478644563
ORIGA,SEALED_REVIEW,17011,1,Q3,OC,CC,45,69.45375759602675,69.4329800313044,0.020777564722341085
ORIGA,SEALED_REVIEW,17011,1,Q3,OD,SAME64_HOLD,45,77.41864318176033,,
ORIGA,SEALED_REVIEW,17011,1,Q3,OC,SAME64_HOLD,45,60.14922642852888,,
ORIGA,SEALED_REVIEW,17011,1,Q3,OD,CROSS64_HOLD,45,73.28023456830852,,
ORIGA,SEALED_REVIEW,17011,1,Q3,OC,CROSS64_HOLD,45,54.566788133938026,,
ORIGA,SEALED_REVIEW,17011,1,Q3,OD,SOURCE_HOLD,45,73.13453177530263,,
ORIGA,SEALED_REVIEW,17011,1,Q3,OC,SOURCE_HOLD,45,55.25252493968499,,
ORIGA,SEALED_REVIEW,17011,1,Q3,OD,C_CONT,45,88.30996659381184,,
ORIGA,SEALED_REVIEW,17011,1,Q3,OC,C_CONT,45,71.28083246611298,,
ORIGA,SEALED_REVIEW,17011,1,Q3,OD,ANCHOR,45,88.58799398796563,,
ORIGA,SEALED_REVIEW,17011,1,Q3,OC,ANCHOR,45,71.73580781086369,,
ORIGA,SEARCH,17011,1,Q3,OD,SS,88,86.67704341155019,86.66135793886284,0.01568547268735265
ORIGA,SEARCH,17011,1,Q3,OC,SS,88,69.05899318050771,69.0289335420314,0.030059638476309974
ORIGA,SEARCH,17011,1,Q3,OD,SC,88,87.02099999739865,87.0048923341963,0.016107663202346377
ORIGA,SEARCH,17011,1,Q3,OC,SC,88,69.25979400063343,69.23157228019922,0.028221720434209438
ORIGA,SEARCH,17011,1,Q3,OD,CS,88,85.2778449740388,85.26023577301386,0.017609201024938737
ORIGA,SEARCH,17011,1,Q3,OC,CS,88,66.53554289477187,66.50314942297395,0.03239347179792106
ORIGA,SEARCH,17011,1,Q3,OD,CC,88,85.51371986191734,85.49603819149942,0.017681670417917465
ORIGA,SEARCH,17011,1,Q3,OC,CC,88,66.59450781393777,66.5659857992087,0.028522014729068804
ORIGA,SEARCH,17011,1,Q3,OD,SAME64_HOLD,88,76.44696708409936,,
ORIGA,SEARCH,17011,1,Q3,OC,SAME64_HOLD,88,55.432403779801994,,
ORIGA,SEARCH,17011,1,Q3,OD,CROSS64_HOLD,88,71.56478608568008,,
ORIGA,SEARCH,17011,1,Q3,OC,CROSS64_HOLD,88,49.399031855383846,,
ORIGA,SEARCH,17011,1,Q3,OD,SOURCE_HOLD,88,72.09234715950387,,
ORIGA,SEARCH,17011,1,Q3,OC,SOURCE_HOLD,88,50.082464909498334,,
ORIGA,SEARCH,17011,1,Q3,OD,C_CONT,88,88.3700553640552,,
ORIGA,SEARCH,17011,1,Q3,OC,C_CONT,88,70.38930940207761,,
ORIGA,SEARCH,17011,1,Q3,OD,ANCHOR,88,88.60637368875724,,
ORIGA,SEARCH,17011,1,Q3,OC,ANCHOR,88,70.98793544778562,,
ORIGA,SEARCH,17011,1,Q4,OD,SS,77,91.16541747586923,91.16033843993546,0.005079035933784561
ORIGA,SEARCH,17011,1,Q4,OC,SS,77,75.77745821647933,75.77350793193489,0.003950284544445189
ORIGA,SEARCH,17011,1,Q4,OD,SC,77,91.5156595600091,91.51015213428163,0.0055074257274620635
ORIGA,SEARCH,17011,1,Q4,OC,SC,77,75.97972787575627,75.97446747625558,0.00526039950068391
ORIGA,SEARCH,17011,1,Q4,OD,CS,77,91.228244613108,91.2217480486971,0.0064965644109015565
ORIGA,SEARCH,17011,1,Q4,OC,CS,77,75.75105839229056,75.74601029807233,0.005048094218220953
ORIGA,SEARCH,17011,1,Q4,OD,CC,77,91.5130931189156,91.50605451634753,0.0070386025680703795
ORIGA,SEARCH,17011,1,Q4,OC,CC,77,75.91416268392601,75.91085705716681,0.003305626759209811
ORIGA,SEARCH,17011,1,Q4,OD,SAME64_HOLD,77,86.83042896753904,,
ORIGA,SEARCH,17011,1,Q4,OC,SAME64_HOLD,77,72.56011907342314,,
ORIGA,SEARCH,17011,1,Q4,OD,CROSS64_HOLD,77,85.50227567225477,,
ORIGA,SEARCH,17011,1,Q4,OC,CROSS64_HOLD,77,70.82169969996893,,
ORIGA,SEARCH,17011,1,Q4,OD,SOURCE_HOLD,77,85.66665926432658,,
ORIGA,SEARCH,17011,1,Q4,OC,SOURCE_HOLD,77,71.12028015225066,,
ORIGA,SEARCH,17011,1,Q4,OD,C_CONT,77,93.98018906696781,,
ORIGA,SEARCH,17011,1,Q4,OC,C_CONT,77,77.51545779922779,,
ORIGA,SEARCH,17011,1,Q4,OD,ANCHOR,77,93.96177582086705,,
ORIGA,SEARCH,17011,1,Q4,OC,ANCHOR,77,77.6419520881,,
ORIGA,SEALED_REVIEW,17011,1,Q4,OD,SS,57,92.10406322404545,92.09802087868343,0.0060423453620191605
ORIGA,SEALED_REVIEW,17011,1,Q4,OC,SS,57,77.56487792427792,77.55438125240438,0.010496671873540423
ORIGA,SEALED_REVIEW,17011,1,Q4,OD,SC,57,92.40980077533501,92.4027119447657,0.007088830569331952
ORIGA,SEALED_REVIEW,17011,1,Q4,OC,SC,57,77.6696921948401,77.65866799327542,0.011024201564696341
ORIGA,SEALED_REVIEW,17011,1,Q4,OD,CS,57,92.17617831750026,92.16860290640737,0.0075754110928909334
ORIGA,SEALED_REVIEW,17011,1,Q4,OC,CS,57,77.55815699642238,77.54735257032587,0.010804426096520376
ORIGA,SEALED_REVIEW,17011,1,Q4,OD,CC,57,92.42549480833149,92.418260385423,0.007234422908496934
ORIGA,SEALED_REVIEW,17011,1,Q4,OC,CC,57,77.65562195532007,77.6462252514333,0.009396703886784447
ORIGA,SEALED_REVIEW,17011,1,Q4,OD,SAME64_HOLD,57,88.37210994532566,,
ORIGA,SEALED_REVIEW,17011,1,Q4,OC,SAME64_HOLD,57,75.62339589044733,,
ORIGA,SEALED_REVIEW,17011,1,Q4,OD,CROSS64_HOLD,57,87.06870247398494,,
ORIGA,SEALED_REVIEW,17011,1,Q4,OC,CROSS64_HOLD,57,73.47002653849759,,
ORIGA,SEALED_REVIEW,17011,1,Q4,OD,SOURCE_HOLD,57,87.06359518876067,,
ORIGA,SEALED_REVIEW,17011,1,Q4,OC,SOURCE_HOLD,57,73.87954047338205,,
ORIGA,SEALED_REVIEW,17011,1,Q4,OD,C_CONT,57,94.36486861356693,,
ORIGA,SEALED_REVIEW,17011,1,Q4,OC,C_CONT,57,78.21955335191562,,
ORIGA,SEALED_REVIEW,17011,1,Q4,OD,ANCHOR,57,94.23024555975766,,
ORIGA,SEALED_REVIEW,17011,1,Q4,OC,ANCHOR,57,78.16608581683347,,
REFUGE_Valid,SEARCH,17011,1,ALL,OD,SS,406,83.8578804005459,83.84984482502179,0.008035575524095563
REFUGE_Valid,SEARCH,17011,1,ALL,OC,SS,406,65.42622961412017,65.42344025238985,0.0027893617303246933
REFUGE_Valid,SEARCH,17011,1,Q1,OD,SS,97,84.4784350033549,84.44820175232304,0.03023325103186175
REFUGE_Valid,SEARCH,17011,1,Q1,OC,SS,97,63.69940965991058,63.70106609169505,-0.0016564317844711732
REFUGE_Valid,SEARCH,17011,1,FIRST64,OD,SS,39,84.12533450000865,84.1105876024696,0.014746897539053005
REFUGE_Valid,SEARCH,17011,1,FIRST64,OC,SS,39,64.75429001116989,64.7394078676732,0.014882143496682735
REFUGE_Valid,SEARCH,17011,1,ALL,OD,SC,406,83.82624421028821,83.81902557681917,0.007218633469040259
REFUGE_Valid,SEARCH,17011,1,ALL,OC,SC,406,65.37352401779344,65.37078277181031,0.0027412459831247095
REFUGE_Valid,SEARCH,17011,1,Q1,OD,SC,97,84.3848196898083,84.3580433458473,0.02677634396099228
REFUGE_Valid,SEARCH,17011,1,Q1,OC,SC,97,63.61594320802318,63.62040293523703,-0.004459727213850664
REFUGE_Valid,SEARCH,17011,1,FIRST64,OD,SC,39,84.10375883770024,84.08966432726179,0.014094510438457705
REFUGE_Valid,SEARCH,17011,1,FIRST64,OC,SC,39,64.6993289725574,64.6902636182783,0.009065354279098915
REFUGE_Valid,SEARCH,17011,1,ALL,OD,CS,406,83.25936187502568,83.25293875075624,0.0064231242694288565
REFUGE_Valid,SEARCH,17011,1,ALL,OC,CS,406,65.15246862677357,65.15178505880137,0.0006835679722019078
REFUGE_Valid,SEARCH,17011,1,Q1,OD,CS,97,83.89447846588128,83.85394560991124,0.040532855970043066
REFUGE_Valid,SEARCH,17011,1,Q1,OC,CS,97,63.503337272755054,63.50028259729085,0.003054675464216047
REFUGE_Valid,SEARCH,17011,1,FIRST64,OD,CS,39,82.68280156186475,82.62591748999117,0.05688407187358835
REFUGE_Valid,SEARCH,17011,1,FIRST64,OC,CS,39,64.5088596196762,64.48520973671191,0.0236498829642982
REFUGE_Valid,SEARCH,17011,1,ALL,OD,CC,406,83.08765625086754,83.08109493736661,0.006561313500924646
REFUGE_Valid,SEARCH,17011,1,ALL,OC,CC,406,65.0446953889175,65.04300839705893,0.0016869918585727347
REFUGE_Valid,SEARCH,17011,1,Q1,OD,CC,97,83.7046458896168,83.66509687778148,0.03954901183530932
REFUGE_Valid,SEARCH,17011,1,Q1,OC,CC,97,63.37239581956974,63.36435480020126,0.008041019368470613
REFUGE_Valid,SEARCH,17011,1,FIRST64,OD,CC,39,82.61614355940708,82.56094738498889,0.05519617441818241
REFUGE_Valid,SEARCH,17011,1,FIRST64,OC,CC,39,64.42306685711684,64.38996905325422,0.033097803862618805
REFUGE_Valid,SEARCH,17011,1,ALL,OD,SAME64_HOLD,406,85.90404976971188,,
REFUGE_Valid,SEARCH,17011,1,ALL,OC,SAME64_HOLD,406,66.50505110922509,,
REFUGE_Valid,SEARCH,17011,1,Q1,OD,SAME64_HOLD,97,84.5887276744039,,
REFUGE_Valid,SEARCH,17011,1,Q1,OC,SAME64_HOLD,97,63.97988244799707,,
REFUGE_Valid,SEARCH,17011,1,FIRST64,OD,SAME64_HOLD,39,83.90464872939192,,
REFUGE_Valid,SEARCH,17011,1,FIRST64,OC,SAME64_HOLD,39,64.83791359020886,,
REFUGE_Valid,SEARCH,17011,1,ALL,OD,CROSS64_HOLD,406,83.3081614813344,,
REFUGE_Valid,SEARCH,17011,1,ALL,OC,CROSS64_HOLD,406,65.93389978932805,,
REFUGE_Valid,SEARCH,17011,1,Q1,OD,CROSS64_HOLD,97,81.81759676106952,,
REFUGE_Valid,SEARCH,17011,1,Q1,OC,CROSS64_HOLD,97,63.12003245789097,,
REFUGE_Valid,SEARCH,17011,1,FIRST64,OD,CROSS64_HOLD,39,81.02144131752243,,
REFUGE_Valid,SEARCH,17011,1,FIRST64,OC,CROSS64_HOLD,39,64.0477879612097,,
REFUGE_Valid,SEARCH,17011,1,ALL,OD,SOURCE_HOLD,406,84.08452106164629,,
REFUGE_Valid,SEARCH,17011,1,ALL,OC,SOURCE_HOLD,406,66.39393397143391,,
REFUGE_Valid,SEARCH,17011,1,Q1,OD,SOURCE_HOLD,97,82.65345888508554,,
REFUGE_Valid,SEARCH,17011,1,Q1,OC,SOURCE_HOLD,97,63.65922344112908,,
REFUGE_Valid,SEARCH,17011,1,FIRST64,OD,SOURCE_HOLD,39,81.90239752216513,,
REFUGE_Valid,SEARCH,17011,1,FIRST64,OC,SOURCE_HOLD,39,64.53460729301077,,
REFUGE_Valid,SEARCH,17011,1,ALL,OD,C_CONT,406,80.77322641176639,,
REFUGE_Valid,SEARCH,17011,1,ALL,OC,C_CONT,406,63.9104346609384,,
REFUGE_Valid,SEARCH,17011,1,Q1,OD,C_CONT,97,82.0630975808327,,
REFUGE_Valid,SEARCH,17011,1,Q1,OC,C_CONT,97,62.337141896921075,,
REFUGE_Valid,SEARCH,17011,1,FIRST64,OD,C_CONT,39,81.5405867850191,,
REFUGE_Valid,SEARCH,17011,1,FIRST64,OC,C_CONT,39,63.69162181372315,,
REFUGE_Valid,SEARCH,17011,1,ALL,OD,ANCHOR,406,79.77717340281569,,
REFUGE_Valid,SEARCH,17011,1,ALL,OC,ANCHOR,406,63.186311655710995,,
REFUGE_Valid,SEARCH,17011,1,Q1,OD,ANCHOR,97,81.5247570598266,,
REFUGE_Valid,SEARCH,17011,1,Q1,OC,ANCHOR,97,62.07738944187133,,
REFUGE_Valid,SEARCH,17011,1,FIRST64,OD,ANCHOR,39,81.07442986687303,,
REFUGE_Valid,SEARCH,17011,1,FIRST64,OC,ANCHOR,39,63.44181029904659,,
REFUGE_Valid,SEALED_REVIEW,17011,1,ALL,OD,SS,269,85.74485499571026,85.75954780176946,-0.014692806059220648
REFUGE_Valid,SEALED_REVIEW,17011,1,ALL,OC,SS,269,65.9814422118358,65.98259833682893,-0.0011561249931376584
REFUGE_Valid,SEALED_REVIEW,17011,1,Q1,OD,SS,69,86.40660600500651,86.41711465189277,-0.010508646886255888
REFUGE_Valid,SEALED_REVIEW,17011,1,Q1,OC,SS,69,65.06140313655533,65.06167105923262,-0.00026792267729391916
REFUGE_Valid,SEALED_REVIEW,17011,1,FIRST64,OD,SS,20,88.49416611631993,88.5055127293035,-0.011346612983575977
REFUGE_Valid,SEALED_REVIEW,17011,1,FIRST64,OC,SS,20,67.37582808497248,67.39121995801203,-0.01539187303954581
REFUGE_Valid,SEALED_REVIEW,17011,1,ALL,OD,SC,269,85.71366973062204,85.72618244755057,-0.012512716928524154
REFUGE_Valid,SEALED_REVIEW,17011,1,ALL,OC,SC,269,65.92179291786032,65.92426059752184,-0.0024676796615129924
REFUGE_Valid,SEALED_REVIEW,17011,1,Q1,OD,SC,69,86.32308666209833,86.32913963651674,-0.0060529744184171595
REFUGE_Valid,SEALED_REVIEW,17011,1,Q1,OC,SC,69,65.01571044065855,65.01597745376253,-0.0002670131039755644
REFUGE_Valid,SEALED_REVIEW,17011,1,FIRST64,OD,SC,20,88.42017245862033,88.42582416197521,-0.005651703354888626
REFUGE_Valid,SEALED_REVIEW,17011,1,FIRST64,OC,SC,20,67.41879474930415,67.4234020004328,-0.004607251128636025
REFUGE_Valid,SEALED_REVIEW,17011,1,ALL,OD,CS,269,85.25231712994142,85.26367385350498,-0.011356723563569525
REFUGE_Valid,SEALED_REVIEW,17011,1,ALL,OC,CS,269,65.73295438694949,65.7314017880067,0.0015525989427765986
REFUGE_Valid,SEALED_REVIEW,17011,1,Q1,OD,CS,69,86.15076503488618,86.14958877267857,0.0011762622076110134
REFUGE_Valid,SEALED_REVIEW,17011,1,Q1,OC,CS,69,65.12874254083853,65.12324189925562,0.0055006415829108625
REFUGE_Valid,SEALED_REVIEW,17011,1,FIRST64,OD,CS,20,87.83323547858218,87.79815001406483,0.0350854645173565
REFUGE_Valid,SEALED_REVIEW,17011,1,FIRST64,OC,CS,20,68.18967767965057,68.1854338865521,0.004243793098459292
REFUGE_Valid,SEALED_REVIEW,17011,1,ALL,OD,CC,269,85.08086885940031,85.09176752477994,-0.010898665379628301
REFUGE_Valid,SEALED_REVIEW,17011,1,ALL,OC,CC,269,65.61602497939563,65.61812415025703,-0.0020991708613836493
REFUGE_Valid,SEALED_REVIEW,17011,1,Q1,OD,CC,69,85.94668654087741,85.94521406919102,0.0014724716863849054
REFUGE_Valid,SEALED_REVIEW,17011,1,Q1,OC,CC,69,65.0061069416333,65.00132550723269,0.004781434400606386
REFUGE_Valid,SEALED_REVIEW,17011,1,FIRST64,OD,CC,20,87.67991347219609,87.65318056551673,0.026732906679359236
REFUGE_Valid,SEALED_REVIEW,17011,1,FIRST64,OC,CC,20,68.06680118210642,68.06607802906375,0.0007231530426615729
REFUGE_Valid,SEALED_REVIEW,17011,1,ALL,OD,SAME64_HOLD,269,87.78215902688964,,
REFUGE_Valid,SEALED_REVIEW,17011,1,ALL,OC,SAME64_HOLD,269,66.96074467841602,,
REFUGE_Valid,SEALED_REVIEW,17011,1,Q1,OD,SAME64_HOLD,69,86.86222407518467,,
REFUGE_Valid,SEALED_REVIEW,17011,1,Q1,OC,SAME64_HOLD,69,65.41190459693583,,
REFUGE_Valid,SEALED_REVIEW,17011,1,FIRST64,OD,SAME64_HOLD,20,88.71747734595593,,
REFUGE_Valid,SEALED_REVIEW,17011,1,FIRST64,OC,SAME64_HOLD,20,67.84055193568938,,
REFUGE_Valid,SEALED_REVIEW,17011,1,ALL,OD,CROSS64_HOLD,269,85.19381989518196,,
REFUGE_Valid,SEALED_REVIEW,17011,1,ALL,OC,CROSS64_HOLD,269,66.42083271732058,,
REFUGE_Valid,SEALED_REVIEW,17011,1,Q1,OD,CROSS64_HOLD,69,84.61107846184471,,
REFUGE_Valid,SEALED_REVIEW,17011,1,Q1,OC,CROSS64_HOLD,69,64.67642208734868,,
REFUGE_Valid,SEALED_REVIEW,17011,1,FIRST64,OD,CROSS64_HOLD,20,86.49696455366552,,
REFUGE_Valid,SEALED_REVIEW,17011,1,FIRST64,OC,CROSS64_HOLD,20,68.19075717111096,,
REFUGE_Valid,SEALED_REVIEW,17011,1,ALL,OD,SOURCE_HOLD,269,86.1588258244221,,
REFUGE_Valid,SEALED_REVIEW,17011,1,ALL,OC,SOURCE_HOLD,269,67.06294196122838,,
REFUGE_Valid,SEALED_REVIEW,17011,1,Q1,OD,SOURCE_HOLD,69,85.57440745098312,,
REFUGE_Valid,SEALED_REVIEW,17011,1,Q1,OC,SOURCE_HOLD,69,65.387031694222,,
REFUGE_Valid,SEALED_REVIEW,17011,1,FIRST64,OD,SOURCE_HOLD,20,87.71734701521636,,
REFUGE_Valid,SEALED_REVIEW,17011,1,FIRST64,OC,SOURCE_HOLD,20,68.6694185577723,,
REFUGE_Valid,SEALED_REVIEW,17011,1,ALL,OD,C_CONT,269,82.85275719307322,,
REFUGE_Valid,SEALED_REVIEW,17011,1,ALL,OC,C_CONT,269,64.48384731387632,,
REFUGE_Valid,SEALED_REVIEW,17011,1,Q1,OD,C_CONT,69,84.29417381552535,,
REFUGE_Valid,SEALED_REVIEW,17011,1,Q1,OC,C_CONT,69,64.01043852221176,,
REFUGE_Valid,SEALED_REVIEW,17011,1,FIRST64,OD,C_CONT,20,86.80589419290607,,
REFUGE_Valid,SEALED_REVIEW,17011,1,FIRST64,OC,C_CONT,20,67.03370629859266,,
REFUGE_Valid,SEALED_REVIEW,17011,1,ALL,OD,ANCHOR,269,81.88691247922627,,
REFUGE_Valid,SEALED_REVIEW,17011,1,ALL,OC,ANCHOR,269,63.83006447656532,,
REFUGE_Valid,SEALED_REVIEW,17011,1,Q1,OD,ANCHOR,69,83.7598325283934,,
REFUGE_Valid,SEALED_REVIEW,17011,1,Q1,OC,ANCHOR,69,63.77617734760879,,
REFUGE_Valid,SEALED_REVIEW,17011,1,FIRST64,OD,ANCHOR,20,86.41058446712063,,
REFUGE_Valid,SEALED_REVIEW,17011,1,FIRST64,OC,ANCHOR,20,66.84875122767467,,
REFUGE_Valid,SEALED_REVIEW,17011,1,Q2,OD,SS,80,86.73613283323245,86.75276304917399,-0.016630215941544624
REFUGE_Valid,SEALED_REVIEW,17011,1,Q2,OC,SS,80,68.30069993676607,68.3000618592115,0.0006380775545745954
REFUGE_Valid,SEALED_REVIEW,17011,1,Q2,OD,SC,80,86.70329456005325,86.71656036329077,-0.01326580323752019
REFUGE_Valid,SEALED_REVIEW,17011,1,Q2,OC,SC,80,68.26154100308497,68.26542604644698,-0.003885043362008844
REFUGE_Valid,SEALED_REVIEW,17011,1,Q2,OD,CS,80,86.43238342952651,86.45040744003788,-0.018024010511376448
REFUGE_Valid,SEALED_REVIEW,17011,1,Q2,OC,CS,80,68.1112579512021,68.11088112031473,0.0003768308873730586
REFUGE_Valid,SEALED_REVIEW,17011,1,Q2,OD,CC,80,86.24777504901661,86.26566412478249,-0.017889075765879087
REFUGE_Valid,SEALED_REVIEW,17011,1,Q2,OC,CC,80,68.00344381052659,68.00803867218261,-0.004594861656020133
REFUGE_Valid,SEALED_REVIEW,17011,1,Q2,OD,SAME64_HOLD,80,88.07879440575186,,
REFUGE_Valid,SEALED_REVIEW,17011,1,Q2,OC,SAME64_HOLD,80,68.88587862323791,,
REFUGE_Valid,SEALED_REVIEW,17011,1,Q2,OD,CROSS64_HOLD,80,85.84750303499513,,
REFUGE_Valid,SEALED_REVIEW,17011,1,Q2,OC,CROSS64_HOLD,80,68.31304556389533,,
REFUGE_Valid,SEALED_REVIEW,17011,1,Q2,OD,SOURCE_HOLD,80,86.77564121992681,,
REFUGE_Valid,SEALED_REVIEW,17011,1,Q2,OC,SOURCE_HOLD,80,69.00905416238659,,
REFUGE_Valid,SEALED_REVIEW,17011,1,Q2,OD,C_CONT,80,84.17928374047966,,
REFUGE_Valid,SEALED_REVIEW,17011,1,Q2,OC,C_CONT,80,66.92770014459947,,
REFUGE_Valid,SEALED_REVIEW,17011,1,Q2,OD,ANCHOR,80,83.36516020445923,,
REFUGE_Valid,SEALED_REVIEW,17011,1,Q2,OC,ANCHOR,80,66.31271918956,,
REFUGE_Valid,SEARCH,17011,1,Q2,OD,SS,89,85.75990974841378,85.7723967322423,-0.012486983828513105
REFUGE_Valid,SEARCH,17011,1,Q2,OC,SS,89,66.79023482703116,66.79386528960137,-0.0036304625702205514
REFUGE_Valid,SEARCH,17011,1,Q2,OD,SC,89,85.70449048908323,85.71742557370568,-0.012935084622451803
REFUGE_Valid,SEARCH,17011,1,Q2,OC,SC,89,66.79388523478242,66.79958578366238,-0.0057005488799584565
REFUGE_Valid,SEARCH,17011,1,Q2,OD,CS,89,85.3655956988091,85.38779562204854,-0.022199923239450584
REFUGE_Valid,SEARCH,17011,1,Q2,OC,CS,89,66.73782964243392,66.74270652702701,-0.00487688459309438
REFUGE_Valid,SEARCH,17011,1,Q2,OD,CC,89,85.15528578852003,85.17561151601707,-0.020325727497046062
REFUGE_Valid,SEARCH,17011,1,Q2,OC,CC,89,66.67190858735792,66.67770157012515,-0.0057929827672305485
REFUGE_Valid,SEARCH,17011,1,Q2,OD,SAME64_HOLD,89,86.78855309557463,,
REFUGE_Valid,SEARCH,17011,1,Q2,OC,SAME64_HOLD,89,67.51051969404554,,
REFUGE_Valid,SEARCH,17011,1,Q2,OD,CROSS64_HOLD,89,84.56282458956237,,
REFUGE_Valid,SEARCH,17011,1,Q2,OC,CROSS64_HOLD,89,67.63163192084318,,
REFUGE_Valid,SEARCH,17011,1,Q2,OD,SOURCE_HOLD,89,85.26211478789409,,
REFUGE_Valid,SEARCH,17011,1,Q2,OC,SOURCE_HOLD,89,67.99456581880115,,
REFUGE_Valid,SEARCH,17011,1,Q2,OD,C_CONT,89,82.87987374027782,,
REFUGE_Valid,SEARCH,17011,1,Q2,OC,C_CONT,89,65.752155677468,,
REFUGE_Valid,SEARCH,17011,1,Q2,OD,ANCHOR,89,82.01239039498188,,
REFUGE_Valid,SEARCH,17011,1,Q2,OC,ANCHOR,89,65.2000738457899,,
REFUGE_Valid,SEARCH,17011,1,Q3,OD,SS,100,84.01851791773302,84.00083040582689,0.0176875119061487
REFUGE_Valid,SEARCH,17011,1,Q3,OC,SS,100,67.24802625175712,67.22411212660786,0.02391412514926672
REFUGE_Valid,SEARCH,17011,1,Q3,OD,SC,100,84.02326692827513,84.00580968414563,0.017457244129510774
REFUGE_Valid,SEARCH,17011,1,Q3,OC,SC,100,67.1975389577928,67.17406632266206,0.023472635130759173
REFUGE_Valid,SEARCH,17011,1,Q3,OD,CS,100,83.52875869084812,83.51458270843301,0.014175982415113976
REFUGE_Valid,SEARCH,17011,1,Q3,OC,CS,100,66.86618875751907,66.85530784279821,0.010880914720872908
REFUGE_Valid,SEARCH,17011,1,Q3,OD,CC,100,83.37887391687372,83.36553595306646,0.013337963807245001
REFUGE_Valid,SEARCH,17011,1,Q3,OC,CC,100,66.76566519897477,66.75309953107052,0.012565667904251704
REFUGE_Valid,SEARCH,17011,1,Q3,OD,SAME64_HOLD,100,86.29306465420864,,
REFUGE_Valid,SEARCH,17011,1,Q3,OC,SAME64_HOLD,100,68.26156306347539,,
REFUGE_Valid,SEARCH,17011,1,Q3,OD,CROSS64_HOLD,100,83.60063725133982,,
REFUGE_Valid,SEARCH,17011,1,Q3,OC,CROSS64_HOLD,100,67.41056710497732,,
REFUGE_Valid,SEARCH,17011,1,Q3,OD,SOURCE_HOLD,100,84.35205902500844,,
REFUGE_Valid,SEARCH,17011,1,Q3,OC,SOURCE_HOLD,100,67.88126808183193,,
REFUGE_Valid,SEARCH,17011,1,Q3,OD,C_CONT,100,81.05460249779037,,
REFUGE_Valid,SEARCH,17011,1,Q3,OC,C_CONT,100,65.65924468605911,,
REFUGE_Valid,SEARCH,17011,1,Q3,OD,ANCHOR,100,79.94157375235257,,
REFUGE_Valid,SEARCH,17011,1,Q3,OC,ANCHOR,100,64.87189721646372,,
REFUGE_Valid,SEALED_REVIEW,17011,1,Q3,OD,SS,68,84.77615140489931,84.80225835575878,-0.026106950859481108
REFUGE_Valid,SEALED_REVIEW,17011,1,Q3,OC,SS,68,64.0124315090339,64.01277470752103,-0.0003431984871297896
REFUGE_Valid,SEALED_REVIEW,17011,1,Q3,OD,SC,68,84.73621265794156,84.76402219519473,-0.02780953725316504
REFUGE_Valid,SEALED_REVIEW,17011,1,Q3,OC,SC,68,63.96906801120623,63.96885042622748,0.0002175849787470469
REFUGE_Valid,SEALED_REVIEW,17011,1,Q3,OD,CS,68,84.00516734256497,84.02643161028992,-0.021264267724952587
REFUGE_Valid,SEALED_REVIEW,17011,1,Q3,OC,CS,68,63.68295717614502,63.68197413907285,0.000983037072164608
REFUGE_Valid,SEALED_REVIEW,17011,1,Q3,OD,CC,68,83.83461993967477,83.85441692752472,-0.019796987849956114
REFUGE_Valid,SEALED_REVIEW,17011,1,Q3,OC,CC,68,63.5917006294495,63.5948907897972,-0.003190160347700696
REFUGE_Valid,SEALED_REVIEW,17011,1,Q3,OD,SAME64_HOLD,68,87.78759222874488,,
REFUGE_Valid,SEALED_REVIEW,17011,1,Q3,OC,SAME64_HOLD,68,65.30916098701687,,
REFUGE_Valid,SEALED_REVIEW,17011,1,Q3,OD,CROSS64_HOLD,68,84.49701887647514,,
REFUGE_Valid,SEALED_REVIEW,17011,1,Q3,OC,CROSS64_HOLD,68,65.31347289625742,,
REFUGE_Valid,SEALED_REVIEW,17011,1,Q3,OD,SOURCE_HOLD,68,85.64679714140797,,
REFUGE_Valid,SEALED_REVIEW,17011,1,Q3,OC,SOURCE_HOLD,68,65.81017819531509,,
REFUGE_Valid,SEALED_REVIEW,17011,1,Q3,OD,C_CONT,68,81.24826588462672,,
REFUGE_Valid,SEALED_REVIEW,17011,1,Q3,OC,C_CONT,68,62.493037310324205,,
REFUGE_Valid,SEALED_REVIEW,17011,1,Q3,OD,ANCHOR,68,80.00066659697114,,
REFUGE_Valid,SEALED_REVIEW,17011,1,Q3,OC,ANCHOR,68,61.73859676343913,,
REFUGE_Valid,SEARCH,17011,1,Q4,OD,SS,120,81.81172906595064,81.81445899359386,-0.0027299276432082853
REFUGE_Valid,SEARCH,17011,1,Q4,OC,SS,120,64.29227467949985,64.29873423450462,-0.006459555004762613
REFUGE_Valid,SEARCH,17011,1,Q4,OD,SC,120,81.81751077591404,81.81968612639187,-0.002175350477823107
REFUGE_Valid,SEARCH,17011,1,Q4,OC,SC,120,64.22078815309142,64.22324128020698,-0.0024531271155622354
REFUGE_Valid,SEARCH,17011,1,Q4,OD,CS,120,80.9593551982593,80.96573606200018,-0.006380863740886311
REFUGE_Valid,SEARCH,17011,1,Q4,OC,CS,120,63.88160694236916,63.887213806257634,-0.005606863888473941
REFUGE_Valid,SEARCH,17011,1,Q4,OD,CC,120,80.81274966411448,80.81855939328229,-0.0058097291678083085
REFUGE_Valid,SEARCH,17011,1,Q4,OC,CC,120,63.75547957691594,63.76244667281846,-0.0069670959025230905
REFUGE_Valid,SEARCH,17011,1,Q4,OD,SAME64_HOLD,120,85.987082759657,,
REFUGE_Valid,SEARCH,17011,1,Q4,OC,SAME64_HOLD,120,66.33674661476732,,
REFUGE_Valid,SEARCH,17011,1,Q4,OD,CROSS64_HOLD,120,83.33876301660824,,
REFUGE_Valid,SEARCH,17011,1,Q4,OC,CROSS64_HOLD,120,65.71873512165826,,
REFUGE_Valid,SEARCH,17011,1,Q4,OD,SOURCE_HOLD,120,84.14496600459728,,
REFUGE_Valid,SEARCH,17011,1,Q4,OC,SOURCE_HOLD,120,66.1779112713013,,
REFUGE_Valid,SEARCH,17011,1,Q4,OD,C_CONT,120,77.93367037643847,,
REFUGE_Valid,SEARCH,17011,1,Q4,OC,C_CONT,120,62.358894870325685,,
REFUGE_Valid,SEARCH,17011,1,Q4,OD,ANCHOR,120,76.56975705292791,,
REFUGE_Valid,SEARCH,17011,1,Q4,OC,ANCHOR,120,61.18449552029557,,
REFUGE_Valid,SEALED_REVIEW,17011,1,Q4,OD,SS,52,84.60848571747803,84.610823760959,-0.0023380434809694853
REFUGE_Valid,SEALED_REVIEW,17011,1,Q4,OC,SS,52,66.20903463472922,66.21519270522272,-0.006158070493497917
REFUGE_Valid,SEALED_REVIEW,17011,1,Q4,OD,SC,52,84.66073369823575,84.6606558679797,7.783025605048518e-05
REFUGE_Valid,SEALED_REVIEW,17011,1,Q4,OC,SC,52,66.07804556711852,66.0847643023948,-0.00671873527628409
REFUGE_Valid,SEALED_REVIEW,17011,1,Q4,OD,CS,52,83.87554744020301,83.88032108798605,-0.004773647783047512
REFUGE_Valid,SEALED_REVIEW,17011,1,Q4,OC,CS,52,65.5565340518754,65.55766651621215,-0.0011324643367496621
REFUGE_Valid,SEALED_REVIEW,17011,1,Q4,OD,CC,52,83.76646523151786,83.77138869879502,-0.0049234672771774745
REFUGE_Valid,SEALED_REVIEW,17011,1,Q4,OC,CC,52,65.39958063153917,65.40554363344742,-0.0059630019082458526
REFUGE_Valid,SEALED_REVIEW,17011,1,Q4,OD,SAME64_HOLD,52,88.53937486597637,,
REFUGE_Valid,SEALED_REVIEW,17011,1,Q4,OC,SAME64_HOLD,52,68.21395508325297,,
REFUGE_Valid,SEALED_REVIEW,17011,1,Q4,OD,CROSS64_HOLD,52,85.87260791416807,,
REFUGE_Valid,SEALED_REVIEW,17011,1,Q4,OC,CROSS64_HOLD,52,67.27252067067394,,
REFUGE_Valid,SEALED_REVIEW,17011,1,Q4,OD,SOURCE_HOLD,52,86.65493325849658,,
REFUGE_Valid,SEALED_REVIEW,17011,1,Q4,OC,SOURCE_HOLD,52,67.93095673839925,,
REFUGE_Valid,SEALED_REVIEW,17011,1,Q4,OD,C_CONT,52,80.99747908216258,,
REFUGE_Valid,SEALED_REVIEW,17011,1,Q4,OC,C_CONT,52,63.955617706348356,,
REFUGE_Valid,SEALED_REVIEW,17011,1,Q4,OD,ANCHOR,52,79.59409360580662,,
REFUGE_Valid,SEALED_REVIEW,17011,1,Q4,OC,ANCHOR,52,62.81709600254618,,
ORIGA,SEARCH,29009,0,ALL,OD,SS,316,85.31320298737306,85.27792279360655,0.03528019376650135
ORIGA,SEARCH,29009,0,ALL,OC,SS,316,67.9182226729809,67.86628643982252,0.05193623315838316
ORIGA,SEARCH,29009,0,Q1,OD,SS,81,80.14160378356941,80.07618067788378,0.06542310568561607
ORIGA,SEARCH,29009,0,Q1,OC,SS,81,61.61673306016904,61.51344867208602,0.10328438808301174
ORIGA,SEARCH,29009,0,FIRST64,OD,SS,35,81.32338281104265,81.25816942534118,0.0652133857014671
ORIGA,SEARCH,29009,0,FIRST64,OC,SS,35,65.1170288170258,65.01567008721699,0.10135872980880795
ORIGA,SEARCH,29009,0,ALL,OD,SC,316,86.405229069341,86.36825512068718,0.03697394865382799
ORIGA,SEARCH,29009,0,ALL,OC,SC,316,69.14422408905085,69.08266855915923,0.06155552989162065
ORIGA,SEARCH,29009,0,Q1,OD,SC,81,81.45945853076074,81.37723364916724,0.08222488159350658
ORIGA,SEARCH,29009,0,Q1,OC,SC,81,63.32809843655753,63.1793719602676,0.14872647628992497
ORIGA,SEARCH,29009,0,FIRST64,OD,SC,35,81.95242756124274,81.84843877161484,0.10398878962789887
ORIGA,SEARCH,29009,0,FIRST64,OC,SC,35,65.64047392459993,65.47787042933338,0.16260349526655218
ORIGA,SEARCH,29009,0,ALL,OD,CS,316,84.23022568901119,84.18610528620314,0.044120402808056555
ORIGA,SEARCH,29009,0,ALL,OC,CS,316,66.72565086953888,66.66863262634519,0.05701824319370725
ORIGA,SEARCH,29009,0,Q1,OD,CS,81,77.87139785224711,77.78192114742717,0.08947670481994807
ORIGA,SEARCH,29009,0,Q1,OC,CS,81,58.72782398655555,58.61061974497533,0.11720424158021148
ORIGA,SEARCH,29009,0,FIRST64,OD,CS,35,79.01258600677528,78.92874554988967,0.08384045688561119
ORIGA,SEARCH,29009,0,FIRST64,OC,CS,35,62.16714710883122,62.04526422638648,0.12188288244474274
ORIGA,SEARCH,29009,0,ALL,OD,CC,316,85.32051892189818,85.27369092573576,0.046827996162427145
ORIGA,SEARCH,29009,0,ALL,OC,CC,316,67.82881194053736,67.76075222381877,0.06805971671858642
ORIGA,SEARCH,29009,0,Q1,OD,CC,81,79.27129884946336,79.16533717062684,0.10596167883652605
ORIGA,SEARCH,29009,0,Q1,OC,CC,81,60.287384141222674,60.12285136359344,0.1645327776292393
ORIGA,SEARCH,29009,0,FIRST64,OD,CC,35,79.68910741794866,79.5668497743059,0.1222576436427704
ORIGA,SEARCH,29009,0,FIRST64,OC,CC,35,62.76520207775137,62.57553982017651,0.18966225757485486
ORIGA,SEARCH,29009,0,ALL,OD,SAME64_HOLD,316,79.19274990327523,,
ORIGA,SEARCH,29009,0,ALL,OC,SAME64_HOLD,316,60.76705788405048,,
ORIGA,SEARCH,29009,0,Q1,OD,SAME64_HOLD,81,76.56688059732053,,
ORIGA,SEARCH,29009,0,Q1,OC,SAME64_HOLD,81,57.44228580781776,,
ORIGA,SEARCH,29009,0,FIRST64,OD,SAME64_HOLD,35,79.8833199604273,,
ORIGA,SEARCH,29009,0,FIRST64,OC,SAME64_HOLD,35,63.30374067480208,,
ORIGA,SEARCH,29009,0,ALL,OD,CROSS64_HOLD,316,76.13503226541361,,
ORIGA,SEARCH,29009,0,ALL,OC,CROSS64_HOLD,316,57.459402261445256,,
ORIGA,SEARCH,29009,0,Q1,OD,CROSS64_HOLD,81,73.47174089549992,,
ORIGA,SEARCH,29009,0,Q1,OC,CROSS64_HOLD,81,53.87394214845841,,
ORIGA,SEARCH,29009,0,FIRST64,OD,CROSS64_HOLD,35,76.98325756991467,,
ORIGA,SEARCH,29009,0,FIRST64,OC,CROSS64_HOLD,35,59.50187222412383,,
ORIGA,SEARCH,29009,0,ALL,OD,SOURCE_HOLD,316,75.50920320760306,,
ORIGA,SEARCH,29009,0,ALL,OC,SOURCE_HOLD,316,56.51189852699288,,
ORIGA,SEARCH,29009,0,Q1,OD,SOURCE_HOLD,81,72.97912470636965,,
ORIGA,SEARCH,29009,0,Q1,OC,SOURCE_HOLD,81,52.9323997048062,,
ORIGA,SEARCH,29009,0,FIRST64,OD,SOURCE_HOLD,35,76.60120354790617,,
ORIGA,SEARCH,29009,0,FIRST64,OC,SOURCE_HOLD,35,58.72587043999013,,
ORIGA,SEARCH,29009,0,ALL,OD,C_CONT,316,88.7029149126372,,
ORIGA,SEARCH,29009,0,ALL,OC,C_CONT,316,72.1303467041345,,
ORIGA,SEARCH,29009,0,Q1,OD,C_CONT,81,85.05473630638112,,
ORIGA,SEARCH,29009,0,Q1,OC,C_CONT,81,67.77896969660682,,
ORIGA,SEARCH,29009,0,FIRST64,OD,C_CONT,35,85.55664423170307,,
ORIGA,SEARCH,29009,0,FIRST64,OC,C_CONT,35,69.64516913973978,,
ORIGA,SEARCH,29009,0,ALL,OD,ANCHOR,316,89.21115312522929,,
ORIGA,SEARCH,29009,0,ALL,OC,ANCHOR,316,72.48823925754326,,
ORIGA,SEARCH,29009,0,Q1,OD,ANCHOR,81,85.92584959325875,,
ORIGA,SEARCH,29009,0,Q1,OC,ANCHOR,81,67.70342679819895,,
ORIGA,SEARCH,29009,0,FIRST64,OD,ANCHOR,35,86.49026949634015,,
ORIGA,SEARCH,29009,0,FIRST64,OC,ANCHOR,35,69.5030494803205,,
ORIGA,SEALED_REVIEW,29009,0,ALL,OD,SS,210,86.0067803658096,85.97473359083992,0.03204677496968942
ORIGA,SEALED_REVIEW,29009,0,ALL,OC,SS,210,71.02773510906798,70.97315301454177,0.05458209452621622
ORIGA,SEALED_REVIEW,29009,0,Q1,OD,SS,46,80.91983106795226,80.84678199907262,0.07304906887964888
ORIGA,SEALED_REVIEW,29009,0,Q1,OC,SS,46,64.5634394476024,64.48360048779456,0.07983895980785721
ORIGA,SEALED_REVIEW,29009,0,FIRST64,OD,SS,20,79.6286000532667,79.53028539720998,0.09831465605671247
ORIGA,SEALED_REVIEW,29009,0,FIRST64,OC,SS,20,62.00863100769851,61.89408614235333,0.1145448653451716
ORIGA,SEALED_REVIEW,29009,0,ALL,OD,SC,210,87.06786988609173,87.03020871569987,0.03766117039186162
ORIGA,SEALED_REVIEW,29009,0,ALL,OC,SC,210,72.05521510698168,72.00925439432847,0.04596071265320885
ORIGA,SEALED_REVIEW,29009,0,Q1,OD,SC,46,82.35806606949022,82.25365028644373,0.10441578304650032
ORIGA,SEALED_REVIEW,29009,0,Q1,OC,SC,46,66.0860094439699,65.97190474157186,0.1141047023980313
ORIGA,SEALED_REVIEW,29009,0,FIRST64,OD,SC,20,80.3423092141594,80.16961659373138,0.17269262042802047
ORIGA,SEALED_REVIEW,29009,0,FIRST64,OC,SC,20,62.79575009109938,62.603694072748816,0.1920560183505575
ORIGA,SEALED_REVIEW,29009,0,ALL,OD,CS,210,84.89682060601379,84.85487632459915,0.0419442814146375
ORIGA,SEALED_REVIEW,29009,0,ALL,OC,CS,210,69.73618228799307,69.68370586499756,0.05247642299551156
ORIGA,SEALED_REVIEW,29009,0,Q1,OD,CS,46,78.17388844570844,78.07120157712161,0.10268686858682591
ORIGA,SEALED_REVIEW,29009,0,Q1,OC,CS,46,61.20917390453534,61.07725650372785,0.13191740080749198
ORIGA,SEALED_REVIEW,29009,0,FIRST64,OD,CS,20,76.46543355852377,76.33809721036255,0.12733634816122025
ORIGA,SEALED_REVIEW,29009,0,FIRST64,OC,CS,20,58.68828584308458,58.54490609721067,0.14337974587390645
ORIGA,SEALED_REVIEW,29009,0,ALL,OD,CC,210,85.93052348591092,85.88885183900982,0.041671646901102824
ORIGA,SEALED_REVIEW,29009,0,ALL,OC,CC,210,70.86299714058185,70.80697230085818,0.056024839723663254
ORIGA,SEALED_REVIEW,29009,0,Q1,OD,CC,46,79.7138858047432,79.59850847634941,0.11537732839379956
ORIGA,SEALED_REVIEW,29009,0,Q1,OC,CC,46,63.120894615931576,62.97512859830968,0.1457660176218875
ORIGA,SEALED_REVIEW,29009,0,FIRST64,OD,CC,20,77.30324170264882,77.12242227577586,0.18081942687296654
ORIGA,SEALED_REVIEW,29009,0,FIRST64,OC,CC,20,59.48930952400999,59.26801726345964,0.22129226055035475
ORIGA,SEALED_REVIEW,29009,0,ALL,OD,SAME64_HOLD,210,80.06992048892182,,
ORIGA,SEALED_REVIEW,29009,0,ALL,OC,SAME64_HOLD,210,64.47073327813314,,
ORIGA,SEALED_REVIEW,29009,0,Q1,OD,SAME64_HOLD,46,76.91427775244037,,
ORIGA,SEALED_REVIEW,29009,0,Q1,OC,SAME64_HOLD,46,59.06298946459121,,
ORIGA,SEALED_REVIEW,29009,0,FIRST64,OD,SAME64_HOLD,20,77.9260421163954,,
ORIGA,SEALED_REVIEW,29009,0,FIRST64,OC,SAME64_HOLD,20,59.84394005675492,,
ORIGA,SEALED_REVIEW,29009,0,ALL,OD,CROSS64_HOLD,210,76.79120462773356,,
ORIGA,SEALED_REVIEW,29009,0,ALL,OC,CROSS64_HOLD,210,60.986823118236025,,
ORIGA,SEALED_REVIEW,29009,0,Q1,OD,CROSS64_HOLD,46,72.71367291441551,,
ORIGA,SEALED_REVIEW,29009,0,Q1,OC,CROSS64_HOLD,46,55.19866993144049,,
ORIGA,SEALED_REVIEW,29009,0,FIRST64,OD,CROSS64_HOLD,20,73.76742977356734,,
ORIGA,SEALED_REVIEW,29009,0,FIRST64,OC,CROSS64_HOLD,20,55.786657986252564,,
ORIGA,SEALED_REVIEW,29009,0,ALL,OD,SOURCE_HOLD,210,76.05669554999056,,
ORIGA,SEALED_REVIEW,29009,0,ALL,OC,SOURCE_HOLD,210,59.84718756382246,,
ORIGA,SEALED_REVIEW,29009,0,Q1,OD,SOURCE_HOLD,46,71.56840782361881,,
ORIGA,SEALED_REVIEW,29009,0,Q1,OC,SOURCE_HOLD,46,53.35239728786239,,
ORIGA,SEALED_REVIEW,29009,0,FIRST64,OD,SOURCE_HOLD,20,72.66927535917436,,
ORIGA,SEALED_REVIEW,29009,0,FIRST64,OC,SOURCE_HOLD,20,53.89018496055126,,
ORIGA,SEALED_REVIEW,29009,0,ALL,OD,C_CONT,210,89.27204102312594,,
ORIGA,SEALED_REVIEW,29009,0,ALL,OC,C_CONT,210,74.62024868878076,,
ORIGA,SEALED_REVIEW,29009,0,Q1,OD,C_CONT,46,86.44403944520009,,
ORIGA,SEALED_REVIEW,29009,0,Q1,OC,C_CONT,46,71.246699314791,,
ORIGA,SEALED_REVIEW,29009,0,FIRST64,OD,C_CONT,20,85.04445072231536,,
ORIGA,SEALED_REVIEW,29009,0,FIRST64,OC,C_CONT,20,69.15648700714092,,
ORIGA,SEALED_REVIEW,29009,0,ALL,OD,ANCHOR,210,89.73730003204976,,
ORIGA,SEALED_REVIEW,29009,0,ALL,OC,ANCHOR,210,74.91024429250402,,
ORIGA,SEALED_REVIEW,29009,0,Q1,OD,ANCHOR,46,87.28662373272986,,
ORIGA,SEALED_REVIEW,29009,0,Q1,OC,ANCHOR,46,71.20635282091243,,
ORIGA,SEALED_REVIEW,29009,0,FIRST64,OD,ANCHOR,20,85.93898346866457,,
ORIGA,SEALED_REVIEW,29009,0,FIRST64,OC,ANCHOR,20,69.03342731370854,,
ORIGA,SEARCH,29009,0,Q2,OD,SS,70,83.41532487577055,83.36907982251344,0.046245053257103805
ORIGA,SEARCH,29009,0,Q2,OC,SS,70,65.95758364151168,65.89819394110785,0.05938970040381551
ORIGA,SEARCH,29009,0,Q2,OD,SC,70,84.74492177675927,84.7078686881078,0.03705308865145782
ORIGA,SEARCH,29009,0,Q2,OC,SC,70,67.41025416566714,67.35422815676887,0.05602600889826075
ORIGA,SEARCH,29009,0,Q2,OD,CS,70,82.26764098418727,82.21352903324913,0.054111950938140786
ORIGA,SEARCH,29009,0,Q2,OC,CS,70,65.05378280035501,64.99423307802195,0.05954972233306075
ORIGA,SEARCH,29009,0,Q2,OD,CC,70,83.63521727606792,83.58423041806246,0.050986858005472716
ORIGA,SEARCH,29009,0,Q2,OC,CC,70,66.28428688345186,66.22612908156935,0.05815780188250828
ORIGA,SEARCH,29009,0,Q2,OD,SAME64_HOLD,70,76.57482833517668,,
ORIGA,SEARCH,29009,0,Q2,OC,SAME64_HOLD,70,57.9353063153769,,
ORIGA,SEARCH,29009,0,Q2,OD,CROSS64_HOLD,70,72.69053253559224,,
ORIGA,SEARCH,29009,0,Q2,OC,CROSS64_HOLD,70,54.01474713602228,,
ORIGA,SEARCH,29009,0,Q2,OD,SOURCE_HOLD,70,71.55913998567341,,
ORIGA,SEARCH,29009,0,Q2,OC,SOURCE_HOLD,70,52.667386781161326,,
ORIGA,SEARCH,29009,0,Q2,OD,C_CONT,70,87.23348195204066,,
ORIGA,SEARCH,29009,0,Q2,OC,C_CONT,70,71.15354618371796,,
ORIGA,SEARCH,29009,0,Q2,OD,ANCHOR,70,87.82834384651925,,
ORIGA,SEARCH,29009,0,Q2,OC,ANCHOR,70,71.43273875566821,,
ORIGA,SEALED_REVIEW,29009,0,Q2,OD,SS,62,84.16617506694787,84.12971693028983,0.03645813665803271
ORIGA,SEALED_REVIEW,29009,0,Q2,OC,SS,62,69.88414112569126,69.77534557599448,0.10879554969678022
ORIGA,SEALED_REVIEW,29009,0,Q2,OD,SC,62,85.47321349334214,85.43981686406083,0.03339662928130096
ORIGA,SEALED_REVIEW,29009,0,Q2,OC,SC,62,71.48427411103279,71.42806053630306,0.056213574729727184
ORIGA,SEALED_REVIEW,29009,0,Q2,OD,CS,62,83.1339498661925,83.08646704499652,0.0474828211959678
ORIGA,SEALED_REVIEW,29009,0,Q2,OC,CS,62,68.51643841611471,68.46002350303277,0.05641491308194023
ORIGA,SEALED_REVIEW,29009,0,Q2,OD,CC,62,84.38513871530773,84.34427571862128,0.040862996686461074
ORIGA,SEALED_REVIEW,29009,0,Q2,OC,CC,62,70.21335233546897,70.14771412821065,0.06563820725830777
ORIGA,SEALED_REVIEW,29009,0,Q2,OD,SAME64_HOLD,62,76.33988770584563,,
ORIGA,SEALED_REVIEW,29009,0,Q2,OC,SAME64_HOLD,62,61.30203136998163,,
ORIGA,SEALED_REVIEW,29009,0,Q2,OD,CROSS64_HOLD,62,72.39118134884595,,
ORIGA,SEALED_REVIEW,29009,0,Q2,OC,CROSS64_HOLD,62,56.67734396998707,,
ORIGA,SEALED_REVIEW,29009,0,Q2,OD,SOURCE_HOLD,62,71.38839435425128,,
ORIGA,SEALED_REVIEW,29009,0,Q2,OC,SOURCE_HOLD,62,55.10002715955557,,
ORIGA,SEALED_REVIEW,29009,0,Q2,OD,C_CONT,62,87.6274694879656,,
ORIGA,SEALED_REVIEW,29009,0,Q2,OC,C_CONT,62,74.33193191677128,,
ORIGA,SEALED_REVIEW,29009,0,Q2,OD,ANCHOR,62,88.09330259601815,,
ORIGA,SEALED_REVIEW,29009,0,Q2,OC,ANCHOR,62,74.51019140626128,,
ORIGA,SEALED_REVIEW,29009,0,Q3,OD,SS,45,85.9086511062682,85.89146124695614,0.017189859312061677
ORIGA,SEALED_REVIEW,29009,0,Q3,OC,SS,45,70.74822250844744,70.73200072136551,0.016221787081923678
ORIGA,SEALED_REVIEW,29009,0,Q3,OD,SC,45,86.93579961302177,86.92107148391572,0.01472812910604107
ORIGA,SEALED_REVIEW,29009,0,Q3,OC,SC,45,71.58641730996924,71.57055394871226,0.015863361256981647
ORIGA,SEALED_REVIEW,29009,0,Q3,OD,CS,45,85.33229481558273,85.31324525595582,0.019049559626913078
ORIGA,SEALED_REVIEW,29009,0,Q3,OC,CS,45,70.27111457340408,70.24944231633987,0.02167225706419572
ORIGA,SEALED_REVIEW,29009,0,Q3,OD,CC,45,86.21990787599762,86.20571662469395,0.014191251303663992
ORIGA,SEALED_REVIEW,29009,0,Q3,OC,CC,45,70.99089474644911,70.97335386460612,0.017540881842989336
ORIGA,SEALED_REVIEW,29009,0,Q3,OD,SAME64_HOLD,45,77.69543653839442,,
ORIGA,SEALED_REVIEW,29009,0,Q3,OC,SAME64_HOLD,45,60.36492435521185,,
ORIGA,SEALED_REVIEW,29009,0,Q3,OD,CROSS64_HOLD,45,73.94741643574326,,
ORIGA,SEALED_REVIEW,29009,0,Q3,OC,CROSS64_HOLD,45,56.40203926746493,,
ORIGA,SEALED_REVIEW,29009,0,Q3,OD,SOURCE_HOLD,45,73.13453177530263,,
ORIGA,SEALED_REVIEW,29009,0,Q3,OC,SOURCE_HOLD,45,55.25252493968499,,
ORIGA,SEALED_REVIEW,29009,0,Q3,OD,C_CONT,45,88.93902340414867,,
ORIGA,SEALED_REVIEW,29009,0,Q3,OC,C_CONT,45,74.01297741053332,,
ORIGA,SEALED_REVIEW,29009,0,Q3,OD,ANCHOR,45,89.43474528867627,,
ORIGA,SEALED_REVIEW,29009,0,Q3,OC,ANCHOR,45,74.31944846258001,,
ORIGA,SEARCH,29009,0,Q3,OD,SS,88,86.37979614791583,86.35643545176265,0.02336069615318111
ORIGA,SEARCH,29009,0,Q3,OC,SS,88,68.37858118840317,68.34102786556673,0.03755332283644762
ORIGA,SEARCH,29009,0,Q3,OD,SC,88,87.47309292217862,87.45236236023544,0.020730561943189195
ORIGA,SEARCH,29009,0,Q3,OC,SC,88,69.73905200054863,69.70408432150577,0.03496767904285441
ORIGA,SEARCH,29009,0,Q3,OD,CS,88,85.7547770344506,85.72823386198445,0.0265431724661494
ORIGA,SEARCH,29009,0,Q3,OC,CS,88,67.65244938652313,67.60756862095914,0.0448807655639964
ORIGA,SEARCH,29009,0,Q3,OD,CC,88,86.77338164040187,86.74944866513434,0.023932975267532384
ORIGA,SEARCH,29009,0,Q3,OC,CC,88,68.8640011847164,68.82385274089803,0.040148443818370703
ORIGA,SEARCH,29009,0,Q3,OD,SAME64_HOLD,88,76.7968833575529,,
ORIGA,SEARCH,29009,0,Q3,OC,SAME64_HOLD,88,55.712583525827384,,
ORIGA,SEARCH,29009,0,Q3,OD,CROSS64_HOLD,88,72.93795826672861,,
ORIGA,SEARCH,29009,0,Q3,OC,CROSS64_HOLD,88,51.37143146046046,,
ORIGA,SEARCH,29009,0,Q3,OD,SOURCE_HOLD,88,72.09234715950387,,
ORIGA,SEARCH,29009,0,Q3,OC,SOURCE_HOLD,88,50.082464909498334,,
ORIGA,SEARCH,29009,0,Q3,OD,C_CONT,88,89.54303372470143,,
ORIGA,SEARCH,29009,0,Q3,OC,C_CONT,88,72.76529073290469,,
ORIGA,SEARCH,29009,0,Q3,OD,ANCHOR,88,89.98356243891236,,
ORIGA,SEARCH,29009,0,Q3,OC,ANCHOR,88,73.18901081356167,,
ORIGA,SEARCH,29009,0,Q4,OD,SS,77,91.25983682104199,91.25261117584455,0.007225645197432736
ORIGA,SEARCH,29009,0,Q4,OC,SS,77,75.80333749744125,75.79575512334449,0.007582374096761711
ORIGA,SEARCH,29009,0,Q4,OD,SC,77,91.89687718695157,91.88901294397841,0.007864242973154722
ORIGA,SEARCH,29009,0,Q4,OC,SC,77,76.15901910563545,76.15374993047158,0.0052691751638800355
ORIGA,SEARCH,29009,0,Q4,OD,CS,77,90.96120576325663,90.95379279631847,0.007412966938169796
ORIGA,SEARCH,29009,0,Q4,OC,CS,77,75.59963103668056,75.59435527891085,0.005275757769719812
ORIGA,SEARCH,29009,0,Q4,OD,CC,77,91.55566206276849,91.54865467422768,0.00700738854081078
ORIGA,SEARCH,29009,0,Q4,OC,CC,77,75.98304248927396,75.97556708268549,0.007475406588476961
ORIGA,SEARCH,29009,0,Q4,OD,SAME64_HOLD,77,87.07308989772709,,
ORIGA,SEARCH,29009,0,Q4,OC,SAME64_HOLD,77,72.6154071243834,,
ORIGA,SEARCH,29009,0,Q4,OD,CROSS64_HOLD,77,85.72183868015112,,
ORIGA,SEARCH,29009,0,Q4,OC,CROSS64_HOLD,77,71.32030561752583,,
ORIGA,SEARCH,29009,0,Q4,OD,SOURCE_HOLD,77,85.66665926432658,,
ORIGA,SEARCH,29009,0,Q4,OC,SOURCE_HOLD,77,71.12028015225066,,
ORIGA,SEARCH,29009,0,Q4,OD,C_CONT,77,92.91632165142742,,
ORIGA,SEARCH,29009,0,Q4,OC,C_CONT,77,76.8701194250062,,
ORIGA,SEARCH,29009,0,Q4,OD,ANCHOR,77,93.04146761867351,,
ORIGA,SEARCH,29009,0,Q4,OC,ANCHOR,77,77.68027753557601,,
ORIGA,SEALED_REVIEW,29009,0,Q4,OD,SS,57,92.19157006598905,92.1856820408429,0.00588802514614257
ORIGA,SEALED_REVIEW,29009,0,Q4,OC,SS,57,77.70911220423814,77.7035974112652,0.005514792972930429
ORIGA,SEALED_REVIEW,29009,0,Q4,OD,SC,57,92.707568731746,92.7010360486418,0.00653268310420033
ORIGA,SEALED_REVIEW,29009,0,Q4,OC,SC,57,77.86359586334892,77.86001971497949,0.003576148369423831
ORIGA,SEALED_REVIEW,29009,0,Q4,OD,CS,57,91.89605790096753,91.89108354930579,0.004974351661733152
ORIGA,SEALED_REVIEW,29009,0,Q4,OC,CS,57,77.52205163627413,77.51365036938039,0.008401266893748998
ORIGA,SEALED_REVIEW,29009,0,Q4,OD,CC,57,92.39994263603744,92.3951781335832,0.004764502454234151
ORIGA,SEALED_REVIEW,29009,0,Q4,OC,CC,57,77.71666910175526,77.71314154037961,0.0035275613756641333
ORIGA,SEALED_REVIEW,29009,0,Q4,OD,SAME64_HOLD,57,88.54840077317805,,
ORIGA,SEALED_REVIEW,29009,0,Q4,OC,SAME64_HOLD,57,75.5229637212872,,
ORIGA,SEALED_REVIEW,29009,0,Q4,OD,CROSS64_HOLD,57,87.11293043024634,,
ORIGA,SEALED_REVIEW,29009,0,Q4,OC,CROSS64_HOLD,57,73.96503411944178,,
ORIGA,SEALED_REVIEW,29009,0,Q4,OD,SOURCE_HOLD,57,87.06359518876067,,
ORIGA,SEALED_REVIEW,29009,0,Q4,OC,SOURCE_HOLD,57,73.87954047338205,,
ORIGA,SEALED_REVIEW,29009,0,Q4,OD,C_CONT,57,93.60602875327521,,
ORIGA,SEALED_REVIEW,29009,0,Q4,OC,C_CONT,57,78.13579462894307,,
ORIGA,SEALED_REVIEW,29009,0,Q4,OD,ANCHOR,57,93.74210554528631,,
ORIGA,SEALED_REVIEW,29009,0,Q4,OC,ANCHOR,57,78.80091269578195,,
REFUGE_Valid,SEARCH,29009,0,ALL,OD,SS,406,83.94135237782433,83.92978565468613,0.011566723138201788
REFUGE_Valid,SEARCH,29009,0,ALL,OC,SS,406,65.06581615818646,65.06218509000857,0.003631068177884834
REFUGE_Valid,SEARCH,29009,0,Q1,OD,SS,97,83.44368683194622,83.40644923712831,0.03723759481790803
REFUGE_Valid,SEARCH,29009,0,Q1,OC,SS,97,63.08396056458714,63.07749810103738,0.0064624635497580055
REFUGE_Valid,SEARCH,29009,0,FIRST64,OD,SS,39,82.66065430938913,82.64136402795292,0.01929028143619231
REFUGE_Valid,SEARCH,29009,0,FIRST64,OC,SS,39,64.36488991950024,64.35536267949179,0.009527240008457324
REFUGE_Valid,SEARCH,29009,0,ALL,OD,SC,406,83.96972294146093,83.95767510971294,0.012047831747995497
REFUGE_Valid,SEARCH,29009,0,ALL,OC,SC,406,65.11576698245065,65.11159374206467,0.004173240385983712
REFUGE_Valid,SEARCH,29009,0,Q1,OD,SC,97,83.55214671487474,83.51989025075504,0.03225646411969758
REFUGE_Valid,SEARCH,29009,0,Q1,OC,SC,97,63.081177382145,63.07377807772395,0.007399304421054031
REFUGE_Valid,SEARCH,29009,0,FIRST64,OD,SC,39,82.88736788198644,82.8690595338573,0.01830834812913485
REFUGE_Valid,SEARCH,29009,0,FIRST64,OC,SC,39,64.35529717464671,64.3465632116926,0.008733962954108132
REFUGE_Valid,SEARCH,29009,0,ALL,OD,CS,406,83.98292998738395,83.97083328629373,0.012096701090238368
REFUGE_Valid,SEARCH,29009,0,ALL,OC,CS,406,64.79573511006257,64.7923212002459,0.003413909816671786
REFUGE_Valid,SEARCH,29009,0,Q1,OD,CS,97,83.57804551842872,83.5346624927093,0.0433830257194196
REFUGE_Valid,SEARCH,29009,0,Q1,OC,CS,97,62.900683627502104,62.891529689978206,0.009153937523890656
REFUGE_Valid,SEARCH,29009,0,FIRST64,OD,CS,39,82.1017449898278,82.02314325598753,0.07860173384026797
REFUGE_Valid,SEARCH,29009,0,FIRST64,OC,CS,39,64.00193807432515,63.97288088421772,0.02905719010743307
REFUGE_Valid,SEARCH,29009,0,ALL,OD,CC,406,83.94670593831863,83.93525603441687,0.011449903901754684
REFUGE_Valid,SEARCH,29009,0,ALL,OC,CC,406,64.80898238994699,64.80636372920571,0.002618660741283625
REFUGE_Valid,SEARCH,29009,0,Q1,OD,CC,97,83.56313290916985,83.52888194448393,0.03425096468591671
REFUGE_Valid,SEARCH,29009,0,Q1,OC,CC,97,62.82360025041436,62.818695505246424,0.004904745167930587
REFUGE_Valid,SEARCH,29009,0,FIRST64,OD,CC,39,82.1117586783393,82.04082479311151,0.07093388522778903
REFUGE_Valid,SEARCH,29009,0,FIRST64,OC,CC,39,63.895534708742886,63.874589765422755,0.020944943320129653
REFUGE_Valid,SEARCH,29009,0,ALL,OD,SAME64_HOLD,406,85.14361231395793,,
REFUGE_Valid,SEARCH,29009,0,ALL,OC,SAME64_HOLD,406,66.04864382459829,,
REFUGE_Valid,SEARCH,29009,0,Q1,OD,SAME64_HOLD,97,83.6396172547031,,
REFUGE_Valid,SEARCH,29009,0,Q1,OC,SAME64_HOLD,97,63.57615244195749,,
REFUGE_Valid,SEARCH,29009,0,FIRST64,OD,SAME64_HOLD,39,82.94415111526935,,
REFUGE_Valid,SEARCH,29009,0,FIRST64,OC,SAME64_HOLD,39,64.4982447633192,,
REFUGE_Valid,SEARCH,29009,0,ALL,OD,CROSS64_HOLD,406,83.34838934330435,,
REFUGE_Valid,SEARCH,29009,0,ALL,OC,CROSS64_HOLD,406,65.72626086838774,,
REFUGE_Valid,SEARCH,29009,0,Q1,OD,CROSS64_HOLD,97,81.79730737308947,,
REFUGE_Valid,SEARCH,29009,0,Q1,OC,CROSS64_HOLD,97,62.8716990470098,,
REFUGE_Valid,SEARCH,29009,0,FIRST64,OD,CROSS64_HOLD,39,80.87397568903357,,
REFUGE_Valid,SEARCH,29009,0,FIRST64,OC,CROSS64_HOLD,39,63.75108415089505,,
REFUGE_Valid,SEARCH,29009,0,ALL,OD,SOURCE_HOLD,406,84.08452106164629,,
REFUGE_Valid,SEARCH,29009,0,ALL,OC,SOURCE_HOLD,406,66.39393397143391,,
REFUGE_Valid,SEARCH,29009,0,Q1,OD,SOURCE_HOLD,97,82.65345888508554,,
REFUGE_Valid,SEARCH,29009,0,Q1,OC,SOURCE_HOLD,97,63.65922344112908,,
REFUGE_Valid,SEARCH,29009,0,FIRST64,OD,SOURCE_HOLD,39,81.90239752216513,,
REFUGE_Valid,SEARCH,29009,0,FIRST64,OC,SOURCE_HOLD,39,64.53460729301077,,
REFUGE_Valid,SEARCH,29009,0,ALL,OD,C_CONT,406,78.56095344682562,,
REFUGE_Valid,SEARCH,29009,0,ALL,OC,C_CONT,406,59.061330075596665,,
REFUGE_Valid,SEARCH,29009,0,Q1,OD,C_CONT,97,78.06043901501586,,
REFUGE_Valid,SEARCH,29009,0,Q1,OC,C_CONT,97,57.00129306127247,,
REFUGE_Valid,SEARCH,29009,0,FIRST64,OD,C_CONT,39,77.73496966748989,,
REFUGE_Valid,SEARCH,29009,0,FIRST64,OC,C_CONT,39,58.40560437852949,,
REFUGE_Valid,SEARCH,29009,0,ALL,OD,ANCHOR,406,80.55327060769952,,
REFUGE_Valid,SEARCH,29009,0,ALL,OC,ANCHOR,406,58.72295913939425,,
REFUGE_Valid,SEARCH,29009,0,Q1,OD,ANCHOR,97,79.32869406308716,,
REFUGE_Valid,SEARCH,29009,0,Q1,OC,ANCHOR,97,56.45653523764748,,
REFUGE_Valid,SEARCH,29009,0,FIRST64,OD,ANCHOR,39,78.85016854118602,,
REFUGE_Valid,SEARCH,29009,0,FIRST64,OC,ANCHOR,39,57.68014711648083,,
REFUGE_Valid,SEALED_REVIEW,29009,0,ALL,OD,SS,269,85.803749323032,85.81257028675967,-0.00882096372766872
REFUGE_Valid,SEALED_REVIEW,29009,0,ALL,OC,SS,269,65.57366627775733,65.5753185667156,-0.0016522889582647755
REFUGE_Valid,SEALED_REVIEW,29009,0,Q1,OD,SS,69,85.67471432820446,85.67009859059141,0.004615737613049307
REFUGE_Valid,SEALED_REVIEW,29009,0,Q1,OC,SS,69,64.6391429447555,64.63824682347992,0.00089612127557717
REFUGE_Valid,SEALED_REVIEW,29009,0,FIRST64,OD,SS,20,88.01815856282084,88.02917616673132,-0.011017603910464246
REFUGE_Valid,SEALED_REVIEW,29009,0,FIRST64,OC,SS,20,67.2202838466605,67.22186721991478,-0.001583373254279985
REFUGE_Valid,SEALED_REVIEW,29009,0,ALL,OD,SC,269,85.800228568072,85.81036058926878,-0.010132021196782037
REFUGE_Valid,SEALED_REVIEW,29009,0,ALL,OC,SC,269,65.61614318555239,65.61750887362489,-0.0013656880725048503
REFUGE_Valid,SEALED_REVIEW,29009,0,Q1,OD,SC,69,85.63766592065708,85.63470838120827,0.0029575394488038738
REFUGE_Valid,SEALED_REVIEW,29009,0,Q1,OC,SC,69,64.62513563485574,64.62570323262005,-0.00056759776432422
REFUGE_Valid,SEALED_REVIEW,29009,0,FIRST64,OD,SC,20,87.9974293334816,88.00568206593921,-0.00825273245761371
REFUGE_Valid,SEALED_REVIEW,29009,0,FIRST64,OC,SC,20,67.27704938319744,67.27274045122175,0.004308931975678665
REFUGE_Valid,SEALED_REVIEW,29009,0,ALL,OD,CS,269,85.86749162172772,85.87783130969484,-0.010339687967123354
REFUGE_Valid,SEALED_REVIEW,29009,0,ALL,OC,CS,269,65.33688600681482,65.33779552186682,-0.0009095150520046717
REFUGE_Valid,SEALED_REVIEW,29009,0,Q1,OD,CS,69,85.81111470098243,85.80903693541478,0.0020777655676464815
REFUGE_Valid,SEALED_REVIEW,29009,0,Q1,OC,CS,69,64.6359825304406,64.63253979999169,0.003442730448889014
REFUGE_Valid,SEALED_REVIEW,29009,0,FIRST64,OD,CS,20,87.5856416981495,87.56822064185961,0.017421056289889658
REFUGE_Valid,SEALED_REVIEW,29009,0,FIRST64,OC,CS,20,67.85714095564023,67.85005539578066,0.0070855598595834235
REFUGE_Valid,SEALED_REVIEW,29009,0,ALL,OD,CC,269,85.81028737941764,85.82067039936507,-0.010383019947433722
REFUGE_Valid,SEALED_REVIEW,29009,0,ALL,OC,CC,269,65.34148337557079,65.34113080671541,0.00035256885537847133
REFUGE_Valid,SEALED_REVIEW,29009,0,Q1,OD,CC,69,85.68272555714883,85.67912950657693,0.003596050571911306
REFUGE_Valid,SEALED_REVIEW,29009,0,Q1,OC,CC,69,64.55266752767685,64.54656706158389,0.006100466092954677
REFUGE_Valid,SEALED_REVIEW,29009,0,FIRST64,OD,CC,20,87.35425202099604,87.33671111569082,0.017540905305222787
REFUGE_Valid,SEALED_REVIEW,29009,0,FIRST64,OC,CC,20,67.7410279475158,67.73612612651475,0.004901821001055684
REFUGE_Valid,SEALED_REVIEW,29009,0,ALL,OD,SAME64_HOLD,269,86.98126501577839,,
REFUGE_Valid,SEALED_REVIEW,29009,0,ALL,OC,SAME64_HOLD,269,66.61569537000082,,
REFUGE_Valid,SEALED_REVIEW,29009,0,Q1,OD,SAME64_HOLD,69,86.02670388353586,,
REFUGE_Valid,SEALED_REVIEW,29009,0,Q1,OC,SAME64_HOLD,69,65.13153045927744,,
REFUGE_Valid,SEALED_REVIEW,29009,0,FIRST64,OD,SAME64_HOLD,20,88.2120402041964,,
REFUGE_Valid,SEALED_REVIEW,29009,0,FIRST64,OC,SAME64_HOLD,20,67.41894441843823,,
REFUGE_Valid,SEALED_REVIEW,29009,0,ALL,OD,CROSS64_HOLD,269,85.2211146509808,,
REFUGE_Valid,SEALED_REVIEW,29009,0,ALL,OC,CROSS64_HOLD,269,66.20387861091514,,
REFUGE_Valid,SEALED_REVIEW,29009,0,Q1,OD,CROSS64_HOLD,69,84.5584866958798,,
REFUGE_Valid,SEALED_REVIEW,29009,0,Q1,OC,CROSS64_HOLD,69,64.42718715489046,,
REFUGE_Valid,SEALED_REVIEW,29009,0,FIRST64,OD,CROSS64_HOLD,20,86.51683644558305,,
REFUGE_Valid,SEALED_REVIEW,29009,0,FIRST64,OC,CROSS64_HOLD,20,67.87936209906323,,
REFUGE_Valid,SEALED_REVIEW,29009,0,ALL,OD,SOURCE_HOLD,269,86.1588258244221,,
REFUGE_Valid,SEALED_REVIEW,29009,0,ALL,OC,SOURCE_HOLD,269,67.06294196122838,,
REFUGE_Valid,SEALED_REVIEW,29009,0,Q1,OD,SOURCE_HOLD,69,85.57440745098312,,
REFUGE_Valid,SEALED_REVIEW,29009,0,Q1,OC,SOURCE_HOLD,69,65.387031694222,,
REFUGE_Valid,SEALED_REVIEW,29009,0,FIRST64,OD,SOURCE_HOLD,20,87.71734701521636,,
REFUGE_Valid,SEALED_REVIEW,29009,0,FIRST64,OC,SOURCE_HOLD,20,68.6694185577723,,
REFUGE_Valid,SEALED_REVIEW,29009,0,ALL,OD,C_CONT,269,79.48747686456667,,
REFUGE_Valid,SEALED_REVIEW,29009,0,ALL,OC,C_CONT,269,59.23124131449321,,
REFUGE_Valid,SEALED_REVIEW,29009,0,Q1,OD,C_CONT,69,78.90438530108199,,
REFUGE_Valid,SEALED_REVIEW,29009,0,Q1,OC,C_CONT,69,58.41969336048941,,
REFUGE_Valid,SEALED_REVIEW,29009,0,FIRST64,OD,C_CONT,20,80.45054726255275,,
REFUGE_Valid,SEALED_REVIEW,29009,0,FIRST64,OC,C_CONT,20,61.50896643042716,,
REFUGE_Valid,SEALED_REVIEW,29009,0,ALL,OD,ANCHOR,269,81.34725002481812,,
REFUGE_Valid,SEALED_REVIEW,29009,0,ALL,OC,ANCHOR,269,58.87663510851826,,
REFUGE_Valid,SEALED_REVIEW,29009,0,Q1,OD,ANCHOR,69,80.11209497570975,,
REFUGE_Valid,SEALED_REVIEW,29009,0,Q1,OC,ANCHOR,69,57.8784915361341,,
REFUGE_Valid,SEALED_REVIEW,29009,0,FIRST64,OD,ANCHOR,20,81.28788366931282,,
REFUGE_Valid,SEALED_REVIEW,29009,0,FIRST64,OC,ANCHOR,20,60.69044074406551,,
REFUGE_Valid,SEALED_REVIEW,29009,0,Q2,OD,SS,80,86.73373432395685,86.74161313181446,-0.007878807857627235
REFUGE_Valid,SEALED_REVIEW,29009,0,Q2,OC,SS,80,67.93099189279116,67.93569036557827,-0.004698472787116395
REFUGE_Valid,SEALED_REVIEW,29009,0,Q2,OD,SC,80,86.70333338993734,86.7097743293213,-0.0064409393839511
REFUGE_Valid,SEALED_REVIEW,29009,0,Q2,OC,SC,80,67.95985010831046,67.96534540279141,-0.00549529448095297
REFUGE_Valid,SEALED_REVIEW,29009,0,Q2,OD,CS,80,86.86936575504934,86.87783797937188,-0.008472224322530753
REFUGE_Valid,SEALED_REVIEW,29009,0,Q2,OC,CS,80,67.74155378078027,67.74402496752636,-0.002471186746091855
REFUGE_Valid,SEALED_REVIEW,29009,0,Q2,OD,CC,80,86.80673425123575,86.81333755750998,-0.006603306274231973
REFUGE_Valid,SEALED_REVIEW,29009,0,Q2,OC,CC,80,67.73545241447022,67.73893315996027,-0.0034807454900567104
REFUGE_Valid,SEALED_REVIEW,29009,0,Q2,OD,SAME64_HOLD,80,87.17443698507489,,
REFUGE_Valid,SEALED_REVIEW,29009,0,Q2,OC,SAME64_HOLD,80,68.50838504480562,,
REFUGE_Valid,SEALED_REVIEW,29009,0,Q2,OD,CROSS64_HOLD,80,85.83984226163756,,
REFUGE_Valid,SEALED_REVIEW,29009,0,Q2,OC,CROSS64_HOLD,80,68.07944722880637,,
REFUGE_Valid,SEALED_REVIEW,29009,0,Q2,OD,SOURCE_HOLD,80,86.77564121992681,,
REFUGE_Valid,SEALED_REVIEW,29009,0,Q2,OC,SOURCE_HOLD,80,69.00905416238659,,
REFUGE_Valid,SEALED_REVIEW,29009,0,Q2,OD,C_CONT,80,80.64472868282184,,
REFUGE_Valid,SEALED_REVIEW,29009,0,Q2,OC,C_CONT,80,61.77030049991992,,
REFUGE_Valid,SEALED_REVIEW,29009,0,Q2,OD,ANCHOR,80,82.31024149841785,,
REFUGE_Valid,SEALED_REVIEW,29009,0,Q2,OC,ANCHOR,80,61.38315453815096,,
REFUGE_Valid,SEARCH,29009,0,Q2,OD,SS,89,85.78325063489575,85.78663229739767,-0.0033816625019265304
REFUGE_Valid,SEARCH,29009,0,Q2,OC,SS,89,66.55955447261343,66.56394239286297,-0.004387920249541192
REFUGE_Valid,SEARCH,29009,0,Q2,OD,SC,89,85.75145393550953,85.74982986441931,0.0016240710902192992
REFUGE_Valid,SEARCH,29009,0,Q2,OC,SC,89,66.5918214484462,66.59474492330448,-0.0029234748582735452
REFUGE_Valid,SEARCH,29009,0,Q2,OD,CS,89,85.90651627027572,85.90780656756002,-0.0012902972842960402
REFUGE_Valid,SEARCH,29009,0,Q2,OC,CS,89,66.45469009259219,66.45620783699312,-0.0015177444009243032
REFUGE_Valid,SEARCH,29009,0,Q2,OD,CC,89,85.83004525882333,85.8287844207468,0.0012608380765436753
REFUGE_Valid,SEARCH,29009,0,Q2,OC,CC,89,66.46675971004379,66.47084124773386,-0.004081537690069533
REFUGE_Valid,SEARCH,29009,0,Q2,OD,SAME64_HOLD,89,86.05655974682276,,
REFUGE_Valid,SEARCH,29009,0,Q2,OC,SAME64_HOLD,89,67.14067620384088,,
REFUGE_Valid,SEARCH,29009,0,Q2,OD,CROSS64_HOLD,89,84.6556485340847,,
REFUGE_Valid,SEARCH,29009,0,Q2,OC,CROSS64_HOLD,89,67.43807613635055,,
REFUGE_Valid,SEARCH,29009,0,Q2,OD,SOURCE_HOLD,89,85.26211478789409,,
REFUGE_Valid,SEARCH,29009,0,Q2,OC,SOURCE_HOLD,89,67.99456581880115,,
REFUGE_Valid,SEARCH,29009,0,Q2,OD,C_CONT,89,79.77393731437675,,
REFUGE_Valid,SEARCH,29009,0,Q2,OC,C_CONT,89,61.426535139599046,,
REFUGE_Valid,SEARCH,29009,0,Q2,OD,ANCHOR,89,81.59907909960424,,
REFUGE_Valid,SEARCH,29009,0,Q2,OC,ANCHOR,89,61.068227602320476,,
REFUGE_Valid,SEARCH,29009,0,Q3,OD,SS,100,84.69392166118809,84.67481707525462,0.01910458593345321
REFUGE_Valid,SEARCH,29009,0,Q3,OC,SS,100,66.98449820691837,66.9731546236192,0.011343583299191662
REFUGE_Valid,SEARCH,29009,0,Q3,OD,SC,100,84.69445805640714,84.6740090708264,0.020448985580743484
REFUGE_Valid,SEARCH,29009,0,Q3,OC,SC,100,67.03510888921417,67.0253939221584,0.009714967055776985
REFUGE_Valid,SEARCH,29009,0,Q3,OD,CS,100,84.77376346862144,84.7585339041441,0.015229564477322153
REFUGE_Valid,SEARCH,29009,0,Q3,OC,CS,100,66.65920617588266,66.65063836075048,0.008567815132177359
REFUGE_Valid,SEARCH,29009,0,Q3,OD,CC,100,84.72678901214739,84.710512039314,0.01627697283340057
REFUGE_Valid,SEARCH,29009,0,Q3,OC,CC,100,66.6849007847412,66.67548897154154,0.009411813199660835
REFUGE_Valid,SEARCH,29009,0,Q3,OD,SAME64_HOLD,100,85.63901838492,,
REFUGE_Valid,SEARCH,29009,0,Q3,OC,SAME64_HOLD,100,67.7735219034306,,
REFUGE_Valid,SEARCH,29009,0,Q3,OD,CROSS64_HOLD,100,83.6463472045366,,
REFUGE_Valid,SEARCH,29009,0,Q3,OC,CROSS64_HOLD,100,67.20557335454862,,
REFUGE_Valid,SEARCH,29009,0,Q3,OD,SOURCE_HOLD,100,84.35205902500844,,
REFUGE_Valid,SEARCH,29009,0,Q3,OC,SOURCE_HOLD,100,67.88126808183193,,
REFUGE_Valid,SEARCH,29009,0,Q3,OD,C_CONT,100,79.10261620080225,,
REFUGE_Valid,SEARCH,29009,0,Q3,OC,C_CONT,100,60.95566164148467,,
REFUGE_Valid,SEARCH,29009,0,Q3,OD,ANCHOR,100,81.26864389540702,,
REFUGE_Valid,SEARCH,29009,0,Q3,OC,ANCHOR,100,60.70596807394962,,
REFUGE_Valid,SEALED_REVIEW,29009,0,Q3,OD,SS,68,85.37522542821917,85.39025849423929,-0.015033066020114292
REFUGE_Valid,SEALED_REVIEW,29009,0,Q3,OC,SS,68,63.79093943430673,63.78977629167757,0.0011631426291563833
REFUGE_Valid,SEALED_REVIEW,29009,0,Q3,OD,SC,68,85.40736811064072,85.42413331745522,-0.016765206814488367
REFUGE_Valid,SEALED_REVIEW,29009,0,Q3,OC,SC,68,63.83730604903336,63.83542909928992,0.0018769497434473694
REFUGE_Valid,SEALED_REVIEW,29009,0,Q3,OD,CS,68,85.37439011584289,85.39229552433912,-0.01790540849623121
REFUGE_Valid,SEALED_REVIEW,29009,0,Q3,OC,CS,68,63.516018927209615,63.51828535880808,-0.002266431598463537
REFUGE_Valid,SEALED_REVIEW,29009,0,Q3,OD,CC,68,85.357946296478,85.37862034759146,-0.02067405111346193
REFUGE_Valid,SEALED_REVIEW,29009,0,Q3,OC,CC,68,63.5514036487824,63.55055632245816,0.0008473263242335465
REFUGE_Valid,SEALED_REVIEW,29009,0,Q3,OD,SAME64_HOLD,68,87.03061631210268,,
REFUGE_Valid,SEALED_REVIEW,29009,0,Q3,OC,SAME64_HOLD,68,64.88831804373352,,
REFUGE_Valid,SEALED_REVIEW,29009,0,Q3,OD,CROSS64_HOLD,68,84.575409659435,,
REFUGE_Valid,SEALED_REVIEW,29009,0,Q3,OC,CROSS64_HOLD,68,65.15339036740554,,
REFUGE_Valid,SEALED_REVIEW,29009,0,Q3,OD,SOURCE_HOLD,68,85.64679714140797,,
REFUGE_Valid,SEALED_REVIEW,29009,0,Q3,OC,SOURCE_HOLD,68,65.81017819531509,,
REFUGE_Valid,SEALED_REVIEW,29009,0,Q3,OD,C_CONT,68,78.48253123322598,,
REFUGE_Valid,SEALED_REVIEW,29009,0,Q3,OC,C_CONT,68,57.5931403845363,,
REFUGE_Valid,SEALED_REVIEW,29009,0,Q3,OD,ANCHOR,68,80.70592544325746,,
REFUGE_Valid,SEALED_REVIEW,29009,0,Q3,OC,ANCHOR,68,57.36261997483426,,
REFUGE_Valid,SEARCH,29009,0,Q4,OD,SS,120,82.35041641727803,82.35479514839386,-0.004378731115841777
REFUGE_Valid,SEARCH,29009,0,Q4,OC,SS,120,63.96105847253597,63.96019579513443,0.0008626774015392986
REFUGE_Valid,SEARCH,29009,0,Q4,OD,SC,120,82.38186730824356,82.38542479336878,-0.00355748512523633
REFUGE_Valid,SEARCH,29009,0,Q4,OC,SC,120,64.06620159144806,64.06399079457577,0.0022107968722982763
REFUGE_Valid,SEARCH,29009,0,Q4,OD,CS,120,82.22452387228017,82.23039897929331,-0.005875107013139924
REFUGE_Valid,SEARCH,29009,0,Q4,OC,CS,120,63.54428422490606,63.546147448370924,-0.0018632234648676784
REFUGE_Valid,SEARCH,29009,0,Q4,OD,CC,120,82.2098815793156,82.21332819983705,-0.0034466205214496912
REFUGE_Valid,SEARCH,29009,0,Q4,OC,CC,120,63.6210494446689,63.62097034871789,7.909595101658155e-05
REFUGE_Valid,SEARCH,29009,0,Q4,OD,SAME64_HOLD,120,85.2694005816791,,
REFUGE_Valid,SEARCH,29009,0,Q4,OC,SAME64_HOLD,120,65.7999186119344,,
REFUGE_Valid,SEARCH,29009,0,Q4,OD,CROSS64_HOLD,120,83.38433181837242,,
REFUGE_Valid,SEARCH,29009,0,Q4,OC,CROSS64_HOLD,120,65.5313416117951,,
REFUGE_Valid,SEARCH,29009,0,Q4,OD,SOURCE_HOLD,120,84.14496600459728,,
REFUGE_Valid,SEARCH,29009,0,Q4,OC,SOURCE_HOLD,120,66.1779112713013,,
REFUGE_Valid,SEARCH,29009,0,Q4,OD,C_CONT,120,77.61452061579091,,
REFUGE_Valid,SEARCH,29009,0,Q4,OC,C_CONT,120,57.3937232681336,,
REFUGE_Valid,SEARCH,29009,0,Q4,OD,ANCHOR,120,80.17135094334225,,
REFUGE_Valid,SEARCH,29009,0,Q4,OC,ANCHOR,120,57.16307023783976,,
REFUGE_Valid,SEALED_REVIEW,29009,0,Q4,OD,SS,52,85.10460008103941,85.12457646604065,-0.019976385001256487
REFUGE_Valid,SEALED_REVIEW,29009,0,Q4,OC,SS,52,65.51831024177775,65.5223393566547,-0.004029114876949458
REFUGE_Valid,SEALED_REVIEW,29009,0,Q4,OD,SC,52,85.14028526091295,85.16479054379373,-0.024505282880779578
REFUGE_Valid,SEALED_REVIEW,29009,0,Q4,OC,SC,52,65.65160265595078,65.65191448037085,-0.00031182442006955937
REFUGE_Valid,SEALED_REVIEW,29009,0,Q4,OD,CS,52,85.04577968453279,85.06557576460543,-0.019796080072646292
REFUGE_Valid,SEALED_REVIEW,29009,0,Q4,OC,CS,52,64.94857599461753,64.95108360349407,-0.0025076088765332632
REFUGE_Valid,SEALED_REVIEW,29009,0,Q4,OD,CC,52,85.03807987232136,85.05936948535343,-0.021289613032068888
REFUGE_Valid,SEALED_REVIEW,29009,0,Q4,OC,CC,52,65.04602552584653,65.04804955833039,-0.002024032483854004
REFUGE_Valid,SEALED_REVIEW,29009,0,Q4,OD,SAME64_HOLD,52,87.88617025483543,,
REFUGE_Valid,SEALED_REVIEW,29009,0,Q4,OC,SAME64_HOLD,52,67.9321158131105,,
REFUGE_Valid,SEALED_REVIEW,29009,0,Q4,OD,CROSS64_HOLD,52,85.992865794722,,
REFUGE_Valid,SEALED_REVIEW,29009,0,Q4,OC,CROSS64_HOLD,52,67.0496367184739,,
REFUGE_Valid,SEALED_REVIEW,29009,0,Q4,OD,SOURCE_HOLD,52,86.65493325849658,,
REFUGE_Valid,SEALED_REVIEW,29009,0,Q4,OC,SOURCE_HOLD,52,67.93095673839925,,
REFUGE_Valid,SEALED_REVIEW,29009,0,Q4,OD,C_CONT,52,79.79496677516661,,
REFUGE_Valid,SEALED_REVIEW,29009,0,Q4,OC,C_CONT,52,58.543990107362355,,
REFUGE_Valid,SEALED_REVIEW,29009,0,Q4,OD,ANCHOR,52,82.34333564109934,,
REFUGE_Valid,SEALED_REVIEW,29009,0,Q4,OC,ANCHOR,52,58.32477705494906,,
ORIGA,SEARCH,29009,1,ALL,OD,SS,316,85.58561811215884,85.55057325735159,0.03504485480725232
ORIGA,SEARCH,29009,1,ALL,OC,SS,316,68.05268687518014,68.00499286205148,0.04769401312866467
ORIGA,SEARCH,29009,1,Q1,OD,SS,81,80.3770668423331,80.30969582920913,0.06737101312394797
ORIGA,SEARCH,29009,1,Q1,OC,SS,81,61.76978359605124,61.673832248015536,0.09595134803570336
ORIGA,SEARCH,29009,1,FIRST64,OD,SS,35,81.57040707795699,81.49886752840618,0.07153954955079898
ORIGA,SEARCH,29009,1,FIRST64,OC,SS,35,65.39003326018879,65.28168797846186,0.10834528172691403
ORIGA,SEARCH,29009,1,ALL,OD,SC,316,86.2982464636002,86.26243961762668,0.03580684597350657
ORIGA,SEARCH,29009,1,ALL,OC,SC,316,68.76530342871105,68.71139155326415,0.05391187544689997
ORIGA,SEARCH,29009,1,Q1,OD,SC,81,81.19132048100862,81.1115201295293,0.07980035147931606
ORIGA,SEARCH,29009,1,Q1,OC,SC,81,62.702166600043974,62.574739709748826,0.12742689029515306
ORIGA,SEARCH,29009,1,FIRST64,OD,SC,35,81.93484494354279,81.83830187402287,0.0965430695199059
ORIGA,SEARCH,29009,1,FIRST64,OC,SC,35,65.64129187855906,65.4913652319844,0.14992664657466612
ORIGA,SEARCH,29009,1,ALL,OD,CS,316,83.93004138764077,83.88724203736912,0.04279935027166148
ORIGA,SEARCH,29009,1,ALL,OC,CS,316,65.89354604564915,65.84430967819421,0.04923636745492917
ORIGA,SEARCH,29009,1,Q1,OD,CS,81,77.32037348182362,77.23460813078373,0.08576535103988255
ORIGA,SEARCH,29009,1,Q1,OC,CS,81,57.69503082127036,57.58970078800656,0.10533003326378722
ORIGA,SEARCH,29009,1,FIRST64,OD,CS,35,78.60778479520617,78.51232362557836,0.09546116962781546
ORIGA,SEARCH,29009,1,FIRST64,OC,CS,35,61.19850241717517,61.0805769730174,0.11792544415777191
ORIGA,SEARCH,29009,1,ALL,OD,CC,316,84.75001627366123,84.70663298564556,0.04338328801567262
ORIGA,SEARCH,29009,1,ALL,OC,CC,316,66.61747306937632,66.56177256522008,0.05570050415624399
ORIGA,SEARCH,29009,1,Q1,OD,CC,81,78.20712224362323,78.1099539462864,0.09716829733683494
ORIGA,SEARCH,29009,1,Q1,OC,CC,81,58.515520420095356,58.38363471953052,0.13188570056484078
ORIGA,SEARCH,29009,1,FIRST64,OD,CC,35,79.07389178050789,78.95636185695342,0.1175299235544696
ORIGA,SEARCH,29009,1,FIRST64,OC,CC,35,61.562586786438445,61.39402475721375,0.16856202922469127
ORIGA,SEARCH,29009,1,ALL,OD,SAME64_HOLD,316,79.19274990327523,,
ORIGA,SEARCH,29009,1,ALL,OC,SAME64_HOLD,316,60.76705788405048,,
ORIGA,SEARCH,29009,1,Q1,OD,SAME64_HOLD,81,76.56688059732053,,
ORIGA,SEARCH,29009,1,Q1,OC,SAME64_HOLD,81,57.44228580781776,,
ORIGA,SEARCH,29009,1,FIRST64,OD,SAME64_HOLD,35,79.8833199604273,,
ORIGA,SEARCH,29009,1,FIRST64,OC,SAME64_HOLD,35,63.30374067480208,,
ORIGA,SEARCH,29009,1,ALL,OD,CROSS64_HOLD,316,74.88775585554473,,
ORIGA,SEARCH,29009,1,ALL,OC,CROSS64_HOLD,316,55.628735636191905,,
ORIGA,SEARCH,29009,1,Q1,OD,CROSS64_HOLD,81,72.22280193993237,,
ORIGA,SEARCH,29009,1,Q1,OC,CROSS64_HOLD,81,52.01821294033241,,
ORIGA,SEARCH,29009,1,FIRST64,OD,CROSS64_HOLD,35,76.03117577205322,,
ORIGA,SEARCH,29009,1,FIRST64,OC,CROSS64_HOLD,35,57.93664152141624,,
ORIGA,SEARCH,29009,1,ALL,OD,SOURCE_HOLD,316,75.50920320760306,,
ORIGA,SEARCH,29009,1,ALL,OC,SOURCE_HOLD,316,56.51189852699288,,
ORIGA,SEARCH,29009,1,Q1,OD,SOURCE_HOLD,81,72.97912470636965,,
ORIGA,SEARCH,29009,1,Q1,OC,SOURCE_HOLD,81,52.9323997048062,,
ORIGA,SEARCH,29009,1,FIRST64,OD,SOURCE_HOLD,35,76.60120354790617,,
ORIGA,SEARCH,29009,1,FIRST64,OC,SOURCE_HOLD,35,58.72587043999013,,
ORIGA,SEARCH,29009,1,ALL,OD,C_CONT,316,87.83147038301487,,
ORIGA,SEARCH,29009,1,ALL,OC,C_CONT,316,68.98957859784801,,
ORIGA,SEARCH,29009,1,Q1,OD,C_CONT,81,84.55671277172027,,
ORIGA,SEARCH,29009,1,Q1,OC,C_CONT,81,63.66933057505789,,
ORIGA,SEARCH,29009,1,FIRST64,OD,C_CONT,35,84.77577046923558,,
ORIGA,SEARCH,29009,1,FIRST64,OC,C_CONT,35,65.13551922687016,,
ORIGA,SEARCH,29009,1,ALL,OD,ANCHOR,316,88.37991995292674,,
ORIGA,SEARCH,29009,1,ALL,OC,ANCHOR,316,69.96907495782033,,
ORIGA,SEARCH,29009,1,Q1,OD,ANCHOR,81,85.36652117909912,,
ORIGA,SEARCH,29009,1,Q1,OC,ANCHOR,81,64.4730567534941,,
ORIGA,SEARCH,29009,1,FIRST64,OD,ANCHOR,35,85.624033213007,,
ORIGA,SEARCH,29009,1,FIRST64,OC,ANCHOR,35,66.04247429150311,,
ORIGA,SEALED_REVIEW,29009,1,ALL,OD,SS,210,86.27251316730792,86.23602179152088,0.03649137578704448
ORIGA,SEALED_REVIEW,29009,1,ALL,OC,SS,210,71.17651807369657,71.10906286075107,0.06745521294550039
ORIGA,SEALED_REVIEW,29009,1,Q1,OD,SS,46,81.32164785499543,81.23927624415133,0.08237161084409866
ORIGA,SEALED_REVIEW,29009,1,Q1,OC,SS,46,65.07117847378872,64.97226881135664,0.09890966243207668
ORIGA,SEALED_REVIEW,29009,1,FIRST64,OD,SS,20,80.05094874114138,79.93841548357538,0.11253325756598875
ORIGA,SEALED_REVIEW,29009,1,FIRST64,OC,SS,20,62.51218729877903,62.37536229020289,0.1368250085761459
ORIGA,SEALED_REVIEW,29009,1,ALL,OD,SC,210,86.98732226077325,86.94776329676553,0.03955896400771739
ORIGA,SEALED_REVIEW,29009,1,ALL,OC,SC,210,71.86923644838188,71.80860418568355,0.06063226269834096
ORIGA,SEALED_REVIEW,29009,1,Q1,OD,SC,46,82.29512534926566,82.20724331706177,0.08788203220388871
ORIGA,SEALED_REVIEW,29009,1,Q1,OC,SC,46,66.0785766345205,65.95656606937969,0.12201056514082556
ORIGA,SEALED_REVIEW,29009,1,FIRST64,OD,SC,20,80.58419398573461,80.44870592072174,0.13548806501288896
ORIGA,SEALED_REVIEW,29009,1,FIRST64,OC,SC,20,63.13115299435479,62.93746577747859,0.19368721687620077
ORIGA,SEALED_REVIEW,29009,1,ALL,OD,CS,210,84.57200815083858,84.51943223967245,0.05257591116613748
ORIGA,SEALED_REVIEW,29009,1,ALL,OC,CS,210,69.02871611475572,68.96665756058121,0.06205855417451291
ORIGA,SEALED_REVIEW,29009,1,Q1,OD,CS,46,77.29821218934073,77.14700582914628,0.15120636019445757
ORIGA,SEALED_REVIEW,29009,1,Q1,OC,CS,46,59.68063055068378,59.49464154069851,0.18598900998526147
ORIGA,SEALED_REVIEW,29009,1,FIRST64,OD,CS,20,75.47907716181813,75.26594989429456,0.21312726752354985
ORIGA,SEALED_REVIEW,29009,1,FIRST64,OC,CS,20,57.069960209589546,56.838064646075445,0.2318955635140993
ORIGA,SEALED_REVIEW,29009,1,ALL,OD,CC,210,85.40308413140325,85.34600576376683,0.057078367636417326
ORIGA,SEALED_REVIEW,29009,1,ALL,OC,CC,210,69.83447064053617,69.75986928101682,0.07460135951934564
ORIGA,SEALED_REVIEW,29009,1,Q1,OD,CC,46,78.50994468028041,78.33966047754626,0.17028420273415604
ORIGA,SEALED_REVIEW,29009,1,Q1,OC,CC,46,61.07169853152708,60.878314767501315,0.19338376402576424
ORIGA,SEALED_REVIEW,29009,1,FIRST64,OD,CC,20,76.32418417778385,76.06623916652734,0.2579450112565068
ORIGA,SEALED_REVIEW,29009,1,FIRST64,OC,CC,20,57.899843277990094,57.61730360954408,0.28253966844601275
ORIGA,SEALED_REVIEW,29009,1,ALL,OD,SAME64_HOLD,210,80.06992048892182,,
ORIGA,SEALED_REVIEW,29009,1,ALL,OC,SAME64_HOLD,210,64.47073327813314,,
ORIGA,SEALED_REVIEW,29009,1,Q1,OD,SAME64_HOLD,46,76.91427775244037,,
ORIGA,SEALED_REVIEW,29009,1,Q1,OC,SAME64_HOLD,46,59.06298946459121,,
ORIGA,SEALED_REVIEW,29009,1,FIRST64,OD,SAME64_HOLD,20,77.9260421163954,,
ORIGA,SEALED_REVIEW,29009,1,FIRST64,OC,SAME64_HOLD,20,59.84394005675492,,
ORIGA,SEALED_REVIEW,29009,1,ALL,OD,CROSS64_HOLD,210,75.68718762376054,,
ORIGA,SEALED_REVIEW,29009,1,ALL,OC,CROSS64_HOLD,210,59.28365742486664,,
ORIGA,SEALED_REVIEW,29009,1,Q1,OD,CROSS64_HOLD,46,70.81773986597905,,
ORIGA,SEALED_REVIEW,29009,1,Q1,OC,CROSS64_HOLD,46,52.1141192513571,,
ORIGA,SEALED_REVIEW,29009,1,FIRST64,OD,CROSS64_HOLD,20,71.71260100055326,,
ORIGA,SEALED_REVIEW,29009,1,FIRST64,OC,CROSS64_HOLD,20,52.40323141784911,,
ORIGA,SEALED_REVIEW,29009,1,ALL,OD,SOURCE_HOLD,210,76.05669554999056,,
ORIGA,SEALED_REVIEW,29009,1,ALL,OC,SOURCE_HOLD,210,59.84718756382246,,
ORIGA,SEALED_REVIEW,29009,1,Q1,OD,SOURCE_HOLD,46,71.56840782361881,,
ORIGA,SEALED_REVIEW,29009,1,Q1,OC,SOURCE_HOLD,46,53.35239728786239,,
ORIGA,SEALED_REVIEW,29009,1,FIRST64,OD,SOURCE_HOLD,20,72.66927535917436,,
ORIGA,SEALED_REVIEW,29009,1,FIRST64,OC,SOURCE_HOLD,20,53.89018496055126,,
ORIGA,SEALED_REVIEW,29009,1,ALL,OD,C_CONT,210,88.18048275855239,,
ORIGA,SEALED_REVIEW,29009,1,ALL,OC,C_CONT,210,71.33235350399524,,
ORIGA,SEALED_REVIEW,29009,1,Q1,OD,C_CONT,46,85.42188446494018,,
ORIGA,SEALED_REVIEW,29009,1,Q1,OC,C_CONT,46,66.74607585973332,,
ORIGA,SEALED_REVIEW,29009,1,FIRST64,OD,C_CONT,20,83.84506516532295,,
ORIGA,SEALED_REVIEW,29009,1,FIRST64,OC,C_CONT,20,63.45988170095137,,
ORIGA,SEALED_REVIEW,29009,1,ALL,OD,ANCHOR,210,88.65528126815832,,
ORIGA,SEALED_REVIEW,29009,1,ALL,OC,ANCHOR,210,72.18155823935265,,
ORIGA,SEALED_REVIEW,29009,1,Q1,OD,ANCHOR,46,86.22744692566063,,
ORIGA,SEALED_REVIEW,29009,1,Q1,OC,ANCHOR,46,67.60645042139902,,
ORIGA,SEALED_REVIEW,29009,1,FIRST64,OD,ANCHOR,20,84.66746297742235,,
ORIGA,SEALED_REVIEW,29009,1,FIRST64,OC,ANCHOR,20,64.27360081947052,,
ORIGA,SEARCH,29009,1,Q2,OD,SS,70,83.85115418114552,83.79969097054375,0.051463210601767145
ORIGA,SEARCH,29009,1,Q2,OC,SS,70,66.15962991415851,66.10022191750593,0.05940799665257981
ORIGA,SEARCH,29009,1,Q2,OD,SC,70,84.69422260653543,84.65056820950691,0.04365439702851557
ORIGA,SEARCH,29009,1,Q2,OC,SC,70,66.97913891674516,66.92530781944897,0.053831097296185765
ORIGA,SEARCH,29009,1,Q2,OD,CS,70,81.95440405367933,81.89590430568107,0.05849974799824758
ORIGA,SEARCH,29009,1,Q2,OC,CS,70,63.86375045474878,63.80658970162937,0.0571607531194129
ORIGA,SEARCH,29009,1,Q2,OD,CC,70,83.01691772863722,82.96342311363482,0.05349461500241435
ORIGA,SEARCH,29009,1,Q2,OC,CC,70,64.70253513678563,64.6516675822976,0.05086755448801026
ORIGA,SEARCH,29009,1,Q2,OD,SAME64_HOLD,70,76.57482833517668,,
ORIGA,SEARCH,29009,1,Q2,OC,SAME64_HOLD,70,57.9353063153769,,
ORIGA,SEARCH,29009,1,Q2,OD,CROSS64_HOLD,70,71.08777675705137,,
ORIGA,SEARCH,29009,1,Q2,OC,CROSS64_HOLD,70,51.09582553509164,,
ORIGA,SEARCH,29009,1,Q2,OD,SOURCE_HOLD,70,71.55913998567341,,
ORIGA,SEARCH,29009,1,Q2,OC,SOURCE_HOLD,70,52.667386781161326,,
ORIGA,SEARCH,29009,1,Q2,OD,C_CONT,70,85.52137503133487,,
ORIGA,SEARCH,29009,1,Q2,OC,C_CONT,70,66.41975319934888,,
ORIGA,SEARCH,29009,1,Q2,OD,ANCHOR,70,86.24618612012833,,
ORIGA,SEARCH,29009,1,Q2,OC,ANCHOR,70,67.61284935322614,,
ORIGA,SEALED_REVIEW,29009,1,Q2,OD,SS,62,84.4462508279536,84.3973007956614,0.04895003229220147
ORIGA,SEALED_REVIEW,29009,1,Q2,OC,SS,62,69.91585500595103,69.77869429527146,0.1371607106795793
ORIGA,SEALED_REVIEW,29009,1,Q2,OD,SC,62,85.27951392934541,85.22652475826091,0.05298917108449037
ORIGA,SEALED_REVIEW,29009,1,Q2,OC,SC,62,71.04851534232543,70.954852847623,0.0936624947024352
ORIGA,SEALED_REVIEW,29009,1,Q2,OD,CS,62,82.75999221257072,82.70952090491325,0.05047130765746774
ORIGA,SEALED_REVIEW,29009,1,Q2,OC,CS,62,67.75696020929858,67.70079835600362,0.056161853294946065
ORIGA,SEALED_REVIEW,29009,1,Q2,OD,CC,62,83.77095243791551,83.71872979643376,0.0522226414817401
ORIGA,SEALED_REVIEW,29009,1,Q2,OC,CC,62,68.85240301576574,68.7580939147331,0.09430910103264327
ORIGA,SEALED_REVIEW,29009,1,Q2,OD,SAME64_HOLD,62,76.33988770584563,,
ORIGA,SEALED_REVIEW,29009,1,Q2,OC,SAME64_HOLD,62,61.30203136998163,,
ORIGA,SEALED_REVIEW,29009,1,Q2,OD,CROSS64_HOLD,62,71.109533587533,,
ORIGA,SEALED_REVIEW,29009,1,Q2,OC,CROSS64_HOLD,62,55.109856874811584,,
ORIGA,SEALED_REVIEW,29009,1,Q2,OD,SOURCE_HOLD,62,71.38839435425128,,
ORIGA,SEALED_REVIEW,29009,1,Q2,OC,SOURCE_HOLD,62,55.10002715955557,,
ORIGA,SEALED_REVIEW,29009,1,Q2,OD,C_CONT,62,85.18522280352347,,
ORIGA,SEALED_REVIEW,29009,1,Q2,OC,C_CONT,62,69.712302348671,,
ORIGA,SEALED_REVIEW,29009,1,Q2,OD,ANCHOR,62,85.75688611786575,,
ORIGA,SEALED_REVIEW,29009,1,Q2,OC,ANCHOR,62,70.63861661713862,,
ORIGA,SEALED_REVIEW,29009,1,Q3,OD,SS,45,86.18990752048347,86.17846419707953,0.011443323403951884
ORIGA,SEALED_REVIEW,29009,1,Q3,OC,SS,45,70.98918749502326,70.97388253977137,0.015304955251897024
ORIGA,SEALED_REVIEW,29009,1,Q3,OD,SC,45,86.88782537640871,86.87463804858155,0.01318732782716387
ORIGA,SEALED_REVIEW,29009,1,Q3,OC,SC,45,71.4803517850499,71.46504678095408,0.015305004095820621
ORIGA,SEALED_REVIEW,29009,1,Q3,OD,CS,45,84.99043014618856,84.97730015668256,0.013129989506003673
ORIGA,SEALED_REVIEW,29009,1,Q3,OC,CS,45,69.56446481429973,69.5531072836121,0.011357530687624327
ORIGA,SEALED_REVIEW,29009,1,Q3,OD,CC,45,85.73993157867272,85.72871456024846,0.011217018424267453
ORIGA,SEALED_REVIEW,29009,1,Q3,OC,CC,45,70.21492577001158,70.20675132257698,0.00817444743459893
ORIGA,SEALED_REVIEW,29009,1,Q3,OD,SAME64_HOLD,45,77.69543653839442,,
ORIGA,SEALED_REVIEW,29009,1,Q3,OC,SAME64_HOLD,45,60.36492435521185,,
ORIGA,SEALED_REVIEW,29009,1,Q3,OD,CROSS64_HOLD,45,72.89854538185614,,
ORIGA,SEALED_REVIEW,29009,1,Q3,OC,CROSS64_HOLD,45,54.50450547404399,,
ORIGA,SEALED_REVIEW,29009,1,Q3,OD,SOURCE_HOLD,45,73.13453177530263,,
ORIGA,SEALED_REVIEW,29009,1,Q3,OC,SOURCE_HOLD,45,55.25252493968499,,
ORIGA,SEALED_REVIEW,29009,1,Q3,OD,C_CONT,45,87.66697173244442,,
ORIGA,SEALED_REVIEW,29009,1,Q3,OC,C_CONT,45,70.23517311264419,,
ORIGA,SEALED_REVIEW,29009,1,Q3,OD,ANCHOR,45,88.22305926422833,,
ORIGA,SEALED_REVIEW,29009,1,Q3,OC,ANCHOR,45,71.15421905508633,,
ORIGA,SEARCH,29009,1,Q3,OD,SS,88,86.64291500967953,86.62711086253195,0.01580414714757841
ORIGA,SEARCH,29009,1,Q3,OC,SS,88,68.57086878814856,68.54122715959227,0.029641628556303038
ORIGA,SEARCH,29009,1,Q3,OD,SC,88,87.35811494096467,87.34433255407129,0.013782386893389231
ORIGA,SEARCH,29009,1,Q3,OC,SC,88,69.36023120331502,69.33578010625011,0.024451097064919755
ORIGA,SEARCH,29009,1,Q3,OD,CS,88,85.21704446586949,85.19647651568604,0.020567950183454514
ORIGA,SEARCH,29009,1,Q3,OC,CS,88,66.51014956829728,66.48135870934045,0.02879085895682915
ORIGA,SEARCH,29009,1,Q3,OD,CC,88,86.09071278931086,86.07420114987173,0.01651163943914102
ORIGA,SEARCH,29009,1,Q3,OC,CC,88,67.44015288262781,67.40820581815842,0.031947064469399176
ORIGA,SEARCH,29009,1,Q3,OD,SAME64_HOLD,88,76.7968833575529,,
ORIGA,SEARCH,29009,1,Q3,OC,SAME64_HOLD,88,55.712583525827384,,
ORIGA,SEARCH,29009,1,Q3,OD,CROSS64_HOLD,88,71.33852134176169,,
ORIGA,SEARCH,29009,1,Q3,OC,CROSS64_HOLD,88,49.404717519710914,,
ORIGA,SEARCH,29009,1,Q3,OD,SOURCE_HOLD,88,72.09234715950387,,
ORIGA,SEARCH,29009,1,Q3,OC,SOURCE_HOLD,88,50.082464909498334,,
ORIGA,SEARCH,29009,1,Q3,OD,C_CONT,88,87.40584721443058,,
ORIGA,SEARCH,29009,1,Q3,OC,C_CONT,88,68.82895505589491,,
ORIGA,SEARCH,29009,1,Q3,OD,ANCHOR,88,87.99096730866623,,
ORIGA,SEARCH,29009,1,Q3,OC,ANCHOR,88,69.85327233428421,,
ORIGA,SEARCH,29009,1,Q4,OD,SS,77,91.4331895543017,91.4250865365752,0.008103017726511022
ORIGA,SEARCH,29009,1,Q4,OC,SS,77,75.7907277133585,75.78381568895422,0.006912024404296233
ORIGA,SEARCH,29009,1,Q4,OD,SC,77,91.91739254900769,91.90982791239485,0.007564636612845865
ORIGA,SEARCH,29009,1,Q4,OC,SC,77,76.08727686760055,76.07695607312176,0.01032079447879288
ORIGA,SEARCH,29009,1,Q4,OD,CS,77,91.20824194432083,91.19950636931313,0.008735575007704052
ORIGA,SEARCH,29009,1,Q4,OC,CS,77,75.65853714363189,75.65214609019253,0.006391053439363432
ORIGA,SEARCH,29009,1,Q4,OD,CC,77,91.67612044518839,91.66779785287858,0.008322592309811734
ORIGA,SEARCH,29009,1,Q4,OC,CC,77,75.94095354089548,75.93385552686752,0.0070980140279629615
ORIGA,SEARCH,29009,1,Q4,OD,SAME64_HOLD,77,87.07308989772709,,
ORIGA,SEARCH,29009,1,Q4,OC,SAME64_HOLD,77,72.6154071243834,,
ORIGA,SEARCH,29009,1,Q4,OD,CROSS64_HOLD,77,85.20194340453229,,
ORIGA,SEARCH,29009,1,Q4,OC,CROSS64_HOLD,77,70.6608088789447,,
ORIGA,SEARCH,29009,1,Q4,OD,SOURCE_HOLD,77,85.66665926432658,,
ORIGA,SEARCH,29009,1,Q4,OC,SOURCE_HOLD,77,71.12028015225066,,
ORIGA,SEARCH,29009,1,Q4,OD,C_CONT,77,93.8628584345458,,
ORIGA,SEARCH,29009,1,Q4,OC,C_CONT,77,77.10597781126116,,
ORIGA,SEARCH,29009,1,Q4,OD,ANCHOR,77,93.93413426034041,,
ORIGA,SEARCH,29009,1,Q4,OC,ANCHOR,77,78.02496973370596,,
ORIGA,SEALED_REVIEW,29009,1,Q4,OD,SS,57,92.31962410614022,92.31393562787432,0.005688478265903089
ORIGA,SEALED_REVIEW,29009,1,Q4,OC,SS,57,77.62277435152612,77.61535219015401,0.00742216137211003
ORIGA,SEALED_REVIEW,29009,1,Q4,OD,SC,57,92.71017373926938,92.70340092171182,0.006772817557561334
ORIGA,SEALED_REVIEW,29009,1,Q4,OC,SC,57,77.74212890211982,77.73117294923718,0.010955952882644152
ORIGA,SEALED_REVIEW,29009,1,Q4,OD,CS,57,92.08272065278177,92.07631050938859,0.006410143393169432
ORIGA,SEALED_REVIEW,29009,1,Q4,OC,CS,57,77.53313910784651,77.52465352658166,0.008485581264840924
ORIGA,SEALED_REVIEW,29009,1,Q4,OD,CC,57,92.47533754580262,92.46813027778653,0.007207268016079613
ORIGA,SEALED_REVIEW,29009,1,Q4,OC,CC,57,77.67403606025177,77.66428837682551,0.009747683426256044
ORIGA,SEALED_REVIEW,29009,1,Q4,OD,SAME64_HOLD,57,88.54840077317805,,
ORIGA,SEALED_REVIEW,29009,1,Q4,OC,SAME64_HOLD,57,75.5229637212872,,
ORIGA,SEALED_REVIEW,29009,1,Q4,OD,CROSS64_HOLD,57,86.79767969375621,,
ORIGA,SEALED_REVIEW,29009,1,Q4,OC,CROSS64_HOLD,57,73.38253861560122,,
ORIGA,SEALED_REVIEW,29009,1,Q4,OD,SOURCE_HOLD,57,87.06359518876067,,
ORIGA,SEALED_REVIEW,29009,1,Q4,OC,SOURCE_HOLD,57,73.87954047338205,,
ORIGA,SEALED_REVIEW,29009,1,Q4,OD,C_CONT,57,94.07012547597017,,
ORIGA,SEALED_REVIEW,29009,1,Q4,OC,C_CONT,57,77.66191597552063,,
ORIGA,SEALED_REVIEW,29009,1,Q4,OD,ANCHOR,57,94.10845441289314,,
ORIGA,SEALED_REVIEW,29009,1,Q4,OC,ANCHOR,57,78.36309514277588,,
REFUGE_Valid,SEARCH,29009,1,ALL,OD,SS,406,82.71054681612517,82.70615406787509,0.004392748250072313
REFUGE_Valid,SEARCH,29009,1,ALL,OC,SS,406,65.06062316098907,65.05849114786035,0.002132013128721204
REFUGE_Valid,SEARCH,29009,1,Q1,OD,SS,97,82.99152600234581,82.96096117528839,0.03056482705741224
REFUGE_Valid,SEARCH,29009,1,Q1,OC,SS,97,63.19153502065195,63.20797676247162,-0.01644174181966546
REFUGE_Valid,SEARCH,29009,1,FIRST64,OD,SS,39,82.5154038816041,82.49137715906033,0.024026722543753813
REFUGE_Valid,SEARCH,29009,1,FIRST64,OC,SS,39,64.34994260276038,64.35364478288842,-0.003702180128040845
REFUGE_Valid,SEARCH,29009,1,ALL,OD,SC,406,82.55573660871339,82.55294293118556,0.0027936775278381747
REFUGE_Valid,SEARCH,29009,1,ALL,OC,SC,406,64.982577019841,64.98209678076138,0.0004802390796222464
REFUGE_Valid,SEARCH,29009,1,Q1,OD,SC,97,82.98726783100585,82.96277664280555,0.024491188200296436
REFUGE_Valid,SEARCH,29009,1,Q1,OC,SC,97,63.168235751851356,63.18664681189341,-0.018411060042055883
REFUGE_Valid,SEARCH,29009,1,FIRST64,OD,SC,39,82.64883741538777,82.63117461311886,0.017662802268924995
REFUGE_Valid,SEARCH,29009,1,FIRST64,OC,SC,39,64.37797491562695,64.38210503960023,-0.004130123973284966
REFUGE_Valid,SEARCH,29009,1,ALL,OD,CS,406,82.5945881123775,82.58723147467546,0.0073566377020351185
REFUGE_Valid,SEARCH,29009,1,ALL,OC,CS,406,65.06761128558122,65.06649811456211,0.0011131710191105316
REFUGE_Valid,SEARCH,29009,1,Q1,OD,CS,97,83.14867632798911,83.10246359095879,0.04621273703031421
REFUGE_Valid,SEARCH,29009,1,Q1,OC,CS,97,63.31924520456198,63.3260121181403,-0.006766913578312745
REFUGE_Valid,SEARCH,29009,1,FIRST64,OD,CS,39,81.98096340476096,81.91121297596175,0.06975042879921015
REFUGE_Valid,SEARCH,29009,1,FIRST64,OC,CS,39,64.41818360122387,64.40593690986245,0.012246691361425604
REFUGE_Valid,SEARCH,29009,1,ALL,OD,CC,406,82.39487168517,82.38874254131147,0.006129143858523667
REFUGE_Valid,SEARCH,29009,1,ALL,OC,CC,406,64.97997817768973,64.97969810818861,0.0002800695010975137
REFUGE_Valid,SEARCH,29009,1,Q1,OD,CC,97,83.12743316179188,83.08911155101354,0.038321610778338136
REFUGE_Valid,SEARCH,29009,1,Q1,OC,CC,97,63.260052033106675,63.267798690511846,-0.007746657405164669
REFUGE_Valid,SEARCH,29009,1,FIRST64,OD,CC,39,82.11777877900177,82.05464057736647,0.06313820163529982
REFUGE_Valid,SEARCH,29009,1,FIRST64,OC,CC,39,64.39759656823061,64.3861853264073,0.01141124182331656
REFUGE_Valid,SEARCH,29009,1,ALL,OD,SAME64_HOLD,406,85.14361231395793,,
REFUGE_Valid,SEARCH,29009,1,ALL,OC,SAME64_HOLD,406,66.04864382459829,,
REFUGE_Valid,SEARCH,29009,1,Q1,OD,SAME64_HOLD,97,83.6396172547031,,
REFUGE_Valid,SEARCH,29009,1,Q1,OC,SAME64_HOLD,97,63.57615244195749,,
REFUGE_Valid,SEARCH,29009,1,FIRST64,OD,SAME64_HOLD,39,82.94415111526935,,
REFUGE_Valid,SEARCH,29009,1,FIRST64,OC,SAME64_HOLD,39,64.4982447633192,,
REFUGE_Valid,SEARCH,29009,1,ALL,OD,CROSS64_HOLD,406,83.42096971248313,,
REFUGE_Valid,SEARCH,29009,1,ALL,OC,CROSS64_HOLD,406,65.96555805581093,,
REFUGE_Valid,SEARCH,29009,1,Q1,OD,CROSS64_HOLD,97,81.88809386709853,,
REFUGE_Valid,SEARCH,29009,1,Q1,OC,CROSS64_HOLD,97,63.150754867911076,,
REFUGE_Valid,SEARCH,29009,1,FIRST64,OD,CROSS64_HOLD,39,81.04212481439095,,
REFUGE_Valid,SEARCH,29009,1,FIRST64,OC,CROSS64_HOLD,39,64.11004808560774,,
REFUGE_Valid,SEARCH,29009,1,ALL,OD,SOURCE_HOLD,406,84.08452106164629,,
REFUGE_Valid,SEARCH,29009,1,ALL,OC,SOURCE_HOLD,406,66.39393397143391,,
REFUGE_Valid,SEARCH,29009,1,Q1,OD,SOURCE_HOLD,97,82.65345888508554,,
REFUGE_Valid,SEARCH,29009,1,Q1,OC,SOURCE_HOLD,97,63.65922344112908,,
REFUGE_Valid,SEARCH,29009,1,FIRST64,OD,SOURCE_HOLD,39,81.90239752216513,,
REFUGE_Valid,SEARCH,29009,1,FIRST64,OC,SOURCE_HOLD,39,64.53460729301077,,
REFUGE_Valid,SEARCH,29009,1,ALL,OD,C_CONT,406,79.9926526266174,,
REFUGE_Valid,SEARCH,29009,1,ALL,OC,C_CONT,406,63.955110560510505,,
REFUGE_Valid,SEARCH,29009,1,Q1,OD,C_CONT,97,81.55941323995162,,
REFUGE_Valid,SEARCH,29009,1,Q1,OC,C_CONT,97,62.37455448024386,,
REFUGE_Valid,SEARCH,29009,1,FIRST64,OD,C_CONT,39,81.35493671589585,,
REFUGE_Valid,SEARCH,29009,1,FIRST64,OC,C_CONT,39,63.8480402512945,,
REFUGE_Valid,SEARCH,29009,1,ALL,OD,ANCHOR,406,78.77627446720992,,
REFUGE_Valid,SEARCH,29009,1,ALL,OC,ANCHOR,406,63.37365339960089,,
REFUGE_Valid,SEARCH,29009,1,Q1,OD,ANCHOR,97,80.97852656475055,,
REFUGE_Valid,SEARCH,29009,1,Q1,OC,ANCHOR,97,62.16747253671946,,
REFUGE_Valid,SEARCH,29009,1,FIRST64,OD,ANCHOR,39,80.98926122318471,,
REFUGE_Valid,SEARCH,29009,1,FIRST64,OC,ANCHOR,39,63.76686267727415,,
REFUGE_Valid,SEALED_REVIEW,29009,1,ALL,OD,SS,269,84.76481957014212,84.77923666168671,-0.014417091544584208
REFUGE_Valid,SEALED_REVIEW,29009,1,ALL,OC,SS,269,65.7031012872803,65.70236258817465,0.0007386991056442998
REFUGE_Valid,SEALED_REVIEW,29009,1,Q1,OD,SS,69,85.42217779657108,85.43073058509925,-0.008552788528180108
REFUGE_Valid,SEALED_REVIEW,29009,1,Q1,OC,SS,69,64.82204266729555,64.8137386468719,0.008304020423649206
REFUGE_Valid,SEALED_REVIEW,29009,1,FIRST64,OD,SS,20,87.96246288393526,87.95931977144066,0.003143112494596867
REFUGE_Valid,SEALED_REVIEW,29009,1,FIRST64,OC,SS,20,67.25474074671475,67.24049744141038,0.014243305304366129
REFUGE_Valid,SEALED_REVIEW,29009,1,ALL,OD,SC,269,84.6036196054386,84.61800558734927,-0.01438598191067692
REFUGE_Valid,SEALED_REVIEW,29009,1,ALL,OC,SC,269,65.62787368656143,65.6266018664536,0.0012718201078366635
REFUGE_Valid,SEALED_REVIEW,29009,1,Q1,OD,SC,69,85.35535325553724,85.36665336655786,-0.011300111020627552
REFUGE_Valid,SEALED_REVIEW,29009,1,Q1,OC,SC,69,64.75804567125031,64.75011122915112,0.007934442099193749
REFUGE_Valid,SEALED_REVIEW,29009,1,FIRST64,OD,SC,20,87.86443144715173,87.85878501330696,0.005646433844779808
REFUGE_Valid,SEALED_REVIEW,29009,1,FIRST64,OC,SC,20,67.1838553542717,67.17257413060084,0.011281223670867035
REFUGE_Valid,SEALED_REVIEW,29009,1,ALL,OD,CS,269,84.67680180661941,84.68860689240132,-0.011805085781930678
REFUGE_Valid,SEALED_REVIEW,29009,1,ALL,OC,CS,269,65.67737201331599,65.67581232016077,0.0015596931552079177
REFUGE_Valid,SEALED_REVIEW,29009,1,Q1,OD,CS,69,85.61779090912721,85.62084547879023,-0.003054569663021505
REFUGE_Valid,SEALED_REVIEW,29009,1,Q1,OC,CS,69,65.05263360739619,65.0438050635351,0.008828543861084927
REFUGE_Valid,SEALED_REVIEW,29009,1,FIRST64,OD,CS,20,87.60453454125224,87.58299476231427,0.02153977893796233
REFUGE_Valid,SEALED_REVIEW,29009,1,FIRST64,OC,CS,20,68.19745557245834,68.18088570731948,0.016569865138846285
REFUGE_Valid,SEALED_REVIEW,29009,1,ALL,OD,CC,269,84.46853899979023,84.48169063936345,-0.013151639573232262
REFUGE_Valid,SEALED_REVIEW,29009,1,ALL,OC,CC,269,65.58741720384286,65.58657154162607,0.0008456622167868376
REFUGE_Valid,SEALED_REVIEW,29009,1,Q1,OD,CC,69,85.48589311364105,85.49324232563794,-0.007349211996883789
REFUGE_Valid,SEALED_REVIEW,29009,1,Q1,OC,CC,69,64.95928151019277,64.95123623331095,0.008045276881813373
REFUGE_Valid,SEALED_REVIEW,29009,1,FIRST64,OD,CC,20,87.47646888554534,87.45795003472702,0.018518850818319277
REFUGE_Valid,SEALED_REVIEW,29009,1,FIRST64,OC,CC,20,68.10193506924693,68.0876666525309,0.014268416716033403
REFUGE_Valid,SEALED_REVIEW,29009,1,ALL,OD,SAME64_HOLD,269,86.98126501577839,,
REFUGE_Valid,SEALED_REVIEW,29009,1,ALL,OC,SAME64_HOLD,269,66.61569537000082,,
REFUGE_Valid,SEALED_REVIEW,29009,1,Q1,OD,SAME64_HOLD,69,86.02670388353586,,
REFUGE_Valid,SEALED_REVIEW,29009,1,Q1,OC,SAME64_HOLD,69,65.13153045927744,,
REFUGE_Valid,SEALED_REVIEW,29009,1,FIRST64,OD,SAME64_HOLD,20,88.2120402041964,,
REFUGE_Valid,SEALED_REVIEW,29009,1,FIRST64,OC,SAME64_HOLD,20,67.41894441843823,,
REFUGE_Valid,SEALED_REVIEW,29009,1,ALL,OD,CROSS64_HOLD,269,85.3276493000822,,
REFUGE_Valid,SEALED_REVIEW,29009,1,ALL,OC,CROSS64_HOLD,269,66.49428755740713,,
REFUGE_Valid,SEALED_REVIEW,29009,1,Q1,OD,CROSS64_HOLD,69,84.68702758503281,,
REFUGE_Valid,SEALED_REVIEW,29009,1,Q1,OC,CROSS64_HOLD,69,64.77006591277879,,
REFUGE_Valid,SEALED_REVIEW,29009,1,FIRST64,OD,CROSS64_HOLD,20,86.61710577943687,,
REFUGE_Valid,SEALED_REVIEW,29009,1,FIRST64,OC,CROSS64_HOLD,20,68.21381849081176,,
REFUGE_Valid,SEALED_REVIEW,29009,1,ALL,OD,SOURCE_HOLD,269,86.1588258244221,,
REFUGE_Valid,SEALED_REVIEW,29009,1,ALL,OC,SOURCE_HOLD,269,67.06294196122838,,
REFUGE_Valid,SEALED_REVIEW,29009,1,Q1,OD,SOURCE_HOLD,69,85.57440745098312,,
REFUGE_Valid,SEALED_REVIEW,29009,1,Q1,OC,SOURCE_HOLD,69,65.387031694222,,
REFUGE_Valid,SEALED_REVIEW,29009,1,FIRST64,OD,SOURCE_HOLD,20,87.71734701521636,,
REFUGE_Valid,SEALED_REVIEW,29009,1,FIRST64,OC,SOURCE_HOLD,20,68.6694185577723,,
REFUGE_Valid,SEALED_REVIEW,29009,1,ALL,OD,C_CONT,269,82.1098397356924,,
REFUGE_Valid,SEALED_REVIEW,29009,1,ALL,OC,C_CONT,269,64.58590922351439,,
REFUGE_Valid,SEALED_REVIEW,29009,1,Q1,OD,C_CONT,69,83.82866276352026,,
REFUGE_Valid,SEALED_REVIEW,29009,1,Q1,OC,C_CONT,69,64.14578184527892,,
REFUGE_Valid,SEALED_REVIEW,29009,1,FIRST64,OD,C_CONT,20,86.55178106579501,,
REFUGE_Valid,SEALED_REVIEW,29009,1,FIRST64,OC,C_CONT,20,67.43239707601488,,
REFUGE_Valid,SEALED_REVIEW,29009,1,ALL,OD,ANCHOR,269,80.90315021583851,,
REFUGE_Valid,SEALED_REVIEW,29009,1,ALL,OC,ANCHOR,269,64.02584239411102,,
REFUGE_Valid,SEALED_REVIEW,29009,1,Q1,OD,ANCHOR,69,83.26429827047741,,
REFUGE_Valid,SEALED_REVIEW,29009,1,Q1,OC,ANCHOR,69,63.929496136198296,,
REFUGE_Valid,SEALED_REVIEW,29009,1,FIRST64,OD,ANCHOR,20,86.25704100419847,,
REFUGE_Valid,SEALED_REVIEW,29009,1,FIRST64,OC,ANCHOR,20,67.3620122809291,,
REFUGE_Valid,SEALED_REVIEW,29009,1,Q2,OD,SS,80,85.96730380171037,85.98602516415374,-0.018721362443376438
REFUGE_Valid,SEALED_REVIEW,29009,1,Q2,OC,SS,80,68.04830227714473,68.04911656066744,-0.0008142835227169937
REFUGE_Valid,SEALED_REVIEW,29009,1,Q2,OD,SC,80,85.79159526084946,85.80884020691559,-0.017244946066126282
REFUGE_Valid,SEALED_REVIEW,29009,1,Q2,OC,SC,80,67.97593420652987,67.97628153689776,-0.0003473303678835221
REFUGE_Valid,SEALED_REVIEW,29009,1,Q2,OD,CS,80,85.90596585347726,85.92280383934678,-0.016837985869534583
REFUGE_Valid,SEALED_REVIEW,29009,1,Q2,OC,CS,80,68.015152076368,68.01248274471295,0.002669331655054466
REFUGE_Valid,SEALED_REVIEW,29009,1,Q2,OD,CC,80,85.707523874824,85.72249197083656,-0.014968096012551863
REFUGE_Valid,SEALED_REVIEW,29009,1,Q2,OC,CC,80,67.92524900453782,67.92733633313581,-0.002087328597982288
REFUGE_Valid,SEALED_REVIEW,29009,1,Q2,OD,SAME64_HOLD,80,87.17443698507489,,
REFUGE_Valid,SEALED_REVIEW,29009,1,Q2,OC,SAME64_HOLD,80,68.50838504480562,,
REFUGE_Valid,SEALED_REVIEW,29009,1,Q2,OD,CROSS64_HOLD,80,85.94637387262559,,
REFUGE_Valid,SEALED_REVIEW,29009,1,Q2,OC,CROSS64_HOLD,80,68.37369298486448,,
REFUGE_Valid,SEALED_REVIEW,29009,1,Q2,OD,SOURCE_HOLD,80,86.77564121992681,,
REFUGE_Valid,SEALED_REVIEW,29009,1,Q2,OC,SOURCE_HOLD,80,69.00905416238659,,
REFUGE_Valid,SEALED_REVIEW,29009,1,Q2,OD,C_CONT,80,83.51377792717709,,
REFUGE_Valid,SEALED_REVIEW,29009,1,Q2,OC,C_CONT,80,66.97793548318943,,
REFUGE_Valid,SEALED_REVIEW,29009,1,Q2,OD,ANCHOR,80,82.38986498100836,,
REFUGE_Valid,SEALED_REVIEW,29009,1,Q2,OC,ANCHOR,80,66.49474094904511,,
REFUGE_Valid,SEARCH,29009,1,Q2,OD,SS,89,85.03957755540009,85.05380630521519,-0.014228749815096805
REFUGE_Valid,SEARCH,29009,1,Q2,OC,SS,89,66.65939918137084,66.6610109123422,-0.0016117309713502919
REFUGE_Valid,SEARCH,29009,1,Q2,OD,SC,89,84.85173036744773,84.86630397129609,-0.014573603848371678
REFUGE_Valid,SEARCH,29009,1,Q2,OC,SC,89,66.62942978820215,66.63019575140335,-0.0007659632012001471
REFUGE_Valid,SEARCH,29009,1,Q2,OD,CS,89,84.8642482812102,84.8840399599188,-0.019791678708599898
REFUGE_Valid,SEARCH,29009,1,Q2,OC,CS,89,66.74773099977044,66.75268817605672,-0.004957176286293057
REFUGE_Valid,SEARCH,29009,1,Q2,OD,CC,89,84.63844297497498,84.65759396236139,-0.0191509873863986
REFUGE_Valid,SEARCH,29009,1,Q2,OC,CC,89,66.71651621964443,66.71993427708978,-0.003418057445349826
REFUGE_Valid,SEARCH,29009,1,Q2,OD,SAME64_HOLD,89,86.05655974682276,,
REFUGE_Valid,SEARCH,29009,1,Q2,OC,SAME64_HOLD,89,67.14067620384088,,
REFUGE_Valid,SEARCH,29009,1,Q2,OD,CROSS64_HOLD,89,84.64461499569545,,
REFUGE_Valid,SEARCH,29009,1,Q2,OC,CROSS64_HOLD,89,67.65080892592367,,
REFUGE_Valid,SEARCH,29009,1,Q2,OD,SOURCE_HOLD,89,85.26211478789409,,
REFUGE_Valid,SEARCH,29009,1,Q2,OC,SOURCE_HOLD,89,67.99456581880115,,
REFUGE_Valid,SEARCH,29009,1,Q2,OD,C_CONT,89,82.14761826065038,,
REFUGE_Valid,SEARCH,29009,1,Q2,OC,C_CONT,89,65.93245615556798,,
REFUGE_Valid,SEARCH,29009,1,Q2,OD,ANCHOR,89,80.96156843563158,,
REFUGE_Valid,SEARCH,29009,1,Q2,OC,ANCHOR,89,65.47682155422642,,
REFUGE_Valid,SEARCH,29009,1,Q3,OD,SS,100,82.99037331194677,82.98032109859288,0.010052213353892114
REFUGE_Valid,SEARCH,29009,1,Q3,OC,SS,100,66.96533325318079,66.94394949451153,0.021383758669271558
REFUGE_Valid,SEARCH,29009,1,Q3,OD,SC,100,82.80188875154172,82.79304927300711,0.008839478534619583
REFUGE_Valid,SEARCH,29009,1,Q3,OC,SC,100,66.84914088486926,66.83600399999722,0.013136884872030824
REFUGE_Valid,SEARCH,29009,1,Q3,OD,CS,100,82.84879996323855,82.8348366245661,0.013963338672451864
REFUGE_Valid,SEARCH,29009,1,Q3,OC,CS,100,66.88590330038534,66.87177893823454,0.014124362150795988
REFUGE_Valid,SEARCH,29009,1,Q3,OD,CC,100,82.63169222980513,82.62004356293019,0.011648666874943758
REFUGE_Valid,SEARCH,29009,1,Q3,OC,CC,100,66.78358176437146,66.7710743366405,0.012507427730974074
REFUGE_Valid,SEARCH,29009,1,Q3,OD,SAME64_HOLD,100,85.63901838492,,
REFUGE_Valid,SEARCH,29009,1,Q3,OC,SAME64_HOLD,100,67.7735219034306,,
REFUGE_Valid,SEARCH,29009,1,Q3,OD,CROSS64_HOLD,100,83.7427000136312,,
REFUGE_Valid,SEARCH,29009,1,Q3,OC,CROSS64_HOLD,100,67.4499751751053,,
REFUGE_Valid,SEARCH,29009,1,Q3,OD,SOURCE_HOLD,100,84.35205902500844,,
REFUGE_Valid,SEARCH,29009,1,Q3,OC,SOURCE_HOLD,100,67.88126808183193,,
REFUGE_Valid,SEARCH,29009,1,Q3,OD,C_CONT,100,80.24828005702061,,
REFUGE_Valid,SEARCH,29009,1,Q3,OC,C_CONT,100,65.73677891071046,,
REFUGE_Valid,SEARCH,29009,1,Q3,OD,ANCHOR,100,78.79959009218575,,
REFUGE_Valid,SEARCH,29009,1,Q3,OC,ANCHOR,100,65.05024210271783,,
REFUGE_Valid,SEALED_REVIEW,29009,1,Q3,OD,SS,68,83.75973096016665,83.78110534168918,-0.021374381522533646
REFUGE_Valid,SEALED_REVIEW,29009,1,Q3,OC,SS,68,63.80887560654259,63.80899875334817,-0.00012314680557879858
REFUGE_Valid,SEALED_REVIEW,29009,1,Q3,OD,SC,68,83.53859945364626,83.55721575587764,-0.018616302231376423
REFUGE_Valid,SEALED_REVIEW,29009,1,Q3,OC,SC,68,63.75802495192242,63.758314674946405,-0.0002897230239820744
REFUGE_Valid,SEALED_REVIEW,29009,1,Q3,OD,CS,68,83.38782591537398,83.40383073561564,-0.016004820241673132
REFUGE_Valid,SEALED_REVIEW,29009,1,Q3,OC,CS,68,63.751341974777155,63.75371671431669,-0.002374739539539578
REFUGE_Valid,SEALED_REVIEW,29009,1,Q3,OD,CC,68,83.1381305047283,83.15574855398192,-0.017618049253626956
REFUGE_Valid,SEALED_REVIEW,29009,1,Q3,OC,CC,68,63.682707721845645,63.68188268704921,0.0008250347964384925
REFUGE_Valid,SEALED_REVIEW,29009,1,Q3,OD,SAME64_HOLD,68,87.03061631210268,,
REFUGE_Valid,SEALED_REVIEW,29009,1,Q3,OC,SAME64_HOLD,68,64.88831804373352,,
REFUGE_Valid,SEALED_REVIEW,29009,1,Q3,OD,CROSS64_HOLD,68,84.72617748094937,,
REFUGE_Valid,SEALED_REVIEW,29009,1,Q3,OC,CROSS64_HOLD,68,65.39100391789961,,
REFUGE_Valid,SEALED_REVIEW,29009,1,Q3,OD,SOURCE_HOLD,68,85.64679714140797,,
REFUGE_Valid,SEALED_REVIEW,29009,1,Q3,OC,SOURCE_HOLD,68,65.81017819531509,,
REFUGE_Valid,SEALED_REVIEW,29009,1,Q3,OD,C_CONT,68,80.37552284333658,,
REFUGE_Valid,SEALED_REVIEW,29009,1,Q3,OC,C_CONT,68,62.684430511505816,,
REFUGE_Valid,SEALED_REVIEW,29009,1,Q3,OD,ANCHOR,68,78.74607362874244,,
REFUGE_Valid,SEALED_REVIEW,29009,1,Q3,OC,ANCHOR,68,61.987464544501606,,
REFUGE_Valid,SEARCH,29009,1,Q4,OD,SS,120,80.52286876244992,80.53053705442396,-0.007668291974043534
REFUGE_Valid,SEARCH,29009,1,Q4,OC,SS,120,63.79845211581866,63.79457282851624,0.0038792873024281567
REFUGE_Valid,SEARCH,29009,1,Q4,OD,SC,120,80.29892671394208,80.30582929135944,-0.0069025774173611205
REFUGE_Valid,SEARCH,29009,1,Q4,OC,SC,120,63.67228385407457,63.66615608634032,0.006127767734248196
REFUGE_Valid,SEARCH,29009,1,Q4,OD,CS,120,80.25152563715633,80.26094826254877,-0.009422625392450137
REFUGE_Valid,SEARCH,29009,1,Q4,OC,CS,120,63.71954173404466,63.71839931300086,0.001142421043797461
REFUGE_Valid,SEARCH,29009,1,Q4,OD,CC,120,79.94138533109934,79.94712860317469,-0.005743272075359092
REFUGE_Valid,SEARCH,29009,1,Q4,OC,CC,120,63.57931644120982,63.57999478849911,-0.0006783472892892457
REFUGE_Valid,SEARCH,29009,1,Q4,OD,SAME64_HOLD,120,85.2694005816791,,
REFUGE_Valid,SEARCH,29009,1,Q4,OC,SAME64_HOLD,120,65.7999186119344,,
REFUGE_Valid,SEARCH,29009,1,Q4,OD,CROSS64_HOLD,120,83.48439885149648,,
REFUGE_Valid,SEARCH,29009,1,Q4,OC,CROSS64_HOLD,120,65.75394863795111,,
REFUGE_Valid,SEARCH,29009,1,Q4,OD,SOURCE_HOLD,120,84.14496600459728,,
REFUGE_Valid,SEARCH,29009,1,Q4,OC,SOURCE_HOLD,120,66.1779112713013,,
REFUGE_Valid,SEARCH,29009,1,Q4,OD,C_CONT,120,76.91489876026176,,
REFUGE_Valid,SEARCH,29009,1,Q4,OC,C_CONT,120,62.281471783891796,,
REFUGE_Valid,SEARCH,29009,1,Q4,OD,ANCHOR,120,75.35593130763864,,
REFUGE_Valid,SEARCH,29009,1,Q4,OC,ANCHOR,120,61.39164262981869,,
REFUGE_Valid,SEALED_REVIEW,29009,1,Q4,OD,SS,52,83.35692667262819,83.36340529335986,-0.006478620731660022
REFUGE_Valid,SEALED_REVIEW,29009,1,Q4,OC,SS,52,65.74126113112565,65.74704479814905,-0.005783667023399245
REFUGE_Valid,SEALED_REVIEW,29009,1,Q4,OD,SC,52,83.171190682981,83.17974101445263,-0.008550331471636367
REFUGE_Valid,SEALED_REVIEW,29009,1,Q4,OC,SC,52,65.6148545599161,65.61789050800792,-0.0030359480918239097
REFUGE_Valid,SEALED_REVIEW,29009,1,Q4,OD,CS,52,83.2227438986006,83.23292536249666,-0.010181463896044787
REFUGE_Valid,SEALED_REVIEW,29009,1,Q4,OC,CS,52,65.4284217745649,65.43306939593758,-0.0046476213726845406
REFUGE_Valid,SEALED_REVIEW,29009,1,Q4,OD,CC,52,82.95222272682487,82.96443850350109,-0.012215776676225294
REFUGE_Valid,SEALED_REVIEW,29009,1,Q4,OC,CC,52,65.31501458042113,65.31918298516823,-0.004168404747090344
REFUGE_Valid,SEALED_REVIEW,29009,1,Q4,OD,SAME64_HOLD,52,87.88617025483543,,
REFUGE_Valid,SEALED_REVIEW,29009,1,Q4,OC,SAME64_HOLD,52,67.9321158131105,,
REFUGE_Valid,SEALED_REVIEW,29009,1,Q4,OD,CROSS64_HOLD,52,86.01236115077391,,
REFUGE_Valid,SEALED_REVIEW,29009,1,Q4,OC,CROSS64_HOLD,52,67.33355961066249,,
REFUGE_Valid,SEALED_REVIEW,29009,1,Q4,OD,SOURCE_HOLD,52,86.65493325849658,,
REFUGE_Valid,SEALED_REVIEW,29009,1,Q4,OC,SOURCE_HOLD,52,67.93095673839925,,
REFUGE_Valid,SEALED_REVIEW,29009,1,Q4,OD,C_CONT,52,79.93714174417893,,
REFUGE_Valid,SEALED_REVIEW,29009,1,Q4,OC,C_CONT,52,63.976433083914955,,
REFUGE_Valid,SEALED_REVIEW,29009,1,Q4,OD,ANCHOR,52,78.3036273492781,,
REFUGE_Valid,SEALED_REVIEW,29009,1,Q4,OC,ANCHOR,52,63.020952032085866,,
