left,right,order,domain,channel,status,delta,n,paired_mean,paired_std,paired_min,paired_p05,paired_median,paired_p95,paired_max,positive_fraction,negative_fraction,zero_fraction,tail_last_quarter_n,tail_last_quarter_delta
GR_RET_EMA,C0_CURRENT_STATS,0,ALL,OD,COMPLETE,-0.00435665085837941,888,-0.002245814831261539,0.016709844217443776,-0.06250608328605778,-0.030621019582729718,-0.0025103379266855352,0.022907160676795626,0.060054901444657915,0.4436936936936937,0.5563063063063063,0,210,-0.006673676284691357
GR_RET_EMA,C0_CURRENT_STATS,0,ALL,OC,COMPLETE,-0.051844694851727983,888,-0.03971721284259781,0.06057053407483746,-0.3258233872272135,-0.15237319892183734,-0.04622838846597177,0.06369548947213423,0.13543761348515976,0.23986486486486486,0.7533783783783784,0.006756756756756757,210,-0.052833018289091434
GR_RET_EMA,C0_CURRENT_STATS,0,ALL,macro,COMPLETE,-0.028100672855053695,888,-0.02098151383692967,0.03663755432534704,-0.17542171609721702,-0.0926438756869762,-0.025870947556216883,0.03996705145300164,0.07900091895963668,0.27927927927927926,0.7207207207207207,0,210,-0.029753347286891392
GR_RET_EMA,C0_CURRENT_STATS,0,Drishti_GS,OD,COMPLETE,-0.018012209414106348,19,-0.018012209414106348,0.023195894309553464,-0.049320132022818375,-0.04146699910669947,-0.023531218717910418,0.023335086390917074,0.030272844002149024,0.21052631578947367,0.7894736842105263,0,19,-0.018012209414106348
GR_RET_EMA,C0_CURRENT_STATS,0,Drishti_GS,OC,COMPLETE,-0.11041742451098215,19,-0.11041742451098215,0.1087324389669575,-0.2582467026305575,-0.2204505439945631,-0.14753538229880953,0.07439283747472122,0.13543761348515976,0.21052631578947367,0.7894736842105263,0,19,-0.11041742451098215
GR_RET_EMA,C0_CURRENT_STATS,0,Drishti_GS,macro,COMPLETE,-0.06421481696254425,19,-0.06421481696254425,0.06414460259152299,-0.1404825011500097,-0.12827336265246003,-0.09017951480627184,0.05077594454188793,0.07900091895963668,0.21052631578947367,0.7894736842105263,0,19,-0.06421481696254425
GR_RET_EMA,C0_CURRENT_STATS,0,ORIGA,OD,COMPLETE,-0.002111008588240715,307,-0.002111008588240715,0.021981108110018847,-0.06250608328605778,-0.03673610674515695,-0.00020483301848073232,0.029621578948443954,0.060054901444657915,0.49185667752442996,0.50814332247557,0,0,
GR_RET_EMA,C0_CURRENT_STATS,0,ORIGA,OC,COMPLETE,-0.044150019618663924,307,-0.044150019618663924,0.07938088051964477,-0.3258233872272135,-0.18433255364331627,-0.028014715508658403,0.0711124963989339,0.11412089759662392,0.31596091205211724,0.6644951140065146,0.019543973941368076,0,
GR_RET_EMA,C0_CURRENT_STATS,0,ORIGA,macro,COMPLETE,-0.023130514103452314,307,-0.02313051410345231,0.048781153454326105,-0.17542171609721702,-0.1089168489892157,-0.015802393085303623,0.04952555923402492,0.06905426446953844,0.3583061889250814,0.6416938110749185,0,0,
GR_RET_EMA,C0_CURRENT_STATS,0,REFUGE,OD,COMPLETE,0.009737453229859442,176,0.009737453229859442,0.008976775076896676,-0.020565992836199865,-0.007428938086910225,0.011087844734241292,0.021120256354454303,0.023174723497051186,0.8806818181818182,0.11931818181818182,0,0,
GR_RET_EMA,C0_CURRENT_STATS,0,REFUGE,OC,COMPLETE,-0.0036584642925536048,176,-0.003658464292553605,0.0436423878911147,-0.11160738340307785,-0.07238482919270406,-0.006748094920877357,0.0689363731721784,0.09970656299176162,0.4375,0.5625,0,0,
GR_RET_EMA,C0_CURRENT_STATS,0,REFUGE,macro,COMPLETE,0.0030394944686529253,176,0.0030394944686529253,0.022356895147586462,-0.06428322755616778,-0.032378958847531975,0.001259959525514165,0.04057273859636934,0.055953060261897614,0.5454545454545454,0.45454545454545453,0,0,
GR_RET_EMA,C0_CURRENT_STATS,0,REFUGE_Valid,OD,COMPLETE,-0.007040838661030021,386,-0.007040838661030021,0.009701641521939136,-0.033089194431987545,-0.02163115598776233,-0.007914287652815877,0.009798985407670713,0.030534694829397968,0.21761658031088082,0.7823834196891192,0,191,-0.005545759376529657
GR_RET_EMA,C0_CURRENT_STATS,0,REFUGE_Valid,OC,COMPLETE,-0.04915287098471227,386,-0.049152870984712264,0.03216356587520486,-0.10631245145405532,-0.08128474527932379,-0.059375929605755884,0.018716485205547195,0.10072958935552223,0.09067357512953368,0.9093264248704663,0,191,-0.04710472657068345
GR_RET_EMA,C0_CURRENT_STATS,0,REFUGE_Valid,macro,COMPLETE,-0.028096854822871144,386,-0.02809685482287114,0.01885730569066943,-0.05701672441153671,-0.046880476980783486,-0.0336066211677275,0.010946042300266384,0.055432403093109706,0.09844559585492228,0.9015544041450777,0,191,-0.026325242973606555
GR_RET_EMA,C0_CURRENT_STATS,1,ALL,OD,COMPLETE,-0.004413909508549434,888,-0.002251899416812801,0.016716925474143593,-0.06250608328605778,-0.030621019582729718,-0.0025103379266855352,0.022907160676795626,0.060054901444657915,0.4436936936936937,0.5563063063063063,0,214,0.00729964757226448
GR_RET_EMA,C0_CURRENT_STATS,1,ALL,OC,COMPLETE,-0.0520791151770141,888,-0.0397378824679814,0.06061861723401589,-0.3258233872272135,-0.15237319892183734,-0.04622838846597177,0.06369548947213423,0.13531477425181598,0.23986486486486486,0.7533783783783784,0.006756756756756757,214,-0.010873642643439409
GR_RET_EMA,C0_CURRENT_STATS,1,ALL,macro,COMPLETE,-0.028246512342781763,888,-0.0209948909423971,0.036666212436543735,-0.17542171609721702,-0.0926438756869762,-0.025870947556216883,0.03996705145300164,0.07892159997166859,0.27927927927927926,0.7207207207207207,0,214,-0.00178699753558746
GR_RET_EMA,C0_CURRENT_STATS,1,Drishti_GS,OD,COMPLETE,-0.018240671107005883,19,-0.018240671107005883,0.02321383229178755,-0.049336385539754835,-0.041468624458393125,-0.023747661393643593,0.023302867522583908,0.030272844002149024,0.21052631578947367,0.7894736842105263,0,0,
GR_RET_EMA,C0_CURRENT_STATS,1,Drishti_GS,OC,COMPLETE,-0.11134965476777922,19,-0.11134965476777925,0.10939269012897085,-0.2582467026305575,-0.2204505439945631,-0.14767263967849975,0.07438055355138684,0.13531477425181598,0.21052631578947367,0.7894736842105263,0,0,
GR_RET_EMA,C0_CURRENT_STATS,1,Drishti_GS,macro,COMPLETE,-0.06479516293739256,19,-0.06479516293739254,0.06449225082413387,-0.1404825011500097,-0.12827336265246003,-0.09030333557896342,0.050768012643091116,0.07892159997166859,0.21052631578947367,0.7894736842105263,0,0,
GR_RET_EMA,C0_CURRENT_STATS,1,ORIGA,OD,COMPLETE,-0.002109822593024605,307,-0.002109822593024605,0.021981040994547726,-0.06250608328605778,-0.03673610674515695,-0.00020483301848073232,0.029621578948443954,0.060054901444657915,0.49185667752442996,0.50814332247557,0,38,-0.004007728088114519
GR_RET_EMA,C0_CURRENT_STATS,1,ORIGA,OC,COMPLETE,-0.0441453899127885,307,-0.0441453899127885,0.07938082291241304,-0.3258233872272135,-0.18433255364331627,-0.028014715508658403,0.0711124963989339,0.11412089759662392,0.31596091205211724,0.6644951140065146,0.019543973941368076,38,-0.044251002881871115
GR_RET_EMA,C0_CURRENT_STATS,1,ORIGA,macro,COMPLETE,-0.02312760625290655,307,-0.023127606252906545,0.04878119434400907,-0.17542171609721702,-0.1089168489892157,-0.015802393085303623,0.04952555923402492,0.06905426446953844,0.3583061889250814,0.6416938110749185,0,38,-0.024129365484992813
GR_RET_EMA,C0_CURRENT_STATS,1,REFUGE,OD,COMPLETE,0.009741012771664491,176,0.009741012771664491,0.00897704612766088,-0.020565992836199865,-0.007428938086910225,0.011087844734241292,0.021120256354454303,0.023174723497051186,0.8806818181818182,0.11931818181818182,0,176,0.009741012771664491
GR_RET_EMA,C0_CURRENT_STATS,1,REFUGE,OC,COMPLETE,-0.003667167137414382,176,-0.0036671671374143818,0.04364315342784996,-0.11160738340307785,-0.07238482919270406,-0.006748094920877357,0.0689363731721784,0.09970656299176162,0.4375,0.5625,0,176,-0.003667167137414382
GR_RET_EMA,C0_CURRENT_STATS,1,REFUGE,macro,COMPLETE,0.0030369228171250595,176,0.0030369228171250595,0.022359839034294497,-0.06428322755616778,-0.032378958847531975,0.001259959525514165,0.04057273859636934,0.055953060261897614,0.5454545454545454,0.45454545454545453,0,176,0.0030369228171250595
GR_RET_EMA,C0_CURRENT_STATS,1,REFUGE_Valid,OD,COMPLETE,-0.007046157105831741,386,-0.007046157105831742,0.009704548461058612,-0.033089194431987545,-0.02163115598776233,-0.007914287652815877,0.009798985407670713,0.030534694829397968,0.21761658031088082,0.7823834196891192,0,0,
GR_RET_EMA,C0_CURRENT_STATS,1,REFUGE_Valid,OC,COMPLETE,-0.04915424889007429,386,-0.04915424889007428,0.03216443450504956,-0.10631245145405532,-0.08128474527932379,-0.05942241009581384,0.018716485205547195,0.10072958935552223,0.09067357512953368,0.9093264248704663,0,0,
GR_RET_EMA,C0_CURRENT_STATS,1,REFUGE_Valid,macro,COMPLETE,-0.028100202997953013,386,-0.028100202997953017,0.018859977179153865,-0.05701672441153671,-0.046880476980783486,-0.0336066211677275,0.010946042300266384,0.055432403093109706,0.09844559585492228,0.9015544041450777,0,0,
GR_RET_EMA,B_PARENT_FULL,0,ALL,OD,COMPLETE,0.00017794251626436887,888,-0.0026445963400982854,0.02751721028341411,-0.07748684369099745,-0.048198475984911435,-0.0026608958551471718,0.03936428872611319,0.08361927277369324,0.46846846846846846,0.5315315315315315,0,210,-0.01737166863207422
GR_RET_EMA,B_PARENT_FULL,0,ALL,OC,COMPLETE,-0.011643272712950327,888,-0.038872133479171046,0.1206272678412263,-0.241422453647138,-0.20802399807410407,-0.027098504000912182,0.180378332186517,0.4341714455287498,0.3367117117117117,0.6565315315315315,0.006756756756756757,210,-0.11425375377747747
GR_RET_EMA,B_PARENT_FULL,0,ALL,macro,COMPLETE,-0.005732665098342975,888,-0.020758364909634664,0.07102873233544875,-0.15113825844636353,-0.12185757961014557,-0.014817904324352038,0.10929587720292415,0.2349914962123254,0.3614864864864865,0.6385135135135135,0,210,-0.06581271120477585
GR_RET_EMA,B_PARENT_FULL,0,Drishti_GS,OD,COMPLETE,-0.006210536957614357,19,-0.006210536957614357,0.024783423408413777,-0.03337627942607313,-0.0328891975250218,-0.01577293016393544,0.03737357919233612,0.051431869860252166,0.2631578947368421,0.7368421052631579,0,19,-0.006210536957614357
GR_RET_EMA,B_PARENT_FULL,0,Drishti_GS,OC,COMPLETE,0.021708842723971264,19,0.021708842723971264,0.13127820438733134,-0.08908163403505415,-0.06723155489248205,-0.03705481239445796,0.23107563854119093,0.4341714455287498,0.2631578947368421,0.7368421052631579,0,19,0.021708842723971264
GR_RET_EMA,B_PARENT_FULL,0,Drishti_GS,macro,COMPLETE,0.0077491528831784735,19,0.0077491528831784735,0.07676244169977918,-0.059256995762457354,-0.046912938948107094,-0.02949603566274006,0.1333355835698259,0.2349914962123254,0.2631578947368421,0.7368421052631579,0,19,0.0077491528831784735
GR_RET_EMA,B_PARENT_FULL,0,ORIGA,OD,COMPLETE,0.0077896157437598625,307,0.0077896157437598625,0.022728301363364286,-0.03612440755334567,-0.02501614860890746,0.002785927682166456,0.047722144507165755,0.08361927277369324,0.5732899022801303,0.42671009771986973,0,0,
GR_RET_EMA,B_PARENT_FULL,0,ORIGA,OC,COMPLETE,0.03796598129631065,307,0.037965981296310645,0.08164277275321287,-0.09644508679882441,-0.04571666420210267,0.00288055954451949,0.20575511404185398,0.3304850526102573,0.5374592833876222,0.44299674267100975,0.019543973941368076,0,
GR_RET_EMA,B_PARENT_FULL,0,ORIGA,macro,COMPLETE,0.022877798520035252,307,0.022877798520035252,0.050309193813890346,-0.06614515556190226,-0.034277550202700714,0.0043005260955495395,0.1259539055779564,0.18630623872755248,0.5504885993485342,0.4495114006514658,0,0,
GR_RET_EMA,B_PARENT_FULL,0,REFUGE,OD,COMPLETE,0.020414439118128104,176,0.020414439118128104,0.013358706341341564,-0.0239484826928561,-0.002453352283742577,0.02231770862907778,0.03759210941828112,0.04217974111109002,0.9318181818181818,0.06818181818181818,0,0,
GR_RET_EMA,B_PARENT_FULL,0,REFUGE,OC,COMPLETE,0.026546588850488533,176,0.02654658885048853,0.09326855296213957,-0.19064203744327357,-0.11019003746854253,0.010116235433483167,0.19489803940405154,0.28704384218510126,0.5397727272727273,0.4602272727272727,0,0,
GR_RET_EMA,B_PARENT_FULL,0,REFUGE,macro,COMPLETE,0.02348051398430832,176,0.023480513984308317,0.049087397787214465,-0.08853674726551519,-0.05196952551120937,0.014822154298042678,0.1140895126707312,0.1593492523016451,0.6306818181818182,0.3693181818181818,0,0,
GR_RET_EMA,B_PARENT_FULL,0,REFUGE_Valid,OD,COMPLETE,-0.021281747839216134,386,-0.021281747839216138,0.023291416909056003,-0.07748684369099745,-0.054665606230565184,-0.023762050537431967,0.020336092681917967,0.05249541200166752,0.18393782383419688,0.8160621761658031,0,191,-0.018481938275083317
GR_RET_EMA,B_PARENT_FULL,0,REFUGE_Valid,OC,COMPLETE,-0.13279450372257176,386,-0.13279450372257176,0.0878038501567165,-0.241422453647138,-0.21850504035721313,-0.1643821489850843,0.051584421613060566,0.22913568069276136,0.08808290155440414,0.9119170984455959,0,191,-0.12777882882212419
GR_RET_EMA,B_PARENT_FULL,0,REFUGE_Valid,macro,COMPLETE,-0.07703812578089395,386,-0.07703812578089395,0.050896055104375136,-0.15113825844636353,-0.12678409653581657,-0.09514146473757856,0.03212136334536558,0.14081554634721438,0.09326424870466321,0.9067357512953368,0,191,-0.07313038354860377
GR_RET_EMA,B_PARENT_FULL,1,ALL,OD,COMPLETE,0.00013563086836566917,888,-0.002634994864190045,0.027533827513581098,-0.07748684369099745,-0.048198475984911435,-0.0026608958551471718,0.03936428872611319,0.08361927277369324,0.46846846846846846,0.5315315315315315,0,214,0.018586130784399673
GR_RET_EMA,B_PARENT_FULL,1,ALL,OC,COMPLETE,-0.011907307429957364,888,-0.03881307429025882,0.12070939057536839,-0.241422453647138,-0.20746028631066638,-0.027367322401341876,0.18055197623263455,0.43404860629540604,0.3367117117117117,0.6565315315315315,0.006756756756756757,214,0.03739514947627578
GR_RET_EMA,B_PARENT_FULL,1,ALL,macro,COMPLETE,-0.005885838280795847,888,-0.020724034577224437,0.0710801893973393,-0.15113825844636353,-0.12185757961014557,-0.01487182300315526,0.10929587720292415,0.23491850582946128,0.36261261261261263,0.6373873873873874,0,214,0.027990640130337724
GR_RET_EMA,B_PARENT_FULL,1,Drishti_GS,OD,COMPLETE,-0.006450059053220188,19,-0.006450059053220188,0.02482126556516634,-0.03339253294300959,-0.03289082287671544,-0.01600341931815541,0.0373527518131901,0.051431869860252166,0.2631578947368421,0.7368421052631579,0,0,
GR_RET_EMA,B_PARENT_FULL,1,Drishti_GS,OC,COMPLETE,0.020266558518849107,19,0.020266558518849107,0.13189146413086617,-0.08908163403505415,-0.06807150039080088,-0.04700723704839005,0.23106335461785654,0.43404860629540604,0.2631578947368421,0.7368421052631579,0,0,
GR_RET_EMA,B_PARENT_FULL,1,Drishti_GS,macro,COMPLETE,0.0069082497328144706,19,0.0069082497328144706,0.0770821586811704,-0.059256995762457354,-0.04756226596968157,-0.02949603566274006,0.13332828453153947,0.23491850582946128,0.2631578947368421,0.7368421052631579,0,0,
GR_RET_EMA,B_PARENT_FULL,1,ORIGA,OD,COMPLETE,0.007799971627231776,307,0.007799971627231775,0.022737965577106004,-0.03612440755334567,-0.02501614860890746,0.002785927682166456,0.047722144507165755,0.08361927277369324,0.5732899022801303,0.42671009771986973,0,38,0.009826360471511185
GR_RET_EMA,B_PARENT_FULL,1,ORIGA,OC,COMPLETE,0.038020842555121594,307,0.03802084255512159,0.08170090248891577,-0.09644508679882441,-0.04571666420210267,0.00288055954451949,0.20603087208191093,0.3304850526102573,0.5374592833876222,0.44299674267100975,0.019543973941368076,38,0.08621039545991332
GR_RET_EMA,B_PARENT_FULL,1,ORIGA,macro,COMPLETE,0.02291040709117668,307,0.022910407091176678,0.050342825739035334,-0.06614515556190226,-0.034277550202700714,0.0043005260955495395,0.1259539055779564,0.18630623872755248,0.5504885993485342,0.4495114006514658,0,38,0.048018377965712254
GR_RET_EMA,B_PARENT_FULL,1,REFUGE,OD,COMPLETE,0.020477444829227868,176,0.020477444829227868,0.013348952214066696,-0.0239484826928561,-0.002453352283742577,0.02231770862907778,0.03759210941828112,0.04217974111109002,0.9318181818181818,0.06818181818181818,0,176,0.020477444829227868
GR_RET_EMA,B_PARENT_FULL,1,REFUGE,OC,COMPLETE,0.026855494093444943,176,0.026855494093444943,0.09351088392458055,-0.19064203744327357,-0.11019003746854253,0.010116235433483167,0.19489803940405154,0.28704384218510126,0.5397727272727273,0.4602272727272727,0,176,0.026855494093444943
GR_RET_EMA,B_PARENT_FULL,1,REFUGE,macro,COMPLETE,0.023666469461336406,176,0.023666469461336406,0.049223189123178544,-0.08853674726551519,-0.05196952551120937,0.014822154298042678,0.1140895126707312,0.1593492523016451,0.6363636363636364,0.36363636363636365,0,176,0.023666469461336406
GR_RET_EMA,B_PARENT_FULL,1,REFUGE_Valid,OD,COMPLETE,-0.02128483392977678,386,-0.02128483392977678,0.023293156244114877,-0.07748684369099745,-0.054665606230565184,-0.023762050537431967,0.020336092681917967,0.05249541200166752,0.18393782383419688,0.8160621761658031,0,0,
GR_RET_EMA,B_PARENT_FULL,1,REFUGE_Valid,OC,COMPLETE,-0.1327721248872451,386,-0.1327721248872451,0.08778671837544491,-0.241422453647138,-0.21850504035721313,-0.1643821489850843,0.051584421613060566,0.22913568069276136,0.08808290155440414,0.9119170984455959,0,0,
GR_RET_EMA,B_PARENT_FULL,1,REFUGE_Valid,macro,COMPLETE,-0.07702847940851094,386,-0.07702847940851093,0.05088872500915044,-0.15113825844636353,-0.12678409653581657,-0.09514146473757856,0.03212136334536558,0.14081554634721438,0.09326424870466321,0.9067357512953368,0,0,
GR_RET_EMA_CONST_HALF,WARM_CONST_HALF,0,ALL,OD,COMPLETE,-0.0035948407653194126,888,-0.0022451236180275193,0.004999348075745663,-0.05399235623795012,-0.011606225928936235,-0.00042495337267745015,0.001694309443053054,0.015042750809560523,0.3581081081081081,0.6407657657657657,0.0011261261261261261,210,4.585307449931459e-06
GR_RET_EMA_CONST_HALF,WARM_CONST_HALF,0,ALL,OC,COMPLETE,-0.007374218881668796,888,-0.002361668458073799,0.017960230767120333,-0.08814879147922983,-0.03333226150146384,0.0001595348920597761,0.024062927587730657,0.07643315498046421,0.5349099099099099,0.4594594594594595,0.00563063063063063,210,0.003099362099550536
GR_RET_EMA_CONST_HALF,WARM_CONST_HALF,0,ALL,macro,COMPLETE,-0.005484529823494101,888,-0.0023033960380506573,0.010633057183644093,-0.0526581588901982,-0.022304903957617278,9.009055089859164e-05,0.011489263200192239,0.041114619903585226,0.5191441441441441,0.48085585585585583,0,210,0.0015519737035002324
GR_RET_EMA_CONST_HALF,WARM_CONST_HALF,0,Drishti_GS,OD,COMPLETE,-0.007226763943188932,19,-0.007226763943188932,0.005209693915465998,-0.018441851007985788,-0.016675528013480666,-0.006021502792261768,-0.00023155846993119268,-8.352207472916984e-05,0,1,0,19,-0.007226763943188932
GR_RET_EMA_CONST_HALF,WARM_CONST_HALF,0,Drishti_GS,OC,COMPLETE,-0.024629300117002883,19,-0.024629300117002883,0.02126004370726305,-0.07770565096088866,-0.058751909758396066,-0.016424892199052632,-0.002456493256589131,-0.0004604667545959895,0,1,0,19,-0.024629300117002883
GR_RET_EMA_CONST_HALF,WARM_CONST_HALF,0,Drishti_GS,macro,COMPLETE,-0.015928032030095903,19,-0.015928032030095903,0.012845555107345474,-0.04709246043193438,-0.036023739013734436,-0.009390397502183512,-0.00163588693029996,-0.00027199441466252416,0,1,0,19,-0.015928032030095903
GR_RET_EMA_CONST_HALF,WARM_CONST_HALF,0,ORIGA,OD,COMPLETE,-0.005830700422587591,307,-0.005830700422587591,0.005612379778248576,-0.05399235623795012,-0.014967695906359496,-0.004710788731061344,-0.00023214991531124167,0.0026985834834841738,0.02280130293159609,0.9771986970684039,0,0,
GR_RET_EMA_CONST_HALF,WARM_CONST_HALF,0,ORIGA,OC,COMPLETE,-0.014217114587526482,307,-0.014217114587526482,0.016635330006322366,-0.08814879147922983,-0.05158507591724652,-0.008584777764048424,0.0,0.010907747290232028,0.03908794788273615,0.9446254071661238,0.016286644951140065,0,
GR_RET_EMA_CONST_HALF,WARM_CONST_HALF,0,ORIGA,macro,COMPLETE,-0.010023907505057033,307,-0.010023907505057033,0.009916898907150718,-0.0526581588901982,-0.03166460604722572,-0.006869735501886465,-0.00042141091029511705,0.001785019616472372,0.013029315960912053,0.9869706840390879,0,0,
GR_RET_EMA_CONST_HALF,WARM_CONST_HALF,0,REFUGE,OD,COMPLETE,-0.0021138888967141816,176,-0.0021138888967141816,0.003949315488067742,-0.017595086629732304,-0.010993246315604999,-0.0006335363563328977,0.0002959445155182039,0.014115226680550652,0.09659090909090909,0.9034090909090909,0,0,
GR_RET_EMA_CONST_HALF,WARM_CONST_HALF,0,REFUGE,OC,COMPLETE,0.0041593944420360105,176,0.0041593944420360105,0.018386141129809012,-0.05955876598143006,-0.021896013334678388,0.0007339073750153302,0.040031027983503276,0.07643315498046421,0.5852272727272727,0.4147727272727273,0,0,
GR_RET_EMA_CONST_HALF,WARM_CONST_HALF,0,REFUGE,macro,COMPLETE,0.0010227527726609194,176,0.0010227527726609194,0.009792599744882478,-0.0360033412042825,-0.015150800707633971,0.00011876448364933623,0.01771742899413359,0.041114619903585226,0.5284090909090909,0.4715909090909091,0,0,
GR_RET_EMA_CONST_HALF,WARM_CONST_HALF,0,REFUGE_Valid,OD,COMPLETE,0.0007919902012130549,386,0.0007919902012130549,0.0018219819286722648,-0.002756145413800981,-0.0005550459459796042,0.0004191505745360091,0.003993750875871227,0.015042750809560523,0.7616580310880829,0.23575129533678757,0.0025906735751295338,191,0.0007239341857857346
GR_RET_EMA_CONST_HALF,WARM_CONST_HALF,0,REFUGE_Valid,OC,COMPLETE,0.005190144735818169,386,0.005190144735818169,0.011531864028265804,-0.04214983201959033,-8.92961754724031e-05,0.0011595405204664067,0.026685832090997216,0.061018187866916096,0.9326424870466321,0.06735751295336788,0,191,0.00585771069700873
GR_RET_EMA_CONST_HALF,WARM_CONST_HALF,0,REFUGE_Valid,macro,COMPLETE,0.0029910674685156118,386,0.0029910674685156118,0.00635745716493129,-0.02187995669836007,-3.4967715671213595e-05,0.0008588489260993315,0.015111772224908782,0.03594102769576857,0.9430051813471503,0.05699481865284974,0,191,0.00329082244139723
GR_RET_EMA_CONST_HALF,WARM_CONST_HALF,1,ALL,OD,COMPLETE,-0.0035866379629168436,888,-0.0022470159238935825,0.0049986604137439595,-0.05399235623795012,-0.011606225928936235,-0.00042495337267745015,0.001694309443053054,0.015042750809560523,0.356981981981982,0.6418918918918919,0.0011261261261261261,214,-0.002670386712591307
GR_RET_EMA_CONST_HALF,WARM_CONST_HALF,1,ALL,OC,COMPLETE,-0.007242569597120321,888,-0.0023642407771246035,0.017947694764057883,-0.08814879147922983,-0.03328358549305704,0.0001595348920597761,0.024062927587730657,0.07643315498046421,0.5337837837837838,0.4605855855855856,0.00563063063063063,214,-2.7651576981728264e-05
GR_RET_EMA_CONST_HALF,WARM_CONST_HALF,1,ALL,macro,COMPLETE,-0.005414603780018579,888,-0.002305628350509091,0.010625665092144035,-0.0526581588901982,-0.022304903957617278,9.006924875731848e-05,0.011489263200192239,0.041114619903585226,0.5180180180180181,0.481981981981982,0,214,-0.0013490191447865147
GR_RET_EMA_CONST_HALF,WARM_CONST_HALF,1,Drishti_GS,OD,COMPLETE,-0.007184651842586835,19,-0.007184651842586835,0.00519804917013448,-0.018441851007985788,-0.016675528013480666,-0.005985636798494065,-0.0002351383441904334,-0.00011932081732157762,0,1,0,0,
GR_RET_EMA_CONST_HALF,WARM_CONST_HALF,1,Drishti_GS,OC,COMPLETE,-0.0240396887552053,19,-0.0240396887552053,0.020565387217671822,-0.07770565096088866,-0.05866408806768257,-0.016424892199052632,-0.0024903453911974674,-0.0005526170613157078,0,1,0,0,
GR_RET_EMA_CONST_HALF,WARM_CONST_HALF,1,Drishti_GS,macro,COMPLETE,-0.01561217029889606,19,-0.01561217029889606,0.012522576431456255,-0.04709246043193438,-0.036023739013734436,-0.009152801218924478,-0.0016546029347336542,-0.0003359689393186427,0,1,0,0,
GR_RET_EMA_CONST_HALF,WARM_CONST_HALF,1,ORIGA,OD,COMPLETE,-0.005833983267130494,307,-0.005833983267130494,0.005612430813067878,-0.05399235623795012,-0.014967695906359496,-0.004710788731061344,-0.00023478132560277322,0.0026985834834841738,0.02280130293159609,0.9771986970684039,0,38,-0.005229096760026308
GR_RET_EMA_CONST_HALF,WARM_CONST_HALF,1,ORIGA,OC,COMPLETE,-0.014231215233187842,307,-0.014231215233187844,0.01664982554061448,-0.08814879147922983,-0.05158507591724652,-0.008584777764048424,0.0,0.010907747290232028,0.03908794788273615,0.9446254071661238,0.016286644951140065,38,-0.01920585019090339
GR_RET_EMA_CONST_HALF,WARM_CONST_HALF,1,ORIGA,macro,COMPLETE,-0.010032599250159166,307,-0.010032599250159166,0.009922056813145995,-0.0526581588901982,-0.032278620657517736,-0.006869735501886465,-0.00042141091029511705,0.0018042627138595835,0.013029315960912053,0.9869706840390879,0,38,-0.012217473475464846
GR_RET_EMA_CONST_HALF,WARM_CONST_HALF,1,REFUGE,OD,COMPLETE,-0.002117937952349659,176,-0.002117937952349659,0.003949928538733578,-0.017595086629732304,-0.010993246315604999,-0.0006335363563328977,0.0002959445155182039,0.014115226680550652,0.09659090909090909,0.9034090909090909,0,176,-0.002117937952349659
GR_RET_EMA_CONST_HALF,WARM_CONST_HALF,1,REFUGE,OC,COMPLETE,0.004113095851024085,176,0.004113095851024085,0.018466487963109953,-0.05955876598143006,-0.02600403642394733,0.0007339073750153302,0.040031027983503276,0.07643315498046421,0.5852272727272727,0.4147727272727273,0,176,0.004113095851024085
GR_RET_EMA_CONST_HALF,WARM_CONST_HALF,1,REFUGE,macro,COMPLETE,0.0009975789493372157,176,0.0009975789493372157,0.009834194904688849,-0.0360033412042825,-0.01649021392543626,0.00011876448364933623,0.01771742899413359,0.041114619903585226,0.5284090909090909,0.4715909090909091,0,176,0.0009975789493372157
GR_RET_EMA_CONST_HALF,WARM_CONST_HALF,1,REFUGE_Valid,OD,COMPLETE,0.0007900212103996131,386,0.0007900212103996131,0.001822464847894601,-0.002756145413800981,-0.0005550459459796042,0.00041855756331021787,0.003993750875871227,0.015042750809560523,0.7590673575129534,0.23834196891191708,0.0025906735751295338,0,
GR_RET_EMA_CONST_HALF,WARM_CONST_HALF,1,REFUGE_Valid,OC,COMPLETE,0.005187529748887776,386,0.005187529748887776,0.011531167242478069,-0.04214983201959033,-9.406954001581203e-05,0.0011595405204664067,0.026685832090997216,0.061018187866916096,0.9300518134715026,0.06994818652849741,0,0,
GR_RET_EMA_CONST_HALF,WARM_CONST_HALF,1,REFUGE_Valid,macro,COMPLETE,0.002988775479643695,386,0.002988775479643695,0.006357492843641949,-0.02187995669836007,-4.052800937309753e-05,0.0008588489260993315,0.015111772224908782,0.03594102769576857,0.9404145077720207,0.05958549222797927,0,0,
GR_RET_EMA,R10_RESET_ALL,0,ALL,OD,COMPLETE,0.0007740875861870274,888,0.0010049271472425323,0.003314608040933936,-0.009926849341834743,-0.00305900347951073,0.0002410032584364563,0.007951838672618478,0.02622249812139288,0.7015765765765766,0.2894144144144144,0.009009009009009009,210,-0.0003473311682319714
GR_RET_EMA,R10_RESET_ALL,0,ALL,OC,COMPLETE,-0.003825490194973506,888,-0.002019661640491167,0.010307838795399298,-0.059163291872243895,-0.022357946843404787,-0.0004931809383042496,0.012805069591363225,0.04012238715922678,0.2927927927927928,0.6858108108108109,0.021396396396396396,210,-0.00420402585229397
GR_RET_EMA,R10_RESET_ALL,0,ALL,macro,COMPLETE,-0.0015257013043932376,888,-0.0005073672466243167,0.006275798907443203,-0.029598058019139506,-0.011779587690613562,-0.00015186919286069855,0.010145498506300893,0.02671534488157956,0.4132882882882883,0.5855855855855856,0.0011261261261261261,210,-0.002275678510262975
GR_RET_EMA,R10_RESET_ALL,0,Drishti_GS,OD,COMPLETE,-0.0006246513378110651,19,-0.0006246513378110651,0.0038056441709912433,-0.0064635712746810015,-0.006121088576764522,-0.0005334575989560664,0.00463220186019521,0.007940210001990744,0.47368421052631576,0.5263157894736842,0,19,-0.0006246513378110651
GR_RET_EMA,R10_RESET_ALL,0,Drishti_GS,OC,COMPLETE,-0.010290419150156905,19,-0.010290419150156905,0.01603377547642877,-0.037282187173069026,-0.02857422889822661,-0.012788340214244465,0.022548035139571397,0.025207714455510788,0.15789473684210525,0.8421052631578947,0,19,-0.010290419150156905
GR_RET_EMA,R10_RESET_ALL,0,Drishti_GS,macro,COMPLETE,-0.005457535243983981,19,-0.005457535243983981,0.009569464995893982,-0.019207421898289057,-0.01708111300493702,-0.0064749854169585674,0.012658998806361512,0.01657396222875085,0.2631578947368421,0.7368421052631579,0,19,-0.005457535243983981
GR_RET_EMA,R10_RESET_ALL,0,ORIGA,OD,COMPLETE,0.0024901451313700538,307,0.0024901451313700538,0.004361877577086256,-0.009402340848623791,-0.002892049618593773,0.001402995146545516,0.010429588999070379,0.02622249812139288,0.762214983713355,0.23778501628664495,0,0,
GR_RET_EMA,R10_RESET_ALL,0,ORIGA,OC,COMPLETE,-0.0005153632188473532,307,-0.0005153632188473533,0.013537487451838793,-0.059163291872243895,-0.0240525579361645,0.00011737489754870545,0.024500263075907542,0.04012238715922678,0.5179153094462541,0.46254071661237783,0.019543973941368076,0,
GR_RET_EMA,R10_RESET_ALL,0,ORIGA,macro,COMPLETE,0.0009873909562613534,307,0.0009873909562613534,0.008436630082774595,-0.029598058019139506,-0.012931088600399755,0.000678177444624728,0.016654875998686636,0.02671534488157956,0.5928338762214984,0.40716612377850164,0,0,
GR_RET_EMA,R10_RESET_ALL,0,REFUGE,OD,COMPLETE,0.0015968642948563253,176,0.0015968642948563253,0.0026019044190613047,-0.009313547704698721,-7.809715460602162e-05,0.0005766832111980813,0.007196274269414965,0.011699158493145845,0.8863636363636364,0.09090909090909091,0.022727272727272728,0,
GR_RET_EMA,R10_RESET_ALL,0,REFUGE,OC,COMPLETE,-0.0014085704851733915,176,-0.0014085704851733915,0.00753251478518479,-0.028290603812982096,-0.016360175135816057,-0.0007226449037722738,0.010167870972732973,0.02477145006242687,0.35795454545454547,0.6363636363636364,0.005681818181818182,0,
GR_RET_EMA,R10_RESET_ALL,0,REFUGE,macro,COMPLETE,9.414690484146956e-05,176,9.414690484146956e-05,0.004102128592223884,-0.01350639608520865,-0.005872071612221308,-7.42794786523504e-05,0.007617823130562917,0.016677886893521343,0.4659090909090909,0.5284090909090909,0.005681818181818182,0,
GR_RET_EMA,R10_RESET_ALL,0,REFUGE_Valid,OD,COMPLETE,-0.00036600774366720405,386,-0.00036600774366720405,0.0015552614700851419,-0.009926849341834743,-0.003288714212876187,4.619590382204386e-05,0.0005263950472433332,0.003905022542360581,0.5803108808290155,0.40932642487046633,0.010362694300518135,191,-0.00031974434508012437
GR_RET_EMA,R10_RESET_ALL,0,REFUGE_Valid,OC,COMPLETE,-0.0030876079257163755,386,-0.0030876079257163755,0.007326312245537714,-0.0398311866630624,-0.01962828153203161,-0.0005326313337360444,0.00010055099909257736,0.030541887091189213,0.09067357512953368,0.8782383419689119,0.031088082901554404,191,-0.003598573115857343
GR_RET_EMA,R10_RESET_ALL,0,REFUGE_Valid,macro,COMPLETE,-0.001726807834691792,386,-0.0017268078346917917,0.004145184692981858,-0.0229619339332211,-0.010627365117394011,-0.0002473008310001079,0.0002785581390027103,0.015538820161448363,0.2538860103626943,0.7461139896373057,0,191,-0.001959158730468739
GR_RET_EMA,R10_RESET_ALL,1,ALL,OD,COMPLETE,0.0007168289360170026,888,0.0009988425616912699,0.003318824843187784,-0.009926849341834743,-0.00305900347951073,0.0002410032584364563,0.007951838672618478,0.02622249812139288,0.6993243243243243,0.2927927927927928,0.007882882882882882,214,0.001854238231004559
GR_RET_EMA,R10_RESET_ALL,1,ALL,OC,COMPLETE,-0.004059910520259618,888,-0.0020403312658747548,0.010331769031928789,-0.059163291872243895,-0.022357946843404787,-0.0004931809383042496,0.012805069591363225,0.04012238715922678,0.2927927927927928,0.6869369369369369,0.02027027027027027,214,-0.0006479333720823004
GR_RET_EMA,R10_RESET_ALL,1,ALL,macro,COMPLETE,-0.0016715407921213071,888,-0.0005207443520917419,0.006290058073754189,-0.029598058019139506,-0.011779587690613562,-0.00015430650391490275,0.010145498506300893,0.02671534488157956,0.4132882882882883,0.5867117117117117,0,214,0.0006031524294611296
GR_RET_EMA,R10_RESET_ALL,1,Drishti_GS,OD,COMPLETE,-0.0008531130307106025,19,-0.0008531130307106025,0.0037923643707764077,-0.006592711104585036,-0.006476485257671405,-0.000847758493478068,0.0045328561110716285,0.007940210001990744,0.42105263157894735,0.5789473684210527,0,0,
GR_RET_EMA,R10_RESET_ALL,1,Drishti_GS,OC,COMPLETE,-0.011222649406953979,19,-0.011222649406953979,0.01609720647868584,-0.037282187173069026,-0.02941417439654545,-0.012942808879438994,0.022548035139571397,0.025207714455510788,0.15789473684210525,0.8421052631578947,0,0,
GR_RET_EMA,R10_RESET_ALL,1,Drishti_GS,macro,COMPLETE,-0.006037881218832291,19,-0.006037881218832291,0.009591933832044102,-0.019207421898289057,-0.017730440026511494,-0.006818049353861322,0.012658998806361512,0.01657396222875085,0.2631578947368421,0.7368421052631579,0,0,
GR_RET_EMA,R10_RESET_ALL,1,ORIGA,OD,COMPLETE,0.0024913311265861633,307,0.0024913311265861637,0.0043634397771264806,-0.009402340848623791,-0.002892049618593773,0.001402995146545516,0.010429588999070379,0.02622249812139288,0.762214983713355,0.23778501628664495,0,38,0.0030297996363835215
GR_RET_EMA,R10_RESET_ALL,1,ORIGA,OC,COMPLETE,-0.0005107335129719318,307,-0.0005107335129719317,0.013544603741975933,-0.059163291872243895,-0.0240525579361645,0.00011737489754870545,0.024824824391420742,0.04012238715922678,0.5179153094462541,0.46254071661237783,0.019543973941368076,38,0.002915325380536879
GR_RET_EMA,R10_RESET_ALL,1,ORIGA,macro,COMPLETE,0.0009902988068071193,307,0.000990298806807119,0.00844071520986056,-0.029598058019139506,-0.012931088600399755,0.000678177444624728,0.016691127196966284,0.02671534488157956,0.5928338762214984,0.40716612377850164,0,38,0.002972562508460195
GR_RET_EMA,R10_RESET_ALL,1,REFUGE,OD,COMPLETE,0.0016004238366613738,176,0.0016004238366613738,0.002600571077300578,-0.009313547704698721,-0.00011151759889233004,0.0005771031589801856,0.007196274269414965,0.011699158493145845,0.8863636363636364,0.09659090909090909,0.017045454545454544,176,0.0016004238366613738
GR_RET_EMA,R10_RESET_ALL,1,REFUGE,OC,COMPLETE,-0.0014172733300341688,176,-0.0014172733300341688,0.0075421031273367545,-0.028290603812982096,-0.016360175135816057,-0.0007338698393984933,0.010214215409033556,0.02477145006242687,0.35795454545454547,0.6420454545454546,0,176,-0.0014172733300341688
GR_RET_EMA,R10_RESET_ALL,1,REFUGE,macro,COMPLETE,9.157525331360398e-05,176,9.157525331360398e-05,0.004109230609124617,-0.01350639608520865,-0.005872071612221308,-0.00010350538174741519,0.0076205648426168615,0.016677886893521343,0.4659090909090909,0.5340909090909091,0,176,9.157525331360398e-05
GR_RET_EMA,R10_RESET_ALL,1,REFUGE_Valid,OD,COMPLETE,-0.0003713261884689242,386,-0.0003713261884689242,0.0015562777835543258,-0.009926849341834743,-0.003288714212876187,4.57768369750422e-05,0.0005263950472433332,0.003905022542360581,0.5777202072538861,0.4119170984455959,0.010362694300518135,0,
GR_RET_EMA,R10_RESET_ALL,1,REFUGE_Valid,OC,COMPLETE,-0.0030889858310783943,386,-0.0030889858310783943,0.007326768462837604,-0.0398311866630624,-0.01962828153203161,-0.0005326313337360444,0.00010055099909257736,0.030541887091189213,0.09067357512953368,0.8782383419689119,0.031088082901554404,0,
GR_RET_EMA,R10_RESET_ALL,1,REFUGE_Valid,macro,COMPLETE,-0.0017301560097736609,386,-0.001730156009773661,0.0041448124178127075,-0.0229619339332211,-0.010627365117394011,-0.0002473008310001079,0.0002785581390027103,0.015538820161448363,0.2538860103626943,0.7461139896373057,0,0,
GR_RET_EMA,GR_RET_EMA_CONST_HALF,0,ALL,OD,COMPLETE,-5.423490211103183e-07,888,-4.577750171339315e-07,7.050592575102372e-06,-6.275574693981323e-05,-1.3680517390068923e-05,0.0,0.0,3.524513413732944e-05,0.0472972972972973,0.06306306306306306,0.8896396396396397,210,-2.8512689310541565e-07
GR_RET_EMA,GR_RET_EMA_CONST_HALF,0,ALL,OC,COMPLETE,-3.313502039085027e-06,888,-7.359451638645848e-07,2.0581492794856884e-05,-0.00015154232409464452,0.0,0.0,0.0,0.00017163400824427022,0.0472972972972973,0.04617117117117117,0.9065315315315315,210,-9.433453716263463e-07
GR_RET_EMA,GR_RET_EMA_CONST_HALF,0,ALL,macro,COMPLETE,-1.927925530096345e-06,888,-5.968600904992083e-07,1.1789675141929284e-05,-8.840248977692866e-05,-1.127290690246807e-05,0.0,9.37165966869435e-06,8.252211052900416e-05,0.08445945945945946,0.08333333333333333,0.8322072072072072,210,-6.142361323669383e-07
GR_RET_EMA,GR_RET_EMA_CONST_HALF,0,Drishti_GS,OD,COMPLETE,-9.340840844140885e-07,19,-9.340840844140885e-07,1.449224369618812e-05,-4.327908074908127e-05,-2.7902373649568712e-05,0.0,1.9926918950430272e-05,3.328235181865313e-05,0.10526315789473684,0.10526315789473684,0.7894736842105263,19,-9.340840844140885e-07
GR_RET_EMA,GR_RET_EMA_CONST_HALF,0,Drishti_GS,OC,COMPLETE,-1.0993392433167911e-05,19,-1.0993392433167911e-05,3.9451326975595016e-05,-0.00013170545475837958,-0.00010682183929482392,0.0,5.42625515896888e-06,5.4262551589689956e-05,0.05263157894736842,0.15789473684210525,0.7894736842105263,19,-1.0993392433167911e-05
GR_RET_EMA,GR_RET_EMA_CONST_HALF,0,Drishti_GS,macro,COMPLETE,-5.963738258785156e-06,19,-5.963738258785156e-06,2.5412059313172412e-05,-7.894965269839016e-05,-7.419619851641856e-05,0.0,1.7690185897833976e-05,2.713127579490049e-05,0.15789473684210525,0.15789473684210525,0.6842105263157895,19,-5.963738258785156e-06
GR_RET_EMA,GR_RET_EMA_CONST_HALF,0,ORIGA,OD,COMPLETE,-1.2673409112607307e-06,307,-1.2673409112607307e-06,1.0397611628628094e-05,-6.275574693981323e-05,-1.77901698383387e-05,0.0,1.5878683767567292e-05,3.524513413732944e-05,0.10423452768729642,0.1498371335504886,0.745928338762215,0,
GR_RET_EMA,GR_RET_EMA_CONST_HALF,0,ORIGA,OC,COMPLETE,-4.018080720815241e-07,307,-4.018080720815241e-07,3.067886475449603e-05,-0.00015154232409464452,-6.158110011665885e-05,0.0,6.0301780842075797e-05,0.00017163400824427022,0.1237785016286645,0.10097719869706841,0.7752442996742671,0,
GR_RET_EMA,GR_RET_EMA_CONST_HALF,0,ORIGA,macro,COMPLETE,-8.345744916695368e-07,307,-8.345744916695368e-07,1.7589515268832322e-05,-8.840248977692866e-05,-3.5246936337818276e-05,0.0,3.015089042105455e-05,8.252211052900416e-05,0.1986970684039088,0.18241042345276873,0.6188925081433225,0,
GR_RET_EMA,GR_RET_EMA_CONST_HALF,0,REFUGE,OD,COMPLETE,5.736246471508479e-08,176,5.736246471508479e-08,4.176688939574623e-06,-2.3736357948056508e-05,0.0,0.0,0.0,2.4295831363985165e-05,0.022727272727272728,0.022727272727272728,0.9545454545454546,0,
GR_RET_EMA,GR_RET_EMA_CONST_HALF,0,REFUGE,OC,COMPLETE,-1.8867142008022197e-06,176,-1.8867142008022197e-06,1.695874769988739e-05,-0.00014951379075467397,0.0,0.0,0.0,7.009277513636558e-05,0.011363636363636364,0.03409090909090909,0.9545454545454546,0,
GR_RET_EMA,GR_RET_EMA_CONST_HALF,0,REFUGE,macro,COMPLETE,-9.146758680448291e-07,176,-9.146758680448291e-07,8.735850090288556e-06,-7.47568953773925e-05,-6.576075198272413e-06,0.0,0.0,3.504638756812728e-05,0.03409090909090909,0.056818181818181816,0.9090909090909091,0,
GR_RET_EMA,GR_RET_EMA_CONST_HALF,0,REFUGE_Valid,OD,COMPLETE,-2.5333553481539108e-08,386,-2.5333553481539108e-08,3.040407143472442e-06,-2.4606946059546608e-05,0.0,0.0,0.0,2.3670339244774574e-05,0.010362694300518135,0.010362694300518135,0.9792746113989638,191,-2.2057094213753718e-07
GR_RET_EMA,GR_RET_EMA_CONST_HALF,0,REFUGE_Valid,OC,COMPLETE,2.7906549711548123e-08,386,2.7906549711548123e-08,3.424945340530774e-06,-4.1890669219335486e-05,0.0,0.0,0.0,5.266259740799306e-05,0.0025906735751295338,0.0025906735751295338,0.9948186528497409,191,5.6397529783547515e-08
GR_RET_EMA,GR_RET_EMA_CONST_HALF,0,REFUGE_Valid,macro,COMPLETE,1.286498114141641e-09,386,1.286498114141641e-09,2.289963980493078e-06,-2.0945334609612232e-05,0.0,0.0,0.0,2.633129870388551e-05,0.012953367875647668,0.012953367875647668,0.9740932642487047,191,-8.208670617873865e-08
GR_RET_EMA,GR_RET_EMA_CONST_HALF,1,ALL,OD,COMPLETE,-4.3336261844052895e-07,888,-4.274391099046974e-07,7.128752044751905e-06,-6.275574693981323e-05,-1.3094797363827348e-05,0.0,0.0,3.524513413732944e-05,0.0472972972972973,0.060810810810810814,0.8918918918918919,214,-1.617561555629586e-07
GR_RET_EMA,GR_RET_EMA_CONST_HALF,1,ALL,OC,COMPLETE,-3.261075495322394e-06,888,-8.032737801312817e-07,2.0352919833514174e-05,-0.00015154232409464452,0.0,0.0,0.0,0.00017163400824427022,0.04617117117117117,0.0472972972972973,0.9065315315315315,214,-3.3311499121883017e-06
GR_RET_EMA,GR_RET_EMA_CONST_HALF,1,ALL,macro,COMPLETE,-1.8472190568823857e-06,888,-6.153564450181898e-07,1.167770997986832e-05,-8.840248977692866e-05,-1.127290690246807e-05,0.0,9.187310238173427e-06,8.252211052900416e-05,0.08333333333333333,0.08108108108108109,0.8355855855855856,214,-1.746453033876538e-06
GR_RET_EMA,GR_RET_EMA_CONST_HALF,1,Drishti_GS,OD,COMPLETE,-6.537856733125406e-07,19,-6.537856733125406e-07,1.6966785202695344e-05,-5.519464606529301e-05,-2.9093930181189886e-05,0.0,1.9926918950430272e-05,3.328235181865313e-05,0.15789473684210525,0.10526315789473684,0.7368421052631579,0,
GR_RET_EMA,GR_RET_EMA_CONST_HALF,1,Drishti_GS,OC,COMPLETE,-1.054406728824637e-05,19,-1.054406728824637e-05,3.23990613049606e-05,-0.00013170545475837958,-7.493918682230926e-05,0.0,0.0,0.0,0,0.10526315789473684,0.8947368421052632,0,
GR_RET_EMA,GR_RET_EMA_CONST_HALF,1,Drishti_GS,macro,COMPLETE,-5.5989264807823774e-06,19,-5.5989264807823774e-06,2.283460487680576e-05,-7.894965269839016e-05,-6.361687667245652e-05,0.0,9.963459475159625e-06,1.6641175909271055e-05,0.15789473684210525,0.10526315789473684,0.7368421052631579,0,
GR_RET_EMA,GR_RET_EMA_CONST_HALF,1,ORIGA,OD,COMPLETE,-1.138917968287941e-06,307,-1.138917968287941e-06,1.0557390242171586e-05,-6.275574693981323e-05,-1.77901698383387e-05,0.0,1.6174127036072682e-05,3.524513413732944e-05,0.10749185667752444,0.1465798045602606,0.745928338762215,38,-1.8012623428522255e-06
GR_RET_EMA,GR_RET_EMA_CONST_HALF,1,ORIGA,OC,COMPLETE,-6.014420438451765e-07,307,-6.014420438451765e-07,3.080355695460917e-05,-0.00015154232409464452,-6.158110011665885e-05,0.0,6.0301780842075797e-05,0.00017163400824427022,0.1237785016286645,0.10749185667752444,0.7687296416938111,38,-9.835974268426604e-06
GR_RET_EMA,GR_RET_EMA_CONST_HALF,1,ORIGA,macro,COMPLETE,-8.701800060646064e-07,307,-8.701800060646064e-07,1.7652071590775466e-05,-8.840248977692866e-05,-3.5246936337818276e-05,0.0,3.015089042105455e-05,8.252211052900416e-05,0.20195439739413681,0.18241042345276873,0.6156351791530945,38,-5.818618305637224e-06
GR_RET_EMA,GR_RET_EMA_CONST_HALF,1,REFUGE,OD,COMPLETE,1.9222813487449678e-07,176,1.9222813487449678e-07,3.7695953990683943e-06,-2.104634346566936e-05,0.0,0.0,0.0,2.4295831363985165e-05,0.022727272727272728,0.017045454545454544,0.9602272727272727,176,1.9222813487449678e-07
GR_RET_EMA,GR_RET_EMA_CONST_HALF,1,REFUGE,OC,COMPLETE,-1.926699198909577e-06,176,-1.926699198909577e-06,1.6816239550202984e-05,-0.00014951379075467397,0.0,0.0,0.0,7.009277513636558e-05,0.011363636363636364,0.03409090909090909,0.9545454545454546,176,-1.926699198909577e-06
GR_RET_EMA,GR_RET_EMA_CONST_HALF,1,REFUGE,macro,COMPLETE,-8.672355320191172e-07,176,-8.672355320191172e-07,8.627521278869517e-06,-7.47568953773925e-05,-1.600005959612183e-06,0.0,0.0,3.504638756812728e-05,0.03409090909090909,0.05113636363636364,0.9147727272727273,176,-8.672355320191172e-07
GR_RET_EMA,GR_RET_EMA_CONST_HALF,1,REFUGE_Valid,OD,COMPLETE,-1.3297496703613096e-07,386,-1.3297496703613096e-07,2.6357855727886597e-06,-2.4606946059546608e-05,0.0,0.0,0.0,2.1831702283647836e-05,0.0051813471502590676,0.010362694300518135,0.9844559585492227,0,
GR_RET_EMA,GR_RET_EMA_CONST_HALF,1,REFUGE_Valid,OC,COMPLETE,2.7906549711548123e-08,386,2.7906549711548123e-08,3.424945340530774e-06,-4.1890669219335486e-05,0.0,0.0,0.0,5.266259740799306e-05,0.0025906735751295338,0.0025906735751295338,0.9948186528497409,0,
GR_RET_EMA,GR_RET_EMA_CONST_HALF,1,REFUGE_Valid,macro,COMPLETE,-5.2534208663441904e-08,386,-5.2534208663441904e-08,2.161309667560258e-06,-2.0945334609612232e-05,0.0,0.0,0.0,2.633129870388551e-05,0.007772020725388601,0.012953367875647668,0.9792746113989638,0,
GR_RET_EMA,R10_FORCE_WRITE,0,ALL,OD,COMPLETE,-0.00021478280767800329,888,-6.196455647589561e-05,0.0018881260703162734,-0.016665352257315413,-0.0023038807543946382,0.0,0.002365459509123466,0.015435584371880418,0.46734234234234234,0.4864864864864865,0.04617117117117117,210,-5.799119777135362e-05
GR_RET_EMA,R10_FORCE_WRITE,0,ALL,OC,COMPLETE,-0.0006618437696853208,888,-0.00012734694122733744,0.005097981765422542,-0.040746566519891614,-0.007236445286343722,0.0,0.00661851309081371,0.035535675619345564,0.45157657657657657,0.4403153153153153,0.10810810810810811,210,-0.0002611483767286917
GR_RET_EMA,R10_FORCE_WRITE,0,ALL,macro,COMPLETE,-0.00043831328868165574,888,-9.465574885161347e-05,0.003308425935012229,-0.02487508447500586,-0.004720169795724688,0.0,0.004462710424805748,0.019436457261504114,0.49324324324324326,0.48761261261261263,0.019144144144144143,210,-0.00015956978725001903
GR_RET_EMA,R10_FORCE_WRITE,0,Drishti_GS,OD,COMPLETE,-0.0007435550071386942,19,-0.0007435550071386942,0.003567307223729971,-0.010194950128423641,-0.006552777431618406,-0.00017510275654541996,0.004428141185898237,0.004729219709381227,0.3684210526315789,0.631578947368421,0,19,-0.0007435550071386942
GR_RET_EMA,R10_FORCE_WRITE,0,Drishti_GS,OC,COMPLETE,-0.002599137312177465,19,-0.002599137312177465,0.011837871157168021,-0.039555218821588134,-0.02658237814820503,-0.0005307365570250133,0.01097483351538905,0.01278084019223752,0.47368421052631576,0.5263157894736842,0,19,-0.002599137312177465
GR_RET_EMA,R10_FORCE_WRITE,0,Drishti_GS,macro,COMPLETE,-0.0016713461596580621,19,-0.0016713461596580621,0.007631416834320953,-0.02487508447500586,-0.016567577789911712,-0.00034784341987936784,0.00743900155023812,0.008755029950809345,0.47368421052631576,0.5263157894736842,0,19,-0.0016713461596580621
GR_RET_EMA,R10_FORCE_WRITE,0,ORIGA,OD,COMPLETE,-0.00018153005089462408,307,-0.00018153005089462408,0.0030163415651756416,-0.016665352257315413,-0.005287011687252108,-7.876931653993946e-05,0.003987119306385388,0.015435584371880418,0.46905537459283386,0.5276872964169381,0.003257328990228013,0,
GR_RET_EMA,R10_FORCE_WRITE,0,ORIGA,OC,COMPLETE,-0.00042177202423922337,307,-0.0004217720242392234,0.007823342497439177,-0.040746566519891614,-0.014471948694708602,-4.056790269679755e-05,0.010113078110776101,0.035535675619345564,0.46905537459283386,0.50814332247557,0.02280130293159609,0,
GR_RET_EMA,R10_FORCE_WRITE,0,ORIGA,macro,COMPLETE,-0.00030165103756691936,307,-0.00030165103756691936,0.005142393821160645,-0.024352225932484095,-0.009662761474273173,-6.900863517123046e-05,0.007999564140936341,0.019436457261504114,0.4788273615635179,0.5211726384364821,0,0,
GR_RET_EMA,R10_FORCE_WRITE,0,REFUGE,OD,COMPLETE,5.0597298744449084e-05,176,5.0597298744449084e-05,0.0007535671362783408,-0.002909833932298156,-0.0008117035575457843,0.0,0.0012627093590003857,0.003811082300352764,0.4943181818181818,0.48295454545454547,0.022727272727272728,0,
GR_RET_EMA,R10_FORCE_WRITE,0,REFUGE,OC,COMPLETE,0.0003733366042846129,176,0.0003733366042846129,0.0027113004326501993,-0.013743137439276132,-0.0031226161885210824,3.644643432854089e-05,0.004797868943583,0.010927513385110221,0.5625,0.4090909090909091,0.028409090909090908,0,
GR_RET_EMA,R10_FORCE_WRITE,0,REFUGE,macro,COMPLETE,0.00021196695151453224,176,0.00021196695151453224,0.0014481921741240228,-0.008057770417121524,-0.001467777766052808,1.9966050679109948e-05,0.0024022708793863257,0.006722880247054253,0.5454545454545454,0.44886363636363635,0.005681818181818182,0,
GR_RET_EMA,R10_FORCE_WRITE,0,REFUGE_Valid,OD,COMPLETE,1.5356528576856052e-05,386,1.5356528576856052e-05,0.0001840076728662792,-0.000716417266818925,-0.00020808880996533996,0.0,0.0003071259225390921,0.0010460911634433412,0.4585492227979275,0.4481865284974093,0.09326424870466321,191,1.0206249233774495e-05
GR_RET_EMA,R10_FORCE_WRITE,0,REFUGE_Valid,OC,COMPLETE,1.9765339079245998e-07,386,1.9765339079245998e-07,0.0006007238115317776,-0.002966594568316272,-0.0007953487941250725,0.0,0.0006374444552544045,0.005348518285803294,0.3860103626943005,0.3963730569948187,0.21761658031088082,191,-2.8573561160489108e-05
GR_RET_EMA,R10_FORCE_WRITE,0,REFUGE_Valid,macro,COMPLETE,7.777090983826378e-06,386,7.777090983826378e-06,0.0003405188234732713,-0.0013465575256949025,-0.0004440860347176556,0.0,0.00044973454753879927,0.0029118398696283965,0.48186528497409326,0.47668393782383417,0.04145077720207254,191,-9.183655963355055e-06
GR_RET_EMA,R10_FORCE_WRITE,1,ALL,OD,COMPLETE,-0.0002664253855625577,888,-6.785252012704038e-05,0.0018933889631418755,-0.016670010806007052,-0.0023351153837448124,0.0,0.002365459509123466,0.015435584371880418,0.46734234234234234,0.48536036036036034,0.0472972972972973,214,1.6470962387487976e-05
GR_RET_EMA,R10_FORCE_WRITE,1,ALL,OC,COMPLETE,-0.0008399649609045917,888,-0.00014057508526359118,0.005121053352286898,-0.040746566519891614,-0.0072704595077217275,0.0,0.00661851309081371,0.035535675619345564,0.45157657657657657,0.44144144144144143,0.10698198198198199,214,8.515663428937522e-05
GR_RET_EMA,R10_FORCE_WRITE,1,ALL,macro,COMPLETE,-0.0005531951732335693,888,-0.00010421380269531282,0.0033230215694096603,-0.024998905247697434,-0.005083604662254304,0.0,0.004462710424805748,0.019436457261504114,0.49211711711711714,0.48986486486486486,0.018018018018018018,214,5.081379833843069e-05
GR_RET_EMA,R10_FORCE_WRITE,1,Drishti_GS,OD,COMPLETE,-0.000947868526964917,19,-0.000947868526964917,0.003642551024733234,-0.010305334294116508,-0.006563815848187693,-0.0002893308139118034,0.004428141185898237,0.004729219709381227,0.3684210526315789,0.631578947368421,0,0,
GR_RET_EMA,R10_FORCE_WRITE,1,Drishti_GS,OC,COMPLETE,-0.0033225890471786893,19,-0.0033225890471786893,0.012066263108232887,-0.03969247620127836,-0.02659610388617405,-0.0005307365570250133,0.01097483351538905,0.01278084019223752,0.42105263157894735,0.5789473684210527,0,0,
GR_RET_EMA,R10_FORCE_WRITE,1,Drishti_GS,macro,COMPLETE,-0.0021352287870717887,19,-0.0021352287870717887,0.007783929572982601,-0.024998905247697434,-0.01657995986718087,-0.00042716240784745896,0.00743900155023812,0.008755029950809345,0.42105263157894735,0.5789473684210527,0,0,
GR_RET_EMA,R10_FORCE_WRITE,1,ORIGA,OD,COMPLETE,-0.00018054547709553284,307,-0.00018054547709553284,0.0030168130623462516,-0.016670010806007052,-0.005287011687252108,-7.214732081073372e-05,0.003987119306385388,0.015435584371880418,0.46905537459283386,0.5211726384364821,0.009771986970684038,38,-0.00015035812642402285
GR_RET_EMA,R10_FORCE_WRITE,1,ORIGA,OC,COMPLETE,-0.00041782268697718286,307,-0.0004178226869771829,0.007828573979687479,-0.040746566519891614,-0.014471948694708602,-4.056790269679755e-05,0.010113078110776101,0.035535675619345564,0.46905537459283386,0.50814332247557,0.02280130293159609,38,-0.0012919673959587606
GR_RET_EMA,R10_FORCE_WRITE,1,ORIGA,macro,COMPLETE,-0.00029918408203635316,307,-0.00029918408203635316,0.005145040342335622,-0.024352225932484095,-0.009662761474273173,-6.900863517123046e-05,0.007999564140936341,0.019436457261504114,0.4788273615635179,0.5211726384364821,0,38,-0.0007211627611913968
GR_RET_EMA,R10_FORCE_WRITE,1,REFUGE,OD,COMPLETE,5.249087928997327e-05,176,5.249087928997327e-05,0.0007543851209860312,-0.002909833932298156,-0.0008117035575457843,0.0,0.0012627093590003857,0.003811082300352764,0.5,0.48295454545454547,0.017045454545454544,176,5.249087928997327e-05
GR_RET_EMA,R10_FORCE_WRITE,1,REFUGE,OC,COMPLETE,0.0003824902317293136,176,0.0003824902317293136,0.0027137142053981224,-0.013743137439276132,-0.0031226161885210824,4.7960450492046114e-05,0.004797868943583,0.010927513385110221,0.5738636363636364,0.4034090909090909,0.022727272727272728,176,0.0003824902317293136
GR_RET_EMA,R10_FORCE_WRITE,1,REFUGE,macro,COMPLETE,0.00021749055550964345,176,0.00021749055550964345,0.001450036512024147,-0.008057770417121524,-0.001467777766052808,2.5170478902603044e-05,0.0024022708793863257,0.006722880247054253,0.5511363636363636,0.44886363636363635,0,176,0.00021749055550964345
GR_RET_EMA,R10_FORCE_WRITE,1,REFUGE_Valid,OD,COMPLETE,1.0221582520245723e-05,386,1.0221582520245723e-05,0.00018758686277665153,-0.0011808552626415558,-0.00020808880996533996,0.0,0.0002941102638485682,0.0010460911634433412,0.45595854922279794,0.45077720207253885,0.09326424870466321,0,
GR_RET_EMA,R10_FORCE_WRITE,1,REFUGE_Valid,OC,COMPLETE,-1.9383411918081585e-06,386,-1.9383411918081585e-06,0.0006001591207613278,-0.002966594568316272,-0.0007953487941250725,0.0,0.0006374444552544045,0.005348518285803294,0.38341968911917096,0.39896373056994816,0.21761658031088082,0,
GR_RET_EMA,R10_FORCE_WRITE,1,REFUGE_Valid,macro,COMPLETE,4.1416206642211915e-06,386,4.1416206642211915e-06,0.0003411753990513028,-0.0013465575256949025,-0.0004451037722650597,0.0,0.00043864923433917236,0.0029118398696283965,0.4792746113989637,0.4792746113989637,0.04145077720207254,0,
SUP_RET,SUP_RET_CONST_HALF,0,ALL,OD,COMPLETE,-9.031267261907247e-06,888,-7.1279718358981766e-06,0.00010705057301464455,-0.0006748308556756566,-0.00014987609981602644,0.0,0.00011891829531134874,0.001321022138232486,0.33783783783783783,0.36599099099099097,0.29617117117117114,210,-9.430663676311217e-06
SUP_RET,SUP_RET_CONST_HALF,0,ALL,OC,COMPLETE,-5.2381527242785156e-05,888,-3.82988077120884e-05,0.00036205014362260816,-0.0025509703654089666,-0.0005311579228917396,0.0,0.00034044458274745665,0.002334453902973488,0.27702702702702703,0.32882882882882886,0.39414414414414417,210,-2.0042641741330983e-05
SUP_RET,SUP_RET_CONST_HALF,0,ALL,macro,COMPLETE,-3.070639725235007e-05,888,-2.2713389773994535e-05,0.0002167535564465126,-0.0014235297485101217,-0.0003481804532005528,0.0,0.00020982577354234367,0.0013941581664448366,0.36936936936936937,0.4313063063063063,0.19932432432432431,210,-1.4736652708827312e-05
SUP_RET,SUP_RET_CONST_HALF,0,Drishti_GS,OD,COMPLETE,-2.2607242816891376e-05,19,-2.2607242816891376e-05,0.0001299449533183329,-0.0004610968086531386,-0.00016861682156504854,-1.5267987863332166e-05,0.00013305694498606525,0.0001340690106489406,0.42105263157894735,0.5263157894736842,0.05263157894736842,19,-2.2607242816891376e-05
SUP_RET,SUP_RET_CONST_HALF,0,Drishti_GS,OC,COMPLETE,-0.0001002407835932166,19,-0.0001002407835932166,0.0006201595775454836,-0.002385962688367105,-0.0009559126644342829,0.0,0.00043919674721991066,0.0005792079646196879,0.42105263157894735,0.3157894736842105,0.2631578947368421,19,-0.0001002407835932166
SUP_RET,SUP_RET_CONST_HALF,0,Drishti_GS,macro,COMPLETE,-6.14240132050686e-05,19,-6.14240132050686e-05,0.00036851136459342996,-0.0014235297485101217,-0.0005458439623881817,1.1605059041519539e-05,0.0002391266068573536,0.0003544682710753255,0.5789473684210527,0.3684210526315789,0.05263157894736842,19,-6.14240132050686e-05
SUP_RET,SUP_RET_CONST_HALF,0,ORIGA,OD,COMPLETE,-1.4781161801943896e-05,307,-1.4781161801943896e-05,0.0001709586162337633,-0.0006748308556756566,-0.0003058122500246174,0.0,0.0001681822920117093,0.001321022138232486,0.46905537459283386,0.495114006514658,0.035830618892508145,0,
SUP_RET,SUP_RET_CONST_HALF,0,ORIGA,OC,COMPLETE,-7.987236681892271e-05,307,-7.987236681892271e-05,0.0005708125672877137,-0.0025509703654089666,-0.0010917059574725608,0.0,0.000628400808447793,0.002334453902973488,0.44299674267100975,0.46905537459283386,0.08794788273615635,0,
SUP_RET,SUP_RET_CONST_HALF,0,ORIGA,macro,COMPLETE,-4.732676431043104e-05,307,-4.732676431043104e-05,0.0003433524329331113,-0.0013923842673743136,-0.0006117017864855523,-1.7574329765901453e-06,0.0003742251138637464,0.0013941581664448366,0.48534201954397393,0.50814332247557,0.006514657980456026,0,
SUP_RET,SUP_RET_CONST_HALF,0,REFUGE,OD,COMPLETE,8.80920111450235e-06,176,8.80920111450235e-06,4.4391287284199924e-05,-0.00014304232559370078,-6.368544087426153e-05,0.0,8.557499770892041e-05,0.0002122388454414148,0.44886363636363635,0.26136363636363635,0.2897727272727273,0,
SUP_RET,SUP_RET_CONST_HALF,0,REFUGE,OC,COMPLETE,-1.7949772652954303e-05,176,-1.7949772652954303e-05,0.0001618872267625341,-0.0007709899320915703,-0.0003172529313417993,0.0,0.0001967183091787228,0.0005729129415832368,0.32386363636363635,0.36363636363636365,0.3125,0,
SUP_RET,SUP_RET_CONST_HALF,0,REFUGE,macro,COMPLETE,-4.570285769224398e-06,176,-4.570285769224398e-06,8.889815510883035e-05,-0.000427835658301734,-0.00014044661733708663,0.0,0.0001141812579443513,0.0003331349515344195,0.44886363636363635,0.4147727272727273,0.13636363636363635,0,
SUP_RET,SUP_RET_CONST_HALF,0,REFUGE_Valid,OD,COMPLETE,-7.545865543296068e-06,386,-7.545865543296068e-06,3.484706586306119e-05,-0.00024035281132384068,-6.467640810134401e-05,0.0,2.957571578970919e-05,0.00013124295877875447,0.17875647668393782,0.30310880829015546,0.5181347150259067,191,-8.119904494787536e-06
SUP_RET,SUP_RET_CONST_HALF,0,REFUGE_Valid,OC,COMPLETE,-1.1463185906047018e-05,386,-1.1463185906047018e-05,9.517081278267008e-05,-0.0010980747266907676,-9.95163496507745e-05,0.0,5.458948360723137e-05,0.0005654742465376339,0.11658031088082901,0.20207253886010362,0.6813471502590673,191,-1.2064816112085817e-05
SUP_RET,SUP_RET_CONST_HALF,0,REFUGE_Valid,macro,COMPLETE,-9.504525724676218e-06,386,-9.504525724676218e-06,5.614438252107964e-05,-0.0006514837465427803,-7.073051372519235e-05,0.0,3.5841995850022235e-05,0.00026413353431575803,0.23056994818652848,0.38082901554404147,0.38860103626943004,191,-1.0092360303442054e-05
SUP_RET,SUP_RET_CONST_HALF,1,ALL,OD,COMPLETE,-1.4634464452512578e-05,888,-8.011198601778782e-06,0.00010807468484751352,-0.0006748308556756566,-0.00016684275617698252,0.0,0.00011609496368776836,0.001321022138232486,0.3400900900900901,0.36486486486486486,0.29504504504504503,214,-1.458473113633293e-06
SUP_RET,SUP_RET_CONST_HALF,1,ALL,OC,COMPLETE,-6.095124898847846e-05,888,-3.8578956507746335e-05,0.00035998392781382287,-0.0025509703654089666,-0.000508757138149929,0.0,0.00034433553930781057,0.002334453902973488,0.2725225225225225,0.3333333333333333,0.39414414414414417,214,-3.0448509024638795e-05
SUP_RET,SUP_RET_CONST_HALF,1,ALL,macro,COMPLETE,-3.779285672049701e-05,888,-2.3295077554763745e-05,0.00021618608383804834,-0.0014237683981812577,-0.0003307007164264186,0.0,0.00021022485987080006,0.0013941581664448366,0.36824324324324326,0.43355855855855857,0.1981981981981982,214,-1.5953491069135006e-05
SUP_RET,SUP_RET_CONST_HALF,1,Drishti_GS,OD,COMPLETE,-4.408321949390144e-05,19,-4.408321949390144e-05,0.0001384745629764061,-0.0004611396940672474,-0.00026394673877051523,-2.399308577083481e-05,0.00013305694498606525,0.0001340690106489406,0.3684210526315789,0.5789473684210527,0.05263157894736842,0,
SUP_RET,SUP_RET_CONST_HALF,1,Drishti_GS,OC,COMPLETE,-0.00013606650383790316,19,-0.00013606650383790316,0.0005973668660240441,-0.002386397102295157,-0.0007713001344303804,0.0,0.00043919674721991066,0.0005792079646196879,0.3157894736842105,0.3684210526315789,0.3157894736842105,0,
SUP_RET,SUP_RET_CONST_HALF,1,Drishti_GS,macro,COMPLETE,-9.007486166590668e-05,19,-9.007486166590668e-05,0.000357993159008109,-0.0014237683981812577,-0.0004463795002072279,0.0,0.0002391266068573536,0.0003544682710753255,0.47368421052631576,0.47368421052631576,0.05263157894736842,0,
SUP_RET,SUP_RET_CONST_HALF,1,ORIGA,OD,COMPLETE,-1.5006948575116843e-05,307,-1.5006948575116843e-05,0.0001708690823364584,-0.0006748308556756566,-0.0003058122500246174,0.0,0.0001681822920117093,0.001321022138232486,0.4723127035830619,0.495114006514658,0.03257328990228013,38,-4.973057733789608e-05
SUP_RET,SUP_RET_CONST_HALF,1,ORIGA,OC,COMPLETE,-7.811438675042298e-05,307,-7.811438675042297e-05,0.0005675885950157819,-0.0025509703654089666,-0.0010702017246750017,0.0,0.000628400808447793,0.002334453902973488,0.43973941368078173,0.4755700325732899,0.08469055374592833,38,-8.891701684217508e-05
SUP_RET,SUP_RET_CONST_HALF,1,ORIGA,macro,COMPLETE,-4.6560667662768634e-05,307,-4.6560667662768634e-05,0.0003421032757564607,-0.0013923842673743136,-0.0006117017864855523,-2.2450602181756096e-06,0.0003742251138637464,0.0013941581664448366,0.48859934853420195,0.50814332247557,0.003257328990228013,38,-6.932379709003558e-05
SUP_RET,SUP_RET_CONST_HALF,1,REFUGE,OD,COMPLETE,8.963913025696172e-06,176,8.963913025696172e-06,4.484667657192248e-05,-0.00014304232559370078,-6.368544087426153e-05,0.0,8.557499770892041e-05,0.0002122388454414148,0.44886363636363635,0.26704545454545453,0.2840909090909091,176,8.963913025696172e-06
SUP_RET,SUP_RET_CONST_HALF,1,REFUGE,OC,COMPLETE,-1.7824626654943462e-05,176,-1.7824626654943462e-05,0.00016640047595267807,-0.0007709899320915703,-0.0003172529313417993,0.0,0.00022694713393897614,0.0006873760680362606,0.32386363636363635,0.35795454545454547,0.3181818181818182,176,-1.7824626654943462e-05
SUP_RET,SUP_RET_CONST_HALF,1,REFUGE,macro,COMPLETE,-4.430356814622384e-06,176,-4.430356814622384e-06,9.18192825873705e-05,-0.000427835658301734,-0.00014044661733708663,0.0,0.00011782681310654186,0.0004005044452924933,0.45454545454545453,0.4147727272727273,0.13068181818181818,176,-4.430356814622384e-06
SUP_RET,SUP_RET_CONST_HALF,1,REFUGE_Valid,OD,COMPLETE,-8.411602766728205e-06,386,-8.411602766728205e-06,3.942220667064346e-05,-0.0003830479378775786,-6.561919539682659e-05,0.0,2.957571578970919e-05,0.00013124295877875447,0.18393782383419688,0.29533678756476683,0.5207253886010362,0,
SUP_RET,SUP_RET_CONST_HALF,1,REFUGE_Valid,OC,COMPLETE,-1.1799478710644257e-05,386,-1.1799478710644257e-05,9.530351940342711e-05,-0.0010980747266907676,-9.951146689962664e-05,0.0,5.458948360723137e-05,0.0005654742465376339,0.11398963730569948,0.20725388601036268,0.6787564766839378,0,
SUP_RET,SUP_RET_CONST_HALF,1,REFUGE_Valid,macro,COMPLETE,-1.010554073869033e-05,386,-1.010554073869033e-05,5.742248908213911e-05,-0.0006514837465427803,-7.486600528941456e-05,0.0,3.5459735179682594e-05,0.00026413353431575803,0.22797927461139897,0.38082901554404147,0.3911917098445596,0,
SUP_STATIC,GR_RET_EMA,0,ALL,OD,COMPLETE,7.256602240122089e-05,888,-0.0003967186221580527,0.0029298693242812927,-0.025930545194418175,-0.004723074477984685,-0.0002632553596750853,0.003245195466122299,0.015222601515860523,0.4155405405405405,0.5822072072072072,0.0022522522522522522,210,0.0003159676040020233
SUP_STATIC,GR_RET_EMA,0,ALL,OC,COMPLETE,0.0076307200469335965,888,0.0027283721594634778,0.0127542865765151,-0.0393923399822349,-0.013581617602372942,-0.0001873651358628159,0.026654127784656628,0.08900654541091846,0.44932432432432434,0.5416666666666666,0.009009009009009009,210,-0.0005286018154563558
SUP_STATIC,GR_RET_EMA,0,ALL,macro,COMPLETE,0.0038516430346673992,888,0.0011658267686527107,0.0070567509764336315,-0.022216501294141655,-0.00750116448462027,-0.00025742569830511375,0.014683042906423327,0.05005483207280648,0.39864864864864863,0.6013513513513513,0,210,-0.00010631710572716401
SUP_STATIC,GR_RET_EMA,0,Drishti_GS,OD,COMPLETE,0.001953749230107254,19,0.001953749230107254,0.004899867120846061,-0.0045240927296418265,-0.003753886039841903,-0.0003874229333418189,0.008855274071540815,0.010954703896314255,0.47368421052631576,0.5263157894736842,0,19,0.001953749230107254
SUP_STATIC,GR_RET_EMA,0,Drishti_GS,OC,COMPLETE,0.0237139106651662,19,0.0237139106651662,0.01598571084055666,0.003150014959924452,0.004862773389539887,0.0191176186617813,0.04778814568257297,0.06018749602508544,1,0,0,19,0.0237139106651662
SUP_STATIC,GR_RET_EMA,0,Drishti_GS,macro,COMPLETE,0.012833829947636693,19,0.012833829947636693,0.01007638439938695,-0.0006870388848587705,0.0010192425648816283,0.01048641930491434,0.029155883283948858,0.03341568490575253,0.9473684210526315,0.05263157894736842,0,19,0.012833829947636693
SUP_STATIC,GR_RET_EMA,0,ORIGA,OD,COMPLETE,-0.0010229401480693465,307,-0.0010229401480693465,0.004330856441120709,-0.025930545194418175,-0.007672928726574502,-0.0010762798857548717,0.0061370574491576005,0.015222601515860523,0.3257328990228013,0.6742671009771987,0,0,
SUP_STATIC,GR_RET_EMA,0,ORIGA,OC,COMPLETE,0.01066856519816408,307,0.01066856519816408,0.015080974430002338,-0.0293757135817746,-0.006703551924429047,0.007228099392254966,0.03911823481411055,0.08900654541091846,0.8534201954397395,0.1270358306188925,0.019543973941368076,0,
SUP_STATIC,GR_RET_EMA,0,ORIGA,macro,COMPLETE,0.004822812525047362,307,0.004822812525047362,0.009093406588525579,-0.022216501294141655,-0.006220937937949665,0.003199435060295408,0.020849572834534556,0.05005483207280648,0.7361563517915309,0.26384364820846906,0,0,
SUP_STATIC,GR_RET_EMA,0,REFUGE,OD,COMPLETE,-0.0008185029556573714,176,-0.0008185029556573714,0.001767049608822914,-0.010838342584048588,-0.003916140392284301,-0.0005083909464722591,0.0012862666662509237,0.003630067375604673,0.2840909090909091,0.7045454545454546,0.011363636363636364,0,
SUP_STATIC,GR_RET_EMA,0,REFUGE,OC,COMPLETE,-0.0008894504281383495,176,-0.0008894504281383495,0.007455846429311275,-0.028367173239243648,-0.013690492242823621,-0.00026801300725476374,0.011339044364621076,0.028845313130021477,0.4090909090909091,0.5909090909090909,0,0,
SUP_STATIC,GR_RET_EMA,0,REFUGE,macro,COMPLETE,-0.0008539766918978591,176,-0.0008539766918978591,0.003803132343269868,-0.015121371859902366,-0.007058888405233554,-0.0006126647274311559,0.0038467084625001535,0.015479359695876993,0.32386363636363635,0.6761363636363636,0,0,
SUP_STATIC,GR_RET_EMA,0,REFUGE_Valid,OD,COMPLETE,0.0001779579632243476,386,0.0001779579632243476,0.0011089063667179362,-0.0030574133899390343,-0.0014806551744437069,7.999963401172927e-05,0.0021321994863320592,0.005107013981699882,0.5440414507772021,0.45595854922279794,0,191,0.00015304691868265488
SUP_STATIC,GR_RET_EMA,0,REFUGE_Valid,OC,COMPLETE,-0.0029701452474575453,386,-0.0029701452474575458,0.006719720570691127,-0.0393923399822349,-0.016518986357589333,-0.0008801359189477553,0.00042600736614223367,0.02781306137561579,0.11917098445595854,0.8756476683937824,0.0051813471502590676,191,-0.002940160648607291
SUP_STATIC,GR_RET_EMA,0,REFUGE_Valid,macro,COMPLETE,-0.0013960936421165983,386,-0.0013960936421165983,0.003382328866608417,-0.020297621307512115,-0.008141805131137436,-0.0005601299702302498,0.000317797170636791,0.014333577617519744,0.13730569948186527,0.8626943005181347,0,191,-0.001393556864962312
SUP_STATIC,GR_RET_EMA,1,ALL,OD,COMPLETE,0.0001298246725712457,888,-0.0003906340366067903,0.0029355333341904645,-0.025930545194418175,-0.004723074477984685,-0.0002613506488178263,0.003245195466122299,0.015222601515860523,0.4166666666666667,0.581081081081081,0.0022522522522522522,214,-0.0010700565773064175
SUP_STATIC,GR_RET_EMA,1,ALL,OC,COMPLETE,0.00786514037221971,888,0.0027490417848470665,0.012798727018198118,-0.0393923399822349,-0.013581617602372942,-0.0001873651358628159,0.026848237651885567,0.08900654541091846,0.44932432432432434,0.5416666666666666,0.009009009009009009,214,0.001511818048800484
SUP_STATIC,GR_RET_EMA,1,ALL,macro,COMPLETE,0.003997482522395469,888,0.0011792038741201358,0.007083745586479591,-0.022394534516894216,-0.00750116448462027,-0.00025742569830511375,0.014809910181742578,0.05005483207280648,0.3997747747747748,0.6002252252252253,0,214,0.00022088073574703457
SUP_STATIC,GR_RET_EMA,1,Drishti_GS,OD,COMPLETE,0.002182210923006791,19,0.002182210923006791,0.004899853561147984,-0.004413708563948959,-0.003728219458029802,0.00010152301390653484,0.009050072479700673,0.010954703896314255,0.5263157894736842,0.47368421052631576,0,0,
SUP_STATIC,GR_RET_EMA,1,Drishti_GS,OC,COMPLETE,0.024646140921963277,19,0.024646140921963277,0.01630896092372717,0.0032872723396146775,0.00487649912750891,0.0191176186617813,0.04778814568257297,0.06018749602508544,1,0,0,0,
SUP_STATIC,GR_RET_EMA,1,Drishti_GS,macro,COMPLETE,0.013414175922485002,19,0.013414175922485002,0.010227956524312397,-0.0005632181121671964,0.0010316246421507858,0.013381526444164571,0.029155883283948858,0.03341568490575253,0.9473684210526315,0.05263157894736842,0,0,
SUP_STATIC,GR_RET_EMA,1,ORIGA,OD,COMPLETE,-0.0010241261432854562,307,-0.0010241261432854562,0.004332290677580179,-0.025930545194418175,-0.007672928726574502,-0.0010762798857548717,0.0061384550137650925,0.015222601515860523,0.32247557003257327,0.6775244299674267,0,38,-0.0022186607365838797
SUP_STATIC,GR_RET_EMA,1,ORIGA,OC,COMPLETE,0.010663935492288659,307,0.01066393549228866,0.015080478981225361,-0.029604221476861703,-0.006703551924429047,0.007228099392254966,0.03911823481411055,0.08900654541091846,0.8534201954397395,0.1270358306188925,0.019543973941368076,38,0.012593174660530428
SUP_STATIC,GR_RET_EMA,1,ORIGA,macro,COMPLETE,0.004819904674501596,307,0.004819904674501595,0.009094018310822165,-0.022394534516894216,-0.006220937937949665,0.003199435060295408,0.020849572834534556,0.05005483207280648,0.7361563517915309,0.26384364820846906,0,38,0.00518725696197327
SUP_STATIC,GR_RET_EMA,1,REFUGE,OD,COMPLETE,-0.00082206249746242,176,-0.00082206249746242,0.0017661355686462892,-0.010838342584048588,-0.003916140392284301,-0.0005094848602421598,0.0012862666662509237,0.003630067375604673,0.2840909090909091,0.7045454545454546,0.011363636363636364,176,-0.00082206249746242
SUP_STATIC,GR_RET_EMA,1,REFUGE,OC,COMPLETE,-0.0008807475832775723,176,-0.0008807475832775723,0.007492801951507844,-0.028367173239243648,-0.013690492242823621,-0.00026801300725476374,0.011086864687935877,0.028845313130021477,0.4090909090909091,0.5909090909090909,0,176,-0.0008807475832775723
SUP_STATIC,GR_RET_EMA,1,REFUGE,macro,COMPLETE,-0.0008514050403699934,176,-0.0008514050403699934,0.003822871614037107,-0.015121371859902366,-0.007058888405233554,-0.0006126647274311559,0.0037923286210634066,0.015479359695876993,0.32386363636363635,0.6761363636363636,0,176,-0.0008514050403699934
SUP_STATIC,GR_RET_EMA,1,REFUGE_Valid,OD,COMPLETE,0.0001832764080260678,386,0.0001832764080260678,0.0011106982024122363,-0.0030574133899390343,-0.0014806551744437069,8.06310887155881e-05,0.0021321994863320592,0.005107013981699882,0.5466321243523317,0.4533678756476684,0,0,
SUP_STATIC,GR_RET_EMA,1,REFUGE_Valid,OC,COMPLETE,-0.0029687673420955266,386,-0.0029687673420955266,0.006719252061983526,-0.0393923399822349,-0.016518986357589333,-0.0008789151478307833,0.00042600736614223367,0.02781306137561579,0.11917098445595854,0.8756476683937824,0.0051813471502590676,0,
SUP_STATIC,GR_RET_EMA,1,REFUGE_Valid,macro,COMPLETE,-0.0013927454670347294,386,-0.0013927454670347294,0.003383093531272542,-0.020297621307512115,-0.008141805131137436,-0.0005601299702302498,0.00039229323099215785,0.014333577617519744,0.13989637305699482,0.8601036269430051,0,0,
SUP_RET,GR_RET_EMA,0,ALL,OD,COMPLETE,-0.0002822800583672943,888,0.00017192674310252866,0.004530929539082717,-0.01918238096930991,-0.00624915945169055,-0.00048113658210935384,0.007438191377658365,0.015381731152772304,0.47635135135135137,0.5236486486486487,0,210,0.003235113524156007
SUP_RET,GR_RET_EMA,0,ALL,OC,COMPLETE,0.006090738335460627,888,0.003417734090823413,0.008867830940697766,-0.011407748231490378,-0.0025842918398316316,0.0014393385689918103,0.01917070359248195,0.09571501729777099,0.7702702702702703,0.22184684684684686,0.007882882882882882,210,0.0028178211041068723
SUP_RET,GR_RET_EMA,0,ALL,macro,COMPLETE,0.0029042291385466597,888,0.0017948304169629692,0.005294682170529236,-0.010606480266133922,-0.00393892004683426,0.0014737642901807568,0.008777074700885233,0.05288155672469097,0.6272522522522522,0.37274774774774777,0,210,0.0030264673141314367
SUP_RET,GR_RET_EMA,0,Drishti_GS,OD,COMPLETE,0.00042134339222727206,19,0.00042134339222727206,0.004113681905527068,-0.004732271215902695,-0.004504517144914455,-0.0006745622640507154,0.008005887483618523,0.008222415278871242,0.42105263157894735,0.5789473684210527,0,19,0.00042134339222727206
SUP_RET,GR_RET_EMA,0,Drishti_GS,OC,COMPLETE,0.015751459298881287,19,0.015751459298881287,0.012844218460642633,0.001609963018398719,0.0017645802758580742,0.009773186321712701,0.03558860806017945,0.047225298859635056,1,0,0,19,0.015751459298881287
SUP_RET,GR_RET_EMA,0,Drishti_GS,macro,COMPLETE,0.008086401345554255,19,0.008086401345554255,0.008115617227316912,-0.0010545013716636298,-0.0007092852859065801,0.0040566796956774676,0.021098004117192284,0.024963455393989364,0.8421052631578947,0.15789473684210525,0,19,0.008086401345554255
SUP_RET,GR_RET_EMA,0,ORIGA,OD,COMPLETE,-0.0029413306395490823,307,-0.002941330639549082,0.0038653945265475194,-0.01918238096930991,-0.008700433528686307,-0.0030505555837228027,0.0031493850636235376,0.015381731152772304,0.14332247557003258,0.8566775244299675,0,0,
SUP_RET,GR_RET_EMA,0,ORIGA,OC,COMPLETE,0.007110551960745607,307,0.007110551960745608,0.01324171801429894,-0.009790851320654714,-0.003095755169066877,0.0030843550849753987,0.029248142302183373,0.09571501729777099,0.7719869706840391,0.20846905537459284,0.019543973941368076,0,
SUP_RET,GR_RET_EMA,0,ORIGA,macro,COMPLETE,0.0020846106605982603,307,0.0020846106605982603,0.007958551459382993,-0.010606480266133922,-0.005189442093280938,-0.0001409591935629395,0.01572101042511504,0.05288155672469097,0.4755700325732899,0.5244299674267101,0,0,
SUP_RET,GR_RET_EMA,0,REFUGE,OD,COMPLETE,-0.0024322822019865672,176,-0.0024322822019865672,0.002104671303636603,-0.008528620147037258,-0.005110236546762181,-0.002845826445085353,0.0014297252286291917,0.005921519681509113,0.125,0.875,0,0,
SUP_RET,GR_RET_EMA,0,REFUGE,OC,COMPLETE,0.00012682357005563088,176,0.00012682357005563088,0.0026686084003653856,-0.011407748231490378,-0.003825738059306638,0.00032629166970110646,0.003976409086178967,0.008927639860480063,0.5397727272727273,0.4602272727272727,0,0,
SUP_RET,GR_RET_EMA,0,REFUGE,macro,COMPLETE,-0.0011527293159654672,176,-0.0011527293159654672,0.0016381390830303379,-0.006421374646707556,-0.0038867553821989864,-0.0012293727380225938,0.0015022299492635505,0.005014768084048438,0.19886363636363635,0.8011363636363636,0,0,
SUP_RET,GR_RET_EMA,0,REFUGE_Valid,OD,COMPLETE,0.0038231492158392003,386,0.0038231492158392008,0.0028907748107758514,-0.005853880379466325,-0.001186096813191484,0.003952337134424,0.008666340730142802,0.01263384500688669,0.9041450777202072,0.09585492227979274,0,191,0.0035150173592693366
SUP_RET,GR_RET_EMA,0,REFUGE_Valid,OC,COMPLETE,0.001374118512159984,386,0.0013741185121599838,0.0016237473438025975,-0.004835244818061191,-0.0012365320278704406,0.001447788192060151,0.003091229427993919,0.012098430192684528,0.8626943005181347,0.13471502590673576,0.0025906735751295338,191,0.0015312288229513023
SUP_RET,GR_RET_EMA,0,REFUGE_Valid,macro,COMPLETE,0.0025986338639995914,386,0.0025986338639995914,0.0017401722706476377,-0.004364113748659637,-0.00019115010445031055,0.0026361597559381167,0.005394346621477669,0.007902304186681475,0.9326424870466321,0.06735751295336788,0,191,0.002523123091110319
SUP_RET,GR_RET_EMA,1,ALL,OD,COMPLETE,-0.0002716763438552629,888,0.00017373104720953635,0.004528957169721946,-0.01918238096930991,-0.00624915945169055,-0.00043211647361429684,0.007438191377658365,0.015381731152772304,0.47635135135135137,0.5236486486486487,0,214,-0.0027292099682420523
SUP_RET,GR_RET_EMA,1,ALL,OC,COMPLETE,0.006121709930866039,888,0.0034378609880984117,0.008879629512352546,-0.011407748231490378,-0.0025842918398316316,0.0014411710954810308,0.01917070359248195,0.09571501729777099,0.7702702702702703,0.22184684684684686,0.007882882882882882,214,0.001673327554117164
SUP_RET,GR_RET_EMA,1,ALL,macro,COMPLETE,0.0029250167935053846,888,0.001805796017653973,0.005298457776601037,-0.010606480266133922,-0.00393892004683426,0.0014767746540339521,0.008777074700885233,0.05288155672469097,0.6272522522522522,0.37274774774774777,0,214,-0.0005279412070624437
SUP_RET,GR_RET_EMA,1,Drishti_GS,OD,COMPLETE,0.0004560263488393738,19,0.0004560263488393738,0.004100626390717482,-0.004716017698966235,-0.004502891793220809,-0.0004232056745393509,0.00795723160641456,0.008222415278871242,0.42105263157894735,0.5789473684210527,0,0,
SUP_RET,GR_RET_EMA,1,Drishti_GS,OC,COMPLETE,0.015779308742000935,19,0.015779308742000935,0.012869586033562589,0.001609963018398719,0.0017645802758580742,0.009773186321712701,0.03558860806017945,0.047225298859635056,1,0,0,0,
SUP_RET,GR_RET_EMA,1,Drishti_GS,macro,COMPLETE,0.00811766754542014,19,0.00811766754542014,0.0081265289643096,-0.0010545013716636298,-0.0007019712032851233,0.0040566796956774676,0.021174298173127083,0.024963455393989364,0.8421052631578947,0.15789473684210525,0,0,
SUP_RET,GR_RET_EMA,1,ORIGA,OD,COMPLETE,-0.0029408693871572217,307,-0.0029408693871572217,0.0038651762448602073,-0.01918238096930991,-0.008700433528686307,-0.0030505555837228027,0.0031493850636235376,0.015381731152772304,0.14332247557003258,0.8566775244299675,0,38,-0.004148671142444917
SUP_RET,GR_RET_EMA,1,ORIGA,OC,COMPLETE,0.007116210615540722,307,0.007116210615540723,0.013245722892555064,-0.009790851320654714,-0.003095755169066877,0.0030843550849753987,0.029248142302183373,0.09571501729777099,0.7719869706840391,0.20846905537459284,0.019543973941368076,38,0.008410866866978891
SUP_RET,GR_RET_EMA,1,ORIGA,macro,COMPLETE,0.002087670614191747,307,0.002087670614191747,0.007960326557258725,-0.010606480266133922,-0.005189442093280938,-0.0001409591935629395,0.01572101042511504,0.05288155672469097,0.4755700325732899,0.5244299674267101,0,38,0.002131097862266977
SUP_RET,GR_RET_EMA,1,REFUGE,OD,COMPLETE,-0.002422735396539161,176,-0.002422735396539161,0.00211075779725138,-0.008528620147037258,-0.005110236546762181,-0.002845826445085353,0.0014297252286291917,0.005921519681509113,0.125,0.875,0,176,-0.002422735396539161
SUP_RET,GR_RET_EMA,1,REFUGE,OC,COMPLETE,0.00021863156611292742,176,0.00021863156611292742,0.0028902710344564527,-0.011407748231490378,-0.003781925865277841,0.0003268388416424184,0.004502885477906893,0.01493488454015568,0.5397727272727273,0.4602272727272727,0,176,0.00021863156611292742
SUP_RET,GR_RET_EMA,1,REFUGE,macro,COMPLETE,-0.001102051915213114,176,-0.001102051915213114,0.0017548204272561964,-0.006421374646707556,-0.0038867553821989864,-0.0011804870668594702,0.0018070639924658571,0.007316471308275618,0.19886363636363635,0.8011363636363636,0,176,-0.001102051915213114
SUP_RET,GR_RET_EMA,1,REFUGE_Valid,OD,COMPLETE,0.0038208730594359573,386,0.0038208730594359577,0.0028898130912345396,-0.005853880379466325,-0.001186096813191484,0.003922962168559363,0.008666340730142802,0.01263384500688669,0.9041450777202072,0.09585492227979274,0,0,
SUP_RET,GR_RET_EMA,1,REFUGE_Valid,OC,COMPLETE,0.001372688799809573,386,0.0013726887998095731,0.0016246875740597107,-0.004835244818061191,-0.0012365320278704406,0.0014432614676996858,0.003091229427993919,0.012098430192684528,0.8626943005181347,0.13471502590673576,0.0025906735751295338,0,
SUP_RET,GR_RET_EMA,1,REFUGE_Valid,macro,COMPLETE,0.0025967809296227645,386,0.002596780929622764,0.0017395306426752897,-0.004364113748659637,-0.00019115010445031055,0.0026361597559381167,0.005394346621477669,0.007902304186681475,0.9326424870466321,0.06735751295336788,0,0,
SUP_STATIC,G,0,ALL,OD,COMPLETE,-0.021130207976281498,888,-0.023831291854793348,0.04100021122305248,-0.2617947637851807,-0.10203264777752027,-0.015271309607047479,0.02009097172850806,0.040736811527743666,0.29504504504504503,0.704954954954955,0,210,-0.02328357696116648
SUP_STATIC,G,0,ALL,OC,COMPLETE,-0.05720835432031526,888,-0.05491309921574099,0.07449588650074634,-0.4611961235149798,-0.19180410863517056,-0.0528316249124845,0.06333018249476262,0.1784367926314746,0.1891891891891892,0.8085585585585585,0.0022522522522522522,210,-0.052252191198124694
SUP_STATIC,G,0,ALL,macro,COMPLETE,-0.03916928114829839,888,-0.03937219553526717,0.05301168556879238,-0.3171601854693151,-0.1282556523861245,-0.033839270962876755,0.03715460734070302,0.09514976276237919,0.18130630630630631,0.8186936936936937,0,210,-0.03776788407964558
SUP_STATIC,G,0,Drishti_GS,OD,COMPLETE,-0.0259825040463458,19,-0.0259825040463458,0.022370381438523386,-0.05833192590686587,-0.05397095978941384,-0.02301945955822704,0.012656588648497651,0.019801290445421782,0.15789473684210525,0.8421052631578947,0,19,-0.0259825040463458
SUP_STATIC,G,0,Drishti_GS,OC,COMPLETE,-0.0847665846776773,19,-0.08476658467767731,0.10438219839856645,-0.20295545257646663,-0.17944166319739516,-0.1306895513433946,0.08214125098609787,0.1784367926314746,0.2631578947368421,0.7368421052631579,0,19,-0.0847665846776773
SUP_STATIC,G,0,Drishti_GS,macro,COMPLETE,-0.05537454436201157,19,-0.05537454436201157,0.060515647870272964,-0.11298745606734695,-0.10937171852740593,-0.08566840665277775,0.04511760032247271,0.09514976276237919,0.2631578947368421,0.7368421052631579,0,19,-0.05537454436201157
SUP_STATIC,G,0,ORIGA,OD,COMPLETE,-0.0464676487403549,307,-0.046467648740354896,0.0494929654971537,-0.2617947637851807,-0.13154707852949213,-0.03959278405765654,0.015412017245404116,0.029507087114710173,0.14332247557003258,0.8566775244299675,0,0,
SUP_STATIC,G,0,ORIGA,OC,COMPLETE,-0.08732234790347734,307,-0.08732234790347736,0.10185433741998631,-0.4611961235149798,-0.26897222875606985,-0.0741210726356959,0.06821598166785688,0.11768593468192334,0.20846905537459284,0.7850162866449512,0.006514657980456026,0,
SUP_STATIC,G,0,ORIGA,macro,COMPLETE,-0.06689499832191613,307,-0.06689499832191613,0.07085610316345772,-0.3171601854693151,-0.19381404677612463,-0.05947618632953566,0.03971820718082621,0.06357044378591614,0.16612377850162866,0.8338762214983714,0,0,
SUP_STATIC,G,0,REFUGE,OD,COMPLETE,0.008303187081784794,176,0.008303187081784793,0.011708266044506435,-0.031203157865735576,-0.014221124110477573,0.010366811042100688,0.02255967374130885,0.030063427229427564,0.7727272727272727,0.22727272727272727,0,0,
SUP_STATIC,G,0,REFUGE,OC,COMPLETE,-0.007424118599554717,176,-0.007424118599554718,0.0451604266088043,-0.11559114461000464,-0.07915031092186348,-0.012833059570080185,0.07089973065583377,0.10234367520454324,0.3806818181818182,0.6193181818181818,0,0,
SUP_STATIC,G,0,REFUGE,macro,COMPLETE,0.0004395342411150461,176,0.0004395342411150461,0.02352147799808858,-0.0676441281825233,-0.03488661433331994,-0.0023799991708290946,0.04155739679309792,0.05613920138892059,0.42045454545454547,0.5795454545454546,0,0,
SUP_STATIC,G,0,REFUGE_Valid,OD,COMPLETE,-0.02037386620021008,386,-0.02037386620021008,0.030680671972137374,-0.17011815877522718,-0.08149890038857566,-0.015375602715687497,0.016694347886840988,0.040736811527743666,0.20466321243523317,0.7953367875647669,0,191,-0.023015097303478484
SUP_STATIC,G,0,REFUGE_Valid,OC,COMPLETE,-0.04932036610055171,386,-0.049320366100551724,0.033330649302845405,-0.2788442116048876,-0.07693072373156071,-0.05656712309329548,0.018946386465169995,0.12980341770125847,0.08290155440414508,0.917098445595855,0,191,-0.04901777509282888
SUP_STATIC,G,0,REFUGE_Valid,macro,COMPLETE,-0.03484711615038089,386,-0.03484711615038089,0.02609958215913159,-0.20161638318147546,-0.07653486880116762,-0.03638830863152587,0.010085560263844162,0.06961842445112232,0.08031088082901554,0.9196891191709845,0,191,-0.03601643619815367
SUP_STATIC,G,1,ALL,OD,COMPLETE,-0.02033030808851653,888,-0.023128871467812655,0.03538668059205723,-0.205433410146666,-0.08535392457808347,-0.017723910674140808,0.020871791785395815,0.06628666062964228,0.25,0.75,0,214,-0.012346731870162218
SUP_STATIC,G,1,ALL,OC,COMPLETE,-0.05422957669292498,888,-0.04983826966171551,0.06939296438972489,-0.35428792646901935,-0.17232039709911537,-0.056133824012222,0.06969904750453731,0.1589891174980388,0.21734234234234234,0.7792792792792793,0.0033783783783783786,214,-0.018193833110095738
SUP_STATIC,G,1,ALL,macro,COMPLETE,-0.037279942390720765,888,-0.03648357056476408,0.04759871912623051,-0.23841692362994815,-0.12072095285707304,-0.03623256144284537,0.04127826334270493,0.09194416681696804,0.1981981981981982,0.8018018018018018,0,214,-0.015270282490128977
SUP_STATIC,G,1,Drishti_GS,OD,COMPLETE,-0.01727449161605153,19,-0.01727449161605153,0.02216013648021739,-0.05314483785697788,-0.04468495059969217,-0.018011911401919822,0.02096491788719838,0.024175100982746556,0.21052631578947367,0.7894736842105263,0,0,
SUP_STATIC,G,1,Drishti_GS,OC,COMPLETE,-0.08644755127903482,19,-0.08644755127903482,0.09927302135461424,-0.19805920660547205,-0.17913733785518418,-0.12493838334175461,0.08767154601966204,0.14526747413051866,0.21052631578947367,0.7894736842105263,0,0,
SUP_STATIC,G,1,Drishti_GS,macro,COMPLETE,-0.0518610214475432,19,-0.0518610214475432,0.05899039356120982,-0.11169557977803646,-0.10815023596303165,-0.07949905263983092,0.052704944657264205,0.08293785250355024,0.21052631578947367,0.7894736842105263,0,0,
SUP_STATIC,G,1,ORIGA,OD,COMPLETE,-0.03604557335739192,307,-0.03604557335739192,0.044899781203531865,-0.205433410146666,-0.11788867269495444,-0.031190027826626276,0.02710256603227546,0.06628666062964228,0.20195439739413681,0.7980456026058632,0,38,-0.03282701346189672
SUP_STATIC,G,1,ORIGA,OC,COMPLETE,-0.06703345893908046,307,-0.06703345893908044,0.09565226445895655,-0.35428792646901935,-0.22221855472223245,-0.0621306553962887,0.079132714158547,0.1589891174980388,0.28338762214983715,0.7068403908794788,0.009771986970684038,38,-0.04837665480201526
SUP_STATIC,G,1,ORIGA,macro,COMPLETE,-0.051539516148236195,307,-0.0515395161482362,0.06575387527616064,-0.23841692362994815,-0.16136382494680773,-0.05116405720800099,0.04896902369921425,0.09194416681696804,0.247557003257329,0.752442996742671,0,38,-0.04060183413195599
SUP_STATIC,G,1,REFUGE,OD,COMPLETE,-0.007924852890128634,176,-0.007924852890128632,0.02148924744946481,-0.17986736051788044,-0.0375057331069267,-0.0032036847949539204,0.0121515198069094,0.033750125191511215,0.4375,0.5625,0,176,-0.007924852890128634
SUP_STATIC,G,1,REFUGE,OC,COMPLETE,-0.011677087517522207,176,-0.011677087517522207,0.047828293403655256,-0.1240755217413878,-0.07644401166205317,-0.020246695331814113,0.07090393990468474,0.11196124419313569,0.3522727272727273,0.6477272727272727,0,176,-0.011677087517522207
SUP_STATIC,G,1,REFUGE,macro,COMPLETE,-0.009800970203825416,176,-0.009800970203825416,0.027604708618239347,-0.10222506379578544,-0.048898648411013185,-0.015242775006212739,0.037185048678853305,0.05587500102211296,0.32954545454545453,0.6704545454545454,0,176,-0.009800970203825416
SUP_STATIC,G,1,REFUGE_Valid,OD,COMPLETE,-0.02007631449049404,386,-0.020076314490494036,0.02816963871056129,-0.13685014846040888,-0.0677317480034636,-0.01842470154677045,0.022378374045922134,0.05488458887115,0.20466321243523317,0.7953367875647669,0,0,
SUP_STATIC,G,1,REFUGE_Valid,OC,COMPLETE,-0.05176020903606244,386,-0.051760209036062446,0.036112439352786206,-0.17736332830894175,-0.08357755501754088,-0.06174695982209666,0.026422655243128534,0.12026535924429482,0.10362694300518134,0.8963730569948186,0,0,
SUP_STATIC,G,1,REFUGE_Valid,macro,COMPLETE,-0.03591826176327824,386,-0.03591826176327824,0.027163122364796972,-0.11658518346351443,-0.0703501630048694,-0.04038847786644151,0.019837491521413786,0.06503197891694112,0.09844559585492228,0.9015544041450777,0,0,
SUP_RET,G,0,ALL,OD,COMPLETE,-0.021485054057050014,888,-0.023262646489532763,0.041003375717407274,-0.26293486808836236,-0.09938813574074051,-0.01235531959918823,0.018592167933497005,0.042168297979030656,0.3096846846846847,0.6903153153153153,0,210,-0.020364431041012494
SUP_RET,G,0,ALL,OC,COMPLETE,-0.05874833603178824,888,-0.054223737284381054,0.07613741882777514,-0.46396076206239356,-0.2001701686777169,-0.04992279843658842,0.06127543449119923,0.18038451364806962,0.19031531531531531,0.8074324324324325,0.0022522522522522522,210,-0.04890576827856146
SUP_RET,G,0,ALL,macro,COMPLETE,-0.04011669504441912,888,-0.038743191886956914,0.05391158423668467,-0.3212756512057983,-0.13417908789365598,-0.030900038583460798,0.03451853120091653,0.09573421385658498,0.18468468468468469,0.8153153153153153,0,210,-0.03463509965978698
SUP_RET,G,0,Drishti_GS,OD,COMPLETE,-0.02751490988422578,19,-0.02751490988422578,0.0225651072071039,-0.06077295475211708,-0.055576336738569876,-0.029514834708787574,0.0118351133139107,0.01859590655320409,0.15789473684210525,0.8421052631578947,0,19,-0.02751490988422578
SUP_RET,G,0,Drishti_GS,OC,COMPLETE,-0.09272903604396222,19,-0.09272903604396221,0.10836434491808188,-0.21591764974191702,-0.20829901707446768,-0.1378593764141256,0.07771630603804557,0.18038451364806962,0.2631578947368421,0.7368421052631579,0,19,-0.09272903604396222
SUP_RET,G,0,Drishti_GS,macro,COMPLETE,-0.06012197296409401,19,-0.060121972964094016,0.06266056386156371,-0.12454407545637292,-0.1217501245668364,-0.08831870296986633,0.04260973801565879,0.09573421385658498,0.21052631578947367,0.7894736842105263,0,19,-0.06012197296409401
SUP_RET,G,0,ORIGA,OD,COMPLETE,-0.04838603923183464,307,-0.048386039231834634,0.0493710951259201,-0.26293486808836236,-0.13283073521366212,-0.0411783770072881,0.01234561199393122,0.025572358035026332,0.13355048859934854,0.8664495114006515,0,0,
SUP_RET,G,0,ORIGA,OC,COMPLETE,-0.09088036114089582,307,-0.09088036114089582,0.1031104563109499,-0.46396076206239356,-0.27798425007768396,-0.08090563817569751,0.06455846471192389,0.11473247673199383,0.19543973941368079,0.7980456026058632,0.006514657980456026,0,
SUP_RET,G,0,ORIGA,macro,COMPLETE,-0.06963320018636522,307,-0.06963320018636524,0.0713208655374116,-0.3212756512057983,-0.19542307838096204,-0.061719351314465154,0.03789608883875766,0.06121513271504475,0.1563517915309446,0.8436482084690554,0,0,
SUP_RET,G,0,REFUGE,OD,COMPLETE,0.0066894078354555984,176,0.006689407835455599,0.010514977303041274,-0.024531045150904873,-0.013164546869141452,0.008559242402291445,0.01969577145616791,0.028499103721950858,0.7443181818181818,0.2556818181818182,0,0,
SUP_RET,G,0,REFUGE,OC,COMPLETE,-0.006407844601360737,176,-0.0064078446013607375,0.043715880441088185,-0.10999150037914207,-0.07521163277147674,-0.012719844172004224,0.06831562615658013,0.10015425874726547,0.38636363636363635,0.6136363636363636,0,0,
SUP_RET,G,0,REFUGE,macro,COMPLETE,0.00014078161704743795,176,0.00014078161704743795,0.02258473896981905,-0.06430261491324818,-0.033334938350303045,-0.003670701745692062,0.039255459670372084,0.05271433846986995,0.4034090909090909,0.5965909090909091,0,0,
SUP_RET,G,0,REFUGE_Valid,OD,COMPLETE,-0.016728674947595227,386,-0.016728674947595227,0.029984238483926392,-0.16625807096209777,-0.07736090114088298,-0.010872191873009918,0.017906199810328677,0.042168297979030656,0.25906735751295334,0.7409326424870466,0,191,-0.019653126862891803
SUP_RET,G,0,REFUGE_Valid,OC,COMPLETE,-0.04497610234093418,386,-0.04497610234093418,0.034073177272408176,-0.27779766873106776,-0.07408846358823487,-0.0523849553660064,0.030261544523268513,0.11326574447685467,0.09326424870466321,0.9067357512953368,0,191,-0.044546385621270286
SUP_RET,G,0,REFUGE_Valid,macro,COMPLETE,-0.030852388644264702,386,-0.030852388644264702,0.026112313969240204,-0.20151914524003106,-0.07314937371887792,-0.03239354056148658,0.013396775505765568,0.061461573828058724,0.10621761658031088,0.8937823834196891,0,191,-0.03209975624208104
SUP_RET,G,1,ALL,OD,COMPLETE,-0.020731809104943037,888,-0.02256450638399633,0.03519847526656358,-0.20097517538638154,-0.0870002264346364,-0.015285971148895627,0.020954594048901622,0.06369958112089691,0.240990990990991,0.759009009009009,0,214,-0.014005885261097853
SUP_RET,G,1,ALL,OC,COMPLETE,-0.05597300713427865,888,-0.04914945045846416,0.07078466225583492,-0.361959904029394,-0.18305356720106913,-0.05319657984023085,0.06942893472048807,0.15766205684643675,0.21621621621621623,0.7804054054054054,0.0033783783783783786,214,-0.01803232360477906
SUP_RET,G,1,ALL,macro,COMPLETE,-0.03835240811961085,888,-0.03585697842123024,0.04823781990810991,-0.24303092858827324,-0.12476465354578649,-0.033468457325638745,0.03830257090504805,0.08958885574609665,0.2072072072072072,0.7927927927927928,0,214,-0.016019104432938455
SUP_RET,G,1,Drishti_GS,OD,COMPLETE,-0.019000676190218946,19,-0.019000676190218946,0.02219496339569958,-0.05420880155412755,-0.04698827293013323,-0.021274122037959642,0.020055754375168263,0.02209283531609718,0.21052631578947367,0.7894736842105263,0,0,
SUP_RET,G,1,Drishti_GS,OC,COMPLETE,-0.09531438345899716,19,-0.09531438345899716,0.10392338541080463,-0.21102140377092243,-0.2079946917322567,-0.1337480301538969,0.08324660107160974,0.14721519514711368,0.21052631578947367,0.7894736842105263,0,0,
SUP_RET,G,1,Drishti_GS,macro,COMPLETE,-0.05715752982460806,19,-0.057157529824608054,0.06141130736837361,-0.12333041441699155,-0.11899993490596518,-0.08475516003924588,0.05119379391067276,0.08352230359775603,0.21052631578947367,0.7894736842105263,0,0,
SUP_RET,G,1,ORIGA,OD,COMPLETE,-0.03796231660126369,307,-0.03796231660126369,0.044812170866270214,-0.20097517538638154,-0.11809314146398116,-0.03436301468177694,0.024815378205127442,0.06369958112089691,0.18892508143322476,0.8110749185667753,0,38,-0.03475702386775775
SUP_RET,G,1,ORIGA,OC,COMPLETE,-0.0705811838158284,307,-0.0705811838158284,0.09726846624197254,-0.361959904029394,-0.2218552311840869,-0.06493090910311483,0.07799346122061412,0.15766205684643675,0.2671009771986971,0.7231270358306189,0.009771986970684038,38,-0.05255896259556679
SUP_RET,G,1,ORIGA,macro,COMPLETE,-0.05427175020854605,307,-0.05427175020854605,0.06643924393071404,-0.24303092858827324,-0.16964998019916122,-0.05459395110593679,0.046665051155823124,0.08958885574609665,0.24104234527687296,0.758957654723127,0,38,-0.043657993231662286
SUP_RET,G,1,REFUGE,OD,COMPLETE,-0.009525525789205375,176,-0.009525525789205373,0.020649380848771097,-0.17909299760970743,-0.0368854253571364,-0.006040047313139563,0.009738121686685836,0.03760491096238949,0.3522727272727273,0.6477272727272727,0,176,-0.009525525789205375
SUP_RET,G,1,REFUGE,OC,COMPLETE,-0.010577708368131706,176,-0.010577708368131706,0.046525099613491036,-0.11277960753448568,-0.07499949304249151,-0.01810907303386,0.07078923757339431,0.10977182773585792,0.3522727272727273,0.6477272727272727,0,176,-0.010577708368131706
SUP_RET,G,1,REFUGE,macro,COMPLETE,-0.010051617078668537,176,-0.010051617078668536,0.02674157065525753,-0.10184657408962838,-0.047960133916461395,-0.015537865607253343,0.03573416729614798,0.0526724574527796,0.3352272727272727,0.6647727272727273,0,176,-0.010051617078668537
SUP_RET,G,1,REFUGE_Valid,OD,COMPLETE,-0.016438717839084148,386,-0.01643871783908415,0.027021119383211493,-0.13492714788093296,-0.0622932759783241,-0.013750188564420562,0.024699076018693866,0.058958847159672034,0.23316062176165803,0.7668393782383419,0,0,
SUP_RET,G,1,REFUGE_Valid,OC,COMPLETE,-0.04741875289415734,386,-0.04741875289415735,0.03649274464951457,-0.17631678543512191,-0.08085021737657602,-0.05774434908309889,0.03584004504082941,0.10372768601989102,0.11398963730569948,0.8860103626943006,0,0,
SUP_RET,G,1,REFUGE_Valid,macro,COMPLETE,-0.03192873536662075,386,-0.03192873536662075,0.02682346387982868,-0.1162549868600572,-0.06767905767942609,-0.03639556734711913,0.022140215409515773,0.06158980763535915,0.12176165803108809,0.8782383419689119,0,0,
SUP_RET,SUP_STATIC,0,ALL,OD,COMPLETE,-0.00035484608076851516,888,0.0005686453652605813,0.003691522357339176,-0.011715275539680992,-0.004533408547299006,-0.00014848609070228225,0.006747443782821871,0.0118244567349437,0.49324324324324326,0.5067567567567568,0,210,0.0029191459201539835
SUP_RET,SUP_STATIC,0,ALL,OC,COMPLETE,-0.00153998171147297,888,0.0006893619313599348,0.008248443517411849,-0.04867941437894152,-0.013264200042120334,0.0014869031445736702,0.013693953284146514,0.05149077017491943,0.6148648648648649,0.3783783783783784,0.006756756756756757,210,0.003346422919563228
SUP_RET,SUP_STATIC,0,ALL,macro,COMPLETE,-0.0009474138961207393,888,0.0006290036483102587,0.00529688456607663,-0.025097995209352852,-0.008427387480607812,0.0008098208872512891,0.00918607696983793,0.027744738644458478,0.5664414414414415,0.43355855855855857,0,210,0.003132784419858601
SUP_RET,SUP_STATIC,0,Drishti_GS,OD,COMPLETE,-0.0015324058378799817,19,-0.0015324058378799817,0.0021791036862062693,-0.00667166503815686,-0.004465135635861694,-0.001205383892217693,0.00214214823544273,0.0027370311059450314,0.15789473684210525,0.8421052631578947,0,19,-0.0015324058378799817
SUP_RET,SUP_STATIC,0,Drishti_GS,OC,COMPLETE,-0.007962451366284916,19,-0.007962451366284916,0.007839745003049315,-0.0306234824005861,-0.02040844172634495,-0.00605632493223629,0.0007480591153545351,0.0019477210165950165,0.15789473684210525,0.8421052631578947,0,19,-0.007962451366284916
SUP_RET,SUP_STATIC,0,Drishti_GS,macro,COMPLETE,-0.0047474286020824374,19,-0.0047474286020824374,0.0044896030976064654,-0.015574105544515993,-0.012129441863617774,-0.0028514526847049915,0.0006935957075099729,0.0016758972272475914,0.21052631578947367,0.7894736842105263,0,19,-0.0047474286020824374
SUP_RET,SUP_STATIC,0,ORIGA,OD,COMPLETE,-0.0019183904914797357,307,-0.0019183904914797355,0.0023508044721647645,-0.011715275539680992,-0.00571864965998975,-0.0017817693286577008,0.001278773701942109,0.006748164225108266,0.16938110749185667,0.8306188925081434,0,0,
SUP_RET,SUP_STATIC,0,ORIGA,OC,COMPLETE,-0.0035580132374184734,307,-0.003558013237418474,0.008292177562271585,-0.04867941437894152,-0.02064728439980782,-0.0018852269358278773,0.0066611082186528656,0.022757652547617302,0.24429967426710097,0.7361563517915309,0.019543973941368076,0,
SUP_RET,SUP_STATIC,0,ORIGA,macro,COMPLETE,-0.0027382018644491013,307,-0.0027382018644491017,0.0048795359864605625,-0.025097995209352852,-0.0118436631816209,-0.001967648804400257,0.003512075290458957,0.012474290843285885,0.20521172638436483,0.7947882736156352,0,0,
SUP_RET,SUP_STATIC,0,REFUGE,OD,COMPLETE,-0.0016137792463291958,176,-0.0016137792463291958,0.0021093263571734145,-0.007084514100310413,-0.004511496964136025,-0.0019014428032019248,0.001963773007169406,0.0066721127148307025,0.18181818181818182,0.8181818181818182,0,0,
SUP_RET,SUP_STATIC,0,REFUGE,OC,COMPLETE,0.0010162739981939804,176,0.0010162739981939804,0.006684213752423337,-0.025916971778164655,-0.009397925584186367,0.0005943573687552384,0.01134777771419962,0.02659131504542922,0.5738636363636364,0.42613636363636365,0,0,
SUP_RET,SUP_STATIC,0,REFUGE,macro,COMPLETE,-0.0002987526240676082,176,-0.0002987526240676082,0.0036432122935586135,-0.01458207624617891,-0.0057461594731343935,-0.000542397483999868,0.005921905349207057,0.014462339691207582,0.4034090909090909,0.5965909090909091,0,0,
SUP_RET,SUP_STATIC,0,REFUGE_Valid,OD,COMPLETE,0.0036451912526148525,386,0.003645191252614852,0.0028140169433963722,-0.005326190027324151,-0.0014631854796343657,0.0037930781705958205,0.008168501860414235,0.0118244567349437,0.9093264248704663,0.09067357512953368,0,191,0.003361970440586682
SUP_RET,SUP_STATIC,0,REFUGE_Valid,OC,COMPLETE,0.00434426375961753,386,0.004344263759617529,0.006855353934658538,-0.02918047452089767,5.0835846533425766e-05,0.0024864756890354833,0.01781221992747642,0.05149077017491943,0.9507772020725389,0.04922279792746114,0,191,0.0044713894715585935
SUP_RET,SUP_STATIC,0,REFUGE_Valid,macro,COMPLETE,0.00399472750611619,386,0.00399472750611619,0.004050143788114082,-0.015935183377890794,-0.00028125203507300967,0.003298826321462056,0.011434751793875375,0.027744738644458478,0.9455958549222798,0.054404145077720206,0,191,0.003916679956072631
SUP_RET,SUP_STATIC,1,ALL,OD,COMPLETE,-0.0004015010164265086,888,0.0005643650838163266,0.0036891380075724073,-0.011715275539680992,-0.004546692272839897,-0.00014848609070228225,0.006725588855894364,0.0118244567349437,0.49324324324324326,0.5067567567567568,0,214,-0.0016591533909356348
SUP_RET,SUP_STATIC,1,ALL,OC,COMPLETE,-0.0017434304413536696,888,0.0006888192032513459,0.008237569775549977,-0.04867941437894152,-0.013264200042120334,0.001437384324435853,0.013693953284146514,0.05149077017491943,0.6148648648648649,0.3783783783783784,0.006756756756756757,214,0.0001615095053166802
SUP_RET,SUP_STATIC,1,ALL,macro,COMPLETE,-0.0010724657288900847,888,0.0006265921435338371,0.0052919583625700385,-0.025097995209352852,-0.008377790800405332,0.0007888420508921357,0.00918607696983793,0.027744738644458478,0.5653153153153153,0.4346846846846847,0,214,-0.0007488219428094782
SUP_RET,SUP_STATIC,1,Drishti_GS,OD,COMPLETE,-0.0017261845741674174,19,-0.0017261845741674174,0.002197642132505716,-0.00667166503815686,-0.004850673034215436,-0.0012553416180002275,0.0021366126717462172,0.002681675468979905,0.15789473684210525,0.8421052631578947,0,0,
SUP_RET,SUP_STATIC,1,Drishti_GS,OC,COMPLETE,-0.00886683217996234,19,-0.00886683217996234,0.007803876373625945,-0.0306234824005861,-0.021476398739657943,-0.00638306529033128,0.000625145650704714,0.0019477210165950165,0.10526315789473684,0.8947368421052632,0,0,
SUP_RET,SUP_STATIC,1,Drishti_GS,macro,COMPLETE,-0.005296508377064863,19,-0.005296508377064863,0.004488380557210538,-0.015574105544515993,-0.01285618906945114,-0.0048535489257079956,0.0006839993998478323,0.0015799341506261833,0.15789473684210525,0.8421052631578947,0,0,
SUP_RET,SUP_STATIC,1,ORIGA,OD,COMPLETE,-0.0019167432438717655,307,-0.0019167432438717653,0.0023516185777154143,-0.011715275539680992,-0.00571864965998975,-0.0017817693286577008,0.001278773701942109,0.006748164225108266,0.16938110749185667,0.8306188925081434,0,38,-0.0019300104058610373
SUP_RET,SUP_STATIC,1,ORIGA,OC,COMPLETE,-0.003547724876747937,307,-0.003547724876747937,0.008284265876950785,-0.04867941437894152,-0.02064728439980782,-0.0018852269358278773,0.0066611082186528656,0.022757652547617302,0.247557003257329,0.7328990228013029,0.019543973941368076,38,-0.004182307793551537
SUP_RET,SUP_STATIC,1,ORIGA,macro,COMPLETE,-0.0027322340603098487,307,-0.0027322340603098487,0.004877250216934071,-0.025097995209352852,-0.0118436631816209,-0.001967648804400257,0.003512075290458957,0.012609929027808664,0.20521172638436483,0.7947882736156352,0,38,-0.003056159099706293
SUP_RET,SUP_STATIC,1,REFUGE,OD,COMPLETE,-0.001600672899076741,176,-0.001600672899076741,0.002107753650322323,-0.007084514100310413,-0.004511496964136025,-0.001858821284362211,0.001963773007169406,0.0066721127148307025,0.18181818181818182,0.8181818181818182,0,176,-0.001600672899076741
SUP_RET,SUP_STATIC,1,REFUGE,OC,COMPLETE,0.0010993791493904997,176,0.0010993791493904997,0.0065208487094873474,-0.025916971778164655,-0.009050784329008799,0.0005943573687552384,0.01134777771419962,0.02659131504542922,0.5738636363636364,0.42613636363636365,0,176,0.0010993791493904997
SUP_RET,SUP_STATIC,1,REFUGE,macro,COMPLETE,-0.0002506468748431205,176,-0.0002506468748431205,0.0035545725389833525,-0.01458207624617891,-0.004694033507300188,-0.000542397483999868,0.005921905349207057,0.014462339691207582,0.4034090909090909,0.5965909090909091,0,176,-0.0002506468748431205
SUP_RET,SUP_STATIC,1,REFUGE_Valid,OD,COMPLETE,0.0036375966514098895,386,0.00363759665140989,0.0028127384727224918,-0.005326190027324151,-0.0014631854796343657,0.0037930781705958205,0.008168501860414235,0.0118244567349437,0.9093264248704663,0.09067357512953368,0,0,
SUP_RET,SUP_STATIC,1,REFUGE_Valid,OC,COMPLETE,0.004341456141905099,386,0.004341456141905099,0.006852042324088856,-0.02918047452089767,5.0835846533425766e-05,0.0024864756890354833,0.01781221992747642,0.05149077017491943,0.9507772020725389,0.04922279792746114,0,0,
SUP_RET,SUP_STATIC,1,REFUGE_Valid,macro,COMPLETE,0.0039895263966574935,386,0.0039895263966574935,0.004048946031982608,-0.015935183377890794,-0.00028125203507300967,0.003298826321462056,0.011434751793875375,0.027744738644458478,0.9455958549222798,0.054404145077720206,0,0,
