cell_type,seed,order,pivot,origin_domain,horizon,role,channel,scored_contents,update,hold,delta_pp,cumulative_delta_pp,oracle,oracle_action,future_domain,windows
WINDOW_CHANNEL,20260907,0,64,REFUGE,64,SEARCH,OD,32,88.45499306912703,88.38141736151825,-0.07357570760878218,-2.3544226434808877,88.45499306912703,UPDATE,,
WINDOW_CHANNEL,20260907,0,64,REFUGE,64,SEARCH,OC,32,84.5113084639358,83.95948101011817,-0.5518274538176371,-17.6584785221647,84.5113084639358,UPDATE,,
WINDOW_CHANNEL,20260907,0,64,REFUGE,64,SEALED_REVIEW,OD,23,88.683800587473,88.5480604047478,-0.1357401827252005,-3.1220242026794836,88.683800587473,UPDATE,,
WINDOW_CHANNEL,20260907,0,64,REFUGE,64,SEALED_REVIEW,OC,23,81.52693070933516,81.00532628294681,-0.5216044263883504,-11.99690180693215,81.52693070933516,UPDATE,,
WINDOW_CHANNEL,20260907,0,64,REFUGE,256,SEARCH,OD,120,88.50694546561279,88.19892877617742,-0.3080166894353624,-36.96200273224338,88.50694546561279,UPDATE,,
WINDOW_CHANNEL,20260907,0,64,REFUGE,256,SEARCH,OC,120,84.33883964808025,84.15179107342341,-0.187048574656842,-22.445828958821963,84.33883964808025,UPDATE,,
WINDOW_CHANNEL,20260907,0,64,REFUGE,256,SEALED_REVIEW,OD,89,88.47347551099668,88.11189650998726,-0.3615790010094173,-32.180531089839135,88.47347551099668,UPDATE,,
WINDOW_CHANNEL,20260907,0,64,REFUGE,256,SEALED_REVIEW,OC,89,83.24521298970026,83.11296631971754,-0.13224666998272028,-11.769953628462595,83.24521298970026,UPDATE,,
WINDOW_CHANNEL,20260907,0,192,REFUGE,64,SEARCH,OD,28,87.80875109480802,87.65575519922048,-0.15299589558753723,-4.283885076451057,87.80875109480802,UPDATE,,
WINDOW_CHANNEL,20260907,0,192,REFUGE,64,SEARCH,OC,28,84.71947137357375,84.4762170904533,-0.24325428312045005,-6.811119927372758,84.71947137357375,UPDATE,,
WINDOW_CHANNEL,20260907,0,192,REFUGE,64,SEALED_REVIEW,OC,21,85.67570328027132,85.55087677009158,-0.12482651017974433,-2.6213567137744747,85.67570328027132,UPDATE,,
WINDOW_CHANNEL,20260907,0,192,REFUGE,256,SEARCH,OD,119,86.7422803532647,85.87339271179582,-0.8688876414688878,-103.3976293347981,86.7422803532647,UPDATE,,
WINDOW_CHANNEL,20260907,0,192,REFUGE,256,SEARCH,OC,119,80.01922299014801,79.03628763172715,-0.9829353584208604,-116.96930765208232,80.01922299014801,UPDATE,,
WINDOW_CHANNEL,20260907,0,192,REFUGE,256,SEALED_REVIEW,OD,91,86.70595355043451,85.52452793979906,-1.1814256106354577,-107.50973056782641,86.70595355043451,UPDATE,,
WINDOW_CHANNEL,20260907,0,192,REFUGE,256,SEALED_REVIEW,OC,91,80.45531531334495,79.18515082554681,-1.2701644877981408,-115.58496838963096,80.45531531334495,UPDATE,,
WINDOW_CHANNEL,20260907,0,320,REFUGE,64,SEARCH,OC,33,83.62764223414216,83.54820626410445,-0.0794359700377072,-2.621387011244707,83.54820626410445,HOLD,,
WINDOW_CHANNEL,20260907,0,320,REFUGE,64,SEALED_REVIEW,OC,25,83.64641120886434,83.30755189343871,-0.33885931542562275,-8.471482885640611,83.64641120886434,UPDATE,,
WINDOW_CHANNEL,20260907,0,320,REFUGE,256,SEARCH,OD,133,85.34827610353935,80.07586396118724,-5.27241214235211,-701.2308149328303,85.34827610353935,UPDATE,,
WINDOW_CHANNEL,20260907,0,320,REFUGE,256,SEARCH,OC,133,72.6475525047529,65.34654487760982,-7.301007627143079,-971.0340144100282,72.6475525047529,UPDATE,,
WINDOW_CHANNEL,20260907,0,320,REFUGE,256,SEALED_REVIEW,OD,89,85.48174012547926,79.42245648045498,-6.05928364502428,-539.2762444071602,85.48174012547926,UPDATE,,
WINDOW_CHANNEL,20260907,0,320,REFUGE,256,SEALED_REVIEW,OC,89,72.78446284577551,64.58095740625275,-8.203505439522758,-730.1119841175262,72.78446284577551,UPDATE,,
WINDOW_CHANNEL,20260907,0,448,ORIGA,64,SEARCH,OD,35,85.5882587914629,83.67445374918759,-1.913805042275314,-66.9831764796363,85.5882587914629,UPDATE,,
WINDOW_CHANNEL,20260907,0,448,ORIGA,64,SEARCH,OC,35,71.34465171654342,69.0304755504672,-2.314176166076223,-80.9961658126681,71.34465171654342,UPDATE,,
WINDOW_CHANNEL,20260907,0,448,ORIGA,64,SEALED_REVIEW,OD,22,85.14042621645216,82.15390266956982,-2.9865235468823386,-65.70351803141159,85.14042621645216,UPDATE,,
WINDOW_CHANNEL,20260907,0,448,ORIGA,64,SEALED_REVIEW,OC,22,70.34553525477914,66.12377278031205,-4.221762474467084,-92.8787744382758,70.34553525477914,UPDATE,,
WINDOW_CHANNEL,20260907,0,448,ORIGA,256,SEARCH,OD,137,85.87161673581731,81.13874868146011,-4.732868054357198,-648.4029234469352,85.87161673581731,UPDATE,,
WINDOW_CHANNEL,20260907,0,448,ORIGA,256,SEARCH,OC,137,69.92640548278227,64.21135249593934,-5.7150529868429345,-782.9622591974814,69.92640548278227,UPDATE,,
WINDOW_CHANNEL,20260907,0,448,ORIGA,256,SEALED_REVIEW,OD,90,86.85631715943396,81.91271500862577,-4.943602150808189,-444.92419357273803,86.85631715943396,UPDATE,,
WINDOW_CHANNEL,20260907,0,448,ORIGA,256,SEALED_REVIEW,OC,90,73.43171962981269,67.26726213318008,-6.164457496632608,-554.8011746969349,73.43171962981269,UPDATE,,
WINDOW_CHANNEL,20260907,0,576,ORIGA,64,SEARCH,OD,38,86.24104421067035,85.66065705483489,-0.5803871558354672,-22.054711921747895,86.24104421067035,UPDATE,,
WINDOW_CHANNEL,20260907,0,576,ORIGA,64,SEARCH,OC,38,66.66766591841909,66.03224730984273,-0.6354186085763587,-24.1459071259016,66.66766591841909,UPDATE,,
WINDOW_CHANNEL,20260907,0,576,ORIGA,64,SEALED_REVIEW,OD,24,90.09989638494626,89.63652090716614,-0.46337547778011867,-11.121011466722678,90.09989638494626,UPDATE,,
WINDOW_CHANNEL,20260907,0,576,ORIGA,64,SEALED_REVIEW,OC,24,80.37206980464136,80.02619919655041,-0.34587060809094794,-8.300894594182644,80.37206980464136,UPDATE,,
WINDOW_CHANNEL,20260907,0,576,ORIGA,256,SEARCH,OD,140,87.97006311870487,86.68764792341396,-1.282415195290909,-179.53812734072852,87.97006311870487,UPDATE,,
WINDOW_CHANNEL,20260907,0,576,ORIGA,256,SEARCH,OC,140,71.39156548463777,69.7617548358311,-1.629810648806668,-228.17349083293198,71.39156548463777,UPDATE,,
WINDOW_CHANNEL,20260907,0,576,ORIGA,256,SEALED_REVIEW,OD,95,87.93280447175823,86.6918947495683,-1.240909722189926,-117.88642360804373,87.93280447175823,UPDATE,,
WINDOW_CHANNEL,20260907,0,576,ORIGA,256,SEALED_REVIEW,OC,95,74.08952086127975,72.78475447716235,-1.3047663841174,-123.95280649115207,74.08952086127975,UPDATE,,
WINDOW_CHANNEL,20260907,0,704,ORIGA,64,SEARCH,OD,32,89.61900230075206,89.23034170570598,-0.3886605950460762,-12.437139041474452,89.61900230075206,UPDATE,,
WINDOW_CHANNEL,20260907,0,704,ORIGA,64,SEARCH,OC,32,72.11929335992144,71.7432428491046,-0.3760505108168388,-12.033616346139176,72.11929335992144,UPDATE,,
WINDOW_CHANNEL,20260907,0,704,ORIGA,64,SEALED_REVIEW,OD,27,88.16409644842739,87.83393250513136,-0.3301639432960286,-8.914426468992914,88.16409644842739,UPDATE,,
WINDOW_CHANNEL,20260907,0,704,ORIGA,64,SEALED_REVIEW,OC,27,71.84053657649243,71.53096575140604,-0.30957082508638223,-8.358412277332157,71.84053657649243,UPDATE,,
WINDOW_CHANNEL,20260907,0,704,ORIGA,256,SEARCH,OD,143,90.2102732602855,89.3723322829057,-0.8379409773798017,-119.82555976530972,90.2102732602855,UPDATE,,
WINDOW_CHANNEL,20260907,0,704,ORIGA,256,SEARCH,OC,143,73.51251624391743,72.87182786213783,-0.6406883817795972,-91.61843859448243,73.51251624391743,UPDATE,,
WINDOW_CHANNEL,20260907,0,704,ORIGA,256,SEALED_REVIEW,OD,91,90.01570771256782,89.26542988539649,-0.7502778271713311,-68.27528227259073,90.01570771256782,UPDATE,,
WINDOW_CHANNEL,20260907,0,704,ORIGA,256,SEALED_REVIEW,OC,91,74.67657468589071,74.29106453637047,-0.3855101495202433,-35.081423606341495,74.67657468589071,UPDATE,,
WINDOW_CHANNEL,20260907,0,832,ORIGA,64,SEARCH,OD,38,89.64334948981468,89.44101569302248,-0.2023337967922032,-7.6886842781034375,89.64334948981468,UPDATE,,
WINDOW_CHANNEL,20260907,0,832,ORIGA,64,SEARCH,OC,38,72.45099960700777,72.20609782065522,-0.24490178635255688,-9.306267881397481,72.45099960700777,UPDATE,,
WINDOW_CHANNEL,20260907,0,832,ORIGA,64,SEALED_REVIEW,OD,20,90.28035157877753,90.15271814879353,-0.12763342998400162,-2.5526685996800182,90.28035157877753,UPDATE,,
WINDOW_CHANNEL,20260907,0,832,ORIGA,64,SEALED_REVIEW,OC,20,78.35285237061983,78.21495556176367,-0.13789680885615496,-2.7579361771229713,78.35285237061983,UPDATE,,
WINDOW_CHANNEL,20260907,0,832,ORIGA,256,SEARCH,OD,140,89.04143889085839,88.9089534105035,-0.13248548035488739,-18.547967249684596,89.04143889085839,UPDATE,,
WINDOW_CHANNEL,20260907,0,832,ORIGA,256,SEARCH,OC,140,72.00815260663741,71.95784035752658,-0.05031224911083143,-7.043714875516706,72.00815260663741,UPDATE,,
WINDOW_CHANNEL,20260907,0,832,ORIGA,256,SEALED_REVIEW,OD,95,90.35487947328868,90.27150281031818,-0.08337666297049395,-7.920782982197693,90.35487947328868,UPDATE,,
WINDOW_CHANNEL,20260907,0,960,ORIGA,64,SEARCH,OD,33,92.50138450082548,92.38140531188974,-0.11997918893574422,-3.959313234879559,92.50138450082548,UPDATE,,
WINDOW_CHANNEL,20260907,0,960,ORIGA,64,SEARCH,OC,33,74.32361644767936,74.26672061693996,-0.05689583073939275,-1.8775624144000744,74.32361644767936,UPDATE,,
WINDOW_CHANNEL,20260907,0,960,ORIGA,64,SEALED_REVIEW,OD,24,93.01557924250665,92.87957594603984,-0.13600329646681075,-3.2640791152036,93.01557924250665,UPDATE,,
WINDOW_CHANNEL,20260907,0,960,ORIGA,64,SEALED_REVIEW,OC,24,76.82526452725259,76.70924425596844,-0.1160202712841425,-2.784486510819427,76.82526452725259,UPDATE,,
WINDOW_CHANNEL,20260907,0,960,ORIGA,256,SEARCH,OD,137,83.06805415385597,82.87212549459282,-0.19592865926314573,-26.84222631905252,82.87212549459282,HOLD,,
WINDOW_CHANNEL,20260907,0,1088,REFUGE_Valid,64,SEARCH,OD,37,78.53794016723037,78.17587544632748,-0.3620647209028931,-13.396394673406988,78.53794016723037,UPDATE,,
WINDOW_CHANNEL,20260907,0,1088,REFUGE_Valid,64,SEALED_REVIEW,OD,22,81.01755273418667,80.83773923766793,-0.17981349651873302,-3.9558969234121975,81.01755273418667,UPDATE,,
WINDOW_CHANNEL,20260907,0,1088,REFUGE_Valid,64,SEALED_REVIEW,OC,22,63.02820713221827,62.99159818749942,-0.03660894471885001,-0.8053967838147997,63.02820713221827,UPDATE,,
WINDOW_CHANNEL,20260907,0,1088,REFUGE_Valid,256,SEARCH,OD,130,79.07013897970248,78.53125391055306,-0.5388850691494156,-70.05505898942323,79.07013897970248,UPDATE,,
WINDOW_CHANNEL,20260907,0,1088,REFUGE_Valid,256,SEALED_REVIEW,OD,104,79.53358504738063,79.13153527405291,-0.4020497733277182,-41.81317642608265,79.53358504738063,UPDATE,,
WINDOW_CHANNEL,20260907,0,1600,REFUGE_Valid,64,SEARCH,OD,33,76.2984026474743,76.25898099156778,-0.0394216559065228,-1.3009146449152382,76.2984026474743,UPDATE,,
WINDOW_CHANNEL,20260907,0,1600,REFUGE_Valid,64,SEARCH,OC,33,57.06799278661796,57.039603118627866,-0.028389667990090572,-0.936859043672797,57.06799278661796,UPDATE,,
WINDOW_CHANNEL,20260907,0,1600,REFUGE_Valid,64,SEALED_REVIEW,OD,24,79.17916032756274,79.16827497951837,-0.01088534804436847,-0.2612483530645946,79.16827497951837,HOLD,,
WINDOW_CHANNEL,20260907,0,1856,Drishti_GS,64,SEARCH,OD,14,93.62373915482448,93.45997351968126,-0.1637656351432213,-2.2927188920051975,93.62373915482448,UPDATE,,
WINDOW_CHANNEL,20260907,0,1856,Drishti_GS,64,SEARCH,OC,14,71.58123806026808,71.43617158473948,-0.1450664755285942,-2.0309306574003116,71.58123806026808,UPDATE,,
WINDOW_CHANNEL,20260907,0,1856,Drishti_GS,64,SEALED_REVIEW,OD,10,90.44903740379793,90.31683760184345,-0.132199801954485,-1.3219980195447505,90.44903740379793,UPDATE,,
WINDOW_CHANNEL,20260907,0,1856,Drishti_GS,64,SEALED_REVIEW,OC,10,62.58879114168358,62.37793220987721,-0.21085893180637072,-2.108589318063686,62.58879114168358,UPDATE,,
WINDOW_CHANNEL,20260907,1,64,Drishti_GS,64,SEARCH,OD,22,82.58803595216769,82.25860097746123,-0.32943497470645866,-7.247569443541998,82.58803595216769,UPDATE,,
WINDOW_CHANNEL,20260907,1,64,Drishti_GS,64,SEARCH,OC,22,62.808648559388956,62.65837597108444,-0.15027258830451728,-3.3059969426994016,62.808648559388956,UPDATE,,
WINDOW_CHANNEL,20260907,1,64,Drishti_GS,64,SEALED_REVIEW,OD,18,85.75776465060149,85.5348016360523,-0.22296301454919387,-4.01333426188549,85.75776465060149,UPDATE,,
WINDOW_CHANNEL,20260907,1,64,Drishti_GS,64,SEALED_REVIEW,OC,18,66.9996346352228,66.91247435943255,-0.08716027579025365,-1.5688849642244733,66.9996346352228,UPDATE,,
WINDOW_CHANNEL,20260907,1,64,Drishti_GS,256,SEARCH,OD,124,83.40197132585178,82.00593797909671,-1.3960333467550612,-173.10813499762855,83.40197132585178,UPDATE,,
WINDOW_CHANNEL,20260907,1,64,Drishti_GS,256,SEALED_REVIEW,OD,92,85.16019585256362,84.79104060347225,-0.36915524909136366,-33.96228291640539,85.16019585256362,UPDATE,,
WINDOW_CHANNEL,20260907,1,320,REFUGE_Valid,64,SEARCH,OD,31,83.27908639304239,82.99855360362177,-0.28053278942061866,-8.696516472039391,83.27908639304239,UPDATE,,
WINDOW_CHANNEL,20260907,1,320,REFUGE_Valid,64,SEALED_REVIEW,OD,28,85.32175182569853,85.28580164413464,-0.03595018156389074,-1.0066050837889122,85.32175182569853,UPDATE,,
WINDOW_CHANNEL,20260907,1,320,REFUGE_Valid,64,SEALED_REVIEW,OC,28,61.687370823159064,61.65278848312015,-0.03458234003891647,-0.9683055210896434,61.687370823159064,UPDATE,,
WINDOW_CHANNEL,20260907,1,576,REFUGE_Valid,64,SEARCH,OD,34,83.10479434081691,82.80631082250595,-0.29848351831095954,-10.148439622572518,83.10479434081691,UPDATE,,
WINDOW_CHANNEL,20260907,1,576,REFUGE_Valid,64,SEALED_REVIEW,OD,26,81.12443366105974,80.97795531268049,-0.14647834837924734,-3.8084370578601963,81.12443366105974,UPDATE,,
WINDOW_CHANNEL,20260907,1,704,REFUGE_Valid,64,SEARCH,OD,38,79.53186203769059,79.43736071757772,-0.09450132011286883,-3.5910501642891006,79.53186203769059,UPDATE,,
WINDOW_CHANNEL,20260907,1,704,REFUGE_Valid,256,SEARCH,OC,158,62.86135712486705,62.44475914271216,-0.4165979821548902,-65.82248118047234,62.86135712486705,UPDATE,,
WINDOW_CHANNEL,20260907,1,704,REFUGE_Valid,256,SEALED_REVIEW,OD,79,81.83964879917795,81.616455162835,-0.22319363634295541,-17.632297271093236,81.83964879917795,UPDATE,,
WINDOW_CHANNEL,20260907,1,704,REFUGE_Valid,256,SEALED_REVIEW,OC,79,63.08132988745133,62.57245930738353,-0.5088705800678,-40.20077582535617,63.08132988745133,UPDATE,,
WINDOW_CHANNEL,20260907,1,832,REFUGE_Valid,256,SEARCH,OD,145,82.79351439318295,79.97749348722665,-2.816020905956293,-408.32303136366335,82.79351439318295,UPDATE,,
WINDOW_CHANNEL,20260907,1,832,REFUGE_Valid,256,SEARCH,OC,145,65.02602217893484,60.69126639145753,-4.334755787477306,-628.5395891842094,65.02602217893484,UPDATE,,
WINDOW_CHANNEL,20260907,1,832,REFUGE_Valid,256,SEALED_REVIEW,OD,84,82.73608550784395,79.0288397952125,-3.7072457126314475,-311.4086398610419,82.73608550784395,UPDATE,,
WINDOW_CHANNEL,20260907,1,832,REFUGE_Valid,256,SEALED_REVIEW,OC,84,62.6275226306312,57.72074610010127,-4.906776530529925,-412.16922856451345,62.6275226306312,UPDATE,,
WINDOW_CHANNEL,20260907,1,960,ORIGA,64,SEARCH,OD,34,85.77640916493965,84.46221011603764,-1.3141990489020117,-44.68276766266826,85.77640916493965,UPDATE,,
WINDOW_CHANNEL,20260907,1,960,ORIGA,64,SEARCH,OC,34,67.70648471320192,65.85190173792546,-1.8545829752764575,-63.055821159399635,67.70648471320192,UPDATE,,
WINDOW_CHANNEL,20260907,1,960,ORIGA,64,SEALED_REVIEW,OD,22,84.8208949153352,83.22134256306404,-1.5995523522711608,-35.190151749965544,84.8208949153352,UPDATE,,
WINDOW_CHANNEL,20260907,1,960,ORIGA,64,SEALED_REVIEW,OC,22,65.04637056632627,63.0978186847784,-1.9485518815478713,-42.86814139405303,65.04637056632627,UPDATE,,
WINDOW_CHANNEL,20260907,1,960,ORIGA,256,SEARCH,OD,134,85.35733389052005,82.03669522749693,-3.320638663023118,-444.96558084509786,85.35733389052005,UPDATE,,
WINDOW_CHANNEL,20260907,1,960,ORIGA,256,SEARCH,OC,134,66.1291841029709,61.7185680041497,-4.410616098821194,-591.022557242039,66.1291841029709,UPDATE,,
WINDOW_CHANNEL,20260907,1,960,ORIGA,256,SEALED_REVIEW,OD,91,86.17619973339444,82.7913611995624,-3.3848385338320384,-308.0203065787158,86.17619973339444,UPDATE,,
WINDOW_CHANNEL,20260907,1,960,ORIGA,256,SEALED_REVIEW,OC,91,69.51003860025024,64.99022529735082,-4.519813302899422,-411.3030105638478,69.51003860025024,UPDATE,,
WINDOW_CHANNEL,20260907,1,1088,ORIGA,64,SEARCH,OD,37,84.83972211568165,84.44704144807949,-0.39268066760216414,-14.529184701279803,84.83972211568165,UPDATE,,
WINDOW_CHANNEL,20260907,1,1088,ORIGA,64,SEARCH,OC,37,60.941962754968415,60.284776555891426,-0.6571861990769889,-24.31588936584877,60.941962754968415,UPDATE,,
WINDOW_CHANNEL,20260907,1,1088,ORIGA,64,SEALED_REVIEW,OD,25,89.30864021431762,88.92525381213765,-0.38338640217996556,-9.584660054499011,89.30864021431762,UPDATE,,
WINDOW_CHANNEL,20260907,1,1088,ORIGA,64,SEALED_REVIEW,OC,25,74.88615944849607,74.30134078151272,-0.5848186669833524,-14.62046667458359,74.88615944849607,UPDATE,,
WINDOW_CHANNEL,20260907,1,1088,ORIGA,256,SEARCH,OD,142,86.69006110391528,85.58389668652495,-1.1061644173903318,-157.0753472694273,86.69006110391528,UPDATE,,
WINDOW_CHANNEL,20260907,1,1088,ORIGA,256,SEARCH,OC,142,67.31801458401134,65.32570061635843,-1.9923139676529047,-282.9085834067128,67.31801458401134,UPDATE,,
WINDOW_CHANNEL,20260907,1,1088,ORIGA,256,SEALED_REVIEW,OD,93,86.62836132001726,85.71706388473726,-0.9112974352800052,-84.750661481041,86.62836132001726,UPDATE,,
WINDOW_CHANNEL,20260907,1,1088,ORIGA,256,SEALED_REVIEW,OC,93,70.34498049575119,68.97127948014862,-1.3737010156025633,-127.75419445103842,70.34498049575119,UPDATE,,
WINDOW_CHANNEL,20260907,1,1216,ORIGA,64,SEARCH,OD,36,87.23532334455581,86.77754699992626,-0.45777634462955064,-16.479948406664093,87.23532334455581,UPDATE,,
WINDOW_CHANNEL,20260907,1,1216,ORIGA,64,SEARCH,OC,36,67.93842629001816,67.1678537260681,-0.7705725639500542,-27.740612302202067,67.93842629001816,UPDATE,,
WINDOW_CHANNEL,20260907,1,1216,ORIGA,64,SEALED_REVIEW,OD,24,85.4105005372118,85.09467993528237,-0.3158206019294312,-7.57969444630622,85.4105005372118,UPDATE,,
WINDOW_CHANNEL,20260907,1,1216,ORIGA,64,SEALED_REVIEW,OC,24,68.27135000847206,67.93961264936168,-0.3317373591103774,-7.961696618648851,68.27135000847206,UPDATE,,
WINDOW_CHANNEL,20260907,1,1216,ORIGA,256,SEARCH,OD,147,89.2281425153086,88.58204980559917,-0.6460927097094356,-94.97562832728654,89.2281425153086,UPDATE,,
WINDOW_CHANNEL,20260907,1,1216,ORIGA,256,SEARCH,OC,147,70.93966868590148,69.95896034320414,-0.9807083426973406,-144.16412637650905,70.93966868590148,UPDATE,,
WINDOW_CHANNEL,20260907,1,1216,ORIGA,256,SEALED_REVIEW,OD,89,89.02342379595967,88.66319543589205,-0.36022836006762304,-32.06032404601788,89.02342379595967,UPDATE,,
WINDOW_CHANNEL,20260907,1,1216,ORIGA,256,SEALED_REVIEW,OC,89,72.5790475300776,72.2031765746227,-0.3758709554549,-33.452515035486385,72.5790475300776,UPDATE,,
WINDOW_CHANNEL,20260907,1,1344,ORIGA,64,SEARCH,OD,35,88.52170661555516,88.39107107343168,-0.1306355421234855,-4.572243974321978,88.52170661555516,UPDATE,,
WINDOW_CHANNEL,20260907,1,1344,ORIGA,64,SEARCH,OC,35,69.32930558838136,69.09850247702279,-0.23080311135856846,-8.078108897549633,69.32930558838136,UPDATE,,
WINDOW_CHANNEL,20260907,1,1344,ORIGA,64,SEALED_REVIEW,OD,21,88.8470528850102,88.7787033768641,-0.06834950814609897,-1.4353396710681494,88.8470528850102,UPDATE,,
WINDOW_CHANNEL,20260907,1,1344,ORIGA,64,SEALED_REVIEW,OC,21,75.33845629024003,75.20950749491618,-0.12894879532385062,-2.707924701800742,75.33845629024003,UPDATE,,
WINDOW_CHANNEL,20260907,1,1344,ORIGA,256,SEARCH,OD,141,92.01535906388422,91.99854565066529,-0.0168134132189266,-2.3706912638694178,92.01535906388422,UPDATE,,
WINDOW_CHANNEL,20260907,1,1344,ORIGA,256,SEARCH,OC,141,76.64318876942902,76.51705528111724,-0.12613348831177973,-17.784821851961844,76.64318876942902,UPDATE,,
WINDOW_CHANNEL,20260907,1,1344,ORIGA,256,SEALED_REVIEW,OC,91,77.33546840769928,77.21147355080619,-0.12399485689309131,-11.283531977271991,77.33546840769928,UPDATE,,
WINDOW_CHANNEL,20260907,1,1472,ORIGA,64,SEARCH,OC,31,77.03545386982981,76.895077310481,-0.14037655934880888,-4.351673339813445,77.03545386982981,UPDATE,,
WINDOW_CHANNEL,20260907,1,1472,ORIGA,64,SEALED_REVIEW,OC,25,77.59684109618917,77.4467547482535,-0.15008634793566955,-3.7521586983915327,77.59684109618917,UPDATE,,
WINDOW_CHANNEL,20260907,1,1600,REFUGE,64,SEARCH,OD,35,91.0665300916939,91.03888960910858,-0.027640482585326254,-0.9674168904864615,91.0665300916939,UPDATE,,
WINDOW_CHANNEL,20260907,1,1600,REFUGE,64,SEARCH,OC,35,82.16034894735937,82.10020080236335,-0.06014814499602039,-2.105185074860387,82.16034894735937,UPDATE,,
WINDOW_CHANNEL,20260907,1,1600,REFUGE,64,SEALED_REVIEW,OD,19,90.26010402952086,90.25998095094295,-0.00012307857791427068,-0.0023384929803995647,90.26010402952086,UPDATE,,
WINDOW_CHANNEL,20260907,1,1600,REFUGE,64,SEALED_REVIEW,OC,19,80.15417488911544,80.09657549553376,-0.057599393581682534,-1.0943884780519824,80.15417488911544,UPDATE,,
WINDOW_CHANNEL,20260907,1,1600,REFUGE,256,SEARCH,OD,125,91.63506519768261,91.47905086392821,-0.1560143337543991,-19.50179171930015,91.63506519768261,UPDATE,,
WINDOW_CHANNEL,20260907,1,1600,REFUGE,256,SEARCH,OC,125,81.20904797056659,80.91332675621003,-0.2957212143565613,-36.965151794570616,81.20904797056659,UPDATE,,
WINDOW_CHANNEL,20260907,1,1600,REFUGE,256,SEALED_REVIEW,OD,85,90.61986569425649,90.4343883117425,-0.18547738251399437,-15.765577513690019,90.61986569425649,UPDATE,,
WINDOW_CHANNEL,20260907,1,1600,REFUGE,256,SEALED_REVIEW,OC,85,79.99456034853614,79.61338336932347,-0.38117697921266824,-32.400043233076495,79.99456034853614,UPDATE,,
WINDOW_CHANNEL,17011,0,64,REFUGE,64,SEARCH,OD,32,88.56098791820934,88.4680339549557,-0.0929539632536347,-2.9745268241165945,88.56098791820934,UPDATE,,
WINDOW_CHANNEL,17011,0,64,REFUGE,64,SEARCH,OC,32,84.51531309220623,83.99995668288535,-0.5153564093208729,-16.49140509826819,84.51531309220623,UPDATE,,
WINDOW_CHANNEL,17011,0,64,REFUGE,64,SEALED_REVIEW,OD,23,88.82318725850236,88.6547531845169,-0.16843407398545196,-3.873983701665381,88.82318725850236,UPDATE,,
WINDOW_CHANNEL,17011,0,64,REFUGE,64,SEALED_REVIEW,OC,23,81.33688172324227,80.84974012025398,-0.487141602988288,-11.204256868730667,81.33688172324227,UPDATE,,
WINDOW_CHANNEL,17011,0,64,REFUGE,256,SEARCH,OD,120,88.2902536512399,88.26669903012942,-0.02355462111047757,-2.826554533256129,88.2902536512399,UPDATE,,
WINDOW_CHANNEL,17011,0,64,REFUGE,256,SEARCH,OC,120,84.36869039765583,84.11492119093768,-0.25376920671814673,-30.452304806178553,84.36869039765583,UPDATE,,
WINDOW_CHANNEL,17011,0,64,REFUGE,256,SEALED_REVIEW,OD,89,88.31447774330587,88.24745695463523,-0.06702078867064643,-5.964850191687688,88.31447774330587,UPDATE,,
WINDOW_CHANNEL,17011,0,64,REFUGE,256,SEALED_REVIEW,OC,89,83.38742143548869,83.00388100807088,-0.38354042741781313,-34.13509804018489,83.38742143548869,UPDATE,,
WINDOW_CHANNEL,17011,0,192,REFUGE,64,SEARCH,OC,28,84.55924341059493,84.37877037490188,-0.18047303569305484,-5.05324499940555,84.55924341059493,UPDATE,,
WINDOW_CHANNEL,17011,0,192,REFUGE,64,SEALED_REVIEW,OC,21,85.8042016366874,85.6493384223741,-0.15486321431329486,-3.2521275005791352,85.8042016366874,UPDATE,,
WINDOW_CHANNEL,17011,0,192,REFUGE,256,SEARCH,OD,119,86.22433740582801,85.59911769561292,-0.6252197102150916,-74.40114551559671,86.22433740582801,UPDATE,,
WINDOW_CHANNEL,17011,0,192,REFUGE,256,SEARCH,OC,119,79.7892075053821,78.95782853946841,-0.8313789659136859,-98.93409694372797,79.7892075053821,UPDATE,,
WINDOW_CHANNEL,17011,0,192,REFUGE,256,SEALED_REVIEW,OD,91,86.20556834339978,85.27371515222495,-0.9318531911748238,-84.79864039690864,86.20556834339978,UPDATE,,
WINDOW_CHANNEL,17011,0,192,REFUGE,256,SEALED_REVIEW,OC,91,80.52122926570584,79.24298323655395,-1.2782460291518873,-116.32038865282152,80.52122926570584,UPDATE,,
WINDOW_CHANNEL,17011,0,320,REFUGE,64,SEARCH,OD,33,87.56120229422432,87.47252866939604,-0.08867362482827446,-2.926229619332844,87.56120229422432,UPDATE,,
WINDOW_CHANNEL,17011,0,320,REFUGE,64,SEALED_REVIEW,OD,25,87.96696861397263,87.89498733520492,-0.07198127876770855,-1.7995319691927847,87.96696861397263,UPDATE,,
WINDOW_CHANNEL,17011,0,320,REFUGE,64,SEALED_REVIEW,OC,25,83.6334509342431,83.5897573454941,-0.04369358874899376,-1.0923397187247872,83.6334509342431,UPDATE,,
WINDOW_CHANNEL,17011,0,320,REFUGE,256,SEARCH,OD,133,84.52378799742745,79.60212791576663,-4.921660081660818,-654.5807908608899,84.52378799742745,UPDATE,,
WINDOW_CHANNEL,17011,0,320,REFUGE,256,SEARCH,OC,133,71.9242820136078,65.27214741973906,-6.6521345938687375,-884.7339009845426,71.9242820136078,UPDATE,,
WINDOW_CHANNEL,17011,0,320,REFUGE,256,SEALED_REVIEW,OD,89,84.66801725304103,79.04525866718781,-5.622758585853219,-500.42551414093566,84.66801725304103,UPDATE,,
WINDOW_CHANNEL,17011,0,320,REFUGE,256,SEALED_REVIEW,OC,89,72.07514288391198,64.88276685208334,-7.192376031828644,-640.1214668327497,72.07514288391198,UPDATE,,
WINDOW_CHANNEL,17011,0,448,ORIGA,64,SEARCH,OD,35,84.25884146715707,82.4229844804051,-1.8358569867519634,-64.25499453631866,84.25884146715707,UPDATE,,
WINDOW_CHANNEL,17011,0,448,ORIGA,64,SEARCH,OC,35,70.11139620848843,67.90924364243534,-2.202152566053087,-77.0753398118584,70.11139620848843,UPDATE,,
WINDOW_CHANNEL,17011,0,448,ORIGA,64,SEALED_REVIEW,OD,22,83.92106538444285,81.09686337054633,-2.8242020138965245,-62.13244430572377,83.92106538444285,UPDATE,,
WINDOW_CHANNEL,17011,0,448,ORIGA,64,SEALED_REVIEW,OC,22,69.04264694920987,65.40151059829194,-3.6411363509179324,-80.10499972019457,69.04264694920987,UPDATE,,
WINDOW_CHANNEL,17011,0,448,ORIGA,256,SEARCH,OD,137,85.21902793085562,79.91781002507335,-5.301217905782266,-726.2668530921705,85.21902793085562,UPDATE,,
WINDOW_CHANNEL,17011,0,448,ORIGA,256,SEARCH,OC,137,69.11092427615182,63.34692764491893,-5.763996631232892,-789.6675384789057,69.11092427615182,UPDATE,,
WINDOW_CHANNEL,17011,0,448,ORIGA,256,SEALED_REVIEW,OD,90,86.28723753586722,80.75527975478984,-5.531957781077381,-497.87620029696404,86.28723753586722,UPDATE,,
WINDOW_CHANNEL,17011,0,448,ORIGA,256,SEALED_REVIEW,OC,90,72.54716163486523,66.46028641683918,-6.0868752180260515,-547.8187696223443,72.54716163486523,UPDATE,,
WINDOW_CHANNEL,17011,0,576,ORIGA,64,SEARCH,OD,38,85.84079168745528,85.22642375447572,-0.6143679329795617,-23.345981453222976,85.84079168745528,UPDATE,,
WINDOW_CHANNEL,17011,0,576,ORIGA,64,SEARCH,OC,38,66.1292008345394,65.53715720882842,-0.5920436257109856,-22.49765777701744,66.1292008345394,UPDATE,,
WINDOW_CHANNEL,17011,0,576,ORIGA,64,SEALED_REVIEW,OD,24,89.8945587694876,89.29249665359569,-0.6020621158919113,-14.449490781405828,89.8945587694876,UPDATE,,
WINDOW_CHANNEL,17011,0,576,ORIGA,64,SEALED_REVIEW,OC,24,79.94253987664437,79.37832939615018,-0.5642104804941965,-13.541051531860624,79.94253987664437,UPDATE,,
WINDOW_CHANNEL,17011,0,576,ORIGA,256,SEARCH,OD,140,87.63682737294872,86.13642803080924,-1.500399342139474,-210.05590789952572,87.63682737294872,UPDATE,,
WINDOW_CHANNEL,17011,0,576,ORIGA,256,SEARCH,OC,140,70.78332032368957,69.00612701625494,-1.7771933074346293,-248.80706304084708,70.78332032368957,UPDATE,,
WINDOW_CHANNEL,17011,0,576,ORIGA,256,SEALED_REVIEW,OD,95,87.7050542393499,86.21927399110146,-1.485780248248446,-141.14912358360286,87.7050542393499,UPDATE,,
WINDOW_CHANNEL,17011,0,576,ORIGA,256,SEALED_REVIEW,OC,95,73.55848504384691,72.01189102776955,-1.5465940160773641,-146.92643152735005,73.55848504384691,UPDATE,,
WINDOW_CHANNEL,17011,0,704,ORIGA,64,SEARCH,OD,32,89.18952532015777,89.04011205892992,-0.14941326122784915,-4.78122435929113,89.18952532015777,UPDATE,,
WINDOW_CHANNEL,17011,0,704,ORIGA,64,SEARCH,OC,32,71.43654728337938,71.14691315559362,-0.28963412778576014,-9.268292089144545,71.43654728337938,UPDATE,,
WINDOW_CHANNEL,17011,0,704,ORIGA,64,SEALED_REVIEW,OD,27,87.98426279918043,87.86278212982458,-0.12148066935584723,-3.279978072607804,87.98426279918043,UPDATE,,
WINDOW_CHANNEL,17011,0,704,ORIGA,64,SEALED_REVIEW,OC,27,71.556554210058,71.42956813199174,-0.12698607806625262,-3.428624107788586,71.556554210058,UPDATE,,
WINDOW_CHANNEL,17011,0,704,ORIGA,256,SEARCH,OD,143,89.9615583279314,89.34668455478813,-0.6148737731432732,-87.92694955948774,89.9615583279314,UPDATE,,
WINDOW_CHANNEL,17011,0,704,ORIGA,256,SEARCH,OC,143,73.19926021640676,72.5602793726659,-0.6389808437408533,-91.37426065494387,73.19926021640676,UPDATE,,
WINDOW_CHANNEL,17011,0,704,ORIGA,256,SEALED_REVIEW,OD,91,89.80889409453212,89.28824768802552,-0.5206464065066001,-47.378822992100694,89.80889409453212,UPDATE,,
WINDOW_CHANNEL,17011,0,704,ORIGA,256,SEALED_REVIEW,OC,91,74.50135397749595,74.16271412409702,-0.33863985339893077,-30.816226659303446,74.50135397749595,UPDATE,,
WINDOW_CHANNEL,17011,0,832,ORIGA,64,SEARCH,OD,38,89.47654996767648,89.16311007750518,-0.3134398901712956,-11.910715826509275,89.47654996767648,UPDATE,,
WINDOW_CHANNEL,17011,0,832,ORIGA,64,SEARCH,OC,38,72.16859904003194,71.84301115673135,-0.3255878833005852,-12.372339565422372,72.16859904003194,UPDATE,,
WINDOW_CHANNEL,17011,0,832,ORIGA,64,SEALED_REVIEW,OD,20,90.0413050578035,89.83927322172931,-0.20203183607418396,-4.040636721483494,90.0413050578035,UPDATE,,
WINDOW_CHANNEL,17011,0,832,ORIGA,64,SEALED_REVIEW,OC,20,78.30787262949826,78.11040932760004,-0.19746330189822459,-3.9492660379644278,78.30787262949826,UPDATE,,
WINDOW_CHANNEL,17011,0,832,ORIGA,256,SEARCH,OD,140,89.1553644956578,88.98026543834796,-0.17509905730985054,-24.51386802337902,89.1553644956578,UPDATE,,
WINDOW_CHANNEL,17011,0,832,ORIGA,256,SEARCH,OC,140,72.26447952812131,72.10285313992073,-0.16162638820058817,-22.627694348083065,72.26447952812131,UPDATE,,
WINDOW_CHANNEL,17011,0,832,ORIGA,256,SEALED_REVIEW,OD,95,90.41284156870879,90.27837695015704,-0.13446461855174618,-12.77413876241667,90.41284156870879,UPDATE,,
WINDOW_CHANNEL,17011,0,832,ORIGA,256,SEALED_REVIEW,OC,95,76.59859183701224,76.51462284832664,-0.08396898868559788,-7.977053925131294,76.59859183701224,UPDATE,,
WINDOW_CHANNEL,17011,0,960,ORIGA,64,SEARCH,OD,33,92.51221832341474,92.41295553402031,-0.09926278939443023,-3.275672050016297,92.51221832341474,UPDATE,,
WINDOW_CHANNEL,17011,0,960,ORIGA,64,SEARCH,OC,33,75.04566005454747,74.92933524502489,-0.11632480952258106,-3.8387187142451467,75.04566005454747,UPDATE,,
WINDOW_CHANNEL,17011,0,960,ORIGA,64,SEALED_REVIEW,OD,24,92.99104901834905,92.86528336590942,-0.12576565243962534,-3.018375658551122,92.99104901834905,UPDATE,,
WINDOW_CHANNEL,17011,0,960,ORIGA,64,SEALED_REVIEW,OC,24,77.17588743615701,76.92342659769224,-0.25246083846477063,-6.059060123154715,77.17588743615701,UPDATE,,
WINDOW_CHANNEL,17011,0,1088,REFUGE_Valid,256,SEARCH,OD,130,79.63617767569222,79.36301253454477,-0.2731651411474587,-35.511468349170784,79.63617767569222,UPDATE,,
WINDOW_CHANNEL,17011,0,1088,REFUGE_Valid,256,SEALED_REVIEW,OD,104,80.046627950272,79.80710070360344,-0.2395272466685583,-24.910833653530553,80.046627950272,UPDATE,,
WINDOW_CHANNEL,17011,0,1216,REFUGE_Valid,64,SEARCH,OD,31,79.22915338421768,79.18021766852407,-0.048935715693616544,-1.517007186502326,79.22915338421768,UPDATE,,
WINDOW_CHANNEL,17011,0,1216,REFUGE_Valid,64,SEALED_REVIEW,OD,27,80.19415516651375,80.18406112869576,-0.010094037817992785,-0.2725390210856844,80.18406112869576,HOLD,,
WINDOW_CHANNEL,17011,0,1600,REFUGE_Valid,64,SEALED_REVIEW,OD,24,81.65499280881906,81.6277647497338,-0.02722805908526027,-0.6534734180464028,81.6277647497338,HOLD,,
WINDOW_CHANNEL,17011,0,1856,Drishti_GS,64,SEARCH,OD,14,93.03091563726852,92.91853710667223,-0.11237853059628833,-1.573299428348193,93.03091563726852,UPDATE,,
WINDOW_CHANNEL,17011,0,1856,Drishti_GS,64,SEARCH,OC,14,71.26690173917557,71.19618835831406,-0.07071338086150547,-0.989987332060899,71.26690173917557,UPDATE,,
WINDOW_CHANNEL,17011,0,1856,Drishti_GS,64,SEALED_REVIEW,OD,10,89.70297125181573,89.63015629172126,-0.07281496009446187,-0.7281496009446187,89.70297125181573,UPDATE,,
WINDOW_CHANNEL,17011,0,1856,Drishti_GS,64,SEALED_REVIEW,OC,10,61.956876060002195,61.76982156233173,-0.18705449767046645,-1.8705449767046645,61.956876060002195,UPDATE,,
WINDOW_CHANNEL,17011,1,64,Drishti_GS,64,SEARCH,OD,22,82.5525480569232,82.11021965809873,-0.44232839882447195,-9.73122477413844,82.5525480569232,UPDATE,,
WINDOW_CHANNEL,17011,1,64,Drishti_GS,64,SEARCH,OC,22,62.74727058235644,62.49460941118213,-0.2526611711743101,-5.55854576583485,62.74727058235644,UPDATE,,
WINDOW_CHANNEL,17011,1,64,Drishti_GS,64,SEALED_REVIEW,OD,18,85.74107341130396,85.42365689586929,-0.3174165154346724,-5.7134972778243025,85.74107341130396,UPDATE,,
WINDOW_CHANNEL,17011,1,64,Drishti_GS,64,SEALED_REVIEW,OC,18,67.08300590947586,66.84820461011284,-0.23480129936301353,-4.22642338853408,67.08300590947586,UPDATE,,
WINDOW_CHANNEL,17011,1,64,Drishti_GS,256,SEARCH,OD,124,82.6873623815714,81.70050020073371,-0.9868621808376901,-122.37091042387229,82.6873623815714,UPDATE,,
WINDOW_CHANNEL,17011,1,64,Drishti_GS,256,SEALED_REVIEW,OD,92,84.81264679253482,84.53257398164067,-0.28007281089415414,-25.766698602261805,84.81264679253482,UPDATE,,
WINDOW_CHANNEL,17011,1,576,REFUGE_Valid,64,SEARCH,OD,34,82.18807069964758,81.94441036550229,-0.24366033414528943,-8.28445136093979,82.18807069964758,UPDATE,,
WINDOW_CHANNEL,17011,1,576,REFUGE_Valid,64,SEARCH,OC,34,67.22547236719355,67.16631932883362,-0.05915303835992347,-2.011203304237135,67.22547236719355,UPDATE,,
WINDOW_CHANNEL,17011,1,576,REFUGE_Valid,64,SEALED_REVIEW,OD,26,79.84680985512321,79.60508481275733,-0.24172504236588566,-6.284851101513169,79.84680985512321,UPDATE,,
WINDOW_CHANNEL,17011,1,704,REFUGE_Valid,256,SEARCH,OC,158,62.58968712766031,62.29053211158445,-0.2991550160758649,-47.2664925399863,62.29053211158445,HOLD,,
WINDOW_CHANNEL,17011,1,704,REFUGE_Valid,256,SEALED_REVIEW,OD,79,81.17511284743922,81.16727657364791,-0.007836273791312465,-0.619065629513166,81.17511284743922,UPDATE,,
WINDOW_CHANNEL,17011,1,704,REFUGE_Valid,256,SEALED_REVIEW,OC,79,62.70709526927285,62.33472749682766,-0.3723677724451875,-29.417054023170166,62.70709526927285,UPDATE,,
WINDOW_CHANNEL,17011,1,832,REFUGE_Valid,256,SEARCH,OD,145,82.5410962182514,79.6036331856475,-2.937463032603901,-425.9321397275663,82.5410962182514,UPDATE,,
WINDOW_CHANNEL,17011,1,832,REFUGE_Valid,256,SEARCH,OC,145,65.00769091343473,60.26370411181211,-4.7439868016226185,-687.8780862352801,65.00769091343473,UPDATE,,
WINDOW_CHANNEL,17011,1,832,REFUGE_Valid,256,SEALED_REVIEW,OD,84,82.28440583052404,78.56789739925091,-3.7165084312731267,-312.18670822694327,82.28440583052404,UPDATE,,
WINDOW_CHANNEL,17011,1,832,REFUGE_Valid,256,SEALED_REVIEW,OC,84,62.36267356538528,57.02980553315666,-5.3328680322286175,-447.9609147072042,62.36267356538528,UPDATE,,
WINDOW_CHANNEL,17011,1,960,ORIGA,64,SEARCH,OD,34,85.69663072264682,84.45149573748164,-1.2451349851651798,-42.33458949561606,85.69663072264682,UPDATE,,
WINDOW_CHANNEL,17011,1,960,ORIGA,64,SEARCH,OC,34,67.70328599954867,65.83996920476761,-1.8633167947810563,-63.35277102255601,67.70328599954867,UPDATE,,
WINDOW_CHANNEL,17011,1,960,ORIGA,64,SEALED_REVIEW,OD,22,84.36895535837974,83.01979504201208,-1.3491603163676587,-29.68152696008864,84.36895535837974,UPDATE,,
WINDOW_CHANNEL,17011,1,960,ORIGA,64,SEALED_REVIEW,OC,22,64.90136453401514,62.9267113912601,-1.974653142755045,-43.442369140610964,64.90136453401514,UPDATE,,
WINDOW_CHANNEL,17011,1,960,ORIGA,256,SEARCH,OD,134,85.34194524377713,81.96468013466054,-3.3772651091165926,-452.5535246216225,85.34194524377713,UPDATE,,
WINDOW_CHANNEL,17011,1,960,ORIGA,256,SEARCH,OC,134,66.29920663216981,61.685961336463706,-4.613245295706108,-618.1748696246178,66.29920663216981,UPDATE,,
WINDOW_CHANNEL,17011,1,960,ORIGA,256,SEALED_REVIEW,OD,91,86.04054981433411,82.67636228519368,-3.3641875291404375,-306.1410651517795,86.04054981433411,UPDATE,,
WINDOW_CHANNEL,17011,1,960,ORIGA,256,SEALED_REVIEW,OC,91,69.61579994995253,64.80024824899573,-4.815551700956803,-438.21520478706896,69.61579994995253,UPDATE,,
WINDOW_CHANNEL,17011,1,1088,ORIGA,64,SEARCH,OD,37,84.76485384065168,84.24039355771804,-0.5244602829336458,-19.405030468544894,84.76485384065168,UPDATE,,
WINDOW_CHANNEL,17011,1,1088,ORIGA,64,SEARCH,OC,37,60.7667844796571,59.92616279556874,-0.8406216840883545,-31.103002311269233,60.7667844796571,UPDATE,,
WINDOW_CHANNEL,17011,1,1088,ORIGA,64,SEALED_REVIEW,OD,25,89.35966247561545,88.91280348022276,-0.44685899539268803,-11.171474884817329,89.35966247561545,UPDATE,,
WINDOW_CHANNEL,17011,1,1088,ORIGA,64,SEALED_REVIEW,OC,25,74.93605164732232,74.2011232263197,-0.7349284210026212,-18.373210525065602,74.93605164732232,UPDATE,,
WINDOW_CHANNEL,17011,1,1088,ORIGA,256,SEARCH,OD,142,86.80843689328647,85.47290056143761,-1.3355363318488571,-189.64615912253709,86.80843689328647,UPDATE,,
WINDOW_CHANNEL,17011,1,1088,ORIGA,256,SEARCH,OC,142,67.78982214874155,65.48851298849735,-2.3013091602442017,-326.7859007546779,67.78982214874155,UPDATE,,
WINDOW_CHANNEL,17011,1,1088,ORIGA,256,SEALED_REVIEW,OD,93,86.74685620190752,85.50391948838163,-1.2429367135258929,-115.59311435790838,86.74685620190752,UPDATE,,
WINDOW_CHANNEL,17011,1,1088,ORIGA,256,SEALED_REVIEW,OC,93,70.62633788065423,68.79582036013771,-1.8305175205165227,-170.23812940803612,70.62633788065423,UPDATE,,
WINDOW_CHANNEL,17011,1,1216,ORIGA,64,SEARCH,OD,36,87.2962729148322,86.91272391394887,-0.38354900088333466,-13.807764031800076,87.2962729148322,UPDATE,,
WINDOW_CHANNEL,17011,1,1216,ORIGA,64,SEARCH,OC,36,68.70007372307134,67.94709592918919,-0.7529777938821525,-27.107200579757333,68.70007372307134,UPDATE,,
WINDOW_CHANNEL,17011,1,1216,ORIGA,64,SEALED_REVIEW,OD,24,85.51149871103155,85.18064210458905,-0.33085660644249515,-7.940558554619884,85.51149871103155,UPDATE,,
WINDOW_CHANNEL,17011,1,1216,ORIGA,64,SEALED_REVIEW,OC,24,68.48018931058083,68.14989198794288,-0.3302973226379464,-7.927135743310544,68.48018931058083,UPDATE,,
WINDOW_CHANNEL,17011,1,1216,ORIGA,256,SEARCH,OD,147,89.40148064189947,88.80421752626613,-0.5972631156333392,-87.79767799809977,89.40148064189947,UPDATE,,
WINDOW_CHANNEL,17011,1,1216,ORIGA,256,SEARCH,OC,147,71.5940038332725,70.64151543628107,-0.9524883969914271,-140.01579435774158,71.5940038332725,UPDATE,,
WINDOW_CHANNEL,17011,1,1216,ORIGA,256,SEALED_REVIEW,OD,89,89.13160086704218,88.74260370175371,-0.3889971652884725,-34.620747710674664,89.13160086704218,UPDATE,,
WINDOW_CHANNEL,17011,1,1216,ORIGA,256,SEALED_REVIEW,OC,89,72.89131660018958,72.43850199605274,-0.45281460413684727,-40.3004997681795,72.89131660018958,UPDATE,,
WINDOW_CHANNEL,17011,1,1344,ORIGA,64,SEARCH,OD,35,88.8840255554602,88.71104098827092,-0.17298456718927469,-6.054459851624628,88.8840255554602,UPDATE,,
WINDOW_CHANNEL,17011,1,1344,ORIGA,64,SEARCH,OC,35,70.26643454672418,70.00830245927041,-0.2581320874537738,-9.034623060881948,70.26643454672418,UPDATE,,
WINDOW_CHANNEL,17011,1,1344,ORIGA,64,SEALED_REVIEW,OD,21,89.13673025383969,89.03107475840818,-0.1056554954315061,-2.2187654040615854,89.13673025383969,UPDATE,,
WINDOW_CHANNEL,17011,1,1344,ORIGA,64,SEALED_REVIEW,OC,21,75.96163523123792,75.81807328356886,-0.14356194766905617,-3.0148009010503642,75.96163523123792,UPDATE,,
WINDOW_CHANNEL,17011,1,1344,ORIGA,256,SEARCH,OC,141,77.01979661346913,76.89297220574113,-0.12682440772799453,-17.882241489647228,77.01979661346913,UPDATE,,
WINDOW_CHANNEL,17011,1,1344,ORIGA,256,SEALED_REVIEW,OC,91,77.63709677327229,77.51665138535117,-0.12044538792112292,-10.960530300822718,77.63709677327229,UPDATE,,
WINDOW_CHANNEL,17011,1,1472,ORIGA,64,SEARCH,OC,31,77.43524929779036,77.34099276218637,-0.09425653560398928,-2.921952603723753,77.43524929779036,UPDATE,,
WINDOW_CHANNEL,17011,1,1472,ORIGA,64,SEALED_REVIEW,OC,25,77.82459985884924,77.66840720205165,-0.15619265679758598,-3.904816419939806,77.82459985884924,UPDATE,,
WINDOW_CHANNEL,17011,1,1600,REFUGE,64,SEARCH,OD,35,90.78485975617089,90.72468682596167,-0.060172930209219544,-2.1060525573230677,90.78485975617089,UPDATE,,
WINDOW_CHANNEL,17011,1,1600,REFUGE,64,SEARCH,OC,35,81.46381707705548,81.4092607670241,-0.054556310031387056,-1.909470851098419,81.46381707705548,UPDATE,,
WINDOW_CHANNEL,17011,1,1600,REFUGE,64,SEALED_REVIEW,OD,19,89.90057878095878,89.88487940312699,-0.01569937783179398,-0.2982881788041425,89.90057878095878,UPDATE,,
WINDOW_CHANNEL,17011,1,1600,REFUGE,64,SEALED_REVIEW,OC,19,79.42998135172915,79.36597881873269,-0.06400253299646863,-1.2160481269328471,79.42998135172915,UPDATE,,
WINDOW_CHANNEL,17011,1,1600,REFUGE,256,SEARCH,OD,125,91.35990156683104,91.14928582453007,-0.21061574230097335,-26.3269677876213,91.35990156683104,UPDATE,,
WINDOW_CHANNEL,17011,1,1600,REFUGE,256,SEARCH,OC,125,80.62868022120368,80.26360188521295,-0.3650783359907308,-45.63479199884092,80.62868022120368,UPDATE,,
WINDOW_CHANNEL,17011,1,1600,REFUGE,256,SEALED_REVIEW,OD,85,90.30137807679097,90.06219599370824,-0.23918208308272426,-20.330477062030937,90.30137807679097,UPDATE,,
WINDOW_CHANNEL,17011,1,1600,REFUGE,256,SEALED_REVIEW,OC,85,79.41951209836121,78.93451837918164,-0.48499371917957035,-41.224466130263835,79.41951209836121,UPDATE,,
WINDOW_CHANNEL,17011,1,1728,REFUGE,64,SEARCH,OC,27,79.60282612495729,79.52723758577339,-0.0755885391838973,-2.0408905579651417,79.60282612495729,UPDATE,,
WINDOW_CHANNEL,17011,1,1728,REFUGE,64,SEALED_REVIEW,OC,23,79.45786862391668,79.36913327873862,-0.08873534517806547,-2.0409129390956195,79.45786862391668,UPDATE,,
WINDOW_CHANNEL,29009,0,64,REFUGE,64,SEARCH,OC,32,84.44675574601602,83.79902078583721,-0.6477349601788092,-20.727518725721666,84.44675574601602,UPDATE,,
WINDOW_CHANNEL,29009,0,64,REFUGE,64,SEALED_REVIEW,OD,23,88.4023223155869,88.3970893592439,-0.005232956342993589,-0.12035799588883833,88.4023223155869,UPDATE,,
WINDOW_CHANNEL,29009,0,64,REFUGE,64,SEALED_REVIEW,OC,23,81.35952675180219,80.7570824572792,-0.6024442945229964,-13.856218774029003,81.35952675180219,UPDATE,,
WINDOW_CHANNEL,29009,0,64,REFUGE,256,SEARCH,OC,120,84.47354731859033,84.02984229837502,-0.44370502021531877,-53.24460242583724,84.47354731859033,UPDATE,,
WINDOW_CHANNEL,29009,0,64,REFUGE,256,SEALED_REVIEW,OC,89,83.48511120093396,82.88450694040513,-0.6006042605288258,-53.45377918706538,83.48511120093396,UPDATE,,
WINDOW_CHANNEL,29009,0,192,REFUGE,64,SEARCH,OD,28,87.1690389333982,87.1540242926299,-0.015014640768299614,-0.42040994151260236,87.1690389333982,UPDATE,,
WINDOW_CHANNEL,29009,0,192,REFUGE,64,SEARCH,OC,28,84.67607298662308,84.44578440231126,-0.23028858431182186,-6.448080360730955,84.67607298662308,UPDATE,,
WINDOW_CHANNEL,29009,0,192,REFUGE,64,SEALED_REVIEW,OC,21,85.88169987174831,85.71778214149474,-0.1639177302535728,-3.44227233532488,85.88169987174831,UPDATE,,
WINDOW_CHANNEL,29009,0,192,REFUGE,256,SEARCH,OD,119,86.0146907115809,85.4110858850587,-0.6036048265222007,-71.82897435614184,86.0146907115809,UPDATE,,
WINDOW_CHANNEL,29009,0,192,REFUGE,256,SEARCH,OC,119,79.86450496764073,78.97460457070974,-0.8899003969309831,-105.89814723478818,79.86450496764073,UPDATE,,
WINDOW_CHANNEL,29009,0,192,REFUGE,256,SEALED_REVIEW,OD,91,85.90571320328186,85.07608364079567,-0.8296295624861898,-75.49629018624398,85.90571320328186,UPDATE,,
WINDOW_CHANNEL,29009,0,192,REFUGE,256,SEALED_REVIEW,OC,91,80.36571203258059,79.35829092179635,-1.007421110784236,-91.67532108136545,80.36571203258059,UPDATE,,
WINDOW_CHANNEL,29009,0,320,REFUGE,64,SEALED_REVIEW,OC,25,83.7679262845082,83.64196442343992,-0.12596186106829066,-3.1490465267070817,83.7679262845082,UPDATE,,
WINDOW_CHANNEL,29009,0,320,REFUGE,256,SEARCH,OD,133,84.5802865968224,79.70384175871118,-4.876444838111226,-648.5671634687918,84.5802865968224,UPDATE,,
WINDOW_CHANNEL,29009,0,320,REFUGE,256,SEARCH,OC,133,71.90001412103973,65.42252524584754,-6.4774888751921935,-861.5060204005616,71.90001412103973,UPDATE,,
WINDOW_CHANNEL,29009,0,320,REFUGE,256,SEALED_REVIEW,OD,89,84.65655938844301,79.12757757037996,-5.528981818063059,-492.0793818076123,84.65655938844301,UPDATE,,
WINDOW_CHANNEL,29009,0,320,REFUGE,256,SEALED_REVIEW,OC,89,71.8385023043128,65.06217467691789,-6.776327627394906,-603.0931588381465,71.8385023043128,UPDATE,,
WINDOW_CHANNEL,29009,0,448,ORIGA,64,SEARCH,OD,35,84.51728940787832,82.32146940747907,-2.1958200003992516,-76.85370001397368,84.51728940787832,UPDATE,,
WINDOW_CHANNEL,29009,0,448,ORIGA,64,SEARCH,OC,35,69.98985404283135,66.91493631530008,-3.074917727531272,-107.62212046359484,69.98985404283135,UPDATE,,
WINDOW_CHANNEL,29009,0,448,ORIGA,64,SEALED_REVIEW,OD,22,84.35026893328669,81.18313759625013,-3.167131337036551,-69.67688941480415,84.35026893328669,UPDATE,,
WINDOW_CHANNEL,29009,0,448,ORIGA,64,SEALED_REVIEW,OC,22,69.0514432383026,65.09971184047436,-3.9517313978282402,-86.93809075222137,69.0514432383026,UPDATE,,
WINDOW_CHANNEL,29009,0,448,ORIGA,256,SEARCH,OD,137,85.36316746353845,80.01826904889495,-5.344898414643495,-732.2510828061581,85.36316746353845,UPDATE,,
WINDOW_CHANNEL,29009,0,448,ORIGA,256,SEARCH,OC,137,68.96704650941396,62.628104327035146,-6.3389421823788155,-868.4350789858968,68.96704650941396,UPDATE,,
WINDOW_CHANNEL,29009,0,448,ORIGA,256,SEALED_REVIEW,OD,90,86.46018328660051,80.77386485278728,-5.686318433813227,-511.76865904319027,86.46018328660051,UPDATE,,
WINDOW_CHANNEL,29009,0,448,ORIGA,256,SEALED_REVIEW,OC,90,72.47101322275891,65.78616820899258,-6.684845013766335,-601.6360512389704,72.47101322275891,UPDATE,,
WINDOW_CHANNEL,29009,0,576,ORIGA,64,SEARCH,OD,38,85.77079890782925,85.12525106629373,-0.6455478415355174,-24.53081797834996,85.77079890782925,UPDATE,,
WINDOW_CHANNEL,29009,0,576,ORIGA,64,SEARCH,OC,38,65.71089879845862,65.05789659593577,-0.6530022025228419,-24.81408369586771,65.71089879845862,UPDATE,,
WINDOW_CHANNEL,29009,0,576,ORIGA,64,SEALED_REVIEW,OD,24,90.01230435292265,89.38691906105973,-0.6253852918629264,-15.009247004710346,90.01230435292265,UPDATE,,
WINDOW_CHANNEL,29009,0,576,ORIGA,64,SEALED_REVIEW,OC,24,79.50137714942878,78.95722438409376,-0.5441527653350136,-13.059666368040567,79.50137714942878,UPDATE,,
WINDOW_CHANNEL,29009,0,576,ORIGA,256,SEARCH,OD,140,87.75221947362046,86.11085424994712,-1.6413652236733327,-229.7911313142655,87.75221947362046,UPDATE,,
WINDOW_CHANNEL,29009,0,576,ORIGA,256,SEARCH,OC,140,70.77240427171454,68.52232987372125,-2.250074397993288,-315.010415719061,70.77240427171454,UPDATE,,
WINDOW_CHANNEL,29009,0,576,ORIGA,256,SEALED_REVIEW,OD,95,87.86408723866326,86.1870099550851,-1.677077283578157,-159.3223419399246,87.86408723866326,UPDATE,,
WINDOW_CHANNEL,29009,0,576,ORIGA,256,SEALED_REVIEW,OC,95,73.7687795353744,71.780250433963,-1.9885291014114017,-188.9102646340831,73.7687795353744,UPDATE,,
WINDOW_CHANNEL,29009,0,704,ORIGA,64,SEARCH,OD,32,89.41347894961677,89.09754434622319,-0.31593460339358614,-10.109907308594416,89.41347894961677,UPDATE,,
WINDOW_CHANNEL,29009,0,704,ORIGA,64,SEARCH,OC,32,71.63771654643809,71.11978924875832,-0.517927297679762,-16.5736735257522,71.63771654643809,UPDATE,,
WINDOW_CHANNEL,29009,0,704,ORIGA,64,SEALED_REVIEW,OD,27,88.0643605498777,87.80711680044863,-0.25724374942907957,-6.945581234585475,88.0643605498777,UPDATE,,
WINDOW_CHANNEL,29009,0,704,ORIGA,64,SEALED_REVIEW,OC,27,71.94180600385486,71.54263956056346,-0.3991664432914064,-10.777493968867766,71.94180600385486,UPDATE,,
WINDOW_CHANNEL,29009,0,704,ORIGA,256,SEARCH,OD,143,90.20507522179186,89.39718691795221,-0.8078883038396469,-115.52802744906946,90.20507522179186,UPDATE,,
WINDOW_CHANNEL,29009,0,704,ORIGA,256,SEARCH,OC,143,73.40917913821737,72.5773673851392,-0.8318117530781706,-118.9490806901789,73.40917913821737,UPDATE,,
WINDOW_CHANNEL,29009,0,704,ORIGA,256,SEALED_REVIEW,OD,91,90.05160988385926,89.35500752539272,-0.6966023584665351,-63.39081462045529,90.05160988385926,UPDATE,,
WINDOW_CHANNEL,29009,0,704,ORIGA,256,SEALED_REVIEW,OC,91,74.82961636833195,74.36399427140282,-0.46562209692913825,-42.37161082055105,74.82961636833195,UPDATE,,
WINDOW_CHANNEL,29009,0,832,ORIGA,64,SEARCH,OD,38,89.72603312042465,89.4487239950196,-0.27730912540503994,-10.537746765391319,89.72603312042465,UPDATE,,
WINDOW_CHANNEL,29009,0,832,ORIGA,64,SEARCH,OC,38,72.39802872019193,72.18794726510097,-0.21008145509095755,-7.983095293456124,72.39802872019193,UPDATE,,
WINDOW_CHANNEL,29009,0,832,ORIGA,64,SEALED_REVIEW,OD,20,90.24095576744354,90.10356029206432,-0.13739547537922192,-2.7479095075843816,90.24095576744354,UPDATE,,
WINDOW_CHANNEL,29009,0,832,ORIGA,64,SEALED_REVIEW,OC,20,78.40876379395236,78.33598626329724,-0.0727775306551166,-1.4555506131023321,78.40876379395236,UPDATE,,
WINDOW_CHANNEL,29009,0,832,ORIGA,256,SEARCH,OD,140,89.29196735395844,89.07169689598021,-0.22027045797823064,-30.837864116951387,89.29196735395844,UPDATE,,
WINDOW_CHANNEL,29009,0,832,ORIGA,256,SEARCH,OC,140,72.39173188117934,72.1614921727349,-0.23023970844444364,-32.23355918222253,72.39173188117934,UPDATE,,
WINDOW_CHANNEL,29009,0,832,ORIGA,256,SEALED_REVIEW,OD,95,90.5691353886504,90.4189824501005,-0.1501529385498941,-14.26452916223959,90.5691353886504,UPDATE,,
WINDOW_CHANNEL,29009,0,832,ORIGA,256,SEALED_REVIEW,OC,95,76.54471437457286,76.50455254734258,-0.04016182723027839,-3.815373586876568,76.54471437457286,UPDATE,,
WINDOW_CHANNEL,29009,0,960,ORIGA,64,SEARCH,OD,33,92.9663389810599,92.80235260820781,-0.1639863728520936,-5.411550304118961,92.9663389810599,UPDATE,,
WINDOW_CHANNEL,29009,0,960,ORIGA,64,SEARCH,OC,33,75.27209995634102,75.09090481134194,-0.18119514499908007,-5.979439784969792,75.27209995634102,UPDATE,,
WINDOW_CHANNEL,29009,0,960,ORIGA,64,SEALED_REVIEW,OD,24,93.47213716229204,93.29479975379306,-0.17733740849898538,-4.256097803975777,93.47213716229204,UPDATE,,
WINDOW_CHANNEL,29009,0,960,ORIGA,64,SEALED_REVIEW,OC,24,77.3140375845593,77.08331071507399,-0.2307268694853093,-5.537444867647281,77.3140375845593,UPDATE,,
WINDOW_CHANNEL,29009,0,960,ORIGA,256,SEARCH,OD,137,83.18963990313259,83.14428189974487,-0.04535800338771878,-6.214046464118965,83.14428189974487,HOLD,,
WINDOW_CHANNEL,29009,0,1088,REFUGE_Valid,64,SEARCH,OD,37,78.82101580604622,78.5100721108156,-0.3109436952306197,-11.504916723533007,78.82101580604622,UPDATE,,
WINDOW_CHANNEL,29009,0,1088,REFUGE_Valid,64,SEALED_REVIEW,OD,22,80.98715346723985,80.90990300267379,-0.07725046456606321,-1.6995102204532202,80.90990300267379,HOLD,,
WINDOW_CHANNEL,29009,0,1216,REFUGE_Valid,64,SEARCH,OD,31,77.68254343178114,77.63052945706724,-0.052013974713901234,-1.6124332161311443,77.68254343178114,UPDATE,,
WINDOW_CHANNEL,29009,0,1216,REFUGE_Valid,64,SEALED_REVIEW,OD,27,78.60398895783761,78.51301606814077,-0.09097288969684314,-2.456268021814843,78.60398895783761,UPDATE,,
WINDOW_CHANNEL,29009,0,1216,REFUGE_Valid,256,SEARCH,OD,127,78.611921739141,78.46417439377025,-0.14774734537074607,-18.76391286208557,78.46417439377025,HOLD,,
WINDOW_CHANNEL,29009,0,1216,REFUGE_Valid,256,SEALED_REVIEW,OD,104,79.46292394659542,79.34770525390482,-0.11521869269060403,-11.982744039822443,79.34770525390482,HOLD,,
WINDOW_CHANNEL,29009,0,1344,REFUGE_Valid,64,SEARCH,OD,37,78.96273614783539,78.77025310397607,-0.19248304385931192,-7.121872622794697,78.96273614783539,UPDATE,,
WINDOW_CHANNEL,29009,0,1344,REFUGE_Valid,64,SEALED_REVIEW,OD,21,79.18347257217616,79.00039238561641,-0.18308018655974934,-3.844683917754864,79.18347257217616,UPDATE,,
WINDOW_CHANNEL,29009,0,1344,REFUGE_Valid,64,SEALED_REVIEW,OC,21,61.365126145709525,61.351760346020306,-0.01336579968921825,-0.2806817934735193,61.365126145709525,UPDATE,,
WINDOW_CHANNEL,29009,0,1600,REFUGE_Valid,64,SEARCH,OD,33,77.09486063236899,76.94781957754819,-0.14704105482080365,-4.852354809086272,77.09486063236899,UPDATE,,
WINDOW_CHANNEL,29009,0,1856,Drishti_GS,64,SEARCH,OC,14,71.74619065679038,71.69387512594966,-0.052315530840715496,-0.732417431770017,71.74619065679038,UPDATE,,
WINDOW_CHANNEL,29009,0,1856,Drishti_GS,64,SEALED_REVIEW,OC,10,62.861311449902516,62.7428065425874,-0.11850490731511343,-1.1850490731510845,62.861311449902516,UPDATE,,
WINDOW_CHANNEL,29009,1,64,Drishti_GS,64,SEARCH,OD,22,82.53846330613018,82.23509255512099,-0.3033707510091972,-6.674156522202374,82.53846330613018,UPDATE,,
WINDOW_CHANNEL,29009,1,64,Drishti_GS,64,SEARCH,OC,22,62.7376639354212,62.49224254740482,-0.24542138801638202,-5.399270536360397,62.7376639354212,UPDATE,,
WINDOW_CHANNEL,29009,1,64,Drishti_GS,64,SEALED_REVIEW,OD,18,85.78025637515391,85.6271762020893,-0.15308017306460897,-2.755443115163075,85.78025637515391,UPDATE,,
WINDOW_CHANNEL,29009,1,64,Drishti_GS,64,SEALED_REVIEW,OC,18,67.04549495811258,66.86987021433292,-0.17562474377966453,-3.1612453880339544,67.04549495811258,UPDATE,,
WINDOW_CHANNEL,29009,1,64,Drishti_GS,256,SEARCH,OD,124,82.28520323486279,81.71337353003179,-0.5718297048310035,-70.90688339904491,82.28520323486279,UPDATE,,
WINDOW_CHANNEL,29009,1,576,REFUGE_Valid,64,SEARCH,OD,34,81.10566151930936,81.08943974047772,-0.016221778831649658,-0.5515404802760528,81.08943974047772,HOLD,,
WINDOW_CHANNEL,29009,1,576,REFUGE_Valid,64,SEALED_REVIEW,OD,26,78.79801668434943,78.78632498882371,-0.011691695525726686,-0.3039840836689578,78.78632498882371,HOLD,,
WINDOW_CHANNEL,29009,1,704,REFUGE_Valid,256,SEARCH,OC,158,62.40041088094198,62.14156967569982,-0.25884120524216314,-40.89691042826154,62.14156967569982,HOLD,,
WINDOW_CHANNEL,29009,1,704,REFUGE_Valid,256,SEALED_REVIEW,OC,79,62.3766355726243,62.21710995987766,-0.15952561274664134,-12.602523406984494,62.3766355726243,UPDATE,,
WINDOW_CHANNEL,29009,1,832,REFUGE_Valid,256,SEARCH,OD,145,82.01569585211645,79.0698589348844,-2.9458369172320573,-427.14635299864847,82.01569585211645,UPDATE,,
WINDOW_CHANNEL,29009,1,832,REFUGE_Valid,256,SEARCH,OC,145,64.38097256999077,59.80767631004905,-4.573296259941728,-663.127957691551,64.38097256999077,UPDATE,,
WINDOW_CHANNEL,29009,1,832,REFUGE_Valid,256,SEALED_REVIEW,OD,84,81.73005392058927,77.8069685918702,-3.9230853287190683,-329.53916761240185,81.73005392058927,UPDATE,,
WINDOW_CHANNEL,29009,1,832,REFUGE_Valid,256,SEALED_REVIEW,OC,84,61.43392519797025,56.300694493962894,-5.133230704007353,-431.1913791366178,61.43392519797025,UPDATE,,
WINDOW_CHANNEL,29009,1,960,ORIGA,64,SEARCH,OD,34,85.37497302663692,83.99310554681969,-1.381867479817231,-46.98349431378564,85.37497302663692,UPDATE,,
WINDOW_CHANNEL,29009,1,960,ORIGA,64,SEARCH,OC,34,66.59080680609483,64.58053083903847,-2.0102759670563586,-68.3493828799165,66.59080680609483,UPDATE,,
WINDOW_CHANNEL,29009,1,960,ORIGA,64,SEALED_REVIEW,OD,22,84.03120077592807,82.37995704977011,-1.6512437261579578,-36.32736197547502,84.03120077592807,UPDATE,,
WINDOW_CHANNEL,29009,1,960,ORIGA,64,SEALED_REVIEW,OC,22,63.46147194382695,61.241017264391004,-2.220454679435946,-48.85000294759088,63.46147194382695,UPDATE,,
WINDOW_CHANNEL,29009,1,960,ORIGA,256,SEARCH,OD,134,85.08324928737537,81.62938397545722,-3.4538653119181504,-462.81795179703215,85.08324928737537,UPDATE,,
WINDOW_CHANNEL,29009,1,960,ORIGA,256,SEARCH,OC,134,65.25076453987549,60.5297065493284,-4.721057990547088,-632.6217707333094,65.25076453987549,UPDATE,,
WINDOW_CHANNEL,29009,1,960,ORIGA,256,SEALED_REVIEW,OD,91,85.64081291694099,82.18556274233119,-3.4552501746098017,-314.42776588949283,85.64081291694099,UPDATE,,
WINDOW_CHANNEL,29009,1,960,ORIGA,256,SEALED_REVIEW,OC,91,68.4313802565689,63.43940163712493,-4.9919786194439695,-454.2700543694004,68.4313802565689,UPDATE,,
WINDOW_CHANNEL,29009,1,1088,ORIGA,64,SEARCH,OD,37,84.59096294634647,84.323528822635,-0.26743412371146746,-9.895062577324552,84.59096294634647,UPDATE,,
WINDOW_CHANNEL,29009,1,1088,ORIGA,64,SEARCH,OC,37,59.81637802969411,59.15689003613542,-0.6594879935586846,-24.401055761671255,59.81637802969411,UPDATE,,
WINDOW_CHANNEL,29009,1,1088,ORIGA,64,SEALED_REVIEW,OD,25,89.21210011401135,88.9167374129976,-0.29536270101374384,-7.384067525343795,89.21210011401135,UPDATE,,
WINDOW_CHANNEL,29009,1,1088,ORIGA,64,SEALED_REVIEW,OC,25,74.17403848687424,73.50403348735837,-0.6700049995158679,-16.75012498789649,74.17403848687424,UPDATE,,
WINDOW_CHANNEL,29009,1,1088,ORIGA,256,SEARCH,OD,142,86.20365523632884,85.21492220989371,-0.9887330264351277,-140.40008975378987,86.20365523632884,UPDATE,,
WINDOW_CHANNEL,29009,1,1088,ORIGA,256,SEARCH,OC,142,66.5260211811188,64.38197721096853,-2.144043970150264,-304.4542437613367,66.5260211811188,UPDATE,,
WINDOW_CHANNEL,29009,1,1088,ORIGA,256,SEALED_REVIEW,OD,93,86.11213722542884,85.2761790024301,-0.835958222998741,-77.74411473888321,86.11213722542884,UPDATE,,
WINDOW_CHANNEL,29009,1,1088,ORIGA,256,SEALED_REVIEW,OC,93,69.5430965407384,67.968108736189,-1.5749878045494086,-146.47386582309557,69.5430965407384,UPDATE,,
WINDOW_CHANNEL,29009,1,1216,ORIGA,64,SEARCH,OD,36,86.60598466681283,86.21002237031192,-0.39596229650091175,-14.254642674033022,86.60598466681283,UPDATE,,
WINDOW_CHANNEL,29009,1,1216,ORIGA,64,SEARCH,OC,36,67.2850634470747,66.52465004478526,-0.7604134022894442,-27.37488248241956,67.2850634470747,UPDATE,,
WINDOW_CHANNEL,29009,1,1216,ORIGA,64,SEALED_REVIEW,OD,24,84.59198846417789,84.2632801405639,-0.32870832361399493,-7.8889997667359495,84.59198846417789,UPDATE,,
WINDOW_CHANNEL,29009,1,1216,ORIGA,64,SEALED_REVIEW,OC,24,67.34675766840171,66.98522452637812,-0.361533142023589,-8.676795408566065,67.34675766840171,UPDATE,,
WINDOW_CHANNEL,29009,1,1216,ORIGA,256,SEARCH,OD,147,88.67762827613896,88.18280949630753,-0.49481877983143363,-72.7383606352215,88.67762827613896,UPDATE,,
WINDOW_CHANNEL,29009,1,1216,ORIGA,256,SEARCH,OC,147,70.31150170270456,69.46346724818736,-0.8480344545172045,-124.66106481402973,70.31150170270456,UPDATE,,
WINDOW_CHANNEL,29009,1,1216,ORIGA,256,SEALED_REVIEW,OD,89,88.3656017201108,88.11278043260195,-0.25282128750885136,-22.5010945882878,88.3656017201108,UPDATE,,
WINDOW_CHANNEL,29009,1,1216,ORIGA,256,SEALED_REVIEW,OC,89,71.8223649110168,71.44293673775688,-0.3794281732599245,-33.76910742013364,71.8223649110168,UPDATE,,
WINDOW_CHANNEL,29009,1,1344,ORIGA,64,SEARCH,OD,35,87.88776667185452,87.76189680155795,-0.12586987029656882,-4.405445460379809,87.88776667185452,UPDATE,,
WINDOW_CHANNEL,29009,1,1344,ORIGA,64,SEARCH,OC,35,68.45303249136619,68.23575380425244,-0.21727868711374754,-7.604754048981178,68.45303249136619,UPDATE,,
WINDOW_CHANNEL,29009,1,1344,ORIGA,64,SEALED_REVIEW,OD,21,88.19442158106443,88.16774518233568,-0.02667639872875327,-0.5602043733038755,88.19442158106443,UPDATE,,
WINDOW_CHANNEL,29009,1,1344,ORIGA,64,SEALED_REVIEW,OC,21,74.31385970009603,74.17865649233987,-0.13520320775616312,-2.839267362879454,74.31385970009603,UPDATE,,
WINDOW_CHANNEL,29009,1,1344,ORIGA,256,SEARCH,OC,141,76.33001625883372,76.22757012483119,-0.102446134002534,-14.444904894356888,76.33001625883372,UPDATE,,
WINDOW_CHANNEL,29009,1,1344,ORIGA,256,SEALED_REVIEW,OC,91,76.89215588680587,76.82353434656167,-0.06862154024419453,-6.244560162222498,76.82353434656167,HOLD,,
WINDOW_CHANNEL,29009,1,1472,ORIGA,64,SEARCH,OC,31,77.03390353682018,76.82323977162557,-0.21066376519461016,-6.530576721032816,77.03390353682018,UPDATE,,
WINDOW_CHANNEL,29009,1,1472,ORIGA,64,SEALED_REVIEW,OC,25,77.46061487776088,77.27489501505251,-0.1857198627083676,-4.642996567709346,77.46061487776088,UPDATE,,
WINDOW_CHANNEL,29009,1,1600,REFUGE,64,SEARCH,OD,35,90.28714186880589,90.28340910415643,-0.003732764649456044,-0.13064676273106102,90.28340910415643,HOLD,,
WINDOW_CHANNEL,29009,1,1600,REFUGE,64,SEALED_REVIEW,OC,19,79.33698805701296,79.30424549140942,-0.03274256560354161,-0.6221087464673687,79.33698805701296,UPDATE,,
WINDOW_CHANNEL,29009,1,1600,REFUGE,256,SEARCH,OD,125,90.96036557333781,90.60366617519566,-0.3566993981421547,-44.58742476776796,90.96036557333781,UPDATE,,
WINDOW_CHANNEL,29009,1,1600,REFUGE,256,SEARCH,OC,125,80.62143830709404,80.33930809659591,-0.28213021049812426,-35.26627631226606,80.62143830709404,UPDATE,,
WINDOW_CHANNEL,29009,1,1600,REFUGE,256,SEALED_REVIEW,OD,85,89.69836440179576,89.31759149620557,-0.3807729055901916,-32.36569697516556,89.69836440179576,UPDATE,,
WINDOW_CHANNEL,29009,1,1600,REFUGE,256,SEALED_REVIEW,OC,85,79.28659674091946,78.86181050051519,-0.4247862404042735,-36.106830434363594,79.28659674091946,UPDATE,,
WINDOW_CHANNEL,29009,1,1728,REFUGE,64,SEARCH,OC,27,79.52894348820003,79.44605012836537,-0.08289335983465662,-2.238120715535743,79.52894348820003,UPDATE,,
WINDOW_CHANNEL,29009,1,1728,REFUGE,64,SEALED_REVIEW,OD,23,90.55289413315106,90.54296485147036,-0.009929281680697954,-0.22837347865608137,90.55289413315106,UPDATE,,
WINDOW_CHANNEL,29009,1,1728,REFUGE,64,SEALED_REVIEW,OC,23,79.25917287645036,79.14101671518482,-0.11815616126554573,-2.7175917091074666,79.25917287645036,UPDATE,,
WINDOW_CHANNEL,29009,1,1856,REFUGE,64,SEARCH,OD,31,88.92796736623943,88.87485326014843,-0.053114106091001645,-1.6465372888212357,88.92796736623943,UPDATE,,
WINDOW_CHANNEL,29009,1,1856,REFUGE,64,SEARCH,OC,31,78.52262253628993,78.46612570326468,-0.05649683302524977,-1.7514018237824303,78.52262253628993,UPDATE,,
WINDOW_CHANNEL,29009,1,1856,REFUGE,64,SEALED_REVIEW,OD,25,90.443080648071,90.41371970681607,-0.029360941254935824,-0.7340235313733103,90.443080648071,UPDATE,,
WINDOW_CHANNEL,29009,1,1856,REFUGE,64,SEALED_REVIEW,OC,25,83.07316429540253,83.02288643037662,-0.0502778650259188,-1.2569466256477853,83.07316429540253,UPDATE,,
FUTURE_DOMAIN_CHANNEL,20260907,0,64,REFUGE,64,SEARCH,OD,32,88.45499306912703,88.38141736151825,-0.07357570760878218,,,,REFUGE,
FUTURE_DOMAIN_CHANNEL,20260907,0,64,REFUGE,64,SEARCH,OC,32,84.5113084639358,83.95948101011817,-0.5518274538176371,,,,REFUGE,
FUTURE_DOMAIN_CHANNEL,20260907,0,64,REFUGE,64,SEALED_REVIEW,OD,23,88.683800587473,88.5480604047478,-0.1357401827252005,,,,REFUGE,
FUTURE_DOMAIN_CHANNEL,20260907,0,64,REFUGE,64,SEALED_REVIEW,OC,23,81.52693070933516,81.00532628294681,-0.5216044263883504,,,,REFUGE,
FUTURE_DOMAIN_CHANNEL,20260907,0,64,REFUGE,256,SEARCH,OD,120,88.50694546561279,88.19892877617742,-0.3080166894353624,,,,REFUGE,
FUTURE_DOMAIN_CHANNEL,20260907,0,64,REFUGE,256,SEARCH,OC,120,84.33883964808025,84.15179107342341,-0.187048574656842,,,,REFUGE,
FUTURE_DOMAIN_CHANNEL,20260907,0,64,REFUGE,256,SEALED_REVIEW,OD,89,88.47347551099668,88.11189650998726,-0.3615790010094173,,,,REFUGE,
FUTURE_DOMAIN_CHANNEL,20260907,0,64,REFUGE,256,SEALED_REVIEW,OC,89,83.24521298970026,83.11296631971754,-0.13224666998272028,,,,REFUGE,
FUTURE_DOMAIN_CHANNEL,20260907,0,192,REFUGE,64,SEARCH,OD,28,87.80875109480802,87.65575519922048,-0.15299589558753723,,,,REFUGE,
FUTURE_DOMAIN_CHANNEL,20260907,0,192,REFUGE,64,SEARCH,OC,28,84.71947137357375,84.4762170904533,-0.24325428312045005,,,,REFUGE,
FUTURE_DOMAIN_CHANNEL,20260907,0,192,REFUGE,64,SEALED_REVIEW,OC,21,85.67570328027132,85.55087677009158,-0.12482651017974433,,,,REFUGE,
FUTURE_DOMAIN_CHANNEL,20260907,0,192,REFUGE,256,SEARCH,OD,26,81.69575813706408,78.4081260362743,-3.2876321007897786,,,,ORIGA,
FUTURE_DOMAIN_CHANNEL,20260907,0,192,REFUGE,256,SEARCH,OD,93,88.15313602661112,87.96045651355452,-0.19267951305660347,,,,REFUGE,
FUTURE_DOMAIN_CHANNEL,20260907,0,192,REFUGE,256,SEARCH,OC,26,62.11928477865033,57.49693308589292,-4.622351692757412,,,,ORIGA,
FUTURE_DOMAIN_CHANNEL,20260907,0,192,REFUGE,256,SEALED_REVIEW,OD,18,80.19179704986598,75.09364443451098,-5.098152615355005,,,,ORIGA,
FUTURE_DOMAIN_CHANNEL,20260907,0,192,REFUGE,256,SEALED_REVIEW,OD,73,88.31218392043772,88.09652661233585,-0.21565730810186778,,,,REFUGE,
FUTURE_DOMAIN_CHANNEL,20260907,0,192,REFUGE,256,SEALED_REVIEW,OC,18,63.0036910351427,56.90459848824514,-6.099092546897559,,,,ORIGA,
FUTURE_DOMAIN_CHANNEL,20260907,0,192,REFUGE,256,SEALED_REVIEW,OC,73,84.75845554632633,84.67898564844312,-0.07946989788321446,,,,REFUGE,
FUTURE_DOMAIN_CHANNEL,20260907,0,320,REFUGE,64,SEARCH,OC,33,83.62764223414216,83.54820626410445,-0.0794359700377072,,,,REFUGE,
FUTURE_DOMAIN_CHANNEL,20260907,0,320,REFUGE,64,SEALED_REVIEW,OC,25,83.64641120886434,83.30755189343871,-0.33885931542562275,,,,REFUGE,
FUTURE_DOMAIN_CHANNEL,20260907,0,320,REFUGE,256,SEARCH,OD,94,84.24866527906252,76.70862895841658,-7.540036320645939,,,,ORIGA,
FUTURE_DOMAIN_CHANNEL,20260907,0,320,REFUGE,256,SEARCH,OC,94,67.9023680058214,57.58666402026092,-10.315703985560482,,,,ORIGA,
FUTURE_DOMAIN_CHANNEL,20260907,0,320,REFUGE,256,SEARCH,OC,39,84.08466386115185,84.049847456861,-0.034816404290850755,,,,REFUGE,
FUTURE_DOMAIN_CHANNEL,20260907,0,320,REFUGE,256,SEALED_REVIEW,OD,59,83.8709630883953,74.64451360635444,-9.226449482040863,,,,ORIGA,
FUTURE_DOMAIN_CHANNEL,20260907,0,320,REFUGE,256,SEALED_REVIEW,OC,59,67.13104193106815,54.84669997385394,-12.284341957214217,,,,ORIGA,
FUTURE_DOMAIN_CHANNEL,20260907,0,320,REFUGE,256,SEALED_REVIEW,OC,30,83.90285731136665,83.72499702330374,-0.17786028806290233,,,,REFUGE,
FUTURE_DOMAIN_CHANNEL,20260907,0,448,ORIGA,64,SEARCH,OD,35,85.5882587914629,83.67445374918759,-1.913805042275314,,,,ORIGA,
FUTURE_DOMAIN_CHANNEL,20260907,0,448,ORIGA,64,SEARCH,OC,35,71.34465171654342,69.0304755504672,-2.314176166076223,,,,ORIGA,
FUTURE_DOMAIN_CHANNEL,20260907,0,448,ORIGA,64,SEALED_REVIEW,OD,22,85.14042621645216,82.15390266956982,-2.9865235468823386,,,,ORIGA,
FUTURE_DOMAIN_CHANNEL,20260907,0,448,ORIGA,64,SEALED_REVIEW,OC,22,70.34553525477914,66.12377278031205,-4.221762474467084,,,,ORIGA,
FUTURE_DOMAIN_CHANNEL,20260907,0,448,ORIGA,256,SEARCH,OD,137,85.87161673581731,81.13874868146011,-4.732868054357198,,,,ORIGA,
FUTURE_DOMAIN_CHANNEL,20260907,0,448,ORIGA,256,SEARCH,OC,137,69.92640548278227,64.21135249593934,-5.7150529868429345,,,,ORIGA,
FUTURE_DOMAIN_CHANNEL,20260907,0,448,ORIGA,256,SEALED_REVIEW,OD,90,86.85631715943396,81.91271500862577,-4.943602150808189,,,,ORIGA,
FUTURE_DOMAIN_CHANNEL,20260907,0,448,ORIGA,256,SEALED_REVIEW,OC,90,73.43171962981269,67.26726213318008,-6.164457496632608,,,,ORIGA,
FUTURE_DOMAIN_CHANNEL,20260907,0,576,ORIGA,64,SEARCH,OD,38,86.24104421067035,85.66065705483489,-0.5803871558354672,,,,ORIGA,
FUTURE_DOMAIN_CHANNEL,20260907,0,576,ORIGA,64,SEARCH,OC,38,66.66766591841909,66.03224730984273,-0.6354186085763587,,,,ORIGA,
FUTURE_DOMAIN_CHANNEL,20260907,0,576,ORIGA,64,SEALED_REVIEW,OD,24,90.09989638494626,89.63652090716614,-0.46337547778011867,,,,ORIGA,
FUTURE_DOMAIN_CHANNEL,20260907,0,576,ORIGA,64,SEALED_REVIEW,OC,24,80.37206980464136,80.02619919655041,-0.34587060809094794,,,,ORIGA,
FUTURE_DOMAIN_CHANNEL,20260907,0,576,ORIGA,256,SEARCH,OD,140,87.97006311870487,86.68764792341396,-1.282415195290909,,,,ORIGA,
FUTURE_DOMAIN_CHANNEL,20260907,0,576,ORIGA,256,SEARCH,OC,140,71.39156548463777,69.7617548358311,-1.629810648806668,,,,ORIGA,
FUTURE_DOMAIN_CHANNEL,20260907,0,576,ORIGA,256,SEALED_REVIEW,OD,95,87.93280447175823,86.6918947495683,-1.240909722189926,,,,ORIGA,
FUTURE_DOMAIN_CHANNEL,20260907,0,576,ORIGA,256,SEALED_REVIEW,OC,95,74.08952086127975,72.78475447716235,-1.3047663841174,,,,ORIGA,
FUTURE_DOMAIN_CHANNEL,20260907,0,704,ORIGA,64,SEARCH,OD,32,89.61900230075206,89.23034170570598,-0.3886605950460762,,,,ORIGA,
FUTURE_DOMAIN_CHANNEL,20260907,0,704,ORIGA,64,SEARCH,OC,32,72.11929335992144,71.7432428491046,-0.3760505108168388,,,,ORIGA,
FUTURE_DOMAIN_CHANNEL,20260907,0,704,ORIGA,64,SEALED_REVIEW,OD,27,88.16409644842739,87.83393250513136,-0.3301639432960286,,,,ORIGA,
FUTURE_DOMAIN_CHANNEL,20260907,0,704,ORIGA,64,SEALED_REVIEW,OC,27,71.84053657649243,71.53096575140604,-0.30957082508638223,,,,ORIGA,
FUTURE_DOMAIN_CHANNEL,20260907,0,704,ORIGA,256,SEARCH,OD,143,90.2102732602855,89.3723322829057,-0.8379409773798017,,,,ORIGA,
FUTURE_DOMAIN_CHANNEL,20260907,0,704,ORIGA,256,SEARCH,OC,143,73.51251624391743,72.87182786213783,-0.6406883817795972,,,,ORIGA,
FUTURE_DOMAIN_CHANNEL,20260907,0,704,ORIGA,256,SEALED_REVIEW,OD,91,90.01570771256782,89.26542988539649,-0.7502778271713311,,,,ORIGA,
FUTURE_DOMAIN_CHANNEL,20260907,0,704,ORIGA,256,SEALED_REVIEW,OC,91,74.67657468589071,74.29106453637047,-0.3855101495202433,,,,ORIGA,
FUTURE_DOMAIN_CHANNEL,20260907,0,832,ORIGA,64,SEARCH,OD,38,89.64334948981468,89.44101569302248,-0.2023337967922032,,,,ORIGA,
FUTURE_DOMAIN_CHANNEL,20260907,0,832,ORIGA,64,SEARCH,OC,38,72.45099960700777,72.20609782065522,-0.24490178635255688,,,,ORIGA,
FUTURE_DOMAIN_CHANNEL,20260907,0,832,ORIGA,64,SEALED_REVIEW,OD,20,90.28035157877753,90.15271814879353,-0.12763342998400162,,,,ORIGA,
FUTURE_DOMAIN_CHANNEL,20260907,0,832,ORIGA,64,SEALED_REVIEW,OC,20,78.35285237061983,78.21495556176367,-0.13789680885615496,,,,ORIGA,
FUTURE_DOMAIN_CHANNEL,20260907,0,832,ORIGA,256,SEARCH,OD,118,91.52054155836862,91.1346657909784,-0.38587576739021756,,,,ORIGA,
FUTURE_DOMAIN_CHANNEL,20260907,0,832,ORIGA,256,SEARCH,OC,118,74.88217666295536,74.6850365823775,-0.19714008057785293,,,,ORIGA,
FUTURE_DOMAIN_CHANNEL,20260907,0,832,ORIGA,256,SEALED_REVIEW,OD,80,92.46075840234205,92.13186603316034,-0.32889236918171605,,,,ORIGA,
FUTURE_DOMAIN_CHANNEL,20260907,0,832,ORIGA,256,SEALED_REVIEW,OC,80,78.1588061333906,77.99983158543827,-0.1589745479523259,,,,ORIGA,
FUTURE_DOMAIN_CHANNEL,20260907,0,960,ORIGA,64,SEARCH,OD,33,92.50138450082548,92.38140531188974,-0.11997918893574422,,,,ORIGA,
FUTURE_DOMAIN_CHANNEL,20260907,0,960,ORIGA,64,SEARCH,OC,33,74.32361644767936,74.26672061693996,-0.05689583073939275,,,,ORIGA,
FUTURE_DOMAIN_CHANNEL,20260907,0,960,ORIGA,64,SEALED_REVIEW,OD,24,93.01557924250665,92.87957594603984,-0.13600329646681075,,,,ORIGA,
FUTURE_DOMAIN_CHANNEL,20260907,0,960,ORIGA,64,SEALED_REVIEW,OC,24,76.82526452725259,76.70924425596844,-0.1160202712841425,,,,ORIGA,
FUTURE_DOMAIN_CHANNEL,20260907,0,960,ORIGA,256,SEARCH,OD,46,92.30515209014331,92.08755223299389,-0.21759985714942331,,,,ORIGA,
FUTURE_DOMAIN_CHANNEL,20260907,0,960,ORIGA,256,SEARCH,OD,91,78.39875190034809,78.21377791254392,-0.1849739878041703,,,,REFUGE_Valid,
FUTURE_DOMAIN_CHANNEL,20260907,0,960,ORIGA,256,SEARCH,OC,46,76.22673539910778,76.05584121497516,-0.1708941841326208,,,,ORIGA,
FUTURE_DOMAIN_CHANNEL,20260907,0,960,ORIGA,256,SEALED_REVIEW,OD,35,92.76896074655441,92.59423650006133,-0.17472424649308493,,,,ORIGA,
FUTURE_DOMAIN_CHANNEL,20260907,0,960,ORIGA,256,SEALED_REVIEW,OC,35,77.52716984840231,77.38358120470494,-0.14358864369737034,,,,ORIGA,
FUTURE_DOMAIN_CHANNEL,20260907,0,1088,REFUGE_Valid,64,SEARCH,OD,37,78.53794016723037,78.17587544632748,-0.3620647209028931,,,,REFUGE_Valid,
FUTURE_DOMAIN_CHANNEL,20260907,0,1088,REFUGE_Valid,64,SEALED_REVIEW,OD,22,81.01755273418667,80.83773923766793,-0.17981349651873302,,,,REFUGE_Valid,
FUTURE_DOMAIN_CHANNEL,20260907,0,1088,REFUGE_Valid,64,SEALED_REVIEW,OC,22,63.02820713221827,62.99159818749942,-0.03660894471885001,,,,REFUGE_Valid,
FUTURE_DOMAIN_CHANNEL,20260907,0,1088,REFUGE_Valid,256,SEARCH,OD,130,79.07013897970248,78.53125391055306,-0.5388850691494156,,,,REFUGE_Valid,
FUTURE_DOMAIN_CHANNEL,20260907,0,1088,REFUGE_Valid,256,SEALED_REVIEW,OD,104,79.53358504738063,79.13153527405291,-0.4020497733277182,,,,REFUGE_Valid,
FUTURE_DOMAIN_CHANNEL,20260907,0,1600,REFUGE_Valid,64,SEARCH,OD,33,76.2984026474743,76.25898099156778,-0.0394216559065228,,,,REFUGE_Valid,
FUTURE_DOMAIN_CHANNEL,20260907,0,1600,REFUGE_Valid,64,SEARCH,OC,33,57.06799278661796,57.039603118627866,-0.028389667990090572,,,,REFUGE_Valid,
FUTURE_DOMAIN_CHANNEL,20260907,0,1600,REFUGE_Valid,64,SEALED_REVIEW,OD,24,79.17916032756274,79.16827497951837,-0.01088534804436847,,,,REFUGE_Valid,
FUTURE_DOMAIN_CHANNEL,20260907,0,1600,REFUGE_Valid,256,SEARCH,OD,1,96.51797477884433,96.3120484735493,-0.20592630529503708,,,,Drishti_GS,
FUTURE_DOMAIN_CHANNEL,20260907,0,1600,REFUGE_Valid,256,SEARCH,OC,1,67.82406123467747,66.70022934496839,-1.1238318897090807,,,,Drishti_GS,
FUTURE_DOMAIN_CHANNEL,20260907,0,1856,Drishti_GS,64,SEARCH,OD,14,93.62373915482448,93.45997351968126,-0.1637656351432213,,,,Drishti_GS,
FUTURE_DOMAIN_CHANNEL,20260907,0,1856,Drishti_GS,64,SEARCH,OC,14,71.58123806026808,71.43617158473948,-0.1450664755285942,,,,Drishti_GS,
FUTURE_DOMAIN_CHANNEL,20260907,0,1856,Drishti_GS,64,SEALED_REVIEW,OD,10,90.44903740379793,90.31683760184345,-0.132199801954485,,,,Drishti_GS,
FUTURE_DOMAIN_CHANNEL,20260907,0,1856,Drishti_GS,64,SEALED_REVIEW,OC,10,62.58879114168358,62.37793220987721,-0.21085893180637072,,,,Drishti_GS,
FUTURE_DOMAIN_CHANNEL,20260907,1,64,Drishti_GS,64,SEARCH,OD,7,86.03270917015979,85.42864288554648,-0.6040662846133102,,,,Drishti_GS,
FUTURE_DOMAIN_CHANNEL,20260907,1,64,Drishti_GS,64,SEARCH,OD,15,80.98052178377137,80.77924808702144,-0.20127369674992224,,,,REFUGE_Valid,
FUTURE_DOMAIN_CHANNEL,20260907,1,64,Drishti_GS,64,SEARCH,OC,7,64.52529450402062,64.2128648454596,-0.31242965856101534,,,,Drishti_GS,
FUTURE_DOMAIN_CHANNEL,20260907,1,64,Drishti_GS,64,SEARCH,OC,15,62.007547118560844,61.932947829709356,-0.0745992888514877,,,,REFUGE_Valid,
FUTURE_DOMAIN_CHANNEL,20260907,1,64,Drishti_GS,64,SEALED_REVIEW,OD,7,87.6093635480021,87.34273164312452,-0.2666319048775705,,,,Drishti_GS,
FUTURE_DOMAIN_CHANNEL,20260907,1,64,Drishti_GS,64,SEALED_REVIEW,OD,11,84.57947444316473,84.38430072246086,-0.1951737207038633,,,,REFUGE_Valid,
FUTURE_DOMAIN_CHANNEL,20260907,1,64,Drishti_GS,64,SEALED_REVIEW,OC,7,64.51651347253274,64.39894818767209,-0.1175652848606461,,,,Drishti_GS,
FUTURE_DOMAIN_CHANNEL,20260907,1,64,Drishti_GS,64,SEALED_REVIEW,OC,11,68.57980264784375,68.5119910141892,-0.0678116336545429,,,,REFUGE_Valid,
FUTURE_DOMAIN_CHANNEL,20260907,1,64,Drishti_GS,256,SEARCH,OD,7,86.03270917015979,85.42864288554648,-0.6040662846133102,,,,Drishti_GS,
FUTURE_DOMAIN_CHANNEL,20260907,1,64,Drishti_GS,256,SEARCH,OD,117,83.24457675397011,81.80116076247151,-1.443415991498597,,,,REFUGE_Valid,
FUTURE_DOMAIN_CHANNEL,20260907,1,64,Drishti_GS,256,SEARCH,OC,7,64.52529450402062,64.2128648454596,-0.31242965856101534,,,,Drishti_GS,
FUTURE_DOMAIN_CHANNEL,20260907,1,64,Drishti_GS,256,SEALED_REVIEW,OD,7,87.6093635480021,87.34273164312452,-0.2666319048775705,,,,Drishti_GS,
FUTURE_DOMAIN_CHANNEL,20260907,1,64,Drishti_GS,256,SEALED_REVIEW,OD,85,84.95849968940986,84.58090134138325,-0.3775983480266092,,,,REFUGE_Valid,
FUTURE_DOMAIN_CHANNEL,20260907,1,64,Drishti_GS,256,SEALED_REVIEW,OC,7,64.51651347253274,64.39894818767209,-0.1175652848606461,,,,Drishti_GS,
FUTURE_DOMAIN_CHANNEL,20260907,1,320,REFUGE_Valid,64,SEARCH,OD,31,83.27908639304239,82.99855360362177,-0.28053278942061866,,,,REFUGE_Valid,
FUTURE_DOMAIN_CHANNEL,20260907,1,320,REFUGE_Valid,64,SEALED_REVIEW,OD,28,85.32175182569853,85.28580164413464,-0.03595018156389074,,,,REFUGE_Valid,
FUTURE_DOMAIN_CHANNEL,20260907,1,320,REFUGE_Valid,64,SEALED_REVIEW,OC,28,61.687370823159064,61.65278848312015,-0.03458234003891647,,,,REFUGE_Valid,
FUTURE_DOMAIN_CHANNEL,20260907,1,576,REFUGE_Valid,64,SEARCH,OD,34,83.10479434081691,82.80631082250595,-0.29848351831095954,,,,REFUGE_Valid,
FUTURE_DOMAIN_CHANNEL,20260907,1,576,REFUGE_Valid,64,SEALED_REVIEW,OD,26,81.12443366105974,80.97795531268049,-0.14647834837924734,,,,REFUGE_Valid,
FUTURE_DOMAIN_CHANNEL,20260907,1,704,REFUGE_Valid,64,SEARCH,OD,38,79.53186203769059,79.43736071757772,-0.09450132011286883,,,,REFUGE_Valid,
FUTURE_DOMAIN_CHANNEL,20260907,1,704,REFUGE_Valid,256,SEARCH,OD,33,83.06798813790687,80.6203728846376,-2.4476152532692623,,,,ORIGA,
FUTURE_DOMAIN_CHANNEL,20260907,1,704,REFUGE_Valid,256,SEARCH,OC,33,62.46010275146378,58.66491399335331,-3.79518875811047,,,,ORIGA,
FUTURE_DOMAIN_CHANNEL,20260907,1,704,REFUGE_Valid,256,SEALED_REVIEW,OD,22,80.82259078581384,77.60487473053058,-3.2177160552832618,,,,ORIGA,
FUTURE_DOMAIN_CHANNEL,20260907,1,704,REFUGE_Valid,256,SEALED_REVIEW,OC,22,59.76207952959451,56.42378784595864,-3.338291683635866,,,,ORIGA,
FUTURE_DOMAIN_CHANNEL,20260907,1,832,REFUGE_Valid,256,SEARCH,OD,101,84.36381848575955,80.21856976780522,-4.145248717954331,,,,ORIGA,
FUTURE_DOMAIN_CHANNEL,20260907,1,832,REFUGE_Valid,256,SEARCH,OC,101,65.30348729940029,59.013772519023284,-6.289714780377004,,,,ORIGA,
FUTURE_DOMAIN_CHANNEL,20260907,1,832,REFUGE_Valid,256,SEALED_REVIEW,OD,63,83.70675825602125,78.65394296757886,-5.052815288442389,,,,ORIGA,
FUTURE_DOMAIN_CHANNEL,20260907,1,832,REFUGE_Valid,256,SEALED_REVIEW,OC,63,63.82240673256795,57.22079704537516,-6.601609687192791,,,,ORIGA,
FUTURE_DOMAIN_CHANNEL,20260907,1,960,ORIGA,64,SEARCH,OD,34,85.77640916493965,84.46221011603764,-1.3141990489020117,,,,ORIGA,
FUTURE_DOMAIN_CHANNEL,20260907,1,960,ORIGA,64,SEARCH,OC,34,67.70648471320192,65.85190173792546,-1.8545829752764575,,,,ORIGA,
FUTURE_DOMAIN_CHANNEL,20260907,1,960,ORIGA,64,SEALED_REVIEW,OD,22,84.8208949153352,83.22134256306404,-1.5995523522711608,,,,ORIGA,
FUTURE_DOMAIN_CHANNEL,20260907,1,960,ORIGA,64,SEALED_REVIEW,OC,22,65.04637056632627,63.0978186847784,-1.9485518815478713,,,,ORIGA,
FUTURE_DOMAIN_CHANNEL,20260907,1,960,ORIGA,256,SEARCH,OD,134,85.35733389052005,82.03669522749693,-3.320638663023118,,,,ORIGA,
FUTURE_DOMAIN_CHANNEL,20260907,1,960,ORIGA,256,SEARCH,OC,134,66.1291841029709,61.7185680041497,-4.410616098821194,,,,ORIGA,
FUTURE_DOMAIN_CHANNEL,20260907,1,960,ORIGA,256,SEALED_REVIEW,OD,91,86.17619973339444,82.7913611995624,-3.3848385338320384,,,,ORIGA,
FUTURE_DOMAIN_CHANNEL,20260907,1,960,ORIGA,256,SEALED_REVIEW,OC,91,69.51003860025024,64.99022529735082,-4.519813302899422,,,,ORIGA,
FUTURE_DOMAIN_CHANNEL,20260907,1,1088,ORIGA,64,SEARCH,OD,37,84.83972211568165,84.44704144807949,-0.39268066760216414,,,,ORIGA,
FUTURE_DOMAIN_CHANNEL,20260907,1,1088,ORIGA,64,SEARCH,OC,37,60.941962754968415,60.284776555891426,-0.6571861990769889,,,,ORIGA,
FUTURE_DOMAIN_CHANNEL,20260907,1,1088,ORIGA,64,SEALED_REVIEW,OD,25,89.30864021431762,88.92525381213765,-0.38338640217996556,,,,ORIGA,
FUTURE_DOMAIN_CHANNEL,20260907,1,1088,ORIGA,64,SEALED_REVIEW,OC,25,74.88615944849607,74.30134078151272,-0.5848186669833524,,,,ORIGA,
FUTURE_DOMAIN_CHANNEL,20260907,1,1088,ORIGA,256,SEARCH,OD,142,86.69006110391528,85.58389668652495,-1.1061644173903318,,,,ORIGA,
FUTURE_DOMAIN_CHANNEL,20260907,1,1088,ORIGA,256,SEARCH,OC,142,67.31801458401134,65.32570061635843,-1.9923139676529047,,,,ORIGA,
FUTURE_DOMAIN_CHANNEL,20260907,1,1088,ORIGA,256,SEALED_REVIEW,OD,93,86.62836132001726,85.71706388473726,-0.9112974352800052,,,,ORIGA,
FUTURE_DOMAIN_CHANNEL,20260907,1,1088,ORIGA,256,SEALED_REVIEW,OC,93,70.34498049575119,68.97127948014862,-1.3737010156025633,,,,ORIGA,
FUTURE_DOMAIN_CHANNEL,20260907,1,1216,ORIGA,64,SEARCH,OD,36,87.23532334455581,86.77754699992626,-0.45777634462955064,,,,ORIGA,
FUTURE_DOMAIN_CHANNEL,20260907,1,1216,ORIGA,64,SEARCH,OC,36,67.93842629001816,67.1678537260681,-0.7705725639500542,,,,ORIGA,
FUTURE_DOMAIN_CHANNEL,20260907,1,1216,ORIGA,64,SEALED_REVIEW,OD,24,85.4105005372118,85.09467993528237,-0.3158206019294312,,,,ORIGA,
FUTURE_DOMAIN_CHANNEL,20260907,1,1216,ORIGA,64,SEALED_REVIEW,OC,24,68.27135000847206,67.93961264936168,-0.3317373591103774,,,,ORIGA,
FUTURE_DOMAIN_CHANNEL,20260907,1,1216,ORIGA,256,SEARCH,OD,147,89.2281425153086,88.58204980559917,-0.6460927097094356,,,,ORIGA,
FUTURE_DOMAIN_CHANNEL,20260907,1,1216,ORIGA,256,SEARCH,OC,147,70.93966868590148,69.95896034320414,-0.9807083426973406,,,,ORIGA,
FUTURE_DOMAIN_CHANNEL,20260907,1,1216,ORIGA,256,SEALED_REVIEW,OD,89,89.02342379595967,88.66319543589205,-0.36022836006762304,,,,ORIGA,
FUTURE_DOMAIN_CHANNEL,20260907,1,1216,ORIGA,256,SEALED_REVIEW,OC,89,72.5790475300776,72.2031765746227,-0.3758709554549,,,,ORIGA,
FUTURE_DOMAIN_CHANNEL,20260907,1,1344,ORIGA,64,SEARCH,OD,35,88.52170661555516,88.39107107343168,-0.1306355421234855,,,,ORIGA,
FUTURE_DOMAIN_CHANNEL,20260907,1,1344,ORIGA,64,SEARCH,OC,35,69.32930558838136,69.09850247702279,-0.23080311135856846,,,,ORIGA,
FUTURE_DOMAIN_CHANNEL,20260907,1,1344,ORIGA,64,SEALED_REVIEW,OD,21,88.8470528850102,88.7787033768641,-0.06834950814609897,,,,ORIGA,
FUTURE_DOMAIN_CHANNEL,20260907,1,1344,ORIGA,64,SEALED_REVIEW,OC,21,75.33845629024003,75.20950749491618,-0.12894879532385062,,,,ORIGA,
FUTURE_DOMAIN_CHANNEL,20260907,1,1344,ORIGA,256,SEARCH,OD,109,92.24801796105204,92.10935245221842,-0.1386655088336255,,,,ORIGA,
FUTURE_DOMAIN_CHANNEL,20260907,1,1344,ORIGA,256,SEARCH,OC,109,74.77551084059827,74.61633954239183,-0.15917129820644504,,,,ORIGA,
FUTURE_DOMAIN_CHANNEL,20260907,1,1344,ORIGA,256,SEARCH,OC,32,83.00496671450875,82.99136826615063,-0.01359844835812396,,,,REFUGE,
FUTURE_DOMAIN_CHANNEL,20260907,1,1344,ORIGA,256,SEALED_REVIEW,OD,78,92.88810059561915,92.83287692655314,-0.055223669066009506,,,,ORIGA,
FUTURE_DOMAIN_CHANNEL,20260907,1,1344,ORIGA,256,SEALED_REVIEW,OC,78,77.3060526289332,77.18916792332507,-0.11688470560812902,,,,ORIGA,
FUTURE_DOMAIN_CHANNEL,20260907,1,1344,ORIGA,256,SEALED_REVIEW,OC,13,77.51196308029579,77.3453073156929,-0.16665576460287923,,,,REFUGE,
FUTURE_DOMAIN_CHANNEL,20260907,1,1472,ORIGA,64,SEARCH,OC,31,77.03545386982981,76.895077310481,-0.14037655934880888,,,,ORIGA,
FUTURE_DOMAIN_CHANNEL,20260907,1,1472,ORIGA,64,SEALED_REVIEW,OC,25,77.59684109618917,77.4467547482535,-0.15008634793566955,,,,ORIGA,
FUTURE_DOMAIN_CHANNEL,20260907,1,1472,ORIGA,256,SEARCH,OD,38,94.47644741951002,94.47150271352595,-0.004944705984073039,,,,ORIGA,
FUTURE_DOMAIN_CHANNEL,20260907,1,1472,ORIGA,256,SEARCH,OC,38,77.75567400974548,77.62870095794668,-0.12697305179879947,,,,ORIGA,
FUTURE_DOMAIN_CHANNEL,20260907,1,1472,ORIGA,256,SEALED_REVIEW,OC,32,77.90788821445852,77.76667422123303,-0.14121399322549166,,,,ORIGA,
FUTURE_DOMAIN_CHANNEL,20260907,1,1600,REFUGE,64,SEARCH,OD,35,91.0665300916939,91.03888960910858,-0.027640482585326254,,,,REFUGE,
FUTURE_DOMAIN_CHANNEL,20260907,1,1600,REFUGE,64,SEARCH,OC,35,82.16034894735937,82.10020080236335,-0.06014814499602039,,,,REFUGE,
FUTURE_DOMAIN_CHANNEL,20260907,1,1600,REFUGE,64,SEALED_REVIEW,OD,19,90.26010402952086,90.25998095094295,-0.00012307857791427068,,,,REFUGE,
FUTURE_DOMAIN_CHANNEL,20260907,1,1600,REFUGE,64,SEALED_REVIEW,OC,19,80.15417488911544,80.09657549553376,-0.057599393581682534,,,,REFUGE,
FUTURE_DOMAIN_CHANNEL,20260907,1,1600,REFUGE,256,SEARCH,OD,125,91.63506519768261,91.47905086392821,-0.1560143337543991,,,,REFUGE,
FUTURE_DOMAIN_CHANNEL,20260907,1,1600,REFUGE,256,SEARCH,OC,125,81.20904797056659,80.91332675621003,-0.2957212143565613,,,,REFUGE,
FUTURE_DOMAIN_CHANNEL,20260907,1,1600,REFUGE,256,SEALED_REVIEW,OD,85,90.61986569425649,90.4343883117425,-0.18547738251399437,,,,REFUGE,
FUTURE_DOMAIN_CHANNEL,20260907,1,1600,REFUGE,256,SEALED_REVIEW,OC,85,79.99456034853614,79.61338336932347,-0.38117697921266824,,,,REFUGE,
FUTURE_DOMAIN_CHANNEL,17011,0,64,REFUGE,64,SEARCH,OD,32,88.56098791820934,88.4680339549557,-0.0929539632536347,,,,REFUGE,
FUTURE_DOMAIN_CHANNEL,17011,0,64,REFUGE,64,SEARCH,OC,32,84.51531309220623,83.99995668288535,-0.5153564093208729,,,,REFUGE,
FUTURE_DOMAIN_CHANNEL,17011,0,64,REFUGE,64,SEALED_REVIEW,OD,23,88.82318725850236,88.6547531845169,-0.16843407398545196,,,,REFUGE,
FUTURE_DOMAIN_CHANNEL,17011,0,64,REFUGE,64,SEALED_REVIEW,OC,23,81.33688172324227,80.84974012025398,-0.487141602988288,,,,REFUGE,
FUTURE_DOMAIN_CHANNEL,17011,0,64,REFUGE,256,SEARCH,OD,120,88.2902536512399,88.26669903012942,-0.02355462111047757,,,,REFUGE,
FUTURE_DOMAIN_CHANNEL,17011,0,64,REFUGE,256,SEARCH,OC,120,84.36869039765583,84.11492119093768,-0.25376920671814673,,,,REFUGE,
FUTURE_DOMAIN_CHANNEL,17011,0,64,REFUGE,256,SEALED_REVIEW,OD,89,88.31447774330587,88.24745695463523,-0.06702078867064643,,,,REFUGE,
FUTURE_DOMAIN_CHANNEL,17011,0,64,REFUGE,256,SEALED_REVIEW,OC,89,83.38742143548869,83.00388100807088,-0.38354042741781313,,,,REFUGE,
FUTURE_DOMAIN_CHANNEL,17011,0,192,REFUGE,64,SEARCH,OC,28,84.55924341059493,84.37877037490188,-0.18047303569305484,,,,REFUGE,
FUTURE_DOMAIN_CHANNEL,17011,0,192,REFUGE,64,SEALED_REVIEW,OC,21,85.8042016366874,85.6493384223741,-0.15486321431329486,,,,REFUGE,
FUTURE_DOMAIN_CHANNEL,17011,0,192,REFUGE,256,SEARCH,OD,26,80.77387899295277,77.87168405848661,-2.9021949344661664,,,,ORIGA,
FUTURE_DOMAIN_CHANNEL,17011,0,192,REFUGE,256,SEARCH,OC,26,61.12576052745112,57.01865285278634,-4.107107674664782,,,,ORIGA,
FUTURE_DOMAIN_CHANNEL,17011,0,192,REFUGE,256,SEALED_REVIEW,OD,18,79.25455544369834,74.70824707794362,-4.546308365754712,,,,ORIGA,
FUTURE_DOMAIN_CHANNEL,17011,0,192,REFUGE,256,SEALED_REVIEW,OD,73,87.91951672962753,87.87889906095187,-0.040617668675665186,,,,REFUGE,
FUTURE_DOMAIN_CHANNEL,17011,0,192,REFUGE,256,SEALED_REVIEW,OC,18,62.23218725780597,56.88972424423134,-5.34246301357463,,,,ORIGA,
FUTURE_DOMAIN_CHANNEL,17011,0,192,REFUGE,256,SEALED_REVIEW,OC,73,85.03085606217431,84.7547457278116,-0.2761103343627127,,,,REFUGE,
FUTURE_DOMAIN_CHANNEL,17011,0,320,REFUGE,64,SEARCH,OD,33,87.56120229422432,87.47252866939604,-0.08867362482827446,,,,REFUGE,
FUTURE_DOMAIN_CHANNEL,17011,0,320,REFUGE,64,SEALED_REVIEW,OD,25,87.96696861397263,87.89498733520492,-0.07198127876770855,,,,REFUGE,
FUTURE_DOMAIN_CHANNEL,17011,0,320,REFUGE,64,SEALED_REVIEW,OC,25,83.6334509342431,83.5897573454941,-0.04369358874899376,,,,REFUGE,
FUTURE_DOMAIN_CHANNEL,17011,0,320,REFUGE,256,SEARCH,OD,94,83.21867548957708,76.29701704984575,-6.921658439731331,,,,ORIGA,
FUTURE_DOMAIN_CHANNEL,17011,0,320,REFUGE,256,SEARCH,OD,39,87.66944378557965,87.56829256696054,-0.10115121861910836,,,,REFUGE,
FUTURE_DOMAIN_CHANNEL,17011,0,320,REFUGE,256,SEARCH,OC,94,66.88143008125974,57.43485515698971,-9.446574924270024,,,,ORIGA,
FUTURE_DOMAIN_CHANNEL,17011,0,320,REFUGE,256,SEALED_REVIEW,OD,59,82.84551422060919,74.42149208057053,-8.424022140038659,,,,ORIGA,
FUTURE_DOMAIN_CHANNEL,17011,0,320,REFUGE,256,SEALED_REVIEW,OD,30,88.25227321682364,88.13866628753513,-0.11360692928850824,,,,REFUGE,
FUTURE_DOMAIN_CHANNEL,17011,0,320,REFUGE,256,SEALED_REVIEW,OC,59,65.97818636330972,55.178239784521296,-10.799946578788422,,,,ORIGA,
FUTURE_DOMAIN_CHANNEL,17011,0,320,REFUGE,256,SEALED_REVIEW,OC,30,84.06582404109645,83.968336751622,-0.09748728947444363,,,,REFUGE,
FUTURE_DOMAIN_CHANNEL,17011,0,448,ORIGA,64,SEARCH,OD,35,84.25884146715707,82.4229844804051,-1.8358569867519634,,,,ORIGA,
FUTURE_DOMAIN_CHANNEL,17011,0,448,ORIGA,64,SEARCH,OC,35,70.11139620848843,67.90924364243534,-2.202152566053087,,,,ORIGA,
FUTURE_DOMAIN_CHANNEL,17011,0,448,ORIGA,64,SEALED_REVIEW,OD,22,83.92106538444285,81.09686337054633,-2.8242020138965245,,,,ORIGA,
FUTURE_DOMAIN_CHANNEL,17011,0,448,ORIGA,64,SEALED_REVIEW,OC,22,69.04264694920987,65.40151059829194,-3.6411363509179324,,,,ORIGA,
FUTURE_DOMAIN_CHANNEL,17011,0,448,ORIGA,256,SEARCH,OD,137,85.21902793085562,79.91781002507335,-5.301217905782266,,,,ORIGA,
FUTURE_DOMAIN_CHANNEL,17011,0,448,ORIGA,256,SEARCH,OC,137,69.11092427615182,63.34692764491893,-5.763996631232892,,,,ORIGA,
FUTURE_DOMAIN_CHANNEL,17011,0,448,ORIGA,256,SEALED_REVIEW,OD,90,86.28723753586722,80.75527975478984,-5.531957781077381,,,,ORIGA,
FUTURE_DOMAIN_CHANNEL,17011,0,448,ORIGA,256,SEALED_REVIEW,OC,90,72.54716163486523,66.46028641683918,-6.0868752180260515,,,,ORIGA,
FUTURE_DOMAIN_CHANNEL,17011,0,576,ORIGA,64,SEARCH,OD,38,85.84079168745528,85.22642375447572,-0.6143679329795617,,,,ORIGA,
FUTURE_DOMAIN_CHANNEL,17011,0,576,ORIGA,64,SEARCH,OC,38,66.1292008345394,65.53715720882842,-0.5920436257109856,,,,ORIGA,
FUTURE_DOMAIN_CHANNEL,17011,0,576,ORIGA,64,SEALED_REVIEW,OD,24,89.8945587694876,89.29249665359569,-0.6020621158919113,,,,ORIGA,
FUTURE_DOMAIN_CHANNEL,17011,0,576,ORIGA,64,SEALED_REVIEW,OC,24,79.94253987664437,79.37832939615018,-0.5642104804941965,,,,ORIGA,
FUTURE_DOMAIN_CHANNEL,17011,0,576,ORIGA,256,SEARCH,OD,140,87.63682737294872,86.13642803080924,-1.500399342139474,,,,ORIGA,
FUTURE_DOMAIN_CHANNEL,17011,0,576,ORIGA,256,SEARCH,OC,140,70.78332032368957,69.00612701625494,-1.7771933074346293,,,,ORIGA,
FUTURE_DOMAIN_CHANNEL,17011,0,576,ORIGA,256,SEALED_REVIEW,OD,95,87.7050542393499,86.21927399110146,-1.485780248248446,,,,ORIGA,
FUTURE_DOMAIN_CHANNEL,17011,0,576,ORIGA,256,SEALED_REVIEW,OC,95,73.55848504384691,72.01189102776955,-1.5465940160773641,,,,ORIGA,
FUTURE_DOMAIN_CHANNEL,17011,0,704,ORIGA,64,SEARCH,OD,32,89.18952532015777,89.04011205892992,-0.14941326122784915,,,,ORIGA,
FUTURE_DOMAIN_CHANNEL,17011,0,704,ORIGA,64,SEARCH,OC,32,71.43654728337938,71.14691315559362,-0.28963412778576014,,,,ORIGA,
FUTURE_DOMAIN_CHANNEL,17011,0,704,ORIGA,64,SEALED_REVIEW,OD,27,87.98426279918043,87.86278212982458,-0.12148066935584723,,,,ORIGA,
FUTURE_DOMAIN_CHANNEL,17011,0,704,ORIGA,64,SEALED_REVIEW,OC,27,71.556554210058,71.42956813199174,-0.12698607806625262,,,,ORIGA,
FUTURE_DOMAIN_CHANNEL,17011,0,704,ORIGA,256,SEARCH,OD,143,89.9615583279314,89.34668455478813,-0.6148737731432732,,,,ORIGA,
FUTURE_DOMAIN_CHANNEL,17011,0,704,ORIGA,256,SEARCH,OC,143,73.19926021640676,72.5602793726659,-0.6389808437408533,,,,ORIGA,
FUTURE_DOMAIN_CHANNEL,17011,0,704,ORIGA,256,SEALED_REVIEW,OD,91,89.80889409453212,89.28824768802552,-0.5206464065066001,,,,ORIGA,
FUTURE_DOMAIN_CHANNEL,17011,0,704,ORIGA,256,SEALED_REVIEW,OC,91,74.50135397749595,74.16271412409702,-0.33863985339893077,,,,ORIGA,
FUTURE_DOMAIN_CHANNEL,17011,0,832,ORIGA,64,SEARCH,OD,38,89.47654996767648,89.16311007750518,-0.3134398901712956,,,,ORIGA,
FUTURE_DOMAIN_CHANNEL,17011,0,832,ORIGA,64,SEARCH,OC,38,72.16859904003194,71.84301115673135,-0.3255878833005852,,,,ORIGA,
FUTURE_DOMAIN_CHANNEL,17011,0,832,ORIGA,64,SEALED_REVIEW,OD,20,90.0413050578035,89.83927322172931,-0.20203183607418396,,,,ORIGA,
FUTURE_DOMAIN_CHANNEL,17011,0,832,ORIGA,64,SEALED_REVIEW,OC,20,78.30787262949826,78.11040932760004,-0.19746330189822459,,,,ORIGA,
FUTURE_DOMAIN_CHANNEL,17011,0,832,ORIGA,256,SEARCH,OD,118,91.45714903678522,90.97075538737138,-0.48639364941384144,,,,ORIGA,
FUTURE_DOMAIN_CHANNEL,17011,0,832,ORIGA,256,SEARCH,OC,118,75.1280394528901,74.75623023988817,-0.3718092130019386,,,,ORIGA,
FUTURE_DOMAIN_CHANNEL,17011,0,832,ORIGA,256,SEALED_REVIEW,OD,80,92.37612934570319,91.95401427328368,-0.4221150724195155,,,,ORIGA,
FUTURE_DOMAIN_CHANNEL,17011,0,832,ORIGA,256,SEALED_REVIEW,OC,80,78.46125632654463,78.12196425507355,-0.3392920714710783,,,,ORIGA,
FUTURE_DOMAIN_CHANNEL,17011,0,960,ORIGA,64,SEARCH,OD,33,92.51221832341474,92.41295553402031,-0.09926278939443023,,,,ORIGA,
FUTURE_DOMAIN_CHANNEL,17011,0,960,ORIGA,64,SEARCH,OC,33,75.04566005454747,74.92933524502489,-0.11632480952258106,,,,ORIGA,
FUTURE_DOMAIN_CHANNEL,17011,0,960,ORIGA,64,SEALED_REVIEW,OD,24,92.99104901834905,92.86528336590942,-0.12576565243962534,,,,ORIGA,
FUTURE_DOMAIN_CHANNEL,17011,0,960,ORIGA,64,SEALED_REVIEW,OC,24,77.17588743615701,76.92342659769224,-0.25246083846477063,,,,ORIGA,
FUTURE_DOMAIN_CHANNEL,17011,0,960,ORIGA,256,SEARCH,OD,46,92.26139985512042,92.13473889310521,-0.12666096201520816,,,,ORIGA,
FUTURE_DOMAIN_CHANNEL,17011,0,960,ORIGA,256,SEARCH,OC,46,76.88407212833243,76.76175892622669,-0.12231320210574381,,,,ORIGA,
FUTURE_DOMAIN_CHANNEL,17011,0,960,ORIGA,256,SEALED_REVIEW,OD,35,92.71180287409699,92.56528276723077,-0.14652010686621963,,,,ORIGA,
FUTURE_DOMAIN_CHANNEL,17011,0,960,ORIGA,256,SEALED_REVIEW,OC,35,77.96064145696543,77.67023088373364,-0.29041057323179587,,,,ORIGA,
FUTURE_DOMAIN_CHANNEL,17011,0,1088,REFUGE_Valid,256,SEARCH,OD,130,79.63617767569222,79.36301253454477,-0.2731651411474587,,,,REFUGE_Valid,
FUTURE_DOMAIN_CHANNEL,17011,0,1088,REFUGE_Valid,256,SEALED_REVIEW,OD,104,80.046627950272,79.80710070360344,-0.2395272466685583,,,,REFUGE_Valid,
FUTURE_DOMAIN_CHANNEL,17011,0,1216,REFUGE_Valid,64,SEARCH,OD,31,79.22915338421768,79.18021766852407,-0.048935715693616544,,,,REFUGE_Valid,
FUTURE_DOMAIN_CHANNEL,17011,0,1216,REFUGE_Valid,64,SEALED_REVIEW,OD,27,80.19415516651375,80.18406112869576,-0.010094037817992785,,,,REFUGE_Valid,
FUTURE_DOMAIN_CHANNEL,17011,0,1600,REFUGE_Valid,64,SEALED_REVIEW,OD,24,81.65499280881906,81.6277647497338,-0.02722805908526027,,,,REFUGE_Valid,
FUTURE_DOMAIN_CHANNEL,17011,0,1600,REFUGE_Valid,256,SEARCH,OD,1,96.29467669523642,96.0725517443136,-0.2221249509228187,,,,Drishti_GS,
FUTURE_DOMAIN_CHANNEL,17011,0,1600,REFUGE_Valid,256,SEARCH,OC,1,67.05347429495941,66.16119067677619,-0.8922836181832281,,,,Drishti_GS,
FUTURE_DOMAIN_CHANNEL,17011,0,1856,Drishti_GS,64,SEARCH,OD,14,93.03091563726852,92.91853710667223,-0.11237853059628833,,,,Drishti_GS,
FUTURE_DOMAIN_CHANNEL,17011,0,1856,Drishti_GS,64,SEARCH,OC,14,71.26690173917557,71.19618835831406,-0.07071338086150547,,,,Drishti_GS,
FUTURE_DOMAIN_CHANNEL,17011,0,1856,Drishti_GS,64,SEALED_REVIEW,OD,10,89.70297125181573,89.63015629172126,-0.07281496009446187,,,,Drishti_GS,
FUTURE_DOMAIN_CHANNEL,17011,0,1856,Drishti_GS,64,SEALED_REVIEW,OC,10,61.956876060002195,61.76982156233173,-0.18705449767046645,,,,Drishti_GS,
FUTURE_DOMAIN_CHANNEL,17011,1,64,Drishti_GS,64,SEARCH,OD,7,86.12120163544445,85.66799338699377,-0.45320824845067875,,,,Drishti_GS,
FUTURE_DOMAIN_CHANNEL,17011,1,64,Drishti_GS,64,SEARCH,OD,15,80.88717638694662,80.44992525128103,-0.4372511356655906,,,,REFUGE_Valid,
FUTURE_DOMAIN_CHANNEL,17011,1,64,Drishti_GS,64,SEARCH,OC,7,64.59051647198592,64.27616775839766,-0.31434871358825944,,,,Drishti_GS,
FUTURE_DOMAIN_CHANNEL,17011,1,64,Drishti_GS,64,SEARCH,OC,15,61.887089167196024,61.66321551581488,-0.22387365138114035,,,,REFUGE_Valid,
FUTURE_DOMAIN_CHANNEL,17011,1,64,Drishti_GS,64,SEALED_REVIEW,OD,7,87.79105604618853,87.61609191081347,-0.17496413537506328,,,,Drishti_GS,
FUTURE_DOMAIN_CHANNEL,17011,1,64,Drishti_GS,64,SEALED_REVIEW,OD,11,84.43653900728651,84.02847097726844,-0.4080680300180717,,,,REFUGE_Valid,
FUTURE_DOMAIN_CHANNEL,17011,1,64,Drishti_GS,64,SEALED_REVIEW,OC,7,64.7626148726253,64.63477838314574,-0.12783648947956294,,,,Drishti_GS,
FUTURE_DOMAIN_CHANNEL,17011,1,64,Drishti_GS,64,SEALED_REVIEW,OC,11,68.55961838747166,68.25674857272828,-0.3028698147433744,,,,REFUGE_Valid,
FUTURE_DOMAIN_CHANNEL,17011,1,64,Drishti_GS,256,SEARCH,OD,7,86.12120163544445,85.66799338699377,-0.45320824845067875,,,,Drishti_GS,
FUTURE_DOMAIN_CHANNEL,17011,1,64,Drishti_GS,256,SEARCH,OD,117,82.48191900740805,81.46312881352158,-1.018790193886474,,,,REFUGE_Valid,
FUTURE_DOMAIN_CHANNEL,17011,1,64,Drishti_GS,256,SEARCH,OC,7,64.59051647198592,64.27616775839766,-0.31434871358825944,,,,Drishti_GS,
FUTURE_DOMAIN_CHANNEL,17011,1,64,Drishti_GS,256,SEALED_REVIEW,OD,7,87.79105604618853,87.61609191081347,-0.17496413537506328,,,,Drishti_GS,
FUTURE_DOMAIN_CHANNEL,17011,1,64,Drishti_GS,256,SEALED_REVIEW,OD,85,84.56736603046923,84.27863721100292,-0.28872881946631423,,,,REFUGE_Valid,
FUTURE_DOMAIN_CHANNEL,17011,1,64,Drishti_GS,256,SEALED_REVIEW,OC,7,64.7626148726253,64.63477838314574,-0.12783648947956294,,,,Drishti_GS,
FUTURE_DOMAIN_CHANNEL,17011,1,576,REFUGE_Valid,64,SEARCH,OD,34,82.18807069964758,81.94441036550229,-0.24366033414528943,,,,REFUGE_Valid,
FUTURE_DOMAIN_CHANNEL,17011,1,576,REFUGE_Valid,64,SEARCH,OC,34,67.22547236719355,67.16631932883362,-0.05915303835992347,,,,REFUGE_Valid,
FUTURE_DOMAIN_CHANNEL,17011,1,576,REFUGE_Valid,64,SEALED_REVIEW,OD,26,79.84680985512321,79.60508481275733,-0.24172504236588566,,,,REFUGE_Valid,
FUTURE_DOMAIN_CHANNEL,17011,1,704,REFUGE_Valid,256,SEARCH,OD,33,83.00192305742013,80.76272335242933,-2.2391997049907957,,,,ORIGA,
FUTURE_DOMAIN_CHANNEL,17011,1,704,REFUGE_Valid,256,SEARCH,OC,33,62.297182549704424,58.45831038608579,-3.838872163618632,,,,ORIGA,
FUTURE_DOMAIN_CHANNEL,17011,1,704,REFUGE_Valid,256,SEALED_REVIEW,OD,22,80.53943392564142,77.5373251497562,-3.002108775885219,,,,ORIGA,
FUTURE_DOMAIN_CHANNEL,17011,1,704,REFUGE_Valid,256,SEALED_REVIEW,OC,22,59.087138884036975,55.97862600543751,-3.1085128785994627,,,,ORIGA,
FUTURE_DOMAIN_CHANNEL,17011,1,832,REFUGE_Valid,256,SEARCH,OD,101,84.30888871542531,80.03988074461661,-4.269007970808701,,,,ORIGA,
FUTURE_DOMAIN_CHANNEL,17011,1,832,REFUGE_Valid,256,SEARCH,OC,101,65.37081250594638,58.503909815951424,-6.8669026899949515,,,,ORIGA,
FUTURE_DOMAIN_CHANNEL,17011,1,832,REFUGE_Valid,256,SEALED_REVIEW,OD,63,83.33853035714102,78.32072985224826,-5.017800504892762,,,,ORIGA,
FUTURE_DOMAIN_CHANNEL,17011,1,832,REFUGE_Valid,256,SEALED_REVIEW,OC,63,63.528074410101844,56.35729542126605,-7.170778988835792,,,,ORIGA,
FUTURE_DOMAIN_CHANNEL,17011,1,960,ORIGA,64,SEARCH,OD,34,85.69663072264682,84.45149573748164,-1.2451349851651798,,,,ORIGA,
FUTURE_DOMAIN_CHANNEL,17011,1,960,ORIGA,64,SEARCH,OC,34,67.70328599954867,65.83996920476761,-1.8633167947810563,,,,ORIGA,
FUTURE_DOMAIN_CHANNEL,17011,1,960,ORIGA,64,SEALED_REVIEW,OD,22,84.36895535837974,83.01979504201208,-1.3491603163676587,,,,ORIGA,
FUTURE_DOMAIN_CHANNEL,17011,1,960,ORIGA,64,SEALED_REVIEW,OC,22,64.90136453401514,62.9267113912601,-1.974653142755045,,,,ORIGA,
FUTURE_DOMAIN_CHANNEL,17011,1,960,ORIGA,256,SEARCH,OD,134,85.34194524377713,81.96468013466054,-3.3772651091165926,,,,ORIGA,
FUTURE_DOMAIN_CHANNEL,17011,1,960,ORIGA,256,SEARCH,OC,134,66.29920663216981,61.685961336463706,-4.613245295706108,,,,ORIGA,
FUTURE_DOMAIN_CHANNEL,17011,1,960,ORIGA,256,SEALED_REVIEW,OD,91,86.04054981433411,82.67636228519368,-3.3641875291404375,,,,ORIGA,
FUTURE_DOMAIN_CHANNEL,17011,1,960,ORIGA,256,SEALED_REVIEW,OC,91,69.61579994995253,64.80024824899573,-4.815551700956803,,,,ORIGA,
FUTURE_DOMAIN_CHANNEL,17011,1,1088,ORIGA,64,SEARCH,OD,37,84.76485384065168,84.24039355771804,-0.5244602829336458,,,,ORIGA,
FUTURE_DOMAIN_CHANNEL,17011,1,1088,ORIGA,64,SEARCH,OC,37,60.7667844796571,59.92616279556874,-0.8406216840883545,,,,ORIGA,
FUTURE_DOMAIN_CHANNEL,17011,1,1088,ORIGA,64,SEALED_REVIEW,OD,25,89.35966247561545,88.91280348022276,-0.44685899539268803,,,,ORIGA,
FUTURE_DOMAIN_CHANNEL,17011,1,1088,ORIGA,64,SEALED_REVIEW,OC,25,74.93605164732232,74.2011232263197,-0.7349284210026212,,,,ORIGA,
FUTURE_DOMAIN_CHANNEL,17011,1,1088,ORIGA,256,SEARCH,OD,142,86.80843689328647,85.47290056143761,-1.3355363318488571,,,,ORIGA,
FUTURE_DOMAIN_CHANNEL,17011,1,1088,ORIGA,256,SEARCH,OC,142,67.78982214874155,65.48851298849735,-2.3013091602442017,,,,ORIGA,
FUTURE_DOMAIN_CHANNEL,17011,1,1088,ORIGA,256,SEALED_REVIEW,OD,93,86.74685620190752,85.50391948838163,-1.2429367135258929,,,,ORIGA,
FUTURE_DOMAIN_CHANNEL,17011,1,1088,ORIGA,256,SEALED_REVIEW,OC,93,70.62633788065423,68.79582036013771,-1.8305175205165227,,,,ORIGA,
FUTURE_DOMAIN_CHANNEL,17011,1,1216,ORIGA,64,SEARCH,OD,36,87.2962729148322,86.91272391394887,-0.38354900088333466,,,,ORIGA,
FUTURE_DOMAIN_CHANNEL,17011,1,1216,ORIGA,64,SEARCH,OC,36,68.70007372307134,67.94709592918919,-0.7529777938821525,,,,ORIGA,
FUTURE_DOMAIN_CHANNEL,17011,1,1216,ORIGA,64,SEALED_REVIEW,OD,24,85.51149871103155,85.18064210458905,-0.33085660644249515,,,,ORIGA,
FUTURE_DOMAIN_CHANNEL,17011,1,1216,ORIGA,64,SEALED_REVIEW,OC,24,68.48018931058083,68.14989198794288,-0.3302973226379464,,,,ORIGA,
FUTURE_DOMAIN_CHANNEL,17011,1,1216,ORIGA,256,SEARCH,OD,147,89.40148064189947,88.80421752626613,-0.5972631156333392,,,,ORIGA,
FUTURE_DOMAIN_CHANNEL,17011,1,1216,ORIGA,256,SEARCH,OC,147,71.5940038332725,70.64151543628107,-0.9524883969914271,,,,ORIGA,
FUTURE_DOMAIN_CHANNEL,17011,1,1216,ORIGA,256,SEALED_REVIEW,OD,89,89.13160086704218,88.74260370175371,-0.3889971652884725,,,,ORIGA,
FUTURE_DOMAIN_CHANNEL,17011,1,1216,ORIGA,256,SEALED_REVIEW,OC,89,72.89131660018958,72.43850199605274,-0.45281460413684727,,,,ORIGA,
FUTURE_DOMAIN_CHANNEL,17011,1,1344,ORIGA,64,SEARCH,OD,35,88.8840255554602,88.71104098827092,-0.17298456718927469,,,,ORIGA,
FUTURE_DOMAIN_CHANNEL,17011,1,1344,ORIGA,64,SEARCH,OC,35,70.26643454672418,70.00830245927041,-0.2581320874537738,,,,ORIGA,
FUTURE_DOMAIN_CHANNEL,17011,1,1344,ORIGA,64,SEALED_REVIEW,OD,21,89.13673025383969,89.03107475840818,-0.1056554954315061,,,,ORIGA,
FUTURE_DOMAIN_CHANNEL,17011,1,1344,ORIGA,64,SEALED_REVIEW,OC,21,75.96163523123792,75.81807328356886,-0.14356194766905617,,,,ORIGA,
FUTURE_DOMAIN_CHANNEL,17011,1,1344,ORIGA,256,SEARCH,OD,109,92.3717829535809,92.25237317820032,-0.11940977538058917,,,,ORIGA,
FUTURE_DOMAIN_CHANNEL,17011,1,1344,ORIGA,256,SEARCH,OC,109,75.26494601141911,75.08581687929589,-0.17912913212322223,,,,ORIGA,
FUTURE_DOMAIN_CHANNEL,17011,1,1344,ORIGA,256,SEALED_REVIEW,OD,78,92.95729290133268,92.93282650262829,-0.024466398704390713,,,,ORIGA,
FUTURE_DOMAIN_CHANNEL,17011,1,1344,ORIGA,256,SEALED_REVIEW,OC,78,77.61165231942547,77.49952924366245,-0.11212307576302294,,,,ORIGA,
FUTURE_DOMAIN_CHANNEL,17011,1,1344,ORIGA,256,SEALED_REVIEW,OC,13,77.78976349635317,77.61938423548345,-0.17037926086972277,,,,REFUGE,
FUTURE_DOMAIN_CHANNEL,17011,1,1472,ORIGA,64,SEARCH,OC,31,77.43524929779036,77.34099276218637,-0.09425653560398928,,,,ORIGA,
FUTURE_DOMAIN_CHANNEL,17011,1,1472,ORIGA,64,SEALED_REVIEW,OC,25,77.82459985884924,77.66840720205165,-0.15619265679758598,,,,ORIGA,
FUTURE_DOMAIN_CHANNEL,17011,1,1472,ORIGA,256,SEARCH,OD,38,94.56890429275609,94.55909383622412,-0.009810456531965883,,,,ORIGA,
FUTURE_DOMAIN_CHANNEL,17011,1,1472,ORIGA,256,SEARCH,OC,38,78.1122801874871,78.063254479999,-0.04902570748809865,,,,ORIGA,
FUTURE_DOMAIN_CHANNEL,17011,1,1472,ORIGA,256,SEALED_REVIEW,OD,32,94.81824465456134,94.79870763599479,-0.019537018566552433,,,,ORIGA,
FUTURE_DOMAIN_CHANNEL,17011,1,1472,ORIGA,256,SEALED_REVIEW,OC,32,78.18578010440878,78.0209587378021,-0.1648213666066738,,,,ORIGA,
FUTURE_DOMAIN_CHANNEL,17011,1,1600,REFUGE,64,SEARCH,OD,35,90.78485975617089,90.72468682596167,-0.060172930209219544,,,,REFUGE,
FUTURE_DOMAIN_CHANNEL,17011,1,1600,REFUGE,64,SEARCH,OC,35,81.46381707705548,81.4092607670241,-0.054556310031387056,,,,REFUGE,
FUTURE_DOMAIN_CHANNEL,17011,1,1600,REFUGE,64,SEALED_REVIEW,OD,19,89.90057878095878,89.88487940312699,-0.01569937783179398,,,,REFUGE,
FUTURE_DOMAIN_CHANNEL,17011,1,1600,REFUGE,64,SEALED_REVIEW,OC,19,79.42998135172915,79.36597881873269,-0.06400253299646863,,,,REFUGE,
FUTURE_DOMAIN_CHANNEL,17011,1,1600,REFUGE,256,SEARCH,OD,125,91.35990156683104,91.14928582453007,-0.21061574230097335,,,,REFUGE,
FUTURE_DOMAIN_CHANNEL,17011,1,1600,REFUGE,256,SEARCH,OC,125,80.62868022120368,80.26360188521295,-0.3650783359907308,,,,REFUGE,
FUTURE_DOMAIN_CHANNEL,17011,1,1600,REFUGE,256,SEALED_REVIEW,OD,85,90.30137807679097,90.06219599370824,-0.23918208308272426,,,,REFUGE,
FUTURE_DOMAIN_CHANNEL,17011,1,1600,REFUGE,256,SEALED_REVIEW,OC,85,79.41951209836121,78.93451837918164,-0.48499371917957035,,,,REFUGE,
FUTURE_DOMAIN_CHANNEL,17011,1,1728,REFUGE,64,SEARCH,OC,27,79.60282612495729,79.52723758577339,-0.0755885391838973,,,,REFUGE,
FUTURE_DOMAIN_CHANNEL,17011,1,1728,REFUGE,64,SEALED_REVIEW,OC,23,79.45786862391668,79.36913327873862,-0.08873534517806547,,,,REFUGE,
FUTURE_DOMAIN_CHANNEL,29009,0,64,REFUGE,64,SEARCH,OC,32,84.44675574601602,83.79902078583721,-0.6477349601788092,,,,REFUGE,
FUTURE_DOMAIN_CHANNEL,29009,0,64,REFUGE,64,SEALED_REVIEW,OD,23,88.4023223155869,88.3970893592439,-0.005232956342993589,,,,REFUGE,
FUTURE_DOMAIN_CHANNEL,29009,0,64,REFUGE,64,SEALED_REVIEW,OC,23,81.35952675180219,80.7570824572792,-0.6024442945229964,,,,REFUGE,
FUTURE_DOMAIN_CHANNEL,29009,0,64,REFUGE,256,SEARCH,OC,120,84.47354731859033,84.02984229837502,-0.44370502021531877,,,,REFUGE,
FUTURE_DOMAIN_CHANNEL,29009,0,64,REFUGE,256,SEALED_REVIEW,OC,89,83.48511120093396,82.88450694040513,-0.6006042605288258,,,,REFUGE,
FUTURE_DOMAIN_CHANNEL,29009,0,192,REFUGE,64,SEARCH,OD,28,87.1690389333982,87.1540242926299,-0.015014640768299614,,,,REFUGE,
FUTURE_DOMAIN_CHANNEL,29009,0,192,REFUGE,64,SEARCH,OC,28,84.67607298662308,84.44578440231126,-0.23028858431182186,,,,REFUGE,
FUTURE_DOMAIN_CHANNEL,29009,0,192,REFUGE,64,SEALED_REVIEW,OC,21,85.88169987174831,85.71778214149474,-0.1639177302535728,,,,REFUGE,
FUTURE_DOMAIN_CHANNEL,29009,0,192,REFUGE,256,SEARCH,OD,26,80.71065269806908,78.1669898870623,-2.543662811006783,,,,ORIGA,
FUTURE_DOMAIN_CHANNEL,29009,0,192,REFUGE,256,SEARCH,OD,93,87.49754004869173,87.4363170242835,-0.06122302440823546,,,,REFUGE,
FUTURE_DOMAIN_CHANNEL,29009,0,192,REFUGE,256,SEARCH,OC,26,60.87320614671028,57.171810248915534,-3.7013958977947468,,,,ORIGA,
FUTURE_DOMAIN_CHANNEL,29009,0,192,REFUGE,256,SEARCH,OC,93,85.17390033693312,85.07000943486726,-0.1038909020658565,,,,REFUGE,
FUTURE_DOMAIN_CHANNEL,29009,0,192,REFUGE,256,SEALED_REVIEW,OD,18,79.04541482158676,75.0667180024307,-3.978696819156056,,,,ORIGA,
FUTURE_DOMAIN_CHANNEL,29009,0,192,REFUGE,256,SEALED_REVIEW,OD,73,87.5972936261656,87.54414640094046,-0.05314722522513193,,,,REFUGE,
FUTURE_DOMAIN_CHANNEL,29009,0,192,REFUGE,256,SEALED_REVIEW,OC,18,60.96420287916306,56.94045760680448,-4.023745272358582,,,,ORIGA,
FUTURE_DOMAIN_CHANNEL,29009,0,192,REFUGE,256,SEALED_REVIEW,OC,73,85.14964579643697,84.88597584878065,-0.2636699476563251,,,,REFUGE,
FUTURE_DOMAIN_CHANNEL,29009,0,320,REFUGE,64,SEALED_REVIEW,OC,25,83.7679262845082,83.64196442343992,-0.12596186106829066,,,,REFUGE,
FUTURE_DOMAIN_CHANNEL,29009,0,320,REFUGE,256,SEARCH,OD,94,83.42697243855908,76.50650878163604,-6.920463656923033,,,,ORIGA,
FUTURE_DOMAIN_CHANNEL,29009,0,320,REFUGE,256,SEARCH,OC,94,66.76743727004371,57.57260678602597,-9.194830484017743,,,,ORIGA,
FUTURE_DOMAIN_CHANNEL,29009,0,320,REFUGE,256,SEALED_REVIEW,OD,59,82.99870555098528,74.65419953395762,-8.344506017027655,,,,ORIGA,
FUTURE_DOMAIN_CHANNEL,29009,0,320,REFUGE,256,SEALED_REVIEW,OC,59,65.54570625986005,55.410926048998576,-10.134780210861479,,,,ORIGA,
FUTURE_DOMAIN_CHANNEL,29009,0,320,REFUGE,256,SEALED_REVIEW,OC,30,84.21433452506987,84.04296364515922,-0.17137087991065414,,,,REFUGE,
FUTURE_DOMAIN_CHANNEL,29009,0,448,ORIGA,64,SEARCH,OD,35,84.51728940787832,82.32146940747907,-2.1958200003992516,,,,ORIGA,
FUTURE_DOMAIN_CHANNEL,29009,0,448,ORIGA,64,SEARCH,OC,35,69.98985404283135,66.91493631530008,-3.074917727531272,,,,ORIGA,
FUTURE_DOMAIN_CHANNEL,29009,0,448,ORIGA,64,SEALED_REVIEW,OD,22,84.35026893328669,81.18313759625013,-3.167131337036551,,,,ORIGA,
FUTURE_DOMAIN_CHANNEL,29009,0,448,ORIGA,64,SEALED_REVIEW,OC,22,69.0514432383026,65.09971184047436,-3.9517313978282402,,,,ORIGA,
FUTURE_DOMAIN_CHANNEL,29009,0,448,ORIGA,256,SEARCH,OD,137,85.36316746353845,80.01826904889495,-5.344898414643495,,,,ORIGA,
FUTURE_DOMAIN_CHANNEL,29009,0,448,ORIGA,256,SEARCH,OC,137,68.96704650941396,62.628104327035146,-6.3389421823788155,,,,ORIGA,
FUTURE_DOMAIN_CHANNEL,29009,0,448,ORIGA,256,SEALED_REVIEW,OD,90,86.46018328660051,80.77386485278728,-5.686318433813227,,,,ORIGA,
FUTURE_DOMAIN_CHANNEL,29009,0,448,ORIGA,256,SEALED_REVIEW,OC,90,72.47101322275891,65.78616820899258,-6.684845013766335,,,,ORIGA,
FUTURE_DOMAIN_CHANNEL,29009,0,576,ORIGA,64,SEARCH,OD,38,85.77079890782925,85.12525106629373,-0.6455478415355174,,,,ORIGA,
FUTURE_DOMAIN_CHANNEL,29009,0,576,ORIGA,64,SEARCH,OC,38,65.71089879845862,65.05789659593577,-0.6530022025228419,,,,ORIGA,
FUTURE_DOMAIN_CHANNEL,29009,0,576,ORIGA,64,SEALED_REVIEW,OD,24,90.01230435292265,89.38691906105973,-0.6253852918629264,,,,ORIGA,
FUTURE_DOMAIN_CHANNEL,29009,0,576,ORIGA,64,SEALED_REVIEW,OC,24,79.50137714942878,78.95722438409376,-0.5441527653350136,,,,ORIGA,
FUTURE_DOMAIN_CHANNEL,29009,0,576,ORIGA,256,SEARCH,OD,140,87.75221947362046,86.11085424994712,-1.6413652236733327,,,,ORIGA,
FUTURE_DOMAIN_CHANNEL,29009,0,576,ORIGA,256,SEARCH,OC,140,70.77240427171454,68.52232987372125,-2.250074397993288,,,,ORIGA,
FUTURE_DOMAIN_CHANNEL,29009,0,576,ORIGA,256,SEALED_REVIEW,OD,95,87.86408723866326,86.1870099550851,-1.677077283578157,,,,ORIGA,
FUTURE_DOMAIN_CHANNEL,29009,0,576,ORIGA,256,SEALED_REVIEW,OC,95,73.7687795353744,71.780250433963,-1.9885291014114017,,,,ORIGA,
FUTURE_DOMAIN_CHANNEL,29009,0,704,ORIGA,64,SEARCH,OD,32,89.41347894961677,89.09754434622319,-0.31593460339358614,,,,ORIGA,
FUTURE_DOMAIN_CHANNEL,29009,0,704,ORIGA,64,SEARCH,OC,32,71.63771654643809,71.11978924875832,-0.517927297679762,,,,ORIGA,
FUTURE_DOMAIN_CHANNEL,29009,0,704,ORIGA,64,SEALED_REVIEW,OD,27,88.0643605498777,87.80711680044863,-0.25724374942907957,,,,ORIGA,
FUTURE_DOMAIN_CHANNEL,29009,0,704,ORIGA,64,SEALED_REVIEW,OC,27,71.94180600385486,71.54263956056346,-0.3991664432914064,,,,ORIGA,
FUTURE_DOMAIN_CHANNEL,29009,0,704,ORIGA,256,SEARCH,OD,143,90.20507522179186,89.39718691795221,-0.8078883038396469,,,,ORIGA,
FUTURE_DOMAIN_CHANNEL,29009,0,704,ORIGA,256,SEARCH,OC,143,73.40917913821737,72.5773673851392,-0.8318117530781706,,,,ORIGA,
FUTURE_DOMAIN_CHANNEL,29009,0,704,ORIGA,256,SEALED_REVIEW,OD,91,90.05160988385926,89.35500752539272,-0.6966023584665351,,,,ORIGA,
FUTURE_DOMAIN_CHANNEL,29009,0,704,ORIGA,256,SEALED_REVIEW,OC,91,74.82961636833195,74.36399427140282,-0.46562209692913825,,,,ORIGA,
FUTURE_DOMAIN_CHANNEL,29009,0,832,ORIGA,64,SEARCH,OD,38,89.72603312042465,89.4487239950196,-0.27730912540503994,,,,ORIGA,
FUTURE_DOMAIN_CHANNEL,29009,0,832,ORIGA,64,SEARCH,OC,38,72.39802872019193,72.18794726510097,-0.21008145509095755,,,,ORIGA,
FUTURE_DOMAIN_CHANNEL,29009,0,832,ORIGA,64,SEALED_REVIEW,OD,20,90.24095576744354,90.10356029206432,-0.13739547537922192,,,,ORIGA,
FUTURE_DOMAIN_CHANNEL,29009,0,832,ORIGA,64,SEALED_REVIEW,OC,20,78.40876379395236,78.33598626329724,-0.0727775306551166,,,,ORIGA,
FUTURE_DOMAIN_CHANNEL,29009,0,832,ORIGA,256,SEARCH,OD,118,91.81868835417141,91.2382334102267,-0.5804549439447158,,,,ORIGA,
FUTURE_DOMAIN_CHANNEL,29009,0,832,ORIGA,256,SEARCH,OC,118,75.39669738861929,74.88303166850443,-0.513665720114858,,,,ORIGA,
FUTURE_DOMAIN_CHANNEL,29009,0,832,ORIGA,256,SEALED_REVIEW,OD,80,92.73367009591688,92.24870047220604,-0.48496962371083896,,,,ORIGA,
FUTURE_DOMAIN_CHANNEL,29009,0,832,ORIGA,256,SEALED_REVIEW,OC,80,78.5424301400162,78.17954628289577,-0.3628838571204227,,,,ORIGA,
FUTURE_DOMAIN_CHANNEL,29009,0,960,ORIGA,64,SEARCH,OD,33,92.9663389810599,92.80235260820781,-0.1639863728520936,,,,ORIGA,
FUTURE_DOMAIN_CHANNEL,29009,0,960,ORIGA,64,SEARCH,OC,33,75.27209995634102,75.09090481134194,-0.18119514499908007,,,,ORIGA,
FUTURE_DOMAIN_CHANNEL,29009,0,960,ORIGA,64,SEALED_REVIEW,OD,24,93.47213716229204,93.29479975379306,-0.17733740849898538,,,,ORIGA,
FUTURE_DOMAIN_CHANNEL,29009,0,960,ORIGA,64,SEALED_REVIEW,OC,24,77.3140375845593,77.08331071507399,-0.2307268694853093,,,,ORIGA,
FUTURE_DOMAIN_CHANNEL,29009,0,960,ORIGA,256,SEARCH,OD,46,92.81510199897491,92.53635492295322,-0.2787470760216877,,,,ORIGA,
FUTURE_DOMAIN_CHANNEL,29009,0,960,ORIGA,256,SEARCH,OC,46,77.22575315025992,76.92347666290878,-0.3022764873511363,,,,ORIGA,
FUTURE_DOMAIN_CHANNEL,29009,0,960,ORIGA,256,SEALED_REVIEW,OD,35,93.25071602401975,92.99882353853785,-0.25189248548190335,,,,ORIGA,
FUTURE_DOMAIN_CHANNEL,29009,0,960,ORIGA,256,SEALED_REVIEW,OC,35,77.98237728577604,77.76088197904676,-0.22149530672928108,,,,ORIGA,
FUTURE_DOMAIN_CHANNEL,29009,0,1088,REFUGE_Valid,64,SEARCH,OD,37,78.82101580604622,78.5100721108156,-0.3109436952306197,,,,REFUGE_Valid,
FUTURE_DOMAIN_CHANNEL,29009,0,1088,REFUGE_Valid,64,SEALED_REVIEW,OD,22,80.98715346723985,80.90990300267379,-0.07725046456606321,,,,REFUGE_Valid,
FUTURE_DOMAIN_CHANNEL,29009,0,1216,REFUGE_Valid,64,SEARCH,OD,31,77.68254343178114,77.63052945706724,-0.052013974713901234,,,,REFUGE_Valid,
FUTURE_DOMAIN_CHANNEL,29009,0,1216,REFUGE_Valid,64,SEALED_REVIEW,OD,27,78.60398895783761,78.51301606814077,-0.09097288969684314,,,,REFUGE_Valid,
FUTURE_DOMAIN_CHANNEL,29009,0,1216,REFUGE_Valid,256,SEARCH,OD,127,78.611921739141,78.46417439377025,-0.14774734537074607,,,,REFUGE_Valid,
FUTURE_DOMAIN_CHANNEL,29009,0,1216,REFUGE_Valid,256,SEALED_REVIEW,OD,104,79.46292394659542,79.34770525390482,-0.11521869269060403,,,,REFUGE_Valid,
FUTURE_DOMAIN_CHANNEL,29009,0,1344,REFUGE_Valid,64,SEARCH,OD,37,78.96273614783539,78.77025310397607,-0.19248304385931192,,,,REFUGE_Valid,
FUTURE_DOMAIN_CHANNEL,29009,0,1344,REFUGE_Valid,64,SEALED_REVIEW,OD,21,79.18347257217616,79.00039238561641,-0.18308018655974934,,,,REFUGE_Valid,
FUTURE_DOMAIN_CHANNEL,29009,0,1344,REFUGE_Valid,64,SEALED_REVIEW,OC,21,61.365126145709525,61.351760346020306,-0.01336579968921825,,,,REFUGE_Valid,
FUTURE_DOMAIN_CHANNEL,29009,0,1600,REFUGE_Valid,64,SEARCH,OD,33,77.09486063236899,76.94781957754819,-0.14704105482080365,,,,REFUGE_Valid,
FUTURE_DOMAIN_CHANNEL,29009,0,1600,REFUGE_Valid,256,SEARCH,OD,1,96.54415481262185,96.30037851870115,-0.24377629392070332,,,,Drishti_GS,
FUTURE_DOMAIN_CHANNEL,29009,0,1600,REFUGE_Valid,256,SEARCH,OC,1,68.69799988980108,67.66992447800976,-1.0280754117913204,,,,Drishti_GS,
FUTURE_DOMAIN_CHANNEL,29009,0,1856,Drishti_GS,64,SEARCH,OC,14,71.74619065679038,71.69387512594966,-0.052315530840715496,,,,Drishti_GS,
FUTURE_DOMAIN_CHANNEL,29009,0,1856,Drishti_GS,64,SEALED_REVIEW,OC,10,62.861311449902516,62.7428065425874,-0.11850490731511343,,,,Drishti_GS,
FUTURE_DOMAIN_CHANNEL,29009,1,64,Drishti_GS,64,SEARCH,OD,7,86.50473235891407,86.12399737441595,-0.38073498449811893,,,,Drishti_GS,
FUTURE_DOMAIN_CHANNEL,29009,1,64,Drishti_GS,64,SEARCH,OD,15,80.68753774816437,80.42027030611668,-0.2672674420476966,,,,REFUGE_Valid,
FUTURE_DOMAIN_CHANNEL,29009,1,64,Drishti_GS,64,SEARCH,OC,7,64.46957569991068,64.15636539757298,-0.3132103023376942,,,,Drishti_GS,
FUTURE_DOMAIN_CHANNEL,29009,1,64,Drishti_GS,64,SEARCH,OC,15,61.92943844532611,61.71565188399301,-0.2137865613331016,,,,REFUGE_Valid,
FUTURE_DOMAIN_CHANNEL,29009,1,64,Drishti_GS,64,SEALED_REVIEW,OD,7,88.16474926472787,88.04955018299377,-0.11519908173410442,,,,Drishti_GS,
FUTURE_DOMAIN_CHANNEL,29009,1,64,Drishti_GS,64,SEALED_REVIEW,OD,11,84.2628518090614,84.08566548696828,-0.1771863220931209,,,,REFUGE_Valid,
FUTURE_DOMAIN_CHANNEL,29009,1,64,Drishti_GS,64,SEALED_REVIEW,OC,7,64.72312879734307,64.61169044256401,-0.11143835477905384,,,,Drishti_GS,
FUTURE_DOMAIN_CHANNEL,29009,1,64,Drishti_GS,64,SEALED_REVIEW,OC,11,68.52336433314774,68.30689370545859,-0.21647062768914793,,,,REFUGE_Valid,
FUTURE_DOMAIN_CHANNEL,29009,1,64,Drishti_GS,256,SEARCH,OD,7,86.50473235891407,86.12399737441595,-0.38073498449811893,,,,Drishti_GS,
FUTURE_DOMAIN_CHANNEL,29009,1,64,Drishti_GS,256,SEARCH,OD,117,82.03275277444948,81.44949005216264,-0.5832627222868325,,,,REFUGE_Valid,
FUTURE_DOMAIN_CHANNEL,29009,1,64,Drishti_GS,256,SEARCH,OC,7,64.46957569991068,64.15636539757298,-0.3132103023376942,,,,Drishti_GS,
FUTURE_DOMAIN_CHANNEL,29009,1,64,Drishti_GS,256,SEALED_REVIEW,OD,7,88.16474926472787,88.04955018299377,-0.11519908173410442,,,,Drishti_GS,
FUTURE_DOMAIN_CHANNEL,29009,1,64,Drishti_GS,256,SEALED_REVIEW,OC,7,64.72312879734307,64.61169044256401,-0.11143835477905384,,,,Drishti_GS,
FUTURE_DOMAIN_CHANNEL,29009,1,576,REFUGE_Valid,64,SEARCH,OD,34,81.10566151930936,81.08943974047772,-0.016221778831649658,,,,REFUGE_Valid,
FUTURE_DOMAIN_CHANNEL,29009,1,576,REFUGE_Valid,64,SEALED_REVIEW,OD,26,78.79801668434943,78.78632498882371,-0.011691695525726686,,,,REFUGE_Valid,
FUTURE_DOMAIN_CHANNEL,29009,1,704,REFUGE_Valid,256,SEARCH,OD,33,82.73784187809255,80.41438085299019,-2.323461025102361,,,,ORIGA,
FUTURE_DOMAIN_CHANNEL,29009,1,704,REFUGE_Valid,256,SEARCH,OC,33,61.71648400957182,57.961530593232915,-3.754953416338907,,,,ORIGA,
FUTURE_DOMAIN_CHANNEL,29009,1,704,REFUGE_Valid,256,SEALED_REVIEW,OD,22,80.16211391048427,76.90219326072912,-3.259920649755145,,,,ORIGA,
FUTURE_DOMAIN_CHANNEL,29009,1,704,REFUGE_Valid,256,SEALED_REVIEW,OC,22,57.916493111503755,55.235357001366296,-2.6811361101374587,,,,ORIGA,
FUTURE_DOMAIN_CHANNEL,29009,1,832,REFUGE_Valid,256,SEARCH,OD,101,84.11350516505388,79.67577838529105,-4.437726779762826,,,,ORIGA,
FUTURE_DOMAIN_CHANNEL,29009,1,832,REFUGE_Valid,256,SEARCH,OC,101,64.51173056793932,57.82317838470305,-6.6885521832362755,,,,ORIGA,
FUTURE_DOMAIN_CHANNEL,29009,1,832,REFUGE_Valid,256,SEALED_REVIEW,OD,63,83.02768621893776,77.62420570224819,-5.403480516689569,,,,ORIGA,
FUTURE_DOMAIN_CHANNEL,29009,1,832,REFUGE_Valid,256,SEALED_REVIEW,OC,63,62.31878714987117,55.37362750399898,-6.945159645872188,,,,ORIGA,
FUTURE_DOMAIN_CHANNEL,29009,1,960,ORIGA,64,SEARCH,OD,34,85.37497302663692,83.99310554681969,-1.381867479817231,,,,ORIGA,
FUTURE_DOMAIN_CHANNEL,29009,1,960,ORIGA,64,SEARCH,OC,34,66.59080680609483,64.58053083903847,-2.0102759670563586,,,,ORIGA,
FUTURE_DOMAIN_CHANNEL,29009,1,960,ORIGA,64,SEALED_REVIEW,OD,22,84.03120077592807,82.37995704977011,-1.6512437261579578,,,,ORIGA,
FUTURE_DOMAIN_CHANNEL,29009,1,960,ORIGA,64,SEALED_REVIEW,OC,22,63.46147194382695,61.241017264391004,-2.220454679435946,,,,ORIGA,
FUTURE_DOMAIN_CHANNEL,29009,1,960,ORIGA,256,SEARCH,OD,134,85.08324928737537,81.62938397545722,-3.4538653119181504,,,,ORIGA,
FUTURE_DOMAIN_CHANNEL,29009,1,960,ORIGA,256,SEARCH,OC,134,65.25076453987549,60.5297065493284,-4.721057990547088,,,,ORIGA,
FUTURE_DOMAIN_CHANNEL,29009,1,960,ORIGA,256,SEALED_REVIEW,OD,91,85.64081291694099,82.18556274233119,-3.4552501746098017,,,,ORIGA,
FUTURE_DOMAIN_CHANNEL,29009,1,960,ORIGA,256,SEALED_REVIEW,OC,91,68.4313802565689,63.43940163712493,-4.9919786194439695,,,,ORIGA,
FUTURE_DOMAIN_CHANNEL,29009,1,1088,ORIGA,64,SEARCH,OD,37,84.59096294634647,84.323528822635,-0.26743412371146746,,,,ORIGA,
FUTURE_DOMAIN_CHANNEL,29009,1,1088,ORIGA,64,SEARCH,OC,37,59.81637802969411,59.15689003613542,-0.6594879935586846,,,,ORIGA,
FUTURE_DOMAIN_CHANNEL,29009,1,1088,ORIGA,64,SEALED_REVIEW,OD,25,89.21210011401135,88.9167374129976,-0.29536270101374384,,,,ORIGA,
FUTURE_DOMAIN_CHANNEL,29009,1,1088,ORIGA,64,SEALED_REVIEW,OC,25,74.17403848687424,73.50403348735837,-0.6700049995158679,,,,ORIGA,
FUTURE_DOMAIN_CHANNEL,29009,1,1088,ORIGA,256,SEARCH,OD,142,86.20365523632884,85.21492220989371,-0.9887330264351277,,,,ORIGA,
FUTURE_DOMAIN_CHANNEL,29009,1,1088,ORIGA,256,SEARCH,OC,142,66.5260211811188,64.38197721096853,-2.144043970150264,,,,ORIGA,
FUTURE_DOMAIN_CHANNEL,29009,1,1088,ORIGA,256,SEALED_REVIEW,OD,93,86.11213722542884,85.2761790024301,-0.835958222998741,,,,ORIGA,
FUTURE_DOMAIN_CHANNEL,29009,1,1088,ORIGA,256,SEALED_REVIEW,OC,93,69.5430965407384,67.968108736189,-1.5749878045494086,,,,ORIGA,
FUTURE_DOMAIN_CHANNEL,29009,1,1216,ORIGA,64,SEARCH,OD,36,86.60598466681283,86.21002237031192,-0.39596229650091175,,,,ORIGA,
FUTURE_DOMAIN_CHANNEL,29009,1,1216,ORIGA,64,SEARCH,OC,36,67.2850634470747,66.52465004478526,-0.7604134022894442,,,,ORIGA,
FUTURE_DOMAIN_CHANNEL,29009,1,1216,ORIGA,64,SEALED_REVIEW,OD,24,84.59198846417789,84.2632801405639,-0.32870832361399493,,,,ORIGA,
FUTURE_DOMAIN_CHANNEL,29009,1,1216,ORIGA,64,SEALED_REVIEW,OC,24,67.34675766840171,66.98522452637812,-0.361533142023589,,,,ORIGA,
FUTURE_DOMAIN_CHANNEL,29009,1,1216,ORIGA,256,SEARCH,OD,147,88.67762827613896,88.18280949630753,-0.49481877983143363,,,,ORIGA,
FUTURE_DOMAIN_CHANNEL,29009,1,1216,ORIGA,256,SEARCH,OC,147,70.31150170270456,69.46346724818736,-0.8480344545172045,,,,ORIGA,
FUTURE_DOMAIN_CHANNEL,29009,1,1216,ORIGA,256,SEALED_REVIEW,OD,89,88.3656017201108,88.11278043260195,-0.25282128750885136,,,,ORIGA,
FUTURE_DOMAIN_CHANNEL,29009,1,1216,ORIGA,256,SEALED_REVIEW,OC,89,71.8223649110168,71.44293673775688,-0.3794281732599245,,,,ORIGA,
FUTURE_DOMAIN_CHANNEL,29009,1,1344,ORIGA,64,SEARCH,OD,35,87.88776667185452,87.76189680155795,-0.12586987029656882,,,,ORIGA,
FUTURE_DOMAIN_CHANNEL,29009,1,1344,ORIGA,64,SEARCH,OC,35,68.45303249136619,68.23575380425244,-0.21727868711374754,,,,ORIGA,
FUTURE_DOMAIN_CHANNEL,29009,1,1344,ORIGA,64,SEALED_REVIEW,OD,21,88.19442158106443,88.16774518233568,-0.02667639872875327,,,,ORIGA,
FUTURE_DOMAIN_CHANNEL,29009,1,1344,ORIGA,64,SEALED_REVIEW,OC,21,74.31385970009603,74.17865649233987,-0.13520320775616312,,,,ORIGA,
FUTURE_DOMAIN_CHANNEL,29009,1,1344,ORIGA,256,SEARCH,OD,109,91.98429118418406,91.88671255818953,-0.09757862599452949,,,,ORIGA,
FUTURE_DOMAIN_CHANNEL,29009,1,1344,ORIGA,256,SEARCH,OC,109,74.40512422437064,74.24008152951443,-0.16504269485621137,,,,ORIGA,
FUTURE_DOMAIN_CHANNEL,29009,1,1344,ORIGA,256,SEALED_REVIEW,OC,78,76.76051620906016,76.71342100124482,-0.04709520781533172,,,,ORIGA,
FUTURE_DOMAIN_CHANNEL,29009,1,1344,ORIGA,256,SEALED_REVIEW,OC,13,77.68199395328017,77.48421441846273,-0.19777953481744248,,,,REFUGE,
FUTURE_DOMAIN_CHANNEL,29009,1,1472,ORIGA,64,SEARCH,OC,31,77.03390353682018,76.82323977162557,-0.21066376519461016,,,,ORIGA,
FUTURE_DOMAIN_CHANNEL,29009,1,1472,ORIGA,64,SEALED_REVIEW,OC,25,77.46061487776088,77.27489501505251,-0.1857198627083676,,,,ORIGA,
FUTURE_DOMAIN_CHANNEL,29009,1,1472,ORIGA,256,SEARCH,OD,38,94.61987529545841,94.60559485626874,-0.01428043918967603,,,,ORIGA,
FUTURE_DOMAIN_CHANNEL,29009,1,1472,ORIGA,256,SEARCH,OC,38,77.80266222579954,77.61997776221514,-0.18268446358439405,,,,ORIGA,
FUTURE_DOMAIN_CHANNEL,29009,1,1472,ORIGA,256,SEALED_REVIEW,OC,32,77.72821575487187,77.53466856824679,-0.1935471866250822,,,,ORIGA,
FUTURE_DOMAIN_CHANNEL,29009,1,1600,REFUGE,64,SEARCH,OD,35,90.28714186880589,90.28340910415643,-0.003732764649456044,,,,REFUGE,
FUTURE_DOMAIN_CHANNEL,29009,1,1600,REFUGE,64,SEALED_REVIEW,OC,19,79.33698805701296,79.30424549140942,-0.03274256560354161,,,,REFUGE,
FUTURE_DOMAIN_CHANNEL,29009,1,1600,REFUGE,256,SEARCH,OD,125,90.96036557333781,90.60366617519566,-0.3566993981421547,,,,REFUGE,
FUTURE_DOMAIN_CHANNEL,29009,1,1600,REFUGE,256,SEARCH,OC,125,80.62143830709404,80.33930809659591,-0.28213021049812426,,,,REFUGE,
FUTURE_DOMAIN_CHANNEL,29009,1,1600,REFUGE,256,SEALED_REVIEW,OD,85,89.69836440179576,89.31759149620557,-0.3807729055901916,,,,REFUGE,
FUTURE_DOMAIN_CHANNEL,29009,1,1600,REFUGE,256,SEALED_REVIEW,OC,85,79.28659674091946,78.86181050051519,-0.4247862404042735,,,,REFUGE,
FUTURE_DOMAIN_CHANNEL,29009,1,1728,REFUGE,64,SEARCH,OC,27,79.52894348820003,79.44605012836537,-0.08289335983465662,,,,REFUGE,
FUTURE_DOMAIN_CHANNEL,29009,1,1728,REFUGE,64,SEALED_REVIEW,OD,23,90.55289413315106,90.54296485147036,-0.009929281680697954,,,,REFUGE,
FUTURE_DOMAIN_CHANNEL,29009,1,1728,REFUGE,64,SEALED_REVIEW,OC,23,79.25917287645036,79.14101671518482,-0.11815616126554573,,,,REFUGE,
FUTURE_DOMAIN_CHANNEL,29009,1,1856,REFUGE,64,SEARCH,OD,31,88.92796736623943,88.87485326014843,-0.053114106091001645,,,,REFUGE,
FUTURE_DOMAIN_CHANNEL,29009,1,1856,REFUGE,64,SEARCH,OC,31,78.52262253628993,78.46612570326468,-0.05649683302524977,,,,REFUGE,
FUTURE_DOMAIN_CHANNEL,29009,1,1856,REFUGE,64,SEALED_REVIEW,OD,25,90.443080648071,90.41371970681607,-0.029360941254935824,,,,REFUGE,
FUTURE_DOMAIN_CHANNEL,29009,1,1856,REFUGE,64,SEALED_REVIEW,OC,25,83.07316429540253,83.02288643037662,-0.0502778650259188,,,,REFUGE,
ORIGIN_STRATUM,,0,,Drishti_GS,64,SEALED_REVIEW,,,76.34438071492987,76.22610018882818,-0.11828052610168054,,,,,3
ORIGIN_STRATUM,,1,,Drishti_GS,64,SEALED_REVIEW,,,76.40120498997844,76.20269731964821,-0.1985076703302345,,,,,3
ORIGIN_STRATUM,,0,,ORIGA,64,SEALED_REVIEW,,,82.25506016905489,81.34187122610504,-0.9131889429498443,,,,,15
ORIGIN_STRATUM,,1,,ORIGA,64,SEALED_REVIEW,,,80.25106167101266,79.6873978602054,-0.5636638108072797,,,,,15
ORIGIN_STRATUM,,0,,REFUGE,64,SEALED_REVIEW,,,85.83802394319768,85.697858474955,-0.1401654682426899,,,,,9
ORIGIN_STRATUM,,1,,REFUGE,64,SEALED_REVIEW,,,85.61936147402257,85.61346613940827,-0.005895334614294256,,,,,9
ORIGIN_STRATUM,,1,,Drishti_GS,256,SEALED_REVIEW,,,75.39240263943393,75.35266987783238,-0.03973276160153224,,,,,3
ORIGIN_STRATUM,,0,,ORIGA,256,SEALED_REVIEW,,,80.44082455655763,78.89244030720883,-1.5483842493487885,,,,,15
ORIGIN_STRATUM,,1,,ORIGA,256,SEALED_REVIEW,,,81.2000784165136,80.05496824710593,-1.145110169407665,,,,,15
ORIGIN_STRATUM,,0,,REFUGE,256,SEALED_REVIEW,,,82.58594807846903,79.95166942355114,-2.6342786549178943,,,,,9
ORIGIN_STRATUM,,1,,REFUGE,256,SEALED_REVIEW,,,84.88671289344335,84.53731467511277,-0.3493982183305775,,,,,3
ORIGIN_STRATUM,,1,,REFUGE_Valid,256,SEALED_REVIEW,,,73.229072896564,73.03685050907161,-0.1922223874923835,,,,,18
ORIGIN_STRATUM,,0,,Drishti_GS,64,SEARCH,,,82.4919688540012,82.40478977902762,-0.08717907497357184,,,,,3
ORIGIN_STRATUM,,1,,Drishti_GS,64,SEARCH,,,72.66210506539795,72.37485685339206,-0.2872482120058919,,,,,3
ORIGIN_STRATUM,,0,,ORIGA,64,SEARCH,,,79.80237113203381,79.08215732117536,-0.7202138108584573,,,,,15
ORIGIN_STRATUM,,1,,ORIGA,64,SEARCH,,,78.27191356439008,77.66929338291169,-0.6026201814783785,,,,,15
ORIGIN_STRATUM,,0,,REFUGE,64,SEARCH,,,86.0392323810774,85.90538736955435,-0.13384501152304848,,,,,9
ORIGIN_STRATUM,,1,,REFUGE,64,SEARCH,,,85.48761412890657,85.4825384853724,-0.005075643534179146,,,,,9
ORIGIN_STRATUM,,1,,Drishti_GS,256,SEARCH,,,72.5883312022031,72.15463999855831,-0.4336912036447842,,,,,3
ORIGIN_STRATUM,,0,,ORIGA,256,SEARCH,,,78.58309360054587,77.00104619063397,-1.582047409911893,,,,,15
ORIGIN_STRATUM,,1,,ORIGA,256,SEARCH,,,80.55543957459984,79.29280712084078,-1.2626324537590723,,,,,15
ORIGIN_STRATUM,,0,,REFUGE,256,SEARCH,,,82.64240981510419,80.33693608686369,-2.305473728240503,,,,,9
ORIGIN_STRATUM,,1,,REFUGE,256,SEARCH,,,86.06908313945262,85.79137326694547,-0.2777098725071501,,,,,3
ORIGIN_STRATUM,,1,,REFUGE_Valid,256,SEARCH,,,72.76467790481708,72.75984858803369,-0.004829316783385372,,,,,18
