job,key,n,mean,median,p10,p90,positive,zero,negative,minimum,worst_decile_mean,tail_count
o0a0,r4t.global_visit,1951,976.0,976.0,196.0,1756.0,1951,0,0,1.0,98.5,196
o0a0,r4t.counts.network_forwards,1951,8.0,8.0,8.0,8.0,1951,0,0,8.0,8.0,196
o0a0,r4t.counts.loss_backward_calls,1951,1.0,1.0,1.0,1.0,1951,0,0,1.0,1.0,196
o0a0,r4t.counts.adam_calls,1951,1.0,1.0,1.0,1.0,1951,0,0,1.0,1.0,196
o0a0,r4t.counts.jacobian_vjp_calls,1951,0.0,0.0,0.0,0.0,0,1951,0,0.0,0.0,196
o0a0,r4t.counts.actual_parameter_replacements,1951,0.0,0.0,0.0,0.0,0,1951,0,0.0,0.0,196
o0a0,r4t.teacher_update,1951,0.0,0.0,0.0,0.0,0,1951,0,0.0,0.0,196
o0a0,r4t.source_unchanged,1951,1.0,1.0,1.0,1.0,1951,0,0,1.0,1.0,196
o0a0,auxiliary.q.0.total_pixels,1951,262144.0,262144.0,262144.0,262144.0,1951,0,0,262144.0,262144.0,196
o0a0,auxiliary.q.0.gt_foreground,1951,29364.35161455664,28513.0,15296.0,45565.0,1951,0,0,9104.0,13711.244897959185,196
o0a0,auxiliary.q.0.gt_background,1951,232779.64838544338,233631.0,216579.0,246848.0,1951,0,0,185479.0,210883.1530612245,196
o0a0,auxiliary.q.0.pred_foreground,1951,29557.624807790875,27791.0,23488.0,37960.0,1951,0,0,17582.0,22128.530612244896,196
o0a0,auxiliary.q.0.intersection,1951,25278.96258329062,23994.0,15227.0,37146.0,1951,0,0,9104.0,13671.127551020409,196
o0a0,auxiliary.q.0.dice,1951,0.8479475874954143,0.8693789597285126,0.7210764217386734,0.9411900483075858,1951,0,0,0.5058661325147629,0.6634662640733421,196
o0a0,auxiliary.q.0.brier_sum,1951,6697.811034069753,6036.178599019158,2616.181059537826,11822.940305059987,1951,0,0,944.0509822734934,1984.8328616537929,196
o0a0,auxiliary.q.0.brier,1951,0.02555012143733884,0.023026193996502527,0.00997993873419886,0.045100938053359935,1951,0,0,0.003601268700689291,0.0075715364900733675,196
o0a0,auxiliary.q.0.foreground_brier_sum,1951,3214.5173053896424,1857.8019974441793,3.2656035349478607,8614.729732190293,1951,0,0,0.002389081174758445,1.021933899601258,196
o0a0,auxiliary.q.0.background_brier_sum,1951,3483.2937286801107,1565.1225829960897,40.23932798677801,9563.767016255411,1951,0,0,0.009181091347443195,13.055632156399968,196
o0a0,auxiliary.q.0.foreground_brier,1951,0.08189517842883016,0.06108958467387263,0.00019754544848523444,0.20582997674996537,1951,0,0,1.598032054814536e-07,6.469005483824575e-05,196
o0a0,auxiliary.q.0.background_brier,1951,0.014344696916729599,0.006920966756947436,0.0001793800350327571,0.03871777515129281,1951,0,0,4.9499357595432335e-08,5.917245345434642e-05,196
o0a0,auxiliary.q.1.total_pixels,1951,262144.0,262144.0,262144.0,262144.0,1951,0,0,262144.0,262144.0,196
o0a0,auxiliary.q.1.gt_foreground,1951,9633.745771399283,7259.0,2865.0,19762.0,1951,0,0,907.0,2369.5255102040815,196
o0a0,auxiliary.q.1.gt_background,1951,252510.2542286007,254885.0,242382.0,259279.0,1951,0,0,213174.0,236489.056122449,196
o0a0,auxiliary.q.1.pred_foreground,1951,9773.87442337263,9790.0,7265.0,12031.0,1951,0,0,5202.0,6796.392857142857,196
o0a0,auxiliary.q.1.intersection,1951,6829.045617631984,6580.0,2843.0,11214.0,1951,0,0,907.0,2344.7704081632655,196
o0a0,auxiliary.q.1.dice,1951,0.6955401722188997,0.7224442439087276,0.45755945148411736,0.886961686961687,1951,0,0,0.11842256104551187,0.39172762472674777,196
o0a0,auxiliary.q.1.brier_sum,1951,4532.913723403461,4061.8712570593016,1292.970625127107,7863.472815151909,1951,0,0,551.0972113667046,1023.6519189691427,196
o0a0,auxiliary.q.1.brier,1951,0.01729169358598122,0.0154948091776249,0.004932291508205822,0.02999676824627651,1951,0,0,0.002102269025294131,0.0039049221762433727,196
o0a0,auxiliary.q.1.foreground_brier_sum,1951,2252.5660575195625,340.9876312808701,0.20330272342938827,7204.721164162637,1951,0,0,0.0006530491149199236,0.07852129147337368,196
o0a0,auxiliary.q.1.background_brier_sum,1951,2280.3476658838986,1617.874187237333,38.061015684622674,5324.418426083877,1951,0,0,0.00027096943413931784,10.429075171029195,196
o0a0,auxiliary.q.1.foreground_brier,1951,0.1277305599466978,0.04555121138364285,6.199614626010848e-05,0.37024042504206145,1951,0,0,3.0559153716421315e-07,2.3922216953369646e-05,196
o0a0,auxiliary.q.1.background_brier,1951,0.00887690801472941,0.00653665436400826,0.0001620734140530209,0.020498557922292847,1951,0,0,1.1673578296728352e-09,4.302562332545399e-05,196
o0a1,r4t.global_visit,1951,976.0,976.0,196.0,1756.0,1951,0,0,1.0,98.5,196
o0a1,r4t.counts.network_forwards,1951,8.0,8.0,8.0,8.0,1951,0,0,8.0,8.0,196
o0a1,r4t.counts.loss_backward_calls,1951,1.0,1.0,1.0,1.0,1951,0,0,1.0,1.0,196
o0a1,r4t.counts.adam_calls,1951,1.0,1.0,1.0,1.0,1951,0,0,1.0,1.0,196
o0a1,r4t.counts.jacobian_vjp_calls,1951,0.0,0.0,0.0,0.0,0,1951,0,0.0,0.0,196
o0a1,r4t.counts.actual_parameter_replacements,1951,0.0,0.0,0.0,0.0,0,1951,0,0.0,0.0,196
o0a1,r4t.pca.input.region_token_counts.0,1951,908.3444387493593,915.0,875.0,933.0,1951,0,0,825.0,863.9132653061224,196
o0a1,r4t.pca.input.region_token_counts.1,1951,115.6555612506407,109.0,91.0,149.0,1951,0,0,69.0,85.88265306122449,196
o0a1,r4t.pca.input.region_token_counts.2,1951,985.2870322911327,985.0,976.0,996.0,1951,0,0,959.0,972.515306122449,196
o0a1,r4t.pca.input.region_token_counts.3,1951,38.71296770886725,39.0,28.0,48.0,1951,0,0,19.0,26.53061224489796,196
o0a1,r4t.pca.input.sampled_region_counts.0,1951,32.0,32.0,32.0,32.0,1951,0,0,32.0,32.0,196
o0a1,r4t.pca.input.sampled_region_counts.1,1951,31.999487442337262,32.0,32.0,32.0,1951,0,0,31.0,31.994897959183675,196
o0a1,r4t.pca.input.sampled_region_counts.2,1951,32.0,32.0,32.0,32.0,1951,0,0,32.0,32.0,196
o0a1,r4t.pca.input.sampled_region_counts.3,1951,24.66324961558175,26.0,16.0,32.0,1947,4,0,0.0,12.862244897959183,196
o0a1,r4t.pca.input.selected_region_counts.0,1951,32.0,32.0,32.0,32.0,1951,0,0,32.0,32.0,196
o0a1,r4t.pca.input.selected_region_counts.1,1951,31.999487442337262,32.0,32.0,32.0,1951,0,0,31.0,31.994897959183675,196
o0a1,r4t.pca.input.selected_region_counts.2,1951,32.0,32.0,32.0,32.0,1951,0,0,32.0,32.0,196
o0a1,r4t.pca.input.selected_region_counts.3,1951,24.66324961558175,26.0,16.0,32.0,1947,4,0,0.0,12.862244897959183,196
o0a1,r4t.pca.input.assigned_bank_counts.0,1951,32.0,32.0,32.0,32.0,1951,0,0,32.0,32.0,196
o0a1,r4t.pca.input.assigned_bank_counts.1,1951,31.999487442337262,32.0,32.0,32.0,1951,0,0,31.0,31.994897959183675,196
o0a1,r4t.pca.input.assigned_bank_counts.2,1951,32.0,32.0,32.0,32.0,1951,0,0,32.0,32.0,196
o0a1,r4t.pca.input.assigned_bank_counts.3,1951,24.66324961558175,26.0,16.0,32.0,1947,4,0,0.0,12.862244897959183,196
o0a1,r4t.pca.input.zero_vectors.0,1951,0.0,0.0,0.0,0.0,0,1951,0,0.0,0.0,196
o0a1,r4t.pca.input.zero_vectors.1,1951,0.0,0.0,0.0,0.0,0,1951,0,0.0,0.0,196
o0a1,r4t.pca.input.zero_vectors.2,1951,0.0,0.0,0.0,0.0,0,1951,0,0.0,0.0,196
o0a1,r4t.pca.input.zero_vectors.3,1951,0.0,0.0,0.0,0.0,0,1951,0,0.0,0.0,196
o0a1,r4t.pca.input.missing_foreground.0,1951,0.0,0.0,0.0,0.0,0,1951,0,0.0,0.0,196
o0a1,r4t.pca.input.missing_foreground.1,1951,0.0,0.0,0.0,0.0,0,1951,0,0.0,0.0,196
o0a1,r4t.pca.subloss,1951,0.10630905512302181,0.10174113512039185,0.0787711888551712,0.14165961742401123,1935,16,0,0.0,0.06737933587282896,196
o0a1,r4t.pca.base_loss,1951,0.04956741987139002,0.04097898304462433,0.029667235910892487,0.07542900741100311,1951,0,0,0.021675463765859604,0.027642544615557606,196
o0a1,r4t.pca.banks.0.n,1951,31232.0,31232.0,6272.0,56192.0,1951,0,0,32.0,3152.0,196
o0a1,r4t.pca.banks.0.contributing_images,1951,976.0,976.0,196.0,1756.0,1951,0,0,1.0,98.5,196
o0a1,r4t.pca.banks.0.version,1951,968.4961558175295,976.0,192.0,1744.0,1936,15,0,0.0,91.10204081632654,196
o0a1,r4t.pca.banks.0.last_visit,1951,976.0,976.0,196.0,1756.0,1951,0,0,1.0,98.5,196
o0a1,r4t.pca.banks.0.ready,1951,0.9923116350589442,1.0,1.0,1.0,1936,15,0,0.0,0.923469387755102,196
o0a1,r4t.pca.banks.0.rank,1951,7.938493080471553,8.0,8.0,8.0,1936,15,0,0.0,7.387755102040816,196
o0a1,r4t.pca.banks.0.merges,1951,976.0,976.0,196.0,1756.0,1951,0,0,1.0,98.5,196
o0a1,r4t.pca.banks.0.eigh_calls,1951,60.53100973859559,61.0,12.0,109.0,1936,15,0,0.0,5.6938775510204085,196
o0a1,r4t.pca.banks.0.state_bytes,1951,10797.79395181958,10816.0,10816.0,10816.0,1951,0,0,8448.0,10634.775510204081,196
o0a1,r4t.pca.banks.1.n,1951,31231.082009226036,31231.0,6271.0,56191.0,1951,0,0,32.0,3151.816326530612,196
o0a1,r4t.pca.banks.1.contributing_images,1951,976.0,976.0,196.0,1756.0,1951,0,0,1.0,98.5,196
o0a1,r4t.pca.banks.1.version,1951,968.4961558175295,976.0,192.0,1744.0,1936,15,0,0.0,91.10204081632654,196
o0a1,r4t.pca.banks.1.last_visit,1951,976.0,976.0,196.0,1756.0,1951,0,0,1.0,98.5,196
o0a1,r4t.pca.banks.1.ready,1951,0.9923116350589442,1.0,1.0,1.0,1936,15,0,0.0,0.923469387755102,196
o0a1,r4t.pca.banks.1.rank,1951,7.938493080471553,8.0,8.0,8.0,1936,15,0,0.0,7.387755102040816,196
o0a1,r4t.pca.banks.1.merges,1951,976.0,976.0,196.0,1756.0,1951,0,0,1.0,98.5,196
o0a1,r4t.pca.banks.1.eigh_calls,1951,60.53100973859559,61.0,12.0,109.0,1936,15,0,0.0,5.6938775510204085,196
o0a1,r4t.pca.banks.1.state_bytes,1951,10797.79395181958,10816.0,10816.0,10816.0,1951,0,0,8448.0,10634.775510204081,196
o0a1,r4t.pca.banks.2.n,1951,31232.0,31232.0,6272.0,56192.0,1951,0,0,32.0,3152.0,196
o0a1,r4t.pca.banks.2.contributing_images,1951,976.0,976.0,196.0,1756.0,1951,0,0,1.0,98.5,196
o0a1,r4t.pca.banks.2.version,1951,968.4961558175295,976.0,192.0,1744.0,1936,15,0,0.0,91.10204081632654,196
o0a1,r4t.pca.banks.2.last_visit,1951,976.0,976.0,196.0,1756.0,1951,0,0,1.0,98.5,196
o0a1,r4t.pca.banks.2.ready,1951,0.9923116350589442,1.0,1.0,1.0,1936,15,0,0.0,0.923469387755102,196
o0a1,r4t.pca.banks.2.rank,1951,7.938493080471553,8.0,8.0,8.0,1936,15,0,0.0,7.387755102040816,196
o0a1,r4t.pca.banks.2.merges,1951,976.0,976.0,196.0,1756.0,1951,0,0,1.0,98.5,196
o0a1,r4t.pca.banks.2.eigh_calls,1951,60.53100973859559,61.0,12.0,109.0,1936,15,0,0.0,5.6938775510204085,196
o0a1,r4t.pca.banks.2.state_bytes,1951,10797.79395181958,10816.0,10816.0,10816.0,1951,0,0,8448.0,10634.775510204081,196
o0a1,r4t.pca.banks.3.n,1951,22135.45105074321,21438.0,3303.0,42816.0,1951,0,0,23.0,1710.234693877551,196
o0a1,r4t.pca.banks.3.contributing_images,1951,972.81086622245,972.0,196.0,1752.0,1951,0,0,1.0,98.5,196
o0a1,r4t.pca.banks.3.version,1951,968.4894925679139,964.0,192.0,1748.0,1936,15,0,0.0,91.10204081632654,196
o0a1,r4t.pca.banks.3.last_visit,1951,976.0,976.0,196.0,1756.0,1951,0,0,1.0,98.5,196
o0a1,r4t.pca.banks.3.ready,1951,0.9923116350589442,1.0,1.0,1.0,1936,15,0,0.0,0.923469387755102,196
o0a1,r4t.pca.banks.3.rank,1951,7.938493080471553,8.0,8.0,8.0,1936,15,0,0.0,7.387755102040816,196
o0a1,r4t.pca.banks.3.merges,1951,972.81086622245,972.0,196.0,1752.0,1951,0,0,1.0,98.5,196
o0a1,r4t.pca.banks.3.eigh_calls,1951,60.33264992311635,60.0,12.0,109.0,1936,15,0,0.0,5.6938775510204085,196
o0a1,r4t.pca.banks.3.state_bytes,1951,10797.79395181958,10816.0,10816.0,10816.0,1951,0,0,8448.0,10634.775510204081,196
o0a1,r4t.teacher_update,1951,0.0,0.0,0.0,0.0,0,1951,0,0.0,0.0,196
o0a1,r4t.source_unchanged,1951,1.0,1.0,1.0,1.0,1951,0,0,1.0,1.0,196
o0a1,auxiliary.q.0.total_pixels,1951,262144.0,262144.0,262144.0,262144.0,1951,0,0,262144.0,262144.0,196
o0a1,auxiliary.q.0.gt_foreground,1951,29364.35161455664,28513.0,15296.0,45565.0,1951,0,0,9104.0,13711.244897959185,196
o0a1,auxiliary.q.0.gt_background,1951,232779.64838544338,233631.0,216579.0,246848.0,1951,0,0,185479.0,210883.1530612245,196
o0a1,auxiliary.q.0.pred_foreground,1951,29651.753459764222,27981.0,23584.0,37929.0,1951,0,0,17647.0,22187.494897959183,196
o0a1,auxiliary.q.0.intersection,1951,25290.794464377243,24033.0,15237.0,37139.0,1951,0,0,9104.0,13672.581632653062,196
o0a1,auxiliary.q.0.dice,1951,0.8467309402492713,0.8681527410868284,0.718245928965252,0.941455859576665,1951,0,0,0.5049466386227311,0.6606271068705963,196
o0a1,auxiliary.q.0.brier_sum,1951,6782.9121708118,6105.239924733546,2616.7453585408994,11914.395767343467,1951,0,0,941.0658576692445,1990.6399628297083,196
o0a1,auxiliary.q.0.brier,1951,0.025874756510970306,0.02328964204686564,0.009982091364062879,0.0454498129552592,1951,0,0,0.0035898813540239122,0.00759368882305034,196
o0a1,auxiliary.q.0.foreground_brier_sum,1951,3211.743960001778,1872.3481880066045,2.496434107362159,8628.869887294279,1951,0,0,0.001240070600541543,0.7676895201379044,196
o0a1,auxiliary.q.0.background_brier_sum,1951,3571.1682108100217,1579.1727976510604,40.82059266292026,9838.587381744735,1951,0,0,0.0055406715729417995,13.148023529690475,196
o0a1,auxiliary.q.0.foreground_brier,1951,0.08172164514941842,0.06087740701104994,0.00015600459686783736,0.20500812575922162,1951,0,0,8.13161049535438e-08,4.826077004696197e-05,196
o0a1,auxiliary.q.0.background_brier,1951,0.01470473029813574,0.007020675594069085,0.00018091895934619669,0.03987702650612643,1951,0,0,2.9872231211845007e-08,5.9600170396254166e-05,196
o0a1,auxiliary.q.1.total_pixels,1951,262144.0,262144.0,262144.0,262144.0,1951,0,0,262144.0,262144.0,196
o0a1,auxiliary.q.1.gt_foreground,1951,9633.745771399283,7259.0,2865.0,19762.0,1951,0,0,907.0,2369.5255102040815,196
o0a1,auxiliary.q.1.gt_background,1951,252510.2542286007,254885.0,242382.0,259279.0,1951,0,0,213174.0,236489.056122449,196
o0a1,auxiliary.q.1.pred_foreground,1951,10011.053305996924,10074.0,7309.0,12321.0,1951,0,0,5234.0,6841.7295918367345,196
o0a1,auxiliary.q.1.intersection,1951,6921.4869297796,6597.0,2852.0,11464.0,1951,0,0,907.0,2346.423469387755,196
o0a1,auxiliary.q.1.dice,1951,0.6939249177698005,0.7267565047885414,0.449012494961709,0.886953575059302,1951,0,0,0.12080993704270887,0.38428842825909104,196
o0a1,auxiliary.q.1.brier_sum,1951,4583.66388606438,4210.487657798384,1309.6239134146379,7690.146357141692,1951,0,0,557.3740082989473,1030.8650940308428,196
o0a1,auxiliary.q.1.brier,1951,0.01748529009271385,0.016061735755151307,0.004995818761499931,0.029335580280844466,1951,0,0,0.0021262131053884402,0.0039324382554277145,196
o0a1,auxiliary.q.1.foreground_brier_sum,1951,2177.1595805863894,307.6132291753231,0.12610442837963376,6926.333063503198,1951,0,0,0.0004467027730115092,0.04775764468129223,196
o0a1,auxiliary.q.1.background_brier_sum,1951,2406.50430547799,1725.2274641184254,45.257722964650256,5595.690367649066,1951,0,0,0.0002704458653187174,12.395545046196114,196
o0a1,auxiliary.q.1.foreground_brier,1951,0.12304990736771473,0.04198621090932983,3.7291578847553846e-05,0.35941751025649155,1951,0,0,2.090326499819884e-07,1.4566935884274174e-05,196
o0a1,auxiliary.q.1.background_brier,1951,0.009368303683718389,0.006751456467537906,0.00018073015687755677,0.021595646569973998,1951,0,0,1.1651022536369557e-09,5.1031015733404623e-05,196
o0a1,auxiliary.memory.regions.0.region,1951,0.0,0.0,0.0,0.0,0,1951,0,0.0,0.0,196
o0a1,auxiliary.memory.regions.0.selected_tokens,1951,32.0,32.0,32.0,32.0,1951,0,0,32.0,32.0,196
o0a1,auxiliary.memory.regions.0.correct_tokens,1951,31.738083034341365,32.0,31.0,32.0,1951,0,0,27.0,30.26530612244898,196
o0a1,auxiliary.memory.regions.0.incorrect_tokens,1951,0.2619169656586366,0.0,0.0,1.0,367,1584,0,0.0,0.0,196
o0a1,auxiliary.memory.regions.1.region,1951,1.0,1.0,1.0,1.0,1951,0,0,1.0,1.0,196
o0a1,auxiliary.memory.regions.1.selected_tokens,1951,31.999487442337262,32.0,32.0,32.0,1951,0,0,31.0,31.994897959183675,196
o0a1,auxiliary.memory.regions.1.correct_tokens,1951,29.016914402870324,32.0,22.0,32.0,1951,0,0,11.0,19.397959183673468,196
o0a1,auxiliary.memory.regions.1.incorrect_tokens,1951,2.98257303946694,0.0,0.0,10.0,965,986,0,0.0,0.0,196
o0a1,auxiliary.memory.regions.2.region,1951,2.0,2.0,2.0,2.0,1951,0,0,2.0,2.0,196
o0a1,auxiliary.memory.regions.2.selected_tokens,1951,32.0,32.0,32.0,32.0,1951,0,0,32.0,32.0,196
o0a1,auxiliary.memory.regions.2.correct_tokens,1951,31.82265504869298,32.0,31.0,32.0,1951,0,0,26.0,30.459183673469386,196
o0a1,auxiliary.memory.regions.2.incorrect_tokens,1951,0.17734495130702205,0.0,0.0,1.0,240,1711,0,0.0,0.0,196
o0a1,auxiliary.memory.regions.3.region,1951,3.0,3.0,3.0,3.0,1951,0,0,3.0,3.0,196
o0a1,auxiliary.memory.regions.3.selected_tokens,1951,24.66324961558175,26.0,16.0,32.0,1947,4,0,0.0,12.862244897959183,196
o0a1,auxiliary.memory.regions.3.correct_tokens,1951,19.485392106611993,19.0,10.0,29.0,1947,4,0,0.0,7.76530612244898,196
o0a1,auxiliary.memory.regions.3.incorrect_tokens,1951,5.177857508969759,2.0,0.0,15.0,1129,822,0,0.0,0.0,196
o0a1,r4t.pca.basis_versions_used.0,1935,975.5038759689922,976.0,208.0,1744.0,1935,0,0,16.0,105.0721649484536,194
o0a1,r4t.pca.basis_versions_used.1,1935,975.5038759689922,976.0,208.0,1744.0,1935,0,0,16.0,105.0721649484536,194
o0a1,r4t.pca.basis_versions_used.2,1935,975.5038759689922,976.0,208.0,1744.0,1935,0,0,16.0,105.0721649484536,194
o0a1,r4t.pca.basis_versions_used.3,1935,975.4950904392765,980.0,208.0,1748.0,1935,0,0,16.0,105.0721649484536,194
o0a2,r4t.global_visit,1951,976.0,976.0,196.0,1756.0,1951,0,0,1.0,98.5,196
o0a2,r4t.counts.network_forwards,1951,8.0,8.0,8.0,8.0,1951,0,0,8.0,8.0,196
o0a2,r4t.counts.loss_backward_calls,1951,1.0,1.0,1.0,1.0,1951,0,0,1.0,1.0,196
o0a2,r4t.counts.jacobian_vjp_calls,1951,0.0,0.0,0.0,0.0,0,1951,0,0.0,0.0,196
o0a2,r4t.counts.adam_calls,1951,1.0,1.0,1.0,1.0,1951,0,0,1.0,1.0,196
o0a2,r4t.counts.actual_parameter_replacements,1951,0.0,0.0,0.0,0.0,0,1951,0,0.0,0.0,196
o0a2,r4t.teacher_update,1951,1.0,1.0,1.0,1.0,1951,0,0,1.0,1.0,196
o0a2,r4t.source_unchanged,1951,1.0,1.0,1.0,1.0,1951,0,0,1.0,1.0,196
o0a2,r4t.base_loss,1951,0.05413431798545658,0.0417407788336277,0.028276465833187103,0.08987194299697876,1951,0,0,0.02095836028456688,0.02627562270594799,196
o0a2,r4t.host_seconds,1951,0.5648470070615969,0.5645795080345124,0.5189602351747453,0.6152223190292716,1951,0,0,0.4111673829611391,0.5007528983441428,196
o0a2,r4t.trainable_scalars,1951,19136.0,19136.0,19136.0,19136.0,1951,0,0,19136.0,19136.0,196
o0a2,r4t.teacher_affine_student_l2,1951,0.18112198097883975,0.15556567745087754,0.12759588347804404,0.2915248546803623,1951,0,0,0.013676805324606526,0.11499794699616393,196
o0a2,r4t.final_raw_probability_nested_violations,1951,2221.3772424397744,1912.0,1089.0,3849.0,1951,0,0,499.0,897.515306122449,196
o0a2,auxiliary.q.0.total_pixels,1951,262144.0,262144.0,262144.0,262144.0,1951,0,0,262144.0,262144.0,196
o0a2,auxiliary.q.0.gt_foreground,1951,29364.35161455664,28513.0,15296.0,45565.0,1951,0,0,9104.0,13711.244897959185,196
o0a2,auxiliary.q.0.gt_background,1951,232779.64838544338,233631.0,216579.0,246848.0,1951,0,0,185479.0,210883.1530612245,196
o0a2,auxiliary.q.0.pred_foreground,1951,27393.708867247566,25638.0,22218.0,34827.0,1951,0,0,17160.0,21246.244897959183,196
o0a2,auxiliary.q.0.intersection,1951,24071.804202972835,23486.0,15045.0,34409.0,1951,0,0,9104.0,13579.862244897959,196
o0a2,auxiliary.q.0.dice,1951,0.8466100481177932,0.8612099644128114,0.7340978900087981,0.9341317365269461,1951,0,0,0.5406481352144155,0.6820599317839309,196
o0a2,auxiliary.q.0.brier_sum,1951,6893.314917298993,5922.610266801869,2486.62618575747,12315.295803300105,1951,0,0,742.447135909732,1885.2248839390659,196
o0a2,auxiliary.q.0.brier,1951,0.026295909566112493,0.022592965190131643,0.009485726111440544,0.04697912522621195,1951,0,0,0.0028322110592259673,0.007191562209850563,196
o0a2,auxiliary.q.0.foreground_brier_sum,1951,4221.7893335708195,2803.1387940159293,10.728688810677685,10698.160611775678,1951,0,0,0.00962942602993877,3.7148888899647448,196
o0a2,auxiliary.q.0.background_brier_sum,1951,2671.5255837281743,1459.0853397218493,16.233049539948922,7310.7926881518,1951,0,0,0.010580400407559871,4.628970626331643,196
o0a2,auxiliary.q.0.foreground_brier,1951,0.10796177114895313,0.09455254444975411,0.0006825870514576907,0.24994153029558153,1951,0,0,7.286187976648585e-07,0.00024180422422453676,196
o0a2,auxiliary.q.0.background_brier,1951,0.011036387108748,0.006388430495605649,7.326301620266634e-05,0.02973172681989642,1951,0,0,5.704365673504748e-08,2.0917980098505145e-05,196
o0a2,auxiliary.q.1.total_pixels,1951,262144.0,262144.0,262144.0,262144.0,1951,0,0,262144.0,262144.0,196
o0a2,auxiliary.q.1.gt_foreground,1951,9633.745771399283,7259.0,2865.0,19762.0,1951,0,0,907.0,2369.5255102040815,196
o0a2,auxiliary.q.1.gt_background,1951,252510.2542286007,254885.0,242382.0,259279.0,1951,0,0,213174.0,236489.056122449,196
o0a2,auxiliary.q.1.pred_foreground,1951,9003.011788826243,8891.0,7082.0,10994.0,1951,0,0,3325.0,6576.331632653061,196
o0a2,auxiliary.q.1.intersection,1951,6438.386468477704,6301.0,2839.0,10262.0,1951,0,0,465.0,2329.418367346939,196
o0a2,auxiliary.q.1.dice,1951,0.6928394529520041,0.7075027183762232,0.4780989537151977,0.8878321678321678,1951,0,0,0.056731531751357284,0.40555325047562474,196
o0a2,auxiliary.q.1.brier_sum,1951,4570.810249644158,3745.7386971263145,1260.31954716837,8946.405927635991,1951,0,0,520.4641976005084,1003.334689979565,196
o0a2,auxiliary.q.1.brier,1951,0.017436257361008293,0.014288859165673502,0.004807737530396919,0.03412783022932431,1951,0,0,0.0019854133514423692,0.003827418098371754,196
o0a2,auxiliary.q.1.foreground_brier_sum,1951,2597.5780447367656,458.688396334812,0.38478411919605193,8187.563981549101,1951,0,0,0.0013851199904166833,0.12295561924569048,196
o0a2,auxiliary.q.1.background_brier_sum,1951,1973.2322049073923,1476.9479904769594,25.926534671248724,4559.926590854178,1951,0,0,0.0002646973422363952,5.232922862097478,196
o0a2,auxiliary.q.1.foreground_brier,1951,0.15106166950454689,0.06184428457511813,0.00011334739054276448,0.42813735984503837,1951,0,0,6.481609688426221e-07,3.787123534723139e-05,196
o0a2,auxiliary.q.1.background_brier,1951,0.007688563047261908,0.005887543623526753,0.00010341492226389975,0.017718686501964488,1951,0,0,1.140337159926225e-09,2.1566459351201217e-05,196
o0a3,r4t.global_visit,1951,976.0,976.0,196.0,1756.0,1951,0,0,1.0,98.5,196
o0a3,r4t.counts.network_forwards,1951,9.0,9.0,9.0,9.0,1951,0,0,9.0,9.0,196
o0a3,r4t.counts.loss_backward_calls,1951,1.0,1.0,1.0,1.0,1951,0,0,1.0,1.0,196
o0a3,r4t.counts.jacobian_vjp_calls,1951,0.0,0.0,0.0,0.0,0,1951,0,0.0,0.0,196
o0a3,r4t.counts.adam_calls,1951,1.0,1.0,1.0,1.0,1951,0,0,1.0,1.0,196
o0a3,r4t.counts.actual_parameter_replacements,1951,0.0,0.0,0.0,0.0,0,1951,0,0.0,0.0,196
o0a3,r4t.pca.input.region_token_counts.0,1951,917.1717068170169,924.0,888.0,938.0,1951,0,0,850.0,877.0051020408164,196
o0a3,r4t.pca.input.region_token_counts.1,1951,106.82829318298309,100.0,86.0,136.0,1951,0,0,68.0,82.4795918367347,196
o0a3,r4t.pca.input.region_token_counts.2,1951,988.1711942593541,988.0,980.0,996.0,1951,0,0,965.0,976.8418367346939,196
o0a3,r4t.pca.input.region_token_counts.3,1951,35.82880574064582,36.0,28.0,44.0,1951,0,0,14.0,25.6734693877551,196
o0a3,r4t.pca.input.sampled_region_counts.0,1951,32.0,32.0,32.0,32.0,1951,0,0,32.0,32.0,196
o0a3,r4t.pca.input.sampled_region_counts.1,1951,31.990261404407995,32.0,32.0,32.0,1951,0,0,19.0,31.903061224489797,196
o0a3,r4t.pca.input.sampled_region_counts.2,1951,32.0,32.0,32.0,32.0,1951,0,0,32.0,32.0,196
o0a3,r4t.pca.input.sampled_region_counts.3,1951,22.17734495130702,23.0,15.0,29.0,1938,13,0,0.0,9.857142857142858,196
o0a3,r4t.pca.input.selected_region_counts.0,1951,32.0,32.0,32.0,32.0,1951,0,0,32.0,32.0,196
o0a3,r4t.pca.input.selected_region_counts.1,1951,31.990261404407995,32.0,32.0,32.0,1951,0,0,19.0,31.903061224489797,196
o0a3,r4t.pca.input.selected_region_counts.2,1951,32.0,32.0,32.0,32.0,1951,0,0,32.0,32.0,196
o0a3,r4t.pca.input.selected_region_counts.3,1951,22.17734495130702,23.0,15.0,29.0,1938,13,0,0.0,9.857142857142858,196
o0a3,r4t.pca.input.assigned_bank_counts.0,1951,32.0,32.0,32.0,32.0,1951,0,0,32.0,32.0,196
o0a3,r4t.pca.input.assigned_bank_counts.1,1951,31.990261404407995,32.0,32.0,32.0,1951,0,0,19.0,31.903061224489797,196
o0a3,r4t.pca.input.assigned_bank_counts.2,1951,32.0,32.0,32.0,32.0,1951,0,0,32.0,32.0,196
o0a3,r4t.pca.input.assigned_bank_counts.3,1951,22.17734495130702,23.0,15.0,29.0,1938,13,0,0.0,9.857142857142858,196
o0a3,r4t.pca.input.zero_vectors.0,1951,0.0,0.0,0.0,0.0,0,1951,0,0.0,0.0,196
o0a3,r4t.pca.input.zero_vectors.1,1951,0.0,0.0,0.0,0.0,0,1951,0,0.0,0.0,196
o0a3,r4t.pca.input.zero_vectors.2,1951,0.0,0.0,0.0,0.0,0,1951,0,0.0,0.0,196
o0a3,r4t.pca.input.zero_vectors.3,1951,0.0,0.0,0.0,0.0,0,1951,0,0.0,0.0,196
o0a3,r4t.pca.input.missing_foreground.0,1951,0.0,0.0,0.0,0.0,0,1951,0,0.0,0.0,196
o0a3,r4t.pca.input.missing_foreground.1,1951,0.0,0.0,0.0,0.0,0,1951,0,0.0,0.0,196
o0a3,r4t.pca.banks.0.n,1951,31232.0,31232.0,6272.0,56192.0,1951,0,0,32.0,3152.0,196
o0a3,r4t.pca.banks.0.contributing_images,1951,976.0,976.0,196.0,1756.0,1951,0,0,1.0,98.5,196
o0a3,r4t.pca.banks.0.version,1951,968.4961558175295,976.0,192.0,1744.0,1936,15,0,0.0,91.10204081632654,196
o0a3,r4t.pca.banks.0.last_visit,1951,976.0,976.0,196.0,1756.0,1951,0,0,1.0,98.5,196
o0a3,r4t.pca.banks.0.ready,1951,0.9923116350589442,1.0,1.0,1.0,1936,15,0,0.0,0.923469387755102,196
o0a3,r4t.pca.banks.0.rank,1951,7.938493080471553,8.0,8.0,8.0,1936,15,0,0.0,7.387755102040816,196
o0a3,r4t.pca.banks.0.merges,1951,976.0,976.0,196.0,1756.0,1951,0,0,1.0,98.5,196
o0a3,r4t.pca.banks.0.eigh_calls,1951,60.53100973859559,61.0,12.0,109.0,1936,15,0,0.0,5.6938775510204085,196
o0a3,r4t.pca.banks.0.state_bytes,1951,10797.79395181958,10816.0,10816.0,10816.0,1951,0,0,8448.0,10634.775510204081,196
o0a3,r4t.pca.banks.1.n,1951,31216.757047667863,31213.0,6266.0,56173.0,1951,0,0,32.0,3150.8979591836733,196
o0a3,r4t.pca.banks.1.contributing_images,1951,976.0,976.0,196.0,1756.0,1951,0,0,1.0,98.5,196
o0a3,r4t.pca.banks.1.version,1951,968.4961558175295,976.0,192.0,1744.0,1936,15,0,0.0,91.10204081632654,196
o0a3,r4t.pca.banks.1.last_visit,1951,976.0,976.0,196.0,1756.0,1951,0,0,1.0,98.5,196
o0a3,r4t.pca.banks.1.ready,1951,0.9923116350589442,1.0,1.0,1.0,1936,15,0,0.0,0.923469387755102,196
o0a3,r4t.pca.banks.1.rank,1951,7.938493080471553,8.0,8.0,8.0,1936,15,0,0.0,7.387755102040816,196
o0a3,r4t.pca.banks.1.merges,1951,976.0,976.0,196.0,1756.0,1951,0,0,1.0,98.5,196
o0a3,r4t.pca.banks.1.eigh_calls,1951,60.53100973859559,61.0,12.0,109.0,1936,15,0,0.0,5.6938775510204085,196
o0a3,r4t.pca.banks.1.state_bytes,1951,10797.79395181958,10816.0,10816.0,10816.0,1951,0,0,8448.0,10634.775510204081,196
o0a3,r4t.pca.banks.2.n,1951,31232.0,31232.0,6272.0,56192.0,1951,0,0,32.0,3152.0,196
o0a3,r4t.pca.banks.2.contributing_images,1951,976.0,976.0,196.0,1756.0,1951,0,0,1.0,98.5,196
o0a3,r4t.pca.banks.2.version,1951,968.4961558175295,976.0,192.0,1744.0,1936,15,0,0.0,91.10204081632654,196
o0a3,r4t.pca.banks.2.last_visit,1951,976.0,976.0,196.0,1756.0,1951,0,0,1.0,98.5,196
o0a3,r4t.pca.banks.2.ready,1951,0.9923116350589442,1.0,1.0,1.0,1936,15,0,0.0,0.923469387755102,196
o0a3,r4t.pca.banks.2.rank,1951,7.938493080471553,8.0,8.0,8.0,1936,15,0,0.0,7.387755102040816,196
o0a3,r4t.pca.banks.2.merges,1951,976.0,976.0,196.0,1756.0,1951,0,0,1.0,98.5,196
o0a3,r4t.pca.banks.2.eigh_calls,1951,60.53100973859559,61.0,12.0,109.0,1936,15,0,0.0,5.6938775510204085,196
o0a3,r4t.pca.banks.2.state_bytes,1951,10797.79395181958,10816.0,10816.0,10816.0,1951,0,0,8448.0,10634.775510204081,196
o0a3,r4t.pca.banks.3.n,1951,19836.910814966683,18970.0,3170.0,38387.0,1951,0,0,23.0,1646.188775510204,196
o0a3,r4t.pca.banks.3.contributing_images,1951,966.0071758072784,963.0,196.0,1743.0,1951,0,0,1.0,98.5,196
o0a3,r4t.pca.banks.3.version,1951,968.4459251665812,973.0,192.0,1741.0,1936,15,0,0.0,91.10204081632654,196
o0a3,r4t.pca.banks.3.last_visit,1951,976.0,976.0,196.0,1756.0,1951,0,0,1.0,98.5,196
o0a3,r4t.pca.banks.3.ready,1951,0.9923116350589442,1.0,1.0,1.0,1936,15,0,0.0,0.923469387755102,196
o0a3,r4t.pca.banks.3.rank,1951,7.938493080471553,8.0,8.0,8.0,1936,15,0,0.0,7.387755102040816,196
o0a3,r4t.pca.banks.3.merges,1951,966.0071758072784,963.0,196.0,1743.0,1951,0,0,1.0,98.5,196
o0a3,r4t.pca.banks.3.eigh_calls,1951,59.907227063044594,60.0,12.0,108.0,1936,15,0,0.0,5.6938775510204085,196
o0a3,r4t.pca.banks.3.state_bytes,1951,10797.79395181958,10816.0,10816.0,10816.0,1951,0,0,8448.0,10634.775510204081,196
o0a3,r4t.pca.base_loss,1951,0.05394804437116346,0.04132772237062454,0.02777920663356781,0.09054486453533173,1951,0,0,0.020633481442928314,0.02569936843094777,196
o0a3,r4t.pca.subloss,1951,0.10682195233518132,0.10211430490016937,0.07865917682647705,0.1423577070236206,1935,16,0,0.0,0.0672249168499696,196
o0a3,r4t.teacher_update,1951,1.0,1.0,1.0,1.0,1951,0,0,1.0,1.0,196
o0a3,r4t.source_unchanged,1951,1.0,1.0,1.0,1.0,1951,0,0,1.0,1.0,196
o0a3,r4t.base_loss,1951,0.05394804437116346,0.04132772237062454,0.02777920663356781,0.09054486453533173,1951,0,0,0.020633481442928314,0.02569936843094777,196
o0a3,r4t.host_seconds,1951,0.6106188225599033,0.6049184831790626,0.5700939109083265,0.6649826669599861,1951,0,0,0.4671803400851786,0.5466126553376909,196
o0a3,r4t.trainable_scalars,1951,19136.0,19136.0,19136.0,19136.0,1951,0,0,19136.0,19136.0,196
o0a3,r4t.teacher_affine_student_l2,1951,0.18855948284687643,0.16622516508377871,0.14152861688057466,0.2830267142892971,1951,0,0,0.013676805324606526,0.12456888134649255,196
o0a3,r4t.final_raw_probability_nested_violations,1951,2007.4161968221424,1704.0,962.0,3551.0,1951,0,0,468.0,804.2244897959183,196
o0a3,auxiliary.q.0.total_pixels,1951,262144.0,262144.0,262144.0,262144.0,1951,0,0,262144.0,262144.0,196
o0a3,auxiliary.q.0.gt_foreground,1951,29364.35161455664,28513.0,15296.0,45565.0,1951,0,0,9104.0,13711.244897959185,196
o0a3,auxiliary.q.0.gt_background,1951,232779.64838544338,233631.0,216579.0,246848.0,1951,0,0,185479.0,210883.1530612245,196
o0a3,auxiliary.q.0.pred_foreground,1951,27427.70630445925,25681.0,22261.0,34837.0,1951,0,0,17173.0,21292.372448979593,196
o0a3,auxiliary.q.0.intersection,1951,24077.23372629421,23464.0,15047.0,34392.0,1951,0,0,9104.0,13580.744897959185,196
o0a3,auxiliary.q.0.dice,1951,0.8461470680716696,0.8603603603603603,0.7326751507542468,0.9331701679244,1951,0,0,0.5395606888008794,0.6816712343537801,196
o0a3,auxiliary.q.0.brier_sum,1951,6931.796377230437,5965.763161539727,2520.127122301238,12368.988402930594,1951,0,0,702.350953747105,1910.898528658105,196
o0a3,auxiliary.q.0.brier,1951,0.02644270468609023,0.02275758041969195,0.009613522042469933,0.04718394623920667,1951,0,0,0.0026792562627681923,0.007289499392158909,196
o0a3,auxiliary.q.0.foreground_brier_sum,1951,4224.624304091466,2811.091639176078,9.571514132641102,10710.581734361349,1951,0,0,0.00587579771932667,3.2644746943680913,196
o0a3,auxiliary.q.0.background_brier_sum,1951,2707.1720731389723,1484.1175879661423,16.007392117220224,7388.002890074866,1951,0,0,0.006883232115586705,4.473377412891662,196
o0a3,auxiliary.q.0.foreground_brier,1951,0.10796939569201926,0.0941105509159276,0.0005942975899865112,0.25025551140002295,1951,0,0,4.4459728505801074e-07,0.00021155777477838383,196
o0a3,auxiliary.q.0.background_brier,1951,0.011181731042417011,0.006401331866244944,7.296957294110505e-05,0.030128640669868725,1951,0,0,3.7110573787796486e-08,2.0231652848827146e-05,196
o0a3,auxiliary.q.1.total_pixels,1951,262144.0,262144.0,262144.0,262144.0,1951,0,0,262144.0,262144.0,196
o0a3,auxiliary.q.1.gt_foreground,1951,9633.745771399283,7259.0,2865.0,19762.0,1951,0,0,907.0,2369.5255102040815,196
o0a3,auxiliary.q.1.gt_background,1951,252510.2542286007,254885.0,242382.0,259279.0,1951,0,0,213174.0,236489.056122449,196
o0a3,auxiliary.q.1.pred_foreground,1951,9227.342388518708,9158.0,7120.0,11274.0,1951,0,0,3431.0,6616.433673469388,196
o0a3,auxiliary.q.1.intersection,1951,6531.3218862121985,6340.0,2840.0,10517.0,1951,0,0,503.0,2331.964285714286,196
o0a3,auxiliary.q.1.dice,1951,0.691462630991428,0.707123615683927,0.46899191093328696,0.8876467300167692,1951,0,0,0.06063528419022361,0.4009628076261227,196
o0a3,auxiliary.q.1.brier_sum,1951,4606.458474780225,3930.1415964316307,1290.1983719479788,8726.54486739337,1951,0,0,523.4693079131852,1011.3714721725607,196
o0a3,auxiliary.q.1.brier,1951,0.01757224454795923,0.014992300401426814,0.004921716201583781,0.033289126843999366,1951,0,0,0.0019968769375350386,0.0038580759894277982,196
o0a3,auxiliary.q.1.foreground_brier_sum,1951,2519.7855848854983,430.2842709215418,0.22337924076687443,7972.221679680493,1951,0,0,0.0009203342969108519,0.06994019951651172,196
o0a3,auxiliary.q.1.background_brier_sum,1951,2086.672889894726,1567.3593419992044,28.272910234281298,4810.325182086526,1951,0,0,0.0002646735769645358,6.481455249351791,196
o0a3,auxiliary.q.1.foreground_brier,1951,0.14611059201527385,0.05801209194686402,6.46560630475445e-05,0.41911312080508367,1951,0,0,4.3066649364101634e-07,2.1648446443855734e-05,196
o0a3,auxiliary.q.1.background_brier,1951,0.00813019804563353,0.00622665407243284,0.00012145275926682002,0.01854730164617064,1951,0,0,1.1402347772487564e-09,2.679048528703211e-05,196
o0a3,auxiliary.memory.regions.0.region,1951,0.0,0.0,0.0,0.0,0,1951,0,0.0,0.0,196
o0a3,auxiliary.memory.regions.0.selected_tokens,1951,32.0,32.0,32.0,32.0,1951,0,0,32.0,32.0,196
o0a3,auxiliary.memory.regions.0.correct_tokens,1951,31.63557150179395,32.0,31.0,32.0,1951,0,0,26.0,29.73469387755102,196
o0a3,auxiliary.memory.regions.0.incorrect_tokens,1951,0.36442849820604817,0.0,0.0,1.0,463,1488,0,0.0,0.0,196
o0a3,auxiliary.memory.regions.1.region,1951,1.0,1.0,1.0,1.0,1951,0,0,1.0,1.0,196
o0a3,auxiliary.memory.regions.1.selected_tokens,1951,31.990261404407995,32.0,32.0,32.0,1951,0,0,19.0,31.903061224489797,196
o0a3,auxiliary.memory.regions.1.correct_tokens,1951,29.729369554074832,32.0,24.0,32.0,1951,0,0,14.0,21.316326530612244,196
o0a3,auxiliary.memory.regions.1.incorrect_tokens,1951,2.2608918503331625,0.0,0.0,8.0,882,1069,0,0.0,0.0,196
o0a3,auxiliary.memory.regions.2.region,1951,2.0,2.0,2.0,2.0,1951,0,0,2.0,2.0,196
o0a3,auxiliary.memory.regions.2.selected_tokens,1951,32.0,32.0,32.0,32.0,1951,0,0,32.0,32.0,196
o0a3,auxiliary.memory.regions.2.correct_tokens,1951,31.76319835981548,32.0,31.0,32.0,1951,0,0,25.0,30.051020408163264,196
o0a3,auxiliary.memory.regions.2.incorrect_tokens,1951,0.23680164018452077,0.0,0.0,1.0,276,1675,0,0.0,0.0,196
o0a3,auxiliary.memory.regions.3.region,1951,3.0,3.0,3.0,3.0,1951,0,0,3.0,3.0,196
o0a3,auxiliary.memory.regions.3.selected_tokens,1951,22.17734495130702,23.0,15.0,29.0,1938,13,0,0.0,9.857142857142858,196
o0a3,auxiliary.memory.regions.3.correct_tokens,1951,18.010251153254742,18.0,9.0,27.0,1934,17,0,0.0,6.372448979591836,196
o0a3,auxiliary.memory.regions.3.incorrect_tokens,1951,4.167093798052281,1.0,0.0,12.0,1090,861,0,0.0,0.0,196
o0a3,r4t.pca.basis_versions_used.0,1935,975.5038759689922,976.0,208.0,1744.0,1935,0,0,16.0,105.0721649484536,194
o0a3,r4t.pca.basis_versions_used.1,1935,975.5038759689922,976.0,208.0,1744.0,1935,0,0,16.0,105.0721649484536,194
o0a3,r4t.pca.basis_versions_used.2,1935,975.5038759689922,976.0,208.0,1744.0,1935,0,0,16.0,105.0721649484536,194
o0a3,r4t.pca.basis_versions_used.3,1935,975.446511627907,973.0,208.0,1750.6000000000022,1935,0,0,16.0,105.0721649484536,194
o0a4,r4t.global_visit,1951,976.0,976.0,196.0,1756.0,1951,0,0,1.0,98.5,196
o0a4,r4t.counts.network_forwards,1951,8.0,8.0,8.0,8.0,1951,0,0,8.0,8.0,196
o0a4,r4t.counts.loss_backward_calls,1951,1.0,1.0,1.0,1.0,1951,0,0,1.0,1.0,196
o0a4,r4t.counts.jacobian_vjp_calls,1951,0.0,0.0,0.0,0.0,0,1951,0,0.0,0.0,196
o0a4,r4t.counts.adam_calls,1951,1.0,1.0,1.0,1.0,1951,0,0,1.0,1.0,196
o0a4,r4t.counts.actual_parameter_replacements,1951,0.0,0.0,0.0,0.0,0,1951,0,0.0,0.0,196
o0a4,r4t.teacher_update,1951,0.0,0.0,0.0,0.0,0,1951,0,0.0,0.0,196
o0a4,r4t.source_unchanged,1951,1.0,1.0,1.0,1.0,1951,0,0,1.0,1.0,196
o0a4,r4t.base_loss,1951,0.11089634414053862,0.08786962926387787,0.04149988293647766,0.21390992403030396,1951,0,0,0.02221831865608692,0.03545378771021354,196
o0a4,r4t.host_seconds,1951,0.5608176185483583,0.5638689880724996,0.5123648371081799,0.6036416999995708,1951,0,0,0.4094168951269239,0.480570879147141,196
o0a4,r4t.trainable_scalars,1951,19136.0,19136.0,19136.0,19136.0,1951,0,0,19136.0,19136.0,196
o0a4,r4t.teacher_affine_student_l2,1951,2.4140663095016506,2.6506204698856863,0.45908085401495863,4.124218693071629,1951,0,0,0.013814955058752026,0.2585833933823897,196
o0a4,r4t.final_raw_probability_nested_violations,1951,2330.4264479753974,2005.0,1135.0,4131.0,1951,0,0,519.0,921.5816326530612,196
o0a4,auxiliary.q.0.total_pixels,1951,262144.0,262144.0,262144.0,262144.0,1951,0,0,262144.0,262144.0,196
o0a4,auxiliary.q.0.gt_foreground,1951,29364.35161455664,28513.0,15296.0,45565.0,1951,0,0,9104.0,13711.244897959185,196
o0a4,auxiliary.q.0.gt_background,1951,232779.64838544338,233631.0,216579.0,246848.0,1951,0,0,185479.0,210883.1530612245,196
o0a4,auxiliary.q.0.pred_foreground,1951,24909.500768836493,24121.0,19412.0,31719.0,1951,0,0,16561.0,18722.464285714286,196
o0a4,auxiliary.q.0.intersection,1951,22390.407483341874,22043.0,14539.0,31317.0,1951,0,0,9075.0,13150.867346938776,196
o0a4,auxiliary.q.0.dice,1951,0.8349815025733375,0.8603993683459834,0.6964571835499377,0.9322586744823674,1951,0,0,0.45362767054139563,0.6267108484800208,196
o0a4,auxiliary.q.0.brier_sum,1951,7278.604185583066,5360.5141502841925,2392.599644907144,15024.4202124256,1951,0,0,972.5365916784046,1913.7518679957514,196
o0a4,auxiliary.q.0.brier,1951,0.027765671484310403,0.02044873867143323,0.009127043323162628,0.05731361470194092,1951,0,0,0.0037099326769958673,0.007300384017928129,196
o0a4,auxiliary.q.0.foreground_brier_sum,1951,5309.185332585826,3630.725977654371,332.50718820653765,13159.586780660064,1951,0,0,8.754577086405433,191.68541592541234,196
o0a4,auxiliary.q.0.background_brier_sum,1951,1969.4188529972412,1431.231484883007,33.51048073270276,4654.902977766972,1951,0,0,0.00549210164247319,10.681670978280907,196
o0a4,auxiliary.q.0.foreground_brier,1951,0.1430987181279336,0.1274265587441406,0.020784763010893593,0.3004829080778429,1951,0,0,0.0005049358107281943,0.012471031767827646,196
o0a4,auxiliary.q.0.background_brier,1951,0.008260772436361894,0.006051945656089704,0.00015413130959703259,0.019116052347442434,1951,0,0,2.961036905780811e-08,4.805457166234868e-05,196
o0a4,auxiliary.q.1.total_pixels,1951,262144.0,262144.0,262144.0,262144.0,1951,0,0,262144.0,262144.0,196
o0a4,auxiliary.q.1.gt_foreground,1951,9633.745771399283,7259.0,2865.0,19762.0,1951,0,0,907.0,2369.5255102040815,196
o0a4,auxiliary.q.1.gt_background,1951,252510.2542286007,254885.0,242382.0,259279.0,1951,0,0,213174.0,236489.056122449,196
o0a4,auxiliary.q.1.pred_foreground,1951,7686.839569451563,7520.0,6105.0,9762.0,1951,0,0,241.0,4754.836734693878,196
o0a4,auxiliary.q.1.intersection,1951,5773.660174269606,5626.0,2634.0,9276.0,1951,0,0,5.0,2029.3265306122448,196
o0a4,auxiliary.q.1.dice,1951,0.6847700659913784,0.699332548095799,0.47074646940147946,0.8876046233559187,1951,0,0,0.0006974473427256243,0.3509572092615698,196
o0a4,auxiliary.q.1.brier_sum,1951,4447.9424690979395,2740.307867481762,1297.2527381427428,10079.154037823577,1951,0,0,527.5506447235941,1026.533841146949,196
o0a4,auxiliary.q.1.brier,1951,0.01696755397452522,0.010453444929053353,0.004948626473017665,0.038448921347898776,1951,0,0,0.0020124460019058004,0.003915915836894795,196
o0a4,auxiliary.q.1.foreground_brier_sum,1951,3005.611785046246,686.3064513256645,31.78472346565715,9065.314210532157,1951,0,0,0.0060884179902664926,12.53253353676965,196
o0a4,auxiliary.q.1.background_brier_sum,1951,1442.330684051692,1341.0625108432866,42.781862132499946,2917.3070516685493,1951,0,0,0.00026410482930695116,10.189260841906307,196
o0a4,auxiliary.q.1.foreground_brier,1951,0.19279519900776068,0.10544487347502737,0.00873177291651294,0.4929642639838195,1951,0,0,2.287159275081327e-06,0.0036159760260000176,196
o0a4,auxiliary.q.1.background_brier,1951,0.005640423576538208,0.005319855138086782,0.00017108581676499642,0.011287267540171347,1951,0,0,1.1377845671972117e-09,4.17755072178104e-05,196
o0a5,r4t.global_visit,1951,976.0,976.0,196.0,1756.0,1951,0,0,1.0,98.5,196
o0a5,r4t.counts.network_forwards,1951,9.0,9.0,9.0,9.0,1951,0,0,9.0,9.0,196
o0a5,r4t.counts.loss_backward_calls,1951,1.0,1.0,1.0,1.0,1951,0,0,1.0,1.0,196
o0a5,r4t.counts.jacobian_vjp_calls,1951,0.0,0.0,0.0,0.0,0,1951,0,0.0,0.0,196
o0a5,r4t.counts.adam_calls,1951,1.0,1.0,1.0,1.0,1951,0,0,1.0,1.0,196
o0a5,r4t.counts.actual_parameter_replacements,1951,0.0,0.0,0.0,0.0,0,1951,0,0.0,0.0,196
o0a5,r4t.pca.input.region_token_counts.0,1951,926.8159917990774,931.0,900.0,948.0,1951,0,0,864.0,890.4285714285714,196
o0a5,r4t.pca.input.region_token_counts.1,1951,97.1840082009226,93.0,76.0,124.0,1951,0,0,63.0,72.88775510204081,196
o0a5,r4t.pca.input.region_token_counts.2,1951,994.2444900051256,995.0,986.0,1001.0,1951,0,0,974.0,982.6020408163265,196
o0a5,r4t.pca.input.region_token_counts.3,1951,29.755509994874423,29.0,23.0,38.0,1950,1,0,0.0,18.132653061224488,196
o0a5,r4t.pca.input.sampled_region_counts.0,1951,32.0,32.0,32.0,32.0,1951,0,0,32.0,32.0,196
o0a5,r4t.pca.input.sampled_region_counts.1,1951,31.54023577652486,32.0,32.0,32.0,1951,0,0,3.0,27.4234693877551,196
o0a5,r4t.pca.input.sampled_region_counts.2,1951,32.0,32.0,32.0,32.0,1951,0,0,32.0,32.0,196
o0a5,r4t.pca.input.sampled_region_counts.3,1951,12.365453613531523,13.0,1.0,21.0,1789,162,0,0.0,0.17346938775510204,196
o0a5,r4t.pca.input.selected_region_counts.0,1951,32.0,32.0,32.0,32.0,1951,0,0,32.0,32.0,196
o0a5,r4t.pca.input.selected_region_counts.1,1951,31.54023577652486,32.0,32.0,32.0,1951,0,0,3.0,27.4234693877551,196
o0a5,r4t.pca.input.selected_region_counts.2,1951,32.0,32.0,32.0,32.0,1951,0,0,32.0,32.0,196
o0a5,r4t.pca.input.selected_region_counts.3,1951,12.365453613531523,13.0,1.0,21.0,1789,162,0,0.0,0.17346938775510204,196
o0a5,r4t.pca.input.assigned_bank_counts.0,1951,32.0,32.0,32.0,32.0,1951,0,0,32.0,32.0,196
o0a5,r4t.pca.input.assigned_bank_counts.1,1951,31.54023577652486,32.0,32.0,32.0,1951,0,0,3.0,27.4234693877551,196
o0a5,r4t.pca.input.assigned_bank_counts.2,1951,32.0,32.0,32.0,32.0,1951,0,0,32.0,32.0,196
o0a5,r4t.pca.input.assigned_bank_counts.3,1951,12.365453613531523,13.0,1.0,21.0,1789,162,0,0.0,0.17346938775510204,196
o0a5,r4t.pca.input.zero_vectors.0,1951,0.0,0.0,0.0,0.0,0,1951,0,0.0,0.0,196
o0a5,r4t.pca.input.zero_vectors.1,1951,0.0,0.0,0.0,0.0,0,1951,0,0.0,0.0,196
o0a5,r4t.pca.input.zero_vectors.2,1951,0.0,0.0,0.0,0.0,0,1951,0,0.0,0.0,196
o0a5,r4t.pca.input.zero_vectors.3,1951,0.0,0.0,0.0,0.0,0,1951,0,0.0,0.0,196
o0a5,r4t.pca.input.missing_foreground.0,1951,0.0,0.0,0.0,0.0,0,1951,0,0.0,0.0,196
o0a5,r4t.pca.input.missing_foreground.1,1951,0.0005125576627370579,0.0,0.0,0.0,1,1950,0,0.0,0.0,196
o0a5,r4t.pca.banks.0.n,1951,31232.0,31232.0,6272.0,56192.0,1951,0,0,32.0,3152.0,196
o0a5,r4t.pca.banks.0.contributing_images,1951,976.0,976.0,196.0,1756.0,1951,0,0,1.0,98.5,196
o0a5,r4t.pca.banks.0.version,1951,968.4961558175295,976.0,192.0,1744.0,1936,15,0,0.0,91.10204081632654,196
o0a5,r4t.pca.banks.0.last_visit,1951,976.0,976.0,196.0,1756.0,1951,0,0,1.0,98.5,196
o0a5,r4t.pca.banks.0.ready,1951,0.9923116350589442,1.0,1.0,1.0,1936,15,0,0.0,0.923469387755102,196
o0a5,r4t.pca.banks.0.rank,1951,7.938493080471553,8.0,8.0,8.0,1936,15,0,0.0,7.387755102040816,196
o0a5,r4t.pca.banks.0.merges,1951,976.0,976.0,196.0,1756.0,1951,0,0,1.0,98.5,196
o0a5,r4t.pca.banks.0.eigh_calls,1951,60.53100973859559,61.0,12.0,109.0,1936,15,0,0.0,5.6938775510204085,196
o0a5,r4t.pca.banks.0.state_bytes,1951,10797.79395181958,10816.0,10816.0,10816.0,1951,0,0,8448.0,10634.775510204081,196
o0a5,r4t.pca.banks.1.n,1951,30822.295233213736,30794.0,6264.0,55351.0,1951,0,0,32.0,3150.530612244898,196
o0a5,r4t.pca.banks.1.contributing_images,1951,976.0,976.0,196.0,1756.0,1951,0,0,1.0,98.5,196
o0a5,r4t.pca.banks.1.version,1951,968.4961558175295,976.0,192.0,1744.0,1936,15,0,0.0,91.10204081632654,196
o0a5,r4t.pca.banks.1.last_visit,1951,976.0,976.0,196.0,1756.0,1951,0,0,1.0,98.5,196
o0a5,r4t.pca.banks.1.ready,1951,0.9923116350589442,1.0,1.0,1.0,1936,15,0,0.0,0.923469387755102,196
o0a5,r4t.pca.banks.1.rank,1951,7.938493080471553,8.0,8.0,8.0,1936,15,0,0.0,7.387755102040816,196
o0a5,r4t.pca.banks.1.merges,1951,976.0,976.0,196.0,1756.0,1951,0,0,1.0,98.5,196
o0a5,r4t.pca.banks.1.eigh_calls,1951,60.53100973859559,61.0,12.0,109.0,1936,15,0,0.0,5.6938775510204085,196
o0a5,r4t.pca.banks.1.state_bytes,1951,10797.79395181958,10816.0,10816.0,10816.0,1951,0,0,8448.0,10634.775510204081,196
o0a5,r4t.pca.banks.2.n,1951,31232.0,31232.0,6272.0,56192.0,1951,0,0,32.0,3152.0,196
o0a5,r4t.pca.banks.2.contributing_images,1951,976.0,976.0,196.0,1756.0,1951,0,0,1.0,98.5,196
o0a5,r4t.pca.banks.2.version,1951,968.4961558175295,976.0,192.0,1744.0,1936,15,0,0.0,91.10204081632654,196
o0a5,r4t.pca.banks.2.last_visit,1951,976.0,976.0,196.0,1756.0,1951,0,0,1.0,98.5,196
o0a5,r4t.pca.banks.2.ready,1951,0.9923116350589442,1.0,1.0,1.0,1936,15,0,0.0,0.923469387755102,196
o0a5,r4t.pca.banks.2.rank,1951,7.938493080471553,8.0,8.0,8.0,1936,15,0,0.0,7.387755102040816,196
o0a5,r4t.pca.banks.2.merges,1951,976.0,976.0,196.0,1756.0,1951,0,0,1.0,98.5,196
o0a5,r4t.pca.banks.2.eigh_calls,1951,60.53100973859559,61.0,12.0,109.0,1936,15,0,0.0,5.6938775510204085,196
o0a5,r4t.pca.banks.2.state_bytes,1951,10797.79395181958,10816.0,10816.0,10816.0,1951,0,0,8448.0,10634.775510204081,196
o0a5,r4t.pca.banks.3.n,1951,12313.768323936443,11913.0,3080.0,21447.0,1951,0,0,23.0,1619.0510204081634,196
o0a5,r4t.pca.banks.3.contributing_images,1951,890.3951819579703,868.0,196.0,1604.0,1951,0,0,1.0,98.5,196
o0a5,r4t.pca.banks.3.version,1951,967.6591491542798,972.0,192.0,1752.0,1936,15,0,0.0,91.10204081632654,196
o0a5,r4t.pca.banks.3.last_visit,1951,976.0,976.0,196.0,1756.0,1951,0,0,1.0,98.5,196
o0a5,r4t.pca.banks.3.ready,1951,0.9923116350589442,1.0,1.0,1.0,1936,15,0,0.0,0.923469387755102,196
o0a5,r4t.pca.banks.3.rank,1951,7.938493080471553,8.0,8.0,8.0,1936,15,0,0.0,7.387755102040816,196
o0a5,r4t.pca.banks.3.merges,1951,890.3951819579703,868.0,196.0,1604.0,1951,0,0,1.0,98.5,196
o0a5,r4t.pca.banks.3.eigh_calls,1951,55.18093285494618,54.0,12.0,100.0,1936,15,0,0.0,5.6938775510204085,196
o0a5,r4t.pca.banks.3.state_bytes,1951,10797.79395181958,10816.0,10816.0,10816.0,1951,0,0,8448.0,10634.775510204081,196
o0a5,r4t.pca.base_loss,1951,0.11250597804971899,0.08934860676527023,0.04185806214809418,0.21677199006080627,1951,0,0,0.022320516407489777,0.03562101468025726,196
o0a5,r4t.pca.subloss,1951,0.11522945339315552,0.1107441782951355,0.08696112036705017,0.15117304027080536,1935,16,0,0.0,0.07494345828130537,196
o0a5,r4t.teacher_update,1951,0.0,0.0,0.0,0.0,0,1951,0,0.0,0.0,196
o0a5,r4t.source_unchanged,1951,1.0,1.0,1.0,1.0,1951,0,0,1.0,1.0,196
o0a5,r4t.base_loss,1951,0.11250597804971899,0.08934860676527023,0.04185806214809418,0.21677199006080627,1951,0,0,0.022320516407489777,0.03562101468025726,196
o0a5,r4t.host_seconds,1951,0.623079424286963,0.6190938469953835,0.5758594309445471,0.6797389499843121,1951,0,0,0.46276126988232136,0.5518789208453738,196
o0a5,r4t.trainable_scalars,1951,19136.0,19136.0,19136.0,19136.0,1951,0,0,19136.0,19136.0,196
o0a5,r4t.teacher_affine_student_l2,1951,2.2612623588713143,2.465980678955583,0.460170851416472,3.842855546538625,1951,0,0,0.013814955058752026,0.2589939308518159,196
o0a5,r4t.final_raw_probability_nested_violations,1951,1984.3997949769348,1674.0,937.0,3603.0,1951,0,0,469.0,781.9948979591836,196
o0a5,auxiliary.q.0.total_pixels,1951,262144.0,262144.0,262144.0,262144.0,1951,0,0,262144.0,262144.0,196
o0a5,auxiliary.q.0.gt_foreground,1951,29364.35161455664,28513.0,15296.0,45565.0,1951,0,0,9104.0,13711.244897959185,196
o0a5,auxiliary.q.0.gt_background,1951,232779.64838544338,233631.0,216579.0,246848.0,1951,0,0,185479.0,210883.1530612245,196
o0a5,auxiliary.q.0.pred_foreground,1951,24909.500768836493,24121.0,19412.0,31719.0,1951,0,0,16561.0,18722.464285714286,196
o0a5,auxiliary.q.0.intersection,1951,22390.407483341874,22043.0,14539.0,31317.0,1951,0,0,9075.0,13150.867346938776,196
o0a5,auxiliary.q.0.dice,1951,0.8349815025733375,0.8603993683459834,0.6964571835499377,0.9322586744823674,1951,0,0,0.45362767054139563,0.6267108484800208,196
o0a5,auxiliary.q.0.brier_sum,1951,7278.604185583066,5360.5141502841925,2392.599644907144,15024.4202124256,1951,0,0,972.5365916784046,1913.7518679957514,196
o0a5,auxiliary.q.0.brier,1951,0.027765671484310403,0.02044873867143323,0.009127043323162628,0.05731361470194092,1951,0,0,0.0037099326769958673,0.007300384017928129,196
o0a5,auxiliary.q.0.foreground_brier_sum,1951,5309.185332585826,3630.725977654371,332.50718820653765,13159.586780660064,1951,0,0,8.754577086405433,191.68541592541234,196
o0a5,auxiliary.q.0.background_brier_sum,1951,1969.4188529972412,1431.231484883007,33.51048073270276,4654.902977766972,1951,0,0,0.00549210164247319,10.681670978280907,196
o0a5,auxiliary.q.0.foreground_brier,1951,0.1430987181279336,0.1274265587441406,0.020784763010893593,0.3004829080778429,1951,0,0,0.0005049358107281943,0.012471031767827646,196
o0a5,auxiliary.q.0.background_brier,1951,0.008260772436361894,0.006051945656089704,0.00015413130959703259,0.019116052347442434,1951,0,0,2.961036905780811e-08,4.805457166234868e-05,196
o0a5,auxiliary.q.1.total_pixels,1951,262144.0,262144.0,262144.0,262144.0,1951,0,0,262144.0,262144.0,196
o0a5,auxiliary.q.1.gt_foreground,1951,9633.745771399283,7259.0,2865.0,19762.0,1951,0,0,907.0,2369.5255102040815,196
o0a5,auxiliary.q.1.gt_background,1951,252510.2542286007,254885.0,242382.0,259279.0,1951,0,0,213174.0,236489.056122449,196
o0a5,auxiliary.q.1.pred_foreground,1951,7686.839569451563,7520.0,6105.0,9762.0,1951,0,0,241.0,4754.836734693878,196
o0a5,auxiliary.q.1.intersection,1951,5773.660174269606,5626.0,2634.0,9276.0,1951,0,0,5.0,2029.3265306122448,196
o0a5,auxiliary.q.1.dice,1951,0.6847700659913784,0.699332548095799,0.47074646940147946,0.8876046233559187,1951,0,0,0.0006974473427256243,0.3509572092615698,196
o0a5,auxiliary.q.1.brier_sum,1951,4447.9424690979395,2740.307867481762,1297.2527381427428,10079.154037823577,1951,0,0,527.5506447235941,1026.533841146949,196
o0a5,auxiliary.q.1.brier,1951,0.01696755397452522,0.010453444929053353,0.004948626473017665,0.038448921347898776,1951,0,0,0.0020124460019058004,0.003915915836894795,196
o0a5,auxiliary.q.1.foreground_brier_sum,1951,3005.611785046246,686.3064513256645,31.78472346565715,9065.314210532157,1951,0,0,0.0060884179902664926,12.53253353676965,196
o0a5,auxiliary.q.1.background_brier_sum,1951,1442.330684051692,1341.0625108432866,42.781862132499946,2917.3070516685493,1951,0,0,0.00026410482930695116,10.189260841906307,196
o0a5,auxiliary.q.1.foreground_brier,1951,0.19279519900776068,0.10544487347502737,0.00873177291651294,0.4929642639838195,1951,0,0,2.287159275081327e-06,0.0036159760260000176,196
o0a5,auxiliary.q.1.background_brier,1951,0.005640423576538208,0.005319855138086782,0.00017108581676499642,0.011287267540171347,1951,0,0,1.1377845671972117e-09,4.17755072178104e-05,196
o0a5,auxiliary.memory.regions.0.region,1951,0.0,0.0,0.0,0.0,0,1951,0,0.0,0.0,196
o0a5,auxiliary.memory.regions.0.selected_tokens,1951,32.0,32.0,32.0,32.0,1951,0,0,32.0,32.0,196
o0a5,auxiliary.memory.regions.0.correct_tokens,1951,31.635058944131213,32.0,31.0,32.0,1951,0,0,27.0,29.729591836734695,196
o0a5,auxiliary.memory.regions.0.incorrect_tokens,1951,0.3649410558687852,0.0,0.0,1.0,463,1488,0,0.0,0.0,196
o0a5,auxiliary.memory.regions.1.region,1951,1.0,1.0,1.0,1.0,1951,0,0,1.0,1.0,196
o0a5,auxiliary.memory.regions.1.selected_tokens,1951,31.54023577652486,32.0,32.0,32.0,1951,0,0,3.0,27.4234693877551,196
o0a5,auxiliary.memory.regions.1.correct_tokens,1951,31.044079958995386,32.0,29.0,32.0,1951,0,0,3.0,24.209183673469386,196
o0a5,auxiliary.memory.regions.1.incorrect_tokens,1951,0.4961558175294721,0.0,0.0,2.0,367,1584,0,0.0,0.0,196
o0a5,auxiliary.memory.regions.2.region,1951,2.0,2.0,2.0,2.0,1951,0,0,2.0,2.0,196
o0a5,auxiliary.memory.regions.2.selected_tokens,1951,32.0,32.0,32.0,32.0,1951,0,0,32.0,32.0,196
o0a5,auxiliary.memory.regions.2.correct_tokens,1951,31.774474628395694,32.0,31.0,32.0,1951,0,0,27.0,30.209183673469386,196
o0a5,auxiliary.memory.regions.2.incorrect_tokens,1951,0.2255253716043055,0.0,0.0,1.0,285,1666,0,0.0,0.0,196
o0a5,auxiliary.memory.regions.3.region,1951,3.0,3.0,3.0,3.0,1951,0,0,3.0,3.0,196
o0a5,auxiliary.memory.regions.3.selected_tokens,1951,12.365453613531523,13.0,1.0,21.0,1789,162,0,0.0,0.17346938775510204,196
o0a5,auxiliary.memory.regions.3.correct_tokens,1951,11.403382880574064,12.0,1.0,20.0,1771,180,0,0.0,0.08163265306122448,196
o0a5,auxiliary.memory.regions.3.incorrect_tokens,1951,0.9620707329574577,0.0,0.0,3.0,663,1288,0,0.0,0.0,196
o0a5,r4t.pca.basis_versions_used.0,1935,975.5038759689922,976.0,208.0,1744.0,1935,0,0,16.0,105.0721649484536,194
o0a5,r4t.pca.basis_versions_used.1,1935,975.5038759689922,976.0,208.0,1744.0,1935,0,0,16.0,105.0721649484536,194
o0a5,r4t.pca.basis_versions_used.2,1935,975.5038759689922,976.0,208.0,1744.0,1935,0,0,16.0,105.0721649484536,194
o0a5,r4t.pca.basis_versions_used.3,1935,974.6589147286821,972.0,208.0,1752.0,1935,0,0,16.0,105.0721649484536,194
o0a6,r4t.global_visit,1951,976.0,976.0,196.0,1756.0,1951,0,0,1.0,98.5,196
o0a6,r4t.counts.network_forwards,1951,8.0,8.0,8.0,8.0,1951,0,0,8.0,8.0,196
o0a6,r4t.counts.loss_backward_calls,1951,1.0,1.0,1.0,1.0,1951,0,0,1.0,1.0,196
o0a6,r4t.counts.jacobian_vjp_calls,1951,0.0,0.0,0.0,0.0,0,1951,0,0.0,0.0,196
o0a6,r4t.counts.adam_calls,1951,1.0,1.0,1.0,1.0,1951,0,0,1.0,1.0,196
o0a6,r4t.counts.actual_parameter_replacements,1951,0.0,0.0,0.0,0.0,0,1951,0,0.0,0.0,196
o0a6,r4t.kernels.res.conv1.parameters,1951,67.0,67.0,67.0,67.0,1951,0,0,67.0,67.0,196
o0a6,r4t.kernels.res.conv1.detail_change_l2,1951,2.6314712068229807e-07,2.6345326056914744e-07,2.5161700661755543e-07,2.746200226852745e-07,1951,0,0,2.2883843736686476e-07,2.4673236892556603e-07,196
o0a6,r4t.kernels.res.conv1.dc_change_l2,1951,0.012610629003027004,0.015033208529512955,0.0038774860642270294,0.017110643239321287,1951,0,0,0.0004126728948324371,0.002710889366244906,196
o0a6,r4t.kernels.res.conv1.flattened_cosine_gram_max_error,1951,0.0031469737493908636,0.0038026455563913986,0.000767372756227902,0.004360529733223151,1951,0,0,5.3159262911439686e-05,0.0006786655146966476,196
o0a6,r4t.kernels.res.conv1.effective_change_l2,1951,0.012610629007159386,0.015033208531661773,0.003877486074559847,0.017110643241142177,1951,0,0,0.0004126729790279652,0.0027108893810698326,196
o0a6,r4t.kernels.res.conv1.dc_cosine_gram_max_error,1951,7.236089746527683e-07,7.049486585031239e-07,4.4044444391655446e-07,1.045738379501504e-06,1951,0,0,2.1691179669103278e-07,3.7695577634798166e-07,196
o0a6,r4t.kernels.res.conv1.nonzero_source_dc_rows,1951,64.0,64.0,64.0,64.0,1951,0,0,64.0,64.0,196
o0a6,r4t.kernels.res.conv1.orthogonality_error,1951,2.574941881951861e-16,2.482548201375116e-16,1.110226962393689e-16,4.002987216805541e-16,1951,0,0,1.7764458884871706e-20,3.327226094658502e-17,196
o0a6,r4t.kernels.res.conv1.gain_min,1951,0.9900909039689884,0.9886529699544007,0.987085835450411,0.9960114222257632,1951,0,0,0.98669748293292,0.9869169852479789,196
o0a6,r4t.kernels.res.conv1.gain_max,1951,1.0168192313721842,1.0209231341738485,1.0049226556037512,1.0232194057323927,1951,0,0,1.0001000048521065,1.0027158997871062,196
o0a6,r4t.kernels.res.layer1.2.conv2.parameters,1951,2080.0,2080.0,2080.0,2080.0,1951,0,0,2080.0,2080.0,196
o0a6,r4t.kernels.res.layer1.2.conv2.detail_change_l2,1951,1.2470219778155982e-07,1.247067856220032e-07,1.2315563275755465e-07,1.2621405850428532e-07,1951,0,0,1.2097643721401728e-07,1.2255834255949456e-07,196
o0a6,r4t.kernels.res.layer1.2.conv2.dc_change_l2,1951,0.18248650499355096,0.20995722412945195,0.06551566015738222,0.256000806612028,1951,0,0,0.003039143686929797,0.04270597663197104,196
o0a6,r4t.kernels.res.layer1.2.conv2.flattened_cosine_gram_max_error,1951,0.0019421972597337062,0.002170142219122928,0.0006026567925923043,0.002577597428142342,1951,0,0,3.1181114325207204e-05,0.00044587820312993966,196
o0a6,r4t.kernels.res.layer1.2.conv2.effective_change_l2,1951,0.18248650499361546,0.20995722412948892,0.06551566015749577,0.2560008066120579,1951,0,0,0.003039143689520836,0.04270597663221345,196
o0a6,r4t.kernels.res.layer1.2.conv2.dc_cosine_gram_max_error,1951,1.80020853657546e-08,1.7665788415444084e-08,1.5493874350180903e-08,2.0994733021528766e-08,1951,0,0,1.3455414435425972e-08,1.4872308437756834e-08,196
o0a6,r4t.kernels.res.layer1.2.conv2.nonzero_source_dc_rows,1951,64.0,64.0,64.0,64.0,1951,0,0,64.0,64.0,196
o0a6,r4t.kernels.res.layer1.2.conv2.orthogonality_error,1951,6.1684097371250205e-15,6.167065545774465e-15,5.4043653807939845e-15,6.9361757285582e-15,1951,0,0,3.869227482343617e-15,5.158605603992003e-15,196
o0a6,r4t.kernels.res.layer1.2.conv2.gain_min,1951,0.9848519072755869,0.9820575081814978,0.9770570233502945,0.9959460683624097,1951,0,0,0.9746079540785333,0.9760035431690416,196
o0a6,r4t.kernels.res.layer1.2.conv2.gain_max,1951,1.0137074558456756,1.0162783500808132,1.0029367804937368,1.0199788684574758,1951,0,0,1.0001000045901458,1.0019795436036059,196
o0a6,r4t.teacher_update,1951,0.0,0.0,0.0,0.0,0,1951,0,0.0,0.0,196
o0a6,r4t.source_unchanged,1951,1.0,1.0,1.0,1.0,1951,0,0,1.0,1.0,196
o0a6,r4t.base_loss,1951,0.04945469360850152,0.04104604572057724,0.030279606580734253,0.07480037212371826,1951,0,0,0.02172386273741722,0.028141158994059175,196
o0a6,r4t.host_seconds,1951,0.5661347331795441,0.565301078138873,0.5474161531310529,0.5883031329140067,1951,0,0,0.42766897077672184,0.5281574833931458,196
o0a6,r4t.trainable_scalars,1951,21283.0,21283.0,21283.0,21283.0,1951,0,0,21283.0,21283.0,196
o0a6,r4t.final_raw_probability_nested_violations,1951,2372.8882624295234,2073.0,1167.0,4048.0,1951,0,0,508.0,951.484693877551,196
o0a6,auxiliary.q.0.total_pixels,1951,262144.0,262144.0,262144.0,262144.0,1951,0,0,262144.0,262144.0,196
o0a6,auxiliary.q.0.gt_foreground,1951,29364.35161455664,28513.0,15296.0,45565.0,1951,0,0,9104.0,13711.244897959185,196
o0a6,auxiliary.q.0.gt_background,1951,232779.64838544338,233631.0,216579.0,246848.0,1951,0,0,185479.0,210883.1530612245,196
o0a6,auxiliary.q.0.pred_foreground,1951,29650.82983085597,27881.0,23516.0,38127.0,1951,0,0,17581.0,22144.831632653062,196
o0a6,auxiliary.q.0.intersection,1951,25331.789338800616,24009.0,15232.0,37224.0,1951,0,0,9104.0,13672.948979591836,196
o0a6,auxiliary.q.0.dice,1951,0.8480327635711864,0.8693444191182549,0.7206126529090847,0.9421549800176467,1951,0,0,0.502909457677089,0.6623232557602396,196
o0a6,auxiliary.q.0.brier_sum,1951,6691.5234320533655,6021.264699288508,2631.5731674206704,11835.126094688723,1951,0,0,951.0147357107398,1974.5975976689233,196
o0a6,auxiliary.q.0.brier,1951,0.02552613613911959,0.02296930198398021,0.010038654966051752,0.04514742315173616,1951,0,0,0.0036278333118848413,0.007532492056537336,196
o0a6,auxiliary.q.0.foreground_brier_sum,1951,3171.0515973395195,1817.1617776452401,2.9583395633851595,8517.868909561883,1951,0,0,0.0015038117730092893,0.9047275048489348,196
o0a6,auxiliary.q.0.background_brier_sum,1951,3520.471834713847,1573.384665677957,38.68103828902311,9707.43656034906,1951,0,0,0.008943088927656153,13.20112767564724,196
o0a6,auxiliary.q.0.foreground_brier,1951,0.08083451509840807,0.0593286249024349,0.0001790594532570773,0.2046759203220045,1951,0,0,1.0277554490222042e-07,5.6819190396572646e-05,196
o0a6,auxiliary.q.0.background_brier,1951,0.014497801356260583,0.006977418117662512,0.00017066251968196128,0.03916622995224954,1951,0,0,4.8216180417492836e-08,5.983682764299434e-05,196
o0a6,auxiliary.q.1.total_pixels,1951,262144.0,262144.0,262144.0,262144.0,1951,0,0,262144.0,262144.0,196
o0a6,auxiliary.q.1.gt_foreground,1951,9633.745771399283,7259.0,2865.0,19762.0,1951,0,0,907.0,2369.5255102040815,196
o0a6,auxiliary.q.1.gt_background,1951,252510.2542286007,254885.0,242382.0,259279.0,1951,0,0,213174.0,236489.056122449,196
o0a6,auxiliary.q.1.pred_foreground,1951,9816.465914915429,9846.0,7274.0,12094.0,1951,0,0,5184.0,6796.071428571428,196
o0a6,auxiliary.q.1.intersection,1951,6844.884674525884,6577.0,2847.0,11271.0,1951,0,0,907.0,2345.0255102040815,196
o0a6,auxiliary.q.1.dice,1951,0.6951432336745588,0.7221950822341638,0.45682359707501435,0.8874506708760852,1951,0,0,0.1186178442496132,0.39029042596166,196
o0a6,auxiliary.q.1.brier_sum,1951,4540.850673597161,4101.963762282974,1303.2671158422581,7848.8427835516995,1951,0,0,556.3159284287218,1022.6886065885067,196
o0a6,auxiliary.q.1.brier,1951,0.01732197064818253,0.0156477499476737,0.004971569503182442,0.029940959104735182,1951,0,0,0.0021221768510006783,0.0039012474311390178,196
o0a6,auxiliary.q.1.foreground_brier_sum,1951,2237.9812975719283,336.83387531861354,0.19657767452461172,7148.504637022392,1951,0,0,0.0006357678066422068,0.0755291392389628,196
o0a6,auxiliary.q.1.background_brier_sum,1951,2302.8693760252336,1643.4776727830454,40.052321587637294,5381.8179069816815,1951,0,0,0.0002713622167066472,10.814709155729762,196
o0a6,auxiliary.q.1.foreground_brier,1951,0.12690835887894208,0.04504934478255253,5.9465967261245614e-05,0.3681496978733521,1951,0,0,2.9750482294909066e-07,2.2927184389137255e-05,196
o0a6,auxiliary.q.1.background_brier,1951,0.008964304790363838,0.006531935954838226,0.0001630700163001966,0.020721047974981414,1951,0,0,1.1690499681488493e-09,4.45618631363746e-05,196
o0a7,r4t.global_visit,1951,976.0,976.0,196.0,1756.0,1951,0,0,1.0,98.5,196
o0a7,r4t.counts.network_forwards,1951,8.0,8.0,8.0,8.0,1951,0,0,8.0,8.0,196
o0a7,r4t.counts.loss_backward_calls,1951,1.0,1.0,1.0,1.0,1951,0,0,1.0,1.0,196
o0a7,r4t.counts.jacobian_vjp_calls,1951,0.0,0.0,0.0,0.0,0,1951,0,0.0,0.0,196
o0a7,r4t.counts.adam_calls,1951,1.0,1.0,1.0,1.0,1951,0,0,1.0,1.0,196
o0a7,r4t.counts.actual_parameter_replacements,1951,0.0,0.0,0.0,0.0,0,1951,0,0.0,0.0,196
o0a7,r4t.kernels.res.conv1.parameters,1951,67.0,67.0,67.0,67.0,1951,0,0,67.0,67.0,196
o0a7,r4t.kernels.res.conv1.detail_change_l2,1951,0.08556144693833921,0.10637412507459935,0.023567563858134827,0.11690792514160353,1951,0,0,0.0020553856195246975,0.016062349420325375,196
o0a7,r4t.kernels.res.conv1.dc_change_l2,1951,0.014409367471141231,0.015623751948212004,0.0043952831053543084,0.023088277393633113,1951,0,0,0.00035339966423055506,0.0031511883757983435,196
o0a7,r4t.kernels.res.conv1.flattened_cosine_gram_max_error,1951,1.6895048198798833e-08,1.6621501466862476e-08,1.415574436142153e-08,1.985993760417193e-08,1951,0,0,1.1332859563978337e-08,1.3473615352844733e-08,196
o0a7,r4t.kernels.res.conv1.effective_change_l2,1951,0.0867872362363478,0.10751537615767226,0.023955454290589696,0.11907253124061282,1951,0,0,0.002085545820073772,0.016370466889184115,196
o0a7,r4t.kernels.res.conv1.dc_cosine_gram_max_error,1951,2.671334467921434e-07,2.543687505074388e-07,1.5528850233481606e-07,3.9368885369761575e-07,1951,0,0,8.946760055028591e-08,1.3638905207791506e-07,196
o0a7,r4t.kernels.res.conv1.nonzero_source_dc_rows,1951,64.0,64.0,64.0,64.0,1951,0,0,64.0,64.0,196
o0a7,r4t.kernels.res.conv1.orthogonality_error,1951,2.6278160958461997e-16,2.4825746810191914e-16,1.1102315569618405e-16,4.1540957965073544e-16,1951,0,0,1.5164084109650957e-20,3.9613020855857047e-17,196
o0a7,r4t.kernels.res.conv1.gain_min,1951,0.9859672881833974,0.9824729452649114,0.9804620388170173,0.9967711441968305,1951,0,0,0.9790507156006057,0.9796283888999266,196
o0a7,r4t.kernels.res.conv1.gain_max,1951,1.0190830917177416,1.024300260164179,1.005279424488656,1.0269661688113125,1951,0,0,1.0000999751050177,1.003002474904776,196
o0a7,r4t.kernels.res.layer1.2.conv2.parameters,1951,2080.0,2080.0,2080.0,2080.0,1951,0,0,2080.0,2080.0,196
o0a7,r4t.kernels.res.layer1.2.conv2.detail_change_l2,1951,0.2293042118371222,0.268362158412922,0.07688675413311655,0.31917038334037084,1951,0,0,0.0041954898680347085,0.050752460625327706,196
o0a7,r4t.kernels.res.layer1.2.conv2.dc_change_l2,1951,0.168496137164664,0.19496075969620583,0.05810698726178429,0.23651060833383805,1951,0,0,0.0028410782511102306,0.038198396320956014,196
o0a7,r4t.kernels.res.layer1.2.conv2.flattened_cosine_gram_max_error,1951,6.4116820152509334e-09,6.253480649975884e-09,5.513094619713499e-09,7.471136084791219e-09,1951,0,0,4.84147865027762e-09,5.3105446171383675e-09,196
o0a7,r4t.kernels.res.layer1.2.conv2.effective_change_l2,1951,0.28455776634764124,0.33170460637344784,0.09637424412034304,0.3972492938396259,1951,0,0,0.005066938016367816,0.06352263602135358,196
o0a7,r4t.kernels.res.layer1.2.conv2.dc_cosine_gram_max_error,1951,1.2753187989006413e-08,1.2535893965243128e-08,1.0972052013474842e-08,1.4827550437468417e-08,1951,0,0,9.009625767664176e-09,1.0481879057040165e-08,196
o0a7,r4t.kernels.res.layer1.2.conv2.nonzero_source_dc_rows,1951,64.0,64.0,64.0,64.0,1951,0,0,64.0,64.0,196
o0a7,r4t.kernels.res.layer1.2.conv2.orthogonality_error,1951,6.193086699124028e-15,6.186793503664251e-15,5.429239716433762e-15,6.9465287963942816e-15,1951,0,0,4.3418368569995164e-15,5.166179952685905e-15,196
o0a7,r4t.kernels.res.layer1.2.conv2.gain_min,1951,0.9855561330141095,0.9819223322959383,0.9796313910392555,0.9962209755909736,1951,0,0,0.9772716216443006,0.9785937414444763,196
o0a7,r4t.kernels.res.layer1.2.conv2.gain_max,1951,1.0142179307397534,1.0151359053410807,1.0033192295148923,1.0223214089160158,1951,0,0,1.0000996429898914,1.0022064951652898,196
o0a7,r4t.teacher_update,1951,0.0,0.0,0.0,0.0,0,1951,0,0.0,0.0,196
o0a7,r4t.source_unchanged,1951,1.0,1.0,1.0,1.0,1951,0,0,1.0,1.0,196
o0a7,r4t.base_loss,1951,0.04952997073286744,0.04114071652293205,0.030309438705444336,0.074989914894104,1951,0,0,0.02174340933561325,0.028216705904627333,196
o0a7,r4t.host_seconds,1951,0.5939832910617765,0.5915270899422467,0.5520485090091825,0.6501199258491397,1951,0,0,0.46743673901073635,0.5325279977500477,196
o0a7,r4t.trainable_scalars,1951,21283.0,21283.0,21283.0,21283.0,1951,0,0,21283.0,21283.0,196
o0a7,r4t.final_raw_probability_nested_violations,1951,2384.6704254228603,2077.0,1171.0,4064.0,1951,0,0,513.0,955.5816326530612,196
o0a7,auxiliary.q.0.total_pixels,1951,262144.0,262144.0,262144.0,262144.0,1951,0,0,262144.0,262144.0,196
o0a7,auxiliary.q.0.gt_foreground,1951,29364.35161455664,28513.0,15296.0,45565.0,1951,0,0,9104.0,13711.244897959185,196
o0a7,auxiliary.q.0.gt_background,1951,232779.64838544338,233631.0,216579.0,246848.0,1951,0,0,185479.0,210883.1530612245,196
o0a7,auxiliary.q.0.pred_foreground,1951,29678.78062532035,27954.0,23535.0,38095.0,1951,0,0,17578.0,22149.372448979593,196
o0a7,auxiliary.q.0.intersection,1951,25333.469502819065,24001.0,15236.0,37256.0,1951,0,0,9104.0,13673.67857142857,196
o0a7,auxiliary.q.0.dice,1951,0.8476088646106009,0.8690428191274897,0.7194255634486636,0.9420376785692426,1951,0,0,0.5031566963361623,0.6610241125998296,196
o0a7,auxiliary.q.0.brier_sum,1951,6709.905788838137,6049.544426649612,2624.0957687599475,11856.2895338993,1951,0,0,961.4312106717197,1975.3961043826587,196
o0a7,auxiliary.q.0.brier,1951,0.0255962592652822,0.023077180582617235,0.010010130953826704,0.04522815526542397,1951,0,0,0.0036675690104359423,0.007535538117914805,196
o0a7,auxiliary.q.0.foreground_brier_sum,1951,3169.809275954829,1817.3892300724299,2.8603306775985295,8518.635047930436,1951,0,0,0.001464729763288375,0.8818102212081306,196
o0a7,auxiliary.q.0.background_brier_sum,1951,3540.0965128833077,1574.530156937039,38.44633308856224,9727.234362601957,1951,0,0,0.009181618041813343,13.294586320969584,196
o0a7,auxiliary.q.0.foreground_brier,1951,0.0807927780299833,0.05889814743047788,0.0001750708367530042,0.2050626070592146,1951,0,0,1.0010454915858221e-07,5.530335492804189e-05,196
o0a7,auxiliary.q.0.background_brier,1951,0.014577602801614551,0.006972815341470821,0.00017256520809143483,0.0393733408956069,1951,0,0,4.950219723965162e-08,6.028637056500387e-05,196
o0a7,auxiliary.q.1.total_pixels,1951,262144.0,262144.0,262144.0,262144.0,1951,0,0,262144.0,262144.0,196
o0a7,auxiliary.q.1.gt_foreground,1951,9633.745771399283,7259.0,2865.0,19762.0,1951,0,0,907.0,2369.5255102040815,196
o0a7,auxiliary.q.1.gt_background,1951,252510.2542286007,254885.0,242382.0,259279.0,1951,0,0,213174.0,236489.056122449,196
o0a7,auxiliary.q.1.pred_foreground,1951,9816.246540235776,9846.0,7276.0,12086.0,1951,0,0,5193.0,6798.321428571428,196
o0a7,auxiliary.q.1.intersection,1951,6844.262942080984,6580.0,2848.0,11265.0,1951,0,0,907.0,2345.1479591836733,196
o0a7,auxiliary.q.1.dice,1951,0.695113624435413,0.7220203264551894,0.45700689202494255,0.8876369327073552,1951,0,0,0.11892201834862386,0.39014007829496167,196
o0a7,auxiliary.q.1.brier_sum,1951,4541.6324711280995,4095.4627756714362,1302.8704837155708,7842.65658072543,1951,0,0,555.5805570190855,1023.109464954837,196
o0a7,auxiliary.q.1.brier,1951,0.017324952969086073,0.0156229506518228,0.004970056471693309,0.02991736061372921,1951,0,0,0.00211937163169512,0.0039028528783982734,196
o0a7,auxiliary.q.1.foreground_brier_sum,1951,2238.6941906934467,333.5767528323055,0.1921848810316824,7143.82781994426,1951,0,0,0.0006102626166111236,0.07463396497787605,196
o0a7,auxiliary.q.1.background_brier_sum,1951,2302.938280434652,1639.7202269964596,40.131942888699456,5379.825717526926,1951,0,0,0.00027130392951681343,10.799729711565156,196
o0a7,auxiliary.q.1.foreground_brier,1951,0.12690047394248558,0.04454178494383268,5.961738758460114e-05,0.3692500546670418,1951,0,0,2.855697784797022e-07,2.263610149141574e-05,196
o0a7,auxiliary.q.1.background_brier,1951,0.00896453293410427,0.006550910735589875,0.00016532601453866797,0.020734781670810904,1951,0,0,1.1687988623086715e-09,4.451481793260112e-05,196
o0a8,r4t.global_visit,1951,976.0,976.0,196.0,1756.0,1951,0,0,1.0,98.5,196
o0a8,r4t.counts.network_forwards,1951,8.0,8.0,8.0,8.0,1951,0,0,8.0,8.0,196
o0a8,r4t.counts.loss_backward_calls,1951,1.0,1.0,1.0,1.0,1951,0,0,1.0,1.0,196
o0a8,r4t.counts.jacobian_vjp_calls,1951,0.0,0.0,0.0,0.0,0,1951,0,0.0,0.0,196
o0a8,r4t.counts.adam_calls,1951,1.0,1.0,1.0,1.0,1951,0,0,1.0,1.0,196
o0a8,r4t.counts.actual_parameter_replacements,1951,0.0,0.0,0.0,0.0,0,1951,0,0.0,0.0,196
o0a8,r4t.kernels.res.conv1.parameters,1951,64.0,64.0,64.0,64.0,1951,0,0,64.0,64.0,196
o0a8,r4t.kernels.res.conv1.detail_change_l2,1951,2.6363862767532263e-07,2.6358529446680586e-07,2.5222475852393463e-07,2.7540822766588656e-07,1951,0,0,2.2971543333982726e-07,2.47457163985251e-07,196
o0a8,r4t.kernels.res.conv1.dc_change_l2,1951,0.0107045222957355,0.013429496488415875,0.002604945273055984,0.014337639360375893,1951,0,0,0.00023226208391965866,0.0018707757615554874,196
o0a8,r4t.kernels.res.conv1.flattened_cosine_gram_max_error,1951,0.0031375807684702285,0.0038038631741011963,0.000752994312987032,0.004251563038544182,1951,0,0,5.316352394935109e-05,0.000667434503938256,196
o0a8,r4t.kernels.res.conv1.effective_change_l2,1951,0.010704522301418202,0.013429496491040091,0.0026049452865548398,0.01433763936314209,1951,0,0,0.000232262242285601,0.0018707757827852002,196
o0a8,r4t.kernels.res.conv1.dc_cosine_gram_max_error,1951,7.204801404741885e-07,6.98077207553216e-07,4.398504606928366e-07,1.036085623740135e-06,1951,0,0,1.849757598759716e-07,3.70360977017974e-07,196
o0a8,r4t.kernels.res.conv1.nonzero_source_dc_rows,1951,64.0,64.0,64.0,64.0,1951,0,0,64.0,64.0,196
o0a8,r4t.kernels.res.conv1.orthogonality_error,1951,0.0,0.0,0.0,0.0,0,1951,0,0.0,0.0,196
o0a8,r4t.kernels.res.conv1.gain_min,1951,0.9904558236516541,0.9889865567667958,0.9876149240984203,0.9961412067394977,1951,0,0,0.9872279779335186,0.9874535752179332,196
o0a8,r4t.kernels.res.conv1.gain_max,1951,1.0165470183878949,1.020531415280936,1.004917095862677,1.022749340960923,1951,0,0,1.0001000048521065,1.0026880888000564,196
o0a8,r4t.kernels.res.layer1.2.conv2.parameters,1951,64.0,64.0,64.0,64.0,1951,0,0,64.0,64.0,196
o0a8,r4t.kernels.res.layer1.2.conv2.detail_change_l2,1951,1.2475817245708479e-07,1.2475254079155364e-07,1.2320846793615667e-07,1.263436378179127e-07,1951,0,0,1.202040913635114e-07,1.2263794407865262e-07,196
o0a8,r4t.kernels.res.layer1.2.conv2.dc_change_l2,1951,0.017383968747981007,0.020087236564253062,0.005371330419809468,0.024975345147392126,1951,0,0,0.0002959169148137828,0.00339791123330108,196
o0a8,r4t.kernels.res.layer1.2.conv2.flattened_cosine_gram_max_error,1951,0.0022906958621806096,0.002637026609395743,0.0006342855147452031,0.0032037607418280434,1951,0,0,3.1172453932332145e-05,0.0004463047276162267,196
o0a8,r4t.kernels.res.layer1.2.conv2.effective_change_l2,1951,0.017383968748708702,0.020087236564649467,0.005371330421228342,0.02497534514769627,1951,0,0,0.0002959169413048714,0.0033979112362660115,196
o0a8,r4t.kernels.res.layer1.2.conv2.dc_cosine_gram_max_error,1951,1.7932076300820802e-08,1.7698527976506284e-08,1.557329493140358e-08,2.0634343400605104e-08,1951,0,0,1.3362246892301144e-08,1.494961057641118e-08,196
o0a8,r4t.kernels.res.layer1.2.conv2.nonzero_source_dc_rows,1951,64.0,64.0,64.0,64.0,1951,0,0,64.0,64.0,196
o0a8,r4t.kernels.res.layer1.2.conv2.orthogonality_error,1951,0.0,0.0,0.0,0.0,0,1951,0,0.0,0.0,196
o0a8,r4t.kernels.res.layer1.2.conv2.gain_min,1951,0.9862101515895773,0.9837321444655697,0.9793234181956798,0.9957680522829468,1951,0,0,0.9770129315529917,0.9783505610126293,196
o0a8,r4t.kernels.res.layer1.2.conv2.gain_max,1951,1.0131411419433072,1.015037970331187,1.0026710176937896,1.0207091428629231,1951,0,0,1.0001000045901458,1.0020355594362553,196
o0a8,r4t.teacher_update,1951,0.0,0.0,0.0,0.0,0,1951,0,0.0,0.0,196
o0a8,r4t.source_unchanged,1951,1.0,1.0,1.0,1.0,1951,0,0,1.0,1.0,196
o0a8,r4t.base_loss,1951,0.04986912340330564,0.04132850095629692,0.03023546189069748,0.07542798668146133,1951,0,0,0.02176375314593315,0.028172037488191713,196
o0a8,r4t.host_seconds,1951,0.5723170086958406,0.5782458200119436,0.5232807260472327,0.6247072480618954,1951,0,0,0.4177650960627943,0.4889292656360859,196
o0a8,r4t.trainable_scalars,1951,19264.0,19264.0,19264.0,19264.0,1951,0,0,19264.0,19264.0,196
o0a8,r4t.final_raw_probability_nested_violations,1951,2333.3008713480267,2023.0,1145.0,3998.0,1951,0,0,509.0,935.25,196
o0a8,auxiliary.q.0.total_pixels,1951,262144.0,262144.0,262144.0,262144.0,1951,0,0,262144.0,262144.0,196
o0a8,auxiliary.q.0.gt_foreground,1951,29364.35161455664,28513.0,15296.0,45565.0,1951,0,0,9104.0,13711.244897959185,196
o0a8,auxiliary.q.0.gt_background,1951,232779.64838544338,233631.0,216579.0,246848.0,1951,0,0,185479.0,210883.1530612245,196
o0a8,auxiliary.q.0.pred_foreground,1951,29551.49461814454,27775.0,23485.0,37955.0,1951,0,0,17589.0,22126.55612244898,196
o0a8,auxiliary.q.0.intersection,1951,25278.877498718604,23991.0,15227.0,37139.0,1951,0,0,9104.0,13670.948979591836,196
o0a8,auxiliary.q.0.dice,1951,0.8480472551459598,0.8694801470836285,0.7209453918455748,0.9413685078318219,1951,0,0,0.5059451021204632,0.6636792800693813,196
o0a8,auxiliary.q.0.brier_sum,1951,6694.311010481784,6037.246633046819,2605.5054324680123,11813.15719162209,1951,0,0,944.2742466746724,1985.0230373275692,196
o0a8,auxiliary.q.0.brier,1951,0.025536769906928193,0.023030268222987437,0.00993921444880681,0.04506361843727909,1951,0,0,0.0036021203867899797,0.007572261952696111,196
o0a8,auxiliary.q.0.foreground_brier_sum,1951,3214.981089636816,1856.0774539602776,3.332949594786623,8623.195687916472,1951,0,0,0.00243524922749927,1.0449172429369586,196
o0a8,auxiliary.q.0.background_brier_sum,1951,3479.329920844968,1561.1581586845164,39.80131528901728,9559.648865824,1951,0,0,0.009141661333579024,12.987891197616994,196
o0a8,auxiliary.q.0.foreground_brier,1951,0.08191100186657818,0.061152281012014205,0.0002014519834195994,0.2057396953836611,1951,0,0,1.6643310740153566e-07,6.599323743892231e-05,196
o0a8,auxiliary.q.0.background_brier,1951,0.014328249262787201,0.006906858766056441,0.00017841577042186933,0.03869284933200563,1951,0,0,4.9286772807590206e-08,5.886193399432668e-05,196
o0a8,auxiliary.q.1.total_pixels,1951,262144.0,262144.0,262144.0,262144.0,1951,0,0,262144.0,262144.0,196
o0a8,auxiliary.q.1.gt_foreground,1951,9633.745771399283,7259.0,2865.0,19762.0,1951,0,0,907.0,2369.5255102040815,196
o0a8,auxiliary.q.1.gt_background,1951,252510.2542286007,254885.0,242382.0,259279.0,1951,0,0,213174.0,236489.056122449,196
o0a8,auxiliary.q.1.pred_foreground,1951,9772.493593029216,9787.0,7267.0,12026.0,1951,0,0,5202.0,6797.4540816326535,196
o0a8,auxiliary.q.1.intersection,1951,6828.646847770374,6580.0,2843.0,11212.0,1951,0,0,907.0,2344.7295918367345,196
o0a8,auxiliary.q.1.dice,1951,0.695559550385484,0.722431116316341,0.45751974312245075,0.887080487080487,1951,0,0,0.11844292839534484,0.39176816075181753,196
o0a8,auxiliary.q.1.brier_sum,1951,4533.04065159153,4063.935706072098,1292.7119599102957,7862.7319586969625,1951,0,0,551.2708812364218,1023.5106386991527,196
o0a8,auxiliary.q.1.brier,1951,0.01729217777859318,0.015502684425629036,0.00493130477871054,0.029993942103183603,1951,0,0,0.0021029315232712624,0.003904383234783755,196
o0a8,auxiliary.q.1.foreground_brier_sum,1951,2252.97621507852,341.1280185489369,0.20217148092214288,7210.737911010681,1951,0,0,0.0006520756602661493,0.07868797125423305,196
o0a8,auxiliary.q.1.background_brier_sum,1951,2280.0644365130106,1618.2304771033369,38.19278402332361,5323.579213310466,1951,0,0,0.00027092867686555637,10.391200741256894,196
o0a8,auxiliary.q.1.foreground_brier,1951,0.12775471586739798,0.04561501001091556,6.205366807770421e-05,0.3701855557758129,1951,0,0,3.051360132270235e-07,2.3960258892380225e-05,196
o0a8,auxiliary.q.1.background_brier,1951,0.008875744585344764,0.006521579409993771,0.00016154193937629232,0.020501323181603824,1951,0,0,1.1671822441024822e-09,4.286015928216306e-05,196
o0a9,r4t.global_visit,1951,976.0,976.0,196.0,1756.0,1951,0,0,1.0,98.5,196
o0a9,r4t.counts.network_forwards,1951,8.0,8.0,8.0,8.0,1951,0,0,8.0,8.0,196
o0a9,r4t.counts.loss_backward_calls,1951,1.0,1.0,1.0,1.0,1951,0,0,1.0,1.0,196
o0a9,r4t.counts.jacobian_vjp_calls,1951,0.0,0.0,0.0,0.0,0,1951,0,0.0,0.0,196
o0a9,r4t.counts.adam_calls,1951,1.0,1.0,1.0,1.0,1951,0,0,1.0,1.0,196
o0a9,r4t.counts.actual_parameter_replacements,1951,0.0,0.0,0.0,0.0,0,1951,0,0.0,0.0,196
o0a9,r4t.kernels.res.conv1.parameters,1951,192.0,192.0,192.0,192.0,1951,0,0,192.0,192.0,196
o0a9,r4t.kernels.res.conv1.detail_change_l2,1951,2.6321065528428234e-07,2.6337476123423015e-07,2.5143051946579554e-07,2.743746761992315e-07,1951,0,0,2.3151440617928358e-07,2.4698353821612636e-07,196
o0a9,r4t.kernels.res.conv1.dc_change_l2,1951,0.014358231379943066,0.01580928942465433,0.002779848068817159,0.023886084958650532,1951,0,0,0.00023225842968351639,0.0020100968068453465,196
o0a9,r4t.kernels.res.conv1.flattened_cosine_gram_max_error,1951,0.006765275136301675,0.008059678574279597,0.0010465752858461186,0.011235264505029296,1951,0,0,7.14086031597394e-05,0.0006957693273673029,196
o0a9,r4t.kernels.res.conv1.effective_change_l2,1951,0.014358231384983041,0.015809289426946763,0.0027798480805444545,0.02388608496012632,1951,0,0,0.00023225858411953632,0.002010096828126496,196
o0a9,r4t.kernels.res.conv1.dc_cosine_gram_max_error,1951,0.021558938332763265,0.02425044768252113,0.0043176046993341766,0.03525370485027708,1951,0,0,0.0001890856390999729,0.0026194482295710864,196
o0a9,r4t.kernels.res.conv1.nonzero_source_dc_rows,1951,64.0,64.0,64.0,64.0,1951,0,0,64.0,64.0,196
o0a9,r4t.kernels.res.conv1.orthogonality_error,1951,0.0,0.0,0.0,0.0,0,1951,0,0.0,0.0,196
o0a9,r4t.kernels.res.conv1.gain_min,1951,1.0,1.0,1.0,1.0,1951,0,0,1.0,1.0,196
o0a9,r4t.kernels.res.conv1.gain_max,1951,1.0,1.0,1.0,1.0,1951,0,0,1.0,1.0,196
o0a9,r4t.kernels.res.layer1.2.conv2.parameters,1951,4096.0,4096.0,4096.0,4096.0,1951,0,0,4096.0,4096.0,196
o0a9,r4t.kernels.res.layer1.2.conv2.detail_change_l2,1951,1.2478301092365875e-07,1.247817787363546e-07,1.2323898774996616e-07,1.2632526628159962e-07,1951,0,0,1.206418609296882e-07,1.2261720392816323e-07,196
o0a9,r4t.kernels.res.layer1.2.conv2.dc_change_l2,1951,0.01824583975342521,0.02145708738281076,0.005331223780997265,0.025937711253383768,1951,0,0,0.0002957294581136987,0.0035450817625429284,196
o0a9,r4t.kernels.res.layer1.2.conv2.flattened_cosine_gram_max_error,1951,0.0020233934514277212,0.002513397084094246,0.0004627124646029643,0.002911551767797879,1951,0,0,2.6436870387502864e-05,0.0002987943653636921,196
o0a9,r4t.kernels.res.layer1.2.conv2.effective_change_l2,1951,0.01824583975412991,0.021457087383163542,0.005331223782427181,0.025937711253682258,1951,0,0,0.0002957294855196383,0.0035450817653782016,196
o0a9,r4t.kernels.res.layer1.2.conv2.dc_cosine_gram_max_error,1951,0.005306461096577611,0.006507571734689251,0.0014323626947845072,0.007547781438957242,1951,0,0,6.81089895546716e-05,0.0008251813111657448,196
o0a9,r4t.kernels.res.layer1.2.conv2.nonzero_source_dc_rows,1951,64.0,64.0,64.0,64.0,1951,0,0,64.0,64.0,196
o0a9,r4t.kernels.res.layer1.2.conv2.orthogonality_error,1951,0.0,0.0,0.0,0.0,0,1951,0,0.0,0.0,196
o0a9,r4t.kernels.res.layer1.2.conv2.gain_min,1951,1.0,1.0,1.0,1.0,1951,0,0,1.0,1.0,196
o0a9,r4t.kernels.res.layer1.2.conv2.gain_max,1951,1.0,1.0,1.0,1.0,1951,0,0,1.0,1.0,196
o0a9,r4t.teacher_update,1951,0.0,0.0,0.0,0.0,0,1951,0,0.0,0.0,196
o0a9,r4t.source_unchanged,1951,1.0,1.0,1.0,1.0,1951,0,0,1.0,1.0,196
o0a9,r4t.base_loss,1951,0.04965734260222626,0.04109644889831543,0.030055783689022064,0.07500307261943817,1951,0,0,0.021740375086665154,0.028046891977060204,196
o0a9,r4t.host_seconds,1951,0.5429011552467148,0.5445227758027613,0.5204953770153224,0.5634973351843655,1951,0,0,0.41033950983546674,0.49934144224615157,196
o0a9,r4t.trainable_scalars,1951,23424.0,23424.0,23424.0,23424.0,1951,0,0,23424.0,23424.0,196
o0a9,r4t.final_raw_probability_nested_violations,1951,2284.6586365966173,1991.0,1130.0,3891.0,1951,0,0,503.0,926.8826530612245,196
o0a9,auxiliary.q.0.total_pixels,1951,262144.0,262144.0,262144.0,262144.0,1951,0,0,262144.0,262144.0,196
o0a9,auxiliary.q.0.gt_foreground,1951,29364.35161455664,28513.0,15296.0,45565.0,1951,0,0,9104.0,13711.244897959185,196
o0a9,auxiliary.q.0.gt_background,1951,232779.64838544338,233631.0,216579.0,246848.0,1951,0,0,185479.0,210883.1530612245,196
o0a9,auxiliary.q.0.pred_foreground,1951,29514.942593541775,27712.0,23451.0,37925.0,1951,0,0,17580.0,22118.224489795917,196
o0a9,auxiliary.q.0.intersection,1951,25279.038441824705,24003.0,15229.0,37153.0,1951,0,0,9104.0,13672.005102040815,196
o0a9,auxiliary.q.0.dice,1951,0.8486801839994993,0.8699842298931137,0.7220039133879914,0.9414189378575786,1951,0,0,0.5057477243172952,0.6655936931361792,196
o0a9,auxiliary.q.0.brier_sum,1951,6666.085932000308,5987.584084433607,2609.621088876326,11711.781565585794,1951,0,0,936.8014754764953,1982.6055310734782,196
o0a9,auxiliary.q.0.brier,1951,0.025429099777222856,0.02284082063458865,0.009954914432053857,0.04467690111383741,1951,0,0,0.003573614026933652,0.007563039898198998,196
o0a9,auxiliary.q.0.foreground_brier_sum,1951,3214.8212909777003,1854.136530599819,3.2760031767676665,8622.637203974862,1951,0,0,0.002109691054581475,1.0487418830649555,196
o0a9,auxiliary.q.0.background_brier_sum,1951,3451.264641022609,1560.2283068931304,39.769407081141686,9486.52615151462,1951,0,0,0.008906976299138197,12.895514577897107,196
o0a9,auxiliary.q.0.foreground_brier,1951,0.08188948676069852,0.060642926022641486,0.00020820884448352484,0.2056368300186066,1951,0,0,1.441833689571812e-07,6.609760014003889e-05,196
o0a9,auxiliary.q.0.background_brier,1951,0.014213168059930364,0.006904216031313835,0.00017684637405343166,0.038462231938946156,1951,0,0,4.802148113338004e-08,5.843187949117323e-05,196
o0a9,auxiliary.q.1.total_pixels,1951,262144.0,262144.0,262144.0,262144.0,1951,0,0,262144.0,262144.0,196
o0a9,auxiliary.q.1.gt_foreground,1951,9633.745771399283,7259.0,2865.0,19762.0,1951,0,0,907.0,2369.5255102040815,196
o0a9,auxiliary.q.1.gt_background,1951,252510.2542286007,254885.0,242382.0,259279.0,1951,0,0,213174.0,236489.056122449,196
o0a9,auxiliary.q.1.pred_foreground,1951,9784.575602255254,9797.0,7271.0,12042.0,1951,0,0,5199.0,6797.994897959184,196
o0a9,auxiliary.q.1.intersection,1951,6835.839569451563,6580.0,2843.0,11287.0,1951,0,0,907.0,2344.7755102040815,196
o0a9,auxiliary.q.1.dice,1951,0.6956538754383893,0.7225323075375873,0.4575513851653262,0.8868966336163391,1951,0,0,0.11834862385321102,0.3919280797151189,196
o0a9,auxiliary.q.1.brier_sum,1951,4533.104894063888,4070.7533314931343,1293.7217567535265,7852.985961247134,1951,0,0,551.5255563640998,1024.1466518425486,196
o0a9,auxiliary.q.1.brier,1951,0.01729242284417682,0.015528691602680719,0.004935156847967249,0.029956764073360953,1951,0,0,0.002103903031784438,0.003906809432382769,196
o0a9,auxiliary.q.1.foreground_brier_sum,1951,2247.6081999569296,341.17307414782454,0.21381424313396735,7195.968189661982,1951,0,0,0.000661727036405324,0.0810577239645165,196
o0a9,auxiliary.q.1.background_brier_sum,1951,2285.4966941069597,1629.8965472248863,39.77357433674271,5334.197252997031,1951,0,0,0.00027104154036486215,10.64087794283201,196
o0a9,auxiliary.q.1.foreground_brier,1951,0.1274770809558787,0.04562017838213993,6.524273181083628e-05,0.36985993663299066,1951,0,0,3.096523333670211e-07,2.4641040554632776e-05,196
o0a9,auxiliary.q.1.background_brier,1951,0.008896934938465818,0.006543614619640518,0.00016270837579001875,0.020610861981211207,1951,0,0,1.1676684690156993e-09,4.386613769945205e-05,196
o0a10,r4t.global_visit,1951,976.0,976.0,196.0,1756.0,1951,0,0,1.0,98.5,196
o0a10,r4t.counts.network_forwards,1951,8.0,8.0,8.0,8.0,1951,0,0,8.0,8.0,196
o0a10,r4t.counts.loss_backward_calls,1951,1.0,1.0,1.0,1.0,1951,0,0,1.0,1.0,196
o0a10,r4t.counts.jacobian_vjp_calls,1951,0.0,0.0,0.0,0.0,0,1951,0,0.0,0.0,196
o0a10,r4t.counts.adam_calls,1951,1.0,1.0,1.0,1.0,1951,0,0,1.0,1.0,196
o0a10,r4t.counts.actual_parameter_replacements,1951,0.0,0.0,0.0,0.0,0,1951,0,0.0,0.0,196
o0a10,r4t.graph.free_nodes,1951,1112.4946181445412,1071.0,865.0,1434.0,1951,0,0,665.0,806.4897959183673,196
o0a10,r4t.graph.steps,1951,64.0,64.0,64.0,64.0,1951,0,0,64.0,64.0,196
o0a10,r4t.graph.energy_before,1951,19.411241854024418,19.200410781828303,15.522621784877645,23.82562681485656,1951,0,0,9.957601460627671,14.053973741143386,196
o0a10,r4t.graph.energy_after,1951,16.413899055287164,16.351504660889283,13.016634455947145,19.949414883403627,1951,0,0,8.376944275327112,11.795244324183585,196
o0a10,r4t.graph.max_free_linear_residual,1951,4.488892068010295e-10,3.168614259863034e-10,6.417177900175375e-11,9.713536641697829e-10,1951,0,0,1.290523243824282e-12,3.599586388595665e-11,196
o0a10,r4t.graph.max_contraction,1951,0.799914694596063,0.8,0.7997138720844329,0.8,1951,0,0,0.7986497320103382,0.799560528786043,196
o0a10,r4t.graph.exact_fixed_nodes,1951,1.0,1.0,1.0,1.0,1951,0,0,1.0,1.0,196
o0a10,r4t.graph.grid,1951,128.0,128.0,128.0,128.0,1951,0,0,128.0,128.0,196
o0a10,r4t.graph.potential_undirected_edges,1951,32512.0,32512.0,32512.0,32512.0,1951,0,0,32512.0,32512.0,196
o0a10,r4t.graph.reliable_grid_counts.0,1951,15609.892362890825,15697.0,15235.0,15874.0,1951,0,0,13405.0,14847.92857142857,196
o0a10,r4t.graph.reliable_grid_counts.1,1951,15885.231163505894,15931.0,15659.0,16049.0,1951,0,0,14951.0,15515.92857142857,196
o0a10,r4t.graph.free_grid_counts.0,1951,659.8969759097898,632.0,499.0,857.0,1951,0,0,363.0,462.07142857142856,196
o0a10,r4t.graph.free_grid_counts.1,1951,452.5976422347514,432.0,334.0,609.0,1951,0,0,244.0,311.67857142857144,196
o0a10,r4t.graph.allowed_full_counts.0,1951,10196.713992824192,9739.0,7583.0,13411.0,1951,0,0,5366.0,6979.566326530612,196
o0a10,r4t.graph.allowed_full_counts.1,1951,7027.037929267042,6717.0,5139.0,9517.0,1951,0,0,3738.0,4781.714285714285,196
o0a10,r4t.graph.qstar_changed_full_counts.0,1951,10196.707329574578,9739.0,7583.0,13411.0,1951,0,0,5366.0,6979.561224489796,196
o0a10,r4t.graph.qstar_changed_full_counts.1,1951,7027.034853921066,6717.0,5139.0,9517.0,1951,0,0,3738.0,4781.714285714285,196
o0a10,r4t.graph.mean_abs_probability_correction,1951,0.0008404571882535969,0.0008042834815569222,0.0006794220535084605,0.0010535836918279529,1951,0,0,0.0005490364274010062,0.000646931577203035,196
o0a10,r4t.graph.max_abs_probability_correction,1951,0.14374764948350108,0.14084243774414062,0.11696243286132812,0.1735629290342331,1951,0,0,0.0878305435180664,0.10953301438415537,196
o0a10,r4t.graph.weight_h_mean,1951,0.8959174879430074,0.9005526060601641,0.8531273969914835,0.9329027763690507,1951,0,0,0.7199702275690871,0.8288596204350195,196
o0a10,r4t.graph.weight_v_mean,1951,0.9069563736212752,0.9111925971498613,0.8636506566108916,0.9442730490075322,1951,0,0,0.7373470790586899,0.8424279754038997,196
o0a10,r4t.graph.exact_outside_allowed,1951,1.0,1.0,1.0,1.0,1951,0,0,1.0,1.0,196
o0a10,r4t.graph.exact_reliable_full,1951,1.0,1.0,1.0,1.0,1951,0,0,1.0,1.0,196
o0a10,r4t.graph.graph_seconds,1951,0.09344210409378391,0.09269718686118722,0.09124494297429919,0.09788770880550146,1951,0,0,0.07555261789821088,0.0896698532611778,196
o0a10,r4t.teacher_update,1951,0.0,0.0,0.0,0.0,0,1951,0,0.0,0.0,196
o0a10,r4t.source_unchanged,1951,1.0,1.0,1.0,1.0,1951,0,0,1.0,1.0,196
o0a10,r4t.base_loss,1951,0.05073321361700001,0.04213852435350418,0.030960269272327423,0.07661455869674683,1951,0,0,0.022842854261398315,0.02895516128640394,196
o0a10,r4t.host_seconds,1951,0.6399380967986681,0.6410254249349236,0.5948406939860433,0.6894363530445844,1951,0,0,0.4768891679123044,0.5670228724460573,196
o0a10,r4t.trainable_scalars,1951,19136.0,19136.0,19136.0,19136.0,1951,0,0,19136.0,19136.0,196
o0a10,r4t.final_raw_probability_nested_violations,1951,2368.7924141465915,2061.0,1155.0,4041.0,1951,0,0,508.0,945.015306122449,196
o0a10,auxiliary.q.0.total_pixels,1951,262144.0,262144.0,262144.0,262144.0,1951,0,0,262144.0,262144.0,196
o0a10,auxiliary.q.0.gt_foreground,1951,29364.35161455664,28513.0,15296.0,45565.0,1951,0,0,9104.0,13711.244897959185,196
o0a10,auxiliary.q.0.gt_background,1951,232779.64838544338,233631.0,216579.0,246848.0,1951,0,0,185479.0,210883.1530612245,196
o0a10,auxiliary.q.0.pred_foreground,1951,29584.596617119427,27785.0,23539.0,37971.0,1951,0,0,17706.0,22186.0,196
o0a10,auxiliary.q.0.intersection,1951,25286.339825730396,24015.0,15225.0,37094.0,1951,0,0,9104.0,13669.413265306122,196
o0a10,auxiliary.q.0.dice,1951,0.8478524521747204,0.8697837875578933,0.7211493897729029,0.9407739429254445,1951,0,0,0.5060240963855421,0.6631869031001888,196
o0a10,auxiliary.q.0.brier_sum,1951,6703.3992401885735,6022.26525773786,2608.794314862306,11823.71809996689,1951,0,0,923.2069924422788,1991.3276349602645,196
o0a10,auxiliary.q.0.brier,1951,0.025571438751940054,0.02297311881156105,0.009951760539483283,0.04510390510546452,1951,0,0,0.003521755189675441,0.007596312084046419,196
o0a10,auxiliary.q.0.foreground_brier_sum,1951,3207.4117815944496,1856.1263325086047,3.2190411321508563,8569.2457721823,1951,0,0,0.002818013474790604,1.0412867071446446,196
o0a10,auxiliary.q.0.background_brier_sum,1951,3495.9874585941234,1622.9088210499817,41.13538006565727,9557.933266266606,1951,0,0,0.009304946863487745,13.43015714225952,196
o0a10,auxiliary.q.0.foreground_brier,1951,0.08164192311852862,0.06114624013284943,0.0001965989266582531,0.20414620191580285,1951,0,0,1.847877688387281e-07,6.593839779170415e-05,196
o0a10,auxiliary.q.0.background_brier,1951,0.014400444680133065,0.007133922849580002,0.00018567857640261717,0.03864604058613334,1951,0,0,5.016711791355218e-08,6.101540474997656e-05,196
o0a10,auxiliary.q.1.total_pixels,1951,262144.0,262144.0,262144.0,262144.0,1951,0,0,262144.0,262144.0,196
o0a10,auxiliary.q.1.gt_foreground,1951,9633.745771399283,7259.0,2865.0,19762.0,1951,0,0,907.0,2369.5255102040815,196
o0a10,auxiliary.q.1.gt_background,1951,252510.2542286007,254885.0,242382.0,259279.0,1951,0,0,213174.0,236489.056122449,196
o0a10,auxiliary.q.1.pred_foreground,1951,9631.255766273705,9614.0,7229.0,11845.0,1951,0,0,5190.0,6774.801020408163,196
o0a10,auxiliary.q.1.intersection,1951,6773.873398257304,6560.0,2843.0,11067.0,1951,0,0,907.0,2343.1071428571427,196
o0a10,auxiliary.q.1.dice,1951,0.6966174122984159,0.7235680040373454,0.46310178244211225,0.8872059297454077,1951,0,0,0.11510708306875253,0.39616519352939333,196
o0a10,auxiliary.q.1.brier_sum,1951,4509.323011246091,3976.5072530002585,1291.4067964671215,7948.713943243132,1951,0,0,549.598672182208,1020.9713150107935,196
o0a10,auxiliary.q.1.brier,1951,0.017201702160820353,0.015169171344758066,0.004926325975292669,0.030321937344524888,1951,0,0,0.0020965525519645997,0.0038946964836532347,196
o0a10,auxiliary.q.1.foreground_brier_sum,1951,2301.149595994138,357.54287117106713,0.27456205632401876,7316.627575269618,1951,0,0,0.0008254794826108025,0.10456666879635089,196
o0a10,auxiliary.q.1.background_brier_sum,1951,2208.173415251952,1571.2686239638756,33.56449384931308,5144.210428470655,1951,0,0,0.0002709816034049236,8.963293220281042,196
o0a10,auxiliary.q.1.foreground_brier,1951,0.1307379074040423,0.04827736824066643,8.111013551553021e-05,0.3795615778132678,1951,0,0,3.8627958942948174e-07,3.1959971586823063e-05,196
o0a10,auxiliary.q.1.background_brier,1951,0.00859606919665925,0.0063436364110628345,0.00013574739582423583,0.019854671082169234,1951,0,0,1.1674102558349642e-09,3.694807102476509e-05,196
o0a10,auxiliary.qstar.0.total_pixels,1951,262144.0,262144.0,262144.0,262144.0,1951,0,0,262144.0,262144.0,196
o0a10,auxiliary.qstar.0.gt_foreground,1951,29364.35161455664,28513.0,15296.0,45565.0,1951,0,0,9104.0,13711.244897959185,196
o0a10,auxiliary.qstar.0.gt_background,1951,232779.64838544338,233631.0,216579.0,246848.0,1951,0,0,185479.0,210883.1530612245,196
o0a10,auxiliary.qstar.0.pred_foreground,1951,29544.216811891336,27723.0,23546.0,37824.0,1951,0,0,17757.0,22198.525510204083,196
o0a10,auxiliary.qstar.0.intersection,1951,25274.841619682215,24076.0,15220.0,37122.0,1951,0,0,9104.0,13669.173469387755,196
o0a10,auxiliary.qstar.0.dice,1951,0.8482242152361033,0.8697054396903892,0.7223143123140853,0.941331446832386,1951,0,0,0.5061426340447683,0.6638848206516084,196
o0a10,auxiliary.qstar.0.brier_sum,1951,6652.6815235417935,5979.803871228012,2571.826644097659,11777.954839903095,1951,0,0,945.9274067279493,1955.572694327304,196
o0a10,auxiliary.qstar.0.brier,1951,0.02537796601692884,0.022811141476547288,0.00981074006690086,0.04492933212243307,1951,0,0,0.0036084266919248556,0.00745991780978128,196
o0a10,auxiliary.qstar.0.foreground_brier_sum,1951,3193.8722055736034,1826.6021829661493,3.6597085547442916,8552.58905364735,1951,0,0,0.002818013474790604,1.1444346511675216,196
o0a10,auxiliary.qstar.0.background_brier_sum,1951,3458.80931796819,1585.2939307243278,42.76885894160267,9516.133939221036,1951,0,0,0.009304946863487745,14.362929302122424,196
o0a10,auxiliary.qstar.0.foreground_brier,1951,0.08124768934342624,0.060425088421970904,0.00023542259715456546,0.20350474536407312,1951,0,0,1.847877688387281e-07,7.261736535066991e-05,196
o0a10,auxiliary.qstar.0.background_brier,1951,0.014247080000776529,0.007033923968042239,0.0001900461507455208,0.03851488587452403,1951,0,0,5.016711791355218e-08,6.495420055185563e-05,196
o0a10,auxiliary.qstar.1.total_pixels,1951,262144.0,262144.0,262144.0,262144.0,1951,0,0,262144.0,262144.0,196
o0a10,auxiliary.qstar.1.gt_foreground,1951,9633.745771399283,7259.0,2865.0,19762.0,1951,0,0,907.0,2369.5255102040815,196
o0a10,auxiliary.qstar.1.gt_background,1951,252510.2542286007,254885.0,242382.0,259279.0,1951,0,0,213174.0,236489.056122449,196
o0a10,auxiliary.qstar.1.pred_foreground,1951,9541.799077396206,9521.0,7154.0,11724.0,1951,0,0,5025.0,6704.3622448979595,196
o0a10,auxiliary.qstar.1.intersection,1951,6739.643772424398,6536.0,2843.0,10983.0,1951,0,0,907.0,2342.408163265306,196
o0a10,auxiliary.qstar.1.dice,1951,0.6972065998912823,0.721577055006819,0.46581346423562414,0.8868512579610642,1951,0,0,0.118398142774231,0.39815525664435303,196
o0a10,auxiliary.qstar.1.brier_sum,1951,4468.8910959099385,3897.9700703601134,1295.2320003116474,7948.12973605594,1951,0,0,565.345530673543,1019.748808114806,196
o0a10,auxiliary.qstar.1.brier,1951,0.017047466643943552,0.014869575768890813,0.004940917969938841,0.030319708770965348,1951,0,0,0.002156622049993679,0.0038900329899399034,196
o0a10,auxiliary.qstar.1.foreground_brier_sum,1951,2311.612873246124,373.30582650188956,0.27456205632401876,7328.686194277626,1951,0,0,0.0008254794826108025,0.10468022901229997,196
o0a10,auxiliary.qstar.1.background_brier_sum,1951,2157.2782226638137,1515.647909493229,33.80413852704763,5069.065333384247,1951,0,0,0.0002709816034049236,9.042772738820503,196
o0a10,auxiliary.qstar.1.foreground_brier,1951,0.13181522017038938,0.05175821201938609,8.111013551553021e-05,0.38006314861225093,1951,0,0,3.8627958942948174e-07,3.2020768666957906e-05,196
o0a10,auxiliary.qstar.1.background_brier,1951,0.008397283418712433,0.006105720147057221,0.00013805010839372476,0.01953705723595731,1951,0,0,1.1674102558349642e-09,3.724346088902426e-05,196
o0a10,auxiliary.graph.transitions.0.denominator,1951,262144.0,262144.0,262144.0,262144.0,1951,0,0,262144.0,262144.0,196
o0a10,auxiliary.graph.transitions.0.wrong_to_correct,1951,165.218349564326,155.0,94.0,246.0,1951,0,0,18.0,77.9438775510204,196
o0a10,auxiliary.graph.transitions.0.correct_to_wrong,1951,147.83495643259866,130.0,65.0,256.0,1951,0,0,22.0,50.97959183673469,196
o0a10,auxiliary.graph.transitions.0.correct_unchanged,1951,253619.89646335214,254336.0,247832.0,258451.0,1951,0,0,232669.0,244391.29081632654,196
o0a10,auxiliary.graph.transitions.0.wrong_unchanged,1951,8211.050230650948,7512.0,3398.0,14027.0,1951,0,0,817.0,2569.8826530612246,196
o0a10,auxiliary.graph.transitions.1.denominator,1951,10196.713992824192,9739.0,7583.0,13411.0,1951,0,0,5366.0,6979.566326530612,196
o0a10,auxiliary.graph.transitions.1.wrong_to_correct,1951,165.218349564326,155.0,94.0,246.0,1951,0,0,18.0,77.9438775510204,196
o0a10,auxiliary.graph.transitions.1.correct_to_wrong,1951,147.83495643259866,130.0,65.0,256.0,1951,0,0,22.0,50.97959183673469,196
o0a10,auxiliary.graph.transitions.1.correct_unchanged,1951,6007.050743208611,5770.0,4420.0,8000.0,1951,0,0,2673.0,3987.8469387755104,196
o0a10,auxiliary.graph.transitions.1.wrong_unchanged,1951,3876.6099436186573,3750.0,2433.0,5496.0,1951,0,0,814.0,2047.6836734693877,196
o0a10,auxiliary.graph.transitions.2.denominator,1951,313.0533059969247,289.0,212.0,437.0,1951,0,0,136.0,188.31632653061226,196
o0a10,auxiliary.graph.transitions.2.wrong_to_correct,1951,165.218349564326,155.0,94.0,246.0,1951,0,0,18.0,77.9438775510204,196
o0a10,auxiliary.graph.transitions.2.correct_to_wrong,1951,147.83495643259866,130.0,65.0,256.0,1951,0,0,22.0,50.97959183673469,196
o0a10,auxiliary.graph.transitions.2.correct_unchanged,1951,0.0,0.0,0.0,0.0,0,1951,0,0.0,0.0,196
o0a10,auxiliary.graph.transitions.2.wrong_unchanged,1951,0.0,0.0,0.0,0.0,0,1951,0,0.0,0.0,196
o0a10,auxiliary.graph.transitions.3.denominator,1951,262144.0,262144.0,262144.0,262144.0,1951,0,0,262144.0,262144.0,196
o0a10,auxiliary.graph.transitions.3.wrong_to_correct,1951,108.11840082009226,104.0,53.0,163.0,1951,0,0,8.0,39.16326530612245,196
o0a10,auxiliary.graph.transitions.3.correct_to_wrong,1951,87.12096360840594,69.0,28.0,170.0,1951,0,0,6.0,21.239795918367346,196
o0a10,auxiliary.graph.transitions.3.correct_unchanged,1951,256339.62429523322,256905.0,251931.0,260271.0,1951,0,0,224262.0,247089.8826530612,196
o0a10,auxiliary.graph.transitions.3.wrong_unchanged,1951,5609.136340338288,5060.0,1749.0,9976.0,1951,0,0,448.0,1281.1224489795918,196
o0a10,auxiliary.graph.transitions.4.denominator,1951,7027.037929267042,6717.0,5139.0,9517.0,1951,0,0,3738.0,4781.714285714285,196
o0a10,auxiliary.graph.transitions.4.wrong_to_correct,1951,108.11840082009226,104.0,53.0,163.0,1951,0,0,8.0,39.16326530612245,196
o0a10,auxiliary.graph.transitions.4.correct_to_wrong,1951,87.12096360840594,69.0,28.0,170.0,1951,0,0,6.0,21.239795918367346,196
o0a10,auxiliary.graph.transitions.4.correct_unchanged,1951,4119.217837006663,4000.0,2876.0,5516.0,1951,0,0,1928.0,2628.6785714285716,196
o0a10,auxiliary.graph.transitions.4.wrong_unchanged,1951,2712.580727831881,2622.0,1509.0,3992.0,1951,0,0,447.0,1186.2142857142858,196
o0a10,auxiliary.graph.transitions.5.denominator,1951,195.23936442849822,174.0,124.0,295.0,1951,0,0,62.0,110.36224489795919,196
o0a10,auxiliary.graph.transitions.5.wrong_to_correct,1951,108.11840082009226,104.0,53.0,163.0,1951,0,0,8.0,39.16326530612245,196
o0a10,auxiliary.graph.transitions.5.correct_to_wrong,1951,87.12096360840594,69.0,28.0,170.0,1951,0,0,6.0,21.239795918367346,196
o0a10,auxiliary.graph.transitions.5.correct_unchanged,1951,0.0,0.0,0.0,0.0,0,1951,0,0.0,0.0,196
o0a10,auxiliary.graph.transitions.5.wrong_unchanged,1951,0.0,0.0,0.0,0.0,0,1951,0,0.0,0.0,196
o0a10,auxiliary.graph.allowed_counts.0,1951,10196.713992824192,9739.0,7583.0,13411.0,1951,0,0,5366.0,6979.566326530612,196
o0a10,auxiliary.graph.allowed_counts.1,1951,7027.037929267042,6717.0,5139.0,9517.0,1951,0,0,3738.0,4781.714285714285,196
o0a10,auxiliary.graph.reliable_counts.0,1951,249790.6217324449,251198.0,243784.0,254062.0,1951,0,0,214449.0,237566.48979591837,196
o0a10,auxiliary.graph.reliable_counts.1,1951,254186.21988723733,254940.0,250553.0,256794.0,1951,0,0,239244.0,248279.41836734695,196
o0a10,auxiliary.graph.reliable_correct.0,1951,245821.83444387495,247264.0,237562.0,252455.0,1951,0,0,207700.0,231185.60204081633,196
o0a10,auxiliary.graph.reliable_correct.1,1951,251521.33777549973,252627.0,245478.0,255958.0,1951,0,0,214599.0,240633.0357142857,196
o0a10,auxiliary.graph.changed_counts.0,1951,10196.707329574578,9739.0,7583.0,13411.0,1951,0,0,5366.0,6979.561224489796,196
o0a10,auxiliary.graph.changed_counts.1,1951,7027.034853921066,6717.0,5139.0,9517.0,1951,0,0,3738.0,4781.714285714285,196
o0a10,auxiliary.graph.mean_abs_change,1951,0.0008404571882535969,0.0008042834815569222,0.0006794220535084605,0.0010535836918279529,1951,0,0,0.0005490364274010062,0.000646931577203035,196
o0a10,auxiliary.graph.outside_allowed_max_change,1951,0.0,0.0,0.0,0.0,0,1951,0,0.0,0.0,196
o0a10,auxiliary.graph.reliable_max_change,1951,0.0,0.0,0.0,0.0,0,1951,0,0.0,0.0,196
o0a10,auxiliary.graph.q_nested_violations,1951,205.73141978472577,85.0,3.0,528.0,1885,66,0,0.0,1.1734693877551021,196
o0a10,auxiliary.graph.qstar_nested_violations,1951,205.73244490005126,85.0,3.0,528.0,1885,66,0,0.0,1.1734693877551021,196
o0a11,r4t.global_visit,1951,976.0,976.0,196.0,1756.0,1951,0,0,1.0,98.5,196
o0a11,r4t.counts.network_forwards,1951,8.0,8.0,8.0,8.0,1951,0,0,8.0,8.0,196
o0a11,r4t.counts.loss_backward_calls,1951,1.0,1.0,1.0,1.0,1951,0,0,1.0,1.0,196
o0a11,r4t.counts.jacobian_vjp_calls,1951,0.0,0.0,0.0,0.0,0,1951,0,0.0,0.0,196
o0a11,r4t.counts.adam_calls,1951,1.0,1.0,1.0,1.0,1951,0,0,1.0,1.0,196
o0a11,r4t.counts.actual_parameter_replacements,1951,0.0,0.0,0.0,0.0,0,1951,0,0.0,0.0,196
o0a11,r4t.graph.free_nodes,1951,1111.4100461301896,1068.0,864.0,1430.0,1951,0,0,665.0,804.9081632653061,196
o0a11,r4t.graph.steps,1951,64.0,64.0,64.0,64.0,1951,0,0,64.0,64.0,196
o0a11,r4t.graph.energy_before,1951,22.929262961064588,22.429975679273433,18.18480209374306,28.467303946979197,1951,0,0,10.99634485147348,16.58250136166913,196
o0a11,r4t.graph.energy_after,1951,19.713885548116306,19.427168902920833,15.668769104597626,24.212852309578512,1951,0,0,9.397491363326456,14.131525299497836,196
o0a11,r4t.graph.max_free_linear_residual,1951,3.151752033230098e-10,2.2593305004647846e-10,5.7832849620353954e-11,6.486624570811728e-10,1951,0,0,3.845146423486767e-12,3.5660960579055924e-11,196
o0a11,r4t.graph.max_contraction,1951,0.7827070213935595,0.7836218435601977,0.774578322418859,0.7895976431685897,1951,0,0,0.7445483170731065,0.7697047729046834,196
o0a11,r4t.graph.exact_fixed_nodes,1951,1.0,1.0,1.0,1.0,1951,0,0,1.0,1.0,196
o0a11,r4t.graph.grid,1951,128.0,128.0,128.0,128.0,1951,0,0,128.0,128.0,196
o0a11,r4t.graph.potential_undirected_edges,1951,32512.0,32512.0,32512.0,32512.0,1951,0,0,32512.0,32512.0,196
o0a11,r4t.graph.reliable_grid_counts.0,1951,15610.48129164531,15698.0,15235.0,15875.0,1951,0,0,13402.0,14849.07142857143,196
o0a11,r4t.graph.reliable_grid_counts.1,1951,15886.272680676577,15932.0,15659.0,16048.0,1951,0,0,14947.0,15518.505102040815,196
o0a11,r4t.graph.free_grid_counts.0,1951,659.4556637621732,633.0,500.0,854.0,1951,0,0,363.0,461.4744897959184,196
o0a11,r4t.graph.free_grid_counts.1,1951,451.9543823680164,432.0,334.0,607.0,1951,0,0,244.0,311.6683673469388,196
o0a11,r4t.graph.allowed_full_counts.0,1951,10191.565351102,9755.0,7575.0,13411.0,1951,0,0,5336.0,6972.581632653061,196
o0a11,r4t.graph.allowed_full_counts.1,1951,7016.879548949257,6705.0,5138.0,9493.0,1951,0,0,3738.0,4782.494897959184,196
o0a11,r4t.graph.qstar_changed_full_counts.0,1951,10191.559712967708,9755.0,7575.0,13411.0,1951,0,0,5336.0,6972.581632653061,196
o0a11,r4t.graph.qstar_changed_full_counts.1,1951,7016.879036391594,6705.0,5138.0,9493.0,1951,0,0,3738.0,4782.494897959184,196
o0a11,r4t.graph.mean_abs_probability_correction,1951,0.0008551687066804146,0.0008103669388219714,0.000674527371302247,0.0010970704024657607,1951,0,0,0.0005443404079414904,0.0006379545669247187,196
o0a11,r4t.graph.max_abs_probability_correction,1951,0.13828889277884435,0.13535386323928833,0.11348634958267212,0.16570383310317993,1951,0,0,0.09019941091537476,0.10731688445928145,196
o0a11,r4t.graph.weight_h_mean,1951,0.8959174879430074,0.9005526060601633,0.8531273969914837,0.932902776369051,1951,0,0,0.7199702275690871,0.8288596204350195,196
o0a11,r4t.graph.weight_v_mean,1951,0.9069563736212752,0.9111925971498617,0.8636506566108915,0.9442730490075315,1951,0,0,0.7373470790586899,0.8424279754038998,196
o0a11,r4t.graph.exact_outside_allowed,1951,1.0,1.0,1.0,1.0,1951,0,0,1.0,1.0,196
o0a11,r4t.graph.exact_reliable_full,1951,1.0,1.0,1.0,1.0,1951,0,0,1.0,1.0,196
o0a11,r4t.graph.graph_seconds,1951,0.0953181226992467,0.09423972596414387,0.09203178295865655,0.1015029780101031,1951,0,0,0.0754944421350956,0.08865709747876782,196
o0a11,r4t.teacher_update,1951,0.0,0.0,0.0,0.0,0,1951,0,0.0,0.0,196
o0a11,r4t.source_unchanged,1951,1.0,1.0,1.0,1.0,1951,0,0,1.0,1.0,196
o0a11,r4t.base_loss,1951,0.050855921383761916,0.04222707077860832,0.031113583594560623,0.07701782882213593,1951,0,0,0.02305295318365097,0.02902855590099887,196
o0a11,r4t.host_seconds,1951,0.6433947552611305,0.6442231349647045,0.5982161790598184,0.6894140378572047,1951,0,0,0.520492227980867,0.5836475692898491,196
o0a11,r4t.trainable_scalars,1951,19136.0,19136.0,19136.0,19136.0,1951,0,0,19136.0,19136.0,196
o0a11,r4t.final_raw_probability_nested_violations,1951,2358.771399282419,2051.0,1154.0,4027.0,1951,0,0,508.0,942.0255102040817,196
o0a11,auxiliary.q.0.total_pixels,1951,262144.0,262144.0,262144.0,262144.0,1951,0,0,262144.0,262144.0,196
o0a11,auxiliary.q.0.gt_foreground,1951,29364.35161455664,28513.0,15296.0,45565.0,1951,0,0,9104.0,13711.244897959185,196
o0a11,auxiliary.q.0.gt_background,1951,232779.64838544338,233631.0,216579.0,246848.0,1951,0,0,185479.0,210883.1530612245,196
o0a11,auxiliary.q.0.pred_foreground,1951,29493.502819067144,27716.0,23481.0,37784.0,1951,0,0,17666.0,22144.678571428572,196
o0a11,auxiliary.q.0.intersection,1951,25242.2214249103,24001.0,15227.0,37000.0,1951,0,0,9104.0,13667.92857142857,196
o0a11,auxiliary.q.0.dice,1951,0.8479693566782982,0.8694324961842653,0.7220730951889325,0.9398943097950568,1951,0,0,0.5081928655429243,0.664575866955432,196
o0a11,auxiliary.q.0.brier_sum,1951,6701.610524603874,6023.359243655805,2630.2425220422892,11790.255696339442,1951,0,0,923.3526827264823,1997.3535297057545,196
o0a11,auxiliary.q.0.brier,1951,0.02556461534349012,0.022977292036650866,0.010033578956765325,0.04497625616584565,1951,0,0,0.00352231095400422,0.007619299048254984,196
o0a11,auxiliary.q.0.foreground_brier_sum,1951,3244.6046052760403,1907.133210318047,3.390953306356856,8621.59352755813,1951,0,0,0.0027696313638259085,1.108552854027958,196
o0a11,auxiliary.q.0.background_brier_sum,1951,3457.005919327834,1587.022853721603,40.26183783846754,9502.01531060316,1951,0,0,0.009587927942510788,12.630894690039325,196
o0a11,auxiliary.q.0.foreground_brier,1951,0.08258041837595126,0.06298309893034607,0.0002201821036222311,0.20543052246093968,1951,0,0,1.8161517139842022e-07,7.086799768217992e-05,196
o0a11,auxiliary.q.0.background_brier,1951,0.014237978302328752,0.006966166009288304,0.00017735279235802853,0.03838139001647807,1951,0,0,5.1692795100851246e-08,5.734847467592297e-05,196
o0a11,auxiliary.q.1.total_pixels,1951,262144.0,262144.0,262144.0,262144.0,1951,0,0,262144.0,262144.0,196
o0a11,auxiliary.q.1.gt_foreground,1951,9633.745771399283,7259.0,2865.0,19762.0,1951,0,0,907.0,2369.5255102040815,196
o0a11,auxiliary.q.1.gt_background,1951,252510.2542286007,254885.0,242382.0,259279.0,1951,0,0,213174.0,236489.056122449,196
o0a11,auxiliary.q.1.pred_foreground,1951,9641.118400820093,9627.0,7235.0,11831.0,1951,0,0,5191.0,6781.688775510204,196
o0a11,auxiliary.q.1.intersection,1951,6780.255766273705,6568.0,2843.0,11061.0,1951,0,0,907.0,2343.658163265306,196
o0a11,auxiliary.q.1.dice,1951,0.6967854121872484,0.7234471632159183,0.4625948680881821,0.8878450475527719,1951,0,0,0.11718569780853517,0.39597895904471947,196
o0a11,auxiliary.q.1.brier_sum,1951,4507.8207676056,3984.9406661871967,1292.0468417232887,7942.662764949788,1951,0,0,550.0440897547195,1020.2065250622088,196
o0a11,auxiliary.q.1.brier,1951,0.01719597155611267,0.015201342262982165,0.004928767554181247,0.030298853931235457,1951,0,0,0.0020982516851605205,0.003891779041527591,196
o0a11,auxiliary.q.1.foreground_brier_sum,1951,2296.5327536390687,355.01549703368187,0.2596733409380718,7309.523478272053,1951,0,0,0.0008014240026668062,0.09804321459413606,196
o0a11,auxiliary.q.1.background_brier_sum,1951,2211.288013966531,1571.662641105696,33.11720541336292,5157.57867256189,1951,0,0,0.0002711653252385214,8.671709507219369,196
o0a11,auxiliary.q.1.foreground_brier,1951,0.13034702602504564,0.047566256995778364,7.723781977985383e-05,0.37970103200940486,1951,0,0,3.750229305881171e-07,3.004368726559969e-05,196
o0a11,auxiliary.q.1.background_brier,1951,0.008607968226143405,0.0063114547018868405,0.00013400703817229823,0.0199156496497611,1951,0,0,1.168201744076483e-09,3.574968937800997e-05,196
o0a11,auxiliary.qstar.0.total_pixels,1951,262144.0,262144.0,262144.0,262144.0,1951,0,0,262144.0,262144.0,196
o0a11,auxiliary.qstar.0.gt_foreground,1951,29364.35161455664,28513.0,15296.0,45565.0,1951,0,0,9104.0,13711.244897959185,196
o0a11,auxiliary.qstar.0.gt_background,1951,232779.64838544338,233631.0,216579.0,246848.0,1951,0,0,185479.0,210883.1530612245,196
o0a11,auxiliary.qstar.0.pred_foreground,1951,29452.82214249103,27696.0,23527.0,37634.0,1951,0,0,17766.0,22191.852040816328,196
o0a11,auxiliary.qstar.0.intersection,1951,25208.804202972835,24027.0,15224.0,36896.0,1951,0,0,9104.0,13667.84693877551,196
o0a11,auxiliary.qstar.0.dice,1951,0.8476375684434294,0.8684115757479726,0.723208335857515,0.9393846793218515,1951,0,0,0.5075959279561473,0.6648712518762842,196
o0a11,auxiliary.qstar.0.brier_sum,1951,6673.380868657762,6014.634199131901,2600.7658341340366,11731.350217077601,1951,0,0,964.1620886553657,1985.9070346562826,196
o0a11,auxiliary.qstar.0.brier,1951,0.025456927752142953,0.022944008633163076,0.009921134316002032,0.044751549595175175,1951,0,0,0.0036779864832129122,0.007575634134888773,196
o0a11,auxiliary.qstar.0.foreground_brier_sum,1951,3242.1179525651073,1891.428881135937,3.658872801860543,8647.657866997422,1951,0,0,0.0027696313638259085,1.1792289595915826,196
o0a11,auxiliary.qstar.0.background_brier_sum,1951,3431.2629160926545,1575.819602581781,41.787984018148364,9428.778461270209,1951,0,0,0.009587927942510788,13.537337622527167,196
o0a11,auxiliary.qstar.0.foreground_brier,1951,0.0824325842633431,0.06281487832309407,0.0002425125565483125,0.20544509356034255,1951,0,0,1.8161517139842022e-07,7.50431525610284e-05,196
o0a11,auxiliary.qstar.0.background_brier,1951,0.0141320952469399,0.006921552696257612,0.00019099630781645277,0.0380686156442224,1951,0,0,5.1692795100851246e-08,6.138122306043151e-05,196
o0a11,auxiliary.qstar.1.total_pixels,1951,262144.0,262144.0,262144.0,262144.0,1951,0,0,262144.0,262144.0,196
o0a11,auxiliary.qstar.1.gt_foreground,1951,9633.745771399283,7259.0,2865.0,19762.0,1951,0,0,907.0,2369.5255102040815,196
o0a11,auxiliary.qstar.1.gt_background,1951,252510.2542286007,254885.0,242382.0,259279.0,1951,0,0,213174.0,236489.056122449,196
o0a11,auxiliary.qstar.1.pred_foreground,1951,9553.280369041517,9540.0,7191.0,11712.0,1951,0,0,5055.0,6730.673469387755,196
o0a11,auxiliary.qstar.1.intersection,1951,6746.395181957971,6541.0,2843.0,10976.0,1951,0,0,907.0,2343.0714285714284,196
o0a11,auxiliary.qstar.1.dice,1951,0.6974092167295298,0.7222910984378874,0.4652014652014652,0.8882207523217746,1951,0,0,0.11386282850649729,0.39798958454286926,196
o0a11,auxiliary.qstar.1.brier_sum,1951,4462.850466465883,3897.290130006016,1283.5569279864603,7935.979121815636,1951,0,0,587.4202553081707,1017.2625774016069,196
o0a11,auxiliary.qstar.1.brier,1951,0.01702442347132066,0.01486698200228125,0.004896381103463975,0.030273357856047196,1951,0,0,0.002240830441696818,0.0038805487724365498,196
o0a11,auxiliary.qstar.1.foreground_brier_sum,1951,2304.115645235412,361.3040203753644,0.25989644781529364,7320.24496020231,1951,0,0,0.0008014240026668062,0.09823424966049402,196
o0a11,auxiliary.qstar.1.background_brier_sum,1951,2158.734821230471,1519.897872064762,33.56877886424117,5066.358505523583,1951,0,0,0.0002711653252385214,8.904230762855251,196
o0a11,auxiliary.qstar.1.foreground_brier,1951,0.13104762105828446,0.04948272845651177,7.723781977985383e-05,0.3796189987522836,1951,0,0,3.750229305881171e-07,3.008288761930535e-05,196
o0a11,auxiliary.qstar.1.background_brier,1951,0.008402772544753632,0.006086906703393785,0.00013709064346342399,0.019584413081442955,1951,0,0,1.168201744076483e-09,3.6693941003503196e-05,196
o0a11,auxiliary.graph.transitions.0.denominator,1951,262144.0,262144.0,262144.0,262144.0,1951,0,0,262144.0,262144.0,196
o0a11,auxiliary.graph.transitions.0.wrong_to_correct,1951,133.43362378267554,122.0,65.0,211.0,1951,0,0,15.0,52.515306122448976,196
o0a11,auxiliary.graph.transitions.0.correct_to_wrong,1951,159.58739108149666,138.0,73.0,272.0,1951,0,0,23.0,58.984693877551024,196
o0a11,auxiliary.graph.transitions.0.correct_unchanged,1951,253611.0010251153,254357.0,247793.0,258429.0,1951,0,0,232638.0,244373.5918367347,196
o0a11,auxiliary.graph.transitions.0.wrong_unchanged,1951,8239.977960020502,7533.0,3445.0,13980.0,1951,0,0,837.0,2616.2397959183672,196
o0a11,auxiliary.graph.transitions.1.denominator,1951,10191.565351102,9755.0,7575.0,13411.0,1951,0,0,5336.0,6972.581632653061,196
o0a11,auxiliary.graph.transitions.1.wrong_to_correct,1951,133.43362378267554,122.0,65.0,211.0,1951,0,0,15.0,52.515306122448976,196
o0a11,auxiliary.graph.transitions.1.correct_to_wrong,1951,159.58739108149666,138.0,73.0,272.0,1951,0,0,23.0,58.984693877551024,196
o0a11,auxiliary.graph.transitions.1.correct_unchanged,1951,5991.575602255254,5751.0,4402.0,8008.0,1951,0,0,2679.0,3965.438775510204,196
o0a11,auxiliary.graph.transitions.1.wrong_unchanged,1951,3906.968733982573,3777.0,2500.0,5520.0,1951,0,0,832.0,2094.030612244898,196
o0a11,auxiliary.graph.transitions.2.denominator,1951,293.02101486417223,266.0,188.0,426.0,1951,0,0,91.0,169.0765306122449,196
o0a11,auxiliary.graph.transitions.2.wrong_to_correct,1951,133.43362378267554,122.0,65.0,211.0,1951,0,0,15.0,52.515306122448976,196
o0a11,auxiliary.graph.transitions.2.correct_to_wrong,1951,159.58739108149666,138.0,73.0,272.0,1951,0,0,23.0,58.984693877551024,196
o0a11,auxiliary.graph.transitions.2.correct_unchanged,1951,0.0,0.0,0.0,0.0,0,1951,0,0.0,0.0,196
o0a11,auxiliary.graph.transitions.2.wrong_unchanged,1951,0.0,0.0,0.0,0.0,0,1951,0,0.0,0.0,196
o0a11,auxiliary.graph.transitions.3.denominator,1951,262144.0,262144.0,262144.0,262144.0,1951,0,0,262144.0,262144.0,196
o0a11,auxiliary.graph.transitions.3.wrong_to_correct,1951,109.77960020502306,102.0,50.0,171.0,1951,0,0,9.0,35.12755102040816,196
o0a11,auxiliary.graph.transitions.3.correct_to_wrong,1951,89.66273705791902,59.0,25.0,196.0,1951,0,0,4.0,19.392857142857142,196
o0a11,auxiliary.graph.transitions.3.correct_unchanged,1951,256339.9846232701,256905.0,251882.0,260276.0,1951,0,0,224285.0,247075.93367346938,196
o0a11,auxiliary.graph.transitions.3.wrong_unchanged,1951,5604.57303946694,5062.0,1738.0,9949.0,1951,0,0,464.0,1284.6989795918366,196
o0a11,auxiliary.graph.transitions.4.denominator,1951,7016.879548949257,6705.0,5138.0,9493.0,1951,0,0,3738.0,4782.494897959184,196
o0a11,auxiliary.graph.transitions.4.wrong_to_correct,1951,109.77960020502306,102.0,50.0,171.0,1951,0,0,9.0,35.12755102040816,196
o0a11,auxiliary.graph.transitions.4.correct_to_wrong,1951,89.66273705791902,59.0,25.0,196.0,1951,0,0,4.0,19.392857142857142,196
o0a11,auxiliary.graph.transitions.4.correct_unchanged,1951,4109.58790363916,3985.0,2879.0,5483.0,1951,0,0,1948.0,2644.0204081632655,196
o0a11,auxiliary.graph.transitions.4.wrong_unchanged,1951,2707.8493080471553,2620.0,1512.0,3973.0,1951,0,0,464.0,1191.158163265306,196
o0a11,auxiliary.graph.transitions.5.denominator,1951,199.4423372629421,165.0,107.0,337.0,1951,0,0,70.0,94.08673469387755,196
o0a11,auxiliary.graph.transitions.5.wrong_to_correct,1951,109.77960020502306,102.0,50.0,171.0,1951,0,0,9.0,35.12755102040816,196
o0a11,auxiliary.graph.transitions.5.correct_to_wrong,1951,89.66273705791902,59.0,25.0,196.0,1951,0,0,4.0,19.392857142857142,196
o0a11,auxiliary.graph.transitions.5.correct_unchanged,1951,0.0,0.0,0.0,0.0,0,1951,0,0.0,0.0,196
o0a11,auxiliary.graph.transitions.5.wrong_unchanged,1951,0.0,0.0,0.0,0.0,0,1951,0,0.0,0.0,196
o0a11,auxiliary.graph.allowed_counts.0,1951,10191.565351102,9755.0,7575.0,13411.0,1951,0,0,5336.0,6972.581632653061,196
o0a11,auxiliary.graph.allowed_counts.1,1951,7016.879548949257,6705.0,5138.0,9493.0,1951,0,0,3738.0,4782.494897959184,196
o0a11,auxiliary.graph.reliable_counts.0,1951,249798.53152229625,251203.0,243807.0,254072.0,1951,0,0,214398.0,237583.69897959183,196
o0a11,auxiliary.graph.reliable_counts.1,1951,254203.34546386468,254935.0,250580.0,256796.0,1951,0,0,239189.0,248322.4030612245,196
o0a11,auxiliary.graph.reliable_correct.0,1951,245830.3603280369,247271.0,237662.0,252427.0,1951,0,0,207636.0,231174.7857142857,196
o0a11,auxiliary.graph.reliable_correct.1,1951,251536.63249615583,252623.0,245498.0,255952.0,1951,0,0,214644.0,240675.58673469388,196
o0a11,auxiliary.graph.changed_counts.0,1951,10191.559712967708,9755.0,7575.0,13411.0,1951,0,0,5336.0,6972.581632653061,196
o0a11,auxiliary.graph.changed_counts.1,1951,7016.879036391594,6705.0,5138.0,9493.0,1951,0,0,3738.0,4782.494897959184,196
o0a11,auxiliary.graph.mean_abs_change,1951,0.0008551687066804146,0.0008103669388219714,0.000674527371302247,0.0010970704024657607,1951,0,0,0.0005443404079414904,0.0006379545669247187,196
o0a11,auxiliary.graph.outside_allowed_max_change,1951,0.0,0.0,0.0,0.0,0,1951,0,0.0,0.0,196
o0a11,auxiliary.graph.reliable_max_change,1951,0.0,0.0,0.0,0.0,0,1951,0,0.0,0.0,196
o0a11,auxiliary.graph.q_nested_violations,1951,201.74474628395694,83.0,3.0,514.0,1883,68,0,0.0,1.163265306122449,196
o0a11,auxiliary.graph.qstar_nested_violations,1951,201.74730907227064,83.0,3.0,514.0,1883,68,0,0.0,1.163265306122449,196
o0a12,r4t.global_visit,1951,976.0,976.0,196.0,1756.0,1951,0,0,1.0,98.5,196
o0a12,r4t.counts.network_forwards,1951,8.0,8.0,8.0,8.0,1951,0,0,8.0,8.0,196
o0a12,r4t.counts.loss_backward_calls,1951,1.0,1.0,1.0,1.0,1951,0,0,1.0,1.0,196
o0a12,r4t.counts.jacobian_vjp_calls,1951,0.0,0.0,0.0,0.0,0,1951,0,0.0,0.0,196
o0a12,r4t.counts.adam_calls,1951,1.0,1.0,1.0,1.0,1951,0,0,1.0,1.0,196
o0a12,r4t.counts.actual_parameter_replacements,1951,0.0,0.0,0.0,0.0,0,1951,0,0.0,0.0,196
o0a12,r4t.graph.free_nodes,1951,1110.9595079446437,1068.0,862.0,1431.0,1951,0,0,665.0,804.5714285714286,196
o0a12,r4t.graph.steps,1951,64.0,64.0,64.0,64.0,1951,0,0,64.0,64.0,196
o0a12,r4t.graph.energy_before,1951,22.928990715334162,22.39625152828635,18.163562035034435,28.380381932273586,1951,0,0,11.091188791771202,16.581151795054208,196
o0a12,r4t.graph.energy_after,1951,19.46885892293206,19.172720627974755,15.418373263645087,24.016723005112272,1951,0,0,9.368357784270888,13.931836187382759,196
o0a12,r4t.graph.max_free_linear_residual,1951,4.123719407974353e-10,3.16362047669827e-10,9.437339798523681e-11,7.945950564192117e-10,1951,0,0,7.793099499053824e-12,5.709706856975447e-11,196
o0a12,r4t.graph.max_contraction,1951,0.7997382636895941,0.7998223861220702,0.7993326070982795,0.8,1951,0,0,0.7985107965706593,0.7991154385345421,196
o0a12,r4t.graph.exact_fixed_nodes,1951,1.0,1.0,1.0,1.0,1951,0,0,1.0,1.0,196
o0a12,r4t.graph.grid,1951,128.0,128.0,128.0,128.0,1951,0,0,128.0,128.0,196
o0a12,r4t.graph.potential_undirected_edges,1951,32512.0,32512.0,32512.0,32512.0,1951,0,0,32512.0,32512.0,196
o0a12,r4t.graph.reliable_grid_counts.0,1951,15611.004100461301,15699.0,15240.0,15875.0,1951,0,0,13402.0,14850.137755102041,196
o0a12,r4t.graph.reliable_grid_counts.1,1951,15886.384930804716,15932.0,15659.0,16048.0,1951,0,0,14948.0,15518.785714285714,196
o0a12,r4t.graph.free_grid_counts.0,1951,659.0476678626345,633.0,500.0,854.0,1951,0,0,363.0,461.2857142857143,196
o0a12,r4t.graph.free_grid_counts.1,1951,451.91184008200923,432.0,333.0,608.0,1951,0,0,244.0,311.6224489795918,196
o0a12,r4t.graph.allowed_full_counts.0,1951,10185.438749359302,9742.0,7572.0,13411.0,1951,0,0,5346.0,6969.290816326531,196
o0a12,r4t.graph.allowed_full_counts.1,1951,7016.29215786776,6704.0,5137.0,9481.0,1951,0,0,3736.0,4782.34693877551,196
o0a12,r4t.graph.qstar_changed_full_counts.0,1951,10185.434136340338,9742.0,7572.0,13411.0,1951,0,0,5346.0,6969.275510204082,196
o0a12,r4t.graph.qstar_changed_full_counts.1,1951,7016.28651973347,6704.0,5137.0,9481.0,1951,0,0,3736.0,4782.34693877551,196
o0a12,r4t.graph.mean_abs_probability_correction,1951,0.0008684867127907813,0.0008266435470432043,0.0006924800109118223,0.0011068510357290506,1951,0,0,0.0005544403684325516,0.0006546082396217032,196
o0a12,r4t.graph.max_abs_probability_correction,1951,0.14432235343953637,0.14191243052482605,0.11906193196773529,0.1725240796804428,1951,0,0,0.09332084655761719,0.11246324129098532,196
o0a12,r4t.graph.weight_h_mean,1951,0.8959174879430074,0.900552606060164,0.8531273969914837,0.9329027763690507,1951,0,0,0.7199702275690871,0.8288596204350195,196
o0a12,r4t.graph.weight_v_mean,1951,0.9069563736212752,0.9111925971498613,0.8636506566108916,0.9442730490075322,1951,0,0,0.7373470790586898,0.8424279754038998,196
o0a12,r4t.graph.exact_outside_allowed,1951,1.0,1.0,1.0,1.0,1951,0,0,1.0,1.0,196
o0a12,r4t.graph.exact_reliable_full,1951,1.0,1.0,1.0,1.0,1951,0,0,1.0,1.0,196
o0a12,r4t.graph.graph_seconds,1951,0.0919203765546881,0.09254419500939548,0.09000626695342362,0.09378192806616426,1951,0,0,0.07443018793128431,0.08685996743009369,196
o0a12,r4t.teacher_update,1951,0.0,0.0,0.0,0.0,0,1951,0,0.0,0.0,196
o0a12,r4t.source_unchanged,1951,1.0,1.0,1.0,1.0,1951,0,0,1.0,1.0,196
o0a12,r4t.base_loss,1951,0.050815813963242765,0.042208265513181686,0.031081605702638626,0.07715481519699097,1951,0,0,0.02306184731423855,0.028999548509945065,196
o0a12,r4t.host_seconds,1951,0.6349109329861078,0.6340801930055022,0.5869400100782514,0.6840320429764688,1951,0,0,0.49508707504719496,0.5651465369238784,196
o0a12,r4t.trainable_scalars,1951,19136.0,19136.0,19136.0,19136.0,1951,0,0,19136.0,19136.0,196
o0a12,r4t.final_raw_probability_nested_violations,1951,2354.635571501794,2044.0,1153.0,4018.0,1951,0,0,506.0,940.9489795918367,196
o0a12,auxiliary.q.0.total_pixels,1951,262144.0,262144.0,262144.0,262144.0,1951,0,0,262144.0,262144.0,196
o0a12,auxiliary.q.0.gt_foreground,1951,29364.35161455664,28513.0,15296.0,45565.0,1951,0,0,9104.0,13711.244897959185,196
o0a12,auxiliary.q.0.gt_background,1951,232779.64838544338,233631.0,216579.0,246848.0,1951,0,0,185479.0,210883.1530612245,196
o0a12,auxiliary.q.0.pred_foreground,1951,29488.566376217324,27715.0,23482.0,37782.0,1951,0,0,17664.0,22144.025510204083,196
o0a12,auxiliary.q.0.intersection,1951,25241.97744746284,24003.0,15227.0,36998.0,1951,0,0,9104.0,13668.137755102041,196
o0a12,auxiliary.q.0.dice,1951,0.8480467142511795,0.869442007961676,0.7220544586398245,0.9399419179066495,1951,0,0,0.508086640712774,0.6647796703604187,196
o0a12,auxiliary.q.0.brier_sum,1951,6698.12772725703,6024.924659718595,2628.8388489587005,11774.76583925555,1951,0,0,921.2318874728292,1997.2779088452205,196
o0a12,auxiliary.q.0.brier,1951,0.025551329525974387,0.022983263625025157,0.010028224368891527,0.0449171670503828,1951,0,0,0.003514220762149159,0.007619010577565081,196
o0a12,auxiliary.q.0.foreground_brier_sum,1951,3244.863386859302,1905.253516536519,3.438595144080338,8631.770188587918,1951,0,0,0.002755784788483595,1.1068721242702444,196
o0a12,auxiliary.q.0.background_brier_sum,1951,3453.264340397727,1587.870348762687,40.06205081491199,9493.139994655485,1951,0,0,0.009575515370068113,12.600733044873374,196
o0a12,auxiliary.q.0.foreground_brier,1951,0.08258500434173463,0.06310611731734463,0.00021771776721559756,0.20558136354600073,1951,0,0,1.807071992448259e-07,7.070659442676353e-05,196
o0a12,auxiliary.q.0.background_brier,1951,0.014222629892659459,0.006965544299520099,0.00017814157879689877,0.038322661081938936,1951,0,0,5.1625873387650966e-08,5.721325531728918e-05,196
o0a12,auxiliary.q.1.total_pixels,1951,262144.0,262144.0,262144.0,262144.0,1951,0,0,262144.0,262144.0,196
o0a12,auxiliary.q.1.gt_foreground,1951,9633.745771399283,7259.0,2865.0,19762.0,1951,0,0,907.0,2369.5255102040815,196
o0a12,auxiliary.q.1.gt_background,1951,252510.2542286007,254885.0,242382.0,259279.0,1951,0,0,213174.0,236489.056122449,196
o0a12,auxiliary.q.1.pred_foreground,1951,9640.786263454638,9627.0,7239.0,11828.0,1951,0,0,5191.0,6781.948979591837,196
o0a12,auxiliary.q.1.intersection,1951,6780.307534597642,6566.0,2843.0,11060.0,1951,0,0,907.0,2343.683673469388,196
o0a12,auxiliary.q.1.dice,1951,0.6968059949468076,0.7235254237288136,0.4625674545869119,0.887664559531404,1951,0,0,0.11656087709174841,0.396022595283263,196
o0a12,auxiliary.q.1.brier_sum,1951,4507.374731943847,3985.1818242264085,1291.9179272533856,7941.020183161163,1951,0,0,550.196307377629,1020.1068065936328,196
o0a12,auxiliary.q.1.brier,1951,0.01719427006509341,0.01520226220789493,0.004928275784505408,0.030292587978977825,1951,0,0,0.002098832349310413,0.0038913986457581816,196
o0a12,auxiliary.q.1.foreground_brier_sum,1951,2296.5022510730378,354.5998218436449,0.2587318707828814,7310.025314933675,1951,0,0,0.000803688628689514,0.09773433608137191,196
o0a12,auxiliary.q.1.background_brier_sum,1951,2210.8724808708093,1573.3019862107394,33.06098636520238,5157.855385833082,1951,0,0,0.000271162339588807,8.67335736765198,196
o0a12,auxiliary.q.1.foreground_brier,1951,0.13034203647677609,0.04753893996493713,7.678976291974647e-05,0.3796923280518841,1951,0,0,3.760826526389864e-07,2.9953581614691907e-05,196
o0a12,auxiliary.q.1.background_brier,1951,0.008606355591086842,0.006316466133748047,0.00013495677227157935,0.019902621394931007,1951,0,0,1.1681888816605362e-09,3.575326075096287e-05,196
o0a12,auxiliary.qstar.0.total_pixels,1951,262144.0,262144.0,262144.0,262144.0,1951,0,0,262144.0,262144.0,196
o0a12,auxiliary.qstar.0.gt_foreground,1951,29364.35161455664,28513.0,15296.0,45565.0,1951,0,0,9104.0,13711.244897959185,196
o0a12,auxiliary.qstar.0.gt_background,1951,232779.64838544338,233631.0,216579.0,246848.0,1951,0,0,185479.0,210883.1530612245,196
o0a12,auxiliary.qstar.0.pred_foreground,1951,29449.220399794976,27685.0,23535.0,37633.0,1951,0,0,17760.0,22190.913265306124,196
o0a12,auxiliary.qstar.0.intersection,1951,25209.18913377755,24032.0,15226.0,36909.0,1951,0,0,9104.0,13667.698979591836,196
o0a12,auxiliary.qstar.0.dice,1951,0.8477126221611675,0.8686521573119511,0.7232795067172225,0.9393883679597965,1951,0,0,0.5075694299436208,0.6650584769365204,196
o0a12,auxiliary.qstar.0.brier_sum,1951,6671.171154831896,6008.383050351357,2607.6902445483333,11732.219916827657,1951,0,0,959.0561230942889,1986.3954267927834,196
o0a12,auxiliary.qstar.0.brier,1951,0.025448498362853608,0.02292016239300292,0.009947548845475515,0.044754867236433626,1951,0,0,0.003658508770348697,0.007577497203036436,196
o0a12,auxiliary.qstar.0.foreground_brier_sum,1951,3242.7035833465434,1892.2087762958865,3.5591114019507195,8639.429422249865,1951,0,0,0.002755784788483595,1.1699238511262198,196
o0a12,auxiliary.qstar.0.background_brier_sum,1951,3428.4675714853533,1577.470938751769,41.79610432757072,9428.174495666146,1951,0,0,0.009575515370068113,13.488978059302196,196
o0a12,auxiliary.qstar.0.foreground_brier,1951,0.08244659806801034,0.0625679793196674,0.0002401467445573705,0.20545541798564226,1951,0,0,1.807071992448259e-07,7.459404651988117e-05,196
o0a12,auxiliary.qstar.0.background_brier,1951,0.014120641406419806,0.006913064589987085,0.00018896087781806596,0.03808428107193081,1951,0,0,5.1625873387650966e-08,6.115471337883679e-05,196
o0a12,auxiliary.qstar.1.total_pixels,1951,262144.0,262144.0,262144.0,262144.0,1951,0,0,262144.0,262144.0,196
o0a12,auxiliary.qstar.1.gt_foreground,1951,9633.745771399283,7259.0,2865.0,19762.0,1951,0,0,907.0,2369.5255102040815,196
o0a12,auxiliary.qstar.1.gt_background,1951,252510.2542286007,254885.0,242382.0,259279.0,1951,0,0,213174.0,236489.056122449,196
o0a12,auxiliary.qstar.1.pred_foreground,1951,9553.773962070733,9540.0,7193.0,11708.0,1951,0,0,5076.0,6731.397959183673,196
o0a12,auxiliary.qstar.1.intersection,1951,6746.605330599692,6539.0,2843.0,10977.0,1951,0,0,907.0,2343.066326530612,196
o0a12,auxiliary.qstar.1.dice,1951,0.6974083655456682,0.722450899682465,0.46524251444580633,0.8882848979022928,1951,0,0,0.11322954929741706,0.39795031661908853,196
o0a12,auxiliary.qstar.1.brier_sum,1951,4463.519588065876,3903.5813054280707,1283.9070200708834,7943.464110395134,1951,0,0,588.031756972417,1017.3768331031654,196
o0a12,auxiliary.qstar.1.brier,1951,0.017026975967658523,0.014890980931961329,0.004897716598781141,0.030301910821514642,1951,0,0,0.002243163135423344,0.003880984623348867,196
o0a12,auxiliary.qstar.1.foreground_brier_sum,1951,2304.1495197065983,362.031097100675,0.2587318707828814,7319.81869732007,1951,0,0,0.000803688628689514,0.09792746826736712,196
o0a12,auxiliary.qstar.1.background_brier_sum,1951,2159.3700683592765,1522.3118620662603,33.76199802619795,5063.928116387417,1951,0,0,0.000271162339588807,8.900912076248057,196
o0a12,auxiliary.qstar.1.foreground_brier,1951,0.131044096926747,0.049651847006906294,7.678976291974647e-05,0.3798598527078717,1951,0,0,3.760826526389864e-07,2.9997895700159687e-05,196
o0a12,auxiliary.qstar.1.background_brier,1951,0.008405247232090919,0.006109648253571032,0.00013625589487598457,0.01957354367327506,1951,0,0,1.1681888816605362e-09,3.6666781835953e-05,196
o0a12,auxiliary.graph.transitions.0.denominator,1951,262144.0,262144.0,262144.0,262144.0,1951,0,0,262144.0,262144.0,196
o0a12,auxiliary.graph.transitions.0.wrong_to_correct,1951,139.06304459251666,127.0,71.0,216.0,1951,0,0,10.0,56.98979591836735,196
o0a12,auxiliary.graph.transitions.0.correct_to_wrong,1951,165.29369554074833,143.0,80.0,276.0,1951,0,0,26.0,65.19897959183673,196
o0a12,auxiliary.graph.transitions.0.correct_unchanged,1951,253609.74320861098,254356.0,247816.0,258427.0,1951,0,0,232655.0,244379.0357142857,196
o0a12,auxiliary.graph.transitions.0.wrong_unchanged,1951,8229.900051255767,7531.0,3443.0,13962.0,1951,0,0,826.0,2611.5,196
o0a12,auxiliary.graph.transitions.1.denominator,1951,10185.438749359302,9742.0,7572.0,13411.0,1951,0,0,5346.0,6969.290816326531,196
o0a12,auxiliary.graph.transitions.1.wrong_to_correct,1951,139.06304459251666,127.0,71.0,216.0,1951,0,0,10.0,56.98979591836735,196
o0a12,auxiliary.graph.transitions.1.correct_to_wrong,1951,165.29369554074833,143.0,80.0,276.0,1951,0,0,26.0,65.19897959183673,196
o0a12,auxiliary.graph.transitions.1.correct_unchanged,1951,5981.931317273194,5746.0,4389.0,7993.0,1951,0,0,2674.0,3957.2397959183672,196
o0a12,auxiliary.graph.transitions.1.wrong_unchanged,1951,3899.1506919528447,3772.0,2486.0,5525.0,1951,0,0,821.0,2088.627551020408,196
o0a12,auxiliary.graph.transitions.2.denominator,1951,304.356740133265,278.0,203.0,434.0,1951,0,0,106.0,183.39285714285714,196
o0a12,auxiliary.graph.transitions.2.wrong_to_correct,1951,139.06304459251666,127.0,71.0,216.0,1951,0,0,10.0,56.98979591836735,196
o0a12,auxiliary.graph.transitions.2.correct_to_wrong,1951,165.29369554074833,143.0,80.0,276.0,1951,0,0,26.0,65.19897959183673,196
o0a12,auxiliary.graph.transitions.2.correct_unchanged,1951,0.0,0.0,0.0,0.0,0,1951,0,0.0,0.0,196
o0a12,auxiliary.graph.transitions.2.wrong_unchanged,1951,0.0,0.0,0.0,0.0,0,1951,0,0.0,0.0,196
o0a12,auxiliary.graph.transitions.3.denominator,1951,262144.0,262144.0,262144.0,262144.0,1951,0,0,262144.0,262144.0,196
o0a12,auxiliary.graph.transitions.3.wrong_to_correct,1951,112.3070220399795,106.0,53.0,173.0,1951,0,0,7.0,37.142857142857146,196
o0a12,auxiliary.graph.transitions.3.correct_to_wrong,1951,92.69912865197335,63.0,29.0,197.0,1951,0,0,7.0,22.785714285714285,196
o0a12,auxiliary.graph.transitions.3.correct_unchanged,1951,256337.38390568938,256898.0,251886.0,260282.0,1951,0,0,224300.0,247075.3112244898,196
o0a12,auxiliary.graph.transitions.3.wrong_unchanged,1951,5601.609943618657,5066.0,1732.0,9955.0,1951,0,0,454.0,1282.3061224489795,196
o0a12,auxiliary.graph.transitions.4.denominator,1951,7016.29215786776,6704.0,5137.0,9481.0,1951,0,0,3736.0,4782.34693877551,196
o0a12,auxiliary.graph.transitions.4.wrong_to_correct,1951,112.3070220399795,106.0,53.0,173.0,1951,0,0,7.0,37.142857142857146,196
o0a12,auxiliary.graph.transitions.4.correct_to_wrong,1951,92.69912865197335,63.0,29.0,197.0,1951,0,0,7.0,22.785714285714285,196
o0a12,auxiliary.graph.transitions.4.correct_unchanged,1951,4105.873910814967,3984.0,2875.0,5474.0,1951,0,0,1945.0,2638.6989795918366,196
o0a12,auxiliary.graph.transitions.4.wrong_unchanged,1951,2705.4120963608407,2618.0,1504.0,3974.0,1951,0,0,454.0,1188.0765306122448,196
o0a12,auxiliary.graph.transitions.5.denominator,1951,205.00615069195285,172.0,115.0,339.0,1951,0,0,71.0,100.66326530612245,196
o0a12,auxiliary.graph.transitions.5.wrong_to_correct,1951,112.3070220399795,106.0,53.0,173.0,1951,0,0,7.0,37.142857142857146,196
o0a12,auxiliary.graph.transitions.5.correct_to_wrong,1951,92.69912865197335,63.0,29.0,197.0,1951,0,0,7.0,22.785714285714285,196
o0a12,auxiliary.graph.transitions.5.correct_unchanged,1951,0.0,0.0,0.0,0.0,0,1951,0,0.0,0.0,196
o0a12,auxiliary.graph.transitions.5.wrong_unchanged,1951,0.0,0.0,0.0,0.0,0,1951,0,0.0,0.0,196
o0a12,auxiliary.graph.allowed_counts.0,1951,10185.438749359302,9742.0,7572.0,13411.0,1951,0,0,5346.0,6969.290816326531,196
o0a12,auxiliary.graph.allowed_counts.1,1951,7016.29215786776,6704.0,5137.0,9481.0,1951,0,0,3736.0,4782.34693877551,196
o0a12,auxiliary.graph.reliable_counts.0,1951,249806.43926191697,251208.0,243809.0,254075.0,1951,0,0,214410.0,237600.68367346938,196
o0a12,auxiliary.graph.reliable_counts.1,1951,254204.67913890313,254940.0,250581.0,256794.0,1951,0,0,239201.0,248325.75510204083,196
o0a12,auxiliary.graph.reliable_correct.0,1951,245839.954382368,247284.0,237694.0,252436.0,1951,0,0,207657.0,231190.23469387754,196
o0a12,auxiliary.graph.reliable_correct.1,1951,251538.26652998463,252624.0,245493.0,255958.0,1951,0,0,214658.0,240677.16836734695,196
o0a12,auxiliary.graph.changed_counts.0,1951,10185.434136340338,9742.0,7572.0,13411.0,1951,0,0,5346.0,6969.275510204082,196
o0a12,auxiliary.graph.changed_counts.1,1951,7016.28651973347,6704.0,5137.0,9481.0,1951,0,0,3736.0,4782.34693877551,196
o0a12,auxiliary.graph.mean_abs_change,1951,0.0008684867127907813,0.0008266435470432043,0.0006924800109118223,0.0011068510357290506,1951,0,0,0.0005544403684325516,0.0006546082396217032,196
o0a12,auxiliary.graph.outside_allowed_max_change,1951,0.0,0.0,0.0,0.0,0,1951,0,0.0,0.0,196
o0a12,auxiliary.graph.reliable_max_change,1951,0.0,0.0,0.0,0.0,0,1951,0,0.0,0.0,196
o0a12,auxiliary.graph.q_nested_violations,1951,201.03792926704253,83.0,3.0,512.0,1883,68,0,0.0,1.1581632653061225,196
o0a12,auxiliary.graph.qstar_nested_violations,1951,201.04049205535622,83.0,3.0,512.0,1883,68,0,0.0,1.1581632653061225,196
o0a13,r4t.global_visit,1951,976.0,976.0,196.0,1756.0,1951,0,0,1.0,98.5,196
o0a13,r4t.counts.network_forwards,1951,8.0,8.0,8.0,8.0,1951,0,0,8.0,8.0,196
o0a13,r4t.counts.loss_backward_calls,1951,1.0,1.0,1.0,1.0,1951,0,0,1.0,1.0,196
o0a13,r4t.counts.jacobian_vjp_calls,1951,0.0,0.0,0.0,0.0,0,1951,0,0.0,0.0,196
o0a13,r4t.counts.adam_calls,1951,1.0,1.0,1.0,1.0,1951,0,0,1.0,1.0,196
o0a13,r4t.counts.actual_parameter_replacements,1951,0.0,0.0,0.0,0.0,0,1951,0,0.0,0.0,196
o0a13,r4t.graph.free_nodes,1951,1268.344951307022,1152.0,889.0,1797.0,1951,0,0,664.0,817.4183673469388,196
o0a13,r4t.graph.steps,1951,64.0,64.0,64.0,64.0,1951,0,0,64.0,64.0,196
o0a13,r4t.graph.energy_before,1951,19.38455951667508,19.167418845790365,15.51219218994266,23.78103101008739,1951,0,0,9.957383501857192,14.045734468777868,196
o0a13,r4t.graph.energy_after,1951,16.25227251348554,16.256654700979702,12.746479136884513,19.77007594492312,1951,0,0,7.541223808462473,11.396028188855414,196
o0a13,r4t.graph.max_free_linear_residual,1951,1.0034828090636626e-09,5.492866161915799e-10,7.678480073991523e-11,2.4726449776579784e-09,1951,0,0,1.2951861805277076e-12,4.238948138080465e-11,196
o0a13,r4t.graph.max_contraction,1951,0.799914694596063,0.8,0.7997138720844329,0.8,1951,0,0,0.7986497320103382,0.799560528786043,196
o0a13,r4t.graph.exact_fixed_nodes,1951,1.0,1.0,1.0,1.0,1951,0,0,1.0,1.0,196
o0a13,r4t.graph.grid,1951,128.0,128.0,128.0,128.0,1951,0,0,128.0,128.0,196
o0a13,r4t.graph.potential_undirected_edges,1951,32512.0,32512.0,32512.0,32512.0,1951,0,0,32512.0,32512.0,196
o0a13,r4t.graph.reliable_grid_counts.0,1951,15612.752434648897,15700.0,15242.0,15877.0,1951,0,0,13412.0,14853.132653061224,196
o0a13,r4t.graph.reliable_grid_counts.1,1951,15886.90261404408,15933.0,15661.0,16050.0,1951,0,0,14952.0,15518.540816326531,196
o0a13,r4t.graph.free_grid_counts.0,1951,771.247565351102,684.0,507.0,1142.0,1951,0,0,364.0,465.91326530612247,196
o0a13,r4t.graph.free_grid_counts.1,1951,497.09738595592006,451.0,334.0,723.0,1951,0,0,244.0,311.6734693877551,196
o0a13,r4t.graph.allowed_full_counts.0,1951,11879.975397232189,10469.0,7657.0,17784.0,1951,0,0,5495.0,7022.867346938776,196
o0a13,r4t.graph.allowed_full_counts.1,1951,7669.776012301384,6958.0,5134.0,11211.0,1951,0,0,3739.0,4780.158163265306,196
o0a13,r4t.graph.qstar_changed_full_counts.0,1951,11879.969246540235,10469.0,7657.0,17784.0,1951,0,0,5495.0,7022.857142857143,196
o0a13,r4t.graph.qstar_changed_full_counts.1,1951,7669.770886724757,6958.0,5134.0,11211.0,1951,0,0,3739.0,4780.158163265306,196
o0a13,r4t.graph.mean_abs_probability_correction,1951,0.0009082069927549657,0.0008516230736859143,0.0006997218588367105,0.0011853622272610664,1951,0,0,0.000550796918105334,0.0006600337299608568,196
o0a13,r4t.graph.max_abs_probability_correction,1951,0.14389229359640823,0.14094620943069458,0.11725325882434845,0.17397844791412354,1951,0,0,0.09131354093551636,0.10997327508366837,196
o0a13,r4t.graph.weight_h_mean,1951,0.8959174879430074,0.9005526060601641,0.8531273969914835,0.9329027763690507,1951,0,0,0.7199702275690871,0.8288596204350195,196
o0a13,r4t.graph.weight_v_mean,1951,0.9069563736212752,0.9111925971498613,0.8636506566108916,0.9442730490075322,1951,0,0,0.7373470790586899,0.8424279754038997,196
o0a13,r4t.graph.exact_outside_allowed,1951,1.0,1.0,1.0,1.0,1951,0,0,1.0,1.0,196
o0a13,r4t.graph.exact_reliable_full,1951,1.0,1.0,1.0,1.0,1951,0,0,1.0,1.0,196
o0a13,r4t.graph.graph_seconds,1951,0.09300837431366492,0.0927483441773802,0.09074208699166775,0.09859933098778129,1951,0,0,0.07407884602434933,0.08551263871094288,196
o0a13,r4t.teacher_update,1951,0.0,0.0,0.0,0.0,0,1951,0,0.0,0.0,196
o0a13,r4t.source_unchanged,1951,1.0,1.0,1.0,1.0,1951,0,0,1.0,1.0,196
o0a13,r4t.base_loss,1951,0.05033603378847005,0.04189366102218628,0.030828649178147316,0.07607317715883255,1951,0,0,0.022815842181444168,0.028813926322499708,196
o0a13,r4t.host_seconds,1951,0.6391334853238636,0.6380267289932817,0.5872176098637283,0.692779007833451,1951,0,0,0.4726339881308377,0.5656114227616,196
o0a13,r4t.trainable_scalars,1951,19136.0,19136.0,19136.0,19136.0,1951,0,0,19136.0,19136.0,196
o0a13,r4t.final_raw_probability_nested_violations,1951,2347.1640184520757,2037.0,1150.0,4010.0,1951,0,0,504.0,938.1122448979592,196
o0a13,auxiliary.q.0.total_pixels,1951,262144.0,262144.0,262144.0,262144.0,1951,0,0,262144.0,262144.0,196
o0a13,auxiliary.q.0.gt_foreground,1951,29364.35161455664,28513.0,15296.0,45565.0,1951,0,0,9104.0,13711.244897959185,196
o0a13,auxiliary.q.0.gt_background,1951,232779.64838544338,233631.0,216579.0,246848.0,1951,0,0,185479.0,210883.1530612245,196
o0a13,auxiliary.q.0.pred_foreground,1951,29502.700666324963,27693.0,23529.0,37822.0,1951,0,0,17691.0,22162.85714285714,196
o0a13,auxiliary.q.0.intersection,1951,25257.276781137876,24014.0,15223.0,37035.0,1951,0,0,9104.0,13668.326530612245,196
o0a13,auxiliary.q.0.dice,1951,0.8483037497273005,0.869693886987885,0.723104329641391,0.9405313185474043,1951,0,0,0.5069078775871957,0.6650705733037795,196
o0a13,auxiliary.q.0.brier_sum,1951,6686.249604008746,6021.896950778972,2609.213874445798,11755.990926832146,1951,0,0,915.281149659503,1993.7345822308778,196
o0a13,auxiliary.q.0.brier,1951,0.025506018081698403,0.022971713832012068,0.009953361032279198,0.0448455464432989,1951,0,0,0.0034915204988842123,0.007605493859218131,196
o0a13,auxiliary.q.0.foreground_brier_sum,1951,3232.4563599419607,1883.56613533988,3.4650155914123957,8624.692789620005,1951,0,0,0.0030142967859418945,1.1198659714271177,196
o0a13,auxiliary.q.0.background_brier_sum,1951,3453.793244066786,1590.2283115760379,40.62399256961032,9465.167023388341,1951,0,0,0.00925272646120472,12.904854182840975,196
o0a13,auxiliary.q.0.foreground_brier,1951,0.08227331470835317,0.06224709221498697,0.00021405171044693984,0.20533797450800106,1951,0,0,1.9765880563553408e-07,7.097729030113026e-05,196
o0a13,auxiliary.q.0.background_brier,1951,0.01422584690759873,0.00705162002018852,0.00018301294455528363,0.038296482059389216,1951,0,0,4.9885574438101995e-08,5.8622053674123545e-05,196
o0a13,auxiliary.q.1.total_pixels,1951,262144.0,262144.0,262144.0,262144.0,1951,0,0,262144.0,262144.0,196
o0a13,auxiliary.q.1.gt_foreground,1951,9633.745771399283,7259.0,2865.0,19762.0,1951,0,0,907.0,2369.5255102040815,196
o0a13,auxiliary.q.1.gt_background,1951,252510.2542286007,254885.0,242382.0,259279.0,1951,0,0,213174.0,236489.056122449,196
o0a13,auxiliary.q.1.pred_foreground,1951,9606.424397744746,9585.0,7226.0,11799.0,1951,0,0,5188.0,6772.647959183673,196
o0a13,auxiliary.q.1.intersection,1951,6765.8093285494615,6557.0,2843.0,11045.0,1951,0,0,907.0,2343.0,196
o0a13,auxiliary.q.1.dice,1951,0.6969303800946103,0.7230836020838501,0.46437818424789107,0.8872101807193911,1951,0,0,0.11488673139158576,0.3970844732858581,196
o0a13,auxiliary.q.1.brier_sum,1951,4504.2448743894265,3956.9583744156403,1291.6256060267324,7956.637521006944,1951,0,0,549.4033096006846,1019.8937626754977,196
o0a13,auxiliary.q.1.brier,1951,0.017182330606038767,0.015094598291075288,0.0049271606675214095,0.030352163394954466,1951,0,0,0.0020958073028590567,0.0038905859477062136,196
o0a13,auxiliary.q.1.foreground_brier_sum,1951,2309.0745804458743,361.52751746229967,0.28227634056255013,7321.223546088258,1951,0,0,0.0008440015801269851,0.10666836502315925,196
o0a13,auxiliary.q.1.background_brier_sum,1951,2195.170293943552,1561.961344908359,32.51013360873906,5125.09847483047,1951,0,0,0.0002708234092803745,8.640180055957753,196
o0a13,auxiliary.q.1.foreground_brier,1951,0.13121701829823412,0.04879707027789469,8.36956394345964e-05,0.381298324900309,1951,0,0,3.9494692565605295e-07,3.268405331852132e-05,196
o0a13,auxiliary.q.1.background_brier,1951,0.008545306972281765,0.006257545493204408,0.00013186683462374939,0.019755095482696838,1951,0,0,1.1667287429902142e-09,3.561696234728333e-05,196
o0a13,auxiliary.qstar.0.total_pixels,1951,262144.0,262144.0,262144.0,262144.0,1951,0,0,262144.0,262144.0,196
o0a13,auxiliary.qstar.0.gt_foreground,1951,29364.35161455664,28513.0,15296.0,45565.0,1951,0,0,9104.0,13711.244897959185,196
o0a13,auxiliary.qstar.0.gt_background,1951,232779.64838544338,233631.0,216579.0,246848.0,1951,0,0,185479.0,210883.1530612245,196
o0a13,auxiliary.qstar.0.pred_foreground,1951,29461.439774474627,27623.0,23520.0,37732.0,1951,0,0,17749.0,22173.5,196
o0a13,auxiliary.qstar.0.intersection,1951,25245.05996924654,24065.0,15210.0,37064.0,1951,0,0,9104.0,13667.729591836734,196
o0a13,auxiliary.qstar.0.dice,1951,0.848667747298419,0.8697132673519397,0.7232883750802825,0.940634409718617,1951,0,0,0.507092938354021,0.6657439249484278,196
o0a13,auxiliary.qstar.0.brier_sum,1951,6633.944240941955,5979.546400388286,2552.9949203650713,11694.220566289852,1951,0,0,937.8664114973876,1953.560757603126,196
o0a13,auxiliary.qstar.0.brier,1951,0.025306488956229993,0.022810159303239007,0.009738902741871152,0.04460991121784154,1951,0,0,0.0035776764354606156,0.007452242880260948,196
o0a13,auxiliary.qstar.0.foreground_brier_sum,1951,3221.4266847200415,1861.8281352567108,3.915330711285062,8612.096172973424,1951,0,0,0.0030142967859418945,1.2332791315180578,196
o0a13,auxiliary.qstar.0.background_brier_sum,1951,3412.517556221913,1564.6133120191316,40.980471508887454,9425.980888351922,1951,0,0,0.00925272646120472,13.374667288267975,196
o0a13,auxiliary.qstar.0.foreground_brier,1951,0.08193775082058229,0.06150154186013329,0.00025155038472661446,0.20525700947935419,1951,0,0,1.9765880563553408e-07,7.83344167867634e-05,196
o0a13,auxiliary.qstar.0.background_brier,1951,0.014055077193302594,0.006912836480371502,0.000178232436532852,0.038137933233606126,1951,0,0,4.9885574438101995e-08,6.046414734470927e-05,196
o0a13,auxiliary.qstar.1.total_pixels,1951,262144.0,262144.0,262144.0,262144.0,1951,0,0,262144.0,262144.0,196
o0a13,auxiliary.qstar.1.gt_foreground,1951,9633.745771399283,7259.0,2865.0,19762.0,1951,0,0,907.0,2369.5255102040815,196
o0a13,auxiliary.qstar.1.gt_background,1951,252510.2542286007,254885.0,242382.0,259279.0,1951,0,0,213174.0,236489.056122449,196
o0a13,auxiliary.qstar.1.pred_foreground,1951,9516.821629933367,9489.0,7152.0,11684.0,1951,0,0,5022.0,6701.806122448979,196
o0a13,auxiliary.qstar.1.intersection,1951,6731.435161455664,6536.0,2843.0,10960.0,1951,0,0,907.0,2342.2551020408164,196
o0a13,auxiliary.qstar.1.dice,1951,0.6975174492905175,0.7216052990453926,0.46675450153711023,0.887333382977139,1951,0,0,0.11835145032843108,0.39903896984383724,196
o0a13,auxiliary.qstar.1.brier_sum,1951,4465.7684272079405,3896.6293230015444,1296.102580404823,7975.158005623694,1951,0,0,564.9493308058409,1017.6848695114282,196
o0a13,auxiliary.qstar.1.brier,1951,0.017035554608184587,0.014864461223608186,0.004944238969439785,0.030422813436980035,1951,0,0,0.0021551106674417148,0.0038821596889931803,196
o0a13,auxiliary.qstar.1.foreground_brier_sum,1951,2322.744702969252,376.9652175151732,0.28254387372390966,7351.64147691005,1951,0,0,0.0008440015801269851,0.10674994527323331,196
o0a13,auxiliary.qstar.1.background_brier_sum,1951,2143.023724238689,1503.493587922874,32.14815018395953,5042.017939612536,1951,0,0,0.0002708234092803745,8.488178735795621,196
o0a13,auxiliary.qstar.1.foreground_brier,1951,0.13246531873015396,0.05205433332056841,8.383834464898475e-05,0.3813734172337703,1951,0,0,3.9494692565605295e-07,3.2753012265330187e-05,196
o0a13,auxiliary.qstar.1.background_brier,1951,0.008341544298136026,0.006028720927312599,0.00013180062300642914,0.0194686945594255,1951,0,0,1.1667287429902142e-09,3.496606835733799e-05,196
o0a13,auxiliary.graph.transitions.0.denominator,1951,262144.0,262144.0,262144.0,262144.0,1951,0,0,262144.0,262144.0,196
o0a13,auxiliary.graph.transitions.0.wrong_to_correct,1951,164.3593029215787,154.0,94.0,246.0,1951,0,0,18.0,76.88265306122449,196
o0a13,auxiliary.graph.transitions.0.correct_to_wrong,1951,147.53203485392106,129.0,64.0,256.0,1951,0,0,21.0,50.91836734693877,196
o0a13,auxiliary.graph.transitions.0.correct_unchanged,1951,253643.96924654025,254354.0,247830.0,258457.0,1951,0,0,232671.0,244414.83163265305,196
o0a13,auxiliary.graph.transitions.0.wrong_unchanged,1951,8188.139415684264,7501.0,3399.0,13933.0,1951,0,0,827.0,2574.816326530612,196
o0a13,auxiliary.graph.transitions.1.denominator,1951,11879.975397232189,10469.0,7657.0,17784.0,1951,0,0,5495.0,7022.867346938776,196
o0a13,auxiliary.graph.transitions.1.wrong_to_correct,1951,164.3593029215787,154.0,94.0,246.0,1951,0,0,18.0,76.88265306122449,196
o0a13,auxiliary.graph.transitions.1.correct_to_wrong,1951,147.53203485392106,129.0,64.0,256.0,1951,0,0,21.0,50.91836734693877,196
o0a13,auxiliary.graph.transitions.1.correct_unchanged,1951,7461.291132752434,6328.0,4525.0,11907.0,1951,0,0,2680.0,4057.1632653061224,196
o0a13,auxiliary.graph.transitions.1.wrong_unchanged,1951,4106.792926704255,3784.0,2437.0,6045.0,1951,0,0,822.0,2047.204081632653,196
o0a13,auxiliary.graph.transitions.2.denominator,1951,311.8913377754997,288.0,208.0,436.0,1951,0,0,129.0,185.9234693877551,196
o0a13,auxiliary.graph.transitions.2.wrong_to_correct,1951,164.3593029215787,154.0,94.0,246.0,1951,0,0,18.0,76.88265306122449,196
o0a13,auxiliary.graph.transitions.2.correct_to_wrong,1951,147.53203485392106,129.0,64.0,256.0,1951,0,0,21.0,50.91836734693877,196
o0a13,auxiliary.graph.transitions.2.correct_unchanged,1951,0.0,0.0,0.0,0.0,0,1951,0,0.0,0.0,196
o0a13,auxiliary.graph.transitions.2.wrong_unchanged,1951,0.0,0.0,0.0,0.0,0,1951,0,0.0,0.0,196
o0a13,auxiliary.graph.transitions.3.denominator,1951,262144.0,262144.0,262144.0,262144.0,1951,0,0,262144.0,262144.0,196
o0a13,auxiliary.graph.transitions.3.wrong_to_correct,1951,107.70732957457714,104.0,52.0,162.0,1951,0,0,8.0,38.98979591836735,196
o0a13,auxiliary.graph.transitions.3.correct_to_wrong,1951,86.85289595079446,69.0,28.0,170.0,1951,0,0,3.0,21.168367346938776,196
o0a13,auxiliary.graph.transitions.3.correct_unchanged,1951,256348.5955920041,256913.0,251890.0,260274.0,1951,0,0,224228.0,247067.89285714287,196
o0a13,auxiliary.graph.transitions.3.wrong_unchanged,1951,5600.844182470528,5067.0,1739.0,9976.0,1951,0,0,449.0,1279.704081632653,196
o0a13,auxiliary.graph.transitions.4.denominator,1951,7669.776012301384,6958.0,5134.0,11211.0,1951,0,0,3739.0,4780.158163265306,196
o0a13,auxiliary.graph.transitions.4.wrong_to_correct,1951,107.70732957457714,104.0,52.0,162.0,1951,0,0,8.0,38.98979591836735,196
o0a13,auxiliary.graph.transitions.4.correct_to_wrong,1951,86.85289595079446,69.0,28.0,170.0,1951,0,0,3.0,21.168367346938776,196
o0a13,auxiliary.graph.transitions.4.correct_unchanged,1951,4613.054843669913,4201.0,2872.0,6869.0,1951,0,0,1922.0,2630.887755102041,196
o0a13,auxiliary.graph.transitions.4.wrong_unchanged,1951,2862.1609431060992,2650.0,1512.0,4460.0,1951,0,0,448.0,1185.9183673469388,196
o0a13,auxiliary.graph.transitions.5.denominator,1951,194.5602255253716,174.0,124.0,292.0,1951,0,0,64.0,110.17857142857143,196
o0a13,auxiliary.graph.transitions.5.wrong_to_correct,1951,107.70732957457714,104.0,52.0,162.0,1951,0,0,8.0,38.98979591836735,196
o0a13,auxiliary.graph.transitions.5.correct_to_wrong,1951,86.85289595079446,69.0,28.0,170.0,1951,0,0,3.0,21.168367346938776,196
o0a13,auxiliary.graph.transitions.5.correct_unchanged,1951,0.0,0.0,0.0,0.0,0,1951,0,0.0,0.0,196
o0a13,auxiliary.graph.transitions.5.wrong_unchanged,1951,0.0,0.0,0.0,0.0,0,1951,0,0.0,0.0,196
o0a13,auxiliary.graph.allowed_counts.0,1951,11879.975397232189,10469.0,7657.0,17784.0,1951,0,0,5495.0,7022.867346938776,196
o0a13,auxiliary.graph.allowed_counts.1,1951,7669.776012301384,6958.0,5134.0,11211.0,1951,0,0,3739.0,4780.158163265306,196
o0a13,auxiliary.graph.reliable_counts.0,1951,249834.6012301384,251241.0,243912.0,254117.0,1951,0,0,214529.0,237650.11224489796,196
o0a13,auxiliary.graph.reliable_counts.1,1951,254212.41465914916,254960.0,250573.0,256809.0,1951,0,0,239263.0,248323.52551020408,196
o0a13,auxiliary.graph.reliable_correct.0,1951,245873.09533572526,247313.0,237718.0,252442.0,1951,0,0,207777.0,231245.9642857143,196
o0a13,auxiliary.graph.reliable_correct.1,1951,251546.81906714506,252661.0,245531.0,255974.0,1951,0,0,214617.0,240642.24489795917,196
o0a13,auxiliary.graph.changed_counts.0,1951,11879.969246540235,10469.0,7657.0,17784.0,1951,0,0,5495.0,7022.857142857143,196
o0a13,auxiliary.graph.changed_counts.1,1951,7669.770886724757,6958.0,5134.0,11211.0,1951,0,0,3739.0,4780.158163265306,196
o0a13,auxiliary.graph.mean_abs_change,1951,0.0009082069927549657,0.0008516230736859143,0.0006997218588367105,0.0011853622272610664,1951,0,0,0.000550796918105334,0.0006600337299608568,196
o0a13,auxiliary.graph.outside_allowed_max_change,1951,0.0,0.0,0.0,0.0,0,1951,0,0.0,0.0,196
o0a13,auxiliary.graph.reliable_max_change,1951,0.0,0.0,0.0,0.0,0,1951,0,0.0,0.0,196
o0a13,auxiliary.graph.q_nested_violations,1951,201.45002562788315,84.0,3.0,515.0,1884,67,0,0.0,1.1734693877551021,196
o0a13,auxiliary.graph.qstar_nested_violations,1951,201.4510507432086,84.0,3.0,515.0,1884,67,0,0.0,1.1734693877551021,196
o1a0,r4t.global_visit,1951,976.0,976.0,196.0,1756.0,1951,0,0,1.0,98.5,196
o1a0,r4t.counts.network_forwards,1951,8.0,8.0,8.0,8.0,1951,0,0,8.0,8.0,196
o1a0,r4t.counts.loss_backward_calls,1951,1.0,1.0,1.0,1.0,1951,0,0,1.0,1.0,196
o1a0,r4t.counts.adam_calls,1951,1.0,1.0,1.0,1.0,1951,0,0,1.0,1.0,196
o1a0,r4t.counts.jacobian_vjp_calls,1951,0.0,0.0,0.0,0.0,0,1951,0,0.0,0.0,196
o1a0,r4t.counts.actual_parameter_replacements,1951,0.0,0.0,0.0,0.0,0,1951,0,0.0,0.0,196
o1a0,r4t.teacher_update,1951,0.0,0.0,0.0,0.0,0,1951,0,0.0,0.0,196
o1a0,r4t.source_unchanged,1951,1.0,1.0,1.0,1.0,1951,0,0,1.0,1.0,196
o1a0,auxiliary.q.0.total_pixels,1951,262144.0,262144.0,262144.0,262144.0,1951,0,0,262144.0,262144.0,196
o1a0,auxiliary.q.0.gt_foreground,1951,29364.35161455664,28513.0,15296.0,45565.0,1951,0,0,9104.0,13711.244897959185,196
o1a0,auxiliary.q.0.gt_background,1951,232779.64838544338,233631.0,216579.0,246848.0,1951,0,0,185479.0,210883.1530612245,196
o1a0,auxiliary.q.0.pred_foreground,1951,30734.412608918505,30433.0,22078.0,40538.0,1951,0,0,18787.0,21049.923469387755,196
o1a0,auxiliary.q.0.intersection,1951,26141.382368016402,26625.0,14954.0,37949.0,1951,0,0,9104.0,13475.841836734693,196
o1a0,auxiliary.q.0.dice,1951,0.8628681330746086,0.8830698543727125,0.7456468117322392,0.9488150002911547,1951,0,0,0.42782293151648676,0.6765243334269321,196
o1a0,auxiliary.q.0.brier_sum,1951,5995.895304881528,4769.9430238844225,2222.4041556168413,11347.65432907605,1951,0,0,975.7165795977077,1837.058518119002,196
o1a0,auxiliary.q.0.brier,1951,0.022872525424505342,0.01819588861039895,0.008477799055545202,0.0432878659403841,1951,0,0,0.003722063368216353,0.007007822105861671,196
o1a0,auxiliary.q.0.foreground_brier_sum,1951,2528.699358511878,927.4821240930896,28.582552413616476,7267.72851919946,1951,0,0,0.05930249258342002,12.505172535515165,196
o1a0,auxiliary.q.0.background_brier_sum,1951,3467.19594636965,2909.652536916233,260.89624426992367,7142.648751182722,1951,0,0,0.004285349408581614,70.30646905202909,196
o1a0,auxiliary.q.0.foreground_brier,1951,0.06375347909605127,0.033444311939953966,0.001806094007090968,0.17519567502720382,1951,0,0,4.078856357618819e-06,0.0007621862244144278,196
o1a0,auxiliary.q.0.background_brier,1951,0.014572662478988625,0.012449917531466166,0.0011937452968759305,0.02934071524954779,1951,0,0,2.310422963560087e-08,0.0003217515617790066,196
o1a0,auxiliary.q.1.total_pixels,1951,262144.0,262144.0,262144.0,262144.0,1951,0,0,262144.0,262144.0,196
o1a0,auxiliary.q.1.gt_foreground,1951,9633.745771399283,7259.0,2865.0,19762.0,1951,0,0,907.0,2369.5255102040815,196
o1a0,auxiliary.q.1.gt_background,1951,252510.2542286007,254885.0,242382.0,259279.0,1951,0,0,213174.0,236489.056122449,196
o1a0,auxiliary.q.1.pred_foreground,1951,9562.044592516659,8952.0,7590.0,12560.0,1951,0,0,4356.0,7004.341836734694,196
o1a0,auxiliary.q.1.intersection,1951,6764.430035879036,6566.0,2837.0,10981.0,1951,0,0,696.0,2333.362244897959,196
o1a0,auxiliary.q.1.dice,1951,0.7011521270808402,0.718937575030012,0.5060563027316014,0.8769146939516861,1951,0,0,0.07635765222161273,0.4316654336171573,196
o1a0,auxiliary.q.1.brier_sum,1951,4351.299114355912,3278.0346338612003,1522.6227125704363,8836.920544312958,1951,0,0,555.7103820210655,1192.9423812075934,196
o1a0,auxiliary.q.1.brier,1951,0.016598888833449982,0.012504709754414369,0.005808344698220964,0.033710176636936026,1951,0,0,0.0021198668747751826,0.004550714039640783,196
o1a0,auxiliary.q.1.foreground_brier_sum,1951,2311.3492918619277,300.0531138577332,3.2317695253192085,7329.880823464573,1951,0,0,0.004237886036627003,1.0583149326142125,196
o1a0,auxiliary.q.1.background_brier_sum,1951,2039.9498224939846,1967.5801404907397,76.72860426691975,3940.301027084651,1951,0,0,0.0002971038958844553,15.617143681907102,196
o1a0,auxiliary.q.1.foreground_brier,1951,0.13267315874836852,0.04687095895640962,0.0009527910761171249,0.3940812586204979,1951,0,0,1.936876616374316e-06,0.000314341504450059,196
o1a0,auxiliary.q.1.background_brier,1951,0.007975649496820078,0.0077286734657224555,0.0003246136143741379,0.015201485783543295,1951,0,0,1.3937154431800092e-09,6.431792339871299e-05,196
o1a1,r4t.global_visit,1951,976.0,976.0,196.0,1756.0,1951,0,0,1.0,98.5,196
o1a1,r4t.counts.network_forwards,1951,8.0,8.0,8.0,8.0,1951,0,0,8.0,8.0,196
o1a1,r4t.counts.loss_backward_calls,1951,1.0,1.0,1.0,1.0,1951,0,0,1.0,1.0,196
o1a1,r4t.counts.adam_calls,1951,1.0,1.0,1.0,1.0,1951,0,0,1.0,1.0,196
o1a1,r4t.counts.jacobian_vjp_calls,1951,0.0,0.0,0.0,0.0,0,1951,0,0.0,0.0,196
o1a1,r4t.counts.actual_parameter_replacements,1951,0.0,0.0,0.0,0.0,0,1951,0,0.0,0.0,196
o1a1,r4t.pca.input.region_token_counts.0,1951,903.5397232188622,904.0,865.0,938.0,1951,0,0,822.0,854.3673469387755,196
o1a1,r4t.pca.input.region_token_counts.1,1951,120.46027678113788,120.0,86.0,159.0,1951,0,0,71.0,82.22448979591837,196
o1a1,r4t.pca.input.region_token_counts.2,1951,986.0445925166581,988.0,974.0,994.0,1951,0,0,957.0,969.4285714285714,196
o1a1,r4t.pca.input.region_token_counts.3,1951,37.95540748334187,36.0,30.0,50.0,1951,0,0,16.0,27.168367346938776,196
o1a1,r4t.pca.input.sampled_region_counts.0,1951,32.0,32.0,32.0,32.0,1951,0,0,32.0,32.0,196
o1a1,r4t.pca.input.sampled_region_counts.1,1951,31.997949769349052,32.0,32.0,32.0,1951,0,0,28.0,31.979591836734695,196
o1a1,r4t.pca.input.sampled_region_counts.2,1951,32.0,32.0,32.0,32.0,1951,0,0,32.0,32.0,196
o1a1,r4t.pca.input.sampled_region_counts.3,1951,21.85545873910815,23.0,13.0,30.0,1943,8,0,0.0,8.877551020408163,196
o1a1,r4t.pca.input.selected_region_counts.0,1951,32.0,32.0,32.0,32.0,1951,0,0,32.0,32.0,196
o1a1,r4t.pca.input.selected_region_counts.1,1951,31.997949769349052,32.0,32.0,32.0,1951,0,0,28.0,31.979591836734695,196
o1a1,r4t.pca.input.selected_region_counts.2,1951,32.0,32.0,32.0,32.0,1951,0,0,32.0,32.0,196
o1a1,r4t.pca.input.selected_region_counts.3,1951,21.85545873910815,23.0,13.0,30.0,1943,8,0,0.0,8.877551020408163,196
o1a1,r4t.pca.input.assigned_bank_counts.0,1951,32.0,32.0,32.0,32.0,1951,0,0,32.0,32.0,196
o1a1,r4t.pca.input.assigned_bank_counts.1,1951,31.997949769349052,32.0,32.0,32.0,1951,0,0,28.0,31.979591836734695,196
o1a1,r4t.pca.input.assigned_bank_counts.2,1951,32.0,32.0,32.0,32.0,1951,0,0,32.0,32.0,196
o1a1,r4t.pca.input.assigned_bank_counts.3,1951,21.85545873910815,23.0,13.0,30.0,1943,8,0,0.0,8.877551020408163,196
o1a1,r4t.pca.input.zero_vectors.0,1951,0.0,0.0,0.0,0.0,0,1951,0,0.0,0.0,196
o1a1,r4t.pca.input.zero_vectors.1,1951,0.0,0.0,0.0,0.0,0,1951,0,0.0,0.0,196
o1a1,r4t.pca.input.zero_vectors.2,1951,0.0,0.0,0.0,0.0,0,1951,0,0.0,0.0,196
o1a1,r4t.pca.input.zero_vectors.3,1951,0.0,0.0,0.0,0.0,0,1951,0,0.0,0.0,196
o1a1,r4t.pca.input.missing_foreground.0,1951,0.0,0.0,0.0,0.0,0,1951,0,0.0,0.0,196
o1a1,r4t.pca.input.missing_foreground.1,1951,0.0,0.0,0.0,0.0,0,1951,0,0.0,0.0,196
o1a1,r4t.pca.subloss,1951,0.11192163262900055,0.10798274725675583,0.08262884616851807,0.14806193113327026,1935,16,0,0.0,0.07009365402010022,196
o1a1,r4t.pca.base_loss,1951,0.06467799638908286,0.05259791761636734,0.032152242958545685,0.10687455534934998,1951,0,0,0.025702714920043945,0.030060880446844563,196
o1a1,r4t.pca.banks.0.n,1951,31232.0,31232.0,6272.0,56192.0,1951,0,0,32.0,3152.0,196
o1a1,r4t.pca.banks.0.contributing_images,1951,976.0,976.0,196.0,1756.0,1951,0,0,1.0,98.5,196
o1a1,r4t.pca.banks.0.version,1951,968.4961558175295,976.0,192.0,1744.0,1936,15,0,0.0,91.10204081632654,196
o1a1,r4t.pca.banks.0.last_visit,1951,976.0,976.0,196.0,1756.0,1951,0,0,1.0,98.5,196
o1a1,r4t.pca.banks.0.ready,1951,0.9923116350589442,1.0,1.0,1.0,1936,15,0,0.0,0.923469387755102,196
o1a1,r4t.pca.banks.0.rank,1951,7.938493080471553,8.0,8.0,8.0,1936,15,0,0.0,7.387755102040816,196
o1a1,r4t.pca.banks.0.merges,1951,976.0,976.0,196.0,1756.0,1951,0,0,1.0,98.5,196
o1a1,r4t.pca.banks.0.eigh_calls,1951,60.53100973859559,61.0,12.0,109.0,1936,15,0,0.0,5.6938775510204085,196
o1a1,r4t.pca.banks.0.state_bytes,1951,10797.79395181958,10816.0,10816.0,10816.0,1951,0,0,8448.0,10634.775510204081,196
o1a1,r4t.pca.banks.1.n,1951,31228.307534597643,31228.0,6268.0,56188.0,1951,0,0,32.0,3151.061224489796,196
o1a1,r4t.pca.banks.1.contributing_images,1951,976.0,976.0,196.0,1756.0,1951,0,0,1.0,98.5,196
o1a1,r4t.pca.banks.1.version,1951,968.4961558175295,976.0,192.0,1744.0,1936,15,0,0.0,91.10204081632654,196
o1a1,r4t.pca.banks.1.last_visit,1951,976.0,976.0,196.0,1756.0,1951,0,0,1.0,98.5,196
o1a1,r4t.pca.banks.1.ready,1951,0.9923116350589442,1.0,1.0,1.0,1936,15,0,0.0,0.923469387755102,196
o1a1,r4t.pca.banks.1.rank,1951,7.938493080471553,8.0,8.0,8.0,1936,15,0,0.0,7.387755102040816,196
o1a1,r4t.pca.banks.1.merges,1951,976.0,976.0,196.0,1756.0,1951,0,0,1.0,98.5,196
o1a1,r4t.pca.banks.1.eigh_calls,1951,60.53100973859559,61.0,12.0,109.0,1936,15,0,0.0,5.6938775510204085,196
o1a1,r4t.pca.banks.1.state_bytes,1951,10797.79395181958,10816.0,10816.0,10816.0,1951,0,0,8448.0,10634.775510204081,196
o1a1,r4t.pca.banks.2.n,1951,31232.0,31232.0,6272.0,56192.0,1951,0,0,32.0,3152.0,196
o1a1,r4t.pca.banks.2.contributing_images,1951,976.0,976.0,196.0,1756.0,1951,0,0,1.0,98.5,196
o1a1,r4t.pca.banks.2.version,1951,968.4961558175295,976.0,192.0,1744.0,1936,15,0,0.0,91.10204081632654,196
o1a1,r4t.pca.banks.2.last_visit,1951,976.0,976.0,196.0,1756.0,1951,0,0,1.0,98.5,196
o1a1,r4t.pca.banks.2.ready,1951,0.9923116350589442,1.0,1.0,1.0,1936,15,0,0.0,0.923469387755102,196
o1a1,r4t.pca.banks.2.rank,1951,7.938493080471553,8.0,8.0,8.0,1936,15,0,0.0,7.387755102040816,196
o1a1,r4t.pca.banks.2.merges,1951,976.0,976.0,196.0,1756.0,1951,0,0,1.0,98.5,196
o1a1,r4t.pca.banks.2.eigh_calls,1951,60.53100973859559,61.0,12.0,109.0,1936,15,0,0.0,5.6938775510204085,196
o1a1,r4t.pca.banks.2.state_bytes,1951,10797.79395181958,10816.0,10816.0,10816.0,1951,0,0,8448.0,10634.775510204081,196
o1a1,r4t.pca.banks.3.n,1951,19267.975909789853,17694.0,3145.0,37785.0,1951,0,0,16.0,1576.4285714285713,196
o1a1,r4t.pca.banks.3.contributing_images,1951,969.4935930292157,968.0,194.0,1748.0,1951,0,0,1.0,96.87755102040816,196
o1a1,r4t.pca.banks.3.version,1951,968.4777037416709,968.0,194.0,1752.0,1936,15,0,0.0,90.97448979591837,196
o1a1,r4t.pca.banks.3.last_visit,1951,976.0,976.0,196.0,1756.0,1951,0,0,1.0,98.5,196
o1a1,r4t.pca.banks.3.ready,1951,0.9923116350589442,1.0,1.0,1.0,1936,15,0,0.0,0.923469387755102,196
o1a1,r4t.pca.banks.3.rank,1951,7.938493080471553,8.0,8.0,8.0,1936,15,0,0.0,7.387755102040816,196
o1a1,r4t.pca.banks.3.merges,1951,969.4935930292157,968.0,194.0,1748.0,1951,0,0,1.0,96.87755102040816,196
o1a1,r4t.pca.banks.3.eigh_calls,1951,60.12506406970784,60.0,12.0,109.0,1936,15,0,0.0,5.591836734693878,196
o1a1,r4t.pca.banks.3.state_bytes,1951,10797.79395181958,10816.0,10816.0,10816.0,1951,0,0,8448.0,10634.775510204081,196
o1a1,r4t.teacher_update,1951,0.0,0.0,0.0,0.0,0,1951,0,0.0,0.0,196
o1a1,r4t.source_unchanged,1951,1.0,1.0,1.0,1.0,1951,0,0,1.0,1.0,196
o1a1,auxiliary.q.0.total_pixels,1951,262144.0,262144.0,262144.0,262144.0,1951,0,0,262144.0,262144.0,196
o1a1,auxiliary.q.0.gt_foreground,1951,29364.35161455664,28513.0,15296.0,45565.0,1951,0,0,9104.0,13711.244897959185,196
o1a1,auxiliary.q.0.gt_background,1951,232779.64838544338,233631.0,216579.0,246848.0,1951,0,0,185479.0,210883.1530612245,196
o1a1,auxiliary.q.0.pred_foreground,1951,30903.58790363916,30773.0,22191.0,40655.0,1951,0,0,18831.0,21133.75,196
o1a1,auxiliary.q.0.intersection,1951,26188.062532034855,26708.0,14968.0,38002.0,1951,0,0,9104.0,13481.086734693878,196
o1a1,auxiliary.q.0.dice,1951,0.8616726430163939,0.8818894219289296,0.7438041737627411,0.9486852015587648,1951,0,0,0.42600036879955744,0.6746941589406834,196
o1a1,auxiliary.q.0.brier_sum,1951,6070.449859731052,4866.573795096252,2242.6867310946272,11500.162075702317,1951,0,0,1015.2080724619577,1850.429923165702,196
o1a1,auxiliary.q.0.brier,1951,0.02315692848102971,0.018564505749115952,0.008555170940760144,0.043869636824425955,1951,0,0,0.003872711458061057,0.007058829968130882,196
o1a1,auxiliary.q.0.foreground_brier_sum,1951,2500.82640868252,878.638327014574,25.65784649522988,7289.784724349106,1951,0,0,0.03764218766133354,10.816104619642429,196
o1a1,auxiliary.q.0.background_brier_sum,1951,3569.6234510485315,3026.453777341825,289.15676518770533,7298.292995271338,1951,0,0,0.0041456124350783205,75.74801792508907,196
o1a1,auxiliary.q.0.foreground_brier,1951,0.06282986935201187,0.03190695075360527,0.0015450470366670784,0.17461278923003806,1951,0,0,2.5890492923401568e-06,0.0006568908746659257,196
o1a1,auxiliary.q.0.background_brier,1951,0.015007686089540031,0.01294457743090405,0.001337299899154455,0.030024604434389576,1951,0,0,2.2350845298272693e-08,0.0003470632401124917,196
o1a1,auxiliary.q.1.total_pixels,1951,262144.0,262144.0,262144.0,262144.0,1951,0,0,262144.0,262144.0,196
o1a1,auxiliary.q.1.gt_foreground,1951,9633.745771399283,7259.0,2865.0,19762.0,1951,0,0,907.0,2369.5255102040815,196
o1a1,auxiliary.q.1.gt_background,1951,252510.2542286007,254885.0,242382.0,259279.0,1951,0,0,213174.0,236489.056122449,196
o1a1,auxiliary.q.1.pred_foreground,1951,9869.638134290108,9273.0,7666.0,13141.0,1951,0,0,4424.0,7072.1377551020405,196
o1a1,auxiliary.q.1.intersection,1951,6896.1332649923115,6628.0,2837.0,11331.0,1951,0,0,753.0,2335.6989795918366,196
o1a1,auxiliary.q.1.dice,1951,0.6998411741001084,0.7185877466251298,0.5035650623885918,0.8731583403895005,1951,0,0,0.08085906040268456,0.42983130268300873,196
o1a1,auxiliary.q.1.brier_sum,1951,4382.8401887815735,3364.4651507994477,1607.1518923797046,8612.64459640764,1951,0,0,574.5632313440507,1258.3541032258865,196
o1a1,auxiliary.q.1.brier,1951,0.016719208483816427,0.012834416011045256,0.006130797929304903,0.03285463179171615,1951,0,0,0.0021917847875368144,0.004800239956763788,196
o1a1,auxiliary.q.1.foreground_brier_sum,1951,2207.9966929549414,252.24185534520345,2.5897599300074745,7086.214637138417,1951,0,0,0.004306259113615596,0.8459013305470564,196
o1a1,auxiliary.q.1.background_brier_sum,1951,2174.8434958266325,2169.1045248519895,98.63513619390827,4100.4933277198,1951,0,0,0.00029066525546906513,20.3780886946636,196
o1a1,auxiliary.q.1.foreground_brier,1951,0.1252472831341632,0.041514243065216325,0.0006981575171349108,0.38033689601489873,1951,0,0,1.968125737484276e-06,0.00024458073087722305,196
o1a1,auxiliary.q.1.background_brier,1951,0.008506405573161454,0.008518221318222208,0.0004057379552606787,0.015925668358901215,1951,0,0,1.3635117578553911e-09,8.412114758023e-05,196
o1a1,auxiliary.memory.regions.0.region,1951,0.0,0.0,0.0,0.0,0,1951,0,0.0,0.0,196
o1a1,auxiliary.memory.regions.0.selected_tokens,1951,32.0,32.0,32.0,32.0,1951,0,0,32.0,32.0,196
o1a1,auxiliary.memory.regions.0.correct_tokens,1951,31.79958995386981,32.0,31.0,32.0,1951,0,0,27.0,30.382653061224488,196
o1a1,auxiliary.memory.regions.0.incorrect_tokens,1951,0.20041004613018965,0.0,0.0,1.0,270,1681,0,0.0,0.0,196
o1a1,auxiliary.memory.regions.1.region,1951,1.0,1.0,1.0,1.0,1951,0,0,1.0,1.0,196
o1a1,auxiliary.memory.regions.1.selected_tokens,1951,31.997949769349052,32.0,32.0,32.0,1951,0,0,28.0,31.979591836734695,196
o1a1,auxiliary.memory.regions.1.correct_tokens,1951,30.009226037929267,31.0,26.0,32.0,1951,0,0,12.0,23.489795918367346,196
o1a1,auxiliary.memory.regions.1.incorrect_tokens,1951,1.9887237314197848,1.0,0.0,6.0,1122,829,0,0.0,0.0,196
o1a1,auxiliary.memory.regions.2.region,1951,2.0,2.0,2.0,2.0,1951,0,0,2.0,2.0,196
o1a1,auxiliary.memory.regions.2.selected_tokens,1951,32.0,32.0,32.0,32.0,1951,0,0,32.0,32.0,196
o1a1,auxiliary.memory.regions.2.correct_tokens,1951,31.810866222450027,32.0,31.0,32.0,1951,0,0,27.0,30.392857142857142,196
o1a1,auxiliary.memory.regions.2.incorrect_tokens,1951,0.18913377754997437,0.0,0.0,1.0,250,1701,0,0.0,0.0,196
o1a1,auxiliary.memory.regions.3.region,1951,3.0,3.0,3.0,3.0,1951,0,0,3.0,3.0,196
o1a1,auxiliary.memory.regions.3.selected_tokens,1951,21.85545873910815,23.0,13.0,30.0,1943,8,0,0.0,8.877551020408163,196
o1a1,auxiliary.memory.regions.3.correct_tokens,1951,18.668375192209123,19.0,9.0,28.0,1941,10,0,0.0,5.989795918367347,196
o1a1,auxiliary.memory.regions.3.incorrect_tokens,1951,3.187083546899026,2.0,0.0,8.0,1267,684,0,0.0,0.0,196
o1a1,r4t.pca.basis_versions_used.0,1935,975.5038759689922,976.0,208.0,1744.0,1935,0,0,16.0,105.0721649484536,194
o1a1,r4t.pca.basis_versions_used.1,1935,975.5038759689922,976.0,208.0,1744.0,1935,0,0,16.0,105.0721649484536,194
o1a1,r4t.pca.basis_versions_used.2,1935,975.5038759689922,976.0,208.0,1744.0,1935,0,0,16.0,105.0721649484536,194
o1a1,r4t.pca.basis_versions_used.3,1935,975.4811369509044,968.0,200.4000000000001,1752.0,1935,0,0,16.0,104.91237113402062,194
o1a2,r4t.global_visit,1951,976.0,976.0,196.0,1756.0,1951,0,0,1.0,98.5,196
o1a2,r4t.counts.network_forwards,1951,8.0,8.0,8.0,8.0,1951,0,0,8.0,8.0,196
o1a2,r4t.counts.loss_backward_calls,1951,1.0,1.0,1.0,1.0,1951,0,0,1.0,1.0,196
o1a2,r4t.counts.jacobian_vjp_calls,1951,0.0,0.0,0.0,0.0,0,1951,0,0.0,0.0,196
o1a2,r4t.counts.adam_calls,1951,1.0,1.0,1.0,1.0,1951,0,0,1.0,1.0,196
o1a2,r4t.counts.actual_parameter_replacements,1951,0.0,0.0,0.0,0.0,0,1951,0,0.0,0.0,196
o1a2,r4t.teacher_update,1951,1.0,1.0,1.0,1.0,1951,0,0,1.0,1.0,196
o1a2,r4t.source_unchanged,1951,1.0,1.0,1.0,1.0,1951,0,0,1.0,1.0,196
o1a2,r4t.base_loss,1951,0.06823952503975907,0.05456257611513138,0.030117012560367584,0.11768488585948944,1951,0,0,0.023646380752325058,0.027771245802239497,196
o1a2,r4t.host_seconds,1951,0.540161658317349,0.5386572619900107,0.5192461689002812,0.5611661600414664,1951,0,0,0.40228468691930175,0.5021051898270807,196
o1a2,r4t.trainable_scalars,1951,19136.0,19136.0,19136.0,19136.0,1951,0,0,19136.0,19136.0,196
o1a2,r4t.teacher_affine_student_l2,1951,0.19237732505958346,0.20646787169950753,0.08659618669531341,0.2756154575346318,1951,0,0,0.013675787926040983,0.08103993144400823,196
o1a2,r4t.final_raw_probability_nested_violations,1951,2362.312147616607,2194.0,864.0,4158.0,1951,0,0,338.0,679.3061224489796,196
o1a2,auxiliary.q.0.total_pixels,1951,262144.0,262144.0,262144.0,262144.0,1951,0,0,262144.0,262144.0,196
o1a2,auxiliary.q.0.gt_foreground,1951,29364.35161455664,28513.0,15296.0,45565.0,1951,0,0,9104.0,13711.244897959185,196
o1a2,auxiliary.q.0.gt_background,1951,232779.64838544338,233631.0,216579.0,246848.0,1951,0,0,185479.0,210883.1530612245,196
o1a2,auxiliary.q.0.pred_foreground,1951,28065.015376729883,27615.0,20766.0,36583.0,1951,0,0,18009.0,19914.15306122449,196
o1a2,auxiliary.q.0.intersection,1951,24709.755509994873,25082.0,14784.0,35301.0,1951,0,0,9104.0,13388.67857142857,196
o1a2,auxiliary.q.0.dice,1951,0.861254514155844,0.8852042257499576,0.7436620258504967,0.9480760211715836,1951,0,0,0.4646054673510803,0.6761553048534001,196
o1a2,auxiliary.q.0.brier_sum,1951,6220.758951492862,4633.440016775558,1992.1625142428732,12976.29262075694,1951,0,0,992.0600113260731,1623.849288320684,196
o1a2,auxiliary.q.0.brier,1951,0.023730312162372064,0.017675170962431177,0.007599496895762913,0.049500627978351364,1951,0,0,0.0037844086125414776,0.006194493439944016,196
o1a2,auxiliary.q.0.foreground_brier_sum,1951,3688.4661103820276,1705.5237023558757,96.91018614530695,9952.261244721529,1951,0,0,1.2412265291468785,46.07301242971892,196
o1a2,auxiliary.q.0.background_brier_sum,1951,2532.2928411108337,1959.846915910851,48.7861358183498,5664.048199603101,1951,0,0,0.004974415247230353,14.465029086883474,196
o1a2,auxiliary.q.0.foreground_brier,1951,0.09491036665594137,0.06340880881160682,0.00584273352390621,0.23145275588753006,1951,0,0,8.53722077960574e-05,0.0029621827436427236,196
o1a2,auxiliary.q.0.background_brier,1951,0.01062777508339841,0.008419895187403669,0.00022286303378413837,0.023598979529913293,1951,0,0,2.6819290848184177e-08,6.579176251799515e-05,196
o1a2,auxiliary.q.1.total_pixels,1951,262144.0,262144.0,262144.0,262144.0,1951,0,0,262144.0,262144.0,196
o1a2,auxiliary.q.1.gt_foreground,1951,9633.745771399283,7259.0,2865.0,19762.0,1951,0,0,907.0,2369.5255102040815,196
o1a2,auxiliary.q.1.gt_background,1951,252510.2542286007,254885.0,242382.0,259279.0,1951,0,0,213174.0,236489.056122449,196
o1a2,auxiliary.q.1.pred_foreground,1951,8842.416709379806,8381.0,7210.0,11268.0,1951,0,0,3730.0,6629.7959183673465,196
o1a2,auxiliary.q.1.intersection,1951,6390.1230138390565,6267.0,2815.0,10037.0,1951,0,0,307.0,2315.719387755102,196
o1a2,auxiliary.q.1.dice,1951,0.6986150886244579,0.7095908786049631,0.49981188863807374,0.8849343028447506,1951,0,0,0.036273409346015244,0.42533205025138676,196
o1a2,auxiliary.q.1.brier_sum,1951,4437.4744934032315,3046.5463751701213,1337.77362605642,9560.66010067892,1951,0,0,497.93890171074975,1045.4555812676153,196
o1a2,auxiliary.q.1.brier,1951,0.01692762181626599,0.011621652126961217,0.0051032013933426665,0.036471023943629916,1951,0,0,0.0018994861668043127,0.003988096547193967,196
o1a2,auxiliary.q.1.foreground_brier_sum,1951,2642.9235523162756,387.94668292432874,4.901779555752924,8341.871232665386,1951,0,0,0.011376640662767556,1.6541190180659586,196
o1a2,auxiliary.q.1.background_brier_sum,1951,1794.5509410869552,1672.9304087603655,31.8527321783575,3575.405973028834,1951,0,0,0.0003053494488812271,6.770808244822377,196
o1a2,auxiliary.q.1.foreground_brier,1951,0.15629219930511212,0.06024522709867729,0.0014253473367823366,0.44639479776884905,1951,0,0,4.45334792552541e-06,0.0004850479078073004,196
o1a2,auxiliary.q.1.background_brier,1951,0.007016392595429783,0.0065868769426400825,0.00012981492332476527,0.013902076428241253,1951,0,0,1.4323953619166837e-09,2.7848395645346233e-05,196
o1a3,r4t.global_visit,1951,976.0,976.0,196.0,1756.0,1951,0,0,1.0,98.5,196
o1a3,r4t.counts.network_forwards,1951,9.0,9.0,9.0,9.0,1951,0,0,9.0,9.0,196
o1a3,r4t.counts.loss_backward_calls,1951,1.0,1.0,1.0,1.0,1951,0,0,1.0,1.0,196
o1a3,r4t.counts.jacobian_vjp_calls,1951,0.0,0.0,0.0,0.0,0,1951,0,0.0,0.0,196
o1a3,r4t.counts.adam_calls,1951,1.0,1.0,1.0,1.0,1951,0,0,1.0,1.0,196
o1a3,r4t.counts.actual_parameter_replacements,1951,0.0,0.0,0.0,0.0,0,1951,0,0.0,0.0,196
o1a3,r4t.pca.input.region_token_counts.0,1951,914.1414659149154,915.0,881.0,943.0,1951,0,0,842.0,870.4795918367347,196
o1a3,r4t.pca.input.region_token_counts.1,1951,109.85853408508457,109.0,81.0,143.0,1951,0,0,69.0,78.03571428571429,196
o1a3,r4t.pca.input.region_token_counts.2,1951,988.9528446950281,991.0,979.0,996.0,1951,0,0,963.0,975.2857142857143,196
o1a3,r4t.pca.input.region_token_counts.3,1951,35.04715530497181,33.0,28.0,45.0,1951,0,0,14.0,25.6734693877551,196
o1a3,r4t.pca.input.sampled_region_counts.0,1951,32.0,32.0,32.0,32.0,1951,0,0,32.0,32.0,196
o1a3,r4t.pca.input.sampled_region_counts.1,1951,31.990773962070733,32.0,32.0,32.0,1951,0,0,25.0,31.908163265306122,196
o1a3,r4t.pca.input.sampled_region_counts.2,1951,32.0,32.0,32.0,32.0,1951,0,0,32.0,32.0,196
o1a3,r4t.pca.input.sampled_region_counts.3,1951,19.932854946181447,21.0,11.0,27.0,1936,15,0,0.0,6.76530612244898,196
o1a3,r4t.pca.input.selected_region_counts.0,1951,32.0,32.0,32.0,32.0,1951,0,0,32.0,32.0,196
o1a3,r4t.pca.input.selected_region_counts.1,1951,31.990773962070733,32.0,32.0,32.0,1951,0,0,25.0,31.908163265306122,196
o1a3,r4t.pca.input.selected_region_counts.2,1951,32.0,32.0,32.0,32.0,1951,0,0,32.0,32.0,196
o1a3,r4t.pca.input.selected_region_counts.3,1951,19.932854946181447,21.0,11.0,27.0,1936,15,0,0.0,6.76530612244898,196
o1a3,r4t.pca.input.assigned_bank_counts.0,1951,32.0,32.0,32.0,32.0,1951,0,0,32.0,32.0,196
o1a3,r4t.pca.input.assigned_bank_counts.1,1951,31.990773962070733,32.0,32.0,32.0,1951,0,0,25.0,31.908163265306122,196
o1a3,r4t.pca.input.assigned_bank_counts.2,1951,32.0,32.0,32.0,32.0,1951,0,0,32.0,32.0,196
o1a3,r4t.pca.input.assigned_bank_counts.3,1951,19.932854946181447,21.0,11.0,27.0,1936,15,0,0.0,6.76530612244898,196
o1a3,r4t.pca.input.zero_vectors.0,1951,0.0,0.0,0.0,0.0,0,1951,0,0.0,0.0,196
o1a3,r4t.pca.input.zero_vectors.1,1951,0.0,0.0,0.0,0.0,0,1951,0,0.0,0.0,196
o1a3,r4t.pca.input.zero_vectors.2,1951,0.0,0.0,0.0,0.0,0,1951,0,0.0,0.0,196
o1a3,r4t.pca.input.zero_vectors.3,1951,0.0,0.0,0.0,0.0,0,1951,0,0.0,0.0,196
o1a3,r4t.pca.input.missing_foreground.0,1951,0.0,0.0,0.0,0.0,0,1951,0,0.0,0.0,196
o1a3,r4t.pca.input.missing_foreground.1,1951,0.0,0.0,0.0,0.0,0,1951,0,0.0,0.0,196
o1a3,r4t.pca.banks.0.n,1951,31232.0,31232.0,6272.0,56192.0,1951,0,0,32.0,3152.0,196
o1a3,r4t.pca.banks.0.contributing_images,1951,976.0,976.0,196.0,1756.0,1951,0,0,1.0,98.5,196
o1a3,r4t.pca.banks.0.version,1951,968.4961558175295,976.0,192.0,1744.0,1936,15,0,0.0,91.10204081632654,196
o1a3,r4t.pca.banks.0.last_visit,1951,976.0,976.0,196.0,1756.0,1951,0,0,1.0,98.5,196
o1a3,r4t.pca.banks.0.ready,1951,0.9923116350589442,1.0,1.0,1.0,1936,15,0,0.0,0.923469387755102,196
o1a3,r4t.pca.banks.0.rank,1951,7.938493080471553,8.0,8.0,8.0,1936,15,0,0.0,7.387755102040816,196
o1a3,r4t.pca.banks.0.merges,1951,976.0,976.0,196.0,1756.0,1951,0,0,1.0,98.5,196
o1a3,r4t.pca.banks.0.eigh_calls,1951,60.53100973859559,61.0,12.0,109.0,1936,15,0,0.0,5.6938775510204085,196
o1a3,r4t.pca.banks.0.state_bytes,1951,10797.79395181958,10816.0,10816.0,10816.0,1951,0,0,8448.0,10634.775510204081,196
o1a3,r4t.pca.banks.1.n,1951,31216.47360328037,31214.0,6266.0,56174.0,1951,0,0,32.0,3150.418367346939,196
o1a3,r4t.pca.banks.1.contributing_images,1951,976.0,976.0,196.0,1756.0,1951,0,0,1.0,98.5,196
o1a3,r4t.pca.banks.1.version,1951,968.4961558175295,976.0,192.0,1744.0,1936,15,0,0.0,91.10204081632654,196
o1a3,r4t.pca.banks.1.last_visit,1951,976.0,976.0,196.0,1756.0,1951,0,0,1.0,98.5,196
o1a3,r4t.pca.banks.1.ready,1951,0.9923116350589442,1.0,1.0,1.0,1936,15,0,0.0,0.923469387755102,196
o1a3,r4t.pca.banks.1.rank,1951,7.938493080471553,8.0,8.0,8.0,1936,15,0,0.0,7.387755102040816,196
o1a3,r4t.pca.banks.1.merges,1951,976.0,976.0,196.0,1756.0,1951,0,0,1.0,98.5,196
o1a3,r4t.pca.banks.1.eigh_calls,1951,60.53100973859559,61.0,12.0,109.0,1936,15,0,0.0,5.6938775510204085,196
o1a3,r4t.pca.banks.1.state_bytes,1951,10797.79395181958,10816.0,10816.0,10816.0,1951,0,0,8448.0,10634.775510204081,196
o1a3,r4t.pca.banks.2.n,1951,31232.0,31232.0,6272.0,56192.0,1951,0,0,32.0,3152.0,196
o1a3,r4t.pca.banks.2.contributing_images,1951,976.0,976.0,196.0,1756.0,1951,0,0,1.0,98.5,196
o1a3,r4t.pca.banks.2.version,1951,968.4961558175295,976.0,192.0,1744.0,1936,15,0,0.0,91.10204081632654,196
o1a3,r4t.pca.banks.2.last_visit,1951,976.0,976.0,196.0,1756.0,1951,0,0,1.0,98.5,196
o1a3,r4t.pca.banks.2.ready,1951,0.9923116350589442,1.0,1.0,1.0,1936,15,0,0.0,0.923469387755102,196
o1a3,r4t.pca.banks.2.rank,1951,7.938493080471553,8.0,8.0,8.0,1936,15,0,0.0,7.387755102040816,196
o1a3,r4t.pca.banks.2.merges,1951,976.0,976.0,196.0,1756.0,1951,0,0,1.0,98.5,196
o1a3,r4t.pca.banks.2.eigh_calls,1951,60.53100973859559,61.0,12.0,109.0,1936,15,0,0.0,5.6938775510204085,196
o1a3,r4t.pca.banks.2.state_bytes,1951,10797.79395181958,10816.0,10816.0,10816.0,1951,0,0,8448.0,10634.775510204081,196
o1a3,r4t.pca.banks.3.n,1951,17661.66273705792,16418.0,2928.0,34453.0,1951,0,0,16.0,1493.045918367347,196
o1a3,r4t.pca.banks.3.contributing_images,1951,964.2111737570476,963.0,191.0,1741.0,1951,0,0,1.0,94.90306122448979,196
o1a3,r4t.pca.banks.3.version,1951,968.4336237826756,973.0,181.0,1743.0,1936,15,0,0.0,90.73469387755102,196
o1a3,r4t.pca.banks.3.last_visit,1951,976.0,976.0,196.0,1756.0,1951,0,0,1.0,98.5,196
o1a3,r4t.pca.banks.3.ready,1951,0.9923116350589442,1.0,1.0,1.0,1936,15,0,0.0,0.923469387755102,196
o1a3,r4t.pca.banks.3.rank,1951,7.938493080471553,8.0,8.0,8.0,1936,15,0,0.0,7.387755102040816,196
o1a3,r4t.pca.banks.3.merges,1951,964.2111737570476,963.0,191.0,1741.0,1951,0,0,1.0,94.90306122448979,196
o1a3,r4t.pca.banks.3.eigh_calls,1951,59.79497693490518,60.0,11.0,108.0,1936,15,0,0.0,5.459183673469388,196
o1a3,r4t.pca.banks.3.state_bytes,1951,10797.79395181958,10816.0,10816.0,10816.0,1951,0,0,8448.0,10634.775510204081,196
o1a3,r4t.pca.base_loss,1951,0.06813929977992417,0.05432634800672531,0.029587481170892715,0.11787789314985275,1951,0,0,0.02306579239666462,0.027269544222449163,196
o1a3,r4t.pca.subloss,1951,0.11197836031093773,0.10809213668107986,0.08242281526327133,0.14758220314979553,1935,16,0,0.0,0.07007337304554423,196
o1a3,r4t.teacher_update,1951,1.0,1.0,1.0,1.0,1951,0,0,1.0,1.0,196
o1a3,r4t.source_unchanged,1951,1.0,1.0,1.0,1.0,1951,0,0,1.0,1.0,196
o1a3,r4t.base_loss,1951,0.06813929977992417,0.05432634800672531,0.029587481170892715,0.11787789314985275,1951,0,0,0.02306579239666462,0.027269544222449163,196
o1a3,r4t.host_seconds,1951,0.6033342427008191,0.59241987997666,0.5768375198822469,0.6479954780079424,1951,0,0,0.45998601894825697,0.5544499227176041,196
o1a3,r4t.trainable_scalars,1951,19136.0,19136.0,19136.0,19136.0,1951,0,0,19136.0,19136.0,196
o1a3,r4t.teacher_affine_student_l2,1951,0.1959445491967249,0.20141531689199466,0.11940762472340995,0.26736078718637174,1951,0,0,0.013675787926040983,0.11072653571934304,196
o1a3,r4t.final_raw_probability_nested_violations,1951,2183.158380317786,1994.0,850.0,3841.0,1951,0,0,337.0,667.1683673469388,196
o1a3,auxiliary.q.0.total_pixels,1951,262144.0,262144.0,262144.0,262144.0,1951,0,0,262144.0,262144.0,196
o1a3,auxiliary.q.0.gt_foreground,1951,29364.35161455664,28513.0,15296.0,45565.0,1951,0,0,9104.0,13711.244897959185,196
o1a3,auxiliary.q.0.gt_background,1951,232779.64838544338,233631.0,216579.0,246848.0,1951,0,0,185479.0,210883.1530612245,196
o1a3,auxiliary.q.0.pred_foreground,1951,28151.39364428498,27813.0,20822.0,36666.0,1951,0,0,18070.0,19966.413265306124,196
o1a3,auxiliary.q.0.intersection,1951,24742.24910302409,25149.0,14796.0,35315.0,1951,0,0,9104.0,13393.42857142857,196
o1a3,auxiliary.q.0.dice,1951,0.8609319335320547,0.8848501215230894,0.7436616161616162,0.9476713335238173,1951,0,0,0.46246531906460564,0.675679534160748,196
o1a3,auxiliary.q.0.brier_sum,1951,6249.975296536388,4674.217769051114,2009.7141543598564,13040.941240936922,1951,0,0,991.9011889583421,1625.4579746200823,196
o1a3,auxiliary.q.0.brier,1951,0.023841763673921157,0.017830725742535074,0.007666451089324403,0.04974724289297837,1951,0,0,0.003783802753289574,0.0062006300911715785,196
o1a3,auxiliary.q.0.foreground_brier_sum,1951,3674.760330185493,1662.980660062587,90.57931284794549,9988.999900388835,1951,0,0,1.167926870569218,43.52449723687912,196
o1a3,auxiliary.q.0.background_brier_sum,1951,2575.2149663508953,2008.7552792990653,52.62230246082913,5733.5175511728385,1951,0,0,0.004951485008891332,14.671166224661455,196
o1a3,auxiliary.q.0.foreground_brier,1951,0.09434916911450994,0.06269135180881079,0.005605972017237327,0.2324720343122432,1951,0,0,8.033061906384332e-05,0.002791368134946205,196
o1a3,auxiliary.q.0.background_brier,1951,0.01080984929675309,0.008627467539394487,0.0002449131027672155,0.023977023039492625,1951,0,0,2.6695663707974124e-08,6.672950259430968e-05,196
o1a3,auxiliary.q.1.total_pixels,1951,262144.0,262144.0,262144.0,262144.0,1951,0,0,262144.0,262144.0,196
o1a3,auxiliary.q.1.gt_foreground,1951,9633.745771399283,7259.0,2865.0,19762.0,1951,0,0,907.0,2369.5255102040815,196
o1a3,auxiliary.q.1.gt_background,1951,252510.2542286007,254885.0,242382.0,259279.0,1951,0,0,213174.0,236489.056122449,196
o1a3,auxiliary.q.1.pred_foreground,1951,9070.11071245515,8592.0,7317.0,11662.0,1951,0,0,3769.0,6703.831632653061,196
o1a3,auxiliary.q.1.intersection,1951,6500.192721681189,6320.0,2815.0,10274.0,1951,0,0,341.0,2318.785714285714,196
o1a3,auxiliary.q.1.dice,1951,0.6988610730299032,0.7119454360020397,0.49894800120228433,0.8828288543140028,1951,0,0,0.03954998840176293,0.42597819143706195,196
o1a3,auxiliary.q.1.brier_sum,1951,4439.122520994538,3095.204427672342,1406.9422809703744,9493.628603663625,1951,0,0,504.8051877093863,1099.9454000981314,196
o1a3,auxiliary.q.1.brier,1951,0.01693390854261222,0.011807267866792075,0.005367058872109888,0.036215319075254916,1951,0,0,0.0019256789692283108,0.004195958710091138,196
o1a3,auxiliary.q.1.foreground_brier_sum,1951,2555.3143486610797,336.3915180339665,4.313929829735539,8111.110466314605,1951,0,0,0.007780733159044928,1.400438519036864,196
o1a3,auxiliary.q.1.background_brier_sum,1951,1883.808172333459,1796.5334344892865,40.61300331058594,3635.91907476878,1951,0,0,0.0003044654582859574,8.465906713669355,196
o1a3,auxiliary.q.1.foreground_brier,1951,0.14976731473629565,0.05548268448220727,0.001183226274093054,0.43950598704493343,1951,0,0,2.922889992128072e-06,0.00040460217747014643,196
o1a3,auxiliary.q.1.background_brier,1951,0.007367518780380198,0.007045330355470723,0.00016759863203487057,0.014121127879347144,1951,0,0,1.428248558857822e-09,3.492837158863528e-05,196
o1a3,auxiliary.memory.regions.0.region,1951,0.0,0.0,0.0,0.0,0,1951,0,0.0,0.0,196
o1a3,auxiliary.memory.regions.0.selected_tokens,1951,32.0,32.0,32.0,32.0,1951,0,0,32.0,32.0,196
o1a3,auxiliary.memory.regions.0.correct_tokens,1951,31.680164018452075,32.0,31.0,32.0,1951,0,0,26.0,29.78061224489796,196
o1a3,auxiliary.memory.regions.0.incorrect_tokens,1951,0.31983598154792414,0.0,0.0,1.0,385,1566,0,0.0,0.0,196
o1a3,auxiliary.memory.regions.1.region,1951,1.0,1.0,1.0,1.0,1951,0,0,1.0,1.0,196
o1a3,auxiliary.memory.regions.1.selected_tokens,1951,31.990773962070733,32.0,32.0,32.0,1951,0,0,25.0,31.908163265306122,196
o1a3,auxiliary.memory.regions.1.correct_tokens,1951,30.64941055868785,32.0,28.0,32.0,1951,0,0,12.0,24.933673469387756,196
o1a3,auxiliary.memory.regions.1.incorrect_tokens,1951,1.3413634033828805,0.0,0.0,4.0,827,1124,0,0.0,0.0,196
o1a3,auxiliary.memory.regions.2.region,1951,2.0,2.0,2.0,2.0,1951,0,0,2.0,2.0,196
o1a3,auxiliary.memory.regions.2.selected_tokens,1951,32.0,32.0,32.0,32.0,1951,0,0,32.0,32.0,196
o1a3,auxiliary.memory.regions.2.correct_tokens,1951,31.780112762685803,32.0,31.0,32.0,1951,0,0,27.0,30.260204081632654,196
o1a3,auxiliary.memory.regions.2.incorrect_tokens,1951,0.21988723731419785,0.0,0.0,1.0,284,1667,0,0.0,0.0,196
o1a3,auxiliary.memory.regions.3.region,1951,3.0,3.0,3.0,3.0,1951,0,0,3.0,3.0,196
o1a3,auxiliary.memory.regions.3.selected_tokens,1951,19.932854946181447,21.0,11.0,27.0,1936,15,0,0.0,6.76530612244898,196
o1a3,auxiliary.memory.regions.3.correct_tokens,1951,17.280369041517172,18.0,8.0,26.0,1930,21,0,0.0,4.719387755102041,196
o1a3,auxiliary.memory.regions.3.incorrect_tokens,1951,2.6524859046642746,1.0,0.0,7.0,1162,789,0,0.0,0.0,196
o1a3,r4t.pca.basis_versions_used.0,1935,975.5038759689922,976.0,208.0,1744.0,1935,0,0,16.0,105.0721649484536,194
o1a3,r4t.pca.basis_versions_used.1,1935,975.5038759689922,976.0,208.0,1744.0,1935,0,0,16.0,105.0721649484536,194
o1a3,r4t.pca.basis_versions_used.2,1935,975.5038759689922,976.0,208.0,1744.0,1935,0,0,16.0,105.0721649484536,194
o1a3,r4t.pca.basis_versions_used.3,1935,975.4330749354006,973.0,197.0,1743.0,1935,0,0,16.0,104.87113402061856,194
o1a4,r4t.global_visit,1951,976.0,976.0,196.0,1756.0,1951,0,0,1.0,98.5,196
o1a4,r4t.counts.network_forwards,1951,8.0,8.0,8.0,8.0,1951,0,0,8.0,8.0,196
o1a4,r4t.counts.loss_backward_calls,1951,1.0,1.0,1.0,1.0,1951,0,0,1.0,1.0,196
o1a4,r4t.counts.jacobian_vjp_calls,1951,0.0,0.0,0.0,0.0,0,1951,0,0.0,0.0,196
o1a4,r4t.counts.adam_calls,1951,1.0,1.0,1.0,1.0,1951,0,0,1.0,1.0,196
o1a4,r4t.counts.actual_parameter_replacements,1951,0.0,0.0,0.0,0.0,0,1951,0,0.0,0.0,196
o1a4,r4t.teacher_update,1951,0.0,0.0,0.0,0.0,0,1951,0,0.0,0.0,196
o1a4,r4t.source_unchanged,1951,1.0,1.0,1.0,1.0,1951,0,0,1.0,1.0,196
o1a4,r4t.base_loss,1951,0.11275707417741028,0.09316825121641159,0.03840605169534683,0.21735312044620514,1951,0,0,0.020675238221883774,0.03197166444353607,196
o1a4,r4t.host_seconds,1951,0.5439272107776524,0.543291465844959,0.514278732938692,0.5728738990146667,1951,0,0,0.4124761698767543,0.492757665883151,196
o1a4,r4t.trainable_scalars,1951,19136.0,19136.0,19136.0,19136.0,1951,0,0,19136.0,19136.0,196
o1a4,r4t.teacher_affine_student_l2,1951,2.3846000260412983,2.37258794959646,0.5365651920406179,4.065571675742248,1951,0,0,0.01381394197124394,0.2965988401960807,196
o1a4,r4t.final_raw_probability_nested_violations,1951,2428.34085084572,2212.0,840.0,4384.0,1951,0,0,323.0,660.6071428571429,196
o1a4,auxiliary.q.0.total_pixels,1951,262144.0,262144.0,262144.0,262144.0,1951,0,0,262144.0,262144.0,196
o1a4,auxiliary.q.0.gt_foreground,1951,29364.35161455664,28513.0,15296.0,45565.0,1951,0,0,9104.0,13711.244897959185,196
o1a4,auxiliary.q.0.gt_background,1951,232779.64838544338,233631.0,216579.0,246848.0,1951,0,0,185479.0,210883.1530612245,196
o1a4,auxiliary.q.0.pred_foreground,1951,24909.500768836493,24121.0,19412.0,31719.0,1951,0,0,16561.0,18722.464285714286,196
o1a4,auxiliary.q.0.intersection,1951,22390.407483341874,22043.0,14539.0,31317.0,1951,0,0,9075.0,13150.867346938776,196
o1a4,auxiliary.q.0.dice,1951,0.8349815025733375,0.8603993683459834,0.6964571835499377,0.9322586744823674,1951,0,0,0.45362767054139563,0.6267108484800208,196
o1a4,auxiliary.q.0.brier_sum,1951,7278.604185583068,5360.5141502841925,2392.599644907144,15024.4202124256,1951,0,0,972.5365916784046,1913.7518679957514,196
o1a4,auxiliary.q.0.brier,1951,0.02776567148431041,0.02044873867143323,0.009127043323162628,0.05731361470194092,1951,0,0,0.0037099326769958673,0.007300384017928129,196
o1a4,auxiliary.q.0.foreground_brier_sum,1951,5309.185332585826,3630.725977654371,332.50718820653765,13159.586780660064,1951,0,0,8.754577086405433,191.68541592541234,196
o1a4,auxiliary.q.0.background_brier_sum,1951,1969.4188529972412,1431.231484883007,33.51048073270276,4654.902977766972,1951,0,0,0.00549210164247319,10.681670978280907,196
o1a4,auxiliary.q.0.foreground_brier,1951,0.1430987181279336,0.1274265587441406,0.020784763010893593,0.3004829080778429,1951,0,0,0.0005049358107281943,0.012471031767827646,196
o1a4,auxiliary.q.0.background_brier,1951,0.008260772436361894,0.006051945656089704,0.00015413130959703259,0.019116052347442434,1951,0,0,2.961036905780811e-08,4.805457166234868e-05,196
o1a4,auxiliary.q.1.total_pixels,1951,262144.0,262144.0,262144.0,262144.0,1951,0,0,262144.0,262144.0,196
o1a4,auxiliary.q.1.gt_foreground,1951,9633.745771399283,7259.0,2865.0,19762.0,1951,0,0,907.0,2369.5255102040815,196
o1a4,auxiliary.q.1.gt_background,1951,252510.2542286007,254885.0,242382.0,259279.0,1951,0,0,213174.0,236489.056122449,196
o1a4,auxiliary.q.1.pred_foreground,1951,7686.839569451563,7520.0,6105.0,9762.0,1951,0,0,241.0,4754.836734693878,196
o1a4,auxiliary.q.1.intersection,1951,5773.660174269606,5626.0,2634.0,9276.0,1951,0,0,5.0,2029.3265306122448,196
o1a4,auxiliary.q.1.dice,1951,0.6847700659913784,0.699332548095799,0.47074646940147946,0.8876046233559187,1951,0,0,0.0006974473427256243,0.3509572092615698,196
o1a4,auxiliary.q.1.brier_sum,1951,4447.942469097939,2740.307867481762,1297.2527381427428,10079.154037823577,1951,0,0,527.5506447235941,1026.533841146949,196
o1a4,auxiliary.q.1.brier,1951,0.016967553974525217,0.010453444929053353,0.004948626473017665,0.038448921347898776,1951,0,0,0.0020124460019058004,0.003915915836894795,196
o1a4,auxiliary.q.1.foreground_brier_sum,1951,3005.6117850462465,686.3064513256645,31.78472346565715,9065.314210532157,1951,0,0,0.0060884179902664926,12.53253353676965,196
o1a4,auxiliary.q.1.background_brier_sum,1951,1442.330684051692,1341.0625108432866,42.781862132499946,2917.3070516685493,1951,0,0,0.00026410482930695116,10.189260841906307,196
o1a4,auxiliary.q.1.foreground_brier,1951,0.1927951990077607,0.10544487347502737,0.00873177291651294,0.4929642639838195,1951,0,0,2.287159275081327e-06,0.0036159760260000176,196
o1a4,auxiliary.q.1.background_brier,1951,0.005640423576538208,0.005319855138086782,0.00017108581676499642,0.011287267540171347,1951,0,0,1.1377845671972117e-09,4.17755072178104e-05,196
o1a5,r4t.global_visit,1951,976.0,976.0,196.0,1756.0,1951,0,0,1.0,98.5,196
o1a5,r4t.counts.network_forwards,1951,9.0,9.0,9.0,9.0,1951,0,0,9.0,9.0,196
o1a5,r4t.counts.loss_backward_calls,1951,1.0,1.0,1.0,1.0,1951,0,0,1.0,1.0,196
o1a5,r4t.counts.jacobian_vjp_calls,1951,0.0,0.0,0.0,0.0,0,1951,0,0.0,0.0,196
o1a5,r4t.counts.adam_calls,1951,1.0,1.0,1.0,1.0,1951,0,0,1.0,1.0,196
o1a5,r4t.counts.actual_parameter_replacements,1951,0.0,0.0,0.0,0.0,0,1951,0,0.0,0.0,196
o1a5,r4t.pca.input.region_token_counts.0,1951,926.8159917990774,931.0,900.0,948.0,1951,0,0,864.0,890.4285714285714,196
o1a5,r4t.pca.input.region_token_counts.1,1951,97.1840082009226,93.0,76.0,124.0,1951,0,0,63.0,72.88775510204081,196
o1a5,r4t.pca.input.region_token_counts.2,1951,994.2444900051256,995.0,986.0,1001.0,1951,0,0,974.0,982.6020408163265,196
o1a5,r4t.pca.input.region_token_counts.3,1951,29.755509994874423,29.0,23.0,38.0,1950,1,0,0.0,18.132653061224488,196
o1a5,r4t.pca.input.sampled_region_counts.0,1951,32.0,32.0,32.0,32.0,1951,0,0,32.0,32.0,196
o1a5,r4t.pca.input.sampled_region_counts.1,1951,31.54023577652486,32.0,32.0,32.0,1951,0,0,3.0,27.4234693877551,196
o1a5,r4t.pca.input.sampled_region_counts.2,1951,32.0,32.0,32.0,32.0,1951,0,0,32.0,32.0,196
o1a5,r4t.pca.input.sampled_region_counts.3,1951,12.365453613531523,13.0,1.0,21.0,1789,162,0,0.0,0.17346938775510204,196
o1a5,r4t.pca.input.selected_region_counts.0,1951,32.0,32.0,32.0,32.0,1951,0,0,32.0,32.0,196
o1a5,r4t.pca.input.selected_region_counts.1,1951,31.54023577652486,32.0,32.0,32.0,1951,0,0,3.0,27.4234693877551,196
o1a5,r4t.pca.input.selected_region_counts.2,1951,32.0,32.0,32.0,32.0,1951,0,0,32.0,32.0,196
o1a5,r4t.pca.input.selected_region_counts.3,1951,12.365453613531523,13.0,1.0,21.0,1789,162,0,0.0,0.17346938775510204,196
o1a5,r4t.pca.input.assigned_bank_counts.0,1951,32.0,32.0,32.0,32.0,1951,0,0,32.0,32.0,196
o1a5,r4t.pca.input.assigned_bank_counts.1,1951,31.54023577652486,32.0,32.0,32.0,1951,0,0,3.0,27.4234693877551,196
o1a5,r4t.pca.input.assigned_bank_counts.2,1951,32.0,32.0,32.0,32.0,1951,0,0,32.0,32.0,196
o1a5,r4t.pca.input.assigned_bank_counts.3,1951,12.365453613531523,13.0,1.0,21.0,1789,162,0,0.0,0.17346938775510204,196
o1a5,r4t.pca.input.zero_vectors.0,1951,0.0,0.0,0.0,0.0,0,1951,0,0.0,0.0,196
o1a5,r4t.pca.input.zero_vectors.1,1951,0.0,0.0,0.0,0.0,0,1951,0,0.0,0.0,196
o1a5,r4t.pca.input.zero_vectors.2,1951,0.0,0.0,0.0,0.0,0,1951,0,0.0,0.0,196
o1a5,r4t.pca.input.zero_vectors.3,1951,0.0,0.0,0.0,0.0,0,1951,0,0.0,0.0,196
o1a5,r4t.pca.input.missing_foreground.0,1951,0.0,0.0,0.0,0.0,0,1951,0,0.0,0.0,196
o1a5,r4t.pca.input.missing_foreground.1,1951,0.0005125576627370579,0.0,0.0,0.0,1,1950,0,0.0,0.0,196
o1a5,r4t.pca.banks.0.n,1951,31232.0,31232.0,6272.0,56192.0,1951,0,0,32.0,3152.0,196
o1a5,r4t.pca.banks.0.contributing_images,1951,976.0,976.0,196.0,1756.0,1951,0,0,1.0,98.5,196
o1a5,r4t.pca.banks.0.version,1951,968.4961558175295,976.0,192.0,1744.0,1936,15,0,0.0,91.10204081632654,196
o1a5,r4t.pca.banks.0.last_visit,1951,976.0,976.0,196.0,1756.0,1951,0,0,1.0,98.5,196
o1a5,r4t.pca.banks.0.ready,1951,0.9923116350589442,1.0,1.0,1.0,1936,15,0,0.0,0.923469387755102,196
o1a5,r4t.pca.banks.0.rank,1951,7.938493080471553,8.0,8.0,8.0,1936,15,0,0.0,7.387755102040816,196
o1a5,r4t.pca.banks.0.merges,1951,976.0,976.0,196.0,1756.0,1951,0,0,1.0,98.5,196
o1a5,r4t.pca.banks.0.eigh_calls,1951,60.53100973859559,61.0,12.0,109.0,1936,15,0,0.0,5.6938775510204085,196
o1a5,r4t.pca.banks.0.state_bytes,1951,10797.79395181958,10816.0,10816.0,10816.0,1951,0,0,8448.0,10634.775510204081,196
o1a5,r4t.pca.banks.1.n,1951,30721.191696565864,30743.0,6228.0,55305.0,1951,0,0,32.0,3142.1071428571427,196
o1a5,r4t.pca.banks.1.contributing_images,1951,976.0,976.0,196.0,1756.0,1951,0,0,1.0,98.5,196
o1a5,r4t.pca.banks.1.version,1951,968.4961558175295,976.0,192.0,1744.0,1936,15,0,0.0,91.10204081632654,196
o1a5,r4t.pca.banks.1.last_visit,1951,976.0,976.0,196.0,1756.0,1951,0,0,1.0,98.5,196
o1a5,r4t.pca.banks.1.ready,1951,0.9923116350589442,1.0,1.0,1.0,1936,15,0,0.0,0.923469387755102,196
o1a5,r4t.pca.banks.1.rank,1951,7.938493080471553,8.0,8.0,8.0,1936,15,0,0.0,7.387755102040816,196
o1a5,r4t.pca.banks.1.merges,1951,976.0,976.0,196.0,1756.0,1951,0,0,1.0,98.5,196
o1a5,r4t.pca.banks.1.eigh_calls,1951,60.53100973859559,61.0,12.0,109.0,1936,15,0,0.0,5.6938775510204085,196
o1a5,r4t.pca.banks.1.state_bytes,1951,10797.79395181958,10816.0,10816.0,10816.0,1951,0,0,8448.0,10634.775510204081,196
o1a5,r4t.pca.banks.2.n,1951,31232.0,31232.0,6272.0,56192.0,1951,0,0,32.0,3152.0,196
o1a5,r4t.pca.banks.2.contributing_images,1951,976.0,976.0,196.0,1756.0,1951,0,0,1.0,98.5,196
o1a5,r4t.pca.banks.2.version,1951,968.4961558175295,976.0,192.0,1744.0,1936,15,0,0.0,91.10204081632654,196
o1a5,r4t.pca.banks.2.last_visit,1951,976.0,976.0,196.0,1756.0,1951,0,0,1.0,98.5,196
o1a5,r4t.pca.banks.2.ready,1951,0.9923116350589442,1.0,1.0,1.0,1936,15,0,0.0,0.923469387755102,196
o1a5,r4t.pca.banks.2.rank,1951,7.938493080471553,8.0,8.0,8.0,1936,15,0,0.0,7.387755102040816,196
o1a5,r4t.pca.banks.2.merges,1951,976.0,976.0,196.0,1756.0,1951,0,0,1.0,98.5,196
o1a5,r4t.pca.banks.2.eigh_calls,1951,60.53100973859559,61.0,12.0,109.0,1936,15,0,0.0,5.6938775510204085,196
o1a5,r4t.pca.banks.2.state_bytes,1951,10797.79395181958,10816.0,10816.0,10816.0,1951,0,0,8448.0,10634.775510204081,196
o1a5,r4t.pca.banks.3.n,1951,11611.053305996924,11684.0,2710.0,21124.0,1951,0,0,16.0,1440.9336734693877,196
o1a5,r4t.pca.banks.3.contributing_images,1951,891.0912352639672,907.0,185.0,1596.0,1951,0,0,1.0,93.64285714285714,196
o1a5,r4t.pca.banks.3.version,1951,967.6560738083034,962.0,187.0,1744.0,1936,15,0,0.0,90.61224489795919,196
o1a5,r4t.pca.banks.3.last_visit,1951,976.0,976.0,196.0,1756.0,1951,0,0,1.0,98.5,196
o1a5,r4t.pca.banks.3.ready,1951,0.9923116350589442,1.0,1.0,1.0,1936,15,0,0.0,0.923469387755102,196
o1a5,r4t.pca.banks.3.rank,1951,7.938493080471553,8.0,8.0,8.0,1936,15,0,0.0,7.387755102040816,196
o1a5,r4t.pca.banks.3.merges,1951,891.0912352639672,907.0,185.0,1596.0,1951,0,0,1.0,93.64285714285714,196
o1a5,r4t.pca.banks.3.eigh_calls,1951,55.22501281394157,56.0,11.0,99.0,1936,15,0,0.0,5.392857142857143,196
o1a5,r4t.pca.banks.3.state_bytes,1951,10797.79395181958,10816.0,10816.0,10816.0,1951,0,0,8448.0,10634.775510204081,196
o1a5,r4t.pca.base_loss,1951,0.11424801440414009,0.0942593365907669,0.038627687841653824,0.22098904848098755,1951,0,0,0.02045353129506111,0.03227395889330275,196
o1a5,r4t.pca.subloss,1951,0.11753654145449018,0.11391659826040268,0.08812770247459412,0.15319815278053284,1935,16,0,0.0,0.07532123867802475,196
o1a5,r4t.teacher_update,1951,0.0,0.0,0.0,0.0,0,1951,0,0.0,0.0,196
o1a5,r4t.source_unchanged,1951,1.0,1.0,1.0,1.0,1951,0,0,1.0,1.0,196
o1a5,r4t.base_loss,1951,0.11424801440414009,0.0942593365907669,0.038627687841653824,0.22098904848098755,1951,0,0,0.02045353129506111,0.03227395889330275,196
o1a5,r4t.host_seconds,1951,0.6083350671213722,0.5999965728260577,0.5734377768822014,0.6576083779800683,1951,0,0,0.5105552410241216,0.5620693485050614,196
o1a5,r4t.trainable_scalars,1951,19136.0,19136.0,19136.0,19136.0,1951,0,0,19136.0,19136.0,196
o1a5,r4t.teacher_affine_student_l2,1951,2.217417869988009,2.203281506855683,0.5235877763399901,3.7732401167882625,1951,0,0,0.01381394197124394,0.29290293401742634,196
o1a5,r4t.final_raw_probability_nested_violations,1951,2211.0092260379292,1993.0,808.0,4005.0,1951,0,0,319.0,641.7244897959183,196
o1a5,auxiliary.q.0.total_pixels,1951,262144.0,262144.0,262144.0,262144.0,1951,0,0,262144.0,262144.0,196
o1a5,auxiliary.q.0.gt_foreground,1951,29364.35161455664,28513.0,15296.0,45565.0,1951,0,0,9104.0,13711.244897959185,196
o1a5,auxiliary.q.0.gt_background,1951,232779.64838544338,233631.0,216579.0,246848.0,1951,0,0,185479.0,210883.1530612245,196
o1a5,auxiliary.q.0.pred_foreground,1951,24909.500768836493,24121.0,19412.0,31719.0,1951,0,0,16561.0,18722.464285714286,196
o1a5,auxiliary.q.0.intersection,1951,22390.407483341874,22043.0,14539.0,31317.0,1951,0,0,9075.0,13150.867346938776,196
o1a5,auxiliary.q.0.dice,1951,0.8349815025733375,0.8603993683459834,0.6964571835499377,0.9322586744823674,1951,0,0,0.45362767054139563,0.6267108484800208,196
o1a5,auxiliary.q.0.brier_sum,1951,7278.604185583068,5360.5141502841925,2392.599644907144,15024.4202124256,1951,0,0,972.5365916784046,1913.7518679957514,196
o1a5,auxiliary.q.0.brier,1951,0.02776567148431041,0.02044873867143323,0.009127043323162628,0.05731361470194092,1951,0,0,0.0037099326769958673,0.007300384017928129,196
o1a5,auxiliary.q.0.foreground_brier_sum,1951,5309.185332585826,3630.725977654371,332.50718820653765,13159.586780660064,1951,0,0,8.754577086405433,191.68541592541234,196
o1a5,auxiliary.q.0.background_brier_sum,1951,1969.4188529972412,1431.231484883007,33.51048073270276,4654.902977766972,1951,0,0,0.00549210164247319,10.681670978280907,196
o1a5,auxiliary.q.0.foreground_brier,1951,0.1430987181279336,0.1274265587441406,0.020784763010893593,0.3004829080778429,1951,0,0,0.0005049358107281943,0.012471031767827646,196
o1a5,auxiliary.q.0.background_brier,1951,0.008260772436361894,0.006051945656089704,0.00015413130959703259,0.019116052347442434,1951,0,0,2.961036905780811e-08,4.805457166234868e-05,196
o1a5,auxiliary.q.1.total_pixels,1951,262144.0,262144.0,262144.0,262144.0,1951,0,0,262144.0,262144.0,196
o1a5,auxiliary.q.1.gt_foreground,1951,9633.745771399283,7259.0,2865.0,19762.0,1951,0,0,907.0,2369.5255102040815,196
o1a5,auxiliary.q.1.gt_background,1951,252510.2542286007,254885.0,242382.0,259279.0,1951,0,0,213174.0,236489.056122449,196
o1a5,auxiliary.q.1.pred_foreground,1951,7686.839569451563,7520.0,6105.0,9762.0,1951,0,0,241.0,4754.836734693878,196
o1a5,auxiliary.q.1.intersection,1951,5773.660174269606,5626.0,2634.0,9276.0,1951,0,0,5.0,2029.3265306122448,196
o1a5,auxiliary.q.1.dice,1951,0.6847700659913784,0.699332548095799,0.47074646940147946,0.8876046233559187,1951,0,0,0.0006974473427256243,0.3509572092615698,196
o1a5,auxiliary.q.1.brier_sum,1951,4447.942469097939,2740.307867481762,1297.2527381427428,10079.154037823577,1951,0,0,527.5506447235941,1026.533841146949,196
o1a5,auxiliary.q.1.brier,1951,0.016967553974525217,0.010453444929053353,0.004948626473017665,0.038448921347898776,1951,0,0,0.0020124460019058004,0.003915915836894795,196
o1a5,auxiliary.q.1.foreground_brier_sum,1951,3005.6117850462465,686.3064513256645,31.78472346565715,9065.314210532157,1951,0,0,0.0060884179902664926,12.53253353676965,196
o1a5,auxiliary.q.1.background_brier_sum,1951,1442.330684051692,1341.0625108432866,42.781862132499946,2917.3070516685493,1951,0,0,0.00026410482930695116,10.189260841906307,196
o1a5,auxiliary.q.1.foreground_brier,1951,0.1927951990077607,0.10544487347502737,0.00873177291651294,0.4929642639838195,1951,0,0,2.287159275081327e-06,0.0036159760260000176,196
o1a5,auxiliary.q.1.background_brier,1951,0.005640423576538208,0.005319855138086782,0.00017108581676499642,0.011287267540171347,1951,0,0,1.1377845671972117e-09,4.17755072178104e-05,196
o1a5,auxiliary.memory.regions.0.region,1951,0.0,0.0,0.0,0.0,0,1951,0,0.0,0.0,196
o1a5,auxiliary.memory.regions.0.selected_tokens,1951,32.0,32.0,32.0,32.0,1951,0,0,32.0,32.0,196
o1a5,auxiliary.memory.regions.0.correct_tokens,1951,31.645822655048693,32.0,31.0,32.0,1951,0,0,27.0,29.801020408163264,196
o1a5,auxiliary.memory.regions.0.incorrect_tokens,1951,0.35417734495130704,0.0,0.0,1.0,456,1495,0,0.0,0.0,196
o1a5,auxiliary.memory.regions.1.region,1951,1.0,1.0,1.0,1.0,1951,0,0,1.0,1.0,196
o1a5,auxiliary.memory.regions.1.selected_tokens,1951,31.54023577652486,32.0,32.0,32.0,1951,0,0,3.0,27.4234693877551,196
o1a5,auxiliary.memory.regions.1.correct_tokens,1951,31.03434136340338,32.0,29.0,32.0,1951,0,0,3.0,24.214285714285715,196
o1a5,auxiliary.memory.regions.1.incorrect_tokens,1951,0.5058944131214762,0.0,0.0,2.0,374,1577,0,0.0,0.0,196
o1a5,auxiliary.memory.regions.2.region,1951,2.0,2.0,2.0,2.0,1951,0,0,2.0,2.0,196
o1a5,auxiliary.memory.regions.2.selected_tokens,1951,32.0,32.0,32.0,32.0,1951,0,0,32.0,32.0,196
o1a5,auxiliary.memory.regions.2.correct_tokens,1951,31.76319835981548,32.0,31.0,32.0,1951,0,0,26.0,30.122448979591837,196
o1a5,auxiliary.memory.regions.2.incorrect_tokens,1951,0.23680164018452077,0.0,0.0,1.0,290,1661,0,0.0,0.0,196
o1a5,auxiliary.memory.regions.3.region,1951,3.0,3.0,3.0,3.0,1951,0,0,3.0,3.0,196
o1a5,auxiliary.memory.regions.3.selected_tokens,1951,12.365453613531523,13.0,1.0,21.0,1789,162,0,0.0,0.17346938775510204,196
o1a5,auxiliary.memory.regions.3.correct_tokens,1951,11.403382880574064,12.0,1.0,20.0,1771,180,0,0.0,0.08163265306122448,196
o1a5,auxiliary.memory.regions.3.incorrect_tokens,1951,0.9620707329574577,0.0,0.0,3.0,663,1288,0,0.0,0.0,196
o1a5,r4t.pca.basis_versions_used.0,1935,975.5038759689922,976.0,208.0,1744.0,1935,0,0,16.0,105.0721649484536,194
o1a5,r4t.pca.basis_versions_used.1,1935,975.5038759689922,976.0,208.0,1744.0,1935,0,0,16.0,105.0721649484536,194
o1a5,r4t.pca.basis_versions_used.2,1935,975.5038759689922,976.0,208.0,1744.0,1935,0,0,16.0,105.0721649484536,194
o1a5,r4t.pca.basis_versions_used.3,1935,974.6558139534884,981.0,205.0,1744.0,1935,0,0,16.0,104.54123711340206,194
o1a6,r4t.global_visit,1951,976.0,976.0,196.0,1756.0,1951,0,0,1.0,98.5,196
o1a6,r4t.counts.network_forwards,1951,8.0,8.0,8.0,8.0,1951,0,0,8.0,8.0,196
o1a6,r4t.counts.loss_backward_calls,1951,1.0,1.0,1.0,1.0,1951,0,0,1.0,1.0,196
o1a6,r4t.counts.jacobian_vjp_calls,1951,0.0,0.0,0.0,0.0,0,1951,0,0.0,0.0,196
o1a6,r4t.counts.adam_calls,1951,1.0,1.0,1.0,1.0,1951,0,0,1.0,1.0,196
o1a6,r4t.counts.actual_parameter_replacements,1951,0.0,0.0,0.0,0.0,0,1951,0,0.0,0.0,196
o1a6,r4t.kernels.res.conv1.parameters,1951,67.0,67.0,67.0,67.0,1951,0,0,67.0,67.0,196
o1a6,r4t.kernels.res.conv1.detail_change_l2,1951,2.633759428325034e-07,2.636211413068243e-07,2.5135623119217995e-07,2.74652233954466e-07,1951,0,0,2.3172752051953303e-07,2.4688003251016213e-07,196
o1a6,r4t.kernels.res.conv1.dc_change_l2,1951,0.015897966101909994,0.013443188906343799,0.00669527324508554,0.02673458039317348,1951,0,0,0.00041264810385645756,0.004868649412263241,196
o1a6,r4t.kernels.res.conv1.flattened_cosine_gram_max_error,1951,0.0032540854856320765,0.002676873918626338,0.0016806983733188008,0.005080181860865507,1951,0,0,5.3128195869611705e-05,0.0010110173534894852,196
o1a6,r4t.kernels.res.conv1.effective_change_l2,1951,0.01589796610513322,0.01344318890917922,0.006695273249338339,0.02673458039458739,1951,0,0,0.0004126481882440637,0.004868649421249908,196
o1a6,r4t.kernels.res.conv1.dc_cosine_gram_max_error,1951,7.270748289405944e-07,7.040919174639004e-07,4.487428403865401e-07,1.036098629975113e-06,1951,0,0,1.9782793463790638e-07,3.8041076123234184e-07,196
o1a6,r4t.kernels.res.conv1.nonzero_source_dc_rows,1951,64.0,64.0,64.0,64.0,1951,0,0,64.0,64.0,196
o1a6,r4t.kernels.res.conv1.orthogonality_error,1951,2.553086284394723e-16,2.482553896715778e-16,1.1102300359209766e-16,4.002999088785877e-16,1951,0,0,3.183168566778604e-20,3.731314833520738e-17,196
o1a6,r4t.kernels.res.conv1.gain_min,1951,0.9901689936511883,0.9898104059671684,0.9842102183414816,0.9964157590541184,1951,0,0,0.9837878786166183,0.9839952869128614,196
o1a6,r4t.kernels.res.conv1.gain_max,1951,1.0125875712274401,1.0118897935895566,1.0055782079008833,1.0201077611145242,1951,0,0,1.0001000046847428,1.0032646201317588,196
o1a6,r4t.kernels.res.layer1.2.conv2.parameters,1951,2080.0,2080.0,2080.0,2080.0,1951,0,0,2080.0,2080.0,196
o1a6,r4t.kernels.res.layer1.2.conv2.detail_change_l2,1951,1.249118422043919e-07,1.2491957085954133e-07,1.2337110340932973e-07,1.2647827861479544e-07,1951,0,0,1.2027626546185262e-07,1.2281442859528594e-07,196
o1a6,r4t.kernels.res.layer1.2.conv2.dc_change_l2,1951,0.19008397497602972,0.19060623524133985,0.07927054725121194,0.2858152707099161,1951,0,0,0.0030315686264689714,0.049508787164069534,196
o1a6,r4t.kernels.res.layer1.2.conv2.flattened_cosine_gram_max_error,1951,0.0018211081264568982,0.0018476626856241962,0.00082414919268297,0.002611200768371305,1951,0,0,3.455536943855475e-05,0.00044820631155212414,196
o1a6,r4t.kernels.res.layer1.2.conv2.effective_change_l2,1951,0.19008397497609142,0.19060623524138015,0.07927054725131219,0.28581527070994295,1951,0,0,0.003031568629035854,0.0495087871642954,196
o1a6,r4t.kernels.res.layer1.2.conv2.dc_cosine_gram_max_error,1951,1.7843109902970922e-08,1.751487935935936e-08,1.5421764004708294e-08,2.07104293367677e-08,1951,0,0,1.3399815160242134e-08,1.4784926251490121e-08,196
o1a6,r4t.kernels.res.layer1.2.conv2.nonzero_source_dc_rows,1951,64.0,64.0,64.0,64.0,1951,0,0,64.0,64.0,196
o1a6,r4t.kernels.res.layer1.2.conv2.orthogonality_error,1951,6.153443469257091e-15,6.130235335042678e-15,5.449106828281661e-15,6.914285105089903e-15,1951,0,0,4.407983978510495e-15,5.161600493647902e-15,196
o1a6,r4t.kernels.res.layer1.2.conv2.gain_min,1951,0.9898461879596201,0.9887170326263747,0.984498415642543,0.9957924501281847,1951,0,0,0.9843269802987396,0.9844386685371158,196
o1a6,r4t.kernels.res.layer1.2.conv2.gain_max,1951,1.0125200548286513,1.0136339894492934,1.0053847054429925,1.0169449872875158,1951,0,0,1.0001000036587302,1.0030318451216211,196
o1a6,r4t.teacher_update,1951,0.0,0.0,0.0,0.0,0,1951,0,0.0,0.0,196
o1a6,r4t.source_unchanged,1951,1.0,1.0,1.0,1.0,1951,0,0,1.0,1.0,196
o1a6,r4t.base_loss,1951,0.06432095777982323,0.05232234299182892,0.03277023136615753,0.10533769428730011,1951,0,0,0.02654600888490677,0.030680265562722877,196
o1a6,r4t.host_seconds,1951,0.5634886068367145,0.5664674618747085,0.5377975050359964,0.5878545411396772,1951,0,0,0.42532010609284043,0.5018380947532227,196
o1a6,r4t.trainable_scalars,1951,21283.0,21283.0,21283.0,21283.0,1951,0,0,21283.0,21283.0,196
o1a6,r4t.final_raw_probability_nested_violations,1951,2547.692465402358,2404.0,932.0,4473.0,1951,0,0,347.0,728.3061224489796,196
o1a6,auxiliary.q.0.total_pixels,1951,262144.0,262144.0,262144.0,262144.0,1951,0,0,262144.0,262144.0,196
o1a6,auxiliary.q.0.gt_foreground,1951,29364.35161455664,28513.0,15296.0,45565.0,1951,0,0,9104.0,13711.244897959185,196
o1a6,auxiliary.q.0.gt_background,1951,232779.64838544338,233631.0,216579.0,246848.0,1951,0,0,185479.0,210883.1530612245,196
o1a6,auxiliary.q.0.pred_foreground,1951,30886.952844695028,30697.0,22122.0,40731.0,1951,0,0,18805.0,21087.147959183672,196
o1a6,auxiliary.q.0.intersection,1951,26221.00358790364,26671.0,14968.0,38058.0,1951,0,0,9104.0,13480.607142857143,196
o1a6,auxiliary.q.0.dice,1951,0.862919773830343,0.8833712187445357,0.7463546251291668,0.9486527268807933,1951,0,0,0.43204323764043906,0.6768491310861199,196
o1a6,auxiliary.q.0.brier_sum,1951,5989.614729246412,4825.4533950159885,2224.6858981236373,11278.291674104474,1951,0,0,988.5657404039548,1840.5155066651475,196
o1a6,auxiliary.q.0.brier,1951,0.022848566929803513,0.018407643871368364,0.008486503212446737,0.04302326841012754,1951,0,0,0.00377107902680952,0.00702100947061595,196
o1a6,auxiliary.q.0.foreground_brier_sum,1951,2464.278198750055,886.7340512926395,26.96759223714878,7135.2616853907,1951,0,0,0.04548924399455956,11.37775407699284,196
o1a6,auxiliary.q.0.background_brier_sum,1951,3525.3365304963577,2964.3293739542764,298.0409161072251,7220.590418398931,1951,0,0,0.004235383155756094,77.34939779201696,196
o1a6,auxiliary.q.0.foreground_brier,1951,0.06207001683804338,0.031806384396189095,0.0016472271597004992,0.17092258692919982,1951,0,0,3.1287739180521053e-06,0.0006908975089460232,196
o1a6,auxiliary.q.0.background_brier,1951,0.01482064728528485,0.01268850467547748,0.0013557341096626636,0.029687058019429464,1951,0,0,2.2834839285073214e-08,0.0003543624276138847,196
o1a6,auxiliary.q.1.total_pixels,1951,262144.0,262144.0,262144.0,262144.0,1951,0,0,262144.0,262144.0,196
o1a6,auxiliary.q.1.gt_foreground,1951,9633.745771399283,7259.0,2865.0,19762.0,1951,0,0,907.0,2369.5255102040815,196
o1a6,auxiliary.q.1.gt_background,1951,252510.2542286007,254885.0,242382.0,259279.0,1951,0,0,213174.0,236489.056122449,196
o1a6,auxiliary.q.1.pred_foreground,1951,9626.47565351102,8997.0,7598.0,12697.0,1951,0,0,4348.0,7022.076530612245,196
o1a6,auxiliary.q.1.intersection,1951,6788.755509994874,6566.0,2838.0,11041.0,1951,0,0,687.0,2333.841836734694,196
o1a6,auxiliary.q.1.dice,1951,0.7005544637169835,0.7184406415470801,0.5054139312814392,0.8735519202415222,1951,0,0,0.07501637912207906,0.4314950850893952,196
o1a6,auxiliary.q.1.brier_sum,1951,4358.333290025558,3288.050120202276,1550.7848807227601,8798.53525797604,1951,0,0,550.9494939960628,1213.5353258342316,196
o1a6,auxiliary.q.1.brier,1951,0.016625722084142907,0.012542915802773575,0.005915774844065705,0.033563748390106354,1951,0,0,0.002101705528244258,0.004629269889199187,196
o1a6,auxiliary.q.1.foreground_brier_sum,1951,2289.1933145668395,285.7572202788722,3.0816129007738624,7302.002960398326,1951,0,0,0.004054459555668188,1.0136629075429053,196
o1a6,auxiliary.q.1.background_brier_sum,1951,2069.1399754587196,2021.1756697088429,83.62324911577653,3960.10356337566,1951,0,0,0.0002962030066534725,17.47753365343706,196
o1a6,auxiliary.q.1.foreground_brier,1951,0.13122386110846093,0.04609029959592699,0.0009189065807106798,0.39115704769825155,1951,0,0,1.8530436726088612e-06,0.0003032968429768051,196
o1a6,auxiliary.q.1.background_brier,1951,0.008090792741260882,0.007949149175932991,0.00034883961986857307,0.015363048074951641,1951,0,0,1.3894893685602959e-09,7.195099140225134e-05,196
o1a7,r4t.global_visit,1951,976.0,976.0,196.0,1756.0,1951,0,0,1.0,98.5,196
o1a7,r4t.counts.network_forwards,1951,8.0,8.0,8.0,8.0,1951,0,0,8.0,8.0,196
o1a7,r4t.counts.loss_backward_calls,1951,1.0,1.0,1.0,1.0,1951,0,0,1.0,1.0,196
o1a7,r4t.counts.jacobian_vjp_calls,1951,0.0,0.0,0.0,0.0,0,1951,0,0.0,0.0,196
o1a7,r4t.counts.adam_calls,1951,1.0,1.0,1.0,1.0,1951,0,0,1.0,1.0,196
o1a7,r4t.counts.actual_parameter_replacements,1951,0.0,0.0,0.0,0.0,0,1951,0,0.0,0.0,196
o1a7,r4t.kernels.res.conv1.parameters,1951,67.0,67.0,67.0,67.0,1951,0,0,67.0,67.0,196
o1a7,r4t.kernels.res.conv1.detail_change_l2,1951,0.10038886814139532,0.09252173446254017,0.02689042559598386,0.1813374574833074,1951,0,0,0.0019010581723928068,0.02038126704469446,196
o1a7,r4t.kernels.res.conv1.dc_change_l2,1951,0.01761587908755809,0.015764643305994128,0.0057697056974042775,0.031091039198122516,1951,0,0,0.0003770216703389823,0.004301732459541356,196
o1a7,r4t.kernels.res.conv1.flattened_cosine_gram_max_error,1951,1.6967595116511546e-08,1.6591057434151013e-08,1.4185212636463884e-08,2.0265150998260983e-08,1951,0,0,1.1981164235209951e-08,1.3578169042105753e-08,196
o1a7,r4t.kernels.res.conv1.effective_change_l2,1951,0.10193190709377956,0.09385518273660767,0.027467893810294276,0.18394738232977062,1951,0,0,0.0019380834643344777,0.020836988735866993,196
o1a7,r4t.kernels.res.conv1.dc_cosine_gram_max_error,1951,2.65543099646615e-07,2.499769645517014e-07,1.5623832172462215e-07,3.9557124155431556e-07,1951,0,0,8.576556354000786e-08,1.3497380222281485e-07,196
o1a7,r4t.kernels.res.conv1.nonzero_source_dc_rows,1951,64.0,64.0,64.0,64.0,1951,0,0,64.0,64.0,196
o1a7,r4t.kernels.res.conv1.orthogonality_error,1951,2.5614684019779155e-16,2.482586520101679e-16,1.1102330563069996e-16,4.0032704888381263e-16,1951,0,0,3.785449915486856e-21,3.388425698823343e-17,196
o1a7,r4t.kernels.res.conv1.gain_min,1951,0.9872303633708418,0.9884471281004532,0.9771509916690193,0.9956482988587979,1951,0,0,0.9762110422368359,0.9768290023700875,196
o1a7,r4t.kernels.res.conv1.gain_max,1951,1.0161268845374107,1.0113264194603573,1.0055113666409188,1.0304163787900804,1951,0,0,1.0000997860422052,1.0033672128773978,196
o1a7,r4t.kernels.res.layer1.2.conv2.parameters,1951,2080.0,2080.0,2080.0,2080.0,1951,0,0,2080.0,2080.0,196
o1a7,r4t.kernels.res.layer1.2.conv2.detail_change_l2,1951,0.22790628405462046,0.23548686989318263,0.09956813944916414,0.3324340031007408,1951,0,0,0.0042465152199379665,0.06277069993780114,196
o1a7,r4t.kernels.res.layer1.2.conv2.dc_change_l2,1951,0.1718575048392983,0.17419313798549144,0.07371452175695667,0.25476971499243367,1951,0,0,0.0028689729062472353,0.04616984287029216,196
o1a7,r4t.kernels.res.layer1.2.conv2.flattened_cosine_gram_max_error,1951,6.383432678268255e-09,6.249227579857575e-09,5.4888165852695625e-09,7.461021564458825e-09,1951,0,0,4.686809579323992e-09,5.2958113206859195e-09,196
o1a7,r4t.kernels.res.layer1.2.conv2.effective_change_l2,1951,0.2854492038631606,0.29291178742638746,0.12388561301145923,0.41883192372855255,1951,0,0,0.00512483141673416,0.0779232920868316,196
o1a7,r4t.kernels.res.layer1.2.conv2.dc_cosine_gram_max_error,1951,1.2772926930510604e-08,1.2571533286598324e-08,1.0963417340636994e-08,1.4925241188790128e-08,1951,0,0,9.467694281339867e-09,1.0530080031322727e-08,196
o1a7,r4t.kernels.res.layer1.2.conv2.nonzero_source_dc_rows,1951,64.0,64.0,64.0,64.0,1951,0,0,64.0,64.0,196
o1a7,r4t.kernels.res.layer1.2.conv2.orthogonality_error,1951,6.167737669649523e-15,6.159444418482238e-15,5.404734870162604e-15,6.950083120793002e-15,1951,0,0,4.215191107901171e-15,5.147648304470151e-15,196
o1a7,r4t.kernels.res.layer1.2.conv2.gain_min,1951,0.9886311473907368,0.9884574835692816,0.982432951462484,0.9956260209889691,1951,0,0,0.9823274235851602,0.9823977887354713,196
o1a7,r4t.kernels.res.layer1.2.conv2.gain_max,1951,1.0102495079930227,1.008901761458442,1.0051271819543581,1.0152384459356436,1951,0,0,1.0000995177872982,1.0030793415456019,196
o1a7,r4t.teacher_update,1951,0.0,0.0,0.0,0.0,0,1951,0,0.0,0.0,196
o1a7,r4t.source_unchanged,1951,1.0,1.0,1.0,1.0,1951,0,0,1.0,1.0,196
o1a7,r4t.base_loss,1951,0.06431787978974231,0.05240236967802048,0.032731398940086365,0.10536158084869385,1951,0,0,0.02643730118870735,0.030584956509802416,196
o1a7,r4t.host_seconds,1951,0.5683930282763132,0.5677144390065223,0.5457874729763716,0.5884250779636204,1951,0,0,0.47014446393586695,0.5349591040439733,196
o1a7,r4t.trainable_scalars,1951,21283.0,21283.0,21283.0,21283.0,1951,0,0,21283.0,21283.0,196
o1a7,r4t.final_raw_probability_nested_violations,1951,2539.654536135315,2395.0,926.0,4444.0,1951,0,0,348.0,728.3265306122449,196
o1a7,auxiliary.q.0.total_pixels,1951,262144.0,262144.0,262144.0,262144.0,1951,0,0,262144.0,262144.0,196
o1a7,auxiliary.q.0.gt_foreground,1951,29364.35161455664,28513.0,15296.0,45565.0,1951,0,0,9104.0,13711.244897959185,196
o1a7,auxiliary.q.0.gt_background,1951,232779.64838544338,233631.0,216579.0,246848.0,1951,0,0,185479.0,210883.1530612245,196
o1a7,auxiliary.q.0.pred_foreground,1951,30873.640697078423,30613.0,22144.0,40782.0,1951,0,0,18817.0,21095.974489795917,196
o1a7,auxiliary.q.0.intersection,1951,26216.068682726807,26674.0,14968.0,38084.0,1951,0,0,9104.0,13481.265306122448,196
o1a7,auxiliary.q.0.dice,1951,0.8629479889332239,0.8832391008599493,0.7462706561157413,0.9485219770415749,1951,0,0,0.43211316632413116,0.6768873971934107,196
o1a7,auxiliary.q.0.brier_sum,1951,5985.740297673346,4837.1238687367695,2225.455773716828,11272.872311033974,1951,0,0,988.1181343508786,1843.237379965838,196
o1a7,auxiliary.q.0.brier,1951,0.022833787146275885,0.018452163195559576,0.008489440054766952,0.043002595180641076,1951,0,0,0.003769371545222773,0.0070313925932534715,196
o1a7,auxiliary.q.0.foreground_brier_sum,1951,2467.9274006723326,890.7249520689616,26.943363854425975,7140.316403974923,1951,0,0,0.044053733376625104,11.449966815169848,196
o1a7,auxiliary.q.0.background_brier_sum,1951,3517.8128970010134,2961.011646167859,293.8023572482436,7214.509388885655,1951,0,0,0.0042351426047600085,76.19059567780718,196
o1a7,auxiliary.q.0.foreground_brier,1951,0.06218717687267147,0.03192876443642706,0.0016527603682959112,0.17158862081250492,1951,0,0,3.0300387493379946e-06,0.0006956111491693946,196
o1a7,auxiliary.q.0.background_brier,1951,0.014787916374703133,0.012638274321954674,0.0013339674132980884,0.029558440257211625,1951,0,0,2.2833542367383955e-08,0.0003490198498057653,196
o1a7,auxiliary.q.1.total_pixels,1951,262144.0,262144.0,262144.0,262144.0,1951,0,0,262144.0,262144.0,196
o1a7,auxiliary.q.1.gt_foreground,1951,9633.745771399283,7259.0,2865.0,19762.0,1951,0,0,907.0,2369.5255102040815,196
o1a7,auxiliary.q.1.gt_background,1951,252510.2542286007,254885.0,242382.0,259279.0,1951,0,0,213174.0,236489.056122449,196
o1a7,auxiliary.q.1.pred_foreground,1951,9611.647360328037,8981.0,7591.0,12673.0,1951,0,0,4346.0,7017.1377551020405,196
o1a7,auxiliary.q.1.intersection,1951,6785.756022552537,6561.0,2838.0,11038.0,1951,0,0,691.0,2333.938775510204,196
o1a7,auxiliary.q.1.dice,1951,0.7009173388624883,0.7194778222815607,0.5059171597633136,0.8737528941275521,1951,0,0,0.07549024963128857,0.43193366227712954,196
o1a7,auxiliary.q.1.brier_sum,1951,4352.185323278819,3284.7248267317996,1544.1938685346083,8782.014326119132,1951,0,0,552.0093017666456,1208.5116594244544,196
o1a7,auxiliary.q.1.brier,1951,0.016602269452204967,0.012530230814864348,0.005890632127893861,0.03350072603652623,1951,0,0,0.0021057483740487886,0.004610106122682397,196
o1a7,auxiliary.q.1.foreground_brier_sum,1951,2291.416241429167,290.0077283094043,3.105727648906843,7302.866701992095,1951,0,0,0.004049386713003145,1.0204579472943474,196
o1a7,auxiliary.q.1.background_brier_sum,1951,2060.769081849653,2007.4772883972664,82.47763729778825,3956.5158711385366,1951,0,0,0.00029645901198991026,17.148034840897562,196
o1a7,auxiliary.q.1.foreground_brier,1951,0.1313951701232842,0.046958254299742826,0.0009171542733654907,0.39072549375641086,1951,0,0,1.8507251887582927e-06,0.00030505628206943113,196
o1a7,auxiliary.q.1.background_brier,1951,0.008057742338239011,0.00785930068021833,0.00035063146632510116,0.015309674955092863,1951,0,0,1.3906902905134316e-09,7.059744027411457e-05,196
o1a8,r4t.global_visit,1951,976.0,976.0,196.0,1756.0,1951,0,0,1.0,98.5,196
o1a8,r4t.counts.network_forwards,1951,8.0,8.0,8.0,8.0,1951,0,0,8.0,8.0,196
o1a8,r4t.counts.loss_backward_calls,1951,1.0,1.0,1.0,1.0,1951,0,0,1.0,1.0,196
o1a8,r4t.counts.jacobian_vjp_calls,1951,0.0,0.0,0.0,0.0,0,1951,0,0.0,0.0,196
o1a8,r4t.counts.adam_calls,1951,1.0,1.0,1.0,1.0,1951,0,0,1.0,1.0,196
o1a8,r4t.counts.actual_parameter_replacements,1951,0.0,0.0,0.0,0.0,0,1951,0,0.0,0.0,196
o1a8,r4t.kernels.res.conv1.parameters,1951,64.0,64.0,64.0,64.0,1951,0,0,64.0,64.0,196
o1a8,r4t.kernels.res.conv1.detail_change_l2,1951,2.63397218511242e-07,2.6326378122640327e-07,2.517720083042132e-07,2.7545067879276727e-07,1951,0,0,2.3502332812163276e-07,2.477260648675433e-07,196
o1a8,r4t.kernels.res.conv1.dc_change_l2,1951,0.01346340232551636,0.012398163180933171,0.003952154159327423,0.02154062676625679,1951,0,0,0.00023221788623047483,0.0026485324126415575,196
o1a8,r4t.kernels.res.conv1.flattened_cosine_gram_max_error,1951,0.0033512262683633083,0.002717693987320857,0.001696502685874457,0.005175216344634859,1951,0,0,5.312687832498275e-05,0.0010101424573028877,196
o1a8,r4t.kernels.res.conv1.effective_change_l2,1951,0.01346340232986408,0.012398163183693653,0.003952154168203672,0.021540626767683563,1951,0,0,0.0002322180450851205,0.0026485324293362427,196
o1a8,r4t.kernels.res.conv1.dc_cosine_gram_max_error,1951,7.174704382992868e-07,6.931222642503343e-07,4.342187015782262e-07,1.034360910895371e-06,1951,0,0,2.125214497716854e-07,3.715286027288564e-07,196
o1a8,r4t.kernels.res.conv1.nonzero_source_dc_rows,1951,64.0,64.0,64.0,64.0,1951,0,0,64.0,64.0,196
o1a8,r4t.kernels.res.conv1.orthogonality_error,1951,0.0,0.0,0.0,0.0,0,1951,0,0.0,0.0,196
o1a8,r4t.kernels.res.conv1.gain_min,1951,0.9901517429108269,0.9902553676999967,0.9844447737951092,0.9964421960589772,1951,0,0,0.9840474534205815,0.9842636380367785,196
o1a8,r4t.kernels.res.conv1.gain_max,1951,1.0132303563470697,1.0119089027297834,1.005698069172451,1.0213667295600606,1951,0,0,1.0001000046847428,1.0032963703172924,196
o1a8,r4t.kernels.res.layer1.2.conv2.parameters,1951,64.0,64.0,64.0,64.0,1951,0,0,64.0,64.0,196
o1a8,r4t.kernels.res.layer1.2.conv2.detail_change_l2,1951,1.248141484584692e-07,1.2482130602783885e-07,1.233361067307034e-07,1.2635576805845756e-07,1951,0,0,1.2095595290012738e-07,1.2269161112691652e-07,196
o1a8,r4t.kernels.res.layer1.2.conv2.dc_change_l2,1951,0.015943490508297634,0.016764000144513704,0.006271377890414733,0.023316843293704828,1951,0,0,0.0002958767553657257,0.0040043962025726534,196
o1a8,r4t.kernels.res.layer1.2.conv2.flattened_cosine_gram_max_error,1951,0.0018554251379550046,0.0019007700803727462,0.0008537212170391453,0.002624366109926113,1951,0,0,3.4552745032001564e-05,0.0004511025107220327,196
o1a8,r4t.kernels.res.layer1.2.conv2.effective_change_l2,1951,0.015943490509029958,0.016764000144972323,0.006271377891656435,0.02331684329403686,1951,0,0,0.0002958767815893675,0.0040043962052290355,196
o1a8,r4t.kernels.res.layer1.2.conv2.dc_cosine_gram_max_error,1951,1.801090311984961e-08,1.7730088286427304e-08,1.5630092130292095e-08,2.0846618542513795e-08,1951,0,0,1.3556935837821804e-08,1.5001604002146845e-08,196
o1a8,r4t.kernels.res.layer1.2.conv2.nonzero_source_dc_rows,1951,64.0,64.0,64.0,64.0,1951,0,0,64.0,64.0,196
o1a8,r4t.kernels.res.layer1.2.conv2.orthogonality_error,1951,0.0,0.0,0.0,0.0,0,1951,0,0.0,0.0,196
o1a8,r4t.kernels.res.layer1.2.conv2.gain_min,1951,0.9895674907737813,0.9889253289905052,0.9836886858927509,0.9956749503386434,1951,0,0,0.9834763898373442,0.9836204754359069,196
o1a8,r4t.kernels.res.layer1.2.conv2.gain_max,1951,1.0125289160336877,1.013899025672112,1.0053505966519833,1.0166605095190036,1951,0,0,1.0001000036587302,1.0029902860698425,196
o1a8,r4t.teacher_update,1951,0.0,0.0,0.0,0.0,0,1951,0,0.0,0.0,196
o1a8,r4t.source_unchanged,1951,1.0,1.0,1.0,1.0,1951,0,0,1.0,1.0,196
o1a8,r4t.base_loss,1951,0.06486711647745312,0.05288387089967728,0.03268243744969368,0.10665968805551529,1951,0,0,0.026381276547908783,0.030528166511913344,196
o1a8,r4t.host_seconds,1951,0.54792376367212,0.5478474001865834,0.5240067909471691,0.5731802221853286,1951,0,0,0.43035083287395537,0.5005061887525383,196
o1a8,r4t.trainable_scalars,1951,19264.0,19264.0,19264.0,19264.0,1951,0,0,19264.0,19264.0,196
o1a8,r4t.final_raw_probability_nested_violations,1951,2470.8682726806765,2328.0,917.0,4297.0,1951,0,0,353.0,715.9234693877551,196
o1a8,auxiliary.q.0.total_pixels,1951,262144.0,262144.0,262144.0,262144.0,1951,0,0,262144.0,262144.0,196
o1a8,auxiliary.q.0.gt_foreground,1951,29364.35161455664,28513.0,15296.0,45565.0,1951,0,0,9104.0,13711.244897959185,196
o1a8,auxiliary.q.0.gt_background,1951,232779.64838544338,233631.0,216579.0,246848.0,1951,0,0,185479.0,210883.1530612245,196
o1a8,auxiliary.q.0.pred_foreground,1951,30752.952844695028,30454.0,22088.0,40556.0,1951,0,0,18793.0,21058.035714285714,196
o1a8,auxiliary.q.0.intersection,1951,26148.152229625834,26632.0,14954.0,37956.0,1951,0,0,9104.0,13475.852040816326,196
o1a8,auxiliary.q.0.dice,1951,0.8627791936225981,0.8829877325848677,0.7456585421892052,0.9489091119992408,1951,0,0,0.4273681482441363,0.6762503073456345,196
o1a8,auxiliary.q.0.brier_sum,1951,5999.577042703259,4771.985631224661,2224.0804013031084,11355.695244581757,1951,0,0,979.3273064290424,1838.207445260733,196
o1a8,auxiliary.q.0.brier,1951,0.022886570139706647,0.018203680539034504,0.00848419342538112,0.043318539598776844,1951,0,0,0.0037358371979867647,0.007012204915087635,196
o1a8,auxiliary.q.0.foreground_brier_sum,1951,2523.325217645706,925.8773357067424,28.511711725341556,7246.4246542685,1951,0,0,0.05585329305176856,12.38447275643106,196
o1a8,auxiliary.q.0.background_brier_sum,1951,3476.251825057554,2924.2432495405224,262.0795359461422,7151.860581807649,1951,0,0,0.004284568669614971,70.72696525529386,196
o1a8,auxiliary.q.0.foreground_brier,1951,0.06361078203805154,0.033221302533194996,0.0017898069520766485,0.1749071716472059,1951,0,0,3.8416186155697475e-06,0.0007542638115388576,196
o1a8,auxiliary.q.0.background_brier,1951,0.014610910526031171,0.012485716996296473,0.0012076305528923228,0.029392037334736294,1951,0,0,2.31000203236753e-08,0.0003236668307355762,196
o1a8,auxiliary.q.1.total_pixels,1951,262144.0,262144.0,262144.0,262144.0,1951,0,0,262144.0,262144.0,196
o1a8,auxiliary.q.1.gt_foreground,1951,9633.745771399283,7259.0,2865.0,19762.0,1951,0,0,907.0,2369.5255102040815,196
o1a8,auxiliary.q.1.gt_background,1951,252510.2542286007,254885.0,242382.0,259279.0,1951,0,0,213174.0,236489.056122449,196
o1a8,auxiliary.q.1.pred_foreground,1951,9561.708867247566,8953.0,7587.0,12556.0,1951,0,0,4349.0,7004.448979591837,196
o1a8,auxiliary.q.1.intersection,1951,6763.881086622245,6569.0,2837.0,10977.0,1951,0,0,696.0,2333.2091836734694,196
o1a8,auxiliary.q.1.dice,1951,0.7011107995059697,0.7192783843990798,0.5056602075034321,0.8769809407091239,1951,0,0,0.07635346388020404,0.4316208518858876,196
o1a8,auxiliary.q.1.brier_sum,1951,4351.62365179967,3280.229411567658,1524.8354848286008,8829.283847199842,1951,0,0,555.8991842975674,1193.216498709693,196
o1a8,auxiliary.q.1.brier,1951,0.01660012684554928,0.012513082166929848,0.005816785754503635,0.03368104494934022,1951,0,0,0.0021205870983030985,0.004551759714926502,196
o1a8,auxiliary.q.1.foreground_brier_sum,1951,2311.671333076499,299.677687867839,3.214557929515557,7328.739234204779,1951,0,0,0.004276417132359711,1.0654623590174324,196
o1a8,auxiliary.q.1.background_brier_sum,1951,2039.9523187231712,1968.7364264783946,76.32142861351575,3942.009756254977,1951,0,0,0.0002971293082972882,15.59751594972626,196
o1a8,auxiliary.q.1.foreground_brier,1951,0.132695640671919,0.04670085872447264,0.0009614394264050134,0.3941185590790208,1951,0,0,1.9544868063801237e-06,0.000316577148036221,196
o1a8,auxiliary.q.1.background_brier,1951,0.007975614863459326,0.007731075009164354,0.0003255349282593487,0.015198897409042754,1951,0,0,1.393834652899923e-09,6.424823569828952e-05,196
o1a9,r4t.global_visit,1951,976.0,976.0,196.0,1756.0,1951,0,0,1.0,98.5,196
o1a9,r4t.counts.network_forwards,1951,8.0,8.0,8.0,8.0,1951,0,0,8.0,8.0,196
o1a9,r4t.counts.loss_backward_calls,1951,1.0,1.0,1.0,1.0,1951,0,0,1.0,1.0,196
o1a9,r4t.counts.jacobian_vjp_calls,1951,0.0,0.0,0.0,0.0,0,1951,0,0.0,0.0,196
o1a9,r4t.counts.adam_calls,1951,1.0,1.0,1.0,1.0,1951,0,0,1.0,1.0,196
o1a9,r4t.counts.actual_parameter_replacements,1951,0.0,0.0,0.0,0.0,0,1951,0,0.0,0.0,196
o1a9,r4t.kernels.res.conv1.parameters,1951,192.0,192.0,192.0,192.0,1951,0,0,192.0,192.0,196
o1a9,r4t.kernels.res.conv1.detail_change_l2,1951,2.6352994404440315e-07,2.641909601397144e-07,2.519980800267879e-07,2.7433768114847213e-07,1951,0,0,2.2921154999227232e-07,2.4690587642294864e-07,196
o1a9,r4t.kernels.res.conv1.dc_change_l2,1951,0.01351696188903115,0.011995283793598219,0.00498773346269853,0.022026704547409615,1951,0,0,0.00023225259596030843,0.003287362887698422,196
o1a9,r4t.kernels.res.conv1.flattened_cosine_gram_max_error,1951,0.005992673687056982,0.0049736352511225435,0.0014993873207147235,0.010844718226308602,1951,0,0,8.007036544804835e-05,0.0010155416128959055,196
o1a9,r4t.kernels.res.conv1.effective_change_l2,1951,0.013516961893013898,0.011995283796745271,0.004987733468502492,0.022026704548996634,1951,0,0,0.00023225275105039127,0.0032873629016260063,196
o1a9,r4t.kernels.res.conv1.dc_cosine_gram_max_error,1951,0.01750491555418234,0.016667417559829575,0.00593178078786033,0.02862120067943065,1951,0,0,0.00019538618867626784,0.00365269582517764,196
o1a9,r4t.kernels.res.conv1.nonzero_source_dc_rows,1951,64.0,64.0,64.0,64.0,1951,0,0,64.0,64.0,196
o1a9,r4t.kernels.res.conv1.orthogonality_error,1951,0.0,0.0,0.0,0.0,0,1951,0,0.0,0.0,196
o1a9,r4t.kernels.res.conv1.gain_min,1951,1.0,1.0,1.0,1.0,1951,0,0,1.0,1.0,196
o1a9,r4t.kernels.res.conv1.gain_max,1951,1.0,1.0,1.0,1.0,1951,0,0,1.0,1.0,196
o1a9,r4t.kernels.res.layer1.2.conv2.parameters,1951,4096.0,4096.0,4096.0,4096.0,1951,0,0,4096.0,4096.0,196
o1a9,r4t.kernels.res.layer1.2.conv2.detail_change_l2,1951,1.2475616086717733e-07,1.247592847813897e-07,1.23155476922627e-07,1.2636034920328764e-07,1951,0,0,1.2055686897706016e-07,1.225683583553078e-07,196
o1a9,r4t.kernels.res.layer1.2.conv2.dc_change_l2,1951,0.01727619141925017,0.01794402875764878,0.006647405108687205,0.02566351023174237,1951,0,0,0.0002954532253088792,0.00425283149857177,196
o1a9,r4t.kernels.res.layer1.2.conv2.flattened_cosine_gram_max_error,1951,0.0016201562351262073,0.0014512564035470167,0.0005815513113709495,0.0025495949485963565,1951,0,0,2.5946555599509757e-05,0.00041472183767667645,196
o1a9,r4t.kernels.res.layer1.2.conv2.effective_change_l2,1951,0.017276191419944575,0.01794402875807748,0.006647405109870316,0.025663510232050192,1951,0,0,0.0002954532527567638,0.00425283150115993,196
o1a9,r4t.kernels.res.layer1.2.conv2.dc_cosine_gram_max_error,1951,0.004441298451846986,0.004559286393527429,0.0017132902393693916,0.00659772869950697,1951,0,0,6.421448517893169e-05,0.0011405872201873748,196
o1a9,r4t.kernels.res.layer1.2.conv2.nonzero_source_dc_rows,1951,64.0,64.0,64.0,64.0,1951,0,0,64.0,64.0,196
o1a9,r4t.kernels.res.layer1.2.conv2.orthogonality_error,1951,0.0,0.0,0.0,0.0,0,1951,0,0.0,0.0,196
o1a9,r4t.kernels.res.layer1.2.conv2.gain_min,1951,1.0,1.0,1.0,1.0,1951,0,0,1.0,1.0,196
o1a9,r4t.kernels.res.layer1.2.conv2.gain_max,1951,1.0,1.0,1.0,1.0,1951,0,0,1.0,1.0,196
o1a9,r4t.teacher_update,1951,0.0,0.0,0.0,0.0,0,1951,0,0.0,0.0,196
o1a9,r4t.source_unchanged,1951,1.0,1.0,1.0,1.0,1951,0,0,1.0,1.0,196
o1a9,r4t.base_loss,1951,0.06450093278173512,0.052652038633823395,0.03256514295935631,0.1059970110654831,1951,0,0,0.02630208060145378,0.03040765715306815,196
o1a9,r4t.host_seconds,1951,0.5519663657779939,0.5510983339045197,0.5270407150965184,0.5748889858368784,1951,0,0,0.4558540319558233,0.5133551015929623,196
o1a9,r4t.trainable_scalars,1951,23424.0,23424.0,23424.0,23424.0,1951,0,0,23424.0,23424.0,196
o1a9,r4t.final_raw_probability_nested_violations,1951,2439.472065607381,2304.0,907.0,4243.0,1951,0,0,352.0,709.704081632653,196
o1a9,auxiliary.q.0.total_pixels,1951,262144.0,262144.0,262144.0,262144.0,1951,0,0,262144.0,262144.0,196
o1a9,auxiliary.q.0.gt_foreground,1951,29364.35161455664,28513.0,15296.0,45565.0,1951,0,0,9104.0,13711.244897959185,196
o1a9,auxiliary.q.0.gt_background,1951,232779.64838544338,233631.0,216579.0,246848.0,1951,0,0,185479.0,210883.1530612245,196
o1a9,auxiliary.q.0.pred_foreground,1951,30744.372116863145,30427.0,22081.0,40568.0,1951,0,0,18781.0,21049.158163265307,196
o1a9,auxiliary.q.0.intersection,1951,26153.38544336238,26623.0,14954.0,37983.0,1951,0,0,9104.0,13478.576530612245,196
o1a9,auxiliary.q.0.dice,1951,0.8630774253598635,0.8832459057451753,0.745915929489249,0.948807976566895,1951,0,0,0.430664243593072,0.6773575182470513,196
o1a9,auxiliary.q.0.brier_sum,1951,5985.753163302343,4778.084657126161,2220.540631571757,11355.56284309984,1951,0,0,979.0723082051788,1835.9536197629643,196
o1a9,auxiliary.q.0.brier,1951,0.02283383622475564,0.01822694647646393,0.008470690275465992,0.04331803452720581,1951,0,0,0.003734864456959453,0.007003607253124101,196
o1a9,auxiliary.q.0.foreground_brier_sum,1951,2519.364348440441,920.3898942613285,28.49331244981467,7234.088945051522,1951,0,0,0.053238249187170794,12.24422549961039,196
o1a9,auxiliary.q.0.background_brier_sum,1951,3466.388814861903,2917.604524669015,266.80499870104296,7131.95077361451,1951,0,0,0.004278483155506097,71.04802608457258,196
o1a9,auxiliary.q.0.foreground_brier,1951,0.0634993681328809,0.03314911869938706,0.0017583246080443758,0.17422475733862633,1951,0,0,3.661754535192984e-06,0.0007455986943676114,196
o1a9,auxiliary.q.0.background_brier,1951,0.014569462252978005,0.012456719890295611,0.0012053345546733298,0.02930924574388847,1951,0,0,2.3067210603389586e-08,0.0003251050475174907,196
o1a9,auxiliary.q.1.total_pixels,1951,262144.0,262144.0,262144.0,262144.0,1951,0,0,262144.0,262144.0,196
o1a9,auxiliary.q.1.gt_foreground,1951,9633.745771399283,7259.0,2865.0,19762.0,1951,0,0,907.0,2369.5255102040815,196
o1a9,auxiliary.q.1.gt_background,1951,252510.2542286007,254885.0,242382.0,259279.0,1951,0,0,213174.0,236489.056122449,196
o1a9,auxiliary.q.1.pred_foreground,1951,9574.606355715017,8958.0,7588.0,12596.0,1951,0,0,4408.0,7011.377551020408,196
o1a9,auxiliary.q.1.intersection,1951,6772.6104561763195,6566.0,2837.0,11004.0,1951,0,0,701.0,2334.1938775510203,196
o1a9,auxiliary.q.1.dice,1951,0.7013244731530476,0.7195899772209567,0.5060140327430671,0.8756443298969072,1951,0,0,0.07688511105017823,0.43201473034286364,196
o1a9,auxiliary.q.1.brier_sum,1951,4349.041628923796,3284.150115443327,1533.41233149893,8797.348914489316,1951,0,0,554.2329710241171,1195.7754341055559,196
o1a9,auxiliary.q.1.brier,1951,0.016590277209944902,0.012528038465283688,0.005849503828044624,0.033559222848851454,1951,0,0,0.0021142309990849193,0.004561521278784011,196
o1a9,auxiliary.q.1.foreground_brier_sum,1951,2305.0548946490558,296.08733728221125,3.1565266818488062,7309.185325220144,1951,0,0,0.004172075233160655,1.0286756522746645,196
o1a9,auxiliary.q.1.background_brier_sum,1951,2043.986734274741,1972.6753781812704,77.00428229917223,3941.5678771182293,1951,0,0,0.0002975535245791594,15.900700872652644,196
o1a9,auxiliary.q.1.foreground_brier,1951,0.1322394041304282,0.046737708124910265,0.000934546301168219,0.3938713739833413,1951,0,0,1.9067985526328405e-06,0.0003063885400884299,196
o1a9,auxiliary.q.1.background_brier,1951,0.007991390118569012,0.007746994367573271,0.0003253542622718329,0.015223375485783832,1951,0,0,1.395824653002521e-09,6.547358361944349e-05,196
o1a10,r4t.global_visit,1951,976.0,976.0,196.0,1756.0,1951,0,0,1.0,98.5,196
o1a10,r4t.counts.network_forwards,1951,8.0,8.0,8.0,8.0,1951,0,0,8.0,8.0,196
o1a10,r4t.counts.loss_backward_calls,1951,1.0,1.0,1.0,1.0,1951,0,0,1.0,1.0,196
o1a10,r4t.counts.jacobian_vjp_calls,1951,0.0,0.0,0.0,0.0,0,1951,0,0.0,0.0,196
o1a10,r4t.counts.adam_calls,1951,1.0,1.0,1.0,1.0,1951,0,0,1.0,1.0,196
o1a10,r4t.counts.actual_parameter_replacements,1951,0.0,0.0,0.0,0.0,0,1951,0,0.0,0.0,196
o1a10,r4t.graph.free_nodes,1951,1259.0512557662737,1248.0,977.0,1566.0,1951,0,0,686.0,924.2602040816327,196
o1a10,r4t.graph.steps,1951,64.0,64.0,64.0,64.0,1951,0,0,64.0,64.0,196
o1a10,r4t.graph.energy_before,1951,17.93051023833233,17.747873543167202,13.143280273383592,22.72308225570771,1951,0,0,9.702815028131306,12.076402036238557,196
o1a10,r4t.graph.energy_after,1951,14.963722604740772,14.705384815464278,11.145270747145823,18.997216316001786,1951,0,0,8.338727859557194,10.26877191409945,196
o1a10,r4t.graph.max_free_linear_residual,1951,6.365809801949973e-10,5.331779462380837e-10,1.1714673675555787e-10,1.2207637123395898e-09,1951,0,0,2.0832224834066437e-12,6.307124890386195e-11,196
o1a10,r4t.graph.max_contraction,1951,0.799914694596063,0.8,0.7997138720844329,0.8,1951,0,0,0.7986497320103382,0.799560528786043,196
o1a10,r4t.graph.exact_fixed_nodes,1951,1.0,1.0,1.0,1.0,1951,0,0,1.0,1.0,196
o1a10,r4t.graph.grid,1951,128.0,128.0,128.0,128.0,1951,0,0,128.0,128.0,196
o1a10,r4t.graph.potential_undirected_edges,1951,32512.0,32512.0,32512.0,32512.0,1951,0,0,32512.0,32512.0,196
o1a10,r4t.graph.reliable_grid_counts.0,1951,15389.683751922092,15520.0,14805.0,15803.0,1951,0,0,12738.0,14408.938775510203,196
o1a10,r4t.graph.reliable_grid_counts.1,1951,15785.619169656586,15821.0,15505.0,16014.0,1951,0,0,14785.0,15360.137755102041,196
o1a10,r4t.graph.free_grid_counts.0,1951,761.136340338288,746.0,574.0,966.0,1951,0,0,418.0,533.7448979591836,196
o1a10,r4t.graph.free_grid_counts.1,1951,497.91491542798565,482.0,365.0,661.0,1951,0,0,256.0,338.8520408163265,196
o1a10,r4t.graph.allowed_full_counts.0,1951,11822.172731932342,11630.0,8655.0,15187.0,1951,0,0,6222.0,8014.576530612245,196
o1a10,r4t.graph.allowed_full_counts.1,1951,7774.467452588417,7547.0,5624.0,10360.0,1951,0,0,3952.0,5207.2704081632655,196
o1a10,r4t.graph.qstar_changed_full_counts.0,1951,11822.163505894414,11630.0,8655.0,15187.0,1951,0,0,6222.0,8014.571428571428,196
o1a10,r4t.graph.qstar_changed_full_counts.1,1951,7774.462839569452,7547.0,5624.0,10360.0,1951,0,0,3952.0,5207.2704081632655,196
o1a10,r4t.graph.mean_abs_probability_correction,1951,0.0008921635775506566,0.0008561537833884358,0.0007364819175563753,0.0011032246984541416,1951,0,0,0.0005836201598867774,0.0006965711054734277,196
o1a10,r4t.graph.max_abs_probability_correction,1951,0.13891400137905704,0.13699263334274292,0.10948389768600464,0.1693483591079712,1951,0,0,0.07860279083251953,0.10123625066967643,196
o1a10,r4t.graph.weight_h_mean,1951,0.8959174879430075,0.9005526060601641,0.8531273969914835,0.9329027763690507,1951,0,0,0.7199702275690871,0.8288596204350195,196
o1a10,r4t.graph.weight_v_mean,1951,0.9069563736212752,0.9111925971498613,0.8636506566108916,0.9442730490075322,1951,0,0,0.7373470790586899,0.8424279754038997,196
o1a10,r4t.graph.exact_outside_allowed,1951,1.0,1.0,1.0,1.0,1951,0,0,1.0,1.0,196
o1a10,r4t.graph.exact_reliable_full,1951,1.0,1.0,1.0,1.0,1951,0,0,1.0,1.0,196
o1a10,r4t.graph.graph_seconds,1951,0.09099505487772164,0.09121231990866363,0.08962561399675906,0.09303570492193103,1951,0,0,0.07450417499057949,0.0863243062417403,196
o1a10,r4t.teacher_update,1951,0.0,0.0,0.0,0.0,0,1951,0,0.0,0.0,196
o1a10,r4t.source_unchanged,1951,1.0,1.0,1.0,1.0,1951,0,0,1.0,1.0,196
o1a10,r4t.base_loss,1951,0.06560226857876057,0.05357127636671066,0.03325674310326576,0.10760265588760376,1951,0,0,0.02656342275440693,0.030993047607492427,196
o1a10,r4t.host_seconds,1951,0.6372530613158295,0.6309518469497561,0.5868448379915208,0.692827528109774,1951,0,0,0.47873065806925297,0.5660053862054472,196
o1a10,r4t.trainable_scalars,1951,19136.0,19136.0,19136.0,19136.0,1951,0,0,19136.0,19136.0,196
o1a10,r4t.final_raw_probability_nested_violations,1951,2498.7298821117374,2351.0,918.0,4370.0,1951,0,0,353.0,717.1071428571429,196
o1a10,auxiliary.q.0.total_pixels,1951,262144.0,262144.0,262144.0,262144.0,1951,0,0,262144.0,262144.0,196
o1a10,auxiliary.q.0.gt_foreground,1951,29364.35161455664,28513.0,15296.0,45565.0,1951,0,0,9104.0,13711.244897959185,196
o1a10,auxiliary.q.0.gt_background,1951,232779.64838544338,233631.0,216579.0,246848.0,1951,0,0,185479.0,210883.1530612245,196
o1a10,auxiliary.q.0.pred_foreground,1951,30587.812916453102,30202.0,22029.0,40310.0,1951,0,0,18740.0,20995.95918367347,196
o1a10,auxiliary.q.0.intersection,1951,26061.276268580215,26549.0,14942.0,37800.0,1951,0,0,9104.0,13470.984693877552,196
o1a10,auxiliary.q.0.dice,1951,0.8627088354611837,0.8830052358415071,0.7450578499731821,0.9490069571300866,1951,0,0,0.4265076307601126,0.6762073927678305,196
o1a10,auxiliary.q.0.brier_sum,1951,6010.642420223083,4764.288509717966,2220.534187716241,11470.113524542307,1951,0,0,961.103076579853,1824.5315764923942,196
o1a10,auxiliary.q.0.brier,1951,0.022928781205074626,0.01817431835066973,0.008470665694107975,0.04375501069847987,1951,0,0,0.00366631727821294,0.0069600356158920065,196
o1a10,auxiliary.q.0.foreground_brier_sum,1951,2594.3017697764653,977.8226439187206,29.845388938299706,7459.573147822916,1951,0,0,0.0599937709656686,13.02399103663113,196
o1a10,auxiliary.q.0.background_brier_sum,1951,3416.3406504466184,2850.3821510777198,239.83785143785389,7100.830798950741,1951,0,0,0.004303534974617253,61.959357270287505,196
o1a10,auxiliary.q.0.foreground_brier,1951,0.06546996401198013,0.035377445309442736,0.001830033405551121,0.17807786861373004,1951,0,0,4.1264028451522525e-06,0.0007950666528444828,196
o1a10,auxiliary.q.0.background_brier,1951,0.014354646976269293,0.01222118135514515,0.001089414413784295,0.02914013022509117,1951,0,0,2.3202276131622733e-08,0.00028351792145386547,196
o1a10,auxiliary.q.1.total_pixels,1951,262144.0,262144.0,262144.0,262144.0,1951,0,0,262144.0,262144.0,196
o1a10,auxiliary.q.1.gt_foreground,1951,9633.745771399283,7259.0,2865.0,19762.0,1951,0,0,907.0,2369.5255102040815,196
o1a10,auxiliary.q.1.gt_background,1951,252510.2542286007,254885.0,242382.0,259279.0,1951,0,0,213174.0,236489.056122449,196
o1a10,auxiliary.q.1.pred_foreground,1951,9419.924141465915,8815.0,7528.0,12325.0,1951,0,0,4266.0,6961.061224489796,196
o1a10,auxiliary.q.1.intersection,1951,6701.116863147104,6532.0,2836.0,10817.0,1951,0,0,674.0,2332.0102040816328,196
o1a10,auxiliary.q.1.dice,1951,0.7015365923870205,0.7178969729155603,0.5052085512278793,0.8760007278020379,1951,0,0,0.07448336832799204,0.4322617052887159,196
o1a10,auxiliary.q.1.brier_sum,1951,4347.831733955513,3229.5387096734858,1473.0320122985995,8871.055396557857,1951,0,0,545.2906213119537,1161.951462577534,196
o1a10,auxiliary.q.1.brier,1951,0.0165856618269177,0.012319712485021537,0.005619171189493559,0.033840390764457155,1951,0,0,0.002080118642089667,0.004432493067083488,196
o1a10,auxiliary.q.1.foreground_brier_sum,1951,2365.632557038158,323.71596925458994,3.5323235669397697,7407.50340330909,1951,0,0,0.0042987333112911585,1.1628096820159408,196
o1a10,auxiliary.q.1.background_brier_sum,1951,1982.199176917355,1881.669274405818,61.20518264197102,3860.0973161345455,1951,0,0,0.0002972844489524738,12.983635676678615,196
o1a10,auxiliary.q.1.foreground_brier,1951,0.1365607497297273,0.04961929041008704,0.0010526317710804894,0.4027417802814869,1951,0,0,1.964686156897239e-06,0.00034700903056927466,196
o1a10,auxiliary.q.1.background_brier,1951,0.0077484619194451015,0.007361042425583092,0.0002604778886452612,0.014959635021379983,1951,0,0,1.394562418270867e-09,5.345221107021014e-05,196
o1a10,auxiliary.qstar.0.total_pixels,1951,262144.0,262144.0,262144.0,262144.0,1951,0,0,262144.0,262144.0,196
o1a10,auxiliary.qstar.0.gt_foreground,1951,29364.35161455664,28513.0,15296.0,45565.0,1951,0,0,9104.0,13711.244897959185,196
o1a10,auxiliary.qstar.0.gt_background,1951,232779.64838544338,233631.0,216579.0,246848.0,1951,0,0,185479.0,210883.1530612245,196
o1a10,auxiliary.qstar.0.pred_foreground,1951,30525.84623270118,30175.0,21974.0,40207.0,1951,0,0,19019.0,20937.581632653062,196
o1a10,auxiliary.qstar.0.intersection,1951,26046.976422347514,26592.0,14968.0,37780.0,1951,0,0,9104.0,13481.770408163266,196
o1a10,auxiliary.qstar.0.dice,1951,0.8633767067235967,0.8827556923730163,0.7473014115693329,0.9499154793528133,1951,0,0,0.4261447562776957,0.6779722100931674,196
o1a10,auxiliary.qstar.0.brier_sum,1951,5963.970311619646,4716.928544210723,2175.89969454766,11410.271124801853,1951,0,0,943.6576548543966,1784.7025439798545,196
o1a10,auxiliary.qstar.0.brier,1951,0.022750741240004143,0.017993654419749157,0.008300398615065232,0.04352673005982152,1951,0,0,0.0035997682756591667,0.006808099914473932,196
o1a10,auxiliary.qstar.0.foreground_brier_sum,1951,2589.315022227555,956.4848280419657,32.11537343214762,7401.253906221967,1951,0,0,0.0599937709656686,13.606016797019631,196
o1a10,auxiliary.qstar.0.background_brier_sum,1951,3374.6552893920916,2809.648896442266,246.98929563626376,7004.876945087663,1951,0,0,0.004303534974617253,64.2683427236011,196
o1a10,auxiliary.qstar.0.foreground_brier,1951,0.0652724580643279,0.035099928131069734,0.0019250074176598625,0.17923144177155662,1951,0,0,4.1264028451522525e-06,0.000828744934974766,196
o1a10,auxiliary.qstar.0.background_brier,1951,0.01417847027476935,0.012082373009686058,0.0011151002296959976,0.028836203652494587,1951,0,0,2.3202276131622733e-08,0.0002943549094992247,196
o1a10,auxiliary.qstar.1.total_pixels,1951,262144.0,262144.0,262144.0,262144.0,1951,0,0,262144.0,262144.0,196
o1a10,auxiliary.qstar.1.gt_foreground,1951,9633.745771399283,7259.0,2865.0,19762.0,1951,0,0,907.0,2369.5255102040815,196
o1a10,auxiliary.qstar.1.gt_background,1951,252510.2542286007,254885.0,242382.0,259279.0,1951,0,0,213174.0,236489.056122449,196
o1a10,auxiliary.qstar.1.pred_foreground,1951,9332.278318810866,8742.0,7466.0,12195.0,1951,0,0,4148.0,6884.198979591837,196
o1a10,auxiliary.qstar.1.intersection,1951,6669.159405433111,6511.0,2836.0,10745.0,1951,0,0,675.0,2330.7091836734694,196
o1a10,auxiliary.qstar.1.dice,1951,0.7024170078256502,0.7191380048522905,0.5078599499821365,0.8765652951699463,1951,0,0,0.0751168484308925,0.4335727440216147,196
o1a10,auxiliary.qstar.1.brier_sum,1951,4311.277015747045,3175.8069238806156,1449.9149100424636,8819.017454959228,1951,0,0,548.9881081837583,1151.0973879253568,196
o1a10,auxiliary.qstar.1.brier,1951,0.016446216643322163,0.012114741988680327,0.005530986442727904,0.033641881770932115,1951,0,0,0.0020942234351492245,0.004391088058186938,196
o1a10,auxiliary.qstar.1.foreground_brier_sum,1951,2375.8307697224136,337.345423411088,3.804557135554301,7408.422268725318,1951,0,0,0.0042987333112911585,1.211610205050353,196
o1a10,auxiliary.qstar.1.background_brier_sum,1951,1935.446246024631,1827.9640526345497,60.576014368353555,3787.3434931822767,1951,0,0,0.0002972844489524738,13.132126901971516,196
o1a10,auxiliary.qstar.1.foreground_brier,1951,0.13763222105886846,0.05166499114197076,0.0011017070863426001,0.4032224484796722,1951,0,0,1.964686156897239e-06,0.00036683419337149093,196
o1a10,auxiliary.qstar.1.background_brier,1951,0.007565211691686923,0.0071532080619484805,0.0002562990712731293,0.014629966735444953,1951,0,0,1.394562418270867e-09,5.408327403362204e-05,196
o1a10,auxiliary.graph.transitions.0.denominator,1951,262144.0,262144.0,262144.0,262144.0,1951,0,0,262144.0,262144.0,196
o1a10,auxiliary.graph.transitions.0.wrong_to_correct,1951,200.27575602255254,176.0,107.0,293.0,1951,0,0,37.0,85.95918367346938,196
o1a10,auxiliary.graph.transitions.0.correct_to_wrong,1951,166.9087647360328,147.0,80.0,279.0,1951,0,0,19.0,64.73979591836735,196
o1a10,auxiliary.graph.transitions.0.correct_unchanged,1951,254147.47924141467,255614.0,247225.0,258972.0,1951,0,0,225276.0,242438.52551020408,196
o1a10,auxiliary.graph.transitions.0.wrong_unchanged,1951,7629.336237826756,6217.0,2866.0,14367.0,1951,0,0,838.0,2268.1530612244896,196
o1a10,auxiliary.graph.transitions.1.denominator,1951,11822.172731932342,11630.0,8655.0,15187.0,1951,0,0,6222.0,8014.576530612245,196
o1a10,auxiliary.graph.transitions.1.wrong_to_correct,1951,200.27575602255254,176.0,107.0,293.0,1951,0,0,37.0,85.95918367346938,196
o1a10,auxiliary.graph.transitions.1.correct_to_wrong,1951,166.9087647360328,147.0,80.0,279.0,1951,0,0,19.0,64.73979591836735,196
o1a10,auxiliary.graph.transitions.1.correct_unchanged,1951,7253.2024602767815,7207.0,5403.0,9160.0,1951,0,0,3165.0,4821.8877551020405,196
o1a10,auxiliary.graph.transitions.1.wrong_unchanged,1951,4201.7857508969755,4001.0,2447.0,6274.0,1951,0,0,838.0,2000.6020408163265,196
o1a10,auxiliary.graph.transitions.2.denominator,1951,367.18452075858534,326.0,241.0,516.0,1951,0,0,165.0,219.35714285714286,196
o1a10,auxiliary.graph.transitions.2.wrong_to_correct,1951,200.27575602255254,176.0,107.0,293.0,1951,0,0,37.0,85.95918367346938,196
o1a10,auxiliary.graph.transitions.2.correct_to_wrong,1951,166.9087647360328,147.0,80.0,279.0,1951,0,0,19.0,64.73979591836735,196
o1a10,auxiliary.graph.transitions.2.correct_unchanged,1951,0.0,0.0,0.0,0.0,0,1951,0,0.0,0.0,196
o1a10,auxiliary.graph.transitions.2.wrong_unchanged,1951,0.0,0.0,0.0,0.0,0,1951,0,0.0,0.0,196
o1a10,auxiliary.graph.transitions.3.denominator,1951,262144.0,262144.0,262144.0,262144.0,1951,0,0,262144.0,262144.0,196
o1a10,auxiliary.graph.transitions.3.wrong_to_correct,1951,115.10199897488468,108.0,58.0,179.0,1951,0,0,9.0,43.37244897959184,196
o1a10,auxiliary.graph.transitions.3.correct_to_wrong,1951,91.37109174782162,74.0,32.0,172.0,1951,0,0,8.0,24.75,196
o1a10,auxiliary.graph.transitions.3.correct_unchanged,1951,256401.19272168117,257616.0,251015.0,260028.0,1951,0,0,223286.0,246214.20918367346,196
o1a10,auxiliary.graph.transitions.3.wrong_unchanged,1951,5536.334187596104,4348.0,1963.0,10828.0,1951,0,0,501.0,1505.6683673469388,196
o1a10,auxiliary.graph.transitions.4.denominator,1951,7774.467452588417,7547.0,5624.0,10360.0,1951,0,0,3952.0,5207.2704081632655,196
o1a10,auxiliary.graph.transitions.4.wrong_to_correct,1951,115.10199897488468,108.0,58.0,179.0,1951,0,0,9.0,43.37244897959184,196
o1a10,auxiliary.graph.transitions.4.correct_to_wrong,1951,91.37109174782162,74.0,32.0,172.0,1951,0,0,8.0,24.75,196
o1a10,auxiliary.graph.transitions.4.correct_unchanged,1951,4644.95130702204,4570.0,3365.0,6037.0,1951,0,0,2099.0,3015.076530612245,196
o1a10,auxiliary.graph.transitions.4.wrong_unchanged,1951,2923.04305484367,2779.0,1679.0,4351.0,1951,0,0,501.0,1352.2551020408164,196
o1a10,auxiliary.graph.transitions.5.denominator,1951,206.4730907227063,184.0,128.0,319.0,1951,0,0,76.0,114.18877551020408,196
o1a10,auxiliary.graph.transitions.5.wrong_to_correct,1951,115.10199897488468,108.0,58.0,179.0,1951,0,0,9.0,43.37244897959184,196
o1a10,auxiliary.graph.transitions.5.correct_to_wrong,1951,91.37109174782162,74.0,32.0,172.0,1951,0,0,8.0,24.75,196
o1a10,auxiliary.graph.transitions.5.correct_unchanged,1951,0.0,0.0,0.0,0.0,0,1951,0,0.0,0.0,196
o1a10,auxiliary.graph.transitions.5.wrong_unchanged,1951,0.0,0.0,0.0,0.0,0,1951,0,0.0,0.0,196
o1a10,auxiliary.graph.allowed_counts.0,1951,11822.172731932342,11630.0,8655.0,15187.0,1951,0,0,6222.0,8014.576530612245,196
o1a10,auxiliary.graph.allowed_counts.1,1951,7774.467452588417,7547.0,5624.0,10360.0,1951,0,0,3952.0,5207.2704081632655,196
o1a10,auxiliary.graph.reliable_counts.0,1951,246269.69451563302,248342.0,236904.0,252972.0,1951,0,0,203867.0,230492.26530612246,196
o1a10,auxiliary.graph.reliable_counts.1,1951,252589.0630445925,253174.0,248128.0,256242.0,1951,0,0,236539.0,245791.79081632654,196
o1a10,auxiliary.graph.reliable_correct.0,1951,243519.10917478218,245588.0,232403.0,251853.0,1951,0,0,194528.0,225481.64285714287,196
o1a10,auxiliary.graph.reliable_correct.1,1951,250358.784213224,251437.0,243723.0,255569.0,1951,0,0,213354.0,238961.83163265305,196
o1a10,auxiliary.graph.changed_counts.0,1951,11822.163505894414,11630.0,8655.0,15187.0,1951,0,0,6222.0,8014.571428571428,196
o1a10,auxiliary.graph.changed_counts.1,1951,7774.462839569452,7547.0,5624.0,10360.0,1951,0,0,3952.0,5207.2704081632655,196
o1a10,auxiliary.graph.mean_abs_change,1951,0.0008921635775506566,0.0008561537833884358,0.0007364819175563753,0.0011032246984541416,1951,0,0,0.0005836201598867774,0.0006965711054734277,196
o1a10,auxiliary.graph.outside_allowed_max_change,1951,0.0,0.0,0.0,0.0,0,1951,0,0.0,0.0,196
o1a10,auxiliary.graph.reliable_max_change,1951,0.0,0.0,0.0,0.0,0,1951,0,0.0,0.0,196
o1a10,auxiliary.graph.q_nested_violations,1951,150.58585340850846,76.0,12.0,338.0,1942,9,0,0.0,5.862244897959184,196
o1a10,auxiliary.graph.qstar_nested_violations,1951,150.58585340850846,76.0,12.0,338.0,1942,9,0,0.0,5.862244897959184,196
o1a11,r4t.global_visit,1951,976.0,976.0,196.0,1756.0,1951,0,0,1.0,98.5,196
o1a11,r4t.counts.network_forwards,1951,8.0,8.0,8.0,8.0,1951,0,0,8.0,8.0,196
o1a11,r4t.counts.loss_backward_calls,1951,1.0,1.0,1.0,1.0,1951,0,0,1.0,1.0,196
o1a11,r4t.counts.jacobian_vjp_calls,1951,0.0,0.0,0.0,0.0,0,1951,0,0.0,0.0,196
o1a11,r4t.counts.adam_calls,1951,1.0,1.0,1.0,1.0,1951,0,0,1.0,1.0,196
o1a11,r4t.counts.actual_parameter_replacements,1951,0.0,0.0,0.0,0.0,0,1951,0,0.0,0.0,196
o1a11,r4t.graph.free_nodes,1951,1262.8728856996413,1250.0,982.0,1568.0,1951,0,0,687.0,930.3979591836735,196
o1a11,r4t.graph.steps,1951,64.0,64.0,64.0,64.0,1951,0,0,64.0,64.0,196
o1a11,r4t.graph.energy_before,1951,21.10488855394692,21.097974334618335,14.727312814782735,27.449435654175982,1951,0,0,10.154897443193775,13.41817865783949,196
o1a11,r4t.graph.energy_after,1951,17.845909317774197,17.81510019501591,12.673189832003922,23.054653824910005,1951,0,0,8.9704684286324,11.510746795988764,196
o1a11,r4t.graph.max_free_linear_residual,1951,4.0708615258845933e-10,3.3107339092453003e-10,1.0192113819584847e-10,7.97425681042796e-10,1951,0,0,4.239275597228698e-12,6.901892209681619e-11,196
o1a11,r4t.graph.max_contraction,1951,0.7827070213935595,0.7836218435601977,0.774578322418859,0.7895976431685897,1951,0,0,0.7445483170731065,0.7697047729046834,196
o1a11,r4t.graph.exact_fixed_nodes,1951,1.0,1.0,1.0,1.0,1951,0,0,1.0,1.0,196
o1a11,r4t.graph.grid,1951,128.0,128.0,128.0,128.0,1951,0,0,128.0,128.0,196
o1a11,r4t.graph.potential_undirected_edges,1951,32512.0,32512.0,32512.0,32512.0,1951,0,0,32512.0,32512.0,196
o1a11,r4t.graph.reliable_grid_counts.0,1951,15386.241414659149,15518.0,14803.0,15799.0,1951,0,0,12729.0,14407.505102040815,196
o1a11,r4t.graph.reliable_grid_counts.1,1951,15784.241414659149,15820.0,15504.0,16013.0,1951,0,0,14784.0,15359.158163265307,196
o1a11,r4t.graph.free_grid_counts.0,1951,764.0440799589954,749.0,578.0,966.0,1951,0,0,419.0,537.3163265306123,196
o1a11,r4t.graph.free_grid_counts.1,1951,498.8288057406458,484.0,367.0,660.0,1951,0,0,257.0,340.5255102040816,196
o1a11,r4t.graph.allowed_full_counts.0,1951,11868.1348026653,11666.0,8734.0,15195.0,1951,0,0,6232.0,8073.4795918367345,196
o1a11,r4t.graph.allowed_full_counts.1,1951,7789.790876473603,7568.0,5647.0,10370.0,1951,0,0,3958.0,5232.994897959184,196
o1a11,r4t.graph.qstar_changed_full_counts.0,1951,11868.128139415685,11666.0,8734.0,15195.0,1951,0,0,6232.0,8073.4795918367345,196
o1a11,r4t.graph.qstar_changed_full_counts.1,1951,7789.7857508969755,7568.0,5647.0,10370.0,1951,0,0,3958.0,5232.994897959184,196
o1a11,r4t.graph.mean_abs_probability_correction,1951,0.000918984619394825,0.0008723349310457706,0.0007413550047203898,0.0011638683499768376,1951,0,0,0.0005587194464169443,0.0006957179442052824,196
o1a11,r4t.graph.max_abs_probability_correction,1951,0.13862529142293364,0.13696426153182983,0.10811959207057953,0.17136043310165405,1951,0,0,0.08016360551118851,0.10023850179752525,196
o1a11,r4t.graph.weight_h_mean,1951,0.8959174879430074,0.9005526060601633,0.8531273969914837,0.932902776369051,1951,0,0,0.7199702275690871,0.8288596204350195,196
o1a11,r4t.graph.weight_v_mean,1951,0.9069563736212752,0.9111925971498617,0.8636506566108915,0.9442730490075315,1951,0,0,0.7373470790586899,0.8424279754038998,196
o1a11,r4t.graph.exact_outside_allowed,1951,1.0,1.0,1.0,1.0,1951,0,0,1.0,1.0,196
o1a11,r4t.graph.exact_reliable_full,1951,1.0,1.0,1.0,1.0,1951,0,0,1.0,1.0,196
o1a11,r4t.graph.graph_seconds,1951,0.09402082352407337,0.09311974700540304,0.09201379586011171,0.0999001341406256,1951,0,0,0.07764886086806655,0.0908969211159274,196
o1a11,r4t.teacher_update,1951,0.0,0.0,0.0,0.0,0,1951,0,0.0,0.0,196
o1a11,r4t.source_unchanged,1951,1.0,1.0,1.0,1.0,1951,0,0,1.0,1.0,196
o1a11,r4t.base_loss,1951,0.06581113827646329,0.05358291417360306,0.03348829224705696,0.10778428614139557,1951,0,0,0.02713734656572342,0.031334970441019655,196
o1a11,r4t.host_seconds,1951,0.6287129598284004,0.6244797229301184,0.5818279138766229,0.6858255378901958,1951,0,0,0.48924477817490697,0.5594212131976264,196
o1a11,r4t.trainable_scalars,1951,19136.0,19136.0,19136.0,19136.0,1951,0,0,19136.0,19136.0,196
o1a11,r4t.final_raw_probability_nested_violations,1951,2503.629420809841,2353.0,918.0,4385.0,1951,0,0,354.0,718.0612244897959,196
o1a11,auxiliary.q.0.total_pixels,1951,262144.0,262144.0,262144.0,262144.0,1951,0,0,262144.0,262144.0,196
o1a11,auxiliary.q.0.gt_foreground,1951,29364.35161455664,28513.0,15296.0,45565.0,1951,0,0,9104.0,13711.244897959185,196
o1a11,auxiliary.q.0.gt_background,1951,232779.64838544338,233631.0,216579.0,246848.0,1951,0,0,185479.0,210883.1530612245,196
o1a11,auxiliary.q.0.pred_foreground,1951,30671.115325474115,30337.0,22050.0,40368.0,1951,0,0,18726.0,21007.908163265307,196
o1a11,auxiliary.q.0.intersection,1951,26081.674013326498,26610.0,14950.0,37832.0,1951,0,0,9104.0,13473.117346938776,196
o1a11,auxiliary.q.0.dice,1951,0.8620743988863228,0.8825484764542936,0.7435580060762912,0.9491637142621735,1951,0,0,0.42562075081288797,0.6750996796970883,196
o1a11,auxiliary.q.0.brier_sum,1951,6042.79647974158,4802.55242165921,2240.474153618905,11505.718364812376,1951,0,0,977.3031346805652,1832.3617099440398,196
o1a11,auxiliary.q.0.brier,1951,0.02305143920799858,0.01832028359092411,0.008546730627513523,0.043890832385301115,1951,0,0,0.0037281155955526933,0.006989905204559478,196
o1a11,auxiliary.q.0.foreground_brier_sum,1951,2578.1401814913684,948.1903195073926,28.74588547553736,7412.770377724825,1951,0,0,0.04869758678154312,12.243155612265149,196
o1a11,auxiliary.q.0.background_brier_sum,1951,3464.656298250213,2891.205699190128,241.59541729240604,7159.188071553323,1951,0,0,0.004322625323111609,64.41492892098145,196
o1a11,auxiliary.q.0.foreground_brier,1951,0.06497327466536755,0.03488977303852586,0.0017043907554617555,0.17744944019820008,1951,0,0,3.349445407630726e-06,0.0007451719196538665,196
o1a11,auxiliary.q.0.background_brier,1951,0.014560411891663589,0.012358552298785828,0.0010981832774335358,0.02955348256448048,1951,0,0,2.3305200713350886e-08,0.0002945994555617662,196
o1a11,auxiliary.q.1.total_pixels,1951,262144.0,262144.0,262144.0,262144.0,1951,0,0,262144.0,262144.0,196
o1a11,auxiliary.q.1.gt_foreground,1951,9633.745771399283,7259.0,2865.0,19762.0,1951,0,0,907.0,2369.5255102040815,196
o1a11,auxiliary.q.1.gt_background,1951,252510.2542286007,254885.0,242382.0,259279.0,1951,0,0,213174.0,236489.056122449,196
o1a11,auxiliary.q.1.pred_foreground,1951,9420.013839056894,8821.0,7533.0,12309.0,1951,0,0,4271.0,6964.183673469388,196
o1a11,auxiliary.q.1.intersection,1951,6697.662737057919,6527.0,2836.0,10808.0,1951,0,0,676.0,2331.9744897959185,196
o1a11,auxiliary.q.1.dice,1951,0.7012259591562763,0.717682663207955,0.504086302713305,0.8763809956808366,1951,0,0,0.07475808681227536,0.43186574030154434,196
o1a11,auxiliary.q.1.brier_sum,1951,4352.367357433606,3234.876875672773,1475.1933054085123,8879.203291698033,1951,0,0,545.8358214874432,1163.7127265711686,196
o1a11,auxiliary.q.1.brier,1951,0.016602963857397485,0.012340075972262471,0.005627415868410157,0.03387147251776899,1951,0,0,0.0020821984157083254,0.00443921175602405,196
o1a11,auxiliary.q.1.foreground_brier_sum,1951,2368.1926000335516,317.5945014502424,3.5479462836400018,7410.961096759689,1951,0,0,0.004273721491689031,1.1649752671264455,196
o1a11,auxiliary.q.1.background_brier_sum,1951,1984.1747574000544,1883.8439131371363,60.30448248233425,3872.635907600359,1951,0,0,0.00029724287172498877,12.846538364747472,196
o1a11,auxiliary.q.1.foreground_brier,1951,0.13664933289241393,0.04949787800795939,0.0010597598265609104,0.4037009994385687,1951,0,0,1.953254795104676e-06,0.00034790424746435923,196
o1a11,auxiliary.q.1.background_brier,1951,0.007756099653123513,0.0073614989167812795,0.00024819745598108944,0.014983815850162247,1951,0,0,1.394367379347335e-09,5.2841949093538825e-05,196
o1a11,auxiliary.qstar.0.total_pixels,1951,262144.0,262144.0,262144.0,262144.0,1951,0,0,262144.0,262144.0,196
o1a11,auxiliary.qstar.0.gt_foreground,1951,29364.35161455664,28513.0,15296.0,45565.0,1951,0,0,9104.0,13711.244897959185,196
o1a11,auxiliary.qstar.0.gt_background,1951,232779.64838544338,233631.0,216579.0,246848.0,1951,0,0,185479.0,210883.1530612245,196
o1a11,auxiliary.qstar.0.pred_foreground,1951,30633.438749359302,30352.0,22107.0,40262.0,1951,0,0,18994.0,21011.938775510203,196
o1a11,auxiliary.qstar.0.intersection,1951,26057.52229625833,26613.0,14975.0,37760.0,1951,0,0,9104.0,13479.55612244898,196
o1a11,auxiliary.qstar.0.dice,1951,0.8620090312653504,0.8815915510254206,0.7456044242708822,0.9493843718659756,1951,0,0,0.425283761658603,0.6763967138116356,196
o1a11,auxiliary.qstar.0.brier_sum,1951,6019.9575676629665,4764.52628200032,2232.2771957114264,11437.182034925807,1951,0,0,1001.2015747568444,1822.9172724211876,196
o1a11,auxiliary.qstar.0.brier,1951,0.022964315672542444,0.018175225379945068,0.008515461714597421,0.04362938703508685,1951,0,0,0.0038192809095643782,0.0069538775345656875,196
o1a11,auxiliary.qstar.0.foreground_brier_sum,1951,2579.8005317099546,935.677758084789,29.625596567203292,7478.164420797746,1951,0,0,0.04869758678154312,12.526088391741974,196
o1a11,auxiliary.qstar.0.background_brier_sum,1951,3440.157035953013,2869.1138235698627,250.54836547653932,7099.480173286051,1951,0,0,0.004322625323111609,67.86189816189122,196
o1a11,auxiliary.qstar.0.foreground_brier,1951,0.0649182539137105,0.034722301574116904,0.0017334190312370207,0.1779552513238175,1951,0,0,3.349445407630726e-06,0.0007636717706799633,196
o1a11,auxiliary.qstar.0.background_brier,1951,0.014456725076986376,0.012324721904764795,0.0011465418498569295,0.029310480933499465,1951,0,0,2.3305200713350886e-08,0.0003102891485176367,196
o1a11,auxiliary.qstar.1.total_pixels,1951,262144.0,262144.0,262144.0,262144.0,1951,0,0,262144.0,262144.0,196
o1a11,auxiliary.qstar.1.gt_foreground,1951,9633.745771399283,7259.0,2865.0,19762.0,1951,0,0,907.0,2369.5255102040815,196
o1a11,auxiliary.qstar.1.gt_background,1951,252510.2542286007,254885.0,242382.0,259279.0,1951,0,0,213174.0,236489.056122449,196
o1a11,auxiliary.qstar.1.pred_foreground,1951,9330.087134802665,8765.0,7466.0,12183.0,1951,0,0,4077.0,6885.474489795918,196
o1a11,auxiliary.qstar.1.intersection,1951,6666.471553049718,6514.0,2838.0,10751.0,1951,0,0,657.0,2331.688775510204,196
o1a11,auxiliary.qstar.1.dice,1951,0.7023442811982249,0.7192285876347135,0.5081967213114754,0.877521613832853,1951,0,0,0.07341602413677506,0.43392370850427975,196
o1a11,auxiliary.qstar.1.brier_sum,1951,4310.676744923264,3174.3001667954077,1442.541751296419,8831.967122079475,1951,0,0,547.39536667023,1153.277430698887,196
o1a11,auxiliary.qstar.1.brier,1951,0.01644392679185205,0.012108994166547423,0.005502860074220349,0.033691280830686475,1951,0,0,0.0020881476084527208,0.00439940426139407,196
o1a11,auxiliary.qstar.1.foreground_brier_sum,1951,2375.5776973292272,330.80196607066154,3.79714254414581,7449.849375115697,1951,0,0,0.004273721491689031,1.1985648323731992,196
o1a11,auxiliary.qstar.1.background_brier_sum,1951,1935.0990475940364,1827.6124665158047,60.72656399538708,3790.912157748515,1951,0,0,0.00029724287172498877,13.209682154149064,196
o1a11,auxiliary.qstar.1.foreground_brier,1951,0.13738932433045198,0.05115746661911177,0.0010720718186381954,0.4044601071102778,1951,0,0,1.953254795104676e-06,0.00036152475612439406,196
o1a11,auxiliary.qstar.1.background_brier,1951,0.007563855751274124,0.007173500379837827,0.0002499652753576483,0.014664016268687343,1951,0,0,1.394367379347335e-09,5.4432117750235984e-05,196
o1a11,auxiliary.graph.transitions.0.denominator,1951,262144.0,262144.0,262144.0,262144.0,1951,0,0,262144.0,262144.0,196
o1a11,auxiliary.graph.transitions.0.wrong_to_correct,1951,172.29113275243463,148.0,84.0,260.0,1951,0,0,17.0,66.37244897959184,196
o1a11,auxiliary.graph.transitions.0.correct_to_wrong,1951,182.91799077396206,163.0,96.0,297.0,1951,0,0,20.0,78.70408163265306,196
o1a11,auxiliary.graph.transitions.0.correct_unchanged,1951,254088.96309584827,255563.0,247111.0,258942.0,1951,0,0,225248.0,242384.25,196
o1a11,auxiliary.graph.transitions.0.wrong_unchanged,1951,7699.82778062532,6273.0,2940.0,14428.0,1951,0,0,840.0,2314.158163265306,196
o1a11,auxiliary.graph.transitions.1.denominator,1951,11868.1348026653,11666.0,8734.0,15195.0,1951,0,0,6232.0,8073.4795918367345,196
o1a11,auxiliary.graph.transitions.1.wrong_to_correct,1951,172.29113275243463,148.0,84.0,260.0,1951,0,0,17.0,66.37244897959184,196
o1a11,auxiliary.graph.transitions.1.correct_to_wrong,1951,182.91799077396206,163.0,96.0,297.0,1951,0,0,20.0,78.70408163265306,196
o1a11,auxiliary.graph.transitions.1.correct_unchanged,1951,7262.281394156843,7200.0,5433.0,9172.0,1951,0,0,3198.0,4848.908163265306,196
o1a11,auxiliary.graph.transitions.1.wrong_unchanged,1951,4250.6442849820605,4039.0,2484.0,6323.0,1951,0,0,840.0,2051.918367346939,196
o1a11,auxiliary.graph.transitions.2.denominator,1951,355.2091235263967,315.0,230.0,503.0,1951,0,0,149.0,210.05612244897958,196
o1a11,auxiliary.graph.transitions.2.wrong_to_correct,1951,172.29113275243463,148.0,84.0,260.0,1951,0,0,17.0,66.37244897959184,196
o1a11,auxiliary.graph.transitions.2.correct_to_wrong,1951,182.91799077396206,163.0,96.0,297.0,1951,0,0,20.0,78.70408163265306,196
o1a11,auxiliary.graph.transitions.2.correct_unchanged,1951,0.0,0.0,0.0,0.0,0,1951,0,0.0,0.0,196
o1a11,auxiliary.graph.transitions.2.wrong_unchanged,1951,0.0,0.0,0.0,0.0,0,1951,0,0.0,0.0,196
o1a11,auxiliary.graph.transitions.3.denominator,1951,262144.0,262144.0,262144.0,262144.0,1951,0,0,262144.0,262144.0,196
o1a11,auxiliary.graph.transitions.3.wrong_to_correct,1951,122.17939518195797,111.0,54.0,198.0,1951,0,0,12.0,39.61224489795919,196
o1a11,auxiliary.graph.transitions.3.correct_to_wrong,1951,94.63505894413122,66.0,29.0,196.0,1951,0,0,10.0,23.586734693877553,196
o1a11,auxiliary.graph.transitions.3.correct_unchanged,1951,256390.93080471552,257610.0,250978.0,260009.0,1951,0,0,223292.0,246165.73979591837,196
o1a11,auxiliary.graph.transitions.3.wrong_unchanged,1951,5536.25474115838,4346.0,1970.0,10823.0,1951,0,0,480.0,1517.75,196
o1a11,auxiliary.graph.transitions.4.denominator,1951,7789.790876473603,7568.0,5647.0,10370.0,1951,0,0,3958.0,5232.994897959184,196
o1a11,auxiliary.graph.transitions.4.wrong_to_correct,1951,122.17939518195797,111.0,54.0,198.0,1951,0,0,12.0,39.61224489795919,196
o1a11,auxiliary.graph.transitions.4.correct_to_wrong,1951,94.63505894413122,66.0,29.0,196.0,1951,0,0,10.0,23.586734693877553,196
o1a11,auxiliary.graph.transitions.4.correct_unchanged,1951,4651.394156842644,4578.0,3381.0,6005.0,1951,0,0,2103.0,3033.6428571428573,196
o1a11,auxiliary.graph.transitions.4.wrong_unchanged,1951,2921.582265504869,2772.0,1701.0,4329.0,1951,0,0,480.0,1366.5510204081634,196
o1a11,auxiliary.graph.transitions.5.denominator,1951,216.81445412608917,182.0,115.0,362.0,1951,0,0,62.0,98.83673469387755,196
o1a11,auxiliary.graph.transitions.5.wrong_to_correct,1951,122.17939518195797,111.0,54.0,198.0,1951,0,0,12.0,39.61224489795919,196
o1a11,auxiliary.graph.transitions.5.correct_to_wrong,1951,94.63505894413122,66.0,29.0,196.0,1951,0,0,10.0,23.586734693877553,196
o1a11,auxiliary.graph.transitions.5.correct_unchanged,1951,0.0,0.0,0.0,0.0,0,1951,0,0.0,0.0,196
o1a11,auxiliary.graph.transitions.5.wrong_unchanged,1951,0.0,0.0,0.0,0.0,0,1951,0,0.0,0.0,196
o1a11,auxiliary.graph.allowed_counts.0,1951,11868.1348026653,11666.0,8734.0,15195.0,1951,0,0,6232.0,8073.4795918367345,196
o1a11,auxiliary.graph.allowed_counts.1,1951,7789.790876473603,7568.0,5647.0,10370.0,1951,0,0,3958.0,5232.994897959184,196
o1a11,auxiliary.graph.reliable_counts.0,1951,246214.20861096872,248324.0,236845.0,252896.0,1951,0,0,203850.0,230470.92857142858,196
o1a11,auxiliary.graph.reliable_counts.1,1951,252565.10917478218,253163.0,248106.0,256213.0,1951,0,0,236536.0,245773.94897959183,196
o1a11,auxiliary.graph.reliable_correct.0,1951,243446.73552024603,245518.0,232298.0,251764.0,1951,0,0,194406.0,225429.44897959183,196
o1a11,auxiliary.graph.reliable_correct.1,1951,250335.14966683753,251426.0,243706.0,255556.0,1951,0,0,213352.0,238928.8469387755,196
o1a11,auxiliary.graph.changed_counts.0,1951,11868.128139415685,11666.0,8734.0,15195.0,1951,0,0,6232.0,8073.4795918367345,196
o1a11,auxiliary.graph.changed_counts.1,1951,7789.7857508969755,7568.0,5647.0,10370.0,1951,0,0,3958.0,5232.994897959184,196
o1a11,auxiliary.graph.mean_abs_change,1951,0.000918984619394825,0.0008723349310457706,0.0007413550047203898,0.0011638683499768376,1951,0,0,0.0005587194464169443,0.0006957179442052824,196
o1a11,auxiliary.graph.outside_allowed_max_change,1951,0.0,0.0,0.0,0.0,0,1951,0,0.0,0.0,196
o1a11,auxiliary.graph.reliable_max_change,1951,0.0,0.0,0.0,0.0,0,1951,0,0.0,0.0,196
o1a11,auxiliary.graph.q_nested_violations,1951,150.84520758585342,77.0,12.0,338.0,1942,9,0,0.0,5.744897959183674,196
o1a11,auxiliary.graph.qstar_nested_violations,1951,150.85033316248078,77.0,12.0,338.0,1942,9,0,0.0,5.744897959183674,196
o1a12,r4t.global_visit,1951,976.0,976.0,196.0,1756.0,1951,0,0,1.0,98.5,196
o1a12,r4t.counts.network_forwards,1951,8.0,8.0,8.0,8.0,1951,0,0,8.0,8.0,196
o1a12,r4t.counts.loss_backward_calls,1951,1.0,1.0,1.0,1.0,1951,0,0,1.0,1.0,196
o1a12,r4t.counts.jacobian_vjp_calls,1951,0.0,0.0,0.0,0.0,0,1951,0,0.0,0.0,196
o1a12,r4t.counts.adam_calls,1951,1.0,1.0,1.0,1.0,1951,0,0,1.0,1.0,196
o1a12,r4t.counts.actual_parameter_replacements,1951,0.0,0.0,0.0,0.0,0,1951,0,0.0,0.0,196
o1a12,r4t.graph.free_nodes,1951,1262.1978472578164,1250.0,982.0,1566.0,1951,0,0,687.0,929.8265306122449,196
o1a12,r4t.graph.steps,1951,64.0,64.0,64.0,64.0,1951,0,0,64.0,64.0,196
o1a12,r4t.graph.energy_before,1951,21.11070320295933,21.048519550536298,14.731943675665873,27.429975522821593,1951,0,0,10.174219746564265,13.41903051376903,196
o1a12,r4t.graph.energy_after,1951,17.64480262477366,17.570921769983478,12.506099313089145,22.86388654372825,1951,0,0,8.89925366738996,11.360113044879851,196
o1a12,r4t.graph.max_free_linear_residual,1951,5.41010434014503e-10,4.5274095583636154e-10,1.538111860099889e-10,1.0025669183733044e-09,1951,0,0,7.191580664311914e-12,1.0487938295611343e-10,196
o1a12,r4t.graph.max_contraction,1951,0.7997433643041674,0.7998285347670205,0.7993611850095301,0.8,1951,0,0,0.7974951055944917,0.799138550681791,196
o1a12,r4t.graph.exact_fixed_nodes,1951,1.0,1.0,1.0,1.0,1951,0,0,1.0,1.0,196
o1a12,r4t.graph.grid,1951,128.0,128.0,128.0,128.0,1951,0,0,128.0,128.0,196
o1a12,r4t.graph.potential_undirected_edges,1951,32512.0,32512.0,32512.0,32512.0,1951,0,0,32512.0,32512.0,196
o1a12,r4t.graph.reliable_grid_counts.0,1951,15387.20809841107,15519.0,14805.0,15800.0,1951,0,0,12731.0,14409.040816326531,196
o1a12,r4t.graph.reliable_grid_counts.1,1951,15784.615069195284,15820.0,15504.0,16014.0,1951,0,0,14786.0,15359.658163265307,196
o1a12,r4t.graph.free_grid_counts.0,1951,763.5540748334188,748.0,577.0,966.0,1951,0,0,419.0,536.8214285714286,196
o1a12,r4t.graph.free_grid_counts.1,1951,498.64377242439775,483.0,367.0,662.0,1951,0,0,257.0,340.4540816326531,196
o1a12,r4t.graph.allowed_full_counts.0,1951,11860.258841619681,11660.0,8731.0,15176.0,1951,0,0,6245.0,8066.591836734694,196
o1a12,r4t.graph.allowed_full_counts.1,1951,7786.907739620708,7567.0,5646.0,10365.0,1951,0,0,3950.0,5231.15306122449,196
o1a12,r4t.graph.qstar_changed_full_counts.0,1951,11860.251665812404,11660.0,8731.0,15176.0,1951,0,0,6245.0,8066.591836734694,196
o1a12,r4t.graph.qstar_changed_full_counts.1,1951,7786.901588928755,7567.0,5646.0,10365.0,1951,0,0,3950.0,5231.15306122449,196
o1a12,r4t.graph.mean_abs_probability_correction,1951,0.00093040503827623,0.0008848488214425743,0.0007543603423982859,0.0011753817088901997,1951,0,0,0.0005837037460878491,0.0007114095131662313,196
o1a12,r4t.graph.max_abs_probability_correction,1951,0.14226877751608863,0.14094865322113037,0.1122148334980011,0.17260649800300598,1951,0,0,0.08163148164749146,0.10359062771407926,196
o1a12,r4t.graph.weight_h_mean,1951,0.8959174879430074,0.900552606060164,0.8531273969914835,0.9329027763690507,1951,0,0,0.7199702275690871,0.8288596204350195,196
o1a12,r4t.graph.weight_v_mean,1951,0.9069563736212752,0.9111925971498612,0.8636506566108916,0.9442730490075322,1951,0,0,0.7373470790586899,0.8424279754038998,196
o1a12,r4t.graph.exact_outside_allowed,1951,1.0,1.0,1.0,1.0,1951,0,0,1.0,1.0,196
o1a12,r4t.graph.exact_reliable_full,1951,1.0,1.0,1.0,1.0,1951,0,0,1.0,1.0,196
o1a12,r4t.graph.graph_seconds,1951,0.0974685392001914,0.09616649802774191,0.0936732820700854,0.1040555250365287,1951,0,0,0.07727554789744318,0.09015370220687165,196
o1a12,r4t.teacher_update,1951,0.0,0.0,0.0,0.0,0,1951,0,0.0,0.0,196
o1a12,r4t.source_unchanged,1951,1.0,1.0,1.0,1.0,1951,0,0,1.0,1.0,196
o1a12,r4t.base_loss,1951,0.06573079004100901,0.053481463342905045,0.033464811742305756,0.10740043222904205,1951,0,0,0.02711457759141922,0.03129994683917992,196
o1a12,r4t.host_seconds,1951,0.6507571240013961,0.6514598149806261,0.5979703688062727,0.7027731130365282,1951,0,0,0.4933961909264326,0.5680929975850242,196
o1a12,r4t.trainable_scalars,1951,19136.0,19136.0,19136.0,19136.0,1951,0,0,19136.0,19136.0,196
o1a12,r4t.final_raw_probability_nested_violations,1951,2501.2250128139417,2352.0,918.0,4382.0,1951,0,0,354.0,717.984693877551,196
o1a12,auxiliary.q.0.total_pixels,1951,262144.0,262144.0,262144.0,262144.0,1951,0,0,262144.0,262144.0,196
o1a12,auxiliary.q.0.gt_foreground,1951,29364.35161455664,28513.0,15296.0,45565.0,1951,0,0,9104.0,13711.244897959185,196
o1a12,auxiliary.q.0.gt_background,1951,232779.64838544338,233631.0,216579.0,246848.0,1951,0,0,185479.0,210883.1530612245,196
o1a12,auxiliary.q.0.pred_foreground,1951,30662.309584828294,30319.0,22043.0,40352.0,1951,0,0,18722.0,21002.04081632653,196
o1a12,auxiliary.q.0.intersection,1951,26081.2916453101,26614.0,14950.0,37817.0,1951,0,0,9104.0,13473.489795918367,196
o1a12,auxiliary.q.0.dice,1951,0.862204941092306,0.8826692037082107,0.7438069362314208,0.9492206442674056,1951,0,0,0.4265439627453154,0.6754587596939521,196
o1a12,auxiliary.q.0.brier_sum,1951,6036.910901251848,4792.983236070795,2239.671866987189,11506.143184174405,1951,0,0,974.3950053548424,1830.3585203849225,196
o1a12,auxiliary.q.0.brier,1951,0.02302898750782718,0.018283780044825726,0.008543670146893268,0.043892452942559834,1951,0,0,0.0037170219625657745,0.006982263642825785,196
o1a12,auxiliary.q.0.foreground_brier_sum,1951,2578.5115392528605,947.7433342622808,28.82111113652022,7424.148526129955,1951,0,0,0.048501228127022955,12.265363639025276,196
o1a12,auxiliary.q.0.background_brier_sum,1951,3458.3993619989874,2884.7005177021483,241.52954270231655,7144.91370710937,1951,0,0,0.004323119250257988,64.27244908953728,196
o1a12,auxiliary.q.0.foreground_brier,1951,0.06497920935005588,0.034798209570556446,0.001713568037592201,0.17740776476456607,1951,0,0,3.335939756999997e-06,0.000746581412844861,196
o1a12,auxiliary.q.0.background_brier,1951,0.014534055397296209,0.012338579896814413,0.0011003891543552376,0.02950181804760193,1951,0,0,2.330786369485488e-08,0.00029394044887758443,196
o1a12,auxiliary.q.1.total_pixels,1951,262144.0,262144.0,262144.0,262144.0,1951,0,0,262144.0,262144.0,196
o1a12,auxiliary.q.1.gt_foreground,1951,9633.745771399283,7259.0,2865.0,19762.0,1951,0,0,907.0,2369.5255102040815,196
o1a12,auxiliary.q.1.gt_background,1951,252510.2542286007,254885.0,242382.0,259279.0,1951,0,0,213174.0,236489.056122449,196
o1a12,auxiliary.q.1.pred_foreground,1951,9422.365453613531,8822.0,7535.0,12312.0,1951,0,0,4287.0,6965.857142857143,196
o1a12,auxiliary.q.1.intersection,1951,6699.453100973859,6529.0,2836.0,10811.0,1951,0,0,677.0,2332.285714285714,196
o1a12,auxiliary.q.1.dice,1951,0.7012934060529743,0.7175903220532941,0.5044530714775063,0.8764719254375994,1951,0,0,0.07487281574872816,0.4319279362056775,196
o1a12,auxiliary.q.1.brier_sum,1951,4351.52691461,3234.6365204629706,1472.7360967821976,8868.209508796825,1951,0,0,545.5056804256533,1163.603448701539,196
o1a12,auxiliary.q.1.brier,1951,0.01659975782245636,0.012339159089900858,0.0056180423613822845,0.03382953456419687,1951,0,0,0.0020809390275026447,0.004438794894033581,196
o1a12,auxiliary.q.1.foreground_brier_sum,1951,2366.7626173147455,316.25325555649977,3.5283052227950087,7411.057274690729,1951,0,0,0.00424564170615227,1.1534422288673656,196
o1a12,auxiliary.q.1.background_brier_sum,1951,1984.764297295254,1884.2499569867737,60.08064657188875,3873.9615496977576,1951,0,0,0.0002972324516685315,12.853757258550981,196
o1a12,auxiliary.q.1.foreground_brier,1951,0.13652401775256806,0.049333303790561715,0.0010570020357816795,0.40337828166417766,1951,0,0,1.9404212550970156e-06,0.00034435632778055485,196
o1a12,auxiliary.q.1.background_brier,1951,0.007758375891064049,0.007367370466791987,0.0002473065224824597,0.014973196860295596,1951,0,0,1.3943184988250513e-09,5.287411972949709e-05,196
o1a12,auxiliary.qstar.0.total_pixels,1951,262144.0,262144.0,262144.0,262144.0,1951,0,0,262144.0,262144.0,196
o1a12,auxiliary.qstar.0.gt_foreground,1951,29364.35161455664,28513.0,15296.0,45565.0,1951,0,0,9104.0,13711.244897959185,196
o1a12,auxiliary.qstar.0.gt_background,1951,232779.64838544338,233631.0,216579.0,246848.0,1951,0,0,185479.0,210883.1530612245,196
o1a12,auxiliary.qstar.0.pred_foreground,1951,30624.783188108664,30334.0,22089.0,40261.0,1951,0,0,18977.0,21005.071428571428,196
o1a12,auxiliary.qstar.0.intersection,1951,26056.77344951307,26616.0,14976.0,37768.0,1951,0,0,9104.0,13479.852040816326,196
o1a12,auxiliary.qstar.0.dice,1951,0.8621249520864757,0.8818947937397116,0.7456770833333334,0.9495064219518384,1951,0,0,0.4268032122596331,0.6767137126839368,196
o1a12,auxiliary.qstar.0.brier_sum,1951,6015.1920950841395,4761.302083022477,2228.9903855921366,11443.84486952959,1951,0,0,995.560702305612,1821.2471699942507,196
o1a12,auxiliary.qstar.0.brier,1951,0.022946136837326582,0.01816292603692046,0.008502923529022738,0.04365480373203121,1951,0,0,0.003797762688848923,0.006947506599404338,196
o1a12,auxiliary.qstar.0.foreground_brier_sum,1951,2580.462266360044,935.852599142552,29.616216220367917,7483.010681041082,1951,0,0,0.048501228127022955,12.525389152580777,196
o1a12,auxiliary.qstar.0.background_brier_sum,1951,3434.7298287240956,2863.7624070725556,251.12274703798957,7097.312366489667,1951,0,0,0.004323119250257988,67.74217445148074,196
o1a12,auxiliary.qstar.0.foreground_brier,1951,0.06493225544838872,0.0345946402300845,0.001752336140624581,0.17822738984452527,1951,0,0,3.335939756999997e-06,0.0007637358377790683,196
o1a12,auxiliary.qstar.0.background_brier,1951,0.01443384567932123,0.012291406960173923,0.0011467942553967949,0.02928873847275585,1951,0,0,2.330786369485488e-08,0.00030974658786412463,196
o1a12,auxiliary.qstar.1.total_pixels,1951,262144.0,262144.0,262144.0,262144.0,1951,0,0,262144.0,262144.0,196
o1a12,auxiliary.qstar.1.gt_foreground,1951,9633.745771399283,7259.0,2865.0,19762.0,1951,0,0,907.0,2369.5255102040815,196
o1a12,auxiliary.qstar.1.gt_background,1951,252510.2542286007,254885.0,242382.0,259279.0,1951,0,0,213174.0,236489.056122449,196
o1a12,auxiliary.qstar.1.pred_foreground,1951,9333.740133264992,8762.0,7469.0,12206.0,1951,0,0,4102.0,6888.428571428572,196
o1a12,auxiliary.qstar.1.intersection,1951,6668.400820092261,6517.0,2838.0,10760.0,1951,0,0,655.0,2331.9132653061224,196
o1a12,auxiliary.qstar.1.dice,1951,0.7023667955178952,0.7189678587596198,0.5079488930069248,0.87720156555773,1951,0,0,0.07319662513270381,0.4338997378197415,196
o1a12,auxiliary.qstar.1.brier_sum,1951,4310.681573242056,3178.3522213428037,1448.7423647059663,8830.885912276452,1951,0,0,547.2433846658995,1152.954542983948,196
o1a12,auxiliary.qstar.1.brier,1951,0.016443945210426546,0.012124451527949538,0.005526513537238946,0.03368715634260731,1951,0,0,0.002087567843116377,0.004398172542510788,196
o1a12,auxiliary.qstar.1.foreground_brier_sum,1951,2374.178074081197,330.32625654396816,3.7445109447467217,7450.747395741882,1951,0,0,0.00424564170615227,1.189117160666121,196
o1a12,auxiliary.qstar.1.background_brier_sum,1951,1936.5034991608593,1829.6571332696349,59.77565157462563,3796.039650409565,1951,0,0,0.0002972324516685315,13.206257672406277,196
o1a12,auxiliary.qstar.1.foreground_brier,1951,0.13725822506052004,0.05093768185628436,0.0010926498233868461,0.40428473132803794,1951,0,0,1.9404212550970156e-06,0.0003583604888363324,196
o1a12,auxiliary.qstar.1.background_brier,1951,0.0075693124699158796,0.007183845345008635,0.00025070102687138363,0.014678831652537808,1951,0,0,1.3943184988250513e-09,5.441741975605969e-05,196
o1a12,auxiliary.graph.transitions.0.denominator,1951,262144.0,262144.0,262144.0,262144.0,1951,0,0,262144.0,262144.0,196
o1a12,auxiliary.graph.transitions.0.wrong_to_correct,1951,176.495130702204,153.0,88.0,261.0,1951,0,0,18.0,71.27551020408163,196
o1a12,auxiliary.graph.transitions.0.correct_to_wrong,1951,188.00512557662736,168.0,101.0,300.0,1951,0,0,26.0,84.19897959183673,196
o1a12,auxiliary.graph.transitions.0.correct_unchanged,1951,254091.91696565863,255552.0,247128.0,258946.0,1951,0,0,225257.0,242397.56632653062,196
o1a12,auxiliary.graph.transitions.0.wrong_unchanged,1951,7687.582778062532,6262.0,2931.0,14426.0,1951,0,0,835.0,2307.1938775510203,196
o1a12,auxiliary.graph.transitions.1.denominator,1951,11860.258841619681,11660.0,8731.0,15176.0,1951,0,0,6245.0,8066.591836734694,196
o1a12,auxiliary.graph.transitions.1.wrong_to_correct,1951,176.495130702204,153.0,88.0,261.0,1951,0,0,18.0,71.27551020408163,196
o1a12,auxiliary.graph.transitions.1.correct_to_wrong,1951,188.00512557662736,168.0,101.0,300.0,1951,0,0,26.0,84.19897959183673,196
o1a12,auxiliary.graph.transitions.1.correct_unchanged,1951,7253.302409021015,7198.0,5432.0,9166.0,1951,0,0,3190.0,4840.275510204082,196
o1a12,auxiliary.graph.transitions.1.wrong_unchanged,1951,4242.456176319836,4037.0,2468.0,6314.0,1951,0,0,835.0,2045.0816326530612,196
o1a12,auxiliary.graph.transitions.2.denominator,1951,364.5002562788314,325.0,242.0,511.0,1951,0,0,129.0,221.0204081632653,196
o1a12,auxiliary.graph.transitions.2.wrong_to_correct,1951,176.495130702204,153.0,88.0,261.0,1951,0,0,18.0,71.27551020408163,196
o1a12,auxiliary.graph.transitions.2.correct_to_wrong,1951,188.00512557662736,168.0,101.0,300.0,1951,0,0,26.0,84.19897959183673,196
o1a12,auxiliary.graph.transitions.2.correct_unchanged,1951,0.0,0.0,0.0,0.0,0,1951,0,0.0,0.0,196
o1a12,auxiliary.graph.transitions.2.wrong_unchanged,1951,0.0,0.0,0.0,0.0,0,1951,0,0.0,0.0,196
o1a12,auxiliary.graph.transitions.3.denominator,1951,262144.0,262144.0,262144.0,262144.0,1951,0,0,262144.0,262144.0,196
o1a12,auxiliary.graph.transitions.3.wrong_to_correct,1951,124.05125576627371,114.0,56.0,198.0,1951,0,0,13.0,41.84183673469388,196
o1a12,auxiliary.graph.transitions.3.correct_to_wrong,1951,97.53049718093285,70.0,33.0,196.0,1951,0,0,10.0,26.066326530612244,196
o1a12,auxiliary.graph.transitions.3.correct_unchanged,1951,256389.26447975397,257608.0,250996.0,260003.0,1951,0,0,223287.0,246170.0306122449,196
o1a12,auxiliary.graph.transitions.3.wrong_unchanged,1951,5533.153767298822,4341.0,1967.0,10816.0,1951,0,0,481.0,1514.9489795918366,196
o1a12,auxiliary.graph.transitions.4.denominator,1951,7786.907739620708,7567.0,5646.0,10365.0,1951,0,0,3950.0,5231.15306122449,196
o1a12,auxiliary.graph.transitions.4.wrong_to_correct,1951,124.05125576627371,114.0,56.0,198.0,1951,0,0,13.0,41.84183673469388,196
o1a12,auxiliary.graph.transitions.4.correct_to_wrong,1951,97.53049718093285,70.0,33.0,196.0,1951,0,0,10.0,26.066326530612244,196
o1a12,auxiliary.graph.transitions.4.correct_unchanged,1951,4646.578165043567,4576.0,3373.0,6002.0,1951,0,0,2090.0,3029.326530612245,196
o1a12,auxiliary.graph.transitions.4.wrong_unchanged,1951,2918.7478216299332,2768.0,1699.0,4330.0,1951,0,0,481.0,1363.6479591836735,196
o1a12,auxiliary.graph.transitions.5.denominator,1951,221.58175294720655,188.0,120.0,366.0,1951,0,0,69.0,105.31122448979592,196
o1a12,auxiliary.graph.transitions.5.wrong_to_correct,1951,124.05125576627371,114.0,56.0,198.0,1951,0,0,13.0,41.84183673469388,196
o1a12,auxiliary.graph.transitions.5.correct_to_wrong,1951,97.53049718093285,70.0,33.0,196.0,1951,0,0,10.0,26.066326530612244,196
o1a12,auxiliary.graph.transitions.5.correct_unchanged,1951,0.0,0.0,0.0,0.0,0,1951,0,0.0,0.0,196
o1a12,auxiliary.graph.transitions.5.wrong_unchanged,1951,0.0,0.0,0.0,0.0,0,1951,0,0.0,0.0,196
o1a12,auxiliary.graph.allowed_counts.0,1951,11860.258841619681,11660.0,8731.0,15176.0,1951,0,0,6245.0,8066.591836734694,196
o1a12,auxiliary.graph.allowed_counts.1,1951,7786.907739620708,7567.0,5646.0,10365.0,1951,0,0,3950.0,5231.15306122449,196
o1a12,auxiliary.graph.reliable_counts.0,1951,246230.0794464377,248333.0,236881.0,252908.0,1951,0,0,203903.0,230495.6173469388,196
o1a12,auxiliary.graph.reliable_counts.1,1951,252571.60174269605,253165.0,248126.0,256212.0,1951,0,0,236549.0,245784.8775510204,196
o1a12,auxiliary.graph.reliable_correct.0,1951,243464.97693490516,245545.0,232303.0,251783.0,1951,0,0,194491.0,225458.89795918367,196
o1a12,auxiliary.graph.reliable_correct.1,1951,250341.49615581753,251440.0,243710.0,255559.0,1951,0,0,213353.0,238937.91326530612,196
o1a12,auxiliary.graph.changed_counts.0,1951,11860.251665812404,11660.0,8731.0,15176.0,1951,0,0,6245.0,8066.591836734694,196
o1a12,auxiliary.graph.changed_counts.1,1951,7786.901588928755,7567.0,5646.0,10365.0,1951,0,0,3950.0,5231.15306122449,196
o1a12,auxiliary.graph.mean_abs_change,1951,0.00093040503827623,0.0008848488214425743,0.0007543603423982859,0.0011753817088901997,1951,0,0,0.0005837037460878491,0.0007114095131662313,196
o1a12,auxiliary.graph.outside_allowed_max_change,1951,0.0,0.0,0.0,0.0,0,1951,0,0.0,0.0,196
o1a12,auxiliary.graph.reliable_max_change,1951,0.0,0.0,0.0,0.0,0,1951,0,0.0,0.0,196
o1a12,auxiliary.graph.q_nested_violations,1951,150.57919015889289,77.0,12.0,339.0,1942,9,0,0.0,5.775510204081633,196
o1a12,auxiliary.graph.qstar_nested_violations,1951,150.5838031778575,77.0,12.0,339.0,1942,9,0,0.0,5.775510204081633,196
o1a13,r4t.global_visit,1951,976.0,976.0,196.0,1756.0,1951,0,0,1.0,98.5,196
o1a13,r4t.counts.network_forwards,1951,8.0,8.0,8.0,8.0,1951,0,0,8.0,8.0,196
o1a13,r4t.counts.loss_backward_calls,1951,1.0,1.0,1.0,1.0,1951,0,0,1.0,1.0,196
o1a13,r4t.counts.jacobian_vjp_calls,1951,0.0,0.0,0.0,0.0,0,1951,0,0.0,0.0,196
o1a13,r4t.counts.adam_calls,1951,1.0,1.0,1.0,1.0,1951,0,0,1.0,1.0,196
o1a13,r4t.counts.actual_parameter_replacements,1951,0.0,0.0,0.0,0.0,0,1951,0,0.0,0.0,196
o1a13,r4t.graph.free_nodes,1951,1586.666324961558,1468.0,992.0,2337.0,1951,0,0,690.0,934.6632653061224,196
o1a13,r4t.graph.steps,1951,64.0,64.0,64.0,64.0,1951,0,0,64.0,64.0,196
o1a13,r4t.graph.energy_before,1951,17.899841316222567,17.695133391868843,13.126883703727437,22.68306084081266,1951,0,0,9.700558080618903,12.067337829221408,196
o1a13,r4t.graph.energy_after,1951,14.67938359102563,14.408701455778022,10.705815401372565,18.888628072821053,1951,0,0,7.509594821513279,9.679122356214132,196
o1a13,r4t.graph.max_free_linear_residual,1951,1.633168162015011e-09,1.2533774018663735e-09,1.3519230179781516e-10,3.717501195765749e-09,1951,0,0,2.0938806244430452e-12,7.19433871886763e-11,196
o1a13,r4t.graph.max_contraction,1951,0.799914694596063,0.8,0.7997138720844329,0.8,1951,0,0,0.7986497320103382,0.799560528786043,196
o1a13,r4t.graph.exact_fixed_nodes,1951,1.0,1.0,1.0,1.0,1951,0,0,1.0,1.0,196
o1a13,r4t.graph.grid,1951,128.0,128.0,128.0,128.0,1951,0,0,128.0,128.0,196
o1a13,r4t.graph.potential_undirected_edges,1951,32512.0,32512.0,32512.0,32512.0,1951,0,0,32512.0,32512.0,196
o1a13,r4t.graph.reliable_grid_counts.0,1951,15393.454126089186,15523.0,14808.0,15807.0,1951,0,0,12756.0,14413.010204081633,196
o1a13,r4t.graph.reliable_grid_counts.1,1951,15787.879548949257,15824.0,15511.0,16015.0,1951,0,0,14788.0,15363.959183673469,196
o1a13,r4t.graph.free_grid_counts.0,1951,990.545873910815,861.0,577.0,1576.0,1951,0,0,421.0,534.9591836734694,196
o1a13,r4t.graph.free_grid_counts.1,1951,596.1204510507432,560.0,369.0,873.0,1951,0,0,255.0,339.734693877551,196
o1a13,r4t.graph.allowed_full_counts.0,1951,15328.92875448488,13287.0,8684.0,24638.0,1951,0,0,6254.0,8016.576530612245,196
o1a13,r4t.graph.allowed_full_counts.1,1951,9212.966683751922,8638.0,5670.0,13547.0,1951,0,0,3940.0,5215.352040816327,196
o1a13,r4t.graph.qstar_changed_full_counts.0,1951,15328.9215786776,13287.0,8684.0,24638.0,1951,0,0,6254.0,8016.576530612245,196
o1a13,r4t.graph.qstar_changed_full_counts.1,1951,9212.961045617632,8638.0,5670.0,13547.0,1951,0,0,3940.0,5215.352040816327,196
o1a13,r4t.graph.mean_abs_probability_correction,1951,0.001032090383343855,0.0010043708607554436,0.0007654951186850667,0.0013236395316198468,1951,0,0,0.0005947730969637632,0.0007231985744473771,196
o1a13,r4t.graph.max_abs_probability_correction,1951,0.13939897833284143,0.1374504566192627,0.1101061999797821,0.16962963342666626,1951,0,0,0.08284920454025269,0.10255866345702386,196
o1a13,r4t.graph.weight_h_mean,1951,0.8959174879430075,0.9005526060601641,0.8531273969914835,0.9329027763690507,1951,0,0,0.7199702275690871,0.8288596204350195,196
o1a13,r4t.graph.weight_v_mean,1951,0.9069563736212752,0.9111925971498613,0.8636506566108916,0.9442730490075322,1951,0,0,0.7373470790586899,0.8424279754038997,196
o1a13,r4t.graph.exact_outside_allowed,1951,1.0,1.0,1.0,1.0,1951,0,0,1.0,1.0,196
o1a13,r4t.graph.exact_reliable_full,1951,1.0,1.0,1.0,1.0,1951,0,0,1.0,1.0,196
o1a13,r4t.graph.graph_seconds,1951,0.09339338578921058,0.09347759699448943,0.09190556104294956,0.0947266430594027,1951,0,0,0.07695803511887789,0.09085756270167399,196
o1a13,r4t.teacher_update,1951,0.0,0.0,0.0,0.0,0,1951,0,0.0,0.0,196
o1a13,r4t.source_unchanged,1951,1.0,1.0,1.0,1.0,1951,0,0,1.0,1.0,196
o1a13,r4t.base_loss,1951,0.06486748084464115,0.053036659955978394,0.03303031995892525,0.10620502382516861,1951,0,0,0.026364976540207863,0.030795872249469464,196
o1a13,r4t.host_seconds,1951,0.6398260524569949,0.635518864961341,0.5903961099684238,0.6959436689503491,1951,0,0,0.5032865188550204,0.5678735754847032,196
o1a13,r4t.trainable_scalars,1951,19136.0,19136.0,19136.0,19136.0,1951,0,0,19136.0,19136.0,196
o1a13,r4t.final_raw_probability_nested_violations,1951,2483.545873910815,2338.0,917.0,4345.0,1951,0,0,353.0,715.1683673469388,196
o1a13,auxiliary.q.0.total_pixels,1951,262144.0,262144.0,262144.0,262144.0,1951,0,0,262144.0,262144.0,196
o1a13,auxiliary.q.0.gt_foreground,1951,29364.35161455664,28513.0,15296.0,45565.0,1951,0,0,9104.0,13711.244897959185,196
o1a13,auxiliary.q.0.gt_background,1951,232779.64838544338,233631.0,216579.0,246848.0,1951,0,0,185479.0,210883.1530612245,196
o1a13,auxiliary.q.0.pred_foreground,1951,30491.597642234752,30093.0,21991.0,40150.0,1951,0,0,18740.0,20973.367346938776,196
o1a13,auxiliary.q.0.intersection,1951,26024.630445925166,26520.0,14943.0,37748.0,1951,0,0,9104.0,13470.413265306122,196
o1a13,auxiliary.q.0.dice,1951,0.8630732751987714,0.8830351782927122,0.7458618348911285,0.9491993696130124,1951,0,0,0.42962907846274045,0.6774505126567059,196
o1a13,auxiliary.q.0.brier_sum,1951,5995.38339739977,4748.108773981088,2205.9386931865747,11475.343995064079,1951,0,0,946.0351932427601,1816.51042983787,196
o1a13,auxiliary.q.0.brier,1951,0.022870572652434425,0.01811259755699573,0.008414988301035212,0.043774963360077204,1951,0,0,0.0036088378648481754,0.0069294373696818165,196
o1a13,auxiliary.q.0.foreground_brier_sum,1951,2624.3215714922544,993.9341682781853,30.637930148851307,7463.859924822368,1951,0,0,0.0639115048067076,13.495744489915198,196
o1a13,auxiliary.q.0.background_brier_sum,1951,3371.0618259075145,2826.393400216721,225.78434044256915,7021.001229630111,1951,0,0,0.004305099951592813,58.14240800670836,196
o1a13,auxiliary.q.0.foreground_brier,1951,0.0662524772328817,0.036330647004970816,0.0019042103351067279,0.17991622764785417,1951,0,0,4.3958666212743375e-06,0.0008258239639080961,196
o1a13,auxiliary.q.0.background_brier,1951,0.014161515692550105,0.012086207384297408,0.0010329046736832236,0.028928899095296626,1951,0,0,2.321071362037111e-08,0.00026616543982424447,196
o1a13,auxiliary.q.1.total_pixels,1951,262144.0,262144.0,262144.0,262144.0,1951,0,0,262144.0,262144.0,196
o1a13,auxiliary.q.1.gt_foreground,1951,9633.745771399283,7259.0,2865.0,19762.0,1951,0,0,907.0,2369.5255102040815,196
o1a13,auxiliary.q.1.gt_background,1951,252510.2542286007,254885.0,242382.0,259279.0,1951,0,0,213174.0,236489.056122449,196
o1a13,auxiliary.q.1.pred_foreground,1951,9390.299333675039,8790.0,7512.0,12269.0,1951,0,0,4284.0,6954.7295918367345,196
o1a13,auxiliary.q.1.intersection,1951,6688.918503331624,6523.0,2836.0,10779.0,1951,0,0,672.0,2332.25,196
o1a13,auxiliary.q.1.dice,1951,0.701698091131396,0.7183945401364966,0.5052607502287283,0.8766138855054811,1951,0,0,0.07445158431198759,0.43245508829362844,196
o1a13,auxiliary.q.1.brier_sum,1951,4346.248841408706,3223.3615536287675,1475.9898748345627,8876.579624550355,1951,0,0,542.0069694123541,1154.7142707035093,196
o1a13,auxiliary.q.1.brier,1951,0.016579623571047614,0.012296148504748411,0.005630454539621592,0.03386146402187483,1951,0,0,0.0020675925041670003,0.004404885371030843,196
o1a13,auxiliary.q.1.foreground_brier_sum,1951,2376.5621399594233,325.6012013326407,3.61518508447406,7422.288195404349,1951,0,0,0.004316943854519195,1.1720156264891624,196
o1a13,auxiliary.q.1.background_brier_sum,1951,1969.6867014492825,1869.2486963884576,58.59934740550438,3848.0048533388654,1951,0,0,0.00029715868292714333,12.43921369215474,196
o1a13,auxiliary.q.1.foreground_brier,1951,0.13728487967497446,0.04995233263535787,0.0010757053172777,0.40467148206080567,1951,0,0,1.9730090742775114e-06,0.0003500096383237228,196
o1a13,auxiliary.q.1.background_brier,1951,0.007699148447857364,0.007312656096867917,0.0002458333035066267,0.01487471158310152,1951,0,0,1.3939724493941256e-09,5.115856733617471e-05,196
o1a13,auxiliary.qstar.0.total_pixels,1951,262144.0,262144.0,262144.0,262144.0,1951,0,0,262144.0,262144.0,196
o1a13,auxiliary.qstar.0.gt_foreground,1951,29364.35161455664,28513.0,15296.0,45565.0,1951,0,0,9104.0,13711.244897959185,196
o1a13,auxiliary.qstar.0.gt_background,1951,232779.64838544338,233631.0,216579.0,246848.0,1951,0,0,185479.0,210883.1530612245,196
o1a13,auxiliary.qstar.0.pred_foreground,1951,30430.088672475653,30071.0,21947.0,40067.0,1951,0,0,19017.0,20918.882653061224,196
o1a13,auxiliary.qstar.0.intersection,1951,26010.039979497695,26523.0,14968.0,37708.0,1951,0,0,9104.0,13481.081632653062,196
o1a13,auxiliary.qstar.0.dice,1951,0.863723404765849,0.8834228046467226,0.7477506426735219,0.9503333701117539,1951,0,0,0.4291200534312907,0.6791336269449729,196
o1a13,auxiliary.qstar.0.brier_sum,1951,5942.406370804177,4670.310187028038,2163.6458248859885,11428.541778037119,1951,0,0,930.9164941219885,1772.2397215050012,196
o1a13,auxiliary.qstar.0.brier,1951,0.022668481333939273,0.01781581950007644,0.008253653811973528,0.043596427070759274,1951,0,0,0.003551164604652361,0.0067605580196571395,196
o1a13,auxiliary.qstar.0.foreground_brier_sum,1951,2621.0606058851918,969.7956222934318,31.870871070451102,7480.9001963276805,1951,0,0,0.0639115048067076,13.537614991032136,196
o1a13,auxiliary.qstar.0.background_brier_sum,1951,3321.345764918986,2757.7293215490404,234.92195781427137,6912.853228040085,1951,0,0,0.004305099951592813,60.08433734058198,196
o1a13,auxiliary.qstar.0.foreground_brier,1951,0.06606828798247062,0.03573292799659093,0.001923118748094249,0.18159400171311224,1951,0,0,4.3958666212743375e-06,0.0008281184326644121,196
o1a13,auxiliary.qstar.0.background_brier,1951,0.013952438770910285,0.011816816068449412,0.001060288560707284,0.028551030262122207,1951,0,0,2.321071362037111e-08,0.00027511051031161947,196
o1a13,auxiliary.qstar.1.total_pixels,1951,262144.0,262144.0,262144.0,262144.0,1951,0,0,262144.0,262144.0,196
o1a13,auxiliary.qstar.1.gt_foreground,1951,9633.745771399283,7259.0,2865.0,19762.0,1951,0,0,907.0,2369.5255102040815,196
o1a13,auxiliary.qstar.1.gt_background,1951,252510.2542286007,254885.0,242382.0,259279.0,1951,0,0,213174.0,236489.056122449,196
o1a13,auxiliary.qstar.1.pred_foreground,1951,9302.27319323424,8718.0,7446.0,12137.0,1951,0,0,4173.0,6876.40306122449,196
o1a13,auxiliary.qstar.1.intersection,1951,6656.727319323424,6503.0,2835.0,10709.0,1951,0,0,668.0,2330.831632653061,196
o1a13,auxiliary.qstar.1.dice,1951,0.7025737419161384,0.7194895404248445,0.5082959203591646,0.8767395626242545,1951,0,0,0.07454109245104057,0.4337875610420447,196
o1a13,auxiliary.qstar.1.brier_sum,1951,4309.5886776944335,3161.2074701208257,1432.587115194954,8832.991999901118,1951,0,0,546.3881942703924,1143.4638134856582,196
o1a13,auxiliary.qstar.1.brier,1951,0.016439776144769415,0.012059049492343238,0.005464886151103798,0.033695190429310296,1951,0,0,0.0020843055506530473,0.004361968282644875,196
o1a13,auxiliary.qstar.1.foreground_brier_sum,1951,2390.6240380441413,342.03213928337743,3.726399103586516,7474.546430005046,1951,0,0,0.004316943854519195,1.2105372310680658,196
o1a13,auxiliary.qstar.1.background_brier_sum,1951,1918.964639650293,1809.8154651165166,57.15181173984777,3763.8261589246763,1951,0,0,0.00029715868292714333,12.296671843719825,196
o1a13,auxiliary.qstar.1.foreground_brier,1951,0.1385492946678468,0.05226152157992991,0.00108178071383551,0.40608903316066347,1951,0,0,1.9730090742775114e-06,0.0003673416869560795,196
o1a13,auxiliary.qstar.1.background_brier,1951,0.007500380201355225,0.007101584997576163,0.00024118759174479986,0.014581524623688441,1951,0,0,1.3939724493941256e-09,5.0648001517553105e-05,196
o1a13,auxiliary.graph.transitions.0.denominator,1951,262144.0,262144.0,262144.0,262144.0,1951,0,0,262144.0,262144.0,196
o1a13,auxiliary.graph.transitions.0.wrong_to_correct,1951,198.39620707329576,175.0,106.0,287.0,1951,0,0,37.0,85.63775510204081,196
o1a13,auxiliary.graph.transitions.0.correct_to_wrong,1951,166.06817016914403,145.0,80.0,278.0,1951,0,0,18.0,64.66836734693878,196
o1a13,auxiliary.graph.transitions.0.correct_unchanged,1951,254171.2434648898,255639.0,247239.0,258974.0,1951,0,0,225271.0,242469.056122449,196
o1a13,auxiliary.graph.transitions.0.wrong_unchanged,1951,7608.29215786776,6185.0,2855.0,14379.0,1951,0,0,843.0,2259.5867346938776,196
o1a13,auxiliary.graph.transitions.1.denominator,1951,15328.92875448488,13287.0,8684.0,24638.0,1951,0,0,6254.0,8016.576530612245,196
o1a13,auxiliary.graph.transitions.1.wrong_to_correct,1951,198.39620707329576,175.0,106.0,287.0,1951,0,0,37.0,85.63775510204081,196
o1a13,auxiliary.graph.transitions.1.correct_to_wrong,1951,166.06817016914403,145.0,80.0,278.0,1951,0,0,18.0,64.66836734693878,196
o1a13,auxiliary.graph.transitions.1.correct_unchanged,1951,10210.903639159405,8534.0,5416.0,17338.0,1951,0,0,3213.0,4842.780612244898,196
o1a13,auxiliary.graph.transitions.1.wrong_unchanged,1951,4753.560738083034,4156.0,2436.0,7636.0,1951,0,0,843.0,1994.5765306122448,196
o1a13,auxiliary.graph.transitions.2.denominator,1951,364.46437724243975,326.0,239.0,511.0,1951,0,0,152.0,217.33673469387756,196
o1a13,auxiliary.graph.transitions.2.wrong_to_correct,1951,198.39620707329576,175.0,106.0,287.0,1951,0,0,37.0,85.63775510204081,196
o1a13,auxiliary.graph.transitions.2.correct_to_wrong,1951,166.06817016914403,145.0,80.0,278.0,1951,0,0,18.0,64.66836734693878,196
o1a13,auxiliary.graph.transitions.2.correct_unchanged,1951,0.0,0.0,0.0,0.0,0,1951,0,0.0,0.0,196
o1a13,auxiliary.graph.transitions.2.wrong_unchanged,1951,0.0,0.0,0.0,0.0,0,1951,0,0.0,0.0,196
o1a13,auxiliary.graph.transitions.3.denominator,1951,262144.0,262144.0,262144.0,262144.0,1951,0,0,262144.0,262144.0,196
o1a13,auxiliary.graph.transitions.3.wrong_to_correct,1951,114.81547924141466,108.0,58.0,177.0,1951,0,0,6.0,43.515306122448976,196
o1a13,auxiliary.graph.transitions.3.correct_to_wrong,1951,91.17170681701691,74.0,32.0,171.0,1951,0,0,8.0,24.882653061224488,196
o1a13,auxiliary.graph.transitions.3.correct_unchanged,1951,256406.6201947719,257626.0,251006.0,260034.0,1951,0,0,223281.0,246194.35204081633,196
o1a13,auxiliary.graph.transitions.3.wrong_unchanged,1951,5531.392619169656,4329.0,1950.0,10824.0,1951,0,0,496.0,1496.4132653061224,196
o1a13,auxiliary.graph.transitions.4.denominator,1951,9212.966683751922,8638.0,5670.0,13547.0,1951,0,0,3940.0,5215.352040816327,196
o1a13,auxiliary.graph.transitions.4.wrong_to_correct,1951,114.81547924141466,108.0,58.0,177.0,1951,0,0,6.0,43.515306122448976,196
o1a13,auxiliary.graph.transitions.4.correct_to_wrong,1951,91.17170681701691,74.0,32.0,171.0,1951,0,0,8.0,24.882653061224488,196
o1a13,auxiliary.graph.transitions.4.correct_unchanged,1951,5781.2849820604815,5246.0,3430.0,8637.0,1951,0,0,2093.0,3046.872448979592,196
o1a13,auxiliary.graph.transitions.4.wrong_unchanged,1951,3225.694515633009,2936.0,1675.0,5057.0,1951,0,0,496.0,1346.4897959183672,196
o1a13,auxiliary.graph.transitions.5.denominator,1951,205.98718605843158,183.0,128.0,317.0,1951,0,0,75.0,113.86734693877551,196
o1a13,auxiliary.graph.transitions.5.wrong_to_correct,1951,114.81547924141466,108.0,58.0,177.0,1951,0,0,6.0,43.515306122448976,196
o1a13,auxiliary.graph.transitions.5.correct_to_wrong,1951,91.17170681701691,74.0,32.0,171.0,1951,0,0,8.0,24.882653061224488,196
o1a13,auxiliary.graph.transitions.5.correct_unchanged,1951,0.0,0.0,0.0,0.0,0,1951,0,0.0,0.0,196
o1a13,auxiliary.graph.transitions.5.wrong_unchanged,1951,0.0,0.0,0.0,0.0,0,1951,0,0.0,0.0,196
o1a13,auxiliary.graph.allowed_counts.0,1951,15328.92875448488,13287.0,8684.0,24638.0,1951,0,0,6254.0,8016.576530612245,196
o1a13,auxiliary.graph.allowed_counts.1,1951,9212.966683751922,8638.0,5670.0,13547.0,1951,0,0,3940.0,5215.352040816327,196
o1a13,auxiliary.graph.reliable_counts.0,1951,246329.0717580728,248369.0,236939.0,253009.0,1951,0,0,203808.0,230559.31632653062,196
o1a13,auxiliary.graph.reliable_counts.1,1951,252625.32291132753,253203.0,248135.0,256263.0,1951,0,0,236574.0,245854.3112244898,196
o1a13,auxiliary.graph.reliable_correct.0,1951,243580.3505894413,245620.0,232506.0,251903.0,1951,0,0,194917.0,225561.0357142857,196
o1a13,auxiliary.graph.reliable_correct.1,1951,250389.50333162482,251480.0,243742.0,255600.0,1951,0,0,213354.0,238985.0,196
o1a13,auxiliary.graph.changed_counts.0,1951,15328.9215786776,13287.0,8684.0,24638.0,1951,0,0,6254.0,8016.576530612245,196
o1a13,auxiliary.graph.changed_counts.1,1951,9212.961045617632,8638.0,5670.0,13547.0,1951,0,0,3940.0,5215.352040816327,196
o1a13,auxiliary.graph.mean_abs_change,1951,0.001032090383343855,0.0010043708607554436,0.0007654951186850667,0.0013236395316198468,1951,0,0,0.0005947730969637632,0.0007231985744473771,196
o1a13,auxiliary.graph.outside_allowed_max_change,1951,0.0,0.0,0.0,0.0,0,1951,0,0.0,0.0,196
o1a13,auxiliary.graph.reliable_max_change,1951,0.0,0.0,0.0,0.0,0,1951,0,0.0,0.0,196
o1a13,auxiliary.graph.q_nested_violations,1951,148.69246540235775,76.0,12.0,334.0,1942,9,0,0.0,5.760204081632653,196
o1a13,auxiliary.graph.qstar_nested_violations,1951,148.69246540235775,76.0,12.0,334.0,1942,9,0,0.0,5.760204081632653,196
o2a0,r4t.global_visit,1951,976.0,976.0,196.0,1756.0,1951,0,0,1.0,98.5,196
o2a0,r4t.counts.network_forwards,1951,8.0,8.0,8.0,8.0,1951,0,0,8.0,8.0,196
o2a0,r4t.counts.loss_backward_calls,1951,1.0,1.0,1.0,1.0,1951,0,0,1.0,1.0,196
o2a0,r4t.counts.adam_calls,1951,1.0,1.0,1.0,1.0,1951,0,0,1.0,1.0,196
o2a0,r4t.counts.jacobian_vjp_calls,1951,0.0,0.0,0.0,0.0,0,1951,0,0.0,0.0,196
o2a0,r4t.counts.actual_parameter_replacements,1951,0.0,0.0,0.0,0.0,0,1951,0,0.0,0.0,196
o2a0,r4t.teacher_update,1951,0.0,0.0,0.0,0.0,0,1951,0,0.0,0.0,196
o2a0,r4t.source_unchanged,1951,1.0,1.0,1.0,1.0,1951,0,0,1.0,1.0,196
o2a0,auxiliary.q.0.total_pixels,1951,262144.0,262144.0,262144.0,262144.0,1951,0,0,262144.0,262144.0,196
o2a0,auxiliary.q.0.gt_foreground,1951,29364.35161455664,28513.0,15296.0,45565.0,1951,0,0,9104.0,13711.244897959185,196
o2a0,auxiliary.q.0.gt_background,1951,232779.64838544338,233631.0,216579.0,246848.0,1951,0,0,185479.0,210883.1530612245,196
o2a0,auxiliary.q.0.pred_foreground,1951,28623.169144028703,27287.0,23407.0,35967.0,1951,0,0,19002.0,22356.663265306124,196
o2a0,auxiliary.q.0.intersection,1951,24770.989748846747,24675.0,15118.0,35221.0,1951,0,0,9104.0,13615.75,196
o2a0,auxiliary.q.0.dice,1951,0.8493257896844222,0.8702554762298994,0.7302115521749465,0.9391013401705671,1951,0,0,0.48404048665780597,0.671138364370635,196
o2a0,auxiliary.q.0.brier_sum,1951,6689.922425281976,5795.801933584295,2480.6581355539943,12055.983693469812,1951,0,0,909.9099040332894,1887.0680350375549,196
o2a0,auxiliary.q.0.brier,1951,0.02552002878296652,0.022109229788148096,0.009462959806648233,0.04598992802989888,1951,0,0,0.0034710308228808953,0.007198593273306102,196
o2a0,auxiliary.q.0.foreground_brier_sum,1951,3636.3359602592013,2002.2478669943007,7.67186344792071,9753.604484353455,1951,0,0,0.0020155098816978523,2.717878517144565,196
o2a0,auxiliary.q.0.background_brier_sum,1951,3053.5864650227745,1714.38235107268,23.215496253998474,8212.464834373759,1951,0,0,0.003259703363035555,6.692815398404196,196
o2a0,auxiliary.q.0.foreground_brier,1951,0.09116549813738176,0.06870339139077017,0.0004850013513131575,0.2245666323332049,1951,0,0,1.3216458240641653e-07,0.00017305947084440853,196
o2a0,auxiliary.q.0.background_brier,1951,0.01260178814707625,0.007603558415583381,0.00010539050526693726,0.03334637795188434,1951,0,0,1.7574514435788175e-08,3.032371338852694e-05,196
o2a0,auxiliary.q.1.total_pixels,1951,262144.0,262144.0,262144.0,262144.0,1951,0,0,262144.0,262144.0,196
o2a0,auxiliary.q.1.gt_foreground,1951,9633.745771399283,7259.0,2865.0,19762.0,1951,0,0,907.0,2369.5255102040815,196
o2a0,auxiliary.q.1.gt_background,1951,252510.2542286007,254885.0,242382.0,259279.0,1951,0,0,213174.0,236489.056122449,196
o2a0,auxiliary.q.1.pred_foreground,1951,9332.1086622245,9190.0,7579.0,11289.0,1951,0,0,2394.0,7096.811224489796,196
o2a0,auxiliary.q.1.intersection,1951,6579.666837519221,6493.0,2839.0,10453.0,1951,0,0,713.0,2334.7908163265306,196
o2a0,auxiliary.q.1.dice,1951,0.6913463513362231,0.7098546411811835,0.46706186858144777,0.8876494734963413,1951,0,0,0.08475986685687113,0.3973980051837678,196
o2a0,auxiliary.q.1.brier_sum,1951,4541.932744947508,3806.822223744423,1303.4689344079097,8635.22287881286,1951,0,0,577.8118718856603,1006.3730868697737,196
o2a0,auxiliary.q.1.brier,1951,0.017326098422803908,0.014521874327638332,0.004972339379912986,0.032940761103869856,1951,0,0,0.002204177367727891,0.0038390086626807164,196
o2a0,auxiliary.q.1.foreground_brier_sum,1951,2449.57878855271,274.91568112446316,0.2964634075534818,7795.296479629868,1951,0,0,0.0006811684201970536,0.10770055806267613,196
o2a0,auxiliary.q.1.background_brier_sum,1951,2092.3539563947975,1651.2055291299203,27.452309645565933,4733.309149837542,1951,0,0,0.00042888923861403197,6.77465285858316,196
o2a0,auxiliary.q.1.foreground_brier,1951,0.13885825151554676,0.04070761342449294,9.498649149739273e-05,0.41388126192996416,1951,0,0,3.187498456701233e-07,3.331681425352911e-05,196
o2a0,auxiliary.q.1.background_brier,1951,0.008150484626710069,0.006530089178822002,0.00011382309624836611,0.018310401157554657,1951,0,0,1.8476888817692074e-09,2.7969980317691833e-05,196
o2a1,r4t.global_visit,1951,976.0,976.0,196.0,1756.0,1951,0,0,1.0,98.5,196
o2a1,r4t.counts.network_forwards,1951,8.0,8.0,8.0,8.0,1951,0,0,8.0,8.0,196
o2a1,r4t.counts.loss_backward_calls,1951,1.0,1.0,1.0,1.0,1951,0,0,1.0,1.0,196
o2a1,r4t.counts.adam_calls,1951,1.0,1.0,1.0,1.0,1951,0,0,1.0,1.0,196
o2a1,r4t.counts.jacobian_vjp_calls,1951,0.0,0.0,0.0,0.0,0,1951,0,0.0,0.0,196
o2a1,r4t.counts.actual_parameter_replacements,1951,0.0,0.0,0.0,0.0,0,1951,0,0.0,0.0,196
o2a1,r4t.pca.input.region_token_counts.0,1951,911.9774474628396,917.0,883.0,933.0,1951,0,0,839.0,871.9387755102041,196
o2a1,r4t.pca.input.region_token_counts.1,1951,112.02255253716044,107.0,91.0,141.0,1951,0,0,74.0,86.77551020408163,196
o2a1,r4t.pca.input.region_token_counts.2,1951,987.3413634033828,988.0,980.0,994.0,1951,0,0,963.0,976.0816326530612,196
o2a1,r4t.pca.input.region_token_counts.3,1951,36.65863659661712,36.0,30.0,44.0,1951,0,0,8.0,27.95408163265306,196
o2a1,r4t.pca.input.sampled_region_counts.0,1951,32.0,32.0,32.0,32.0,1951,0,0,32.0,32.0,196
o2a1,r4t.pca.input.sampled_region_counts.1,1951,31.990261404407995,32.0,32.0,32.0,1951,0,0,25.0,31.903061224489797,196
o2a1,r4t.pca.input.sampled_region_counts.2,1951,32.0,32.0,32.0,32.0,1951,0,0,32.0,32.0,196
o2a1,r4t.pca.input.sampled_region_counts.3,1951,22.577139928241927,23.0,16.0,29.0,1938,13,0,0.0,11.0,196
o2a1,r4t.pca.input.selected_region_counts.0,1951,32.0,32.0,32.0,32.0,1951,0,0,32.0,32.0,196
o2a1,r4t.pca.input.selected_region_counts.1,1951,31.990261404407995,32.0,32.0,32.0,1951,0,0,25.0,31.903061224489797,196
o2a1,r4t.pca.input.selected_region_counts.2,1951,32.0,32.0,32.0,32.0,1951,0,0,32.0,32.0,196
o2a1,r4t.pca.input.selected_region_counts.3,1951,22.577139928241927,23.0,16.0,29.0,1938,13,0,0.0,11.0,196
o2a1,r4t.pca.input.assigned_bank_counts.0,1951,32.0,32.0,32.0,32.0,1951,0,0,32.0,32.0,196
o2a1,r4t.pca.input.assigned_bank_counts.1,1951,31.990261404407995,32.0,32.0,32.0,1951,0,0,25.0,31.903061224489797,196
o2a1,r4t.pca.input.assigned_bank_counts.2,1951,32.0,32.0,32.0,32.0,1951,0,0,32.0,32.0,196
o2a1,r4t.pca.input.assigned_bank_counts.3,1951,22.577139928241927,23.0,16.0,29.0,1938,13,0,0.0,11.0,196
o2a1,r4t.pca.input.zero_vectors.0,1951,0.0,0.0,0.0,0.0,0,1951,0,0.0,0.0,196
o2a1,r4t.pca.input.zero_vectors.1,1951,0.0,0.0,0.0,0.0,0,1951,0,0.0,0.0,196
o2a1,r4t.pca.input.zero_vectors.2,1951,0.0,0.0,0.0,0.0,0,1951,0,0.0,0.0,196
o2a1,r4t.pca.input.zero_vectors.3,1951,0.0,0.0,0.0,0.0,0,1951,0,0.0,0.0,196
o2a1,r4t.pca.input.missing_foreground.0,1951,0.0,0.0,0.0,0.0,0,1951,0,0.0,0.0,196
o2a1,r4t.pca.input.missing_foreground.1,1951,0.0,0.0,0.0,0.0,0,1951,0,0.0,0.0,196
o2a1,r4t.pca.subloss,1951,0.11237683208293636,0.10847082734107971,0.08325578272342682,0.14841912686824799,1935,16,0,0.0,0.07086270709274983,196
o2a1,r4t.pca.base_loss,1951,0.059620661837650774,0.04450366646051407,0.027932938188314438,0.10711830854415894,1951,0,0,0.018808865919709206,0.02503227981339608,196
o2a1,r4t.pca.banks.0.n,1951,31232.0,31232.0,6272.0,56192.0,1951,0,0,32.0,3152.0,196
o2a1,r4t.pca.banks.0.contributing_images,1951,976.0,976.0,196.0,1756.0,1951,0,0,1.0,98.5,196
o2a1,r4t.pca.banks.0.version,1951,968.4961558175295,976.0,192.0,1744.0,1936,15,0,0.0,91.10204081632654,196
o2a1,r4t.pca.banks.0.last_visit,1951,976.0,976.0,196.0,1756.0,1951,0,0,1.0,98.5,196
o2a1,r4t.pca.banks.0.ready,1951,0.9923116350589442,1.0,1.0,1.0,1936,15,0,0.0,0.923469387755102,196
o2a1,r4t.pca.banks.0.rank,1951,7.938493080471553,8.0,8.0,8.0,1936,15,0,0.0,7.387755102040816,196
o2a1,r4t.pca.banks.0.merges,1951,976.0,976.0,196.0,1756.0,1951,0,0,1.0,98.5,196
o2a1,r4t.pca.banks.0.eigh_calls,1951,60.53100973859559,61.0,12.0,109.0,1936,15,0,0.0,5.6938775510204085,196
o2a1,r4t.pca.banks.0.state_bytes,1951,10797.79395181958,10816.0,10816.0,10816.0,1951,0,0,8448.0,10634.775510204081,196
o2a1,r4t.pca.banks.1.n,1951,31213.38390568939,31213.0,6253.0,56173.0,1951,0,0,32.0,3136.8214285714284,196
o2a1,r4t.pca.banks.1.contributing_images,1951,976.0,976.0,196.0,1756.0,1951,0,0,1.0,98.5,196
o2a1,r4t.pca.banks.1.version,1951,968.4961558175295,976.0,192.0,1744.0,1936,15,0,0.0,91.10204081632654,196
o2a1,r4t.pca.banks.1.last_visit,1951,976.0,976.0,196.0,1756.0,1951,0,0,1.0,98.5,196
o2a1,r4t.pca.banks.1.ready,1951,0.9923116350589442,1.0,1.0,1.0,1936,15,0,0.0,0.923469387755102,196
o2a1,r4t.pca.banks.1.rank,1951,7.938493080471553,8.0,8.0,8.0,1936,15,0,0.0,7.387755102040816,196
o2a1,r4t.pca.banks.1.merges,1951,976.0,976.0,196.0,1756.0,1951,0,0,1.0,98.5,196
o2a1,r4t.pca.banks.1.eigh_calls,1951,60.53100973859559,61.0,12.0,109.0,1936,15,0,0.0,5.6938775510204085,196
o2a1,r4t.pca.banks.1.state_bytes,1951,10797.79395181958,10816.0,10816.0,10816.0,1951,0,0,8448.0,10634.775510204081,196
o2a1,r4t.pca.banks.2.n,1951,31232.0,31232.0,6272.0,56192.0,1951,0,0,32.0,3152.0,196
o2a1,r4t.pca.banks.2.contributing_images,1951,976.0,976.0,196.0,1756.0,1951,0,0,1.0,98.5,196
o2a1,r4t.pca.banks.2.version,1951,968.4961558175295,976.0,192.0,1744.0,1936,15,0,0.0,91.10204081632654,196
o2a1,r4t.pca.banks.2.last_visit,1951,976.0,976.0,196.0,1756.0,1951,0,0,1.0,98.5,196
o2a1,r4t.pca.banks.2.ready,1951,0.9923116350589442,1.0,1.0,1.0,1936,15,0,0.0,0.923469387755102,196
o2a1,r4t.pca.banks.2.rank,1951,7.938493080471553,8.0,8.0,8.0,1936,15,0,0.0,7.387755102040816,196
o2a1,r4t.pca.banks.2.merges,1951,976.0,976.0,196.0,1756.0,1951,0,0,1.0,98.5,196
o2a1,r4t.pca.banks.2.eigh_calls,1951,60.53100973859559,61.0,12.0,109.0,1936,15,0,0.0,5.6938775510204085,196
o2a1,r4t.pca.banks.2.state_bytes,1951,10797.79395181958,10816.0,10816.0,10816.0,1951,0,0,8448.0,10634.775510204081,196
o2a1,r4t.pca.banks.3.n,1951,20733.263454638647,20370.0,3045.0,38947.0,1951,0,0,6.0,1401.1785714285713,196
o2a1,r4t.pca.banks.3.contributing_images,1951,963.3321373654536,963.0,183.0,1743.0,1951,0,0,1.0,88.8061224489796,196
o2a1,r4t.pca.banks.3.version,1951,968.4413121476166,973.0,189.0,1741.0,1930,21,0,0.0,90.4795918367347,196
o2a1,r4t.pca.banks.3.last_visit,1951,976.0,976.0,196.0,1756.0,1951,0,0,1.0,98.5,196
o2a1,r4t.pca.banks.3.ready,1951,0.9892362890825218,1.0,1.0,1.0,1930,21,0,0.0,0.8928571428571429,196
o2a1,r4t.pca.banks.3.rank,1951,7.9138903126601745,8.0,8.0,8.0,1930,21,0,0.0,7.142857142857143,196
o2a1,r4t.pca.banks.3.merges,1951,963.3321373654536,963.0,183.0,1743.0,1951,0,0,1.0,88.8061224489796,196
o2a1,r4t.pca.banks.3.eigh_calls,1951,59.74013326499231,60.0,11.0,108.0,1930,21,0,0.0,5.091836734693878,196
o2a1,r4t.pca.banks.3.state_bytes,1951,10790.51153254741,10816.0,10816.0,10816.0,1951,0,0,8448.0,10562.285714285714,196
o2a1,r4t.teacher_update,1951,0.0,0.0,0.0,0.0,0,1951,0,0.0,0.0,196
o2a1,r4t.source_unchanged,1951,1.0,1.0,1.0,1.0,1951,0,0,1.0,1.0,196
o2a1,auxiliary.q.0.total_pixels,1951,262144.0,262144.0,262144.0,262144.0,1951,0,0,262144.0,262144.0,196
o2a1,auxiliary.q.0.gt_foreground,1951,29364.35161455664,28513.0,15296.0,45565.0,1951,0,0,9104.0,13711.244897959185,196
o2a1,auxiliary.q.0.gt_background,1951,232779.64838544338,233631.0,216579.0,246848.0,1951,0,0,185479.0,210883.1530612245,196
o2a1,auxiliary.q.0.pred_foreground,1951,28703.5735520246,27425.0,23496.0,35980.0,1951,0,0,19078.0,22442.908163265307,196
o2a1,auxiliary.q.0.intersection,1951,24778.220399794976,24691.0,15118.0,35219.0,1951,0,0,9104.0,13618.015306122448,196
o2a1,auxiliary.q.0.dice,1951,0.8481320072066842,0.8693570269479397,0.7278415857572516,0.9386596719055708,1951,0,0,0.4836694700743039,0.6688602857450608,196
o2a1,auxiliary.q.0.brier_sum,1951,6758.877676566871,5900.546186716287,2506.8006895267563,12185.870323808425,1951,0,0,896.3331814930007,1910.4301076656786,196
o2a1,auxiliary.q.0.brier,1951,0.025783072191493495,0.02250879740416064,0.009562685735804582,0.046485406203492834,1951,0,0,0.0034192397365303065,0.007287712507879939,196
o2a1,auxiliary.q.0.foreground_brier_sum,1951,3633.9916763368647,1998.985478616762,6.314672343149212,9755.852813560887,1951,0,0,0.0008735552498144727,2.145036384408166,196
o2a1,auxiliary.q.0.background_brier_sum,1951,3124.886000230006,1732.4843374429436,23.19734756019151,8382.659830145692,1951,0,0,0.0027278560692981283,6.5714758993595055,196
o2a1,auxiliary.q.0.foreground_brier,1951,0.09103507218991286,0.06840372696815805,0.00038044714685187627,0.22424706476710993,1951,0,0,5.728231146324411e-08,0.00013546454621028874,196
o2a1,auxiliary.q.0.background_brier,1951,0.012893128351412477,0.0076494582125720065,0.0001054266749087251,0.03403381675549854,1951,0,0,1.470708850758376e-08,2.9771164852030257e-05,196
o2a1,auxiliary.q.1.total_pixels,1951,262144.0,262144.0,262144.0,262144.0,1951,0,0,262144.0,262144.0,196
o2a1,auxiliary.q.1.gt_foreground,1951,9633.745771399283,7259.0,2865.0,19762.0,1951,0,0,907.0,2369.5255102040815,196
o2a1,auxiliary.q.1.gt_background,1951,252510.2542286007,254885.0,242382.0,259279.0,1951,0,0,213174.0,236489.056122449,196
o2a1,auxiliary.q.1.pred_foreground,1951,9478.496668375192,9377.0,7736.0,11393.0,1951,0,0,2394.0,7235.571428571428,196
o2a1,auxiliary.q.1.intersection,1951,6620.2849820604815,6514.0,2839.0,10571.0,1951,0,0,722.0,2335.6071428571427,196
o2a1,auxiliary.q.1.dice,1951,0.6885855065374831,0.7056272690601049,0.46111111111111114,0.8860403483152145,1951,0,0,0.08567190744586176,0.39195143945372213,196
o2a1,auxiliary.q.1.brier_sum,1951,4597.518170672613,3944.0106503521934,1342.9165380988607,8537.965064067284,1951,0,0,575.5965660030503,1030.6330186402233,196
o2a1,auxiliary.q.1.brier,1951,0.01753813999432607,0.01504520664349439,0.005122820045848315,0.03256975198389925,1951,0,0,0.0021957266464349757,0.0039315529580697,196
o2a1,auxiliary.q.1.foreground_brier_sum,1951,2416.9034232889176,248.9197778366763,0.20910267857952647,7749.528598800494,1951,0,0,0.0005616160293655525,0.07523197436509055,196
o2a1,auxiliary.q.1.background_brier_sum,1951,2180.6147473836954,1711.8891920071342,29.55919728729195,4905.826623814847,1951,0,0,0.00038826991293318565,7.451791573432456,196
o2a1,auxiliary.q.1.foreground_brier,1951,0.13637941872131354,0.03638335079387603,6.64037644747261e-05,0.4092197239348909,1951,0,0,2.6280581626839147e-07,2.3196017898179957e-05,196
o2a1,auxiliary.q.1.background_brier,1951,0.00849337886656006,0.006828581749511159,0.00012156218283501294,0.018963557329023006,1951,0,0,1.6726976026967958e-09,3.078324375388153e-05,196
o2a1,auxiliary.memory.regions.0.region,1951,0.0,0.0,0.0,0.0,0,1951,0,0.0,0.0,196
o2a1,auxiliary.memory.regions.0.selected_tokens,1951,32.0,32.0,32.0,32.0,1951,0,0,32.0,32.0,196
o2a1,auxiliary.memory.regions.0.correct_tokens,1951,31.66735007688365,32.0,31.0,32.0,1951,0,0,24.0,29.862244897959183,196
o2a1,auxiliary.memory.regions.0.incorrect_tokens,1951,0.3326499231163506,0.0,0.0,1.0,426,1525,0,0.0,0.0,196
o2a1,auxiliary.memory.regions.1.region,1951,1.0,1.0,1.0,1.0,1951,0,0,1.0,1.0,196
o2a1,auxiliary.memory.regions.1.selected_tokens,1951,31.990261404407995,32.0,32.0,32.0,1951,0,0,25.0,31.903061224489797,196
o2a1,auxiliary.memory.regions.1.correct_tokens,1951,29.58021527421835,32.0,24.0,32.0,1951,0,0,12.0,20.979591836734695,196
o2a1,auxiliary.memory.regions.1.incorrect_tokens,1951,2.4100461301896465,0.0,0.0,8.0,933,1018,0,0.0,0.0,196
o2a1,auxiliary.memory.regions.2.region,1951,2.0,2.0,2.0,2.0,1951,0,0,2.0,2.0,196
o2a1,auxiliary.memory.regions.2.selected_tokens,1951,32.0,32.0,32.0,32.0,1951,0,0,32.0,32.0,196
o2a1,auxiliary.memory.regions.2.correct_tokens,1951,31.792926704254228,32.0,31.0,32.0,1951,0,0,25.0,30.26530612244898,196
o2a1,auxiliary.memory.regions.2.incorrect_tokens,1951,0.2070732957457714,0.0,0.0,1.0,260,1691,0,0.0,0.0,196
o2a1,auxiliary.memory.regions.3.region,1951,3.0,3.0,3.0,3.0,1951,0,0,3.0,3.0,196
o2a1,auxiliary.memory.regions.3.selected_tokens,1951,22.577139928241927,23.0,16.0,29.0,1938,13,0,0.0,11.0,196
o2a1,auxiliary.memory.regions.3.correct_tokens,1951,18.431060994361864,19.0,10.0,27.0,1934,17,0,0.0,6.423469387755102,196
o2a1,auxiliary.memory.regions.3.incorrect_tokens,1951,4.146078933880061,2.0,0.0,12.0,1133,818,0,0.0,0.0,196
o2a1,r4t.pca.basis_versions_used.0,1935,975.5038759689922,976.0,208.0,1744.0,1935,0,0,16.0,105.0721649484536,194
o2a1,r4t.pca.basis_versions_used.1,1935,975.5038759689922,976.0,208.0,1744.0,1935,0,0,16.0,105.0721649484536,194
o2a1,r4t.pca.basis_versions_used.2,1935,975.5038759689922,976.0,208.0,1744.0,1935,0,0,16.0,105.0721649484536,194
o2a1,r4t.pca.basis_versions_used.3,1929,978.4758942457232,973.0,205.0,1757.0,1929,0,0,22.0,110.34196891191709,193
o2a2,r4t.global_visit,1951,976.0,976.0,196.0,1756.0,1951,0,0,1.0,98.5,196
o2a2,r4t.counts.network_forwards,1951,8.0,8.0,8.0,8.0,1951,0,0,8.0,8.0,196
o2a2,r4t.counts.loss_backward_calls,1951,1.0,1.0,1.0,1.0,1951,0,0,1.0,1.0,196
o2a2,r4t.counts.jacobian_vjp_calls,1951,0.0,0.0,0.0,0.0,0,1951,0,0.0,0.0,196
o2a2,r4t.counts.adam_calls,1951,1.0,1.0,1.0,1.0,1951,0,0,1.0,1.0,196
o2a2,r4t.counts.actual_parameter_replacements,1951,0.0,0.0,0.0,0.0,0,1951,0,0.0,0.0,196
o2a2,r4t.teacher_update,1951,1.0,1.0,1.0,1.0,1951,0,0,1.0,1.0,196
o2a2,r4t.source_unchanged,1951,1.0,1.0,1.0,1.0,1951,0,0,1.0,1.0,196
o2a2,r4t.base_loss,1951,0.065774486578241,0.04495623707771301,0.027687981724739075,0.12863844633102417,1951,0,0,0.018952958285808563,0.024977862863440295,196
o2a2,r4t.host_seconds,1951,0.5511941145274928,0.5508157110307366,0.5280181469861418,0.5710758860222995,1951,0,0,0.4498371451627463,0.5144139702410475,196
o2a2,r4t.trainable_scalars,1951,19136.0,19136.0,19136.0,19136.0,1951,0,0,19136.0,19136.0,196
o2a2,r4t.teacher_affine_student_l2,1951,0.15532558730377757,0.1549158357241384,0.09565659183443276,0.21509345943158434,1951,0,0,0.013677736318496562,0.08968567771934892,196
o2a2,r4t.final_raw_probability_nested_violations,1951,2168.465914915428,1868.0,1036.0,3736.0,1951,0,0,489.0,873.5357142857143,196
o2a2,auxiliary.q.0.total_pixels,1951,262144.0,262144.0,262144.0,262144.0,1951,0,0,262144.0,262144.0,196
o2a2,auxiliary.q.0.gt_foreground,1951,29364.35161455664,28513.0,15296.0,45565.0,1951,0,0,9104.0,13711.244897959185,196
o2a2,auxiliary.q.0.gt_background,1951,232779.64838544338,233631.0,216579.0,246848.0,1951,0,0,185479.0,210883.1530612245,196
o2a2,auxiliary.q.0.pred_foreground,1951,27405.75294720656,26168.0,22513.0,34210.0,1951,0,0,18612.0,21669.535714285714,196
o2a2,auxiliary.q.0.intersection,1951,23968.497693490517,23915.0,15009.0,33496.0,1951,0,0,9104.0,13539.494897959185,196
o2a2,auxiliary.q.0.dice,1951,0.844334742178689,0.8644976587330471,0.7236553524804178,0.9360148594120284,1951,0,0,0.5077955920674881,0.6637921093746981,196
o2a2,auxiliary.q.0.brier_sum,1951,6971.528169497637,5832.203133823094,2330.9152850580003,13432.211125376429,1951,0,0,828.346797642036,1765.269191458712,196
o2a2,auxiliary.q.0.brier,1951,0.026594269445410296,0.02224808934716451,0.008891736164314271,0.05123981905127117,1951,0,0,0.0031598922639543,0.006733967557749603,196
o2a2,auxiliary.q.0.foreground_brier_sum,1951,4272.334564732486,2475.052490538388,13.721765780263372,11283.049489851337,1951,0,0,0.016771580049322665,5.091294093001736,196
o2a2,auxiliary.q.0.background_brier_sum,1951,2699.1936047651507,1661.5201958676985,10.828252969095386,7183.417446449332,1951,0,0,0.004540554913876417,2.8928367289129486,196
o2a2,auxiliary.q.0.foreground_brier,1951,0.10808939841960642,0.08534211791525152,0.0008820573591688409,0.263016230314537,1951,0,0,1.3204928784601736e-06,0.00033003918011601007,196
o2a2,auxiliary.q.0.background_brier,1951,0.011177977862977457,0.007125990814189036,4.8259179425511205e-05,0.029134142403093137,1951,0,0,2.4480156318917058e-08,1.300773341381351e-05,196
o2a2,auxiliary.q.1.total_pixels,1951,262144.0,262144.0,262144.0,262144.0,1951,0,0,262144.0,262144.0,196
o2a2,auxiliary.q.1.gt_foreground,1951,9633.745771399283,7259.0,2865.0,19762.0,1951,0,0,907.0,2369.5255102040815,196
o2a2,auxiliary.q.1.gt_background,1951,252510.2542286007,254885.0,242382.0,259279.0,1951,0,0,213174.0,236489.056122449,196
o2a2,auxiliary.q.1.pred_foreground,1951,8818.251665812404,8667.0,7254.0,10675.0,1951,0,0,1085.0,6646.826530612245,196
o2a2,auxiliary.q.1.intersection,1951,6287.925166581241,6170.0,2796.0,9945.0,1951,0,0,343.0,2291.1479591836733,196
o2a2,auxiliary.q.1.dice,1951,0.6862507224576994,0.6967761105333531,0.469014469014469,0.8918520597936698,1951,0,0,0.042629878200348,0.3926931591722814,196
o2a2,auxiliary.q.1.brier_sum,1951,4600.93478544478,3614.4565355129835,1200.5554144673038,9418.85724986791,1951,0,0,560.1830390652535,953.7282698518945,196
o2a2,auxiliary.q.1.brier,1951,0.017551173345355147,0.013788057462741789,0.004579755456799712,0.03593008899638332,1951,0,0,0.002136928707371725,0.0036381846231532842,196
o2a2,auxiliary.q.1.foreground_brier_sum,1951,2682.448561525817,366.14419798902,0.4990848318898884,8435.356729211766,1951,0,0,0.0014267570217398884,0.15954344001110818,196
o2a2,auxiliary.q.1.background_brier_sum,1951,1918.4862239189622,1547.3266913202813,20.48128185494742,4313.282131891904,1951,0,0,0.0004124068264916768,4.4993811078860855,196
o2a2,auxiliary.q.1.foreground_brier,1951,0.1559099080441763,0.050991072830577515,0.0001428595192558352,0.4504521550366056,1951,0,0,7.070153725172886e-07,4.950500939485392e-05,196
o2a2,auxiliary.q.1.background_brier,1951,0.007480291443085756,0.006147689594020432,8.437307381432577e-05,0.016643180723945453,1951,0,0,1.8653226548470897e-09,1.8425809148605653e-05,196
o2a3,r4t.global_visit,1951,976.0,976.0,196.0,1756.0,1951,0,0,1.0,98.5,196
o2a3,r4t.counts.network_forwards,1951,9.0,9.0,9.0,9.0,1951,0,0,9.0,9.0,196
o2a3,r4t.counts.loss_backward_calls,1951,1.0,1.0,1.0,1.0,1951,0,0,1.0,1.0,196
o2a3,r4t.counts.jacobian_vjp_calls,1951,0.0,0.0,0.0,0.0,0,1951,0,0.0,0.0,196
o2a3,r4t.counts.adam_calls,1951,1.0,1.0,1.0,1.0,1951,0,0,1.0,1.0,196
o2a3,r4t.counts.actual_parameter_replacements,1951,0.0,0.0,0.0,0.0,0,1951,0,0.0,0.0,196
o2a3,r4t.pca.input.region_token_counts.0,1951,916.920041004613,922.0,890.0,937.0,1951,0,0,854.0,879.0867346938776,196
o2a3,r4t.pca.input.region_token_counts.1,1951,107.07995899538697,102.0,87.0,134.0,1951,0,0,73.0,84.01020408163265,196
o2a3,r4t.pca.input.region_token_counts.2,1951,989.245515120451,990.0,982.0,995.0,1951,0,0,967.0,978.75,196
o2a3,r4t.pca.input.region_token_counts.3,1951,34.75448487954895,34.0,29.0,42.0,1951,0,0,4.0,25.964285714285715,196
o2a3,r4t.pca.input.sampled_region_counts.0,1951,32.0,32.0,32.0,32.0,1951,0,0,32.0,32.0,196
o2a3,r4t.pca.input.sampled_region_counts.1,1951,31.962583290620195,32.0,32.0,32.0,1951,0,0,11.0,31.627551020408163,196
o2a3,r4t.pca.input.sampled_region_counts.2,1951,32.0,32.0,32.0,32.0,1951,0,0,32.0,32.0,196
o2a3,r4t.pca.input.sampled_region_counts.3,1951,20.66735007688365,21.0,14.0,27.0,1920,31,0,0.0,7.214285714285714,196
o2a3,r4t.pca.input.selected_region_counts.0,1951,32.0,32.0,32.0,32.0,1951,0,0,32.0,32.0,196
o2a3,r4t.pca.input.selected_region_counts.1,1951,31.962583290620195,32.0,32.0,32.0,1951,0,0,11.0,31.627551020408163,196
o2a3,r4t.pca.input.selected_region_counts.2,1951,32.0,32.0,32.0,32.0,1951,0,0,32.0,32.0,196
o2a3,r4t.pca.input.selected_region_counts.3,1951,20.66735007688365,21.0,14.0,27.0,1920,31,0,0.0,7.214285714285714,196
o2a3,r4t.pca.input.assigned_bank_counts.0,1951,32.0,32.0,32.0,32.0,1951,0,0,32.0,32.0,196
o2a3,r4t.pca.input.assigned_bank_counts.1,1951,31.962583290620195,32.0,32.0,32.0,1951,0,0,11.0,31.627551020408163,196
o2a3,r4t.pca.input.assigned_bank_counts.2,1951,32.0,32.0,32.0,32.0,1951,0,0,32.0,32.0,196
o2a3,r4t.pca.input.assigned_bank_counts.3,1951,20.66735007688365,21.0,14.0,27.0,1920,31,0,0.0,7.214285714285714,196
o2a3,r4t.pca.input.zero_vectors.0,1951,0.0,0.0,0.0,0.0,0,1951,0,0.0,0.0,196
o2a3,r4t.pca.input.zero_vectors.1,1951,0.0,0.0,0.0,0.0,0,1951,0,0.0,0.0,196
o2a3,r4t.pca.input.zero_vectors.2,1951,0.0,0.0,0.0,0.0,0,1951,0,0.0,0.0,196
o2a3,r4t.pca.input.zero_vectors.3,1951,0.0,0.0,0.0,0.0,0,1951,0,0.0,0.0,196
o2a3,r4t.pca.input.missing_foreground.0,1951,0.0,0.0,0.0,0.0,0,1951,0,0.0,0.0,196
o2a3,r4t.pca.input.missing_foreground.1,1951,0.0,0.0,0.0,0.0,0,1951,0,0.0,0.0,196
o2a3,r4t.pca.banks.0.n,1951,31232.0,31232.0,6272.0,56192.0,1951,0,0,32.0,3152.0,196
o2a3,r4t.pca.banks.0.contributing_images,1951,976.0,976.0,196.0,1756.0,1951,0,0,1.0,98.5,196
o2a3,r4t.pca.banks.0.version,1951,968.4961558175295,976.0,192.0,1744.0,1936,15,0,0.0,91.10204081632654,196
o2a3,r4t.pca.banks.0.last_visit,1951,976.0,976.0,196.0,1756.0,1951,0,0,1.0,98.5,196
o2a3,r4t.pca.banks.0.ready,1951,0.9923116350589442,1.0,1.0,1.0,1936,15,0,0.0,0.923469387755102,196
o2a3,r4t.pca.banks.0.rank,1951,7.938493080471553,8.0,8.0,8.0,1936,15,0,0.0,7.387755102040816,196
o2a3,r4t.pca.banks.0.merges,1951,976.0,976.0,196.0,1756.0,1951,0,0,1.0,98.5,196
o2a3,r4t.pca.banks.0.eigh_calls,1951,60.53100973859559,61.0,12.0,109.0,1936,15,0,0.0,5.6938775510204085,196
o2a3,r4t.pca.banks.0.state_bytes,1951,10797.79395181958,10816.0,10816.0,10816.0,1951,0,0,8448.0,10634.775510204081,196
o2a3,r4t.pca.banks.1.n,1951,31161.62685802153,31159.0,6199.0,56119.0,1951,0,0,32.0,3105.1479591836733,196
o2a3,r4t.pca.banks.1.contributing_images,1951,976.0,976.0,196.0,1756.0,1951,0,0,1.0,98.5,196
o2a3,r4t.pca.banks.1.version,1951,968.4961558175295,976.0,192.0,1744.0,1936,15,0,0.0,91.10204081632654,196
o2a3,r4t.pca.banks.1.last_visit,1951,976.0,976.0,196.0,1756.0,1951,0,0,1.0,98.5,196
o2a3,r4t.pca.banks.1.ready,1951,0.9923116350589442,1.0,1.0,1.0,1936,15,0,0.0,0.923469387755102,196
o2a3,r4t.pca.banks.1.rank,1951,7.938493080471553,8.0,8.0,8.0,1936,15,0,0.0,7.387755102040816,196
o2a3,r4t.pca.banks.1.merges,1951,976.0,976.0,196.0,1756.0,1951,0,0,1.0,98.5,196
o2a3,r4t.pca.banks.1.eigh_calls,1951,60.53100973859559,61.0,12.0,109.0,1936,15,0,0.0,5.6938775510204085,196
o2a3,r4t.pca.banks.1.state_bytes,1951,10797.79395181958,10816.0,10816.0,10816.0,1951,0,0,8448.0,10634.775510204081,196
o2a3,r4t.pca.banks.2.n,1951,31232.0,31232.0,6272.0,56192.0,1951,0,0,32.0,3152.0,196
o2a3,r4t.pca.banks.2.contributing_images,1951,976.0,976.0,196.0,1756.0,1951,0,0,1.0,98.5,196
o2a3,r4t.pca.banks.2.version,1951,968.4961558175295,976.0,192.0,1744.0,1936,15,0,0.0,91.10204081632654,196
o2a3,r4t.pca.banks.2.last_visit,1951,976.0,976.0,196.0,1756.0,1951,0,0,1.0,98.5,196
o2a3,r4t.pca.banks.2.ready,1951,0.9923116350589442,1.0,1.0,1.0,1936,15,0,0.0,0.923469387755102,196
o2a3,r4t.pca.banks.2.rank,1951,7.938493080471553,8.0,8.0,8.0,1936,15,0,0.0,7.387755102040816,196
o2a3,r4t.pca.banks.2.merges,1951,976.0,976.0,196.0,1756.0,1951,0,0,1.0,98.5,196
o2a3,r4t.pca.banks.2.eigh_calls,1951,60.53100973859559,61.0,12.0,109.0,1936,15,0,0.0,5.6938775510204085,196
o2a3,r4t.pca.banks.2.state_bytes,1951,10797.79395181958,10816.0,10816.0,10816.0,1951,0,0,8448.0,10634.775510204081,196
o2a3,r4t.pca.banks.3.n,1951,18608.341363403382,18154.0,2328.0,35625.0,1951,0,0,6.0,1104.4744897959183,196
o2a3,r4t.pca.banks.3.contributing_images,1951,946.5489492567914,945.0,167.0,1725.0,1951,0,0,1.0,81.65816326530613,196
o2a3,r4t.pca.banks.3.version,1951,968.3454638646848,975.0,187.0,1743.0,1930,21,0,0.0,89.75510204081633,196
o2a3,r4t.pca.banks.3.last_visit,1951,976.0,976.0,196.0,1756.0,1951,0,0,1.0,98.5,196
o2a3,r4t.pca.banks.3.ready,1951,0.9892362890825218,1.0,1.0,1.0,1930,21,0,0.0,0.8928571428571429,196
o2a3,r4t.pca.banks.3.rank,1951,7.9138903126601745,8.0,8.0,8.0,1930,21,0,0.0,7.142857142857143,196
o2a3,r4t.pca.banks.3.merges,1951,946.5489492567914,945.0,167.0,1725.0,1951,0,0,1.0,81.65816326530613,196
o2a3,r4t.pca.banks.3.eigh_calls,1951,58.68990261404408,59.0,10.0,107.0,1930,21,0,0.0,4.637755102040816,196
o2a3,r4t.pca.banks.3.state_bytes,1951,10790.51153254741,10816.0,10816.0,10816.0,1951,0,0,8448.0,10562.285714285714,196
o2a3,r4t.pca.base_loss,1951,0.06560766593725452,0.044770095497369766,0.02738303318619728,0.12869015336036682,1951,0,0,0.018642302602529526,0.024744449202351426,196
o2a3,r4t.pca.subloss,1951,0.11251674037233858,0.10880164802074432,0.08300832659006119,0.14874127507209778,1935,16,0,0.0,0.0704664765496035,196
o2a3,r4t.teacher_update,1951,1.0,1.0,1.0,1.0,1951,0,0,1.0,1.0,196
o2a3,r4t.source_unchanged,1951,1.0,1.0,1.0,1.0,1951,0,0,1.0,1.0,196
o2a3,r4t.base_loss,1951,0.06560766593725452,0.044770095497369766,0.02738303318619728,0.12869015336036682,1951,0,0,0.018642302602529526,0.024744449202351426,196
o2a3,r4t.host_seconds,1951,0.6005529960963983,0.5990180601365864,0.5749745049979538,0.6279393238946795,1951,0,0,0.4715771279297769,0.5525877167035977,196
o2a3,r4t.trainable_scalars,1951,19136.0,19136.0,19136.0,19136.0,1951,0,0,19136.0,19136.0,196
o2a3,r4t.teacher_affine_student_l2,1951,0.16325796065365716,0.16055370499288438,0.11769462797063479,0.21313349135123313,1951,0,0,0.013677736318496562,0.10955784167505163,196
o2a3,r4t.final_raw_probability_nested_violations,1951,2101.94566888775,1786.0,998.0,3646.0,1951,0,0,488.0,840.204081632653,196
o2a3,auxiliary.q.0.total_pixels,1951,262144.0,262144.0,262144.0,262144.0,1951,0,0,262144.0,262144.0,196
o2a3,auxiliary.q.0.gt_foreground,1951,29364.35161455664,28513.0,15296.0,45565.0,1951,0,0,9104.0,13711.244897959185,196
o2a3,auxiliary.q.0.gt_background,1951,232779.64838544338,233631.0,216579.0,246848.0,1951,0,0,185479.0,210883.1530612245,196
o2a3,auxiliary.q.0.pred_foreground,1951,27457.98154792414,26233.0,22572.0,34263.0,1951,0,0,18641.0,21741.051020408162,196
o2a3,auxiliary.q.0.intersection,1951,23977.756022552538,23917.0,15006.0,33502.0,1951,0,0,9104.0,13539.923469387755,196
o2a3,auxiliary.q.0.dice,1951,0.8436728502837785,0.863671486919086,0.7217670286278381,0.936219262295082,1951,0,0,0.5077893993556644,0.6630140135901764,196
o2a3,auxiliary.q.0.brier_sum,1951,7010.301387756604,5880.972965104605,2341.571566279427,13411.583722878424,1951,0,0,814.3351761997244,1788.1722701606234,196
o2a3,auxiliary.q.0.brier,1951,0.02674217753508226,0.022434131489199084,0.008932386651151378,0.05116113175536508,1951,0,0,0.0031064421699513413,0.006821335869448179,196
o2a3,auxiliary.q.0.foreground_brier_sum,1951,4267.829258275999,2454.020980036172,11.862959888783617,11282.50241530238,1951,0,0,0.010036239894741783,4.506651094552229,196
o2a3,auxiliary.q.0.background_brier_sum,1951,2742.472129480605,1702.7381512480592,10.913453887828588,7329.881573740468,1951,0,0,0.003996482558305926,2.85497280925688,196
o2a3,auxiliary.q.0.foreground_brier,1951,0.10792426868955195,0.0851637105620913,0.0007668989987746819,0.262907984585409,1951,0,0,6.581140914584776e-07,0.00029072479227037606,196
o2a3,auxiliary.q.0.background_brier,1951,0.011354643490165666,0.007259915611656087,4.876861592973538e-05,0.02975065864191574,1951,0,0,2.1546819630825732e-08,1.2838021967189689e-05,196
o2a3,auxiliary.q.1.total_pixels,1951,262144.0,262144.0,262144.0,262144.0,1951,0,0,262144.0,262144.0,196
o2a3,auxiliary.q.1.gt_foreground,1951,9633.745771399283,7259.0,2865.0,19762.0,1951,0,0,907.0,2369.5255102040815,196
o2a3,auxiliary.q.1.gt_background,1951,252510.2542286007,254885.0,242382.0,259279.0,1951,0,0,213174.0,236489.056122449,196
o2a3,auxiliary.q.1.pred_foreground,1951,8950.277806253203,8821.0,7374.0,10764.0,1951,0,0,1085.0,6763.530612244898,196
o2a3,auxiliary.q.1.intersection,1951,6326.95489492568,6193.0,2797.0,10066.0,1951,0,0,348.0,2292.3469387755104,196
o2a3,auxiliary.q.1.dice,1951,0.6838022417314488,0.6960608773500447,0.46478597316093645,0.8907431551499349,1951,0,0,0.04315208630417261,0.38917212495599973,196
o2a3,auxiliary.q.1.brier_sum,1951,4646.304737320299,3733.132932203058,1237.7171684794844,9353.940634864426,1951,0,0,573.7529164193031,975.6568921488176,196
o2a3,auxiliary.q.1.brier,1951,0.01772424597671623,0.014240771988689643,0.0047215162982158065,0.0356824517626359,1951,0,0,0.0021886936814090848,0.00372183567866828,196
o2a3,auxiliary.q.1.foreground_brier_sum,1951,2650.8380941005184,333.76705370534523,0.3556843205027782,8347.770707126412,1951,0,0,0.0010236896074218294,0.11141381468166997,196
o2a3,auxiliary.q.1.background_brier_sum,1951,1995.4666432197807,1601.8087006029423,23.55603915777531,4483.083518130571,1951,0,0,0.0003825497993564244,4.976713801133255,196
o2a3,auxiliary.q.1.foreground_brier,1951,0.15341027221266232,0.0462232091154555,9.765141009702226e-05,0.4483195136439968,1951,0,0,5.072792901000145e-07,3.469993836455415e-05,196
o2a3,auxiliary.q.1.background_brier,1951,0.00777926855925227,0.0063521956982826085,9.548389844382564e-05,0.01730618472431383,1951,0,0,1.7094772253632635e-09,2.0442882975987104e-05,196
o2a3,auxiliary.memory.regions.0.region,1951,0.0,0.0,0.0,0.0,0,1951,0,0.0,0.0,196
o2a3,auxiliary.memory.regions.0.selected_tokens,1951,32.0,32.0,32.0,32.0,1951,0,0,32.0,32.0,196
o2a3,auxiliary.memory.regions.0.correct_tokens,1951,31.644797539723218,32.0,31.0,32.0,1951,0,0,24.0,29.6734693877551,196
o2a3,auxiliary.memory.regions.0.incorrect_tokens,1951,0.35520246027678115,0.0,0.0,1.0,433,1518,0,0.0,0.0,196
o2a3,auxiliary.memory.regions.1.region,1951,1.0,1.0,1.0,1.0,1951,0,0,1.0,1.0,196
o2a3,auxiliary.memory.regions.1.selected_tokens,1951,31.962583290620195,32.0,32.0,32.0,1951,0,0,11.0,31.627551020408163,196
o2a3,auxiliary.memory.regions.1.correct_tokens,1951,29.847257816504356,32.0,25.0,32.0,1951,0,0,11.0,21.632653061224488,196
o2a3,auxiliary.memory.regions.1.incorrect_tokens,1951,2.115325474115838,0.0,0.0,7.0,890,1061,0,0.0,0.0,196
o2a3,auxiliary.memory.regions.2.region,1951,2.0,2.0,2.0,2.0,1951,0,0,2.0,2.0,196
o2a3,auxiliary.memory.regions.2.selected_tokens,1951,32.0,32.0,32.0,32.0,1951,0,0,32.0,32.0,196
o2a3,auxiliary.memory.regions.2.correct_tokens,1951,31.765248590466427,32.0,31.0,32.0,1951,0,0,26.0,30.163265306122447,196
o2a3,auxiliary.memory.regions.2.incorrect_tokens,1951,0.2347514095335725,0.0,0.0,1.0,294,1657,0,0.0,0.0,196
o2a3,auxiliary.memory.regions.3.region,1951,3.0,3.0,3.0,3.0,1951,0,0,3.0,3.0,196
o2a3,auxiliary.memory.regions.3.selected_tokens,1951,20.66735007688365,21.0,14.0,27.0,1920,31,0,0.0,7.214285714285714,196
o2a3,auxiliary.memory.regions.3.correct_tokens,1951,17.111737570476677,17.0,8.0,26.0,1917,34,0,0.0,4.668367346938775,196
o2a3,auxiliary.memory.regions.3.incorrect_tokens,1951,3.5556125064069706,1.0,0.0,10.0,1101,850,0,0.0,0.0,196
o2a3,r4t.pca.basis_versions_used.0,1935,975.5038759689922,976.0,208.0,1744.0,1935,0,0,16.0,105.0721649484536,194
o2a3,r4t.pca.basis_versions_used.1,1935,975.5038759689922,976.0,208.0,1744.0,1935,0,0,16.0,105.0721649484536,194
o2a3,r4t.pca.basis_versions_used.2,1935,975.5038759689922,976.0,208.0,1744.0,1935,0,0,16.0,105.0721649484536,194
o2a3,r4t.pca.basis_versions_used.3,1929,978.3779160186625,975.0,205.0,1743.0,1929,0,0,22.0,109.52331606217616,193
o2a4,r4t.global_visit,1951,976.0,976.0,196.0,1756.0,1951,0,0,1.0,98.5,196
o2a4,r4t.counts.network_forwards,1951,8.0,8.0,8.0,8.0,1951,0,0,8.0,8.0,196
o2a4,r4t.counts.loss_backward_calls,1951,1.0,1.0,1.0,1.0,1951,0,0,1.0,1.0,196
o2a4,r4t.counts.jacobian_vjp_calls,1951,0.0,0.0,0.0,0.0,0,1951,0,0.0,0.0,196
o2a4,r4t.counts.adam_calls,1951,1.0,1.0,1.0,1.0,1951,0,0,1.0,1.0,196
o2a4,r4t.counts.actual_parameter_replacements,1951,0.0,0.0,0.0,0.0,0,1951,0,0.0,0.0,196
o2a4,r4t.teacher_update,1951,0.0,0.0,0.0,0.0,0,1951,0,0.0,0.0,196
o2a4,r4t.source_unchanged,1951,1.0,1.0,1.0,1.0,1951,0,0,1.0,1.0,196
o2a4,r4t.base_loss,1951,0.11978969124381142,0.09485606849193573,0.04091060161590576,0.23861299455165863,1951,0,0,0.021590664982795715,0.0346425542493864,196
o2a4,r4t.host_seconds,1951,0.5378355215135809,0.5375468549318612,0.5110686528496444,0.5636670449748635,1951,0,0,0.3960623468738049,0.4873812844446974,196
o2a4,r4t.trainable_scalars,1951,19136.0,19136.0,19136.0,19136.0,1951,0,0,19136.0,19136.0,196
o2a4,r4t.teacher_affine_student_l2,1951,1.9033508256196148,1.819774658801198,0.5712362101464246,3.301970867516748,1951,0,0,0.013815893059669127,0.31558088562780284,196
o2a4,r4t.final_raw_probability_nested_violations,1951,2102.076883649411,1796.0,983.0,3737.0,1951,0,0,498.0,827.3163265306123,196
o2a4,auxiliary.q.0.total_pixels,1951,262144.0,262144.0,262144.0,262144.0,1951,0,0,262144.0,262144.0,196
o2a4,auxiliary.q.0.gt_foreground,1951,29364.35161455664,28513.0,15296.0,45565.0,1951,0,0,9104.0,13711.244897959185,196
o2a4,auxiliary.q.0.gt_background,1951,232779.64838544338,233631.0,216579.0,246848.0,1951,0,0,185479.0,210883.1530612245,196
o2a4,auxiliary.q.0.pred_foreground,1951,24909.500768836493,24121.0,19412.0,31719.0,1951,0,0,16561.0,18722.464285714286,196
o2a4,auxiliary.q.0.intersection,1951,22390.407483341874,22043.0,14539.0,31317.0,1951,0,0,9075.0,13150.867346938776,196
o2a4,auxiliary.q.0.dice,1951,0.8349815025733376,0.8603993683459834,0.6964571835499377,0.9322586744823674,1951,0,0,0.45362767054139563,0.6267108484800208,196
o2a4,auxiliary.q.0.brier_sum,1951,7278.604185583067,5360.5141502841925,2392.599644907144,15024.4202124256,1951,0,0,972.5365916784046,1913.7518679957514,196
o2a4,auxiliary.q.0.brier,1951,0.027765671484310406,0.02044873867143323,0.009127043323162628,0.05731361470194092,1951,0,0,0.0037099326769958673,0.007300384017928129,196
o2a4,auxiliary.q.0.foreground_brier_sum,1951,5309.185332585826,3630.725977654371,332.50718820653765,13159.586780660064,1951,0,0,8.754577086405433,191.68541592541234,196
o2a4,auxiliary.q.0.background_brier_sum,1951,1969.4188529972412,1431.231484883007,33.51048073270276,4654.902977766972,1951,0,0,0.00549210164247319,10.681670978280907,196
o2a4,auxiliary.q.0.foreground_brier,1951,0.1430987181279336,0.1274265587441406,0.020784763010893593,0.3004829080778429,1951,0,0,0.0005049358107281943,0.012471031767827646,196
o2a4,auxiliary.q.0.background_brier,1951,0.008260772436361894,0.006051945656089704,0.00015413130959703259,0.019116052347442434,1951,0,0,2.961036905780811e-08,4.805457166234868e-05,196
o2a4,auxiliary.q.1.total_pixels,1951,262144.0,262144.0,262144.0,262144.0,1951,0,0,262144.0,262144.0,196
o2a4,auxiliary.q.1.gt_foreground,1951,9633.745771399283,7259.0,2865.0,19762.0,1951,0,0,907.0,2369.5255102040815,196
o2a4,auxiliary.q.1.gt_background,1951,252510.2542286007,254885.0,242382.0,259279.0,1951,0,0,213174.0,236489.056122449,196
o2a4,auxiliary.q.1.pred_foreground,1951,7686.839569451563,7520.0,6105.0,9762.0,1951,0,0,241.0,4754.836734693878,196
o2a4,auxiliary.q.1.intersection,1951,5773.660174269606,5626.0,2634.0,9276.0,1951,0,0,5.0,2029.3265306122448,196
o2a4,auxiliary.q.1.dice,1951,0.6847700659913785,0.699332548095799,0.47074646940147946,0.8876046233559187,1951,0,0,0.0006974473427256243,0.3509572092615698,196
o2a4,auxiliary.q.1.brier_sum,1951,4447.942469097939,2740.307867481762,1297.2527381427428,10079.154037823577,1951,0,0,527.5506447235941,1026.533841146949,196
o2a4,auxiliary.q.1.brier,1951,0.016967553974525217,0.010453444929053353,0.004948626473017665,0.038448921347898776,1951,0,0,0.0020124460019058004,0.003915915836894795,196
o2a4,auxiliary.q.1.foreground_brier_sum,1951,3005.6117850462465,686.3064513256645,31.78472346565715,9065.314210532157,1951,0,0,0.0060884179902664926,12.53253353676965,196
o2a4,auxiliary.q.1.background_brier_sum,1951,1442.330684051692,1341.0625108432866,42.781862132499946,2917.3070516685493,1951,0,0,0.00026410482930695116,10.189260841906307,196
o2a4,auxiliary.q.1.foreground_brier,1951,0.19279519900776068,0.10544487347502737,0.00873177291651294,0.4929642639838195,1951,0,0,2.287159275081327e-06,0.0036159760260000176,196
o2a4,auxiliary.q.1.background_brier,1951,0.005640423576538208,0.005319855138086782,0.00017108581676499642,0.011287267540171347,1951,0,0,1.1377845671972117e-09,4.17755072178104e-05,196
o2a5,r4t.global_visit,1951,976.0,976.0,196.0,1756.0,1951,0,0,1.0,98.5,196
o2a5,r4t.counts.network_forwards,1951,9.0,9.0,9.0,9.0,1951,0,0,9.0,9.0,196
o2a5,r4t.counts.loss_backward_calls,1951,1.0,1.0,1.0,1.0,1951,0,0,1.0,1.0,196
o2a5,r4t.counts.jacobian_vjp_calls,1951,0.0,0.0,0.0,0.0,0,1951,0,0.0,0.0,196
o2a5,r4t.counts.adam_calls,1951,1.0,1.0,1.0,1.0,1951,0,0,1.0,1.0,196
o2a5,r4t.counts.actual_parameter_replacements,1951,0.0,0.0,0.0,0.0,0,1951,0,0.0,0.0,196
o2a5,r4t.pca.input.region_token_counts.0,1951,926.8159917990774,931.0,900.0,948.0,1951,0,0,864.0,890.4285714285714,196
o2a5,r4t.pca.input.region_token_counts.1,1951,97.1840082009226,93.0,76.0,124.0,1951,0,0,63.0,72.88775510204081,196
o2a5,r4t.pca.input.region_token_counts.2,1951,994.2444900051256,995.0,986.0,1001.0,1951,0,0,974.0,982.6020408163265,196
o2a5,r4t.pca.input.region_token_counts.3,1951,29.755509994874423,29.0,23.0,38.0,1950,1,0,0.0,18.132653061224488,196
o2a5,r4t.pca.input.sampled_region_counts.0,1951,32.0,32.0,32.0,32.0,1951,0,0,32.0,32.0,196
o2a5,r4t.pca.input.sampled_region_counts.1,1951,31.54023577652486,32.0,32.0,32.0,1951,0,0,3.0,27.4234693877551,196
o2a5,r4t.pca.input.sampled_region_counts.2,1951,32.0,32.0,32.0,32.0,1951,0,0,32.0,32.0,196
o2a5,r4t.pca.input.sampled_region_counts.3,1951,12.365453613531523,13.0,1.0,21.0,1789,162,0,0.0,0.17346938775510204,196
o2a5,r4t.pca.input.selected_region_counts.0,1951,32.0,32.0,32.0,32.0,1951,0,0,32.0,32.0,196
o2a5,r4t.pca.input.selected_region_counts.1,1951,31.54023577652486,32.0,32.0,32.0,1951,0,0,3.0,27.4234693877551,196
o2a5,r4t.pca.input.selected_region_counts.2,1951,32.0,32.0,32.0,32.0,1951,0,0,32.0,32.0,196
o2a5,r4t.pca.input.selected_region_counts.3,1951,12.365453613531523,13.0,1.0,21.0,1789,162,0,0.0,0.17346938775510204,196
o2a5,r4t.pca.input.assigned_bank_counts.0,1951,32.0,32.0,32.0,32.0,1951,0,0,32.0,32.0,196
o2a5,r4t.pca.input.assigned_bank_counts.1,1951,31.54023577652486,32.0,32.0,32.0,1951,0,0,3.0,27.4234693877551,196
o2a5,r4t.pca.input.assigned_bank_counts.2,1951,32.0,32.0,32.0,32.0,1951,0,0,32.0,32.0,196
o2a5,r4t.pca.input.assigned_bank_counts.3,1951,12.365453613531523,13.0,1.0,21.0,1789,162,0,0.0,0.17346938775510204,196
o2a5,r4t.pca.input.zero_vectors.0,1951,0.0,0.0,0.0,0.0,0,1951,0,0.0,0.0,196
o2a5,r4t.pca.input.zero_vectors.1,1951,0.0,0.0,0.0,0.0,0,1951,0,0.0,0.0,196
o2a5,r4t.pca.input.zero_vectors.2,1951,0.0,0.0,0.0,0.0,0,1951,0,0.0,0.0,196
o2a5,r4t.pca.input.zero_vectors.3,1951,0.0,0.0,0.0,0.0,0,1951,0,0.0,0.0,196
o2a5,r4t.pca.input.missing_foreground.0,1951,0.0,0.0,0.0,0.0,0,1951,0,0.0,0.0,196
o2a5,r4t.pca.input.missing_foreground.1,1951,0.0005125576627370579,0.0,0.0,0.0,1,1950,0,0.0,0.0,196
o2a5,r4t.pca.banks.0.n,1951,31232.0,31232.0,6272.0,56192.0,1951,0,0,32.0,3152.0,196
o2a5,r4t.pca.banks.0.contributing_images,1951,976.0,976.0,196.0,1756.0,1951,0,0,1.0,98.5,196
o2a5,r4t.pca.banks.0.version,1951,968.4961558175295,976.0,192.0,1744.0,1936,15,0,0.0,91.10204081632654,196
o2a5,r4t.pca.banks.0.last_visit,1951,976.0,976.0,196.0,1756.0,1951,0,0,1.0,98.5,196
o2a5,r4t.pca.banks.0.ready,1951,0.9923116350589442,1.0,1.0,1.0,1936,15,0,0.0,0.923469387755102,196
o2a5,r4t.pca.banks.0.rank,1951,7.938493080471553,8.0,8.0,8.0,1936,15,0,0.0,7.387755102040816,196
o2a5,r4t.pca.banks.0.merges,1951,976.0,976.0,196.0,1756.0,1951,0,0,1.0,98.5,196
o2a5,r4t.pca.banks.0.eigh_calls,1951,60.53100973859559,61.0,12.0,109.0,1936,15,0,0.0,5.6938775510204085,196
o2a5,r4t.pca.banks.0.state_bytes,1951,10797.79395181958,10816.0,10816.0,10816.0,1951,0,0,8448.0,10634.775510204081,196
o2a5,r4t.pca.banks.1.n,1951,30766.875961045618,30804.0,6102.0,55388.0,1951,0,0,32.0,3076.9489795918366,196
o2a5,r4t.pca.banks.1.contributing_images,1951,976.0,976.0,196.0,1756.0,1951,0,0,1.0,98.5,196
o2a5,r4t.pca.banks.1.version,1951,968.4961558175295,976.0,192.0,1744.0,1936,15,0,0.0,91.10204081632654,196
o2a5,r4t.pca.banks.1.last_visit,1951,976.0,976.0,196.0,1756.0,1951,0,0,1.0,98.5,196
o2a5,r4t.pca.banks.1.ready,1951,0.9923116350589442,1.0,1.0,1.0,1936,15,0,0.0,0.923469387755102,196
o2a5,r4t.pca.banks.1.rank,1951,7.938493080471553,8.0,8.0,8.0,1936,15,0,0.0,7.387755102040816,196
o2a5,r4t.pca.banks.1.merges,1951,976.0,976.0,196.0,1756.0,1951,0,0,1.0,98.5,196
o2a5,r4t.pca.banks.1.eigh_calls,1951,60.53100973859559,61.0,12.0,109.0,1936,15,0,0.0,5.6938775510204085,196
o2a5,r4t.pca.banks.1.state_bytes,1951,10797.79395181958,10816.0,10816.0,10816.0,1951,0,0,8448.0,10634.775510204081,196
o2a5,r4t.pca.banks.2.n,1951,31232.0,31232.0,6272.0,56192.0,1951,0,0,32.0,3152.0,196
o2a5,r4t.pca.banks.2.contributing_images,1951,976.0,976.0,196.0,1756.0,1951,0,0,1.0,98.5,196
o2a5,r4t.pca.banks.2.version,1951,968.4961558175295,976.0,192.0,1744.0,1936,15,0,0.0,91.10204081632654,196
o2a5,r4t.pca.banks.2.last_visit,1951,976.0,976.0,196.0,1756.0,1951,0,0,1.0,98.5,196
o2a5,r4t.pca.banks.2.ready,1951,0.9923116350589442,1.0,1.0,1.0,1936,15,0,0.0,0.923469387755102,196
o2a5,r4t.pca.banks.2.rank,1951,7.938493080471553,8.0,8.0,8.0,1936,15,0,0.0,7.387755102040816,196
o2a5,r4t.pca.banks.2.merges,1951,976.0,976.0,196.0,1756.0,1951,0,0,1.0,98.5,196
o2a5,r4t.pca.banks.2.eigh_calls,1951,60.53100973859559,61.0,12.0,109.0,1936,15,0,0.0,5.6938775510204085,196
o2a5,r4t.pca.banks.2.state_bytes,1951,10797.79395181958,10816.0,10816.0,10816.0,1951,0,0,8448.0,10634.775510204081,196
o2a5,r4t.pca.banks.3.n,1951,11826.974372116863,12078.0,1745.0,21888.0,1951,0,0,6.0,936.2755102040817,196
o2a5,r4t.pca.banks.3.contributing_images,1951,869.5607380830344,866.0,152.0,1604.0,1951,0,0,1.0,77.85204081632654,196
o2a5,r4t.pca.banks.3.version,1951,967.66478728857,974.0,186.0,1752.0,1930,21,0,0.0,88.75,196
o2a5,r4t.pca.banks.3.last_visit,1951,976.0,976.0,196.0,1756.0,1951,0,0,1.0,98.5,196
o2a5,r4t.pca.banks.3.ready,1951,0.9892362890825218,1.0,1.0,1.0,1930,21,0,0.0,0.8928571428571429,196
o2a5,r4t.pca.banks.3.rank,1951,7.9138903126601745,8.0,8.0,8.0,1930,21,0,0.0,7.142857142857143,196
o2a5,r4t.pca.banks.3.merges,1951,869.5607380830344,866.0,152.0,1604.0,1951,0,0,1.0,77.85204081632654,196
o2a5,r4t.pca.banks.3.eigh_calls,1951,53.879548949256794,54.0,9.0,100.0,1930,21,0,0.0,4.403061224489796,196
o2a5,r4t.pca.banks.3.state_bytes,1951,10790.51153254741,10816.0,10816.0,10816.0,1951,0,0,8448.0,10562.285714285714,196
o2a5,r4t.pca.base_loss,1951,0.12082490304352259,0.09635268151760101,0.0412866547703743,0.2405242621898651,1951,0,0,0.021561868488788605,0.03484648211422015,196
o2a5,r4t.pca.subloss,1951,0.11870495183751377,0.11435583233833313,0.08915737271308899,0.15422329306602478,1935,16,0,0.0,0.07667349890938827,196
o2a5,r4t.teacher_update,1951,0.0,0.0,0.0,0.0,0,1951,0,0.0,0.0,196
o2a5,r4t.source_unchanged,1951,1.0,1.0,1.0,1.0,1951,0,0,1.0,1.0,196
o2a5,r4t.base_loss,1951,0.12082490304352259,0.09635268151760101,0.0412866547703743,0.2405242621898651,1951,0,0,0.021561868488788605,0.03484648211422015,196
o2a5,r4t.host_seconds,1951,0.6128951641436197,0.6102607620414346,0.5771704278886318,0.6599130220711231,1951,0,0,0.45714341197162867,0.552674278499302,196
o2a5,r4t.trainable_scalars,1951,19136.0,19136.0,19136.0,19136.0,1951,0,0,19136.0,19136.0,196
o2a5,r4t.teacher_affine_student_l2,1951,1.811971998890419,1.7502027839777903,0.5606119584256245,3.0988528250150567,1951,0,0,0.013815893059669127,0.31187286657447943,196
o2a5,r4t.final_raw_probability_nested_violations,1951,1948.0640697078422,1657.0,904.0,3446.0,1951,0,0,432.0,750.9744897959183,196
o2a5,auxiliary.q.0.total_pixels,1951,262144.0,262144.0,262144.0,262144.0,1951,0,0,262144.0,262144.0,196
o2a5,auxiliary.q.0.gt_foreground,1951,29364.35161455664,28513.0,15296.0,45565.0,1951,0,0,9104.0,13711.244897959185,196
o2a5,auxiliary.q.0.gt_background,1951,232779.64838544338,233631.0,216579.0,246848.0,1951,0,0,185479.0,210883.1530612245,196
o2a5,auxiliary.q.0.pred_foreground,1951,24909.500768836493,24121.0,19412.0,31719.0,1951,0,0,16561.0,18722.464285714286,196
o2a5,auxiliary.q.0.intersection,1951,22390.407483341874,22043.0,14539.0,31317.0,1951,0,0,9075.0,13150.867346938776,196
o2a5,auxiliary.q.0.dice,1951,0.8349815025733376,0.8603993683459834,0.6964571835499377,0.9322586744823674,1951,0,0,0.45362767054139563,0.6267108484800208,196
o2a5,auxiliary.q.0.brier_sum,1951,7278.604185583067,5360.5141502841925,2392.599644907144,15024.4202124256,1951,0,0,972.5365916784046,1913.7518679957514,196
o2a5,auxiliary.q.0.brier,1951,0.027765671484310406,0.02044873867143323,0.009127043323162628,0.05731361470194092,1951,0,0,0.0037099326769958673,0.007300384017928129,196
o2a5,auxiliary.q.0.foreground_brier_sum,1951,5309.185332585826,3630.725977654371,332.50718820653765,13159.586780660064,1951,0,0,8.754577086405433,191.68541592541234,196
o2a5,auxiliary.q.0.background_brier_sum,1951,1969.4188529972412,1431.231484883007,33.51048073270276,4654.902977766972,1951,0,0,0.00549210164247319,10.681670978280907,196
o2a5,auxiliary.q.0.foreground_brier,1951,0.1430987181279336,0.1274265587441406,0.020784763010893593,0.3004829080778429,1951,0,0,0.0005049358107281943,0.012471031767827646,196
o2a5,auxiliary.q.0.background_brier,1951,0.008260772436361894,0.006051945656089704,0.00015413130959703259,0.019116052347442434,1951,0,0,2.961036905780811e-08,4.805457166234868e-05,196
o2a5,auxiliary.q.1.total_pixels,1951,262144.0,262144.0,262144.0,262144.0,1951,0,0,262144.0,262144.0,196
o2a5,auxiliary.q.1.gt_foreground,1951,9633.745771399283,7259.0,2865.0,19762.0,1951,0,0,907.0,2369.5255102040815,196
o2a5,auxiliary.q.1.gt_background,1951,252510.2542286007,254885.0,242382.0,259279.0,1951,0,0,213174.0,236489.056122449,196
o2a5,auxiliary.q.1.pred_foreground,1951,7686.839569451563,7520.0,6105.0,9762.0,1951,0,0,241.0,4754.836734693878,196
o2a5,auxiliary.q.1.intersection,1951,5773.660174269606,5626.0,2634.0,9276.0,1951,0,0,5.0,2029.3265306122448,196
o2a5,auxiliary.q.1.dice,1951,0.6847700659913785,0.699332548095799,0.47074646940147946,0.8876046233559187,1951,0,0,0.0006974473427256243,0.3509572092615698,196
o2a5,auxiliary.q.1.brier_sum,1951,4447.942469097939,2740.307867481762,1297.2527381427428,10079.154037823577,1951,0,0,527.5506447235941,1026.533841146949,196
o2a5,auxiliary.q.1.brier,1951,0.016967553974525217,0.010453444929053353,0.004948626473017665,0.038448921347898776,1951,0,0,0.0020124460019058004,0.003915915836894795,196
o2a5,auxiliary.q.1.foreground_brier_sum,1951,3005.6117850462465,686.3064513256645,31.78472346565715,9065.314210532157,1951,0,0,0.0060884179902664926,12.53253353676965,196
o2a5,auxiliary.q.1.background_brier_sum,1951,1442.330684051692,1341.0625108432866,42.781862132499946,2917.3070516685493,1951,0,0,0.00026410482930695116,10.189260841906307,196
o2a5,auxiliary.q.1.foreground_brier,1951,0.19279519900776068,0.10544487347502737,0.00873177291651294,0.4929642639838195,1951,0,0,2.287159275081327e-06,0.0036159760260000176,196
o2a5,auxiliary.q.1.background_brier,1951,0.005640423576538208,0.005319855138086782,0.00017108581676499642,0.011287267540171347,1951,0,0,1.1377845671972117e-09,4.17755072178104e-05,196
o2a5,auxiliary.memory.regions.0.region,1951,0.0,0.0,0.0,0.0,0,1951,0,0.0,0.0,196
o2a5,auxiliary.memory.regions.0.selected_tokens,1951,32.0,32.0,32.0,32.0,1951,0,0,32.0,32.0,196
o2a5,auxiliary.memory.regions.0.correct_tokens,1951,31.64274730907227,32.0,31.0,32.0,1951,0,0,27.0,29.928571428571427,196
o2a5,auxiliary.memory.regions.0.incorrect_tokens,1951,0.3572526909277294,0.0,0.0,1.0,487,1464,0,0.0,0.0,196
o2a5,auxiliary.memory.regions.1.region,1951,1.0,1.0,1.0,1.0,1951,0,0,1.0,1.0,196
o2a5,auxiliary.memory.regions.1.selected_tokens,1951,31.54023577652486,32.0,32.0,32.0,1951,0,0,3.0,27.4234693877551,196
o2a5,auxiliary.memory.regions.1.correct_tokens,1951,31.029728344438748,32.0,29.0,32.0,1951,0,0,3.0,24.18877551020408,196
o2a5,auxiliary.memory.regions.1.incorrect_tokens,1951,0.5105074320861097,0.0,0.0,2.0,374,1577,0,0.0,0.0,196
o2a5,auxiliary.memory.regions.2.region,1951,2.0,2.0,2.0,2.0,1951,0,0,2.0,2.0,196
o2a5,auxiliary.memory.regions.2.selected_tokens,1951,32.0,32.0,32.0,32.0,1951,0,0,32.0,32.0,196
o2a5,auxiliary.memory.regions.2.correct_tokens,1951,31.760635571501794,32.0,31.0,32.0,1951,0,0,26.0,30.132653061224488,196
o2a5,auxiliary.memory.regions.2.incorrect_tokens,1951,0.23936442849820605,0.0,0.0,1.0,297,1654,0,0.0,0.0,196
o2a5,auxiliary.memory.regions.3.region,1951,3.0,3.0,3.0,3.0,1951,0,0,3.0,3.0,196
o2a5,auxiliary.memory.regions.3.selected_tokens,1951,12.365453613531523,13.0,1.0,21.0,1789,162,0,0.0,0.17346938775510204,196
o2a5,auxiliary.memory.regions.3.correct_tokens,1951,11.403382880574064,12.0,1.0,20.0,1771,180,0,0.0,0.08163265306122448,196
o2a5,auxiliary.memory.regions.3.incorrect_tokens,1951,0.9620707329574577,0.0,0.0,3.0,663,1288,0,0.0,0.0,196
o2a5,r4t.pca.basis_versions_used.0,1935,975.5038759689922,976.0,208.0,1744.0,1935,0,0,16.0,105.0721649484536,194
o2a5,r4t.pca.basis_versions_used.1,1935,975.5038759689922,976.0,208.0,1744.0,1935,0,0,16.0,105.0721649484536,194
o2a5,r4t.pca.basis_versions_used.2,1935,975.5038759689922,976.0,208.0,1744.0,1935,0,0,16.0,105.0721649484536,194
o2a5,r4t.pca.basis_versions_used.3,1929,977.6972524624158,974.0,205.0,1752.0,1929,0,0,22.0,108.46113989637306,193
o2a6,r4t.global_visit,1951,976.0,976.0,196.0,1756.0,1951,0,0,1.0,98.5,196
o2a6,r4t.counts.network_forwards,1951,8.0,8.0,8.0,8.0,1951,0,0,8.0,8.0,196
o2a6,r4t.counts.loss_backward_calls,1951,1.0,1.0,1.0,1.0,1951,0,0,1.0,1.0,196
o2a6,r4t.counts.jacobian_vjp_calls,1951,0.0,0.0,0.0,0.0,0,1951,0,0.0,0.0,196
o2a6,r4t.counts.adam_calls,1951,1.0,1.0,1.0,1.0,1951,0,0,1.0,1.0,196
o2a6,r4t.counts.actual_parameter_replacements,1951,0.0,0.0,0.0,0.0,0,1951,0,0.0,0.0,196
o2a6,r4t.kernels.res.conv1.parameters,1951,67.0,67.0,67.0,67.0,1951,0,0,67.0,67.0,196
o2a6,r4t.kernels.res.conv1.detail_change_l2,1951,2.63391921997416e-07,2.6370391158817683e-07,2.512519427276479e-07,2.7496664982912657e-07,1951,0,0,2.234023945503959e-07,2.4679120444405705e-07,196
o2a6,r4t.kernels.res.conv1.dc_change_l2,1951,0.01125819747520383,0.009900198076157407,0.00713361677373814,0.018000700253927263,1951,0,0,0.0004126724886851236,0.005760779869557401,196
o2a6,r4t.kernels.res.conv1.flattened_cosine_gram_max_error,1951,0.002572268539661747,0.0025339703070831887,0.0022852077188943443,0.003400981083830218,1951,0,0,5.316662773163783e-05,0.0012733334499576646,196
o2a6,r4t.kernels.res.conv1.effective_change_l2,1951,0.011258197478928143,0.009900198079428102,0.007133616778992604,0.01800070025591758,1951,0,0,0.0004126725727916306,0.005760779877570142,196
o2a6,r4t.kernels.res.conv1.dc_cosine_gram_max_error,1951,7.258536198482675e-07,7.085348977670103e-07,4.4247211575254575e-07,1.0345936950553747e-06,1951,0,0,2.0434824452020273e-07,3.771395669785049e-07,196
o2a6,r4t.kernels.res.conv1.nonzero_source_dc_rows,1951,64.0,64.0,64.0,64.0,1951,0,0,64.0,64.0,196
o2a6,r4t.kernels.res.conv1.orthogonality_error,1951,2.5986930179972373e-16,2.482566935524543e-16,1.1102366568248526e-16,4.003039138084956e-16,1951,0,0,5.0610371567508977e-20,4.2379784463848343e-17,196
o2a6,r4t.kernels.res.conv1.gain_min,1951,0.9910396909788832,0.9914306025719631,0.9884134084483784,0.9940897752781405,1951,0,0,0.9881188959917436,0.9882912341978619,196
o2a6,r4t.kernels.res.conv1.gain_max,1951,1.011282380398448,1.012032461638708,1.0058589401610165,1.0155020508238504,1951,0,0,1.0001000049248734,1.0032616590439178,196
o2a6,r4t.kernels.res.layer1.2.conv2.parameters,1951,2080.0,2080.0,2080.0,2080.0,1951,0,0,2080.0,2080.0,196
o2a6,r4t.kernels.res.layer1.2.conv2.detail_change_l2,1951,1.2482165154796659e-07,1.248346053658356e-07,1.232607221256502e-07,1.2634989447188542e-07,1951,0,0,1.2046339750351524e-07,1.2273405512461568e-07,196
o2a6,r4t.kernels.res.layer1.2.conv2.dc_change_l2,1951,0.15327145048972576,0.16161759551281718,0.08657234308077798,0.20279055127984333,1951,0,0,0.00317645436075575,0.05251468267125326,196
o2a6,r4t.kernels.res.layer1.2.conv2.flattened_cosine_gram_max_error,1951,0.001571949741988993,0.001634884898516889,0.0010321285526488366,0.002043125087653915,1951,0,0,3.456534329884797e-05,0.0006781009607008296,196
o2a6,r4t.kernels.res.layer1.2.conv2.effective_change_l2,1951,0.15327145048979227,0.16161759551286617,0.08657234308086909,0.20279055127988307,1951,0,0,0.0031764543632587603,0.05251468267147325,196
o2a6,r4t.kernels.res.layer1.2.conv2.dc_cosine_gram_max_error,1951,1.8029645466257848e-08,1.77091563913212e-08,1.5511634809950436e-08,2.0941557696274593e-08,1951,0,0,1.3147878258346068e-08,1.490168718046301e-08,196
o2a6,r4t.kernels.res.layer1.2.conv2.nonzero_source_dc_rows,1951,64.0,64.0,64.0,64.0,1951,0,0,64.0,64.0,196
o2a6,r4t.kernels.res.layer1.2.conv2.orthogonality_error,1951,6.193289563988112e-15,6.1778534748062685e-15,5.4242424508292036e-15,6.992872173387408e-15,1951,0,0,4.320224062207978e-15,5.176042185677228e-15,196
o2a6,r4t.kernels.res.layer1.2.conv2.gain_min,1951,0.9903794372337729,0.9902579370839696,0.9872492656726183,0.9930193279812086,1951,0,0,0.9858363889285449,0.9864582594905624,196
o2a6,r4t.kernels.res.layer1.2.conv2.gain_max,1951,1.010711164749129,1.0117230353153306,1.0067624209092443,1.0125893363227665,1951,0,0,1.0001000043136319,1.00373814253214,196
o2a6,r4t.teacher_update,1951,0.0,0.0,0.0,0.0,0,1951,0,0.0,0.0,196
o2a6,r4t.source_unchanged,1951,1.0,1.0,1.0,1.0,1951,0,0,1.0,1.0,196
o2a6,r4t.base_loss,1951,0.05925759064202612,0.0443403497338295,0.028156857937574387,0.10543938726186752,1951,0,0,0.01912679523229599,0.02522731441244179,196
o2a6,r4t.host_seconds,1951,0.5652160883277534,0.5688862320967019,0.5331216820050031,0.5876395688392222,1951,0,0,0.42548429407179356,0.5101688418024201,196
o2a6,r4t.trainable_scalars,1951,21283.0,21283.0,21283.0,21283.0,1951,0,0,21283.0,21283.0,196
o2a6,r4t.final_raw_probability_nested_violations,1951,2295.4392619169657,1995.0,1104.0,3911.0,1951,0,0,487.0,927.9132653061224,196
o2a6,auxiliary.q.0.total_pixels,1951,262144.0,262144.0,262144.0,262144.0,1951,0,0,262144.0,262144.0,196
o2a6,auxiliary.q.0.gt_foreground,1951,29364.35161455664,28513.0,15296.0,45565.0,1951,0,0,9104.0,13711.244897959185,196
o2a6,auxiliary.q.0.gt_background,1951,232779.64838544338,233631.0,216579.0,246848.0,1951,0,0,185479.0,210883.1530612245,196
o2a6,auxiliary.q.0.pred_foreground,1951,28753.984623270117,27431.0,23534.0,36091.0,1951,0,0,19025.0,22455.219387755104,196
o2a6,auxiliary.q.0.intersection,1951,24834.562275756023,24727.0,15118.0,35376.0,1951,0,0,9104.0,13620.255102040815,196
o2a6,auxiliary.q.0.dice,1951,0.8491300641065388,0.8706093189964158,0.7291033177917426,0.9396016524729396,1951,0,0,0.48247523342622917,0.669711242811636,196
o2a6,auxiliary.q.0.brier_sum,1951,6695.130933241121,5828.790364352134,2467.0810038903396,12041.205886602496,1951,0,0,909.713695798485,1886.8715668418336,196
o2a6,auxiliary.q.0.brier,1951,0.02553989766403626,0.022235070664795433,0.009411167159615859,0.0459335551704502,1951,0,0,0.0034702823478640937,0.007197843806617102,196
o2a6,auxiliary.q.0.foreground_brier_sum,1951,3584.1704689709923,1951.1324283428073,6.633608296943759,9604.877442059507,1951,0,0,0.001630297358740762,2.321071663648635,196
o2a6,auxiliary.q.0.background_brier_sum,1951,3110.9604642701283,1741.32200854774,25.672515859050993,8352.272610178994,1951,0,0,0.003169740401186085,7.134760663139945,196
o2a6,auxiliary.q.0.foreground_brier,1951,0.08975338548398927,0.06630513620070023,0.0004220819293819264,0.22257329177803364,1951,0,0,1.069047448354598e-07,0.0001468191626812754,196
o2a6,auxiliary.q.0.background_brier,1951,0.012837097534851342,0.007681990628714921,0.00011347168948423836,0.03378721495083936,1951,0,0,1.7089483991104573e-08,3.230482808772154e-05,196
o2a6,auxiliary.q.1.total_pixels,1951,262144.0,262144.0,262144.0,262144.0,1951,0,0,262144.0,262144.0,196
o2a6,auxiliary.q.1.gt_foreground,1951,9633.745771399283,7259.0,2865.0,19762.0,1951,0,0,907.0,2369.5255102040815,196
o2a6,auxiliary.q.1.gt_background,1951,252510.2542286007,254885.0,242382.0,259279.0,1951,0,0,213174.0,236489.056122449,196
o2a6,auxiliary.q.1.pred_foreground,1951,9358.051768323936,9224.0,7594.0,11334.0,1951,0,0,2447.0,7107.556122448979,196
o2a6,auxiliary.q.1.intersection,1951,6587.671450538185,6508.0,2839.0,10468.0,1951,0,0,725.0,2335.8673469387754,196
o2a6,auxiliary.q.1.dice,1951,0.6909368284709266,0.7092447288826547,0.4662662818812885,0.8872556447946659,1951,0,0,0.08615055552254768,0.39651172848662175,196
o2a6,auxiliary.q.1.brier_sum,1951,4549.348548625846,3827.411494679456,1311.00020827003,8588.547789480932,1951,0,0,576.6117733996963,1010.2711904251934,196
o2a6,auxiliary.q.1.brier,1951,0.017354387468818077,0.014600416163175416,0.005001068909721489,0.03276270976822255,1951,0,0,0.0021995993553150035,0.003853878747654699,196
o2a6,auxiliary.q.1.foreground_brier_sum,1951,2442.3525099980266,275.63255707741234,0.28579229541128015,7771.834248106194,1951,0,0,0.0006714023232348154,0.10330866689147201,196
o2a6,auxiliary.q.1.background_brier_sum,1951,2106.9960386278185,1669.9089356961613,27.904066294163087,4769.459065787951,1951,0,0,0.000431952772870628,6.933147585150392,196
o2a6,auxiliary.q.1.foreground_brier,1951,0.13839648355448386,0.04013936312510081,8.866089818552159e-05,0.41208415828854383,1951,0,0,3.141798424121738e-07,3.199208107840917e-05,196
o2a6,auxiliary.q.1.background_brier,1951,0.008207290186827117,0.006586881672166364,0.00011355921242838313,0.018423260990072757,1951,0,0,1.8608868305056306e-09,2.862983923844807e-05,196
o2a7,r4t.global_visit,1951,976.0,976.0,196.0,1756.0,1951,0,0,1.0,98.5,196
o2a7,r4t.counts.network_forwards,1951,8.0,8.0,8.0,8.0,1951,0,0,8.0,8.0,196
o2a7,r4t.counts.loss_backward_calls,1951,1.0,1.0,1.0,1.0,1951,0,0,1.0,1.0,196
o2a7,r4t.counts.jacobian_vjp_calls,1951,0.0,0.0,0.0,0.0,0,1951,0,0.0,0.0,196
o2a7,r4t.counts.adam_calls,1951,1.0,1.0,1.0,1.0,1951,0,0,1.0,1.0,196
o2a7,r4t.counts.actual_parameter_replacements,1951,0.0,0.0,0.0,0.0,0,1951,0,0.0,0.0,196
o2a7,r4t.kernels.res.conv1.parameters,1951,67.0,67.0,67.0,67.0,1951,0,0,67.0,67.0,196
o2a7,r4t.kernels.res.conv1.detail_change_l2,1951,0.05172023872518815,0.052512819162508106,0.036453147060202154,0.06874868690500725,1951,0,0,0.001839176551592477,0.0286725607757415,196
o2a7,r4t.kernels.res.conv1.dc_change_l2,1951,0.012317794153448922,0.011029294296506016,0.006953244225962371,0.02021517641045071,1951,0,0,0.00040744262479761766,0.0054867695952601275,196
o2a7,r4t.kernels.res.conv1.flattened_cosine_gram_max_error,1951,1.6953122587263922e-08,1.6640900615816356e-08,1.4238396739418846e-08,2.001723113653764e-08,1951,0,0,1.159849044585215e-08,1.3548864238025704e-08,196
o2a7,r4t.kernels.res.conv1.effective_change_l2,1951,0.053223016320624816,0.053627307598989045,0.03708812323227245,0.07165098499044534,1951,0,0,0.0018837674698406225,0.02920635420801071,196
o2a7,r4t.kernels.res.conv1.dc_cosine_gram_max_error,1951,2.667162752780294e-07,2.544451937480652e-07,1.546900332827228e-07,3.9629198431145873e-07,1951,0,0,9.196106010023186e-08,1.35016137372028e-07,196
o2a7,r4t.kernels.res.conv1.nonzero_source_dc_rows,1951,64.0,64.0,64.0,64.0,1951,0,0,64.0,64.0,196
o2a7,r4t.kernels.res.conv1.orthogonality_error,1951,2.5522102170574136e-16,2.482548406540837e-16,1.1102311021291145e-16,4.003001312039347e-16,1951,0,0,2.875899439155328e-20,3.216957933938569e-17,196
o2a7,r4t.kernels.res.conv1.gain_min,1951,0.9881708118465077,0.9857706914506912,0.9842677084176878,0.9936077186454467,1951,0,0,0.9839916770715325,0.9841028672966344,196
o2a7,r4t.kernels.res.conv1.gain_max,1951,1.0093767366342832,1.0102802736629148,1.0068752656492637,1.011346561574938,1951,0,0,1.0000998882796157,1.0033406034580543,196
o2a7,r4t.kernels.res.layer1.2.conv2.parameters,1951,2080.0,2080.0,2080.0,2080.0,1951,0,0,2080.0,2080.0,196
o2a7,r4t.kernels.res.layer1.2.conv2.detail_change_l2,1951,0.18985735239424675,0.19871936059594394,0.11356305023246759,0.2483782758066499,1951,0,0,0.004266775830771169,0.06971368648955069,196
o2a7,r4t.kernels.res.layer1.2.conv2.dc_change_l2,1951,0.14231336578665604,0.14956125912723175,0.08181285924172745,0.18759327631059525,1951,0,0,0.0029610568038246974,0.05020745282424072,196
o2a7,r4t.kernels.res.layer1.2.conv2.flattened_cosine_gram_max_error,1951,6.441365644865028e-09,6.257638740514437e-09,5.490477141077005e-09,7.638676469134964e-09,1951,0,0,4.765603189849088e-09,5.295614909678244e-09,196
o2a7,r4t.kernels.res.layer1.2.conv2.effective_change_l2,1951,0.2372792988684696,0.24871259418731445,0.13996396077351006,0.3112603495622717,1951,0,0,0.005193576165372905,0.08591190594119669,196
o2a7,r4t.kernels.res.layer1.2.conv2.dc_cosine_gram_max_error,1951,1.2751511749610345e-08,1.2544207159126408e-08,1.0912774101035083e-08,1.489118722254601e-08,1951,0,0,9.670028815883525e-09,1.0500919875993372e-08,196
o2a7,r4t.kernels.res.layer1.2.conv2.nonzero_source_dc_rows,1951,64.0,64.0,64.0,64.0,1951,0,0,64.0,64.0,196
o2a7,r4t.kernels.res.layer1.2.conv2.orthogonality_error,1951,6.149648415392844e-15,6.129318737941539e-15,5.390675451789946e-15,6.910945627550293e-15,1951,0,0,4.538184760270026e-15,5.1494057152448334e-15,196
o2a7,r4t.kernels.res.layer1.2.conv2.gain_min,1951,0.9888587846668645,0.9880626818249332,0.9850112156454066,0.9944235512830807,1951,0,0,0.9840500671839664,0.9845721389350829,196
o2a7,r4t.kernels.res.layer1.2.conv2.gain_max,1951,1.0131470175781043,1.0146255121678578,1.0087711251876132,1.0151684244933397,1951,0,0,1.0000996244707343,1.0044396498036856,196
o2a7,r4t.teacher_update,1951,0.0,0.0,0.0,0.0,0,1951,0,0.0,0.0,196
o2a7,r4t.source_unchanged,1951,1.0,1.0,1.0,1.0,1951,0,0,1.0,1.0,196
o2a7,r4t.base_loss,1951,0.05926923196226252,0.04440892115235329,0.02816418930888176,0.10586442798376083,1951,0,0,0.019088376313447952,0.025223319086113145,196
o2a7,r4t.host_seconds,1951,0.5646778036103222,0.5683539840392768,0.5377823880407959,0.5855014559347183,1951,0,0,0.42932586278766394,0.5104404922410827,196
o2a7,r4t.trainable_scalars,1951,21283.0,21283.0,21283.0,21283.0,1951,0,0,21283.0,21283.0,196
o2a7,r4t.final_raw_probability_nested_violations,1951,2290.725269092773,1992.0,1106.0,3878.0,1951,0,0,493.0,927.3163265306123,196
o2a7,auxiliary.q.0.total_pixels,1951,262144.0,262144.0,262144.0,262144.0,1951,0,0,262144.0,262144.0,196
o2a7,auxiliary.q.0.gt_foreground,1951,29364.35161455664,28513.0,15296.0,45565.0,1951,0,0,9104.0,13711.244897959185,196
o2a7,auxiliary.q.0.gt_background,1951,232779.64838544338,233631.0,216579.0,246848.0,1951,0,0,185479.0,210883.1530612245,196
o2a7,auxiliary.q.0.pred_foreground,1951,28737.50743208611,27405.0,23501.0,36081.0,1951,0,0,19018.0,22428.40306122449,196
o2a7,auxiliary.q.0.intersection,1951,24830.358790363916,24715.0,15118.0,35370.0,1951,0,0,9104.0,13619.382653061224,196
o2a7,auxiliary.q.0.dice,1951,0.8492910810023993,0.870417335714393,0.7293848167539267,0.9393192286375017,1951,0,0,0.48127994802241536,0.6698770496123795,196
o2a7,auxiliary.q.0.brier_sum,1951,6687.016536334089,5812.595897374658,2465.8695048357617,12030.217894014524,1951,0,0,911.6347816678544,1883.7017903405892,196
o2a7,auxiliary.q.0.brier,1951,0.02550894369634281,0.022173293675898202,0.009406545657485053,0.04589163930517015,1951,0,0,0.003477610708877008,0.007185752068865163,196
o2a7,auxiliary.q.0.foreground_brier_sum,1951,3587.576223951565,1960.3826681788946,6.820993440587905,9603.670572787443,1951,0,0,0.001726037438867678,2.3929877662373107,196
o2a7,auxiliary.q.0.background_brier_sum,1951,3099.440312382524,1734.787600967132,25.438585251312197,8321.289974008725,1951,0,0,0.0031847664604599704,7.091059044446239,196
o2a7,auxiliary.q.0.foreground_brier,1951,0.08986652931154464,0.06671036901150729,0.0004250813095096536,0.22259162993971218,1951,0,0,1.1318278287656904e-07,0.00015114441616465016,196
o2a7,auxiliary.q.0.background_brier,1951,0.012789816427074052,0.0076398042271797985,0.00011209057638581128,0.03378631632761588,1951,0,0,1.7170496177249016e-08,3.209419730516377e-05,196
o2a7,auxiliary.q.1.total_pixels,1951,262144.0,262144.0,262144.0,262144.0,1951,0,0,262144.0,262144.0,196
o2a7,auxiliary.q.1.gt_foreground,1951,9633.745771399283,7259.0,2865.0,19762.0,1951,0,0,907.0,2369.5255102040815,196
o2a7,auxiliary.q.1.gt_background,1951,252510.2542286007,254885.0,242382.0,259279.0,1951,0,0,213174.0,236489.056122449,196
o2a7,auxiliary.q.1.pred_foreground,1951,9353.794976934905,9214.0,7590.0,11326.0,1951,0,0,2450.0,7105.90306122449,196
o2a7,auxiliary.q.1.intersection,1951,6586.986673500769,6510.0,2839.0,10467.0,1951,0,0,724.0,2335.964285714286,196
o2a7,auxiliary.q.1.dice,1951,0.6910699435381081,0.7094039276754045,0.46649228826553624,0.8871932551457774,1951,0,0,0.08605217804718607,0.3967545347713822,196
o2a7,auxiliary.q.1.brier_sum,1951,4546.956287233383,3825.7162114928847,1310.8694404900011,8584.121098401967,1951,0,0,576.9423098873906,1009.9508094514066,196
o2a7,auxiliary.q.1.brier,1951,0.017345261715825587,0.014593949171039141,0.005000570070228581,0.032745823281867856,1951,0,0,0.0022008602519508003,0.003852656591230036,196
o2a7,auxiliary.q.1.foreground_brier_sum,1951,2443.131144899768,274.43669226722733,0.284287299593732,7776.178769401294,1951,0,0,0.000666591358566393,0.10351977267369432,196
o2a7,auxiliary.q.1.background_brier_sum,1951,2103.8251423336146,1668.817917632818,27.675188411394902,4763.047957274418,1951,0,0,0.0004330471743379344,6.924968474285671,196
o2a7,auxiliary.q.1.foreground_brier,1951,0.13843192191480957,0.040064379155810126,8.831027724664232e-05,0.4120581802976661,1951,0,0,3.119285720947089e-07,3.204458601744294e-05,196
o2a7,auxiliary.q.1.background_brier,1951,0.008194961537665009,0.006580286426475374,0.0001145207063257824,0.018414177410189428,1951,0,0,1.8656015988916792e-09,2.8605230327439184e-05,196
o2a8,r4t.global_visit,1951,976.0,976.0,196.0,1756.0,1951,0,0,1.0,98.5,196
o2a8,r4t.counts.network_forwards,1951,8.0,8.0,8.0,8.0,1951,0,0,8.0,8.0,196
o2a8,r4t.counts.loss_backward_calls,1951,1.0,1.0,1.0,1.0,1951,0,0,1.0,1.0,196
o2a8,r4t.counts.jacobian_vjp_calls,1951,0.0,0.0,0.0,0.0,0,1951,0,0.0,0.0,196
o2a8,r4t.counts.adam_calls,1951,1.0,1.0,1.0,1.0,1951,0,0,1.0,1.0,196
o2a8,r4t.counts.actual_parameter_replacements,1951,0.0,0.0,0.0,0.0,0,1951,0,0.0,0.0,196
o2a8,r4t.kernels.res.conv1.parameters,1951,64.0,64.0,64.0,64.0,1951,0,0,64.0,64.0,196
o2a8,r4t.kernels.res.conv1.detail_change_l2,1951,2.6331093371541783e-07,2.6335517255657794e-07,2.518965747556378e-07,2.746322563283962e-07,1951,0,0,2.335303103694722e-07,2.4730745763067886e-07,196
o2a8,r4t.kernels.res.conv1.dc_change_l2,1951,0.0066904506301027344,0.007061871633459958,0.0047628453344276366,0.008187256744470036,1951,0,0,0.00023225810806710157,0.0032489342118920167,196
o2a8,r4t.kernels.res.conv1.flattened_cosine_gram_max_error,1951,0.002588705928829447,0.0025530080984002,0.0021693975413708544,0.0034631266584173315,1951,0,0,5.316903720553601e-05,0.001241032833544751,196
o2a8,r4t.kernels.res.conv1.effective_change_l2,1951,0.006690450636096305,0.007061871638191225,0.004762845341970523,0.008187256748293117,1951,0,0,0.0002322582660487606,0.0032489342268073682,196
o2a8,r4t.kernels.res.conv1.dc_cosine_gram_max_error,1951,7.144710029326953e-07,6.910043773289409e-07,4.4421598646704474e-07,1.0261559972024603e-06,1951,0,0,2.2747997102667838e-07,3.750598467552033e-07,196
o2a8,r4t.kernels.res.conv1.nonzero_source_dc_rows,1951,64.0,64.0,64.0,64.0,1951,0,0,64.0,64.0,196
o2a8,r4t.kernels.res.conv1.orthogonality_error,1951,0.0,0.0,0.0,0.0,0,1951,0,0.0,0.0,196
o2a8,r4t.kernels.res.conv1.gain_min,1951,0.9913011352980917,0.991626003699273,0.9887095270959352,0.994161461192286,1951,0,0,0.9881321220201034,0.988477392186598,196
o2a8,r4t.kernels.res.conv1.gain_max,1951,1.011426629022119,1.0121659702061598,1.0061138405482999,1.0159855523297743,1951,0,0,1.0001000049248734,1.0033418515173085,196
o2a8,r4t.kernels.res.layer1.2.conv2.parameters,1951,64.0,64.0,64.0,64.0,1951,0,0,64.0,64.0,196
o2a8,r4t.kernels.res.layer1.2.conv2.detail_change_l2,1951,1.247421289592504e-07,1.2476754554221865e-07,1.2324730565519794e-07,1.262726580323451e-07,1951,0,0,1.2124454311708026e-07,1.2266348315715883e-07,196
o2a8,r4t.kernels.res.layer1.2.conv2.dc_change_l2,1951,0.012701830061478216,0.013233350990105443,0.008313496159481223,0.016253834146372916,1951,0,0,0.0002959260597196742,0.0048322774870122485,196
o2a8,r4t.kernels.res.layer1.2.conv2.flattened_cosine_gram_max_error,1951,0.001651704402395923,0.0015939856645435166,0.0010338624659802509,0.002218924600701444,1951,0,0,3.4570116095811176e-05,0.0006938852060000194,196
o2a8,r4t.kernels.res.layer1.2.conv2.effective_change_l2,1951,0.012701830062259454,0.013233350990687785,0.008313496160419638,0.0162538341468327,1951,0,0,0.00029592608611128164,0.004832277489539321,196
o2a8,r4t.kernels.res.layer1.2.conv2.dc_cosine_gram_max_error,1951,1.7964747083622558e-08,1.763445944824582e-08,1.55676556645723e-08,2.0905533887338734e-08,1951,0,0,1.32759286897155e-08,1.494713425322683e-08,196
o2a8,r4t.kernels.res.layer1.2.conv2.nonzero_source_dc_rows,1951,64.0,64.0,64.0,64.0,1951,0,0,64.0,64.0,196
o2a8,r4t.kernels.res.layer1.2.conv2.orthogonality_error,1951,0.0,0.0,0.0,0.0,0,1951,0,0.0,0.0,196
o2a8,r4t.kernels.res.layer1.2.conv2.gain_min,1951,0.9901495818633722,0.9900318863177656,0.9875101759097608,0.9928285528968488,1951,0,0,0.9860112497598655,0.9867457569709762,196
o2a8,r4t.kernels.res.layer1.2.conv2.gain_max,1951,1.0104990431422793,1.0115156788553838,1.0067193991086436,1.0123191497141266,1951,0,0,1.0001000043136319,1.003691192370275,196
o2a8,r4t.teacher_update,1951,0.0,0.0,0.0,0.0,0,1951,0,0.0,0.0,196
o2a8,r4t.source_unchanged,1951,1.0,1.0,1.0,1.0,1951,0,0,1.0,1.0,196
o2a8,r4t.base_loss,1951,0.05980311450130783,0.04469122365117073,0.028255194425582886,0.1072029396891594,1951,0,0,0.019258512184023857,0.025321329563704073,196
o2a8,r4t.host_seconds,1951,0.5498252671602436,0.5523393738549203,0.5196827619802207,0.5745493720751256,1951,0,0,0.42086598998866975,0.4959557117972694,196
o2a8,r4t.trainable_scalars,1951,19264.0,19264.0,19264.0,19264.0,1951,0,0,19264.0,19264.0,196
o2a8,r4t.final_raw_probability_nested_violations,1951,2225.3531522296257,1929.0,1072.0,3787.0,1951,0,0,485.0,900.9642857142857,196
o2a8,auxiliary.q.0.total_pixels,1951,262144.0,262144.0,262144.0,262144.0,1951,0,0,262144.0,262144.0,196
o2a8,auxiliary.q.0.gt_foreground,1951,29364.35161455664,28513.0,15296.0,45565.0,1951,0,0,9104.0,13711.244897959185,196
o2a8,auxiliary.q.0.gt_background,1951,232779.64838544338,233631.0,216579.0,246848.0,1951,0,0,185479.0,210883.1530612245,196
o2a8,auxiliary.q.0.pred_foreground,1951,28630.388006150693,27291.0,23412.0,35959.0,1951,0,0,19011.0,22363.908163265307,196
o2a8,auxiliary.q.0.intersection,1951,24771.856483854433,24673.0,15118.0,35227.0,1951,0,0,9104.0,13615.75,196
o2a8,auxiliary.q.0.dice,1951,0.8492211038734914,0.8701965168433388,0.7302694136291601,0.9390434624477177,1951,0,0,0.48407278675117565,0.6709387548359448,196
o2a8,auxiliary.q.0.brier_sum,1951,6694.817249978334,5797.576248969335,2483.86379143156,12054.60002385703,1951,0,0,909.4696578605952,1889.543076210414,196
o2a8,auxiliary.q.0.brier,1951,0.025538701057351433,0.022115998264195767,0.009475188413358917,0.045984649749210474,1951,0,0,0.003469351417009717,0.007208034806100517,196
o2a8,auxiliary.q.0.foreground_brier_sum,1951,3635.7754510710665,2001.9257485317667,7.633223704616945,9758.065049302038,1951,0,0,0.001949302607478387,2.6961237287764623,196
o2a8,auxiliary.q.0.background_brier_sum,1951,3059.041798907268,1720.3114165651782,23.165915280971703,8235.276212499128,1951,0,0,0.0032577948790042865,6.695514732185563,196
o2a8,auxiliary.q.0.foreground_brier,1951,0.09114795083436908,0.06864598837359877,0.00047293233055596044,0.2246030373950241,1951,0,0,1.2782312180186146e-07,0.00017163271486768253,196
o2a8,auxiliary.q.0.background_brier,1951,0.012623969964239468,0.0076103317180870374,0.00010528382234015672,0.0334303267843749,1951,0,0,1.7564224947321727e-08,3.0336005953662482e-05,196
o2a8,auxiliary.q.1.total_pixels,1951,262144.0,262144.0,262144.0,262144.0,1951,0,0,262144.0,262144.0,196
o2a8,auxiliary.q.1.gt_foreground,1951,9633.745771399283,7259.0,2865.0,19762.0,1951,0,0,907.0,2369.5255102040815,196
o2a8,auxiliary.q.1.gt_background,1951,252510.2542286007,254885.0,242382.0,259279.0,1951,0,0,213174.0,236489.056122449,196
o2a8,auxiliary.q.1.pred_foreground,1951,9332.51870835469,9190.0,7578.0,11291.0,1951,0,0,2393.0,7096.688775510204,196
o2a8,auxiliary.q.1.intersection,1951,6579.665812403896,6491.0,2839.0,10452.0,1951,0,0,713.0,2334.7704081632655,196
o2a8,auxiliary.q.1.dice,1951,0.691326614265623,0.7098817245326211,0.4670228752713308,0.8874509103891467,1951,0,0,0.08475986685687113,0.39734344708675473,196
o2a8,auxiliary.q.1.brier_sum,1951,4542.286550479981,3807.737173755105,1302.1228403771288,8637.396426806024,1951,0,0,577.6135835428317,1006.5416543835986,196
o2a8,auxiliary.q.1.brier,1951,0.017327448083801197,0.014525364584942264,0.0049672044386944916,0.03294905253145609,1951,0,0,0.0022034209577286978,0.0038396516967147774,196
o2a8,auxiliary.q.1.foreground_brier_sum,1951,2449.612799055247,275.73570789716405,0.2997358308658953,7792.802508642356,1951,0,0,0.0006873511827478751,0.10845589804684057,196
o2a8,auxiliary.q.1.background_brier_sum,1951,2092.6737514247343,1653.3446374182058,27.372312373802316,4734.046069848357,1951,0,0,0.0004282663251062404,6.763963714370867,196
o2a8,auxiliary.q.1.foreground_brier,1951,0.13886215173038216,0.0407369511159503,9.558626908036236e-05,0.41398543885531885,1951,0,0,3.216430429330253e-07,3.3530297611165766e-05,196
o2a8,auxiliary.q.1.background_brier,1951,0.0081516930707258,0.006531140351031495,0.00011319133958893318,0.01830835104439628,1951,0,0,1.8450053209357165e-09,2.7923446171954817e-05,196
o2a9,r4t.global_visit,1951,976.0,976.0,196.0,1756.0,1951,0,0,1.0,98.5,196
o2a9,r4t.counts.network_forwards,1951,8.0,8.0,8.0,8.0,1951,0,0,8.0,8.0,196
o2a9,r4t.counts.loss_backward_calls,1951,1.0,1.0,1.0,1.0,1951,0,0,1.0,1.0,196
o2a9,r4t.counts.jacobian_vjp_calls,1951,0.0,0.0,0.0,0.0,0,1951,0,0.0,0.0,196
o2a9,r4t.counts.adam_calls,1951,1.0,1.0,1.0,1.0,1951,0,0,1.0,1.0,196
o2a9,r4t.counts.actual_parameter_replacements,1951,0.0,0.0,0.0,0.0,0,1951,0,0.0,0.0,196
o2a9,r4t.kernels.res.conv1.parameters,1951,192.0,192.0,192.0,192.0,1951,0,0,192.0,192.0,196
o2a9,r4t.kernels.res.conv1.detail_change_l2,1951,2.632728734236001e-07,2.634066042139789e-07,2.521589272794432e-07,2.747261890222191e-07,1951,0,0,2.329191244998578e-07,2.4804573075520406e-07,196
o2a9,r4t.kernels.res.conv1.dc_change_l2,1951,0.012214396166090914,0.012577169059884662,0.005231526151731145,0.01815268139522903,1951,0,0,0.00023225926113924295,0.0032534014312223117,196
o2a9,r4t.kernels.res.conv1.flattened_cosine_gram_max_error,1951,0.006781603907751956,0.007329345956353052,0.002450951880561353,0.009863427823764264,1951,0,0,7.880944201771323e-05,0.0013324323181631934,196
o2a9,r4t.kernels.res.conv1.effective_change_l2,1951,0.012214396170212246,0.012577169062796609,0.0052315261577464784,0.01815268139715396,1951,0,0,0.00023225941553664645,0.0032534014463951244,196
o2a9,r4t.kernels.res.conv1.dc_cosine_gram_max_error,1951,0.015523297104409679,0.016234882082554053,0.006209503528955773,0.02222686874537666,1951,0,0,0.00019536229155090595,0.0038384919776821187,196
o2a9,r4t.kernels.res.conv1.nonzero_source_dc_rows,1951,64.0,64.0,64.0,64.0,1951,0,0,64.0,64.0,196
o2a9,r4t.kernels.res.conv1.orthogonality_error,1951,0.0,0.0,0.0,0.0,0,1951,0,0.0,0.0,196
o2a9,r4t.kernels.res.conv1.gain_min,1951,1.0,1.0,1.0,1.0,1951,0,0,1.0,1.0,196
o2a9,r4t.kernels.res.conv1.gain_max,1951,1.0,1.0,1.0,1.0,1951,0,0,1.0,1.0,196
o2a9,r4t.kernels.res.layer1.2.conv2.parameters,1951,4096.0,4096.0,4096.0,4096.0,1951,0,0,4096.0,4096.0,196
o2a9,r4t.kernels.res.layer1.2.conv2.detail_change_l2,1951,1.2473796785570397e-07,1.2475858246085313e-07,1.231205339700406e-07,1.2625190793329575e-07,1951,0,0,1.2093190729095166e-07,1.2256725602443956e-07,196
o2a9,r4t.kernels.res.layer1.2.conv2.dc_change_l2,1951,0.01420587309753057,0.014643659380612588,0.008400086330197763,0.018784962030998907,1951,0,0,0.00029572520080859045,0.005090060392811131,196
o2a9,r4t.kernels.res.layer1.2.conv2.flattened_cosine_gram_max_error,1951,0.0015301724314887104,0.0016558310049272218,0.001028428505558135,0.001801584754546906,1951,0,0,2.715432110471372e-05,0.0005506605857307334,196
o2a9,r4t.kernels.res.layer1.2.conv2.effective_change_l2,1951,0.01420587309824271,0.014643659381152122,0.008400086331129788,0.018784962031417978,1951,0,0,0.00029572522792387405,0.0050900603951562935,196
o2a9,r4t.kernels.res.layer1.2.conv2.dc_cosine_gram_max_error,1951,0.004000702631258189,0.004267712461453785,0.002668896724271716,0.00478988596538088,1951,0,0,7.09260602712869e-05,0.0014569469859125937,196
o2a9,r4t.kernels.res.layer1.2.conv2.nonzero_source_dc_rows,1951,64.0,64.0,64.0,64.0,1951,0,0,64.0,64.0,196
o2a9,r4t.kernels.res.layer1.2.conv2.orthogonality_error,1951,0.0,0.0,0.0,0.0,0,1951,0,0.0,0.0,196
o2a9,r4t.kernels.res.layer1.2.conv2.gain_min,1951,1.0,1.0,1.0,1.0,1951,0,0,1.0,1.0,196
o2a9,r4t.kernels.res.layer1.2.conv2.gain_max,1951,1.0,1.0,1.0,1.0,1951,0,0,1.0,1.0,196
o2a9,r4t.teacher_update,1951,0.0,0.0,0.0,0.0,0,1951,0,0.0,0.0,196
o2a9,r4t.source_unchanged,1951,1.0,1.0,1.0,1.0,1951,0,0,1.0,1.0,196
o2a9,r4t.base_loss,1951,0.05954159526054154,0.04433711618185043,0.028154127299785614,0.10681326687335968,1951,0,0,0.019263656809926033,0.02525711940525442,196
o2a9,r4t.host_seconds,1951,0.5529522724519568,0.5541362238582224,0.5284720701165497,0.5763492081314325,1951,0,0,0.4231000228319317,0.5023230555436422,196
o2a9,r4t.trainable_scalars,1951,23424.0,23424.0,23424.0,23424.0,1951,0,0,23424.0,23424.0,196
o2a9,r4t.final_raw_probability_nested_violations,1951,2179.465914915428,1881.0,1055.0,3683.0,1951,0,0,484.0,886.4285714285714,196
o2a9,auxiliary.q.0.total_pixels,1951,262144.0,262144.0,262144.0,262144.0,1951,0,0,262144.0,262144.0,196
o2a9,auxiliary.q.0.gt_foreground,1951,29364.35161455664,28513.0,15296.0,45565.0,1951,0,0,9104.0,13711.244897959185,196
o2a9,auxiliary.q.0.gt_background,1951,232779.64838544338,233631.0,216579.0,246848.0,1951,0,0,185479.0,210883.1530612245,196
o2a9,auxiliary.q.0.pred_foreground,1951,28607.52639671963,27296.0,23356.0,35971.0,1951,0,0,18948.0,22329.63775510204,196
o2a9,auxiliary.q.0.intersection,1951,24781.15325474116,24687.0,15118.0,35250.0,1951,0,0,9104.0,13617.55612244898,196
o2a9,auxiliary.q.0.dice,1951,0.8499453976183168,0.8707529780736747,0.7310574131310293,0.9396961195522346,1951,0,0,0.4875517390498548,0.6727485436232642,196
o2a9,auxiliary.q.0.brier_sum,1951,6663.275197343461,5774.576764649544,2482.616686895542,11992.737813585802,1951,0,0,909.8023785866859,1879.9842536690046,196
o2a9,auxiliary.q.0.brier,1951,0.02541837767541298,0.022028262194250275,0.00947043108709542,0.0457486641448433,1951,0,0,0.0034706206458537518,0.007171570791889208,196
o2a9,auxiliary.q.0.foreground_brier_sum,1951,3628.464386654064,1994.101392167152,7.6510112129532555,9732.403390362415,1951,0,0,0.0020982141461765025,2.728198733541168,196
o2a9,auxiliary.q.0.background_brier_sum,1951,3034.810810689396,1719.9141353319303,23.71745314767766,8162.622666309606,1951,0,0,0.003249820201777104,6.781674600804607,196
o2a9,auxiliary.q.0.foreground_brier,1951,0.09094943001061917,0.06824995742290897,0.00048255264832568125,0.22444959467446826,1951,0,0,1.3758781286403296e-07,0.00017370109641342836,196
o2a9,auxiliary.q.0.background_brier,1951,0.012525193384385905,0.0075722341864713945,0.0001048450596956765,0.03316818829347486,1951,0,0,1.7521229906227142e-08,3.0700056325193574e-05,196
o2a9,auxiliary.q.1.total_pixels,1951,262144.0,262144.0,262144.0,262144.0,1951,0,0,262144.0,262144.0,196
o2a9,auxiliary.q.1.gt_foreground,1951,9633.745771399283,7259.0,2865.0,19762.0,1951,0,0,907.0,2369.5255102040815,196
o2a9,auxiliary.q.1.gt_background,1951,252510.2542286007,254885.0,242382.0,259279.0,1951,0,0,213174.0,236489.056122449,196
o2a9,auxiliary.q.1.pred_foreground,1951,9339.515120451051,9189.0,7575.0,11299.0,1951,0,0,2400.0,7097.147959183673,196
o2a9,auxiliary.q.1.intersection,1951,6583.902101486417,6486.0,2839.0,10479.0,1951,0,0,718.0,2335.0,196
o2a9,auxiliary.q.1.dice,1951,0.6913861515539085,0.7102026675905075,0.4674466374921854,0.8873485169991041,1951,0,0,0.08534411030547961,0.39756218318669384,196
o2a9,auxiliary.q.1.brier_sum,1951,4542.089362927222,3811.107656499777,1310.8276549401567,8608.144979110035,1951,0,0,574.4688764554164,1009.2567281846094,196
o2a9,auxiliary.q.1.brier,1951,0.017326695872982873,0.014538221956252201,0.005000410671005847,0.03283746711391462,1951,0,0,0.002191424852201143,0.0038500088813194634,196
o2a9,auxiliary.q.1.foreground_brier_sum,1951,2446.1679752904993,274.4255680307266,0.310971879533124,7790.32270622276,1951,0,0,0.0006941845349288656,0.11060251965524534,196
o2a9,auxiliary.q.1.background_brier_sum,1951,2095.9213876367216,1654.0153782035704,27.417910615647546,4749.141627200631,1951,0,0,0.00043476994248778443,6.868933316203954,196
o2a9,auxiliary.q.1.foreground_brier,1951,0.1386846474554624,0.0405040888277659,9.533648062219857e-05,0.41258343049081186,1951,0,0,3.2484068082773306e-07,3.404117924682893e-05,196
o2a9,auxiliary.q.1.background_brier,1951,0.008164413276993035,0.0065419682383170835,0.00011273116171766568,0.01834247388988908,1951,0,0,1.8730234208208805e-09,2.8354961215083162e-05,196
o2a10,r4t.global_visit,1951,976.0,976.0,196.0,1756.0,1951,0,0,1.0,98.5,196
o2a10,r4t.counts.network_forwards,1951,8.0,8.0,8.0,8.0,1951,0,0,8.0,8.0,196
o2a10,r4t.counts.loss_backward_calls,1951,1.0,1.0,1.0,1.0,1951,0,0,1.0,1.0,196
o2a10,r4t.counts.jacobian_vjp_calls,1951,0.0,0.0,0.0,0.0,0,1951,0,0.0,0.0,196
o2a10,r4t.counts.adam_calls,1951,1.0,1.0,1.0,1.0,1951,0,0,1.0,1.0,196
o2a10,r4t.counts.actual_parameter_replacements,1951,0.0,0.0,0.0,0.0,0,1951,0,0.0,0.0,196
o2a10,r4t.graph.free_nodes,1951,1125.5540748334188,1082.0,788.0,1544.0,1951,0,0,597.0,720.1020408163265,196
o2a10,r4t.graph.steps,1951,64.0,64.0,64.0,64.0,1951,0,0,64.0,64.0,196
o2a10,r4t.graph.energy_before,1951,18.84778035029573,18.47939310360377,14.867758382511232,23.402098927228586,1951,0,0,10.608109805797689,13.779782559392377,196
o2a10,r4t.graph.energy_after,1951,15.976394982154059,15.796594518798955,12.415781223216944,19.89285616395422,1951,0,0,9.100656577862445,11.51088828918176,196
o2a10,r4t.graph.max_free_linear_residual,1951,4.964482240641725e-10,3.522147018486521e-10,3.7730929491885945e-11,1.1212564210438813e-09,1951,0,0,5.480060849549773e-13,1.8054771963197223e-11,196
o2a10,r4t.graph.max_contraction,1951,0.799914694596063,0.8,0.7997138720844329,0.8,1951,0,0,0.7986497320103382,0.799560528786043,196
o2a10,r4t.graph.exact_fixed_nodes,1951,1.0,1.0,1.0,1.0,1951,0,0,1.0,1.0,196
o2a10,r4t.graph.grid,1951,128.0,128.0,128.0,128.0,1951,0,0,128.0,128.0,196
o2a10,r4t.graph.potential_undirected_edges,1951,32512.0,32512.0,32512.0,32512.0,1951,0,0,32512.0,32512.0,196
o2a10,r4t.graph.reliable_grid_counts.0,1951,15528.33316248078,15661.0,14959.0,15930.0,1951,0,0,13010.0,14480.295918367347,196
o2a10,r4t.graph.reliable_grid_counts.1,1951,15870.129677088673,15943.0,15579.0,16072.0,1951,0,0,14683.0,15381.489795918367,196
o2a10,r4t.graph.free_grid_counts.0,1951,677.8139415684265,650.0,451.0,958.0,1951,0,0,332.0,409.71938775510205,196
o2a10,r4t.graph.free_grid_counts.1,1951,447.7401332649923,425.0,312.0,616.0,1951,0,0,236.0,291.1887755102041,196
o2a10,r4t.graph.allowed_full_counts.0,1951,10521.371091747822,10041.0,6809.0,15112.0,1951,0,0,4938.0,6144.673469387755,196
o2a10,r4t.graph.allowed_full_counts.1,1951,6960.52075858534,6568.0,4793.0,9666.0,1951,0,0,3629.0,4465.25,196
o2a10,r4t.graph.qstar_changed_full_counts.0,1951,10521.364941055868,10041.0,6809.0,15112.0,1951,0,0,4938.0,6144.673469387755,196
o2a10,r4t.graph.qstar_changed_full_counts.1,1951,6960.51870835469,6568.0,4793.0,9666.0,1951,0,0,3629.0,4465.25,196
o2a10,r4t.graph.mean_abs_probability_correction,1951,0.0008327310399399609,0.000790773774497211,0.0006373365176841617,0.0010722392471507192,1951,0,0,0.000460244482383132,0.0006018913429995466,196
o2a10,r4t.graph.max_abs_probability_correction,1951,0.1425064932392659,0.13976258039474487,0.11315140128135681,0.17547732591629028,1951,0,0,0.08248892426490784,0.10567880897041486,196
o2a10,r4t.graph.weight_h_mean,1951,0.8959174879430074,0.9005526060601641,0.8531273969914835,0.9329027763690507,1951,0,0,0.7199702275690871,0.8288596204350195,196
o2a10,r4t.graph.weight_v_mean,1951,0.9069563736212752,0.9111925971498613,0.8636506566108916,0.9442730490075322,1951,0,0,0.7373470790586899,0.8424279754038997,196
o2a10,r4t.graph.exact_outside_allowed,1951,1.0,1.0,1.0,1.0,1951,0,0,1.0,1.0,196
o2a10,r4t.graph.exact_reliable_full,1951,1.0,1.0,1.0,1.0,1951,0,0,1.0,1.0,196
o2a10,r4t.graph.graph_seconds,1951,0.09486097807309536,0.09322646399959922,0.09121136087924242,0.10200091218575835,1951,0,0,0.07753837597556412,0.08994582536801392,196
o2a10,r4t.teacher_update,1951,0.0,0.0,0.0,0.0,0,1951,0,0.0,0.0,196
o2a10,r4t.source_unchanged,1951,1.0,1.0,1.0,1.0,1951,0,0,1.0,1.0,196
o2a10,r4t.base_loss,1951,0.060533756293787946,0.04529092460870743,0.028832226991653442,0.10860764980316162,1951,0,0,0.019843533635139465,0.02593496221364761,196
o2a10,r4t.host_seconds,1951,0.6378173094889868,0.6346554700285196,0.5884675688575953,0.6918873970862478,1951,0,0,0.4741460080258548,0.5667844923932999,196
o2a10,r4t.trainable_scalars,1951,19136.0,19136.0,19136.0,19136.0,1951,0,0,19136.0,19136.0,196
o2a10,r4t.final_raw_probability_nested_violations,1951,2232.803177857509,1930.0,1069.0,3796.0,1951,0,0,483.0,901.2602040816327,196
o2a10,auxiliary.q.0.total_pixels,1951,262144.0,262144.0,262144.0,262144.0,1951,0,0,262144.0,262144.0,196
o2a10,auxiliary.q.0.gt_foreground,1951,29364.35161455664,28513.0,15296.0,45565.0,1951,0,0,9104.0,13711.244897959185,196
o2a10,auxiliary.q.0.gt_background,1951,232779.64838544338,233631.0,216579.0,246848.0,1951,0,0,185479.0,210883.1530612245,196
o2a10,auxiliary.q.0.pred_foreground,1951,28502.61968221425,27203.0,23288.0,35774.0,1951,0,0,18942.0,22265.94387755102,196
o2a10,auxiliary.q.0.intersection,1951,24698.010763710918,24576.0,15118.0,35071.0,1951,0,0,9104.0,13608.285714285714,196
o2a10,auxiliary.q.0.dice,1951,0.8489845195142727,0.8694593278129567,0.7304567030491566,0.9382280740906048,1951,0,0,0.4852464398571839,0.6716201763284492,196
o2a10,auxiliary.q.0.brier_sum,1951,6714.060240500391,5794.5696040308885,2477.841670674526,12077.909414172631,1951,0,0,915.1104346336838,1894.0510963951,196
o2a10,auxiliary.q.0.brier,1951,0.02561210724067837,0.02210452882397037,0.009452215845773796,0.04607356801671078,1951,0,0,0.003490869272742019,0.007225231538372422,196
o2a10,auxiliary.q.0.foreground_brier_sum,1951,3700.476571896749,2081.517746923224,8.475085753424423,9889.828257969279,1951,0,0,0.002490702034609882,3.0087484512038323,196
o2a10,auxiliary.q.0.background_brier_sum,1951,3013.5836686036414,1702.8923012067457,20.616373575730957,8132.929941362364,1951,0,0,0.003339632653892523,5.867061980202163,196
o2a10,auxiliary.q.0.foreground_brier,1951,0.09293780503346363,0.07094234188250371,0.000530600223690995,0.22671040234556109,1951,0,0,1.6332472358097586e-07,0.000191603008849855,196
o2a10,auxiliary.q.0.background_brier,1951,0.012436718003582592,0.007509408756674584,9.11536567617843e-05,0.03308135287188661,1951,0,0,1.8005448885817387e-08,2.6612805672789763e-05,196
o2a10,auxiliary.q.1.total_pixels,1951,262144.0,262144.0,262144.0,262144.0,1951,0,0,262144.0,262144.0,196
o2a10,auxiliary.q.1.gt_foreground,1951,9633.745771399283,7259.0,2865.0,19762.0,1951,0,0,907.0,2369.5255102040815,196
o2a10,auxiliary.q.1.gt_background,1951,252510.2542286007,254885.0,242382.0,259279.0,1951,0,0,213174.0,236489.056122449,196
o2a10,auxiliary.q.1.pred_foreground,1951,9234.463352127113,9067.0,7493.0,11222.0,1951,0,0,2379.0,7021.693877551021,196
o2a10,auxiliary.q.1.intersection,1951,6553.570476678627,6465.0,2839.0,10370.0,1951,0,0,704.0,2333.683673469388,196
o2a10,auxiliary.q.1.dice,1951,0.6932833944139047,0.7090630296182713,0.4728580198193458,0.8875307164009829,1951,0,0,0.08381950232170496,0.4013276640089525,196
o2a10,auxiliary.q.1.brier_sum,1951,4509.008448282319,3737.2428724630718,1293.6577198281675,8722.234601077693,1951,0,0,578.2863092249708,993.2622887137904,196
o2a10,auxiliary.q.1.brier,1951,0.017200502198342585,0.0142564501665614,0.004934912566483183,0.03327268448287084,1951,0,0,0.002205987202548869,0.0037889949368049257,196
o2a10,auxiliary.q.1.foreground_brier_sum,1951,2473.6247464129124,293.1280979565414,0.36313493919949735,7837.722688050816,1951,0,0,0.0008109005331640162,0.13419897623593047,196
o2a10,auxiliary.q.1.background_brier_sum,1951,2035.3837018694062,1613.8412356257297,24.481451540309354,4610.124856430524,1951,0,0,0.00042118899276988016,6.122482809659547,196
o2a10,auxiliary.q.1.foreground_brier,1951,0.14069076923157214,0.042768277158163254,0.000115485191205008,0.41616216519640553,1951,0,0,3.7945743245859437e-07,4.130525707806172e-05,196
o2a10,auxiliary.q.1.background_brier,1951,0.007929168558623599,0.0063730281843367405,0.0001011973128924237,0.017881605338714128,1951,0,0,1.8145156114882697e-09,2.5304762780005314e-05,196
o2a10,auxiliary.qstar.0.total_pixels,1951,262144.0,262144.0,262144.0,262144.0,1951,0,0,262144.0,262144.0,196
o2a10,auxiliary.qstar.0.gt_foreground,1951,29364.35161455664,28513.0,15296.0,45565.0,1951,0,0,9104.0,13711.244897959185,196
o2a10,auxiliary.qstar.0.gt_background,1951,232779.64838544338,233631.0,216579.0,246848.0,1951,0,0,185479.0,210883.1530612245,196
o2a10,auxiliary.qstar.0.pred_foreground,1951,28448.27319323424,27119.0,23259.0,35687.0,1951,0,0,18908.0,22229.19387755102,196
o2a10,auxiliary.qstar.0.intersection,1951,24669.11378780113,24558.0,15118.0,35109.0,1951,0,0,9104.0,13610.040816326531,196
o2a10,auxiliary.qstar.0.dice,1951,0.8489625485414699,0.8691224998316385,0.7303014790320572,0.9385968829544947,1951,0,0,0.48620328326929796,0.671723009722144,196
o2a10,auxiliary.qstar.0.brier_sum,1951,6677.04600236845,5768.007700872862,2415.7425324532005,11994.238968447255,1951,0,0,948.1170910728888,1855.9131024518847,196
o2a10,auxiliary.qstar.0.brier,1951,0.025470909127687263,0.02200320320462365,0.009215326433003237,0.04575439059618856,1951,0,0,0.003616779674808078,0.007079746637160815,196
o2a10,auxiliary.qstar.0.foreground_brier_sum,1951,3693.8095876144084,2041.1568295480654,9.687540121886752,9876.354360994654,1951,0,0,0.002490702034609882,3.3910453525439603,196
o2a10,auxiliary.qstar.0.background_brier_sum,1951,2983.2364147540407,1672.415128942629,22.134028240987163,8068.02301138031,1951,0,0,0.003339632653892523,6.355528724503358,196
o2a10,auxiliary.qstar.0.foreground_brier,1951,0.09273901433443456,0.06977611624908774,0.0006117662482819003,0.22677939152944734,1951,0,0,1.6332472358097586e-07,0.00021718317939423829,196
o2a10,auxiliary.qstar.0.background_brier,1951,0.012311547214800322,0.007262588707492445,9.869068969371724e-05,0.03282446209363289,1951,0,0,1.8005448885817387e-08,2.8834345715189517e-05,196
o2a10,auxiliary.qstar.1.total_pixels,1951,262144.0,262144.0,262144.0,262144.0,1951,0,0,262144.0,262144.0,196
o2a10,auxiliary.qstar.1.gt_foreground,1951,9633.745771399283,7259.0,2865.0,19762.0,1951,0,0,907.0,2369.5255102040815,196
o2a10,auxiliary.qstar.1.gt_background,1951,252510.2542286007,254885.0,242382.0,259279.0,1951,0,0,213174.0,236489.056122449,196
o2a10,auxiliary.qstar.1.pred_foreground,1951,9150.291132752434,8991.0,7427.0,11123.0,1951,0,0,2091.0,6947.969387755102,196
o2a10,auxiliary.qstar.1.intersection,1951,6522.444900051256,6448.0,2839.0,10272.0,1951,0,0,711.0,2331.377551020408,196
o2a10,auxiliary.qstar.1.dice,1951,0.6940431550759605,0.7094594594594594,0.47527227280842704,0.8887606072851123,1951,0,0,0.08506310940958306,0.40289313927306275,196
o2a10,auxiliary.qstar.1.brier_sum,1951,4471.921731211612,3682.408023316468,1271.9305625295024,8735.542032065703,1951,0,0,598.7653661095512,986.6205990945851,196
o2a10,auxiliary.qstar.1.brier,1951,0.01705902760014195,0.014047271817460892,0.004852030038946161,0.033323448303473294,1951,0,0,0.002284108604849057,0.0037636589015754133,196
o2a10,auxiliary.qstar.1.foreground_brier_sum,1951,2483.4734105298385,306.82978906497607,0.36313493919949735,7846.561290070602,1951,0,0,0.0008109005331640162,0.1344492234549697,196
o2a10,auxiliary.qstar.1.background_brier_sum,1951,1988.4483206817733,1557.1033241962468,24.57996184017381,4505.841323045135,1951,0,0,0.00042118899276988016,6.105453077624995,196
o2a10,auxiliary.qstar.1.foreground_brier,1951,0.14167573761386962,0.044567760118059664,0.00011681044382517598,0.4158476223687744,1951,0,0,3.7945743245859437e-07,4.146663582396297e-05,196
o2a10,auxiliary.qstar.1.background_brier,1951,0.007745903652513758,0.006168725636640979,9.942545845875661e-05,0.017522043323419192,1951,0,0,1.8145156114882697e-09,2.523217048404123e-05,196
o2a10,auxiliary.graph.transitions.0.denominator,1951,262144.0,262144.0,262144.0,262144.0,1951,0,0,262144.0,262144.0,196
o2a10,auxiliary.graph.transitions.0.wrong_to_correct,1951,166.55817529472066,149.0,85.0,266.0,1951,0,0,18.0,67.64795918367346,196
o2a10,auxiliary.graph.transitions.0.correct_to_wrong,1951,170.0056381342901,139.0,66.0,301.0,1951,0,0,17.0,52.22959183673469,196
o2a10,auxiliary.graph.transitions.0.correct_unchanged,1951,253503.04459251667,254615.0,247092.0,258631.0,1951,0,0,226386.0,242117.0969387755,196
o2a10,auxiliary.graph.transitions.0.wrong_unchanged,1951,8304.391594054332,7227.0,3265.0,14550.0,1951,0,0,950.0,2474.2704081632655,196
o2a10,auxiliary.graph.transitions.1.denominator,1951,10521.371091747822,10041.0,6809.0,15112.0,1951,0,0,4938.0,6144.673469387755,196
o2a10,auxiliary.graph.transitions.1.wrong_to_correct,1951,166.55817529472066,149.0,85.0,266.0,1951,0,0,18.0,67.64795918367346,196
o2a10,auxiliary.graph.transitions.1.correct_to_wrong,1951,170.0056381342901,139.0,66.0,301.0,1951,0,0,17.0,52.22959183673469,196
o2a10,auxiliary.graph.transitions.1.correct_unchanged,1951,6225.076883649411,6083.0,3947.0,8666.0,1951,0,0,2282.0,3429.5969387755104,196
o2a10,auxiliary.graph.transitions.1.wrong_unchanged,1951,3959.7303946694,3683.0,2296.0,6088.0,1951,0,0,907.0,1909.8724489795918,196
o2a10,auxiliary.graph.transitions.2.denominator,1951,336.56381342901074,289.0,200.0,517.0,1951,0,0,124.0,180.79591836734693,196
o2a10,auxiliary.graph.transitions.2.wrong_to_correct,1951,166.55817529472066,149.0,85.0,266.0,1951,0,0,18.0,67.64795918367346,196
o2a10,auxiliary.graph.transitions.2.correct_to_wrong,1951,170.0056381342901,139.0,66.0,301.0,1951,0,0,17.0,52.22959183673469,196
o2a10,auxiliary.graph.transitions.2.correct_unchanged,1951,0.0,0.0,0.0,0.0,0,1951,0,0.0,0.0,196
o2a10,auxiliary.graph.transitions.2.wrong_unchanged,1951,0.0,0.0,0.0,0.0,0,1951,0,0.0,0.0,196
o2a10,auxiliary.graph.transitions.3.denominator,1951,262144.0,262144.0,262144.0,262144.0,1951,0,0,262144.0,262144.0,196
o2a10,auxiliary.graph.transitions.3.wrong_to_correct,1951,110.55356227575602,105.0,56.0,168.0,1951,0,0,8.0,41.183673469387756,196
o2a10,auxiliary.graph.transitions.3.correct_to_wrong,1951,88.63249615581753,68.0,28.0,179.0,1951,0,0,6.0,21.540816326530614,196
o2a10,auxiliary.graph.transitions.3.correct_unchanged,1951,256294.29933367504,257167.0,251063.0,260246.0,1951,0,0,222714.0,246185.04591836734,196
o2a10,auxiliary.graph.transitions.3.wrong_unchanged,1951,5650.514607893388,4809.0,1738.0,10767.0,1951,0,0,572.0,1296.4897959183672,196
o2a10,auxiliary.graph.transitions.4.denominator,1951,6960.52075858534,6568.0,4793.0,9666.0,1951,0,0,3629.0,4465.25,196
o2a10,auxiliary.graph.transitions.4.wrong_to_correct,1951,110.55356227575602,105.0,56.0,168.0,1951,0,0,8.0,41.183673469387756,196
o2a10,auxiliary.graph.transitions.4.correct_to_wrong,1951,88.63249615581753,68.0,28.0,179.0,1951,0,0,6.0,21.540816326530614,196
o2a10,auxiliary.graph.transitions.4.correct_unchanged,1951,4032.8641722193747,3868.0,2773.0,5481.0,1951,0,0,1867.0,2541.535714285714,196
o2a10,auxiliary.graph.transitions.4.wrong_unchanged,1951,2728.4705279343925,2636.0,1447.0,4109.0,1951,0,0,572.0,1162.484693877551,196
o2a10,auxiliary.graph.transitions.5.denominator,1951,199.18605843157354,173.0,121.0,322.0,1951,0,0,62.0,108.79591836734694,196
o2a10,auxiliary.graph.transitions.5.wrong_to_correct,1951,110.55356227575602,105.0,56.0,168.0,1951,0,0,8.0,41.183673469387756,196
o2a10,auxiliary.graph.transitions.5.correct_to_wrong,1951,88.63249615581753,68.0,28.0,179.0,1951,0,0,6.0,21.540816326530614,196
o2a10,auxiliary.graph.transitions.5.correct_unchanged,1951,0.0,0.0,0.0,0.0,0,1951,0,0.0,0.0,196
o2a10,auxiliary.graph.transitions.5.wrong_unchanged,1951,0.0,0.0,0.0,0.0,0,1951,0,0.0,0.0,196
o2a10,auxiliary.graph.allowed_counts.0,1951,10521.371091747822,10041.0,6809.0,15112.0,1951,0,0,4938.0,6144.673469387755,196
o2a10,auxiliary.graph.allowed_counts.1,1951,6960.52075858534,6568.0,4793.0,9666.0,1951,0,0,3629.0,4465.25,196
o2a10,auxiliary.graph.reliable_counts.0,1951,248478.11225012815,250560.0,239240.0,254907.0,1951,0,0,208186.0,231652.51020408163,196
o2a10,auxiliary.graph.reliable_counts.1,1951,253938.0563813429,255080.0,249243.0,257159.0,1951,0,0,234898.0,246123.04081632654,196
o2a10,auxiliary.graph.reliable_correct.0,1951,244749.75602255252,247279.0,232597.0,253284.0,1951,0,0,200700.0,224409.8826530612,196
o2a10,auxiliary.graph.reliable_correct.1,1951,251348.6683751922,252845.0,244011.0,256555.0,1951,0,0,213752.0,238699.04081632654,196
o2a10,auxiliary.graph.changed_counts.0,1951,10521.364941055868,10041.0,6809.0,15112.0,1951,0,0,4938.0,6144.673469387755,196
o2a10,auxiliary.graph.changed_counts.1,1951,6960.51870835469,6568.0,4793.0,9666.0,1951,0,0,3629.0,4465.25,196
o2a10,auxiliary.graph.mean_abs_change,1951,0.0008327310399399609,0.000790773774497211,0.0006373365176841617,0.0010722392471507192,1951,0,0,0.000460244482383132,0.0006018913429995466,196
o2a10,auxiliary.graph.outside_allowed_max_change,1951,0.0,0.0,0.0,0.0,0,1951,0,0.0,0.0,196
o2a10,auxiliary.graph.reliable_max_change,1951,0.0,0.0,0.0,0.0,0,1951,0,0.0,0.0,196
o2a10,auxiliary.graph.q_nested_violations,1951,172.22757560225526,59.0,8.0,424.0,1926,25,0,0.0,3.556122448979592,196
o2a10,auxiliary.graph.qstar_nested_violations,1951,172.23013839056892,59.0,8.0,424.0,1926,25,0,0.0,3.556122448979592,196
o2a11,r4t.global_visit,1951,976.0,976.0,196.0,1756.0,1951,0,0,1.0,98.5,196
o2a11,r4t.counts.network_forwards,1951,8.0,8.0,8.0,8.0,1951,0,0,8.0,8.0,196
o2a11,r4t.counts.loss_backward_calls,1951,1.0,1.0,1.0,1.0,1951,0,0,1.0,1.0,196
o2a11,r4t.counts.jacobian_vjp_calls,1951,0.0,0.0,0.0,0.0,0,1951,0,0.0,0.0,196
o2a11,r4t.counts.adam_calls,1951,1.0,1.0,1.0,1.0,1951,0,0,1.0,1.0,196
o2a11,r4t.counts.actual_parameter_replacements,1951,0.0,0.0,0.0,0.0,0,1951,0,0.0,0.0,196
o2a11,r4t.graph.free_nodes,1951,1125.7847257816504,1084.0,785.0,1545.0,1951,0,0,597.0,718.015306122449,196
o2a11,r4t.graph.steps,1951,64.0,64.0,64.0,64.0,1951,0,0,64.0,64.0,196
o2a11,r4t.graph.energy_before,1951,22.208329972120723,21.765822010557734,16.83132842925754,28.194140294459174,1951,0,0,11.413911946770428,15.543778429824414,196
o2a11,r4t.graph.energy_after,1951,19.156313005052226,18.848326532135655,14.354600402689313,24.38988773616999,1951,0,0,9.941017245362664,13.136851016348302,196
o2a11,r4t.graph.max_free_linear_residual,1951,3.157942065485876e-10,2.254836317661102e-10,4.745226434010874e-11,6.66163124662944e-10,1951,0,0,5.684341886080801e-13,2.6562398539212786e-11,196
o2a11,r4t.graph.max_contraction,1951,0.7827070213935595,0.7836218435601977,0.774578322418859,0.7895976431685897,1951,0,0,0.7445483170731065,0.7697047729046834,196
o2a11,r4t.graph.exact_fixed_nodes,1951,1.0,1.0,1.0,1.0,1951,0,0,1.0,1.0,196
o2a11,r4t.graph.grid,1951,128.0,128.0,128.0,128.0,1951,0,0,128.0,128.0,196
o2a11,r4t.graph.potential_undirected_edges,1951,32512.0,32512.0,32512.0,32512.0,1951,0,0,32512.0,32512.0,196
o2a11,r4t.graph.reliable_grid_counts.0,1951,15528.195797027165,15660.0,14959.0,15931.0,1951,0,0,13010.0,14480.42857142857,196
o2a11,r4t.graph.reliable_grid_counts.1,1951,15870.153254741159,15942.0,15580.0,16072.0,1951,0,0,14683.0,15382.214285714286,196
o2a11,r4t.graph.free_grid_counts.0,1951,678.0425422860071,651.0,449.0,958.0,1951,0,0,333.0,408.0408163265306,196
o2a11,r4t.graph.free_grid_counts.1,1951,447.74218349564325,424.0,312.0,614.0,1951,0,0,237.0,291.1479591836735,196
o2a11,r4t.graph.allowed_full_counts.0,1951,10526.155817529472,10078.0,6798.0,15125.0,1951,0,0,4897.0,6120.3622448979595,196
o2a11,r4t.graph.allowed_full_counts.1,1951,6961.078933880061,6577.0,4793.0,9667.0,1951,0,0,3624.0,4464.6122448979595,196
o2a11,r4t.graph.qstar_changed_full_counts.0,1951,10526.151717068171,10078.0,6798.0,15125.0,1951,0,0,4897.0,6120.3622448979595,196
o2a11,r4t.graph.qstar_changed_full_counts.1,1951,6961.074833418759,6577.0,4793.0,9667.0,1951,0,0,3624.0,4464.6122448979595,196
o2a11,r4t.graph.mean_abs_probability_correction,1951,0.0008435885977813414,0.0007920344360172749,0.0006283101392909884,0.0011187911732122302,1951,0,0,0.0004865200025960803,0.0005928735249932399,196
o2a11,r4t.graph.max_abs_probability_correction,1951,0.1359176627073393,0.13292908668518066,0.10927882790565491,0.16483592987060547,1951,0,0,0.08741247653961182,0.10325569879947877,196
o2a11,r4t.graph.weight_h_mean,1951,0.8959174879430074,0.9005526060601633,0.8531273969914837,0.932902776369051,1951,0,0,0.7199702275690871,0.8288596204350195,196
o2a11,r4t.graph.weight_v_mean,1951,0.9069563736212752,0.9111925971498617,0.8636506566108915,0.9442730490075315,1951,0,0,0.7373470790586899,0.8424279754038998,196
o2a11,r4t.graph.exact_outside_allowed,1951,1.0,1.0,1.0,1.0,1951,0,0,1.0,1.0,196
o2a11,r4t.graph.exact_reliable_full,1951,1.0,1.0,1.0,1.0,1951,0,0,1.0,1.0,196
o2a11,r4t.graph.graph_seconds,1951,0.09419709286243888,0.09361133608035743,0.0912691808771342,0.09756671800278127,1951,0,0,0.07774170814082026,0.0901168971334356,196
o2a11,r4t.teacher_update,1951,0.0,0.0,0.0,0.0,0,1951,0,0.0,0.0,196
o2a11,r4t.source_unchanged,1951,1.0,1.0,1.0,1.0,1951,0,0,1.0,1.0,196
o2a11,r4t.base_loss,1951,0.06066032905782693,0.04541739076375961,0.028997251763939857,0.10888035595417023,1951,0,0,0.01985524594783783,0.02604695765909796,196
o2a11,r4t.host_seconds,1951,0.6723983415831138,0.6620247759856284,0.5989175809081644,0.7505930648185313,1951,0,0,0.4966845759190619,0.5801920651990388,196
o2a11,r4t.trainable_scalars,1951,19136.0,19136.0,19136.0,19136.0,1951,0,0,19136.0,19136.0,196
o2a11,r4t.final_raw_probability_nested_violations,1951,2229.783188108662,1926.0,1065.0,3788.0,1951,0,0,484.0,900.4744897959183,196
o2a11,auxiliary.q.0.total_pixels,1951,262144.0,262144.0,262144.0,262144.0,1951,0,0,262144.0,262144.0,196
o2a11,auxiliary.q.0.gt_foreground,1951,29364.35161455664,28513.0,15296.0,45565.0,1951,0,0,9104.0,13711.244897959185,196
o2a11,auxiliary.q.0.gt_background,1951,232779.64838544338,233631.0,216579.0,246848.0,1951,0,0,185479.0,210883.1530612245,196
o2a11,auxiliary.q.0.pred_foreground,1951,28477.476678626346,27153.0,23290.0,35712.0,1951,0,0,18983.0,22240.39285714286,196
o2a11,auxiliary.q.0.intersection,1951,24667.34853921066,24530.0,15118.0,35048.0,1951,0,0,9104.0,13607.59693877551,196
o2a11,auxiliary.q.0.dice,1951,0.8483765643718697,0.8690078470981276,0.7300867863305092,0.9374152215196477,1951,0,0,0.48424672958421194,0.6711056276865239,196
o2a11,auxiliary.q.0.brier_sum,1951,6745.419239274697,5822.618730002432,2510.3323968148093,12104.192947599617,1951,0,0,923.7940908775593,1908.8395018434362,196
o2a11,auxiliary.q.0.brier,1951,0.025731732327555455,0.022211527748117188,0.009576158129939305,0.04617383173980567,1951,0,0,0.003523994792471158,0.007281644828199143,196
o2a11,auxiliary.q.0.foreground_brier_sum,1951,3727.623206656141,2122.7623843779993,8.29380972310928,9960.95979317191,1951,0,0,0.0021497066691473776,2.9077929349951073,196
o2a11,auxiliary.q.0.background_brier_sum,1951,3017.796032618556,1694.0064071098614,18.70570219039488,8154.707849447688,1951,0,0,0.003386922724530997,5.34876721751792,196
o2a11,auxiliary.q.0.foreground_brier,1951,0.09367481728172172,0.07202572103309486,0.0005039847491077429,0.22783367564004167,1951,0,0,1.4096437174736903e-07,0.00018432016374004133,196
o2a11,auxiliary.q.0.background_brier,1951,0.012452720234429906,0.007488974156569102,8.457825212757888e-05,0.03313646002325774,1951,0,0,1.8260410744779717e-08,2.4268685401581708e-05,196
o2a11,auxiliary.q.1.total_pixels,1951,262144.0,262144.0,262144.0,262144.0,1951,0,0,262144.0,262144.0,196
o2a11,auxiliary.q.1.gt_foreground,1951,9633.745771399283,7259.0,2865.0,19762.0,1951,0,0,907.0,2369.5255102040815,196
o2a11,auxiliary.q.1.gt_background,1951,252510.2542286007,254885.0,242382.0,259279.0,1951,0,0,213174.0,236489.056122449,196
o2a11,auxiliary.q.1.pred_foreground,1951,9237.427985648386,9085.0,7493.0,11216.0,1951,0,0,2382.0,7023.178571428572,196
o2a11,auxiliary.q.1.intersection,1951,6552.104561763198,6465.0,2839.0,10371.0,1951,0,0,702.0,2333.7448979591836,196
o2a11,auxiliary.q.1.dice,1951,0.6930288506082268,0.7092248333917923,0.4723465338174449,0.8876013904982619,1951,0,0,0.08360128617363344,0.4008331658377497,196
o2a11,auxiliary.q.1.brier_sum,1951,4514.474812256731,3735.335504820302,1285.7466632081546,8749.816330969456,1951,0,0,580.0715096160773,991.3777336954024,196
o2a11,auxiliary.q.1.brier,1951,0.017221354722048686,0.014249174136429985,0.004904734280426615,0.03337790043247015,1951,0,0,0.002212797201599416,0.003781805929929361,196
o2a11,auxiliary.q.1.foreground_brier_sum,1951,2475.6999783772603,292.10602561674125,0.35464300783464253,7839.060737810316,1951,0,0,0.0008259344390566525,0.13041216819778514,196
o2a11,auxiliary.q.1.background_brier_sum,1951,2038.77483387947,1614.3065215544275,23.370060141861785,4622.346466978493,1951,0,0,0.000419404634419072,5.928076124767088,196
o2a11,auxiliary.q.1.foreground_brier,1951,0.14077724334277583,0.04288968054337973,0.00011263732529633844,0.41645182931660496,1951,0,0,3.864924843503287e-07,4.014166320241317e-05,196
o2a11,auxiliary.q.1.background_brier,1951,0.007942174996754274,0.006365074584831666,9.600456385553461e-05,0.017889625637547577,1951,0,0,1.8068284540848e-09,2.451668029454921e-05,196
o2a11,auxiliary.qstar.0.total_pixels,1951,262144.0,262144.0,262144.0,262144.0,1951,0,0,262144.0,262144.0,196
o2a11,auxiliary.qstar.0.gt_foreground,1951,29364.35161455664,28513.0,15296.0,45565.0,1951,0,0,9104.0,13711.244897959185,196
o2a11,auxiliary.qstar.0.gt_background,1951,232779.64838544338,233631.0,216579.0,246848.0,1951,0,0,185479.0,210883.1530612245,196
o2a11,auxiliary.qstar.0.pred_foreground,1951,28432.815991799078,27179.0,23299.0,35573.0,1951,0,0,19102.0,22268.678571428572,196
o2a11,auxiliary.qstar.0.intersection,1951,24622.93798052281,24541.0,15118.0,34944.0,1951,0,0,9104.0,13608.102040816326,196
o2a11,auxiliary.qstar.0.dice,1951,0.8476709000567257,0.8678919221877116,0.7294172958322962,0.9368693866240688,1951,0,0,0.4864076273450182,0.6707556570438667,196
o2a11,auxiliary.qstar.0.brier_sum,1951,6729.437724955101,5816.216408936838,2480.2907956546437,12124.23066457822,1951,0,0,949.005722725916,1896.0493581156602,196
o2a11,auxiliary.qstar.0.brier,1951,0.025670767688579944,0.022187104831454613,0.009461558516138625,0.04625026956397331,1951,0,0,0.003620169535545029,0.007232854301893845,196
o2a11,auxiliary.qstar.0.foreground_brier_sum,1951,3729.444788124776,2105.862212369506,8.98823138993529,9956.020652608766,1951,0,0,0.0021497066691473776,3.151110395494705,196
o2a11,auxiliary.qstar.0.background_brier_sum,1951,2999.992936830325,1664.860814374136,20.911355346988998,8115.15342368141,1951,0,0,0.003386922724530997,5.7878077466175455,196
o2a11,auxiliary.qstar.0.foreground_brier,1951,0.09366184677244668,0.07204455283173385,0.0005608949054229119,0.2288238747544995,1951,0,0,1.4096437174736903e-07,0.00020032586310763064,196
o2a11,auxiliary.qstar.0.background_brier,1951,0.012379797039700565,0.007378602257231647,9.257763377381963e-05,0.033016210484763234,1951,0,0,1.8260410744779717e-08,2.6272339110090003e-05,196
o2a11,auxiliary.qstar.1.total_pixels,1951,262144.0,262144.0,262144.0,262144.0,1951,0,0,262144.0,262144.0,196
o2a11,auxiliary.qstar.1.gt_foreground,1951,9633.745771399283,7259.0,2865.0,19762.0,1951,0,0,907.0,2369.5255102040815,196
o2a11,auxiliary.qstar.1.gt_background,1951,252510.2542286007,254885.0,242382.0,259279.0,1951,0,0,213174.0,236489.056122449,196
o2a11,auxiliary.qstar.1.pred_foreground,1951,9154.327524346489,9011.0,7446.0,11088.0,1951,0,0,2053.0,6966.091836734694,196
o2a11,auxiliary.qstar.1.intersection,1951,6520.603792926704,6449.0,2839.0,10278.0,1951,0,0,678.0,2331.1326530612246,196
o2a11,auxiliary.qstar.1.dice,1951,0.6937513061830602,0.7084938543386534,0.4750743099787686,0.8898706216472073,1951,0,0,0.08149038461538462,0.4024089560392116,196
o2a11,auxiliary.qstar.1.brier_sum,1951,4473.355185448017,3671.2031782878416,1266.058976187295,8768.487806300669,1951,0,0,600.8929661707965,982.7666867494266,196
o2a11,auxiliary.qstar.1.brier,1951,0.017064495794097967,0.014004528725768439,0.004829631714581661,0.03344912645836132,1951,0,0,0.002292224754985033,0.0037489573926903787,196
o2a11,auxiliary.qstar.1.foreground_brier_sum,1951,2482.977671374639,299.46380023566905,0.35534463403497085,7855.93927364567,1951,0,0,0.0008259344390566525,0.13055616621743987,196
o2a11,auxiliary.qstar.1.background_brier_sum,1951,1990.3775140733785,1555.8389201406521,23.309162485019485,4519.482614360908,1951,0,0,0.000419404634419072,5.976816525127966,196
o2a11,auxiliary.qstar.1.foreground_brier,1951,0.14142948903014568,0.04384780114235807,0.00011604980311301958,0.41637878953944313,1951,0,0,3.864924843503287e-07,4.0243214125269627e-05,196
o2a11,auxiliary.qstar.1.background_brier,1951,0.007753274011217747,0.006165629189321922,9.533263595948274e-05,0.01753925646202881,1951,0,0,1.8068284540848e-09,2.4708469499061093e-05,196
o2a11,auxiliary.graph.transitions.0.denominator,1951,262144.0,262144.0,262144.0,262144.0,1951,0,0,262144.0,262144.0,196
o2a11,auxiliary.graph.transitions.0.wrong_to_correct,1951,136.22039979497694,117.0,62.0,225.0,1951,0,0,9.0,47.41836734693877,196
o2a11,auxiliary.graph.transitions.0.correct_to_wrong,1951,180.38083034341363,148.0,73.0,315.0,1951,0,0,22.0,56.505102040816325,196
o2a11,auxiliary.graph.transitions.0.correct_unchanged,1951,253456.48795489492,254560.0,247054.0,258572.0,1951,0,0,226393.0,242080.8673469388,196
o2a11,auxiliary.graph.transitions.0.wrong_unchanged,1951,8370.910814966684,7315.0,3368.0,14586.0,1951,0,0,989.0,2537.433673469388,196
o2a11,auxiliary.graph.transitions.1.denominator,1951,10526.155817529472,10078.0,6798.0,15125.0,1951,0,0,4897.0,6120.3622448979595,196
o2a11,auxiliary.graph.transitions.1.wrong_to_correct,1951,136.22039979497694,117.0,62.0,225.0,1951,0,0,9.0,47.41836734693877,196
o2a11,auxiliary.graph.transitions.1.correct_to_wrong,1951,180.38083034341363,148.0,73.0,315.0,1951,0,0,22.0,56.505102040816325,196
o2a11,auxiliary.graph.transitions.1.correct_unchanged,1951,6211.66478728857,6080.0,3923.0,8633.0,1951,0,0,2294.0,3397.8928571428573,196
o2a11,auxiliary.graph.transitions.1.wrong_unchanged,1951,3997.8898001025113,3718.0,2342.0,6119.0,1951,0,0,940.0,1956.2602040816328,196
o2a11,auxiliary.graph.transitions.2.denominator,1951,316.6012301383906,266.0,180.0,503.0,1951,0,0,101.0,159.19897959183675,196
o2a11,auxiliary.graph.transitions.2.wrong_to_correct,1951,136.22039979497694,117.0,62.0,225.0,1951,0,0,9.0,47.41836734693877,196
o2a11,auxiliary.graph.transitions.2.correct_to_wrong,1951,180.38083034341363,148.0,73.0,315.0,1951,0,0,22.0,56.505102040816325,196
o2a11,auxiliary.graph.transitions.2.correct_unchanged,1951,0.0,0.0,0.0,0.0,0,1951,0,0.0,0.0,196
o2a11,auxiliary.graph.transitions.2.wrong_unchanged,1951,0.0,0.0,0.0,0.0,0,1951,0,0.0,0.0,196
o2a11,auxiliary.graph.transitions.3.denominator,1951,262144.0,262144.0,262144.0,262144.0,1951,0,0,262144.0,262144.0,196
o2a11,auxiliary.graph.transitions.3.wrong_to_correct,1951,110.82880574064582,103.0,50.0,181.0,1951,0,0,6.0,35.41836734693877,196
o2a11,auxiliary.graph.transitions.3.correct_to_wrong,1951,90.72988211173757,56.0,25.0,203.0,1951,0,0,5.0,19.489795918367346,196
o2a11,auxiliary.graph.transitions.3.correct_unchanged,1951,256286.30548436698,257140.0,251028.0,260260.0,1951,0,0,222691.0,246150.86224489796,196
o2a11,auxiliary.graph.transitions.3.wrong_unchanged,1951,5656.135827780626,4823.0,1732.0,10767.0,1951,0,0,604.0,1304.5765306122448,196
o2a11,auxiliary.graph.transitions.4.denominator,1951,6961.078933880061,6577.0,4793.0,9667.0,1951,0,0,3624.0,4464.6122448979595,196
o2a11,auxiliary.graph.transitions.4.wrong_to_correct,1951,110.82880574064582,103.0,50.0,181.0,1951,0,0,6.0,35.41836734693877,196
o2a11,auxiliary.graph.transitions.4.correct_to_wrong,1951,90.72988211173757,56.0,25.0,203.0,1951,0,0,5.0,19.489795918367346,196
o2a11,auxiliary.graph.transitions.4.correct_unchanged,1951,4029.9564325986676,3872.0,2796.0,5462.0,1951,0,0,1930.0,2556.7908163265306,196
o2a11,auxiliary.graph.transitions.4.wrong_unchanged,1951,2729.5638134290107,2639.0,1453.0,4076.0,1951,0,0,604.0,1171.9897959183672,196
o2a11,auxiliary.graph.transitions.5.denominator,1951,201.5586878523834,161.0,101.0,357.0,1951,0,0,56.0,89.25,196
o2a11,auxiliary.graph.transitions.5.wrong_to_correct,1951,110.82880574064582,103.0,50.0,181.0,1951,0,0,6.0,35.41836734693877,196
o2a11,auxiliary.graph.transitions.5.correct_to_wrong,1951,90.72988211173757,56.0,25.0,203.0,1951,0,0,5.0,19.489795918367346,196
o2a11,auxiliary.graph.transitions.5.correct_unchanged,1951,0.0,0.0,0.0,0.0,0,1951,0,0.0,0.0,196
o2a11,auxiliary.graph.transitions.5.wrong_unchanged,1951,0.0,0.0,0.0,0.0,0,1951,0,0.0,0.0,196
o2a11,auxiliary.graph.allowed_counts.0,1951,10526.155817529472,10078.0,6798.0,15125.0,1951,0,0,4897.0,6120.3622448979595,196
o2a11,auxiliary.graph.allowed_counts.1,1951,6961.078933880061,6577.0,4793.0,9667.0,1951,0,0,3624.0,4464.6122448979595,196
o2a11,auxiliary.graph.reliable_counts.0,1951,248475.14607893387,250571.0,239234.0,254950.0,1951,0,0,208186.0,231660.51530612246,196
o2a11,auxiliary.graph.reliable_counts.1,1951,253937.65299846232,255076.0,249255.0,257149.0,1951,0,0,234900.0,246134.58163265305,196
o2a11,auxiliary.graph.reliable_correct.0,1951,244720.62275756022,247245.0,232569.0,253276.0,1951,0,0,200699.0,224394.33673469388,196
o2a11,auxiliary.graph.reliable_correct.1,1951,251343.5130702204,252817.0,244043.0,256566.0,1951,0,0,213773.0,238705.82653061225,196
o2a11,auxiliary.graph.changed_counts.0,1951,10526.151717068171,10078.0,6798.0,15125.0,1951,0,0,4897.0,6120.3622448979595,196
o2a11,auxiliary.graph.changed_counts.1,1951,6961.074833418759,6577.0,4793.0,9667.0,1951,0,0,3624.0,4464.6122448979595,196
o2a11,auxiliary.graph.mean_abs_change,1951,0.0008435885977813414,0.0007920344360172749,0.0006283101392909884,0.0011187911732122302,1951,0,0,0.0004865200025960803,0.0005928735249932399,196
o2a11,auxiliary.graph.outside_allowed_max_change,1951,0.0,0.0,0.0,0.0,0,1951,0,0.0,0.0,196
o2a11,auxiliary.graph.reliable_max_change,1951,0.0,0.0,0.0,0.0,0,1951,0,0.0,0.0,196
o2a11,auxiliary.graph.q_nested_violations,1951,170.34802665299847,59.0,8.0,417.0,1926,25,0,0.0,3.4948979591836733,196
o2a11,auxiliary.graph.qstar_nested_violations,1951,170.3526396719631,59.0,8.0,417.0,1926,25,0,0.0,3.4948979591836733,196
o2a12,r4t.global_visit,1951,976.0,976.0,196.0,1756.0,1951,0,0,1.0,98.5,196
o2a12,r4t.counts.network_forwards,1951,8.0,8.0,8.0,8.0,1951,0,0,8.0,8.0,196
o2a12,r4t.counts.loss_backward_calls,1951,1.0,1.0,1.0,1.0,1951,0,0,1.0,1.0,196
o2a12,r4t.counts.jacobian_vjp_calls,1951,0.0,0.0,0.0,0.0,0,1951,0,0.0,0.0,196
o2a12,r4t.counts.adam_calls,1951,1.0,1.0,1.0,1.0,1951,0,0,1.0,1.0,196
o2a12,r4t.counts.actual_parameter_replacements,1951,0.0,0.0,0.0,0.0,0,1951,0,0.0,0.0,196
o2a12,r4t.graph.free_nodes,1951,1125.5489492567915,1083.0,785.0,1544.0,1951,0,0,597.0,718.0969387755102,196
o2a12,r4t.graph.steps,1951,64.0,64.0,64.0,64.0,1951,0,0,64.0,64.0,196
o2a12,r4t.graph.energy_before,1951,22.212785713839168,21.751814630493556,16.842385966916943,28.18598666709865,1951,0,0,11.48495254994783,15.547891512816207,196
o2a12,r4t.graph.energy_after,1951,18.927181959763395,18.613209065026883,14.149152753219937,24.2206224400242,1951,0,0,9.829237943034116,12.959704333342117,196
o2a12,r4t.graph.max_free_linear_residual,1951,4.1600289213747406e-10,3.151101601872597e-10,6.869171897960769e-11,8.390526051726965e-10,1951,0,0,1.7579271371914729e-12,3.776482981207868e-11,196
o2a12,r4t.graph.max_contraction,1951,0.7997411776281677,0.7998222566658866,0.7993430761154607,0.8,1951,0,0,0.7980206978456434,0.7991216853429536,196
o2a12,r4t.graph.exact_fixed_nodes,1951,1.0,1.0,1.0,1.0,1951,0,0,1.0,1.0,196
o2a12,r4t.graph.grid,1951,128.0,128.0,128.0,128.0,1951,0,0,128.0,128.0,196
o2a12,r4t.graph.potential_undirected_edges,1951,32512.0,32512.0,32512.0,32512.0,1951,0,0,32512.0,32512.0,196
o2a12,r4t.graph.reliable_grid_counts.0,1951,15528.534597642234,15660.0,14959.0,15931.0,1951,0,0,13010.0,14480.69387755102,196
o2a12,r4t.graph.reliable_grid_counts.1,1951,15870.257816504356,15943.0,15579.0,16072.0,1951,0,0,14683.0,15382.255102040815,196
o2a12,r4t.graph.free_grid_counts.0,1951,677.8759610456176,652.0,449.0,958.0,1951,0,0,333.0,408.0816326530612,196
o2a12,r4t.graph.free_grid_counts.1,1951,447.67298821117373,424.0,312.0,614.0,1951,0,0,237.0,291.1275510204082,196
o2a12,r4t.graph.allowed_full_counts.0,1951,10523.307022039979,10064.0,6805.0,15125.0,1951,0,0,4900.0,6121.035714285715,196
o2a12,r4t.graph.allowed_full_counts.1,1951,6959.89338800615,6574.0,4793.0,9667.0,1951,0,0,3624.0,4464.408163265306,196
o2a12,r4t.graph.qstar_changed_full_counts.0,1951,10523.302921578677,10064.0,6805.0,15125.0,1951,0,0,4900.0,6121.035714285715,196
o2a12,r4t.graph.qstar_changed_full_counts.1,1951,6959.8887749871865,6574.0,4793.0,9667.0,1951,0,0,3624.0,4464.392857142857,196
o2a12,r4t.graph.mean_abs_probability_correction,1951,0.000856854940162182,0.0008067224407568574,0.000643159553874284,0.0011286179069429636,1951,0,0,0.0005042584962211549,0.0006081425425672562,196
o2a12,r4t.graph.max_abs_probability_correction,1951,0.1426494405788681,0.14038532972335815,0.11477774381637573,0.17274409532546997,1951,0,0,0.08545191586017609,0.10814077296883476,196
o2a12,r4t.graph.weight_h_mean,1951,0.8959174879430074,0.9005526060601639,0.8531273969914837,0.9329027763690507,1951,0,0,0.7199702275690871,0.8288596204350195,196
o2a12,r4t.graph.weight_v_mean,1951,0.9069563736212752,0.9111925971498612,0.8636506566108916,0.9442730490075322,1951,0,0,0.7373470790586898,0.8424279754038997,196
o2a12,r4t.graph.exact_outside_allowed,1951,1.0,1.0,1.0,1.0,1951,0,0,1.0,1.0,196
o2a12,r4t.graph.exact_reliable_full,1951,1.0,1.0,1.0,1.0,1951,0,0,1.0,1.0,196
o2a12,r4t.graph.graph_seconds,1951,0.09439127219230822,0.09434446203522384,0.09296854096464813,0.09648396191187203,1951,0,0,0.07788498606532812,0.08969440630622855,196
o2a12,r4t.teacher_update,1951,0.0,0.0,0.0,0.0,0,1951,0,0.0,0.0,196
o2a12,r4t.source_unchanged,1951,1.0,1.0,1.0,1.0,1951,0,0,1.0,1.0,196
o2a12,r4t.base_loss,1951,0.06062502372076211,0.045382753014564514,0.029008354991674423,0.10885994136333466,1951,0,0,0.01987757533788681,0.026035471363183186,196
o2a12,r4t.host_seconds,1951,0.6630688435004223,0.6536075919866562,0.5940217850729823,0.7450040359981358,1951,0,0,0.48229856905527413,0.5708727898439677,196
o2a12,r4t.trainable_scalars,1951,19136.0,19136.0,19136.0,19136.0,1951,0,0,19136.0,19136.0,196
o2a12,r4t.final_raw_probability_nested_violations,1951,2229.609431060994,1927.0,1069.0,3786.0,1951,0,0,484.0,900.530612244898,196
o2a12,auxiliary.q.0.total_pixels,1951,262144.0,262144.0,262144.0,262144.0,1951,0,0,262144.0,262144.0,196
o2a12,auxiliary.q.0.gt_foreground,1951,29364.35161455664,28513.0,15296.0,45565.0,1951,0,0,9104.0,13711.244897959185,196
o2a12,auxiliary.q.0.gt_background,1951,232779.64838544338,233631.0,216579.0,246848.0,1951,0,0,185479.0,210883.1530612245,196
o2a12,auxiliary.q.0.pred_foreground,1951,28473.05433111225,27149.0,23287.0,35711.0,1951,0,0,18978.0,22237.673469387755,196
o2a12,auxiliary.q.0.intersection,1951,24667.38031778575,24527.0,15118.0,35046.0,1951,0,0,9104.0,13607.836734693878,196
o2a12,auxiliary.q.0.dice,1951,0.8484561955534557,0.8690060150962026,0.7302936630602782,0.9374382326081789,1951,0,0,0.48480377087816373,0.6713208925701744,196
o2a12,auxiliary.q.0.brier_sum,1951,6742.029825353488,5820.99900563598,2508.4890573333346,12101.775531245043,1951,0,0,923.5424199038359,1908.0607095337734,196
o2a12,auxiliary.q.0.brier,1951,0.02571880273953815,0.022205348990005418,0.009569126347859705,0.046164610028247996,1951,0,0,0.0035230347438958585,0.007278673971304983,196
o2a12,auxiliary.q.0.foreground_brier_sum,1951,3727.6505870244814,2119.3254211034414,8.37485438924475,9960.303457586744,1951,0,0,0.0021654974447784525,2.9158153375430844,196
o2a12,auxiliary.q.0.background_brier_sum,1951,3014.379238329005,1693.303935197913,18.760236848439625,8148.712724539274,1951,0,0,0.0033853871611290677,5.357408943583129,196
o2a12,auxiliary.q.0.foreground_brier,1951,0.09367461067029197,0.07204655294314229,0.0005057746987530766,0.22781038355974637,1951,0,0,1.419998324444887e-07,0.00018493127383189175,196
o2a12,auxiliary.q.0.background_brier,1951,0.012438757444038813,0.007489869501670366,8.492563558448378e-05,0.033129040956152565,1951,0,0,1.8252131837723234e-08,2.4312010018146184e-05,196
o2a12,auxiliary.q.1.total_pixels,1951,262144.0,262144.0,262144.0,262144.0,1951,0,0,262144.0,262144.0,196
o2a12,auxiliary.q.1.gt_foreground,1951,9633.745771399283,7259.0,2865.0,19762.0,1951,0,0,907.0,2369.5255102040815,196
o2a12,auxiliary.q.1.gt_background,1951,252510.2542286007,254885.0,242382.0,259279.0,1951,0,0,213174.0,236489.056122449,196
o2a12,auxiliary.q.1.pred_foreground,1951,9238.411071245515,9086.0,7493.0,11218.0,1951,0,0,2381.0,7024.775510204082,196
o2a12,auxiliary.q.1.intersection,1951,6552.420297283445,6465.0,2839.0,10375.0,1951,0,0,702.0,2333.8010204081634,196
o2a12,auxiliary.q.1.dice,1951,0.6930131161363279,0.70868091060761,0.47230665315771697,0.8873438908201364,1951,0,0,0.08359630842512653,0.40082118245224196,196
o2a12,auxiliary.q.1.brier_sum,1951,4514.835768666867,3736.757304664687,1284.8207433335742,8748.600283213491,1951,0,0,579.8800657757045,991.614111198774,196
o2a12,auxiliary.q.1.brier,1951,0.017222731661479442,0.014254597872408627,0.0049012021764128656,0.033373261578420604,1951,0,0,0.002212066901305025,0.003782707638545128,196
o2a12,auxiliary.q.1.foreground_brier_sum,1951,2475.47979332212,291.50328198339577,0.35343787573603436,7838.717942570263,1951,0,0,0.0008219806068652247,0.12957262523964402,196
o2a12,auxiliary.q.1.background_brier_sum,1951,2039.3559753447464,1614.946866134515,23.50282463406201,4623.722195305271,1951,0,0,0.0004195291656026592,5.944314211513958,196
o2a12,auxiliary.q.1.foreground_brier,1951,0.14075854116458258,0.042892630324491865,0.00011173728040704596,0.41638150469287877,1951,0,0,3.8464230550548653e-07,3.987980943944661e-05,196
o2a12,auxiliary.q.1.background_brier,1951,0.007944434999172937,0.006370751796861441,9.677562846379281e-05,0.017890972394600604,1951,0,0,1.8073649443079899e-09,2.4579970364483115e-05,196
o2a12,auxiliary.qstar.0.total_pixels,1951,262144.0,262144.0,262144.0,262144.0,1951,0,0,262144.0,262144.0,196
o2a12,auxiliary.qstar.0.gt_foreground,1951,29364.35161455664,28513.0,15296.0,45565.0,1951,0,0,9104.0,13711.244897959185,196
o2a12,auxiliary.qstar.0.gt_background,1951,232779.64838544338,233631.0,216579.0,246848.0,1951,0,0,185479.0,210883.1530612245,196
o2a12,auxiliary.qstar.0.pred_foreground,1951,28429.11225012814,27161.0,23293.0,35573.0,1951,0,0,19095.0,22267.19387755102,196
o2a12,auxiliary.qstar.0.intersection,1951,24623.407483341874,24533.0,15118.0,34943.0,1951,0,0,9104.0,13608.785714285714,196
o2a12,auxiliary.qstar.0.dice,1951,0.847751037086831,0.8677820098677338,0.7294413720908101,0.9368366600667131,1951,0,0,0.48651202925646664,0.6709718473077515,196
o2a12,auxiliary.qstar.0.brier_sum,1951,6727.1678268597725,5818.860624666548,2477.795884435101,12130.268355193308,1951,0,0,950.0815686526448,1896.740189823166,196
o2a12,auxiliary.qstar.0.brier,1951,0.025662108714522448,0.02219719171396846,0.009452041185131458,0.04627330152585338,1951,0,0,0.003624273562059955,0.007235489615719475,196
o2a12,auxiliary.qstar.0.foreground_brier_sum,1951,3729.77717009807,2104.716279471551,9.16165853561067,9959.018764772696,1951,0,0,0.0021654974447784525,3.152538445769717,196
o2a12,auxiliary.qstar.0.background_brier_sum,1951,2997.3906567617028,1662.7185959320668,20.872615213077715,8117.442832364631,1951,0,0,0.0033853871611290677,5.791548371117642,196
o2a12,auxiliary.qstar.0.foreground_brier,1951,0.09366877255771959,0.0720035606031616,0.0005592064532645125,0.2287413930787308,1951,0,0,1.419998324444887e-07,0.00020069719202536241,196
o2a12,auxiliary.qstar.0.background_brier,1951,0.01236916598390511,0.007397561072128011,9.150695979363625e-05,0.03301885491847377,1951,0,0,1.8252131837723234e-08,2.6288430954062397e-05,196
o2a12,auxiliary.qstar.1.total_pixels,1951,262144.0,262144.0,262144.0,262144.0,1951,0,0,262144.0,262144.0,196
o2a12,auxiliary.qstar.1.gt_foreground,1951,9633.745771399283,7259.0,2865.0,19762.0,1951,0,0,907.0,2369.5255102040815,196
o2a12,auxiliary.qstar.1.gt_background,1951,252510.2542286007,254885.0,242382.0,259279.0,1951,0,0,213174.0,236489.056122449,196
o2a12,auxiliary.qstar.1.pred_foreground,1951,9156.223987698617,9015.0,7451.0,11090.0,1951,0,0,2085.0,6967.183673469388,196
o2a12,auxiliary.qstar.1.intersection,1951,6521.077908764736,6451.0,2839.0,10278.0,1951,0,0,682.0,2331.3214285714284,196
o2a12,auxiliary.qstar.1.dice,1951,0.6937058935414158,0.708763337414728,0.47516095699864874,0.8901544061527623,1951,0,0,0.08199086318826641,0.40238069956035766,196
o2a12,auxiliary.qstar.1.brier_sum,1951,4474.720921286501,3676.069610041648,1268.1969399332513,8764.634058259297,1951,0,0,604.8215352407533,982.9604326420899,196
o2a12,auxiliary.qstar.1.brier,1951,0.017069705662866596,0.014023092689673035,0.004837787399037366,0.033434425576245486,1951,0,0,0.002307211056674016,0.0037496964746173474,196
o2a12,auxiliary.qstar.1.foreground_brier_sum,1951,2482.7912789830084,299.401344613759,0.35355068412193447,7856.015640676085,1951,0,0,0.0008219806068652247,0.1297207302639615,196
o2a12,auxiliary.qstar.1.background_brier_sum,1951,1991.9296423034916,1557.9185537763155,23.641274952542858,4519.131364318484,1951,0,0,0.0004195291656026592,5.98393234621937,196
o2a12,auxiliary.qstar.1.foreground_brier,1951,0.14140760336755537,0.04422057085447054,0.0001153708968026602,0.41667671087610164,1951,0,0,3.8464230550548653e-07,3.995171240684309e-05,196
o2a12,auxiliary.qstar.1.background_brier,1951,0.007759310833029656,0.006164808056222356,9.643095381332162e-05,0.017551407402929493,1951,0,0,1.8073649443079899e-09,2.4734555697198174e-05,196
o2a12,auxiliary.graph.transitions.0.denominator,1951,262144.0,262144.0,262144.0,262144.0,1951,0,0,262144.0,262144.0,196
o2a12,auxiliary.graph.transitions.0.wrong_to_correct,1951,141.5586878523834,123.0,68.0,232.0,1951,0,0,14.0,52.51020408163265,196
o2a12,auxiliary.graph.transitions.0.correct_to_wrong,1951,185.56227575602256,155.0,79.0,317.0,1951,0,0,25.0,62.41836734693877,196
o2a12,auxiliary.graph.transitions.0.correct_unchanged,1951,253455.7924141466,254560.0,247061.0,258560.0,1951,0,0,226402.0,242083.5918367347,196
o2a12,auxiliary.graph.transitions.0.wrong_unchanged,1951,8361.086622245002,7305.0,3363.0,14580.0,1951,0,0,991.0,2531.4744897959185,196
o2a12,auxiliary.graph.transitions.1.denominator,1951,10523.307022039979,10064.0,6805.0,15125.0,1951,0,0,4900.0,6121.035714285715,196
o2a12,auxiliary.graph.transitions.1.wrong_to_correct,1951,141.5586878523834,123.0,68.0,232.0,1951,0,0,14.0,52.51020408163265,196
o2a12,auxiliary.graph.transitions.1.correct_to_wrong,1951,185.56227575602256,155.0,79.0,317.0,1951,0,0,25.0,62.41836734693877,196
o2a12,auxiliary.graph.transitions.1.correct_unchanged,1951,6205.056381342901,6072.0,3907.0,8631.0,1951,0,0,2299.0,3392.2755102040815,196
o2a12,auxiliary.graph.transitions.1.wrong_unchanged,1951,3991.1296770886725,3709.0,2339.0,6121.0,1951,0,0,929.0,1949.8316326530612,196
o2a12,auxiliary.graph.transitions.2.denominator,1951,327.12096360840593,279.0,192.0,508.0,1951,0,0,116.0,172.58163265306123,196
o2a12,auxiliary.graph.transitions.2.wrong_to_correct,1951,141.5586878523834,123.0,68.0,232.0,1951,0,0,14.0,52.51020408163265,196
o2a12,auxiliary.graph.transitions.2.correct_to_wrong,1951,185.56227575602256,155.0,79.0,317.0,1951,0,0,25.0,62.41836734693877,196
o2a12,auxiliary.graph.transitions.2.correct_unchanged,1951,0.0,0.0,0.0,0.0,0,1951,0,0.0,0.0,196
o2a12,auxiliary.graph.transitions.2.wrong_unchanged,1951,0.0,0.0,0.0,0.0,0,1951,0,0.0,0.0,196
o2a12,auxiliary.graph.transitions.3.denominator,1951,262144.0,262144.0,262144.0,262144.0,1951,0,0,262144.0,262144.0,196
o2a12,auxiliary.graph.transitions.3.wrong_to_correct,1951,113.33418759610456,106.0,53.0,186.0,1951,0,0,4.0,37.20918367346939,196
o2a12,auxiliary.graph.transitions.3.correct_to_wrong,1951,93.83188108662225,61.0,28.0,204.0,1951,0,0,10.0,22.54591836734694,196
o2a12,auxiliary.graph.transitions.3.correct_unchanged,1951,256282.85187083547,257136.0,251034.0,260255.0,1951,0,0,222698.0,246150.70408163266,196
o2a12,auxiliary.graph.transitions.3.wrong_unchanged,1951,5653.982060481804,4835.0,1739.0,10779.0,1951,0,0,588.0,1302.0102040816328,196
o2a12,auxiliary.graph.transitions.4.denominator,1951,6959.89338800615,6574.0,4793.0,9667.0,1951,0,0,3624.0,4464.408163265306,196
o2a12,auxiliary.graph.transitions.4.wrong_to_correct,1951,113.33418759610456,106.0,53.0,186.0,1951,0,0,4.0,37.20918367346939,196
o2a12,auxiliary.graph.transitions.4.correct_to_wrong,1951,93.83188108662225,61.0,28.0,204.0,1951,0,0,10.0,22.54591836734694,196
o2a12,auxiliary.graph.transitions.4.correct_unchanged,1951,4025.7129677088674,3865.0,2788.0,5463.0,1951,0,0,1930.0,2552.1326530612246,196
o2a12,auxiliary.graph.transitions.4.wrong_unchanged,1951,2727.0143516145567,2636.0,1452.0,4079.0,1951,0,0,588.0,1169.469387755102,196
o2a12,auxiliary.graph.transitions.5.denominator,1951,207.1660686827268,169.0,109.0,360.0,1951,0,0,52.0,94.96938775510205,196
o2a12,auxiliary.graph.transitions.5.wrong_to_correct,1951,113.33418759610456,106.0,53.0,186.0,1951,0,0,4.0,37.20918367346939,196
o2a12,auxiliary.graph.transitions.5.correct_to_wrong,1951,93.83188108662225,61.0,28.0,204.0,1951,0,0,10.0,22.54591836734694,196
o2a12,auxiliary.graph.transitions.5.correct_unchanged,1951,0.0,0.0,0.0,0.0,0,1951,0,0.0,0.0,196
o2a12,auxiliary.graph.transitions.5.wrong_unchanged,1951,0.0,0.0,0.0,0.0,0,1951,0,0.0,0.0,196
o2a12,auxiliary.graph.allowed_counts.0,1951,10523.307022039979,10064.0,6805.0,15125.0,1951,0,0,4900.0,6121.035714285715,196
o2a12,auxiliary.graph.allowed_counts.1,1951,6959.89338800615,6574.0,4793.0,9667.0,1951,0,0,3624.0,4464.408163265306,196
o2a12,auxiliary.graph.reliable_counts.0,1951,248480.8969759098,250577.0,239236.0,254944.0,1951,0,0,208186.0,231663.3469387755,196
o2a12,auxiliary.graph.reliable_counts.1,1951,253939.51922091236,255081.0,249254.0,257148.0,1951,0,0,234900.0,246136.0969387755,196
o2a12,auxiliary.graph.reliable_correct.0,1951,244728.0799589954,247252.0,232568.0,253272.0,1951,0,0,200699.0,224401.43367346938,196
o2a12,auxiliary.graph.reliable_correct.1,1951,251344.83034341363,252819.0,244042.0,256566.0,1951,0,0,213775.0,238707.3418367347,196
o2a12,auxiliary.graph.changed_counts.0,1951,10523.302921578677,10064.0,6805.0,15125.0,1951,0,0,4900.0,6121.035714285715,196
o2a12,auxiliary.graph.changed_counts.1,1951,6959.8887749871865,6574.0,4793.0,9667.0,1951,0,0,3624.0,4464.392857142857,196
o2a12,auxiliary.graph.mean_abs_change,1951,0.000856854940162182,0.0008067224407568574,0.000643159553874284,0.0011286179069429636,1951,0,0,0.0005042584962211549,0.0006081425425672562,196
o2a12,auxiliary.graph.outside_allowed_max_change,1951,0.0,0.0,0.0,0.0,0,1951,0,0.0,0.0,196
o2a12,auxiliary.graph.reliable_max_change,1951,0.0,0.0,0.0,0.0,0,1951,0,0.0,0.0,196
o2a12,auxiliary.graph.q_nested_violations,1951,170.42644797539722,59.0,8.0,418.0,1926,25,0,0.0,3.489795918367347,196
o2a12,auxiliary.graph.qstar_nested_violations,1951,170.43106099436187,59.0,8.0,418.0,1926,25,0,0.0,3.489795918367347,196
o2a13,r4t.global_visit,1951,976.0,976.0,196.0,1756.0,1951,0,0,1.0,98.5,196
o2a13,r4t.counts.network_forwards,1951,8.0,8.0,8.0,8.0,1951,0,0,8.0,8.0,196
o2a13,r4t.counts.loss_backward_calls,1951,1.0,1.0,1.0,1.0,1951,0,0,1.0,1.0,196
o2a13,r4t.counts.jacobian_vjp_calls,1951,0.0,0.0,0.0,0.0,0,1951,0,0.0,0.0,196
o2a13,r4t.counts.adam_calls,1951,1.0,1.0,1.0,1.0,1951,0,0,1.0,1.0,196
o2a13,r4t.counts.actual_parameter_replacements,1951,0.0,0.0,0.0,0.0,0,1951,0,0.0,0.0,196
o2a13,r4t.graph.free_nodes,1951,1367.015889287545,1198.0,794.0,2152.0,1951,0,0,597.0,721.8571428571429,196
o2a13,r4t.graph.steps,1951,64.0,64.0,64.0,64.0,1951,0,0,64.0,64.0,196
o2a13,r4t.graph.energy_before,1951,18.830088048280835,18.46755585526047,14.858090727377228,23.386713941863377,1951,0,0,10.609063155294516,13.766949541809254,196
o2a13,r4t.graph.energy_after,1951,15.756898234590862,15.651040813098003,12.07963961901228,19.743590653784864,1951,0,0,7.201944471191968,10.800777566035874,196
o2a13,r4t.graph.max_free_linear_residual,1951,1.2527092437013227e-09,7.268614599098555e-10,4.006039944215445e-11,3.2445242048595446e-09,1951,0,0,5.693223670277803e-13,1.8812196698373714e-11,196
o2a13,r4t.graph.max_contraction,1951,0.799914694596063,0.8,0.7997138720844329,0.8,1951,0,0,0.7986497320103382,0.799560528786043,196
o2a13,r4t.graph.exact_fixed_nodes,1951,1.0,1.0,1.0,1.0,1951,0,0,1.0,1.0,196
o2a13,r4t.graph.grid,1951,128.0,128.0,128.0,128.0,1951,0,0,128.0,128.0,196
o2a13,r4t.graph.potential_undirected_edges,1951,32512.0,32512.0,32512.0,32512.0,1951,0,0,32512.0,32512.0,196
o2a13,r4t.graph.reliable_grid_counts.0,1951,15529.996924654024,15664.0,14958.0,15930.0,1951,0,0,13010.0,14481.948979591836,196
o2a13,r4t.graph.reliable_grid_counts.1,1951,15870.987186058432,15944.0,15580.0,16072.0,1951,0,0,14683.0,15382.459183673469,196
o2a13,r4t.graph.free_grid_counts.0,1951,854.0030753459764,720.0,454.0,1426.0,1951,0,0,331.0,410.34183673469386,196
o2a13,r4t.graph.free_grid_counts.1,1951,513.0128139415684,440.0,312.0,804.0,1951,0,0,236.0,290.8316326530612,196
o2a13,r4t.graph.allowed_full_counts.0,1951,13220.607893388005,11133.0,6848.0,22378.0,1951,0,0,4913.0,6148.005102040816,196
o2a13,r4t.graph.allowed_full_counts.1,1951,7917.783188108662,6806.0,4786.0,12481.0,1951,0,0,3624.0,4458.397959183673,196
o2a13,r4t.graph.qstar_changed_full_counts.0,1951,13220.597642234752,11133.0,6848.0,22378.0,1951,0,0,4913.0,6148.005102040816,196
o2a13,r4t.graph.qstar_changed_full_counts.1,1951,7917.77908764736,6806.0,4786.0,12481.0,1951,0,0,3624.0,4458.397959183673,196
o2a13,r4t.graph.mean_abs_probability_correction,1951,0.0009372479140067302,0.0008549211779609323,0.0006476831040345132,0.0013311393558979034,1951,0,0,0.0004626333829946816,0.0006073727397181626,196
o2a13,r4t.graph.max_abs_probability_correction,1951,0.14293987157710206,0.1398024559020996,0.11398875713348389,0.17512452602386475,1951,0,0,0.08402830362319946,0.10630529666585582,196
o2a13,r4t.graph.weight_h_mean,1951,0.8959174879430074,0.9005526060601641,0.8531273969914835,0.9329027763690507,1951,0,0,0.7199702275690871,0.8288596204350195,196
o2a13,r4t.graph.weight_v_mean,1951,0.9069563736212752,0.9111925971498613,0.8636506566108916,0.9442730490075322,1951,0,0,0.7373470790586899,0.8424279754038997,196
o2a13,r4t.graph.exact_outside_allowed,1951,1.0,1.0,1.0,1.0,1951,0,0,1.0,1.0,196
o2a13,r4t.graph.exact_reliable_full,1951,1.0,1.0,1.0,1.0,1951,0,0,1.0,1.0,196
o2a13,r4t.graph.graph_seconds,1951,0.09160333665050585,0.09192064311355352,0.09038210101425648,0.09331522905267775,1951,0,0,0.07438654592260718,0.08470307551063028,196
o2a13,r4t.teacher_update,1951,0.0,0.0,0.0,0.0,0,1951,0,0.0,0.0,196
o2a13,r4t.source_unchanged,1951,1.0,1.0,1.0,1.0,1951,0,0,1.0,1.0,196
o2a13,r4t.base_loss,1951,0.060100072544203666,0.0450584813952446,0.028739895671606064,0.10748730599880219,1951,0,0,0.019796032458543777,0.025866808968463113,196
o2a13,r4t.host_seconds,1951,0.6276986613191343,0.6259878359269351,0.5740324230864644,0.6848857630975544,1951,0,0,0.4712192858569324,0.5515823509218647,196
o2a13,r4t.trainable_scalars,1951,19136.0,19136.0,19136.0,19136.0,1951,0,0,19136.0,19136.0,196
o2a13,r4t.final_raw_probability_nested_violations,1951,2221.9794976934904,1921.0,1065.0,3779.0,1951,0,0,484.0,897.2448979591836,196
o2a13,auxiliary.q.0.total_pixels,1951,262144.0,262144.0,262144.0,262144.0,1951,0,0,262144.0,262144.0,196
o2a13,auxiliary.q.0.gt_foreground,1951,29364.35161455664,28513.0,15296.0,45565.0,1951,0,0,9104.0,13711.244897959185,196
o2a13,auxiliary.q.0.gt_background,1951,232779.64838544338,233631.0,216579.0,246848.0,1951,0,0,185479.0,210883.1530612245,196
o2a13,auxiliary.q.0.pred_foreground,1951,28444.377242439776,27105.0,23244.0,35709.0,1951,0,0,18925.0,22212.94387755102,196
o2a13,auxiliary.q.0.intersection,1951,24675.68323936443,24546.0,15118.0,35035.0,1951,0,0,9104.0,13606.173469387755,196
o2a13,auxiliary.q.0.dice,1951,0.8492467535403807,0.8695812836324165,0.730163914348119,0.9380745880312229,1951,0,0,0.487329113141019,0.6726726408594644,196
o2a13,auxiliary.q.0.brier_sum,1951,6705.473664657254,5783.584977769801,2483.681696183078,12030.36210144657,1951,0,0,916.2120942186032,1891.7386536814086,196
o2a13,auxiliary.q.0.brier,1951,0.025579352053288474,0.022062625800208287,0.00947449377511245,0.04589218941286686,1951,0,0,0.0034950717705482604,0.007216410269475588,196
o2a13,auxiliary.q.0.foreground_brier_sum,1951,3720.0478329369207,2098.4703965593353,8.933921474485889,9923.15700976241,1951,0,0,0.0026870135533769712,3.1884400208052517,196
o2a13,auxiliary.q.0.background_brier_sum,1951,2985.425831720332,1696.0133467723704,19.685570626170886,8069.641883857342,1951,0,0,0.0033483847883124486,5.623548909239409,196
o2a13,auxiliary.q.0.foreground_brier,1951,0.09348914444714623,0.07156532060116276,0.0005554518130867723,0.22782715011118515,1951,0,0,1.761976100575063e-07,0.0002029250883536485,196
o2a13,auxiliary.q.0.background_brier,1951,0.012320692828976477,0.00737774246895798,8.740886385989306e-05,0.03282894190713723,1951,0,0,1.8052635545331e-08,2.550513506147896e-05,196
o2a13,auxiliary.q.1.total_pixels,1951,262144.0,262144.0,262144.0,262144.0,1951,0,0,262144.0,262144.0,196
o2a13,auxiliary.q.1.gt_foreground,1951,9633.745771399283,7259.0,2865.0,19762.0,1951,0,0,907.0,2369.5255102040815,196
o2a13,auxiliary.q.1.gt_background,1951,252510.2542286007,254885.0,242382.0,259279.0,1951,0,0,213174.0,236489.056122449,196
o2a13,auxiliary.q.1.pred_foreground,1951,9217.24551512045,9048.0,7482.0,11205.0,1951,0,0,2374.0,7010.107142857143,196
o2a13,auxiliary.q.1.intersection,1951,6548.310609943619,6461.0,2839.0,10352.0,1951,0,0,702.0,2333.545918367347,196
o2a13,auxiliary.q.1.dice,1951,0.6935596884836098,0.7092067474334005,0.4739803094233474,0.8873896595208071,1951,0,0,0.08362618381082852,0.4019338667095959,196
o2a13,auxiliary.q.1.brier_sum,1951,4504.77828736057,3734.8536715639934,1288.840032837214,8741.956443561197,1951,0,0,578.6953904814857,990.7167823320078,196
o2a13,auxiliary.q.1.brier,1951,0.017184365415041238,0.014247336088424658,0.004916534549092156,0.03334791734146575,1951,0,0,0.002207547723699515,0.0037792846005707086,196
o2a13,auxiliary.q.1.foreground_brier_sum,1951,2478.550560964712,295.6495544575975,0.37919034663358886,7842.310498204813,1951,0,0,0.0008203003468274517,0.1369270865642644,196
o2a13,auxiliary.q.1.background_brier_sum,1951,2026.2277263958586,1604.1544140944682,23.76837821175265,4592.436431034349,1951,0,0,0.0004179706274143973,5.9797565636414065,196
o2a13,auxiliary.q.1.foreground_brier,1951,0.14103773908683523,0.04312573479863938,0.00011908805084394325,0.4166962952704738,1951,0,0,3.838560350151856e-07,4.2177138549340166e-05,196
o2a13,auxiliary.q.1.background_brier,1951,0.007893497245836496,0.006343388846805973,9.838577679912276e-05,0.01779872016406074,1951,0,0,1.8006506380885795e-09,2.4718284903471694e-05,196
o2a13,auxiliary.qstar.0.total_pixels,1951,262144.0,262144.0,262144.0,262144.0,1951,0,0,262144.0,262144.0,196
o2a13,auxiliary.qstar.0.gt_foreground,1951,29364.35161455664,28513.0,15296.0,45565.0,1951,0,0,9104.0,13711.244897959185,196
o2a13,auxiliary.qstar.0.gt_background,1951,232779.64838544338,233631.0,216579.0,246848.0,1951,0,0,185479.0,210883.1530612245,196
o2a13,auxiliary.qstar.0.pred_foreground,1951,28389.90620194772,27060.0,23199.0,35636.0,1951,0,0,18891.0,22176.20408163265,196
o2a13,auxiliary.qstar.0.intersection,1951,24646.757047667863,24547.0,15118.0,35062.0,1951,0,0,9104.0,13607.908163265307,196
o2a13,auxiliary.qstar.0.dice,1951,0.8492308169723672,0.8690705216291981,0.7300036364211292,0.9386545566502463,1951,0,0,0.48813601287500513,0.6727907685377773,196
o2a13,auxiliary.qstar.0.brier_sum,1951,6668.557297237332,5748.957360751047,2408.8567804179193,12045.532365921224,1951,0,0,947.1520158308952,1851.8703669276783,196
o2a13,auxiliary.qstar.0.brier,1951,0.02543852728743489,0.021930531924251737,0.009189059373542478,0.04595005937927713,1951,0,0,0.0036130982049213224,0.00706432482501098,196
o2a13,auxiliary.qstar.0.foreground_brier_sum,1951,3718.017968675253,2069.142234106505,10.10034039490316,9936.471971627925,1951,0,0,0.0026870135533769712,3.5808816688786127,196
o2a13,auxiliary.qstar.0.background_brier_sum,1951,2950.53932856208,1653.6666923695152,20.889660895794428,8013.4689938499305,1951,0,0,0.0033483847883124486,6.000687953033308,196
o2a13,auxiliary.qstar.0.foreground_brier,1951,0.09339263406970019,0.07077712330115275,0.0006356891073082276,0.22832788843959187,1951,0,0,1.761976100575063e-07,0.00022924980837857935,196
o2a13,auxiliary.qstar.0.background_brier,1951,0.012176070802277335,0.007150882051750811,9.578857825005278e-05,0.032508406327865995,1951,0,0,1.8052635545331e-08,2.721898365697094e-05,196
o2a13,auxiliary.qstar.1.total_pixels,1951,262144.0,262144.0,262144.0,262144.0,1951,0,0,262144.0,262144.0,196
o2a13,auxiliary.qstar.1.gt_foreground,1951,9633.745771399283,7259.0,2865.0,19762.0,1951,0,0,907.0,2369.5255102040815,196
o2a13,auxiliary.qstar.1.gt_background,1951,252510.2542286007,254885.0,242382.0,259279.0,1951,0,0,213174.0,236489.056122449,196
o2a13,auxiliary.qstar.1.pred_foreground,1951,9132.665299846232,8974.0,7412.0,11099.0,1951,0,0,2084.0,6935.739795918367,196
o2a13,auxiliary.qstar.1.intersection,1951,6516.825217837007,6444.0,2839.0,10256.0,1951,0,0,706.0,2331.1785714285716,196
o2a13,auxiliary.qstar.1.dice,1951,0.6943007016316745,0.7092578936783536,0.47633533148429813,0.8889927553166628,1951,0,0,0.08452559114037714,0.40343055145024936,196
o2a13,auxiliary.qstar.1.brier_sum,1951,4470.264988717542,3668.2199396563437,1266.1663418608844,8753.190357931742,1951,0,0,595.7147601631158,983.994572596078,196
o2a13,auxiliary.qstar.1.brier,1951,0.01705270762907998,0.013993148573518157,0.0048300412821231245,0.03339077132389733,1951,0,0,0.0022724714666866905,0.0037536414054720993,196
o2a13,auxiliary.qstar.1.foreground_brier_sum,1951,2492.786978016301,309.5964785293062,0.3722607490214145,7885.88972754048,1951,0,0,0.0008203003468274517,0.1370919429775901,196
o2a13,auxiliary.qstar.1.background_brier_sum,1951,1977.4780107012418,1547.7737931119073,22.40712124233831,4491.507716974576,1951,0,0,0.0004179706274143973,5.761486524283334,196
o2a13,auxiliary.qstar.1.foreground_brier,1951,0.14226565915415929,0.044896924853686994,0.00011977751359624456,0.4174729755092582,1951,0,0,3.838560350151856e-07,4.233625487523095e-05,196
o2a13,auxiliary.qstar.1.background_brier,1951,0.007703009625252433,0.006122187079385276,9.202281067935903e-05,0.017437868085372767,1951,0,0,1.8006506380885795e-09,2.3807799220718917e-05,196
o2a13,auxiliary.graph.transitions.0.denominator,1951,262144.0,262144.0,262144.0,262144.0,1951,0,0,262144.0,262144.0,196
o2a13,auxiliary.graph.transitions.0.wrong_to_correct,1951,165.88262429523323,148.0,84.0,266.0,1951,0,0,15.0,67.85204081632654,196
o2a13,auxiliary.graph.transitions.0.correct_to_wrong,1951,169.26396719630958,139.0,65.0,301.0,1951,0,0,18.0,51.58163265306123,196
o2a13,auxiliary.graph.transitions.0.correct_unchanged,1951,253517.37365453615,254639.0,247122.0,258642.0,1951,0,0,226459.0,242122.83163265305,196
o2a13,auxiliary.graph.transitions.0.wrong_unchanged,1951,8291.479753972322,7200.0,3276.0,14545.0,1951,0,0,928.0,2469.4795918367345,196
o2a13,auxiliary.graph.transitions.1.denominator,1951,13220.607893388005,11133.0,6848.0,22378.0,1951,0,0,4913.0,6148.005102040816,196
o2a13,auxiliary.graph.transitions.1.wrong_to_correct,1951,165.88262429523323,148.0,84.0,266.0,1951,0,0,15.0,67.85204081632654,196
o2a13,auxiliary.graph.transitions.1.correct_to_wrong,1951,169.26396719630958,139.0,65.0,301.0,1951,0,0,18.0,51.58163265306123,196
o2a13,auxiliary.graph.transitions.1.correct_unchanged,1951,8435.292670425422,6942.0,3961.0,14536.0,1951,0,0,2298.0,3429.454081632653,196
o2a13,auxiliary.graph.transitions.1.wrong_unchanged,1951,4450.1686314710405,3760.0,2292.0,7542.0,1951,0,0,903.0,1905.642857142857,196
o2a13,auxiliary.graph.transitions.2.denominator,1951,335.1465914915428,288.0,200.0,518.0,1951,0,0,132.0,179.77551020408163,196
o2a13,auxiliary.graph.transitions.2.wrong_to_correct,1951,165.88262429523323,148.0,84.0,266.0,1951,0,0,15.0,67.85204081632654,196
o2a13,auxiliary.graph.transitions.2.correct_to_wrong,1951,169.26396719630958,139.0,65.0,301.0,1951,0,0,18.0,51.58163265306123,196
o2a13,auxiliary.graph.transitions.2.correct_unchanged,1951,0.0,0.0,0.0,0.0,0,1951,0,0.0,0.0,196
o2a13,auxiliary.graph.transitions.2.wrong_unchanged,1951,0.0,0.0,0.0,0.0,0,1951,0,0.0,0.0,196
o2a13,auxiliary.graph.transitions.3.denominator,1951,262144.0,262144.0,262144.0,262144.0,1951,0,0,262144.0,262144.0,196
o2a13,auxiliary.graph.transitions.3.wrong_to_correct,1951,110.13121476166069,105.0,55.0,168.0,1951,0,0,6.0,40.68877551020408,196
o2a13,auxiliary.graph.transitions.3.correct_to_wrong,1951,88.52178370066632,68.0,28.0,179.0,1951,0,0,7.0,21.362244897959183,196
o2a13,auxiliary.graph.transitions.3.correct_unchanged,1951,256301.10814966683,257180.0,251035.0,260257.0,1951,0,0,222692.0,246173.30102040817,196
o2a13,auxiliary.graph.transitions.3.wrong_unchanged,1951,5644.238851870836,4797.0,1735.0,10781.0,1951,0,0,569.0,1293.015306122449,196
o2a13,auxiliary.graph.transitions.4.denominator,1951,7917.783188108662,6806.0,4786.0,12481.0,1951,0,0,3624.0,4458.397959183673,196
o2a13,auxiliary.graph.transitions.4.wrong_to_correct,1951,110.13121476166069,105.0,55.0,168.0,1951,0,0,6.0,40.68877551020408,196
o2a13,auxiliary.graph.transitions.4.correct_to_wrong,1951,88.52178370066632,68.0,28.0,179.0,1951,0,0,7.0,21.362244897959183,196
o2a13,auxiliary.graph.transitions.4.correct_unchanged,1951,4739.674013326499,4073.0,2785.0,7468.0,1951,0,0,1856.0,2543.0714285714284,196
o2a13,auxiliary.graph.transitions.4.wrong_unchanged,1951,2979.456176319836,2669.0,1441.0,4968.0,1951,0,0,569.0,1159.7551020408164,196
o2a13,auxiliary.graph.transitions.5.denominator,1951,198.65299846232702,172.0,121.0,319.0,1951,0,0,60.0,108.36734693877551,196
o2a13,auxiliary.graph.transitions.5.wrong_to_correct,1951,110.13121476166069,105.0,55.0,168.0,1951,0,0,6.0,40.68877551020408,196
o2a13,auxiliary.graph.transitions.5.correct_to_wrong,1951,88.52178370066632,68.0,28.0,179.0,1951,0,0,7.0,21.362244897959183,196
o2a13,auxiliary.graph.transitions.5.correct_unchanged,1951,0.0,0.0,0.0,0.0,0,1951,0,0.0,0.0,196
o2a13,auxiliary.graph.transitions.5.wrong_unchanged,1951,0.0,0.0,0.0,0.0,0,1951,0,0.0,0.0,196
o2a13,auxiliary.graph.allowed_counts.0,1951,13220.607893388005,11133.0,6848.0,22378.0,1951,0,0,4913.0,6148.005102040816,196
o2a13,auxiliary.graph.allowed_counts.1,1951,7917.783188108662,6806.0,4786.0,12481.0,1951,0,0,3624.0,4458.397959183673,196
o2a13,auxiliary.graph.reliable_counts.0,1951,248504.26191696565,250599.0,239247.0,254924.0,1951,0,0,208186.0,231690.08673469388,196
o2a13,auxiliary.graph.reliable_counts.1,1951,253951.96258329062,255091.0,249265.0,257166.0,1951,0,0,234900.0,246139.42857142858,196
o2a13,auxiliary.graph.reliable_correct.0,1951,244778.28908252178,247303.0,232681.0,253295.0,1951,0,0,200695.0,224432.06632653062,196
o2a13,auxiliary.graph.reliable_correct.1,1951,251363.3880061507,252873.0,244016.0,256563.0,1951,0,0,213762.0,238702.86224489796,196
o2a13,auxiliary.graph.changed_counts.0,1951,13220.597642234752,11133.0,6848.0,22378.0,1951,0,0,4913.0,6148.005102040816,196
o2a13,auxiliary.graph.changed_counts.1,1951,7917.77908764736,6806.0,4786.0,12481.0,1951,0,0,3624.0,4458.397959183673,196
o2a13,auxiliary.graph.mean_abs_change,1951,0.0009372479140067302,0.0008549211779609323,0.0006476831040345132,0.0013311393558979034,1951,0,0,0.0004626333829946816,0.0006073727397181626,196
o2a13,auxiliary.graph.outside_allowed_max_change,1951,0.0,0.0,0.0,0.0,0,1951,0,0.0,0.0,196
o2a13,auxiliary.graph.reliable_max_change,1951,0.0,0.0,0.0,0.0,0,1951,0,0.0,0.0,196
o2a13,auxiliary.graph.q_nested_violations,1951,169.82624295233214,59.0,8.0,416.0,1926,25,0,0.0,3.510204081632653,196
o2a13,auxiliary.graph.qstar_nested_violations,1951,169.82778062532034,59.0,8.0,416.0,1926,25,0,0.0,3.510204081632653,196
o3a0,r4t.global_visit,1951,976.0,976.0,196.0,1756.0,1951,0,0,1.0,98.5,196
o3a0,r4t.counts.network_forwards,1951,8.0,8.0,8.0,8.0,1951,0,0,8.0,8.0,196
o3a0,r4t.counts.loss_backward_calls,1951,1.0,1.0,1.0,1.0,1951,0,0,1.0,1.0,196
o3a0,r4t.counts.adam_calls,1951,1.0,1.0,1.0,1.0,1951,0,0,1.0,1.0,196
o3a0,r4t.counts.jacobian_vjp_calls,1951,0.0,0.0,0.0,0.0,0,1951,0,0.0,0.0,196
o3a0,r4t.counts.actual_parameter_replacements,1951,0.0,0.0,0.0,0.0,0,1951,0,0.0,0.0,196
o3a0,r4t.teacher_update,1951,0.0,0.0,0.0,0.0,0,1951,0,0.0,0.0,196
o3a0,r4t.source_unchanged,1951,1.0,1.0,1.0,1.0,1951,0,0,1.0,1.0,196
o3a0,auxiliary.q.0.total_pixels,1951,262144.0,262144.0,262144.0,262144.0,1951,0,0,262144.0,262144.0,196
o3a0,auxiliary.q.0.gt_foreground,1951,29364.35161455664,28513.0,15296.0,45565.0,1951,0,0,9104.0,13711.244897959185,196
o3a0,auxiliary.q.0.gt_background,1951,232779.64838544338,233631.0,216579.0,246848.0,1951,0,0,185479.0,210883.1530612245,196
o3a0,auxiliary.q.0.pred_foreground,1951,30052.251665812404,27435.0,20538.0,42124.0,1951,0,0,17693.0,19671.10714285714,196
o3a0,auxiliary.q.0.intersection,1951,26235.444900051254,25818.0,14729.0,39461.0,1951,0,0,9104.0,13348.744897959185,196
o3a0,auxiliary.q.0.dice,1951,0.8773930397315985,0.8987234315185879,0.7754313168814152,0.9495495124012948,1951,0,0,0.4322390906923138,0.7039735987211937,196
o3a0,auxiliary.q.0.brier_sum,1951,5288.197871344225,4138.64144588666,2095.21425650084,10172.660356196979,1951,0,0,1084.936356835523,1777.8888260470294,196
o3a0,auxiliary.q.0.brier,1951,0.02017287395990076,0.01578766420702614,0.007992608095172271,0.03880561964491645,1951,0,0,0.004138703753797619,0.006782107643306844,196
o3a0,auxiliary.q.0.foreground_brier_sum,1951,2376.7866999354073,1200.4409535157956,111.89057683260441,5922.29807136541,1951,0,0,0.12363290622614898,53.23677597426059,196
o3a0,auxiliary.q.0.background_brier_sum,1951,2911.411171408818,2401.0117007101244,234.59056281198448,6097.7995142537275,1951,0,0,0.011337254571972481,95.18478714290977,196
o3a0,auxiliary.q.0.foreground_brier,1951,0.06491346575140898,0.04511666437469392,0.006244770975272061,0.14950690447067264,1951,0,0,5.9919985569790615e-06,0.003082797152398113,196
o3a0,auxiliary.q.0.background_brier,1951,0.012326782854943371,0.010250858537825772,0.0010510216952498174,0.025984526531313928,1951,0,0,6.112419504079966e-08,0.00042899536106813307,196
o3a0,auxiliary.q.1.total_pixels,1951,262144.0,262144.0,262144.0,262144.0,1951,0,0,262144.0,262144.0,196
o3a0,auxiliary.q.1.gt_foreground,1951,9633.745771399283,7259.0,2865.0,19762.0,1951,0,0,907.0,2369.5255102040815,196
o3a0,auxiliary.q.1.gt_background,1951,252510.2542286007,254885.0,242382.0,259279.0,1951,0,0,213174.0,236489.056122449,196
o3a0,auxiliary.q.1.pred_foreground,1951,9127.074320861097,8295.0,7032.0,12526.0,1951,0,0,1549.0,6357.178571428572,196
o3a0,auxiliary.q.1.intersection,1951,6636.138903126602,6379.0,2812.0,10888.0,1951,0,0,648.0,2310.188775510204,196
o3a0,auxiliary.q.1.dice,1951,0.709920004270721,0.7296921549155909,0.5188829696990261,0.8830697040793158,1951,0,0,0.07077712850199333,0.4405454586964453,196
o3a0,auxiliary.q.1.brier_sum,1951,4190.690469235978,3006.241155512256,1351.3145118504808,8657.584671492601,1951,0,0,571.8869971891215,1087.651097711976,196
o3a0,auxiliary.q.1.brier,1951,0.015986215474075232,0.011467899915741942,0.005154855773355411,0.03302606457325974,1951,0,0,0.002181575764423834,0.004149059668395905,196
o3a0,auxiliary.q.1.foreground_brier_sum,1951,2379.6413715972935,460.27955086680635,10.233406392652164,7215.7674504547385,1951,0,0,0.010317467599737284,3.5146080208388066,196
o3a0,auxiliary.q.1.background_brier_sum,1951,1811.0490976386845,1692.986181917015,69.54224587010448,3583.795204367311,1951,0,0,0.0009382092885889152,16.111654948399796,196
o3a0,auxiliary.q.1.foreground_brier,1951,0.14291532598145434,0.07037135164959364,0.002998357197836929,0.3982527987061501,1951,0,0,4.715478793298576e-06,0.0010427744110027427,196
o3a0,auxiliary.q.1.background_brier,1951,0.007085633855362352,0.00667769994626522,0.0002832274252962082,0.013973516447120814,1951,0,0,4.041880082839693e-09,6.624184317593888e-05,196
o3a1,r4t.global_visit,1951,976.0,976.0,196.0,1756.0,1951,0,0,1.0,98.5,196
o3a1,r4t.counts.network_forwards,1951,8.0,8.0,8.0,8.0,1951,0,0,8.0,8.0,196
o3a1,r4t.counts.loss_backward_calls,1951,1.0,1.0,1.0,1.0,1951,0,0,1.0,1.0,196
o3a1,r4t.counts.adam_calls,1951,1.0,1.0,1.0,1.0,1951,0,0,1.0,1.0,196
o3a1,r4t.counts.jacobian_vjp_calls,1951,0.0,0.0,0.0,0.0,0,1951,0,0.0,0.0,196
o3a1,r4t.counts.actual_parameter_replacements,1951,0.0,0.0,0.0,0.0,0,1951,0,0.0,0.0,196
o3a1,r4t.pca.input.region_token_counts.0,1951,906.5222962583291,916.0,859.0,943.0,1951,0,0,815.0,848.4744897959183,196
o3a1,r4t.pca.input.region_token_counts.1,1951,117.47770374167094,108.0,81.0,165.0,1951,0,0,68.0,77.00510204081633,196
o3a1,r4t.pca.input.region_token_counts.2,1951,986.5248590466427,991.0,971.0,996.0,1951,0,0,952.0,966.7602040816327,196
o3a1,r4t.pca.input.region_token_counts.3,1951,37.475140953357254,33.0,28.0,53.0,1951,0,0,9.0,25.142857142857142,196
o3a1,r4t.pca.input.sampled_region_counts.0,1951,32.0,32.0,32.0,32.0,1951,0,0,32.0,32.0,196
o3a1,r4t.pca.input.sampled_region_counts.1,1951,31.966171194259353,32.0,32.0,32.0,1951,0,0,14.0,31.663265306122447,196
o3a1,r4t.pca.input.sampled_region_counts.2,1951,32.0,32.0,32.0,32.0,1951,0,0,32.0,32.0,196
o3a1,r4t.pca.input.sampled_region_counts.3,1951,19.989748846745258,20.0,10.0,30.0,1931,20,0,0.0,5.928571428571429,196
o3a1,r4t.pca.input.selected_region_counts.0,1951,32.0,32.0,32.0,32.0,1951,0,0,32.0,32.0,196
o3a1,r4t.pca.input.selected_region_counts.1,1951,31.966171194259353,32.0,32.0,32.0,1951,0,0,14.0,31.663265306122447,196
o3a1,r4t.pca.input.selected_region_counts.2,1951,32.0,32.0,32.0,32.0,1951,0,0,32.0,32.0,196
o3a1,r4t.pca.input.selected_region_counts.3,1951,19.989748846745258,20.0,10.0,30.0,1931,20,0,0.0,5.928571428571429,196
o3a1,r4t.pca.input.assigned_bank_counts.0,1951,32.0,32.0,32.0,32.0,1951,0,0,32.0,32.0,196
o3a1,r4t.pca.input.assigned_bank_counts.1,1951,31.966171194259353,32.0,32.0,32.0,1951,0,0,14.0,31.663265306122447,196
o3a1,r4t.pca.input.assigned_bank_counts.2,1951,32.0,32.0,32.0,32.0,1951,0,0,32.0,32.0,196
o3a1,r4t.pca.input.assigned_bank_counts.3,1951,19.989748846745258,20.0,10.0,30.0,1931,20,0,0.0,5.928571428571429,196
o3a1,r4t.pca.input.zero_vectors.0,1951,0.0,0.0,0.0,0.0,0,1951,0,0.0,0.0,196
o3a1,r4t.pca.input.zero_vectors.1,1951,0.0,0.0,0.0,0.0,0,1951,0,0.0,0.0,196
o3a1,r4t.pca.input.zero_vectors.2,1951,0.0,0.0,0.0,0.0,0,1951,0,0.0,0.0,196
o3a1,r4t.pca.input.zero_vectors.3,1951,0.0,0.0,0.0,0.0,0,1951,0,0.0,0.0,196
o3a1,r4t.pca.input.missing_foreground.0,1951,0.0,0.0,0.0,0.0,0,1951,0,0.0,0.0,196
o3a1,r4t.pca.input.missing_foreground.1,1951,0.0,0.0,0.0,0.0,0,1951,0,0.0,0.0,196
o3a1,r4t.pca.subloss,1951,0.11117687713696613,0.1075364351272583,0.08342716097831726,0.14581167697906494,1935,16,0,0.0,0.07080213208587802,196
o3a1,r4t.pca.base_loss,1951,0.07293088486210955,0.0565219409763813,0.03752721846103668,0.12553903460502625,1951,0,0,0.02770553156733513,0.03440779676584869,196
o3a1,r4t.pca.banks.0.n,1951,31232.0,31232.0,6272.0,56192.0,1951,0,0,32.0,3152.0,196
o3a1,r4t.pca.banks.0.contributing_images,1951,976.0,976.0,196.0,1756.0,1951,0,0,1.0,98.5,196
o3a1,r4t.pca.banks.0.version,1951,968.4961558175295,976.0,192.0,1744.0,1936,15,0,0.0,91.10204081632654,196
o3a1,r4t.pca.banks.0.last_visit,1951,976.0,976.0,196.0,1756.0,1951,0,0,1.0,98.5,196
o3a1,r4t.pca.banks.0.ready,1951,0.9923116350589442,1.0,1.0,1.0,1936,15,0,0.0,0.923469387755102,196
o3a1,r4t.pca.banks.0.rank,1951,7.938493080471553,8.0,8.0,8.0,1936,15,0,0.0,7.387755102040816,196
o3a1,r4t.pca.banks.0.merges,1951,976.0,976.0,196.0,1756.0,1951,0,0,1.0,98.5,196
o3a1,r4t.pca.banks.0.eigh_calls,1951,60.53100973859559,61.0,12.0,109.0,1936,15,0,0.0,5.6938775510204085,196
o3a1,r4t.pca.banks.0.state_bytes,1951,10797.79395181958,10816.0,10816.0,10816.0,1951,0,0,8448.0,10634.775510204081,196
o3a1,r4t.pca.banks.1.n,1951,31173.872373141978,31166.0,6239.0,56126.0,1951,0,0,32.0,3138.734693877551,196
o3a1,r4t.pca.banks.1.contributing_images,1951,976.0,976.0,196.0,1756.0,1951,0,0,1.0,98.5,196
o3a1,r4t.pca.banks.1.version,1951,968.4961558175295,976.0,192.0,1744.0,1936,15,0,0.0,91.10204081632654,196
o3a1,r4t.pca.banks.1.last_visit,1951,976.0,976.0,196.0,1756.0,1951,0,0,1.0,98.5,196
o3a1,r4t.pca.banks.1.ready,1951,0.9923116350589442,1.0,1.0,1.0,1936,15,0,0.0,0.923469387755102,196
o3a1,r4t.pca.banks.1.rank,1951,7.938493080471553,8.0,8.0,8.0,1936,15,0,0.0,7.387755102040816,196
o3a1,r4t.pca.banks.1.merges,1951,976.0,976.0,196.0,1756.0,1951,0,0,1.0,98.5,196
o3a1,r4t.pca.banks.1.eigh_calls,1951,60.53100973859559,61.0,12.0,109.0,1936,15,0,0.0,5.6938775510204085,196
o3a1,r4t.pca.banks.1.state_bytes,1951,10797.79395181958,10816.0,10816.0,10816.0,1951,0,0,8448.0,10634.775510204081,196
o3a1,r4t.pca.banks.2.n,1951,31232.0,31232.0,6272.0,56192.0,1951,0,0,32.0,3152.0,196
o3a1,r4t.pca.banks.2.contributing_images,1951,976.0,976.0,196.0,1756.0,1951,0,0,1.0,98.5,196
o3a1,r4t.pca.banks.2.version,1951,968.4961558175295,976.0,192.0,1744.0,1936,15,0,0.0,91.10204081632654,196
o3a1,r4t.pca.banks.2.last_visit,1951,976.0,976.0,196.0,1756.0,1951,0,0,1.0,98.5,196
o3a1,r4t.pca.banks.2.ready,1951,0.9923116350589442,1.0,1.0,1.0,1936,15,0,0.0,0.923469387755102,196
o3a1,r4t.pca.banks.2.rank,1951,7.938493080471553,8.0,8.0,8.0,1936,15,0,0.0,7.387755102040816,196
o3a1,r4t.pca.banks.2.merges,1951,976.0,976.0,196.0,1756.0,1951,0,0,1.0,98.5,196
o3a1,r4t.pca.banks.2.eigh_calls,1951,60.53100973859559,61.0,12.0,109.0,1936,15,0,0.0,5.6938775510204085,196
o3a1,r4t.pca.banks.2.state_bytes,1951,10797.79395181958,10816.0,10816.0,10816.0,1951,0,0,8448.0,10634.775510204081,196
o3a1,r4t.pca.banks.3.n,1951,16859.5914915428,15789.0,2596.0,33489.0,1951,0,0,10.0,1279.719387755102,196
o3a1,r4t.pca.banks.3.contributing_images,1951,959.703741670938,958.0,187.0,1736.0,1951,0,0,1.0,94.03061224489795,196
o3a1,r4t.pca.banks.3.version,1951,968.4202972834444,962.0,184.0,1748.0,1936,15,0,0.0,90.70918367346938,196
o3a1,r4t.pca.banks.3.last_visit,1951,976.0,976.0,196.0,1756.0,1951,0,0,1.0,98.5,196
o3a1,r4t.pca.banks.3.ready,1951,0.9923116350589442,1.0,1.0,1.0,1936,15,0,0.0,0.923469387755102,196
o3a1,r4t.pca.banks.3.rank,1951,7.938493080471553,8.0,8.0,8.0,1936,15,0,0.0,7.387755102040816,196
o3a1,r4t.pca.banks.3.merges,1951,959.703741670938,958.0,187.0,1736.0,1951,0,0,1.0,94.03061224489795,196
o3a1,r4t.pca.banks.3.eigh_calls,1951,59.513582778062535,59.0,11.0,108.0,1936,15,0,0.0,5.413265306122449,196
o3a1,r4t.pca.banks.3.state_bytes,1951,10797.79395181958,10816.0,10816.0,10816.0,1951,0,0,8448.0,10634.775510204081,196
o3a1,r4t.teacher_update,1951,0.0,0.0,0.0,0.0,0,1951,0,0.0,0.0,196
o3a1,r4t.source_unchanged,1951,1.0,1.0,1.0,1.0,1951,0,0,1.0,1.0,196
o3a1,auxiliary.q.0.total_pixels,1951,262144.0,262144.0,262144.0,262144.0,1951,0,0,262144.0,262144.0,196
o3a1,auxiliary.q.0.gt_foreground,1951,29364.35161455664,28513.0,15296.0,45565.0,1951,0,0,9104.0,13711.244897959185,196
o3a1,auxiliary.q.0.gt_background,1951,232779.64838544338,233631.0,216579.0,246848.0,1951,0,0,185479.0,210883.1530612245,196
o3a1,auxiliary.q.0.pred_foreground,1951,30089.853408508458,27537.0,20644.0,42075.0,1951,0,0,17779.0,19727.173469387755,196
o3a1,auxiliary.q.0.intersection,1951,26245.399794976936,25831.0,14753.0,39409.0,1951,0,0,9104.0,13358.137755102041,196
o3a1,auxiliary.q.0.dice,1951,0.8770503196910462,0.898526491796426,0.7757527491040525,0.9495694450166866,1951,0,0,0.4312826190099636,0.7032972218118325,196
o3a1,auxiliary.q.0.brier_sum,1951,5314.168034072713,4160.7496609114,2107.3329517554175,10204.456652541088,1951,0,0,1079.7763021616934,1783.1729639339248,196
o3a1,auxiliary.q.0.brier,1951,0.020271942268648962,0.015872000354428862,0.008038837248822851,0.03892691288963733,1951,0,0,0.0041190197073428855,0.00680226502965517,196
o3a1,auxiliary.q.0.foreground_brier_sum,1951,2378.1781781594145,1182.8333458252428,106.08092922652644,6007.896523114373,1951,0,0,0.05972341256191527,49.84566857351505,196
o3a1,auxiliary.q.0.background_brier_sum,1951,2935.989855913299,2441.326071859818,241.25429748997811,6143.9591046408395,1951,0,0,0.009548116368281685,96.8126779202082,196
o3a1,auxiliary.q.0.foreground_brier,1951,0.06468969871422822,0.04449424668781188,0.005958522672637725,0.15001402066848143,1951,0,0,2.89455787146393e-06,0.0028966295964819415,196
o3a1,auxiliary.q.0.background_brier,1951,0.012426613242939935,0.0103086258263895,0.0010768670110923705,0.02599236062781446,1951,0,0,5.1478153150931833e-08,0.00043779319299399255,196
o3a1,auxiliary.q.1.total_pixels,1951,262144.0,262144.0,262144.0,262144.0,1951,0,0,262144.0,262144.0,196
o3a1,auxiliary.q.1.gt_foreground,1951,9633.745771399283,7259.0,2865.0,19762.0,1951,0,0,907.0,2369.5255102040815,196
o3a1,auxiliary.q.1.gt_background,1951,252510.2542286007,254885.0,242382.0,259279.0,1951,0,0,213174.0,236489.056122449,196
o3a1,auxiliary.q.1.pred_foreground,1951,9697.522808815991,8600.0,7247.0,13768.0,1951,0,0,2609.0,6589.352040816327,196
o3a1,auxiliary.q.1.intersection,1951,6964.537672988211,6590.0,2822.0,11785.0,1951,0,0,828.0,2324.2704081632655,196
o3a1,auxiliary.q.1.dice,1951,0.7155171982734294,0.7373044617400015,0.5225238608088536,0.8844167880312459,1951,0,0,0.08577199979282125,0.4476231255094487,196
o3a1,auxiliary.q.1.brier_sum,1951,4111.070458676356,3082.4399120722323,1375.6808597335548,8214.351195488427,1951,0,0,591.817112780576,1140.3642978067676,196
o3a1,auxiliary.q.1.brier,1951,0.01568248923750441,0.01175857510403531,0.005247806013998241,0.03133526304431315,1951,0,0,0.0022576031218741457,0.0043501445686598495,196
o3a1,auxiliary.q.1.foreground_brier_sum,1951,2119.6067624584593,388.68555818487243,8.341693709608691,6442.129180059378,1951,0,0,0.009053508241763097,2.8013747781733698,196
o3a1,auxiliary.q.1.background_brier_sum,1951,1991.4636962178968,1882.712685516878,96.37483136945235,3847.325226014796,1951,0,0,0.0008614424610064314,25.34715492981147,196
o3a1,auxiliary.q.1.foreground_brier,1951,0.12584487443047712,0.060531273101674284,0.002445667100776958,0.3592272183433931,1951,0,0,3.4010173710605173e-06,0.0008219882572068024,196
o3a1,auxiliary.q.1.background_brier,1951,0.007799040933542702,0.007389754843125542,0.0003920018522021385,0.014956227146055148,1951,0,0,3.7111624964735415e-09,0.00010399440365055734,196
o3a1,auxiliary.memory.regions.0.region,1951,0.0,0.0,0.0,0.0,0,1951,0,0.0,0.0,196
o3a1,auxiliary.memory.regions.0.selected_tokens,1951,32.0,32.0,32.0,32.0,1951,0,0,32.0,32.0,196
o3a1,auxiliary.memory.regions.0.correct_tokens,1951,31.835981547924142,32.0,31.0,32.0,1951,0,0,27.0,30.5765306122449,196
o3a1,auxiliary.memory.regions.0.incorrect_tokens,1951,0.16401845207585852,0.0,0.0,1.0,237,1714,0,0.0,0.0,196
o3a1,auxiliary.memory.regions.1.region,1951,1.0,1.0,1.0,1.0,1951,0,0,1.0,1.0,196
o3a1,auxiliary.memory.regions.1.selected_tokens,1951,31.966171194259353,32.0,32.0,32.0,1951,0,0,14.0,31.663265306122447,196
o3a1,auxiliary.memory.regions.1.correct_tokens,1951,30.619169656586365,32.0,28.0,32.0,1951,0,0,12.0,25.137755102040817,196
o3a1,auxiliary.memory.regions.1.incorrect_tokens,1951,1.3470015376729882,0.0,0.0,4.0,860,1091,0,0.0,0.0,196
o3a1,auxiliary.memory.regions.2.region,1951,2.0,2.0,2.0,2.0,1951,0,0,2.0,2.0,196
o3a1,auxiliary.memory.regions.2.selected_tokens,1951,32.0,32.0,32.0,32.0,1951,0,0,32.0,32.0,196
o3a1,auxiliary.memory.regions.2.correct_tokens,1951,31.826242952332137,32.0,31.0,32.0,1951,0,0,27.0,30.413265306122447,196
o3a1,auxiliary.memory.regions.2.incorrect_tokens,1951,0.17375704766786262,0.0,0.0,1.0,224,1727,0,0.0,0.0,196
o3a1,auxiliary.memory.regions.3.region,1951,3.0,3.0,3.0,3.0,1951,0,0,3.0,3.0,196
o3a1,auxiliary.memory.regions.3.selected_tokens,1951,19.989748846745258,20.0,10.0,30.0,1931,20,0,0.0,5.928571428571429,196
o3a1,auxiliary.memory.regions.3.correct_tokens,1951,17.511019989748846,18.0,7.0,28.0,1928,23,0,0.0,4.178571428571429,196
o3a1,auxiliary.memory.regions.3.incorrect_tokens,1951,2.478728856996412,1.0,0.0,7.0,1100,851,0,0.0,0.0,196
o3a1,r4t.pca.basis_versions_used.0,1935,975.5038759689922,976.0,208.0,1744.0,1935,0,0,16.0,105.0721649484536,194
o3a1,r4t.pca.basis_versions_used.1,1935,975.5038759689922,976.0,208.0,1744.0,1935,0,0,16.0,105.0721649484536,194
o3a1,r4t.pca.basis_versions_used.2,1935,975.5038759689922,976.0,208.0,1744.0,1935,0,0,16.0,105.0721649484536,194
o3a1,r4t.pca.basis_versions_used.3,1935,975.4253229974161,978.0,201.0,1748.0,1935,0,0,16.0,104.76288659793815,194
o3a2,r4t.global_visit,1951,976.0,976.0,196.0,1756.0,1951,0,0,1.0,98.5,196
o3a2,r4t.counts.network_forwards,1951,8.0,8.0,8.0,8.0,1951,0,0,8.0,8.0,196
o3a2,r4t.counts.loss_backward_calls,1951,1.0,1.0,1.0,1.0,1951,0,0,1.0,1.0,196
o3a2,r4t.counts.jacobian_vjp_calls,1951,0.0,0.0,0.0,0.0,0,1951,0,0.0,0.0,196
o3a2,r4t.counts.adam_calls,1951,1.0,1.0,1.0,1.0,1951,0,0,1.0,1.0,196
o3a2,r4t.counts.actual_parameter_replacements,1951,0.0,0.0,0.0,0.0,0,1951,0,0.0,0.0,196
o3a2,r4t.teacher_update,1951,1.0,1.0,1.0,1.0,1951,0,0,1.0,1.0,196
o3a2,r4t.source_unchanged,1951,1.0,1.0,1.0,1.0,1951,0,0,1.0,1.0,196
o3a2,r4t.base_loss,1951,0.07633451735939752,0.05879563093185425,0.03584492951631546,0.1360028088092804,1951,0,0,0.023649323731660843,0.032268746375885546,196
o3a2,r4t.host_seconds,1951,0.5541983525166579,0.5601953391451389,0.5049853408709168,0.5973980561830103,1951,0,0,0.40893667098134756,0.4871062819634526,196
o3a2,r4t.trainable_scalars,1951,19136.0,19136.0,19136.0,19136.0,1951,0,0,19136.0,19136.0,196
o3a2,r4t.teacher_affine_student_l2,1951,0.20784461825339262,0.20748350714527058,0.14654723501133873,0.29276508343253427,1951,0,0,0.013678490256697984,0.13289969696680906,196
o3a2,r4t.final_raw_probability_nested_violations,1951,2370.0374167093796,2205.0,852.0,4089.0,1951,0,0,320.0,669.4744897959183,196
o3a2,auxiliary.q.0.total_pixels,1951,262144.0,262144.0,262144.0,262144.0,1951,0,0,262144.0,262144.0,196
o3a2,auxiliary.q.0.gt_foreground,1951,29364.35161455664,28513.0,15296.0,45565.0,1951,0,0,9104.0,13711.244897959185,196
o3a2,auxiliary.q.0.gt_background,1951,232779.64838544338,233631.0,216579.0,246848.0,1951,0,0,185479.0,210883.1530612245,196
o3a2,auxiliary.q.0.pred_foreground,1951,27615.87647360328,25631.0,19978.0,37484.0,1951,0,0,17295.0,19233.316326530614,196
o3a2,auxiliary.q.0.intersection,1951,24584.442849820603,24197.0,14643.0,36175.0,1951,0,0,9104.0,13297.908163265307,196
o3a2,auxiliary.q.0.dice,1951,0.8641944783238987,0.8871566538662721,0.7533818330557747,0.9423654453816624,1951,0,0,0.4569189506328053,0.6860910058719452,196
o3a2,auxiliary.q.0.brier_sum,1951,6061.608115782193,4449.417815737612,2155.7030247926054,12310.867140642687,1951,0,0,994.6135630882092,1771.2764493337409,196
o3a2,auxiliary.q.0.brier,1951,0.02312319990456464,0.016973181975317428,0.008223354434175894,0.04696223121888232,1951,0,0,0.00379414963946613,0.00675688342793938,196
o3a2,auxiliary.q.0.foreground_brier_sum,1951,3738.4597876408493,2222.233912156241,189.8251721003981,9303.835213569346,1951,0,0,2.539548274967256,101.67710265510809,196
o3a2,auxiliary.q.0.background_brier_sum,1951,2323.1483281413434,1819.2603008477417,66.94885622591562,5280.23838726651,1951,0,0,0.013830885444188399,21.708254712035554,196
o3a2,auxiliary.q.0.foreground_brier,1951,0.10033697123557166,0.0797359615084682,0.011518396570038204,0.21831797893748067,1951,0,0,0.0001230818724842367,0.006410030388795315,196
o3a2,auxiliary.q.0.background_brier,1951,0.009792412662229934,0.007730031025649689,0.0002983381804669237,0.022252543028405625,1951,0,0,7.45684710624297e-08,9.826136761793436e-05,196
o3a2,auxiliary.q.1.total_pixels,1951,262144.0,262144.0,262144.0,262144.0,1951,0,0,262144.0,262144.0,196
o3a2,auxiliary.q.1.gt_foreground,1951,9633.745771399283,7259.0,2865.0,19762.0,1951,0,0,907.0,2369.5255102040815,196
o3a2,auxiliary.q.1.gt_background,1951,252510.2542286007,254885.0,242382.0,259279.0,1951,0,0,213174.0,236489.056122449,196
o3a2,auxiliary.q.1.pred_foreground,1951,8591.294720656073,8045.0,6806.0,11277.0,1951,0,0,2118.0,6150.744897959184,196
o3a2,auxiliary.q.1.intersection,1951,6290.2275756022555,6105.0,2794.0,9963.0,1951,0,0,249.0,2293.0561224489797,196
o3a2,auxiliary.q.1.dice,1951,0.7009549124857758,0.7110864920471631,0.505496662740479,0.8868623148656062,1951,0,0,0.029235646354350123,0.427901439673861,196
o3a2,auxiliary.q.1.brier_sum,1951,4391.675914482052,2929.1479740828504,1291.7764677992964,9453.24571016428,1951,0,0,550.1547507736775,1031.854821562478,196
o3a2,auxiliary.q.1.brier,1951,0.016752914102485854,0.011173812767344858,0.004927736159512697,0.03606127056184494,1951,0,0,0.002098673823446951,0.003936213766336357,196
o3a2,auxiliary.q.1.foreground_brier_sum,1951,2707.0380776013385,544.9693520792437,13.009905811328714,8352.020429811442,1951,0,0,0.017162994890803418,4.517239257905636,196
o3a2,auxiliary.q.1.background_brier_sum,1951,1684.6378368807136,1571.2081211612149,38.34599804774661,3386.633108679639,1951,0,0,0.0008289209038282526,8.024473605643008,196
o3a2,auxiliary.q.1.foreground_brier,1951,0.16579045644832593,0.08409063542022399,0.003566778369363366,0.4452772332868682,1951,0,0,6.447406044629383e-06,0.0013447524038135864,196
o3a2,auxiliary.q.1.background_brier,1951,0.006590973364601569,0.006163358861851915,0.0001542570873051335,0.013155823925367474,1951,0,0,3.5710570468471434e-09,3.304415525770306e-05,196
o3a3,r4t.global_visit,1951,976.0,976.0,196.0,1756.0,1951,0,0,1.0,98.5,196
o3a3,r4t.counts.network_forwards,1951,9.0,9.0,9.0,9.0,1951,0,0,9.0,9.0,196
o3a3,r4t.counts.loss_backward_calls,1951,1.0,1.0,1.0,1.0,1951,0,0,1.0,1.0,196
o3a3,r4t.counts.jacobian_vjp_calls,1951,0.0,0.0,0.0,0.0,0,1951,0,0.0,0.0,196
o3a3,r4t.counts.adam_calls,1951,1.0,1.0,1.0,1.0,1951,0,0,1.0,1.0,196
o3a3,r4t.counts.actual_parameter_replacements,1951,0.0,0.0,0.0,0.0,0,1951,0,0.0,0.0,196
o3a3,r4t.pca.input.region_token_counts.0,1951,916.3039466940031,924.0,878.0,946.0,1951,0,0,840.0,867.4591836734694,196
o3a3,r4t.pca.input.region_token_counts.1,1951,107.69605330599693,100.0,78.0,146.0,1951,0,0,67.0,75.10204081632654,196
o3a3,r4t.pca.input.region_token_counts.2,1951,989.1717068170169,992.0,977.0,997.0,1951,0,0,962.0,973.3367346938776,196
o3a3,r4t.pca.input.region_token_counts.3,1951,34.82829318298309,32.0,27.0,47.0,1951,0,0,7.0,24.23469387755102,196
o3a3,r4t.pca.input.sampled_region_counts.0,1951,32.0,32.0,32.0,32.0,1951,0,0,32.0,32.0,196
o3a3,r4t.pca.input.sampled_region_counts.1,1951,31.927216811891338,32.0,32.0,32.0,1951,0,0,10.0,31.275510204081634,196
o3a3,r4t.pca.input.sampled_region_counts.2,1951,32.0,32.0,32.0,32.0,1951,0,0,32.0,32.0,196
o3a3,r4t.pca.input.sampled_region_counts.3,1951,18.590978985135827,19.0,9.0,28.0,1922,29,0,0.0,4.760204081632653,196
o3a3,r4t.pca.input.selected_region_counts.0,1951,32.0,32.0,32.0,32.0,1951,0,0,32.0,32.0,196
o3a3,r4t.pca.input.selected_region_counts.1,1951,31.927216811891338,32.0,32.0,32.0,1951,0,0,10.0,31.275510204081634,196
o3a3,r4t.pca.input.selected_region_counts.2,1951,32.0,32.0,32.0,32.0,1951,0,0,32.0,32.0,196
o3a3,r4t.pca.input.selected_region_counts.3,1951,18.590978985135827,19.0,9.0,28.0,1922,29,0,0.0,4.760204081632653,196
o3a3,r4t.pca.input.assigned_bank_counts.0,1951,32.0,32.0,32.0,32.0,1951,0,0,32.0,32.0,196
o3a3,r4t.pca.input.assigned_bank_counts.1,1951,31.927216811891338,32.0,32.0,32.0,1951,0,0,10.0,31.275510204081634,196
o3a3,r4t.pca.input.assigned_bank_counts.2,1951,32.0,32.0,32.0,32.0,1951,0,0,32.0,32.0,196
o3a3,r4t.pca.input.assigned_bank_counts.3,1951,18.590978985135827,19.0,9.0,28.0,1922,29,0,0.0,4.760204081632653,196
o3a3,r4t.pca.input.zero_vectors.0,1951,0.0,0.0,0.0,0.0,0,1951,0,0.0,0.0,196
o3a3,r4t.pca.input.zero_vectors.1,1951,0.0,0.0,0.0,0.0,0,1951,0,0.0,0.0,196
o3a3,r4t.pca.input.zero_vectors.2,1951,0.0,0.0,0.0,0.0,0,1951,0,0.0,0.0,196
o3a3,r4t.pca.input.zero_vectors.3,1951,0.0,0.0,0.0,0.0,0,1951,0,0.0,0.0,196
o3a3,r4t.pca.input.missing_foreground.0,1951,0.0,0.0,0.0,0.0,0,1951,0,0.0,0.0,196
o3a3,r4t.pca.input.missing_foreground.1,1951,0.0,0.0,0.0,0.0,0,1951,0,0.0,0.0,196
o3a3,r4t.pca.banks.0.n,1951,31232.0,31232.0,6272.0,56192.0,1951,0,0,32.0,3152.0,196
o3a3,r4t.pca.banks.0.contributing_images,1951,976.0,976.0,196.0,1756.0,1951,0,0,1.0,98.5,196
o3a3,r4t.pca.banks.0.version,1951,968.4961558175295,976.0,192.0,1744.0,1936,15,0,0.0,91.10204081632654,196
o3a3,r4t.pca.banks.0.last_visit,1951,976.0,976.0,196.0,1756.0,1951,0,0,1.0,98.5,196
o3a3,r4t.pca.banks.0.ready,1951,0.9923116350589442,1.0,1.0,1.0,1936,15,0,0.0,0.923469387755102,196
o3a3,r4t.pca.banks.0.rank,1951,7.938493080471553,8.0,8.0,8.0,1936,15,0,0.0,7.387755102040816,196
o3a3,r4t.pca.banks.0.merges,1951,976.0,976.0,196.0,1756.0,1951,0,0,1.0,98.5,196
o3a3,r4t.pca.banks.0.eigh_calls,1951,60.53100973859559,61.0,12.0,109.0,1936,15,0,0.0,5.6938775510204085,196
o3a3,r4t.pca.banks.0.state_bytes,1951,10797.79395181958,10816.0,10816.0,10816.0,1951,0,0,8448.0,10634.775510204081,196
o3a3,r4t.pca.banks.1.n,1951,31107.063044592516,31090.0,6201.0,56050.0,1951,0,0,32.0,3118.841836734694,196
o3a3,r4t.pca.banks.1.contributing_images,1951,976.0,976.0,196.0,1756.0,1951,0,0,1.0,98.5,196
o3a3,r4t.pca.banks.1.version,1951,968.4961558175295,976.0,192.0,1744.0,1936,15,0,0.0,91.10204081632654,196
o3a3,r4t.pca.banks.1.last_visit,1951,976.0,976.0,196.0,1756.0,1951,0,0,1.0,98.5,196
o3a3,r4t.pca.banks.1.ready,1951,0.9923116350589442,1.0,1.0,1.0,1936,15,0,0.0,0.923469387755102,196
o3a3,r4t.pca.banks.1.rank,1951,7.938493080471553,8.0,8.0,8.0,1936,15,0,0.0,7.387755102040816,196
o3a3,r4t.pca.banks.1.merges,1951,976.0,976.0,196.0,1756.0,1951,0,0,1.0,98.5,196
o3a3,r4t.pca.banks.1.eigh_calls,1951,60.53100973859559,61.0,12.0,109.0,1936,15,0,0.0,5.6938775510204085,196
o3a3,r4t.pca.banks.1.state_bytes,1951,10797.79395181958,10816.0,10816.0,10816.0,1951,0,0,8448.0,10634.775510204081,196
o3a3,r4t.pca.banks.2.n,1951,31232.0,31232.0,6272.0,56192.0,1951,0,0,32.0,3152.0,196
o3a3,r4t.pca.banks.2.contributing_images,1951,976.0,976.0,196.0,1756.0,1951,0,0,1.0,98.5,196
o3a3,r4t.pca.banks.2.version,1951,968.4961558175295,976.0,192.0,1744.0,1936,15,0,0.0,91.10204081632654,196
o3a3,r4t.pca.banks.2.last_visit,1951,976.0,976.0,196.0,1756.0,1951,0,0,1.0,98.5,196
o3a3,r4t.pca.banks.2.ready,1951,0.9923116350589442,1.0,1.0,1.0,1936,15,0,0.0,0.923469387755102,196
o3a3,r4t.pca.banks.2.rank,1951,7.938493080471553,8.0,8.0,8.0,1936,15,0,0.0,7.387755102040816,196
o3a3,r4t.pca.banks.2.merges,1951,976.0,976.0,196.0,1756.0,1951,0,0,1.0,98.5,196
o3a3,r4t.pca.banks.2.eigh_calls,1951,60.53100973859559,61.0,12.0,109.0,1936,15,0,0.0,5.6938775510204085,196
o3a3,r4t.pca.banks.2.state_bytes,1951,10797.79395181958,10816.0,10816.0,10816.0,1951,0,0,8448.0,10634.775510204081,196
o3a3,r4t.pca.banks.3.n,1951,15834.139415684265,14978.0,2473.0,30988.0,1951,0,0,10.0,1216.265306122449,196
o3a3,r4t.pca.banks.3.contributing_images,1951,953.5012813941569,952.0,184.0,1727.0,1951,0,0,1.0,92.09693877551021,196
o3a3,r4t.pca.banks.3.version,1951,968.3772424397745,968.0,187.0,1741.0,1936,15,0,0.0,90.61734693877551,196
o3a3,r4t.pca.banks.3.last_visit,1951,976.0,976.0,196.0,1756.0,1951,0,0,1.0,98.5,196
o3a3,r4t.pca.banks.3.ready,1951,0.9923116350589442,1.0,1.0,1.0,1936,15,0,0.0,0.923469387755102,196
o3a3,r4t.pca.banks.3.rank,1951,7.938493080471553,8.0,8.0,8.0,1936,15,0,0.0,7.387755102040816,196
o3a3,r4t.pca.banks.3.merges,1951,953.5012813941569,952.0,184.0,1727.0,1951,0,0,1.0,92.09693877551021,196
o3a3,r4t.pca.banks.3.eigh_calls,1951,59.12557662737058,59.0,11.0,107.0,1936,15,0,0.0,5.295918367346939,196
o3a3,r4t.pca.banks.3.state_bytes,1951,10797.79395181958,10816.0,10816.0,10816.0,1951,0,0,8448.0,10634.775510204081,196
o3a3,r4t.pca.base_loss,1951,0.07642067115904734,0.058980509638786316,0.03571733087301254,0.136468768119812,1951,0,0,0.023631906136870384,0.03209301549941301,196
o3a3,r4t.pca.subloss,1951,0.11108571026132451,0.10716329514980316,0.08310931921005249,0.14654575288295746,1935,16,0,0.0,0.07079277094453573,196
o3a3,r4t.teacher_update,1951,1.0,1.0,1.0,1.0,1951,0,0,1.0,1.0,196
o3a3,r4t.source_unchanged,1951,1.0,1.0,1.0,1.0,1951,0,0,1.0,1.0,196
o3a3,r4t.base_loss,1951,0.07642067115904734,0.058980509638786316,0.03571733087301254,0.136468768119812,1951,0,0,0.023631906136870384,0.03209301549941301,196
o3a3,r4t.host_seconds,1951,0.6279852003504024,0.6316694691777229,0.5807968580629677,0.6690773579757661,1951,0,0,0.4677631580270827,0.5526408799484429,196
o3a3,r4t.trainable_scalars,1951,19136.0,19136.0,19136.0,19136.0,1951,0,0,19136.0,19136.0,196
o3a3,r4t.teacher_affine_student_l2,1951,0.20793348268079018,0.20333456826775512,0.1615275726122982,0.2825802947686899,1951,0,0,0.013678490256697984,0.14390883868341625,196
o3a3,r4t.final_raw_probability_nested_violations,1951,2025.8021527421836,1843.0,803.0,3444.0,1951,0,0,314.0,635.8622448979592,196
o3a3,auxiliary.q.0.total_pixels,1951,262144.0,262144.0,262144.0,262144.0,1951,0,0,262144.0,262144.0,196
o3a3,auxiliary.q.0.gt_foreground,1951,29364.35161455664,28513.0,15296.0,45565.0,1951,0,0,9104.0,13711.244897959185,196
o3a3,auxiliary.q.0.gt_background,1951,232779.64838544338,233631.0,216579.0,246848.0,1951,0,0,185479.0,210883.1530612245,196
o3a3,auxiliary.q.0.pred_foreground,1951,27597.504356740134,25692.0,20012.0,37371.0,1951,0,0,17316.0,19263.95408163265,196
o3a3,auxiliary.q.0.intersection,1951,24566.764736032805,24210.0,14651.0,36101.0,1951,0,0,9104.0,13303.913265306122,196
o3a3,auxiliary.q.0.dice,1951,0.863917492335287,0.8871128318584071,0.7534973187223128,0.9422095594488858,1951,0,0,0.45756796857041354,0.686096473988096,196
o3a3,auxiliary.q.0.brier_sum,1951,6091.470855018039,4454.673090680566,2165.4878935781067,12426.372676583193,1951,0,0,994.1055341171096,1775.5958901827767,196
o3a3,auxiliary.q.0.brier,1951,0.023237117214271696,0.016993229258272423,0.008260680746376444,0.04740284987099912,1951,0,0,0.0037922116627392183,0.006773360787135226,196
o3a3,auxiliary.q.0.foreground_brier_sum,1951,3767.5068218527636,2230.7437499175767,188.42076052125526,9451.284668106628,1951,0,0,1.452343957177355,100.03145193385703,196
o3a3,auxiliary.q.0.background_brier_sum,1951,2323.9640331652754,1816.6870088456421,64.98302262316051,5287.769759936145,1951,0,0,0.011813900103262453,20.833328442469032,196
o3a3,auxiliary.q.0.foreground_brier,1951,0.10088172485480619,0.0802035059454142,0.011260722006089751,0.22117699857260265,1951,0,0,7.038937416649808e-05,0.006291974895458136,196
o3a3,auxiliary.q.0.background_brier,1951,0.009793013138428203,0.007730771347830378,0.00029480043796875285,0.02231214114398236,1951,0,0,6.36940036514239e-08,9.444401882363977e-05,196
o3a3,auxiliary.q.1.total_pixels,1951,262144.0,262144.0,262144.0,262144.0,1951,0,0,262144.0,262144.0,196
o3a3,auxiliary.q.1.gt_foreground,1951,9633.745771399283,7259.0,2865.0,19762.0,1951,0,0,907.0,2369.5255102040815,196
o3a3,auxiliary.q.1.gt_background,1951,252510.2542286007,254885.0,242382.0,259279.0,1951,0,0,213174.0,236489.056122449,196
o3a3,auxiliary.q.1.pred_foreground,1951,8994.150691952846,8245.0,7008.0,12125.0,1951,0,0,2212.0,6334.913265306122,196
o3a3,auxiliary.q.1.intersection,1951,6535.097898513583,6252.0,2796.0,10608.0,1951,0,0,354.0,2302.9744897959185,196
o3a3,auxiliary.q.1.dice,1951,0.7065923142568623,0.7212981082844097,0.510802775024777,0.885462865188314,1951,0,0,0.04001582546769909,0.4362567754834907,196
o3a3,auxiliary.q.1.brier_sum,1951,4313.159842963563,2966.165101823518,1318.878547628697,9271.5240116676,1951,0,0,560.4479597498246,1064.2821838809602,196
o3a3,auxiliary.q.1.brier,1951,0.01645339905915666,0.011315021903318474,0.005031122389330662,0.03536805729548492,1951,0,0,0.002137939299582766,0.0040599143367041025,196
o3a3,auxiliary.q.1.foreground_brier_sum,1951,2509.7177403801497,470.95874161803226,11.02472083812145,7763.555215701939,1951,0,0,0.008989812836514233,3.8406136728312643,196
o3a3,auxiliary.q.1.background_brier_sum,1951,1803.4421025834138,1714.842155790578,51.51998843629046,3556.4505283500675,1951,0,0,0.0007598357173065912,12.157935894054358,196
o3a3,auxiliary.q.1.foreground_brier,1951,0.1524971989622499,0.07363199102287148,0.0031316775826275307,0.4189051069750125,1951,0,0,3.3770897207040693e-06,0.0011347199423097146,196
o3a3,auxiliary.q.1.background_brier,1951,0.007060580538923938,0.006734293643503587,0.00021370763624415222,0.013786639002306134,1951,0,0,3.2734325798786467e-09,5.000893615586275e-05,196
o3a3,auxiliary.memory.regions.0.region,1951,0.0,0.0,0.0,0.0,0,1951,0,0.0,0.0,196
o3a3,auxiliary.memory.regions.0.selected_tokens,1951,32.0,32.0,32.0,32.0,1951,0,0,32.0,32.0,196
o3a3,auxiliary.memory.regions.0.correct_tokens,1951,31.699641209636084,32.0,31.0,32.0,1951,0,0,25.0,30.020408163265305,196
o3a3,auxiliary.memory.regions.0.incorrect_tokens,1951,0.30035879036391594,0.0,0.0,1.0,394,1557,0,0.0,0.0,196
o3a3,auxiliary.memory.regions.1.region,1951,1.0,1.0,1.0,1.0,1951,0,0,1.0,1.0,196
o3a3,auxiliary.memory.regions.1.selected_tokens,1951,31.927216811891338,32.0,32.0,32.0,1951,0,0,10.0,31.275510204081634,196
o3a3,auxiliary.memory.regions.1.correct_tokens,1951,30.882111737570476,32.0,28.0,32.0,1951,0,0,9.0,25.505102040816325,196
o3a3,auxiliary.memory.regions.1.incorrect_tokens,1951,1.0451050743208612,0.0,0.0,3.0,697,1254,0,0.0,0.0,196
o3a3,auxiliary.memory.regions.2.region,1951,2.0,2.0,2.0,2.0,1951,0,0,2.0,2.0,196
o3a3,auxiliary.memory.regions.2.selected_tokens,1951,32.0,32.0,32.0,32.0,1951,0,0,32.0,32.0,196
o3a3,auxiliary.memory.regions.2.correct_tokens,1951,31.810866222450027,32.0,31.0,32.0,1951,0,0,27.0,30.45408163265306,196
o3a3,auxiliary.memory.regions.2.incorrect_tokens,1951,0.18913377754997437,0.0,0.0,1.0,262,1689,0,0.0,0.0,196
o3a3,auxiliary.memory.regions.3.region,1951,3.0,3.0,3.0,3.0,1951,0,0,3.0,3.0,196
o3a3,auxiliary.memory.regions.3.selected_tokens,1951,18.590978985135827,19.0,9.0,28.0,1922,29,0,0.0,4.760204081632653,196
o3a3,auxiliary.memory.regions.3.correct_tokens,1951,16.368016401845207,17.0,6.0,26.0,1914,37,0,0.0,3.4642857142857144,196
o3a3,auxiliary.memory.regions.3.incorrect_tokens,1951,2.22296258329062,1.0,0.0,6.0,1042,909,0,0.0,0.0,196
o3a3,r4t.pca.basis_versions_used.0,1935,975.5038759689922,976.0,208.0,1744.0,1935,0,0,16.0,105.0721649484536,194
o3a3,r4t.pca.basis_versions_used.1,1935,975.5038759689922,976.0,208.0,1744.0,1935,0,0,16.0,105.0721649484536,194
o3a3,r4t.pca.basis_versions_used.2,1935,975.5038759689922,976.0,208.0,1744.0,1935,0,0,16.0,105.0721649484536,194
o3a3,r4t.pca.basis_versions_used.3,1935,975.3772609819122,968.0,205.0,1750.6000000000022,1935,0,0,16.0,104.54639175257732,194
o3a4,r4t.global_visit,1951,976.0,976.0,196.0,1756.0,1951,0,0,1.0,98.5,196
o3a4,r4t.counts.network_forwards,1951,8.0,8.0,8.0,8.0,1951,0,0,8.0,8.0,196
o3a4,r4t.counts.loss_backward_calls,1951,1.0,1.0,1.0,1.0,1951,0,0,1.0,1.0,196
o3a4,r4t.counts.jacobian_vjp_calls,1951,0.0,0.0,0.0,0.0,0,1951,0,0.0,0.0,196
o3a4,r4t.counts.adam_calls,1951,1.0,1.0,1.0,1.0,1951,0,0,1.0,1.0,196
o3a4,r4t.counts.actual_parameter_replacements,1951,0.0,0.0,0.0,0.0,0,1951,0,0.0,0.0,196
o3a4,r4t.teacher_update,1951,0.0,0.0,0.0,0.0,0,1951,0,0.0,0.0,196
o3a4,r4t.source_unchanged,1951,1.0,1.0,1.0,1.0,1951,0,0,1.0,1.0,196
o3a4,r4t.base_loss,1951,0.11324441882145368,0.09152790904045105,0.04013385623693466,0.21546751260757446,1951,0,0,0.02041306160390377,0.0340276490041644,196
o3a4,r4t.host_seconds,1951,0.5558241011786333,0.5639970260672271,0.5069078209344298,0.5985216849949211,1951,0,0,0.3957863070536405,0.4822901257406445,196
o3a4,r4t.trainable_scalars,1951,19136.0,19136.0,19136.0,19136.0,1951,0,0,19136.0,19136.0,196
o3a4,r4t.teacher_affine_student_l2,1951,2.1808340941845032,2.1090920441281233,0.5214215378645908,4.127671237521844,1951,0,0,0.013816647592453902,0.30275089516189985,196
o3a4,r4t.final_raw_probability_nested_violations,1951,2312.7749871860583,2101.0,839.0,4056.0,1951,0,0,316.0,657.780612244898,196
o3a4,auxiliary.q.0.total_pixels,1951,262144.0,262144.0,262144.0,262144.0,1951,0,0,262144.0,262144.0,196
o3a4,auxiliary.q.0.gt_foreground,1951,29364.35161455664,28513.0,15296.0,45565.0,1951,0,0,9104.0,13711.244897959185,196
o3a4,auxiliary.q.0.gt_background,1951,232779.64838544338,233631.0,216579.0,246848.0,1951,0,0,185479.0,210883.1530612245,196
o3a4,auxiliary.q.0.pred_foreground,1951,24909.500768836493,24121.0,19412.0,31719.0,1951,0,0,16561.0,18722.464285714286,196
o3a4,auxiliary.q.0.intersection,1951,22390.407483341874,22043.0,14539.0,31317.0,1951,0,0,9075.0,13150.867346938776,196
o3a4,auxiliary.q.0.dice,1951,0.8349815025733375,0.8603993683459834,0.6964571835499377,0.9322586744823674,1951,0,0,0.45362767054139563,0.6267108484800208,196
o3a4,auxiliary.q.0.brier_sum,1951,7278.604185583067,5360.5141502841925,2392.599644907144,15024.4202124256,1951,0,0,972.5365916784046,1913.7518679957514,196
o3a4,auxiliary.q.0.brier,1951,0.027765671484310406,0.02044873867143323,0.009127043323162628,0.05731361470194092,1951,0,0,0.0037099326769958673,0.007300384017928129,196
o3a4,auxiliary.q.0.foreground_brier_sum,1951,5309.185332585825,3630.725977654371,332.50718820653765,13159.586780660064,1951,0,0,8.754577086405433,191.68541592541234,196
o3a4,auxiliary.q.0.background_brier_sum,1951,1969.4188529972412,1431.231484883007,33.51048073270276,4654.902977766972,1951,0,0,0.00549210164247319,10.681670978280907,196
o3a4,auxiliary.q.0.foreground_brier,1951,0.1430987181279336,0.1274265587441406,0.020784763010893593,0.3004829080778429,1951,0,0,0.0005049358107281943,0.012471031767827646,196
o3a4,auxiliary.q.0.background_brier,1951,0.008260772436361894,0.006051945656089704,0.00015413130959703259,0.019116052347442434,1951,0,0,2.961036905780811e-08,4.805457166234868e-05,196
o3a4,auxiliary.q.1.total_pixels,1951,262144.0,262144.0,262144.0,262144.0,1951,0,0,262144.0,262144.0,196
o3a4,auxiliary.q.1.gt_foreground,1951,9633.745771399283,7259.0,2865.0,19762.0,1951,0,0,907.0,2369.5255102040815,196
o3a4,auxiliary.q.1.gt_background,1951,252510.2542286007,254885.0,242382.0,259279.0,1951,0,0,213174.0,236489.056122449,196
o3a4,auxiliary.q.1.pred_foreground,1951,7686.839569451563,7520.0,6105.0,9762.0,1951,0,0,241.0,4754.836734693878,196
o3a4,auxiliary.q.1.intersection,1951,5773.660174269606,5626.0,2634.0,9276.0,1951,0,0,5.0,2029.3265306122448,196
o3a4,auxiliary.q.1.dice,1951,0.6847700659913784,0.699332548095799,0.47074646940147946,0.8876046233559187,1951,0,0,0.0006974473427256243,0.3509572092615698,196
o3a4,auxiliary.q.1.brier_sum,1951,4447.942469097939,2740.307867481762,1297.2527381427428,10079.154037823577,1951,0,0,527.5506447235941,1026.533841146949,196
o3a4,auxiliary.q.1.brier,1951,0.016967553974525217,0.010453444929053353,0.004948626473017665,0.038448921347898776,1951,0,0,0.0020124460019058004,0.003915915836894795,196
o3a4,auxiliary.q.1.foreground_brier_sum,1951,3005.6117850462465,686.3064513256645,31.78472346565715,9065.314210532157,1951,0,0,0.0060884179902664926,12.53253353676965,196
o3a4,auxiliary.q.1.background_brier_sum,1951,1442.330684051692,1341.0625108432866,42.781862132499946,2917.3070516685493,1951,0,0,0.00026410482930695116,10.189260841906307,196
o3a4,auxiliary.q.1.foreground_brier,1951,0.19279519900776068,0.10544487347502737,0.00873177291651294,0.4929642639838195,1951,0,0,2.287159275081327e-06,0.0036159760260000176,196
o3a4,auxiliary.q.1.background_brier,1951,0.005640423576538207,0.005319855138086782,0.00017108581676499642,0.011287267540171347,1951,0,0,1.1377845671972117e-09,4.17755072178104e-05,196
o3a5,r4t.global_visit,1951,976.0,976.0,196.0,1756.0,1951,0,0,1.0,98.5,196
o3a5,r4t.counts.network_forwards,1951,9.0,9.0,9.0,9.0,1951,0,0,9.0,9.0,196
o3a5,r4t.counts.loss_backward_calls,1951,1.0,1.0,1.0,1.0,1951,0,0,1.0,1.0,196
o3a5,r4t.counts.jacobian_vjp_calls,1951,0.0,0.0,0.0,0.0,0,1951,0,0.0,0.0,196
o3a5,r4t.counts.adam_calls,1951,1.0,1.0,1.0,1.0,1951,0,0,1.0,1.0,196
o3a5,r4t.counts.actual_parameter_replacements,1951,0.0,0.0,0.0,0.0,0,1951,0,0.0,0.0,196
o3a5,r4t.pca.input.region_token_counts.0,1951,926.8159917990774,931.0,900.0,948.0,1951,0,0,864.0,890.4285714285714,196
o3a5,r4t.pca.input.region_token_counts.1,1951,97.1840082009226,93.0,76.0,124.0,1951,0,0,63.0,72.88775510204081,196
o3a5,r4t.pca.input.region_token_counts.2,1951,994.2444900051256,995.0,986.0,1001.0,1951,0,0,974.0,982.6020408163265,196
o3a5,r4t.pca.input.region_token_counts.3,1951,29.755509994874423,29.0,23.0,38.0,1950,1,0,0.0,18.132653061224488,196
o3a5,r4t.pca.input.sampled_region_counts.0,1951,32.0,32.0,32.0,32.0,1951,0,0,32.0,32.0,196
o3a5,r4t.pca.input.sampled_region_counts.1,1951,31.54023577652486,32.0,32.0,32.0,1951,0,0,3.0,27.4234693877551,196
o3a5,r4t.pca.input.sampled_region_counts.2,1951,32.0,32.0,32.0,32.0,1951,0,0,32.0,32.0,196
o3a5,r4t.pca.input.sampled_region_counts.3,1951,12.365453613531523,13.0,1.0,21.0,1789,162,0,0.0,0.17346938775510204,196
o3a5,r4t.pca.input.selected_region_counts.0,1951,32.0,32.0,32.0,32.0,1951,0,0,32.0,32.0,196
o3a5,r4t.pca.input.selected_region_counts.1,1951,31.54023577652486,32.0,32.0,32.0,1951,0,0,3.0,27.4234693877551,196
o3a5,r4t.pca.input.selected_region_counts.2,1951,32.0,32.0,32.0,32.0,1951,0,0,32.0,32.0,196
o3a5,r4t.pca.input.selected_region_counts.3,1951,12.365453613531523,13.0,1.0,21.0,1789,162,0,0.0,0.17346938775510204,196
o3a5,r4t.pca.input.assigned_bank_counts.0,1951,32.0,32.0,32.0,32.0,1951,0,0,32.0,32.0,196
o3a5,r4t.pca.input.assigned_bank_counts.1,1951,31.54023577652486,32.0,32.0,32.0,1951,0,0,3.0,27.4234693877551,196
o3a5,r4t.pca.input.assigned_bank_counts.2,1951,32.0,32.0,32.0,32.0,1951,0,0,32.0,32.0,196
o3a5,r4t.pca.input.assigned_bank_counts.3,1951,12.365453613531523,13.0,1.0,21.0,1789,162,0,0.0,0.17346938775510204,196
o3a5,r4t.pca.input.zero_vectors.0,1951,0.0,0.0,0.0,0.0,0,1951,0,0.0,0.0,196
o3a5,r4t.pca.input.zero_vectors.1,1951,0.0,0.0,0.0,0.0,0,1951,0,0.0,0.0,196
o3a5,r4t.pca.input.zero_vectors.2,1951,0.0,0.0,0.0,0.0,0,1951,0,0.0,0.0,196
o3a5,r4t.pca.input.zero_vectors.3,1951,0.0,0.0,0.0,0.0,0,1951,0,0.0,0.0,196
o3a5,r4t.pca.input.missing_foreground.0,1951,0.0,0.0,0.0,0.0,0,1951,0,0.0,0.0,196
o3a5,r4t.pca.input.missing_foreground.1,1951,0.0005125576627370579,0.0,0.0,0.0,1,1950,0,0.0,0.0,196
o3a5,r4t.pca.banks.0.n,1951,31232.0,31232.0,6272.0,56192.0,1951,0,0,32.0,3152.0,196
o3a5,r4t.pca.banks.0.contributing_images,1951,976.0,976.0,196.0,1756.0,1951,0,0,1.0,98.5,196
o3a5,r4t.pca.banks.0.version,1951,968.4961558175295,976.0,192.0,1744.0,1936,15,0,0.0,91.10204081632654,196
o3a5,r4t.pca.banks.0.last_visit,1951,976.0,976.0,196.0,1756.0,1951,0,0,1.0,98.5,196
o3a5,r4t.pca.banks.0.ready,1951,0.9923116350589442,1.0,1.0,1.0,1936,15,0,0.0,0.923469387755102,196
o3a5,r4t.pca.banks.0.rank,1951,7.938493080471553,8.0,8.0,8.0,1936,15,0,0.0,7.387755102040816,196
o3a5,r4t.pca.banks.0.merges,1951,976.0,976.0,196.0,1756.0,1951,0,0,1.0,98.5,196
o3a5,r4t.pca.banks.0.eigh_calls,1951,60.53100973859559,61.0,12.0,109.0,1936,15,0,0.0,5.6938775510204085,196
o3a5,r4t.pca.banks.0.state_bytes,1951,10797.79395181958,10816.0,10816.0,10816.0,1951,0,0,8448.0,10634.775510204081,196
o3a5,r4t.pca.banks.1.n,1951,30776.61096873398,30765.0,6185.0,55303.0,1951,0,0,32.0,3109.4030612244896,196
o3a5,r4t.pca.banks.1.contributing_images,1951,976.0,976.0,196.0,1756.0,1951,0,0,1.0,98.5,196
o3a5,r4t.pca.banks.1.version,1951,968.4961558175295,976.0,192.0,1744.0,1936,15,0,0.0,91.10204081632654,196
o3a5,r4t.pca.banks.1.last_visit,1951,976.0,976.0,196.0,1756.0,1951,0,0,1.0,98.5,196
o3a5,r4t.pca.banks.1.ready,1951,0.9923116350589442,1.0,1.0,1.0,1936,15,0,0.0,0.923469387755102,196
o3a5,r4t.pca.banks.1.rank,1951,7.938493080471553,8.0,8.0,8.0,1936,15,0,0.0,7.387755102040816,196
o3a5,r4t.pca.banks.1.merges,1951,976.0,976.0,196.0,1756.0,1951,0,0,1.0,98.5,196
o3a5,r4t.pca.banks.1.eigh_calls,1951,60.53100973859559,61.0,12.0,109.0,1936,15,0,0.0,5.6938775510204085,196
o3a5,r4t.pca.banks.1.state_bytes,1951,10797.79395181958,10816.0,10816.0,10816.0,1951,0,0,8448.0,10634.775510204081,196
o3a5,r4t.pca.banks.2.n,1951,31232.0,31232.0,6272.0,56192.0,1951,0,0,32.0,3152.0,196
o3a5,r4t.pca.banks.2.contributing_images,1951,976.0,976.0,196.0,1756.0,1951,0,0,1.0,98.5,196
o3a5,r4t.pca.banks.2.version,1951,968.4961558175295,976.0,192.0,1744.0,1936,15,0,0.0,91.10204081632654,196
o3a5,r4t.pca.banks.2.last_visit,1951,976.0,976.0,196.0,1756.0,1951,0,0,1.0,98.5,196
o3a5,r4t.pca.banks.2.ready,1951,0.9923116350589442,1.0,1.0,1.0,1936,15,0,0.0,0.923469387755102,196
o3a5,r4t.pca.banks.2.rank,1951,7.938493080471553,8.0,8.0,8.0,1936,15,0,0.0,7.387755102040816,196
o3a5,r4t.pca.banks.2.merges,1951,976.0,976.0,196.0,1756.0,1951,0,0,1.0,98.5,196
o3a5,r4t.pca.banks.2.eigh_calls,1951,60.53100973859559,61.0,12.0,109.0,1936,15,0,0.0,5.6938775510204085,196
o3a5,r4t.pca.banks.2.state_bytes,1951,10797.79395181958,10816.0,10816.0,10816.0,1951,0,0,8448.0,10634.775510204081,196
o3a5,r4t.pca.banks.3.n,1951,12097.847257816504,12114.0,2334.0,21190.0,1951,0,0,10.0,1171.0816326530612,196
o3a5,r4t.pca.banks.3.contributing_images,1951,911.9256791389031,926.0,183.0,1604.0,1951,0,0,1.0,91.59183673469387,196
o3a5,r4t.pca.banks.3.version,1951,967.6581240389544,962.0,188.0,1751.0,1936,15,0,0.0,90.5765306122449,196
o3a5,r4t.pca.banks.3.last_visit,1951,976.0,976.0,196.0,1756.0,1951,0,0,1.0,98.5,196
o3a5,r4t.pca.banks.3.ready,1951,0.9923116350589442,1.0,1.0,1.0,1936,15,0,0.0,0.923469387755102,196
o3a5,r4t.pca.banks.3.rank,1951,7.938493080471553,8.0,8.0,8.0,1936,15,0,0.0,7.387755102040816,196
o3a5,r4t.pca.banks.3.merges,1951,911.9256791389031,926.0,183.0,1604.0,1951,0,0,1.0,91.59183673469387,196
o3a5,r4t.pca.banks.3.eigh_calls,1951,56.52639671963096,57.0,11.0,100.0,1936,15,0,0.0,5.26530612244898,196
o3a5,r4t.pca.banks.3.state_bytes,1951,10797.79395181958,10816.0,10816.0,10816.0,1951,0,0,8448.0,10634.775510204081,196
o3a5,r4t.pca.base_loss,1951,0.1149020438277755,0.09307678043842316,0.04061677306890488,0.22012794017791748,1951,0,0,0.020520653575658798,0.03431595195731034,196
o3a5,r4t.pca.subloss,1951,0.11439223195698736,0.11044047772884369,0.08621565252542496,0.1492098569869995,1935,16,0,0.0,0.0740495585665411,196
o3a5,r4t.teacher_update,1951,0.0,0.0,0.0,0.0,0,1951,0,0.0,0.0,196
o3a5,r4t.source_unchanged,1951,1.0,1.0,1.0,1.0,1951,0,0,1.0,1.0,196
o3a5,r4t.base_loss,1951,0.1149020438277755,0.09307678043842316,0.04061677306890488,0.22012794017791748,1951,0,0,0.020520653575658798,0.03431595195731034,196
o3a5,r4t.host_seconds,1951,0.6111027009827898,0.6104605970904231,0.5707815971691161,0.6549486829899251,1951,0,0,0.44693689001724124,0.5425539005664177,196
o3a5,r4t.trainable_scalars,1951,19136.0,19136.0,19136.0,19136.0,1951,0,0,19136.0,19136.0,196
o3a5,r4t.teacher_affine_student_l2,1951,2.0630908560518333,2.007665785630626,0.5071858712742303,3.8390854712509417,1951,0,0,0.013816647592453902,0.297137305940437,196
o3a5,r4t.final_raw_probability_nested_violations,1951,1963.1091747821629,1755.0,771.0,3384.0,1951,0,0,311.0,617.8316326530612,196
o3a5,auxiliary.q.0.total_pixels,1951,262144.0,262144.0,262144.0,262144.0,1951,0,0,262144.0,262144.0,196
o3a5,auxiliary.q.0.gt_foreground,1951,29364.35161455664,28513.0,15296.0,45565.0,1951,0,0,9104.0,13711.244897959185,196
o3a5,auxiliary.q.0.gt_background,1951,232779.64838544338,233631.0,216579.0,246848.0,1951,0,0,185479.0,210883.1530612245,196
o3a5,auxiliary.q.0.pred_foreground,1951,24909.500768836493,24121.0,19412.0,31719.0,1951,0,0,16561.0,18722.464285714286,196
o3a5,auxiliary.q.0.intersection,1951,22390.407483341874,22043.0,14539.0,31317.0,1951,0,0,9075.0,13150.867346938776,196
o3a5,auxiliary.q.0.dice,1951,0.8349815025733375,0.8603993683459834,0.6964571835499377,0.9322586744823674,1951,0,0,0.45362767054139563,0.6267108484800208,196
o3a5,auxiliary.q.0.brier_sum,1951,7278.604185583067,5360.5141502841925,2392.599644907144,15024.4202124256,1951,0,0,972.5365916784046,1913.7518679957514,196
o3a5,auxiliary.q.0.brier,1951,0.027765671484310406,0.02044873867143323,0.009127043323162628,0.05731361470194092,1951,0,0,0.0037099326769958673,0.007300384017928129,196
o3a5,auxiliary.q.0.foreground_brier_sum,1951,5309.185332585825,3630.725977654371,332.50718820653765,13159.586780660064,1951,0,0,8.754577086405433,191.68541592541234,196
o3a5,auxiliary.q.0.background_brier_sum,1951,1969.4188529972412,1431.231484883007,33.51048073270276,4654.902977766972,1951,0,0,0.00549210164247319,10.681670978280907,196
o3a5,auxiliary.q.0.foreground_brier,1951,0.1430987181279336,0.1274265587441406,0.020784763010893593,0.3004829080778429,1951,0,0,0.0005049358107281943,0.012471031767827646,196
o3a5,auxiliary.q.0.background_brier,1951,0.008260772436361894,0.006051945656089704,0.00015413130959703259,0.019116052347442434,1951,0,0,2.961036905780811e-08,4.805457166234868e-05,196
o3a5,auxiliary.q.1.total_pixels,1951,262144.0,262144.0,262144.0,262144.0,1951,0,0,262144.0,262144.0,196
o3a5,auxiliary.q.1.gt_foreground,1951,9633.745771399283,7259.0,2865.0,19762.0,1951,0,0,907.0,2369.5255102040815,196
o3a5,auxiliary.q.1.gt_background,1951,252510.2542286007,254885.0,242382.0,259279.0,1951,0,0,213174.0,236489.056122449,196
o3a5,auxiliary.q.1.pred_foreground,1951,7686.839569451563,7520.0,6105.0,9762.0,1951,0,0,241.0,4754.836734693878,196
o3a5,auxiliary.q.1.intersection,1951,5773.660174269606,5626.0,2634.0,9276.0,1951,0,0,5.0,2029.3265306122448,196
o3a5,auxiliary.q.1.dice,1951,0.6847700659913784,0.699332548095799,0.47074646940147946,0.8876046233559187,1951,0,0,0.0006974473427256243,0.3509572092615698,196
o3a5,auxiliary.q.1.brier_sum,1951,4447.942469097939,2740.307867481762,1297.2527381427428,10079.154037823577,1951,0,0,527.5506447235941,1026.533841146949,196
o3a5,auxiliary.q.1.brier,1951,0.016967553974525217,0.010453444929053353,0.004948626473017665,0.038448921347898776,1951,0,0,0.0020124460019058004,0.003915915836894795,196
o3a5,auxiliary.q.1.foreground_brier_sum,1951,3005.6117850462465,686.3064513256645,31.78472346565715,9065.314210532157,1951,0,0,0.0060884179902664926,12.53253353676965,196
o3a5,auxiliary.q.1.background_brier_sum,1951,1442.330684051692,1341.0625108432866,42.781862132499946,2917.3070516685493,1951,0,0,0.00026410482930695116,10.189260841906307,196
o3a5,auxiliary.q.1.foreground_brier,1951,0.19279519900776068,0.10544487347502737,0.00873177291651294,0.4929642639838195,1951,0,0,2.287159275081327e-06,0.0036159760260000176,196
o3a5,auxiliary.q.1.background_brier,1951,0.005640423576538207,0.005319855138086782,0.00017108581676499642,0.011287267540171347,1951,0,0,1.1377845671972117e-09,4.17755072178104e-05,196
o3a5,auxiliary.memory.regions.0.region,1951,0.0,0.0,0.0,0.0,0,1951,0,0.0,0.0,196
o3a5,auxiliary.memory.regions.0.selected_tokens,1951,32.0,32.0,32.0,32.0,1951,0,0,32.0,32.0,196
o3a5,auxiliary.memory.regions.0.correct_tokens,1951,31.629933367503845,32.0,31.0,32.0,1951,0,0,26.0,29.709183673469386,196
o3a5,auxiliary.memory.regions.0.incorrect_tokens,1951,0.37006663249615585,0.0,0.0,1.0,469,1482,0,0.0,0.0,196
o3a5,auxiliary.memory.regions.1.region,1951,1.0,1.0,1.0,1.0,1951,0,0,1.0,1.0,196
o3a5,auxiliary.memory.regions.1.selected_tokens,1951,31.54023577652486,32.0,32.0,32.0,1951,0,0,3.0,27.4234693877551,196
o3a5,auxiliary.memory.regions.1.correct_tokens,1951,31.046130189646334,32.0,29.0,32.0,1951,0,0,3.0,24.301020408163264,196
o3a5,auxiliary.memory.regions.1.incorrect_tokens,1951,0.49410558687852385,0.0,0.0,2.0,377,1574,0,0.0,0.0,196
o3a5,auxiliary.memory.regions.2.region,1951,2.0,2.0,2.0,2.0,1951,0,0,2.0,2.0,196
o3a5,auxiliary.memory.regions.2.selected_tokens,1951,32.0,32.0,32.0,32.0,1951,0,0,32.0,32.0,196
o3a5,auxiliary.memory.regions.2.correct_tokens,1951,31.758585340850846,32.0,31.0,32.0,1951,0,0,27.0,30.168367346938776,196
o3a5,auxiliary.memory.regions.2.incorrect_tokens,1951,0.24141465914915428,0.0,0.0,1.0,308,1643,0,0.0,0.0,196
o3a5,auxiliary.memory.regions.3.region,1951,3.0,3.0,3.0,3.0,1951,0,0,3.0,3.0,196
o3a5,auxiliary.memory.regions.3.selected_tokens,1951,12.365453613531523,13.0,1.0,21.0,1789,162,0,0.0,0.17346938775510204,196
o3a5,auxiliary.memory.regions.3.correct_tokens,1951,11.403382880574064,12.0,1.0,20.0,1771,180,0,0.0,0.08163265306122448,196
o3a5,auxiliary.memory.regions.3.incorrect_tokens,1951,0.9620707329574577,0.0,0.0,3.0,663,1288,0,0.0,0.0,196
o3a5,r4t.pca.basis_versions_used.0,1935,975.5038759689922,976.0,208.0,1744.0,1935,0,0,16.0,105.0721649484536,194
o3a5,r4t.pca.basis_versions_used.1,1935,975.5038759689922,976.0,208.0,1744.0,1935,0,0,16.0,105.0721649484536,194
o3a5,r4t.pca.basis_versions_used.2,1935,975.5038759689922,976.0,208.0,1744.0,1935,0,0,16.0,105.0721649484536,194
o3a5,r4t.pca.basis_versions_used.3,1935,974.6578811369509,978.0,206.0,1751.0,1935,0,0,16.0,104.47938144329896,194
o3a6,r4t.global_visit,1951,976.0,976.0,196.0,1756.0,1951,0,0,1.0,98.5,196
o3a6,r4t.counts.network_forwards,1951,8.0,8.0,8.0,8.0,1951,0,0,8.0,8.0,196
o3a6,r4t.counts.loss_backward_calls,1951,1.0,1.0,1.0,1.0,1951,0,0,1.0,1.0,196
o3a6,r4t.counts.jacobian_vjp_calls,1951,0.0,0.0,0.0,0.0,0,1951,0,0.0,0.0,196
o3a6,r4t.counts.adam_calls,1951,1.0,1.0,1.0,1.0,1951,0,0,1.0,1.0,196
o3a6,r4t.counts.actual_parameter_replacements,1951,0.0,0.0,0.0,0.0,0,1951,0,0.0,0.0,196
o3a6,r4t.kernels.res.conv1.parameters,1951,67.0,67.0,67.0,67.0,1951,0,0,67.0,67.0,196
o3a6,r4t.kernels.res.conv1.detail_change_l2,1951,2.6369305498073897e-07,2.6395310473476425e-07,2.520430034659302e-07,2.7460140578115824e-07,1951,0,0,2.337130385792933e-07,2.470105211480345e-07,196
o3a6,r4t.kernels.res.conv1.dc_change_l2,1951,0.009866237336053876,0.008508149164868155,0.0060104481415780035,0.01820345199469937,1951,0,0,0.00040044280555575994,0.004153917617678876,196
o3a6,r4t.kernels.res.conv1.flattened_cosine_gram_max_error,1951,0.0027416348933297975,0.0031430219418558947,0.0009091599703608677,0.003959022695781633,1951,0,0,5.316340269279074e-05,0.0005960743624946586,196
o3a6,r4t.kernels.res.conv1.effective_change_l2,1951,0.00986623734047764,0.008508149168715355,0.006010448147711212,0.01820345199653361,1951,0,0,0.0004004428880550828,0.004153917627856701,196
o3a6,r4t.kernels.res.conv1.dc_cosine_gram_max_error,1951,7.193338859086263e-07,6.943409019480318e-07,4.361735128077804e-07,1.037017163280085e-06,1951,0,0,2.1103314101766912e-07,3.7242716940997047e-07,196
o3a6,r4t.kernels.res.conv1.nonzero_source_dc_rows,1951,64.0,64.0,64.0,64.0,1951,0,0,64.0,64.0,196
o3a6,r4t.kernels.res.conv1.orthogonality_error,1951,2.5095509266971394e-16,2.4825365042924567e-16,1.1102241646484482e-16,4.002994944140747e-16,1951,0,0,1.0278172406009575e-20,3.0358041001590206e-17,196
o3a6,r4t.kernels.res.conv1.gain_min,1951,0.9917530394311195,0.9926591814139746,0.9853626385086047,0.9955147285862139,1951,0,0,0.9850745148213497,0.9852251789050988,196
o3a6,r4t.kernels.res.conv1.gain_max,1951,1.0115310430431628,1.0105669077262325,1.0035769814319422,1.0218282487112527,1951,0,0,1.0001000047138495,1.0025316868072303,196
o3a6,r4t.kernels.res.layer1.2.conv2.parameters,1951,2080.0,2080.0,2080.0,2080.0,1951,0,0,2080.0,2080.0,196
o3a6,r4t.kernels.res.layer1.2.conv2.detail_change_l2,1951,1.2480328401175365e-07,1.2480325356643118e-07,1.2330572377401085e-07,1.263283237958839e-07,1951,0,0,1.2041490279547154e-07,1.227662058920775e-07,196
o3a6,r4t.kernels.res.layer1.2.conv2.dc_change_l2,1951,0.14959547918436478,0.13680891436317266,0.059368410758740074,0.2595731841657202,1951,0,0,0.0030282554627983314,0.043783714549862796,196
o3a6,r4t.kernels.res.layer1.2.conv2.flattened_cosine_gram_max_error,1951,0.0016018979908592882,0.001368131467112909,0.0007009716025155981,0.002808745576047239,1951,0,0,3.456845330002123e-05,0.00045236824031774506,196
o3a6,r4t.kernels.res.layer1.2.conv2.effective_change_l2,1951,0.14959547918443966,0.1368089143632298,0.05936841075886945,0.25957318416575215,1951,0,0,0.0030282554653811968,0.043783714550098225,196
o3a6,r4t.kernels.res.layer1.2.conv2.dc_cosine_gram_max_error,1951,1.7950924671586204e-08,1.7587434647525768e-08,1.547216260666673e-08,2.0998094929502997e-08,1951,0,0,1.3173624982543153e-08,1.494997803787647e-08,196
o3a6,r4t.kernels.res.layer1.2.conv2.nonzero_source_dc_rows,1951,64.0,64.0,64.0,64.0,1951,0,0,64.0,64.0,196
o3a6,r4t.kernels.res.layer1.2.conv2.orthogonality_error,1951,6.151087259824588e-15,6.140198632263063e-15,5.408180850265838e-15,6.918526730502574e-15,1951,0,0,4.235864440587022e-15,5.148527585101078e-15,196
o3a6,r4t.kernels.res.layer1.2.conv2.gain_min,1951,0.9888999853824173,0.9902272663049556,0.9788641784548375,0.9962636248282326,1951,0,0,0.9773479010813017,0.978286728772803,196
o3a6,r4t.kernels.res.layer1.2.conv2.gain_max,1951,1.0108708746362518,1.0103717442657367,1.0047536393710024,1.0167880226262762,1951,0,0,1.000100004080778,1.0030310943498848,196
o3a6,r4t.teacher_update,1951,0.0,0.0,0.0,0.0,0,1951,0,0.0,0.0,196
o3a6,r4t.source_unchanged,1951,1.0,1.0,1.0,1.0,1951,0,0,1.0,1.0,196
o3a6,r4t.base_loss,1951,0.07238276988298449,0.05600329115986824,0.03741102293133736,0.12403381615877151,1951,0,0,0.02754823863506317,0.03435806565138758,196
o3a6,r4t.host_seconds,1951,0.5596030720267091,0.5603657588362694,0.5187829919159412,0.6016102759167552,1951,0,0,0.4215046272147447,0.4823212684476653,196
o3a6,r4t.trainable_scalars,1951,21283.0,21283.0,21283.0,21283.0,1951,0,0,21283.0,21283.0,196
o3a6,r4t.final_raw_probability_nested_violations,1951,2541.795489492568,2406.0,888.0,4332.0,1951,0,0,331.0,693.6581632653061,196
o3a6,auxiliary.q.0.total_pixels,1951,262144.0,262144.0,262144.0,262144.0,1951,0,0,262144.0,262144.0,196
o3a6,auxiliary.q.0.gt_foreground,1951,29364.35161455664,28513.0,15296.0,45565.0,1951,0,0,9104.0,13711.244897959185,196
o3a6,auxiliary.q.0.gt_background,1951,232779.64838544338,233631.0,216579.0,246848.0,1951,0,0,185479.0,210883.1530612245,196
o3a6,auxiliary.q.0.pred_foreground,1951,30139.055356227575,27532.0,20589.0,42285.0,1951,0,0,17695.0,19690.102040816328,196
o3a6,auxiliary.q.0.intersection,1951,26304.23218862122,25852.0,14723.0,39558.0,1951,0,0,9104.0,13352.55612244898,196
o3a6,auxiliary.q.0.dice,1951,0.8780815674513789,0.8993543121864573,0.7776078831124703,0.9502322130314106,1951,0,0,0.4344993345648849,0.7048080764179062,196
o3a6,auxiliary.q.0.brier_sum,1951,5244.260602287733,4132.583967798456,2094.860531067551,10061.328431652744,1951,0,0,1080.9194327814105,1769.1683435978669,196
o3a6,auxiliary.q.0.brier,1951,0.02000526657977193,0.015764556761926483,0.007991258739729123,0.03838092205678079,1951,0,0,0.0041233804045921725,0.006748841642753093,196
o3a6,auxiliary.q.0.foreground_brier_sum,1951,2321.8486209859934,1160.507182058483,107.40691912136217,5826.653857653824,1951,0,0,0.12511343329260072,50.97478684420285,196
o3a6,auxiliary.q.0.background_brier_sum,1951,2922.4119813017383,2425.145508353501,242.02802171020272,6145.34891257822,1951,0,0,0.011036826151437472,97.60894890516356,196
o3a6,auxiliary.q.0.foreground_brier,1951,0.06350054886386902,0.04411318874599906,0.005973083721840013,0.14666665994583036,1951,0,0,6.063753855115626e-06,0.002935098543865652,196
o3a6,auxiliary.q.0.background_brier,1951,0.012372195186806876,0.010270611460626328,0.001082745001331699,0.026061918087734125,1951,0,0,5.9504451455083714e-08,0.00043965305253676435,196
o3a6,auxiliary.q.1.total_pixels,1951,262144.0,262144.0,262144.0,262144.0,1951,0,0,262144.0,262144.0,196
o3a6,auxiliary.q.1.gt_foreground,1951,9633.745771399283,7259.0,2865.0,19762.0,1951,0,0,907.0,2369.5255102040815,196
o3a6,auxiliary.q.1.gt_background,1951,252510.2542286007,254885.0,242382.0,259279.0,1951,0,0,213174.0,236489.056122449,196
o3a6,auxiliary.q.1.pred_foreground,1951,9176.125064069707,8317.0,7047.0,12623.0,1951,0,0,1652.0,6374.7704081632655,196
o3a6,auxiliary.q.1.intersection,1951,6668.58226550487,6420.0,2812.0,10968.0,1951,0,0,654.0,2312.795918367347,196
o3a6,auxiliary.q.1.dice,1951,0.7108232465449946,0.7300128949065119,0.5193057722308893,0.8832399252735522,1951,0,0,0.07109854867641463,0.4414699383175862,196
o3a6,auxiliary.q.1.brier_sum,1951,4173.5686432772745,3013.3395785090493,1356.2174135854464,8624.019432747817,1951,0,0,568.1417038930244,1088.3695010240522,196
o3a6,auxiliary.q.1.brier,1951,0.01592090089140806,0.01149497825053806,0.005173558859197412,0.03289802334879996,1951,0,0,0.0021672886043282488,0.0041518001595460974,196
o3a6,auxiliary.q.1.foreground_brier_sum,1951,2351.611811862725,448.76540489563286,9.828295277446184,7161.724877148611,1951,0,0,0.010253124691484317,3.4236979972583277,196
o3a6,auxiliary.q.1.background_brier_sum,1951,1821.956831414549,1706.2087404464728,69.08708108663171,3603.84989676822,1951,0,0,0.0009321453617451823,16.7532131156626,196
o3a6,auxiliary.q.1.foreground_brier,1951,0.14099865814874454,0.06858525559262332,0.002922357470762595,0.39313768394570636,1951,0,0,4.6860716140239105e-06,0.001017452819385393,196
o3a6,auxiliary.q.1.background_brier,1951,0.00712864931997883,0.006676580078390932,0.0002809925695358148,0.014061247085193814,1951,0,0,4.015756204690561e-09,6.888693100319602e-05,196
o3a7,r4t.global_visit,1951,976.0,976.0,196.0,1756.0,1951,0,0,1.0,98.5,196
o3a7,r4t.counts.network_forwards,1951,8.0,8.0,8.0,8.0,1951,0,0,8.0,8.0,196
o3a7,r4t.counts.loss_backward_calls,1951,1.0,1.0,1.0,1.0,1951,0,0,1.0,1.0,196
o3a7,r4t.counts.jacobian_vjp_calls,1951,0.0,0.0,0.0,0.0,0,1951,0,0.0,0.0,196
o3a7,r4t.counts.adam_calls,1951,1.0,1.0,1.0,1.0,1951,0,0,1.0,1.0,196
o3a7,r4t.counts.actual_parameter_replacements,1951,0.0,0.0,0.0,0.0,0,1951,0,0.0,0.0,196
o3a7,r4t.kernels.res.conv1.parameters,1951,67.0,67.0,67.0,67.0,1951,0,0,67.0,67.0,196
o3a7,r4t.kernels.res.conv1.detail_change_l2,1951,0.06896981440283949,0.04905868264647855,0.033441234496160425,0.14943228622305252,1951,0,0,0.001916410242490893,0.024183469842073,196
o3a7,r4t.kernels.res.conv1.dc_change_l2,1951,0.012715171829220693,0.010349648764301242,0.006262527507897049,0.02484372730392877,1951,0,0,0.0003942135800077379,0.0042348380139609326,196
o3a7,r4t.kernels.res.conv1.flattened_cosine_gram_max_error,1951,1.702373034774811e-08,1.6657692735594365e-08,1.427124757258369e-08,2.027892236772244e-08,1951,0,0,1.1569154356738665e-08,1.361866061153826e-08,196
o3a7,r4t.kernels.res.conv1.effective_change_l2,1951,0.0701424928638638,0.05009431860764731,0.03403524992464395,0.15148339497185911,1951,0,0,0.0019565358581397,0.024568722693686592,196
o3a7,r4t.kernels.res.conv1.dc_cosine_gram_max_error,1951,2.7063492345327195e-07,2.550995507402676e-07,1.5912493617209478e-07,4.020254691650127e-07,1951,0,0,8.493267053544251e-08,1.3917106368450738e-07,196
o3a7,r4t.kernels.res.conv1.nonzero_source_dc_rows,1951,64.0,64.0,64.0,64.0,1951,0,0,64.0,64.0,196
o3a7,r4t.kernels.res.conv1.orthogonality_error,1951,2.540768273114332e-16,2.4825416831431003e-16,1.1102292908706396e-16,4.154075137352123e-16,1951,0,0,1.01720720107981e-19,3.441034852332862e-17,196
o3a7,r4t.kernels.res.conv1.gain_min,1951,0.9869358617633793,0.9872340222697358,0.9785216337886434,0.9955730713798541,1951,0,0,0.9767723998701441,0.9776911363999516,196
o3a7,r4t.kernels.res.conv1.gain_max,1951,1.0170041441830397,1.011454290316261,1.003778181176085,1.0404285860003155,1951,0,0,1.0000998528639933,1.0028650074151781,196
o3a7,r4t.kernels.res.layer1.2.conv2.parameters,1951,2080.0,2080.0,2080.0,2080.0,1951,0,0,2080.0,2080.0,196
o3a7,r4t.kernels.res.layer1.2.conv2.detail_change_l2,1951,0.18911186091794746,0.1790003591177324,0.07942608185220706,0.3145322739650704,1951,0,0,0.004235603472477403,0.05675883538282776,196
o3a7,r4t.kernels.res.layer1.2.conv2.dc_change_l2,1951,0.13682090597568425,0.12551013863231633,0.05551522993738275,0.23676992166592176,1951,0,0,0.002779636675714113,0.04063530161516668,196
o3a7,r4t.kernels.res.layer1.2.conv2.flattened_cosine_gram_max_error,1951,6.421359857878362e-09,6.259331594704598e-09,5.503762869063511e-09,7.541288010726177e-09,1951,0,0,4.72616783209201e-09,5.2845862873125635e-09,196
o3a7,r4t.kernels.res.layer1.2.conv2.effective_change_l2,1951,0.23344794199557536,0.2186182139342018,0.0969042993545383,0.3936883884131266,1951,0,0,0.0050662330014555786,0.0698077103068039,196
o3a7,r4t.kernels.res.layer1.2.conv2.dc_cosine_gram_max_error,1951,1.2783906158765714e-08,1.2588873610219764e-08,1.1017935501456133e-08,1.4783332707296593e-08,1951,0,0,8.756895181205593e-09,1.056212320978756e-08,196
o3a7,r4t.kernels.res.layer1.2.conv2.nonzero_source_dc_rows,1951,64.0,64.0,64.0,64.0,1951,0,0,64.0,64.0,196
o3a7,r4t.kernels.res.layer1.2.conv2.orthogonality_error,1951,6.161132789788067e-15,6.1267647532107034e-15,5.439561596698845e-15,6.941909474888813e-15,1951,0,0,4.22878509128021e-15,5.156376528574224e-15,196
o3a7,r4t.kernels.res.layer1.2.conv2.gain_min,1951,0.9914718500335468,0.9930781233873374,0.983239660446448,0.9966068665527275,1951,0,0,0.9817526219392432,0.9824529525406399,196
o3a7,r4t.kernels.res.layer1.2.conv2.gain_max,1951,1.0096206524112605,1.0101730048882978,1.003766363215903,1.0157168556314986,1951,0,0,1.0000994784786645,1.002644280167896,196
o3a7,r4t.teacher_update,1951,0.0,0.0,0.0,0.0,0,1951,0,0.0,0.0,196
o3a7,r4t.source_unchanged,1951,1.0,1.0,1.0,1.0,1951,0,0,1.0,1.0,196
o3a7,r4t.base_loss,1951,0.07252004914661667,0.056256987154483795,0.037506818771362305,0.12408827990293503,1951,0,0,0.027663052082061768,0.034481314961247296,196
o3a7,r4t.host_seconds,1951,0.5856677047418538,0.5901602690573782,0.5382277350872755,0.6229542419314384,1951,0,0,0.42995685897767544,0.5131466853092614,196
o3a7,r4t.trainable_scalars,1951,21283.0,21283.0,21283.0,21283.0,1951,0,0,21283.0,21283.0,196
o3a7,r4t.final_raw_probability_nested_violations,1951,2544.2972834443876,2408.0,886.0,4342.0,1951,0,0,336.0,692.3928571428571,196
o3a7,auxiliary.q.0.total_pixels,1951,262144.0,262144.0,262144.0,262144.0,1951,0,0,262144.0,262144.0,196
o3a7,auxiliary.q.0.gt_foreground,1951,29364.35161455664,28513.0,15296.0,45565.0,1951,0,0,9104.0,13711.244897959185,196
o3a7,auxiliary.q.0.gt_background,1951,232779.64838544338,233631.0,216579.0,246848.0,1951,0,0,185479.0,210883.1530612245,196
o3a7,auxiliary.q.0.pred_foreground,1951,30165.17221937468,27527.0,20599.0,42363.0,1951,0,0,17681.0,19694.698979591838,196
o3a7,auxiliary.q.0.intersection,1951,26310.03536647873,25866.0,14723.0,39577.0,1951,0,0,9104.0,13351.959183673469,196
o3a7,auxiliary.q.0.dice,1951,0.8778971039546104,0.8990855457227138,0.7772099292373358,0.9501305124330265,1951,0,0,0.43340086600723,0.7043744133936413,196
o3a7,auxiliary.q.0.brier_sum,1951,5254.925140270436,4144.582906039563,2095.078284253603,10090.375975224357,1951,0,0,1081.8076609993855,1772.1202692923146,196
o3a7,auxiliary.q.0.brier,1951,0.0200459485636537,0.015810329078825236,0.007992089402212537,0.03849172964181655,1951,0,0,0.004126768726346533,0.006760102345628031,196
o3a7,auxiliary.q.0.foreground_brier_sum,1951,2316.210913206306,1152.9396232146487,106.84470255089582,5797.080974985294,1951,0,0,0.11555106858337183,50.833460482436415,196
o3a7,auxiliary.q.0.background_brier_sum,1951,2938.714227064129,2437.0379692611023,247.5941078791196,6168.506938060515,1951,0,0,0.01108204449207011,99.70308204635795,196
o3a7,auxiliary.q.0.foreground_brier,1951,0.06336291798790106,0.044078463369061155,0.005940422338941049,0.14637955100678404,1951,0,0,5.600303813472197e-06,0.0029195418830592146,196
o3a7,auxiliary.q.0.background_brier,1951,0.012443987929740911,0.010350378571473515,0.0010950662742179164,0.02620243696217736,1951,0,0,5.974824369373411e-08,0.00044849841818944545,196
o3a7,auxiliary.q.1.total_pixels,1951,262144.0,262144.0,262144.0,262144.0,1951,0,0,262144.0,262144.0,196
o3a7,auxiliary.q.1.gt_foreground,1951,9633.745771399283,7259.0,2865.0,19762.0,1951,0,0,907.0,2369.5255102040815,196
o3a7,auxiliary.q.1.gt_background,1951,252510.2542286007,254885.0,242382.0,259279.0,1951,0,0,213174.0,236489.056122449,196
o3a7,auxiliary.q.1.pred_foreground,1951,9165.019989748847,8310.0,7040.0,12618.0,1951,0,0,1581.0,6365.801020408163,196
o3a7,auxiliary.q.1.intersection,1951,6658.941568426448,6401.0,2812.0,10935.0,1951,0,0,661.0,2311.918367346939,196
o3a7,auxiliary.q.1.dice,1951,0.7104366408668695,0.7297114964879559,0.5186680121089808,0.8831699346405228,1951,0,0,0.07193383393187507,0.44093638370789673,196
o3a7,auxiliary.q.1.brier_sum,1951,4179.846401374482,3019.391041155237,1358.4090938299803,8650.239420458176,1951,0,0,567.9602242448791,1089.2882338775462,196
o3a7,auxiliary.q.1.brier,1951,0.015944848638055734,0.011518062748547504,0.00518191945583336,0.03299804466422339,1951,0,0,0.002166596314410702,0.004155304847250161,196
o3a7,auxiliary.q.1.foreground_brier_sum,1951,2358.921831481441,455.2223838471997,9.875331411091224,7173.663825748613,1951,0,0,0.010265761240187743,3.466447417821962,196
o3a7,auxiliary.q.1.background_brier_sum,1951,1820.9245698930408,1702.815920115599,69.27085057911071,3596.6756682042715,1951,0,0,0.0009335913377024111,16.90043359124862,196
o3a7,auxiliary.q.1.foreground_brier,1951,0.14155574128923407,0.0688487121439071,0.002954834368369754,0.39507683404208455,1951,0,0,4.691847001913959e-06,0.0010301174633538233,196
o3a7,auxiliary.q.1.background_brier,1951,0.007124799571566633,0.006677171967723074,0.000283152090875786,0.014040248978647897,1951,0,0,4.021985583884384e-09,6.947308288431191e-05,196
o3a8,r4t.global_visit,1951,976.0,976.0,196.0,1756.0,1951,0,0,1.0,98.5,196
o3a8,r4t.counts.network_forwards,1951,8.0,8.0,8.0,8.0,1951,0,0,8.0,8.0,196
o3a8,r4t.counts.loss_backward_calls,1951,1.0,1.0,1.0,1.0,1951,0,0,1.0,1.0,196
o3a8,r4t.counts.jacobian_vjp_calls,1951,0.0,0.0,0.0,0.0,0,1951,0,0.0,0.0,196
o3a8,r4t.counts.adam_calls,1951,1.0,1.0,1.0,1.0,1951,0,0,1.0,1.0,196
o3a8,r4t.counts.actual_parameter_replacements,1951,0.0,0.0,0.0,0.0,0,1951,0,0.0,0.0,196
o3a8,r4t.kernels.res.conv1.parameters,1951,64.0,64.0,64.0,64.0,1951,0,0,64.0,64.0,196
o3a8,r4t.kernels.res.conv1.detail_change_l2,1951,2.6303978708900064e-07,2.631341956196683e-07,2.51351684191746e-07,2.743942234875389e-07,1951,0,0,2.340230632944626e-07,2.4674506740438127e-07,196
o3a8,r4t.kernels.res.conv1.dc_change_l2,1951,0.0083920154051125,0.00811741939902172,0.0034289547718057097,0.015336150339472901,1951,0,0,0.0002207991561026509,0.0022573999886145637,196
o3a8,r4t.kernels.res.conv1.flattened_cosine_gram_max_error,1951,0.002684343695517823,0.0029570599142029474,0.0009501171593122998,0.0040104830553276405,1951,0,0,5.316471309568804e-05,0.0006089832424117701,196
o3a8,r4t.kernels.res.conv1.effective_change_l2,1951,0.008392015411377818,0.008117419403138707,0.0034289547822186715,0.01533615034167281,1951,0,0,0.00022079929924185697,0.002257400010267416,196
o3a8,r4t.kernels.res.conv1.dc_cosine_gram_max_error,1951,7.287032801215617e-07,7.046941873783963e-07,4.589148124289899e-07,1.045877925542893e-06,1951,0,0,2.1650302979570046e-07,3.808520759823474e-07,196
o3a8,r4t.kernels.res.conv1.nonzero_source_dc_rows,1951,64.0,64.0,64.0,64.0,1951,0,0,64.0,64.0,196
o3a8,r4t.kernels.res.conv1.orthogonality_error,1951,0.0,0.0,0.0,0.0,0,1951,0,0.0,0.0,196
o3a8,r4t.kernels.res.conv1.gain_min,1951,0.991442946908725,0.9921605465481373,0.9851683825867014,0.9953964086940774,1951,0,0,0.9847968145124435,0.9849676702824746,196
o3a8,r4t.kernels.res.conv1.gain_max,1951,1.0118553101754901,1.011104615241547,1.0038806008339227,1.0221286074818445,1951,0,0,1.0001000047138495,1.0026884342735332,196
o3a8,r4t.kernels.res.layer1.2.conv2.parameters,1951,64.0,64.0,64.0,64.0,1951,0,0,64.0,64.0,196
o3a8,r4t.kernels.res.layer1.2.conv2.detail_change_l2,1951,1.2480315457837573e-07,1.2485070006167462e-07,1.231570897468877e-07,1.263521516118094e-07,1951,0,0,1.206015337620973e-07,1.2258009908396557e-07,196
o3a8,r4t.kernels.res.layer1.2.conv2.dc_change_l2,1951,0.013639143169274871,0.01362182381202588,0.005501154615924237,0.022017595258049905,1951,0,0,0.0002958044130573743,0.003481448773519336,196
o3a8,r4t.kernels.res.layer1.2.conv2.flattened_cosine_gram_max_error,1951,0.0016867139238233787,0.0014480131705303378,0.000684087964472134,0.0029712755407763636,1951,0,0,3.4572692565404406e-05,0.0004570421849529555,196
o3a8,r4t.kernels.res.layer1.2.conv2.effective_change_l2,1951,0.013639143170105408,0.013621823812615083,0.005501154617332825,0.022017595258401346,1951,0,0,0.00029580443955813646,0.003481448776431549,196
o3a8,r4t.kernels.res.layer1.2.conv2.dc_cosine_gram_max_error,1951,1.8029974680038613e-08,1.765427047606405e-08,1.5540715769812863e-08,2.1044880282872214e-08,1951,0,0,1.3093673686959129e-08,1.4985605657490723e-08,196
o3a8,r4t.kernels.res.layer1.2.conv2.nonzero_source_dc_rows,1951,64.0,64.0,64.0,64.0,1951,0,0,64.0,64.0,196
o3a8,r4t.kernels.res.layer1.2.conv2.orthogonality_error,1951,0.0,0.0,0.0,0.0,0,1951,0,0.0,0.0,196
o3a8,r4t.kernels.res.layer1.2.conv2.gain_min,1951,0.9881843363291214,0.9894223618758541,0.9776654067610011,0.996204957895354,1951,0,0,0.9760050230120689,0.9770010509190503,196
o3a8,r4t.kernels.res.layer1.2.conv2.gain_max,1951,1.0103353235170334,1.009704126472001,1.0048325673475158,1.0155105797232062,1951,0,0,1.000100004080778,1.0030666020884522,196
o3a8,r4t.teacher_update,1951,0.0,0.0,0.0,0.0,0,1951,0,0.0,0.0,196
o3a8,r4t.source_unchanged,1951,1.0,1.0,1.0,1.0,1951,0,0,1.0,1.0,196
o3a8,r4t.base_loss,1951,0.07295465183996623,0.056512922048568726,0.03755342960357666,0.12493742257356644,1951,0,0,0.02770848758518696,0.03452163985075087,196
o3a8,r4t.host_seconds,1951,0.545267431864893,0.5486731650307775,0.5059239561669528,0.582062607863918,1951,0,0,0.41242871596477926,0.4733755938965371,196
o3a8,r4t.trainable_scalars,1951,19264.0,19264.0,19264.0,19264.0,1951,0,0,19264.0,19264.0,196
o3a8,r4t.final_raw_probability_nested_violations,1951,2510.8134290107637,2377.0,878.0,4285.0,1951,0,0,332.0,686.0816326530612,196
o3a8,auxiliary.q.0.total_pixels,1951,262144.0,262144.0,262144.0,262144.0,1951,0,0,262144.0,262144.0,196
o3a8,auxiliary.q.0.gt_foreground,1951,29364.35161455664,28513.0,15296.0,45565.0,1951,0,0,9104.0,13711.244897959185,196
o3a8,auxiliary.q.0.gt_background,1951,232779.64838544338,233631.0,216579.0,246848.0,1951,0,0,185479.0,210883.1530612245,196
o3a8,auxiliary.q.0.pred_foreground,1951,30055.068682726807,27440.0,20539.0,42144.0,1951,0,0,17688.0,19671.311224489797,196
o3a8,auxiliary.q.0.intersection,1951,26238.056893900564,25815.0,14728.0,39471.0,1951,0,0,9104.0,13348.19387755102,196
o3a8,auxiliary.q.0.dice,1951,0.8774163144414968,0.8986924686192469,0.7757993908363445,0.9495493681083531,1951,0,0,0.43209410455620245,0.7039362739786099,196
o3a8,auxiliary.q.0.brier_sum,1951,5286.168649882743,4140.429669500496,2093.000790467444,10146.417247980886,1951,0,0,1085.0806372612105,1778.333821237283,196
o3a8,auxiliary.q.0.brier,1951,0.020165133094340298,0.015794485738756164,0.007984164392347122,0.03870551013176302,1951,0,0,0.004139254139942972,0.006783805165242321,196
o3a8,auxiliary.q.0.foreground_brier_sum,1951,2374.674297674242,1201.6335936526118,111.62264719012337,5922.830833833627,1951,0,0,0.12255806910751232,53.1853688807154,196
o3a8,auxiliary.q.0.background_brier_sum,1951,2911.494352208501,2403.1639465958197,234.60863341960152,6098.593761030005,1951,0,0,0.011331776452631021,95.13878264418477,196
o3a8,auxiliary.q.0.foreground_brier,1951,0.064869775777791,0.045073006039804554,0.006214797473505127,0.149642452391626,1951,0,0,5.93990544794806e-06,0.0030779395163524686,196
o3a8,auxiliary.q.0.background_brier,1951,0.01232683519975084,0.010250970704774442,0.001056081619991473,0.02600607309353746,1951,0,0,6.109466005656178e-08,0.00042872405099622846,196
o3a8,auxiliary.q.1.total_pixels,1951,262144.0,262144.0,262144.0,262144.0,1951,0,0,262144.0,262144.0,196
o3a8,auxiliary.q.1.gt_foreground,1951,9633.745771399283,7259.0,2865.0,19762.0,1951,0,0,907.0,2369.5255102040815,196
o3a8,auxiliary.q.1.gt_background,1951,252510.2542286007,254885.0,242382.0,259279.0,1951,0,0,213174.0,236489.056122449,196
o3a8,auxiliary.q.1.pred_foreground,1951,9127.712455151204,8296.0,7032.0,12519.0,1951,0,0,1558.0,6357.306122448979,196
o3a8,auxiliary.q.1.intersection,1951,6637.781650435674,6380.0,2812.0,10897.0,1951,0,0,648.0,2310.0561224489797,196
o3a8,auxiliary.q.1.dice,1951,0.7100294802486204,0.729808525726893,0.5198336891785594,0.8831365425370875,1951,0,0,0.07078485990496478,0.44070412271267445,196
o3a8,auxiliary.q.1.brier_sum,1951,4188.607343053843,3006.769374755369,1351.9080429335334,8651.918084468753,1951,0,0,572.1533187891537,1087.8601768150268,196
o3a8,auxiliary.q.1.brier,1951,0.01597826897832429,0.011469914912244297,0.005157119914754995,0.03300444825923444,1951,0,0,0.0021825917007032535,0.004149857241878612,196
o3a8,auxiliary.q.1.foreground_brier_sum,1951,2378.2861271236384,460.0698418135559,10.230743607697242,7214.253778649184,1951,0,0,0.01031702186373451,3.5203660970856956,196
o3a8,auxiliary.q.1.background_brier_sum,1951,1810.3212159302038,1693.158085465428,69.46023351832645,3584.8287642864507,1951,0,0,0.0009377863763818589,16.051636816094142,196
o3a8,auxiliary.q.1.foreground_brier,1951,0.1428205329143643,0.07037603849306788,0.003003999891496644,0.3982417695064152,1951,0,0,4.715275074832957e-06,0.0010445065122765215,196
o3a8,auxiliary.q.1.background_brier,1951,0.007082680053523904,0.006675565521213794,0.0002819398161829314,0.013971736255657626,1951,0,0,4.040058143484284e-09,6.601575385668474e-05,196
o3a9,r4t.global_visit,1951,976.0,976.0,196.0,1756.0,1951,0,0,1.0,98.5,196
o3a9,r4t.counts.network_forwards,1951,8.0,8.0,8.0,8.0,1951,0,0,8.0,8.0,196
o3a9,r4t.counts.loss_backward_calls,1951,1.0,1.0,1.0,1.0,1951,0,0,1.0,1.0,196
o3a9,r4t.counts.jacobian_vjp_calls,1951,0.0,0.0,0.0,0.0,0,1951,0,0.0,0.0,196
o3a9,r4t.counts.adam_calls,1951,1.0,1.0,1.0,1.0,1951,0,0,1.0,1.0,196
o3a9,r4t.counts.actual_parameter_replacements,1951,0.0,0.0,0.0,0.0,0,1951,0,0.0,0.0,196
o3a9,r4t.kernels.res.conv1.parameters,1951,192.0,192.0,192.0,192.0,1951,0,0,192.0,192.0,196
o3a9,r4t.kernels.res.conv1.detail_change_l2,1951,2.634024295098133e-07,2.635636852831786e-07,2.5187739433943413e-07,2.746027810354202e-07,1951,0,0,2.2713312873023651e-07,2.472096724735494e-07,196
o3a9,r4t.kernels.res.conv1.dc_change_l2,1951,0.009123083265116839,0.00934071355722013,0.0032076980525604965,0.014640925422064709,1951,0,0,0.0002322550383215714,0.0022630046046498934,196
o3a9,r4t.kernels.res.conv1.flattened_cosine_gram_max_error,1951,0.005452872277361257,0.005976461360835461,0.00220474073060023,0.008387094627477124,1951,0,0,6.963748586041874e-05,0.001049046915544057,196
o3a9,r4t.kernels.res.conv1.effective_change_l2,1951,0.009123083270719444,0.00934071356085787,0.003207698061475527,0.014640925424461798,1951,0,0,0.00023225519304848072,0.002263004623277378,196
o3a9,r4t.kernels.res.conv1.dc_cosine_gram_max_error,1951,0.015728123616576335,0.015679009392998933,0.004851427057083912,0.02619891419262682,1951,0,0,0.00019185012430186082,0.0031274059286903466,196
o3a9,r4t.kernels.res.conv1.nonzero_source_dc_rows,1951,64.0,64.0,64.0,64.0,1951,0,0,64.0,64.0,196
o3a9,r4t.kernels.res.conv1.orthogonality_error,1951,0.0,0.0,0.0,0.0,0,1951,0,0.0,0.0,196
o3a9,r4t.kernels.res.conv1.gain_min,1951,1.0,1.0,1.0,1.0,1951,0,0,1.0,1.0,196
o3a9,r4t.kernels.res.conv1.gain_max,1951,1.0,1.0,1.0,1.0,1951,0,0,1.0,1.0,196
o3a9,r4t.kernels.res.layer1.2.conv2.parameters,1951,4096.0,4096.0,4096.0,4096.0,1951,0,0,4096.0,4096.0,196
o3a9,r4t.kernels.res.layer1.2.conv2.detail_change_l2,1951,1.2473325783963458e-07,1.2472557425420368e-07,1.2319574326223815e-07,1.2626038997339782e-07,1951,0,0,1.2060040767349782e-07,1.2258378494313756e-07,196
o3a9,r4t.kernels.res.layer1.2.conv2.dc_change_l2,1951,0.014437895905006144,0.013656542131254269,0.005668420933846212,0.024580219165539218,1951,0,0,0.00029552008777944356,0.0038406671865977367,196
o3a9,r4t.kernels.res.layer1.2.conv2.flattened_cosine_gram_max_error,1951,0.001529886087231996,0.0014324655910206152,0.0005076744249347398,0.00285849245106877,1951,0,0,2.6501350108398825e-05,0.0003811733082935164,196
o3a9,r4t.kernels.res.layer1.2.conv2.effective_change_l2,1951,0.014437895905807798,0.013656542131817655,0.005668420935216242,0.024580219165850712,1951,0,0,0.00029552011478892795,0.00384066718935964,196
o3a9,r4t.kernels.res.layer1.2.conv2.dc_cosine_gram_max_error,1951,0.003966927777644885,0.004164532284844424,0.0014257157671966336,0.006471762903219741,1951,0,0,6.160996855066048e-05,0.000997732910542728,196
o3a9,r4t.kernels.res.layer1.2.conv2.nonzero_source_dc_rows,1951,64.0,64.0,64.0,64.0,1951,0,0,64.0,64.0,196
o3a9,r4t.kernels.res.layer1.2.conv2.orthogonality_error,1951,0.0,0.0,0.0,0.0,0,1951,0,0.0,0.0,196
o3a9,r4t.kernels.res.layer1.2.conv2.gain_min,1951,1.0,1.0,1.0,1.0,1951,0,0,1.0,1.0,196
o3a9,r4t.kernels.res.layer1.2.conv2.gain_max,1951,1.0,1.0,1.0,1.0,1951,0,0,1.0,1.0,196
o3a9,r4t.teacher_update,1951,0.0,0.0,0.0,0.0,0,1951,0,0.0,0.0,196
o3a9,r4t.source_unchanged,1951,1.0,1.0,1.0,1.0,1951,0,0,1.0,1.0,196
o3a9,r4t.base_loss,1951,0.07287406747056117,0.05638272315263748,0.03752473369240761,0.1247003972530365,1951,0,0,0.02779008448123932,0.034517379572653044,196
o3a9,r4t.host_seconds,1951,0.5534589912444983,0.553482374874875,0.5180734822060913,0.588369166944176,1951,0,0,0.4134912930894643,0.4946478071244795,196
o3a9,r4t.trainable_scalars,1951,23424.0,23424.0,23424.0,23424.0,1951,0,0,23424.0,23424.0,196
o3a9,r4t.final_raw_probability_nested_violations,1951,2510.401332649923,2377.0,881.0,4283.0,1951,0,0,333.0,687.8265306122449,196
o3a9,auxiliary.q.0.total_pixels,1951,262144.0,262144.0,262144.0,262144.0,1951,0,0,262144.0,262144.0,196
o3a9,auxiliary.q.0.gt_foreground,1951,29364.35161455664,28513.0,15296.0,45565.0,1951,0,0,9104.0,13711.244897959185,196
o3a9,auxiliary.q.0.gt_background,1951,232779.64838544338,233631.0,216579.0,246848.0,1951,0,0,185479.0,210883.1530612245,196
o3a9,auxiliary.q.0.pred_foreground,1951,30073.29369554075,27463.0,20558.0,42179.0,1951,0,0,17687.0,19675.229591836734,196
o3a9,auxiliary.q.0.intersection,1951,26249.58380317786,25833.0,14738.0,39462.0,1951,0,0,9104.0,13348.877551020409,196
o3a9,auxiliary.q.0.dice,1951,0.8774815927875464,0.8986113653599728,0.775991886659086,0.9497568881685575,1951,0,0,0.4325719960278054,0.7040187875413968,196
o3a9,auxiliary.q.0.brier_sum,1951,5281.543056853897,4141.329306680632,2101.4873434659457,10147.829605639681,1951,0,0,1084.5986935204494,1777.9279679300284,196
o3a9,auxiliary.q.0.brier,1951,0.020147487857261264,0.015797917582247283,0.008016538022865088,0.038710897848662114,1951,0,0,0.004137415670472906,0.006782256957740892,196
o3a9,auxiliary.q.0.foreground_brier_sum,1951,2365.29301203185,1197.676663248857,111.18911721251507,5910.45563342128,1951,0,0,0.12437635333517605,52.82876826437134,196
o3a9,auxiliary.q.0.background_brier_sum,1951,2916.2500448220476,2415.983509831568,236.60556323231484,6106.934506929463,1951,0,0,0.011333446103603474,96.24784618494503,196
o3a9,auxiliary.q.0.foreground_brier,1951,0.0646143354427655,0.044983095239213754,0.0062122816339177786,0.1489293382356474,1951,0,0,6.028030501389815e-06,0.003055458504855198,196
o3a9,auxiliary.q.0.background_brier,1951,0.01234689822996839,0.010263903223147516,0.0010642079964425948,0.02610363168458922,1951,0,0,6.110366188950486e-08,0.00043375755383086767,196
o3a9,auxiliary.q.1.total_pixels,1951,262144.0,262144.0,262144.0,262144.0,1951,0,0,262144.0,262144.0,196
o3a9,auxiliary.q.1.gt_foreground,1951,9633.745771399283,7259.0,2865.0,19762.0,1951,0,0,907.0,2369.5255102040815,196
o3a9,auxiliary.q.1.gt_background,1951,252510.2542286007,254885.0,242382.0,259279.0,1951,0,0,213174.0,236489.056122449,196
o3a9,auxiliary.q.1.pred_foreground,1951,9131.572014351614,8297.0,7038.0,12518.0,1951,0,0,1547.0,6360.3877551020405,196
o3a9,auxiliary.q.1.intersection,1951,6640.147616606869,6378.0,2812.0,10886.0,1951,0,0,644.0,2310.122448979592,196
o3a9,auxiliary.q.1.dice,1951,0.7100721042108605,0.7297135800501932,0.5197168857431749,0.8831168831168831,1951,0,0,0.07037097743539311,0.44074093390709385,196
o3a9,auxiliary.q.1.brier_sum,1951,4187.833091780432,3008.640066477656,1353.97648226229,8662.755065791407,1951,0,0,570.7659401725758,1088.4440047163196,196
o3a9,auxiliary.q.1.brier,1951,0.015975315444108705,0.011477051034842133,0.0051650103846065136,0.0330457880622536,1951,0,0,0.0021772992712882073,0.004152084368577269,196
o3a9,auxiliary.q.1.foreground_brier_sum,1951,2376.6225182931253,460.12543362936646,10.133094030137823,7228.178997077268,1951,0,0,0.010588173507166232,3.5190717896432293,196
o3a9,auxiliary.q.1.background_brier_sum,1951,1811.210573487308,1695.2471199321803,68.3062563061439,3587.7121711955974,1951,0,0,0.0009387767488125312,16.093539477639478,196
o3a9,auxiliary.q.1.foreground_brier,1951,0.1426921707809368,0.07020955724934505,0.002983574480429187,0.39799128384571764,1951,0,0,4.839201785724969e-06,0.0010444742118832359,196
o3a9,auxiliary.q.1.background_brier,1951,0.007086150467355774,0.00665998644767024,0.00027995748297857223,0.01396673073303556,1951,0,0,4.044324746523514e-09,6.621378747583358e-05,196
o3a10,r4t.global_visit,1951,976.0,976.0,196.0,1756.0,1951,0,0,1.0,98.5,196
o3a10,r4t.counts.network_forwards,1951,8.0,8.0,8.0,8.0,1951,0,0,8.0,8.0,196
o3a10,r4t.counts.loss_backward_calls,1951,1.0,1.0,1.0,1.0,1951,0,0,1.0,1.0,196
o3a10,r4t.counts.jacobian_vjp_calls,1951,0.0,0.0,0.0,0.0,0,1951,0,0.0,0.0,196
o3a10,r4t.counts.adam_calls,1951,1.0,1.0,1.0,1.0,1951,0,0,1.0,1.0,196
o3a10,r4t.counts.actual_parameter_replacements,1951,0.0,0.0,0.0,0.0,0,1951,0,0.0,0.0,196
o3a10,r4t.graph.free_nodes,1951,1293.134290107637,1283.0,1022.0,1604.0,1951,0,0,742.0,947.2244897959183,196
o3a10,r4t.graph.steps,1951,64.0,64.0,64.0,64.0,1951,0,0,64.0,64.0,196
o3a10,r4t.graph.energy_before,1951,17.062316743969458,16.7362518129811,12.393824161521536,22.165160091669463,1951,0,0,9.436967788029353,11.446952226607287,196
o3a10,r4t.graph.energy_after,1951,14.205179335366172,13.962114170245588,10.476068257968809,18.26369695408249,1951,0,0,7.894119276971477,9.69122805624158,196
o3a10,r4t.graph.max_free_linear_residual,1951,6.796525763736108e-10,5.68165070546911e-10,1.425153328682427e-10,1.321572185020159e-09,1951,0,0,5.993427976136445e-12,8.165962803911314e-11,196
o3a10,r4t.graph.max_contraction,1951,0.799914694596063,0.8,0.7997138720844329,0.8,1951,0,0,0.7986497320103382,0.799560528786043,196
o3a10,r4t.graph.exact_fixed_nodes,1951,1.0,1.0,1.0,1.0,1951,0,0,1.0,1.0,196
o3a10,r4t.graph.grid,1951,128.0,128.0,128.0,128.0,1951,0,0,128.0,128.0,196
o3a10,r4t.graph.potential_undirected_edges,1951,32512.0,32512.0,32512.0,32512.0,1951,0,0,32512.0,32512.0,196
o3a10,r4t.graph.reliable_grid_counts.0,1951,15308.210661199384,15456.0,14686.0,15758.0,1951,0,0,11831.0,14184.188775510203,196
o3a10,r4t.graph.reliable_grid_counts.1,1951,15729.792414146592,15761.0,15423.0,15991.0,1951,0,0,14737.0,15270.188775510203,196
o3a10,r4t.graph.free_grid_counts.0,1951,778.8170169144029,765.0,600.0,967.0,1951,0,0,438.0,557.1530612244898,196
o3a10,r4t.graph.free_grid_counts.1,1951,514.3172731932342,494.0,379.0,684.0,1951,0,0,259.0,348.9744897959184,196
o3a10,r4t.graph.allowed_full_counts.0,1951,12133.132752434649,11908.0,9147.0,15147.0,1951,0,0,6264.0,8436.55612244898,196
o3a10,r4t.graph.allowed_full_counts.1,1951,8061.651973347001,7769.0,5866.0,10800.0,1951,0,0,3948.0,5381.969387755102,196
o3a10,r4t.graph.qstar_changed_full_counts.0,1951,12133.12557662737,11908.0,9147.0,15147.0,1951,0,0,6264.0,8436.55612244898,196
o3a10,r4t.graph.qstar_changed_full_counts.1,1951,8061.644797539723,7769.0,5866.0,10800.0,1951,0,0,3948.0,5381.964285714285,196
o3a10,r4t.graph.mean_abs_probability_correction,1951,0.0009009364096083602,0.0008657631697133183,0.000727145466953516,0.0011230396339669824,1951,0,0,0.0005716840969398618,0.000684397366392065,196
o3a10,r4t.graph.max_abs_probability_correction,1951,0.140049216721774,0.13811975717544556,0.1100262999534607,0.17214682698249817,1951,0,0,0.07821404933929443,0.1022317114913342,196
o3a10,r4t.graph.weight_h_mean,1951,0.8959174879430074,0.9005526060601641,0.8531273969914835,0.9329027763690507,1951,0,0,0.7199702275690871,0.8288596204350195,196
o3a10,r4t.graph.weight_v_mean,1951,0.9069563736212752,0.9111925971498613,0.8636506566108916,0.9442730490075322,1951,0,0,0.7373470790586899,0.8424279754038997,196
o3a10,r4t.graph.exact_outside_allowed,1951,1.0,1.0,1.0,1.0,1951,0,0,1.0,1.0,196
o3a10,r4t.graph.exact_reliable_full,1951,1.0,1.0,1.0,1.0,1951,0,0,1.0,1.0,196
o3a10,r4t.graph.graph_seconds,1951,0.09308263402038862,0.09312060312367976,0.0921197640709579,0.09453186905011535,1951,0,0,0.07565307104960084,0.08974028111563767,196
o3a10,r4t.teacher_update,1951,0.0,0.0,0.0,0.0,0,1951,0,0.0,0.0,196
o3a10,r4t.source_unchanged,1951,1.0,1.0,1.0,1.0,1951,0,0,1.0,1.0,196
o3a10,r4t.base_loss,1951,0.073740233814698,0.05740313604474068,0.03827628493309021,0.12591511011123657,1951,0,0,0.028757160529494286,0.035207366285731595,196
o3a10,r4t.host_seconds,1951,0.61175833360556,0.5935093448497355,0.5720325431320816,0.7278002700768411,1951,0,0,0.4737325150053948,0.5537071521964152,196
o3a10,r4t.trainable_scalars,1951,19136.0,19136.0,19136.0,19136.0,1951,0,0,19136.0,19136.0,196
o3a10,r4t.final_raw_probability_nested_violations,1951,2542.781137878011,2409.0,876.0,4348.0,1951,0,0,331.0,686.4030612244898,196
o3a10,auxiliary.q.0.total_pixels,1951,262144.0,262144.0,262144.0,262144.0,1951,0,0,262144.0,262144.0,196
o3a10,auxiliary.q.0.gt_foreground,1951,29364.35161455664,28513.0,15296.0,45565.0,1951,0,0,9104.0,13711.244897959185,196
o3a10,auxiliary.q.0.gt_background,1951,232779.64838544338,233631.0,216579.0,246848.0,1951,0,0,185479.0,210883.1530612245,196
o3a10,auxiliary.q.0.pred_foreground,1951,30049.78882624295,27526.0,20549.0,42079.0,1951,0,0,17712.0,19664.535714285714,196
o3a10,auxiliary.q.0.intersection,1951,26230.3782675551,25870.0,14733.0,39457.0,1951,0,0,9104.0,13349.520408163266,196
o3a10,auxiliary.q.0.dice,1951,0.877373567378646,0.8987585322277704,0.7750279680209555,0.9499805321219987,1951,0,0,0.43268810366071786,0.7036342289690709,196
o3a10,auxiliary.q.0.brier_sum,1951,5296.591041997044,4141.582499223044,2087.959758892458,10244.197523071405,1951,0,0,1080.9008408856387,1766.5539036100101,196
o3a10,auxiliary.q.0.brier,1951,0.020204891365039994,0.0157988834351465,0.007964934382982094,0.03907851227978289,1951,0,0,0.004123309482138209,0.0067388683456802755,196
o3a10,auxiliary.q.0.foreground_brier_sum,1951,2382.6956054781167,1202.401477556194,111.58206777479147,5948.56952999655,1951,0,0,0.13132424531023545,53.15443014119785,196
o3a10,auxiliary.q.0.background_brier_sum,1951,2913.895436518927,2400.6513977739187,238.62426808382665,6098.5909666256985,1951,0,0,0.011479316449894007,95.91179978010713,196
o3a10,auxiliary.q.0.foreground_brier,1951,0.0649657163020395,0.04510973111514992,0.0063815295670328525,0.15009895252020275,1951,0,0,6.364767377998132e-06,0.0030935831211470065,196
o3a10,auxiliary.q.0.background_brier,1951,0.012337668535076951,0.010198411198220875,0.0010638806702432308,0.026072230459061627,1951,0,0,6.189011397459555e-08,0.0004328351518313107,196
o3a10,auxiliary.q.1.total_pixels,1951,262144.0,262144.0,262144.0,262144.0,1951,0,0,262144.0,262144.0,196
o3a10,auxiliary.q.1.gt_foreground,1951,9633.745771399283,7259.0,2865.0,19762.0,1951,0,0,907.0,2369.5255102040815,196
o3a10,auxiliary.q.1.gt_background,1951,252510.2542286007,254885.0,242382.0,259279.0,1951,0,0,213174.0,236489.056122449,196
o3a10,auxiliary.q.1.pred_foreground,1951,8989.188108662225,8227.0,6978.0,12210.0,1951,0,0,1263.0,6301.525510204082,196
o3a10,auxiliary.q.1.intersection,1951,6553.63095848283,6316.0,2812.0,10660.0,1951,0,0,614.0,2307.673469387755,196
o3a10,auxiliary.q.1.dice,1951,0.7081424769946122,0.7254677357770142,0.5184516209398649,0.8837383177570094,1951,0,0,0.06624183777830225,0.43819769036174866,196
o3a10,auxiliary.q.1.brier_sum,1951,4219.362769348694,2998.44489784397,1338.79455054513,8707.185724071707,1951,0,0,566.8839331237418,1078.5735671577647,196
o3a10,auxiliary.q.1.brier,1951,0.01609559161891439,0.011438159552932625,0.0051070959111981585,0.03321527757290538,1951,0,0,0.0021624905896138833,0.004114431637412127,196
o3a10,auxiliary.q.1.foreground_brier_sum,1951,2448.4555098723376,480.30138821207305,10.32871017291388,7511.498469147778,1951,0,0,0.010294526048628683,3.650522869550921,196
o3a10,auxiliary.q.1.background_brier_sum,1951,1770.9072594763566,1645.9797805583783,63.72055225351275,3524.5894162470445,1951,0,0,0.000943562789718428,13.909546809172214,196
o3a10,auxiliary.q.1.foreground_brier,1951,0.14739834538497787,0.07361065016332052,0.003094301109711599,0.4075185530442601,1951,0,0,4.704993623687698e-06,0.0010869394525400017,196
o3a10,auxiliary.q.1.background_brier,1951,0.006926660677985626,0.006514940218618416,0.00026237263327405275,0.013723275549683368,1951,0,0,4.064943390624017e-09,5.7161842952844087e-05,196
o3a10,auxiliary.qstar.0.total_pixels,1951,262144.0,262144.0,262144.0,262144.0,1951,0,0,262144.0,262144.0,196
o3a10,auxiliary.qstar.0.gt_foreground,1951,29364.35161455664,28513.0,15296.0,45565.0,1951,0,0,9104.0,13711.244897959185,196
o3a10,auxiliary.qstar.0.gt_background,1951,232779.64838544338,233631.0,216579.0,246848.0,1951,0,0,185479.0,210883.1530612245,196
o3a10,auxiliary.qstar.0.pred_foreground,1951,29990.590466427475,27550.0,20460.0,41996.0,1951,0,0,18073.0,19596.678571428572,196
o3a10,auxiliary.qstar.0.intersection,1951,26233.796514607893,25850.0,14748.0,39447.0,1951,0,0,9104.0,13346.224489795919,196
o3a10,auxiliary.qstar.0.dice,1951,0.878664981119855,0.9004204145482988,0.7772434369167472,0.9523395804890158,1951,0,0,0.43166266685178206,0.7062674738732373,196
o3a10,auxiliary.qstar.0.brier_sum,1951,5241.609699976913,4061.793793087205,2032.098030990192,10238.460549355092,1951,0,0,1075.3775125975185,1719.448290765971,196
o3a10,auxiliary.qstar.0.brier,1951,0.019995154189975408,0.015494513676022358,0.007751838802300232,0.0390566274618343,1951,0,0,0.004102239656820368,0.00655917469316853,196
o3a10,auxiliary.qstar.0.foreground_brier_sum,1951,2365.7524887897116,1182.4907604498062,110.00422555978182,5940.2129940536115,1951,0,0,0.13132424531023545,53.87402046577629,196
o3a10,auxiliary.qstar.0.background_brier_sum,1951,2875.8572111872013,2366.658492077342,235.96435589983287,6080.149751699387,1951,0,0,0.011479316449894007,98.43523011598707,196
o3a10,auxiliary.qstar.0.foreground_brier,1951,0.06438283853570989,0.04404067594081207,0.006273993239545936,0.14925492805176316,1951,0,0,6.364767377998132e-06,0.0031543830939876603,196
o3a10,auxiliary.qstar.0.background_brier,1951,0.012176319091387321,0.010084061212587841,0.0010642016346221529,0.02575921763411156,1951,0,0,6.189011397459555e-08,0.0004446186576882912,196
o3a10,auxiliary.qstar.1.total_pixels,1951,262144.0,262144.0,262144.0,262144.0,1951,0,0,262144.0,262144.0,196
o3a10,auxiliary.qstar.1.gt_foreground,1951,9633.745771399283,7259.0,2865.0,19762.0,1951,0,0,907.0,2369.5255102040815,196
o3a10,auxiliary.qstar.1.gt_background,1951,252510.2542286007,254885.0,242382.0,259279.0,1951,0,0,213174.0,236489.056122449,196
o3a10,auxiliary.qstar.1.pred_foreground,1951,8898.115325474117,8142.0,6919.0,12075.0,1951,0,0,890.0,6219.392857142857,196
o3a10,auxiliary.qstar.1.intersection,1951,6517.941568426448,6292.0,2811.0,10577.0,1951,0,0,606.0,2304.5102040816328,196
o3a10,auxiliary.qstar.1.dice,1951,0.7088271283020836,0.725356054481,0.5211102423768569,0.8850806451612904,1951,0,0,0.047139830508474576,0.4388895598452907,196
o3a10,auxiliary.qstar.1.brier_sum,1951,4187.473261378819,2952.6413045254803,1328.4202071723719,8677.211400981003,1951,0,0,577.9745257806339,1072.865203672687,196
o3a10,auxiliary.qstar.1.brier,1951,0.015973942800059582,0.011263432710744783,0.005067520931901443,0.03310093460457231,1951,0,0,0.0022047978430962904,0.0040926559588344074,196
o3a10,auxiliary.qstar.1.foreground_brier_sum,1951,2459.419658670497,493.7668724595611,11.16654549216626,7518.447736167571,1951,0,0,0.010294526048628683,3.891901467782983,196
o3a10,auxiliary.qstar.1.background_brier_sum,1951,1728.053602708323,1598.7623488370791,62.149761399275825,3455.546113145192,1951,0,0,0.000943562789718428,13.987114854333994,196
o3a10,auxiliary.qstar.1.foreground_brier,1951,0.14861358366981894,0.07617424116154382,0.003315353815092237,0.4074734229834649,1951,0,0,4.704993623687698e-06,0.001159161323206561,196
o3a10,auxiliary.qstar.1.background_brier,1951,0.006758649143159956,0.006311773412402658,0.0002564293345492173,0.013411213222744234,1951,0,0,4.064943390624017e-09,5.754242641173514e-05,196
o3a10,auxiliary.graph.transitions.0.denominator,1951,262144.0,262144.0,262144.0,262144.0,1951,0,0,262144.0,262144.0,196
o3a10,auxiliary.graph.transitions.0.wrong_to_correct,1951,230.01998974884674,196.0,125.0,325.0,1951,0,0,44.0,105.28061224489795,196
o3a10,auxiliary.graph.transitions.0.correct_to_wrong,1951,163.98513582778062,145.0,73.0,271.0,1951,0,0,19.0,57.09183673469388,196
o3a10,auxiliary.graph.transitions.0.correct_unchanged,1951,255026.63095848283,256385.0,248653.0,259212.0,1951,0,0,231562.0,244002.306122449,196
o3a10,auxiliary.graph.transitions.0.wrong_unchanged,1951,6723.363915940543,5382.0,2591.0,12951.0,1951,0,0,852.0,2120.877551020408,196
o3a10,auxiliary.graph.transitions.1.denominator,1951,12133.132752434649,11908.0,9147.0,15147.0,1951,0,0,6264.0,8436.55612244898,196
o3a10,auxiliary.graph.transitions.1.wrong_to_correct,1951,230.01998974884674,196.0,125.0,325.0,1951,0,0,44.0,105.28061224489795,196
o3a10,auxiliary.graph.transitions.1.correct_to_wrong,1951,163.98513582778062,145.0,73.0,271.0,1951,0,0,19.0,57.09183673469388,196
o3a10,auxiliary.graph.transitions.1.correct_unchanged,1951,7701.574577139928,7704.0,5769.0,9555.0,1951,0,0,3079.0,5128.571428571428,196
o3a10,auxiliary.graph.transitions.1.wrong_unchanged,1951,4037.5530497180935,3808.0,2327.0,6126.0,1951,0,0,852.0,1951.3265306122448,196
o3a10,auxiliary.graph.transitions.2.denominator,1951,394.0051255766274,350.0,253.0,531.0,1951,0,0,165.0,229.56632653061226,196
o3a10,auxiliary.graph.transitions.2.wrong_to_correct,1951,230.01998974884674,196.0,125.0,325.0,1951,0,0,44.0,105.28061224489795,196
o3a10,auxiliary.graph.transitions.2.correct_to_wrong,1951,163.98513582778062,145.0,73.0,271.0,1951,0,0,19.0,57.09183673469388,196
o3a10,auxiliary.graph.transitions.2.correct_unchanged,1951,0.0,0.0,0.0,0.0,0,1951,0,0.0,0.0,196
o3a10,auxiliary.graph.transitions.2.wrong_unchanged,1951,0.0,0.0,0.0,0.0,0,1951,0,0.0,0.0,196
o3a10,auxiliary.graph.transitions.3.denominator,1951,262144.0,262144.0,262144.0,262144.0,1951,0,0,262144.0,262144.0,196
o3a10,auxiliary.graph.transitions.3.wrong_to_correct,1951,118.2019477191184,111.0,58.0,184.0,1951,0,0,9.0,43.035714285714285,196
o3a10,auxiliary.graph.transitions.3.correct_to_wrong,1951,98.50794464377242,83.0,34.0,183.0,1951,0,0,9.0,25.571428571428573,196
o3a10,auxiliary.graph.transitions.3.correct_unchanged,1951,256529.82009226037,257879.0,250995.0,260280.0,1951,0,0,221102.0,245892.25,196
o3a10,auxiliary.graph.transitions.3.wrong_unchanged,1951,5397.47001537673,4069.0,1689.0,10865.0,1951,0,0,520.0,1319.704081632653,196
o3a10,auxiliary.graph.transitions.4.denominator,1951,8061.651973347001,7769.0,5866.0,10800.0,1951,0,0,3948.0,5381.969387755102,196
o3a10,auxiliary.graph.transitions.4.wrong_to_correct,1951,118.2019477191184,111.0,58.0,184.0,1951,0,0,9.0,43.035714285714285,196
o3a10,auxiliary.graph.transitions.4.correct_to_wrong,1951,98.50794464377242,83.0,34.0,183.0,1951,0,0,9.0,25.571428571428573,196
o3a10,auxiliary.graph.transitions.4.correct_unchanged,1951,4906.596104561763,4837.0,3563.0,6285.0,1951,0,0,861.0,3171.25,196
o3a10,auxiliary.graph.transitions.4.wrong_unchanged,1951,2938.3459764223476,2767.0,1541.0,4521.0,1951,0,0,520.0,1243.4030612244899,196
o3a10,auxiliary.graph.transitions.5.denominator,1951,216.70989236289083,192.0,132.0,337.0,1951,0,0,82.0,116.62244897959184,196
o3a10,auxiliary.graph.transitions.5.wrong_to_correct,1951,118.2019477191184,111.0,58.0,184.0,1951,0,0,9.0,43.035714285714285,196
o3a10,auxiliary.graph.transitions.5.correct_to_wrong,1951,98.50794464377242,83.0,34.0,183.0,1951,0,0,9.0,25.571428571428573,196
o3a10,auxiliary.graph.transitions.5.correct_unchanged,1951,0.0,0.0,0.0,0.0,0,1951,0,0.0,0.0,196
o3a10,auxiliary.graph.transitions.5.wrong_unchanged,1951,0.0,0.0,0.0,0.0,0,1951,0,0.0,0.0,196
o3a10,auxiliary.graph.allowed_counts.0,1951,12133.132752434649,11908.0,9147.0,15147.0,1951,0,0,6264.0,8436.55612244898,196
o3a10,auxiliary.graph.allowed_counts.1,1951,8061.651973347001,7769.0,5866.0,10800.0,1951,0,0,3948.0,5381.969387755102,196
o3a10,auxiliary.graph.reliable_counts.0,1951,244944.3741670938,247354.0,234930.0,252191.0,1951,0,0,189346.0,226849.17857142858,196
o3a10,auxiliary.graph.reliable_counts.1,1951,251693.2065607381,252179.0,246837.0,255874.0,1951,0,0,235875.0,244361.0612244898,196
o3a10,auxiliary.graph.reliable_correct.0,1951,242873.7549974372,245246.0,231569.0,251060.0,1951,0,0,187825.0,223647.4081632653,196
o3a10,auxiliary.graph.reliable_correct.1,1951,249689.54946181446,250744.0,242666.0,255310.0,1951,0,0,213217.0,238009.0306122449,196
o3a10,auxiliary.graph.changed_counts.0,1951,12133.12557662737,11908.0,9147.0,15147.0,1951,0,0,6264.0,8436.55612244898,196
o3a10,auxiliary.graph.changed_counts.1,1951,8061.644797539723,7769.0,5866.0,10800.0,1951,0,0,3948.0,5381.964285714285,196
o3a10,auxiliary.graph.mean_abs_change,1951,0.0009009364096083602,0.0008657631697133183,0.000727145466953516,0.0011230396339669824,1951,0,0,0.0005716840969398618,0.000684397366392065,196
o3a10,auxiliary.graph.outside_allowed_max_change,1951,0.0,0.0,0.0,0.0,0,1951,0,0.0,0.0,196
o3a10,auxiliary.graph.reliable_max_change,1951,0.0,0.0,0.0,0.0,0,1951,0,0.0,0.0,196
o3a10,auxiliary.graph.q_nested_violations,1951,161.7442337262942,67.0,8.0,385.0,1920,31,0,0.0,3.3520408163265305,196
o3a10,auxiliary.graph.qstar_nested_violations,1951,161.7442337262942,67.0,8.0,385.0,1920,31,0,0.0,3.3520408163265305,196
o3a11,r4t.global_visit,1951,976.0,976.0,196.0,1756.0,1951,0,0,1.0,98.5,196
o3a11,r4t.counts.network_forwards,1951,8.0,8.0,8.0,8.0,1951,0,0,8.0,8.0,196
o3a11,r4t.counts.loss_backward_calls,1951,1.0,1.0,1.0,1.0,1951,0,0,1.0,1.0,196
o3a11,r4t.counts.jacobian_vjp_calls,1951,0.0,0.0,0.0,0.0,0,1951,0,0.0,0.0,196
o3a11,r4t.counts.adam_calls,1951,1.0,1.0,1.0,1.0,1951,0,0,1.0,1.0,196
o3a11,r4t.counts.actual_parameter_replacements,1951,0.0,0.0,0.0,0.0,0,1951,0,0.0,0.0,196
o3a11,r4t.graph.free_nodes,1951,1300.2521783700665,1289.0,1032.0,1611.0,1951,0,0,742.0,955.7142857142857,196
o3a11,r4t.graph.steps,1951,64.0,64.0,64.0,64.0,1951,0,0,64.0,64.0,196
o3a11,r4t.graph.energy_before,1951,20.36933035837794,19.96526891580724,14.031596305211604,27.43993089152192,1951,0,0,9.90639889408118,12.793391017097207,196
o3a11,r4t.graph.energy_after,1951,17.164909839467295,16.94933104605754,12.011931116612763,22.844871150121563,1951,0,0,8.803985650090087,10.933638980658314,196
o3a11,r4t.graph.max_free_linear_residual,1951,4.765413836076947e-10,3.75660835771896e-10,1.3541145982287617e-10,8.822680364062307e-10,1951,0,0,9.034106795979824e-12,9.123934940902245e-11,196
o3a11,r4t.graph.max_contraction,1951,0.7827070213935595,0.7836218435601977,0.774578322418859,0.7895976431685897,1951,0,0,0.7445483170731065,0.7697047729046834,196
o3a11,r4t.graph.exact_fixed_nodes,1951,1.0,1.0,1.0,1.0,1951,0,0,1.0,1.0,196
o3a11,r4t.graph.grid,1951,128.0,128.0,128.0,128.0,1951,0,0,128.0,128.0,196
o3a11,r4t.graph.potential_undirected_edges,1951,32512.0,32512.0,32512.0,32512.0,1951,0,0,32512.0,32512.0,196
o3a11,r4t.graph.reliable_grid_counts.0,1951,15302.02819067145,15451.0,14685.0,15750.0,1951,0,0,11850.0,14184.918367346938,196
o3a11,r4t.graph.reliable_grid_counts.1,1951,15726.205023065095,15757.0,15417.0,15988.0,1951,0,0,14737.0,15265.637755102041,196
o3a11,r4t.graph.free_grid_counts.0,1951,784.0645822655049,769.0,609.0,969.0,1951,0,0,445.0,562.7397959183673,196
o3a11,r4t.graph.free_grid_counts.1,1951,516.1875961045617,496.0,380.0,688.0,1951,0,0,259.0,350.8112244897959,196
o3a11,r4t.graph.allowed_full_counts.0,1951,12215.423885187083,11995.0,9272.0,15256.0,1951,0,0,6362.0,8530.173469387755,196
o3a11,r4t.graph.allowed_full_counts.1,1951,8092.357252690927,7797.0,5894.0,10829.0,1951,0,0,3957.0,5411.183673469388,196
o3a11,r4t.graph.qstar_changed_full_counts.0,1951,12215.416709379806,11995.0,9272.0,15256.0,1951,0,0,6362.0,8530.173469387755,196
o3a11,r4t.graph.qstar_changed_full_counts.1,1951,8092.3526396719635,7797.0,5894.0,10829.0,1951,0,0,3957.0,5411.183673469388,196
o3a11,r4t.graph.mean_abs_probability_correction,1951,0.0009416554855965154,0.0008993817027658224,0.0007374573615379632,0.0012044047471135855,1951,0,0,0.000545513175893575,0.0006856662583565909,196
o3a11,r4t.graph.max_abs_probability_correction,1951,0.14019169647729685,0.13773605227470398,0.10947997868061066,0.17312708497047424,1951,0,0,0.07937175035476685,0.1013985312334737,196
o3a11,r4t.graph.weight_h_mean,1951,0.8959174879430075,0.9005526060601633,0.8531273969914837,0.932902776369051,1951,0,0,0.7199702275690871,0.8288596204350195,196
o3a11,r4t.graph.weight_v_mean,1951,0.9069563736212752,0.9111925971498617,0.8636506566108915,0.9442730490075315,1951,0,0,0.7373470790586899,0.8424279754038998,196
o3a11,r4t.graph.exact_outside_allowed,1951,1.0,1.0,1.0,1.0,1951,0,0,1.0,1.0,196
o3a11,r4t.graph.exact_reliable_full,1951,1.0,1.0,1.0,1.0,1951,0,0,1.0,1.0,196
o3a11,r4t.graph.graph_seconds,1951,0.09470475088448853,0.09491547220386565,0.09263337613083422,0.09665386704728007,1951,0,0,0.07698220806196332,0.09089034438318554,196
o3a11,r4t.teacher_update,1951,0.0,0.0,0.0,0.0,0,1951,0,0.0,0.0,196
o3a11,r4t.source_unchanged,1951,1.0,1.0,1.0,1.0,1951,0,0,1.0,1.0,196
o3a11,r4t.base_loss,1951,0.07406646166013975,0.05790848284959793,0.03877491131424904,0.12581180036067963,1951,0,0,0.028644435107707977,0.035771047943556795,196
o3a11,r4t.host_seconds,1951,0.5901063249519487,0.5871033200528473,0.5731440559029579,0.6155780169647187,1951,0,0,0.4781820550560951,0.5627210698546652,196
o3a11,r4t.trainable_scalars,1951,19136.0,19136.0,19136.0,19136.0,1951,0,0,19136.0,19136.0,196
o3a11,r4t.final_raw_probability_nested_violations,1951,2555.2834443874935,2421.0,882.0,4378.0,1951,0,0,331.0,689.469387755102,196
o3a11,auxiliary.q.0.total_pixels,1951,262144.0,262144.0,262144.0,262144.0,1951,0,0,262144.0,262144.0,196
o3a11,auxiliary.q.0.gt_foreground,1951,29364.35161455664,28513.0,15296.0,45565.0,1951,0,0,9104.0,13711.244897959185,196
o3a11,auxiliary.q.0.gt_background,1951,232779.64838544338,233631.0,216579.0,246848.0,1951,0,0,185479.0,210883.1530612245,196
o3a11,auxiliary.q.0.pred_foreground,1951,30223.98718605843,27819.0,20666.0,42235.0,1951,0,0,17812.0,19721.719387755104,196
o3a11,auxiliary.q.0.intersection,1951,26296.841619682215,25972.0,14754.0,39542.0,1951,0,0,9104.0,13357.57142857143,196
o3a11,auxiliary.q.0.dice,1951,0.8768214619898591,0.8990601733186867,0.7744064068580452,0.9499972525962965,1951,0,0,0.4295561832151534,0.7020056846904101,196
o3a11,auxiliary.q.0.brier_sum,1951,5326.510719990813,4144.222414404358,2091.4998103249036,10401.700533684974,1951,0,0,1076.4647485334217,1770.9867361920378,196
o3a11,auxiliary.q.0.brier,1951,0.020319025878871206,0.01580895391237014,0.007978438607501616,0.039679338583698175,1951,0,0,0.004106387132772147,0.00675577826000991,196
o3a11,auxiliary.q.0.foreground_brier_sum,1951,2331.688514237666,1157.568183813834,104.05836139893205,5869.286899399514,1951,0,0,0.12861248906412115,49.78646621595741,196
o3a11,auxiliary.q.0.background_brier_sum,1951,2994.8222057531484,2481.998800375262,261.71687640603534,6235.451543048243,1951,0,0,0.011572145259273999,107.31292047866766,196
o3a11,auxiliary.q.0.foreground_brier,1951,0.0634421066024756,0.043454667685273736,0.006004492425176207,0.14701673494819337,1951,0,0,6.233339265454425e-06,0.002893247343874586,196
o3a11,auxiliary.q.0.background_brier,1951,0.012685932556219507,0.010492846092344117,0.0011761799726241493,0.02654731122472798,1951,0,0,6.239059548128898e-08,0.0004840989329967319,196
o3a11,auxiliary.q.1.total_pixels,1951,262144.0,262144.0,262144.0,262144.0,1951,0,0,262144.0,262144.0,196
o3a11,auxiliary.q.1.gt_foreground,1951,9633.745771399283,7259.0,2865.0,19762.0,1951,0,0,907.0,2369.5255102040815,196
o3a11,auxiliary.q.1.gt_background,1951,252510.2542286007,254885.0,242382.0,259279.0,1951,0,0,213174.0,236489.056122449,196
o3a11,auxiliary.q.1.pred_foreground,1951,8998.145053818555,8244.0,6994.0,12216.0,1951,0,0,1142.0,6308.025510204082,196
o3a11,auxiliary.q.1.intersection,1951,6549.836494105587,6328.0,2812.0,10647.0,1951,0,0,618.0,2307.066326530612,196
o3a11,auxiliary.q.1.dice,1951,0.7074198813047229,0.7237354085603113,0.5176498887485718,0.8834710266335433,1951,0,0,0.06008628854046091,0.4369296858521165,196
o3a11,auxiliary.q.1.brier_sum,1951,4228.724523881091,3001.257678234423,1341.623892301633,8707.491241746737,1951,0,0,568.7936373021548,1084.433768530926,196
o3a11,auxiliary.q.1.brier,1951,0.016131303878330578,0.01144888945859689,0.005117888993460209,0.03321644303034491,1951,0,0,0.002169775532921428,0.004136786531566338,196
o3a11,auxiliary.q.1.foreground_brier_sum,1951,2449.359924644335,477.2234194266141,10.31845351894211,7532.130064555988,1951,0,0,0.010286028801825609,3.636664349286176,196
o3a11,auxiliary.q.1.background_brier_sum,1951,1779.364599236756,1659.4159884010676,63.51233653658958,3538.1154216010264,1951,0,0,0.0009602000569036102,14.17032655947709,196
o3a11,auxiliary.q.1.foreground_brier,1951,0.14738748685454467,0.0734112574359023,0.0030823921273598225,0.40860657067915535,1951,0,0,4.70111005567898e-06,0.0010835529282823637,196
o3a11,auxiliary.q.1.background_brier,1951,0.006959931969294458,0.006556568544257978,0.0002642894295434438,0.01376126826344658,1951,0,0,4.1366180581918566e-09,5.8199633533383384e-05,196
o3a11,auxiliary.qstar.0.total_pixels,1951,262144.0,262144.0,262144.0,262144.0,1951,0,0,262144.0,262144.0,196
o3a11,auxiliary.qstar.0.gt_foreground,1951,29364.35161455664,28513.0,15296.0,45565.0,1951,0,0,9104.0,13711.244897959185,196
o3a11,auxiliary.qstar.0.gt_background,1951,232779.64838544338,233631.0,216579.0,246848.0,1951,0,0,185479.0,210883.1530612245,196
o3a11,auxiliary.qstar.0.pred_foreground,1951,30188.67606355715,27891.0,20609.0,42162.0,1951,0,0,18151.0,19708.44387755102,196
o3a11,auxiliary.qstar.0.intersection,1951,26289.195284469504,26007.0,14740.0,39504.0,1951,0,0,9104.0,13346.397959183674,196
o3a11,auxiliary.qstar.0.dice,1951,0.8773316195573518,0.8993081094558374,0.7752655952056661,0.9511713721788381,1951,0,0,0.4282478085294987,0.7039789266353574,196
o3a11,auxiliary.qstar.0.brier_sum,1951,5295.398875039639,4100.663088833274,2080.426858388674,10374.65455647011,1951,0,0,1063.6030237778423,1756.9065376460967,196
o3a11,auxiliary.qstar.0.brier,1951,0.020200343609007413,0.015642788272221656,0.007936198648028085,0.039576166368370476,1951,0,0,0.004057323546515817,0.006702066565117251,196
o3a11,auxiliary.qstar.0.foreground_brier_sum,1951,2322.147038786527,1148.8407529439114,104.52364069480588,5877.794929291037,1951,0,0,0.12861248906412115,50.159222622069045,196
o3a11,auxiliary.qstar.0.background_brier_sum,1951,2973.2518362531123,2452.1478913226592,276.8087150834231,6213.042675525827,1951,0,0,0.011572145259273999,113.0434481664914,196
o3a11,auxiliary.qstar.0.foreground_brier,1951,0.06301243476211188,0.04234155502124545,0.005989943539116058,0.14669620498121644,1951,0,0,6.233339265454425e-06,0.00294875949964751,196
o3a11,auxiliary.qstar.0.background_brier,1951,0.012593961785578684,0.010438330399332155,0.0012129060584765538,0.026313811091053706,1951,0,0,6.239059548128898e-08,0.0005114007256339772,196
o3a11,auxiliary.qstar.1.total_pixels,1951,262144.0,262144.0,262144.0,262144.0,1951,0,0,262144.0,262144.0,196
o3a11,auxiliary.qstar.1.gt_foreground,1951,9633.745771399283,7259.0,2865.0,19762.0,1951,0,0,907.0,2369.5255102040815,196
o3a11,auxiliary.qstar.1.gt_background,1951,252510.2542286007,254885.0,242382.0,259279.0,1951,0,0,213174.0,236489.056122449,196
o3a11,auxiliary.qstar.1.pred_foreground,1951,8904.420297283445,8160.0,6946.0,12087.0,1951,0,0,680.0,6229.051020408163,196
o3a11,auxiliary.qstar.1.intersection,1951,6515.195284469502,6328.0,2810.0,10568.0,1951,0,0,594.0,2303.908163265306,196
o3a11,auxiliary.qstar.1.dice,1951,0.7084281808798389,0.7253197769760578,0.5200728178595382,0.8842696629213483,1951,0,0,0.036218375499334224,0.43822562473559473,196
o3a11,auxiliary.qstar.1.brier_sum,1951,4192.06627008956,2958.229524666979,1336.848455204081,8680.158500067053,1951,0,0,579.0507889149014,1079.692875421798,196
o3a11,auxiliary.qstar.1.brier,1951,0.015991463737829437,0.011284750078838269,0.005099672146622013,0.03311217689539739,1951,0,0,0.0022089034611316736,0.004118701459586326,196
o3a11,auxiliary.qstar.1.foreground_brier_sum,1951,2457.1558322766296,488.2665649083501,10.941419425520923,7560.755597629367,1951,0,0,0.010286028801825609,3.835704781594052,196
o3a11,auxiliary.qstar.1.background_brier_sum,1951,1734.91043781293,1607.3865958170518,62.99727529908621,3458.9377734365853,1951,0,0,0.0009602000569036102,14.50326788322964,196
o3a11,auxiliary.qstar.1.foreground_brier,1951,0.14822314731789307,0.0760754506746758,0.0032853824256056634,0.4078181835892223,1951,0,0,4.70111005567898e-06,0.001144793616789314,196
o3a11,auxiliary.qstar.1.background_brier,1951,0.006785715516778007,0.006351325055034021,0.00025921846496956944,0.013434724119573534,1951,0,0,4.1366180581918566e-09,5.963894761377836e-05,196
o3a11,auxiliary.graph.transitions.0.denominator,1951,262144.0,262144.0,262144.0,262144.0,1951,0,0,262144.0,262144.0,196
o3a11,auxiliary.graph.transitions.0.wrong_to_correct,1951,203.4705279343926,170.0,100.0,298.0,1951,0,0,32.0,79.69897959183673,196
o3a11,auxiliary.graph.transitions.0.correct_to_wrong,1951,183.45207585853407,165.0,87.0,298.0,1951,0,0,20.0,67.41326530612245,196
o3a11,auxiliary.graph.transitions.0.correct_unchanged,1951,254965.89236289082,256377.0,248597.0,259201.0,1951,0,0,231406.0,243890.95918367346,196
o3a11,auxiliary.graph.transitions.0.wrong_unchanged,1951,6791.185033316248,5420.0,2649.0,13095.0,1951,0,0,877.0,2164.3826530612246,196
o3a11,auxiliary.graph.transitions.1.denominator,1951,12215.423885187083,11995.0,9272.0,15256.0,1951,0,0,6362.0,8530.173469387755,196
o3a11,auxiliary.graph.transitions.1.wrong_to_correct,1951,203.4705279343926,170.0,100.0,298.0,1951,0,0,32.0,79.69897959183673,196
o3a11,auxiliary.graph.transitions.1.correct_to_wrong,1951,183.45207585853407,165.0,87.0,298.0,1951,0,0,20.0,67.41326530612245,196
o3a11,auxiliary.graph.transitions.1.correct_unchanged,1951,7739.748846745259,7733.0,5859.0,9611.0,1951,0,0,3128.0,5194.84693877551,196
o3a11,auxiliary.graph.transitions.1.wrong_unchanged,1951,4088.752434648898,3868.0,2372.0,6181.0,1951,0,0,877.0,1997.9795918367347,196
o3a11,auxiliary.graph.transitions.2.denominator,1951,386.9226037929267,341.0,247.0,531.0,1951,0,0,158.0,220.94897959183675,196
o3a11,auxiliary.graph.transitions.2.wrong_to_correct,1951,203.4705279343926,170.0,100.0,298.0,1951,0,0,32.0,79.69897959183673,196
o3a11,auxiliary.graph.transitions.2.correct_to_wrong,1951,183.45207585853407,165.0,87.0,298.0,1951,0,0,20.0,67.41326530612245,196
o3a11,auxiliary.graph.transitions.2.correct_unchanged,1951,0.0,0.0,0.0,0.0,0,1951,0,0.0,0.0,196
o3a11,auxiliary.graph.transitions.2.wrong_unchanged,1951,0.0,0.0,0.0,0.0,0,1951,0,0.0,0.0,196
o3a11,auxiliary.graph.transitions.3.denominator,1951,262144.0,262144.0,262144.0,262144.0,1951,0,0,262144.0,262144.0,196
o3a11,auxiliary.graph.transitions.3.wrong_to_correct,1951,128.9138903126602,118.0,55.0,213.0,1951,0,0,9.0,39.17857142857143,196
o3a11,auxiliary.graph.transitions.3.correct_to_wrong,1951,104.4715530497181,76.0,31.0,223.0,1951,0,0,9.0,24.03061224489796,196
o3a11,auxiliary.graph.transitions.3.correct_unchanged,1951,256507.3106099436,257877.0,250878.0,260272.0,1951,0,0,220905.0,245814.05102040817,196
o3a11,auxiliary.graph.transitions.3.wrong_unchanged,1951,5403.303946694003,4068.0,1717.0,10884.0,1951,0,0,524.0,1334.3469387755101,196
o3a11,auxiliary.graph.transitions.4.denominator,1951,8092.357252690927,7797.0,5894.0,10829.0,1951,0,0,3957.0,5411.183673469388,196
o3a11,auxiliary.graph.transitions.4.wrong_to_correct,1951,128.9138903126602,118.0,55.0,213.0,1951,0,0,9.0,39.17857142857143,196
o3a11,auxiliary.graph.transitions.4.correct_to_wrong,1951,104.4715530497181,76.0,31.0,223.0,1951,0,0,9.0,24.03061224489796,196
o3a11,auxiliary.graph.transitions.4.correct_unchanged,1951,4919.176319835981,4863.0,3592.0,6275.0,1951,0,0,668.0,3187.418367346939,196
o3a11,auxiliary.graph.transitions.4.wrong_unchanged,1951,2939.795489492568,2756.0,1550.0,4528.0,1951,0,0,524.0,1259.015306122449,196
o3a11,auxiliary.graph.transitions.5.denominator,1951,233.38544336237825,194.0,119.0,392.0,1951,0,0,62.0,103.26530612244898,196
o3a11,auxiliary.graph.transitions.5.wrong_to_correct,1951,128.9138903126602,118.0,55.0,213.0,1951,0,0,9.0,39.17857142857143,196
o3a11,auxiliary.graph.transitions.5.correct_to_wrong,1951,104.4715530497181,76.0,31.0,223.0,1951,0,0,9.0,24.03061224489796,196
o3a11,auxiliary.graph.transitions.5.correct_unchanged,1951,0.0,0.0,0.0,0.0,0,1951,0,0.0,0.0,196
o3a11,auxiliary.graph.transitions.5.wrong_unchanged,1951,0.0,0.0,0.0,0.0,0,1951,0,0.0,0.0,196
o3a11,auxiliary.graph.allowed_counts.0,1951,12215.423885187083,11995.0,9272.0,15256.0,1951,0,0,6362.0,8530.173469387755,196
o3a11,auxiliary.graph.allowed_counts.1,1951,8092.357252690927,7797.0,5894.0,10829.0,1951,0,0,3957.0,5411.183673469388,196
o3a11,auxiliary.graph.reliable_counts.0,1951,244847.24705279345,247255.0,234841.0,252080.0,1951,0,0,189607.0,226854.693877551,196
o3a11,auxiliary.graph.reliable_counts.1,1951,251636.12045105075,252108.0,246724.0,255834.0,1951,0,0,235858.0,244292.02551020408,196
o3a11,auxiliary.graph.reliable_correct.0,1951,242767.43516145565,245128.0,231540.0,250948.0,1951,0,0,188040.0,223596.10204081633,196
o3a11,auxiliary.graph.reliable_correct.1,1951,249634.98103536648,250696.0,242602.0,255250.0,1951,0,0,213204.0,237919.9387755102,196
o3a11,auxiliary.graph.changed_counts.0,1951,12215.416709379806,11995.0,9272.0,15256.0,1951,0,0,6362.0,8530.173469387755,196
o3a11,auxiliary.graph.changed_counts.1,1951,8092.3526396719635,7797.0,5894.0,10829.0,1951,0,0,3957.0,5411.183673469388,196
o3a11,auxiliary.graph.mean_abs_change,1951,0.0009416554855965154,0.0008993817027658224,0.0007374573615379632,0.0012044047471135855,1951,0,0,0.000545513175893575,0.0006856662583565909,196
o3a11,auxiliary.graph.outside_allowed_max_change,1951,0.0,0.0,0.0,0.0,0,1951,0,0.0,0.0,196
o3a11,auxiliary.graph.reliable_max_change,1951,0.0,0.0,0.0,0.0,0,1951,0,0.0,0.0,196
o3a11,auxiliary.graph.q_nested_violations,1951,163.0789338800615,68.0,8.0,385.0,1922,29,0,0.0,3.423469387755102,196
o3a11,auxiliary.graph.qstar_nested_violations,1951,163.0845720143516,68.0,8.0,385.0,1922,29,0,0.0,3.423469387755102,196
o3a12,r4t.global_visit,1951,976.0,976.0,196.0,1756.0,1951,0,0,1.0,98.5,196
o3a12,r4t.counts.network_forwards,1951,8.0,8.0,8.0,8.0,1951,0,0,8.0,8.0,196
o3a12,r4t.counts.loss_backward_calls,1951,1.0,1.0,1.0,1.0,1951,0,0,1.0,1.0,196
o3a12,r4t.counts.jacobian_vjp_calls,1951,0.0,0.0,0.0,0.0,0,1951,0,0.0,0.0,196
o3a12,r4t.counts.adam_calls,1951,1.0,1.0,1.0,1.0,1951,0,0,1.0,1.0,196
o3a12,r4t.counts.actual_parameter_replacements,1951,0.0,0.0,0.0,0.0,0,1951,0,0.0,0.0,196
o3a12,r4t.graph.free_nodes,1951,1300.3951819579702,1290.0,1033.0,1609.0,1951,0,0,742.0,955.6173469387755,196
o3a12,r4t.graph.steps,1951,64.0,64.0,64.0,64.0,1951,0,0,64.0,64.0,196
o3a12,r4t.graph.energy_before,1951,20.372562748158842,19.907165607379497,14.017404970707382,27.436667724554646,1951,0,0,9.89587234326501,12.793639949245799,196
o3a12,r4t.graph.energy_after,1951,16.96942074217773,16.742021140423073,11.846281888257682,22.583246775964298,1951,0,0,8.731434440334931,10.79878994306422,196
o3a12,r4t.graph.max_free_linear_residual,1951,6.344935421646062e-10,5.273497194480115e-10,2.1576451736393665e-10,1.0886602730408868e-09,1951,0,0,1.8068657681169498e-11,1.5292390823039548e-10,196
o3a12,r4t.graph.max_contraction,1951,0.7997400036702413,0.7998194902145922,0.7993472188240717,0.8,1951,0,0,0.7982255962857872,0.7991315576509063,196
o3a12,r4t.graph.exact_fixed_nodes,1951,1.0,1.0,1.0,1.0,1951,0,0,1.0,1.0,196
o3a12,r4t.graph.grid,1951,128.0,128.0,128.0,128.0,1951,0,0,128.0,128.0,196
o3a12,r4t.graph.potential_undirected_edges,1951,32512.0,32512.0,32512.0,32512.0,1951,0,0,32512.0,32512.0,196
o3a12,r4t.graph.reliable_grid_counts.0,1951,15302.151717068171,15451.0,14685.0,15750.0,1951,0,0,11855.0,14185.260204081633,196
o3a12,r4t.graph.reliable_grid_counts.1,1951,15726.153767298822,15757.0,15418.0,15988.0,1951,0,0,14737.0,15265.770408163266,196
o3a12,r4t.graph.free_grid_counts.0,1951,784.0984110712456,769.0,608.0,970.0,1951,0,0,445.0,562.6938775510204,196
o3a12,r4t.graph.free_grid_counts.1,1951,516.2967708867247,496.0,380.0,688.0,1951,0,0,259.0,350.80102040816325,196
o3a12,r4t.graph.allowed_full_counts.0,1951,12216.12352639672,11995.0,9279.0,15244.0,1951,0,0,6365.0,8530.780612244898,196
o3a12,r4t.graph.allowed_full_counts.1,1951,8094.083034341364,7801.0,5894.0,10828.0,1951,0,0,3955.0,5411.5459183673465,196
o3a12,r4t.graph.qstar_changed_full_counts.0,1951,12216.116863147105,11995.0,9279.0,15244.0,1951,0,0,6365.0,8530.770408163266,196
o3a12,r4t.graph.qstar_changed_full_counts.1,1951,8094.079958995387,7801.0,5894.0,10828.0,1951,0,0,3955.0,5411.540816326531,196
o3a12,r4t.graph.mean_abs_probability_correction,1951,0.0009528204397957625,0.0009102608310058713,0.0007520044455304742,0.0012139694299548864,1951,0,0,0.000573623925447464,0.0007023785622049199,196
o3a12,r4t.graph.max_abs_probability_correction,1951,0.14366285122171052,0.14170461893081665,0.11241614818572998,0.17508012056350708,1951,0,0,0.07706302404403687,0.10457573329307596,196
o3a12,r4t.graph.weight_h_mean,1951,0.8959174879430074,0.9005526060601641,0.8531273969914835,0.9329027763690507,1951,0,0,0.7199702275690871,0.8288596204350195,196
o3a12,r4t.graph.weight_v_mean,1951,0.9069563736212752,0.9111925971498613,0.8636506566108916,0.9442730490075322,1951,0,0,0.7373470790586898,0.8424279754038997,196
o3a12,r4t.graph.exact_outside_allowed,1951,1.0,1.0,1.0,1.0,1951,0,0,1.0,1.0,196
o3a12,r4t.graph.exact_reliable_full,1951,1.0,1.0,1.0,1.0,1951,0,0,1.0,1.0,196
o3a12,r4t.graph.graph_seconds,1951,0.09446176366204122,0.094645885983482,0.09327550209127367,0.09601183701306581,1951,0,0,0.07758419681340456,0.09035458275573138,196
o3a12,r4t.teacher_update,1951,0.0,0.0,0.0,0.0,0,1951,0,0.0,0.0,196
o3a12,r4t.source_unchanged,1951,1.0,1.0,1.0,1.0,1951,0,0,1.0,1.0,196
o3a12,r4t.base_loss,1951,0.07403176519609243,0.05782836303114891,0.03878285735845566,0.12579679489135742,1951,0,0,0.028636567294597626,0.035758129853223054,196
o3a12,r4t.host_seconds,1951,0.7135334859558237,0.7343883388675749,0.6086414400488138,0.7558695119805634,1951,0,0,0.48678877018392086,0.5846832143962478,196
o3a12,r4t.trainable_scalars,1951,19136.0,19136.0,19136.0,19136.0,1951,0,0,19136.0,19136.0,196
o3a12,r4t.final_raw_probability_nested_violations,1951,2555.6191696565866,2423.0,883.0,4375.0,1951,0,0,332.0,689.6479591836735,196
o3a12,auxiliary.q.0.total_pixels,1951,262144.0,262144.0,262144.0,262144.0,1951,0,0,262144.0,262144.0,196
o3a12,auxiliary.q.0.gt_foreground,1951,29364.35161455664,28513.0,15296.0,45565.0,1951,0,0,9104.0,13711.244897959185,196
o3a12,auxiliary.q.0.gt_background,1951,232779.64838544338,233631.0,216579.0,246848.0,1951,0,0,185479.0,210883.1530612245,196
o3a12,auxiliary.q.0.pred_foreground,1951,30229.094310609944,27830.0,20666.0,42245.0,1951,0,0,17816.0,19722.163265306124,196
o3a12,auxiliary.q.0.intersection,1951,26299.264992311633,25973.0,14755.0,39546.0,1951,0,0,9104.0,13357.765306122448,196
o3a12,auxiliary.q.0.dice,1951,0.8768249777816314,0.8991792967111963,0.7744064068580452,0.9499972525962965,1951,0,0,0.42942628616569567,0.7020398847127992,196
o3a12,auxiliary.q.0.brier_sum,1951,5326.72249971608,4141.735949465751,2093.0076356595246,10405.104822487858,1951,0,0,1076.3460324368375,1770.7599898810931,196
o3a12,auxiliary.q.0.brier,1951,0.020319833754410096,0.015799468801367764,0.007984190504682635,0.03969232491488593,1951,0,0,0.004105934266803122,0.006754913291477559,196
o3a12,auxiliary.q.0.foreground_brier_sum,1951,2329.7910418420647,1155.6580749709237,103.70068249739697,5870.6805270240075,1951,0,0,0.12816168833077057,49.640254823828066,196
o3a12,auxiliary.q.0.background_brier_sum,1951,2996.931457874015,2483.663981447561,262.6687798028733,6243.413674792804,1951,0,0,0.011565283447855096,107.612695248867,196
o3a12,auxiliary.q.0.foreground_brier,1951,0.06338802013086836,0.04345954757889155,0.005971119329242782,0.14694859445296454,1951,0,0,6.211490734782658e-06,0.0028847463988851373,196
o3a12,auxiliary.q.0.background_brier,1951,0.012695241578798524,0.010494555846196877,0.0011786298671543273,0.026548449260385163,1951,0,0,6.235360039602918e-08,0.00048541945763032573,196
o3a12,auxiliary.q.1.total_pixels,1951,262144.0,262144.0,262144.0,262144.0,1951,0,0,262144.0,262144.0,196
o3a12,auxiliary.q.1.gt_foreground,1951,9633.745771399283,7259.0,2865.0,19762.0,1951,0,0,907.0,2369.5255102040815,196
o3a12,auxiliary.q.1.gt_background,1951,252510.2542286007,254885.0,242382.0,259279.0,1951,0,0,213174.0,236489.056122449,196
o3a12,auxiliary.q.1.pred_foreground,1951,9000.77549974372,8246.0,6994.0,12222.0,1951,0,0,1154.0,6309.933673469388,196
o3a12,auxiliary.q.1.intersection,1951,6550.770886724757,6333.0,2812.0,10648.0,1951,0,0,617.0,2307.168367346939,196
o3a12,auxiliary.q.1.dice,1951,0.7073993058627164,0.7236248990333255,0.5172807597523592,0.8833945435466947,1951,0,0,0.060698506206606356,0.43684877362348074,196
o3a12,auxiliary.q.1.brier_sum,1951,4229.071344560847,3002.150528742728,1342.2612670349872,8703.919277107003,1951,0,0,569.1302391598956,1084.5708030152705,196
o3a12,auxiliary.q.1.brier,1951,0.016132626894229306,0.011452295412989533,0.005120320385112714,0.03320281706660081,1951,0,0,0.002171059567107756,0.004137309276639063,196
o3a12,auxiliary.q.1.foreground_brier_sum,1951,2448.4789556538076,476.4664355208703,10.259391177042495,7528.655815314565,1951,0,0,0.010243197267776338,3.6250976947715934,196
o3a12,auxiliary.q.1.background_brier_sum,1951,1780.59238890704,1660.4653881282748,64.01885673422282,3539.326868189371,1951,0,0,0.0009596250883977839,14.213391899222993,196
o3a12,auxiliary.q.1.foreground_brier,1951,0.14732272959867426,0.0734000700002751,0.0030661717294903036,0.40843258161467794,1951,0,0,4.681534400263409e-06,0.0010800231579141315,196
o3a12,auxiliary.q.1.background_brier,1951,0.0069647829084369724,0.0065586260825010855,0.0002647441350976985,0.013774769617191299,1951,0,0,4.134141048232325e-09,5.836929983308355e-05,196
o3a12,auxiliary.qstar.0.total_pixels,1951,262144.0,262144.0,262144.0,262144.0,1951,0,0,262144.0,262144.0,196
o3a12,auxiliary.qstar.0.gt_foreground,1951,29364.35161455664,28513.0,15296.0,45565.0,1951,0,0,9104.0,13711.244897959185,196
o3a12,auxiliary.qstar.0.gt_background,1951,232779.64838544338,233631.0,216579.0,246848.0,1951,0,0,185479.0,210883.1530612245,196
o3a12,auxiliary.qstar.0.pred_foreground,1951,30194.585340850845,27908.0,20609.0,42185.0,1951,0,0,18174.0,19709.474489795917,196
o3a12,auxiliary.qstar.0.intersection,1951,26291.479241414658,26022.0,14741.0,39509.0,1951,0,0,9104.0,13346.938775510203,196
o3a12,auxiliary.qstar.0.dice,1951,0.8773122176261684,0.8991811349444743,0.7751734974466413,0.9511383304486752,1951,0,0,0.4282648500718631,0.7039366799913646,196
o3a12,auxiliary.qstar.0.brier_sum,1951,5296.491230122638,4097.5080857195635,2080.3125607600477,10380.523617399056,1951,0,0,1059.6755193540032,1756.5685925646846,196
o3a12,auxiliary.qstar.0.brier,1951,0.02020451061295562,0.015630752890470747,0.007935762637176696,0.03959855505904791,1951,0,0,0.004042341306129468,0.006700777406939257,196
o3a12,auxiliary.qstar.0.foreground_brier_sum,1951,2320.4722751228014,1147.0707650405996,103.36223873953202,5873.113402719879,1951,0,0,0.12816168833077057,50.04778698933944,196
o3a12,auxiliary.qstar.0.background_brier_sum,1951,2976.018954999837,2455.244984175058,276.86093011246044,6216.129710278743,1951,0,0,0.011565283447855096,113.23111104870435,196
o3a12,auxiliary.qstar.0.foreground_brier,1951,0.062965360706727,0.04216270786394116,0.005976308191949856,0.14665812167153158,1951,0,0,6.211490734782658e-06,0.002941185564928173,196
o3a12,auxiliary.qstar.0.background_brier,1951,0.012606066831174245,0.010468375190342704,0.0012090342404544186,0.026342953039590444,1951,0,0,6.235360039602918e-08,0.0005122167599010219,196
o3a12,auxiliary.qstar.1.total_pixels,1951,262144.0,262144.0,262144.0,262144.0,1951,0,0,262144.0,262144.0,196
o3a12,auxiliary.qstar.1.gt_foreground,1951,9633.745771399283,7259.0,2865.0,19762.0,1951,0,0,907.0,2369.5255102040815,196
o3a12,auxiliary.qstar.1.gt_background,1951,252510.2542286007,254885.0,242382.0,259279.0,1951,0,0,213174.0,236489.056122449,196
o3a12,auxiliary.qstar.1.pred_foreground,1951,8908.679138903126,8171.0,6944.0,12082.0,1951,0,0,682.0,6232.3877551020405,196
o3a12,auxiliary.qstar.1.intersection,1951,6516.609943618657,6326.0,2807.0,10569.0,1951,0,0,593.0,2303.9285714285716,196
o3a12,auxiliary.qstar.1.dice,1951,0.7083666072337814,0.7255139056831923,0.520122652357225,0.8846615939126953,1951,0,0,0.03632296548785684,0.43816367616934093,196
o3a12,auxiliary.qstar.1.brier_sum,1951,4193.079795349481,2955.1860629097564,1338.2450263136657,8682.031516388572,1951,0,0,580.0956791717657,1080.1751574888592,196
o3a12,auxiliary.qstar.1.brier,1951,0.0159953300298671,0.011273140193594957,0.005104999642614997,0.033119321885637557,1951,0,0,0.002212889401137412,0.004120541219668805,196
o3a12,auxiliary.qstar.1.foreground_brier_sum,1951,2456.213841634497,487.7455085133775,10.879269828827368,7564.229057789632,1951,0,0,0.010243197267776338,3.8313116930479603,196
o3a12,auxiliary.qstar.1.background_brier_sum,1951,1736.8659537149836,1610.7547314577855,63.065315266507234,3456.5490453188927,1951,0,0,0.0009596250883977839,14.539997122516086,196
o3a12,auxiliary.qstar.1.foreground_brier,1951,0.1481463213785258,0.0759677394523423,0.0033142256607419343,0.40774471260009976,1951,0,0,4.681534400263409e-06,0.0011398905807305578,196
o3a12,auxiliary.qstar.1.background_brier,1951,0.0067934068282817246,0.006354205042090718,0.00026508949930257523,0.013454741914389381,1951,0,0,4.134141048232325e-09,5.977141432908532e-05,196
o3a12,auxiliary.graph.transitions.0.denominator,1951,262144.0,262144.0,262144.0,262144.0,1951,0,0,262144.0,262144.0,196
o3a12,auxiliary.graph.transitions.0.wrong_to_correct,1951,207.18298308559713,174.0,104.0,302.0,1951,0,0,36.0,84.74489795918367,196
o3a12,auxiliary.graph.transitions.0.correct_to_wrong,1951,188.24551512045105,170.0,90.0,300.0,1951,0,0,23.0,72.25,196
o3a12,auxiliary.graph.transitions.0.correct_unchanged,1951,254960.83854433623,256371.0,248617.0,259190.0,1951,0,0,231352.0,243888.47959183675,196
o3a12,auxiliary.graph.transitions.0.wrong_unchanged,1951,6787.732957457714,5422.0,2648.0,13102.0,1951,0,0,862.0,2160.1071428571427,196
o3a12,auxiliary.graph.transitions.1.denominator,1951,12216.12352639672,11995.0,9279.0,15244.0,1951,0,0,6365.0,8530.780612244898,196
o3a12,auxiliary.graph.transitions.1.wrong_to_correct,1951,207.18298308559713,174.0,104.0,302.0,1951,0,0,36.0,84.74489795918367,196
o3a12,auxiliary.graph.transitions.1.correct_to_wrong,1951,188.24551512045105,170.0,90.0,300.0,1951,0,0,23.0,72.25,196
o3a12,auxiliary.graph.transitions.1.correct_unchanged,1951,7735.365453613532,7734.0,5841.0,9585.0,1951,0,0,3132.0,5189.173469387755,196
o3a12,auxiliary.graph.transitions.1.wrong_unchanged,1951,4085.3295745771397,3863.0,2362.0,6171.0,1951,0,0,862.0,1993.75,196
o3a12,auxiliary.graph.transitions.2.denominator,1951,395.4284982060482,352.0,254.0,537.0,1951,0,0,174.0,231.30102040816325,196
o3a12,auxiliary.graph.transitions.2.wrong_to_correct,1951,207.18298308559713,174.0,104.0,302.0,1951,0,0,36.0,84.74489795918367,196
o3a12,auxiliary.graph.transitions.2.correct_to_wrong,1951,188.24551512045105,170.0,90.0,300.0,1951,0,0,23.0,72.25,196
o3a12,auxiliary.graph.transitions.2.correct_unchanged,1951,0.0,0.0,0.0,0.0,0,1951,0,0.0,0.0,196
o3a12,auxiliary.graph.transitions.2.wrong_unchanged,1951,0.0,0.0,0.0,0.0,0,1951,0,0.0,0.0,196
o3a12,auxiliary.graph.transitions.3.denominator,1951,262144.0,262144.0,262144.0,262144.0,1951,0,0,262144.0,262144.0,196
o3a12,auxiliary.graph.transitions.3.wrong_to_correct,1951,130.38903126601744,120.0,56.0,214.0,1951,0,0,10.0,41.59183673469388,196
o3a12,auxiliary.graph.transitions.3.correct_to_wrong,1951,106.61455663762173,78.0,34.0,220.0,1951,0,0,10.0,26.739795918367346,196
o3a12,auxiliary.graph.transitions.3.correct_unchanged,1951,256504.4059456689,257879.0,250890.0,260274.0,1951,0,0,220902.0,245814.76020408163,196
o3a12,auxiliary.graph.transitions.3.wrong_unchanged,1951,5402.590466427473,4062.0,1718.0,10876.0,1951,0,0,511.0,1333.1938775510205,196
o3a12,auxiliary.graph.transitions.4.denominator,1951,8094.083034341364,7801.0,5894.0,10828.0,1951,0,0,3955.0,5411.5459183673465,196
o3a12,auxiliary.graph.transitions.4.wrong_to_correct,1951,130.38903126601744,120.0,56.0,214.0,1951,0,0,10.0,41.59183673469388,196
o3a12,auxiliary.graph.transitions.4.correct_to_wrong,1951,106.61455663762173,78.0,34.0,220.0,1951,0,0,10.0,26.739795918367346,196
o3a12,auxiliary.graph.transitions.4.correct_unchanged,1951,4917.945156330087,4861.0,3581.0,6272.0,1951,0,0,672.0,3184.545918367347,196
o3a12,auxiliary.graph.transitions.4.wrong_unchanged,1951,2939.1342901076373,2760.0,1554.0,4533.0,1951,0,0,511.0,1258.061224489796,196
o3a12,auxiliary.graph.transitions.5.denominator,1951,237.00358790363916,199.0,125.0,394.0,1951,0,0,61.0,108.78061224489795,196
o3a12,auxiliary.graph.transitions.5.wrong_to_correct,1951,130.38903126601744,120.0,56.0,214.0,1951,0,0,10.0,41.59183673469388,196
o3a12,auxiliary.graph.transitions.5.correct_to_wrong,1951,106.61455663762173,78.0,34.0,220.0,1951,0,0,10.0,26.739795918367346,196
o3a12,auxiliary.graph.transitions.5.correct_unchanged,1951,0.0,0.0,0.0,0.0,0,1951,0,0.0,0.0,196
o3a12,auxiliary.graph.transitions.5.wrong_unchanged,1951,0.0,0.0,0.0,0.0,0,1951,0,0.0,0.0,196
o3a12,auxiliary.graph.allowed_counts.0,1951,12216.12352639672,11995.0,9279.0,15244.0,1951,0,0,6365.0,8530.780612244898,196
o3a12,auxiliary.graph.allowed_counts.1,1951,8094.083034341364,7801.0,5894.0,10828.0,1951,0,0,3955.0,5411.5459183673465,196
o3a12,auxiliary.graph.reliable_counts.0,1951,244849.08867247566,247251.0,234856.0,252084.0,1951,0,0,189674.0,226861.61224489796,196
o3a12,auxiliary.graph.reliable_counts.1,1951,251635.14966683753,252106.0,246719.0,255830.0,1951,0,0,235858.0,244291.77040816325,196
o3a12,auxiliary.graph.reliable_correct.0,1951,242768.78882624296,245130.0,231541.0,250943.0,1951,0,0,188104.0,223602.23979591837,196
o3a12,auxiliary.graph.reliable_correct.1,1951,249634.10712455152,250700.0,242601.0,255254.0,1951,0,0,213204.0,237919.79081632654,196
o3a12,auxiliary.graph.changed_counts.0,1951,12216.116863147105,11995.0,9279.0,15244.0,1951,0,0,6365.0,8530.770408163266,196
o3a12,auxiliary.graph.changed_counts.1,1951,8094.079958995387,7801.0,5894.0,10828.0,1951,0,0,3955.0,5411.540816326531,196
o3a12,auxiliary.graph.mean_abs_change,1951,0.0009528204397957625,0.0009102608310058713,0.0007520044455304742,0.0012139694299548864,1951,0,0,0.000573623925447464,0.0007023785622049199,196
o3a12,auxiliary.graph.outside_allowed_max_change,1951,0.0,0.0,0.0,0.0,0,1951,0,0.0,0.0,196
o3a12,auxiliary.graph.reliable_max_change,1951,0.0,0.0,0.0,0.0,0,1951,0,0.0,0.0,196
o3a12,auxiliary.graph.q_nested_violations,1951,163.3377754997437,68.0,8.0,386.0,1922,29,0,0.0,3.4081632653061225,196
o3a12,auxiliary.graph.qstar_nested_violations,1951,163.3444387493593,68.0,8.0,386.0,1922,29,0,0.0,3.4081632653061225,196
o3a13,r4t.global_visit,1951,976.0,976.0,196.0,1756.0,1951,0,0,1.0,98.5,196
o3a13,r4t.counts.network_forwards,1951,8.0,8.0,8.0,8.0,1951,0,0,8.0,8.0,196
o3a13,r4t.counts.loss_backward_calls,1951,1.0,1.0,1.0,1.0,1951,0,0,1.0,1.0,196
o3a13,r4t.counts.jacobian_vjp_calls,1951,0.0,0.0,0.0,0.0,0,1951,0,0.0,0.0,196
o3a13,r4t.counts.adam_calls,1951,1.0,1.0,1.0,1.0,1951,0,0,1.0,1.0,196
o3a13,r4t.counts.actual_parameter_replacements,1951,0.0,0.0,0.0,0.0,0,1951,0,0.0,0.0,196
o3a13,r4t.graph.free_nodes,1951,1721.539723218862,1566.0,1095.0,2507.0,1951,0,0,749.0,998.3775510204082,196
o3a13,r4t.graph.steps,1951,64.0,64.0,64.0,64.0,1951,0,0,64.0,64.0,196
o3a13,r4t.graph.energy_before,1951,17.036944422926993,16.715056489186864,12.395499298317791,22.126858633229666,1951,0,0,9.436016870005494,11.440981599064214,196
o3a13,r4t.graph.energy_after,1951,13.817364860374735,13.596188529701987,9.898177859521862,17.985374931022264,1951,0,0,7.2819304159683504,9.018075240730795,196
o3a13,r4t.graph.max_free_linear_residual,1951,1.847788407902583e-09,1.481819111859295e-09,2.571121093808415e-10,3.949059301788793e-09,1951,0,0,6.001421581913746e-12,1.3189992522236353e-10,196
o3a13,r4t.graph.max_contraction,1951,0.799914694596063,0.8,0.7997138720844329,0.8,1951,0,0,0.7986497320103382,0.799560528786043,196
o3a13,r4t.graph.exact_fixed_nodes,1951,1.0,1.0,1.0,1.0,1951,0,0,1.0,1.0,196
o3a13,r4t.graph.grid,1951,128.0,128.0,128.0,128.0,1951,0,0,128.0,128.0,196
o3a13,r4t.graph.potential_undirected_edges,1951,32512.0,32512.0,32512.0,32512.0,1951,0,0,32512.0,32512.0,196
o3a13,r4t.graph.reliable_grid_counts.0,1951,15313.728344438749,15463.0,14701.0,15764.0,1951,0,0,11838.0,14192.510204081633,196
o3a13,r4t.graph.reliable_grid_counts.1,1951,15732.731932342389,15764.0,15429.0,15993.0,1951,0,0,14738.0,15275.770408163266,196
o3a13,r4t.graph.free_grid_counts.0,1951,1070.2716555612506,921.0,620.0,1683.0,1951,0,0,441.0,568.9336734693877,196
o3a13,r4t.graph.free_grid_counts.1,1951,651.2680676576115,620.0,391.0,955.0,1951,0,0,258.0,355.4642857142857,196
o3a13,r4t.graph.allowed_full_counts.0,1951,16590.916453100974,14254.0,9436.0,26426.0,1951,0,0,6424.0,8578.142857142857,196
o3a13,r4t.graph.allowed_full_counts.1,1951,10086.522296258328,9585.0,6035.0,14837.0,1951,0,0,3939.0,5466.311224489796,196
o3a13,r4t.graph.qstar_changed_full_counts.0,1951,16590.907227063046,14254.0,9436.0,26426.0,1951,0,0,6424.0,8578.142857142857,196
o3a13,r4t.graph.qstar_changed_full_counts.1,1951,10086.513582778063,9585.0,6035.0,14837.0,1951,0,0,3939.0,5466.306122448979,196
o3a13,r4t.graph.mean_abs_probability_correction,1951,0.0010923999278454816,0.001051700091920793,0.0007877855096012354,0.0014084521681070328,1951,0,0,0.0006053706165403128,0.0007272870089782744,196
o3a13,r4t.graph.max_abs_probability_correction,1951,0.14071936207679772,0.13828182220458984,0.11097359657287598,0.1736566126346588,1951,0,0,0.07871061563491821,0.10339223232348355,196
o3a13,r4t.graph.weight_h_mean,1951,0.8959174879430074,0.9005526060601641,0.8531273969914835,0.9329027763690507,1951,0,0,0.7199702275690871,0.8288596204350195,196
o3a13,r4t.graph.weight_v_mean,1951,0.9069563736212752,0.9111925971498613,0.8636506566108916,0.9442730490075322,1951,0,0,0.7373470790586899,0.8424279754038997,196
o3a13,r4t.graph.exact_outside_allowed,1951,1.0,1.0,1.0,1.0,1951,0,0,1.0,1.0,196
o3a13,r4t.graph.exact_reliable_full,1951,1.0,1.0,1.0,1.0,1951,0,0,1.0,1.0,196
o3a13,r4t.graph.graph_seconds,1951,0.09343572493727538,0.0936603699810803,0.09258515015244484,0.09465269185602665,1951,0,0,0.07758126594126225,0.08993896162279938,196
o3a13,r4t.teacher_update,1951,0.0,0.0,0.0,0.0,0,1951,0,0.0,0.0,196
o3a13,r4t.source_unchanged,1951,1.0,1.0,1.0,1.0,1951,0,0,1.0,1.0,196
o3a13,r4t.base_loss,1951,0.0725826390578327,0.056692637503147125,0.03798609599471092,0.12323310971260071,1951,0,0,0.028460366651415825,0.0349231597549301,196
o3a13,r4t.host_seconds,1951,0.6408186101410509,0.6185615349095315,0.5779486540704966,0.710251523880288,1951,0,0,0.49231523904018104,0.5670700032663133,196
o3a13,r4t.trainable_scalars,1951,19136.0,19136.0,19136.0,19136.0,1951,0,0,19136.0,19136.0,196
o3a13,r4t.final_raw_probability_nested_violations,1951,2530.305996924654,2386.0,879.0,4324.0,1951,0,0,333.0,687.1479591836735,196
o3a13,auxiliary.q.0.total_pixels,1951,262144.0,262144.0,262144.0,262144.0,1951,0,0,262144.0,262144.0,196
o3a13,auxiliary.q.0.gt_foreground,1951,29364.35161455664,28513.0,15296.0,45565.0,1951,0,0,9104.0,13711.244897959185,196
o3a13,auxiliary.q.0.gt_background,1951,232779.64838544338,233631.0,216579.0,246848.0,1951,0,0,185479.0,210883.1530612245,196
o3a13,auxiliary.q.0.pred_foreground,1951,29967.676576114813,27470.0,20540.0,41926.0,1951,0,0,17718.0,19666.244897959183,196
o3a13,auxiliary.q.0.intersection,1951,26194.746283956945,25828.0,14740.0,39382.0,1951,0,0,9104.0,13352.795918367347,196
o3a13,auxiliary.q.0.dice,1951,0.8775086692161083,0.8988022992190899,0.7752974897941457,0.9502329002206423,1951,0,0,0.43498535302206015,0.7045656667292345,196
o3a13,auxiliary.q.0.brier_sum,1951,5290.636856267289,4123.694312174019,2083.7632001007123,10208.88161376285,1951,0,0,1077.0297559256703,1764.0514033458537,196
o3a13,auxiliary.q.0.brier,1951,0.020182177949017673,0.015730645416923594,0.007948925781634187,0.03894379277711048,1951,0,0,0.004108542464926416,0.006729322064765372,196
o3a13,auxiliary.q.0.foreground_brier_sum,1951,2412.6793703456456,1226.611704091925,111.55320597104446,6039.4964806237895,1951,0,0,0.1402155636113278,53.54529986947181,196
o3a13,auxiliary.q.0.background_brier_sum,1951,2877.9574859216427,2374.455050097975,224.25674350536386,6071.75822814375,1951,0,0,0.011516296775184294,90.12499882362198,196
o3a13,auxiliary.q.0.foreground_brier,1951,0.06569553293017329,0.04558112235935735,0.0063900496679819025,0.15190559381702015,1951,0,0,6.7956944511863425e-06,0.003130827166224108,196
o3a13,auxiliary.q.0.background_brier,1951,0.01218078820074919,0.010134123972545348,0.0009944773134270375,0.02573939255214303,1951,0,0,6.208949139894163e-08,0.0004071930706194976,196
o3a13,auxiliary.q.1.total_pixels,1951,262144.0,262144.0,262144.0,262144.0,1951,0,0,262144.0,262144.0,196
o3a13,auxiliary.q.1.gt_foreground,1951,9633.745771399283,7259.0,2865.0,19762.0,1951,0,0,907.0,2369.5255102040815,196
o3a13,auxiliary.q.1.gt_background,1951,252510.2542286007,254885.0,242382.0,259279.0,1951,0,0,213174.0,236489.056122449,196
o3a13,auxiliary.q.1.pred_foreground,1951,8968.722193746797,8215.0,6970.0,12160.0,1951,0,0,1303.0,6303.607142857143,196
o3a13,auxiliary.q.1.intersection,1951,6544.1922091235265,6310.0,2812.0,10645.0,1951,0,0,613.0,2308.637755102041,196
o3a13,auxiliary.q.1.dice,1951,0.7081112674642381,0.7246088899925502,0.518947622495776,0.8840998685939553,1951,0,0,0.06802419131110247,0.4383175083155142,196
o3a13,auxiliary.q.1.brier_sum,1951,4220.965876419138,2996.8930367094226,1339.275184871,8703.053674386476,1951,0,0,565.49224723404,1074.9107543573432,196
o3a13,auxiliary.q.1.brier,1951,0.016101706987072518,0.011432239672506037,0.00510892938564682,0.0331995150542697,1951,0,0,0.0021571817292558287,0.004100459115437863,196
o3a13,auxiliary.q.1.foreground_brier_sum,1951,2457.9304909988705,480.3661010683402,10.29610508913781,7576.449171913913,1951,0,0,0.010310310782880805,3.6318898583807107,196
o3a13,auxiliary.q.1.background_brier_sum,1951,1763.0353854202679,1632.1106349593595,60.62588752336135,3524.995120412842,1951,0,0,0.0009357478946955199,13.343999270357926,196
o3a13,auxiliary.q.1.foreground_brier,1951,0.1479386067807675,0.0741346802152043,0.0030721491833480617,0.40888228017018513,1951,0,0,4.712207853236199e-06,0.0010811738387713073,196
o3a13,auxiliary.q.1.background_brier,1951,0.006895290685852363,0.006476044143564063,0.00025124274423234306,0.013654701863409334,1951,0,0,4.031276202581056e-09,5.485096764425465e-05,196
o3a13,auxiliary.qstar.0.total_pixels,1951,262144.0,262144.0,262144.0,262144.0,1951,0,0,262144.0,262144.0,196
o3a13,auxiliary.qstar.0.gt_foreground,1951,29364.35161455664,28513.0,15296.0,45565.0,1951,0,0,9104.0,13711.244897959185,196
o3a13,auxiliary.qstar.0.gt_background,1951,232779.64838544338,233631.0,216579.0,246848.0,1951,0,0,185479.0,210883.1530612245,196
o3a13,auxiliary.qstar.0.pred_foreground,1951,29908.729882111737,27483.0,20461.0,41841.0,1951,0,0,18070.0,19603.372448979593,196
o3a13,auxiliary.qstar.0.intersection,1951,26197.17375704767,25810.0,14767.0,39372.0,1951,0,0,9104.0,13350.755102040815,196
o3a13,auxiliary.qstar.0.dice,1951,0.8787673996352474,0.9005319536544487,0.777566395251503,0.9525187241886185,1951,0,0,0.43402867540318574,0.7071468553310418,196
o3a13,auxiliary.qstar.0.brier_sum,1951,5221.290757094879,4035.5793948827863,2013.9983483664912,10194.141968693495,1951,0,0,1070.7740943469094,1709.9442823723803,196
o3a13,auxiliary.qstar.0.brier,1951,0.01991764357412292,0.015394513682871957,0.00768279399248692,0.03888756549336813,1951,0,0,0.004084679009807241,0.006522919778337022,196
o3a13,auxiliary.qstar.0.foreground_brier_sum,1951,2396.2432608148783,1206.2138049053156,106.05670107282414,6050.242073368484,1951,0,0,0.1402155636113278,52.78481211616208,196
o3a13,auxiliary.qstar.0.background_brier_sum,1951,2825.04749628,2313.5777934602934,223.3136306643961,5960.41295232387,1951,0,0,0.011516296775184294,91.3233252138961,196
o3a13,auxiliary.qstar.0.foreground_brier,1951,0.06507433423692124,0.04457526952322393,0.006211921192262274,0.15092506523328406,1951,0,0,6.7956944511863425e-06,0.0031081604690850364,196
o3a13,auxiliary.qstar.0.background_brier,1951,0.011958352669730278,0.009844094117274682,0.0010038739653531806,0.02545740972093106,1951,0,0,6.208949139894163e-08,0.00041262386974521507,196
o3a13,auxiliary.qstar.1.total_pixels,1951,262144.0,262144.0,262144.0,262144.0,1951,0,0,262144.0,262144.0,196
o3a13,auxiliary.qstar.1.gt_foreground,1951,9633.745771399283,7259.0,2865.0,19762.0,1951,0,0,907.0,2369.5255102040815,196
o3a13,auxiliary.qstar.1.gt_background,1951,252510.2542286007,254885.0,242382.0,259279.0,1951,0,0,213174.0,236489.056122449,196
o3a13,auxiliary.qstar.1.pred_foreground,1951,8876.586365966172,8131.0,6912.0,12025.0,1951,0,0,918.0,6218.918367346939,196
o3a13,auxiliary.qstar.1.intersection,1951,6507.960533059969,6294.0,2804.0,10561.0,1951,0,0,603.0,2304.811224489796,196
o3a13,auxiliary.qstar.1.dice,1951,0.7087897462677422,0.7251911485092439,0.5212725903614458,0.8855259617971483,1951,0,0,0.04858685296919657,0.4389905655547897,196
o3a13,auxiliary.qstar.1.brier_sum,1951,4187.316745398024,2938.7152531148004,1325.3557202860177,8708.978698851688,1951,0,0,576.5571769665651,1068.2512040435379,196
o3a13,auxiliary.qstar.1.brier,1951,0.015973345738975617,0.011210309040507509,0.005055830842155524,0.033222117228895905,1951,0,0,0.002199391086450825,0.004075054947065498,196
o3a13,auxiliary.qstar.1.foreground_brier_sum,1951,2473.0235776993586,494.44283726104203,11.121635174478932,7587.519996378411,1951,0,0,0.010310310782880805,3.830748686706325,196
o3a13,auxiliary.qstar.1.background_brier_sum,1951,1714.2931676986655,1577.7287369936585,59.39977089260928,3446.9433691678187,1951,0,0,0.0009357478946955199,13.03578905615872,196
o3a13,auxiliary.qstar.1.foreground_brier,1951,0.14934307977911285,0.07632581404211787,0.0032962487229932277,0.40998410474654784,1951,0,0,4.712207853236199e-06,0.0011400772921617878,196
o3a13,auxiliary.qstar.1.background_brier,1951,0.006704260567338494,0.006234883433380252,0.00024272742868366561,0.01333688967788545,1951,0,0,4.031276202581056e-09,5.3594919416035854e-05,196
o3a13,auxiliary.graph.transitions.0.denominator,1951,262144.0,262144.0,262144.0,262144.0,1951,0,0,262144.0,262144.0,196
o3a13,auxiliary.graph.transitions.0.wrong_to_correct,1951,226.96565863659663,194.0,124.0,325.0,1951,0,0,52.0,103.88775510204081,196
o3a13,auxiliary.graph.transitions.0.correct_to_wrong,1951,163.16401845207585,144.0,73.0,271.0,1951,0,0,21.0,56.923469387755105,196
o3a13,auxiliary.graph.transitions.0.correct_unchanged,1951,255038.30035879035,256384.0,248719.0,259214.0,1951,0,0,231597.0,244041.92346938775,196
o3a13,auxiliary.graph.transitions.0.wrong_unchanged,1951,6715.569964120964,5410.0,2608.0,12885.0,1951,0,0,838.0,2120.826530612245,196
o3a13,auxiliary.graph.transitions.1.denominator,1951,16590.916453100974,14254.0,9436.0,26426.0,1951,0,0,6424.0,8578.142857142857,196
o3a13,auxiliary.graph.transitions.1.wrong_to_correct,1951,226.96565863659663,194.0,124.0,325.0,1951,0,0,52.0,103.88775510204081,196
o3a13,auxiliary.graph.transitions.1.correct_to_wrong,1951,163.16401845207585,144.0,73.0,271.0,1951,0,0,21.0,56.923469387755105,196
o3a13,auxiliary.graph.transitions.1.correct_unchanged,1951,11650.955920041004,9621.0,5929.0,19811.0,1951,0,0,3040.0,5258.239795918367,196
o3a13,auxiliary.graph.transitions.1.wrong_unchanged,1951,4549.830855971297,3972.0,2323.0,7293.0,1951,0,0,838.0,1947.7142857142858,196
o3a13,auxiliary.graph.transitions.2.denominator,1951,390.12967708867245,346.0,253.0,527.0,1951,0,0,158.0,228.23979591836735,196
o3a13,auxiliary.graph.transitions.2.wrong_to_correct,1951,226.96565863659663,194.0,124.0,325.0,1951,0,0,52.0,103.88775510204081,196
o3a13,auxiliary.graph.transitions.2.correct_to_wrong,1951,163.16401845207585,144.0,73.0,271.0,1951,0,0,21.0,56.923469387755105,196
o3a13,auxiliary.graph.transitions.2.correct_unchanged,1951,0.0,0.0,0.0,0.0,0,1951,0,0.0,0.0,196
o3a13,auxiliary.graph.transitions.2.wrong_unchanged,1951,0.0,0.0,0.0,0.0,0,1951,0,0.0,0.0,196
o3a13,auxiliary.graph.transitions.3.denominator,1951,262144.0,262144.0,262144.0,262144.0,1951,0,0,262144.0,262144.0,196
o3a13,auxiliary.graph.transitions.3.wrong_to_correct,1951,117.88159917990774,110.0,58.0,183.0,1951,0,0,10.0,42.744897959183675,196
o3a13,auxiliary.graph.transitions.3.correct_to_wrong,1951,98.20912352639672,81.0,35.0,182.0,1951,0,0,10.0,25.744897959183675,196
o3a13,auxiliary.graph.transitions.3.correct_unchanged,1951,256531.70732957456,257877.0,250975.0,260288.0,1951,0,0,221119.0,245881.82653061225,196
o3a13,auxiliary.graph.transitions.3.wrong_unchanged,1951,5396.201947719119,4067.0,1684.0,10889.0,1951,0,0,521.0,1316.3724489795918,196
o3a13,auxiliary.graph.transitions.4.denominator,1951,10086.522296258328,9585.0,6035.0,14837.0,1951,0,0,3939.0,5466.311224489796,196
o3a13,auxiliary.graph.transitions.4.wrong_to_correct,1951,117.88159917990774,110.0,58.0,183.0,1951,0,0,10.0,42.744897959183675,196
o3a13,auxiliary.graph.transitions.4.correct_to_wrong,1951,98.20912352639672,81.0,35.0,182.0,1951,0,0,10.0,25.744897959183675,196
o3a13,auxiliary.graph.transitions.4.correct_unchanged,1951,6552.874935930292,5987.0,3782.0,9688.0,1951,0,0,889.0,3279.8826530612246,196
o3a13,auxiliary.graph.transitions.4.wrong_unchanged,1951,3317.5566376217325,3043.0,1546.0,5312.0,1951,0,0,521.0,1243.0357142857142,196
o3a13,auxiliary.graph.transitions.5.denominator,1951,216.09072270630446,192.0,131.0,335.0,1951,0,0,78.0,116.37755102040816,196
o3a13,auxiliary.graph.transitions.5.wrong_to_correct,1951,117.88159917990774,110.0,58.0,183.0,1951,0,0,10.0,42.744897959183675,196
o3a13,auxiliary.graph.transitions.5.correct_to_wrong,1951,98.20912352639672,81.0,35.0,182.0,1951,0,0,10.0,25.744897959183675,196
o3a13,auxiliary.graph.transitions.5.correct_unchanged,1951,0.0,0.0,0.0,0.0,0,1951,0,0.0,0.0,196
o3a13,auxiliary.graph.transitions.5.wrong_unchanged,1951,0.0,0.0,0.0,0.0,0,1951,0,0.0,0.0,196
o3a13,auxiliary.graph.allowed_counts.0,1951,16590.916453100974,14254.0,9436.0,26426.0,1951,0,0,6424.0,8578.142857142857,196
o3a13,auxiliary.graph.allowed_counts.1,1951,10086.522296258328,9585.0,6035.0,14837.0,1951,0,0,3939.0,5466.311224489796,196
o3a13,auxiliary.graph.reliable_counts.0,1951,245032.95028190673,247408.0,235145.0,252252.0,1951,0,0,189429.0,226981.8826530612,196
o3a13,auxiliary.graph.reliable_counts.1,1951,251739.9917990774,252218.0,246943.0,255885.0,1951,0,0,235899.0,244452.42857142858,196
o3a13,auxiliary.graph.reliable_correct.0,1951,242955.92414146592,245339.0,231673.0,251133.0,1951,0,0,187947.0,223795.14285714287,196
o3a13,auxiliary.graph.reliable_correct.1,1951,249726.50025627884,250783.0,242741.0,255334.0,1951,0,0,213220.0,238058.77551020408,196
o3a13,auxiliary.graph.changed_counts.0,1951,16590.907227063046,14254.0,9436.0,26426.0,1951,0,0,6424.0,8578.142857142857,196
o3a13,auxiliary.graph.changed_counts.1,1951,10086.513582778063,9585.0,6035.0,14837.0,1951,0,0,3939.0,5466.306122448979,196
o3a13,auxiliary.graph.mean_abs_change,1951,0.0010923999278454816,0.001051700091920793,0.0007877855096012354,0.0014084521681070328,1951,0,0,0.0006053706165403128,0.0007272870089782744,196
o3a13,auxiliary.graph.outside_allowed_max_change,1951,0.0,0.0,0.0,0.0,0,1951,0,0.0,0.0,196
o3a13,auxiliary.graph.reliable_max_change,1951,0.0,0.0,0.0,0.0,0,1951,0,0.0,0.0,196
o3a13,auxiliary.graph.q_nested_violations,1951,160.36186570989236,66.0,8.0,381.0,1919,32,0,0.0,3.2857142857142856,196
o3a13,auxiliary.graph.qstar_nested_violations,1951,160.36340338288056,66.0,8.0,381.0,1919,32,0,0.0,3.2857142857142856,196
o4a0,r4t.global_visit,1951,976.0,976.0,196.0,1756.0,1951,0,0,1.0,98.5,196
o4a0,r4t.counts.network_forwards,1951,8.0,8.0,8.0,8.0,1951,0,0,8.0,8.0,196
o4a0,r4t.counts.loss_backward_calls,1951,1.0,1.0,1.0,1.0,1951,0,0,1.0,1.0,196
o4a0,r4t.counts.adam_calls,1951,1.0,1.0,1.0,1.0,1951,0,0,1.0,1.0,196
o4a0,r4t.counts.jacobian_vjp_calls,1951,0.0,0.0,0.0,0.0,0,1951,0,0.0,0.0,196
o4a0,r4t.counts.actual_parameter_replacements,1951,0.0,0.0,0.0,0.0,0,1951,0,0.0,0.0,196
o4a0,r4t.teacher_update,1951,0.0,0.0,0.0,0.0,0,1951,0,0.0,0.0,196
o4a0,r4t.source_unchanged,1951,1.0,1.0,1.0,1.0,1951,0,0,1.0,1.0,196
o4a0,auxiliary.q.0.total_pixels,1951,262144.0,262144.0,262144.0,262144.0,1951,0,0,262144.0,262144.0,196
o4a0,auxiliary.q.0.gt_foreground,1951,29364.35161455664,28513.0,15296.0,45565.0,1951,0,0,9104.0,13711.244897959185,196
o4a0,auxiliary.q.0.gt_background,1951,232779.64838544338,233631.0,216579.0,246848.0,1951,0,0,185479.0,210883.1530612245,196
o4a0,auxiliary.q.0.pred_foreground,1951,29122.707329574576,27767.0,22736.0,37566.0,1951,0,0,18871.0,21460.051020408162,196
o4a0,auxiliary.q.0.intersection,1951,25184.888774987186,24690.0,15118.0,36524.0,1951,0,0,9104.0,13616.581632653062,196
o4a0,auxiliary.q.0.dice,1951,0.8547890725860828,0.8750349597009992,0.7360233082293441,0.9438192270981777,1951,0,0,0.511928813996475,0.6762512567783684,196
o4a0,auxiliary.q.0.brier_sum,1951,6422.143346001486,5512.219579920937,2330.710508274897,11650.826592964842,1951,0,0,917.0508497360175,1812.9997891429116,196
o4a0,auxiliary.q.0.brier,1951,0.024498532661443657,0.021027448959048983,0.008890955002879704,0.04444437634645402,1951,0,0,0.003498271368927069,0.006916045338222166,196
o4a0,auxiliary.q.0.foreground_brier_sum,1951,3302.371116186664,1717.6436230762638,5.0617062806279876,8925.477774603904,1951,0,0,0.0004562980130558003,1.450987117170731,196
o4a0,auxiliary.q.0.background_brier_sum,1951,3119.772229814822,1886.8095870252982,30.0527525251723,8191.81741311561,1951,0,0,0.004319784911128978,8.15592873870706,196
o4a0,auxiliary.q.0.foreground_brier,1951,0.08322023155222436,0.057561050040070276,0.0003237982066521546,0.20848673826463235,1951,0,0,2.992118118398691e-08,9.030311469216887e-05,196
o4a0,auxiliary.q.0.background_brier,1951,0.012909072225805169,0.008148017211788334,0.0001359256514301458,0.03353068397333259,1951,0,0,2.3289886785722253e-08,3.694139607469566e-05,196
o4a0,auxiliary.q.1.total_pixels,1951,262144.0,262144.0,262144.0,262144.0,1951,0,0,262144.0,262144.0,196
o4a0,auxiliary.q.1.gt_foreground,1951,9633.745771399283,7259.0,2865.0,19762.0,1951,0,0,907.0,2369.5255102040815,196
o4a0,auxiliary.q.1.gt_background,1951,252510.2542286007,254885.0,242382.0,259279.0,1951,0,0,213174.0,236489.056122449,196
o4a0,auxiliary.q.1.pred_foreground,1951,9511.83341875961,9274.0,7461.0,11928.0,1951,0,0,4049.0,7005.530612244898,196
o4a0,auxiliary.q.1.intersection,1951,6692.877498718606,6539.0,2843.0,10800.0,1951,0,0,890.0,2344.9489795918366,196
o4a0,auxiliary.q.1.dice,1951,0.6951774622293044,0.7180278635188121,0.4708145806850586,0.8886917435533476,1951,0,0,0.10269428258235735,0.40057101944740725,196
o4a0,auxiliary.q.1.brier_sum,1951,4503.341490172204,3756.438224015549,1292.451380745687,8465.733573157404,1951,0,0,658.1624384505963,1018.6701235993124,196
o4a0,auxiliary.q.1.brier,1951,0.01717888446873552,0.014329674621641347,0.004930310748083828,0.03229421071303331,1951,0,0,0.002510690454294572,0.003885918135068178,196
o4a0,auxiliary.q.1.foreground_brier_sum,1951,2363.653649121608,295.51051487057777,0.29688712765365466,7479.571732317329,1951,0,0,0.0007215934161806103,0.10364038137256451,196
o4a0,auxiliary.q.1.background_brier_sum,1951,2139.687841050598,1736.0731879889295,37.1337776820173,4749.80629650663,1951,0,0,0.00027096943413931784,7.907590864250762,196
o4a0,auxiliary.q.1.foreground_brier,1951,0.1334716891949302,0.03963057150319031,8.788047933054903e-05,0.40422998947846034,1951,0,0,3.3766654945278915e-07,3.143219317464874e-05,196
o4a0,auxiliary.q.1.background_brier,1951,0.008340051118639488,0.006844348905056884,0.00015360340880499895,0.018435092196435764,1951,0,0,1.1673578296728352e-09,3.25584723643326e-05,196
o4a1,r4t.global_visit,1951,976.0,976.0,196.0,1756.0,1951,0,0,1.0,98.5,196
o4a1,r4t.counts.network_forwards,1951,8.0,8.0,8.0,8.0,1951,0,0,8.0,8.0,196
o4a1,r4t.counts.loss_backward_calls,1951,1.0,1.0,1.0,1.0,1951,0,0,1.0,1.0,196
o4a1,r4t.counts.adam_calls,1951,1.0,1.0,1.0,1.0,1951,0,0,1.0,1.0,196
o4a1,r4t.counts.jacobian_vjp_calls,1951,0.0,0.0,0.0,0.0,0,1951,0,0.0,0.0,196
o4a1,r4t.counts.actual_parameter_replacements,1951,0.0,0.0,0.0,0.0,0,1951,0,0.0,0.0,196
o4a1,r4t.pca.input.region_token_counts.0,1951,909.9513070220399,915.0,877.0,936.0,1951,0,0,830.0,864.7142857142857,196
o4a1,r4t.pca.input.region_token_counts.1,1951,114.04869297796002,109.0,88.0,147.0,1951,0,0,71.0,83.4234693877551,196
o4a1,r4t.pca.input.region_token_counts.2,1951,986.434648898001,987.0,976.0,995.0,1951,0,0,960.0,972.0561224489796,196
o4a1,r4t.pca.input.region_token_counts.3,1951,37.56535110199898,37.0,29.0,48.0,1951,0,0,15.0,27.26530612244898,196
o4a1,r4t.pca.input.sampled_region_counts.0,1951,32.0,32.0,32.0,32.0,1951,0,0,32.0,32.0,196
o4a1,r4t.pca.input.sampled_region_counts.1,1951,32.0,32.0,32.0,32.0,1951,0,0,32.0,32.0,196
o4a1,r4t.pca.input.sampled_region_counts.2,1951,32.0,32.0,32.0,32.0,1951,0,0,32.0,32.0,196
o4a1,r4t.pca.input.sampled_region_counts.3,1951,23.291645310097387,24.0,16.0,30.0,1939,12,0,0.0,11.270408163265307,196
o4a1,r4t.pca.input.selected_region_counts.0,1951,32.0,32.0,32.0,32.0,1951,0,0,32.0,32.0,196
o4a1,r4t.pca.input.selected_region_counts.1,1951,32.0,32.0,32.0,32.0,1951,0,0,32.0,32.0,196
o4a1,r4t.pca.input.selected_region_counts.2,1951,32.0,32.0,32.0,32.0,1951,0,0,32.0,32.0,196
o4a1,r4t.pca.input.selected_region_counts.3,1951,23.291645310097387,24.0,16.0,30.0,1939,12,0,0.0,11.270408163265307,196
o4a1,r4t.pca.input.assigned_bank_counts.0,1951,32.0,32.0,32.0,32.0,1951,0,0,32.0,32.0,196
o4a1,r4t.pca.input.assigned_bank_counts.1,1951,32.0,32.0,32.0,32.0,1951,0,0,32.0,32.0,196
o4a1,r4t.pca.input.assigned_bank_counts.2,1951,32.0,32.0,32.0,32.0,1951,0,0,32.0,32.0,196
o4a1,r4t.pca.input.assigned_bank_counts.3,1951,23.291645310097387,24.0,16.0,30.0,1939,12,0,0.0,11.270408163265307,196
o4a1,r4t.pca.input.zero_vectors.0,1951,0.0,0.0,0.0,0.0,0,1951,0,0.0,0.0,196
o4a1,r4t.pca.input.zero_vectors.1,1951,0.0,0.0,0.0,0.0,0,1951,0,0.0,0.0,196
o4a1,r4t.pca.input.zero_vectors.2,1951,0.0,0.0,0.0,0.0,0,1951,0,0.0,0.0,196
o4a1,r4t.pca.input.zero_vectors.3,1951,0.0,0.0,0.0,0.0,0,1951,0,0.0,0.0,196
o4a1,r4t.pca.input.missing_foreground.0,1951,0.0,0.0,0.0,0.0,0,1951,0,0.0,0.0,196
o4a1,r4t.pca.input.missing_foreground.1,1951,0.0,0.0,0.0,0.0,0,1951,0,0.0,0.0,196
o4a1,r4t.pca.subloss,1951,0.11006735967160004,0.10541614145040512,0.08162668347358704,0.14790034294128418,1935,16,0,0.0,0.07021859189381405,196
o4a1,r4t.pca.base_loss,1951,0.05510572070348483,0.04243383929133415,0.02884548157453537,0.09225619584321976,1951,0,0,0.02045738324522972,0.02612390539285784,196
o4a1,r4t.pca.banks.0.n,1951,31232.0,31232.0,6272.0,56192.0,1951,0,0,32.0,3152.0,196
o4a1,r4t.pca.banks.0.contributing_images,1951,976.0,976.0,196.0,1756.0,1951,0,0,1.0,98.5,196
o4a1,r4t.pca.banks.0.version,1951,968.4961558175295,976.0,192.0,1744.0,1936,15,0,0.0,91.10204081632654,196
o4a1,r4t.pca.banks.0.last_visit,1951,976.0,976.0,196.0,1756.0,1951,0,0,1.0,98.5,196
o4a1,r4t.pca.banks.0.ready,1951,0.9923116350589442,1.0,1.0,1.0,1936,15,0,0.0,0.923469387755102,196
o4a1,r4t.pca.banks.0.rank,1951,7.938493080471553,8.0,8.0,8.0,1936,15,0,0.0,7.387755102040816,196
o4a1,r4t.pca.banks.0.merges,1951,976.0,976.0,196.0,1756.0,1951,0,0,1.0,98.5,196
o4a1,r4t.pca.banks.0.eigh_calls,1951,60.53100973859559,61.0,12.0,109.0,1936,15,0,0.0,5.6938775510204085,196
o4a1,r4t.pca.banks.0.state_bytes,1951,10797.79395181958,10816.0,10816.0,10816.0,1951,0,0,8448.0,10634.775510204081,196
o4a1,r4t.pca.banks.1.n,1951,31232.0,31232.0,6272.0,56192.0,1951,0,0,32.0,3152.0,196
o4a1,r4t.pca.banks.1.contributing_images,1951,976.0,976.0,196.0,1756.0,1951,0,0,1.0,98.5,196
o4a1,r4t.pca.banks.1.version,1951,968.4961558175295,976.0,192.0,1744.0,1936,15,0,0.0,91.10204081632654,196
o4a1,r4t.pca.banks.1.last_visit,1951,976.0,976.0,196.0,1756.0,1951,0,0,1.0,98.5,196
o4a1,r4t.pca.banks.1.ready,1951,0.9923116350589442,1.0,1.0,1.0,1936,15,0,0.0,0.923469387755102,196
o4a1,r4t.pca.banks.1.rank,1951,7.938493080471553,8.0,8.0,8.0,1936,15,0,0.0,7.387755102040816,196
o4a1,r4t.pca.banks.1.merges,1951,976.0,976.0,196.0,1756.0,1951,0,0,1.0,98.5,196
o4a1,r4t.pca.banks.1.eigh_calls,1951,60.53100973859559,61.0,12.0,109.0,1936,15,0,0.0,5.6938775510204085,196
o4a1,r4t.pca.banks.1.state_bytes,1951,10797.79395181958,10816.0,10816.0,10816.0,1951,0,0,8448.0,10634.775510204081,196
o4a1,r4t.pca.banks.2.n,1951,31232.0,31232.0,6272.0,56192.0,1951,0,0,32.0,3152.0,196
o4a1,r4t.pca.banks.2.contributing_images,1951,976.0,976.0,196.0,1756.0,1951,0,0,1.0,98.5,196
o4a1,r4t.pca.banks.2.version,1951,968.4961558175295,976.0,192.0,1744.0,1936,15,0,0.0,91.10204081632654,196
o4a1,r4t.pca.banks.2.last_visit,1951,976.0,976.0,196.0,1756.0,1951,0,0,1.0,98.5,196
o4a1,r4t.pca.banks.2.ready,1951,0.9923116350589442,1.0,1.0,1.0,1936,15,0,0.0,0.923469387755102,196
o4a1,r4t.pca.banks.2.rank,1951,7.938493080471553,8.0,8.0,8.0,1936,15,0,0.0,7.387755102040816,196
o4a1,r4t.pca.banks.2.merges,1951,976.0,976.0,196.0,1756.0,1951,0,0,1.0,98.5,196
o4a1,r4t.pca.banks.2.eigh_calls,1951,60.53100973859559,61.0,12.0,109.0,1936,15,0,0.0,5.6938775510204085,196
o4a1,r4t.pca.banks.2.state_bytes,1951,10797.79395181958,10816.0,10816.0,10816.0,1951,0,0,8448.0,10634.775510204081,196
o4a1,r4t.pca.banks.3.n,1951,20625.44951307022,19526.0,3264.0,39976.0,1951,0,0,23.0,1627.8979591836735,196
o4a1,r4t.pca.banks.3.contributing_images,1951,964.9318298308559,964.0,189.0,1744.0,1951,0,0,1.0,94.44897959183673,196
o4a1,r4t.pca.banks.3.version,1951,968.4500256278832,972.0,183.0,1756.0,1936,15,0,0.0,90.67857142857143,196
o4a1,r4t.pca.banks.3.last_visit,1951,976.0,976.0,196.0,1756.0,1951,0,0,1.0,98.5,196
o4a1,r4t.pca.banks.3.ready,1951,0.9923116350589442,1.0,1.0,1.0,1936,15,0,0.0,0.923469387755102,196
o4a1,r4t.pca.banks.3.rank,1951,7.938493080471553,8.0,8.0,8.0,1936,15,0,0.0,7.387755102040816,196
o4a1,r4t.pca.banks.3.merges,1951,964.9318298308559,964.0,189.0,1744.0,1951,0,0,1.0,94.44897959183673,196
o4a1,r4t.pca.banks.3.eigh_calls,1951,59.840594566888775,60.0,11.0,109.0,1936,15,0,0.0,5.433673469387755,196
o4a1,r4t.pca.banks.3.state_bytes,1951,10797.79395181958,10816.0,10816.0,10816.0,1951,0,0,8448.0,10634.775510204081,196
o4a1,r4t.teacher_update,1951,0.0,0.0,0.0,0.0,0,1951,0,0.0,0.0,196
o4a1,r4t.source_unchanged,1951,1.0,1.0,1.0,1.0,1951,0,0,1.0,1.0,196
o4a1,auxiliary.q.0.total_pixels,1951,262144.0,262144.0,262144.0,262144.0,1951,0,0,262144.0,262144.0,196
o4a1,auxiliary.q.0.gt_foreground,1951,29364.35161455664,28513.0,15296.0,45565.0,1951,0,0,9104.0,13711.244897959185,196
o4a1,auxiliary.q.0.gt_background,1951,232779.64838544338,233631.0,216579.0,246848.0,1951,0,0,185479.0,210883.1530612245,196
o4a1,auxiliary.q.0.pred_foreground,1951,29231.871860584317,27960.0,22823.0,37616.0,1951,0,0,18893.0,21516.147959183672,196
o4a1,auxiliary.q.0.intersection,1951,25205.43823680164,24722.0,15118.0,36570.0,1951,0,0,9104.0,13617.530612244898,196
o4a1,auxiliary.q.0.dice,1951,0.8536001412357345,0.8736223045088216,0.7342191050083967,0.9435302474251214,1951,0,0,0.5073488689132194,0.6730023383458309,196
o4a1,auxiliary.q.0.brier_sum,1951,6495.210517221232,5587.913176816776,2353.2753047913125,11818.650258965412,1951,0,0,916.5805765072397,1829.1569205720123,196
o4a1,auxiliary.q.0.brier,1951,0.024777261799702577,0.021316197116152864,0.008977032870450258,0.045084572826253555,1951,0,0,0.0034964774189271534,0.0069776799033051005,196
o4a1,auxiliary.q.0.foreground_brier_sum,1951,3291.1013896964228,1680.794875134983,4.526275192652275,8886.112389196123,1951,0,0,0.00022557159539005056,1.1352709883315306,196
o4a1,auxiliary.q.0.background_brier_sum,1951,3204.1091275248086,1939.5327351505218,31.618724574765466,8477.51276461784,1951,0,0,0.004072068375541873,8.360645882232816,196
o4a1,auxiliary.q.0.foreground_brier,1951,0.08285387996255371,0.05707804059857061,0.0002715758569365954,0.2087235776663475,1951,0,0,1.4791580025577086e-08,6.992747959958675e-05,196
o4a1,auxiliary.q.0.background_brier,1951,0.013256822552098126,0.008388657073619445,0.00014706062917895692,0.03450966178076109,1951,0,0,2.195433647767064e-08,3.790566321374336e-05,196
o4a1,auxiliary.q.1.total_pixels,1951,262144.0,262144.0,262144.0,262144.0,1951,0,0,262144.0,262144.0,196
o4a1,auxiliary.q.1.gt_foreground,1951,9633.745771399283,7259.0,2865.0,19762.0,1951,0,0,907.0,2369.5255102040815,196
o4a1,auxiliary.q.1.gt_background,1951,252510.2542286007,254885.0,242382.0,259279.0,1951,0,0,213174.0,236489.056122449,196
o4a1,auxiliary.q.1.pred_foreground,1951,9715.98872373142,9501.0,7554.0,12261.0,1951,0,0,4098.0,7088.581632653061,196
o4a1,auxiliary.q.1.intersection,1951,6769.914402870323,6580.0,2843.0,10989.0,1951,0,0,907.0,2346.0408163265306,196
o4a1,auxiliary.q.1.dice,1951,0.6934452230148767,0.7184113180608735,0.46797133996364026,0.8877236607384182,1951,0,0,0.10543130990415335,0.3946179363848968,196
o4a1,auxiliary.q.1.brier_sum,1951,4547.210016409998,3885.9744548343097,1321.5276255975105,8262.851222255325,1951,0,0,660.4485368016614,1041.077938501055,196
o4a1,auxiliary.q.1.brier,1951,0.017346229615821832,0.014823816127145041,0.005041227819814722,0.03152027596380358,1951,0,0,0.0025194112274233298,0.003971397165302487,196
o4a1,auxiliary.q.1.foreground_brier_sum,1951,2301.7100779658067,259.039411039855,0.20219647025112053,7301.024744711524,1951,0,0,0.000561001861829169,0.0716375550818237,196
o4a1,auxiliary.q.1.background_brier_sum,1951,2245.499938444192,1820.178483722084,43.28956943103971,4969.45244754693,1951,0,0,0.0002704458653187174,8.929078880757324,196
o4a1,auxiliary.q.1.foreground_brier,1951,0.12925976134734785,0.035891830467684176,6.0039175777803445e-05,0.39584098573077503,1951,0,0,2.6251841919942393e-07,2.1867883105652464e-05,196
o4a1,auxiliary.q.1.background_brier,1951,0.008753141756337826,0.007189111210774908,0.00018035288075502091,0.019212667249992963,1951,0,0,1.1651022536369557e-09,3.6879113331317465e-05,196
o4a1,auxiliary.memory.regions.0.region,1951,0.0,0.0,0.0,0.0,0,1951,0,0.0,0.0,196
o4a1,auxiliary.memory.regions.0.selected_tokens,1951,32.0,32.0,32.0,32.0,1951,0,0,32.0,32.0,196
o4a1,auxiliary.memory.regions.0.correct_tokens,1951,31.706817016914403,32.0,31.0,32.0,1951,0,0,27.0,30.040816326530614,196
o4a1,auxiliary.memory.regions.0.incorrect_tokens,1951,0.29318298308559715,0.0,0.0,1.0,384,1567,0,0.0,0.0,196
o4a1,auxiliary.memory.regions.1.region,1951,1.0,1.0,1.0,1.0,1951,0,0,1.0,1.0,196
o4a1,auxiliary.memory.regions.1.selected_tokens,1951,32.0,32.0,32.0,32.0,1951,0,0,32.0,32.0,196
o4a1,auxiliary.memory.regions.1.correct_tokens,1951,29.540748334187597,32.0,24.0,32.0,1951,0,0,12.0,20.591836734693878,196
o4a1,auxiliary.memory.regions.1.incorrect_tokens,1951,2.459251665812404,0.0,0.0,8.0,957,994,0,0.0,0.0,196
o4a1,auxiliary.memory.regions.2.region,1951,2.0,2.0,2.0,2.0,1951,0,0,2.0,2.0,196
o4a1,auxiliary.memory.regions.2.selected_tokens,1951,32.0,32.0,32.0,32.0,1951,0,0,32.0,32.0,196
o4a1,auxiliary.memory.regions.2.correct_tokens,1951,31.814966683751923,32.0,31.0,32.0,1951,0,0,26.0,30.464285714285715,196
o4a1,auxiliary.memory.regions.2.incorrect_tokens,1951,0.18503331624807792,0.0,0.0,1.0,256,1695,0,0.0,0.0,196
o4a1,auxiliary.memory.regions.3.region,1951,3.0,3.0,3.0,3.0,1951,0,0,3.0,3.0,196
o4a1,auxiliary.memory.regions.3.selected_tokens,1951,23.291645310097387,24.0,16.0,30.0,1939,12,0,0.0,11.270408163265307,196
o4a1,auxiliary.memory.regions.3.correct_tokens,1951,18.941568426447976,19.0,10.0,28.0,1936,15,0,0.0,6.841836734693878,196
o4a1,auxiliary.memory.regions.3.incorrect_tokens,1951,4.35007688364941,2.0,0.0,13.0,1175,776,0,0.0,0.0,196
o4a1,r4t.pca.basis_versions_used.0,1935,975.5038759689922,976.0,208.0,1744.0,1935,0,0,16.0,105.0721649484536,194
o4a1,r4t.pca.basis_versions_used.1,1935,975.5038759689922,976.0,208.0,1744.0,1935,0,0,16.0,105.0721649484536,194
o4a1,r4t.pca.basis_versions_used.2,1935,975.5038759689922,976.0,208.0,1744.0,1935,0,0,16.0,105.0721649484536,194
o4a1,r4t.pca.basis_versions_used.3,1935,975.4511627906977,972.0,199.0,1756.0,1935,0,0,16.0,104.78350515463917,194
o4a2,r4t.global_visit,1951,976.0,976.0,196.0,1756.0,1951,0,0,1.0,98.5,196
o4a2,r4t.counts.network_forwards,1951,8.0,8.0,8.0,8.0,1951,0,0,8.0,8.0,196
o4a2,r4t.counts.loss_backward_calls,1951,1.0,1.0,1.0,1.0,1951,0,0,1.0,1.0,196
o4a2,r4t.counts.jacobian_vjp_calls,1951,0.0,0.0,0.0,0.0,0,1951,0,0.0,0.0,196
o4a2,r4t.counts.adam_calls,1951,1.0,1.0,1.0,1.0,1951,0,0,1.0,1.0,196
o4a2,r4t.counts.actual_parameter_replacements,1951,0.0,0.0,0.0,0.0,0,1951,0,0.0,0.0,196
o4a2,r4t.teacher_update,1951,1.0,1.0,1.0,1.0,1951,0,0,1.0,1.0,196
o4a2,r4t.source_unchanged,1951,1.0,1.0,1.0,1.0,1951,0,0,1.0,1.0,196
o4a2,r4t.base_loss,1951,0.059297113227292794,0.04288150370121002,0.02813449501991272,0.10707612335681915,1951,0,0,0.0202689990401268,0.025589939967101932,196
o4a2,r4t.host_seconds,1951,0.5545242848651658,0.5559203601442277,0.5079161401372403,0.6053877209778875,1951,0,0,0.4017302899155766,0.4790846429140383,196
o4a2,r4t.trainable_scalars,1951,19136.0,19136.0,19136.0,19136.0,1951,0,0,19136.0,19136.0,196
o4a2,r4t.teacher_affine_student_l2,1951,0.16329468495331684,0.15545243739356387,0.12715649295779174,0.21577810146169035,1951,0,0,0.013676805324606526,0.11204283334856877,196
o4a2,r4t.final_raw_probability_nested_violations,1951,2202.593029215787,1949.0,998.0,3764.0,1951,0,0,374.0,810.0918367346939,196
o4a2,auxiliary.q.0.total_pixels,1951,262144.0,262144.0,262144.0,262144.0,1951,0,0,262144.0,262144.0,196
o4a2,auxiliary.q.0.gt_foreground,1951,29364.35161455664,28513.0,15296.0,45565.0,1951,0,0,9104.0,13711.244897959185,196
o4a2,auxiliary.q.0.gt_background,1951,232779.64838544338,233631.0,216579.0,246848.0,1951,0,0,185479.0,210883.1530612245,196
o4a2,auxiliary.q.0.pred_foreground,1951,27566.66478728857,26084.0,21746.0,35491.0,1951,0,0,18491.0,20685.163265306124,196
o4a2,auxiliary.q.0.intersection,1951,24325.746283956945,24063.0,15027.0,34691.0,1951,0,0,9104.0,13545.775510204081,196
o4a2,auxiliary.q.0.dice,1951,0.8537889064085279,0.8712695881850832,0.7419902609564241,0.9403022882715528,1951,0,0,0.5113477846910082,0.6851406640752079,196
o4a2,auxiliary.q.0.brier_sum,1951,6555.363686884153,5449.074413633102,2172.282805061844,12239.10895036935,1951,0,0,733.0178470477333,1677.4151645720467,196
o4a2,auxiliary.q.0.brier,1951,0.025006727931534398,0.020786569265873345,0.008286601276633622,0.04668849544666042,1951,0,0,0.0027962411767873127,0.006398831041610896,196
o4a2,auxiliary.q.0.foreground_brier_sum,1951,4014.9895816334288,2360.2057773731162,14.502935604163358,10525.007031490122,1951,0,0,0.0035999852169759095,4.786606769877297,196
o4a2,auxiliary.q.0.background_brier_sum,1951,2540.3741052507244,1514.6248775299339,12.305211424344074,6674.889507927774,1951,0,0,0.005073152833631878,3.5347074601437813,196
o4a2,auxiliary.q.0.foreground_brier,1951,0.102365947819785,0.0833838295787722,0.0008675394206261356,0.24284183725301106,1951,0,0,2.3606460439186291e-07,0.0003029606751175572,196
o4a2,auxiliary.q.0.background_brier,1951,0.010532855907723614,0.006600170007797359,5.6124328779075586e-05,0.027214329342601526,1951,0,0,2.735162920671277e-08,1.5982748071855685e-05,196
o4a2,auxiliary.q.1.total_pixels,1951,262144.0,262144.0,262144.0,262144.0,1951,0,0,262144.0,262144.0,196
o4a2,auxiliary.q.1.gt_foreground,1951,9633.745771399283,7259.0,2865.0,19762.0,1951,0,0,907.0,2369.5255102040815,196
o4a2,auxiliary.q.1.gt_background,1951,252510.2542286007,254885.0,242382.0,259279.0,1951,0,0,213174.0,236489.056122449,196
o4a2,auxiliary.q.1.pred_foreground,1951,8979.856483854433,8737.0,7184.0,11226.0,1951,0,0,1390.0,6652.775510204082,196
o4a2,auxiliary.q.1.intersection,1951,6437.87647360328,6332.0,2823.0,10152.0,1951,0,0,624.0,2320.816326530612,196
o4a2,auxiliary.q.1.dice,1951,0.6948175402836405,0.7085928604915946,0.4814475492441594,0.8911591987772505,1951,0,0,0.07401696222050887,0.4073309607370013,196
o4a2,auxiliary.q.1.brier_sum,1951,4506.721421605678,3516.5530885702738,1216.9896638693638,9132.249734162117,1951,0,0,553.0336194669866,968.2150823778586,196
o4a2,auxiliary.q.1.brier,1951,0.017191777883932793,0.013414585451394172,0.00464244714305635,0.03483676808991286,1951,0,0,0.0021096558359794105,0.0036934474272837014,196
o4a2,auxiliary.q.1.foreground_brier_sum,1951,2585.7678211207303,379.3562598477944,0.4295481500805103,8198.462867452605,1951,0,0,0.0013557244610105101,0.15481813739702935,196
o4a2,auxiliary.q.1.background_brier_sum,1951,1920.9536004849476,1561.7405464237172,26.02251832608083,4306.195247190999,1951,0,0,0.0002646973422363952,5.093057745045173,196
o4a2,auxiliary.q.1.foreground_brier,1951,0.1494790910598031,0.052586305750595856,0.00012747471560111177,0.4367653507077451,1951,0,0,6.355336479805209e-07,4.877042599187846e-05,196
o4a2,auxiliary.q.1.background_brier,1951,0.007491516560832494,0.00616506464734172,0.00010453445576837696,0.01664561363819703,1951,0,0,1.140337159926225e-09,2.0953733983197918e-05,196
o4a3,r4t.global_visit,1951,976.0,976.0,196.0,1756.0,1951,0,0,1.0,98.5,196
o4a3,r4t.counts.network_forwards,1951,9.0,9.0,9.0,9.0,1951,0,0,9.0,9.0,196
o4a3,r4t.counts.loss_backward_calls,1951,1.0,1.0,1.0,1.0,1951,0,0,1.0,1.0,196
o4a3,r4t.counts.jacobian_vjp_calls,1951,0.0,0.0,0.0,0.0,0,1951,0,0.0,0.0,196
o4a3,r4t.counts.adam_calls,1951,1.0,1.0,1.0,1.0,1951,0,0,1.0,1.0,196
o4a3,r4t.counts.actual_parameter_replacements,1951,0.0,0.0,0.0,0.0,0,1951,0,0.0,0.0,196
o4a3,r4t.pca.input.region_token_counts.0,1951,916.3577652485905,922.0,885.0,940.0,1951,0,0,848.0,874.3418367346939,196
o4a3,r4t.pca.input.region_token_counts.1,1951,107.64223475140953,102.0,84.0,139.0,1951,0,0,70.0,80.47448979591837,196
o4a3,r4t.pca.input.region_token_counts.2,1951,988.6032803690415,989.0,980.0,996.0,1951,0,0,963.0,975.7397959183673,196
o4a3,r4t.pca.input.region_token_counts.3,1951,35.39671963095848,35.0,28.0,44.0,1951,0,0,6.0,25.841836734693878,196
o4a3,r4t.pca.input.sampled_region_counts.0,1951,32.0,32.0,32.0,32.0,1951,0,0,32.0,32.0,196
o4a3,r4t.pca.input.sampled_region_counts.1,1951,31.98462327011789,32.0,32.0,32.0,1951,0,0,24.0,31.846938775510203,196
o4a3,r4t.pca.input.sampled_region_counts.2,1951,32.0,32.0,32.0,32.0,1951,0,0,32.0,32.0,196
o4a3,r4t.pca.input.sampled_region_counts.3,1951,21.57662737057919,22.0,14.0,29.0,1935,16,0,0.0,8.709183673469388,196
o4a3,r4t.pca.input.selected_region_counts.0,1951,32.0,32.0,32.0,32.0,1951,0,0,32.0,32.0,196
o4a3,r4t.pca.input.selected_region_counts.1,1951,31.98462327011789,32.0,32.0,32.0,1951,0,0,24.0,31.846938775510203,196
o4a3,r4t.pca.input.selected_region_counts.2,1951,32.0,32.0,32.0,32.0,1951,0,0,32.0,32.0,196
o4a3,r4t.pca.input.selected_region_counts.3,1951,21.57662737057919,22.0,14.0,29.0,1935,16,0,0.0,8.709183673469388,196
o4a3,r4t.pca.input.assigned_bank_counts.0,1951,32.0,32.0,32.0,32.0,1951,0,0,32.0,32.0,196
o4a3,r4t.pca.input.assigned_bank_counts.1,1951,31.98462327011789,32.0,32.0,32.0,1951,0,0,24.0,31.846938775510203,196
o4a3,r4t.pca.input.assigned_bank_counts.2,1951,32.0,32.0,32.0,32.0,1951,0,0,32.0,32.0,196
o4a3,r4t.pca.input.assigned_bank_counts.3,1951,21.57662737057919,22.0,14.0,29.0,1935,16,0,0.0,8.709183673469388,196
o4a3,r4t.pca.input.zero_vectors.0,1951,0.0,0.0,0.0,0.0,0,1951,0,0.0,0.0,196
o4a3,r4t.pca.input.zero_vectors.1,1951,0.0,0.0,0.0,0.0,0,1951,0,0.0,0.0,196
o4a3,r4t.pca.input.zero_vectors.2,1951,0.0,0.0,0.0,0.0,0,1951,0,0.0,0.0,196
o4a3,r4t.pca.input.zero_vectors.3,1951,0.0,0.0,0.0,0.0,0,1951,0,0.0,0.0,196
o4a3,r4t.pca.input.missing_foreground.0,1951,0.0,0.0,0.0,0.0,0,1951,0,0.0,0.0,196
o4a3,r4t.pca.input.missing_foreground.1,1951,0.0,0.0,0.0,0.0,0,1951,0,0.0,0.0,196
o4a3,r4t.pca.banks.0.n,1951,31232.0,31232.0,6272.0,56192.0,1951,0,0,32.0,3152.0,196
o4a3,r4t.pca.banks.0.contributing_images,1951,976.0,976.0,196.0,1756.0,1951,0,0,1.0,98.5,196
o4a3,r4t.pca.banks.0.version,1951,968.4961558175295,976.0,192.0,1744.0,1936,15,0,0.0,91.10204081632654,196
o4a3,r4t.pca.banks.0.last_visit,1951,976.0,976.0,196.0,1756.0,1951,0,0,1.0,98.5,196
o4a3,r4t.pca.banks.0.ready,1951,0.9923116350589442,1.0,1.0,1.0,1936,15,0,0.0,0.923469387755102,196
o4a3,r4t.pca.banks.0.rank,1951,7.938493080471553,8.0,8.0,8.0,1936,15,0,0.0,7.387755102040816,196
o4a3,r4t.pca.banks.0.merges,1951,976.0,976.0,196.0,1756.0,1951,0,0,1.0,98.5,196
o4a3,r4t.pca.banks.0.eigh_calls,1951,60.53100973859559,61.0,12.0,109.0,1936,15,0,0.0,5.6938775510204085,196
o4a3,r4t.pca.banks.0.state_bytes,1951,10797.79395181958,10816.0,10816.0,10816.0,1951,0,0,8448.0,10634.775510204081,196
o4a3,r4t.pca.banks.1.n,1951,31204.284982060482,31202.0,6250.0,56162.0,1951,0,0,32.0,3141.234693877551,196
o4a3,r4t.pca.banks.1.contributing_images,1951,976.0,976.0,196.0,1756.0,1951,0,0,1.0,98.5,196
o4a3,r4t.pca.banks.1.version,1951,968.4961558175295,976.0,192.0,1744.0,1936,15,0,0.0,91.10204081632654,196
o4a3,r4t.pca.banks.1.last_visit,1951,976.0,976.0,196.0,1756.0,1951,0,0,1.0,98.5,196
o4a3,r4t.pca.banks.1.ready,1951,0.9923116350589442,1.0,1.0,1.0,1936,15,0,0.0,0.923469387755102,196
o4a3,r4t.pca.banks.1.rank,1951,7.938493080471553,8.0,8.0,8.0,1936,15,0,0.0,7.387755102040816,196
o4a3,r4t.pca.banks.1.merges,1951,976.0,976.0,196.0,1756.0,1951,0,0,1.0,98.5,196
o4a3,r4t.pca.banks.1.eigh_calls,1951,60.53100973859559,61.0,12.0,109.0,1936,15,0,0.0,5.6938775510204085,196
o4a3,r4t.pca.banks.1.state_bytes,1951,10797.79395181958,10816.0,10816.0,10816.0,1951,0,0,8448.0,10634.775510204081,196
o4a3,r4t.pca.banks.2.n,1951,31232.0,31232.0,6272.0,56192.0,1951,0,0,32.0,3152.0,196
o4a3,r4t.pca.banks.2.contributing_images,1951,976.0,976.0,196.0,1756.0,1951,0,0,1.0,98.5,196
o4a3,r4t.pca.banks.2.version,1951,968.4961558175295,976.0,192.0,1744.0,1936,15,0,0.0,91.10204081632654,196
o4a3,r4t.pca.banks.2.last_visit,1951,976.0,976.0,196.0,1756.0,1951,0,0,1.0,98.5,196
o4a3,r4t.pca.banks.2.ready,1951,0.9923116350589442,1.0,1.0,1.0,1936,15,0,0.0,0.923469387755102,196
o4a3,r4t.pca.banks.2.rank,1951,7.938493080471553,8.0,8.0,8.0,1936,15,0,0.0,7.387755102040816,196
o4a3,r4t.pca.banks.2.merges,1951,976.0,976.0,196.0,1756.0,1951,0,0,1.0,98.5,196
o4a3,r4t.pca.banks.2.eigh_calls,1951,60.53100973859559,61.0,12.0,109.0,1936,15,0,0.0,5.6938775510204085,196
o4a3,r4t.pca.banks.2.state_bytes,1951,10797.79395181958,10816.0,10816.0,10816.0,1951,0,0,8448.0,10634.775510204081,196
o4a3,r4t.pca.banks.3.n,1951,18966.791389031267,17882.0,2837.0,37087.0,1951,0,0,23.0,1474.5816326530612,196
o4a3,r4t.pca.banks.3.contributing_images,1951,961.2250128139416,960.0,186.0,1740.0,1951,0,0,1.0,92.83673469387755,196
o4a3,r4t.pca.banks.3.version,1951,968.4161968221425,976.0,186.0,1744.0,1936,15,0,0.0,90.5765306122449,196
o4a3,r4t.pca.banks.3.last_visit,1951,976.0,976.0,196.0,1756.0,1951,0,0,1.0,98.5,196
o4a3,r4t.pca.banks.3.ready,1951,0.9923116350589442,1.0,1.0,1.0,1936,15,0,0.0,0.923469387755102,196
o4a3,r4t.pca.banks.3.rank,1951,7.938493080471553,8.0,8.0,8.0,1936,15,0,0.0,7.387755102040816,196
o4a3,r4t.pca.banks.3.merges,1951,961.2250128139416,960.0,186.0,1740.0,1951,0,0,1.0,92.83673469387755,196
o4a3,r4t.pca.banks.3.eigh_calls,1951,59.60635571501794,60.0,11.0,108.0,1936,15,0,0.0,5.336734693877551,196
o4a3,r4t.pca.banks.3.state_bytes,1951,10797.79395181958,10816.0,10816.0,10816.0,1951,0,0,8448.0,10634.775510204081,196
o4a3,r4t.pca.base_loss,1951,0.05916638228123858,0.04271923750638962,0.027694115415215492,0.10681358724832535,1951,0,0,0.019886866211891174,0.025260843954296137,196
o4a3,r4t.pca.subloss,1951,0.11063157591581162,0.10585761070251465,0.08218410611152649,0.14860087633132935,1935,16,0,0.0,0.07040846501762162,196
o4a3,r4t.teacher_update,1951,1.0,1.0,1.0,1.0,1951,0,0,1.0,1.0,196
o4a3,r4t.source_unchanged,1951,1.0,1.0,1.0,1.0,1951,0,0,1.0,1.0,196
o4a3,r4t.base_loss,1951,0.05916638228123858,0.04271923750638962,0.027694115415215492,0.10681358724832535,1951,0,0,0.019886866211891174,0.025260843954296137,196
o4a3,r4t.host_seconds,1951,1.1965724922845982,1.2737987448927015,1.118939918000251,1.2956551171373576,1951,0,0,0.4700050868559629,0.6817612930804453,196
o4a3,r4t.trainable_scalars,1951,19136.0,19136.0,19136.0,19136.0,1951,0,0,19136.0,19136.0,196
o4a3,r4t.teacher_affine_student_l2,1951,0.16863926216603164,0.163960408991897,0.1371275986957812,0.21532779051295917,1951,0,0,0.013676805324606526,0.12044581587066104,196
o4a3,r4t.final_raw_probability_nested_violations,1951,2077.5914915427984,1819.0,960.0,3521.0,1951,0,0,361.0,775.5867346938776,196
o4a3,auxiliary.q.0.total_pixels,1951,262144.0,262144.0,262144.0,262144.0,1951,0,0,262144.0,262144.0,196
o4a3,auxiliary.q.0.gt_foreground,1951,29364.35161455664,28513.0,15296.0,45565.0,1951,0,0,9104.0,13711.244897959185,196
o4a3,auxiliary.q.0.gt_background,1951,232779.64838544338,233631.0,216579.0,246848.0,1951,0,0,185479.0,210883.1530612245,196
o4a3,auxiliary.q.0.pred_foreground,1951,27596.933880061508,26150.0,21770.0,35495.0,1951,0,0,18495.0,20716.561224489797,196
o4a3,auxiliary.q.0.intersection,1951,24332.201947719117,24091.0,15027.0,34659.0,1951,0,0,9104.0,13547.209183673469,196
o4a3,auxiliary.q.0.dice,1951,0.8534488347883706,0.87094795665705,0.7422841742255195,0.939816905455889,1951,0,0,0.5119472064131807,0.6847667561366387,196
o4a3,auxiliary.q.0.brier_sum,1951,6582.437728496861,5478.264187270753,2207.8655377017267,12244.959508052092,1951,0,0,714.1349176329034,1690.2335252728883,196
o4a3,auxiliary.q.0.brier,1951,0.025110007204043813,0.020897919415553103,0.008422338629538447,0.04671081355305516,1951,0,0,0.002724208517581571,0.006447729207126191,196
o4a3,auxiliary.q.0.foreground_brier_sum,1951,4015.3813288043807,2361.073064615968,13.422610654878994,10565.437360187352,1951,0,0,0.002122505070150993,4.297682308084037,196
o4a3,auxiliary.q.0.background_brier_sum,1951,2567.05639969248,1534.379858601993,12.194203874394185,6741.488336568849,1951,0,0,0.00489106258710679,3.447890995466242,196
o4a3,auxiliary.q.0.foreground_brier,1951,0.10230126792000965,0.08346282161570097,0.0008269025609149849,0.24218421957591227,1951,0,0,1.3918066033777002e-07,0.0002729282609713408,196
o4a3,auxiliary.q.0.background_brier,1951,0.010641768114852318,0.006661013984423198,5.4349728257977785e-05,0.027616533561530505,1951,0,0,2.6369899487849246e-08,1.55808888265983e-05,196
o4a3,auxiliary.q.1.total_pixels,1951,262144.0,262144.0,262144.0,262144.0,1951,0,0,262144.0,262144.0,196
o4a3,auxiliary.q.1.gt_foreground,1951,9633.745771399283,7259.0,2865.0,19762.0,1951,0,0,907.0,2369.5255102040815,196
o4a3,auxiliary.q.1.gt_background,1951,252510.2542286007,254885.0,242382.0,259279.0,1951,0,0,213174.0,236489.056122449,196
o4a3,auxiliary.q.1.pred_foreground,1951,9135.8651973347,8899.0,7264.0,11463.0,1951,0,0,1395.0,6720.566326530612,196
o4a3,auxiliary.q.1.intersection,1951,6502.796514607893,6383.0,2823.0,10282.0,1951,0,0,652.0,2322.6530612244896,196
o4a3,auxiliary.q.1.dice,1951,0.6938995442208077,0.7092849306871447,0.4775952203136669,0.8898964607159775,1951,0,0,0.07662925309984134,0.403831766157159,196
o4a3,auxiliary.q.1.brier_sum,1951,4529.895442871095,3587.426219208772,1244.1345754785189,8868.887061032008,1951,0,0,580.9870464571217,982.946372532455,196
o4a3,auxiliary.q.1.brier,1951,0.017280179759487514,0.013684944989047135,0.004745996763147426,0.033832119220855744,1951,0,0,0.002216289697483527,0.003749642839555569,196
o4a3,auxiliary.q.1.foreground_brier_sum,1951,2532.895339100549,348.0384613790372,0.31392691600666467,8066.634157093762,1951,0,0,0.0009421159267049006,0.10978946643204353,196
o4a3,auxiliary.q.1.background_brier_sum,1951,1997.0001037705456,1638.055449945241,28.24222196402834,4449.819014449429,1951,0,0,0.0002646735769645358,5.765550503884083,196
o4a3,auxiliary.q.1.foreground_brier,1951,0.14574050012725714,0.04855995813928389,9.537999502302878e-05,0.4314258781727335,1951,0,0,4.668562570390984e-07,3.434920177643078e-05,196
o4a3,auxiliary.q.1.background_brier,1951,0.007788139154685315,0.006453941183439547,0.0001133873876744478,0.017153210042306348,1951,0,0,1.1402347772487564e-09,2.3738083666193838e-05,196
o4a3,auxiliary.memory.regions.0.region,1951,0.0,0.0,0.0,0.0,0,1951,0,0.0,0.0,196
o4a3,auxiliary.memory.regions.0.selected_tokens,1951,32.0,32.0,32.0,32.0,1951,0,0,32.0,32.0,196
o4a3,auxiliary.memory.regions.0.correct_tokens,1951,31.64787288569964,32.0,31.0,32.0,1951,0,0,24.0,29.73469387755102,196
o4a3,auxiliary.memory.regions.0.incorrect_tokens,1951,0.3521271143003588,0.0,0.0,1.0,439,1512,0,0.0,0.0,196
o4a3,auxiliary.memory.regions.1.region,1951,1.0,1.0,1.0,1.0,1951,0,0,1.0,1.0,196
o4a3,auxiliary.memory.regions.1.selected_tokens,1951,31.98462327011789,32.0,32.0,32.0,1951,0,0,24.0,31.846938775510203,196
o4a3,auxiliary.memory.regions.1.correct_tokens,1951,30.079446437724243,32.0,25.0,32.0,1951,0,0,9.0,22.367346938775512,196
o4a3,auxiliary.memory.regions.1.incorrect_tokens,1951,1.9051768323936442,0.0,0.0,7.0,835,1116,0,0.0,0.0,196
o4a3,auxiliary.memory.regions.2.region,1951,2.0,2.0,2.0,2.0,1951,0,0,2.0,2.0,196
o4a3,auxiliary.memory.regions.2.selected_tokens,1951,32.0,32.0,32.0,32.0,1951,0,0,32.0,32.0,196
o4a3,auxiliary.memory.regions.2.correct_tokens,1951,31.7842132239877,32.0,31.0,32.0,1951,0,0,26.0,30.306122448979593,196
o4a3,auxiliary.memory.regions.2.incorrect_tokens,1951,0.2157867760123014,0.0,0.0,1.0,285,1666,0,0.0,0.0,196
o4a3,auxiliary.memory.regions.3.region,1951,3.0,3.0,3.0,3.0,1951,0,0,3.0,3.0,196
o4a3,auxiliary.memory.regions.3.selected_tokens,1951,21.57662737057919,22.0,14.0,29.0,1935,16,0,0.0,8.709183673469388,196
o4a3,auxiliary.memory.regions.3.correct_tokens,1951,17.912352639671962,18.0,9.0,27.0,1930,21,0,0.0,5.831632653061225,196
o4a3,auxiliary.memory.regions.3.incorrect_tokens,1951,3.664274730907227,1.0,0.0,11.0,1122,829,0,0.0,0.0,196
o4a3,r4t.pca.basis_versions_used.0,1935,975.5038759689922,976.0,208.0,1744.0,1935,0,0,16.0,105.0721649484536,194
o4a3,r4t.pca.basis_versions_used.1,1935,975.5038759689922,976.0,208.0,1744.0,1935,0,0,16.0,105.0721649484536,194
o4a3,r4t.pca.basis_versions_used.2,1935,975.5038759689922,976.0,208.0,1744.0,1935,0,0,16.0,105.0721649484536,194
o4a3,r4t.pca.basis_versions_used.3,1935,975.4232558139535,976.0,202.0,1744.0,1935,0,0,16.0,104.6340206185567,194
o4a4,r4t.global_visit,1951,976.0,976.0,196.0,1756.0,1951,0,0,1.0,98.5,196
o4a4,r4t.counts.network_forwards,1951,8.0,8.0,8.0,8.0,1951,0,0,8.0,8.0,196
o4a4,r4t.counts.loss_backward_calls,1951,1.0,1.0,1.0,1.0,1951,0,0,1.0,1.0,196
o4a4,r4t.counts.jacobian_vjp_calls,1951,0.0,0.0,0.0,0.0,0,1951,0,0.0,0.0,196
o4a4,r4t.counts.adam_calls,1951,1.0,1.0,1.0,1.0,1951,0,0,1.0,1.0,196
o4a4,r4t.counts.actual_parameter_replacements,1951,0.0,0.0,0.0,0.0,0,1951,0,0.0,0.0,196
o4a4,r4t.teacher_update,1951,0.0,0.0,0.0,0.0,0,1951,0,0.0,0.0,196
o4a4,r4t.source_unchanged,1951,1.0,1.0,1.0,1.0,1951,0,0,1.0,1.0,196
o4a4,r4t.base_loss,1951,0.11590044115259976,0.09195028245449066,0.04185476526618004,0.22774623334407806,1951,0,0,0.02296934649348259,0.035515724453238806,196
o4a4,r4t.host_seconds,1951,0.585699624455353,0.5825127779971808,0.5430105950217694,0.6264886618591845,1951,0,0,0.44802845804952085,0.5144051242897724,196
o4a4,r4t.trainable_scalars,1951,19136.0,19136.0,19136.0,19136.0,1951,0,0,19136.0,19136.0,196
o4a4,r4t.teacher_affine_student_l2,1951,2.1228240128067237,2.0784677468135166,0.572439232938039,3.7551596757073518,1951,0,0,0.013814955058752026,0.31463358920508705,196
o4a4,r4t.final_raw_probability_nested_violations,1951,2191.09738595592,1924.0,979.0,3759.0,1951,0,0,368.0,789.4642857142857,196
o4a4,auxiliary.q.0.total_pixels,1951,262144.0,262144.0,262144.0,262144.0,1951,0,0,262144.0,262144.0,196
o4a4,auxiliary.q.0.gt_foreground,1951,29364.35161455664,28513.0,15296.0,45565.0,1951,0,0,9104.0,13711.244897959185,196
o4a4,auxiliary.q.0.gt_background,1951,232779.64838544338,233631.0,216579.0,246848.0,1951,0,0,185479.0,210883.1530612245,196
o4a4,auxiliary.q.0.pred_foreground,1951,24909.500768836493,24121.0,19412.0,31719.0,1951,0,0,16561.0,18722.464285714286,196
o4a4,auxiliary.q.0.intersection,1951,22390.407483341874,22043.0,14539.0,31317.0,1951,0,0,9075.0,13150.867346938776,196
o4a4,auxiliary.q.0.dice,1951,0.8349815025733375,0.8603993683459834,0.6964571835499377,0.9322586744823674,1951,0,0,0.45362767054139563,0.6267108484800208,196
o4a4,auxiliary.q.0.brier_sum,1951,7278.604185583067,5360.5141502841925,2392.599644907144,15024.4202124256,1951,0,0,972.5365916784046,1913.7518679957514,196
o4a4,auxiliary.q.0.brier,1951,0.027765671484310406,0.02044873867143323,0.009127043323162628,0.05731361470194092,1951,0,0,0.0037099326769958673,0.007300384017928129,196
o4a4,auxiliary.q.0.foreground_brier_sum,1951,5309.185332585826,3630.725977654371,332.50718820653765,13159.586780660064,1951,0,0,8.754577086405433,191.68541592541234,196
o4a4,auxiliary.q.0.background_brier_sum,1951,1969.4188529972414,1431.231484883007,33.51048073270276,4654.902977766972,1951,0,0,0.00549210164247319,10.681670978280907,196
o4a4,auxiliary.q.0.foreground_brier,1951,0.14309871812793357,0.1274265587441406,0.020784763010893593,0.3004829080778429,1951,0,0,0.0005049358107281943,0.012471031767827646,196
o4a4,auxiliary.q.0.background_brier,1951,0.008260772436361894,0.006051945656089704,0.00015413130959703259,0.019116052347442434,1951,0,0,2.961036905780811e-08,4.805457166234868e-05,196
o4a4,auxiliary.q.1.total_pixels,1951,262144.0,262144.0,262144.0,262144.0,1951,0,0,262144.0,262144.0,196
o4a4,auxiliary.q.1.gt_foreground,1951,9633.745771399283,7259.0,2865.0,19762.0,1951,0,0,907.0,2369.5255102040815,196
o4a4,auxiliary.q.1.gt_background,1951,252510.2542286007,254885.0,242382.0,259279.0,1951,0,0,213174.0,236489.056122449,196
o4a4,auxiliary.q.1.pred_foreground,1951,7686.839569451563,7520.0,6105.0,9762.0,1951,0,0,241.0,4754.836734693878,196
o4a4,auxiliary.q.1.intersection,1951,5773.660174269606,5626.0,2634.0,9276.0,1951,0,0,5.0,2029.3265306122448,196
o4a4,auxiliary.q.1.dice,1951,0.6847700659913784,0.699332548095799,0.47074646940147946,0.8876046233559187,1951,0,0,0.0006974473427256243,0.3509572092615698,196
o4a4,auxiliary.q.1.brier_sum,1951,4447.942469097939,2740.307867481762,1297.2527381427428,10079.154037823577,1951,0,0,527.5506447235941,1026.533841146949,196
o4a4,auxiliary.q.1.brier,1951,0.016967553974525217,0.010453444929053353,0.004948626473017665,0.038448921347898776,1951,0,0,0.0020124460019058004,0.003915915836894795,196
o4a4,auxiliary.q.1.foreground_brier_sum,1951,3005.6117850462465,686.3064513256645,31.78472346565715,9065.314210532157,1951,0,0,0.0060884179902664926,12.53253353676965,196
o4a4,auxiliary.q.1.background_brier_sum,1951,1442.330684051692,1341.0625108432866,42.781862132499946,2917.3070516685493,1951,0,0,0.00026410482930695116,10.189260841906307,196
o4a4,auxiliary.q.1.foreground_brier,1951,0.19279519900776074,0.10544487347502737,0.00873177291651294,0.4929642639838195,1951,0,0,2.287159275081327e-06,0.0036159760260000176,196
o4a4,auxiliary.q.1.background_brier,1951,0.005640423576538207,0.005319855138086782,0.00017108581676499642,0.011287267540171347,1951,0,0,1.1377845671972117e-09,4.17755072178104e-05,196
o4a5,r4t.global_visit,1951,976.0,976.0,196.0,1756.0,1951,0,0,1.0,98.5,196
o4a5,r4t.counts.network_forwards,1951,9.0,9.0,9.0,9.0,1951,0,0,9.0,9.0,196
o4a5,r4t.counts.loss_backward_calls,1951,1.0,1.0,1.0,1.0,1951,0,0,1.0,1.0,196
o4a5,r4t.counts.jacobian_vjp_calls,1951,0.0,0.0,0.0,0.0,0,1951,0,0.0,0.0,196
o4a5,r4t.counts.adam_calls,1951,1.0,1.0,1.0,1.0,1951,0,0,1.0,1.0,196
o4a5,r4t.counts.actual_parameter_replacements,1951,0.0,0.0,0.0,0.0,0,1951,0,0.0,0.0,196
o4a5,r4t.pca.input.region_token_counts.0,1951,926.8159917990774,931.0,900.0,948.0,1951,0,0,864.0,890.4285714285714,196
o4a5,r4t.pca.input.region_token_counts.1,1951,97.1840082009226,93.0,76.0,124.0,1951,0,0,63.0,72.88775510204081,196
o4a5,r4t.pca.input.region_token_counts.2,1951,994.2444900051256,995.0,986.0,1001.0,1951,0,0,974.0,982.6020408163265,196
o4a5,r4t.pca.input.region_token_counts.3,1951,29.755509994874423,29.0,23.0,38.0,1950,1,0,0.0,18.132653061224488,196
o4a5,r4t.pca.input.sampled_region_counts.0,1951,32.0,32.0,32.0,32.0,1951,0,0,32.0,32.0,196
o4a5,r4t.pca.input.sampled_region_counts.1,1951,31.54023577652486,32.0,32.0,32.0,1951,0,0,3.0,27.4234693877551,196
o4a5,r4t.pca.input.sampled_region_counts.2,1951,32.0,32.0,32.0,32.0,1951,0,0,32.0,32.0,196
o4a5,r4t.pca.input.sampled_region_counts.3,1951,12.365453613531523,13.0,1.0,21.0,1789,162,0,0.0,0.17346938775510204,196
o4a5,r4t.pca.input.selected_region_counts.0,1951,32.0,32.0,32.0,32.0,1951,0,0,32.0,32.0,196
o4a5,r4t.pca.input.selected_region_counts.1,1951,31.54023577652486,32.0,32.0,32.0,1951,0,0,3.0,27.4234693877551,196
o4a5,r4t.pca.input.selected_region_counts.2,1951,32.0,32.0,32.0,32.0,1951,0,0,32.0,32.0,196
o4a5,r4t.pca.input.selected_region_counts.3,1951,12.365453613531523,13.0,1.0,21.0,1789,162,0,0.0,0.17346938775510204,196
o4a5,r4t.pca.input.assigned_bank_counts.0,1951,32.0,32.0,32.0,32.0,1951,0,0,32.0,32.0,196
o4a5,r4t.pca.input.assigned_bank_counts.1,1951,31.54023577652486,32.0,32.0,32.0,1951,0,0,3.0,27.4234693877551,196
o4a5,r4t.pca.input.assigned_bank_counts.2,1951,32.0,32.0,32.0,32.0,1951,0,0,32.0,32.0,196
o4a5,r4t.pca.input.assigned_bank_counts.3,1951,12.365453613531523,13.0,1.0,21.0,1789,162,0,0.0,0.17346938775510204,196
o4a5,r4t.pca.input.zero_vectors.0,1951,0.0,0.0,0.0,0.0,0,1951,0,0.0,0.0,196
o4a5,r4t.pca.input.zero_vectors.1,1951,0.0,0.0,0.0,0.0,0,1951,0,0.0,0.0,196
o4a5,r4t.pca.input.zero_vectors.2,1951,0.0,0.0,0.0,0.0,0,1951,0,0.0,0.0,196
o4a5,r4t.pca.input.zero_vectors.3,1951,0.0,0.0,0.0,0.0,0,1951,0,0.0,0.0,196
o4a5,r4t.pca.input.missing_foreground.0,1951,0.0,0.0,0.0,0.0,0,1951,0,0.0,0.0,196
o4a5,r4t.pca.input.missing_foreground.1,1951,0.0005125576627370579,0.0,0.0,0.0,1,1950,0,0.0,0.0,196
o4a5,r4t.pca.banks.0.n,1951,31232.0,31232.0,6272.0,56192.0,1951,0,0,32.0,3152.0,196
o4a5,r4t.pca.banks.0.contributing_images,1951,976.0,976.0,196.0,1756.0,1951,0,0,1.0,98.5,196
o4a5,r4t.pca.banks.0.version,1951,968.4961558175295,976.0,192.0,1744.0,1936,15,0,0.0,91.10204081632654,196
o4a5,r4t.pca.banks.0.last_visit,1951,976.0,976.0,196.0,1756.0,1951,0,0,1.0,98.5,196
o4a5,r4t.pca.banks.0.ready,1951,0.9923116350589442,1.0,1.0,1.0,1936,15,0,0.0,0.923469387755102,196
o4a5,r4t.pca.banks.0.rank,1951,7.938493080471553,8.0,8.0,8.0,1936,15,0,0.0,7.387755102040816,196
o4a5,r4t.pca.banks.0.merges,1951,976.0,976.0,196.0,1756.0,1951,0,0,1.0,98.5,196
o4a5,r4t.pca.banks.0.eigh_calls,1951,60.53100973859559,61.0,12.0,109.0,1936,15,0,0.0,5.6938775510204085,196
o4a5,r4t.pca.banks.0.state_bytes,1951,10797.79395181958,10816.0,10816.0,10816.0,1951,0,0,8448.0,10634.775510204081,196
o4a5,r4t.pca.banks.1.n,1951,30812.737057919017,30840.0,6213.0,55388.0,1951,0,0,32.0,3130.6071428571427,196
o4a5,r4t.pca.banks.1.contributing_images,1951,976.0,976.0,196.0,1756.0,1951,0,0,1.0,98.5,196
o4a5,r4t.pca.banks.1.version,1951,968.4961558175295,976.0,192.0,1744.0,1936,15,0,0.0,91.10204081632654,196
o4a5,r4t.pca.banks.1.last_visit,1951,976.0,976.0,196.0,1756.0,1951,0,0,1.0,98.5,196
o4a5,r4t.pca.banks.1.ready,1951,0.9923116350589442,1.0,1.0,1.0,1936,15,0,0.0,0.923469387755102,196
o4a5,r4t.pca.banks.1.rank,1951,7.938493080471553,8.0,8.0,8.0,1936,15,0,0.0,7.387755102040816,196
o4a5,r4t.pca.banks.1.merges,1951,976.0,976.0,196.0,1756.0,1951,0,0,1.0,98.5,196
o4a5,r4t.pca.banks.1.eigh_calls,1951,60.53100973859559,61.0,12.0,109.0,1936,15,0,0.0,5.6938775510204085,196
o4a5,r4t.pca.banks.1.state_bytes,1951,10797.79395181958,10816.0,10816.0,10816.0,1951,0,0,8448.0,10634.775510204081,196
o4a5,r4t.pca.banks.2.n,1951,31232.0,31232.0,6272.0,56192.0,1951,0,0,32.0,3152.0,196
o4a5,r4t.pca.banks.2.contributing_images,1951,976.0,976.0,196.0,1756.0,1951,0,0,1.0,98.5,196
o4a5,r4t.pca.banks.2.version,1951,968.4961558175295,976.0,192.0,1744.0,1936,15,0,0.0,91.10204081632654,196
o4a5,r4t.pca.banks.2.last_visit,1951,976.0,976.0,196.0,1756.0,1951,0,0,1.0,98.5,196
o4a5,r4t.pca.banks.2.ready,1951,0.9923116350589442,1.0,1.0,1.0,1936,15,0,0.0,0.923469387755102,196
o4a5,r4t.pca.banks.2.rank,1951,7.938493080471553,8.0,8.0,8.0,1936,15,0,0.0,7.387755102040816,196
o4a5,r4t.pca.banks.2.merges,1951,976.0,976.0,196.0,1756.0,1951,0,0,1.0,98.5,196
o4a5,r4t.pca.banks.2.eigh_calls,1951,60.53100973859559,61.0,12.0,109.0,1936,15,0,0.0,5.6938775510204085,196
o4a5,r4t.pca.banks.2.state_bytes,1951,10797.79395181958,10816.0,10816.0,10816.0,1951,0,0,8448.0,10634.775510204081,196
o4a5,r4t.pca.banks.3.n,1951,12209.34443874936,12259.0,2567.0,21820.0,1951,0,0,23.0,1407.6377551020407,196
o4a5,r4t.pca.banks.3.contributing_images,1951,890.0681701691441,892.0,179.0,1604.0,1951,0,0,1.0,91.13265306122449,196
o4a5,r4t.pca.banks.3.version,1951,967.6617119425936,958.0,193.0,1752.0,1936,15,0,0.0,90.20918367346938,196
o4a5,r4t.pca.banks.3.last_visit,1951,976.0,976.0,196.0,1756.0,1951,0,0,1.0,98.5,196
o4a5,r4t.pca.banks.3.ready,1951,0.9923116350589442,1.0,1.0,1.0,1936,15,0,0.0,0.923469387755102,196
o4a5,r4t.pca.banks.3.rank,1951,7.938493080471553,8.0,8.0,8.0,1936,15,0,0.0,7.387755102040816,196
o4a5,r4t.pca.banks.3.merges,1951,890.0681701691441,892.0,179.0,1604.0,1951,0,0,1.0,91.13265306122449,196
o4a5,r4t.pca.banks.3.eigh_calls,1951,55.1604305484367,55.0,11.0,100.0,1936,15,0,0.0,5.229591836734694,196
o4a5,r4t.pca.banks.3.state_bytes,1951,10797.79395181958,10816.0,10816.0,10816.0,1951,0,0,8448.0,10634.775510204081,196
o4a5,r4t.pca.base_loss,1951,0.11722472592088456,0.09305748343467712,0.042059849947690964,0.23041360080242157,1951,0,0,0.022808749228715897,0.035742444936566205,196
o4a5,r4t.pca.subloss,1951,0.11699206042922136,0.11245839297771454,0.08785942196846008,0.15412580966949463,1935,16,0,0.0,0.07621683936794194,196
o4a5,r4t.teacher_update,1951,0.0,0.0,0.0,0.0,0,1951,0,0.0,0.0,196
o4a5,r4t.source_unchanged,1951,1.0,1.0,1.0,1.0,1951,0,0,1.0,1.0,196
o4a5,r4t.base_loss,1951,0.11722472592088456,0.09305748343467712,0.042059849947690964,0.23041360080242157,1951,0,0,0.022808749228715897,0.035742444936566205,196
o4a5,r4t.host_seconds,1951,0.6220147576955682,0.6180385348852724,0.5755620680283755,0.6832888049539179,1951,0,0,0.46317627583630383,0.5527868381254755,196
o4a5,r4t.trainable_scalars,1951,19136.0,19136.0,19136.0,19136.0,1951,0,0,19136.0,19136.0,196
o4a5,r4t.teacher_affine_student_l2,1951,1.9997262824347832,1.9666632173183145,0.5615607103218725,3.509299175852856,1951,0,0,0.013814955058752026,0.3099861202779235,196
o4a5,r4t.final_raw_probability_nested_violations,1951,1982.2839569451564,1711.0,902.0,3465.0,1951,0,0,355.0,735.4795918367347,196
o4a5,auxiliary.q.0.total_pixels,1951,262144.0,262144.0,262144.0,262144.0,1951,0,0,262144.0,262144.0,196
o4a5,auxiliary.q.0.gt_foreground,1951,29364.35161455664,28513.0,15296.0,45565.0,1951,0,0,9104.0,13711.244897959185,196
o4a5,auxiliary.q.0.gt_background,1951,232779.64838544338,233631.0,216579.0,246848.0,1951,0,0,185479.0,210883.1530612245,196
o4a5,auxiliary.q.0.pred_foreground,1951,24909.500768836493,24121.0,19412.0,31719.0,1951,0,0,16561.0,18722.464285714286,196
o4a5,auxiliary.q.0.intersection,1951,22390.407483341874,22043.0,14539.0,31317.0,1951,0,0,9075.0,13150.867346938776,196
o4a5,auxiliary.q.0.dice,1951,0.8349815025733375,0.8603993683459834,0.6964571835499377,0.9322586744823674,1951,0,0,0.45362767054139563,0.6267108484800208,196
o4a5,auxiliary.q.0.brier_sum,1951,7278.604185583067,5360.5141502841925,2392.599644907144,15024.4202124256,1951,0,0,972.5365916784046,1913.7518679957514,196
o4a5,auxiliary.q.0.brier,1951,0.027765671484310406,0.02044873867143323,0.009127043323162628,0.05731361470194092,1951,0,0,0.0037099326769958673,0.007300384017928129,196
o4a5,auxiliary.q.0.foreground_brier_sum,1951,5309.185332585826,3630.725977654371,332.50718820653765,13159.586780660064,1951,0,0,8.754577086405433,191.68541592541234,196
o4a5,auxiliary.q.0.background_brier_sum,1951,1969.4188529972414,1431.231484883007,33.51048073270276,4654.902977766972,1951,0,0,0.00549210164247319,10.681670978280907,196
o4a5,auxiliary.q.0.foreground_brier,1951,0.14309871812793357,0.1274265587441406,0.020784763010893593,0.3004829080778429,1951,0,0,0.0005049358107281943,0.012471031767827646,196
o4a5,auxiliary.q.0.background_brier,1951,0.008260772436361894,0.006051945656089704,0.00015413130959703259,0.019116052347442434,1951,0,0,2.961036905780811e-08,4.805457166234868e-05,196
o4a5,auxiliary.q.1.total_pixels,1951,262144.0,262144.0,262144.0,262144.0,1951,0,0,262144.0,262144.0,196
o4a5,auxiliary.q.1.gt_foreground,1951,9633.745771399283,7259.0,2865.0,19762.0,1951,0,0,907.0,2369.5255102040815,196
o4a5,auxiliary.q.1.gt_background,1951,252510.2542286007,254885.0,242382.0,259279.0,1951,0,0,213174.0,236489.056122449,196
o4a5,auxiliary.q.1.pred_foreground,1951,7686.839569451563,7520.0,6105.0,9762.0,1951,0,0,241.0,4754.836734693878,196
o4a5,auxiliary.q.1.intersection,1951,5773.660174269606,5626.0,2634.0,9276.0,1951,0,0,5.0,2029.3265306122448,196
o4a5,auxiliary.q.1.dice,1951,0.6847700659913784,0.699332548095799,0.47074646940147946,0.8876046233559187,1951,0,0,0.0006974473427256243,0.3509572092615698,196
o4a5,auxiliary.q.1.brier_sum,1951,4447.942469097939,2740.307867481762,1297.2527381427428,10079.154037823577,1951,0,0,527.5506447235941,1026.533841146949,196
o4a5,auxiliary.q.1.brier,1951,0.016967553974525217,0.010453444929053353,0.004948626473017665,0.038448921347898776,1951,0,0,0.0020124460019058004,0.003915915836894795,196
o4a5,auxiliary.q.1.foreground_brier_sum,1951,3005.6117850462465,686.3064513256645,31.78472346565715,9065.314210532157,1951,0,0,0.0060884179902664926,12.53253353676965,196
o4a5,auxiliary.q.1.background_brier_sum,1951,1442.330684051692,1341.0625108432866,42.781862132499946,2917.3070516685493,1951,0,0,0.00026410482930695116,10.189260841906307,196
o4a5,auxiliary.q.1.foreground_brier,1951,0.19279519900776074,0.10544487347502737,0.00873177291651294,0.4929642639838195,1951,0,0,2.287159275081327e-06,0.0036159760260000176,196
o4a5,auxiliary.q.1.background_brier,1951,0.005640423576538207,0.005319855138086782,0.00017108581676499642,0.011287267540171347,1951,0,0,1.1377845671972117e-09,4.17755072178104e-05,196
o4a5,auxiliary.memory.regions.0.region,1951,0.0,0.0,0.0,0.0,0,1951,0,0.0,0.0,196
o4a5,auxiliary.memory.regions.0.selected_tokens,1951,32.0,32.0,32.0,32.0,1951,0,0,32.0,32.0,196
o4a5,auxiliary.memory.regions.0.correct_tokens,1951,31.63557150179395,32.0,31.0,32.0,1951,0,0,26.0,29.785714285714285,196
o4a5,auxiliary.memory.regions.0.incorrect_tokens,1951,0.36442849820604817,0.0,0.0,1.0,473,1478,0,0.0,0.0,196
o4a5,auxiliary.memory.regions.1.region,1951,1.0,1.0,1.0,1.0,1951,0,0,1.0,1.0,196
o4a5,auxiliary.memory.regions.1.selected_tokens,1951,31.54023577652486,32.0,32.0,32.0,1951,0,0,3.0,27.4234693877551,196
o4a5,auxiliary.memory.regions.1.correct_tokens,1951,31.042542286007176,32.0,29.0,32.0,1951,0,0,3.0,24.275510204081634,196
o4a5,auxiliary.memory.regions.1.incorrect_tokens,1951,0.49769349051768325,0.0,0.0,2.0,370,1581,0,0.0,0.0,196
o4a5,auxiliary.memory.regions.2.region,1951,2.0,2.0,2.0,2.0,1951,0,0,2.0,2.0,196
o4a5,auxiliary.memory.regions.2.selected_tokens,1951,32.0,32.0,32.0,32.0,1951,0,0,32.0,32.0,196
o4a5,auxiliary.memory.regions.2.correct_tokens,1951,31.764223475140952,32.0,31.0,32.0,1951,0,0,26.0,30.198979591836736,196
o4a5,auxiliary.memory.regions.2.incorrect_tokens,1951,0.23577652485904665,0.0,0.0,1.0,303,1648,0,0.0,0.0,196
o4a5,auxiliary.memory.regions.3.region,1951,3.0,3.0,3.0,3.0,1951,0,0,3.0,3.0,196
o4a5,auxiliary.memory.regions.3.selected_tokens,1951,12.365453613531523,13.0,1.0,21.0,1789,162,0,0.0,0.17346938775510204,196
o4a5,auxiliary.memory.regions.3.correct_tokens,1951,11.403382880574064,12.0,1.0,20.0,1771,180,0,0.0,0.08163265306122448,196
o4a5,auxiliary.memory.regions.3.incorrect_tokens,1951,0.9620707329574577,0.0,0.0,3.0,663,1288,0,0.0,0.0,196
o4a5,r4t.pca.basis_versions_used.0,1935,975.5038759689922,976.0,208.0,1744.0,1935,0,0,16.0,105.0721649484536,194
o4a5,r4t.pca.basis_versions_used.1,1935,975.5038759689922,976.0,208.0,1744.0,1935,0,0,16.0,105.0721649484536,194
o4a5,r4t.pca.basis_versions_used.2,1935,975.5038759689922,976.0,208.0,1744.0,1935,0,0,16.0,105.0721649484536,194
o4a5,r4t.pca.basis_versions_used.3,1935,974.6625322997417,980.0,209.0,1752.0,1935,0,0,16.0,104.15463917525773,194
o4a6,r4t.global_visit,1951,976.0,976.0,196.0,1756.0,1951,0,0,1.0,98.5,196
o4a6,r4t.counts.network_forwards,1951,8.0,8.0,8.0,8.0,1951,0,0,8.0,8.0,196
o4a6,r4t.counts.loss_backward_calls,1951,1.0,1.0,1.0,1.0,1951,0,0,1.0,1.0,196
o4a6,r4t.counts.jacobian_vjp_calls,1951,0.0,0.0,0.0,0.0,0,1951,0,0.0,0.0,196
o4a6,r4t.counts.adam_calls,1951,1.0,1.0,1.0,1.0,1951,0,0,1.0,1.0,196
o4a6,r4t.counts.actual_parameter_replacements,1951,0.0,0.0,0.0,0.0,0,1951,0,0.0,0.0,196
o4a6,r4t.kernels.res.conv1.parameters,1951,67.0,67.0,67.0,67.0,1951,0,0,67.0,67.0,196
o4a6,r4t.kernels.res.conv1.detail_change_l2,1951,2.636278255927084e-07,2.6375463460219844e-07,2.51734899000967e-07,2.750044072534944e-07,1951,0,0,2.3035405570575962e-07,2.4689302129593e-07,196
o4a6,r4t.kernels.res.conv1.dc_change_l2,1951,0.014420607189327826,0.01389546079713886,0.009710828182029934,0.02145470973290406,1951,0,0,0.0004126728948324371,0.005674737540659139,196
o4a6,r4t.kernels.res.conv1.flattened_cosine_gram_max_error,1951,0.003227382373750768,0.003399518674198021,0.0014635725570753544,0.004825858094454932,1951,0,0,5.3159262911439686e-05,0.0009992044658186036,196
o4a6,r4t.kernels.res.conv1.effective_change_l2,1951,0.01442060719258346,0.013895460799512208,0.009710828185299886,0.02145470973448888,1951,0,0,0.0004126729790279652,0.0056747375513865024,196
o4a6,r4t.kernels.res.conv1.dc_cosine_gram_max_error,1951,7.272381700773564e-07,7.077826546658672e-07,4.4237176510808496e-07,1.0535210306084064e-06,1951,0,0,2.3052834707826264e-07,3.7355281839363713e-07,196
o4a6,r4t.kernels.res.conv1.nonzero_source_dc_rows,1951,64.0,64.0,64.0,64.0,1951,0,0,64.0,64.0,196
o4a6,r4t.kernels.res.conv1.orthogonality_error,1951,2.5988053043324813e-16,2.482574699198425e-16,1.1102448568083793e-16,4.003114043572891e-16,1951,0,0,1.2718680768551988e-19,4.419548218508715e-17,196
o4a6,r4t.kernels.res.conv1.gain_min,1951,0.9915515131354616,0.9911713168894748,0.9890013473472937,0.9949228092181758,1951,0,0,0.9886579853186774,0.9888037493378804,196
o4a6,r4t.kernels.res.conv1.gain_max,1951,1.0180730113124303,1.0200508680435347,1.0065136507498722,1.0273585148054856,1951,0,0,1.0001000048521065,1.003879247310364,196
o4a6,r4t.kernels.res.layer1.2.conv2.parameters,1951,2080.0,2080.0,2080.0,2080.0,1951,0,0,2080.0,2080.0,196
o4a6,r4t.kernels.res.layer1.2.conv2.detail_change_l2,1951,1.247468913788035e-07,1.2473071135892268e-07,1.2324784290522255e-07,1.262795094690879e-07,1951,0,0,1.204508375568095e-07,1.2261204747156217e-07,196
o4a6,r4t.kernels.res.layer1.2.conv2.dc_change_l2,1951,0.17017210876578595,0.1781050327438873,0.08460531030540719,0.2500650241959509,1951,0,0,0.003039143686929797,0.051968591494499436,196
o4a6,r4t.kernels.res.layer1.2.conv2.flattened_cosine_gram_max_error,1951,0.0015664546029109524,0.0015904014827508584,0.000846337739390246,0.0022229716688156598,1951,0,0,3.1181114325207204e-05,0.000563003166507912,196
o4a6,r4t.kernels.res.layer1.2.conv2.effective_change_l2,1951,0.170172108765851,0.17810503274393116,0.08460531030549784,0.2500650241959829,1951,0,0,0.003039143689520836,0.051968591494724624,196
o4a6,r4t.kernels.res.layer1.2.conv2.dc_cosine_gram_max_error,1951,1.795193915760763e-08,1.7593426632211973e-08,1.547716678429456e-08,2.0925758709156028e-08,1951,0,0,1.2911738497822789e-08,1.4869456481527832e-08,196
o4a6,r4t.kernels.res.layer1.2.conv2.nonzero_source_dc_rows,1951,64.0,64.0,64.0,64.0,1951,0,0,64.0,64.0,196
o4a6,r4t.kernels.res.layer1.2.conv2.orthogonality_error,1951,6.150498706421346e-15,6.137314859385419e-15,5.407200235928524e-15,6.913117008370076e-15,1951,0,0,4.246821819474274e-15,5.137455069266059e-15,196
o4a6,r4t.kernels.res.layer1.2.conv2.gain_min,1951,0.9887586076566088,0.9888678155252134,0.9822847936912509,0.9955995794442876,1951,0,0,0.9803474956239058,0.9813277471570955,196
o4a6,r4t.kernels.res.layer1.2.conv2.gain_max,1951,1.0102933752178525,1.0101049179464168,1.0060040441314257,1.0150531505181226,1951,0,0,1.0001000045901458,1.0030885530874354,196
o4a6,r4t.teacher_update,1951,0.0,0.0,0.0,0.0,0,1951,0,0.0,0.0,196
o4a6,r4t.source_unchanged,1951,1.0,1.0,1.0,1.0,1951,0,0,1.0,1.0,196
o4a6,r4t.base_loss,1951,0.054750007698011666,0.04239165782928467,0.028971396386623383,0.09118793904781342,1951,0,0,0.020403314381837845,0.026206398715398142,196
o4a6,r4t.host_seconds,1951,1.1335335578397108,1.1597501570358872,1.0550093748606741,1.266066004987806,1951,0,0,0.4204601510427892,0.6114712315421476,196
o4a6,r4t.trainable_scalars,1951,21283.0,21283.0,21283.0,21283.0,1951,0,0,21283.0,21283.0,196
o4a6,r4t.final_raw_probability_nested_violations,1951,2314.032803690415,2056.0,1051.0,3909.0,1951,0,0,402.0,849.295918367347,196
o4a6,auxiliary.q.0.total_pixels,1951,262144.0,262144.0,262144.0,262144.0,1951,0,0,262144.0,262144.0,196
o4a6,auxiliary.q.0.gt_foreground,1951,29364.35161455664,28513.0,15296.0,45565.0,1951,0,0,9104.0,13711.244897959185,196
o4a6,auxiliary.q.0.gt_background,1951,232779.64838544338,233631.0,216579.0,246848.0,1951,0,0,185479.0,210883.1530612245,196
o4a6,auxiliary.q.0.pred_foreground,1951,29201.305996924653,27851.0,22756.0,37744.0,1951,0,0,18891.0,21466.821428571428,196
o4a6,auxiliary.q.0.intersection,1951,25230.893388006152,24709.0,15118.0,36634.0,1951,0,0,9104.0,13617.382653061224,196
o4a6,auxiliary.q.0.dice,1951,0.8549189426321316,0.8754876420804334,0.7357453969510988,0.9444222908982155,1951,0,0,0.5093016293888722,0.6752867602698237,196
o4a6,auxiliary.q.0.brier_sum,1951,6416.219671517958,5514.500375210327,2318.483194125564,11714.465057392326,1951,0,0,918.9802703424562,1809.0338362333202,196
o4a6,auxiliary.q.0.brier,1951,0.02447593563658889,0.02103614950260287,0.008844311501028304,0.044687137822694116,1951,0,0,0.0035056315244386908,0.006900916428502351,196
o4a6,auxiliary.q.0.foreground_brier_sum,1951,3265.1013682300863,1675.763749135767,4.780262326862836,8785.300026285451,1951,0,0,0.00039183436123124693,1.3308320344649518,196
o4a6,auxiliary.q.0.background_brier_sum,1951,3151.118303287872,1908.5537754873694,30.800916575388477,8277.8381766239,1951,0,0,0.004262250491149228,8.276313535390257,196
o4a6,auxiliary.q.0.foreground_brier,1951,0.08229305215514506,0.05641390721729705,0.00028856599264665483,0.2074231915501448,1951,0,0,2.5694056474180128e-08,8.226376808389039e-05,196
o4a6,auxiliary.q.0.background_brier,1951,0.01303785442644708,0.008168286105943912,0.00013876157303233485,0.03388003168883913,1951,0,0,2.2979693071179096e-08,3.748222379582001e-05,196
o4a6,auxiliary.q.1.total_pixels,1951,262144.0,262144.0,262144.0,262144.0,1951,0,0,262144.0,262144.0,196
o4a6,auxiliary.q.1.gt_foreground,1951,9633.745771399283,7259.0,2865.0,19762.0,1951,0,0,907.0,2369.5255102040815,196
o4a6,auxiliary.q.1.gt_background,1951,252510.2542286007,254885.0,242382.0,259279.0,1951,0,0,213174.0,236489.056122449,196
o4a6,auxiliary.q.1.pred_foreground,1951,9552.742696053307,9327.0,7469.0,12053.0,1951,0,0,4087.0,7012.489795918367,196
o4a6,auxiliary.q.1.intersection,1951,6708.163505894413,6547.0,2843.0,10848.0,1951,0,0,896.0,2345.326530612245,196
o4a6,auxiliary.q.1.dice,1951,0.6948167196943194,0.7182779456193353,0.47080861692163595,0.8883080513418903,1951,0,0,0.1032436480958691,0.39918115154112815,196
o4a6,auxiliary.q.1.brier_sum,1951,4511.193535959905,3797.4243329067535,1292.8780795718492,8392.070414988531,1951,0,0,651.7238830254832,1021.4881274442828,196
o4a6,auxiliary.q.1.brier,1951,0.017208837646331424,0.014486024219157232,0.004931938474929234,0.03201320806498921,1951,0,0,0.0024861293145198183,0.003896667966630107,196
o4a6,auxiliary.q.1.foreground_brier_sum,1951,2350.341662260139,296.8354963023911,0.2810259666455046,7414.33128351839,1951,0,0,0.0006818959114838208,0.1002728048188418,196
o4a6,auxiliary.q.1.background_brier_sum,1951,2160.8518736997657,1754.6894283814947,37.79407276321395,4800.239918539616,1951,0,0,0.0002713622167066472,8.113247219634246,196
o4a6,auxiliary.q.1.foreground_brier,1951,0.13264718422289898,0.03920926425735088,8.782979320128183e-05,0.4028215821189117,1951,0,0,3.1909027210286417e-07,3.034330996585617e-05,196
o4a6,auxiliary.q.1.background_brier,1951,0.008422544428234707,0.006913924573829119,0.00015784016602035227,0.018566172408587003,1951,0,0,1.1690499681488493e-09,3.341974102438661e-05,196
o4a7,r4t.global_visit,1951,976.0,976.0,196.0,1756.0,1951,0,0,1.0,98.5,196
o4a7,r4t.counts.network_forwards,1951,8.0,8.0,8.0,8.0,1951,0,0,8.0,8.0,196
o4a7,r4t.counts.loss_backward_calls,1951,1.0,1.0,1.0,1.0,1951,0,0,1.0,1.0,196
o4a7,r4t.counts.jacobian_vjp_calls,1951,0.0,0.0,0.0,0.0,0,1951,0,0.0,0.0,196
o4a7,r4t.counts.adam_calls,1951,1.0,1.0,1.0,1.0,1951,0,0,1.0,1.0,196
o4a7,r4t.counts.actual_parameter_replacements,1951,0.0,0.0,0.0,0.0,0,1951,0,0.0,0.0,196
o4a7,r4t.kernels.res.conv1.parameters,1951,67.0,67.0,67.0,67.0,1951,0,0,67.0,67.0,196
o4a7,r4t.kernels.res.conv1.detail_change_l2,1951,0.07534994206131286,0.0740449820289159,0.032740729421226474,0.11650210761690855,1951,0,0,0.0020553856195246975,0.020870199202159708,196
o4a7,r4t.kernels.res.conv1.dc_change_l2,1951,0.017308066825548418,0.016456948333518642,0.008200057261206267,0.026926369745843347,1951,0,0,0.00035339966423055506,0.004759747532219897,196
o4a7,r4t.kernels.res.conv1.flattened_cosine_gram_max_error,1951,1.7105121467146074e-08,1.670296362332735e-08,1.4255484993841439e-08,2.0503024472651177e-08,1951,0,0,1.1915555310666737e-08,1.3615920434001079e-08,196
o4a7,r4t.kernels.res.conv1.effective_change_l2,1951,0.07731866636617893,0.0758517667039772,0.03371876378835958,0.11953477818014786,1951,0,0,0.002085545820073772,0.02142805967831935,196
o4a7,r4t.kernels.res.conv1.dc_cosine_gram_max_error,1951,2.7032984273286124e-07,2.554893019993121e-07,1.5565975367004548e-07,4.0343981644319626e-07,1951,0,0,8.538393955759283e-08,1.3626669485644432e-07,196
o4a7,r4t.kernels.res.conv1.nonzero_source_dc_rows,1951,64.0,64.0,64.0,64.0,1951,0,0,64.0,64.0,196
o4a7,r4t.kernels.res.conv1.orthogonality_error,1951,2.5600770413013887e-16,2.482564337242363e-16,1.1102365260149296e-16,4.003107979778576e-16,1951,0,0,3.0977709579271135e-20,3.690234806446627e-17,196
o4a7,r4t.kernels.res.conv1.gain_min,1951,0.9859116235995364,0.9851509445544419,0.9778569847606217,0.9955280670520066,1951,0,0,0.9766531194796868,0.9773689196979704,196
o4a7,r4t.kernels.res.conv1.gain_max,1951,1.0156538882213533,1.0151955687047962,1.0068227656335103,1.026589971678632,1951,0,0,1.0000999751050177,1.0041506486250638,196
o4a7,r4t.kernels.res.layer1.2.conv2.parameters,1951,2080.0,2080.0,2080.0,2080.0,1951,0,0,2080.0,2080.0,196
o4a7,r4t.kernels.res.layer1.2.conv2.detail_change_l2,1951,0.20905236219656856,0.21868509694106986,0.10531995008021293,0.30224776581989393,1951,0,0,0.0041954898680347085,0.06480228611948899,196
o4a7,r4t.kernels.res.layer1.2.conv2.dc_change_l2,1951,0.1581190497510002,0.16549748654152385,0.0787332861442507,0.2317587644577613,1951,0,0,0.0028410782511102306,0.04800550723627497,196
o4a7,r4t.kernels.res.layer1.2.conv2.flattened_cosine_gram_max_error,1951,6.462095862071116e-09,6.286413584133399e-09,5.497466874088142e-09,7.567102527916703e-09,1951,0,0,4.7303624103704756e-09,5.306099644092933e-09,196
o4a7,r4t.kernels.res.layer1.2.conv2.effective_change_l2,1951,0.2621218871510903,0.27424913796708095,0.131496092078704,0.3808750934966811,1951,0,0,0.005066938016367816,0.08064748941988333,196
o4a7,r4t.kernels.res.layer1.2.conv2.dc_cosine_gram_max_error,1951,1.2724958775606253e-08,1.2476617516909982e-08,1.0954211201313901e-08,1.4861156021062083e-08,1951,0,0,9.262925138725508e-09,1.048847228575237e-08,196
o4a7,r4t.kernels.res.layer1.2.conv2.nonzero_source_dc_rows,1951,64.0,64.0,64.0,64.0,1951,0,0,64.0,64.0,196
o4a7,r4t.kernels.res.layer1.2.conv2.orthogonality_error,1951,6.170209351702274e-15,6.164834439943557e-15,5.4142115382662705e-15,6.952326098872526e-15,1951,0,0,4.297424015202589e-15,5.158176525468604e-15,196
o4a7,r4t.kernels.res.layer1.2.conv2.gain_min,1951,0.9878963464893246,0.9870114865642714,0.9808291313846659,0.9950229633259626,1951,0,0,0.9787782165604973,0.9796044636381689,196
o4a7,r4t.kernels.res.layer1.2.conv2.gain_max,1951,1.012024861826578,1.0123904388908769,1.0055197240721783,1.0182015222118679,1951,0,0,1.0000996429898914,1.0029294741305785,196
o4a7,r4t.teacher_update,1951,0.0,0.0,0.0,0.0,0,1951,0,0.0,0.0,196
o4a7,r4t.source_unchanged,1951,1.0,1.0,1.0,1.0,1951,0,0,1.0,1.0,196
o4a7,r4t.base_loss,1951,0.05479116952175638,0.0423511266708374,0.029047638177871704,0.09149877727031708,1951,0,0,0.020397331565618515,0.02623796815584813,196
o4a7,r4t.host_seconds,1951,1.1399547037542503,1.1635307320393622,1.0597067920025438,1.248593969969079,1951,0,0,0.4233758950140327,0.7131674923917412,196
o4a7,r4t.trainable_scalars,1951,21283.0,21283.0,21283.0,21283.0,1951,0,0,21283.0,21283.0,196
o4a7,r4t.final_raw_probability_nested_violations,1951,2305.382368016402,2047.0,1051.0,3892.0,1951,0,0,398.0,847.9234693877551,196
o4a7,auxiliary.q.0.total_pixels,1951,262144.0,262144.0,262144.0,262144.0,1951,0,0,262144.0,262144.0,196
o4a7,auxiliary.q.0.gt_foreground,1951,29364.35161455664,28513.0,15296.0,45565.0,1951,0,0,9104.0,13711.244897959185,196
o4a7,auxiliary.q.0.gt_background,1951,232779.64838544338,233631.0,216579.0,246848.0,1951,0,0,185479.0,210883.1530612245,196
o4a7,auxiliary.q.0.pred_foreground,1951,29203.72885699641,27871.0,22758.0,37715.0,1951,0,0,18900.0,21463.88775510204,196
o4a7,auxiliary.q.0.intersection,1951,25227.679138903128,24705.0,15118.0,36637.0,1951,0,0,9104.0,13617.357142857143,196
o4a7,auxiliary.q.0.dice,1951,0.8547852595656589,0.8754202873236977,0.7352755429858041,0.9444306005482183,1951,0,0,0.5078573103904135,0.6749938875975756,196
o4a7,auxiliary.q.0.brier_sum,1951,6422.2897433230855,5515.622629203915,2319.1289385171513,11718.074207192842,1951,0,0,911.8975098378373,1810.1757581210404,196
o4a7,auxiliary.q.0.brier,1951,0.024499091122906057,0.021040430561843546,0.008846774820393186,0.04470090563656937,1951,0,0,0.0034786129373086446,0.006905272514804994,196
o4a7,auxiliary.q.0.foreground_brier_sum,1951,3267.92203521313,1686.7698852529202,4.874406233041778,8797.674000810099,1951,0,0,0.0003780891712708012,1.302626317111854,196
o4a7,auxiliary.q.0.background_brier_sum,1951,3154.367708109955,1911.7261299040597,30.89517679096828,8326.719882600448,1951,0,0,0.004268913915404518,8.318464796214927,196
o4a7,auxiliary.q.0.foreground_brier,1951,0.08236276549697318,0.05653686753808283,0.00028323667142702116,0.20771951454030443,1951,0,0,2.4792732542347622e-08,8.046637320413554e-05,196
o4a7,auxiliary.q.0.background_brier,1951,0.013051632993904234,0.00819466699279855,0.00013968101197338605,0.034008474879615676,1951,0,0,2.30156185627727e-08,3.768115389032926e-05,196
o4a7,auxiliary.q.1.total_pixels,1951,262144.0,262144.0,262144.0,262144.0,1951,0,0,262144.0,262144.0,196
o4a7,auxiliary.q.1.gt_foreground,1951,9633.745771399283,7259.0,2865.0,19762.0,1951,0,0,907.0,2369.5255102040815,196
o4a7,auxiliary.q.1.gt_background,1951,252510.2542286007,254885.0,242382.0,259279.0,1951,0,0,213174.0,236489.056122449,196
o4a7,auxiliary.q.1.pred_foreground,1951,9553.100461301896,9327.0,7465.0,12052.0,1951,0,0,4103.0,7013.173469387755,196
o4a7,auxiliary.q.1.intersection,1951,6708.823167606356,6547.0,2843.0,10846.0,1951,0,0,885.0,2345.2755102040815,196
o4a7,auxiliary.q.1.dice,1951,0.6948692909525337,0.7181700474751834,0.4709156918112142,0.8880830311366763,1951,0,0,0.10204081632653061,0.39936682119944134,196
o4a7,auxiliary.q.1.brier_sum,1951,4510.642720337921,3796.485567407313,1291.7231750445283,8395.715232287917,1951,0,0,653.8271365150945,1021.8802120907146,196
o4a7,auxiliary.q.1.brier,1951,0.017206736451484378,0.014482443112973453,0.004927532863786805,0.03202711193957488,1951,0,0,0.0024941525898555545,0.003898163650858744,196
o4a7,auxiliary.q.1.foreground_brier_sum,1951,2350.1072479587956,297.80016620437425,0.28761246745501623,7407.949515801789,1951,0,0,0.0006771241176899423,0.09982272200877021,196
o4a7,auxiliary.q.1.background_brier_sum,1951,2160.5354723791256,1756.1529763236672,37.83331083986183,4796.448300813823,1951,0,0,0.00027130392951681343,8.14195466298533,196
o4a7,auxiliary.q.1.foreground_brier,1951,0.13263997357810126,0.03917526320266194,8.840399263027127e-05,0.4031650470254258,1951,0,0,3.168573316284241e-07,3.0350689326001928e-05,196
o4a7,auxiliary.q.1.background_brier,1951,0.00842142862653832,0.006923900484828426,0.00016220631564294448,0.018547891705346358,1951,0,0,1.1687988623086715e-09,3.3559720815093853e-05,196
o4a8,r4t.global_visit,1951,976.0,976.0,196.0,1756.0,1951,0,0,1.0,98.5,196
o4a8,r4t.counts.network_forwards,1951,8.0,8.0,8.0,8.0,1951,0,0,8.0,8.0,196
o4a8,r4t.counts.loss_backward_calls,1951,1.0,1.0,1.0,1.0,1951,0,0,1.0,1.0,196
o4a8,r4t.counts.jacobian_vjp_calls,1951,0.0,0.0,0.0,0.0,0,1951,0,0.0,0.0,196
o4a8,r4t.counts.adam_calls,1951,1.0,1.0,1.0,1.0,1951,0,0,1.0,1.0,196
o4a8,r4t.counts.actual_parameter_replacements,1951,0.0,0.0,0.0,0.0,0,1951,0,0.0,0.0,196
o4a8,r4t.kernels.res.conv1.parameters,1951,64.0,64.0,64.0,64.0,1951,0,0,64.0,64.0,196
o4a8,r4t.kernels.res.conv1.detail_change_l2,1951,2.6337067658200526e-07,2.635214795930317e-07,2.5215023247066057e-07,2.743718092639933e-07,1951,0,0,2.3304959582455807e-07,2.4803836352983873e-07,196
o4a8,r4t.kernels.res.conv1.dc_change_l2,1951,0.009321319475290586,0.009458285506845706,0.00609564105966025,0.013566952341138104,1951,0,0,0.00023226208391965866,0.003700765723374677,196
o4a8,r4t.kernels.res.conv1.flattened_cosine_gram_max_error,1951,0.0033823201150138967,0.0035817068564548554,0.0014721553901277384,0.00502776684873274,1951,0,0,5.316352394935109e-05,0.0010033374404239594,196
o4a8,r4t.kernels.res.conv1.effective_change_l2,1951,0.00932131948027097,0.00945828551075771,0.006095641065112737,0.013566952343864205,1951,0,0,0.000232262242285601,0.003700765739172277,196
o4a8,r4t.kernels.res.conv1.dc_cosine_gram_max_error,1951,7.231972128894191e-07,7.031323654843602e-07,4.419806191036102e-07,1.033136797855272e-06,1951,0,0,2.210365827037819e-07,3.7330090265364164e-07,196
o4a8,r4t.kernels.res.conv1.nonzero_source_dc_rows,1951,64.0,64.0,64.0,64.0,1951,0,0,64.0,64.0,196
o4a8,r4t.kernels.res.conv1.orthogonality_error,1951,0.0,0.0,0.0,0.0,0,1951,0,0.0,0.0,196
o4a8,r4t.kernels.res.conv1.gain_min,1951,0.9915230930903945,0.9909715153712838,0.9889656828795151,0.9948506093114237,1951,0,0,0.9887087830837533,0.9888121657932708,196
o4a8,r4t.kernels.res.conv1.gain_max,1951,1.0181878409192753,1.02027876913535,1.0067014014741924,1.0277197462422156,1951,0,0,1.0001000048521065,1.003970969757425,196
o4a8,r4t.kernels.res.layer1.2.conv2.parameters,1951,64.0,64.0,64.0,64.0,1951,0,0,64.0,64.0,196
o4a8,r4t.kernels.res.layer1.2.conv2.detail_change_l2,1951,1.2476434382387858e-07,1.2475183027300824e-07,1.2320506571743386e-07,1.263681508341869e-07,1951,0,0,1.2030983566769938e-07,1.2262836002820513e-07,196
o4a8,r4t.kernels.res.layer1.2.conv2.dc_change_l2,1951,0.01307113008930393,0.013487996926155824,0.006166852496500281,0.01960203801906209,1951,0,0,0.0002959169148137828,0.003996730340037637,196
o4a8,r4t.kernels.res.layer1.2.conv2.flattened_cosine_gram_max_error,1951,0.0016161071385572604,0.0015917292313562537,0.0008268458921008581,0.0024120171634924997,1951,0,0,3.1172453932332145e-05,0.0005601879646660353,196
o4a8,r4t.kernels.res.layer1.2.conv2.effective_change_l2,1951,0.013071130090137714,0.013487996926732214,0.006166852497730985,0.019602038019445125,1951,0,0,0.0002959169413048714,0.003996730342804822,196
o4a8,r4t.kernels.res.layer1.2.conv2.dc_cosine_gram_max_error,1951,1.810631261616337e-08,1.7856489342715776e-08,1.5591619245691746e-08,2.106042906735439e-08,1951,0,0,1.3324705575024076e-08,1.5041968086268744e-08,196
o4a8,r4t.kernels.res.layer1.2.conv2.nonzero_source_dc_rows,1951,64.0,64.0,64.0,64.0,1951,0,0,64.0,64.0,196
o4a8,r4t.kernels.res.layer1.2.conv2.orthogonality_error,1951,0.0,0.0,0.0,0.0,0,1951,0,0.0,0.0,196
o4a8,r4t.kernels.res.layer1.2.conv2.gain_min,1951,0.9885871412052037,0.9889098119613138,0.9820380490824198,0.9954413393934903,1951,0,0,0.9803041737938255,0.981214766740889,196
o4a8,r4t.kernels.res.layer1.2.conv2.gain_max,1951,1.0104366292353848,1.0103101569880486,1.0060235410379894,1.0153332987062498,1951,0,0,1.0001000045901458,1.003092759685882,196
o4a8,r4t.teacher_update,1951,0.0,0.0,0.0,0.0,0,1951,0,0.0,0.0,196
o4a8,r4t.source_unchanged,1951,1.0,1.0,1.0,1.0,1951,0,0,1.0,1.0,196
o4a8,r4t.base_loss,1951,0.05522689671718207,0.042585499584674835,0.02912229858338833,0.09248676896095276,1951,0,0,0.020653247833251953,0.02632625665211556,196
o4a8,r4t.host_seconds,1951,0.5730856988162064,0.5745583870448172,0.5276941889896989,0.6269288770854473,1951,0,0,0.4467454650439322,0.5136440713956419,196
o4a8,r4t.trainable_scalars,1951,19264.0,19264.0,19264.0,19264.0,1951,0,0,19264.0,19264.0,196
o4a8,r4t.final_raw_probability_nested_violations,1951,2256.330087134803,2005.0,1031.0,3812.0,1951,0,0,382.0,831.6785714285714,196
o4a8,auxiliary.q.0.total_pixels,1951,262144.0,262144.0,262144.0,262144.0,1951,0,0,262144.0,262144.0,196
o4a8,auxiliary.q.0.gt_foreground,1951,29364.35161455664,28513.0,15296.0,45565.0,1951,0,0,9104.0,13711.244897959185,196
o4a8,auxiliary.q.0.gt_background,1951,232779.64838544338,233631.0,216579.0,246848.0,1951,0,0,185479.0,210883.1530612245,196
o4a8,auxiliary.q.0.pred_foreground,1951,29130.201947719117,27774.0,22739.0,37569.0,1951,0,0,18870.0,21463.576530612245,196
o4a8,auxiliary.q.0.intersection,1951,25188.54689902614,24694.0,15118.0,36523.0,1951,0,0,9104.0,13616.57142857143,196
o4a8,auxiliary.q.0.dice,1951,0.8547770105445748,0.8750794124129705,0.7358615004122011,0.9437957824639289,1951,0,0,0.5118848055018268,0.6761488631568288,196
o4a8,auxiliary.q.0.brier_sum,1951,6422.356429508943,5511.81965707087,2328.520218388524,11650.774387890426,1951,0,0,917.434976880698,1813.1709273968656,196
o4a8,auxiliary.q.0.brier,1951,0.024499345510516902,0.02102592337444637,0.00888259971003923,0.04444417719989939,1951,0,0,0.0034997366976955335,0.006916698178851569,196
o4a8,auxiliary.q.0.foreground_brier_sum,1951,3299.3408128446745,1712.8647585315634,5.069445387775286,8917.394473211007,1951,0,0,0.00045440503408400446,1.4526806883525194,196
o4a8,auxiliary.q.0.background_brier_sum,1951,3123.0156166642687,1887.0720467194687,29.897282465052562,8192.280377371495,1951,0,0,0.004316483713605968,8.171755109393539,196
o4a8,auxiliary.q.0.foreground_brier,1951,0.08314257852921536,0.057474018239333464,0.00032321265000268603,0.2084521170350522,1951,0,0,2.9797051415344553e-08,9.042226375064907e-05,196
o4a8,auxiliary.q.0.background_brier,1951,0.012922413710708718,0.008162496998198411,0.00013597360519861993,0.03360194898502397,1951,0,0,2.3272088557766474e-08,3.700786009499326e-05,196
o4a8,auxiliary.q.1.total_pixels,1951,262144.0,262144.0,262144.0,262144.0,1951,0,0,262144.0,262144.0,196
o4a8,auxiliary.q.1.gt_foreground,1951,9633.745771399283,7259.0,2865.0,19762.0,1951,0,0,907.0,2369.5255102040815,196
o4a8,auxiliary.q.1.gt_background,1951,252510.2542286007,254885.0,242382.0,259279.0,1951,0,0,213174.0,236489.056122449,196
o4a8,auxiliary.q.1.pred_foreground,1951,9511.638134290108,9276.0,7463.0,11930.0,1951,0,0,4049.0,7006.035714285715,196
o4a8,auxiliary.q.1.intersection,1951,6692.6811891337775,6539.0,2843.0,10799.0,1951,0,0,890.0,2344.9489795918366,196
o4a8,auxiliary.q.1.dice,1951,0.6951664608715423,0.7181824185985074,0.47119447593527775,0.8891072431218416,1951,0,0,0.10268243438130949,0.40052563232213356,196
o4a8,auxiliary.q.1.brier_sum,1951,4503.230082692121,3755.516125075088,1292.2355731832552,8466.466552716116,1951,0,0,657.3538183038688,1018.702715668612,196
o4a8,auxiliary.q.1.brier,1951,0.017178459482925876,0.014326157093334534,0.004929487507565518,0.03229700680815169,1951,0,0,0.0025076058132319215,0.003886042463945816,196
o4a8,auxiliary.q.1.foreground_brier_sum,1951,2363.6779674816585,295.43418821938286,0.29946808439389017,7479.364926696386,1951,0,0,0.000716193386132602,0.10438096545919019,196
o4a8,auxiliary.q.1.background_brier_sum,1951,2139.5521152104634,1735.8753817102524,36.915374619903425,4749.583277224843,1951,0,0,0.00027092867686555637,7.894689875346344,196
o4a8,auxiliary.q.1.foreground_brier,1951,0.13347249019493426,0.039577079260901454,8.776976555688639e-05,0.4042254086890178,1951,0,0,3.351396285131502e-07,3.1622150687988315e-05,196
o4a8,auxiliary.q.1.background_brier,1951,0.008339476546022148,0.006843993877507721,0.00015269998725921888,0.01845716736240483,1951,0,0,1.1671822441024822e-09,3.25034772468135e-05,196
o4a9,r4t.global_visit,1951,976.0,976.0,196.0,1756.0,1951,0,0,1.0,98.5,196
o4a9,r4t.counts.network_forwards,1951,8.0,8.0,8.0,8.0,1951,0,0,8.0,8.0,196
o4a9,r4t.counts.loss_backward_calls,1951,1.0,1.0,1.0,1.0,1951,0,0,1.0,1.0,196
o4a9,r4t.counts.jacobian_vjp_calls,1951,0.0,0.0,0.0,0.0,0,1951,0,0.0,0.0,196
o4a9,r4t.counts.adam_calls,1951,1.0,1.0,1.0,1.0,1951,0,0,1.0,1.0,196
o4a9,r4t.counts.actual_parameter_replacements,1951,0.0,0.0,0.0,0.0,0,1951,0,0.0,0.0,196
o4a9,r4t.kernels.res.conv1.parameters,1951,192.0,192.0,192.0,192.0,1951,0,0,192.0,192.0,196
o4a9,r4t.kernels.res.conv1.detail_change_l2,1951,2.63275329821669e-07,2.633161406807499e-07,2.5203694730565e-07,2.741144634478392e-07,1951,0,0,2.30309160869517e-07,2.473315907423506e-07,196
o4a9,r4t.kernels.res.conv1.dc_change_l2,1951,0.013117703678168998,0.012418812146959104,0.005633119090607914,0.021749754292076144,1951,0,0,0.00023225842968351639,0.0031482160431339735,196
o4a9,r4t.kernels.res.conv1.flattened_cosine_gram_max_error,1951,0.006588877581078748,0.00583909595560351,0.0024669950640239247,0.011079850158911242,1951,0,0,7.14086031597394e-05,0.0012812677744748948,196
o4a9,r4t.kernels.res.conv1.effective_change_l2,1951,0.013117703682537465,0.01241881214958978,0.005633119097216504,0.02174975429393257,1951,0,0,0.00023225858411953632,0.0031482160609003964,196
o4a9,r4t.kernels.res.conv1.dc_cosine_gram_max_error,1951,0.015951627233147473,0.01645748803051704,0.0068825083232390005,0.02553761257549894,1951,0,0,0.0001890856390999729,0.003935111216295243,196
o4a9,r4t.kernels.res.conv1.nonzero_source_dc_rows,1951,64.0,64.0,64.0,64.0,1951,0,0,64.0,64.0,196
o4a9,r4t.kernels.res.conv1.orthogonality_error,1951,0.0,0.0,0.0,0.0,0,1951,0,0.0,0.0,196
o4a9,r4t.kernels.res.conv1.gain_min,1951,1.0,1.0,1.0,1.0,1951,0,0,1.0,1.0,196
o4a9,r4t.kernels.res.conv1.gain_max,1951,1.0,1.0,1.0,1.0,1951,0,0,1.0,1.0,196
o4a9,r4t.kernels.res.layer1.2.conv2.parameters,1951,4096.0,4096.0,4096.0,4096.0,1951,0,0,4096.0,4096.0,196
o4a9,r4t.kernels.res.layer1.2.conv2.detail_change_l2,1951,1.2475561435422604e-07,1.2476620575154914e-07,1.2325704069954256e-07,1.2630150633943852e-07,1951,0,0,1.2006731151446727e-07,1.226597071418591e-07,196
o4a9,r4t.kernels.res.layer1.2.conv2.dc_change_l2,1951,0.015967746513716,0.016850688261353598,0.0074284216736055335,0.023281965540005084,1951,0,0,0.0002957294581136987,0.004581849704726044,196
o4a9,r4t.kernels.res.layer1.2.conv2.flattened_cosine_gram_max_error,1951,0.0017687262404483804,0.0019676086153854605,0.0007803517753310341,0.0026829872402294452,1951,0,0,2.6436870387502864e-05,0.00043341624635443907,196
o4a9,r4t.kernels.res.layer1.2.conv2.effective_change_l2,1951,0.015967746514423023,0.016850688261808692,0.007428421674658917,0.023281965540339337,1951,0,0,0.0002957294855196383,0.004581849707277765,196
o4a9,r4t.kernels.res.layer1.2.conv2.dc_cosine_gram_max_error,1951,0.00467145064836951,0.005092507648398796,0.002035437710864077,0.006934436962580913,1951,0,0,6.81089895546716e-05,0.0011675730463145716,196
o4a9,r4t.kernels.res.layer1.2.conv2.nonzero_source_dc_rows,1951,64.0,64.0,64.0,64.0,1951,0,0,64.0,64.0,196
o4a9,r4t.kernels.res.layer1.2.conv2.orthogonality_error,1951,0.0,0.0,0.0,0.0,0,1951,0,0.0,0.0,196
o4a9,r4t.kernels.res.layer1.2.conv2.gain_min,1951,1.0,1.0,1.0,1.0,1951,0,0,1.0,1.0,196
o4a9,r4t.kernels.res.layer1.2.conv2.gain_max,1951,1.0,1.0,1.0,1.0,1951,0,0,1.0,1.0,196
o4a9,r4t.teacher_update,1951,0.0,0.0,0.0,0.0,0,1951,0,0.0,0.0,196
o4a9,r4t.source_unchanged,1951,1.0,1.0,1.0,1.0,1951,0,0,1.0,1.0,196
o4a9,r4t.base_loss,1951,0.055030223874824896,0.0424017533659935,0.029089612886309624,0.09209920465946198,1951,0,0,0.020549297332763672,0.026274704355366375,196
o4a9,r4t.host_seconds,1951,1.0926620352412764,1.221618875162676,0.6262105009518564,1.2557576061226428,1951,0,0,0.45295441802591085,0.584307240299662,196
o4a9,r4t.trainable_scalars,1951,23424.0,23424.0,23424.0,23424.0,1951,0,0,23424.0,23424.0,196
o4a9,r4t.final_raw_probability_nested_violations,1951,2215.411583803178,1968.0,1020.0,3745.0,1951,0,0,380.0,823.0969387755102,196
o4a9,auxiliary.q.0.total_pixels,1951,262144.0,262144.0,262144.0,262144.0,1951,0,0,262144.0,262144.0,196
o4a9,auxiliary.q.0.gt_foreground,1951,29364.35161455664,28513.0,15296.0,45565.0,1951,0,0,9104.0,13711.244897959185,196
o4a9,auxiliary.q.0.gt_background,1951,232779.64838544338,233631.0,216579.0,246848.0,1951,0,0,185479.0,210883.1530612245,196
o4a9,auxiliary.q.0.pred_foreground,1951,29131.420809841107,27765.0,22746.0,37591.0,1951,0,0,18871.0,21462.938775510203,196
o4a9,auxiliary.q.0.intersection,1951,25194.13839056894,24684.0,15118.0,36538.0,1951,0,0,9104.0,13618.357142857143,196
o4a9,auxiliary.q.0.dice,1951,0.8549355574040782,0.8752421810130085,0.7363403382880574,0.9438412506578819,1951,0,0,0.5154184068728225,0.6768618139324251,196
o4a9,auxiliary.q.0.brier_sum,1951,6416.214272400575,5523.205220214122,2324.1902990921317,11645.571779554582,1951,0,0,918.4294184715055,1812.2405485311263,196
o4a9,auxiliary.q.0.brier,1951,0.024475915040590573,0.021069355851036538,0.008866082378738906,0.04442433082410653,1951,0,0,0.003503530191312811,0.006913149065136437,196
o4a9,auxiliary.q.0.foreground_brier_sum,1951,3295.3453486779445,1708.3493274037646,4.987548765417124,8886.904719961363,1951,0,0,0.0004934777852838579,1.4177474990969057,196
o4a9,auxiliary.q.0.background_brier_sum,1951,3120.8689237226313,1884.7701167141884,30.555560266233254,8168.387441608851,1951,0,0,0.004311921686893115,8.185367482445972,196
o4a9,auxiliary.q.0.foreground_brier,1951,0.08302346939387127,0.05721700429527152,0.00031341975987204506,0.2082382724675505,1951,0,0,3.235919903500708e-08,8.804965380993207e-05,196
o4a9,auxiliary.q.0.background_brier,1951,0.012913711641658884,0.008164431993924224,0.0001375509829988736,0.033480946530908336,1951,0,0,2.3247492637404314e-08,3.7062718732596366e-05,196
o4a9,auxiliary.q.1.total_pixels,1951,262144.0,262144.0,262144.0,262144.0,1951,0,0,262144.0,262144.0,196
o4a9,auxiliary.q.1.gt_foreground,1951,9633.745771399283,7259.0,2865.0,19762.0,1951,0,0,907.0,2369.5255102040815,196
o4a9,auxiliary.q.1.gt_background,1951,252510.2542286007,254885.0,242382.0,259279.0,1951,0,0,213174.0,236489.056122449,196
o4a9,auxiliary.q.1.pred_foreground,1951,9529.668887749873,9286.0,7471.0,11991.0,1951,0,0,4045.0,7008.943877551021,196
o4a9,auxiliary.q.1.intersection,1951,6701.053305996925,6543.0,2843.0,10827.0,1951,0,0,890.0,2344.9897959183672,196
o4a9,auxiliary.q.1.dice,1951,0.6951367513835172,0.7178100709699222,0.4707720036046861,0.8882282996432818,1951,0,0,0.10268835814007153,0.40034304985590663,196
o4a9,auxiliary.q.1.brier_sum,1951,4505.046395118946,3772.232177600514,1291.7429151029896,8453.01352693181,1951,0,0,654.9412622762857,1020.4009575360013,196
o4a9,auxiliary.q.1.brier,1951,0.017185388164974006,0.014389923773195321,0.004927608166133841,0.032245687587477916,1951,0,0,0.002498402642350333,0.003892520742553716,196
o4a9,auxiliary.q.1.foreground_brier_sum,1951,2357.147103013047,298.5209166610309,0.299878160397558,7439.709444333034,1951,0,0,0.0007195001235764664,0.10677645776331401,196
o4a9,auxiliary.q.1.background_brier_sum,1951,2147.899292105899,1741.8162486954964,37.62279444152381,4765.4119408150445,1951,0,0,0.00027104154036486215,7.970092888586204,196
o4a9,auxiliary.q.1.foreground_brier,1951,0.13308371901751787,0.03949947418497302,8.99359977138488e-05,0.4043223727586943,1951,0,0,3.366870021415379e-07,3.226335789306259e-05,196
o4a9,auxiliary.q.1.background_brier,1951,0.008372126597725692,0.006878414653543746,0.00015602198419886984,0.01847019675626189,1951,0,0,1.1676684690156993e-09,3.2817695940892894e-05,196
o4a10,r4t.global_visit,1951,976.0,976.0,196.0,1756.0,1951,0,0,1.0,98.5,196
o4a10,r4t.counts.network_forwards,1951,8.0,8.0,8.0,8.0,1951,0,0,8.0,8.0,196
o4a10,r4t.counts.loss_backward_calls,1951,1.0,1.0,1.0,1.0,1951,0,0,1.0,1.0,196
o4a10,r4t.counts.jacobian_vjp_calls,1951,0.0,0.0,0.0,0.0,0,1951,0,0.0,0.0,196
o4a10,r4t.counts.adam_calls,1951,1.0,1.0,1.0,1.0,1951,0,0,1.0,1.0,196
o4a10,r4t.counts.actual_parameter_replacements,1951,0.0,0.0,0.0,0.0,0,1951,0,0.0,0.0,196
o4a10,r4t.graph.free_nodes,1951,1113.7837006663249,1077.0,806.0,1502.0,1951,0,0,608.0,744.2295918367347,196
o4a10,r4t.graph.steps,1951,64.0,64.0,64.0,64.0,1951,0,0,64.0,64.0,196
o4a10,r4t.graph.energy_before,1951,19.085115992517835,18.976151936809508,15.138902274758394,23.261876354200304,1951,0,0,10.224880261455098,13.72107249487477,196
o4a10,r4t.graph.energy_after,1951,16.19198879416379,16.172225219930738,12.728594068959774,19.74493992552325,1951,0,0,8.84880887480142,11.522518060908949,196
o4a10,r4t.graph.max_free_linear_residual,1951,4.803960563820725e-10,3.470286280560231e-10,4.0778269649877075e-11,1.0877965195277284e-09,1951,0,0,9.166001291305292e-13,2.0872578608809968e-11,196
o4a10,r4t.graph.max_contraction,1951,0.799914694596063,0.8,0.7997138720844329,0.8,1951,0,0,0.7986497320103382,0.799560528786043,196
o4a10,r4t.graph.exact_fixed_nodes,1951,1.0,1.0,1.0,1.0,1951,0,0,1.0,1.0,196
o4a10,r4t.graph.grid,1951,128.0,128.0,128.0,128.0,1951,0,0,128.0,128.0,196
o4a10,r4t.graph.potential_undirected_edges,1951,32512.0,32512.0,32512.0,32512.0,1951,0,0,32512.0,32512.0,196
o4a10,r4t.graph.reliable_grid_counts.0,1951,15582.783700666325,15695.0,15092.0,15916.0,1951,0,0,13231.0,14661.775510204081,196
o4a10,r4t.graph.reliable_grid_counts.1,1951,15874.374167093798,15938.0,15605.0,16064.0,1951,0,0,14762.0,15433.75,196
o4a10,r4t.graph.free_grid_counts.0,1951,662.3572526909277,635.0,463.0,911.0,1951,0,0,332.0,423.484693877551,196
o4a10,r4t.graph.free_grid_counts.1,1951,451.42644797539725,428.0,319.0,620.0,1951,0,0,235.0,298.515306122449,196
o4a10,r4t.graph.allowed_full_counts.0,1951,10253.977960020502,9792.0,7042.0,14298.0,1951,0,0,4916.0,6359.969387755102,196
o4a10,r4t.graph.allowed_full_counts.1,1951,7014.333162480779,6622.0,4896.0,9713.0,1951,0,0,3578.0,4575.663265306122,196
o4a10,r4t.graph.qstar_changed_full_counts.0,1951,10253.970784213225,9792.0,7042.0,14298.0,1951,0,0,4916.0,6359.969387755102,196
o4a10,r4t.graph.qstar_changed_full_counts.1,1951,7014.32957457714,6622.0,4896.0,9713.0,1951,0,0,3578.0,4575.663265306122,196
o4a10,r4t.graph.mean_abs_probability_correction,1951,0.0008284795024881673,0.0007899878546595573,0.0006491901003755629,0.0010545083787292242,1951,0,0,0.00048469219473190606,0.0006127771804149604,196
o4a10,r4t.graph.max_abs_probability_correction,1951,0.14285854743588344,0.14014416933059692,0.11613678932189941,0.17313514649868011,1951,0,0,0.08946859836578369,0.10921612625219385,196
o4a10,r4t.graph.weight_h_mean,1951,0.8959174879430075,0.9005526060601641,0.8531273969914835,0.9329027763690507,1951,0,0,0.7199702275690871,0.8288596204350195,196
o4a10,r4t.graph.weight_v_mean,1951,0.9069563736212752,0.9111925971498613,0.8636506566108916,0.9442730490075322,1951,0,0,0.7373470790586899,0.8424279754038997,196
o4a10,r4t.graph.exact_outside_allowed,1951,1.0,1.0,1.0,1.0,1951,0,0,1.0,1.0,196
o4a10,r4t.graph.exact_reliable_full,1951,1.0,1.0,1.0,1.0,1951,0,0,1.0,1.0,196
o4a10,r4t.graph.graph_seconds,1951,0.09266395770874483,0.09266328881494701,0.09178921999409795,0.09392689913511276,1951,0,0,0.07564598601311445,0.0904504920365479,196
o4a10,r4t.teacher_update,1951,0.0,0.0,0.0,0.0,0,1951,0,0.0,0.0,196
o4a10,r4t.source_unchanged,1951,1.0,1.0,1.0,1.0,1951,0,0,1.0,1.0,196
o4a10,r4t.base_loss,1951,0.05592219867404151,0.04330527037382126,0.029704339802265167,0.09334979206323624,1951,0,0,0.021217569708824158,0.026946985495409796,196
o4a10,r4t.host_seconds,1951,1.1743376545610669,1.2138687679544091,1.0921640859451145,1.2217251318506896,1951,0,0,0.4666585100349039,0.9705339535068226,196
o4a10,r4t.trainable_scalars,1951,19136.0,19136.0,19136.0,19136.0,1951,0,0,19136.0,19136.0,196
o4a10,r4t.final_raw_probability_nested_violations,1951,2266.0789338800614,2003.0,1028.0,3852.0,1951,0,0,379.0,830.765306122449,196
o4a10,auxiliary.q.0.total_pixels,1951,262144.0,262144.0,262144.0,262144.0,1951,0,0,262144.0,262144.0,196
o4a10,auxiliary.q.0.gt_foreground,1951,29364.35161455664,28513.0,15296.0,45565.0,1951,0,0,9104.0,13711.244897959185,196
o4a10,auxiliary.q.0.gt_background,1951,232779.64838544338,233631.0,216579.0,246848.0,1951,0,0,185479.0,210883.1530612245,196
o4a10,auxiliary.q.0.pred_foreground,1951,28975.188108662223,27609.0,22666.0,37283.0,1951,0,0,18862.0,21414.76530612245,196
o4a10,auxiliary.q.0.intersection,1951,25109.49308047155,24650.0,15118.0,36290.0,1951,0,0,9104.0,13610.969387755102,196
o4a10,auxiliary.q.0.dice,1951,0.8548458915148076,0.8750808587504424,0.7375184326943333,0.943626089455033,1951,0,0,0.5152511573573314,0.6779617701666902,196
o4a10,auxiliary.q.0.brier_sum,1951,6427.114450501063,5541.604829984246,2328.195661935661,11632.048326739818,1951,0,0,907.8390009423231,1805.2184067445135,196
o4a10,auxiliary.q.0.brier,1951,0.02451749592018533,0.021139544792115196,0.008881361625425953,0.04437274294563224,1951,0,0,0.0034631309545224117,0.0068863617200642145,196
o4a10,auxiliary.q.0.foreground_brier_sum,1951,3367.012530103831,1773.508687629233,5.783357317983267,9040.099420309307,1951,0,0,0.0006072679692330496,1.7012752418985257,196
o4a10,auxiliary.q.0.background_brier_sum,1951,3060.101920397233,1852.0500036387405,25.567829966544146,8082.680811429624,1951,0,0,0.004357843539655331,7.325891819512185,196
o4a10,auxiliary.q.0.foreground_brier,1951,0.0849190587982684,0.06075121335924746,0.0003607365577080562,0.21074683033783553,1951,0,0,3.982085044151145e-08,0.00010667662365283083,196
o4a10,auxiliary.q.0.background_brier,1951,0.012661107275937784,0.008001960166983743,0.00011888609873910896,0.032861085541879345,1951,0,0,2.3495077823663763e-08,3.322562468093533e-05,196
o4a10,auxiliary.q.1.total_pixels,1951,262144.0,262144.0,262144.0,262144.0,1951,0,0,262144.0,262144.0,196
o4a10,auxiliary.q.1.gt_foreground,1951,9633.745771399283,7259.0,2865.0,19762.0,1951,0,0,907.0,2369.5255102040815,196
o4a10,auxiliary.q.1.gt_background,1951,252510.2542286007,254885.0,242382.0,259279.0,1951,0,0,213174.0,236489.056122449,196
o4a10,auxiliary.q.1.pred_foreground,1951,9379.757047667863,9142.0,7416.0,11735.0,1951,0,0,4003.0,6959.051020408163,196
o4a10,auxiliary.q.1.intersection,1951,6643.641722193747,6514.0,2843.0,10669.0,1951,0,0,875.0,2344.035714285714,196
o4a10,auxiliary.q.1.dice,1951,0.6963713498472961,0.7172482442072665,0.4730462205578003,0.888463923919785,1951,0,0,0.1014375144910735,0.4045447806019408,196
o4a10,auxiliary.q.1.brier_sum,1951,4481.100453843174,3690.2260136098685,1274.2227553002895,8550.192258152585,1951,0,0,654.627778820374,1007.309541005194,196
o4a10,auxiliary.q.1.brier,1951,0.017094041648266504,0.01407709508365581,0.004860774060441168,0.03261639502774271,1951,0,0,0.002497206797868248,0.0038425809517104873,196
o4a10,auxiliary.q.1.foreground_brier_sum,1951,2406.853040526506,311.058359753723,0.3609905678308998,7632.11756407306,1951,0,0,0.0008214834084796507,0.12805350782579958,196
o4a10,auxiliary.q.1.background_brier_sum,1951,2074.247413316669,1682.4000926843146,31.727463111655602,4598.669697283448,1951,0,0,0.0002709816034049236,6.898644249432372,196
o4a10,auxiliary.q.1.foreground_brier,1951,0.13638102371170774,0.042955586630720945,0.00010535796146342137,0.4105952686119487,1951,0,0,3.8440964364981315e-07,3.870672131315019e-05,196
o4a10,auxiliary.q.1.background_brier,1951,0.008084547878842887,0.006624900444118411,0.0001332978878332019,0.017856573985597146,1951,0,0,1.1674102558349642e-09,2.8380266975902925e-05,196
o4a10,auxiliary.qstar.0.total_pixels,1951,262144.0,262144.0,262144.0,262144.0,1951,0,0,262144.0,262144.0,196
o4a10,auxiliary.qstar.0.gt_foreground,1951,29364.35161455664,28513.0,15296.0,45565.0,1951,0,0,9104.0,13711.244897959185,196
o4a10,auxiliary.qstar.0.gt_background,1951,232779.64838544338,233631.0,216579.0,246848.0,1951,0,0,185479.0,210883.1530612245,196
o4a10,auxiliary.qstar.0.pred_foreground,1951,28920.461814454127,27594.0,22620.0,37249.0,1951,0,0,18793.0,21362.969387755104,196
o4a10,auxiliary.qstar.0.intersection,1951,25087.460276781138,24653.0,15129.0,36233.0,1951,0,0,9104.0,13615.5,196
o4a10,auxiliary.qstar.0.dice,1951,0.8551229925168726,0.8744434274012132,0.7384794504598906,0.9439915855903235,1951,0,0,0.5153777893210397,0.6784177474169844,196
o4a10,auxiliary.qstar.0.brier_sum,1951,6384.809186252822,5475.625472699832,2298.8961840522084,11616.046423058942,1951,0,0,941.1997324410365,1767.6589659625467,196
o4a10,auxiliary.qstar.0.brier,1951,0.02435611414433602,0.020887853518294648,0.008769592987259706,0.04431170052741601,1951,0,0,0.0035903920457498037,0.006743083824014842,196
o4a10,auxiliary.qstar.0.foreground_brier_sum,1951,3359.7960975343635,1750.266590988819,6.584886105861045,9058.894689040702,1951,0,0,0.0006072679692330496,1.9280309208468613,196
o4a10,auxiliary.qstar.0.background_brier_sum,1951,3025.0130887184578,1819.35276909822,29.18380652415129,7996.487247895758,1951,0,0,0.004357843539655331,7.946135259968688,196
o4a10,auxiliary.qstar.0.foreground_brier,1951,0.08468787204057349,0.05936640358907499,0.0004382244641300974,0.21050313649795901,1951,0,0,3.982085044151145e-08,0.00012177973363006917,196
o4a10,auxiliary.qstar.0.background_brier,1951,0.012515725161711113,0.007776286055679949,0.00014120042722637777,0.03250351633852305,1951,0,0,2.3495077823663763e-08,3.601422907250233e-05,196
o4a10,auxiliary.qstar.1.total_pixels,1951,262144.0,262144.0,262144.0,262144.0,1951,0,0,262144.0,262144.0,196
o4a10,auxiliary.qstar.1.gt_foreground,1951,9633.745771399283,7259.0,2865.0,19762.0,1951,0,0,907.0,2369.5255102040815,196
o4a10,auxiliary.qstar.1.gt_background,1951,252510.2542286007,254885.0,242382.0,259279.0,1951,0,0,213174.0,236489.056122449,196
o4a10,auxiliary.qstar.1.pred_foreground,1951,9293.095848282932,9049.0,7341.0,11618.0,1951,0,0,3967.0,6886.933673469388,196
o4a10,auxiliary.qstar.1.intersection,1951,6612.167606355715,6492.0,2843.0,10600.0,1951,0,0,874.0,2343.4744897959185,196
o4a10,auxiliary.qstar.1.dice,1951,0.6972285731910562,0.716711810481964,0.4774446623704119,0.8888327118751185,1951,0,0,0.10175806263825823,0.40624743214648185,196
o4a10,auxiliary.qstar.1.brier_sum,1951,4441.956245677571,3616.253788024869,1259.839952679601,8561.086904545316,1951,0,0,656.7901373802381,1002.0016882774318,196
o4a10,auxiliary.qstar.1.brier,1951,0.01694471834441212,0.013794913436984517,0.004805908022612004,0.032657954805547014,1951,0,0,0.0025054555411538624,0.0038223331004235525,196
o4a10,auxiliary.qstar.1.foreground_brier_sum,1951,2416.9963358257446,331.7803707519896,0.37261129528069503,7646.472173037941,1951,0,0,0.0008214834084796507,0.1285677714196471,196
o4a10,auxiliary.qstar.1.background_brier_sum,1951,2024.9599098518272,1628.1048294161212,31.069154991498767,4539.026287598957,1951,0,0,0.0002709816034049236,6.869422093988264,196
o4a10,auxiliary.qstar.1.foreground_brier,1951,0.13739069433313073,0.04428567473158795,0.00010689405003918529,0.40998513231571704,1951,0,0,3.8440964364981315e-07,3.8915693719459375e-05,196
o4a10,auxiliary.qstar.1.background_brier,1951,0.00789190621086491,0.0064089970376760294,0.00013159598886676452,0.01756053650317771,1951,0,0,1.1674102558349642e-09,2.8275915180976174e-05,196
o4a10,auxiliary.graph.transitions.0.denominator,1951,262144.0,262144.0,262144.0,262144.0,1951,0,0,262144.0,262144.0,196
o4a10,auxiliary.graph.transitions.0.wrong_to_correct,1951,169.57867760123014,153.0,90.0,261.0,1951,0,0,18.0,71.87755102040816,196
o4a10,auxiliary.graph.transitions.0.correct_to_wrong,1951,158.91799077396206,131.0,67.0,274.0,1951,0,0,18.0,52.97959183673469,196
o4a10,auxiliary.graph.transitions.0.correct_unchanged,1951,253864.52844695028,254866.0,247729.0,258796.0,1951,0,0,227918.0,243254.23469387754,196
o4a10,auxiliary.graph.transitions.0.wrong_unchanged,1951,7950.974884674526,6948.0,3082.0,14002.0,1951,0,0,939.0,2350.122448979592,196
o4a10,auxiliary.graph.transitions.1.denominator,1951,10253.977960020502,9792.0,7042.0,14298.0,1951,0,0,4916.0,6359.969387755102,196
o4a10,auxiliary.graph.transitions.1.wrong_to_correct,1951,169.57867760123014,153.0,90.0,261.0,1951,0,0,18.0,71.87755102040816,196
o4a10,auxiliary.graph.transitions.1.correct_to_wrong,1951,158.91799077396206,131.0,67.0,274.0,1951,0,0,18.0,52.97959183673469,196
o4a10,auxiliary.graph.transitions.1.correct_unchanged,1951,6067.353664787289,5893.0,4083.0,8283.0,1951,0,0,2341.0,3569.576530612245,196
o4a10,auxiliary.graph.transitions.1.wrong_unchanged,1951,3858.1276268580214,3634.0,2295.0,5788.0,1951,0,0,894.0,1905.811224489796,196
o4a10,auxiliary.graph.transitions.2.denominator,1951,328.4966683751922,291.0,203.0,477.0,1951,0,0,113.0,181.85204081632654,196
o4a10,auxiliary.graph.transitions.2.wrong_to_correct,1951,169.57867760123014,153.0,90.0,261.0,1951,0,0,18.0,71.87755102040816,196
o4a10,auxiliary.graph.transitions.2.correct_to_wrong,1951,158.91799077396206,131.0,67.0,274.0,1951,0,0,18.0,52.97959183673469,196
o4a10,auxiliary.graph.transitions.2.correct_unchanged,1951,0.0,0.0,0.0,0.0,0,1951,0,0.0,0.0,196
o4a10,auxiliary.graph.transitions.2.wrong_unchanged,1951,0.0,0.0,0.0,0.0,0,1951,0,0.0,0.0,196
o4a10,auxiliary.graph.transitions.3.denominator,1951,262144.0,262144.0,262144.0,262144.0,1951,0,0,262144.0,262144.0,196
o4a10,auxiliary.graph.transitions.3.wrong_to_correct,1951,110.03075345976423,104.0,54.0,168.0,1951,0,0,5.0,39.82142857142857,196
o4a10,auxiliary.graph.transitions.3.correct_to_wrong,1951,86.31778575089697,67.0,28.0,171.0,1951,0,0,3.0,21.081632653061224,196
o4a10,auxiliary.graph.transitions.3.correct_unchanged,1951,256331.46283956946,257194.0,251446.0,260252.0,1951,0,0,222797.0,246358.45918367346,196
o4a10,auxiliary.graph.transitions.3.wrong_unchanged,1951,5616.188621219887,4755.0,1745.0,10430.0,1951,0,0,641.0,1309.0255102040817,196
o4a10,auxiliary.graph.transitions.4.denominator,1951,7014.333162480779,6622.0,4896.0,9713.0,1951,0,0,3578.0,4575.663265306122,196
o4a10,auxiliary.graph.transitions.4.wrong_to_correct,1951,110.03075345976423,104.0,54.0,168.0,1951,0,0,5.0,39.82142857142857,196
o4a10,auxiliary.graph.transitions.4.correct_to_wrong,1951,86.31778575089697,67.0,28.0,171.0,1951,0,0,3.0,21.081632653061224,196
o4a10,auxiliary.graph.transitions.4.correct_unchanged,1951,4081.0963608405946,3916.0,2818.0,5554.0,1951,0,0,1993.0,2583.316326530612,196
o4a10,auxiliary.graph.transitions.4.wrong_unchanged,1951,2736.8882624295234,2645.0,1459.0,4128.0,1951,0,0,641.0,1178.219387755102,196
o4a10,auxiliary.graph.transitions.5.denominator,1951,196.3485392106612,172.0,122.0,307.0,1951,0,0,60.0,108.51020408163265,196
o4a10,auxiliary.graph.transitions.5.wrong_to_correct,1951,110.03075345976423,104.0,54.0,168.0,1951,0,0,5.0,39.82142857142857,196
o4a10,auxiliary.graph.transitions.5.correct_to_wrong,1951,86.31778575089697,67.0,28.0,171.0,1951,0,0,3.0,21.081632653061224,196
o4a10,auxiliary.graph.transitions.5.correct_unchanged,1951,0.0,0.0,0.0,0.0,0,1951,0,0.0,0.0,196
o4a10,auxiliary.graph.transitions.5.wrong_unchanged,1951,0.0,0.0,0.0,0.0,0,1951,0,0.0,0.0,196
o4a10,auxiliary.graph.allowed_counts.0,1951,10253.977960020502,9792.0,7042.0,14298.0,1951,0,0,4916.0,6359.969387755102,196
o4a10,auxiliary.graph.allowed_counts.1,1951,7014.333162480779,6622.0,4896.0,9713.0,1951,0,0,3578.0,4575.663265306122,196
o4a10,auxiliary.graph.reliable_counts.0,1951,249350.13223987698,251169.0,241388.0,254724.0,1951,0,0,211621.0,234553.8469387755,196
o4a10,auxiliary.graph.reliable_counts.1,1951,254011.01435161455,255022.0,249686.0,257034.0,1951,0,0,236153.0,246967.9081632653,196
o4a10,auxiliary.graph.reliable_correct.0,1951,245731.20041004612,247821.0,235258.0,253214.0,1951,0,0,204343.0,227904.47959183675,196
o4a10,auxiliary.graph.reliable_correct.1,1951,251431.56688877498,252835.0,244726.0,256419.0,1951,0,0,213377.0,239394.5969387755,196
o4a10,auxiliary.graph.changed_counts.0,1951,10253.970784213225,9792.0,7042.0,14298.0,1951,0,0,4916.0,6359.969387755102,196
o4a10,auxiliary.graph.changed_counts.1,1951,7014.32957457714,6622.0,4896.0,9713.0,1951,0,0,3578.0,4575.663265306122,196
o4a10,auxiliary.graph.mean_abs_change,1951,0.0008284795024881673,0.0007899878546595573,0.0006491901003755629,0.0010545083787292242,1951,0,0,0.00048469219473190606,0.0006127771804149604,196
o4a10,auxiliary.graph.outside_allowed_max_change,1951,0.0,0.0,0.0,0.0,0,1951,0,0.0,0.0,196
o4a10,auxiliary.graph.reliable_max_change,1951,0.0,0.0,0.0,0.0,0,1951,0,0.0,0.0,196
o4a10,auxiliary.graph.q_nested_violations,1951,175.31522296258328,65.0,6.0,414.0,1917,34,0,0.0,2.316326530612245,196
o4a10,auxiliary.graph.qstar_nested_violations,1951,175.31624807790877,65.0,6.0,414.0,1917,34,0,0.0,2.316326530612245,196
o4a11,r4t.global_visit,1951,976.0,976.0,196.0,1756.0,1951,0,0,1.0,98.5,196
o4a11,r4t.counts.network_forwards,1951,8.0,8.0,8.0,8.0,1951,0,0,8.0,8.0,196
o4a11,r4t.counts.loss_backward_calls,1951,1.0,1.0,1.0,1.0,1951,0,0,1.0,1.0,196
o4a11,r4t.counts.jacobian_vjp_calls,1951,0.0,0.0,0.0,0.0,0,1951,0,0.0,0.0,196
o4a11,r4t.counts.adam_calls,1951,1.0,1.0,1.0,1.0,1951,0,0,1.0,1.0,196
o4a11,r4t.counts.actual_parameter_replacements,1951,0.0,0.0,0.0,0.0,0,1951,0,0.0,0.0,196
o4a11,r4t.graph.free_nodes,1951,1115.8016401845207,1079.0,807.0,1500.0,1951,0,0,611.0,745.9948979591836,196
o4a11,r4t.graph.steps,1951,64.0,64.0,64.0,64.0,1951,0,0,64.0,64.0,196
o4a11,r4t.graph.energy_before,1951,22.51876163293958,22.336090271655145,17.498515772117162,27.984827980176906,1951,0,0,11.68799805363592,15.758076841541234,196
o4a11,r4t.graph.energy_after,1951,19.422559252706982,19.33160326230635,14.96794183857226,24.15620357054212,1951,0,0,10.13217439120854,13.417931215701957,196
o4a11,r4t.graph.max_free_linear_residual,1951,3.192547316549906e-10,2.2361135165738233e-10,4.794209473857336e-11,6.799756313569105e-10,1951,0,0,1.5023537969227618e-12,2.8085121529995506e-11,196
o4a11,r4t.graph.max_contraction,1951,0.7827070213935596,0.7836218435601977,0.774578322418859,0.7895976431685897,1951,0,0,0.7445483170731065,0.7697047729046834,196
o4a11,r4t.graph.exact_fixed_nodes,1951,1.0,1.0,1.0,1.0,1951,0,0,1.0,1.0,196
o4a11,r4t.graph.grid,1951,128.0,128.0,128.0,128.0,1951,0,0,128.0,128.0,196
o4a11,r4t.graph.potential_undirected_edges,1951,32512.0,32512.0,32512.0,32512.0,1951,0,0,32512.0,32512.0,196
o4a11,r4t.graph.reliable_grid_counts.0,1951,15581.060481804203,15693.0,15090.0,15914.0,1951,0,0,13228.0,14660.387755102041,196
o4a11,r4t.graph.reliable_grid_counts.1,1951,15873.735520246028,15936.0,15605.0,16063.0,1951,0,0,14763.0,15433.892857142857,196
o4a11,r4t.graph.free_grid_counts.0,1951,663.8185545873911,637.0,466.0,909.0,1951,0,0,334.0,424.85714285714283,196
o4a11,r4t.graph.free_grid_counts.1,1951,451.9830855971297,428.0,320.0,619.0,1951,0,0,235.0,299.2295918367347,196
o4a11,r4t.graph.allowed_full_counts.0,1951,10276.525371604306,9840.0,7062.0,14306.0,1951,0,0,4935.0,6380.515306122449,196
o4a11,r4t.graph.allowed_full_counts.1,1951,7023.625832906202,6643.0,4912.0,9716.0,1951,0,0,3588.0,4586.301020408163,196
o4a11,r4t.graph.qstar_changed_full_counts.0,1951,10276.522808815991,9840.0,7062.0,14306.0,1951,0,0,4935.0,6380.515306122449,196
o4a11,r4t.graph.qstar_changed_full_counts.1,1951,7023.619682214249,6643.0,4912.0,9716.0,1951,0,0,3588.0,4586.2959183673465,196
o4a11,r4t.graph.mean_abs_probability_correction,1951,0.0008418657459525811,0.0007944656535983086,0.0006421157158911228,0.0010994264157488942,1951,0,0,0.0005217902944423258,0.000603739112230702,196
o4a11,r4t.graph.max_abs_probability_correction,1951,0.13675625588284707,0.13371631503105164,0.11303764581680298,0.16458535194396973,1951,0,0,0.08669513463973999,0.10645525849291257,196
o4a11,r4t.graph.weight_h_mean,1951,0.8959174879430074,0.9005526060601633,0.8531273969914837,0.932902776369051,1951,0,0,0.7199702275690871,0.8288596204350195,196
o4a11,r4t.graph.weight_v_mean,1951,0.9069563736212752,0.9111925971498617,0.8636506566108915,0.9442730490075315,1951,0,0,0.7373470790586899,0.8424279754038998,196
o4a11,r4t.graph.exact_outside_allowed,1951,1.0,1.0,1.0,1.0,1951,0,0,1.0,1.0,196
o4a11,r4t.graph.exact_reliable_full,1951,1.0,1.0,1.0,1.0,1951,0,0,1.0,1.0,196
o4a11,r4t.graph.graph_seconds,1951,0.09196750509974164,0.09202806791290641,0.09098833706229925,0.09326336206868291,1951,0,0,0.07457991410046816,0.0893202560682952,196
o4a11,r4t.teacher_update,1951,0.0,0.0,0.0,0.0,0,1951,0,0.0,0.0,196
o4a11,r4t.source_unchanged,1951,1.0,1.0,1.0,1.0,1951,0,0,1.0,1.0,196
o4a11,r4t.base_loss,1951,0.056113097873988486,0.04341721162199974,0.029951199889183044,0.09341433644294739,1951,0,0,0.021393010392785072,0.02716634658222296,196
o4a11,r4t.host_seconds,1951,0.6782008870415293,0.7099911579862237,0.5907528100069612,0.7296739961020648,1951,0,0,0.49200491700321436,0.5624779124817887,196
o4a11,r4t.trainable_scalars,1951,19136.0,19136.0,19136.0,19136.0,1951,0,0,19136.0,19136.0,196
o4a11,r4t.final_raw_probability_nested_violations,1951,2267.5023065094824,2005.0,1030.0,3864.0,1951,0,0,380.0,831.5408163265306,196
o4a11,auxiliary.q.0.total_pixels,1951,262144.0,262144.0,262144.0,262144.0,1951,0,0,262144.0,262144.0,196
o4a11,auxiliary.q.0.gt_foreground,1951,29364.35161455664,28513.0,15296.0,45565.0,1951,0,0,9104.0,13711.244897959185,196
o4a11,auxiliary.q.0.gt_background,1951,232779.64838544338,233631.0,216579.0,246848.0,1951,0,0,185479.0,210883.1530612245,196
o4a11,auxiliary.q.0.pred_foreground,1951,28996.007175807277,27631.0,22708.0,37295.0,1951,0,0,18852.0,21424.836734693876,196
o4a11,auxiliary.q.0.intersection,1951,25106.497693490517,24649.0,15118.0,36272.0,1951,0,0,9104.0,13611.224489795919,196
o4a11,auxiliary.q.0.dice,1951,0.8544014309520662,0.8746871146167841,0.7366872068426378,0.9435781243058332,1951,0,0,0.5147166875567273,0.6771661135029321,196
o4a11,auxiliary.q.0.brier_sum,1951,6448.200263767354,5547.886970053438,2332.4133454881,11645.164835469759,1951,0,0,912.5451744830341,1810.0582419051505,196
o4a11,auxiliary.q.0.brier,1951,0.02459793191439573,0.021163509254659416,0.008897450811340713,0.04442277845561889,1951,0,0,0.0034810835818597187,0.006904824226017572,196
o4a11,auxiliary.q.0.foreground_brier_sum,1951,3369.570362294091,1772.6845183263436,5.443805579766298,9057.62612616811,1951,0,0,0.00056495110705157,1.6070082490429922,196
o4a11,auxiliary.q.0.background_brier_sum,1951,3078.6299014732626,1852.8688846011064,26.1942129617639,8129.447281691333,1951,0,0,0.0043810525901564965,7.327943474890669,196
o4a11,auxiliary.q.0.foreground_brier,1951,0.08494939892033743,0.06080129341226987,0.00034592893142410875,0.21093092786561668,1951,0,0,3.704597423288984e-08,0.00010063313544485761,196
o4a11,auxiliary.q.0.background_brier,1951,0.01273791098056074,0.00803831976344814,0.00011564623574845278,0.033064716664256574,1951,0,0,2.3620208164571172e-08,3.322656299545507e-05,196
o4a11,auxiliary.q.1.total_pixels,1951,262144.0,262144.0,262144.0,262144.0,1951,0,0,262144.0,262144.0,196
o4a11,auxiliary.q.1.gt_foreground,1951,9633.745771399283,7259.0,2865.0,19762.0,1951,0,0,907.0,2369.5255102040815,196
o4a11,auxiliary.q.1.gt_background,1951,252510.2542286007,254885.0,242382.0,259279.0,1951,0,0,213174.0,236489.056122449,196
o4a11,auxiliary.q.1.pred_foreground,1951,9391.408508457202,9158.0,7418.0,11749.0,1951,0,0,4002.0,6964.086734693878,196
o4a11,auxiliary.q.1.intersection,1951,6647.006150691953,6514.0,2843.0,10713.0,1951,0,0,878.0,2344.137755102041,196
o4a11,auxiliary.q.1.dice,1951,0.6961759277332947,0.7169527250828064,0.4728132387706856,0.8884922051648221,1951,0,0,0.10179120051011535,0.4040183423668475,196
o4a11,auxiliary.q.1.brier_sum,1951,4484.558354484264,3701.3930231084364,1274.8151661751428,8551.725681798021,1951,0,0,651.6560285600117,1008.1928063206617,196
o4a11,auxiliary.q.1.brier,1951,0.01710723249238687,0.014119693844255205,0.004863033928585597,0.03262224457473,1951,0,0,0.0024858704702759235,0.0038459503414942234,196
o4a11,auxiliary.q.1.foreground_brier_sum,1951,2404.191697869332,309.2150869488521,0.3521048853557467,7634.704521189627,1951,0,0,0.0008301564120216653,0.12419766410853691,196
o4a11,auxiliary.q.1.background_brier_sum,1951,2080.3666566149327,1685.144876919614,32.25675761344591,4606.581086667253,1951,0,0,0.0002711653252385214,6.870123230227198,196
o4a11,auxiliary.q.1.foreground_brier,1951,0.13616069531217637,0.04205691952529999,0.00010281977233578954,0.4102194845602605,1951,0,0,3.8846813852207083e-07,3.75726051259183e-05,196
o4a11,auxiliary.q.1.background_brier,1951,0.008108369340214808,0.006660644027549592,0.0001345793094066279,0.017872005904113822,1951,0,0,1.168201744076483e-09,2.8270065648424677e-05,196
o4a11,auxiliary.qstar.0.total_pixels,1951,262144.0,262144.0,262144.0,262144.0,1951,0,0,262144.0,262144.0,196
o4a11,auxiliary.qstar.0.gt_foreground,1951,29364.35161455664,28513.0,15296.0,45565.0,1951,0,0,9104.0,13711.244897959185,196
o4a11,auxiliary.qstar.0.gt_background,1951,232779.64838544338,233631.0,216579.0,246848.0,1951,0,0,185479.0,210883.1530612245,196
o4a11,auxiliary.qstar.0.pred_foreground,1951,28951.469502819065,27623.0,22640.0,37168.0,1951,0,0,18821.0,21436.214285714286,196
o4a11,auxiliary.qstar.0.intersection,1951,25068.658124038953,24655.0,15124.0,36176.0,1951,0,0,9104.0,13614.668367346938,196
o4a11,auxiliary.qstar.0.dice,1951,0.8539773496444121,0.8734788591781117,0.736351836298389,0.9429922057458003,1951,0,0,0.5150840163491274,0.677197690830293,196
o4a11,auxiliary.qstar.0.brier_sum,1951,6427.281888720566,5526.1590470786305,2303.628049469601,11670.588957601329,1951,0,0,949.008018035364,1796.5642925346262,196
o4a11,auxiliary.qstar.0.brier,1951,0.024518134646303428,0.021080623806299707,0.00878764362132874,0.04451976378479511,1951,0,0,0.0036201782914557037,0.006853348894251351,196
o4a11,auxiliary.qstar.0.foreground_brier_sum,1951,3370.9689642262288,1763.7809728579425,5.898007092945182,9151.067825182161,1951,0,0,0.00056495110705157,1.7436627512741119,196
o4a11,auxiliary.qstar.0.background_brier_sum,1951,3056.312924494337,1860.544297160856,28.919777917160307,8053.361823464307,1951,0,0,0.0043810525901564965,7.985409900226042,196
o4a11,auxiliary.qstar.0.foreground_brier,1951,0.08490255934970699,0.059352467662141896,0.00038489787363193663,0.2111103766671765,1951,0,0,3.704597423288984e-08,0.0001092813104150818,196
o4a11,auxiliary.qstar.0.background_brier,1951,0.012645734863314561,0.007942593183149027,0.00013085191537766665,0.03286180075525434,1951,0,0,2.3620208164571172e-08,3.617498242055913e-05,196
o4a11,auxiliary.qstar.1.total_pixels,1951,262144.0,262144.0,262144.0,262144.0,1951,0,0,262144.0,262144.0,196
o4a11,auxiliary.qstar.1.gt_foreground,1951,9633.745771399283,7259.0,2865.0,19762.0,1951,0,0,907.0,2369.5255102040815,196
o4a11,auxiliary.qstar.1.gt_background,1951,252510.2542286007,254885.0,242382.0,259279.0,1951,0,0,213174.0,236489.056122449,196
o4a11,auxiliary.qstar.1.pred_foreground,1951,9305.4305484367,9079.0,7357.0,11629.0,1951,0,0,3857.0,6906.556122448979,196
o4a11,auxiliary.qstar.1.intersection,1951,6615.175807278319,6506.0,2843.0,10557.0,1951,0,0,861.0,2343.887755102041,196
o4a11,auxiliary.qstar.1.dice,1951,0.6969936301930397,0.7164436771687527,0.4762170715814949,0.888517089493632,1951,0,0,0.10058411214953271,0.4058692714636284,196
o4a11,auxiliary.qstar.1.brier_sum,1951,4441.458286425879,3625.316101581285,1259.34932550835,8571.92230785277,1951,0,0,661.3467585442854,1001.2916939251804,196
o4a11,auxiliary.qstar.1.brier,1951,0.0169428187806163,0.013829483419728412,0.0048040364284833905,0.0326992885889159,1951,0,0,0.0025228376714488427,0.00381962468690941,196
o4a11,auxiliary.qstar.1.foreground_brier_sum,1951,2411.9091495979355,326.3064056310625,0.35422619432781843,7639.052428857623,1951,0,0,0.0008301564120216653,0.12445621182339296,196
o4a11,auxiliary.qstar.1.background_brier_sum,1951,2029.5491368279427,1630.3623570046573,31.148209155826194,4540.7926453799555,1951,0,0,0.0002711653252385214,6.908740197550666,196
o4a11,auxiliary.qstar.1.foreground_brier,1951,0.13685187390902515,0.04303579270455006,0.00010348968190591731,0.4106785585652816,1951,0,0,3.8846813852207083e-07,3.7676256971177535e-05,196
o4a11,auxiliary.qstar.1.background_brier,1951,0.007909830764280692,0.006402165198509694,0.00013709064346342399,0.017554927455057007,1951,0,0,1.168201744076483e-09,2.84938801848854e-05,196
o4a11,auxiliary.graph.transitions.0.denominator,1951,262144.0,262144.0,262144.0,262144.0,1951,0,0,262144.0,262144.0,196
o4a11,auxiliary.graph.transitions.0.wrong_to_correct,1951,138.6099436186571,121.0,64.0,223.0,1951,0,0,13.0,49.892857142857146,196
o4a11,auxiliary.graph.transitions.0.correct_to_wrong,1951,169.7514095335725,142.0,73.0,290.0,1951,0,0,19.0,57.58673469387755,196
o4a11,auxiliary.graph.transitions.0.correct_unchanged,1951,253826.88518708354,254824.0,247699.0,258776.0,1951,0,0,227896.0,243215.94897959183,196
o4a11,auxiliary.graph.transitions.0.wrong_unchanged,1951,8008.753459764223,7010.0,3130.0,14056.0,1951,0,0,956.0,2400.714285714286,196
o4a11,auxiliary.graph.transitions.1.denominator,1951,10276.525371604306,9840.0,7062.0,14306.0,1951,0,0,4935.0,6380.515306122449,196
o4a11,auxiliary.graph.transitions.1.wrong_to_correct,1951,138.6099436186571,121.0,64.0,223.0,1951,0,0,13.0,49.892857142857146,196
o4a11,auxiliary.graph.transitions.1.correct_to_wrong,1951,169.7514095335725,142.0,73.0,290.0,1951,0,0,19.0,57.58673469387755,196
o4a11,auxiliary.graph.transitions.1.correct_unchanged,1951,6068.755509994874,5884.0,4097.0,8261.0,1951,0,0,2356.0,3576.1479591836733,196
o4a11,auxiliary.graph.transitions.1.wrong_unchanged,1951,3899.4085084572016,3680.0,2356.0,5829.0,1951,0,0,951.0,1953.5255102040817,196
o4a11,auxiliary.graph.transitions.2.denominator,1951,308.36135315222964,268.0,183.0,464.0,1951,0,0,118.0,163.8112244897959,196
o4a11,auxiliary.graph.transitions.2.wrong_to_correct,1951,138.6099436186571,121.0,64.0,223.0,1951,0,0,13.0,49.892857142857146,196
o4a11,auxiliary.graph.transitions.2.correct_to_wrong,1951,169.7514095335725,142.0,73.0,290.0,1951,0,0,19.0,57.58673469387755,196
o4a11,auxiliary.graph.transitions.2.correct_unchanged,1951,0.0,0.0,0.0,0.0,0,1951,0,0.0,0.0,196
o4a11,auxiliary.graph.transitions.2.wrong_unchanged,1951,0.0,0.0,0.0,0.0,0,1951,0,0.0,0.0,196
o4a11,auxiliary.graph.transitions.3.denominator,1951,262144.0,262144.0,262144.0,262144.0,1951,0,0,262144.0,262144.0,196
o4a11,auxiliary.graph.transitions.3.wrong_to_correct,1951,111.40953357252691,102.0,51.0,177.0,1951,0,0,5.0,36.892857142857146,196
o4a11,auxiliary.graph.transitions.3.correct_to_wrong,1951,89.09226037929267,56.0,24.0,194.0,1951,0,0,5.0,19.06122448979592,196
o4a11,auxiliary.graph.transitions.3.correct_unchanged,1951,256323.76576114813,257174.0,251380.0,260271.0,1951,0,0,222824.0,246332.88775510204,196
o4a11,auxiliary.graph.transitions.3.wrong_unchanged,1951,5619.732444900052,4773.0,1757.0,10400.0,1951,0,0,671.0,1320.5357142857142,196
o4a11,auxiliary.graph.transitions.4.denominator,1951,7023.625832906202,6643.0,4912.0,9716.0,1951,0,0,3588.0,4586.301020408163,196
o4a11,auxiliary.graph.transitions.4.wrong_to_correct,1951,111.40953357252691,102.0,51.0,177.0,1951,0,0,5.0,36.892857142857146,196
o4a11,auxiliary.graph.transitions.4.correct_to_wrong,1951,89.09226037929267,56.0,24.0,194.0,1951,0,0,5.0,19.06122448979592,196
o4a11,auxiliary.graph.transitions.4.correct_unchanged,1951,4083.459251665812,3917.0,2832.0,5539.0,1951,0,0,2005.0,2604.0051020408164,196
o4a11,auxiliary.graph.transitions.4.wrong_unchanged,1951,2739.66478728857,2663.0,1475.0,4095.0,1951,0,0,671.0,1191.4132653061224,196
o4a11,auxiliary.graph.transitions.5.denominator,1951,200.5017939518196,164.0,103.0,347.0,1951,0,0,53.0,89.96428571428571,196
o4a11,auxiliary.graph.transitions.5.wrong_to_correct,1951,111.40953357252691,102.0,51.0,177.0,1951,0,0,5.0,36.892857142857146,196
o4a11,auxiliary.graph.transitions.5.correct_to_wrong,1951,89.09226037929267,56.0,24.0,194.0,1951,0,0,5.0,19.06122448979592,196
o4a11,auxiliary.graph.transitions.5.correct_unchanged,1951,0.0,0.0,0.0,0.0,0,1951,0,0.0,0.0,196
o4a11,auxiliary.graph.transitions.5.wrong_unchanged,1951,0.0,0.0,0.0,0.0,0,1951,0,0.0,0.0,196
o4a11,auxiliary.graph.allowed_counts.0,1951,10276.525371604306,9840.0,7062.0,14306.0,1951,0,0,4935.0,6380.515306122449,196
o4a11,auxiliary.graph.allowed_counts.1,1951,7023.625832906202,6643.0,4912.0,9716.0,1951,0,0,3588.0,4586.301020408163,196
o4a11,auxiliary.graph.reliable_counts.0,1951,249324.3259866735,251150.0,241393.0,254691.0,1951,0,0,211590.0,234534.83673469388,196
o4a11,auxiliary.graph.reliable_counts.1,1951,254001.0164018452,255001.0,249684.0,257019.0,1951,0,0,236149.0,246970.1275510204,196
o4a11,auxiliary.graph.reliable_correct.0,1951,245692.12608918504,247791.0,235188.0,253187.0,1951,0,0,204279.0,227868.11224489796,196
o4a11,auxiliary.graph.reliable_correct.1,1951,251420.79036391593,252808.0,244722.0,256411.0,1951,0,0,213382.0,239396.8775510204,196
o4a11,auxiliary.graph.changed_counts.0,1951,10276.522808815991,9840.0,7062.0,14306.0,1951,0,0,4935.0,6380.515306122449,196
o4a11,auxiliary.graph.changed_counts.1,1951,7023.619682214249,6643.0,4912.0,9716.0,1951,0,0,3588.0,4586.2959183673465,196
o4a11,auxiliary.graph.mean_abs_change,1951,0.0008418657459525811,0.0007944656535983086,0.0006421157158911228,0.0010994264157488942,1951,0,0,0.0005217902944423258,0.000603739112230702,196
o4a11,auxiliary.graph.outside_allowed_max_change,1951,0.0,0.0,0.0,0.0,0,1951,0,0.0,0.0,196
o4a11,auxiliary.graph.reliable_max_change,1951,0.0,0.0,0.0,0.0,0,1951,0,0.0,0.0,196
o4a11,auxiliary.graph.q_nested_violations,1951,174.68170169144028,65.0,6.0,410.0,1917,34,0,0.0,2.2755102040816326,196
o4a11,auxiliary.graph.qstar_nested_violations,1951,174.68580215274218,65.0,6.0,410.0,1917,34,0,0.0,2.2755102040816326,196
o4a12,r4t.global_visit,1951,976.0,976.0,196.0,1756.0,1951,0,0,1.0,98.5,196
o4a12,r4t.counts.network_forwards,1951,8.0,8.0,8.0,8.0,1951,0,0,8.0,8.0,196
o4a12,r4t.counts.loss_backward_calls,1951,1.0,1.0,1.0,1.0,1951,0,0,1.0,1.0,196
o4a12,r4t.counts.jacobian_vjp_calls,1951,0.0,0.0,0.0,0.0,0,1951,0,0.0,0.0,196
o4a12,r4t.counts.adam_calls,1951,1.0,1.0,1.0,1.0,1951,0,0,1.0,1.0,196
o4a12,r4t.counts.actual_parameter_replacements,1951,0.0,0.0,0.0,0.0,0,1951,0,0.0,0.0,196
o4a12,r4t.graph.free_nodes,1951,1115.241927216812,1078.0,807.0,1500.0,1951,0,0,610.0,745.6734693877551,196
o4a12,r4t.graph.steps,1951,64.0,64.0,64.0,64.0,1951,0,0,64.0,64.0,196
o4a12,r4t.graph.energy_before,1951,22.525448225891193,22.362056366186117,17.526411674127143,27.950371456058146,1951,0,0,11.662612178167192,15.76491693686457,196
o4a12,r4t.graph.energy_after,1951,19.18941308094983,19.067219416550092,14.723922795343872,23.9552275046373,1951,0,0,10.00435573696869,13.23702263242106,196
o4a12,r4t.graph.max_free_linear_residual,1951,4.2253984205841474e-10,3.175728569004832e-10,6.959277598639346e-11,8.679501561914549e-10,1951,0,0,2.588596004216015e-12,4.0832489317181726e-11,196
o4a12,r4t.graph.max_contraction,1951,0.7997442309977256,0.7998226527434253,0.7993565246111604,0.8,1951,0,0,0.7978141695730434,0.7991345557848003,196
o4a12,r4t.graph.exact_fixed_nodes,1951,1.0,1.0,1.0,1.0,1951,0,0,1.0,1.0,196
o4a12,r4t.graph.grid,1951,128.0,128.0,128.0,128.0,1951,0,0,128.0,128.0,196
o4a12,r4t.graph.potential_undirected_edges,1951,32512.0,32512.0,32512.0,32512.0,1951,0,0,32512.0,32512.0,196
o4a12,r4t.graph.reliable_grid_counts.0,1951,15581.624295233214,15694.0,15092.0,15914.0,1951,0,0,13228.0,14661.214285714286,196
o4a12,r4t.graph.reliable_grid_counts.1,1951,15873.947206560739,15937.0,15605.0,16063.0,1951,0,0,14762.0,15434.076530612245,196
o4a12,r4t.graph.free_grid_counts.0,1951,663.4141465914915,637.0,465.0,911.0,1951,0,0,333.0,424.61224489795916,196
o4a12,r4t.graph.free_grid_counts.1,1951,451.8277806253204,428.0,320.0,619.0,1951,0,0,234.0,299.1224489795918,196
o4a12,r4t.graph.allowed_full_counts.0,1951,10270.086622245002,9826.0,7056.0,14317.0,1951,0,0,4924.0,6376.683673469388,196
o4a12,r4t.graph.allowed_full_counts.1,1951,7021.190158892876,6638.0,4914.0,9716.0,1951,0,0,3578.0,4585.301020408163,196
o4a12,r4t.graph.qstar_changed_full_counts.0,1951,10270.082009226038,9826.0,7056.0,14317.0,1951,0,0,4924.0,6376.683673469388,196
o4a12,r4t.graph.qstar_changed_full_counts.1,1951,7021.189646335212,6638.0,4914.0,9716.0,1951,0,0,3578.0,4585.301020408163,196
o4a12,r4t.graph.mean_abs_probability_correction,1951,0.0008554216985066141,0.0008109428454190493,0.0006573583232238889,0.001111144432798028,1951,0,0,0.0005188215291127563,0.0006194630292082699,196
o4a12,r4t.graph.max_abs_probability_correction,1951,0.14281715024959607,0.14106905460357666,0.11828529834747314,0.17068488895893097,1951,0,0,0.09155374765396118,0.11189122174923517,196
o4a12,r4t.graph.weight_h_mean,1951,0.8959174879430075,0.900552606060164,0.8531273969914835,0.9329027763690507,1951,0,0,0.7199702275690871,0.8288596204350195,196
o4a12,r4t.graph.weight_v_mean,1951,0.9069563736212752,0.9111925971498613,0.8636506566108917,0.9442730490075322,1951,0,0,0.7373470790586898,0.8424279754038997,196
o4a12,r4t.graph.exact_outside_allowed,1951,1.0,1.0,1.0,1.0,1951,0,0,1.0,1.0,196
o4a12,r4t.graph.exact_reliable_full,1951,1.0,1.0,1.0,1.0,1951,0,0,1.0,1.0,196
o4a12,r4t.graph.graph_seconds,1951,0.09263136792034847,0.09268758096732199,0.09161578607745469,0.09430454997345805,1951,0,0,0.07529261498712003,0.08899795652571496,196
o4a12,r4t.teacher_update,1951,0.0,0.0,0.0,0.0,0,1951,0,0.0,0.0,196
o4a12,r4t.source_unchanged,1951,1.0,1.0,1.0,1.0,1951,0,0,1.0,1.0,196
o4a12,r4t.base_loss,1951,0.056070110044117036,0.04337789863348007,0.02992168813943863,0.09322336316108704,1951,0,0,0.021342413499951363,0.02714068531914025,196
o4a12,r4t.host_seconds,1951,0.7163685763533777,0.7315522329881787,0.592648521065712,0.7533975618425757,1951,0,0,0.4745483030565083,0.5642764873455792,196
o4a12,r4t.trainable_scalars,1951,19136.0,19136.0,19136.0,19136.0,1951,0,0,19136.0,19136.0,196
o4a12,r4t.final_raw_probability_nested_violations,1951,2268.087647360328,2004.0,1030.0,3858.0,1951,0,0,380.0,831.719387755102,196
o4a12,auxiliary.q.0.total_pixels,1951,262144.0,262144.0,262144.0,262144.0,1951,0,0,262144.0,262144.0,196
o4a12,auxiliary.q.0.gt_foreground,1951,29364.35161455664,28513.0,15296.0,45565.0,1951,0,0,9104.0,13711.244897959185,196
o4a12,auxiliary.q.0.gt_background,1951,232779.64838544338,233631.0,216579.0,246848.0,1951,0,0,185479.0,210883.1530612245,196
o4a12,auxiliary.q.0.pred_foreground,1951,28986.040492055356,27608.0,22699.0,37286.0,1951,0,0,18851.0,21420.95408163265,196
o4a12,auxiliary.q.0.intersection,1951,25105.74167093798,24645.0,15118.0,36271.0,1951,0,0,9104.0,13611.295918367347,196
o4a12,auxiliary.q.0.dice,1951,0.8545437171465626,0.8748452757529913,0.7369550858652576,0.9436764705882353,1951,0,0,0.5155857650012988,0.6775317115915712,196
o4a12,auxiliary.q.0.brier_sum,1951,6441.524913061567,5550.2347388851795,2332.6807528015884,11643.964129386242,1951,0,0,911.0785839980897,1808.6090493229312,196
o4a12,auxiliary.q.0.brier,1951,0.024572467472311274,0.02117246528200218,0.008898470889288286,0.04441819812540528,1951,0,0,0.0034754889831470097,0.0068992959950368166,196
o4a12,auxiliary.q.0.foreground_brier_sum,1951,3370.261144940106,1770.7048151065426,5.580799318395723,9054.015403788944,1951,0,0,0.0005740173673380866,1.6357302070066755,196
o4a12,auxiliary.q.0.background_brier_sum,1951,3071.2637681214605,1852.065983198987,25.868689112167765,8107.3674744639575,1951,0,0,0.004380046571869639,7.287814118012073,196
o4a12,auxiliary.q.0.foreground_brier,1951,0.08497181376409442,0.06077219767046816,0.0003496306308981384,0.21102016728383446,1951,0,0,3.764048310413683e-08,0.00010250571036162207,196
o4a12,auxiliary.q.0.background_brier,1951,0.012707294906689565,0.008028070394415502,0.00011573319936303003,0.0330135089087191,1951,0,0,2.3614784271371093e-08,3.304346060971728e-05,196
o4a12,auxiliary.q.1.total_pixels,1951,262144.0,262144.0,262144.0,262144.0,1951,0,0,262144.0,262144.0,196
o4a12,auxiliary.q.1.gt_foreground,1951,9633.745771399283,7259.0,2865.0,19762.0,1951,0,0,907.0,2369.5255102040815,196
o4a12,auxiliary.q.1.gt_background,1951,252510.2542286007,254885.0,242382.0,259279.0,1951,0,0,213174.0,236489.056122449,196
o4a12,auxiliary.q.1.pred_foreground,1951,9391.590978985136,9156.0,7418.0,11755.0,1951,0,0,3996.0,6964.709183673469,196
o4a12,auxiliary.q.1.intersection,1951,6647.793439261917,6514.0,2843.0,10713.0,1951,0,0,878.0,2344.173469387755,196
o4a12,auxiliary.q.1.dice,1951,0.6962374345407336,0.717006083046813,0.4729064039408867,0.8886773368239425,1951,0,0,0.10179710144927537,0.40408915571303433,196
o4a12,auxiliary.q.1.brier_sum,1951,4483.559622972801,3699.2381176678473,1274.5619753440326,8550.264784782048,1951,0,0,651.8858473194616,1008.1152339922677,196
o4a12,auxiliary.q.1.brier,1951,0.017103422634021,0.014111473532363309,0.00486206808221448,0.03261667169487781,1951,0,0,0.0024867471592691865,0.0038456544265452106,196
o4a12,auxiliary.q.1.foreground_brier_sum,1951,2403.487340979936,309.1287895930896,0.3537425730341006,7624.121567290602,1951,0,0,0.0008284098184176969,0.12377836484098341,196
o4a12,auxiliary.q.1.background_brier_sum,1951,2080.072281992864,1686.273121639031,31.8884068174325,4604.003173551271,1951,0,0,0.000271162339588807,6.868840869690949,196
o4a12,auxiliary.q.1.foreground_brier,1951,0.1361061047891005,0.042016180624574344,0.0001025711537728319,0.4102413597270206,1951,0,0,3.8765082752348943e-07,3.7404542235838806e-05,196
o4a12,auxiliary.q.1.background_brier,1951,0.008107192630442338,0.006649747656955037,0.00013377263785426674,0.017872044458190142,1951,0,0,1.1681888816605362e-09,2.8273105899950137e-05,196
o4a12,auxiliary.qstar.0.total_pixels,1951,262144.0,262144.0,262144.0,262144.0,1951,0,0,262144.0,262144.0,196
o4a12,auxiliary.qstar.0.gt_foreground,1951,29364.35161455664,28513.0,15296.0,45565.0,1951,0,0,9104.0,13711.244897959185,196
o4a12,auxiliary.qstar.0.gt_background,1951,232779.64838544338,233631.0,216579.0,246848.0,1951,0,0,185479.0,210883.1530612245,196
o4a12,auxiliary.qstar.0.pred_foreground,1951,28941.708867247566,27615.0,22665.0,37168.0,1951,0,0,18819.0,21432.352040816328,196
o4a12,auxiliary.qstar.0.intersection,1951,25067.970271655562,24658.0,15126.0,36175.0,1951,0,0,9104.0,13614.75,196
o4a12,auxiliary.qstar.0.dice,1951,0.8541172321058356,0.8735589696199607,0.7365347923036252,0.9430411094601288,1951,0,0,0.5154866777775373,0.6775809583494597,196
o4a12,auxiliary.qstar.0.brier_sum,1951,6421.791018193479,5524.098303679296,2301.214263162663,11674.390313071002,1951,0,0,961.9480409241428,1795.4649920669024,196
o4a12,auxiliary.qstar.0.brier,1951,0.02449718863751785,0.02107276269408911,0.00877843575730386,0.04453426480511094,1951,0,0,0.003669540561386653,0.006849155395763025,196
o4a12,auxiliary.qstar.0.foreground_brier_sum,1951,3372.010309877528,1770.7826182955575,6.054385189765437,9141.003449109023,1951,0,0,0.0005740173673380866,1.7809370873172372,196
o4a12,auxiliary.qstar.0.background_brier_sum,1951,3049.780708315952,1855.6365464636146,28.942214637992628,8037.27159677543,1951,0,0,0.004380046571869639,7.920793081181482,196
o4a12,auxiliary.qstar.0.foreground_brier,1951,0.084934830666073,0.059340198222931385,0.00039019758432497676,0.2110326810832074,1951,0,0,3.764048310413683e-08,0.00011152472595712965,196
o4a12,auxiliary.qstar.0.background_brier,1951,0.012618569166270405,0.007912793292902603,0.00013247609634597948,0.03278366729749,1951,0,0,2.3614784271371093e-08,3.5900054045984666e-05,196
o4a12,auxiliary.qstar.1.total_pixels,1951,262144.0,262144.0,262144.0,262144.0,1951,0,0,262144.0,262144.0,196
o4a12,auxiliary.qstar.1.gt_foreground,1951,9633.745771399283,7259.0,2865.0,19762.0,1951,0,0,907.0,2369.5255102040815,196
o4a12,auxiliary.qstar.1.gt_background,1951,252510.2542286007,254885.0,242382.0,259279.0,1951,0,0,213174.0,236489.056122449,196
o4a12,auxiliary.qstar.1.pred_foreground,1951,9307.274218349565,9080.0,7367.0,11638.0,1951,0,0,3855.0,6909.178571428572,196
o4a12,auxiliary.qstar.1.intersection,1951,6616.417221937468,6510.0,2843.0,10563.0,1951,0,0,866.0,2344.0102040816328,196
o4a12,auxiliary.qstar.1.dice,1951,0.6970240161598695,0.716457486300159,0.4767496039511695,0.8882848979022928,1951,0,0,0.10118595548285331,0.4058544237038427,196
o4a12,auxiliary.qstar.1.brier_sum,1951,4441.453287247404,3626.2167221816317,1259.5213522516983,8572.561876989597,1951,0,0,659.4279039493308,1001.2697793531212,196
o4a12,auxiliary.qstar.1.brier,1951,0.01694279971026384,0.01383291901466992,0.004804692658430856,0.032701728351553334,1951,0,0,0.0025155178220723374,0.0038195410894512984,196
o4a12,auxiliary.qstar.1.foreground_brier_sum,1951,2411.2354979116103,323.2814202728917,0.35576522547109946,7628.979161471603,1951,0,0,0.0008284098184176969,0.12412898784782583,196
o4a12,auxiliary.qstar.1.background_brier_sum,1951,2030.2177893357941,1630.525592884735,31.06940971063846,4540.252149854098,1951,0,0,0.000271162339588807,6.913335944410835,196
o4a12,auxiliary.qstar.1.foreground_brier,1951,0.136795986354376,0.04297787551621438,0.00010306298616630527,0.41075543670839937,1951,0,0,3.8765082752348943e-07,3.7529118214850194e-05,196
o4a12,auxiliary.qstar.1.background_brier,1951,0.007912404023478384,0.0064156347700896794,0.00013572528149095075,0.01755566493757264,1951,0,0,1.1681888816605362e-09,2.850666198855852e-05,196
o4a12,auxiliary.graph.transitions.0.denominator,1951,262144.0,262144.0,262144.0,262144.0,1951,0,0,262144.0,262144.0,196
o4a12,auxiliary.graph.transitions.0.wrong_to_correct,1951,144.3126601742696,126.0,71.0,227.0,1951,0,0,10.0,55.275510204081634,196
o4a12,auxiliary.graph.transitions.0.correct_to_wrong,1951,175.52383393131728,149.0,80.0,293.0,1951,0,0,21.0,63.94387755102041,196
o4a12,auxiliary.graph.transitions.0.correct_unchanged,1951,253829.56740133266,254823.0,247688.0,258762.0,1951,0,0,227895.0,243227.72959183675,196
o4a12,auxiliary.graph.transitions.0.wrong_unchanged,1951,7994.596104561763,6996.0,3131.0,14039.0,1951,0,0,961.0,2393.158163265306,196
o4a12,auxiliary.graph.transitions.1.denominator,1951,10270.086622245002,9826.0,7056.0,14317.0,1951,0,0,4924.0,6376.683673469388,196
o4a12,auxiliary.graph.transitions.1.wrong_to_correct,1951,144.3126601742696,126.0,71.0,227.0,1951,0,0,10.0,55.275510204081634,196
o4a12,auxiliary.graph.transitions.1.correct_to_wrong,1951,175.52383393131728,149.0,80.0,293.0,1951,0,0,21.0,63.94387755102041,196
o4a12,auxiliary.graph.transitions.1.correct_unchanged,1951,6059.468477703742,5874.0,4084.0,8268.0,1951,0,0,2343.0,3567.862244897959,196
o4a12,auxiliary.graph.transitions.1.wrong_unchanged,1951,3890.7816504356742,3681.0,2350.0,5819.0,1951,0,0,956.0,1946.6173469387754,196
o4a12,auxiliary.graph.transitions.2.denominator,1951,319.8364941055869,281.0,198.0,471.0,1951,0,0,117.0,176.53061224489795,196
o4a12,auxiliary.graph.transitions.2.wrong_to_correct,1951,144.3126601742696,126.0,71.0,227.0,1951,0,0,10.0,55.275510204081634,196
o4a12,auxiliary.graph.transitions.2.correct_to_wrong,1951,175.52383393131728,149.0,80.0,293.0,1951,0,0,21.0,63.94387755102041,196
o4a12,auxiliary.graph.transitions.2.correct_unchanged,1951,0.0,0.0,0.0,0.0,0,1951,0,0.0,0.0,196
o4a12,auxiliary.graph.transitions.2.wrong_unchanged,1951,0.0,0.0,0.0,0.0,0,1951,0,0.0,0.0,196
o4a12,auxiliary.graph.transitions.3.denominator,1951,262144.0,262144.0,262144.0,262144.0,1951,0,0,262144.0,262144.0,196
o4a12,auxiliary.graph.transitions.3.wrong_to_correct,1951,113.89236289082521,106.0,53.0,182.0,1951,0,0,6.0,39.65816326530612,196
o4a12,auxiliary.graph.transitions.3.correct_to_wrong,1951,92.32803690415172,61.0,28.0,197.0,1951,0,0,5.0,22.464285714285715,196
o4a12,auxiliary.graph.transitions.3.correct_unchanged,1951,256321.92209123526,257177.0,251382.0,260263.0,1951,0,0,222820.0,246335.17857142858,196
o4a12,auxiliary.graph.transitions.3.wrong_unchanged,1951,5615.857508969759,4769.0,1754.0,10393.0,1951,0,0,664.0,1317.454081632653,196
o4a12,auxiliary.graph.transitions.4.denominator,1951,7021.190158892876,6638.0,4914.0,9716.0,1951,0,0,3578.0,4585.301020408163,196
o4a12,auxiliary.graph.transitions.4.wrong_to_correct,1951,113.89236289082521,106.0,53.0,182.0,1951,0,0,6.0,39.65816326530612,196
o4a12,auxiliary.graph.transitions.4.correct_to_wrong,1951,92.32803690415172,61.0,28.0,197.0,1951,0,0,5.0,22.464285714285715,196
o4a12,auxiliary.graph.transitions.4.correct_unchanged,1951,4078.6073808303436,3909.0,2828.0,5543.0,1951,0,0,1999.0,2598.0102040816328,196
o4a12,auxiliary.graph.transitions.4.wrong_unchanged,1951,2736.362378267555,2652.0,1475.0,4088.0,1951,0,0,664.0,1188.1377551020407,196
o4a12,auxiliary.graph.transitions.5.denominator,1951,206.22039979497694,171.0,109.0,347.0,1951,0,0,59.0,96.75,196
o4a12,auxiliary.graph.transitions.5.wrong_to_correct,1951,113.89236289082521,106.0,53.0,182.0,1951,0,0,6.0,39.65816326530612,196
o4a12,auxiliary.graph.transitions.5.correct_to_wrong,1951,92.32803690415172,61.0,28.0,197.0,1951,0,0,5.0,22.464285714285715,196
o4a12,auxiliary.graph.transitions.5.correct_unchanged,1951,0.0,0.0,0.0,0.0,0,1951,0,0.0,0.0,196
o4a12,auxiliary.graph.transitions.5.wrong_unchanged,1951,0.0,0.0,0.0,0.0,0,1951,0,0.0,0.0,196
o4a12,auxiliary.graph.allowed_counts.0,1951,10270.086622245002,9826.0,7056.0,14317.0,1951,0,0,4924.0,6376.683673469388,196
o4a12,auxiliary.graph.allowed_counts.1,1951,7021.190158892876,6638.0,4914.0,9716.0,1951,0,0,3578.0,4585.301020408163,196
o4a12,auxiliary.graph.reliable_counts.0,1951,249333.24038954382,251153.0,241396.0,254690.0,1951,0,0,211576.0,234544.47959183675,196
o4a12,auxiliary.graph.reliable_counts.1,1951,254004.0661199385,255011.0,249688.0,257022.0,1951,0,0,236145.0,246971.82653061225,196
o4a12,auxiliary.graph.reliable_correct.0,1951,245705.08303434137,247798.0,235182.0,253186.0,1951,0,0,204275.0,227883.63775510204,196
o4a12,auxiliary.graph.reliable_correct.1,1951,251424.15479241413,252816.0,244731.0,256408.0,1951,0,0,213383.0,239399.3418367347,196
o4a12,auxiliary.graph.changed_counts.0,1951,10270.082009226038,9826.0,7056.0,14317.0,1951,0,0,4924.0,6376.683673469388,196
o4a12,auxiliary.graph.changed_counts.1,1951,7021.189646335212,6638.0,4914.0,9716.0,1951,0,0,3578.0,4585.301020408163,196
o4a12,auxiliary.graph.mean_abs_change,1951,0.0008554216985066141,0.0008109428454190493,0.0006573583232238889,0.001111144432798028,1951,0,0,0.0005188215291127563,0.0006194630292082699,196
o4a12,auxiliary.graph.outside_allowed_max_change,1951,0.0,0.0,0.0,0.0,0,1951,0,0.0,0.0,196
o4a12,auxiliary.graph.reliable_max_change,1951,0.0,0.0,0.0,0.0,0,1951,0,0.0,0.0,196
o4a12,auxiliary.graph.q_nested_violations,1951,174.81137878011276,65.0,6.0,412.0,1917,34,0,0.0,2.2908163265306123,196
o4a12,auxiliary.graph.qstar_nested_violations,1951,174.8159917990774,65.0,6.0,412.0,1917,34,0,0.0,2.2908163265306123,196
o4a13,r4t.global_visit,1951,976.0,976.0,196.0,1756.0,1951,0,0,1.0,98.5,196
o4a13,r4t.counts.network_forwards,1951,8.0,8.0,8.0,8.0,1951,0,0,8.0,8.0,196
o4a13,r4t.counts.loss_backward_calls,1951,1.0,1.0,1.0,1.0,1951,0,0,1.0,1.0,196
o4a13,r4t.counts.jacobian_vjp_calls,1951,0.0,0.0,0.0,0.0,0,1951,0,0.0,0.0,196
o4a13,r4t.counts.adam_calls,1951,1.0,1.0,1.0,1.0,1951,0,0,1.0,1.0,196
o4a13,r4t.counts.actual_parameter_replacements,1951,0.0,0.0,0.0,0.0,0,1951,0,0.0,0.0,196
o4a13,r4t.graph.free_nodes,1951,1306.8672475653511,1164.0,811.0,1960.0,1951,0,0,606.0,746.6836734693877,196
o4a13,r4t.graph.steps,1951,64.0,64.0,64.0,64.0,1951,0,0,64.0,64.0,196
o4a13,r4t.graph.energy_before,1951,19.07216348951241,18.969865800729558,15.1318812966542,23.232416848717584,1951,0,0,10.224807237451927,13.715910871687235,196
o4a13,r4t.graph.energy_after,1951,16.00689498129485,16.039910328877642,12.372381300964042,19.68031706606885,1951,0,0,7.468469072751567,10.961046619798815,196
o4a13,r4t.graph.max_free_linear_residual,1951,1.1368411205864944e-09,6.274833985742134e-10,4.6335379977335833e-11,2.9040703175553517e-09,1951,0,0,9.190426197847046e-13,2.209579854684858e-11,196
o4a13,r4t.graph.max_contraction,1951,0.799914694596063,0.8,0.7997138720844329,0.8,1951,0,0,0.7986497320103382,0.799560528786043,196
o4a13,r4t.graph.exact_fixed_nodes,1951,1.0,1.0,1.0,1.0,1951,0,0,1.0,1.0,196
o4a13,r4t.graph.grid,1951,128.0,128.0,128.0,128.0,1951,0,0,128.0,128.0,196
o4a13,r4t.graph.potential_undirected_edges,1951,32512.0,32512.0,32512.0,32512.0,1951,0,0,32512.0,32512.0,196
o4a13,r4t.graph.reliable_grid_counts.0,1951,15585.209636084059,15700.0,15097.0,15917.0,1951,0,0,13233.0,14665.290816326531,196
o4a13,r4t.graph.reliable_grid_counts.1,1951,15875.92311635059,15939.0,15609.0,16065.0,1951,0,0,14763.0,15435.918367346938,196
o4a13,r4t.graph.free_grid_counts.0,1951,798.7903639159406,684.0,467.0,1287.0,1951,0,0,329.0,423.53061224489795,196
o4a13,r4t.graph.free_grid_counts.1,1951,508.07688364941055,445.0,319.0,775.0,1951,0,0,235.0,298.0051020408163,196
o4a13,r4t.graph.allowed_full_counts.0,1951,12330.579190158893,10516.0,7064.0,20129.0,1951,0,0,4879.0,6357.877551020408,196
o4a13,r4t.graph.allowed_full_counts.1,1951,7841.4807790876475,6854.0,4905.0,12039.0,1951,0,0,3576.0,4567.316326530612,196
o4a13,r4t.graph.qstar_changed_full_counts.0,1951,12330.570476678626,10516.0,7064.0,20129.0,1951,0,0,4879.0,6357.877551020408,196
o4a13,r4t.graph.qstar_changed_full_counts.1,1951,7841.476678626345,6854.0,4905.0,12039.0,1951,0,0,3576.0,4567.311224489796,196
o4a13,r4t.graph.mean_abs_probability_correction,1951,0.0009142626371555201,0.0008435989730060101,0.0006590263801626861,0.001257354742847383,1951,0,0,0.000483580311993137,0.0006187957361380911,196
o4a13,r4t.graph.max_abs_probability_correction,1951,0.14318239420407983,0.1406630426645279,0.11634194850921631,0.17340020835399628,1951,0,0,0.08965212106704712,0.10959895190839865,196
o4a13,r4t.graph.weight_h_mean,1951,0.8959174879430075,0.9005526060601641,0.8531273969914835,0.9329027763690507,1951,0,0,0.7199702275690871,0.8288596204350195,196
o4a13,r4t.graph.weight_v_mean,1951,0.9069563736212752,0.9111925971498613,0.8636506566108916,0.9442730490075322,1951,0,0,0.7373470790586899,0.8424279754038997,196
o4a13,r4t.graph.exact_outside_allowed,1951,1.0,1.0,1.0,1.0,1951,0,0,1.0,1.0,196
o4a13,r4t.graph.exact_reliable_full,1951,1.0,1.0,1.0,1.0,1951,0,0,1.0,1.0,196
o4a13,r4t.graph.graph_seconds,1951,0.09293911824201442,0.0931162761989981,0.09214642411097884,0.09435889101587236,1951,0,0,0.07704135519452393,0.08903002657105538,196
o4a13,r4t.teacher_update,1951,0.0,0.0,0.0,0.0,0,1951,0,0.0,0.0,196
o4a13,r4t.source_unchanged,1951,1.0,1.0,1.0,1.0,1951,0,0,1.0,1.0,196
o4a13,r4t.base_loss,1951,0.05547593834154548,0.04303101822733879,0.029556142166256905,0.09257255494594574,1951,0,0,0.021130677312612534,0.026839222825531448,196
o4a13,r4t.host_seconds,1951,1.1004080197538537,1.2163157549221069,0.5992017930839211,1.223718899069354,1951,0,0,0.48427246999926865,0.5727641427038922,196
o4a13,r4t.trainable_scalars,1951,19136.0,19136.0,19136.0,19136.0,1951,0,0,19136.0,19136.0,196
o4a13,r4t.final_raw_probability_nested_violations,1951,2254.5484366991286,1995.0,1025.0,3838.0,1951,0,0,379.0,827.7755102040817,196
o4a13,auxiliary.q.0.total_pixels,1951,262144.0,262144.0,262144.0,262144.0,1951,0,0,262144.0,262144.0,196
o4a13,auxiliary.q.0.gt_foreground,1951,29364.35161455664,28513.0,15296.0,45565.0,1951,0,0,9104.0,13711.244897959185,196
o4a13,auxiliary.q.0.gt_background,1951,232779.64838544338,233631.0,216579.0,246848.0,1951,0,0,185479.0,210883.1530612245,196
o4a13,auxiliary.q.0.pred_foreground,1951,28905.731932342387,27537.0,22626.0,37238.0,1951,0,0,18845.0,21384.076530612245,196
o4a13,auxiliary.q.0.intersection,1951,25081.854433623783,24636.0,15118.0,36250.0,1951,0,0,9104.0,13609.32142857143,196
o4a13,auxiliary.q.0.dice,1951,0.855110638157512,0.8754961495403196,0.739167413741581,0.9436399268700101,1951,0,0,0.5165643110457573,0.6792819310490954,196
o4a13,auxiliary.q.0.brier_sum,1951,6418.660236075706,5519.524875407086,2329.7782870297947,11613.969739213151,1951,0,0,901.6650877081842,1801.3933805547026,196
o4a13,auxiliary.q.0.brier,1951,0.024485245651533913,0.02105531644976458,0.008887398861045054,0.0443037786072279,1951,0,0,0.003439579344589936,0.006871770403116999,196
o4a13,auxiliary.q.0.foreground_brier_sum,1951,3391.3267958004044,1811.0842591263395,6.158446260686592,9129.344889747877,1951,0,0,0.0006571105437629399,1.8262945148110066,196
o4a13,auxiliary.q.0.background_brier_sum,1951,3027.3334402753007,1830.0495560309828,24.492063582274263,8018.160301942021,1951,0,0,0.004345431962187715,6.982591595719639,196
o4a13,auxiliary.q.0.foreground_brier,1951,0.0855770176594363,0.061745167563002884,0.0003890185630146813,0.21148712932597324,1951,0,0,4.308921598445507e-08,0.00011477820974167592,196
o4a13,auxiliary.q.0.background_brier,1951,0.012524611993204088,0.007894810804364457,0.00011247335741072473,0.03247048545047346,1951,0,0,2.3428161474817717e-08,3.165837544311343e-05,196
o4a13,auxiliary.q.1.total_pixels,1951,262144.0,262144.0,262144.0,262144.0,1951,0,0,262144.0,262144.0,196
o4a13,auxiliary.q.1.gt_foreground,1951,9633.745771399283,7259.0,2865.0,19762.0,1951,0,0,907.0,2369.5255102040815,196
o4a13,auxiliary.q.1.gt_background,1951,252510.2542286007,254885.0,242382.0,259279.0,1951,0,0,213174.0,236489.056122449,196
o4a13,auxiliary.q.1.pred_foreground,1951,9359.595079446437,9122.0,7410.0,11708.0,1951,0,0,4005.0,6952.168367346939,196
o4a13,auxiliary.q.1.intersection,1951,6637.2260379292675,6507.0,2843.0,10654.0,1951,0,0,875.0,2343.9489795918366,196
o4a13,auxiliary.q.1.dice,1951,0.6966497913527526,0.7168894289185905,0.47376700286851114,0.8889231956773447,1951,0,0,0.10156113980616331,0.4052334721780171,196
o4a13,auxiliary.q.1.brier_sum,1951,4477.180632289987,3680.545107692729,1269.7026074518715,8556.121369155178,1951,0,0,653.0937355712852,1004.9863316312413,196
o4a13,auxiliary.q.1.brier,1951,0.017079088715705824,0.014040165358324924,0.004843531064803587,0.03263901279127189,1951,0,0,0.0024913548872805983,0.003833718611264196,196
o4a13,auxiliary.q.1.foreground_brier_sum,1951,2413.097496046732,311.4824226774028,0.3740332913337845,7643.254233290882,1951,0,0,0.0008241931907413402,0.12995607575016685,196
o4a13,auxiliary.q.1.background_brier_sum,1951,2064.0831362432555,1679.0631903054987,31.268293340150976,4586.7760005639,1951,0,0,0.0002708234092803745,6.722703836643706,196
o4a13,auxiliary.q.1.foreground_brier,1951,0.1367926322387109,0.04295617782016629,0.0001071249314008208,0.4111822147086799,1951,0,0,3.8567767465668704e-07,3.925416654758782e-05,196
o4a13,auxiliary.q.1.background_brier,1951,0.008044766803145375,0.006601918871633047,0.00013063234547979675,0.017787448640385443,1951,0,0,1.1667287429902142e-09,2.7644487237141087e-05,196
o4a13,auxiliary.qstar.0.total_pixels,1951,262144.0,262144.0,262144.0,262144.0,1951,0,0,262144.0,262144.0,196
o4a13,auxiliary.qstar.0.gt_foreground,1951,29364.35161455664,28513.0,15296.0,45565.0,1951,0,0,9104.0,13711.244897959185,196
o4a13,auxiliary.qstar.0.gt_background,1951,232779.64838544338,233631.0,216579.0,246848.0,1951,0,0,185479.0,210883.1530612245,196
o4a13,auxiliary.qstar.0.pred_foreground,1951,28850.789338800616,27503.0,22559.0,37166.0,1951,0,0,18786.0,21335.15306122449,196
o4a13,auxiliary.qstar.0.intersection,1951,25059.485904664274,24641.0,15123.0,36164.0,1951,0,0,9104.0,13613.969387755102,196
o4a13,auxiliary.qstar.0.dice,1951,0.8553812121183312,0.875304716481187,0.7395894578082262,0.943590697180199,1951,0,0,0.5198105175838809,0.6797627123705178,196
o4a13,auxiliary.qstar.0.brier_sum,1951,6375.45671723345,5490.611816738403,2286.657141657356,11619.129648852304,1951,0,0,929.3790108944899,1762.0460656120192,196
o4a13,auxiliary.qstar.0.brier,1951,0.02432043730634098,0.0209450218839203,0.008722904745702195,0.04432346210041925,1951,0,0,0.0035452995715884775,0.006721672308395459,196
o4a13,auxiliary.qstar.0.foreground_brier_sum,1951,3387.421663878469,1777.130692216209,7.077256640034204,9116.423911837415,1951,0,0,0.0006571105437629399,2.078032404148045,196
o4a13,auxiliary.qstar.0.background_brier_sum,1951,2988.0350533549804,1791.6173549784262,27.6922148482569,7916.549842842135,1951,0,0,0.004345431962187715,7.474910774411229,196
o4a13,auxiliary.qstar.0.foreground_brier,1951,0.08541457056263478,0.06017647368589514,0.00047033956637308364,0.21190907937955797,1951,0,0,4.308921598445507e-08,0.0001312320113132821,196
o4a13,auxiliary.qstar.0.background_brier,1951,0.01236151689075187,0.007698251709004189,0.00013217831645731046,0.03222432467473495,1951,0,0,2.3428161474817717e-08,3.387145241583169e-05,196
o4a13,auxiliary.qstar.1.total_pixels,1951,262144.0,262144.0,262144.0,262144.0,1951,0,0,262144.0,262144.0,196
o4a13,auxiliary.qstar.1.gt_foreground,1951,9633.745771399283,7259.0,2865.0,19762.0,1951,0,0,907.0,2369.5255102040815,196
o4a13,auxiliary.qstar.1.gt_background,1951,252510.2542286007,254885.0,242382.0,259279.0,1951,0,0,213174.0,236489.056122449,196
o4a13,auxiliary.qstar.1.pred_foreground,1951,9272.386468477704,9026.0,7339.0,11582.0,1951,0,0,3979.0,6879.4540816326535,196
o4a13,auxiliary.qstar.1.intersection,1951,6605.425935417735,6488.0,2843.0,10589.0,1951,0,0,872.0,2343.3520408163267,196
o4a13,auxiliary.qstar.1.dice,1951,0.6974997805617839,0.7166887352263254,0.4772209014603852,0.8891700404858299,1951,0,0,0.10168503294268556,0.40691852049654154,196
o4a13,auxiliary.qstar.1.brier_sum,1951,4440.3745114855,3623.5679527125453,1257.360581875425,8589.900467168365,1951,0,0,653.3129207632815,999.320074339258,196
o4a13,auxiliary.qstar.1.brier,1951,0.016938684507314682,0.013822814761018926,0.0047964499735848425,0.03276786982409807,1951,0,0,0.002492191012433172,0.003812103555066139,196
o4a13,auxiliary.qstar.1.foreground_brier_sum,1951,2427.2423242350683,334.2157042949588,0.3801569084803269,7672.851769581825,1951,0,0,0.0008241931907413402,0.13055086164917853,196
o4a13,auxiliary.qstar.1.background_brier_sum,1951,2013.1321872504316,1617.8400701508058,29.60895305804255,4515.37996172093,1951,0,0,0.0002708234092803745,6.481856160189768,196
o4a13,auxiliary.qstar.1.foreground_brier,1951,0.1380170730938084,0.04482061335246544,0.00010842909351088614,0.41317387085423923,1951,0,0,3.8567767465668704e-07,3.944754481293732e-05,196
o4a13,auxiliary.qstar.1.background_brier,1951,0.007845532035828509,0.006387626492585039,0.00012536157507550354,0.017492675953983797,1951,0,0,1.1667287429902142e-09,2.6682571723811752e-05,196
o4a13,auxiliary.graph.transitions.0.denominator,1951,262144.0,262144.0,262144.0,262144.0,1951,0,0,262144.0,262144.0,196
o4a13,auxiliary.graph.transitions.0.wrong_to_correct,1951,168.2988211173757,152.0,89.0,258.0,1951,0,0,18.0,70.94897959183673,196
o4a13,auxiliary.graph.transitions.0.correct_to_wrong,1951,158.09328549461816,130.0,65.0,276.0,1951,0,0,19.0,51.994897959183675,196
o4a13,auxiliary.graph.transitions.0.correct_unchanged,1951,253879.5320348539,254859.0,247744.0,258796.0,1951,0,0,227893.0,243272.07653061225,196
o4a13,auxiliary.graph.transitions.0.wrong_unchanged,1951,7938.0758585340855,6952.0,3078.0,14009.0,1951,0,0,929.0,2345.4285714285716,196
o4a13,auxiliary.graph.transitions.1.denominator,1951,12330.579190158893,10516.0,7064.0,20129.0,1951,0,0,4879.0,6357.877551020408,196
o4a13,auxiliary.graph.transitions.1.wrong_to_correct,1951,168.2988211173757,152.0,89.0,258.0,1951,0,0,18.0,70.94897959183673,196
o4a13,auxiliary.graph.transitions.1.correct_to_wrong,1951,158.09328549461816,130.0,65.0,276.0,1951,0,0,19.0,51.994897959183675,196
o4a13,auxiliary.graph.transitions.1.correct_unchanged,1951,7800.5130702204,6411.0,4122.0,12888.0,1951,0,0,2381.0,3574.387755102041,196
o4a13,auxiliary.graph.transitions.1.wrong_unchanged,1951,4203.674013326499,3708.0,2275.0,6768.0,1951,0,0,884.0,1901.704081632653,196
o4a13,auxiliary.graph.transitions.2.denominator,1951,326.3921066119938,289.0,204.0,476.0,1951,0,0,118.0,181.60714285714286,196
o4a13,auxiliary.graph.transitions.2.wrong_to_correct,1951,168.2988211173757,152.0,89.0,258.0,1951,0,0,18.0,70.94897959183673,196
o4a13,auxiliary.graph.transitions.2.correct_to_wrong,1951,158.09328549461816,130.0,65.0,276.0,1951,0,0,19.0,51.994897959183675,196
o4a13,auxiliary.graph.transitions.2.correct_unchanged,1951,0.0,0.0,0.0,0.0,0,1951,0,0.0,0.0,196
o4a13,auxiliary.graph.transitions.2.wrong_unchanged,1951,0.0,0.0,0.0,0.0,0,1951,0,0.0,0.0,196
o4a13,auxiliary.graph.transitions.3.denominator,1951,262144.0,262144.0,262144.0,262144.0,1951,0,0,262144.0,262144.0,196
o4a13,auxiliary.graph.transitions.3.wrong_to_correct,1951,109.70169144028704,104.0,54.0,168.0,1951,0,0,5.0,39.607142857142854,196
o4a13,auxiliary.graph.transitions.3.correct_to_wrong,1951,86.09328549461814,67.0,27.0,168.0,1951,0,0,3.0,20.806122448979593,196
o4a13,auxiliary.graph.transitions.3.correct_unchanged,1951,256339.0179395182,257214.0,251421.0,260256.0,1951,0,0,222797.0,246346.61224489796,196
o4a13,auxiliary.graph.transitions.3.wrong_unchanged,1951,5609.187083546899,4741.0,1742.0,10429.0,1951,0,0,629.0,1304.9030612244899,196
o4a13,auxiliary.graph.transitions.4.denominator,1951,7841.4807790876475,6854.0,4905.0,12039.0,1951,0,0,3576.0,4567.316326530612,196
o4a13,auxiliary.graph.transitions.4.wrong_to_correct,1951,109.70169144028704,104.0,54.0,168.0,1951,0,0,5.0,39.607142857142854,196
o4a13,auxiliary.graph.transitions.4.correct_to_wrong,1951,86.09328549461814,67.0,27.0,168.0,1951,0,0,3.0,20.806122448979593,196
o4a13,auxiliary.graph.transitions.4.correct_unchanged,1951,4691.801640184521,4124.0,2831.0,7201.0,1951,0,0,1993.0,2585.6020408163267,196
o4a13,auxiliary.graph.transitions.4.wrong_unchanged,1951,2953.8841619682216,2673.0,1456.0,4770.0,1951,0,0,629.0,1174.5102040816328,196
o4a13,auxiliary.graph.transitions.5.denominator,1951,195.79497693490518,171.0,123.0,304.0,1951,0,0,60.0,108.16836734693878,196
o4a13,auxiliary.graph.transitions.5.wrong_to_correct,1951,109.70169144028704,104.0,54.0,168.0,1951,0,0,5.0,39.607142857142854,196
o4a13,auxiliary.graph.transitions.5.correct_to_wrong,1951,86.09328549461814,67.0,27.0,168.0,1951,0,0,3.0,20.806122448979593,196
o4a13,auxiliary.graph.transitions.5.correct_unchanged,1951,0.0,0.0,0.0,0.0,0,1951,0,0.0,0.0,196
o4a13,auxiliary.graph.transitions.5.wrong_unchanged,1951,0.0,0.0,0.0,0.0,0,1951,0,0.0,0.0,196
o4a13,auxiliary.graph.allowed_counts.0,1951,12330.579190158893,10516.0,7064.0,20129.0,1951,0,0,4879.0,6357.877551020408,196
o4a13,auxiliary.graph.allowed_counts.1,1951,7841.4807790876475,6854.0,4905.0,12039.0,1951,0,0,3576.0,4567.316326530612,196
o4a13,auxiliary.graph.reliable_counts.0,1951,249390.4592516658,251209.0,241436.0,254740.0,1951,0,0,211661.0,234605.92346938775,196
o4a13,auxiliary.graph.reliable_counts.1,1951,254035.54792414146,255040.0,249721.0,257052.0,1951,0,0,236158.0,247003.33163265305,196
o4a13,auxiliary.graph.reliable_correct.0,1951,245771.088159918,247932.0,235347.0,253214.0,1951,0,0,204340.0,227940.66326530612,196
o4a13,auxiliary.graph.reliable_correct.1,1951,251454.53716043054,252869.0,244749.0,256435.0,1951,0,0,213382.0,239404.3724489796,196
o4a13,auxiliary.graph.changed_counts.0,1951,12330.570476678626,10516.0,7064.0,20129.0,1951,0,0,4879.0,6357.877551020408,196
o4a13,auxiliary.graph.changed_counts.1,1951,7841.476678626345,6854.0,4905.0,12039.0,1951,0,0,3576.0,4567.311224489796,196
o4a13,auxiliary.graph.mean_abs_change,1951,0.0009142626371555201,0.0008435989730060101,0.0006590263801626861,0.001257354742847383,1951,0,0,0.000483580311993137,0.0006187957361380911,196
o4a13,auxiliary.graph.outside_allowed_max_change,1951,0.0,0.0,0.0,0.0,0,1951,0,0.0,0.0,196
o4a13,auxiliary.graph.reliable_max_change,1951,0.0,0.0,0.0,0.0,0,1951,0,0.0,0.0,196
o4a13,auxiliary.graph.q_nested_violations,1951,173.78728856996412,65.0,6.0,410.0,1917,34,0,0.0,2.3010204081632653,196
o4a13,auxiliary.graph.qstar_nested_violations,1951,173.7883136852896,65.0,6.0,410.0,1917,34,0,0.0,2.3010204081632653,196
