stream,control,channel,domain,metric,inferential_status,n_rows,n_unique,n_defined,n_missing,support,mean,median,p10,p90,minimum,worst_decile_mean,tail_count,positive,negative,zero,weight_sum,weighted_conditional_mean,signed_net,positive_mass,negative_mass,macro_contribution,primary_contribution,null_reason
0,C,OD,Drishti_GS,delta_pre,POST_HOC_EXPLORATORY,37,37,37,0,DESCRIPTIVE,1.8741449151356384,2.4486229410081677,-0.2966482785830607,3.303852589012422,-3.4932560374605544,-1.71995670331642,4,32,5,0,0.25,1.8741449151356384,0.4685362287839096,0.5170133885513376,-0.04847715976742798,0.2342681143919548,0.1171340571959774,
0,C,OD,Drishti_GS,delta_step,POST_HOC_EXPLORATORY,37,37,37,0,DESCRIPTIVE,-0.001808270940956249,-0.0022228549702134615,-0.012031372876978707,0.007487383675615432,-0.01633423487739094,-0.014192955787233785,4,16,21,0,0.25,-0.0018082709409562492,-0.0004520677352390623,0.0005963398139548117,-0.001048407549193874,-0.00022603386761953115,-0.00011301693380976557,
0,C,OD,Drishti_GS,delta_post,POST_HOC_EXPLORATORY,37,37,37,0,DESCRIPTIVE,1.872336644194682,2.4447625119020415,-0.29995447638507644,3.3124459211784854,-3.5051713369274893,-1.72546034807932,4,32,5,0,0.25,1.872336644194682,0.4680841610486705,0.516682477424963,-0.04859831637629242,0.23404208052433526,0.11702104026216763,
0,C,OD,ORIGA,delta_pre,POST_HOC_EXPLORATORY,586,586,586,0,DESCRIPTIVE,0.970600364639521,1.027614644397751,-0.47621639702882135,2.599766008126302,-3.795569839111508,-1.5131477129204591,59,478,108,0,0.25,0.970600364639521,0.24265009115988026,0.2854805290659738,-0.04283043790609355,0.12132504557994013,0.060662522789970065,
0,C,OD,ORIGA,delta_step,POST_HOC_EXPLORATORY,586,586,586,0,DESCRIPTIVE,0.0010418520321958014,0.00019524962117856148,-0.01707059775473141,0.022668540201642884,-1.0916546104962634,-0.05715073586403547,59,301,285,0,0.25,0.0010418520321958014,0.00026046300804895034,0.0023262089859590216,-0.0020657459779100714,0.00013023150402447517,6.511575201223759e-05,
0,C,OD,ORIGA,delta_post,POST_HOC_EXPLORATORY,586,586,586,0,DESCRIPTIVE,0.9716422166717168,1.025455184405267,-0.4782754313304096,2.5973681737805023,-3.7841624674369,-1.5167032149813136,59,479,107,0,0.25,0.9716422166717168,0.2429105541679292,0.28565845692657027,-0.04274790275864104,0.1214552770839646,0.0607276385419823,
0,C,OD,REFUGE,delta_pre,POST_HOC_EXPLORATORY,336,336,336,0,DESCRIPTIVE,-0.0506794420902145,0.043201141981754176,-0.7377166427693709,0.4745073331380709,-1.2738633770304801,-0.9663928904272803,34,186,149,1,0.25,-0.0506794420902145,-0.012669860522553625,0.03857134365432413,-0.05124120417687776,-0.006334930261276813,-0.0031674651306384063,
0,C,OD,REFUGE,delta_step,POST_HOC_EXPLORATORY,336,336,336,0,DESCRIPTIVE,-0.0017522453893042279,-0.0007899841514245054,-0.02349960476909274,0.022576776177025693,-0.46600647381227134,-0.050064935418470465,34,153,180,3,0.25,-0.0017522453893042279,-0.00043806134732605697,0.0017673807906319469,-0.002205442137958004,-0.00021903067366302849,-0.00010951533683151424,
0,C,OD,REFUGE,delta_post,POST_HOC_EXPLORATORY,336,336,336,0,DESCRIPTIVE,-0.05243168747951873,0.05168487934532351,-0.7514091744781908,0.4852118297965191,-1.2634759236710096,-0.9653914350540255,34,182,154,0,0.25,-0.05243168747951873,-0.013107921869879682,0.03879914893688764,-0.051907070806767326,-0.006553960934939841,-0.0032769804674699205,
0,C,OD,REFUGE_Valid,delta_pre,POST_HOC_EXPLORATORY,736,736,736,0,DESCRIPTIVE,-5.660883860690143,-5.707535347436149,-7.412197185542844,-3.81979401577361,-11.671743465693417,-8.000181172890976,74,2,734,0,0.25,-5.660883860690142,-1.4152209651725356,0.0007689853891843946,-1.4159899505617202,-0.7076104825862678,-0.3538052412931339,
0,C,OD,REFUGE_Valid,delta_step,POST_HOC_EXPLORATORY,736,736,736,0,DESCRIPTIVE,-0.002206803100967214,-0.00280009093680178,-0.023881800517024487,0.016336268970238876,-0.23515057915611948,-0.04835966219337524,74,306,428,2,0.25,-0.002206803100967214,-0.0005517007752418035,0.001773733792844099,-0.0023254345680859025,-0.00027585038762090175,-0.00013792519381045087,
0,C,OD,REFUGE_Valid,delta_post,POST_HOC_EXPLORATORY,736,736,736,0,DESCRIPTIVE,-5.6630906637911105,-5.704583372482659,-7.414179547892417,-3.864483857552017,-11.474685611949688,-7.989075684971167,74,2,734,0,0.25,-5.66309066379111,-1.4157726659477774,0.0007665902195055265,-1.416539256167283,-0.7078863329738887,-0.35394316648694435,
0,C,OC,Drishti_GS,delta_pre,POST_HOC_EXPLORATORY,37,37,37,0,DESCRIPTIVE,4.361146377360864,6.222367595628754,-3.2435673263465814,7.294340826937322,-7.949688567436958,-6.568198415032052,4,31,6,0,0.25,4.361146377360865,1.0902865943402162,1.2914204365757123,-0.20113384223549619,0.5451432971701081,0.27257164858505406,
0,C,OC,Drishti_GS,delta_step,POST_HOC_EXPLORATORY,37,37,37,0,DESCRIPTIVE,0.008932129452110443,0.008209538062772026,-0.012565422185312513,0.026679624623108106,-0.03331405069485527,-0.019208196611465667,4,24,13,0,0.25,0.008932129452110443,0.002233032363027611,0.003015860945907025,-0.0007828285828794142,0.0011165161815138054,0.0005582580907569027,
0,C,OC,Drishti_GS,delta_post,POST_HOC_EXPLORATORY,37,37,37,0,DESCRIPTIVE,4.370078506812975,6.224567034328146,-3.2424408424292777,7.288459054035748,-7.931309982002098,-6.557463989111758,4,31,6,0,0.25,4.370078506812975,1.0925196267032438,1.2932923868027055,-0.20077276009946168,0.5462598133516219,0.27312990667581094,
0,C,OC,ORIGA,delta_pre,POST_HOC_EXPLORATORY,586,586,586,0,DESCRIPTIVE,0.5442197072873001,0.48164414065282557,-2.3242203409118645,3.2710568215792932,-7.095399705907653,-3.5575500425329056,59,357,229,0,0.25,0.5442197072873001,0.13605492682182502,0.28978619518250226,-0.15373126836067721,0.06802746341091251,0.034013731705456254,
0,C,OC,ORIGA,delta_step,POST_HOC_EXPLORATORY,586,586,586,0,DESCRIPTIVE,-0.0025313507623069584,0.0039732308781381676,-0.03510116279002773,0.04016714803768906,-3.345073598054796,-0.14561290029879348,59,325,261,0,0.25,-0.002531350762306958,-0.0006328376905767395,0.004339873809554318,-0.0049727115001310575,-0.00031641884528836974,-0.00015820942264418487,
0,C,OC,ORIGA,delta_post,POST_HOC_EXPLORATORY,586,586,586,0,DESCRIPTIVE,0.541688356524993,0.5174091170075172,-2.349826378734747,3.2517803696935204,-6.762191606812195,-3.5552681881364667,59,360,226,0,0.25,0.5416883565249931,0.13542208913124829,0.28903755395360536,-0.15361546482235708,0.06771104456562414,0.03385552228281207,
0,C,OC,REFUGE,delta_pre,POST_HOC_EXPLORATORY,336,336,336,0,DESCRIPTIVE,0.1447582626465833,0.14041996848859384,-0.7559778876682444,0.9471387479450897,-1.8067989285047616,-1.0937302852320623,34,213,122,1,0.25,0.14475826264658329,0.03618956566164582,0.08155134851226374,-0.04536178285061791,0.01809478283082291,0.009047391415411455,
0,C,OC,REFUGE,delta_step,POST_HOC_EXPLORATORY,336,336,336,0,DESCRIPTIVE,0.0015369678518766885,0.00022918104235714054,-0.04531870426241369,0.04414669636121715,-0.14341052241822183,-0.06807142902215864,34,170,166,0,0.25,0.0015369678518766885,0.00038424196296917213,0.0037930997662683984,-0.0034088578032992266,0.00019212098148458607,9.606049074229303e-05,
0,C,OC,REFUGE,delta_post,POST_HOC_EXPLORATORY,336,336,336,0,DESCRIPTIVE,0.14629523049846,0.15244973224419311,-0.760654661306873,0.9479268542840344,-1.8049104897960433,-1.0887670826245346,34,209,127,0,0.25,0.14629523049846,0.036573807624615,0.08200933875283734,-0.045435531128222344,0.0182869038123075,0.00914345190615375,
0,C,OC,REFUGE_Valid,delta_pre,POST_HOC_EXPLORATORY,736,736,736,0,DESCRIPTIVE,-4.4047950684350585,-4.502156377196663,-6.01700609747752,-2.9804932830992676,-8.343311605744518,-6.614015423302268,74,12,724,0,0.25,-4.4047950684350585,-1.1011987671087646,0.01269078968917474,-1.1138895567979394,-0.5505993835543823,-0.27529969177719116,
0,C,OC,REFUGE_Valid,delta_step,POST_HOC_EXPLORATORY,736,736,736,0,DESCRIPTIVE,-0.0022717079752325926,-0.002649897235357912,-0.020423915725615416,0.0161402864383291,-0.10403477217396784,-0.03176368224577853,74,314,414,8,0.25,-0.002271707975232592,-0.000567926993808148,0.0012417114193854892,-0.0018096384131936374,-0.000283963496904074,-0.000141981748452037,
0,C,OC,REFUGE_Valid,delta_post,POST_HOC_EXPLORATORY,736,736,736,0,DESCRIPTIVE,-4.407066776410291,-4.509592131730116,-6.023014400577555,-2.9925943494768745,-8.334282592560527,-6.615356215065572,74,12,724,0,0.25,-4.407066776410291,-1.1017666941025728,0.01264744825328609,-1.114414142355859,-0.5508833470512864,-0.2754416735256432,
0,C,macro,Drishti_GS,delta_pre,POST_HOC_EXPLORATORY,37,37,37,0,DESCRIPTIVE,3.1176456462482514,4.1581342758244055,-1.3438606737453367,4.9498069517360985,-5.244971213627625,-3.725522094953246,4,32,5,0,0.25,3.1176456462482514,0.7794114115620628,0.8849208062610477,-0.10550939469898485,0.7794114115620628,0.3897057057810314,
0,C,macro,Drishti_GS,delta_step,POST_HOC_EXPLORATORY,37,37,37,0,DESCRIPTIVE,0.003561929255577097,0.0038207779051191437,-0.007958375484153634,0.01500837540753963,-0.012586697468563557,-0.0109227812051369,4,23,14,0,0.25,0.003561929255577097,0.0008904823138942742,0.0014416310078460906,-0.0005511486939518163,0.0008904823138942742,0.0004452411569471371,
0,C,macro,Drishti_GS,delta_post,POST_HOC_EXPLORATORY,37,37,37,0,DESCRIPTIVE,3.1212075755038287,4.153563472933527,-1.3467581368198167,4.958995874404211,-5.2351373599214135,-3.7221534655554533,4,32,5,0,0.25,3.1212075755038287,0.7803018938759572,0.8857345747591409,-0.10543268088318364,0.7803018938759572,0.3901509469379786,
0,C,macro,ORIGA,delta_pre,POST_HOC_EXPLORATORY,586,586,586,0,DESCRIPTIVE,0.7574100359634105,0.7288048761995238,-1.0559979589471595,2.635150452158012,-5.329559521348614,-1.953356332343777,59,419,167,0,0.25,0.7574100359634105,0.18935250899085262,0.2586648172366484,-0.0693123082457958,0.18935250899085262,0.09467625449542631,
0,C,macro,ORIGA,delta_step,POST_HOC_EXPLORATORY,586,586,586,0,DESCRIPTIVE,-0.0007447493650555785,0.0019944411869587952,-0.02003840351381747,0.026369405384077282,-1.7405410033397857,-0.09352933715773804,59,319,267,0,0.25,-0.0007447493650555782,-0.00018618734126389454,0.0028973343795989214,-0.003083521720862816,-0.00018618734126389454,-9.309367063194727e-05,
0,C,macro,ORIGA,delta_post,POST_HOC_EXPLORATORY,586,586,586,0,DESCRIPTIVE,0.756665286598355,0.7339361923264995,-1.0599337754369422,2.634363354658216,-5.176936724678555,-1.9528965583174773,59,421,165,0,0.25,0.756665286598355,0.18916632164958874,0.2582371626506209,-0.06907084100103217,0.18916632164958874,0.09458316082479437,
0,C,macro,REFUGE,delta_pre,POST_HOC_EXPLORATORY,336,336,336,0,DESCRIPTIVE,0.0470394102781844,0.10456767894596197,-0.5104475597441969,0.5034089767844705,-1.3538159972896366,-0.8073042002803296,34,210,125,1,0.25,0.047039410278184396,0.011759852569546099,0.04505902363938021,-0.03329917106983411,0.011759852569546099,0.0058799262847730495,
0,C,macro,REFUGE,delta_step,POST_HOC_EXPLORATORY,336,336,336,0,DESCRIPTIVE,-0.00010763876871376974,0.0016492836913997166,-0.025014025682008167,0.02611386486722722,-0.23356854829731333,-0.04530026458824565,34,177,159,0,0.25,-0.00010763876871376979,-2.6909692178442448e-05,0.0021584296014898804,-0.002185339293668323,-2.6909692178442448e-05,-1.3454846089221224e-05,
0,C,macro,REFUGE,delta_post,POST_HOC_EXPLORATORY,336,336,336,0,DESCRIPTIVE,0.04693177150947063,0.1020314972908345,-0.5024668954004774,0.49665297299486255,-1.3356165472482218,-0.8017931854819679,34,210,126,0,0.25,0.04693177150947063,0.011732942877367657,0.045406076276340655,-0.033673133398973,0.011732942877367657,0.005866471438683829,
0,C,macro,REFUGE_Valid,delta_pre,POST_HOC_EXPLORATORY,736,736,736,0,DESCRIPTIVE,-5.032839464562601,-5.1898453973473675,-6.371819218217244,-3.677997166192064,-7.9494689209965586,-6.704565418430793,74,4,732,0,0.25,-5.032839464562601,-1.2582098661406502,0.003513654495399334,-1.2617235206360495,-1.2582098661406502,-0.6291049330703251,
0,C,macro,REFUGE_Valid,delta_step,POST_HOC_EXPLORATORY,736,736,736,0,DESCRIPTIVE,-0.002239255538099903,-0.002205483549071019,-0.01754204232978651,0.012983450221101478,-0.14175049180428445,-0.03182110933717758,74,303,433,0,0.25,-0.002239255538099903,-0.0005598138845249758,0.001140926989723728,-0.0017007408742487037,-0.0005598138845249758,-0.0002799069422624879,
0,C,macro,REFUGE_Valid,delta_post,POST_HOC_EXPLORATORY,736,736,736,0,DESCRIPTIVE,-5.035078720100701,-5.201204472534025,-6.378037424683681,-3.688171970182987,-7.95917848331711,-6.701649769357168,74,4,732,0,0.25,-5.0350787201007,-1.258769680025175,0.0035111684162242233,-1.2622808484413994,-1.258769680025175,-0.6293848400125875,
0,R_SCALE,OD,Drishti_GS,delta_pre,POST_HOC_EXPLORATORY,37,37,37,0,DESCRIPTIVE,-0.059149789849668254,-0.036587594740765894,-0.20504482502659016,0.04876555641071434,-0.38049784765404127,-0.27653791169409914,4,14,23,0,0.25,-0.059149789849668254,-0.014787447462417063,0.004129625934860839,-0.018917073397277905,-0.007393723731208532,-0.003696861865604266,
0,R_SCALE,OD,Drishti_GS,delta_step,POST_HOC_EXPLORATORY,37,37,37,0,DESCRIPTIVE,0.00019538657169185762,-5.139856750702165e-05,-0.005907647573508257,0.006914614851808663,-0.014626238840307337,-0.011443271136268862,4,18,19,0,0.25,0.00019538657169185765,4.884664292296441e-05,0.0005971498825288093,-0.0005483032396058449,2.4423321461482206e-05,1.2211660730741103e-05,
0,R_SCALE,OD,Drishti_GS,delta_post,POST_HOC_EXPLORATORY,37,37,37,0,DESCRIPTIVE,-0.058954403277976394,-0.04084399685835649,-0.20532405649280747,0.05071815884468548,-0.39350344668831383,-0.28401711763199344,4,14,23,0,0.25,-0.058954403277976394,-0.014738600819494099,0.004165814220563295,-0.018904415040057392,-0.007369300409747049,-0.0036846502048735246,
0,R_SCALE,OD,ORIGA,delta_pre,POST_HOC_EXPLORATORY,586,586,586,0,DESCRIPTIVE,0.018670725715980007,0.018765344179811905,-0.6541161341506125,0.6287103280436597,-2.281575098912768,-1.0661144033997352,59,303,283,0,0.25,0.01867072571598001,0.004667681428995003,0.05447855211312831,-0.049810870684133306,0.0023338407144975013,0.0011669203572487507,
0,R_SCALE,OD,ORIGA,delta_step,POST_HOC_EXPLORATORY,586,586,586,0,DESCRIPTIVE,0.0027627308806891853,0.000691938221606847,-0.013670813957013195,0.02099586749432092,-0.515050483036319,-0.042233912147880096,59,316,270,0,0.25,0.0027627308806891853,0.0006906827201722963,0.00222903568447978,-0.0015383529643074837,0.00034534136008614817,0.00017267068004307408,
0,R_SCALE,OD,ORIGA,delta_post,POST_HOC_EXPLORATORY,586,586,586,0,DESCRIPTIVE,0.021433456596669193,0.02318775950556784,-0.6459489889787449,0.6419676645157111,-2.241645481231643,-1.0478436508194904,59,304,282,0,0.25,0.021433456596669193,0.005358364149167298,0.054336022446810496,-0.0489776582976432,0.002679182074583649,0.0013395910372918246,
0,R_SCALE,OD,REFUGE,delta_pre,POST_HOC_EXPLORATORY,336,336,336,0,DESCRIPTIVE,-0.6783526989693179,-0.4314531234479446,-2.056925099243365,0.12291529395226775,-3.175360280758298,-2.43894736585296,34,90,244,2,0.25,-0.6783526989693179,-0.16958817474232948,0.009866632354677789,-0.17945480709700729,-0.08479408737116474,-0.04239704368558237,
0,R_SCALE,OD,REFUGE,delta_step,POST_HOC_EXPLORATORY,336,336,336,0,DESCRIPTIVE,-0.0045106058247175495,-0.004291753119318287,-0.026944124780563072,0.01945721195114203,-0.3143467122611838,-0.04387667058081699,34,136,199,1,0.25,-0.004510605824717549,-0.0011276514561793871,0.0014096438737971617,-0.002537295329976549,-0.0005638257280896936,-0.0002819128640448468,
0,R_SCALE,OD,REFUGE,delta_post,POST_HOC_EXPLORATORY,336,336,336,0,DESCRIPTIVE,-0.6828633047940356,-0.4110342193148284,-2.0772310904162907,0.14216823251868504,-3.1901895515242273,-2.441092962605663,34,91,245,0,0.25,-0.6828633047940355,-0.17071582619850886,0.010107185231317546,-0.18082301142982643,-0.08535791309925443,-0.042678956549627216,
0,R_SCALE,OD,REFUGE_Valid,delta_pre,POST_HOC_EXPLORATORY,736,736,736,0,DESCRIPTIVE,-0.8270592866736806,-0.8346625275812727,-1.4407977158642353,-0.2423909090993206,-3.3917582942365954,-1.7693851129302245,74,30,706,0,0.25,-0.8270592866736806,-0.20676482166842014,0.006337514144389547,-0.21310233581280968,-0.10338241083421007,-0.051691205417105035,
0,R_SCALE,OD,REFUGE_Valid,delta_step,POST_HOC_EXPLORATORY,736,736,736,0,DESCRIPTIVE,0.0007574606204821653,0.0003895387807730799,-0.01665767378103311,0.016846829842265265,-0.12971526148693613,-0.028164939333657452,74,391,343,2,0.25,0.0007574606204821653,0.00018936515512054132,0.0014929253394623616,-0.0013035601843418203,9.468257756027066e-05,4.734128878013533e-05,
0,R_SCALE,OD,REFUGE_Valid,delta_post,POST_HOC_EXPLORATORY,736,736,736,0,DESCRIPTIVE,-0.8263018260531984,-0.8372349791889278,-1.4417540974769025,-0.2455163372879987,-3.213754444888835,-1.7628784942165554,74,31,705,0,0.25,-0.8263018260531984,-0.2065754565132996,0.006374087217464886,-0.21294954373076447,-0.1032877282566498,-0.0516438641283249,
0,R_SCALE,OC,Drishti_GS,delta_pre,POST_HOC_EXPLORATORY,37,37,37,0,DESCRIPTIVE,0.21549162449495127,0.41816824082478377,-0.8193007988236275,0.791071301575144,-0.9317755727044386,-0.8890498384898571,4,27,10,0,0.25,0.2154916244949513,0.053872906123737824,0.09494892048575397,-0.041076014362016154,0.026936453061868912,0.013468226530934456,
0,R_SCALE,OC,Drishti_GS,delta_step,POST_HOC_EXPLORATORY,37,37,37,0,DESCRIPTIVE,0.004601140923817197,4.4690877075481694e-05,-0.014615448481997362,0.02569789695858162,-0.051289916444545725,-0.02722693845960933,4,19,17,1,0.25,0.004601140923817197,0.0011502852309542993,0.00233294390217989,-0.0011826586712255904,0.0005751426154771497,0.00028757130773857483,
0,R_SCALE,OC,Drishti_GS,delta_post,POST_HOC_EXPLORATORY,37,37,37,0,DESCRIPTIVE,0.22009276541876846,0.40532078020676465,-0.8232444654235366,0.7998189887708435,-0.8930167552370278,-0.8681165178930925,4,26,11,0,0.25,0.2200927654187685,0.05502319135469212,0.09582305902582586,-0.04079986767113374,0.02751159567734606,0.01375579783867303,
0,R_SCALE,OC,ORIGA,delta_pre,POST_HOC_EXPLORATORY,586,586,586,0,DESCRIPTIVE,0.06064692288762141,0.05037926176370888,-1.0923267345409045,1.1612410480852766,-3.5495553622920255,-1.5586867129870046,59,310,276,0,0.25,0.06064692288762141,0.015161730721905353,0.10061546835272038,-0.08545373763081503,0.007580865360952677,0.0037904326804763383,
0,R_SCALE,OC,ORIGA,delta_step,POST_HOC_EXPLORATORY,586,586,586,0,DESCRIPTIVE,-0.001267577358478044,0.0018753596113398885,-0.0333556434569644,0.034138571549210184,-1.925768987849544,-0.1088808048552694,59,308,277,1,0.25,-0.0012675773584780439,-0.00031689433961951097,0.0035937839895620024,-0.0039106783291815135,-0.00015844716980975549,-7.922358490487774e-05,
0,R_SCALE,OC,ORIGA,delta_post,POST_HOC_EXPLORATORY,586,586,586,0,DESCRIPTIVE,0.05937934552914337,0.05584889218025069,-1.0946183840728239,1.1689353453897802,-3.243346337398421,-1.5562191208283755,59,314,272,0,0.25,0.05937934552914337,0.014844836382285842,0.09989597473209674,-0.0850511383498109,0.007422418191142921,0.0037112090955714605,
0,R_SCALE,OC,REFUGE,delta_pre,POST_HOC_EXPLORATORY,336,336,336,0,DESCRIPTIVE,0.2508319720189789,0.21155615012973072,-0.7650279435054799,1.3430298072300246,-2.2528927762955675,-1.3823417921265706,34,222,112,2,0.25,0.2508319720189789,0.06270799300474472,0.11431134565796063,-0.051603352653215896,0.03135399650237236,0.01567699825118618,
0,R_SCALE,OC,REFUGE,delta_step,POST_HOC_EXPLORATORY,336,336,336,0,DESCRIPTIVE,0.001938951444578272,0.00021006453434324612,-0.03905888700994353,0.050026807971846665,-0.15050507983701777,-0.062323334101046825,34,172,164,0,0.25,0.0019389514445782717,0.00048473786114456793,0.0037912891403434554,-0.0033065512791988876,0.00024236893057228397,0.00012118446528614198,
0,R_SCALE,OC,REFUGE,delta_post,POST_HOC_EXPLORATORY,336,336,336,0,DESCRIPTIVE,0.2527709234635572,0.22411634774582012,-0.769216401242943,1.365118190374119,-2.262647001583886,-1.3919155268251753,34,222,114,0,0.25,0.2527709234635572,0.0631927308658893,0.11496214960802109,-0.05176941874213179,0.03159636543294465,0.015798182716472323,
0,R_SCALE,OC,REFUGE_Valid,delta_pre,POST_HOC_EXPLORATORY,736,736,736,0,DESCRIPTIVE,-0.3869056555982812,-0.3916394740540561,-0.702009149479089,-0.1107883542391832,-1.320406250466121,-0.8568458365107922,74,29,707,0,0.25,-0.3869056555982812,-0.0967264138995703,0.0028358441272058237,-0.09956225802677612,-0.04836320694978515,-0.024181603474892576,
0,R_SCALE,OC,REFUGE_Valid,delta_step,POST_HOC_EXPLORATORY,736,736,736,0,DESCRIPTIVE,0.0008360370236736352,0.00011195570525046605,-0.015551258358396325,0.018839602230205088,-0.05833560627506529,-0.025510777234764297,74,395,330,11,0.25,0.0008360370236736352,0.0002090092559184088,0.0014675071715336998,-0.001258497915615291,0.0001045046279592044,5.22523139796022e-05,
0,R_SCALE,OC,REFUGE_Valid,delta_post,POST_HOC_EXPLORATORY,736,736,736,0,DESCRIPTIVE,-0.3860696185746076,-0.3869435229113236,-0.7005187329887725,-0.11682337648494467,-1.3124552081864636,-0.8543572823964929,74,29,707,0,0.25,-0.3860696185746076,-0.0965174046436519,0.002806849461550957,-0.09932425410520285,-0.04825870232182595,-0.024129351160912974,
0,R_SCALE,macro,Drishti_GS,delta_pre,POST_HOC_EXPLORATORY,37,37,37,0,DESCRIPTIVE,0.07817091732264152,0.1845094860920753,-0.4378901562120866,0.3982438637366897,-0.5726778935592627,-0.5226933273601331,4,25,12,0,0.25,0.07817091732264152,0.01954272933066038,0.044378628328334835,-0.024835898997674456,0.01954272933066038,0.00977136466533019,
0,R_SCALE,macro,Drishti_GS,delta_step,POST_HOC_EXPLORATORY,37,37,37,0,DESCRIPTIVE,0.0023982637477545274,0.0023130341906210106,-0.007154888291054817,0.012949555559028169,-0.026163175601134014,-0.01259435700379008,4,21,16,0,0.25,0.002398263747754528,0.000599565936938632,0.0013192762903022866,-0.0007197103533636547,0.000599565936938632,0.000299782968469316,
0,R_SCALE,macro,Drishti_GS,delta_post,POST_HOC_EXPLORATORY,37,37,37,0,DESCRIPTIVE,0.08056918107039604,0.18974673619295856,-0.4312861663027043,0.40910586970699964,-0.5613431336799124,-0.5147749393888086,4,25,12,0,0.25,0.08056918107039604,0.02014229526759901,0.04477162677697513,-0.02462933150937612,0.02014229526759901,0.010071147633799505,
0,R_SCALE,macro,ORIGA,delta_pre,POST_HOC_EXPLORATORY,586,586,586,0,DESCRIPTIVE,0.03965882430180071,0.06101681918284285,-0.7489379334506623,0.79966879695038,-2.5953738053779247,-1.1412431600259603,59,311,275,0,0.25,0.03965882430180071,0.009914706075450178,0.06781504558124368,-0.057900339505793506,0.009914706075450178,0.004957353037725089,
0,R_SCALE,macro,ORIGA,delta_step,POST_HOC_EXPLORATORY,586,586,586,0,DESCRIPTIVE,0.0007475767611055707,0.0009168768390459547,-0.01903429521104627,0.02156267072526319,-0.9074641714196297,-0.06543668048593307,59,311,275,0,0.25,0.0007475767611055709,0.00018689419027639274,0.0024686601712568643,-0.0022817659809804716,0.00018689419027639274,9.344709513819637e-05,
0,R_SCALE,macro,ORIGA,delta_post,POST_HOC_EXPLORATORY,586,586,586,0,DESCRIPTIVE,0.04040640106290628,0.0602307473877417,-0.727042418346354,0.7966568103675034,-2.4456787650096246,-1.1234961390348626,59,312,274,0,0.25,0.040406401062906286,0.010101600265726571,0.06740631832570065,-0.057304718059974086,0.010101600265726571,0.005050800132863286,
0,R_SCALE,macro,REFUGE,delta_pre,POST_HOC_EXPLORATORY,336,336,336,0,DESCRIPTIVE,-0.21376036347516952,-0.029224375068670483,-1.0489448083985096,0.26934135586562036,-2.6225234120121,-1.5991470127588248,34,157,178,1,0.25,-0.21376036347516952,-0.05344009086879238,0.02524212723366481,-0.0786822181024572,-0.05344009086879238,-0.02672004543439619,
0,R_SCALE,macro,REFUGE,delta_step,POST_HOC_EXPLORATORY,336,336,336,0,DESCRIPTIVE,-0.0012858271900696387,-0.001510975418348437,-0.02515979718256034,0.024266406732543544,-0.13790231323022084,-0.03977955833316414,34,157,179,0,0.25,-0.0012858271900696384,-0.0003214567975174096,0.001876605691470679,-0.0021980624889880885,-0.0003214567975174096,-0.0001607283987587048,
0,R_SCALE,macro,REFUGE,delta_post,POST_HOC_EXPLORATORY,336,336,336,0,DESCRIPTIVE,-0.21504619066523917,-0.03531343393582986,-1.0598584463229592,0.28866315385632646,-2.629260564639438,-1.604440360839428,34,157,179,0,0.25,-0.21504619066523917,-0.05376154766630979,0.025292218267684026,-0.07905376593399381,-0.05376154766630979,-0.026880773833154896,
0,R_SCALE,macro,REFUGE_Valid,delta_pre,POST_HOC_EXPLORATORY,736,736,736,0,DESCRIPTIVE,-0.6069824711359809,-0.6365094873196409,-1.0226353091122249,-0.20369061052987014,-1.6998853528218483,-1.1583263652794784,74,33,703,0,0.25,-0.6069824711359809,-0.15174561778399523,0.002838366239899505,-0.15458398402389473,-0.15174561778399523,-0.07587280889199761,
0,R_SCALE,macro,REFUGE_Valid,delta_step,POST_HOC_EXPLORATORY,736,736,736,0,DESCRIPTIVE,0.0007967488220779002,0.000850225964875051,-0.012690474918580108,0.013906862906800654,-0.06477367598191108,-0.0201522570593869,74,388,348,0,0.25,0.0007967488220779001,0.00019918720551947503,0.001154504357427281,-0.000955317151907806,0.00019918720551947503,9.959360275973752e-05,
0,R_SCALE,macro,REFUGE_Valid,delta_post,POST_HOC_EXPLORATORY,736,736,736,0,DESCRIPTIVE,-0.606185722313903,-0.6375699421622745,-1.024490742311066,-0.19925392864083769,-1.6088798575365146,-1.1553394847512624,74,33,703,0,0.25,-0.606185722313903,-0.15154643057847575,0.0028658337064473853,-0.15441226428492313,-0.15154643057847575,-0.07577321528923787,
0,R_SHUFFLE,OD,Drishti_GS,delta_pre,POST_HOC_EXPLORATORY,37,37,37,0,DESCRIPTIVE,-0.12881196669194983,-0.11716214463783103,-0.288932190488498,0.01539450753058416,-0.6221070061062051,-0.40241126949363704,4,5,32,0,0.25,-0.12881196669194986,-0.032202991672987465,0.001191419018322168,-0.03339441069130963,-0.016101495836493732,-0.008050747918246866,
0,R_SHUFFLE,OD,Drishti_GS,delta_step,POST_HOC_EXPLORATORY,37,37,37,0,DESCRIPTIVE,0.00042210979339727517,3.3650283057795605e-06,-0.007283707687381025,0.008189380399858235,-0.013359056455854557,-0.009398224858099269,4,19,18,0,0.25,0.00042210979339727517,0.00010552744834931879,0.0006117484850081904,-0.0005062210366588715,5.2763724174659397e-05,2.6381862087329698e-05,
0,R_SHUFFLE,OD,Drishti_GS,delta_post,POST_HOC_EXPLORATORY,37,37,37,0,DESCRIPTIVE,-0.12838985689855256,-0.10693509212765662,-0.2862778192705349,0.01420541015480977,-0.6300762567849887,-0.4036724085245531,4,5,32,0,0.25,-0.12838985689855256,-0.03209746422463814,0.001193328600549047,-0.03329079282518719,-0.01604873211231907,-0.008024366056159535,
0,R_SHUFFLE,OD,ORIGA,delta_pre,POST_HOC_EXPLORATORY,586,586,586,0,DESCRIPTIVE,-0.07659736652058438,-0.04553747778680872,-0.7427686421572943,0.4775717270215125,-2.470012505327986,-1.1993555179489899,59,269,317,0,0.25,-0.07659736652058438,-0.019149341630146095,0.03901685505689316,-0.058166196687039255,-0.009574670815073048,-0.004787335407536524,
0,R_SHUFFLE,OD,ORIGA,delta_step,POST_HOC_EXPLORATORY,586,586,586,0,DESCRIPTIVE,0.003227347339995727,0.0010149264530241453,-0.013319137288618776,0.01885183475503993,-0.4388928935536853,-0.03820246887196737,59,319,264,3,0.25,0.003227347339995727,0.0008068368349989318,0.0021946261905138333,-0.0013877893555149018,0.0004034184174994659,0.00020170920874973294,
0,R_SHUFFLE,OD,ORIGA,delta_post,POST_HOC_EXPLORATORY,586,586,586,0,DESCRIPTIVE,-0.07337001918058866,-0.04294948430622725,-0.7541861015062352,0.4780292722423596,-2.422164676394928,-1.1778205394313834,59,272,314,0,0.25,-0.07337001918058866,-0.018342504795147166,0.03887265450598148,-0.057215159301128644,-0.009171252397573583,-0.0045856261987867915,
0,R_SHUFFLE,OD,REFUGE,delta_pre,POST_HOC_EXPLORATORY,336,336,336,0,DESCRIPTIVE,-0.7340466969934788,-0.4294603524847673,-2.191433732255817,0.11473195529789137,-3.4099833218506177,-2.585771730650881,34,88,247,1,0.25,-0.7340466969934788,-0.1835116742483697,0.009374392285755333,-0.19288606653412502,-0.09175583712418485,-0.045877918562092425,
0,R_SHUFFLE,OD,REFUGE,delta_step,POST_HOC_EXPLORATORY,336,336,336,0,DESCRIPTIVE,-0.006009408784864038,-0.006047642464622527,-0.0257324740411633,0.01585934522216803,-0.27802722617552433,-0.04178373629583752,34,110,226,0,0.25,-0.006009408784864037,-0.0015023521962160094,0.0010896844369012513,-0.0025920366331172607,-0.0007511760981080047,-0.00037558804905400234,
0,R_SHUFFLE,OD,REFUGE,delta_post,POST_HOC_EXPLORATORY,336,336,336,0,DESCRIPTIVE,-0.7400561057783428,-0.4335954037213483,-2.2065947599623357,0.12000507149955553,-3.3992425270563587,-2.5892495757198546,34,87,249,0,0.25,-0.7400561057783428,-0.1850140264445857,0.00945451109281945,-0.19446853753740515,-0.09250701322229285,-0.046253506611146425,
0,R_SHUFFLE,OD,REFUGE_Valid,delta_pre,POST_HOC_EXPLORATORY,736,736,736,0,DESCRIPTIVE,-0.4439882262319402,-0.4533485992000692,-1.0188916249531843,0.08903975877398551,-2.4840249107297296,-1.3094007763347013,74,120,615,1,0.25,-0.4439882262319402,-0.11099705655798504,0.013384555136943779,-0.12438161169492881,-0.05549852827899252,-0.02774926413949626,
0,R_SHUFFLE,OD,REFUGE_Valid,delta_step,POST_HOC_EXPLORATORY,736,736,736,0,DESCRIPTIVE,0.0015516997619091644,0.0008103126993717069,-0.01358145111374398,0.016901558494087254,-0.09875294461861017,-0.025475264957978194,74,392,344,0,0.25,0.0015516997619091644,0.0003879249404772911,0.0015376421606301356,-0.0011497172201528445,0.00019396247023864555,9.698123511932277e-05,
0,R_SHUFFLE,OD,REFUGE_Valid,delta_post,POST_HOC_EXPLORATORY,736,736,736,0,DESCRIPTIVE,-0.442436526470031,-0.45427326501675225,-1.0247766203550412,0.09129662719078269,-2.3707814197312302,-1.2997955910426735,74,119,617,0,0.25,-0.442436526470031,-0.11060913161750775,0.013443161337918508,-0.12405229295542626,-0.055304565808753876,-0.027652282904376938,
0,R_SHUFFLE,OC,Drishti_GS,delta_pre,POST_HOC_EXPLORATORY,37,37,37,0,DESCRIPTIVE,0.22571746917168833,0.3838021533681797,-0.6019649158607592,0.6894231089442284,-0.7257414438796772,-0.6780429843630813,4,26,11,0,0.25,0.22571746917168836,0.05642936729292209,0.08826189587053339,-0.031832528577611305,0.028214683646461045,0.014107341823230523,
0,R_SHUFFLE,OC,Drishti_GS,delta_step,POST_HOC_EXPLORATORY,37,37,37,0,DESCRIPTIVE,0.007163540258169121,0.0055506435381857955,-0.009989354959500929,0.030712720061481485,-0.026470837861381824,-0.015919014944044463,4,23,14,0,0.25,0.007163540258169121,0.0017908850645422802,0.002587242339512274,-0.0007963572749699941,0.0008954425322711401,0.00044772126613557006,
0,R_SHUFFLE,OC,Drishti_GS,delta_post,POST_HOC_EXPLORATORY,37,37,37,0,DESCRIPTIVE,0.23288100942985746,0.3803041411410959,-0.5745396817051442,0.6918636955118854,-0.7183272782703014,-0.655199324246805,4,26,11,0,0.25,0.23288100942985748,0.05822025235746437,0.0890440834075431,-0.03082383105007874,0.029110126178732185,0.014555063089366093,
0,R_SHUFFLE,OC,ORIGA,delta_pre,POST_HOC_EXPLORATORY,586,586,586,0,DESCRIPTIVE,0.06249455307237958,0.043751494794094015,-1.0837445154211842,1.1730099026225531,-3.2695008097176697,-1.5430445550744147,59,299,287,0,0.25,0.06249455307237958,0.015623638268094896,0.09884520700308669,-0.08322156873499179,0.007811819134047448,0.003905909567023724,
0,R_SHUFFLE,OC,ORIGA,delta_step,POST_HOC_EXPLORATORY,586,586,586,0,DESCRIPTIVE,-0.002845027408664275,0.00024156070777081595,-0.03646769591303567,0.03098300054097436,-1.9772050328599988,-0.1156154737152193,59,297,287,2,0.25,-0.0028450274086642747,-0.0007112568521660687,0.0034868773834379712,-0.00419813423560404,-0.00035562842608303434,-0.00017781421304151717,
0,R_SHUFFLE,OC,ORIGA,delta_post,POST_HOC_EXPLORATORY,586,586,586,0,DESCRIPTIVE,0.05964952566371531,0.03087405982127578,-1.071001914097046,1.173734065058511,-2.9636026810710234,-1.5399013725581514,59,303,283,0,0.25,0.059649525663715314,0.014912381415928828,0.09764947770541269,-0.08273709628948385,0.007456190707964414,0.003728095353982207,
0,R_SHUFFLE,OC,REFUGE,delta_pre,POST_HOC_EXPLORATORY,336,336,336,0,DESCRIPTIVE,0.2725658114760775,0.2294860000611223,-0.8086762239739613,1.379402355285535,-2.3874349880056087,-1.4501095239613448,34,222,112,2,0.25,0.2725658114760775,0.06814145286901938,0.12143554211482373,-0.05329408924580435,0.03407072643450969,0.017035363217254844,
0,R_SHUFFLE,OC,REFUGE,delta_step,POST_HOC_EXPLORATORY,336,336,336,0,DESCRIPTIVE,0.0018569279292519297,0.002691273692207119,-0.04281174814609301,0.04691251851163969,-0.13318356896537864,-0.0623330675879572,34,182,154,0,0.25,0.0018569279292519297,0.00046423198231298243,0.003694465846097101,-0.0032302338637841183,0.00023211599115649121,0.00011605799557824561,
0,R_SHUFFLE,OC,REFUGE,delta_post,POST_HOC_EXPLORATORY,336,336,336,0,DESCRIPTIVE,0.27442273940532946,0.24109201617227427,-0.791146997214554,1.4447711545081887,-2.3737899153556015,-1.4670805104385987,34,224,112,0,0.25,0.27442273940532946,0.06860568485133237,0.1224149879579575,-0.053809303106625135,0.03430284242566618,0.01715142121283309,
0,R_SHUFFLE,OC,REFUGE_Valid,delta_pre,POST_HOC_EXPLORATORY,736,736,736,0,DESCRIPTIVE,-0.20910259889942084,-0.20559466948661864,-0.4843739429798717,0.03394255690499648,-1.196026662430242,-0.6447922320433677,74,102,633,1,0.25,-0.20910259889942084,-0.05227564972485521,0.0050450958936467975,-0.057320745618502006,-0.026137824862427605,-0.013068912431213803,
0,R_SHUFFLE,OC,REFUGE_Valid,delta_step,POST_HOC_EXPLORATORY,736,736,736,0,DESCRIPTIVE,0.0007775567247703409,4.9975912144617496e-05,-0.015381519369480401,0.01757209328699716,-0.09013054665046383,-0.024680092436628526,74,383,343,10,0.25,0.0007775567247703409,0.0001943891811925852,0.001461584512436114,-0.001267195331243529,9.71945905962926e-05,4.85972952981463e-05,
0,R_SHUFFLE,OC,REFUGE_Valid,delta_post,POST_HOC_EXPLORATORY,736,736,736,0,DESCRIPTIVE,-0.2083250421746505,-0.20302131185641414,-0.47893542610795947,0.04092824518215821,-1.1220747825968687,-0.6418385842320803,74,106,627,3,0.25,-0.2083250421746505,-0.052081260543662626,0.005032529316712636,-0.05711378986037526,-0.026040630271831313,-0.013020315135915657,
0,R_SHUFFLE,macro,Drishti_GS,delta_pre,POST_HOC_EXPLORATORY,37,37,37,0,DESCRIPTIVE,0.04845275123986925,0.12505344853655487,-0.32594821919580425,0.3355620993946089,-0.5003715145265346,-0.41431590837596843,4,25,12,0,0.25,0.04845275123986925,0.012113187809967313,0.033637314189345444,-0.02152412637937813,0.012113187809967313,0.0060565939049836565,
0,R_SHUFFLE,macro,Drishti_GS,delta_step,POST_HOC_EXPLORATORY,37,37,37,0,DESCRIPTIVE,0.003792825025783198,0.0034461289733087597,-0.007736508635034056,0.01425619339519386,-0.013906178999249619,-0.010576061779589807,4,24,13,0,0.25,0.003792825025783198,0.0009482062564457995,0.0014780653641574084,-0.0005298591077116088,0.0009482062564457995,0.00047410312822289977,
0,R_SHUFFLE,macro,Drishti_GS,delta_post,POST_HOC_EXPLORATORY,37,37,37,0,DESCRIPTIVE,0.052245576265652446,0.12638602582956793,-0.31841031587510144,0.3382439600838139,-0.47042020377802984,-0.398980600508164,4,26,11,0,0.25,0.052245576265652446,0.013061394066413112,0.03397382192468763,-0.02091242785827452,0.013061394066413112,0.006530697033206556,
0,R_SHUFFLE,macro,ORIGA,delta_pre,POST_HOC_EXPLORATORY,586,586,586,0,DESCRIPTIVE,-0.007051406724102402,-0.0011831504052608466,-0.7313734650579562,0.706254907868523,-2.348149532360061,-1.1801375283294169,59,293,293,0,0.25,-0.0070514067241024,-0.0017628516810256,0.059066244417810304,-0.060829096098835904,-0.0017628516810256,-0.0008814258405128,
0,R_SHUFFLE,macro,ORIGA,delta_step,POST_HOC_EXPLORATORY,586,586,586,0,DESCRIPTIVE,0.00019115996566572608,0.0012270634060307373,-0.019643173018195625,0.020502917277347876,-0.9101259672519717,-0.06396065294252398,59,310,276,0,0.25,0.00019115996566572622,4.7789991416431555e-05,0.0023577136589664556,-0.002309923667550024,4.7789991416431555e-05,2.3894995708215777e-05,
0,R_SHUFFLE,macro,ORIGA,delta_post,POST_HOC_EXPLORATORY,586,586,586,0,DESCRIPTIVE,-0.006860246758436676,-0.007533672004804259,-0.7163018770567078,0.7465866577727844,-2.2317371775003707,-1.162692479110811,59,290,296,0,0.25,-0.0068602467584366784,-0.0017150616896091696,0.05853933615466382,-0.06025439784427299,-0.0017150616896091696,-0.0008575308448045848,
0,R_SHUFFLE,macro,REFUGE,delta_pre,POST_HOC_EXPLORATORY,336,336,336,0,DESCRIPTIVE,-0.23074044275870062,-0.034474368223452956,-1.1307384808245224,0.28294642752116417,-2.710958563915085,-1.692500827889116,34,158,177,1,0.25,-0.23074044275870062,-0.057685110689675155,0.025978875259464,-0.08366398594913915,-0.057685110689675155,-0.028842555344837578,
0,R_SHUFFLE,macro,REFUGE,delta_step,POST_HOC_EXPLORATORY,336,336,336,0,DESCRIPTIVE,-0.002076240427806054,-0.0018517088842386897,-0.026391074843697737,0.02028198109268331,-0.10145047874260626,-0.0385983550212271,34,158,178,0,0.25,-0.002076240427806054,-0.0005190601069515135,0.0016684656587119685,-0.002187525765663482,-0.0005190601069515135,-0.00025953005347575676,
0,R_SHUFFLE,macro,REFUGE,delta_post,POST_HOC_EXPLORATORY,336,336,336,0,DESCRIPTIVE,-0.2328166831865067,-0.04114940327138328,-1.1598225161914755,0.2809567648173612,-2.740169139062104,-1.7021653674400308,34,158,178,0,0.25,-0.23281668318650667,-0.05820417079662667,0.02594219112938931,-0.08414636192601598,-0.05820417079662667,-0.029102085398313333,
0,R_SHUFFLE,macro,REFUGE_Valid,delta_pre,POST_HOC_EXPLORATORY,736,736,736,0,DESCRIPTIVE,-0.32654541256568054,-0.3526382714366072,-0.7110038036518649,0.06188018380463056,-1.2040207985756517,-0.845871709128657,74,106,630,0,0.25,-0.3265454125656805,-0.08163635314142012,0.007211724054917528,-0.08884807719633765,-0.08163635314142012,-0.04081817657071006,
0,R_SHUFFLE,macro,REFUGE_Valid,delta_step,POST_HOC_EXPLORATORY,736,736,736,0,DESCRIPTIVE,0.0011646282433397527,0.0007155337246693705,-0.011153079249540454,0.013673133273218951,-0.055967368409916673,-0.018050449662698226,74,398,338,0,0.25,0.0011646282433397524,0.0002911570608349381,0.0011506338895328815,-0.0008594768286979432,0.0002911570608349381,0.00014557853041746906,
0,R_SHUFFLE,macro,REFUGE_Valid,delta_post,POST_HOC_EXPLORATORY,736,736,736,0,DESCRIPTIVE,-0.32538078432234074,-0.34681809269279285,-0.7035229691113631,0.06159196249830323,-1.2228629538116742,-0.8419197549330382,74,107,629,0,0.25,-0.32538078432234074,-0.08134519608058519,0.007240259016464956,-0.08858545509705014,-0.08134519608058519,-0.04067259804029259,
1,C,OD,Drishti_GS,delta_pre,POST_HOC_EXPLORATORY,37,37,37,0,DESCRIPTIVE,0.40396806219045533,0.4198259477872881,0.0997715967577875,0.6971560943645101,0.007051590773315297,0.0633125583152534,4,37,0,0,0.25,0.40396806219045533,0.10099201554761383,0.10099201554761383,0.0,0.05049600777380692,0.02524800388690346,
1,C,OD,Drishti_GS,delta_step,POST_HOC_EXPLORATORY,37,37,37,0,DESCRIPTIVE,0.005165511810964453,0.004376378568181849,-0.00943535396625066,0.018959010521083997,-0.030271414025378363,-0.018761177595759904,4,25,12,0,0.25,0.005165511810964453,0.0012913779527411132,0.00203969853914326,-0.0007483205864021466,0.0006456889763705566,0.0003228444881852783,
1,C,OD,Drishti_GS,delta_post,POST_HOC_EXPLORATORY,37,37,37,0,DESCRIPTIVE,0.40913357400141975,0.4182162236870681,0.11447361942629755,0.7050904293106043,0.015205296625694587,0.07317645408859974,4,37,0,0,0.25,0.4091335740014198,0.10228339350035495,0.10228339350035495,0.0,0.051141696750177476,0.025570848375088738,
1,C,OD,ORIGA,delta_pre,POST_HOC_EXPLORATORY,586,586,586,0,DESCRIPTIVE,0.04466634836831855,0.0672914662537707,-0.8878116225355512,0.8918550547068307,-2.539574864386381,-1.4145707873916789,59,323,263,0,0.25,0.04466634836831855,0.011166587092079638,0.07284247890490778,-0.061675891812828135,0.005583293546039819,0.0027916467730199094,
1,C,OD,ORIGA,delta_step,POST_HOC_EXPLORATORY,586,586,586,0,DESCRIPTIVE,0.0034008591054642107,0.0018163869971061786,-0.01334984013286089,0.024929394670209604,-0.2529973903071152,-0.03584997148725728,59,333,253,0,0.25,0.0034008591054642107,0.0008502147763660527,0.00217358601404825,-0.0013233712376821971,0.00042510738818302634,0.00021255369409151317,
1,C,OD,ORIGA,delta_post,POST_HOC_EXPLORATORY,586,586,586,0,DESCRIPTIVE,0.048067207473782764,0.0620950856688296,-0.890987497809931,0.8917573867818973,-2.5057066430175894,-1.392941001770466,59,328,258,0,0.25,0.048067207473782764,0.012016801868445691,0.07283785992503068,-0.060821058056585,0.0060084009342228455,0.0030042004671114227,
1,C,OD,REFUGE,delta_pre,POST_HOC_EXPLORATORY,336,336,336,0,DESCRIPTIVE,-0.18021503001815337,-0.20616486952930302,-0.6378627679125088,0.3339401128933943,-1.3050642051466639,-0.8041662357385178,34,95,241,0,0.25,-0.18021503001815337,-0.04505375750453834,0.021250019831476397,-0.06630377733601474,-0.02252687875226917,-0.011263439376134585,
1,C,OD,REFUGE,delta_step,POST_HOC_EXPLORATORY,336,336,336,0,DESCRIPTIVE,-0.0016398142457313362,-0.0008795613020495807,-0.012224086672176782,0.00904001980127589,-0.04652063809638207,-0.019226294440104354,34,157,179,0,0.25,-0.001639814245731336,-0.000409953561432834,0.0006385824165541284,-0.0010485359779869624,-0.000204976780716417,-0.0001024883903582085,
1,C,OD,REFUGE,delta_post,POST_HOC_EXPLORATORY,336,336,336,0,DESCRIPTIVE,-0.1818548442638847,-0.20926088950518817,-0.6477433134517625,0.33809595452743935,-1.3052320481327087,-0.8056600542690717,34,95,241,0,0.25,-0.1818548442638847,-0.04546371106597118,0.02099784021688701,-0.06646155128285819,-0.02273185553298559,-0.011365927766492794,
1,C,OD,REFUGE_Valid,delta_pre,POST_HOC_EXPLORATORY,736,736,736,0,DESCRIPTIVE,1.323131228012075,0.6518207405125978,-0.8039873506156923,4.531569707128362,-4.167415666179565,-1.4591603579139116,74,504,232,0,0.25,1.323131228012075,0.33078280700301876,0.38886853792615766,-0.05808573092313888,0.16539140350150938,0.08269570175075469,
1,C,OD,REFUGE_Valid,delta_step,POST_HOC_EXPLORATORY,736,736,736,0,DESCRIPTIVE,0.005318609506759867,0.007009613749239918,-0.02400326622731086,0.037216143302579496,-0.45105411820922825,-0.08020176330546823,74,474,262,0,0.25,0.005318609506759867,0.0013296523766899667,0.003955611308688416,-0.00262595893199845,0.0006648261883449834,0.0003324130941724917,
1,C,OD,REFUGE_Valid,delta_post,POST_HOC_EXPLORATORY,736,736,736,0,DESCRIPTIVE,1.328449837518835,0.6491715498200819,-0.8203599526235621,4.567253158487549,-4.157188061121374,-1.4506859097869074,74,501,235,0,0.25,1.328449837518835,0.33211245937970874,0.39015744031757926,-0.05804498093787054,0.16605622968985437,0.08302811484492718,
1,C,OC,Drishti_GS,delta_pre,POST_HOC_EXPLORATORY,37,37,37,0,DESCRIPTIVE,0.29391043685617674,0.3409265387584455,-0.021931333705137487,0.681275939184897,-0.7156356922103981,-0.22458052924518768,4,31,6,0,0.25,0.29391043685617674,0.07347760921404418,0.07977172705895984,-0.006294117844915651,0.03673880460702209,0.018369402303511046,
1,C,OC,Drishti_GS,delta_step,POST_HOC_EXPLORATORY,37,37,37,0,DESCRIPTIVE,0.010304819439113063,0.016530837131867315,-0.033099959363495655,0.04301251106293477,-0.05525083414383403,-0.04644312692289354,4,21,15,1,0.25,0.010304819439113065,0.0025762048597782663,0.004671171377369829,-0.0020949665175915627,0.0012881024298891331,0.0006440512149445666,
1,C,OC,Drishti_GS,delta_post,POST_HOC_EXPLORATORY,37,37,37,0,DESCRIPTIVE,0.30421525629528984,0.340870692564458,-0.020771084592612253,0.676512102277016,-0.721940658231091,-0.2193727514548076,4,32,5,0,0.25,0.30421525629528984,0.07605381407382246,0.0820939332050932,-0.0060401191312707435,0.03802690703691123,0.019013453518455615,
1,C,OC,ORIGA,delta_pre,POST_HOC_EXPLORATORY,586,586,586,0,DESCRIPTIVE,-0.3084748056750019,-0.2288837439141389,-2.128056236287133,1.319664101907815,-7.257534597407695,-3.063978452396648,59,245,341,0,0.25,-0.3084748056750019,-0.07711870141875048,0.10318344108257761,-0.1803021425013281,-0.03855935070937524,-0.01927967535468762,
1,C,OC,ORIGA,delta_step,POST_HOC_EXPLORATORY,586,586,586,0,DESCRIPTIVE,0.0008087215612598959,0.0017422585548203529,-0.036423146861494615,0.04304500752505547,-1.4455794902115713,-0.09343629474460263,59,307,279,0,0.25,0.0008087215612598959,0.00020218039031497396,0.0039412822303031714,-0.003739101839988198,0.00010109019515748698,5.054509757874349e-05,
1,C,OC,ORIGA,delta_post,POST_HOC_EXPLORATORY,586,586,586,0,DESCRIPTIVE,-0.307666084113742,-0.2490057071967584,-2.1120724453726467,1.2960272039788165,-6.700812616880487,-3.048095449467369,59,250,336,0,0.25,-0.307666084113742,-0.0769165210284355,0.10268646306497162,-0.17960298409340714,-0.03845826051421775,-0.019229130257108876,
1,C,OC,REFUGE,delta_pre,POST_HOC_EXPLORATORY,336,336,336,0,DESCRIPTIVE,-0.9583952289418589,-1.17145831373481,-2.487481008528306,0.942556087745885,-3.5147828722597296,-2.7930994794143467,34,70,266,0,0.25,-0.9583952289418588,-0.2395988072354647,0.05342176554274343,-0.29302057277820814,-0.11979940361773235,-0.059899701808866175,
1,C,OC,REFUGE,delta_step,POST_HOC_EXPLORATORY,336,336,336,0,DESCRIPTIVE,-0.001313050987194861,0.0001937732701975392,-0.026594300763896683,0.02244920148407914,-0.06375978549924355,-0.039621932374830034,34,171,161,4,0.25,-0.0013130509871948609,-0.0003282627467987152,0.0016914906834960446,-0.00201975343029476,-0.0001641313733993576,-8.20656866996788e-05,
1,C,OC,REFUGE,delta_post,POST_HOC_EXPLORATORY,336,336,336,0,DESCRIPTIVE,-0.9597082799290537,-1.1769859162665384,-2.4768408422677624,0.9586311833219554,-3.578542657758973,-2.8024515226208493,34,71,265,0,0.25,-0.9597082799290537,-0.23992706998226343,0.053849689507187604,-0.29377675948945103,-0.11996353499113172,-0.05998176749556586,
1,C,OC,REFUGE_Valid,delta_pre,POST_HOC_EXPLORATORY,736,736,736,0,DESCRIPTIVE,1.2852116728228362,0.8637033095185664,-0.5878162336154524,3.7962690888548956,-3.8876904723703376,-0.997460920346538,74,538,198,0,0.25,1.285211672822836,0.321302918205709,0.3584827557432369,-0.037179837537527884,0.1606514591028545,0.08032572955142725,
1,C,OC,REFUGE_Valid,delta_step,POST_HOC_EXPLORATORY,736,736,736,0,DESCRIPTIVE,0.006628788886998355,0.005649904597799349,-0.030536857474341872,0.03998585620658446,-0.1815208082458497,-0.05313366041529074,74,438,291,7,0.25,0.006628788886998355,0.0016571972217495888,0.0038350362025046116,-0.0021778389807550224,0.0008285986108747944,0.0004142993054373972,
1,C,OC,REFUGE_Valid,delta_post,POST_HOC_EXPLORATORY,736,736,736,0,DESCRIPTIVE,1.2918404617098345,0.8899846920285341,-0.5644507669597552,3.812482973589283,-3.883514137335453,-0.9962588286325165,74,538,198,0,0.25,1.2918404617098345,0.3229601154274586,0.3597860098521029,-0.036825894424644304,0.1614800577137293,0.08074002885686465,
1,C,macro,Drishti_GS,delta_pre,POST_HOC_EXPLORATORY,37,37,37,0,DESCRIPTIVE,0.348939249523316,0.35449409834764367,0.07746400800592426,0.5957042959962606,-0.08499963686965373,0.011757340760437884,4,36,1,0,0.25,0.34893924952331606,0.08723481238082902,0.08780913425156991,-0.0005743218707409036,0.08723481238082902,0.04361740619041451,
1,C,macro,Drishti_GS,delta_step,POST_HOC_EXPLORATORY,37,37,37,0,DESCRIPTIVE,0.007735165625038758,0.007389540812418716,-0.018270576029722464,0.027402248287653207,-0.030686289113972975,-0.02365534818812076,4,25,12,0,0.25,0.007735165625038758,0.0019337914062596895,0.0030050123927178036,-0.0010712209864581139,0.0019337914062596895,0.0009668957031298448,
1,C,macro,Drishti_GS,delta_post,POST_HOC_EXPLORATORY,37,37,37,0,DESCRIPTIVE,0.3566744151483548,0.3666376526627495,0.09563737629181475,0.5967497869967303,-0.09255383074334844,0.014029883063646942,4,36,1,0,0.25,0.3566744151483548,0.0891686037870887,0.08979396750832755,-0.0006253637212388409,0.0891686037870887,0.04458430189354435,
1,C,macro,ORIGA,delta_pre,POST_HOC_EXPLORATORY,586,586,586,0,DESCRIPTIVE,-0.13190422865334167,-0.05061375326566875,-1.393197727918027,0.9911198065789062,-4.388160772862973,-2.023394817993336,59,271,315,0,0.25,-0.13190422865334167,-0.03297605716333542,0.07537098869801107,-0.10834704586134648,-0.03297605716333542,-0.01648802858166771,
1,C,macro,ORIGA,delta_step,POST_HOC_EXPLORATORY,586,586,586,0,DESCRIPTIVE,0.0021047903333620533,0.0013880701393453876,-0.01963075449039664,0.02674106690287026,-0.8492884402593432,-0.05572829872289996,59,313,273,0,0.25,0.0021047903333620533,0.0005261975833405133,0.00264537410603492,-0.0021191765226944064,0.0005261975833405133,0.00026309879167025666,
1,C,macro,ORIGA,delta_post,POST_HOC_EXPLORATORY,586,586,586,0,DESCRIPTIVE,-0.12979943831997962,-0.056412015096666934,-1.3873707509673778,0.9859056942479469,-4.086709064398079,-2.001683311913314,59,273,313,0,0.25,-0.12979943831997962,-0.032449859579994904,0.07521351009397738,-0.10766336967397229,-0.032449859579994904,-0.016224929789997452,
1,C,macro,REFUGE,delta_pre,POST_HOC_EXPLORATORY,336,336,336,0,DESCRIPTIVE,-0.5693051294800061,-0.6455772530638093,-1.417981589563997,0.48036432302611587,-2.1262888097425403,-1.6529000765606534,34,75,261,0,0.25,-0.5693051294800061,-0.14232628237000153,0.026968993557261706,-0.16929527592726323,-0.14232628237000153,-0.07116314118500076,
1,C,macro,REFUGE,delta_step,POST_HOC_EXPLORATORY,336,336,336,0,DESCRIPTIVE,-0.0014764326164630986,-0.0003802419422385128,-0.01644369275252444,0.01040116995454099,-0.036506325028440756,-0.02225757177016811,34,162,174,0,0.25,-0.0014764326164630984,-0.0003691081541157746,0.0008854100750554689,-0.0012545182291712434,-0.0003691081541157746,-0.0001845540770578873,
1,C,macro,REFUGE,delta_post,POST_HOC_EXPLORATORY,336,336,336,0,DESCRIPTIVE,-0.5707815620964692,-0.6476652783482955,-1.4222116700993404,0.47027088865870326,-2.157197202009087,-1.6584018345299516,34,74,262,0,0.25,-0.5707815620964692,-0.1426953905241173,0.02707821643974495,-0.16977360696386226,-0.1426953905241173,-0.07134769526205866,
1,C,macro,REFUGE_Valid,delta_pre,POST_HOC_EXPLORATORY,736,736,736,0,DESCRIPTIVE,1.3041714504174557,0.7622692751226907,-0.6281256696795978,4.039251603301105,-3.578396327012868,-0.956405885796609,74,518,218,0,0.25,1.3041714504174555,0.3260428626043639,0.36612835866227417,-0.040085496057910244,0.3260428626043639,0.16302143130218194,
1,C,macro,REFUGE_Valid,delta_step,POST_HOC_EXPLORATORY,736,736,736,0,DESCRIPTIVE,0.005973699196879111,0.0064510281231449085,-0.017676284308672408,0.030025513536653392,-0.2095688666531217,-0.048665027744651625,74,490,246,0,0.25,0.005973699196879111,0.0014934247992197777,0.0031552874229076587,-0.001661862623687881,0.0014934247992197777,0.0007467123996098889,
1,C,macro,REFUGE_Valid,delta_post,POST_HOC_EXPLORATORY,736,736,736,0,DESCRIPTIVE,1.3101451496143348,0.7765261449308696,-0.6112006873490063,4.052189599386656,-3.584230944284709,-0.952838398298921,74,521,215,0,0.25,1.3101451496143348,0.3275362874035837,0.36748135587436864,-0.03994506847078495,0.3275362874035837,0.16376814370179185,
1,R_SCALE,OD,Drishti_GS,delta_pre,POST_HOC_EXPLORATORY,37,37,37,0,DESCRIPTIVE,0.21935828977114658,0.2171019923924007,0.07491375735793895,0.38193251896937847,-0.018352076211954227,0.03253877836767316,4,36,1,0,0.25,0.21935828977114658,0.054839572442786644,0.054963572957732285,-0.00012400051494563667,0.027419786221393322,0.013709893110696661,
1,R_SCALE,OD,Drishti_GS,delta_step,POST_HOC_EXPLORATORY,37,37,37,0,DESCRIPTIVE,0.004519979905378047,0.005728094332553724,-0.013781806528103856,0.021685979384216125,-0.029888045827902943,-0.021260221194854267,4,25,12,0,0.25,0.004519979905378047,0.0011299949763445118,0.002051067201670674,-0.0009210722253261619,0.0005649974881722559,0.00028249874408612795,
1,R_SCALE,OD,Drishti_GS,delta_post,POST_HOC_EXPLORATORY,37,37,37,0,DESCRIPTIVE,0.2238782696765246,0.21678392966063598,0.06339734846547174,0.38063722788243404,-0.011456945873177915,0.03337749791937483,4,36,1,0,0.25,0.22387826967652463,0.05596956741913116,0.05604697921557155,-7.741179644039132e-05,0.02798478370956558,0.01399239185478279,
1,R_SCALE,OD,ORIGA,delta_pre,POST_HOC_EXPLORATORY,586,586,586,0,DESCRIPTIVE,0.31386143268487576,0.33996762913999845,-1.5465952607259084,2.1368371186101385,-4.372402378379604,-2.2813538140021343,59,350,236,0,0.25,0.31386143268487576,0.07846535817121894,0.18588873202095513,-0.10742337384973617,0.03923267908560947,0.019616339542804735,
1,R_SCALE,OD,ORIGA,delta_step,POST_HOC_EXPLORATORY,586,586,586,0,DESCRIPTIVE,0.0047140771359891484,0.00245048637216172,-0.014851761938530217,0.022382872411498056,-0.08386363250116347,-0.02815137724854653,59,344,241,1,0.25,0.0047140771359891484,0.0011785192839972871,0.002263332196608671,-0.001084812912611384,0.0005892596419986436,0.0002946298209993218,
1,R_SCALE,OD,ORIGA,delta_post,POST_HOC_EXPLORATORY,586,586,586,0,DESCRIPTIVE,0.3185755098208649,0.3397221469605185,-1.5514901344546956,2.1467212575162335,-4.383320977126999,-2.2659054163442427,59,350,236,0,0.25,0.3185755098208649,0.07964387745521623,0.1860687661891568,-0.10642488873394057,0.039821938727608114,0.019910969363804057,
1,R_SCALE,OD,REFUGE,delta_pre,POST_HOC_EXPLORATORY,336,336,336,0,DESCRIPTIVE,0.8343209815672162,0.7665626567404473,-1.2020122877746289,2.882456247625491,-2.865960058742246,-1.7901884497631912,34,220,116,0,0.25,0.8343209815672161,0.20858024539180403,0.28802774704742795,-0.07944750165562393,0.10429012269590202,0.05214506134795101,
1,R_SCALE,OD,REFUGE,delta_step,POST_HOC_EXPLORATORY,336,336,336,0,DESCRIPTIVE,-0.000689605653694184,-0.0008418549067314984,-0.011840159225606328,0.010994556613184159,-0.035934133668376944,-0.01793304612970684,34,152,181,3,0.25,-0.0006896056536941839,-0.00017240141342354597,0.0008234578355452504,-0.0009958592489687963,-8.620070671177299e-05,-4.310035335588649e-05,
1,R_SCALE,OD,REFUGE,delta_post,POST_HOC_EXPLORATORY,336,336,336,0,DESCRIPTIVE,0.833631375913522,0.7748976716820408,-1.2039610463741255,2.8895594863428045,-2.8482827958324037,-1.788237719221713,34,219,117,0,0.25,0.833631375913522,0.2084078439783805,0.28781508322849536,-0.07940723925011486,0.10420392198919025,0.052101960994595124,
1,R_SCALE,OD,REFUGE_Valid,delta_pre,POST_HOC_EXPLORATORY,736,736,736,0,DESCRIPTIVE,3.1904393778025484,2.69144940823994,-0.21820574577341745,7.4058709456327065,-5.2605841472952335,-0.6106026540614181,74,624,112,0,0.25,3.1904393778025484,0.7976098444506371,0.8145274528342245,-0.016917608383587412,0.39880492222531855,0.19940246111265927,
1,R_SCALE,OD,REFUGE_Valid,delta_step,POST_HOC_EXPLORATORY,736,736,736,0,DESCRIPTIVE,0.010337189508838324,0.01289061853351825,-0.019587055532440445,0.041614806860863496,-0.31390901942427263,-0.0675254541865423,74,533,203,0,0.25,0.010337189508838324,0.002584297377209581,0.004634363120850919,-0.002050065743641339,0.0012921486886047905,0.0006460743443023953,
1,R_SCALE,OD,REFUGE_Valid,delta_post,POST_HOC_EXPLORATORY,736,736,736,0,DESCRIPTIVE,3.2007765673113866,2.706327052601978,-0.22778039413014284,7.398061051865405,-5.262629254857117,-0.6101414037348439,74,623,113,0,0.25,3.2007765673113866,0.8001941418278467,0.8171112948413081,-0.016917153013461396,0.4000970709139233,0.20004853545696166,
1,R_SCALE,OC,Drishti_GS,delta_pre,POST_HOC_EXPLORATORY,37,37,37,0,DESCRIPTIVE,0.10575308459915952,0.07576359138757027,-0.051307574181370795,0.3195057456503178,-0.4107759995956002,-0.1823490732168498,4,30,7,0,0.25,0.10575308459915952,0.02643827114978988,0.03196152655473006,-0.0055232554049401755,0.01321913557489494,0.00660956778744747,
1,R_SCALE,OC,Drishti_GS,delta_step,POST_HOC_EXPLORATORY,37,37,37,0,DESCRIPTIVE,-0.0003206743942899218,0.007736074626905065,-0.05530821824015817,0.04416741869207925,-0.07788387663962482,-0.06825458658292405,4,20,17,0,0.25,-0.0003206743942899221,-8.016859857248053e-05,0.0035536520529816946,-0.003633820651554175,-4.0084299286240265e-05,-2.0042149643120133e-05,
1,R_SCALE,OC,Drishti_GS,delta_post,POST_HOC_EXPLORATORY,37,37,37,0,DESCRIPTIVE,0.1054324102048696,0.0904654884198095,-0.05713417148551514,0.3301976583126872,-0.38367957633852257,-0.19617713981787688,4,29,8,0,0.25,0.10543241020486961,0.026358102551217403,0.03269180503968359,-0.006333702488466185,0.013179051275608701,0.006589525637804351,
1,R_SCALE,OC,ORIGA,delta_pre,POST_HOC_EXPLORATORY,586,586,586,0,DESCRIPTIVE,-0.2355231216265951,-0.19630367595198805,-3.2317746048933707,2.742306602944872,-6.380090747187708,-4.166295295620067,59,278,308,0,0.25,-0.2355231216265951,-0.05888078040664878,0.21751096167032563,-0.2763917420769744,-0.02944039020332439,-0.014720195101662194,
1,R_SCALE,OC,ORIGA,delta_step,POST_HOC_EXPLORATORY,586,586,586,0,DESCRIPTIVE,0.003419892212236984,0.0025253662086299755,-0.0357919339524031,0.04070591629775322,-0.930857123068364,-0.08870092895765624,59,316,269,1,0.25,0.003419892212236984,0.000854973053059246,0.004169484708314867,-0.003314511655255621,0.000427486526529623,0.0002137432632648115,
1,R_SCALE,OC,ORIGA,delta_post,POST_HOC_EXPLORATORY,586,586,586,0,DESCRIPTIVE,-0.23210322941435813,-0.22613464603237432,-3.2520596737637497,2.7607653374711276,-6.392942177391944,-4.149970472454136,59,277,309,0,0.25,-0.23210322941435813,-0.05802580735358953,0.21763838306371988,-0.2756641904173094,-0.029012903676794766,-0.014506451838397383,
1,R_SCALE,OC,REFUGE,delta_pre,POST_HOC_EXPLORATORY,336,336,336,0,DESCRIPTIVE,1.5041565038416609,2.0315971059272826,-1.0367217277184508,3.425788705203715,-3.942643373800095,-2.1631973152733144,34,263,73,0,0.25,1.5041565038416609,0.3760391259604152,0.4461595375977587,-0.07012041163734348,0.1880195629802076,0.0940097814901038,
1,R_SCALE,OC,REFUGE,delta_step,POST_HOC_EXPLORATORY,336,336,336,0,DESCRIPTIVE,-0.0014291197422839695,-0.00036617731547750054,-0.025582558030684766,0.020417477186278177,-0.060836306535861695,-0.03819956743797929,34,162,172,2,0.25,-0.0014291197422839695,-0.0003572799355709924,0.0016215539948849762,-0.001978833930455969,-0.0001786399677854962,-8.93199838927481e-05,
1,R_SCALE,OC,REFUGE,delta_post,POST_HOC_EXPLORATORY,336,336,336,0,DESCRIPTIVE,1.502727384099377,2.022956709697759,-1.0384962679021115,3.41842182679526,-3.9245794691604914,-2.158414145900558,34,262,74,0,0.25,1.502727384099377,0.3756818460248442,0.44563285701516886,-0.06995101099032462,0.1878409230124221,0.09392046150621106,
1,R_SCALE,OC,REFUGE_Valid,delta_pre,POST_HOC_EXPLORATORY,736,736,736,0,DESCRIPTIVE,2.4476178645152125,2.0618375254804207,-0.18618656252226629,5.703502383463224,-6.062174082533097,-0.8810509530011839,74,629,106,1,0.25,2.4476178645152125,0.6119044661288031,0.6350175903431189,-0.023113124214315793,0.30595223306440156,0.15297611653220078,
1,R_SCALE,OC,REFUGE_Valid,delta_step,POST_HOC_EXPLORATORY,736,736,736,0,DESCRIPTIVE,0.008011391782337044,0.008376466972272567,-0.031070597780875175,0.0424206241916778,-0.2009454218734561,-0.054291073661438434,74,457,272,7,0.25,0.008011391782337044,0.002002847945584261,0.004207809417250783,-0.0022049614716665228,0.0010014239727921305,0.0005007119863960652,
1,R_SCALE,OC,REFUGE_Valid,delta_post,POST_HOC_EXPLORATORY,736,736,736,0,DESCRIPTIVE,2.4556292562975495,2.077108561469146,-0.18301517991649874,5.719719784695222,-6.072021175834031,-0.8828985454050096,74,629,104,3,0.25,2.4556292562975495,0.6139073140743874,0.6370436726901456,-0.02313635861575824,0.3069536570371937,0.15347682851859684,
1,R_SCALE,macro,Drishti_GS,delta_pre,POST_HOC_EXPLORATORY,37,37,37,0,DESCRIPTIVE,0.16255568718515304,0.15602238216246533,0.03890695873785077,0.33126852604966783,-0.021517192630398085,0.01582045768672735,4,36,1,0,0.25,0.16255568718515306,0.040638921796288266,0.04078430823298014,-0.00014538643669187895,0.040638921796288266,0.020319460898144133,
1,R_SCALE,macro,Drishti_GS,delta_step,POST_HOC_EXPLORATORY,37,37,37,0,DESCRIPTIVE,0.0020996527555440627,0.0069113157961808724,-0.030099086955073063,0.027619058563136886,-0.04200007825329166,-0.036972989199087536,4,22,15,0,0.25,0.0020996527555440627,0.0005249131888860157,0.002461481364980745,-0.0019365681760947293,0.0005249131888860157,0.00026245659444300783,
1,R_SCALE,macro,Drishti_GS,delta_post,POST_HOC_EXPLORATORY,37,37,37,0,DESCRIPTIVE,0.16465533994069712,0.14353255218892969,0.03366103318749225,0.3352246769651202,-0.012330892117468295,0.009486108510929014,4,36,1,0,0.25,0.16465533994069712,0.04116383498517428,0.041247151823805825,-8.331683863154253e-05,0.04116383498517428,0.02058191749258714,
1,R_SCALE,macro,ORIGA,delta_pre,POST_HOC_EXPLORATORY,586,586,586,0,DESCRIPTIVE,0.039169155529140326,0.029520783293985886,-2.082995434723058,2.2227266282929072,-4.875330092703145,-2.8532795354576823,59,298,288,0,0.25,0.039169155529140326,0.009792288882285081,0.17782307949539225,-0.16803079061310716,0.009792288882285081,0.004896144441142541,
1,R_SCALE,macro,ORIGA,delta_step,POST_HOC_EXPLORATORY,586,586,586,0,DESCRIPTIVE,0.004066984674113067,0.0023085809206655483,-0.02015668972148532,0.02631094103855247,-0.41678809505264525,-0.04621887794746394,59,341,245,0,0.25,0.004066984674113067,0.0010167461685282667,0.0027481966844827613,-0.0017314505159544947,0.0010167461685282667,0.0005083730842641333,
1,R_SCALE,macro,ORIGA,delta_post,POST_HOC_EXPLORATORY,586,586,586,0,DESCRIPTIVE,0.04323614020325339,0.04910719966374444,-2.083465993201793,2.2190039545691054,-4.844035912127374,-2.8389972139253166,59,297,289,0,0.25,0.0432361402032534,0.01080903505081335,0.17802208325875765,-0.1672130482079443,0.01080903505081335,0.005404517525406675,
1,R_SCALE,macro,REFUGE,delta_pre,POST_HOC_EXPLORATORY,336,336,336,0,DESCRIPTIVE,1.1692387427044386,1.320970729245495,-0.9585111635029442,3.029105132247139,-2.4655474039093264,-1.4688745419350815,34,262,74,0,0.25,1.1692387427044386,0.29230968567610965,0.34268411672703014,-0.05037443105092052,0.29230968567610965,0.14615484283805483,
1,R_SCALE,macro,REFUGE,delta_step,POST_HOC_EXPLORATORY,336,336,336,0,DESCRIPTIVE,-0.0010593626979890768,-0.0006678880781336716,-0.015173772271346309,0.011412024550491395,-0.03420130573060476,-0.02142229543613894,34,162,174,0,0.25,-0.0010593626979890768,-0.0002648406744972692,0.0009164576443017549,-0.0011812983187990242,-0.0002648406744972692,-0.0001324203372486346,
1,R_SCALE,macro,REFUGE,delta_post,POST_HOC_EXPLORATORY,336,336,336,0,DESCRIPTIVE,1.1681793800064495,1.319384920971359,-0.9524733656017403,3.0292148658960905,-2.4718403908179667,-1.4674724414699734,34,262,74,0,0.25,1.1681793800064495,0.2920448450016124,0.3423434118591214,-0.05029856685750904,0.2920448450016124,0.1460224225008062,
1,R_SCALE,macro,REFUGE_Valid,delta_pre,POST_HOC_EXPLORATORY,736,736,736,0,DESCRIPTIVE,2.81902862115888,2.470712744559,-0.15139898044085598,6.417754149879704,-5.6613791149141655,-0.47369242054626076,74,628,108,0,0.25,2.81902862115888,0.70475715528972,0.7176123337577559,-0.012855178468035846,0.70475715528972,0.35237857764486,
1,R_SCALE,macro,REFUGE_Valid,delta_step,POST_HOC_EXPLORATORY,736,736,736,0,DESCRIPTIVE,0.009174290645587684,0.009635597597972279,-0.016989159093895978,0.0343186602967922,-0.14174413521864082,-0.04287765961191725,74,518,218,0,0.25,0.009174290645587684,0.002293572661396921,0.003704747213941053,-0.0014111745525441318,0.002293572661396921,0.0011467863306984605,
1,R_SCALE,macro,REFUGE_Valid,delta_post,POST_HOC_EXPLORATORY,736,736,736,0,DESCRIPTIVE,2.828202911804468,2.487677560369324,-0.15726978546977932,6.436057462166374,-5.667325215345574,-0.47707869128933916,74,632,104,0,0.25,2.828202911804468,0.707050727951117,0.7199341664346338,-0.012883438483516776,0.707050727951117,0.3535253639755585,
1,R_SHUFFLE,OD,Drishti_GS,delta_pre,POST_HOC_EXPLORATORY,37,37,37,0,DESCRIPTIVE,0.2122268465751562,0.21226606736200893,0.08239316879701448,0.359686908710475,-0.008520316787581805,0.03969712129442371,4,36,1,0,0.25,0.2122268465751562,0.05305671164378905,0.05311428135181325,-5.756970802420139e-05,0.026528355821894525,0.013264177910947262,
1,R_SHUFFLE,OD,Drishti_GS,delta_step,POST_HOC_EXPLORATORY,37,37,37,0,DESCRIPTIVE,0.004394690700697259,0.0034338546204679687,-0.011354601459780156,0.019843735694081488,-0.025702427036335962,-0.02081144535892676,4,27,10,0,0.25,0.004394690700697259,0.0010986726751743147,0.0019626550555451477,-0.0008639823803708329,0.0005493363375871573,0.00027466816879357866,
1,R_SHUFFLE,OD,Drishti_GS,delta_post,POST_HOC_EXPLORATORY,37,37,37,0,DESCRIPTIVE,0.21662153727585345,0.20455866688934066,0.0800067639546711,0.3624754470105585,-0.009510272367791117,0.041127441427953215,4,36,1,0,0.25,0.21662153727585345,0.054155384318963364,0.05421964291604303,-6.425859707966972e-05,0.027077692159481682,0.013538846079740841,
1,R_SHUFFLE,OD,ORIGA,delta_pre,POST_HOC_EXPLORATORY,586,586,586,0,DESCRIPTIVE,0.33803586480586667,0.3417753951674811,-1.6974090420900936,2.3563433916734127,-4.5544577407614355,-2.4490776103986986,59,350,236,0,0.25,0.3380358648058667,0.08450896620146668,0.20180050859726292,-0.11729154239579626,0.04225448310073334,0.02112724155036667,
1,R_SHUFFLE,OD,ORIGA,delta_step,POST_HOC_EXPLORATORY,586,586,586,0,DESCRIPTIVE,0.004763471904678575,0.0023568416066979125,-0.013659531206158704,0.022915515686243282,-0.08829604964350324,-0.026844453157239937,59,341,245,0,0.25,0.004763471904678575,0.0011908679761696438,0.0022409835076651428,-0.0010501155314954988,0.0005954339880848219,0.00029771699404241095,
1,R_SHUFFLE,OD,ORIGA,delta_post,POST_HOC_EXPLORATORY,586,586,586,0,DESCRIPTIVE,0.34279933671054524,0.3405543781368934,-1.6870471871310144,2.3622833725276635,-4.58047306351034,-2.437275434272285,59,349,237,0,0.25,0.3427993367105453,0.08569983417763632,0.20204496722630258,-0.11634513304866625,0.04284991708881816,0.02142495854440908,
1,R_SHUFFLE,OD,REFUGE,delta_pre,POST_HOC_EXPLORATORY,336,336,336,0,DESCRIPTIVE,1.013737808980754,0.8940299467559996,-1.3213877104082812,3.278097814784239,-3.2114867918563874,-1.9668712620402624,34,225,111,0,0.25,1.013737808980754,0.2534344522451885,0.3377329922553391,-0.0842985400101506,0.12671722612259426,0.06335861306129713,
1,R_SHUFFLE,OD,REFUGE,delta_step,POST_HOC_EXPLORATORY,336,336,336,0,DESCRIPTIVE,-0.0011633431905233266,-0.0012358172143009938,-0.01349625332355231,0.010280995580743024,-0.03618660888805891,-0.01965269327619393,34,156,180,0,0.25,-0.0011633431905233263,-0.0002908357976308316,0.0008133385717717827,-0.0011041743694026143,-0.0001454178988154158,-7.27089494077079e-05,
1,R_SHUFFLE,OD,REFUGE,delta_post,POST_HOC_EXPLORATORY,336,336,336,0,DESCRIPTIVE,1.0125744657902307,0.8909804139329296,-1.3100246302239782,3.289639146783621,-3.188124035777804,-1.966464842823719,34,225,111,0,0.25,1.0125744657902307,0.2531436164475577,0.33741466713763685,-0.08427105069007917,0.12657180822377884,0.06328590411188942,
1,R_SHUFFLE,OD,REFUGE_Valid,delta_pre,POST_HOC_EXPLORATORY,736,736,736,0,DESCRIPTIVE,3.4300329932826292,2.9268606888346653,-0.13253475126077774,7.742241491014603,-5.421417754876302,-0.5258714116576595,74,639,97,0,0.25,3.4300329932826292,0.8575082483206573,0.8712751263303525,-0.013766878009695187,0.42875412416032865,0.21437706208016433,
1,R_SHUFFLE,OD,REFUGE_Valid,delta_step,POST_HOC_EXPLORATORY,736,736,736,0,DESCRIPTIVE,0.01051906295279611,0.012324839108963204,-0.018191450620570038,0.04122864242888369,-0.31361558355256136,-0.06732235695242691,74,527,209,0,0.25,0.010519062952796109,0.002629765738199027,0.004665381864739755,-0.002035616126540728,0.0013148828690995136,0.0006574414345497568,
1,R_SHUFFLE,OD,REFUGE_Valid,delta_post,POST_HOC_EXPLORATORY,736,736,736,0,DESCRIPTIVE,3.4405520562354255,2.9410673975419144,-0.12113035623915636,7.764174896510653,-5.426651582539577,-0.5221681234774105,74,640,96,0,0.25,3.4405520562354255,0.8601380140588564,0.8738246989340854,-0.013686684875229154,0.4300690070294282,0.2150345035147141,
1,R_SHUFFLE,OC,Drishti_GS,delta_pre,POST_HOC_EXPLORATORY,37,37,37,0,DESCRIPTIVE,0.1009289635676971,0.06396874594507551,-0.04762063864503006,0.30953913027973096,-0.38633321882302596,-0.18183729341885702,4,29,6,2,0.25,0.10092896356769711,0.025232240891924277,0.03068623415630033,-0.005453993264376054,0.012616120445962139,0.006308060222981069,
1,R_SHUFFLE,OC,Drishti_GS,delta_step,POST_HOC_EXPLORATORY,37,37,37,0,DESCRIPTIVE,-0.0015919759420645382,0.0036540673594487316,-0.05710755145194071,0.039265189273881146,-0.07788868422593964,-0.07049372809079202,4,20,17,0,0.25,-0.0015919759420645384,-0.0003979939855161346,0.0031139966783107114,-0.003511990663826846,-0.0001989969927580673,-9.949849637903365e-05,
1,R_SHUFFLE,OC,Drishti_GS,delta_post,POST_HOC_EXPLORATORY,37,37,37,0,DESCRIPTIVE,0.09933698762563256,0.07243982423804596,-0.06715325480814868,0.3098360016521212,-0.3775693379856051,-0.19282088911295503,4,28,8,1,0.25,0.09933698762563258,0.024834246906408144,0.030784012079178007,-0.005949765172769866,0.012417123453204072,0.006208561726602036,
1,R_SHUFFLE,OC,ORIGA,delta_pre,POST_HOC_EXPLORATORY,586,586,586,0,DESCRIPTIVE,-0.14338507863961386,-0.13920404907643302,-3.2817093017431453,2.9427642735553654,-6.4564214709813825,-4.2243490115094025,59,279,307,0,0.25,-0.14338507863961386,-0.035846269659903465,0.2376246236354564,-0.27347089329535984,-0.017923134829951733,-0.008961567414975866,
1,R_SHUFFLE,OC,ORIGA,delta_step,POST_HOC_EXPLORATORY,586,586,586,0,DESCRIPTIVE,0.002502258865377541,0.0012698516352429579,-0.03508264621695645,0.04170776960238953,-0.8932355209097622,-0.08588955885027637,59,312,274,0,0.25,0.0025022588653775407,0.0006255647163443852,0.004088796276276601,-0.0034632315599322154,0.0003127823581721926,0.0001563911790860963,
1,R_SHUFFLE,OC,ORIGA,delta_post,POST_HOC_EXPLORATORY,586,586,586,0,DESCRIPTIVE,-0.1408828197742363,-0.19412541708960873,-3.288737307173772,2.9310280683243732,-6.4553372965461335,-4.209332986389732,59,282,304,0,0.25,-0.1408828197742363,-0.03522070494355908,0.23747010998315715,-0.2726908149267162,-0.01761035247177954,-0.00880517623588977,
1,R_SHUFFLE,OC,REFUGE,delta_pre,POST_HOC_EXPLORATORY,336,336,336,0,DESCRIPTIVE,1.5906833096379498,2.103070669398683,-1.0665650535404794,3.560157003861555,-4.081682957046112,-2.215580097774663,34,266,70,0,0.25,1.5906833096379498,0.39767082740948745,0.46864497265108224,-0.07097414524159479,0.19883541370474372,0.09941770685237186,
1,R_SHUFFLE,OC,REFUGE,delta_step,POST_HOC_EXPLORATORY,336,336,336,0,DESCRIPTIVE,-0.0016026778240623575,-0.0004913534343558013,-0.025311078940816856,0.021354713929735425,-0.06249205051511808,-0.037360040189956076,34,155,174,7,0.25,-0.0016026778240623572,-0.0004006694560155893,0.0016216653397818608,-0.0020223347957974503,-0.00020033472800779466,-0.00010016736400389733,
1,R_SHUFFLE,OC,REFUGE,delta_post,POST_HOC_EXPLORATORY,336,336,336,0,DESCRIPTIVE,1.5890806318138875,2.0920153773034187,-1.0743992211136302,3.560715428542636,-4.070216666608999,-2.212512942034027,34,266,70,0,0.25,1.5890806318138875,0.39727015795347187,0.468096983403981,-0.07082682545050914,0.19863507897673593,0.09931753948836797,
1,R_SHUFFLE,OC,REFUGE_Valid,delta_pre,POST_HOC_EXPLORATORY,736,736,736,0,DESCRIPTIVE,2.5541890141848613,2.1968112842728402,-0.14338301314867863,5.826012123683515,-6.275771217184463,-0.8755000753507439,74,635,99,2,0.25,2.5541890141848613,0.6385472535462153,0.661056528088541,-0.022509274542325597,0.31927362677310767,0.15963681338655383,
1,R_SHUFFLE,OC,REFUGE_Valid,delta_step,POST_HOC_EXPLORATORY,736,736,736,0,DESCRIPTIVE,0.008957769498994194,0.00949261746795571,-0.028858031527175143,0.04585332068691983,-0.20588417284957217,-0.05366974115371759,74,470,262,4,0.25,0.008957769498994192,0.002239442374748548,0.004314246626231462,-0.0020748042514829143,0.001119721187374274,0.000559860593687137,
1,R_SHUFFLE,OC,REFUGE_Valid,delta_post,POST_HOC_EXPLORATORY,736,736,736,0,DESCRIPTIVE,2.5631467836838557,2.208529665078384,-0.13277737895296582,5.831691993346695,-6.251625157426993,-0.8771736894882494,74,641,95,0,0.25,2.5631467836838557,0.6407866959209639,0.6633448908730366,-0.022558194952072706,0.32039334796048197,0.16019667398024098,
1,R_SHUFFLE,macro,Drishti_GS,delta_pre,POST_HOC_EXPLORATORY,37,37,37,0,DESCRIPTIVE,0.15657790507142666,0.1439703504018972,0.048566441700854314,0.31990811274849024,-0.01619209130151944,0.020575033037012247,4,36,1,0,0.25,0.15657790507142666,0.039144476267856665,0.03925388229016423,-0.00010940602230756378,0.039144476267856665,0.019572238133928332,
1,R_SHUFFLE,macro,Drishti_GS,delta_step,POST_HOC_EXPLORATORY,37,37,37,0,DESCRIPTIVE,0.00140135737931636,0.0010583566484001494,-0.022614338964636715,0.024257176512858785,-0.04090334202411228,-0.034549881677234495,4,22,15,0,0.25,0.00140135737931636,0.00035033934482909,0.0020628035012528446,-0.0017124641564237545,0.00035033934482909,0.000175169672414545,
1,R_SHUFFLE,macro,Drishti_GS,delta_post,POST_HOC_EXPLORATORY,37,37,37,0,DESCRIPTIVE,0.157979262450743,0.1419894986290906,0.02902857396852028,0.318691390106666,-0.016168978972295633,0.009317445877190522,4,36,1,0,0.25,0.157979262450743,0.03949481561268575,0.03960406547060667,-0.00010924985792091645,0.03949481561268575,0.019747407806342876,
1,R_SHUFFLE,macro,ORIGA,delta_pre,POST_HOC_EXPLORATORY,586,586,586,0,DESCRIPTIVE,0.09732539308312642,0.09446437868389879,-2.127485787760797,2.422849225167692,-4.90733971019624,-2.931923061999308,59,305,281,0,0.25,0.09732539308312642,0.024331348270781605,0.19429912690556192,-0.16996777863478033,0.024331348270781605,0.012165674135390802,
1,R_SHUFFLE,macro,ORIGA,delta_step,POST_HOC_EXPLORATORY,586,586,586,0,DESCRIPTIVE,0.0036328653850280584,0.0016538560614094422,-0.019376454170888735,0.024733359756416107,-0.4106080033358772,-0.04526983259389811,59,327,259,0,0.25,0.0036328653850280584,0.0009082163462570146,0.002676676660002161,-0.0017684603137451463,0.0009082163462570146,0.0004541081731285073,
1,R_SHUFFLE,macro,ORIGA,delta_post,POST_HOC_EXPLORATORY,586,586,586,0,DESCRIPTIVE,0.10095825846815448,0.08962327769550882,-2.123539942385527,2.4195686457816876,-4.906750370495459,-2.9170131394006593,59,307,279,0,0.25,0.10095825846815448,0.02523956461703862,0.19444528487403728,-0.16920572025699865,0.02523956461703862,0.01261978230851931,
1,R_SHUFFLE,macro,REFUGE,delta_pre,POST_HOC_EXPLORATORY,336,336,336,0,DESCRIPTIVE,1.302210559309352,1.4902287075786624,-0.9668836569703139,3.284002468396576,-2.647636941785805,-1.5390540359329445,34,263,73,0,0.25,1.3022105593093518,0.32555263982733795,0.37719934552378354,-0.051646705696445555,0.32555263982733795,0.16277631991366898,
1,R_SHUFFLE,macro,REFUGE,delta_step,POST_HOC_EXPLORATORY,336,336,336,0,DESCRIPTIVE,-0.001383010507292842,-0.00031138785741546826,-0.01507470491397278,0.011795057655550778,-0.03481679445116015,-0.02201376876331196,34,163,173,0,0.25,-0.001383010507292842,-0.0003457526268232105,0.0008738338138568983,-0.0012195864406801089,-0.0003457526268232105,-0.00017287631341160524,
1,R_SHUFFLE,macro,REFUGE,delta_post,POST_HOC_EXPLORATORY,336,336,336,0,DESCRIPTIVE,1.300827548802059,1.4777979605177123,-0.9630839997025902,3.2841229139058843,-2.653083978632381,-1.539890521058684,34,263,73,0,0.25,1.300827548802059,0.32520688720051477,0.3768970476567001,-0.05169016045618537,0.32520688720051477,0.16260344360025739,
1,R_SHUFFLE,macro,REFUGE_Valid,delta_pre,POST_HOC_EXPLORATORY,736,736,736,0,DESCRIPTIVE,2.9921110037337453,2.6554574794839017,-0.07897609732070165,6.656101938234437,-5.8485944860303825,-0.430359002251094,74,641,95,0,0.25,2.9921110037337453,0.7480277509334363,0.7591437779926271,-0.011116027059190809,0.7480277509334363,0.37401387546671816,
1,R_SHUFFLE,macro,REFUGE_Valid,delta_step,POST_HOC_EXPLORATORY,736,736,736,0,DESCRIPTIVE,0.009738416225895151,0.010136693211391545,-0.017033726853501463,0.034811125501029494,-0.1491871648801819,-0.043341480381363366,74,542,194,0,0.25,0.009738416225895151,0.002434604056473788,0.003801717761566006,-0.0013671137050922184,0.002434604056473788,0.001217302028236894,
1,R_SHUFFLE,macro,REFUGE_Valid,delta_post,POST_HOC_EXPLORATORY,736,736,736,0,DESCRIPTIVE,3.0018494199596404,2.664015243393271,-0.07102108033168264,6.679249711325843,-5.839138369983285,-0.42938136109531944,74,640,96,0,0.25,3.0018494199596404,0.7504623549899101,0.7615129925845169,-0.011050637594606748,0.7504623549899101,0.37523117749495505,
4,C,OD,Drishti_GS,delta_pre,POST_HOC_EXPLORATORY,37,37,37,0,DESCRIPTIVE,1.5793955559533575,1.5376065054752246,1.0583475181962883,2.0907060326721534,0.5246833913595879,0.7956641430365714,4,37,0,0,0.25,1.5793955559533575,0.39484888898833936,0.39484888898833936,0.0,0.19742444449416968,,
4,C,OD,Drishti_GS,delta_step,POST_HOC_EXPLORATORY,37,37,37,0,DESCRIPTIVE,0.002066200082963774,0.0012477519707516649,-0.009574110523007561,0.014160227966684145,-0.017409061519970237,-0.01416155834220234,4,21,16,0,0.25,0.002066200082963774,0.0005165500207409435,0.0012849728520924252,-0.0007684228313514815,0.00025827501037047176,,
4,C,OD,Drishti_GS,delta_post,POST_HOC_EXPLORATORY,37,37,37,0,DESCRIPTIVE,1.581461756036321,1.5417706798773168,1.0690357917722424,2.0918741375829115,0.5337961133245557,0.7949520242317192,4,37,0,0,0.25,1.5814617560363213,0.39536543900908033,0.39536543900908033,0.0,0.19768271950454017,,
4,C,OD,ORIGA,delta_pre,POST_HOC_EXPLORATORY,586,586,586,0,DESCRIPTIVE,0.8865296763908367,1.0936934966679885,-1.8216002411785581,3.210422247708827,-6.346688264561195,-3.446617397357178,59,437,149,0,0.25,0.8865296763908367,0.22163241909770917,0.338156718291964,-0.11652429919425482,0.11081620954885459,,
4,C,OD,ORIGA,delta_step,POST_HOC_EXPLORATORY,586,586,586,0,DESCRIPTIVE,-0.002158940431240837,-0.0012214438371813685,-0.024833890145139037,0.026262636128173256,-1.0604764759073788,-0.07884029612006375,59,273,313,0,0.25,-0.0021589404312408367,-0.0005397351078102092,0.0024412918785556167,-0.0029810269863658257,-0.0002698675539051046,,
4,C,OD,ORIGA,delta_post,POST_HOC_EXPLORATORY,586,586,586,0,DESCRIPTIVE,0.8843707359595958,1.0973729640611225,-1.8113288932271487,3.1999829942768656,-6.356681167948494,-3.4494620074138087,59,435,151,0,0.25,0.8843707359595958,0.22109268398989895,0.3381990895442467,-0.11710640555434779,0.11054634199494948,,
4,C,OD,REFUGE,delta_pre,POST_HOC_EXPLORATORY,336,336,336,0,DESCRIPTIVE,0.6486186355457734,0.6897768534337914,-1.653313861121113,2.798249635236516,-5.957777078813308,-2.8955559723216524,34,238,97,1,0.25,0.6486186355457734,0.16215465888644334,0.26759502964017073,-0.10544037075372738,0.08107732944322167,,
4,C,OD,REFUGE,delta_step,POST_HOC_EXPLORATORY,336,336,336,0,DESCRIPTIVE,3.215314432514744e-05,0.0018417990062076228,-0.014154475689920787,0.016866370221194416,-0.46600647381227134,-0.039184240213185215,34,192,143,1,0.25,3.215314432514751e-05,8.038286081286878e-06,0.0014796934756595291,-0.001471655189578242,4.019143040643439e-06,,
4,C,OD,REFUGE,delta_post,POST_HOC_EXPLORATORY,336,336,336,0,DESCRIPTIVE,0.6486507886900985,0.6877328210684013,-1.6550184253612201,2.8057477612162884,-5.961814392943907,-2.893260757334531,34,240,96,0,0.25,0.6486507886900985,0.16216269717252463,0.26808575615386265,-0.10592305898133805,0.08108134858626231,,
4,C,OD,REFUGE_Valid,delta_pre,POST_HOC_EXPLORATORY,736,736,736,0,DESCRIPTIVE,-5.733837969252029,-6.093486139004298,-8.67365938341851,-1.9533326623535459,-14.38963209394744,-9.643926748447557,74,8,728,0,0.25,-5.733837969252029,-1.4334594923130073,0.0016471265209033314,-1.4351066188339106,-0.7167297461565036,,
4,C,OD,REFUGE_Valid,delta_step,POST_HOC_EXPLORATORY,736,736,736,0,DESCRIPTIVE,-0.004293886847004737,-0.003209854753173147,-0.02972971746423525,0.016823711260251173,-0.35393611102300326,-0.06302854800856816,74,304,432,0,0.25,-0.004293886847004737,-0.0010734717117511844,0.0018415377733035437,-0.002915009485054728,-0.0005367358558755922,,
4,C,OD,REFUGE_Valid,delta_post,POST_HOC_EXPLORATORY,736,736,736,0,DESCRIPTIVE,-5.738131856099034,-6.124331604919007,-8.678000262174898,-1.963256022171148,-14.347618473437535,-9.633219885835885,74,8,728,0,0.25,-5.7381318560990335,-1.4345329640247584,0.001634288096698908,-1.4361672521214575,-0.7172664820123792,,
4,C,OC,Drishti_GS,delta_pre,POST_HOC_EXPLORATORY,37,37,37,0,DESCRIPTIVE,0.44235880162333086,0.6268201230756603,-1.0962628382157034,1.3976168474848136,-2.08021031202162,-1.8291564202666581,4,29,8,0,0.25,0.4423588016233309,0.11058970040583273,0.17074722256297448,-0.06015752215714174,0.055294850202916364,,
4,C,OC,Drishti_GS,delta_step,POST_HOC_EXPLORATORY,37,37,37,0,DESCRIPTIVE,0.0008628022727138324,-0.004532980537881315,-0.026016334154661536,0.03922859669851277,-0.054919199073324876,-0.0393696496423539,4,15,22,0,0.25,0.0008628022727138321,0.00021570056817845802,0.0025959294408056757,-0.0023802288726272177,0.00010785028408922901,,
4,C,OC,Drishti_GS,delta_post,POST_HOC_EXPLORATORY,37,37,37,0,DESCRIPTIVE,0.4432216038960447,0.6341442651384241,-1.1144414340665654,1.4216414719216601,-2.0885801356270832,-1.83079847148087,4,30,7,0,0.25,0.44322160389604476,0.11080540097401119,0.17035552280584723,-0.05955012183183604,0.055402700487005595,,
4,C,OC,ORIGA,delta_pre,POST_HOC_EXPLORATORY,586,586,586,0,DESCRIPTIVE,0.5848771374693508,0.6758438276750667,-4.116758237092327,5.020631820015005,-9.662595056749609,-5.9922551762462914,59,359,227,0,0.25,0.5848771374693509,0.14621928436733772,0.3964798270675526,-0.25026054270021486,0.07310964218366886,,
4,C,OC,ORIGA,delta_step,POST_HOC_EXPLORATORY,586,586,586,0,DESCRIPTIVE,-0.000803718689804439,0.000308229971757612,-0.048214371359449615,0.04803783412465279,-0.5162583412763979,-0.09744974267545896,59,296,290,0,0.25,-0.0008037186898044391,-0.00020092967245110977,0.004005288336337264,-0.004206218008788373,-0.00010046483622555488,,
4,C,OC,ORIGA,delta_post,POST_HOC_EXPLORATORY,586,586,586,0,DESCRIPTIVE,0.5840734187795464,0.675767008378493,-4.141462524978994,5.032429572635927,-9.7612816885094,-5.998658591982335,59,358,228,0,0.25,0.5840734187795464,0.1460183546948866,0.39654674644482396,-0.25052839174993735,0.0730091773474433,,
4,C,OC,REFUGE,delta_pre,POST_HOC_EXPLORATORY,336,336,336,0,DESCRIPTIVE,-1.029939513737342,-1.0113448108905772,-3.661896925624845,1.4070140738987007,-6.112341720291482,-4.582654461947422,34,110,225,1,0.25,-1.0299395137373417,-0.25748487843433543,0.08207854252958913,-0.33956342096392456,-0.12874243921716771,,
4,C,OC,REFUGE,delta_step,POST_HOC_EXPLORATORY,336,336,336,0,DESCRIPTIVE,-0.002251146846700062,-0.0009022008285768379,-0.03695917636281365,0.028287597016053212,-0.1421583411621299,-0.05392081337685853,34,160,175,1,0.25,-0.002251146846700062,-0.0005627867116750155,0.0022853781086125493,-0.0028481648202875647,-0.00028139335583750774,,
4,C,OC,REFUGE,delta_post,POST_HOC_EXPLORATORY,336,336,336,0,DESCRIPTIVE,-1.0321906605840419,-1.0198661223151504,-3.6654710878563748,1.416513586330538,-6.096023472131108,-4.586546181179732,34,110,226,0,0.25,-1.0321906605840419,-0.25804766514601046,0.08215343838975946,-0.34020110353576993,-0.12902383257300523,,
4,C,OC,REFUGE_Valid,delta_pre,POST_HOC_EXPLORATORY,736,736,736,0,DESCRIPTIVE,-4.047959776544315,-4.258795582966197,-7.078202535280241,-0.9430577891052287,-9.800678989752996,-7.816503683027536,74,22,714,0,0.25,-4.047959776544315,-1.0119899441360787,0.014559423646222204,-1.0265493677823008,-0.5059949720680393,,
4,C,OC,REFUGE_Valid,delta_step,POST_HOC_EXPLORATORY,736,736,736,0,DESCRIPTIVE,-0.0016535249133970396,-0.0013351999180244434,-0.025578988529193936,0.02007496125338548,-0.09315185538872583,-0.0385167947038838,74,339,384,13,0.25,-0.0016535249133970396,-0.0004133812283492599,0.0016742415927792015,-0.0020876228211284616,-0.00020669061417462995,,
4,C,OC,REFUGE_Valid,delta_post,POST_HOC_EXPLORATORY,736,736,736,0,DESCRIPTIVE,-4.049613301457712,-4.247188760477606,-7.083821684702844,-0.94522397402325,-9.791366296855102,-7.816663383406852,74,22,714,0,0.25,-4.049613301457712,-1.012403325364428,0.014559881914796464,-1.0269632072792243,-0.506201662682214,,
4,C,macro,Drishti_GS,delta_pre,POST_HOC_EXPLORATORY,37,37,37,0,DESCRIPTIVE,1.0108771787883442,1.0419103374829284,0.2143176385419338,1.7591565547816557,-0.20442876101913754,-0.11980282736551207,4,33,4,0,0.25,1.0108771787883442,0.25271929469708604,0.255957208950208,-0.003237914253121948,0.25271929469708604,,
4,C,macro,Drishti_GS,delta_step,POST_HOC_EXPLORATORY,37,37,37,0,DESCRIPTIVE,0.0014645011778388031,-0.0016644187587573356,-0.014153916064705641,0.02172611304695735,-0.028939653476312444,-0.019957047763067504,4,17,20,0,0.25,0.0014645011778388031,0.0003661252944597008,0.0015091385569078997,-0.0011430132624481988,0.0003661252944597008,,
4,C,macro,Drishti_GS,delta_post,POST_HOC_EXPLORATORY,37,37,37,0,DESCRIPTIVE,1.0123416799661829,1.0366323135202684,0.2291238955594253,1.7587682459110539,-0.20928611882166592,-0.11872966246554828,4,33,4,0,0.25,1.012341679966183,0.25308541999154577,0.25629432978791195,-0.00320890979636617,0.25308541999154577,,
4,C,macro,ORIGA,delta_pre,POST_HOC_EXPLORATORY,586,586,586,0,DESCRIPTIVE,0.7357034069300937,0.9333812823823386,-2.3324829165253185,3.3720270705344024,-7.895157442181272,-3.8837278375201048,59,411,175,0,0.25,0.7357034069300937,0.18392585173252343,0.3288637257843246,-0.14493787405180114,0.18392585173252343,,
4,C,macro,ORIGA,delta_step,POST_HOC_EXPLORATORY,586,586,586,0,DESCRIPTIVE,-0.0014813295605226378,-0.0014256181240952515,-0.027279343856321248,0.031103879751983143,-0.5689755672879606,-0.07291990806406719,59,277,309,0,0.25,-0.001481329560522638,-0.0003703323901306595,0.002684245672521804,-0.0030545780626524636,-0.0003703323901306595,,
4,C,macro,ORIGA,delta_post,POST_HOC_EXPLORATORY,586,586,586,0,DESCRIPTIVE,0.7342220773695711,0.9434957178362069,-2.32950941842806,3.3660637473903012,-7.974689391307578,-3.892166296578723,59,412,174,0,0.25,0.7342220773695711,0.18355551934239278,0.3288715507535985,-0.14531603141120567,0.18355551934239278,,
4,C,macro,REFUGE,delta_pre,POST_HOC_EXPLORATORY,336,336,336,0,DESCRIPTIVE,-0.19066043909578423,0.02583817118695464,-2.2808133895169824,1.6930317149668141,-5.616570551370998,-3.2601347897783812,34,174,161,1,0.25,-0.19066043909578423,-0.04766510977394606,0.1160428307926999,-0.16370794056664595,-0.04766510977394606,,
4,C,macro,REFUGE,delta_step,POST_HOC_EXPLORATORY,336,336,336,0,DESCRIPTIVE,-0.0011094968511874573,-1.3270429292333574e-05,-0.018578733743915166,0.017435286157962082,-0.23356854829731333,-0.03702875233337105,34,167,169,0,0.25,-0.0011094968511874573,-0.0002773742127968643,0.0014767299107364988,-0.001754104123533363,-0.0002773742127968643,,
4,C,macro,REFUGE,delta_post,POST_HOC_EXPLORATORY,336,336,336,0,DESCRIPTIVE,-0.1917699359469717,0.025250566675286024,-2.2854994678035645,1.6961160248331986,-5.633206229257084,-3.259370409647941,34,173,163,0,0.25,-0.19176993594697167,-0.04794248398674292,0.11625489019172718,-0.1641973741784701,-0.04794248398674292,,
4,C,macro,REFUGE_Valid,delta_pre,POST_HOC_EXPLORATORY,736,736,736,0,DESCRIPTIVE,-4.890898872898172,-5.339913668981419,-7.628261888566875,-1.5244724628489408,-9.137362203749149,-8.038264745098843,74,7,729,0,0.25,-4.8908988728981715,-1.2227247182245429,0.0037714592599109547,-1.2264961774844538,-1.2227247182245429,,
4,C,macro,REFUGE_Valid,delta_step,POST_HOC_EXPLORATORY,736,736,736,0,DESCRIPTIVE,-0.0029737058802008884,-0.00235682710912144,-0.02310312604767617,0.015118626924969902,-0.1842308119751337,-0.038599734047091834,74,312,424,0,0.25,-0.0029737058802008884,-0.0007434264700502221,0.0012879378405427366,-0.002031364310592959,-0.0007434264700502221,,
4,C,macro,REFUGE_Valid,delta_post,POST_HOC_EXPLORATORY,736,736,736,0,DESCRIPTIVE,-4.893872578778373,-5.34905857665481,-7.626993631788112,-1.5026652612006597,-9.208763989189187,-8.040851569886884,74,7,729,0,0.25,-4.893872578778373,-1.2234681446945932,0.0037696619734810194,-1.2272378066680742,-1.2234681446945932,,
4,R_SCALE,OD,Drishti_GS,delta_pre,POST_HOC_EXPLORATORY,37,37,37,0,DESCRIPTIVE,0.808274381391889,0.7452733639459836,0.555276938025824,1.0638186528713134,0.27628611558226623,0.4083775007563517,4,37,0,0,0.25,0.808274381391889,0.20206859534797225,0.20206859534797225,0.0,0.10103429767398613,,
4,R_SCALE,OD,Drishti_GS,delta_step,POST_HOC_EXPLORATORY,37,37,37,0,DESCRIPTIVE,0.0005661687716503913,0.0012640218510853174,-0.01541378055173368,0.014241704717107949,-0.017838986394252743,-0.01701520913431409,4,21,16,0,0.25,0.0005661687716503914,0.00014154219291259785,0.0011296305360395508,-0.0009880883431269529,7.077109645629893e-05,,
4,R_SCALE,OD,Drishti_GS,delta_post,POST_HOC_EXPLORATORY,37,37,37,0,DESCRIPTIVE,0.8088405501635394,0.7588847777271184,0.5592542276103757,1.0596390845277341,0.2714915101104083,0.4065536080383687,4,37,0,0,0.25,0.8088405501635394,0.20221013754088485,0.20221013754088485,0.0,0.10110506877044242,,
4,R_SCALE,OD,ORIGA,delta_pre,POST_HOC_EXPLORATORY,586,586,586,0,DESCRIPTIVE,0.24294415338637929,0.3299162891032381,-0.9753620327331092,1.2920041969087848,-2.5376260327414144,-1.593144569188234,59,385,201,0,0.25,0.24294415338637929,0.06073603834659482,0.1268238114450189,-0.06608777309842406,0.03036801917329741,,
4,R_SCALE,OD,ORIGA,delta_step,POST_HOC_EXPLORATORY,586,586,586,0,DESCRIPTIVE,-0.00029572794410772816,-0.00047998378866509483,-0.019229293209278353,0.021776434319733085,-0.7931936264112096,-0.05224074214584601,59,275,311,0,0.25,-0.00029572794410772816,-7.393198602693204e-05,0.00188486332026588,-0.001958795306292812,-3.696599301346602e-05,,
4,R_SCALE,OD,ORIGA,delta_post,POST_HOC_EXPLORATORY,586,586,586,0,DESCRIPTIVE,0.24264842544227155,0.3206278520242378,-0.9901010390600931,1.3090716706791738,-2.528183018368992,-1.5942654718412255,59,385,201,0,0.25,0.24264842544227155,0.06066210636056789,0.12697753455131985,-0.06631542819075197,0.030331053180283944,,
4,R_SCALE,OD,REFUGE,delta_pre,POST_HOC_EXPLORATORY,336,336,336,0,DESCRIPTIVE,0.12355815459568593,0.10717193540380521,-0.8504694270211104,1.0093722129414289,-2.071470561539499,-1.2673711754727734,34,216,119,1,0.25,0.12355815459568593,0.030889538648921484,0.08694042721408066,-0.05605088856515918,0.015444769324460742,,
4,R_SCALE,OD,REFUGE,delta_step,POST_HOC_EXPLORATORY,336,336,336,0,DESCRIPTIVE,-0.0007839138181084525,-0.00025096445852312854,-0.012114633792684515,0.015167421642821921,-0.3143467122611838,-0.02933855175478997,34,161,172,3,0.25,-0.0007839138181084524,-0.0001959784545271131,0.0011185336793426174,-0.0013145121338697305,-9.798922726355655e-05,,
4,R_SCALE,OD,REFUGE,delta_post,POST_HOC_EXPLORATORY,336,336,336,0,DESCRIPTIVE,0.12277424077757748,0.1215228456317945,-0.8533304404477988,1.0023159067303027,-2.0762106934424054,-1.2685823176835807,34,216,120,0,0.25,0.12277424077757748,0.03069356019439437,0.08714287724808559,-0.05644931705369122,0.015346780097197185,,
4,R_SCALE,OD,REFUGE_Valid,delta_pre,POST_HOC_EXPLORATORY,736,736,736,0,DESCRIPTIVE,-2.087518574556932,-2.190231385523653,-2.9280712646063876,-1.0331811953325811,-6.220322396268585,-3.4011716936642467,74,6,730,0,0.25,-2.087518574556932,-0.521879643639233,0.00040959206670551515,-0.5222892357059385,-0.2609398218196165,,
4,R_SCALE,OD,REFUGE_Valid,delta_step,POST_HOC_EXPLORATORY,736,736,736,0,DESCRIPTIVE,0.0012545772259309196,0.001661593315269272,-0.017281469834379948,0.01997730821480559,-0.240624637628855,-0.03630444724763873,74,406,330,0,0.25,0.0012545772259309196,0.0003136443064827299,0.0018461578367307745,-0.0015325135302480446,0.00015682215324136495,,
4,R_SCALE,OD,REFUGE_Valid,delta_post,POST_HOC_EXPLORATORY,736,736,736,0,DESCRIPTIVE,-2.086263997331001,-2.190233341248721,-2.9255389709441637,-1.028098886789273,-6.184895237446241,-3.39123078361401,74,6,730,0,0.25,-2.086263997331001,-0.5215659993327503,0.0003971646750852781,-0.5219631640078355,-0.26078299966637514,,
4,R_SCALE,OC,Drishti_GS,delta_pre,POST_HOC_EXPLORATORY,37,37,37,0,DESCRIPTIVE,-0.19612695702837785,-0.06576793276207127,-0.8172968891910145,0.36261613238766294,-2.053066818747709,-1.4573241715826288,4,15,22,0,0.25,-0.19612695702837785,-0.04903173925709446,0.026424161058600612,-0.07545590031569507,-0.02451586962854723,,
4,R_SCALE,OC,Drishti_GS,delta_step,POST_HOC_EXPLORATORY,37,37,37,0,DESCRIPTIVE,-0.0017831160194923257,4.444442241435809e-05,-0.033378870921107764,0.03258385434308762,-0.048169116767383,-0.04300476299798106,4,19,16,2,0.25,-0.0017831160194923257,-0.0004457790048730814,0.0024285133810353896,-0.002874292385908471,-0.0002228895024365407,,
4,R_SCALE,OC,Drishti_GS,delta_post,POST_HOC_EXPLORATORY,37,37,37,0,DESCRIPTIVE,-0.19791007304787017,-0.0700365254851647,-0.8221893426485607,0.36623391300002894,-2.1010590502579447,-1.4625732523612998,4,15,22,0,0.25,-0.1979100730478702,-0.04947751826196755,0.025589644544227085,-0.07506716280619463,-0.024738759130983775,,
4,R_SCALE,OC,ORIGA,delta_pre,POST_HOC_EXPLORATORY,586,586,586,0,DESCRIPTIVE,0.025843063112509952,0.10322100895352548,-1.7127547355651842,1.4554481192410762,-3.444341836973237,-2.2489950644481915,59,315,271,0,0.25,0.025843063112509952,0.006460765778127488,0.11845923594861588,-0.11199847017048839,0.003230382889063744,,
4,R_SCALE,OC,ORIGA,delta_step,POST_HOC_EXPLORATORY,586,586,586,0,DESCRIPTIVE,0.00022220723012604578,0.00026942321853340445,-0.03668219414837104,0.03490584799263985,-0.2488370635938182,-0.07100710325869602,59,297,286,3,0.25,0.00022220723012604591,5.555180753151148e-05,0.003214873310109715,-0.003159321502578203,2.777590376575574e-05,,
4,R_SCALE,OC,ORIGA,delta_post,POST_HOC_EXPLORATORY,586,586,586,0,DESCRIPTIVE,0.026065270342635997,0.11102336880831842,-1.7352198636993421,1.4642442733092054,-3.429105623709745,-2.2541115074990303,59,313,273,0,0.25,0.026065270342636,0.006516317585659,0.11827303029496569,-0.11175671270930669,0.0032581587928295,,
4,R_SCALE,OC,REFUGE,delta_pre,POST_HOC_EXPLORATORY,336,336,336,0,DESCRIPTIVE,-0.29356737008553013,-0.2718822370763405,-1.0023790137618391,0.3321068653316175,-1.4959068078196935,-1.1906613070244074,34,97,237,2,0.25,-0.29356737008553013,-0.07339184252138253,0.01998456861767978,-0.09337641113906231,-0.03669592126069127,,
4,R_SCALE,OC,REFUGE,delta_step,POST_HOC_EXPLORATORY,336,336,336,0,DESCRIPTIVE,-0.0010639502200835743,7.763508733660274e-06,-0.03260921984685439,0.028611440946335165,-0.07501101273589939,-0.05082287294447136,34,168,161,7,0.25,-0.0010639502200835746,-0.00026598755502089364,0.00233485198724882,-0.0026008395422697133,-0.00013299377751044682,,
4,R_SCALE,OC,REFUGE,delta_post,POST_HOC_EXPLORATORY,336,336,336,0,DESCRIPTIVE,-0.29463132030561373,-0.27798476220458923,-0.9984571960681166,0.3050312909228552,-1.4959068078196935,-1.188993342006263,34,100,236,0,0.25,-0.29463132030561373,-0.07365783007640343,0.019978022673309226,-0.09363585274971266,-0.036828915038201716,,
4,R_SCALE,OC,REFUGE_Valid,delta_pre,POST_HOC_EXPLORATORY,736,736,736,0,DESCRIPTIVE,-1.1288825499853061,-1.1280836788658988,-1.9539547166659474,-0.37095423957813267,-2.729691303186925,-2.1664704604359613,74,18,718,0,0.25,-1.1288825499853061,-0.28222063749632653,0.004072971066047713,-0.28629360856237424,-0.14111031874816327,,
4,R_SCALE,OC,REFUGE_Valid,delta_step,POST_HOC_EXPLORATORY,736,736,736,0,DESCRIPTIVE,0.0017296968267954827,0.0005052133409968462,-0.020035356981640717,0.023407486699767333,-0.06610585814276249,-0.03139894109933813,74,389,338,9,0.25,0.0017296968267954827,0.0004324242066988707,0.0019837820502735053,-0.0015513578435746348,0.00021621210334943534,,
4,R_SCALE,OC,REFUGE_Valid,delta_post,POST_HOC_EXPLORATORY,736,736,736,0,DESCRIPTIVE,-1.1271528531585107,-1.1308409871436709,-1.9466296555825622,-0.3711356547649558,-2.711327510887031,-2.1653218391109137,74,18,718,0,0.25,-1.1271528531585107,-0.28178821328962766,0.004085608794068124,-0.28587382208369577,-0.14089410664481383,,
4,R_SCALE,macro,Drishti_GS,delta_pre,POST_HOC_EXPLORATORY,37,37,37,0,DESCRIPTIVE,0.30607371218175555,0.33810568432117094,-0.03949884190991071,0.6768506958206771,-0.620994560985352,-0.3253047133596332,4,31,6,0,0.25,0.3060737121817556,0.0765184280454389,0.08570137261967509,-0.009182944574236185,0.0765184280454389,,
4,R_SCALE,macro,Drishti_GS,delta_step,POST_HOC_EXPLORATORY,37,37,37,0,DESCRIPTIVE,-0.0006084736239209672,-0.0033907338045295887,-0.019197432569457364,0.01814624588707545,-0.022282298416186563,-0.021510114468338948,4,16,21,0,0.25,-0.0006084736239209674,-0.00015211840598024185,0.0014454214198833886,-0.0015975398258636306,-0.00015211840598024185,,
4,R_SCALE,macro,Drishti_GS,delta_post,POST_HOC_EXPLORATORY,37,37,37,0,DESCRIPTIVE,0.3054652385578346,0.33811916511794493,-0.037281097251685935,0.6637084892075122,-0.6421801625110817,-0.32813615052104694,4,31,6,0,0.25,0.30546523855783464,0.07636630963945866,0.08546871945243721,-0.00910240981297856,0.07636630963945866,,
4,R_SCALE,macro,ORIGA,delta_pre,POST_HOC_EXPLORATORY,586,586,586,0,DESCRIPTIVE,0.13439360824944463,0.23166012483216747,-1.099613812409121,1.1157871092449376,-2.5611264347738114,-1.605621358566542,59,363,223,0,0.25,0.13439360824944463,0.03359840206236116,0.1052922707420474,-0.07169386867968626,0.03359840206236116,,
4,R_SCALE,macro,ORIGA,delta_step,POST_HOC_EXPLORATORY,586,586,586,0,DESCRIPTIVE,-3.67603569908412e-05,7.977474001563678e-05,-0.022242689656401637,0.023775771002981116,-0.4309489406607021,-0.05013270105910562,59,293,293,0,0.25,-3.676035699084125e-05,-9.190089247710313e-06,0.002090400089138222,-0.0020995901783859325,-9.190089247710313e-06,,
4,R_SCALE,macro,ORIGA,delta_post,POST_HOC_EXPLORATORY,586,586,586,0,DESCRIPTIVE,0.13435684789245378,0.22764205940314675,-1.0962471322980214,1.1140319922027473,-2.584295331622002,-1.6100212290124547,59,363,223,0,0.25,0.13435684789245378,0.033589211973113445,0.10537139264089897,-0.07178218066778552,0.033589211973113445,,
4,R_SCALE,macro,REFUGE,delta_pre,POST_HOC_EXPLORATORY,336,336,336,0,DESCRIPTIVE,-0.0850046077449221,0.011780196469455717,-0.8381196140142642,0.4762194313013097,-1.6099254367413138,-1.0759495458410764,34,174,161,1,0.25,-0.0850046077449221,-0.021251151936230527,0.037820786446222346,-0.05907193838245287,-0.021251151936230527,,
4,R_SCALE,macro,REFUGE,delta_step,POST_HOC_EXPLORATORY,336,336,336,0,DESCRIPTIVE,-0.0009239320190960134,0.0004893345170629004,-0.01867046237600789,0.015940468280561504,-0.13790231323022084,-0.03173762504433712,34,175,160,1,0.25,-0.0009239320190960134,-0.00023098300477400336,0.0012982338395846615,-0.001529216844358665,-0.00023098300477400336,,
4,R_SCALE,macro,REFUGE,delta_post,POST_HOC_EXPLORATORY,336,336,336,0,DESCRIPTIVE,-0.08592853976401812,0.013669757996296994,-0.8374062780532121,0.48124322539252873,-1.6193532183570518,-1.0728397227978184,34,172,164,0,0.25,-0.08592853976401811,-0.021482134941004528,0.037879915381641635,-0.059362050322646166,-0.021482134941004528,,
4,R_SCALE,macro,REFUGE_Valid,delta_pre,POST_HOC_EXPLORATORY,736,736,736,0,DESCRIPTIVE,-1.608200562271119,-1.7031285504395672,-2.3150543122914193,-0.7603176478972848,-3.660241280586032,-2.523045192322599,74,6,730,0,0.25,-1.608200562271119,-0.40205014056777977,0.0008472595101172128,-0.402897400077897,-0.40205014056777977,,
4,R_SCALE,macro,REFUGE_Valid,delta_step,POST_HOC_EXPLORATORY,736,736,736,0,DESCRIPTIVE,0.001492137026363201,0.0012893225362873295,-0.015299193262762856,0.01815206859637364,-0.12261721259190494,-0.02412428606334003,74,396,340,0,0.25,0.001492137026363201,0.00037303425659080026,0.0015477668692086917,-0.0011747326126178913,0.00037303425659080026,,
4,R_SCALE,macro,REFUGE_Valid,delta_post,POST_HOC_EXPLORATORY,736,736,736,0,DESCRIPTIVE,-1.6067084252447559,-1.7100860455330658,-2.304062437823845,-0.7600211380335047,-3.64019608432001,-2.5189956626792225,74,5,731,0,0.25,-1.6067084252447559,-0.40167710631118897,0.0008431185267646682,-0.40252022483795363,-0.40167710631118897,,
4,R_SHUFFLE,OD,Drishti_GS,delta_pre,POST_HOC_EXPLORATORY,37,37,37,0,DESCRIPTIVE,0.6841746350385346,0.6300256210141981,0.4653292637485208,0.9057974147302417,0.22985529414762595,0.34680307150006584,4,37,0,0,0.25,0.6841746350385346,0.17104365875963365,0.17104365875963365,0.0,0.08552182937981682,,
4,R_SHUFFLE,OD,Drishti_GS,delta_step,POST_HOC_EXPLORATORY,37,37,37,0,DESCRIPTIVE,-0.0019193067908343504,-0.0018105533711860744,-0.012901117293890253,0.010196214384538393,-0.031733722867869574,-0.021669823320358717,4,14,23,0,0.25,-0.0019193067908343504,-0.0004798266977085876,0.0007630641978863074,-0.001242890895594895,-0.0002399133488542938,,
4,R_SHUFFLE,OD,Drishti_GS,delta_post,POST_HOC_EXPLORATORY,37,37,37,0,DESCRIPTIVE,0.6822553282477002,0.6232842142532746,0.47531395736577337,0.9049647744675411,0.23162830320811167,0.3463883921519688,4,37,0,0,0.25,0.6822553282477002,0.17056383206192505,0.17056383206192505,0.0,0.08528191603096252,,
4,R_SHUFFLE,OD,ORIGA,delta_pre,POST_HOC_EXPLORATORY,586,586,586,0,DESCRIPTIVE,0.18881574026693565,0.2631314854649176,-0.8652422194850402,1.1155329220842347,-2.20948829797544,-1.4152962664963205,59,374,212,0,0.25,0.18881574026693565,0.04720393506673391,0.1075477803518888,-0.06034384528515489,0.023601967533366956,,
4,R_SHUFFLE,OD,ORIGA,delta_step,POST_HOC_EXPLORATORY,586,586,586,0,DESCRIPTIVE,-0.00031597765173170566,-0.0012022905924524707,-0.016843460169802427,0.020183962680398793,-0.7872464299552036,-0.05071053688501433,59,271,315,0,0.25,-0.0003159776517317056,-7.89944129329264e-05,0.0019159881949029347,-0.0019949826078358612,-3.94972064664632e-05,,
4,R_SHUFFLE,OD,ORIGA,delta_post,POST_HOC_EXPLORATORY,586,586,586,0,DESCRIPTIVE,0.18849976261520393,0.2745063213648322,-0.8769853798387572,1.1199412577055838,-2.1971440007761913,-1.4168895225641194,59,374,212,0,0.25,0.18849976261520393,0.04712494065380098,0.10773049767705323,-0.060605557023252245,0.02356247032690049,,
4,R_SHUFFLE,OD,REFUGE,delta_pre,POST_HOC_EXPLORATORY,336,336,336,0,DESCRIPTIVE,0.09107174003900857,0.09707998218429736,-0.7567487251163101,0.8745595937914246,-1.8488072329012368,-1.1186579768618459,34,215,120,1,0.25,0.09107174003900857,0.022767935009752143,0.07286821087092583,-0.050100275861173695,0.011383967504876072,,
4,R_SHUFFLE,OD,REFUGE,delta_step,POST_HOC_EXPLORATORY,336,336,336,0,DESCRIPTIVE,-0.0008457781922813503,-0.00013573006807376942,-0.0127820677199324,0.013073459382198394,-0.27802722617552433,-0.02838975157045976,34,162,174,0,0.25,-0.0008457781922813503,-0.00021144454807033757,0.0010166316769164997,-0.0012280762249868371,-0.00010572227403516879,,
4,R_SHUFFLE,OD,REFUGE,delta_post,POST_HOC_EXPLORATORY,336,336,336,0,DESCRIPTIVE,0.09022596184672722,0.1003937678845972,-0.7510040774288882,0.8659662648065876,-1.8414755305519037,-1.11910196006651,34,215,121,0,0.25,0.09022596184672722,0.022556490461681806,0.07302079095177991,-0.050464300490098105,0.011278245230840903,,
4,R_SHUFFLE,OD,REFUGE_Valid,delta_pre,POST_HOC_EXPLORATORY,736,736,736,0,DESCRIPTIVE,-1.779696532760653,-1.8524719377775654,-2.525895473670225,-0.864976621713538,-5.862702332550768,-2.974726090825279,74,7,729,0,0.25,-1.779696532760653,-0.4449241331901633,0.00046992284746904606,-0.4453940560376323,-0.22246206659508164,,
4,R_SHUFFLE,OD,REFUGE_Valid,delta_step,POST_HOC_EXPLORATORY,736,736,736,0,DESCRIPTIVE,0.0012447765399099917,0.0014200869419411788,-0.01754975258339897,0.01849442147529956,-0.28611045742033525,-0.037679981188970514,74,395,340,1,0.25,0.0012447765399099917,0.0003111941349774979,0.0018731688006792837,-0.0015619746657017856,0.00015559706748874896,,
4,R_SHUFFLE,OD,REFUGE_Valid,delta_post,POST_HOC_EXPLORATORY,736,736,736,0,DESCRIPTIVE,-1.7784517562207431,-1.8572231504734766,-2.518104718835545,-0.8582688847023618,-5.809662900313285,-2.964592821420435,74,7,729,0,0.25,-1.7784517562207431,-0.4446129390551858,0.0004658378634565723,-0.44507877691864234,-0.2223064695275929,,
4,R_SHUFFLE,OC,Drishti_GS,delta_pre,POST_HOC_EXPLORATORY,37,37,37,0,DESCRIPTIVE,-0.245654915853923,-0.14595651929602838,-0.7726658587482135,0.29977592963953437,-1.9236027360455878,-1.3701723240856172,4,12,25,0,0.25,-0.24565491585392302,-0.061413728963480754,0.018973337512766447,-0.0803870664762472,-0.030706864481740377,,
4,R_SHUFFLE,OC,Drishti_GS,delta_step,POST_HOC_EXPLORATORY,37,37,37,0,DESCRIPTIVE,-0.005605345843051168,1.3800048890288963e-06,-0.04737827391283815,0.036926629351027876,-0.10689304506536246,-0.07856361400062006,4,19,18,0,0.25,-0.005605345843051169,-0.0014013364607627923,0.002329229768953235,-0.003730566229716027,-0.0007006682303813961,,
4,R_SHUFFLE,OC,Drishti_GS,delta_post,POST_HOC_EXPLORATORY,37,37,37,0,DESCRIPTIVE,-0.2512602616969742,-0.19580557349792116,-0.7546945730400167,0.3055946550025538,-2.0060067613858266,-1.3732036722662944,4,12,25,0,0.25,-0.2512602616969742,-0.06281506542424355,0.018632823622699135,-0.08144788904694268,-0.03140753271212177,,
4,R_SHUFFLE,OC,ORIGA,delta_pre,POST_HOC_EXPLORATORY,586,586,586,0,DESCRIPTIVE,0.04309065205260146,0.11831677363674231,-1.598624643056148,1.4028126058364911,-3.106012259448633,-2.0714600890123522,59,322,264,0,0.25,0.04309065205260146,0.010772663013150365,0.11278054697056163,-0.10200788395741126,0.005386331506575182,,
4,R_SHUFFLE,OC,ORIGA,delta_step,POST_HOC_EXPLORATORY,586,586,586,0,DESCRIPTIVE,-0.0013632451654194853,-0.0018803535231910473,-0.041370558612932484,0.03663654515401049,-0.2573616163110799,-0.07619072294549888,59,275,311,0,0.25,-0.0013632451654194853,-0.00034081129135487133,0.003174469083146202,-0.0035152803745010733,-0.00017040564567743566,,
4,R_SHUFFLE,OC,ORIGA,delta_post,POST_HOC_EXPLORATORY,586,586,586,0,DESCRIPTIVE,0.041727406887181975,0.10597774948608674,-1.5981817285318982,1.389261417098485,-3.0933502383958427,-2.0743529699808945,59,324,262,0,0.25,0.04172740688718198,0.010431851721795496,0.11232636308240822,-0.10189451136061271,0.005215925860897748,,
4,R_SHUFFLE,OC,REFUGE,delta_pre,POST_HOC_EXPLORATORY,336,336,336,0,DESCRIPTIVE,-0.24993533174465968,-0.2213882168198893,-0.892089124695211,0.2875281313182896,-1.3954138104699467,-1.073942896511322,34,98,236,2,0.25,-0.24993533174465965,-0.06248383293616491,0.01814289854922796,-0.08062673148539287,-0.031241916468082456,,
4,R_SHUFFLE,OC,REFUGE,delta_step,POST_HOC_EXPLORATORY,336,336,336,0,DESCRIPTIVE,-0.0006877162833513816,-9.79611769551525e-05,-0.032927710066175564,0.030020253211546333,-0.0865910338254281,-0.04546300351471314,34,159,173,4,0.25,-0.0006877162833513816,-0.0001719290708378454,0.002347400909699791,-0.0025193299805376366,-8.59645354189227e-05,,
4,R_SHUFFLE,OC,REFUGE,delta_post,POST_HOC_EXPLORATORY,336,336,336,0,DESCRIPTIVE,-0.25062304802801105,-0.22366180960383275,-0.8836226055811309,0.2988807509922111,-1.3808250959670687,-1.073077327409258,34,98,238,0,0.25,-0.25062304802801105,-0.06265576200700276,0.018373782778842628,-0.08102954478584538,-0.03132788100350138,,
4,R_SHUFFLE,OC,REFUGE_Valid,delta_pre,POST_HOC_EXPLORATORY,736,736,736,0,DESCRIPTIVE,-1.012883186277845,-1.0004943433689526,-1.8008874068850105,-0.3016701664993917,-2.512534771446255,-1.9945318302126638,74,20,716,0,0.25,-1.012883186277845,-0.2532207965694612,0.0038535996389569235,-0.25707439620841815,-0.1266103982847306,,
4,R_SHUFFLE,OC,REFUGE_Valid,delta_step,POST_HOC_EXPLORATORY,736,736,736,0,DESCRIPTIVE,0.0017447349458588396,0.0004228057970010468,-0.02075773013987714,0.023402676862577465,-0.07166123193850638,-0.03225218576930271,74,392,332,12,0.25,0.0017447349458588396,0.0004361837364647099,0.002048584699847579,-0.001612400963382869,0.00021809186823235494,,
4,R_SHUFFLE,OC,REFUGE_Valid,delta_post,POST_HOC_EXPLORATORY,736,736,736,0,DESCRIPTIVE,-1.011138451331986,-1.000732881438875,-1.8048036794038715,-0.29336455112136406,-2.5045274500609764,-1.993442096380318,74,19,717,0,0.25,-1.011138451331986,-0.2527846128329965,0.003844036744424978,-0.2566286495774215,-0.12639230641649826,,
4,R_SHUFFLE,macro,Drishti_GS,delta_pre,POST_HOC_EXPLORATORY,37,37,37,0,DESCRIPTIVE,0.2192598595923058,0.25807767607716414,-0.11911224557059655,0.5657609791622648,-0.6112103306897119,-0.3518431633859991,4,29,8,0,0.25,0.2192598595923058,0.05481496489807645,0.06632745864946533,-0.011512493751388889,0.05481496489807645,,
4,R_SHUFFLE,macro,Drishti_GS,delta_step,POST_HOC_EXPLORATORY,37,37,37,0,DESCRIPTIVE,-0.0037623263169427592,-0.005160156051609022,-0.023645579558382222,0.018207337700696512,-0.05366510925909296,-0.03681173242352909,4,16,21,0,0.25,-0.0037623263169427597,-0.0009405815792356899,0.0012343013075579424,-0.0021748828867936324,-0.0009405815792356899,,
4,R_SHUFFLE,macro,Drishti_GS,delta_post,POST_HOC_EXPLORATORY,37,37,37,0,DESCRIPTIVE,0.21549753327536303,0.2529175200255551,-0.10474689808518392,0.564359485016297,-0.6501797069719721,-0.34728847845248323,4,29,8,0,0.25,0.21549753327536303,0.05387438331884076,0.06517757628657811,-0.011303192967737354,0.05387438331884076,,
4,R_SHUFFLE,macro,ORIGA,delta_pre,POST_HOC_EXPLORATORY,586,586,586,0,DESCRIPTIVE,0.11595319615976855,0.1966928221523041,-1.0583149580295093,1.0163335623366745,-2.337991772441235,-1.4705284004158448,59,354,232,0,0.25,0.11595319615976855,0.02898829903994214,0.095081217649754,-0.06609291860981185,0.02898829903994214,,
4,R_SHUFFLE,macro,ORIGA,delta_step,POST_HOC_EXPLORATORY,586,586,586,0,DESCRIPTIVE,-0.0008396114085755954,-0.0008988377020244798,-0.02371746681693665,0.02129120228519099,-0.4279775549170495,-0.052231751281341623,59,277,309,0,0.25,-0.0008396114085755954,-0.00020990285214389886,0.0020188690759194708,-0.0022287719280633697,-0.00020990285214389886,,
4,R_SHUFFLE,macro,ORIGA,delta_post,POST_HOC_EXPLORATORY,586,586,586,0,DESCRIPTIVE,0.11511358475119296,0.2074460769858426,-1.03425102120843,1.0181871217106053,-2.3790141929392377,-1.4733325337881265,59,356,230,0,0.25,0.11511358475119296,0.02877839618779824,0.09499866293190858,-0.06622026674411033,0.02877839618779824,,
4,R_SHUFFLE,macro,REFUGE,delta_pre,POST_HOC_EXPLORATORY,336,336,336,0,DESCRIPTIVE,-0.07943179585282555,0.008254480059566305,-0.7370288107021707,0.425484626124387,-1.4056504696246783,-0.9517842460387528,34,170,165,1,0.25,-0.07943179585282555,-0.019857948963206386,0.0325800060623394,-0.05243795502554578,-0.019857948963206386,,
4,R_SHUFFLE,macro,REFUGE,delta_step,POST_HOC_EXPLORATORY,336,336,336,0,DESCRIPTIVE,-0.000766747237816366,-0.0005679019089726012,-0.018785178846055572,0.015657607675112928,-0.10145047874260626,-0.028882289825056015,34,166,170,0,0.25,-0.0007667472378163659,-0.00019168680945409148,0.001276300896592882,-0.0014679877060469735,-0.00019168680945409148,,
4,R_SHUFFLE,macro,REFUGE,delta_post,POST_HOC_EXPLORATORY,336,336,336,0,DESCRIPTIVE,-0.08019854309064191,0.0017210496401709463,-0.733253559427407,0.4313981586512661,-1.3984876037369247,-0.9499501271535298,34,169,167,0,0.25,-0.08019854309064191,-0.020049635772660477,0.03263177101314594,-0.05268140678580642,-0.020049635772660477,,
4,R_SHUFFLE,macro,REFUGE_Valid,delta_pre,POST_HOC_EXPLORATORY,736,736,736,0,DESCRIPTIVE,-1.396289859519249,-1.4683284737623445,-2.0492802938202264,-0.6344028506100887,-3.414827540400239,-2.239787397664807,74,6,730,0,0.25,-1.396289859519249,-0.34907246487981225,0.0008086171173034659,-0.3498810819971157,-0.34907246487981225,,
4,R_SHUFFLE,macro,REFUGE_Valid,delta_step,POST_HOC_EXPLORATORY,736,736,736,0,DESCRIPTIVE,0.0014947557428844156,0.001725775240918992,-0.014466945498419648,0.01703240621609048,-0.136325544575584,-0.02418848453097946,74,401,335,0,0.25,0.0014947557428844156,0.0003736889357211039,0.0015189157506511155,-0.0011452268149300115,0.0003736889357211039,,
4,R_SHUFFLE,macro,REFUGE_Valid,delta_post,POST_HOC_EXPLORATORY,736,736,736,0,DESCRIPTIVE,-1.3947951037763646,-1.4740313715200166,-2.0390113509246035,-0.6362213148845388,-3.394319244505329,-2.235883654177892,74,6,730,0,0.25,-1.3947951037763646,-0.34869877594409115,0.0007902123382808842,-0.349488988282372,-0.34869877594409115,,
primary,C,OD,Drishti_GS,delta_pre,POST_HOC_EXPLORATORY,74,37,74,0,DESCRIPTIVE,1.1390564886630468,0.6091461897020807,0.08783696192550111,2.91796288369287,-3.4932560374605544,-0.8770492726874686,8,69,5,0,0.25,1.139056488663047,0.28476412216576175,0.3090027020494757,-0.02423857988371399,0.14238206108288087,0.14238206108288087,
primary,C,OD,Drishti_GS,delta_step,POST_HOC_EXPLORATORY,74,37,74,0,DESCRIPTIVE,0.0016786204350041018,0.001694228399031772,-0.011400480656304522,0.015895895712165504,-0.030271414025378363,-0.01675721940872954,8,41,33,0,0.25,0.001678620435004102,0.0004196551087510255,0.0013180191765490357,-0.0008983640677980104,0.00020982755437551275,0.00020982755437551275,
primary,C,OD,Drishti_GS,delta_post,POST_HOC_EXPLORATORY,74,37,74,0,DESCRIPTIVE,1.1407351090980509,0.6079774571880989,0.10192285868505452,2.916999398590029,-3.5051713369274893,-0.8758946917975532,8,69,5,0,0.25,1.1407351090980509,0.2851837772745127,0.3094829354626589,-0.02429915818814621,0.14259188863725636,0.14259188863725636,
primary,C,OD,ORIGA,delta_pre,POST_HOC_EXPLORATORY,1172,586,1172,0,DESCRIPTIVE,0.5076333565039198,0.3845815562040684,-0.7840476112724474,2.0596738329822806,-3.795569839111508,-1.4835401052511967,118,801,371,0,0.25,0.5076333565039198,0.12690833912597996,0.17916150398544078,-0.05225316485946084,0.06345416956298998,0.06345416956298998,
primary,C,OD,ORIGA,delta_step,POST_HOC_EXPLORATORY,1172,586,1172,0,DESCRIPTIVE,0.002221355568830006,0.0010998315215218213,-0.015472132455676045,0.02402376002667245,-1.0916546104962634,-0.046690597957330375,118,634,538,0,0.25,0.002221355568830006,0.0005553388922075015,0.0022498975000036356,-0.0016945586077961343,0.00027766944610375076,0.00027766944610375076,
primary,C,OD,ORIGA,delta_post,POST_HOC_EXPLORATORY,1172,586,1172,0,DESCRIPTIVE,0.5098547120727498,0.3833218408456034,-0.7875509945569064,2.0522277775003865,-3.7841624674369,-1.4740292058836868,118,807,365,0,0.25,0.5098547120727498,0.12746367801818745,0.17924815842580047,-0.05178448040761302,0.06373183900909372,0.06373183900909372,
primary,C,OD,REFUGE,delta_pre,POST_HOC_EXPLORATORY,672,336,672,0,DESCRIPTIVE,-0.11544723605418394,-0.10088516566297301,-0.6931476461831593,0.4393432766513781,-1.3050642051466639,-0.8903627200771264,68,281,390,1,0.25,-0.11544723605418393,-0.028861809013545982,0.029910681742900267,-0.05877249075644625,-0.014430904506772991,-0.014430904506772991,
primary,C,OD,REFUGE,delta_step,POST_HOC_EXPLORATORY,672,336,672,0,DESCRIPTIVE,-0.001696029817517782,-0.0008795613020495807,-0.018018916484572853,0.013885554690760669,-0.46600647381227134,-0.03612911432718846,68,310,359,3,0.25,-0.001696029817517782,-0.0004240074543794455,0.0012029816035930376,-0.0016269890579724833,-0.00021200372718972274,-0.00021200372718972274,
primary,C,OD,REFUGE,delta_post,POST_HOC_EXPLORATORY,672,336,672,0,DESCRIPTIVE,-0.11714326587170172,-0.09379678600725327,-0.6982764883869435,0.43124571004603207,-1.3052320481327087,-0.8914582616153329,68,277,395,0,0.25,-0.11714326587170172,-0.02928581646792543,0.029898494576887324,-0.059184311044812754,-0.014642908233962715,-0.014642908233962715,
primary,C,OD,REFUGE_Valid,delta_pre,POST_HOC_EXPLORATORY,1472,736,1472,0,DESCRIPTIVE,-2.168876316339034,-2.1142667848976373,-6.8173558854367515,3.23757603901061,-11.671743465693417,-7.554118307442614,148,506,966,0,0.25,-2.1688763163390337,-0.5422190790847584,0.19481876165767104,-0.7370378407424295,-0.2711095395423792,-0.2711095395423792,
primary,C,OD,REFUGE_Valid,delta_step,POST_HOC_EXPLORATORY,1472,736,1472,0,DESCRIPTIVE,0.0015559032028963262,0.0010431392117276062,-0.02392558826393412,0.02927250250223069,-0.45105411820922825,-0.06428071274942174,148,780,690,2,0.25,0.0015559032028963262,0.00038897580072408156,0.002864672550766258,-0.0024756967500421763,0.00019448790036204078,0.00019448790036204078,
primary,C,OD,REFUGE_Valid,delta_post,POST_HOC_EXPLORATORY,1472,736,1472,0,DESCRIPTIVE,-2.1673204131361374,-2.032766732930938,-6.834739295471807,3.2609040860645786,-11.474685611949688,-7.548499181355989,148,503,969,0,0.25,-2.1673204131361374,-0.5418301032840344,0.1954620152685424,-0.7372921185525768,-0.2709150516420172,-0.2709150516420172,
primary,C,OC,Drishti_GS,delta_pre,POST_HOC_EXPLORATORY,74,37,74,0,DESCRIPTIVE,2.3275284071085207,0.5652722845140623,-0.09236002715804115,7.051728445922476,-7.949688567436958,-3.824724160587169,8,62,12,0,0.25,2.3275284071085207,0.5818821017771302,0.6855960818173361,-0.10371398004020592,0.2909410508885651,0.2909410508885651,
primary,C,OC,Drishti_GS,delta_step,POST_HOC_EXPLORATORY,74,37,74,0,DESCRIPTIVE,0.009618474445611752,0.010288083768045908,-0.02014469716825715,0.04142377904533632,-0.05525083414383403,-0.03709149909784859,8,45,28,1,0.25,0.009618474445611754,0.0024046186114029386,0.003843516161638427,-0.0014388975502354884,0.0012023093057014693,0.0012023093057014693,
primary,C,OC,Drishti_GS,delta_post,POST_HOC_EXPLORATORY,74,37,74,0,DESCRIPTIVE,2.3371468815541325,0.6069996079076212,-0.06785371470694129,7.06075909982907,-7.931309982002098,-3.8137155011036086,8,63,11,0,0.25,2.3371468815541325,0.5842867203885331,0.6876931600038994,-0.1034064396153662,0.29214336019426657,0.29214336019426657,
primary,C,OC,ORIGA,delta_pre,POST_HOC_EXPLORATORY,1172,586,1172,0,DESCRIPTIVE,0.11787245080614907,0.06895102967658673,-2.235219304046225,2.6085337441808174,-7.257534597407695,-3.317606316859786,118,602,570,0,0.25,0.11787245080614907,0.029468112701537267,0.19648481813253993,-0.16701670543100267,0.014734056350768633,0.014734056350768633,
primary,C,OC,ORIGA,delta_step,POST_HOC_EXPLORATORY,1172,586,1172,0,DESCRIPTIVE,-0.0008613146005235311,0.002914398652439587,-0.03587022175331569,0.04180622363794697,-3.345073598054796,-0.11954400244761482,118,632,540,0,0.25,-0.0008613146005235309,-0.00021532865013088273,0.004140578019928745,-0.004355906670059627,-0.00010766432506544137,-0.00010766432506544137,
primary,C,OC,ORIGA,delta_post,POST_HOC_EXPLORATORY,1172,586,1172,0,DESCRIPTIVE,0.11701113620562553,0.07052374354860547,-2.245574210918184,2.6073169178690883,-6.762191606812195,-3.3105636647716863,118,610,562,0,0.25,0.11701113620562553,0.029252784051406383,0.1958620085092885,-0.16660922445788212,0.014626392025703192,0.014626392025703192,
primary,C,OC,REFUGE,delta_pre,POST_HOC_EXPLORATORY,672,336,672,0,DESCRIPTIVE,-0.4068184831476378,-0.20422701685373568,-2.0006367038323702,0.9485693111757342,-3.5147828722597296,-2.495862920315954,68,283,388,1,0.25,-0.40681848314763774,-0.10170462078690944,0.06748655702750359,-0.16919117781441304,-0.05085231039345472,-0.05085231039345472,
primary,C,OC,REFUGE,delta_step,POST_HOC_EXPLORATORY,672,336,672,0,DESCRIPTIVE,0.0001119584323409137,0.0001937732701975392,-0.03397181988171809,0.03486582294585786,-0.14341052241822183,-0.05560731909775097,68,341,327,4,0.25,0.0001119584323409138,2.798960808522845e-05,0.0027422952248822214,-0.002714305616796993,1.3994804042614225e-05,1.3994804042614225e-05,
primary,C,OC,REFUGE,delta_post,POST_HOC_EXPLORATORY,672,336,672,0,DESCRIPTIVE,-0.4067065247152969,-0.19805037196965003,-1.9954376615717677,0.9546588440198788,-3.578542657758973,-2.5057743592574133,68,280,392,0,0.25,-0.40670652471529684,-0.10167663117882421,0.06792951413001247,-0.1696061453088367,-0.050838315589412104,-0.050838315589412104,
primary,C,OC,REFUGE_Valid,delta_pre,POST_HOC_EXPLORATORY,1472,736,1472,0,DESCRIPTIVE,-1.5597916978061113,-0.8733910892451675,-5.565077376741578,3.0375357287269193,-8.343311605744518,-6.196166132228442,148,550,922,0,0.25,-1.5597916978061113,-0.3899479244515278,0.18558677271620583,-0.5755346971677336,-0.1949739622257639,-0.1949739622257639,
primary,C,OC,REFUGE_Valid,delta_step,POST_HOC_EXPLORATORY,1472,736,1472,0,DESCRIPTIVE,0.0021785404558828814,0.0005744413201647092,-0.02377950565859237,0.02977651502230999,-0.1815208082458497,-0.0432762547159997,148,752,705,15,0.25,0.0021785404558828814,0.0005446351139707204,0.0025383738109450503,-0.00199373869697433,0.0002723175569853602,0.0002723175569853602,
primary,C,OC,REFUGE_Valid,delta_post,POST_HOC_EXPLORATORY,1472,736,1472,0,DESCRIPTIVE,-1.5576131573502285,-0.8640710946913224,-5.548000972255794,3.036698747957274,-8.334282592560527,-6.196744371262504,148,550,922,0,0.25,-1.5576131573502285,-0.38940328933755713,0.1862167290526945,-0.5756200183902516,-0.19470164466877857,-0.19470164466877857,
primary,C,macro,Drishti_GS,delta_pre,POST_HOC_EXPLORATORY,74,37,74,0,DESCRIPTIVE,1.7332924478857836,0.5653773448631796,0.05610665180459762,4.768202193010988,-5.244971213627625,-1.953113031908067,8,68,6,0,0.25,1.7332924478857838,0.43332311197144596,0.4863649702563088,-0.053041858284862874,0.43332311197144596,0.43332311197144596,
primary,C,macro,Drishti_GS,delta_step,POST_HOC_EXPLORATORY,74,37,74,0,DESCRIPTIVE,0.0056485474403079276,0.004920761788635986,-0.010306364069835894,0.02434438080060062,-0.030686289113972975,-0.018218744554919564,8,48,26,0,0.25,0.0056485474403079276,0.0014121368600769819,0.002223321700281947,-0.000811184840204965,0.0014121368600769819,0.0014121368600769819,
primary,C,macro,Drishti_GS,delta_post,POST_HOC_EXPLORATORY,74,37,74,0,DESCRIPTIVE,1.7389409953260917,0.5671476930748298,0.05068308109063833,4.77510836159614,-5.2351373599214135,-1.9554356693158246,8,68,6,0,0.25,1.7389409953260917,0.4347352488315229,0.48776427113373416,-0.053029022302211244,0.4347352488315229,0.4347352488315229,
primary,C,macro,ORIGA,delta_pre,POST_HOC_EXPLORATORY,1172,586,1172,0,DESCRIPTIVE,0.31275290365503444,0.21382882641375112,-1.2663314504462206,2.1067456801856634,-5.329559521348614,-2.01067393985402,118,690,482,0,0.25,0.31275290365503444,0.07818822591375861,0.16701790296732974,-0.08882967705357114,0.07818822591375861,0.07818822591375861,
primary,C,macro,ORIGA,delta_step,POST_HOC_EXPLORATORY,1172,586,1172,0,DESCRIPTIVE,0.0006800204841532374,0.0015321641308965184,-0.019889552192152493,0.02641829478431781,-1.7405410033397857,-0.07463338181973557,118,632,540,0,0.25,0.0006800204841532375,0.00017000512103830938,0.002771354242816921,-0.0026013491217786113,0.00017000512103830938,0.00017000512103830938,
primary,C,macro,ORIGA,delta_post,POST_HOC_EXPLORATORY,1172,586,1172,0,DESCRIPTIVE,0.31343292413918766,0.22785551097731727,-1.2619776542997194,2.099312699468843,-5.176936724678555,-1.9974144082676926,118,694,478,0,0.25,0.31343292413918766,0.07835823103479692,0.16672533637229917,-0.08836710533750224,0.07835823103479692,0.07835823103479692,
primary,C,macro,REFUGE,delta_pre,POST_HOC_EXPLORATORY,672,336,672,0,DESCRIPTIVE,-0.26113285960091087,-0.13267222135770496,-1.1837504552473432,0.4974006486762311,-2.1262888097425403,-1.4823325281078268,68,285,386,1,0.25,-0.26113285960091087,-0.06528321490022772,0.036014008598320955,-0.10129722349854867,-0.06528321490022772,-0.06528321490022772,
primary,C,macro,REFUGE,delta_step,POST_HOC_EXPLORATORY,672,336,672,0,DESCRIPTIVE,-0.0007920356925884342,0.00014391026931548367,-0.02047601927085907,0.018336279498523563,-0.23356854829731333,-0.034792116138019684,68,339,333,0,0.25,-0.0007920356925884342,-0.00019800892314710854,0.0015219198382726746,-0.0017199287614197833,-0.00019800892314710854,-0.00019800892314710854,
primary,C,macro,REFUGE,delta_post,POST_HOC_EXPLORATORY,672,336,672,0,DESCRIPTIVE,-0.26192489529349927,-0.141758740935078,-1.184913224815162,0.4884291814586404,-2.157197202009087,-1.4859152021425521,68,284,388,0,0.25,-0.26192489529349927,-0.06548122382337482,0.03624214635804281,-0.10172337018141762,-0.06548122382337482,-0.06548122382337482,
primary,C,macro,REFUGE_Valid,delta_pre,POST_HOC_EXPLORATORY,1472,736,1472,0,DESCRIPTIVE,-1.8643340070725727,-1.3533987823008466,-6.0195834538713955,3.0906034947627092,-7.9494689209965586,-6.442184326861113,148,522,950,0,0.25,-1.8643340070725727,-0.46608350176814317,0.18482100657883674,-0.6509045083469799,-0.46608350176814317,-0.46608350176814317,
primary,C,macro,REFUGE_Valid,delta_step,POST_HOC_EXPLORATORY,1472,736,1472,0,DESCRIPTIVE,0.001867221829389604,0.0016598123402662424,-0.01761089891034473,0.02426120835880106,-0.2095688666531217,-0.0402430685409146,148,793,679,0,0.25,0.001867221829389604,0.000466805457347401,0.0021481072063156935,-0.0016813017489682924,0.000466805457347401,0.000466805457347401,
primary,C,macro,REFUGE_Valid,delta_post,POST_HOC_EXPLORATORY,1472,736,1472,0,DESCRIPTIVE,-1.862466785243183,-1.333779113286182,-6.022841181860516,3.0970165962997576,-7.95917848331711,-6.441047767102127,148,525,947,0,0.25,-1.8624667852431829,-0.4656166963107957,0.18549626214529644,-0.6511129584560922,-0.4656166963107957,-0.4656166963107957,
primary,R_SCALE,OD,Drishti_GS,delta_pre,POST_HOC_EXPLORATORY,74,37,74,0,DESCRIPTIVE,0.08010424996073916,0.06045647155080758,-0.14423913421464504,0.3034820541884855,-0.38049784765404127,-0.22246993273489402,8,50,24,0,0.25,0.08010424996073916,0.02002606249018479,0.029546599446296562,-0.00952053695611177,0.010013031245092395,0.010013031245092395,
primary,R_SCALE,OD,Drishti_GS,delta_step,POST_HOC_EXPLORATORY,74,37,74,0,DESCRIPTIVE,0.0023576832385349524,0.0029741217614827065,-0.010987213564254715,0.01277587121420965,-0.029888045827902943,-0.017121278331353906,8,43,31,0,0.25,0.0023576832385349524,0.0005894208096337381,0.0013241085420997417,-0.0007346877324660035,0.00029471040481686905,0.00029471040481686905,
primary,R_SCALE,OD,Drishti_GS,delta_post,POST_HOC_EXPLORATORY,74,37,74,0,DESCRIPTIVE,0.08246193319927411,0.051314591656911546,-0.14207941534729115,0.3134102696171979,-0.39350344668831383,-0.2254421592721183,8,50,24,0,0.25,0.08246193319927411,0.020615483299818528,0.030106396718067422,-0.009490913418248892,0.010307741649909264,0.010307741649909264,
primary,R_SCALE,OD,ORIGA,delta_pre,POST_HOC_EXPLORATORY,1172,586,1172,0,DESCRIPTIVE,0.16626607920042788,0.11507946188881135,-1.0784772631515664,1.576530957532052,-4.372402378379604,-1.8248348363037574,118,653,519,0,0.25,0.16626607920042788,0.04156651980010697,0.12018364206704171,-0.07861712226693474,0.020783259900053485,0.020783259900053485,
primary,R_SCALE,OD,ORIGA,delta_step,POST_HOC_EXPLORATORY,1172,586,1172,0,DESCRIPTIVE,0.0037384040083391673,0.001291779591504394,-0.014624819155817191,0.021913701729025094,-0.515050483036319,-0.035199110381887555,118,660,511,1,0.25,0.0037384040083391673,0.0009346010020847918,0.0022461839405442255,-0.0013115829384594338,0.0004673005010423959,0.0004673005010423959,
primary,R_SCALE,OD,ORIGA,delta_post,POST_HOC_EXPLORATORY,1172,586,1172,0,DESCRIPTIVE,0.17000448320876704,0.11303429211317706,-1.0721725486612483,1.573021440717986,-4.383320977126999,-1.8097110906411369,118,654,518,0,0.25,0.17000448320876704,0.04250112080219176,0.12020239431798366,-0.07770127351579188,0.02125056040109588,0.02125056040109588,
primary,R_SCALE,OD,REFUGE,delta_pre,POST_HOC_EXPLORATORY,672,336,672,0,DESCRIPTIVE,0.07798414129894912,-0.08332696833562636,-1.7005376942068762,2.2486133975433966,-3.175360280758298,-2.2336178592098017,68,310,360,2,0.25,0.07798414129894911,0.019496035324737277,0.1489471897010529,-0.1294511543763156,0.009748017662368639,0.009748017662368639,
primary,R_SCALE,OD,REFUGE,delta_step,POST_HOC_EXPLORATORY,672,336,672,0,DESCRIPTIVE,-0.0026001057392058663,-0.0021488917193792645,-0.020052816318688826,0.013979858982042969,-0.3143467122611838,-0.033922546975403256,68,288,380,4,0.25,-0.0026001057392058663,-0.0006500264348014666,0.001116550854671206,-0.0017665772894726725,-0.0003250132174007333,-0.0003250132174007333,
primary,R_SCALE,OD,REFUGE,delta_post,POST_HOC_EXPLORATORY,672,336,672,0,DESCRIPTIVE,0.07538403555974325,-0.07694192896537544,-1.7062693832673559,2.248397411689721,-3.1901895515242273,-2.2376031558853526,68,310,362,0,0.25,0.07538403555974325,0.018846008889935813,0.14896113422990645,-0.13011512533997063,0.009423004444967907,0.009423004444967907,
primary,R_SCALE,OD,REFUGE_Valid,delta_pre,POST_HOC_EXPLORATORY,1472,736,1472,0,DESCRIPTIVE,1.181690045564434,-0.2377013612923804,-1.258139965054879,5.934869332023457,-5.2605841472952335,-1.604219416716062,148,654,818,0,0.25,1.181690045564434,0.2954225113911085,0.410432483489307,-0.11500997209819855,0.14771125569555424,0.14771125569555424,
primary,R_SCALE,OD,REFUGE_Valid,delta_step,POST_HOC_EXPLORATORY,1472,736,1472,0,DESCRIPTIVE,0.005547325064660245,0.004864476909993698,-0.018018981543836077,0.030762903774767383,-0.31390901942427263,-0.04793086631844636,148,924,546,2,0.25,0.005547325064660245,0.0013868312661650612,0.0030636442301566406,-0.0016768129639915795,0.0006934156330825306,0.0006934156330825306,
primary,R_SCALE,OD,REFUGE_Valid,delta_post,POST_HOC_EXPLORATORY,1472,736,1472,0,DESCRIPTIVE,1.1872373706290942,-0.2337788029373442,-1.252206937523755,5.957709366041401,-5.262629254857117,-1.601520985133942,148,654,818,0,0.25,1.1872373706290942,0.29680934265727354,0.4117426910293865,-0.11493334837211294,0.14840467132863677,0.14840467132863677,
primary,R_SCALE,OC,Drishti_GS,delta_pre,POST_HOC_EXPLORATORY,74,37,74,0,DESCRIPTIVE,0.1606223545470554,0.1633834076728995,-0.3985316303008744,0.655998107984157,-0.9317755727044386,-0.7436903700736321,8,57,17,0,0.25,0.1606223545470554,0.04015558863676385,0.06345522352024202,-0.023299634883478165,0.020077794318381924,0.020077794318381924,
primary,R_SCALE,OC,Drishti_GS,delta_step,POST_HOC_EXPLORATORY,74,37,74,0,DESCRIPTIVE,0.0021402332647636377,0.003283924841394281,-0.029195885647372678,0.030111252176213563,-0.07788387663962482,-0.05505130480738618,8,39,34,1,0.25,0.0021402332647636377,0.0005350583161909094,0.002943297977580792,-0.0024082396613898825,0.0002675291580954547,0.0002675291580954547,
primary,R_SCALE,OC,Drishti_GS,delta_post,POST_HOC_EXPLORATORY,74,37,74,0,DESCRIPTIVE,0.16276258781181904,0.15327855110214017,-0.385153931270365,0.6591948505846802,-0.8930167552370278,-0.7247098022499294,8,55,19,0,0.25,0.16276258781181904,0.04069064695295476,0.06425743203275472,-0.023566785079799965,0.02034532347647738,0.02034532347647738,
primary,R_SCALE,OC,ORIGA,delta_pre,POST_HOC_EXPLORATORY,1172,586,1172,0,DESCRIPTIVE,-0.08743809936948685,0.007021615910847601,-2.4154157793915063,2.056553270386189,-6.380090747187708,-3.502440793687727,118,588,584,0,0.25,-0.08743809936948685,-0.021859524842371712,0.159063215011523,-0.18092273985389473,-0.010929762421185856,-0.010929762421185856,
primary,R_SCALE,OC,ORIGA,delta_step,POST_HOC_EXPLORATORY,1172,586,1172,0,DESCRIPTIVE,0.00107615742687947,0.0021883570940914865,-0.03382777209827026,0.03794225726302615,-1.925768987849544,-0.098815534249878,118,624,546,2,0.25,0.0010761574268794703,0.00026903935671986756,0.0038816343489384347,-0.003612594992218567,0.00013451967835993378,0.00013451967835993378,
primary,R_SCALE,OC,ORIGA,delta_post,POST_HOC_EXPLORATORY,1172,586,1172,0,DESCRIPTIVE,-0.08636194194260738,0.009905230821701139,-2.4213384392960235,2.0607281478387964,-6.392942177391944,-3.4899336793037734,118,591,581,0,0.25,-0.08636194194260738,-0.021590485485651845,0.1587671788979083,-0.18035766438356016,-0.010795242742825922,-0.010795242742825922,
primary,R_SCALE,OC,REFUGE,delta_pre,POST_HOC_EXPLORATORY,672,336,672,0,DESCRIPTIVE,0.8774942379303199,0.5928992311447985,-0.9159661527184824,3.0461504580562417,-3.942643373800095,-1.7876210369931835,68,485,185,2,0.25,0.8774942379303199,0.21937355948257997,0.2802354416278597,-0.06086188214527969,0.10968677974128999,0.10968677974128999,
primary,R_SCALE,OC,REFUGE,delta_step,POST_HOC_EXPLORATORY,672,336,672,0,DESCRIPTIVE,0.00025491585114715117,-3.7940678623726853e-05,-0.03435590333582752,0.035448602440399664,-0.15050507983701777,-0.051742141596277824,68,334,336,2,0.25,0.0002549158511471511,6.372896278678778e-05,0.002706421567614216,-0.002642692604827428,3.186448139339389e-05,3.186448139339389e-05,
primary,R_SCALE,OC,REFUGE,delta_post,POST_HOC_EXPLORATORY,672,336,672,0,DESCRIPTIVE,0.8777491537814671,0.606914604930644,-0.9345915115760688,3.0426836611491757,-3.9245794691604914,-1.7894033571544483,68,484,188,0,0.25,0.877749153781467,0.21943728844536675,0.280297503311595,-0.06086021486622821,0.10971864422268338,0.10971864422268338,
primary,R_SCALE,OC,REFUGE_Valid,delta_pre,POST_HOC_EXPLORATORY,1472,736,1472,0,DESCRIPTIVE,1.0303561044584655,-0.1313197521180811,-0.5953866059566216,4.7423212839270175,-6.062174082533097,-0.9793227888261754,148,658,813,1,0.25,1.0303561044584655,0.25758902611461637,0.31892671723516236,-0.06133769112054596,0.12879451305730819,0.12879451305730819,
primary,R_SCALE,OC,REFUGE_Valid,delta_step,POST_HOC_EXPLORATORY,1472,736,1472,0,DESCRIPTIVE,0.00442371440300534,0.003636556600888241,-0.023350924306211596,0.031037969606693142,-0.2009454218734561,-0.041807622900368824,148,852,602,18,0.25,0.00442371440300534,0.001105928600751335,0.0028376582943922418,-0.0017317296936409069,0.0005529643003756675,0.0005529643003756675,
primary,R_SCALE,OC,REFUGE_Valid,delta_post,POST_HOC_EXPLORATORY,1472,736,1472,0,DESCRIPTIVE,1.034779818861471,-0.1274856175557808,-0.5922015536430962,4.7460288565307085,-6.072021175834031,-0.9769540127728467,148,658,811,3,0.25,1.034779818861471,0.25869495471536774,0.3199252610758483,-0.061230306360480546,0.12934747735768387,0.12934747735768387,
primary,R_SCALE,macro,Drishti_GS,delta_pre,POST_HOC_EXPLORATORY,74,37,74,0,DESCRIPTIVE,0.12036330225389728,0.16991870111161944,-0.19097416225088712,0.3475121157708188,-0.5726778935592627,-0.42003954789084963,8,61,13,0,0.25,0.12036330225389728,0.03009082556347432,0.04258146828065749,-0.012490642717183167,0.03009082556347432,0.03009082556347432,
primary,R_SCALE,macro,Drishti_GS,delta_step,POST_HOC_EXPLORATORY,74,37,74,0,DESCRIPTIVE,0.0022489582516492953,0.003456144578322551,-0.019818266689589584,0.01890615657837991,-0.04200007825329166,-0.031343114616971146,8,43,31,0,0.25,0.0022489582516492953,0.0005622395629123238,0.001890378827641516,-0.001328139264729192,0.0005622395629123238,0.0005622395629123238,
primary,R_SCALE,macro,Drishti_GS,delta_post,POST_HOC_EXPLORATORY,74,37,74,0,DESCRIPTIVE,0.12261226050554658,0.16911457552443743,-0.18248642984130325,0.35069736427295306,-0.5613431336799124,-0.4120534702504788,8,61,13,0,0.25,0.12261226050554658,0.030653065126386644,0.04300938930039048,-0.01235632417400383,0.030653065126386644,0.030653065126386644,
primary,R_SCALE,macro,ORIGA,delta_pre,POST_HOC_EXPLORATORY,1172,586,1172,0,DESCRIPTIVE,0.03941398991547052,0.057209687886453864,-1.50560867729544,1.6949049818437638,-4.875330092703145,-2.3104740855784445,118,609,563,0,0.25,0.03941398991547052,0.00985349747886763,0.12281906253831797,-0.11296556505945034,0.00985349747886763,0.00985349747886763,
primary,R_SCALE,macro,ORIGA,delta_step,POST_HOC_EXPLORATORY,1172,586,1172,0,DESCRIPTIVE,0.0024072807176093187,0.001776037167353195,-0.01935615063778968,0.02424651343306934,-0.9074641714196297,-0.055845261432816914,118,652,520,0,0.25,0.0024072807176093187,0.0006018201794023297,0.002608428427869813,-0.002006608248467483,0.0006018201794023297,0.0006018201794023297,
primary,R_SCALE,macro,ORIGA,delta_post,POST_HOC_EXPLORATORY,1172,586,1172,0,DESCRIPTIVE,0.04182127063307984,0.05935096468709844,-1.5053351242216195,1.6982080335591385,-4.844035912127374,-2.298953471898591,118,609,563,0,0.25,0.04182127063307984,0.01045531765826996,0.12271420079222917,-0.1122588831339592,0.01045531765826996,0.01045531765826996,
primary,R_SCALE,macro,REFUGE,delta_pre,POST_HOC_EXPLORATORY,672,336,672,0,DESCRIPTIVE,0.4777391896146345,0.12974449900787732,-1.0160399762849037,2.404706758910062,-2.6225234120121,-1.534913840668258,68,419,252,1,0.25,0.4777391896146345,0.11943479740365863,0.18396312198034748,-0.06452832457668886,0.11943479740365863,0.11943479740365863,
primary,R_SCALE,macro,REFUGE,delta_step,POST_HOC_EXPLORATORY,672,336,672,0,DESCRIPTIVE,-0.0011725949440293576,-0.0009081358199996004,-0.020433854212848955,0.018773128319798358,-0.13790231323022084,-0.03179417970332466,68,319,353,0,0.25,-0.0011725949440293576,-0.0002931487360073394,0.001396531667886217,-0.0016896804038935564,-0.0002931487360073394,-0.0002931487360073394,
primary,R_SCALE,macro,REFUGE,delta_post,POST_HOC_EXPLORATORY,672,336,672,0,DESCRIPTIVE,0.4765665946706052,0.12788904712945737,-1.0220386695209496,2.402321686513349,-2.629260564639438,-1.5376283204595511,68,419,253,0,0.25,0.47656659467060514,0.11914164866765128,0.18381781506340272,-0.06467616639575142,0.11914164866765128,0.11914164866765128,
primary,R_SCALE,macro,REFUGE_Valid,delta_pre,POST_HOC_EXPLORATORY,1472,736,1472,0,DESCRIPTIVE,1.1060230750114497,-0.18939422205464318,-0.902434823300319,5.228300688360631,-5.6613791149141655,-1.109664768760172,148,661,811,0,0.25,1.1060230750114497,0.2765057687528624,0.3602253499988277,-0.08371958124596529,0.2765057687528624,0.2765057687528624,
primary,R_SCALE,macro,REFUGE_Valid,delta_step,POST_HOC_EXPLORATORY,1472,736,1472,0,DESCRIPTIVE,0.004985519733832792,0.003852429234195043,-0.014321650287559962,0.0263864036286247,-0.14174413521864082,-0.031704787661269614,148,906,566,0,0.25,0.004985519733832792,0.001246379933458198,0.002429625785684167,-0.001183245852225969,0.001246379933458198,0.001246379933458198,
primary,R_SCALE,macro,REFUGE_Valid,delta_post,POST_HOC_EXPLORATORY,1472,736,1472,0,DESCRIPTIVE,1.1110085947452826,-0.18480736125678732,-0.8976206400585641,5.235077791807552,-5.667325215345574,-1.1063318329180147,148,665,807,0,0.25,1.1110085947452826,0.27775214868632064,0.3614000000705406,-0.08364785138421996,0.27775214868632064,0.27775214868632064,
primary,R_SHUFFLE,OD,Drishti_GS,delta_pre,POST_HOC_EXPLORATORY,74,37,74,0,DESCRIPTIVE,0.041707439941603176,0.04256634542478821,-0.18971544693882123,0.29810517016465354,-0.6221070061062051,-0.3135193873438311,8,41,33,0,0.25,0.041707439941603176,0.010426859985400794,0.02715285018506771,-0.016725990199666915,0.005213429992700397,0.005213429992700397,
primary,R_SHUFFLE,OD,Drishti_GS,delta_step,POST_HOC_EXPLORATORY,74,37,74,0,DESCRIPTIVE,0.002408400247047267,0.0014181510522419671,-0.008688302790807257,0.013887948902984705,-0.025702427036335962,-0.015488910143263368,8,46,28,0,0.25,0.002408400247047267,0.0006021000617618167,0.0012872017702766688,-0.0006851017085148522,0.00030105003088090837,0.00030105003088090837,
primary,R_SHUFFLE,OD,Drishti_GS,delta_post,POST_HOC_EXPLORATORY,74,37,74,0,DESCRIPTIVE,0.044115840188650446,0.046568873496916297,-0.19502744886382145,0.30750094275135786,-0.6300762567849887,-0.3151088743079935,8,41,33,0,0.25,0.044115840188650446,0.011028960047162611,0.02770648575829604,-0.01667752571113343,0.005514480023581306,0.005514480023581306,
primary,R_SHUFFLE,OD,ORIGA,delta_pre,POST_HOC_EXPLORATORY,1172,586,1172,0,DESCRIPTIVE,0.13071924914264116,0.04846767753203096,-1.2285587380334875,1.702729656692164,-4.5544577407614355,-1.9740459843293952,118,619,553,0,0.25,0.13071924914264116,0.03267981228566029,0.12040868182707805,-0.08772886954141776,0.016339906142830145,0.016339906142830145,
primary,R_SHUFFLE,OD,ORIGA,delta_step,POST_HOC_EXPLORATORY,1172,586,1172,0,DESCRIPTIVE,0.0039954096223371515,0.0015752468485175086,-0.013408114670860982,0.02084375294199107,-0.4388928935536853,-0.03252450110489262,118,660,509,3,0.25,0.0039954096223371515,0.0009988524055842879,0.0022178048490894883,-0.0012189524435052002,0.0004994262027921439,0.0004994262027921439,
primary,R_SHUFFLE,OD,ORIGA,delta_post,POST_HOC_EXPLORATORY,1172,586,1172,0,DESCRIPTIVE,0.13471465876497832,0.054761023734378966,-1.2151594864181219,1.6729758582143255,-4.58047306351034,-1.959159962989902,118,621,551,0,0.25,0.13471465876497832,0.03367866469124458,0.12045881086614202,-0.08678014617489745,0.01683933234562229,0.01683933234562229,
primary,R_SHUFFLE,OD,REFUGE,delta_pre,POST_HOC_EXPLORATORY,672,336,672,0,DESCRIPTIVE,0.13984555599363765,-0.07757753844256854,-1.8250569490149176,2.6623240307046268,-3.4099833218506177,-2.394020487801528,68,313,358,1,0.25,0.13984555599363765,0.034961388998409414,0.17355369227054723,-0.1385923032721378,0.017480694499204707,0.017480694499204707,
primary,R_SHUFFLE,OD,REFUGE,delta_step,POST_HOC_EXPLORATORY,672,336,672,0,DESCRIPTIVE,-0.003586375987693682,-0.0028627463483346105,-0.020776997633734594,0.01220855321108587,-0.27802722617552433,-0.032737357533362356,68,266,406,0,0.25,-0.003586375987693682,-0.0008965939969234206,0.000951511504336517,-0.0018481055012599375,-0.0004482969984617103,-0.0004482969984617103,
primary,R_SHUFFLE,OD,REFUGE,delta_post,POST_HOC_EXPLORATORY,672,336,672,0,DESCRIPTIVE,0.13625918000594398,-0.07802704959244267,-1.8376434972907674,2.6625610291906847,-3.3992425270563587,-2.3979718745533347,68,312,360,0,0.25,0.13625918000594398,0.034064795001485994,0.17343458911522816,-0.13936979411374217,0.017032397500742997,0.017032397500742997,
primary,R_SHUFFLE,OD,REFUGE_Valid,delta_pre,POST_HOC_EXPLORATORY,1472,736,1472,0,DESCRIPTIVE,1.4930223835253447,0.03832456371139159,-0.8794876856875561,6.262583364191798,-5.421417754876302,-1.1845404460890239,148,759,712,1,0.25,1.4930223835253444,0.3732555958813361,0.4423298407336481,-0.069074244852312,0.18662779794066806,0.18662779794066806,
primary,R_SHUFFLE,OD,REFUGE_Valid,delta_step,POST_HOC_EXPLORATORY,1472,736,1472,0,DESCRIPTIVE,0.006035381357352637,0.004469606760025613,-0.015723032150813766,0.03342827872960755,-0.31361558355256136,-0.046574699357811215,148,919,553,0,0.25,0.0060353813573526364,0.0015088453393381591,0.0031015120126849454,-0.0015926666733467863,0.0007544226696690796,0.0007544226696690796,
primary,R_SHUFFLE,OD,REFUGE_Valid,delta_post,POST_HOC_EXPLORATORY,1472,736,1472,0,DESCRIPTIVE,1.4990577648826973,0.0391810832651629,-0.8811316862061709,6.280495346056553,-5.426651582539577,-1.1796157562693685,148,759,713,0,0.25,1.4990577648826973,0.3747644412206743,0.443633930136002,-0.06886948891532771,0.18738222061033716,0.18738222061033716,
primary,R_SHUFFLE,OC,Drishti_GS,delta_pre,POST_HOC_EXPLORATORY,74,37,74,0,DESCRIPTIVE,0.16332321636969271,0.1578462588674725,-0.29170787579704294,0.607412464972299,-0.7257414438796772,-0.560138904490735,8,55,17,2,0.25,0.16332321636969274,0.040830804092423185,0.05947406501341686,-0.01864326092099368,0.020415402046211593,0.020415402046211593,
primary,R_SHUFFLE,OC,Drishti_GS,delta_step,POST_HOC_EXPLORATORY,74,37,74,0,DESCRIPTIVE,0.0027857821580522914,0.005073029931260464,-0.026009623031016102,0.03384928298863202,-0.07788868422593964,-0.05289286031435392,8,43,31,0,0.25,0.0027857821580522914,0.0006964455395130729,0.002850619508911493,-0.00215417396939842,0.0003482227697565364,0.0003482227697565364,
primary,R_SHUFFLE,OC,Drishti_GS,delta_post,POST_HOC_EXPLORATORY,74,37,74,0,DESCRIPTIVE,0.16610899852774502,0.13085767811920945,-0.28840216427507104,0.6132263295242837,-0.7183272782703014,-0.5434526546701761,8,54,19,1,0.25,0.16610899852774502,0.041527249631936256,0.05991404774336056,-0.018386798111424303,0.020763624815968128,0.020763624815968128,
primary,R_SHUFFLE,OC,ORIGA,delta_pre,POST_HOC_EXPLORATORY,1172,586,1172,0,DESCRIPTIVE,-0.04044526278361713,-0.020031802919298514,-2.3975530669188636,2.2342713983308764,-6.4564214709813825,-3.5223490326894,118,578,594,0,0.25,-0.04044526278361713,-0.010111315695904283,0.16823491531927154,-0.17834623101517583,-0.0050556578479521415,-0.0050556578479521415,
primary,R_SHUFFLE,OC,ORIGA,delta_step,POST_HOC_EXPLORATORY,1172,586,1172,0,DESCRIPTIVE,-0.00017138427164336694,0.0006763193653966937,-0.035681783052824295,0.03619955036260483,-1.9772050328599988,-0.10075966033389941,118,609,561,2,0.25,-0.00017138427164336707,-4.284606791084177e-05,0.003787836829857286,-0.003830682897768128,-2.1423033955420884e-05,-2.1423033955420884e-05,
primary,R_SHUFFLE,OC,ORIGA,delta_post,POST_HOC_EXPLORATORY,1172,586,1172,0,DESCRIPTIVE,-0.0406166470552605,-0.0023568141998850933,-2.3923244163991186,2.2537682136604364,-6.4553372965461335,-3.5095424355521554,118,585,587,0,0.25,-0.040616647055260496,-0.010154161763815124,0.1675597938442849,-0.17771395560810005,-0.005077080881907562,-0.005077080881907562,
primary,R_SHUFFLE,OC,REFUGE,delta_pre,POST_HOC_EXPLORATORY,672,336,672,0,DESCRIPTIVE,0.9316245605570137,0.6220135181512774,-0.96827263275501,3.1626137036181747,-4.081682957046112,-1.8462851112958403,68,488,182,2,0.25,0.9316245605570136,0.2329061401392534,0.295040257382953,-0.06213411724369957,0.1164530700696267,0.1164530700696267,
primary,R_SHUFFLE,OC,REFUGE,delta_step,POST_HOC_EXPLORATORY,672,336,672,0,DESCRIPTIVE,0.0001271250525947861,7.476804493933287e-05,-0.03348490210447181,0.03301611724903494,-0.13318356896537864,-0.05186747668048455,68,337,328,7,0.25,0.00012712505259478612,3.178126314869653e-05,0.0026580655929394808,-0.0026262843297907845,1.5890631574348266e-05,1.5890631574348266e-05,
primary,R_SHUFFLE,OC,REFUGE,delta_post,POST_HOC_EXPLORATORY,672,336,672,0,DESCRIPTIVE,0.9317516856096084,0.6244412401178465,-0.9660510690099812,3.1715899394850524,-4.070216666608999,-1.8537048386374404,68,490,182,0,0.25,0.9317516856096084,0.2329379214024021,0.2952559856809692,-0.062318064278567134,0.11646896070120105,0.11646896070120105,
primary,R_SHUFFLE,OC,REFUGE_Valid,delta_pre,POST_HOC_EXPLORATORY,1472,736,1472,0,DESCRIPTIVE,1.1725432076427202,0.005634273823705627,-0.4092965046041243,4.890395717988623,-6.275771217184463,-0.8133146254497826,148,737,732,3,0.25,1.1725432076427202,0.29313580191068006,0.3330508119910939,-0.0399150100804138,0.14656790095534003,0.14656790095534003,
primary,R_SHUFFLE,OC,REFUGE_Valid,delta_step,POST_HOC_EXPLORATORY,1472,736,1472,0,DESCRIPTIVE,0.004867663111882267,0.0037097603414224523,-0.019817133206758087,0.03155633318299352,-0.20588417284957217,-0.040649621775605764,148,853,605,14,0.25,0.004867663111882267,0.0012169157779705667,0.0028879155693337885,-0.0016709997913632215,0.0006084578889852834,0.0006084578889852834,
primary,R_SHUFFLE,OC,REFUGE_Valid,delta_post,POST_HOC_EXPLORATORY,1472,736,1472,0,DESCRIPTIVE,1.1774108707546027,0.008528984363344705,-0.4047594699703822,4.884296373830987,-6.251625157426993,-0.8134029780465406,148,747,722,3,0.25,1.1774108707546025,0.2943527176886506,0.3341887100948746,-0.039835992406223986,0.1471763588443253,0.1471763588443253,
primary,R_SHUFFLE,macro,Drishti_GS,delta_pre,POST_HOC_EXPLORATORY,74,37,74,0,DESCRIPTIVE,0.10251532815564794,0.12659365023472802,-0.2163791361960392,0.3199148619595341,-0.5003715145265346,-0.34361356501093443,8,61,13,0,0.25,0.10251532815564796,0.02562883203891199,0.03644559823975484,-0.010816766200842848,0.02562883203891199,0.02562883203891199,
primary,R_SHUFFLE,macro,Drishti_GS,delta_step,POST_HOC_EXPLORATORY,74,37,74,0,DESCRIPTIVE,0.002597091202549779,0.0026884859094593594,-0.013202466732872863,0.02057827690677812,-0.04090334202411228,-0.025919357925635822,8,46,28,0,0.25,0.002597091202549779,0.0006492728006374448,0.0017704344327051265,-0.0011211616320676817,0.0006492728006374448,0.0006492728006374448,
primary,R_SHUFFLE,macro,Drishti_GS,delta_post,POST_HOC_EXPLORATORY,74,37,74,0,DESCRIPTIVE,0.10511241935819773,0.13330550209388115,-0.2165271092214283,0.323606408491936,-0.47042020377802984,-0.3347024352730896,8,62,12,0,0.25,0.10511241935819773,0.026278104839549433,0.03678894369764715,-0.01051083885809772,0.026278104839549433,0.026278104839549433,
primary,R_SHUFFLE,macro,ORIGA,delta_pre,POST_HOC_EXPLORATORY,1172,586,1172,0,DESCRIPTIVE,0.04513699317951201,0.019337014214531933,-1.572758708807624,1.8187306892336652,-4.90733971019624,-2.371102040040912,118,598,574,0,0.25,0.04513699317951201,0.011284248294878002,0.1266826856616861,-0.11539843736680812,0.011284248294878002,0.011284248294878002,
primary,R_SHUFFLE,macro,ORIGA,delta_step,POST_HOC_EXPLORATORY,1172,586,1172,0,DESCRIPTIVE,0.0019120126753468922,0.001341405811793095,-0.0195257498041407,0.023199409761232914,-0.9101259672519717,-0.054615242768211045,118,637,535,0,0.25,0.0019120126753468924,0.0004780031688367231,0.0025171951594843084,-0.0020391919906475853,0.0004780031688367231,0.0004780031688367231,
primary,R_SHUFFLE,macro,ORIGA,delta_post,POST_HOC_EXPLORATORY,1172,586,1172,0,DESCRIPTIVE,0.047049005854858904,0.024274497987681443,-1.559828326045047,1.8175499568292204,-4.906750370495459,-2.3596341597607293,118,597,575,0,0.25,0.047049005854858904,0.011762251463714726,0.12649231051435056,-0.11473005905063582,0.011762251463714726,0.011762251463714726,
primary,R_SHUFFLE,macro,REFUGE,delta_pre,POST_HOC_EXPLORATORY,672,336,672,0,DESCRIPTIVE,0.5357350582753256,0.12787771377015034,-1.0587484449445903,2.6745510198786895,-2.710958563915085,-1.6192217713005168,68,421,250,1,0.25,0.5357350582753256,0.1339337645688314,0.20158911039162378,-0.06765534582279235,0.1339337645688314,0.1339337645688314,
primary,R_SHUFFLE,macro,REFUGE,delta_step,POST_HOC_EXPLORATORY,672,336,672,0,DESCRIPTIVE,-0.001729625467549448,-0.0007091710419331321,-0.020973048020812967,0.016406605497839163,-0.10145047874260626,-0.031666338721377585,68,321,351,0,0.25,-0.001729625467549448,-0.000432406366887362,0.0012711497362844334,-0.0017035561031717953,-0.000432406366887362,-0.000432406366887362,
primary,R_SHUFFLE,macro,REFUGE,delta_post,POST_HOC_EXPLORATORY,672,336,672,0,DESCRIPTIVE,0.5340054328077762,0.12234674103961751,-1.073195104182291,2.670901599927489,-2.740169139062104,-1.625588661160834,68,421,251,0,0.25,0.5340054328077762,0.13350135820194406,0.20141961939304473,-0.06791826119110067,0.13350135820194406,0.13350135820194406,
primary,R_SHUFFLE,macro,REFUGE_Valid,delta_pre,POST_HOC_EXPLORATORY,1472,736,1472,0,DESCRIPTIVE,1.3327827955840326,0.016364820114678658,-0.5994999099462518,5.470823198457553,-5.8485944860303825,-0.8110533975557808,148,747,725,0,0.25,1.3327827955840323,0.3331956988960081,0.38317775102377233,-0.04998205212776423,0.3331956988960081,0.3331956988960081,
primary,R_SHUFFLE,macro,REFUGE_Valid,delta_step,POST_HOC_EXPLORATORY,1472,736,1472,0,DESCRIPTIVE,0.005451522234617452,0.0040838783692418446,-0.012135103468200015,0.02728948603464758,-0.1491871648801819,-0.031038996512862464,148,940,532,0,0.25,0.005451522234617452,0.001362880558654363,0.0024761758255494436,-0.0011132952668950807,0.001362880558654363,0.001362880558654363,
primary,R_SHUFFLE,macro,REFUGE_Valid,delta_post,POST_HOC_EXPLORATORY,1472,736,1472,0,DESCRIPTIVE,1.33823431781865,0.014580502735052292,-0.5985413176152132,5.467934231572235,-5.839138369983285,-0.807633460607,148,747,725,0,0.25,1.3382343178186498,0.33455857945466244,0.3843766258004909,-0.04981804634582845,0.33455857945466244,0.33455857945466244,
