candidate,baseline,role,aggregation,seed,order,domain,channel,delta_pp
ANCHOR,C_CONT,SEARCH,individual_seed,20260907,0,ORIGA,OC,-0.26308105435150253
ANCHOR,C_CONT,SEARCH,individual_seed,20260907,0,Drishti_GS,OD,-0.45632408356097187
ANCHOR,C_CONT,SEARCH,individual_seed,20260907,1,REFUGE_Valid,OD,-1.0805188917344992
ANCHOR,C_CONT,SEARCH,individual_seed,20260907,1,REFUGE_Valid,OC,-0.6507350551890951
ANCHOR,C_CONT,SEARCH,individual_seed,20260907,1,REFUGE,OD,-0.03965432447500916
ANCHOR,C_CONT,SEARCH,individual_seed,20260907,1,REFUGE,OC,-0.2585383132520178
ANCHOR,C_CONT,SEARCH,individual_seed,17011,0,REFUGE,OC,-0.02153214742452292
ANCHOR,C_CONT,SEARCH,individual_seed,17011,0,REFUGE_Valid,OC,-0.013650194062918786
ANCHOR,C_CONT,SEARCH,individual_seed,17011,0,Drishti_GS,OD,-0.6441001133653117
ANCHOR,C_CONT,SEARCH,individual_seed,17011,1,REFUGE_Valid,OD,-0.9435911722947594
ANCHOR,C_CONT,SEARCH,individual_seed,17011,1,REFUGE_Valid,OC,-0.695718238527725
ANCHOR,C_CONT,SEARCH,individual_seed,17011,1,REFUGE,OD,-0.1924045901317868
ANCHOR,C_CONT,SEARCH,individual_seed,17011,1,REFUGE,OC,-0.29190839100112953
ANCHOR,C_CONT,SEARCH,individual_seed,29009,0,REFUGE_Valid,OC,-0.35748020177205575
ANCHOR,C_CONT,SEARCH,individual_seed,29009,0,Drishti_GS,OD,-1.2223133738960144
ANCHOR,C_CONT,SEARCH,individual_seed,29009,1,REFUGE_Valid,OD,-1.1368549757633843
ANCHOR,C_CONT,SEARCH,individual_seed,29009,1,REFUGE_Valid,OC,-0.5442184074459036
ANCHOR,C_CONT,SEARCH,individual_seed,29009,1,REFUGE,OC,-0.24003022263859464
ANCHOR,C_CONT,SEARCH,seed_mean,,0,REFUGE_Valid,OC,-0.002569813459418905
ANCHOR,C_CONT,SEARCH,seed_mean,,0,Drishti_GS,OD,-0.774245856940766
ANCHOR,C_CONT,SEARCH,seed_mean,,1,REFUGE_Valid,OD,-1.0536550132642144
ANCHOR,C_CONT,SEARCH,seed_mean,,1,REFUGE_Valid,OC,-0.6302239003875746
ANCHOR,C_CONT,SEARCH,seed_mean,,1,REFUGE,OD,-0.0625100826948805
ANCHOR,C_CONT,SEARCH,seed_mean,,1,REFUGE,OC,-0.263492308963914
C_BOTH32,ANCHOR,SEARCH,individual_seed,20260907,0,REFUGE,OD,-1.0580132430572888
C_BOTH32,ANCHOR,SEARCH,individual_seed,20260907,0,REFUGE,OC,-0.5790155549853466
C_BOTH32,ANCHOR,SEARCH,individual_seed,20260907,0,ORIGA,OD,-12.17967609155059
C_BOTH32,ANCHOR,SEARCH,individual_seed,20260907,0,ORIGA,OC,-13.823369829984934
C_BOTH32,ANCHOR,SEARCH,individual_seed,20260907,0,Drishti_GS,OD,-6.395879697230868
C_BOTH32,ANCHOR,SEARCH,individual_seed,20260907,0,Drishti_GS,OC,-9.497072952593477
C_BOTH32,ANCHOR,SEARCH,individual_seed,20260907,1,Drishti_GS,OD,-0.7356440839020024
C_BOTH32,ANCHOR,SEARCH,individual_seed,20260907,1,Drishti_GS,OC,-0.5374326266737057
C_BOTH32,ANCHOR,SEARCH,individual_seed,20260907,1,ORIGA,OD,-11.369193023178767
C_BOTH32,ANCHOR,SEARCH,individual_seed,20260907,1,ORIGA,OC,-12.024198799008303
C_BOTH32,ANCHOR,SEARCH,individual_seed,20260907,1,REFUGE,OD,-3.8010670709793004
C_BOTH32,ANCHOR,SEARCH,individual_seed,17011,0,REFUGE,OD,-0.9531727364773985
C_BOTH32,ANCHOR,SEARCH,individual_seed,17011,0,REFUGE,OC,-0.5702996554562532
C_BOTH32,ANCHOR,SEARCH,individual_seed,17011,0,ORIGA,OD,-11.64594787132728
C_BOTH32,ANCHOR,SEARCH,individual_seed,17011,0,ORIGA,OC,-14.044410268313456
C_BOTH32,ANCHOR,SEARCH,individual_seed,17011,0,Drishti_GS,OD,-5.641602793808133
C_BOTH32,ANCHOR,SEARCH,individual_seed,17011,0,Drishti_GS,OC,-8.112178646097767
C_BOTH32,ANCHOR,SEARCH,individual_seed,17011,1,Drishti_GS,OD,-0.6916251703554508
C_BOTH32,ANCHOR,SEARCH,individual_seed,17011,1,Drishti_GS,OC,-0.564368761876402
C_BOTH32,ANCHOR,SEARCH,individual_seed,17011,1,ORIGA,OD,-11.427686466225708
C_BOTH32,ANCHOR,SEARCH,individual_seed,17011,1,ORIGA,OC,-12.151732671370851
C_BOTH32,ANCHOR,SEARCH,individual_seed,17011,1,REFUGE,OD,-3.355882797311324
C_BOTH32,ANCHOR,SEARCH,individual_seed,29009,0,REFUGE,OD,-0.6982846277220602
C_BOTH32,ANCHOR,SEARCH,individual_seed,29009,0,REFUGE,OC,-0.6460257361865871
C_BOTH32,ANCHOR,SEARCH,individual_seed,29009,0,ORIGA,OD,-11.934885511383527
C_BOTH32,ANCHOR,SEARCH,individual_seed,29009,0,ORIGA,OC,-14.031061542577781
C_BOTH32,ANCHOR,SEARCH,individual_seed,29009,0,Drishti_GS,OD,-5.8921539718617595
C_BOTH32,ANCHOR,SEARCH,individual_seed,29009,0,Drishti_GS,OC,-9.931272544486689
C_BOTH32,ANCHOR,SEARCH,individual_seed,29009,1,Drishti_GS,OD,-1.1703161887744926
C_BOTH32,ANCHOR,SEARCH,individual_seed,29009,1,Drishti_GS,OC,-0.3085141244442724
C_BOTH32,ANCHOR,SEARCH,individual_seed,29009,1,ORIGA,OD,-11.179892720819481
C_BOTH32,ANCHOR,SEARCH,individual_seed,29009,1,ORIGA,OC,-11.52407320052609
C_BOTH32,ANCHOR,SEARCH,individual_seed,29009,1,REFUGE,OD,-3.1460759786787236
C_BOTH32,ANCHOR,SEARCH,seed_mean,,0,REFUGE,OD,-0.9031568690855826
C_BOTH32,ANCHOR,SEARCH,seed_mean,,0,REFUGE,OC,-0.5984469822093956
C_BOTH32,ANCHOR,SEARCH,seed_mean,,0,ORIGA,OD,-11.920169824753799
C_BOTH32,ANCHOR,SEARCH,seed_mean,,0,ORIGA,OC,-13.966280546958723
C_BOTH32,ANCHOR,SEARCH,seed_mean,,0,Drishti_GS,OD,-5.976545487633587
C_BOTH32,ANCHOR,SEARCH,seed_mean,,0,Drishti_GS,OC,-9.180174714392644
C_BOTH32,ANCHOR,SEARCH,seed_mean,,1,Drishti_GS,OD,-0.8658618143439819
C_BOTH32,ANCHOR,SEARCH,seed_mean,,1,Drishti_GS,OC,-0.4701051709981267
C_BOTH32,ANCHOR,SEARCH,seed_mean,,1,ORIGA,OD,-11.325590736741319
C_BOTH32,ANCHOR,SEARCH,seed_mean,,1,ORIGA,OC,-11.900001556968414
C_BOTH32,ANCHOR,SEARCH,seed_mean,,1,REFUGE,OD,-3.4343419489897826
C_BOTH32,C_CONT,SEARCH,individual_seed,20260907,0,REFUGE,OD,-0.826866260286593
C_BOTH32,C_CONT,SEARCH,individual_seed,20260907,0,REFUGE,OC,-0.564498611598637
C_BOTH32,C_CONT,SEARCH,individual_seed,20260907,0,ORIGA,OD,-11.57654137178443
C_BOTH32,C_CONT,SEARCH,individual_seed,20260907,0,ORIGA,OC,-14.086450884336436
C_BOTH32,C_CONT,SEARCH,individual_seed,20260907,0,Drishti_GS,OD,-6.8522037807918394
C_BOTH32,C_CONT,SEARCH,individual_seed,20260907,0,Drishti_GS,OC,-8.336708309733417
C_BOTH32,C_CONT,SEARCH,individual_seed,20260907,1,Drishti_GS,OD,-0.5725869516339941
C_BOTH32,C_CONT,SEARCH,individual_seed,20260907,1,Drishti_GS,OC,-0.45023241030646943
C_BOTH32,C_CONT,SEARCH,individual_seed,20260907,1,ORIGA,OD,-11.00117000954738
C_BOTH32,C_CONT,SEARCH,individual_seed,20260907,1,ORIGA,OC,-11.233047874990888
C_BOTH32,C_CONT,SEARCH,individual_seed,20260907,1,REFUGE,OD,-3.8407213954543096
C_BOTH32,C_CONT,SEARCH,individual_seed,17011,0,REFUGE,OD,-0.6586838480722719
C_BOTH32,C_CONT,SEARCH,individual_seed,17011,0,REFUGE,OC,-0.5918318028807761
C_BOTH32,C_CONT,SEARCH,individual_seed,17011,0,ORIGA,OD,-11.113502706435952
C_BOTH32,C_CONT,SEARCH,individual_seed,17011,0,ORIGA,OC,-13.604607399447417
C_BOTH32,C_CONT,SEARCH,individual_seed,17011,0,Drishti_GS,OD,-6.2857029071734445
C_BOTH32,C_CONT,SEARCH,individual_seed,17011,0,Drishti_GS,OC,-7.8066358496591945
C_BOTH32,C_CONT,SEARCH,individual_seed,17011,1,Drishti_GS,OD,-0.46008857120627056
C_BOTH32,C_CONT,SEARCH,individual_seed,17011,1,Drishti_GS,OC,-0.42149539294974403
C_BOTH32,C_CONT,SEARCH,individual_seed,17011,1,ORIGA,OD,-11.072754025803789
C_BOTH32,C_CONT,SEARCH,individual_seed,17011,1,ORIGA,OC,-11.67755809954933
C_BOTH32,C_CONT,SEARCH,individual_seed,17011,1,REFUGE,OD,-3.5482873874431107
C_BOTH32,C_CONT,SEARCH,individual_seed,29009,0,REFUGE,OD,-0.403767295862707
C_BOTH32,C_CONT,SEARCH,individual_seed,29009,0,REFUGE,OC,-0.6328521747782503
C_BOTH32,C_CONT,SEARCH,individual_seed,29009,0,ORIGA,OD,-11.377316183230349
C_BOTH32,C_CONT,SEARCH,individual_seed,29009,0,ORIGA,OC,-13.730464380111052
C_BOTH32,C_CONT,SEARCH,individual_seed,29009,0,Drishti_GS,OD,-7.114467345757774
C_BOTH32,C_CONT,SEARCH,individual_seed,29009,0,Drishti_GS,OC,-8.58374515242096
C_BOTH32,C_CONT,SEARCH,individual_seed,29009,1,Drishti_GS,OD,-1.0103238207764917
C_BOTH32,C_CONT,SEARCH,individual_seed,29009,1,Drishti_GS,OC,-0.25640688598396366
C_BOTH32,C_CONT,SEARCH,individual_seed,29009,1,ORIGA,OD,-10.586277264945977
C_BOTH32,C_CONT,SEARCH,individual_seed,29009,1,ORIGA,OC,-10.536667669829242
C_BOTH32,C_CONT,SEARCH,individual_seed,29009,1,REFUGE,OD,-3.101547312156569
C_BOTH32,C_CONT,SEARCH,seed_mean,,0,REFUGE,OD,-0.6297724680738573
C_BOTH32,C_CONT,SEARCH,seed_mean,,0,REFUGE,OC,-0.5963941964192211
C_BOTH32,C_CONT,SEARCH,seed_mean,,0,ORIGA,OD,-11.35578675381691
C_BOTH32,C_CONT,SEARCH,seed_mean,,0,ORIGA,OC,-13.807174221298302
C_BOTH32,C_CONT,SEARCH,seed_mean,,0,Drishti_GS,OD,-6.750791344574353
C_BOTH32,C_CONT,SEARCH,seed_mean,,0,Drishti_GS,OC,-8.242363103937857
C_BOTH32,C_CONT,SEARCH,seed_mean,,1,Drishti_GS,OD,-0.6809997812055855
C_BOTH32,C_CONT,SEARCH,seed_mean,,1,Drishti_GS,OC,-0.3760448964133924
C_BOTH32,C_CONT,SEARCH,seed_mean,,1,ORIGA,OD,-10.886733766765715
C_BOTH32,C_CONT,SEARCH,seed_mean,,1,ORIGA,OC,-11.14909121478982
C_BOTH32,C_CONT,SEARCH,seed_mean,,1,REFUGE,OD,-3.496852031684663
C_CONT,ANCHOR,SEARCH,individual_seed,20260907,0,REFUGE,OD,-0.23114698277069579
C_CONT,ANCHOR,SEARCH,individual_seed,20260907,0,REFUGE,OC,-0.014516943386709613
C_CONT,ANCHOR,SEARCH,individual_seed,20260907,0,ORIGA,OD,-0.6031347197661603
C_CONT,ANCHOR,SEARCH,individual_seed,20260907,0,REFUGE_Valid,OD,-1.0377138963710877
C_CONT,ANCHOR,SEARCH,individual_seed,20260907,0,REFUGE_Valid,OC,-0.3634209554567178
C_CONT,ANCHOR,SEARCH,individual_seed,20260907,0,Drishti_GS,OC,-1.1603646428600598
C_CONT,ANCHOR,SEARCH,individual_seed,20260907,1,Drishti_GS,OD,-0.16305713226800833
C_CONT,ANCHOR,SEARCH,individual_seed,20260907,1,Drishti_GS,OC,-0.0872002163672363
C_CONT,ANCHOR,SEARCH,individual_seed,20260907,1,ORIGA,OD,-0.3680230136313867
C_CONT,ANCHOR,SEARCH,individual_seed,20260907,1,ORIGA,OC,-0.7911509240174155
C_CONT,ANCHOR,SEARCH,individual_seed,17011,0,REFUGE,OD,-0.29448888840512666
C_CONT,ANCHOR,SEARCH,individual_seed,17011,0,ORIGA,OD,-0.5324451648913282
C_CONT,ANCHOR,SEARCH,individual_seed,17011,0,ORIGA,OC,-0.4398028688660389
C_CONT,ANCHOR,SEARCH,individual_seed,17011,0,REFUGE_Valid,OD,-1.1921599457737244
C_CONT,ANCHOR,SEARCH,individual_seed,17011,0,Drishti_GS,OC,-0.30554279643857285
C_CONT,ANCHOR,SEARCH,individual_seed,17011,1,Drishti_GS,OD,-0.23153659914918023
C_CONT,ANCHOR,SEARCH,individual_seed,17011,1,Drishti_GS,OC,-0.14287336892665792
C_CONT,ANCHOR,SEARCH,individual_seed,17011,1,ORIGA,OD,-0.3549324404219192
C_CONT,ANCHOR,SEARCH,individual_seed,17011,1,ORIGA,OC,-0.47417457182152134
C_CONT,ANCHOR,SEARCH,individual_seed,29009,0,REFUGE,OD,-0.29451733185935325
C_CONT,ANCHOR,SEARCH,individual_seed,29009,0,REFUGE,OC,-0.013173561408336809
C_CONT,ANCHOR,SEARCH,individual_seed,29009,0,ORIGA,OD,-0.5575693281531784
C_CONT,ANCHOR,SEARCH,individual_seed,29009,0,ORIGA,OC,-0.30059716246672963
C_CONT,ANCHOR,SEARCH,individual_seed,29009,0,REFUGE_Valid,OD,-1.881269834791297
C_CONT,ANCHOR,SEARCH,individual_seed,29009,0,Drishti_GS,OC,-1.3475273920657287
C_CONT,ANCHOR,SEARCH,individual_seed,29009,1,Drishti_GS,OD,-0.15999236799800087
C_CONT,ANCHOR,SEARCH,individual_seed,29009,1,Drishti_GS,OC,-0.052107238460308736
C_CONT,ANCHOR,SEARCH,individual_seed,29009,1,ORIGA,OD,-0.5936154558735041
C_CONT,ANCHOR,SEARCH,individual_seed,29009,1,ORIGA,OC,-0.9874055306968472
C_CONT,ANCHOR,SEARCH,individual_seed,29009,1,REFUGE,OD,-0.04452866652215448
C_CONT,ANCHOR,SEARCH,seed_mean,,0,REFUGE,OD,-0.27338440101172523
C_CONT,ANCHOR,SEARCH,seed_mean,,0,REFUGE,OC,-0.0020527857901745015
C_CONT,ANCHOR,SEARCH,seed_mean,,0,ORIGA,OD,-0.564383070936889
C_CONT,ANCHOR,SEARCH,seed_mean,,0,ORIGA,OC,-0.15910632566042202
C_CONT,ANCHOR,SEARCH,seed_mean,,0,REFUGE_Valid,OD,-1.3703812256453698
C_CONT,ANCHOR,SEARCH,seed_mean,,0,Drishti_GS,OC,-0.9378116104547871
C_CONT,ANCHOR,SEARCH,seed_mean,,1,Drishti_GS,OD,-0.18486203313839647
C_CONT,ANCHOR,SEARCH,seed_mean,,1,Drishti_GS,OC,-0.09406027458473432
C_CONT,ANCHOR,SEARCH,seed_mean,,1,ORIGA,OD,-0.4388569699756033
C_CONT,ANCHOR,SEARCH,seed_mean,,1,ORIGA,OC,-0.7509103421785946
C_CONT,C_EPISODIC,SEARCH,individual_seed,20260907,0,REFUGE_Valid,OD,-6.050770064269102
C_CONT,C_EPISODIC,SEARCH,individual_seed,20260907,0,REFUGE_Valid,OC,-6.668128811634254
C_CONT,C_EPISODIC,SEARCH,individual_seed,20260907,1,REFUGE_Valid,OD,-2.5408751243066803
C_CONT,C_EPISODIC,SEARCH,individual_seed,20260907,1,REFUGE_Valid,OC,-2.1459582814231766
C_CONT,C_EPISODIC,SEARCH,individual_seed,20260907,1,REFUGE,OC,-1.8020267404541386
C_CONT,C_EPISODIC,SEARCH,individual_seed,17011,0,REFUGE_Valid,OD,-4.538649694146088
C_CONT,C_EPISODIC,SEARCH,individual_seed,17011,0,REFUGE_Valid,OC,-6.264678095813871
C_CONT,C_EPISODIC,SEARCH,individual_seed,17011,1,REFUGE_Valid,OD,-3.272596369257556
C_CONT,C_EPISODIC,SEARCH,individual_seed,17011,1,REFUGE_Valid,OC,-2.4227228755467465
C_CONT,C_EPISODIC,SEARCH,individual_seed,17011,1,REFUGE,OC,-2.2952306241698466
C_CONT,C_EPISODIC,SEARCH,individual_seed,29009,0,REFUGE_Valid,OD,-5.791313668325557
C_CONT,C_EPISODIC,SEARCH,individual_seed,29009,0,REFUGE_Valid,OC,-7.254524168984595
C_CONT,C_EPISODIC,SEARCH,individual_seed,29009,1,REFUGE_Valid,OD,-4.007949206954024
C_CONT,C_EPISODIC,SEARCH,individual_seed,29009,1,REFUGE_Valid,OC,-2.374842935514863
C_CONT,C_EPISODIC,SEARCH,individual_seed,29009,1,REFUGE,OC,-2.2504587370089837
C_CONT,C_EPISODIC,SEARCH,seed_mean,,0,REFUGE_Valid,OD,-5.460244475580249
C_CONT,C_EPISODIC,SEARCH,seed_mean,,0,REFUGE_Valid,OC,-6.729110358810907
C_CONT,C_EPISODIC,SEARCH,seed_mean,,1,REFUGE_Valid,OD,-3.273806900172753
C_CONT,C_EPISODIC,SEARCH,seed_mean,,1,REFUGE_Valid,OC,-2.314508030828262
C_CONT,C_EPISODIC,SEARCH,seed_mean,,1,REFUGE,OC,-2.1159053672109898
C_EPISODIC,ANCHOR,SEARCH,individual_seed,20260907,0,REFUGE,OD,-0.9689752913787544
C_EPISODIC,ANCHOR,SEARCH,individual_seed,20260907,0,REFUGE,OC,-0.6021227023685611
C_EPISODIC,ANCHOR,SEARCH,individual_seed,20260907,0,ORIGA,OD,-12.87686660616005
C_EPISODIC,ANCHOR,SEARCH,individual_seed,20260907,0,ORIGA,OC,-14.453929626371455
C_EPISODIC,ANCHOR,SEARCH,individual_seed,20260907,0,Drishti_GS,OD,-6.769425735497805
C_EPISODIC,ANCHOR,SEARCH,individual_seed,20260907,0,Drishti_GS,OC,-9.406115481202946
C_EPISODIC,ANCHOR,SEARCH,individual_seed,20260907,1,Drishti_GS,OD,-0.8752783237112851
C_EPISODIC,ANCHOR,SEARCH,individual_seed,20260907,1,Drishti_GS,OC,-0.5574202116269902
C_EPISODIC,ANCHOR,SEARCH,individual_seed,20260907,1,ORIGA,OD,-12.226815140445026
C_EPISODIC,ANCHOR,SEARCH,individual_seed,20260907,1,ORIGA,OC,-12.946834638578743
C_EPISODIC,ANCHOR,SEARCH,individual_seed,20260907,1,REFUGE,OD,-3.7132472769370963
C_EPISODIC,ANCHOR,SEARCH,individual_seed,17011,0,REFUGE,OD,-0.8622060869501951
C_EPISODIC,ANCHOR,SEARCH,individual_seed,17011,0,REFUGE,OC,-0.6149640852921578
C_EPISODIC,ANCHOR,SEARCH,individual_seed,17011,0,ORIGA,OD,-12.380449913682355
C_EPISODIC,ANCHOR,SEARCH,individual_seed,17011,0,ORIGA,OC,-14.699186967881921
C_EPISODIC,ANCHOR,SEARCH,individual_seed,17011,0,Drishti_GS,OD,-5.888450841268394
C_EPISODIC,ANCHOR,SEARCH,individual_seed,17011,0,Drishti_GS,OC,-8.061102366595719
C_EPISODIC,ANCHOR,SEARCH,individual_seed,17011,1,Drishti_GS,OD,-1.0160919606851024
C_EPISODIC,ANCHOR,SEARCH,individual_seed,17011,1,Drishti_GS,OC,-0.6517350725579831
C_EPISODIC,ANCHOR,SEARCH,individual_seed,17011,1,ORIGA,OD,-12.286682259564742
C_EPISODIC,ANCHOR,SEARCH,individual_seed,17011,1,ORIGA,OC,-12.979090663005373
C_EPISODIC,ANCHOR,SEARCH,individual_seed,17011,1,REFUGE,OD,-3.264371762221458
C_EPISODIC,ANCHOR,SEARCH,individual_seed,29009,0,REFUGE,OD,-0.6235779785759519
C_EPISODIC,ANCHOR,SEARCH,individual_seed,29009,0,REFUGE,OC,-0.694022445591898
C_EPISODIC,ANCHOR,SEARCH,individual_seed,29009,0,ORIGA,OD,-12.65170641478268
C_EPISODIC,ANCHOR,SEARCH,individual_seed,29009,0,ORIGA,OC,-14.661968721771132
C_EPISODIC,ANCHOR,SEARCH,individual_seed,29009,0,Drishti_GS,OD,-6.020159536472022
C_EPISODIC,ANCHOR,SEARCH,individual_seed,29009,0,Drishti_GS,OC,-9.903590979508515
C_EPISODIC,ANCHOR,SEARCH,individual_seed,29009,1,Drishti_GS,OD,-1.4226372176431141
C_EPISODIC,ANCHOR,SEARCH,individual_seed,29009,1,Drishti_GS,OC,-0.47989804540610237
C_EPISODIC,ANCHOR,SEARCH,individual_seed,29009,1,ORIGA,OD,-12.095731158616815
C_EPISODIC,ANCHOR,SEARCH,individual_seed,29009,1,ORIGA,OC,-12.462428754357546
C_EPISODIC,ANCHOR,SEARCH,individual_seed,29009,1,REFUGE,OD,-3.095473389492142
C_EPISODIC,ANCHOR,SEARCH,seed_mean,,0,REFUGE,OD,-0.8182531189683004
C_EPISODIC,ANCHOR,SEARCH,seed_mean,,0,REFUGE,OC,-0.6370364110842056
C_EPISODIC,ANCHOR,SEARCH,seed_mean,,0,ORIGA,OD,-12.636340978208361
C_EPISODIC,ANCHOR,SEARCH,seed_mean,,0,ORIGA,OC,-14.605028438674836
C_EPISODIC,ANCHOR,SEARCH,seed_mean,,0,Drishti_GS,OD,-6.226012037746074
C_EPISODIC,ANCHOR,SEARCH,seed_mean,,0,Drishti_GS,OC,-9.123602942435726
C_EPISODIC,ANCHOR,SEARCH,seed_mean,,1,Drishti_GS,OD,-1.1046691673465006
C_EPISODIC,ANCHOR,SEARCH,seed_mean,,1,Drishti_GS,OC,-0.5630177765303586
C_EPISODIC,ANCHOR,SEARCH,seed_mean,,1,ORIGA,OD,-12.203076186208861
C_EPISODIC,ANCHOR,SEARCH,seed_mean,,1,ORIGA,OC,-12.79611801864722
C_EPISODIC,ANCHOR,SEARCH,seed_mean,,1,REFUGE,OD,-3.3576974762168987
C_EPISODIC,C_CONT,SEARCH,individual_seed,20260907,0,REFUGE,OD,-0.7378283086080586
C_EPISODIC,C_CONT,SEARCH,individual_seed,20260907,0,REFUGE,OC,-0.5876057589818515
C_EPISODIC,C_CONT,SEARCH,individual_seed,20260907,0,ORIGA,OD,-12.27373188639389
C_EPISODIC,C_CONT,SEARCH,individual_seed,20260907,0,ORIGA,OC,-14.717010680722957
C_EPISODIC,C_CONT,SEARCH,individual_seed,20260907,0,Drishti_GS,OD,-7.225749819058777
C_EPISODIC,C_CONT,SEARCH,individual_seed,20260907,0,Drishti_GS,OC,-8.245750838342886
C_EPISODIC,C_CONT,SEARCH,individual_seed,20260907,1,Drishti_GS,OD,-0.7122211914432768
C_EPISODIC,C_CONT,SEARCH,individual_seed,20260907,1,Drishti_GS,OC,-0.4702199952597539
C_EPISODIC,C_CONT,SEARCH,individual_seed,20260907,1,ORIGA,OD,-11.85879212681364
C_EPISODIC,C_CONT,SEARCH,individual_seed,20260907,1,ORIGA,OC,-12.155683714561327
C_EPISODIC,C_CONT,SEARCH,individual_seed,20260907,1,REFUGE,OD,-3.7529016014121055
C_EPISODIC,C_CONT,SEARCH,individual_seed,17011,0,REFUGE,OD,-0.5677171985450684
C_EPISODIC,C_CONT,SEARCH,individual_seed,17011,0,REFUGE,OC,-0.6364962327166808
C_EPISODIC,C_CONT,SEARCH,individual_seed,17011,0,ORIGA,OD,-11.848004748791027
C_EPISODIC,C_CONT,SEARCH,individual_seed,17011,0,ORIGA,OC,-14.259384099015882
C_EPISODIC,C_CONT,SEARCH,individual_seed,17011,0,Drishti_GS,OD,-6.532550954633706
C_EPISODIC,C_CONT,SEARCH,individual_seed,17011,0,Drishti_GS,OC,-7.755559570157146
C_EPISODIC,C_CONT,SEARCH,individual_seed,17011,1,Drishti_GS,OD,-0.7845553615359222
C_EPISODIC,C_CONT,SEARCH,individual_seed,17011,1,Drishti_GS,OC,-0.5088617036313252
C_EPISODIC,C_CONT,SEARCH,individual_seed,17011,1,ORIGA,OD,-11.931749819142823
C_EPISODIC,C_CONT,SEARCH,individual_seed,17011,1,ORIGA,OC,-12.504916091183851
C_EPISODIC,C_CONT,SEARCH,individual_seed,17011,1,REFUGE,OD,-3.456776352353245
C_EPISODIC,C_CONT,SEARCH,individual_seed,29009,0,REFUGE,OD,-0.3290606467165986
C_EPISODIC,C_CONT,SEARCH,individual_seed,29009,0,REFUGE,OC,-0.6808488841835612
C_EPISODIC,C_CONT,SEARCH,individual_seed,29009,0,ORIGA,OD,-12.094137086629502
C_EPISODIC,C_CONT,SEARCH,individual_seed,29009,0,ORIGA,OC,-14.361371559304402
C_EPISODIC,C_CONT,SEARCH,individual_seed,29009,0,Drishti_GS,OD,-7.242472910368036
C_EPISODIC,C_CONT,SEARCH,individual_seed,29009,0,Drishti_GS,OC,-8.556063587442786
C_EPISODIC,C_CONT,SEARCH,individual_seed,29009,1,Drishti_GS,OD,-1.2626448496451133
C_EPISODIC,C_CONT,SEARCH,individual_seed,29009,1,Drishti_GS,OC,-0.42779080694579363
C_EPISODIC,C_CONT,SEARCH,individual_seed,29009,1,ORIGA,OD,-11.50211570274331
C_EPISODIC,C_CONT,SEARCH,individual_seed,29009,1,ORIGA,OC,-11.475023223660699
C_EPISODIC,C_CONT,SEARCH,individual_seed,29009,1,REFUGE,OD,-3.0509447229699873
C_EPISODIC,C_CONT,SEARCH,seed_mean,,0,REFUGE,OD,-0.5448687179565752
C_EPISODIC,C_CONT,SEARCH,seed_mean,,0,REFUGE,OC,-0.6349836252940312
C_EPISODIC,C_CONT,SEARCH,seed_mean,,0,ORIGA,OD,-12.071957907271473
C_EPISODIC,C_CONT,SEARCH,seed_mean,,0,ORIGA,OC,-14.445922113014413
C_EPISODIC,C_CONT,SEARCH,seed_mean,,0,Drishti_GS,OD,-7.00025789468684
C_EPISODIC,C_CONT,SEARCH,seed_mean,,0,Drishti_GS,OC,-8.185791331980939
C_EPISODIC,C_CONT,SEARCH,seed_mean,,1,Drishti_GS,OD,-0.9198071342081041
C_EPISODIC,C_CONT,SEARCH,seed_mean,,1,Drishti_GS,OC,-0.46895750194562424
C_EPISODIC,C_CONT,SEARCH,seed_mean,,1,ORIGA,OD,-11.764219216233258
C_EPISODIC,C_CONT,SEARCH,seed_mean,,1,ORIGA,OC,-12.045207676468626
C_EPISODIC,C_CONT,SEARCH,seed_mean,,1,REFUGE,OD,-3.420207558911779
C_OPT32,ANCHOR,SEARCH,individual_seed,20260907,0,REFUGE,OC,-0.2537256911612218
C_OPT32,ANCHOR,SEARCH,individual_seed,20260907,0,ORIGA,OD,-1.456058238817974
C_OPT32,ANCHOR,SEARCH,individual_seed,20260907,0,ORIGA,OC,-1.3980436733069013
C_OPT32,ANCHOR,SEARCH,individual_seed,20260907,0,REFUGE_Valid,OD,-5.3590704673512874
C_OPT32,ANCHOR,SEARCH,individual_seed,20260907,0,REFUGE_Valid,OC,-2.472540296246798
C_OPT32,ANCHOR,SEARCH,individual_seed,20260907,0,Drishti_GS,OC,-0.12967973646307485
C_OPT32,ANCHOR,SEARCH,individual_seed,20260907,1,Drishti_GS,OD,-0.31246186032555556
C_OPT32,ANCHOR,SEARCH,individual_seed,20260907,1,Drishti_GS,OC,-0.19184621976040717
C_OPT32,ANCHOR,SEARCH,individual_seed,20260907,1,REFUGE_Valid,OD,-0.19191046969795877
C_OPT32,ANCHOR,SEARCH,individual_seed,20260907,1,ORIGA,OD,-0.19408730575040067
C_OPT32,ANCHOR,SEARCH,individual_seed,20260907,1,ORIGA,OC,-0.9774349394714079
C_OPT32,ANCHOR,SEARCH,individual_seed,20260907,1,REFUGE,OD,-0.8227586082223866
C_OPT32,ANCHOR,SEARCH,individual_seed,20260907,1,REFUGE,OC,-1.1912343835383012
C_OPT32,ANCHOR,SEARCH,individual_seed,17011,0,REFUGE,OD,-0.1210075031673199
C_OPT32,ANCHOR,SEARCH,individual_seed,17011,0,REFUGE,OC,-0.17302618142002757
C_OPT32,ANCHOR,SEARCH,individual_seed,17011,0,ORIGA,OD,-1.3825960885808968
C_OPT32,ANCHOR,SEARCH,individual_seed,17011,0,ORIGA,OC,-1.7339993887420206
C_OPT32,ANCHOR,SEARCH,individual_seed,17011,0,REFUGE_Valid,OD,-6.057110729295843
C_OPT32,ANCHOR,SEARCH,individual_seed,17011,0,REFUGE_Valid,OC,-2.6287510750548932
C_OPT32,ANCHOR,SEARCH,individual_seed,17011,1,Drishti_GS,OD,-0.0943606118942597
C_OPT32,ANCHOR,SEARCH,individual_seed,17011,1,Drishti_GS,OC,-0.21191183273279535
C_OPT32,ANCHOR,SEARCH,individual_seed,17011,1,REFUGE_Valid,OD,-0.4419885087700237
C_OPT32,ANCHOR,SEARCH,individual_seed,17011,1,ORIGA,OD,-0.3365567179490512
C_OPT32,ANCHOR,SEARCH,individual_seed,17011,1,ORIGA,OC,-0.9020015664572583
C_OPT32,ANCHOR,SEARCH,individual_seed,17011,1,REFUGE,OD,-0.6850835989315982
C_OPT32,ANCHOR,SEARCH,individual_seed,17011,1,REFUGE,OC,-1.5582088848477866
C_OPT32,ANCHOR,SEARCH,individual_seed,29009,0,REFUGE,OC,-0.208741913199745
C_OPT32,ANCHOR,SEARCH,individual_seed,29009,0,ORIGA,OD,-1.4057769948083632
C_OPT32,ANCHOR,SEARCH,individual_seed,29009,0,ORIGA,OC,-1.619134139764796
C_OPT32,ANCHOR,SEARCH,individual_seed,29009,0,REFUGE_Valid,OD,-6.170779110984526
C_OPT32,ANCHOR,SEARCH,individual_seed,29009,0,REFUGE_Valid,OC,-1.6802320442701202
C_OPT32,ANCHOR,SEARCH,individual_seed,29009,0,Drishti_GS,OC,-0.38721914829228865
C_OPT32,ANCHOR,SEARCH,individual_seed,29009,1,Drishti_GS,OD,-0.21203177400859374
C_OPT32,ANCHOR,SEARCH,individual_seed,29009,1,Drishti_GS,OC,-0.09163111743660579
C_OPT32,ANCHOR,SEARCH,individual_seed,29009,1,ORIGA,OD,-0.15382200839044913
C_OPT32,ANCHOR,SEARCH,individual_seed,29009,1,ORIGA,OC,-0.39948780147065577
C_OPT32,ANCHOR,SEARCH,individual_seed,29009,1,REFUGE,OD,-0.5121380024111772
C_OPT32,ANCHOR,SEARCH,individual_seed,29009,1,REFUGE,OC,-1.1793241124410088
C_OPT32,ANCHOR,SEARCH,seed_mean,,0,REFUGE,OD,-0.00942417282917063
C_OPT32,ANCHOR,SEARCH,seed_mean,,0,REFUGE,OC,-0.2118312619269981
C_OPT32,ANCHOR,SEARCH,seed_mean,,0,ORIGA,OD,-1.4148104407357447
C_OPT32,ANCHOR,SEARCH,seed_mean,,0,ORIGA,OC,-1.583725733937906
C_OPT32,ANCHOR,SEARCH,seed_mean,,0,REFUGE_Valid,OD,-5.862320102543886
C_OPT32,ANCHOR,SEARCH,seed_mean,,0,REFUGE_Valid,OC,-2.260507805190604
C_OPT32,ANCHOR,SEARCH,seed_mean,,1,Drishti_GS,OD,-0.206284748742803
C_OPT32,ANCHOR,SEARCH,seed_mean,,1,Drishti_GS,OC,-0.1651297233099361
C_OPT32,ANCHOR,SEARCH,seed_mean,,1,REFUGE_Valid,OD,-0.11226204491197696
C_OPT32,ANCHOR,SEARCH,seed_mean,,1,ORIGA,OD,-0.22815534402996698
C_OPT32,ANCHOR,SEARCH,seed_mean,,1,ORIGA,OC,-0.759641435799774
C_OPT32,ANCHOR,SEARCH,seed_mean,,1,REFUGE,OD,-0.6733267365217207
C_OPT32,ANCHOR,SEARCH,seed_mean,,1,REFUGE,OC,-1.3095891269423656
C_OPT32,C_CONT,SEARCH,individual_seed,20260907,0,REFUGE,OC,-0.23920874777451218
C_OPT32,C_CONT,SEARCH,individual_seed,20260907,0,ORIGA,OD,-0.8529235190518136
C_OPT32,C_CONT,SEARCH,individual_seed,20260907,0,ORIGA,OC,-1.6611247276584038
C_OPT32,C_CONT,SEARCH,individual_seed,20260907,0,REFUGE_Valid,OD,-4.3213565709802
C_OPT32,C_CONT,SEARCH,individual_seed,20260907,0,REFUGE_Valid,OC,-2.1091193407900803
C_OPT32,C_CONT,SEARCH,individual_seed,20260907,1,Drishti_GS,OD,-0.14940472805754723
C_OPT32,C_CONT,SEARCH,individual_seed,20260907,1,Drishti_GS,OC,-0.10464600339317087
C_OPT32,C_CONT,SEARCH,individual_seed,20260907,1,REFUGE_Valid,OD,-1.272429361432458
C_OPT32,C_CONT,SEARCH,individual_seed,20260907,1,REFUGE_Valid,OC,-0.3888159473256678
C_OPT32,C_CONT,SEARCH,individual_seed,20260907,1,ORIGA,OC,-0.18628401545399242
C_OPT32,C_CONT,SEARCH,individual_seed,20260907,1,REFUGE,OD,-0.8624129326973957
C_OPT32,C_CONT,SEARCH,individual_seed,20260907,1,REFUGE,OC,-1.449772696790319
C_OPT32,C_CONT,SEARCH,individual_seed,17011,0,REFUGE,OC,-0.1945583288445505
C_OPT32,C_CONT,SEARCH,individual_seed,17011,0,ORIGA,OD,-0.8501509236895686
C_OPT32,C_CONT,SEARCH,individual_seed,17011,0,ORIGA,OC,-1.2941965198759817
C_OPT32,C_CONT,SEARCH,individual_seed,17011,0,REFUGE_Valid,OD,-4.864950783522119
C_OPT32,C_CONT,SEARCH,individual_seed,17011,0,REFUGE_Valid,OC,-2.642401269117812
C_OPT32,C_CONT,SEARCH,individual_seed,17011,1,Drishti_GS,OC,-0.06903846380613743
C_OPT32,C_CONT,SEARCH,individual_seed,17011,1,REFUGE_Valid,OD,-1.3855796810647831
C_OPT32,C_CONT,SEARCH,individual_seed,17011,1,REFUGE_Valid,OC,-0.5176242587061353
C_OPT32,C_CONT,SEARCH,individual_seed,17011,1,ORIGA,OC,-0.4278269946357369
C_OPT32,C_CONT,SEARCH,individual_seed,17011,1,REFUGE,OD,-0.877488189063385
C_OPT32,C_CONT,SEARCH,individual_seed,17011,1,REFUGE,OC,-1.8501172758489162
C_OPT32,C_CONT,SEARCH,individual_seed,29009,0,REFUGE,OC,-0.1955683517914082
C_OPT32,C_CONT,SEARCH,individual_seed,29009,0,ORIGA,OD,-0.8482076666551848
C_OPT32,C_CONT,SEARCH,individual_seed,29009,0,ORIGA,OC,-1.3185369772980664
C_OPT32,C_CONT,SEARCH,individual_seed,29009,0,REFUGE_Valid,OD,-4.289509276193229
C_OPT32,C_CONT,SEARCH,individual_seed,29009,0,REFUGE_Valid,OC,-2.037712246042176
C_OPT32,C_CONT,SEARCH,individual_seed,29009,1,Drishti_GS,OD,-0.05203940601059287
C_OPT32,C_CONT,SEARCH,individual_seed,29009,1,Drishti_GS,OC,-0.039523878976297055
C_OPT32,C_CONT,SEARCH,individual_seed,29009,1,REFUGE_Valid,OD,-0.8397421320313327
C_OPT32,C_CONT,SEARCH,individual_seed,29009,1,REFUGE_Valid,OC,-0.31113707325760487
C_OPT32,C_CONT,SEARCH,individual_seed,29009,1,REFUGE,OD,-0.46760933588902276
C_OPT32,C_CONT,SEARCH,individual_seed,29009,1,REFUGE,OC,-1.4193543350796034
C_OPT32,C_CONT,SEARCH,seed_mean,,0,REFUGE,OC,-0.20977847613682363
C_OPT32,C_CONT,SEARCH,seed_mean,,0,ORIGA,OD,-0.8504273697988557
C_OPT32,C_CONT,SEARCH,seed_mean,,0,ORIGA,OC,-1.424619408277484
C_OPT32,C_CONT,SEARCH,seed_mean,,0,REFUGE_Valid,OD,-4.491938876898516
C_OPT32,C_CONT,SEARCH,seed_mean,,0,REFUGE_Valid,OC,-2.2630776186500228
C_OPT32,C_CONT,SEARCH,seed_mean,,1,Drishti_GS,OD,-0.021422715604406523
C_OPT32,C_CONT,SEARCH,seed_mean,,1,Drishti_GS,OC,-0.07106944872520178
C_OPT32,C_CONT,SEARCH,seed_mean,,1,REFUGE_Valid,OD,-1.1659170581761913
C_OPT32,C_CONT,SEARCH,seed_mean,,1,REFUGE_Valid,OC,-0.40585909309646934
C_OPT32,C_CONT,SEARCH,seed_mean,,1,ORIGA,OC,-0.008731093621179298
C_OPT32,C_CONT,SEARCH,seed_mean,,1,REFUGE,OD,-0.7358368192166012
C_OPT32,C_CONT,SEARCH,seed_mean,,1,REFUGE,OC,-1.5730814359062795
C_PARAM32,ANCHOR,SEARCH,individual_seed,20260907,0,REFUGE,OD,-1.0473323336435953
C_PARAM32,ANCHOR,SEARCH,individual_seed,20260907,0,REFUGE,OC,-0.5607257662816068
C_PARAM32,ANCHOR,SEARCH,individual_seed,20260907,0,ORIGA,OD,-11.556265710266317
C_PARAM32,ANCHOR,SEARCH,individual_seed,20260907,0,ORIGA,OC,-13.007334049315446
C_PARAM32,ANCHOR,SEARCH,individual_seed,20260907,0,Drishti_GS,OD,-6.546447217393663
C_PARAM32,ANCHOR,SEARCH,individual_seed,20260907,0,Drishti_GS,OC,-9.397429259301305
C_PARAM32,ANCHOR,SEARCH,individual_seed,20260907,1,Drishti_GS,OD,-0.6590828756681475
C_PARAM32,ANCHOR,SEARCH,individual_seed,20260907,1,Drishti_GS,OC,-0.4230187090895967
C_PARAM32,ANCHOR,SEARCH,individual_seed,20260907,1,ORIGA,OD,-10.987114322033278
C_PARAM32,ANCHOR,SEARCH,individual_seed,20260907,1,ORIGA,OC,-11.62173717720571
C_PARAM32,ANCHOR,SEARCH,individual_seed,20260907,1,REFUGE,OD,-3.7916663885885526
C_PARAM32,ANCHOR,SEARCH,individual_seed,17011,0,REFUGE,OD,-0.9461200650745667
C_PARAM32,ANCHOR,SEARCH,individual_seed,17011,0,REFUGE,OC,-0.5388164001830518
C_PARAM32,ANCHOR,SEARCH,individual_seed,17011,0,ORIGA,OD,-11.0476993724359
C_PARAM32,ANCHOR,SEARCH,individual_seed,17011,0,ORIGA,OC,-13.328099996046838
C_PARAM32,ANCHOR,SEARCH,individual_seed,17011,0,Drishti_GS,OD,-5.742788123737682
C_PARAM32,ANCHOR,SEARCH,individual_seed,17011,0,Drishti_GS,OC,-8.116142112732817
C_PARAM32,ANCHOR,SEARCH,individual_seed,17011,1,Drishti_GS,OD,-0.7292438227047455
C_PARAM32,ANCHOR,SEARCH,individual_seed,17011,1,Drishti_GS,OC,-0.4786743019259845
C_PARAM32,ANCHOR,SEARCH,individual_seed,17011,1,ORIGA,OD,-10.95791092258763
C_PARAM32,ANCHOR,SEARCH,individual_seed,17011,1,ORIGA,OC,-11.623152555041173
C_PARAM32,ANCHOR,SEARCH,individual_seed,17011,1,REFUGE,OD,-3.35838976486788
C_PARAM32,ANCHOR,SEARCH,individual_seed,29009,0,REFUGE,OD,-0.7188312797441085
C_PARAM32,ANCHOR,SEARCH,individual_seed,29009,0,REFUGE,OC,-0.5935486114668151
C_PARAM32,ANCHOR,SEARCH,individual_seed,29009,0,ORIGA,OD,-11.336524860289671
C_PARAM32,ANCHOR,SEARCH,individual_seed,29009,0,ORIGA,OC,-13.328407764858134
C_PARAM32,ANCHOR,SEARCH,individual_seed,29009,0,Drishti_GS,OD,-5.92152198687549
C_PARAM32,ANCHOR,SEARCH,individual_seed,29009,0,Drishti_GS,OC,-9.921214001775787
C_PARAM32,ANCHOR,SEARCH,individual_seed,29009,1,Drishti_GS,OD,-1.1220351280517633
C_PARAM32,ANCHOR,SEARCH,individual_seed,29009,1,Drishti_GS,OC,-0.2614414751049523
C_PARAM32,ANCHOR,SEARCH,individual_seed,29009,1,ORIGA,OD,-10.83552611409931
C_PARAM32,ANCHOR,SEARCH,individual_seed,29009,1,ORIGA,OC,-11.140194970266506
C_PARAM32,ANCHOR,SEARCH,individual_seed,29009,1,REFUGE,OD,-3.1817180556113414
C_PARAM32,ANCHOR,SEARCH,seed_mean,,0,REFUGE,OD,-0.9040945594874236
C_PARAM32,ANCHOR,SEARCH,seed_mean,,0,REFUGE,OC,-0.5643635926438245
C_PARAM32,ANCHOR,SEARCH,seed_mean,,0,ORIGA,OD,-11.313496647663962
C_PARAM32,ANCHOR,SEARCH,seed_mean,,0,ORIGA,OC,-13.221280603406806
C_PARAM32,ANCHOR,SEARCH,seed_mean,,0,Drishti_GS,OD,-6.070252442668945
C_PARAM32,ANCHOR,SEARCH,seed_mean,,0,Drishti_GS,OC,-9.144928457936636
C_PARAM32,ANCHOR,SEARCH,seed_mean,,1,Drishti_GS,OD,-0.8367872754748854
C_PARAM32,ANCHOR,SEARCH,seed_mean,,1,Drishti_GS,OC,-0.3877114953735112
C_PARAM32,ANCHOR,SEARCH,seed_mean,,1,ORIGA,OD,-10.92685045290674
C_PARAM32,ANCHOR,SEARCH,seed_mean,,1,ORIGA,OC,-11.461694900837797
C_PARAM32,ANCHOR,SEARCH,seed_mean,,1,REFUGE,OD,-3.4439247363559247
C_PARAM32,C_CONT,SEARCH,individual_seed,20260907,0,REFUGE,OD,-0.8161853508728996
C_PARAM32,C_CONT,SEARCH,individual_seed,20260907,0,REFUGE,OC,-0.5462088228948971
C_PARAM32,C_CONT,SEARCH,individual_seed,20260907,0,ORIGA,OD,-10.953130990500156
C_PARAM32,C_CONT,SEARCH,individual_seed,20260907,0,ORIGA,OC,-13.270415103666949
C_PARAM32,C_CONT,SEARCH,individual_seed,20260907,0,Drishti_GS,OD,-7.002771300954635
C_PARAM32,C_CONT,SEARCH,individual_seed,20260907,0,Drishti_GS,OC,-8.237064616441245
C_PARAM32,C_CONT,SEARCH,individual_seed,20260907,1,Drishti_GS,OD,-0.49602574340013916
C_PARAM32,C_CONT,SEARCH,individual_seed,20260907,1,Drishti_GS,OC,-0.3358184927223604
C_PARAM32,C_CONT,SEARCH,individual_seed,20260907,1,ORIGA,OD,-10.619091308401892
C_PARAM32,C_CONT,SEARCH,individual_seed,20260907,1,ORIGA,OC,-10.830586253188294
C_PARAM32,C_CONT,SEARCH,individual_seed,20260907,1,REFUGE,OD,-3.831320713063562
C_PARAM32,C_CONT,SEARCH,individual_seed,17011,0,REFUGE,OD,-0.65163117666944
C_PARAM32,C_CONT,SEARCH,individual_seed,17011,0,REFUGE,OC,-0.5603485476075747
C_PARAM32,C_CONT,SEARCH,individual_seed,17011,0,ORIGA,OD,-10.515254207544572
C_PARAM32,C_CONT,SEARCH,individual_seed,17011,0,ORIGA,OC,-12.888297127180799
C_PARAM32,C_CONT,SEARCH,individual_seed,17011,0,Drishti_GS,OD,-6.386888237102994
C_PARAM32,C_CONT,SEARCH,individual_seed,17011,0,Drishti_GS,OC,-7.810599316294244
C_PARAM32,C_CONT,SEARCH,individual_seed,17011,1,Drishti_GS,OD,-0.4977072235555653
C_PARAM32,C_CONT,SEARCH,individual_seed,17011,1,Drishti_GS,OC,-0.33580093299932656
C_PARAM32,C_CONT,SEARCH,individual_seed,17011,1,ORIGA,OD,-10.60297848216571
C_PARAM32,C_CONT,SEARCH,individual_seed,17011,1,ORIGA,OC,-11.148977983219652
C_PARAM32,C_CONT,SEARCH,individual_seed,17011,1,REFUGE,OD,-3.550794354999667
C_PARAM32,C_CONT,SEARCH,individual_seed,29009,0,REFUGE,OD,-0.4243139478847553
C_PARAM32,C_CONT,SEARCH,individual_seed,29009,0,REFUGE,OC,-0.5803750500584783
C_PARAM32,C_CONT,SEARCH,individual_seed,29009,0,ORIGA,OD,-10.778955532136493
C_PARAM32,C_CONT,SEARCH,individual_seed,29009,0,ORIGA,OC,-13.027810602391405
C_PARAM32,C_CONT,SEARCH,individual_seed,29009,0,Drishti_GS,OD,-7.143835360771504
C_PARAM32,C_CONT,SEARCH,individual_seed,29009,0,Drishti_GS,OC,-8.573686609710059
C_PARAM32,C_CONT,SEARCH,individual_seed,29009,1,Drishti_GS,OD,-0.9620427600537624
C_PARAM32,C_CONT,SEARCH,individual_seed,29009,1,Drishti_GS,OC,-0.20933423664464357
C_PARAM32,C_CONT,SEARCH,individual_seed,29009,1,ORIGA,OD,-10.241910658225805
C_PARAM32,C_CONT,SEARCH,individual_seed,29009,1,ORIGA,OC,-10.15278943956966
C_PARAM32,C_CONT,SEARCH,individual_seed,29009,1,REFUGE,OD,-3.137189389089187
C_PARAM32,C_CONT,SEARCH,seed_mean,,0,REFUGE,OD,-0.6307101584756983
C_PARAM32,C_CONT,SEARCH,seed_mean,,0,REFUGE,OC,-0.5623108068536501
C_PARAM32,C_CONT,SEARCH,seed_mean,,0,ORIGA,OD,-10.749113576727074
C_PARAM32,C_CONT,SEARCH,seed_mean,,0,ORIGA,OC,-13.062174277746385
C_PARAM32,C_CONT,SEARCH,seed_mean,,0,Drishti_GS,OD,-6.844498299609711
C_PARAM32,C_CONT,SEARCH,seed_mean,,0,Drishti_GS,OC,-8.20711684748185
C_PARAM32,C_CONT,SEARCH,seed_mean,,1,Drishti_GS,OD,-0.651925242336489
C_PARAM32,C_CONT,SEARCH,seed_mean,,1,Drishti_GS,OC,-0.29365122078877687
C_PARAM32,C_CONT,SEARCH,seed_mean,,1,ORIGA,OD,-10.487993482931136
C_PARAM32,C_CONT,SEARCH,seed_mean,,1,ORIGA,OC,-10.710784558659201
C_PARAM32,C_CONT,SEARCH,seed_mean,,1,REFUGE,OD,-3.506434819050805
S_BATCH,ANCHOR,SEARCH,individual_seed,20260907,0,REFUGE,OD,-1.0594866033880237
S_BATCH,ANCHOR,SEARCH,individual_seed,20260907,0,REFUGE,OC,-0.7664723180721182
S_BATCH,ANCHOR,SEARCH,individual_seed,20260907,0,ORIGA,OD,-13.229169835879944
S_BATCH,ANCHOR,SEARCH,individual_seed,20260907,0,ORIGA,OC,-14.882966413865589
S_BATCH,ANCHOR,SEARCH,individual_seed,20260907,0,Drishti_GS,OD,-6.809329087418504
S_BATCH,ANCHOR,SEARCH,individual_seed,20260907,0,Drishti_GS,OC,-9.426007861071604
S_BATCH,ANCHOR,SEARCH,individual_seed,20260907,1,Drishti_GS,OD,-0.9606820329426284
S_BATCH,ANCHOR,SEARCH,individual_seed,20260907,1,Drishti_GS,OC,-0.6244023481543692
S_BATCH,ANCHOR,SEARCH,individual_seed,20260907,1,ORIGA,OD,-12.571220132115343
S_BATCH,ANCHOR,SEARCH,individual_seed,20260907,1,ORIGA,OC,-13.356523287601036
S_BATCH,ANCHOR,SEARCH,individual_seed,20260907,1,REFUGE,OD,-3.7993616174934743
S_BATCH,ANCHOR,SEARCH,individual_seed,17011,0,REFUGE,OD,-0.9334873638760826
S_BATCH,ANCHOR,SEARCH,individual_seed,17011,0,REFUGE,OC,-0.7647562289988628
S_BATCH,ANCHOR,SEARCH,individual_seed,17011,0,ORIGA,OD,-12.72963834303826
S_BATCH,ANCHOR,SEARCH,individual_seed,17011,0,ORIGA,OC,-15.153717728477332
S_BATCH,ANCHOR,SEARCH,individual_seed,17011,0,Drishti_GS,OD,-5.964372322012238
S_BATCH,ANCHOR,SEARCH,individual_seed,17011,0,Drishti_GS,OC,-8.166617296967736
S_BATCH,ANCHOR,SEARCH,individual_seed,17011,1,Drishti_GS,OD,-1.0995782675514505
S_BATCH,ANCHOR,SEARCH,individual_seed,17011,1,Drishti_GS,OC,-0.76905538082314
S_BATCH,ANCHOR,SEARCH,individual_seed,17011,1,ORIGA,OD,-12.628447284680291
S_BATCH,ANCHOR,SEARCH,individual_seed,17011,1,ORIGA,OC,-13.40075419015605
S_BATCH,ANCHOR,SEARCH,individual_seed,17011,1,REFUGE,OD,-3.3521220880154488
S_BATCH,ANCHOR,SEARCH,individual_seed,29009,0,REFUGE,OD,-0.7091637417941143
S_BATCH,ANCHOR,SEARCH,individual_seed,29009,0,REFUGE,OC,-0.8701817521699837
S_BATCH,ANCHOR,SEARCH,individual_seed,29009,0,ORIGA,OD,-12.97747968456693
S_BATCH,ANCHOR,SEARCH,individual_seed,29009,0,ORIGA,OC,-15.069790615501972
S_BATCH,ANCHOR,SEARCH,individual_seed,29009,0,Drishti_GS,OD,-6.118257918137161
S_BATCH,ANCHOR,SEARCH,individual_seed,29009,0,Drishti_GS,OC,-10.023103329803057
S_BATCH,ANCHOR,SEARCH,individual_seed,29009,1,Drishti_GS,OD,-1.5081779070835921
S_BATCH,ANCHOR,SEARCH,individual_seed,29009,1,Drishti_GS,OC,-0.5664230571951308
S_BATCH,ANCHOR,SEARCH,individual_seed,29009,1,ORIGA,OD,-12.447103775303034
S_BATCH,ANCHOR,SEARCH,individual_seed,29009,1,ORIGA,OC,-12.891406774231854
S_BATCH,ANCHOR,SEARCH,individual_seed,29009,1,REFUGE,OD,-3.205445364737187
S_BATCH,ANCHOR,SEARCH,seed_mean,,0,REFUGE,OD,-0.9007125696860735
S_BATCH,ANCHOR,SEARCH,seed_mean,,0,REFUGE,OC,-0.8004700997469882
S_BATCH,ANCHOR,SEARCH,seed_mean,,0,ORIGA,OD,-12.978762621161712
S_BATCH,ANCHOR,SEARCH,seed_mean,,0,ORIGA,OC,-15.035491585948298
S_BATCH,ANCHOR,SEARCH,seed_mean,,0,Drishti_GS,OD,-6.297319775855968
S_BATCH,ANCHOR,SEARCH,seed_mean,,0,Drishti_GS,OC,-9.205242829280799
S_BATCH,ANCHOR,SEARCH,seed_mean,,1,Drishti_GS,OD,-1.1894794025258904
S_BATCH,ANCHOR,SEARCH,seed_mean,,1,Drishti_GS,OC,-0.6532935953908799
S_BATCH,ANCHOR,SEARCH,seed_mean,,1,ORIGA,OD,-12.548923730699556
S_BATCH,ANCHOR,SEARCH,seed_mean,,1,ORIGA,OC,-13.216228083996313
S_BATCH,ANCHOR,SEARCH,seed_mean,,1,REFUGE,OD,-3.452309690082037
S_BATCH,C_CONT,SEARCH,individual_seed,20260907,0,REFUGE,OD,-0.8283396206173279
S_BATCH,C_CONT,SEARCH,individual_seed,20260907,0,REFUGE,OC,-0.7519553746854086
S_BATCH,C_CONT,SEARCH,individual_seed,20260907,0,ORIGA,OD,-12.626035116113783
S_BATCH,C_CONT,SEARCH,individual_seed,20260907,0,ORIGA,OC,-15.146047468217091
S_BATCH,C_CONT,SEARCH,individual_seed,20260907,0,Drishti_GS,OD,-7.265653170979476
S_BATCH,C_CONT,SEARCH,individual_seed,20260907,0,Drishti_GS,OC,-8.265643218211544
S_BATCH,C_CONT,SEARCH,individual_seed,20260907,1,Drishti_GS,OD,-0.7976249006746201
S_BATCH,C_CONT,SEARCH,individual_seed,20260907,1,Drishti_GS,OC,-0.5372021317871329
S_BATCH,C_CONT,SEARCH,individual_seed,20260907,1,ORIGA,OD,-12.203197118483956
S_BATCH,C_CONT,SEARCH,individual_seed,20260907,1,ORIGA,OC,-12.56537236358362
S_BATCH,C_CONT,SEARCH,individual_seed,20260907,1,REFUGE,OD,-3.8390159419684835
S_BATCH,C_CONT,SEARCH,individual_seed,17011,0,REFUGE,OD,-0.6389984754709559
S_BATCH,C_CONT,SEARCH,individual_seed,17011,0,REFUGE,OC,-0.7862883764233857
S_BATCH,C_CONT,SEARCH,individual_seed,17011,0,ORIGA,OD,-12.197193178146932
S_BATCH,C_CONT,SEARCH,individual_seed,17011,0,ORIGA,OC,-14.713914859611293
S_BATCH,C_CONT,SEARCH,individual_seed,17011,0,Drishti_GS,OD,-6.60847243537755
S_BATCH,C_CONT,SEARCH,individual_seed,17011,0,Drishti_GS,OC,-7.861074500529163
S_BATCH,C_CONT,SEARCH,individual_seed,17011,1,Drishti_GS,OD,-0.8680416684022703
S_BATCH,C_CONT,SEARCH,individual_seed,17011,1,Drishti_GS,OC,-0.626182011896482
S_BATCH,C_CONT,SEARCH,individual_seed,17011,1,ORIGA,OD,-12.273514844258372
S_BATCH,C_CONT,SEARCH,individual_seed,17011,1,ORIGA,OC,-12.926579618334529
S_BATCH,C_CONT,SEARCH,individual_seed,17011,1,REFUGE,OD,-3.5445266781472355
S_BATCH,C_CONT,SEARCH,individual_seed,29009,0,REFUGE,OD,-0.4146464099347611
S_BATCH,C_CONT,SEARCH,individual_seed,29009,0,REFUGE,OC,-0.8570081907616469
S_BATCH,C_CONT,SEARCH,individual_seed,29009,0,ORIGA,OD,-12.419910356413752
S_BATCH,C_CONT,SEARCH,individual_seed,29009,0,ORIGA,OC,-14.769193453035243
S_BATCH,C_CONT,SEARCH,individual_seed,29009,0,Drishti_GS,OD,-7.340571292033175
S_BATCH,C_CONT,SEARCH,individual_seed,29009,0,Drishti_GS,OC,-8.675575937737328
S_BATCH,C_CONT,SEARCH,individual_seed,29009,1,Drishti_GS,OD,-1.3481855390855912
S_BATCH,C_CONT,SEARCH,individual_seed,29009,1,Drishti_GS,OC,-0.514315818734822
S_BATCH,C_CONT,SEARCH,individual_seed,29009,1,ORIGA,OD,-11.85348831942953
S_BATCH,C_CONT,SEARCH,individual_seed,29009,1,ORIGA,OC,-11.904001243535006
S_BATCH,C_CONT,SEARCH,individual_seed,29009,1,REFUGE,OD,-3.1609166982150327
S_BATCH,C_CONT,SEARCH,seed_mean,,0,REFUGE,OD,-0.6273281686743483
S_BATCH,C_CONT,SEARCH,seed_mean,,0,REFUGE,OC,-0.7984173139568137
S_BATCH,C_CONT,SEARCH,seed_mean,,0,ORIGA,OD,-12.414379550224822
S_BATCH,C_CONT,SEARCH,seed_mean,,0,ORIGA,OC,-14.876385260287876
S_BATCH,C_CONT,SEARCH,seed_mean,,0,Drishti_GS,OD,-7.071565632796734
S_BATCH,C_CONT,SEARCH,seed_mean,,0,Drishti_GS,OC,-8.267431218826012
S_BATCH,C_CONT,SEARCH,seed_mean,,1,Drishti_GS,OD,-1.0046173693874938
S_BATCH,C_CONT,SEARCH,seed_mean,,1,Drishti_GS,OC,-0.5592333208061456
S_BATCH,C_CONT,SEARCH,seed_mean,,1,ORIGA,OD,-12.110066760723953
S_BATCH,C_CONT,SEARCH,seed_mean,,1,ORIGA,OC,-12.465317741817719
S_BATCH,C_CONT,SEARCH,seed_mean,,1,REFUGE,OD,-3.5148197727769173
S_BATCH,S_SOURCE,SEARCH,individual_seed,20260907,0,Drishti_GS,OC,-2.531797604076523
S_BATCH,S_SOURCE,SEARCH,individual_seed,20260907,1,Drishti_GS,OC,-2.531797604076523
S_BATCH,S_SOURCE,SEARCH,individual_seed,17011,0,Drishti_GS,OC,-2.531797604076523
S_BATCH,S_SOURCE,SEARCH,individual_seed,17011,1,Drishti_GS,OC,-2.531797604076523
S_BATCH,S_SOURCE,SEARCH,individual_seed,29009,0,Drishti_GS,OC,-2.531797604076523
S_BATCH,S_SOURCE,SEARCH,individual_seed,29009,1,Drishti_GS,OC,-2.531797604076523
S_BATCH,S_SOURCE,SEARCH,seed_mean,,0,Drishti_GS,OC,-2.531797604076523
S_BATCH,S_SOURCE,SEARCH,seed_mean,,1,Drishti_GS,OC,-2.531797604076523
S_SOURCE,ANCHOR,SEARCH,individual_seed,20260907,0,REFUGE,OD,-2.385242175782949
S_SOURCE,ANCHOR,SEARCH,individual_seed,20260907,0,REFUGE,OC,-4.797315762243926
S_SOURCE,ANCHOR,SEARCH,individual_seed,20260907,0,ORIGA,OD,-19.18437005749655
S_SOURCE,ANCHOR,SEARCH,individual_seed,20260907,0,ORIGA,OC,-34.83271323893261
S_SOURCE,ANCHOR,SEARCH,individual_seed,20260907,0,REFUGE_Valid,OD,-4.54809838160341
S_SOURCE,ANCHOR,SEARCH,individual_seed,20260907,0,REFUGE_Valid,OC,-7.389327588386706
S_SOURCE,ANCHOR,SEARCH,individual_seed,20260907,0,Drishti_GS,OD,-7.920091525824603
S_SOURCE,ANCHOR,SEARCH,individual_seed,20260907,0,Drishti_GS,OC,-6.8942102569950805
S_SOURCE,ANCHOR,SEARCH,individual_seed,20260907,1,Drishti_GS,OD,-2.071444471348727
S_SOURCE,ANCHOR,SEARCH,individual_seed,20260907,1,REFUGE_Valid,OD,-5.9682682427282145
S_SOURCE,ANCHOR,SEARCH,individual_seed,20260907,1,REFUGE_Valid,OC,-10.888501322762608
S_SOURCE,ANCHOR,SEARCH,individual_seed,20260907,1,ORIGA,OD,-18.52642035373195
S_SOURCE,ANCHOR,SEARCH,individual_seed,20260907,1,ORIGA,OC,-33.30627011266806
S_SOURCE,ANCHOR,SEARCH,individual_seed,20260907,1,REFUGE,OD,-5.1251171898884
S_SOURCE,ANCHOR,SEARCH,individual_seed,20260907,1,REFUGE,OC,-2.152728904610555
S_SOURCE,ANCHOR,SEARCH,individual_seed,17011,0,REFUGE,OD,-2.259242936271008
S_SOURCE,ANCHOR,SEARCH,individual_seed,17011,0,REFUGE,OC,-4.7955996731706705
S_SOURCE,ANCHOR,SEARCH,individual_seed,17011,0,ORIGA,OD,-18.684838564654868
S_SOURCE,ANCHOR,SEARCH,individual_seed,17011,0,ORIGA,OC,-35.103464553544356
S_SOURCE,ANCHOR,SEARCH,individual_seed,17011,0,REFUGE_Valid,OD,-6.244142368568873
S_SOURCE,ANCHOR,SEARCH,individual_seed,17011,0,REFUGE_Valid,OC,-7.398834897443976
S_SOURCE,ANCHOR,SEARCH,individual_seed,17011,0,Drishti_GS,OD,-7.0751347604183366
S_SOURCE,ANCHOR,SEARCH,individual_seed,17011,0,Drishti_GS,OC,-5.634819692891213
S_SOURCE,ANCHOR,SEARCH,individual_seed,17011,1,Drishti_GS,OD,-2.210340705957549
S_SOURCE,ANCHOR,SEARCH,individual_seed,17011,1,REFUGE_Valid,OD,-5.374471335208668
S_SOURCE,ANCHOR,SEARCH,individual_seed,17011,1,REFUGE_Valid,OC,-10.57037110167753
S_SOURCE,ANCHOR,SEARCH,individual_seed,17011,1,ORIGA,OD,-18.5836475062969
S_SOURCE,ANCHOR,SEARCH,individual_seed,17011,1,ORIGA,OC,-33.350501015223074
S_SOURCE,ANCHOR,SEARCH,individual_seed,17011,1,REFUGE,OD,-4.677877660410374
S_SOURCE,ANCHOR,SEARCH,individual_seed,17011,1,REFUGE,OC,-1.6176824625347024
S_SOURCE,ANCHOR,SEARCH,individual_seed,29009,0,REFUGE,OD,-2.0349193141890396
S_SOURCE,ANCHOR,SEARCH,individual_seed,29009,0,REFUGE,OC,-4.9010251963417915
S_SOURCE,ANCHOR,SEARCH,individual_seed,29009,0,ORIGA,OD,-18.932679906183537
S_SOURCE,ANCHOR,SEARCH,individual_seed,29009,0,ORIGA,OC,-35.019537440568996
S_SOURCE,ANCHOR,SEARCH,individual_seed,29009,0,REFUGE_Valid,OD,-5.683770057434415
S_SOURCE,ANCHOR,SEARCH,individual_seed,29009,0,REFUGE_Valid,OC,-6.072498392924523
S_SOURCE,ANCHOR,SEARCH,individual_seed,29009,0,Drishti_GS,OD,-7.229020356543259
S_SOURCE,ANCHOR,SEARCH,individual_seed,29009,0,Drishti_GS,OC,-7.491305725726534
S_SOURCE,ANCHOR,SEARCH,individual_seed,29009,1,Drishti_GS,OD,-2.6189403454896905
S_SOURCE,ANCHOR,SEARCH,individual_seed,29009,1,REFUGE_Valid,OD,-4.428390802134999
S_SOURCE,ANCHOR,SEARCH,individual_seed,29009,1,REFUGE_Valid,OC,-10.76909848451848
S_SOURCE,ANCHOR,SEARCH,individual_seed,29009,1,ORIGA,OD,-18.402303996919642
S_SOURCE,ANCHOR,SEARCH,individual_seed,29009,1,ORIGA,OC,-32.84115359929888
S_SOURCE,ANCHOR,SEARCH,individual_seed,29009,1,REFUGE,OD,-4.5312009371321125
S_SOURCE,ANCHOR,SEARCH,individual_seed,29009,1,REFUGE,OC,-1.6834944109887715
S_SOURCE,ANCHOR,SEARCH,seed_mean,,0,REFUGE,OD,-2.2264681420809986
S_SOURCE,ANCHOR,SEARCH,seed_mean,,0,REFUGE,OC,-4.831313543918796
S_SOURCE,ANCHOR,SEARCH,seed_mean,,0,ORIGA,OD,-18.933962842778318
S_SOURCE,ANCHOR,SEARCH,seed_mean,,0,ORIGA,OC,-34.985238411015324
S_SOURCE,ANCHOR,SEARCH,seed_mean,,0,REFUGE_Valid,OD,-5.492003602535566
S_SOURCE,ANCHOR,SEARCH,seed_mean,,0,REFUGE_Valid,OC,-6.953553626251735
S_SOURCE,ANCHOR,SEARCH,seed_mean,,0,Drishti_GS,OD,-7.408082214262066
S_SOURCE,ANCHOR,SEARCH,seed_mean,,0,Drishti_GS,OC,-6.673445225204276
S_SOURCE,ANCHOR,SEARCH,seed_mean,,1,Drishti_GS,OD,-2.3002418409319887
S_SOURCE,ANCHOR,SEARCH,seed_mean,,1,REFUGE_Valid,OD,-5.257043460023961
S_SOURCE,ANCHOR,SEARCH,seed_mean,,1,REFUGE_Valid,OC,-10.742656969652872
S_SOURCE,ANCHOR,SEARCH,seed_mean,,1,ORIGA,OD,-18.504123952316164
S_SOURCE,ANCHOR,SEARCH,seed_mean,,1,ORIGA,OC,-33.16597490906334
S_SOURCE,ANCHOR,SEARCH,seed_mean,,1,REFUGE,OD,-4.778065262476962
S_SOURCE,ANCHOR,SEARCH,seed_mean,,1,REFUGE,OC,-1.817968592711343
S_SOURCE,C_CONT,SEARCH,individual_seed,20260907,0,REFUGE,OD,-2.154095193012253
S_SOURCE,C_CONT,SEARCH,individual_seed,20260907,0,REFUGE,OC,-4.782798818857216
S_SOURCE,C_CONT,SEARCH,individual_seed,20260907,0,ORIGA,OD,-18.58123533773039
S_SOURCE,C_CONT,SEARCH,individual_seed,20260907,0,ORIGA,OC,-35.095794293284115
S_SOURCE,C_CONT,SEARCH,individual_seed,20260907,0,REFUGE_Valid,OD,-3.510384485232322
S_SOURCE,C_CONT,SEARCH,individual_seed,20260907,0,REFUGE_Valid,OC,-7.025906632929988
S_SOURCE,C_CONT,SEARCH,individual_seed,20260907,0,Drishti_GS,OD,-8.376415609385575
S_SOURCE,C_CONT,SEARCH,individual_seed,20260907,0,Drishti_GS,OC,-5.733845614135021
S_SOURCE,C_CONT,SEARCH,individual_seed,20260907,1,Drishti_GS,OD,-1.9083873390807184
S_SOURCE,C_CONT,SEARCH,individual_seed,20260907,1,REFUGE_Valid,OD,-7.048787134462714
S_SOURCE,C_CONT,SEARCH,individual_seed,20260907,1,REFUGE_Valid,OC,-11.539236377951703
S_SOURCE,C_CONT,SEARCH,individual_seed,20260907,1,ORIGA,OD,-18.158397340100564
S_SOURCE,C_CONT,SEARCH,individual_seed,20260907,1,ORIGA,OC,-32.515119188650644
S_SOURCE,C_CONT,SEARCH,individual_seed,20260907,1,REFUGE,OD,-5.164771514363409
S_SOURCE,C_CONT,SEARCH,individual_seed,20260907,1,REFUGE,OC,-2.411267217862573
S_SOURCE,C_CONT,SEARCH,individual_seed,17011,0,REFUGE,OD,-1.9647540478658811
S_SOURCE,C_CONT,SEARCH,individual_seed,17011,0,REFUGE,OC,-4.817131820595193
S_SOURCE,C_CONT,SEARCH,individual_seed,17011,0,ORIGA,OD,-18.15239339976354
S_SOURCE,C_CONT,SEARCH,individual_seed,17011,0,ORIGA,OC,-34.66366168467832
S_SOURCE,C_CONT,SEARCH,individual_seed,17011,0,REFUGE_Valid,OD,-5.051982422795149
S_SOURCE,C_CONT,SEARCH,individual_seed,17011,0,REFUGE_Valid,OC,-7.412485091506895
S_SOURCE,C_CONT,SEARCH,individual_seed,17011,0,Drishti_GS,OD,-7.719234873783648
S_SOURCE,C_CONT,SEARCH,individual_seed,17011,0,Drishti_GS,OC,-5.32927689645264
S_SOURCE,C_CONT,SEARCH,individual_seed,17011,1,Drishti_GS,OD,-1.9788041068083686
S_SOURCE,C_CONT,SEARCH,individual_seed,17011,1,REFUGE_Valid,OD,-6.318062507503427
S_SOURCE,C_CONT,SEARCH,individual_seed,17011,1,REFUGE_Valid,OC,-11.266089340205255
S_SOURCE,C_CONT,SEARCH,individual_seed,17011,1,ORIGA,OD,-18.22871506587498
S_SOURCE,C_CONT,SEARCH,individual_seed,17011,1,ORIGA,OC,-32.87632644340155
S_SOURCE,C_CONT,SEARCH,individual_seed,17011,1,REFUGE,OD,-4.870282250542161
S_SOURCE,C_CONT,SEARCH,individual_seed,17011,1,REFUGE,OC,-1.909590853535832
S_SOURCE,C_CONT,SEARCH,individual_seed,29009,0,REFUGE,OD,-1.7404019823296863
S_SOURCE,C_CONT,SEARCH,individual_seed,29009,0,REFUGE,OC,-4.887851634933455
S_SOURCE,C_CONT,SEARCH,individual_seed,29009,0,ORIGA,OD,-18.37511057803036
S_SOURCE,C_CONT,SEARCH,individual_seed,29009,0,ORIGA,OC,-34.71894027810227
S_SOURCE,C_CONT,SEARCH,individual_seed,29009,0,REFUGE_Valid,OD,-3.8025002226431184
S_SOURCE,C_CONT,SEARCH,individual_seed,29009,0,REFUGE_Valid,OC,-6.429978594696578
S_SOURCE,C_CONT,SEARCH,individual_seed,29009,0,Drishti_GS,OD,-8.451333730439273
S_SOURCE,C_CONT,SEARCH,individual_seed,29009,0,Drishti_GS,OC,-6.143778333660805
S_SOURCE,C_CONT,SEARCH,individual_seed,29009,1,Drishti_GS,OD,-2.4589479774916896
S_SOURCE,C_CONT,SEARCH,individual_seed,29009,1,REFUGE_Valid,OD,-5.565245777898383
S_SOURCE,C_CONT,SEARCH,individual_seed,29009,1,REFUGE_Valid,OC,-11.313316891964384
S_SOURCE,C_CONT,SEARCH,individual_seed,29009,1,ORIGA,OD,-17.808688541046138
S_SOURCE,C_CONT,SEARCH,individual_seed,29009,1,ORIGA,OC,-31.85374806860203
S_SOURCE,C_CONT,SEARCH,individual_seed,29009,1,REFUGE,OD,-4.486672270609958
S_SOURCE,C_CONT,SEARCH,individual_seed,29009,1,REFUGE,OC,-1.9235246336273661
S_SOURCE,C_CONT,SEARCH,seed_mean,,0,REFUGE,OD,-1.9530837410692736
S_SOURCE,C_CONT,SEARCH,seed_mean,,0,REFUGE,OC,-4.829260758128622
S_SOURCE,C_CONT,SEARCH,seed_mean,,0,ORIGA,OD,-18.36957977184143
S_SOURCE,C_CONT,SEARCH,seed_mean,,0,ORIGA,OC,-34.8261320853549
S_SOURCE,C_CONT,SEARCH,seed_mean,,0,REFUGE_Valid,OD,-4.121622376890197
S_SOURCE,C_CONT,SEARCH,seed_mean,,0,REFUGE_Valid,OC,-6.9561234397111535
S_SOURCE,C_CONT,SEARCH,seed_mean,,0,Drishti_GS,OD,-8.182328071202832
S_SOURCE,C_CONT,SEARCH,seed_mean,,0,Drishti_GS,OC,-5.735633614749489
S_SOURCE,C_CONT,SEARCH,seed_mean,,1,Drishti_GS,OD,-2.1153798077935924
S_SOURCE,C_CONT,SEARCH,seed_mean,,1,REFUGE_Valid,OD,-6.310698473288174
S_SOURCE,C_CONT,SEARCH,seed_mean,,1,REFUGE_Valid,OC,-11.372880870040447
S_SOURCE,C_CONT,SEARCH,seed_mean,,1,ORIGA,OD,-18.06526698234056
S_SOURCE,C_CONT,SEARCH,seed_mean,,1,ORIGA,OC,-32.415064566884745
S_SOURCE,C_CONT,SEARCH,seed_mean,,1,REFUGE,OD,-4.8405753451718425
S_SOURCE,C_CONT,SEARCH,seed_mean,,1,REFUGE,OC,-2.081460901675257
ANCHOR,C_CONT,SEALED_REVIEW,individual_seed,20260907,0,ORIGA,OC,-0.22855849019174457
ANCHOR,C_CONT,SEALED_REVIEW,individual_seed,20260907,0,Drishti_GS,OD,-0.46673672978337777
ANCHOR,C_CONT,SEALED_REVIEW,individual_seed,20260907,1,REFUGE_Valid,OD,-1.05452144186917
ANCHOR,C_CONT,SEALED_REVIEW,individual_seed,20260907,1,REFUGE_Valid,OC,-0.6438689466523613
ANCHOR,C_CONT,SEALED_REVIEW,individual_seed,20260907,1,REFUGE,OD,-0.07096209708323897
ANCHOR,C_CONT,SEALED_REVIEW,individual_seed,20260907,1,REFUGE,OC,-0.22378965877211954
ANCHOR,C_CONT,SEALED_REVIEW,individual_seed,17011,0,REFUGE,OC,-0.033192435796763675
ANCHOR,C_CONT,SEALED_REVIEW,individual_seed,17011,0,REFUGE_Valid,OC,-0.038869647880723335
ANCHOR,C_CONT,SEALED_REVIEW,individual_seed,17011,0,Drishti_GS,OD,-0.7250301681066702
ANCHOR,C_CONT,SEALED_REVIEW,individual_seed,17011,1,REFUGE_Valid,OD,-0.9131848198520487
ANCHOR,C_CONT,SEALED_REVIEW,individual_seed,17011,1,REFUGE_Valid,OC,-0.629038073817128
ANCHOR,C_CONT,SEALED_REVIEW,individual_seed,17011,1,REFUGE,OD,-0.2352356771809383
ANCHOR,C_CONT,SEALED_REVIEW,individual_seed,17011,1,REFUGE,OC,-0.1505537495329179
ANCHOR,C_CONT,SEALED_REVIEW,individual_seed,29009,0,REFUGE_Valid,OC,-0.37931778879580946
ANCHOR,C_CONT,SEALED_REVIEW,individual_seed,29009,0,Drishti_GS,OD,-1.2003278674694826
ANCHOR,C_CONT,SEALED_REVIEW,individual_seed,29009,1,REFUGE_Valid,OD,-1.1211768864013152
ANCHOR,C_CONT,SEALED_REVIEW,individual_seed,29009,1,REFUGE_Valid,OC,-0.5219932402791301
ANCHOR,C_CONT,SEALED_REVIEW,individual_seed,29009,1,REFUGE,OC,-0.23387790373149642
ANCHOR,C_CONT,SEALED_REVIEW,seed_mean,,0,REFUGE_Valid,OC,-0.004816113821580832
ANCHOR,C_CONT,SEALED_REVIEW,seed_mean,,0,Drishti_GS,OD,-0.7973649217865102
ANCHOR,C_CONT,SEALED_REVIEW,seed_mean,,1,REFUGE_Valid,OD,-1.0296277160408447
ANCHOR,C_CONT,SEALED_REVIEW,seed_mean,,1,REFUGE_Valid,OC,-0.5983000869162064
ANCHOR,C_CONT,SEALED_REVIEW,seed_mean,,1,REFUGE,OD,-0.06589316929815443
ANCHOR,C_CONT,SEALED_REVIEW,seed_mean,,1,REFUGE,OC,-0.20274043734551128
C_BOTH32,ANCHOR,SEALED_REVIEW,individual_seed,20260907,0,REFUGE,OD,-1.1327237265440289
C_BOTH32,ANCHOR,SEALED_REVIEW,individual_seed,20260907,0,REFUGE,OC,-0.5417872889837554
C_BOTH32,ANCHOR,SEALED_REVIEW,individual_seed,20260907,0,ORIGA,OD,-12.033990613584464
C_BOTH32,ANCHOR,SEALED_REVIEW,individual_seed,20260907,0,ORIGA,OC,-12.777309374606041
C_BOTH32,ANCHOR,SEALED_REVIEW,individual_seed,20260907,0,Drishti_GS,OD,-7.554706353345608
C_BOTH32,ANCHOR,SEALED_REVIEW,individual_seed,20260907,0,Drishti_GS,OC,-10.322675517170772
C_BOTH32,ANCHOR,SEALED_REVIEW,individual_seed,20260907,1,Drishti_GS,OD,-0.8452495195196974
C_BOTH32,ANCHOR,SEALED_REVIEW,individual_seed,20260907,1,Drishti_GS,OC,-0.33520760844729836
C_BOTH32,ANCHOR,SEALED_REVIEW,individual_seed,20260907,1,ORIGA,OD,-11.215292301551173
C_BOTH32,ANCHOR,SEALED_REVIEW,individual_seed,20260907,1,ORIGA,OC,-10.738026653279626
C_BOTH32,ANCHOR,SEALED_REVIEW,individual_seed,20260907,1,REFUGE,OD,-3.02760187224348
C_BOTH32,ANCHOR,SEALED_REVIEW,individual_seed,17011,0,REFUGE,OD,-1.0375374631206569
C_BOTH32,ANCHOR,SEALED_REVIEW,individual_seed,17011,0,REFUGE,OC,-0.5671892185150682
C_BOTH32,ANCHOR,SEALED_REVIEW,individual_seed,17011,0,ORIGA,OD,-11.634053775528358
C_BOTH32,ANCHOR,SEALED_REVIEW,individual_seed,17011,0,ORIGA,OC,-13.01039963214491
C_BOTH32,ANCHOR,SEALED_REVIEW,individual_seed,17011,0,Drishti_GS,OD,-6.720205721917566
C_BOTH32,ANCHOR,SEALED_REVIEW,individual_seed,17011,0,Drishti_GS,OC,-8.630831115839015
C_BOTH32,ANCHOR,SEALED_REVIEW,individual_seed,17011,1,Drishti_GS,OD,-0.9049331487190244
C_BOTH32,ANCHOR,SEALED_REVIEW,individual_seed,17011,1,Drishti_GS,OC,-0.45581101372283683
C_BOTH32,ANCHOR,SEALED_REVIEW,individual_seed,17011,1,ORIGA,OD,-11.162901532370412
C_BOTH32,ANCHOR,SEALED_REVIEW,individual_seed,17011,1,ORIGA,OC,-10.60747557712611
C_BOTH32,ANCHOR,SEALED_REVIEW,individual_seed,17011,1,REFUGE,OD,-2.623015614311967
C_BOTH32,ANCHOR,SEALED_REVIEW,individual_seed,29009,0,REFUGE,OD,-0.7159995150686456
C_BOTH32,ANCHOR,SEALED_REVIEW,individual_seed,29009,0,REFUGE,OC,-0.6968913003118473
C_BOTH32,ANCHOR,SEALED_REVIEW,individual_seed,29009,0,ORIGA,OD,-11.83545455626647
C_BOTH32,ANCHOR,SEALED_REVIEW,individual_seed,29009,0,ORIGA,OC,-12.887200642639662
C_BOTH32,ANCHOR,SEALED_REVIEW,individual_seed,29009,0,Drishti_GS,OD,-7.041239977279957
C_BOTH32,ANCHOR,SEALED_REVIEW,individual_seed,29009,0,Drishti_GS,OC,-11.010628680869573
C_BOTH32,ANCHOR,SEALED_REVIEW,individual_seed,29009,1,Drishti_GS,OD,-1.2004108378639273
C_BOTH32,ANCHOR,SEALED_REVIEW,individual_seed,29009,1,Drishti_GS,OC,-0.3508734589703266
C_BOTH32,ANCHOR,SEALED_REVIEW,individual_seed,29009,1,ORIGA,OD,-10.871539998523644
C_BOTH32,ANCHOR,SEALED_REVIEW,individual_seed,29009,1,ORIGA,OC,-9.993430502572018
C_BOTH32,ANCHOR,SEALED_REVIEW,individual_seed,29009,1,REFUGE,OD,-2.4071837687541375
C_BOTH32,ANCHOR,SEALED_REVIEW,seed_mean,,0,REFUGE,OD,-0.9620869015777771
C_BOTH32,ANCHOR,SEALED_REVIEW,seed_mean,,0,REFUGE,OC,-0.6019559359368903
C_BOTH32,ANCHOR,SEALED_REVIEW,seed_mean,,0,ORIGA,OD,-11.834499648459763
C_BOTH32,ANCHOR,SEALED_REVIEW,seed_mean,,0,ORIGA,OC,-12.891636549796871
C_BOTH32,ANCHOR,SEALED_REVIEW,seed_mean,,0,Drishti_GS,OD,-7.105384017514377
C_BOTH32,ANCHOR,SEALED_REVIEW,seed_mean,,0,Drishti_GS,OC,-9.988045104626453
C_BOTH32,ANCHOR,SEALED_REVIEW,seed_mean,,1,Drishti_GS,OD,-0.9835311687008831
C_BOTH32,ANCHOR,SEALED_REVIEW,seed_mean,,1,Drishti_GS,OC,-0.3806306937134873
C_BOTH32,ANCHOR,SEALED_REVIEW,seed_mean,,1,ORIGA,OD,-11.083244610815077
C_BOTH32,ANCHOR,SEALED_REVIEW,seed_mean,,1,ORIGA,OC,-10.446310910992585
C_BOTH32,ANCHOR,SEALED_REVIEW,seed_mean,,1,REFUGE,OD,-2.6859337517698614
C_BOTH32,C_CONT,SEALED_REVIEW,individual_seed,20260907,0,REFUGE,OD,-0.8612838348672085
C_BOTH32,C_CONT,SEALED_REVIEW,individual_seed,20260907,0,REFUGE,OC,-0.5002521700834563
C_BOTH32,C_CONT,SEALED_REVIEW,individual_seed,20260907,0,ORIGA,OD,-11.464427804049507
C_BOTH32,C_CONT,SEALED_REVIEW,individual_seed,20260907,0,ORIGA,OC,-13.005867864797786
C_BOTH32,C_CONT,SEALED_REVIEW,individual_seed,20260907,0,Drishti_GS,OD,-8.021443083128986
C_BOTH32,C_CONT,SEALED_REVIEW,individual_seed,20260907,0,Drishti_GS,OC,-8.71785744338846
C_BOTH32,C_CONT,SEALED_REVIEW,individual_seed,20260907,1,Drishti_GS,OD,-0.7057536513916176
C_BOTH32,C_CONT,SEALED_REVIEW,individual_seed,20260907,1,Drishti_GS,OC,-0.31328944971073014
C_BOTH32,C_CONT,SEALED_REVIEW,individual_seed,20260907,1,ORIGA,OD,-10.880534498938701
C_BOTH32,C_CONT,SEALED_REVIEW,individual_seed,20260907,1,ORIGA,OC,-10.114643143155256
C_BOTH32,C_CONT,SEALED_REVIEW,individual_seed,20260907,1,REFUGE,OD,-3.098563969326719
C_BOTH32,C_CONT,SEALED_REVIEW,individual_seed,17011,0,REFUGE,OD,-0.6931468865835768
C_BOTH32,C_CONT,SEALED_REVIEW,individual_seed,17011,0,REFUGE,OC,-0.6003816543118319
C_BOTH32,C_CONT,SEALED_REVIEW,individual_seed,17011,0,ORIGA,OD,-11.109465706274904
C_BOTH32,C_CONT,SEALED_REVIEW,individual_seed,17011,0,ORIGA,OC,-12.60473684004377
C_BOTH32,C_CONT,SEALED_REVIEW,individual_seed,17011,0,Drishti_GS,OD,-7.445235890024236
C_BOTH32,C_CONT,SEALED_REVIEW,individual_seed,17011,0,Drishti_GS,OC,-8.03218625916071
C_BOTH32,C_CONT,SEALED_REVIEW,individual_seed,17011,1,Drishti_GS,OD,-0.6887079076653606
C_BOTH32,C_CONT,SEALED_REVIEW,individual_seed,17011,1,Drishti_GS,OC,-0.359757685959444
C_BOTH32,C_CONT,SEALED_REVIEW,individual_seed,17011,1,ORIGA,OD,-10.846680163643498
C_BOTH32,C_CONT,SEALED_REVIEW,individual_seed,17011,1,ORIGA,OC,-10.246415243672075
C_BOTH32,C_CONT,SEALED_REVIEW,individual_seed,17011,1,REFUGE,OD,-2.8582512914929055
C_BOTH32,C_CONT,SEALED_REVIEW,individual_seed,29009,0,REFUGE,OD,-0.3837623780670043
C_BOTH32,C_CONT,SEALED_REVIEW,individual_seed,29009,0,REFUGE,OC,-0.6383004987400795
C_BOTH32,C_CONT,SEALED_REVIEW,individual_seed,29009,0,ORIGA,OD,-11.310785461079234
C_BOTH32,C_CONT,SEALED_REVIEW,individual_seed,29009,0,ORIGA,OC,-12.645169312621626
C_BOTH32,C_CONT,SEALED_REVIEW,individual_seed,29009,0,Drishti_GS,OD,-8.24156784474944
C_BOTH32,C_CONT,SEALED_REVIEW,individual_seed,29009,0,Drishti_GS,OC,-8.995099667789205
C_BOTH32,C_CONT,SEALED_REVIEW,individual_seed,29009,1,Drishti_GS,OD,-1.0633565588018001
C_BOTH32,C_CONT,SEALED_REVIEW,individual_seed,29009,1,Drishti_GS,OC,-0.3264130133297556
C_BOTH32,C_CONT,SEALED_REVIEW,individual_seed,29009,1,ORIGA,OD,-10.29679433221051
C_BOTH32,C_CONT,SEALED_REVIEW,individual_seed,29009,1,ORIGA,OC,-9.122653239910356
C_BOTH32,C_CONT,SEALED_REVIEW,individual_seed,29009,1,REFUGE,OD,-2.2986655023844236
C_BOTH32,C_CONT,SEALED_REVIEW,seed_mean,,0,REFUGE,OD,-0.6460643665059299
C_BOTH32,C_CONT,SEALED_REVIEW,seed_mean,,0,REFUGE,OC,-0.579644774378456
C_BOTH32,C_CONT,SEALED_REVIEW,seed_mean,,0,ORIGA,OD,-11.294892990467881
C_BOTH32,C_CONT,SEALED_REVIEW,seed_mean,,0,ORIGA,OC,-12.751924672487727
C_BOTH32,C_CONT,SEALED_REVIEW,seed_mean,,0,Drishti_GS,OD,-7.902748939300888
C_BOTH32,C_CONT,SEALED_REVIEW,seed_mean,,0,Drishti_GS,OC,-8.581714456779459
C_BOTH32,C_CONT,SEALED_REVIEW,seed_mean,,1,Drishti_GS,OD,-0.8192727059529261
C_BOTH32,C_CONT,SEALED_REVIEW,seed_mean,,1,Drishti_GS,OC,-0.3331533829999766
C_BOTH32,C_CONT,SEALED_REVIEW,seed_mean,,1,ORIGA,OD,-10.674669664930903
C_BOTH32,C_CONT,SEALED_REVIEW,seed_mean,,1,ORIGA,OC,-9.82790387557923
C_BOTH32,C_CONT,SEALED_REVIEW,seed_mean,,1,REFUGE,OD,-2.751826921068016
C_CONT,ANCHOR,SEALED_REVIEW,individual_seed,20260907,0,REFUGE,OD,-0.27143989167682037
C_CONT,ANCHOR,SEALED_REVIEW,individual_seed,20260907,0,REFUGE,OC,-0.04153511890029904
C_CONT,ANCHOR,SEALED_REVIEW,individual_seed,20260907,0,ORIGA,OD,-0.5695628095349576
C_CONT,ANCHOR,SEALED_REVIEW,individual_seed,20260907,0,REFUGE_Valid,OD,-0.9563377459738973
C_CONT,ANCHOR,SEALED_REVIEW,individual_seed,20260907,0,REFUGE_Valid,OC,-0.4037390952117903
C_CONT,ANCHOR,SEALED_REVIEW,individual_seed,20260907,0,Drishti_GS,OC,-1.6048180737823117
C_CONT,ANCHOR,SEALED_REVIEW,individual_seed,20260907,1,Drishti_GS,OD,-0.1394958681280798
C_CONT,ANCHOR,SEALED_REVIEW,individual_seed,20260907,1,Drishti_GS,OC,-0.021918158736568216
C_CONT,ANCHOR,SEALED_REVIEW,individual_seed,20260907,1,ORIGA,OD,-0.33475780261247223
C_CONT,ANCHOR,SEALED_REVIEW,individual_seed,20260907,1,ORIGA,OC,-0.6233835101243699
C_CONT,ANCHOR,SEALED_REVIEW,individual_seed,17011,0,REFUGE,OD,-0.34439057653708005
C_CONT,ANCHOR,SEALED_REVIEW,individual_seed,17011,0,ORIGA,OD,-0.5245880692534541
C_CONT,ANCHOR,SEALED_REVIEW,individual_seed,17011,0,ORIGA,OC,-0.40566279210113976
C_CONT,ANCHOR,SEALED_REVIEW,individual_seed,17011,0,REFUGE_Valid,OD,-1.0631737621202717
C_CONT,ANCHOR,SEALED_REVIEW,individual_seed,17011,0,Drishti_GS,OC,-0.5986448566783054
C_CONT,ANCHOR,SEALED_REVIEW,individual_seed,17011,1,Drishti_GS,OD,-0.2162252410536638
C_CONT,ANCHOR,SEALED_REVIEW,individual_seed,17011,1,Drishti_GS,OC,-0.09605332776339282
C_CONT,ANCHOR,SEALED_REVIEW,individual_seed,17011,1,ORIGA,OD,-0.3162213687269144
C_CONT,ANCHOR,SEALED_REVIEW,individual_seed,17011,1,ORIGA,OC,-0.3610603334540343
C_CONT,ANCHOR,SEALED_REVIEW,individual_seed,29009,0,REFUGE,OD,-0.33223713700164126
C_CONT,ANCHOR,SEALED_REVIEW,individual_seed,29009,0,REFUGE,OC,-0.05859080157176777
C_CONT,ANCHOR,SEALED_REVIEW,individual_seed,29009,0,ORIGA,OD,-0.5246690951872353
C_CONT,ANCHOR,SEALED_REVIEW,individual_seed,29009,0,ORIGA,OC,-0.24203133001803678
C_CONT,ANCHOR,SEALED_REVIEW,individual_seed,29009,0,REFUGE_Valid,OD,-1.7587864993592461
C_CONT,ANCHOR,SEALED_REVIEW,individual_seed,29009,0,Drishti_GS,OC,-2.015529013080368
C_CONT,ANCHOR,SEALED_REVIEW,individual_seed,29009,1,Drishti_GS,OD,-0.1370542790621272
C_CONT,ANCHOR,SEALED_REVIEW,individual_seed,29009,1,Drishti_GS,OC,-0.024460445640571038
C_CONT,ANCHOR,SEALED_REVIEW,individual_seed,29009,1,ORIGA,OD,-0.5747456663131345
C_CONT,ANCHOR,SEALED_REVIEW,individual_seed,29009,1,ORIGA,OC,-0.8707772626616617
C_CONT,ANCHOR,SEALED_REVIEW,individual_seed,29009,1,REFUGE,OD,-0.10851826636971396
C_CONT,ANCHOR,SEALED_REVIEW,seed_mean,,0,REFUGE,OD,-0.31602253507184724
C_CONT,ANCHOR,SEALED_REVIEW,seed_mean,,0,REFUGE,OC,-0.022311161558434378
C_CONT,ANCHOR,SEALED_REVIEW,seed_mean,,0,ORIGA,OD,-0.5396066579918823
C_CONT,ANCHOR,SEALED_REVIEW,seed_mean,,0,ORIGA,OC,-0.139711877309144
C_CONT,ANCHOR,SEALED_REVIEW,seed_mean,,0,REFUGE_Valid,OD,-1.2594326691511384
C_CONT,ANCHOR,SEALED_REVIEW,seed_mean,,0,Drishti_GS,OC,-1.406330647846995
C_CONT,ANCHOR,SEALED_REVIEW,seed_mean,,1,Drishti_GS,OD,-0.16425846274795694
C_CONT,ANCHOR,SEALED_REVIEW,seed_mean,,1,Drishti_GS,OC,-0.04747731071351069
C_CONT,ANCHOR,SEALED_REVIEW,seed_mean,,1,ORIGA,OD,-0.4085749458841737
C_CONT,ANCHOR,SEALED_REVIEW,seed_mean,,1,ORIGA,OC,-0.6184070354133553
C_CONT,C_EPISODIC,SEALED_REVIEW,individual_seed,20260907,0,REFUGE_Valid,OD,-6.968987268952745
C_CONT,C_EPISODIC,SEALED_REVIEW,individual_seed,20260907,0,REFUGE_Valid,OC,-7.109996177048139
C_CONT,C_EPISODIC,SEALED_REVIEW,individual_seed,20260907,1,REFUGE_Valid,OD,-2.56488218518372
C_CONT,C_EPISODIC,SEALED_REVIEW,individual_seed,20260907,1,REFUGE_Valid,OC,-2.1610125976514354
C_CONT,C_EPISODIC,SEALED_REVIEW,individual_seed,20260907,1,REFUGE,OC,-1.2949927607244263
C_CONT,C_EPISODIC,SEALED_REVIEW,individual_seed,17011,0,REFUGE_Valid,OD,-5.573536633266244
C_CONT,C_EPISODIC,SEALED_REVIEW,individual_seed,17011,0,REFUGE_Valid,OC,-6.729658913798559
C_CONT,C_EPISODIC,SEALED_REVIEW,individual_seed,17011,1,REFUGE_Valid,OD,-3.1249507948187443
C_CONT,C_EPISODIC,SEALED_REVIEW,individual_seed,17011,1,REFUGE_Valid,OC,-2.427399808792231
C_CONT,C_EPISODIC,SEALED_REVIEW,individual_seed,17011,1,REFUGE,OC,-1.8025473801053948
C_CONT,C_EPISODIC,SEALED_REVIEW,individual_seed,29009,0,REFUGE_Valid,OD,-6.825457664049296
C_CONT,C_EPISODIC,SEALED_REVIEW,individual_seed,29009,0,REFUGE_Valid,OC,-7.722504836963573
C_CONT,C_EPISODIC,SEALED_REVIEW,individual_seed,29009,1,REFUGE_Valid,OD,-3.8760009812331333
C_CONT,C_EPISODIC,SEALED_REVIEW,individual_seed,29009,1,REFUGE_Valid,OC,-2.3339866611592157
C_CONT,C_EPISODIC,SEALED_REVIEW,individual_seed,29009,1,REFUGE,OC,-1.8917764502033236
C_CONT,C_EPISODIC,SEALED_REVIEW,seed_mean,,0,REFUGE_Valid,OD,-6.455993855422761
C_CONT,C_EPISODIC,SEALED_REVIEW,seed_mean,,0,REFUGE_Valid,OC,-7.187386642603424
C_CONT,C_EPISODIC,SEALED_REVIEW,seed_mean,,1,REFUGE_Valid,OD,-3.188611320411866
C_CONT,C_EPISODIC,SEALED_REVIEW,seed_mean,,1,REFUGE_Valid,OC,-2.307466355867627
C_CONT,C_EPISODIC,SEALED_REVIEW,seed_mean,,1,REFUGE,OC,-1.6631055303443816
C_EPISODIC,ANCHOR,SEALED_REVIEW,individual_seed,20260907,0,REFUGE,OD,-1.0989981875755461
C_EPISODIC,ANCHOR,SEALED_REVIEW,individual_seed,20260907,0,REFUGE,OC,-0.658005901084934
C_EPISODIC,ANCHOR,SEALED_REVIEW,individual_seed,20260907,0,ORIGA,OD,-12.91310957389139
C_EPISODIC,ANCHOR,SEALED_REVIEW,individual_seed,20260907,0,ORIGA,OC,-13.733411304601113
C_EPISODIC,ANCHOR,SEALED_REVIEW,individual_seed,20260907,0,Drishti_GS,OD,-7.802563926280598
C_EPISODIC,ANCHOR,SEALED_REVIEW,individual_seed,20260907,0,Drishti_GS,OC,-10.355520082133502
C_EPISODIC,ANCHOR,SEALED_REVIEW,individual_seed,20260907,1,Drishti_GS,OD,-0.9799827780672672
C_EPISODIC,ANCHOR,SEALED_REVIEW,individual_seed,20260907,1,Drishti_GS,OC,-0.24790072453291145
C_EPISODIC,ANCHOR,SEALED_REVIEW,individual_seed,20260907,1,ORIGA,OD,-12.110135801270516
C_EPISODIC,ANCHOR,SEALED_REVIEW,individual_seed,20260907,1,ORIGA,OC,-11.70867310858862
C_EPISODIC,ANCHOR,SEALED_REVIEW,individual_seed,20260907,1,REFUGE,OD,-2.9502014253225894
C_EPISODIC,ANCHOR,SEALED_REVIEW,individual_seed,17011,0,REFUGE,OD,-0.9813541859478789
C_EPISODIC,ANCHOR,SEALED_REVIEW,individual_seed,17011,0,REFUGE,OC,-0.7250511626721305
C_EPISODIC,ANCHOR,SEALED_REVIEW,individual_seed,17011,0,ORIGA,OD,-12.446513834849597
C_EPISODIC,ANCHOR,SEALED_REVIEW,individual_seed,17011,0,ORIGA,OC,-13.962221292923068
C_EPISODIC,ANCHOR,SEALED_REVIEW,individual_seed,17011,0,Drishti_GS,OD,-6.900540345693784
C_EPISODIC,ANCHOR,SEALED_REVIEW,individual_seed,17011,0,Drishti_GS,OC,-8.853783480179551
C_EPISODIC,ANCHOR,SEALED_REVIEW,individual_seed,17011,1,Drishti_GS,OD,-1.1017469227508485
C_EPISODIC,ANCHOR,SEALED_REVIEW,individual_seed,17011,1,Drishti_GS,OC,-0.4988577145916864
C_EPISODIC,ANCHOR,SEALED_REVIEW,individual_seed,17011,1,ORIGA,OD,-12.07722112830163
C_EPISODIC,ANCHOR,SEALED_REVIEW,individual_seed,17011,1,ORIGA,OC,-11.602539741489373
C_EPISODIC,ANCHOR,SEALED_REVIEW,individual_seed,17011,1,REFUGE,OD,-2.517167110563207
C_EPISODIC,ANCHOR,SEALED_REVIEW,individual_seed,29009,0,REFUGE,OD,-0.6876742369383493
C_EPISODIC,ANCHOR,SEALED_REVIEW,individual_seed,29009,0,REFUGE,OC,-0.8979196177518531
C_EPISODIC,ANCHOR,SEALED_REVIEW,individual_seed,29009,0,ORIGA,OD,-12.688446541171217
C_EPISODIC,ANCHOR,SEALED_REVIEW,individual_seed,29009,0,ORIGA,OC,-13.799597770081853
C_EPISODIC,ANCHOR,SEALED_REVIEW,individual_seed,29009,0,Drishti_GS,OD,-7.125801053760654
C_EPISODIC,ANCHOR,SEALED_REVIEW,individual_seed,29009,0,Drishti_GS,OC,-11.072048175475047
C_EPISODIC,ANCHOR,SEALED_REVIEW,individual_seed,29009,1,Drishti_GS,OD,-1.5093362457841124
C_EPISODIC,ANCHOR,SEALED_REVIEW,individual_seed,29009,1,Drishti_GS,OC,-0.2696505936593354
C_EPISODIC,ANCHOR,SEALED_REVIEW,individual_seed,29009,1,ORIGA,OD,-11.813352497031119
C_EPISODIC,ANCHOR,SEALED_REVIEW,individual_seed,29009,1,ORIGA,OC,-11.058759952833341
C_EPISODIC,ANCHOR,SEALED_REVIEW,individual_seed,29009,1,REFUGE,OD,-2.3743119334214953
C_EPISODIC,ANCHOR,SEALED_REVIEW,seed_mean,,0,REFUGE,OD,-0.9226755368205914
C_EPISODIC,ANCHOR,SEALED_REVIEW,seed_mean,,0,REFUGE,OC,-0.7603255605029725
C_EPISODIC,ANCHOR,SEALED_REVIEW,seed_mean,,0,ORIGA,OD,-12.682689983304067
C_EPISODIC,ANCHOR,SEALED_REVIEW,seed_mean,,0,ORIGA,OC,-13.831743455868677
C_EPISODIC,ANCHOR,SEALED_REVIEW,seed_mean,,0,Drishti_GS,OD,-7.276301775245012
C_EPISODIC,ANCHOR,SEALED_REVIEW,seed_mean,,0,Drishti_GS,OC,-10.093783912596033
C_EPISODIC,ANCHOR,SEALED_REVIEW,seed_mean,,1,Drishti_GS,OD,-1.1970219822007426
C_EPISODIC,ANCHOR,SEALED_REVIEW,seed_mean,,1,Drishti_GS,OC,-0.33880301092797777
C_EPISODIC,ANCHOR,SEALED_REVIEW,seed_mean,,1,ORIGA,OD,-12.000236475534422
C_EPISODIC,ANCHOR,SEALED_REVIEW,seed_mean,,1,ORIGA,OC,-11.456657600970445
C_EPISODIC,ANCHOR,SEALED_REVIEW,seed_mean,,1,REFUGE,OD,-2.6138934897690973
C_EPISODIC,C_CONT,SEALED_REVIEW,individual_seed,20260907,0,REFUGE,OD,-0.8275582958987258
C_EPISODIC,C_CONT,SEALED_REVIEW,individual_seed,20260907,0,REFUGE,OC,-0.6164707821846349
C_EPISODIC,C_CONT,SEALED_REVIEW,individual_seed,20260907,0,ORIGA,OD,-12.343546764356432
C_EPISODIC,C_CONT,SEALED_REVIEW,individual_seed,20260907,0,ORIGA,OC,-13.961969794792857
C_EPISODIC,C_CONT,SEALED_REVIEW,individual_seed,20260907,0,Drishti_GS,OD,-8.269300656063976
C_EPISODIC,C_CONT,SEALED_REVIEW,individual_seed,20260907,0,Drishti_GS,OC,-8.75070200835119
C_EPISODIC,C_CONT,SEALED_REVIEW,individual_seed,20260907,1,Drishti_GS,OD,-0.8404869099391874
C_EPISODIC,C_CONT,SEALED_REVIEW,individual_seed,20260907,1,Drishti_GS,OC,-0.22598256579634324
C_EPISODIC,C_CONT,SEALED_REVIEW,individual_seed,20260907,1,ORIGA,OD,-11.775377998658044
C_EPISODIC,C_CONT,SEALED_REVIEW,individual_seed,20260907,1,ORIGA,OC,-11.08528959846425
C_EPISODIC,C_CONT,SEALED_REVIEW,individual_seed,20260907,1,REFUGE,OD,-3.0211635224058284
C_EPISODIC,C_CONT,SEALED_REVIEW,individual_seed,17011,0,REFUGE,OD,-0.6369636094107989
C_EPISODIC,C_CONT,SEALED_REVIEW,individual_seed,17011,0,REFUGE,OC,-0.7582435984688942
C_EPISODIC,C_CONT,SEALED_REVIEW,individual_seed,17011,0,ORIGA,OD,-11.921925765596143
C_EPISODIC,C_CONT,SEALED_REVIEW,individual_seed,17011,0,ORIGA,OC,-13.556558500821929
C_EPISODIC,C_CONT,SEALED_REVIEW,individual_seed,17011,0,Drishti_GS,OD,-7.625570513800454
C_EPISODIC,C_CONT,SEALED_REVIEW,individual_seed,17011,0,Drishti_GS,OC,-8.255138623501246
C_EPISODIC,C_CONT,SEALED_REVIEW,individual_seed,17011,1,Drishti_GS,OD,-0.8855216816971847
C_EPISODIC,C_CONT,SEALED_REVIEW,individual_seed,17011,1,Drishti_GS,OC,-0.40280438682829356
C_EPISODIC,C_CONT,SEALED_REVIEW,individual_seed,17011,1,ORIGA,OD,-11.760999759574716
C_EPISODIC,C_CONT,SEALED_REVIEW,individual_seed,17011,1,ORIGA,OC,-11.241479408035339
C_EPISODIC,C_CONT,SEALED_REVIEW,individual_seed,17011,1,REFUGE,OD,-2.7524027877441455
C_EPISODIC,C_CONT,SEALED_REVIEW,individual_seed,29009,0,REFUGE,OD,-0.355437099936708
C_EPISODIC,C_CONT,SEALED_REVIEW,individual_seed,29009,0,REFUGE,OC,-0.8393288161800854
C_EPISODIC,C_CONT,SEALED_REVIEW,individual_seed,29009,0,ORIGA,OD,-12.163777445983982
C_EPISODIC,C_CONT,SEALED_REVIEW,individual_seed,29009,0,ORIGA,OC,-13.557566440063816
C_EPISODIC,C_CONT,SEALED_REVIEW,individual_seed,29009,0,Drishti_GS,OD,-8.326128921230136
C_EPISODIC,C_CONT,SEALED_REVIEW,individual_seed,29009,0,Drishti_GS,OC,-9.056519162394679
C_EPISODIC,C_CONT,SEALED_REVIEW,individual_seed,29009,1,Drishti_GS,OD,-1.3722819667219852
C_EPISODIC,C_CONT,SEALED_REVIEW,individual_seed,29009,1,Drishti_GS,OC,-0.24519014801876438
C_EPISODIC,C_CONT,SEALED_REVIEW,individual_seed,29009,1,ORIGA,OD,-11.238606830717984
C_EPISODIC,C_CONT,SEALED_REVIEW,individual_seed,29009,1,ORIGA,OC,-10.18798269017168
C_EPISODIC,C_CONT,SEALED_REVIEW,individual_seed,29009,1,REFUGE,OD,-2.2657936670517813
C_EPISODIC,C_CONT,SEALED_REVIEW,seed_mean,,0,REFUGE,OD,-0.6066530017487443
C_EPISODIC,C_CONT,SEALED_REVIEW,seed_mean,,0,REFUGE,OC,-0.7380143989445381
C_EPISODIC,C_CONT,SEALED_REVIEW,seed_mean,,0,ORIGA,OD,-12.143083325312185
C_EPISODIC,C_CONT,SEALED_REVIEW,seed_mean,,0,ORIGA,OC,-13.692031578559535
C_EPISODIC,C_CONT,SEALED_REVIEW,seed_mean,,0,Drishti_GS,OD,-8.073666697031522
C_EPISODIC,C_CONT,SEALED_REVIEW,seed_mean,,0,Drishti_GS,OC,-8.687453264749038
C_EPISODIC,C_CONT,SEALED_REVIEW,seed_mean,,1,Drishti_GS,OD,-1.0327635194527858
C_EPISODIC,C_CONT,SEALED_REVIEW,seed_mean,,1,Drishti_GS,OC,-0.2913257002144671
C_EPISODIC,C_CONT,SEALED_REVIEW,seed_mean,,1,ORIGA,OD,-11.591661529650247
C_EPISODIC,C_CONT,SEALED_REVIEW,seed_mean,,1,ORIGA,OC,-10.83825056555709
C_EPISODIC,C_CONT,SEALED_REVIEW,seed_mean,,1,REFUGE,OD,-2.679786659067252
C_EPISODIC,S_BATCH,SEALED_REVIEW,individual_seed,17011,0,Drishti_GS,OC,-0.006168402678618179
C_OPT32,ANCHOR,SEALED_REVIEW,individual_seed,20260907,0,REFUGE,OC,-0.17225607835482037
C_OPT32,ANCHOR,SEALED_REVIEW,individual_seed,20260907,0,ORIGA,OD,-1.4991704565686064
C_OPT32,ANCHOR,SEALED_REVIEW,individual_seed,20260907,0,ORIGA,OC,-1.5518663710712417
C_OPT32,ANCHOR,SEALED_REVIEW,individual_seed,20260907,0,REFUGE_Valid,OD,-5.1821884180486535
C_OPT32,ANCHOR,SEALED_REVIEW,individual_seed,20260907,0,REFUGE_Valid,OC,-2.4887916751026964
C_OPT32,ANCHOR,SEALED_REVIEW,individual_seed,20260907,1,Drishti_GS,OD,-0.337860831874508
C_OPT32,ANCHOR,SEALED_REVIEW,individual_seed,20260907,1,Drishti_GS,OC,-0.11795620367174564
C_OPT32,ANCHOR,SEALED_REVIEW,individual_seed,20260907,1,REFUGE_Valid,OD,-0.1756629086569319
C_OPT32,ANCHOR,SEALED_REVIEW,individual_seed,20260907,1,ORIGA,OD,-0.2703707822074648
C_OPT32,ANCHOR,SEALED_REVIEW,individual_seed,20260907,1,ORIGA,OC,-1.038271595404197
C_OPT32,ANCHOR,SEALED_REVIEW,individual_seed,20260907,1,REFUGE,OD,-0.8699746572288944
C_OPT32,ANCHOR,SEALED_REVIEW,individual_seed,20260907,1,REFUGE,OC,-0.9752089789392784
C_OPT32,ANCHOR,SEALED_REVIEW,individual_seed,17011,0,REFUGE,OD,-0.10517857728630986
C_OPT32,ANCHOR,SEALED_REVIEW,individual_seed,17011,0,REFUGE,OC,-0.04256069522811856
C_OPT32,ANCHOR,SEALED_REVIEW,individual_seed,17011,0,ORIGA,OD,-1.5343719993539793
C_OPT32,ANCHOR,SEALED_REVIEW,individual_seed,17011,0,ORIGA,OC,-1.8565000019729752
C_OPT32,ANCHOR,SEALED_REVIEW,individual_seed,17011,0,REFUGE_Valid,OD,-5.83259527271008
C_OPT32,ANCHOR,SEALED_REVIEW,individual_seed,17011,0,REFUGE_Valid,OC,-2.5759228922443853
C_OPT32,ANCHOR,SEALED_REVIEW,individual_seed,17011,1,Drishti_GS,OD,-0.15529119152853355
C_OPT32,ANCHOR,SEALED_REVIEW,individual_seed,17011,1,Drishti_GS,OC,-0.11069616585894693
C_OPT32,ANCHOR,SEALED_REVIEW,individual_seed,17011,1,REFUGE_Valid,OD,-0.417276775994992
C_OPT32,ANCHOR,SEALED_REVIEW,individual_seed,17011,1,ORIGA,OD,-0.36756135298438153
C_OPT32,ANCHOR,SEALED_REVIEW,individual_seed,17011,1,ORIGA,OC,-1.0557368086592618
C_OPT32,ANCHOR,SEALED_REVIEW,individual_seed,17011,1,REFUGE,OD,-0.6710984820402786
C_OPT32,ANCHOR,SEALED_REVIEW,individual_seed,17011,1,REFUGE,OC,-1.2292836513243515
C_OPT32,ANCHOR,SEALED_REVIEW,individual_seed,29009,0,REFUGE,OC,-0.18669837852259263
C_OPT32,ANCHOR,SEALED_REVIEW,individual_seed,29009,0,ORIGA,OD,-1.4766527664254596
C_OPT32,ANCHOR,SEALED_REVIEW,individual_seed,29009,0,ORIGA,OC,-1.5918288774499132
C_OPT32,ANCHOR,SEALED_REVIEW,individual_seed,29009,0,REFUGE_Valid,OD,-5.941065797384866
C_OPT32,ANCHOR,SEALED_REVIEW,individual_seed,29009,0,REFUGE_Valid,OC,-1.6720712091501326
C_OPT32,ANCHOR,SEALED_REVIEW,individual_seed,29009,0,Drishti_GS,OC,-0.5181380486995124
C_OPT32,ANCHOR,SEALED_REVIEW,individual_seed,29009,1,Drishti_GS,OD,-0.2174497133516553
C_OPT32,ANCHOR,SEALED_REVIEW,individual_seed,29009,1,Drishti_GS,OC,-0.014266222070446588
C_OPT32,ANCHOR,SEALED_REVIEW,individual_seed,29009,1,ORIGA,OD,-0.20484094145439258
C_OPT32,ANCHOR,SEALED_REVIEW,individual_seed,29009,1,ORIGA,OC,-0.5743880187591799
C_OPT32,ANCHOR,SEALED_REVIEW,individual_seed,29009,1,REFUGE,OD,-0.5169587720361903
C_OPT32,ANCHOR,SEALED_REVIEW,individual_seed,29009,1,REFUGE,OC,-0.7642032815672906
C_OPT32,ANCHOR,SEALED_REVIEW,seed_mean,,0,REFUGE,OC,-0.1338383840351772
C_OPT32,ANCHOR,SEALED_REVIEW,seed_mean,,0,ORIGA,OD,-1.5033984074493485
C_OPT32,ANCHOR,SEALED_REVIEW,seed_mean,,0,ORIGA,OC,-1.66673175016471
C_OPT32,ANCHOR,SEALED_REVIEW,seed_mean,,0,REFUGE_Valid,OD,-5.651949829381199
C_OPT32,ANCHOR,SEALED_REVIEW,seed_mean,,0,REFUGE_Valid,OC,-2.2455952588324046
C_OPT32,ANCHOR,SEALED_REVIEW,seed_mean,,1,Drishti_GS,OD,-0.23686724558489894
C_OPT32,ANCHOR,SEALED_REVIEW,seed_mean,,1,Drishti_GS,OC,-0.08097286386704639
C_OPT32,ANCHOR,SEALED_REVIEW,seed_mean,,1,REFUGE_Valid,OD,-0.12905270791304702
C_OPT32,ANCHOR,SEALED_REVIEW,seed_mean,,1,ORIGA,OD,-0.2809243588820796
C_OPT32,ANCHOR,SEALED_REVIEW,seed_mean,,1,ORIGA,OC,-0.8894654742742129
C_OPT32,ANCHOR,SEALED_REVIEW,seed_mean,,1,REFUGE,OD,-0.6860106371017878
C_OPT32,ANCHOR,SEALED_REVIEW,seed_mean,,1,REFUGE,OC,-0.9895653039436402
C_OPT32,C_CONT,SEALED_REVIEW,individual_seed,20260907,0,REFUGE,OC,-0.13072095945452133
C_OPT32,C_CONT,SEALED_REVIEW,individual_seed,20260907,0,ORIGA,OD,-0.9296076470336487
C_OPT32,C_CONT,SEALED_REVIEW,individual_seed,20260907,0,ORIGA,OC,-1.7804248612629863
C_OPT32,C_CONT,SEALED_REVIEW,individual_seed,20260907,0,REFUGE_Valid,OD,-4.225850672074756
C_OPT32,C_CONT,SEALED_REVIEW,individual_seed,20260907,0,REFUGE_Valid,OC,-2.085052579890906
C_OPT32,C_CONT,SEALED_REVIEW,individual_seed,20260907,1,Drishti_GS,OD,-0.1983649637464282
C_OPT32,C_CONT,SEALED_REVIEW,individual_seed,20260907,1,Drishti_GS,OC,-0.09603804493517742
C_OPT32,C_CONT,SEALED_REVIEW,individual_seed,20260907,1,REFUGE_Valid,OD,-1.2301843505261019
C_OPT32,C_CONT,SEALED_REVIEW,individual_seed,20260907,1,REFUGE_Valid,OC,-0.3724143442491368
C_OPT32,C_CONT,SEALED_REVIEW,individual_seed,20260907,1,ORIGA,OC,-0.4148880852798271
C_OPT32,C_CONT,SEALED_REVIEW,individual_seed,20260907,1,REFUGE,OD,-0.9409367543121334
C_OPT32,C_CONT,SEALED_REVIEW,individual_seed,20260907,1,REFUGE,OC,-1.198998637711398
C_OPT32,C_CONT,SEALED_REVIEW,individual_seed,17011,0,REFUGE,OC,-0.07575313102488224
C_OPT32,C_CONT,SEALED_REVIEW,individual_seed,17011,0,ORIGA,OD,-1.0097839301005251
C_OPT32,C_CONT,SEALED_REVIEW,individual_seed,17011,0,ORIGA,OC,-1.4508372098718354
C_OPT32,C_CONT,SEALED_REVIEW,individual_seed,17011,0,REFUGE_Valid,OD,-4.769421510589808
C_OPT32,C_CONT,SEALED_REVIEW,individual_seed,17011,0,REFUGE_Valid,OC,-2.6147925401251086
C_OPT32,C_CONT,SEALED_REVIEW,individual_seed,17011,1,Drishti_GS,OC,-0.014642838095554112
C_OPT32,C_CONT,SEALED_REVIEW,individual_seed,17011,1,REFUGE_Valid,OD,-1.3304615958470407
C_OPT32,C_CONT,SEALED_REVIEW,individual_seed,17011,1,REFUGE_Valid,OC,-0.47967687865524056
C_OPT32,C_CONT,SEALED_REVIEW,individual_seed,17011,1,ORIGA,OD,-0.05133998425746711
C_OPT32,C_CONT,SEALED_REVIEW,individual_seed,17011,1,ORIGA,OC,-0.6946764752052275
C_OPT32,C_CONT,SEALED_REVIEW,individual_seed,17011,1,REFUGE,OD,-0.9063341592212169
C_OPT32,C_CONT,SEALED_REVIEW,individual_seed,17011,1,REFUGE,OC,-1.3798374008572694
C_OPT32,C_CONT,SEALED_REVIEW,individual_seed,29009,0,REFUGE,OC,-0.12810757695082486
C_OPT32,C_CONT,SEALED_REVIEW,individual_seed,29009,0,ORIGA,OD,-0.9519836712382244
C_OPT32,C_CONT,SEALED_REVIEW,individual_seed,29009,0,ORIGA,OC,-1.3497975474318764
C_OPT32,C_CONT,SEALED_REVIEW,individual_seed,29009,0,REFUGE_Valid,OD,-4.18227929802562
C_OPT32,C_CONT,SEALED_REVIEW,individual_seed,29009,0,REFUGE_Valid,OC,-2.051388997945942
C_OPT32,C_CONT,SEALED_REVIEW,individual_seed,29009,1,Drishti_GS,OD,-0.08039543428952811
C_OPT32,C_CONT,SEALED_REVIEW,individual_seed,29009,1,REFUGE_Valid,OD,-0.9153953254885323
C_OPT32,C_CONT,SEALED_REVIEW,individual_seed,29009,1,REFUGE_Valid,OC,-0.29341648881775484
C_OPT32,C_CONT,SEALED_REVIEW,individual_seed,29009,1,REFUGE,OD,-0.4084405056664764
C_OPT32,C_CONT,SEALED_REVIEW,individual_seed,29009,1,REFUGE,OC,-0.998081185298787
C_OPT32,C_CONT,SEALED_REVIEW,seed_mean,,0,REFUGE,OC,-0.11152722247674281
C_OPT32,C_CONT,SEALED_REVIEW,seed_mean,,0,ORIGA,OD,-0.963791749457466
C_OPT32,C_CONT,SEALED_REVIEW,seed_mean,,0,ORIGA,OC,-1.527019872855566
C_OPT32,C_CONT,SEALED_REVIEW,seed_mean,,0,REFUGE_Valid,OD,-4.392517160230061
C_OPT32,C_CONT,SEALED_REVIEW,seed_mean,,0,REFUGE_Valid,OC,-2.2504113726539856
C_OPT32,C_CONT,SEALED_REVIEW,seed_mean,,1,Drishti_GS,OD,-0.07260878283694201
C_OPT32,C_CONT,SEALED_REVIEW,seed_mean,,1,Drishti_GS,OC,-0.033495553153535695
C_OPT32,C_CONT,SEALED_REVIEW,seed_mean,,1,REFUGE_Valid,OD,-1.1586804239538917
C_OPT32,C_CONT,SEALED_REVIEW,seed_mean,,1,REFUGE_Valid,OC,-0.38183590390737737
C_OPT32,C_CONT,SEALED_REVIEW,seed_mean,,1,ORIGA,OC,-0.2710584388608576
C_OPT32,C_CONT,SEALED_REVIEW,seed_mean,,1,REFUGE,OD,-0.7519038063999423
C_OPT32,C_CONT,SEALED_REVIEW,seed_mean,,1,REFUGE,OC,-1.1923057412891513
C_PARAM32,ANCHOR,SEALED_REVIEW,individual_seed,20260907,0,REFUGE,OD,-1.1655911434149715
C_PARAM32,ANCHOR,SEALED_REVIEW,individual_seed,20260907,0,REFUGE,OC,-0.5567203790615167
C_PARAM32,ANCHOR,SEALED_REVIEW,individual_seed,20260907,0,ORIGA,OD,-11.293010573504475
C_PARAM32,ANCHOR,SEALED_REVIEW,individual_seed,20260907,0,ORIGA,OC,-12.01336994390632
C_PARAM32,ANCHOR,SEALED_REVIEW,individual_seed,20260907,0,Drishti_GS,OD,-7.685425056500492
C_PARAM32,ANCHOR,SEALED_REVIEW,individual_seed,20260907,0,Drishti_GS,OC,-10.303835064184362
C_PARAM32,ANCHOR,SEALED_REVIEW,individual_seed,20260907,1,Drishti_GS,OD,-0.7609914309073531
C_PARAM32,ANCHOR,SEALED_REVIEW,individual_seed,20260907,1,Drishti_GS,OC,-0.28359742873779936
C_PARAM32,ANCHOR,SEALED_REVIEW,individual_seed,20260907,1,ORIGA,OD,-10.738691118788282
C_PARAM32,ANCHOR,SEALED_REVIEW,individual_seed,20260907,1,ORIGA,OC,-10.155053785670496
C_PARAM32,ANCHOR,SEALED_REVIEW,individual_seed,20260907,1,REFUGE,OD,-3.0466511681418496
C_PARAM32,ANCHOR,SEALED_REVIEW,individual_seed,17011,0,REFUGE,OD,-1.0544767845348133
C_PARAM32,ANCHOR,SEALED_REVIEW,individual_seed,17011,0,REFUGE,OC,-0.5536448264050904
C_PARAM32,ANCHOR,SEALED_REVIEW,individual_seed,17011,0,ORIGA,OD,-10.895438574054864
C_PARAM32,ANCHOR,SEALED_REVIEW,individual_seed,17011,0,ORIGA,OC,-12.260327965603118
C_PARAM32,ANCHOR,SEALED_REVIEW,individual_seed,17011,0,Drishti_GS,OD,-6.800367782491392
C_PARAM32,ANCHOR,SEALED_REVIEW,individual_seed,17011,0,Drishti_GS,OC,-8.716649796925395
C_PARAM32,ANCHOR,SEALED_REVIEW,individual_seed,17011,1,Drishti_GS,OD,-0.8931722273821805
C_PARAM32,ANCHOR,SEALED_REVIEW,individual_seed,17011,1,Drishti_GS,OC,-0.4442727995082265
C_PARAM32,ANCHOR,SEALED_REVIEW,individual_seed,17011,1,ORIGA,OD,-10.588846618384721
C_PARAM32,ANCHOR,SEALED_REVIEW,individual_seed,17011,1,ORIGA,OC,-9.92858114297485
C_PARAM32,ANCHOR,SEALED_REVIEW,individual_seed,17011,1,REFUGE,OD,-2.594842801689069
C_PARAM32,ANCHOR,SEALED_REVIEW,individual_seed,29009,0,REFUGE,OD,-0.7560062826779017
C_PARAM32,ANCHOR,SEALED_REVIEW,individual_seed,29009,0,REFUGE,OC,-0.6722634128600475
C_PARAM32,ANCHOR,SEALED_REVIEW,individual_seed,29009,0,ORIGA,OD,-11.092840042726806
C_PARAM32,ANCHOR,SEALED_REVIEW,individual_seed,29009,0,ORIGA,OC,-12.074525324351526
C_PARAM32,ANCHOR,SEALED_REVIEW,individual_seed,29009,0,Drishti_GS,OD,-7.074884527782999
C_PARAM32,ANCHOR,SEALED_REVIEW,individual_seed,29009,0,Drishti_GS,OC,-11.067772616536779
C_PARAM32,ANCHOR,SEALED_REVIEW,individual_seed,29009,1,Drishti_GS,OD,-1.138966521150678
C_PARAM32,ANCHOR,SEALED_REVIEW,individual_seed,29009,1,Drishti_GS,OC,-0.3667502937320961
C_PARAM32,ANCHOR,SEALED_REVIEW,individual_seed,29009,1,ORIGA,OD,-10.36225008463147
C_PARAM32,ANCHOR,SEALED_REVIEW,individual_seed,29009,1,ORIGA,OC,-9.396923439522688
C_PARAM32,ANCHOR,SEALED_REVIEW,individual_seed,29009,1,REFUGE,OD,-2.4277635294243822
C_PARAM32,ANCHOR,SEALED_REVIEW,seed_mean,,0,REFUGE,OD,-0.9920247368758955
C_PARAM32,ANCHOR,SEALED_REVIEW,seed_mean,,0,REFUGE,OC,-0.5942095394422182
C_PARAM32,ANCHOR,SEALED_REVIEW,seed_mean,,0,ORIGA,OD,-11.093763063428716
C_PARAM32,ANCHOR,SEALED_REVIEW,seed_mean,,0,ORIGA,OC,-12.116074411286988
C_PARAM32,ANCHOR,SEALED_REVIEW,seed_mean,,0,Drishti_GS,OD,-7.186892455591628
C_PARAM32,ANCHOR,SEALED_REVIEW,seed_mean,,0,Drishti_GS,OC,-10.029419159215513
C_PARAM32,ANCHOR,SEALED_REVIEW,seed_mean,,1,Drishti_GS,OD,-0.9310433931467372
C_PARAM32,ANCHOR,SEALED_REVIEW,seed_mean,,1,Drishti_GS,OC,-0.3648735073260407
C_PARAM32,ANCHOR,SEALED_REVIEW,seed_mean,,1,ORIGA,OD,-10.563262607268157
C_PARAM32,ANCHOR,SEALED_REVIEW,seed_mean,,1,ORIGA,OC,-9.826852789389344
C_PARAM32,ANCHOR,SEALED_REVIEW,seed_mean,,1,REFUGE,OD,-2.689752499751767
C_PARAM32,C_CONT,SEALED_REVIEW,individual_seed,20260907,0,REFUGE,OD,-0.8941512517381511
C_PARAM32,C_CONT,SEALED_REVIEW,individual_seed,20260907,0,REFUGE,OC,-0.5151852601612177
C_PARAM32,C_CONT,SEALED_REVIEW,individual_seed,20260907,0,ORIGA,OD,-10.723447763969517
C_PARAM32,C_CONT,SEALED_REVIEW,individual_seed,20260907,0,ORIGA,OC,-12.241928434098064
C_PARAM32,C_CONT,SEALED_REVIEW,individual_seed,20260907,0,Drishti_GS,OD,-8.15216178628387
C_PARAM32,C_CONT,SEALED_REVIEW,individual_seed,20260907,0,Drishti_GS,OC,-8.69901699040205
C_PARAM32,C_CONT,SEALED_REVIEW,individual_seed,20260907,1,Drishti_GS,OD,-0.6214955627792733
C_PARAM32,C_CONT,SEALED_REVIEW,individual_seed,20260907,1,Drishti_GS,OC,-0.26167927000123115
C_PARAM32,C_CONT,SEALED_REVIEW,individual_seed,20260907,1,ORIGA,OD,-10.40393331617581
C_PARAM32,C_CONT,SEALED_REVIEW,individual_seed,20260907,1,ORIGA,OC,-9.531670275546126
C_PARAM32,C_CONT,SEALED_REVIEW,individual_seed,20260907,1,REFUGE,OD,-3.1176132652250885
C_PARAM32,C_CONT,SEALED_REVIEW,individual_seed,17011,0,REFUGE,OD,-0.7100862079977333
C_PARAM32,C_CONT,SEALED_REVIEW,individual_seed,17011,0,REFUGE,OC,-0.5868372622018541
C_PARAM32,C_CONT,SEALED_REVIEW,individual_seed,17011,0,ORIGA,OD,-10.37085050480141
C_PARAM32,C_CONT,SEALED_REVIEW,individual_seed,17011,0,ORIGA,OC,-11.854665173501978
C_PARAM32,C_CONT,SEALED_REVIEW,individual_seed,17011,0,Drishti_GS,OD,-7.525397950598062
C_PARAM32,C_CONT,SEALED_REVIEW,individual_seed,17011,0,Drishti_GS,OC,-8.11800494024709
C_PARAM32,C_CONT,SEALED_REVIEW,individual_seed,17011,1,Drishti_GS,OD,-0.6769469863285167
C_PARAM32,C_CONT,SEALED_REVIEW,individual_seed,17011,1,Drishti_GS,OC,-0.3482194717448337
C_PARAM32,C_CONT,SEALED_REVIEW,individual_seed,17011,1,ORIGA,OD,-10.272625249657807
C_PARAM32,C_CONT,SEALED_REVIEW,individual_seed,17011,1,ORIGA,OC,-9.567520809520815
C_PARAM32,C_CONT,SEALED_REVIEW,individual_seed,17011,1,REFUGE,OD,-2.830078478870007
C_PARAM32,C_CONT,SEALED_REVIEW,individual_seed,29009,0,REFUGE,OD,-0.42376914567626045
C_PARAM32,C_CONT,SEALED_REVIEW,individual_seed,29009,0,REFUGE,OC,-0.6136726112882798
C_PARAM32,C_CONT,SEALED_REVIEW,individual_seed,29009,0,ORIGA,OD,-10.56817094753957
C_PARAM32,C_CONT,SEALED_REVIEW,individual_seed,29009,0,ORIGA,OC,-11.83249399433349
C_PARAM32,C_CONT,SEALED_REVIEW,individual_seed,29009,0,Drishti_GS,OD,-8.275212395252481
C_PARAM32,C_CONT,SEALED_REVIEW,individual_seed,29009,0,Drishti_GS,OC,-9.05224360345641
C_PARAM32,C_CONT,SEALED_REVIEW,individual_seed,29009,1,Drishti_GS,OD,-1.001912242088551
C_PARAM32,C_CONT,SEALED_REVIEW,individual_seed,29009,1,Drishti_GS,OC,-0.3422898480915251
C_PARAM32,C_CONT,SEALED_REVIEW,individual_seed,29009,1,ORIGA,OD,-9.787504418318335
C_PARAM32,C_CONT,SEALED_REVIEW,individual_seed,29009,1,ORIGA,OC,-8.526146176861026
C_PARAM32,C_CONT,SEALED_REVIEW,individual_seed,29009,1,REFUGE,OD,-2.3192452630546683
C_PARAM32,C_CONT,SEALED_REVIEW,seed_mean,,0,REFUGE,OD,-0.6760022018040482
C_PARAM32,C_CONT,SEALED_REVIEW,seed_mean,,0,REFUGE,OC,-0.5718983778837838
C_PARAM32,C_CONT,SEALED_REVIEW,seed_mean,,0,ORIGA,OD,-10.554156405436833
C_PARAM32,C_CONT,SEALED_REVIEW,seed_mean,,0,ORIGA,OC,-11.976362533977843
C_PARAM32,C_CONT,SEALED_REVIEW,seed_mean,,0,Drishti_GS,OD,-7.984257377378138
C_PARAM32,C_CONT,SEALED_REVIEW,seed_mean,,0,Drishti_GS,OC,-8.623088511368517
C_PARAM32,C_CONT,SEALED_REVIEW,seed_mean,,1,Drishti_GS,OD,-0.7667849303987803
C_PARAM32,C_CONT,SEALED_REVIEW,seed_mean,,1,Drishti_GS,OC,-0.31739619661253
C_PARAM32,C_CONT,SEALED_REVIEW,seed_mean,,1,ORIGA,OD,-10.154687661383983
C_PARAM32,C_CONT,SEALED_REVIEW,seed_mean,,1,ORIGA,OC,-9.208445753975989
C_PARAM32,C_CONT,SEALED_REVIEW,seed_mean,,1,REFUGE,OD,-2.755645669049921
S_BATCH,ANCHOR,SEALED_REVIEW,individual_seed,20260907,0,REFUGE,OD,-1.2045969225625726
S_BATCH,ANCHOR,SEALED_REVIEW,individual_seed,20260907,0,REFUGE,OC,-0.8033501960574512
S_BATCH,ANCHOR,SEALED_REVIEW,individual_seed,20260907,0,ORIGA,OD,-13.273432543957952
S_BATCH,ANCHOR,SEALED_REVIEW,individual_seed,20260907,0,ORIGA,OC,-14.263957393314435
S_BATCH,ANCHOR,SEALED_REVIEW,individual_seed,20260907,0,Drishti_GS,OD,-7.9447130593400175
S_BATCH,ANCHOR,SEALED_REVIEW,individual_seed,20260907,0,Drishti_GS,OC,-10.360098586266304
S_BATCH,ANCHOR,SEALED_REVIEW,individual_seed,20260907,1,Drishti_GS,OD,-1.0827013713522575
S_BATCH,ANCHOR,SEALED_REVIEW,individual_seed,20260907,1,Drishti_GS,OC,-0.30356383714318014
S_BATCH,ANCHOR,SEALED_REVIEW,individual_seed,20260907,1,ORIGA,OD,-12.51029975981119
S_BATCH,ANCHOR,SEALED_REVIEW,individual_seed,20260907,1,ORIGA,OC,-12.298918491440752
S_BATCH,ANCHOR,SEALED_REVIEW,individual_seed,20260907,1,REFUGE,OD,-3.039231649262632
S_BATCH,ANCHOR,SEALED_REVIEW,individual_seed,17011,0,REFUGE,OD,-1.0856387037760413
S_BATCH,ANCHOR,SEALED_REVIEW,individual_seed,17011,0,REFUGE,OC,-0.8542442098069358
S_BATCH,ANCHOR,SEALED_REVIEW,individual_seed,17011,0,ORIGA,OD,-12.848508744662425
S_BATCH,ANCHOR,SEALED_REVIEW,individual_seed,17011,0,ORIGA,OC,-14.495311728164829
S_BATCH,ANCHOR,SEALED_REVIEW,individual_seed,17011,0,Drishti_GS,OD,-7.02580664928189
S_BATCH,ANCHOR,SEALED_REVIEW,individual_seed,17011,0,Drishti_GS,OC,-8.847615077500933
S_BATCH,ANCHOR,SEALED_REVIEW,individual_seed,17011,1,Drishti_GS,OD,-1.2416180399701915
S_BATCH,ANCHOR,SEALED_REVIEW,individual_seed,17011,1,Drishti_GS,OC,-0.5388135030967689
S_BATCH,ANCHOR,SEALED_REVIEW,individual_seed,17011,1,ORIGA,OD,-12.462783267088
S_BATCH,ANCHOR,SEALED_REVIEW,individual_seed,17011,1,ORIGA,OC,-12.171040085449967
S_BATCH,ANCHOR,SEALED_REVIEW,individual_seed,17011,1,REFUGE,OD,-2.587453633477182
S_BATCH,ANCHOR,SEALED_REVIEW,individual_seed,29009,0,REFUGE,OD,-0.7799116351964415
S_BATCH,ANCHOR,SEALED_REVIEW,individual_seed,29009,0,REFUGE,OC,-1.0484048714340162
S_BATCH,ANCHOR,SEALED_REVIEW,individual_seed,29009,0,ORIGA,OD,-13.074015768220363
S_BATCH,ANCHOR,SEALED_REVIEW,individual_seed,29009,0,ORIGA,OC,-14.335763837318076
S_BATCH,ANCHOR,SEALED_REVIEW,individual_seed,29009,0,Drishti_GS,OD,-7.263110585166828
S_BATCH,ANCHOR,SEALED_REVIEW,individual_seed,29009,0,Drishti_GS,OC,-11.104316477921017
S_BATCH,ANCHOR,SEALED_REVIEW,individual_seed,29009,1,Drishti_GS,OD,-1.6168584578369263
S_BATCH,ANCHOR,SEALED_REVIEW,individual_seed,29009,1,Drishti_GS,OC,-0.2994703410926789
S_BATCH,ANCHOR,SEALED_REVIEW,individual_seed,29009,1,ORIGA,OD,-12.228996083945077
S_BATCH,ANCHOR,SEALED_REVIEW,individual_seed,29009,1,ORIGA,OC,-11.64094864450717
S_BATCH,ANCHOR,SEALED_REVIEW,individual_seed,29009,1,REFUGE,OD,-2.428091099592521
S_BATCH,ANCHOR,SEALED_REVIEW,seed_mean,,0,REFUGE,OD,-1.023382420511685
S_BATCH,ANCHOR,SEALED_REVIEW,seed_mean,,0,REFUGE,OC,-0.9019997590994677
S_BATCH,ANCHOR,SEALED_REVIEW,seed_mean,,0,ORIGA,OD,-13.065319018946914
S_BATCH,ANCHOR,SEALED_REVIEW,seed_mean,,0,ORIGA,OC,-14.36501098626578
S_BATCH,ANCHOR,SEALED_REVIEW,seed_mean,,0,Drishti_GS,OD,-7.411210097929579
S_BATCH,ANCHOR,SEALED_REVIEW,seed_mean,,0,Drishti_GS,OC,-10.104010047229417
S_BATCH,ANCHOR,SEALED_REVIEW,seed_mean,,1,Drishti_GS,OD,-1.3137259563864585
S_BATCH,ANCHOR,SEALED_REVIEW,seed_mean,,1,Drishti_GS,OC,-0.3806158937775426
S_BATCH,ANCHOR,SEALED_REVIEW,seed_mean,,1,ORIGA,OD,-12.40069303694809
S_BATCH,ANCHOR,SEALED_REVIEW,seed_mean,,1,ORIGA,OC,-12.036969073799296
S_BATCH,ANCHOR,SEALED_REVIEW,seed_mean,,1,REFUGE,OD,-2.684925460777445
S_BATCH,C_CONT,SEALED_REVIEW,individual_seed,20260907,0,REFUGE,OD,-0.9331570308857522
S_BATCH,C_CONT,SEALED_REVIEW,individual_seed,20260907,0,REFUGE,OC,-0.7618150771571521
S_BATCH,C_CONT,SEALED_REVIEW,individual_seed,20260907,0,ORIGA,OD,-12.703869734422994
S_BATCH,C_CONT,SEALED_REVIEW,individual_seed,20260907,0,ORIGA,OC,-14.49251588350618
S_BATCH,C_CONT,SEALED_REVIEW,individual_seed,20260907,0,Drishti_GS,OD,-8.411449789123395
S_BATCH,C_CONT,SEALED_REVIEW,individual_seed,20260907,0,Drishti_GS,OC,-8.755280512483992
S_BATCH,C_CONT,SEALED_REVIEW,individual_seed,20260907,1,Drishti_GS,OD,-0.9432055032241777
S_BATCH,C_CONT,SEALED_REVIEW,individual_seed,20260907,1,Drishti_GS,OC,-0.2816456784066119
S_BATCH,C_CONT,SEALED_REVIEW,individual_seed,20260907,1,ORIGA,OD,-12.175541957198718
S_BATCH,C_CONT,SEALED_REVIEW,individual_seed,20260907,1,ORIGA,OC,-11.675534981316382
S_BATCH,C_CONT,SEALED_REVIEW,individual_seed,20260907,1,REFUGE,OD,-3.110193746345871
S_BATCH,C_CONT,SEALED_REVIEW,individual_seed,17011,0,REFUGE,OD,-0.7412481272389613
S_BATCH,C_CONT,SEALED_REVIEW,individual_seed,17011,0,REFUGE,OC,-0.8874366456036995
S_BATCH,C_CONT,SEALED_REVIEW,individual_seed,17011,0,ORIGA,OD,-12.32392067540897
S_BATCH,C_CONT,SEALED_REVIEW,individual_seed,17011,0,ORIGA,OC,-14.08964893606369
S_BATCH,C_CONT,SEALED_REVIEW,individual_seed,17011,0,Drishti_GS,OD,-7.75083681738856
S_BATCH,C_CONT,SEALED_REVIEW,individual_seed,17011,0,Drishti_GS,OC,-8.248970220822628
S_BATCH,C_CONT,SEALED_REVIEW,individual_seed,17011,1,Drishti_GS,OD,-1.0253927989165277
S_BATCH,C_CONT,SEALED_REVIEW,individual_seed,17011,1,Drishti_GS,OC,-0.4427601753333761
S_BATCH,C_CONT,SEALED_REVIEW,individual_seed,17011,1,ORIGA,OD,-12.146561898361085
S_BATCH,C_CONT,SEALED_REVIEW,individual_seed,17011,1,ORIGA,OC,-11.809979751995932
S_BATCH,C_CONT,SEALED_REVIEW,individual_seed,17011,1,REFUGE,OD,-2.82268931065812
S_BATCH,C_CONT,SEALED_REVIEW,individual_seed,29009,0,REFUGE,OD,-0.4476744981948002
S_BATCH,C_CONT,SEALED_REVIEW,individual_seed,29009,0,REFUGE,OC,-0.9898140698622484
S_BATCH,C_CONT,SEALED_REVIEW,individual_seed,29009,0,ORIGA,OD,-12.549346673033128
S_BATCH,C_CONT,SEALED_REVIEW,individual_seed,29009,0,ORIGA,OC,-14.09373250730004
S_BATCH,C_CONT,SEALED_REVIEW,individual_seed,29009,0,Drishti_GS,OD,-8.46343845263631
S_BATCH,C_CONT,SEALED_REVIEW,individual_seed,29009,0,Drishti_GS,OC,-9.08878746484065
S_BATCH,C_CONT,SEALED_REVIEW,individual_seed,29009,1,Drishti_GS,OD,-1.479804178774799
S_BATCH,C_CONT,SEALED_REVIEW,individual_seed,29009,1,Drishti_GS,OC,-0.27500989545210786
S_BATCH,C_CONT,SEALED_REVIEW,individual_seed,29009,1,ORIGA,OD,-11.654250417631943
S_BATCH,C_CONT,SEALED_REVIEW,individual_seed,29009,1,ORIGA,OC,-10.770171381845508
S_BATCH,C_CONT,SEALED_REVIEW,individual_seed,29009,1,REFUGE,OD,-2.319572833222807
S_BATCH,C_CONT,SEALED_REVIEW,seed_mean,,0,REFUGE,OD,-0.7073598854398379
S_BATCH,C_CONT,SEALED_REVIEW,seed_mean,,0,REFUGE,OC,-0.8796885975410333
S_BATCH,C_CONT,SEALED_REVIEW,seed_mean,,0,ORIGA,OD,-12.525712360955032
S_BATCH,C_CONT,SEALED_REVIEW,seed_mean,,0,ORIGA,OC,-14.225299108956635
S_BATCH,C_CONT,SEALED_REVIEW,seed_mean,,0,Drishti_GS,OD,-8.208575019716088
S_BATCH,C_CONT,SEALED_REVIEW,seed_mean,,0,Drishti_GS,OC,-8.697679399382423
S_BATCH,C_CONT,SEALED_REVIEW,seed_mean,,1,Drishti_GS,OD,-1.1494674936385014
S_BATCH,C_CONT,SEALED_REVIEW,seed_mean,,1,Drishti_GS,OC,-0.33313858306403193
S_BATCH,C_CONT,SEALED_REVIEW,seed_mean,,1,ORIGA,OD,-11.992118091063915
S_BATCH,C_CONT,SEALED_REVIEW,seed_mean,,1,ORIGA,OC,-11.418562038385941
S_BATCH,C_CONT,SEALED_REVIEW,seed_mean,,1,REFUGE,OD,-2.7508186300755995
S_BATCH,S_SOURCE,SEALED_REVIEW,individual_seed,20260907,0,Drishti_GS,OC,-1.347785007829387
S_BATCH,S_SOURCE,SEALED_REVIEW,individual_seed,20260907,1,Drishti_GS,OC,-1.347785007829387
S_BATCH,S_SOURCE,SEALED_REVIEW,individual_seed,17011,0,Drishti_GS,OC,-1.347785007829387
S_BATCH,S_SOURCE,SEALED_REVIEW,individual_seed,17011,1,Drishti_GS,OC,-1.347785007829387
S_BATCH,S_SOURCE,SEALED_REVIEW,individual_seed,29009,0,Drishti_GS,OC,-1.347785007829387
S_BATCH,S_SOURCE,SEALED_REVIEW,individual_seed,29009,1,Drishti_GS,OC,-1.347785007829387
S_BATCH,S_SOURCE,SEALED_REVIEW,seed_mean,,0,Drishti_GS,OC,-1.347785007829387
S_BATCH,S_SOURCE,SEALED_REVIEW,seed_mean,,1,Drishti_GS,OC,-1.347785007829387
S_SOURCE,ANCHOR,SEALED_REVIEW,individual_seed,20260907,0,REFUGE,OD,-2.21210933732425
S_SOURCE,ANCHOR,SEALED_REVIEW,individual_seed,20260907,0,REFUGE,OC,-4.841274391268783
S_SOURCE,ANCHOR,SEALED_REVIEW,individual_seed,20260907,0,ORIGA,OD,-18.94086893079796
S_SOURCE,ANCHOR,SEALED_REVIEW,individual_seed,20260907,0,ORIGA,OC,-37.291211248971116
S_SOURCE,ANCHOR,SEALED_REVIEW,individual_seed,20260907,0,REFUGE_Valid,OD,-5.020107871309563
S_SOURCE,ANCHOR,SEALED_REVIEW,individual_seed,20260907,0,REFUGE_Valid,OC,-7.287614554213249
S_SOURCE,ANCHOR,SEALED_REVIEW,individual_seed,20260907,0,Drishti_GS,OD,-9.368045506998385
S_SOURCE,ANCHOR,SEALED_REVIEW,individual_seed,20260907,0,Drishti_GS,OC,-9.012313578436917
S_SOURCE,ANCHOR,SEALED_REVIEW,individual_seed,20260907,1,Drishti_GS,OD,-2.506033819010625
S_SOURCE,ANCHOR,SEALED_REVIEW,individual_seed,20260907,1,REFUGE_Valid,OD,-7.390777336082337
S_SOURCE,ANCHOR,SEALED_REVIEW,individual_seed,20260907,1,REFUGE_Valid,OC,-11.184838866554962
S_SOURCE,ANCHOR,SEALED_REVIEW,individual_seed,20260907,1,ORIGA,OD,-18.1777361466512
S_SOURCE,ANCHOR,SEALED_REVIEW,individual_seed,20260907,1,ORIGA,OC,-35.32617234709743
S_SOURCE,ANCHOR,SEALED_REVIEW,individual_seed,20260907,1,REFUGE,OD,-4.04674406402431
S_SOURCE,ANCHOR,SEALED_REVIEW,individual_seed,20260907,1,REFUGE,OC,-2.636133708794546
S_SOURCE,ANCHOR,SEALED_REVIEW,individual_seed,17011,0,REFUGE,OD,-2.093151118537719
S_SOURCE,ANCHOR,SEALED_REVIEW,individual_seed,17011,0,REFUGE,OC,-4.892168405018268
S_SOURCE,ANCHOR,SEALED_REVIEW,individual_seed,17011,0,ORIGA,OD,-18.515945131502434
S_SOURCE,ANCHOR,SEALED_REVIEW,individual_seed,17011,0,ORIGA,OC,-37.52256558382151
S_SOURCE,ANCHOR,SEALED_REVIEW,individual_seed,17011,0,REFUGE_Valid,OD,-6.501743428253633
S_SOURCE,ANCHOR,SEALED_REVIEW,individual_seed,17011,0,REFUGE_Valid,OC,-7.21846476655476
S_SOURCE,ANCHOR,SEALED_REVIEW,individual_seed,17011,0,Drishti_GS,OD,-8.449139096940257
S_SOURCE,ANCHOR,SEALED_REVIEW,individual_seed,17011,0,Drishti_GS,OC,-7.499830069671546
S_SOURCE,ANCHOR,SEALED_REVIEW,individual_seed,17011,1,Drishti_GS,OD,-2.664950487628559
S_SOURCE,ANCHOR,SEALED_REVIEW,individual_seed,17011,1,REFUGE_Valid,OD,-6.936936499068295
S_SOURCE,ANCHOR,SEALED_REVIEW,individual_seed,17011,1,REFUGE_Valid,OC,-10.93762418442794
S_SOURCE,ANCHOR,SEALED_REVIEW,individual_seed,17011,1,ORIGA,OD,-18.13021965392801
S_SOURCE,ANCHOR,SEALED_REVIEW,individual_seed,17011,1,ORIGA,OC,-35.19829394110665
S_SOURCE,ANCHOR,SEALED_REVIEW,individual_seed,17011,1,REFUGE,OD,-3.5949660482388595
S_SOURCE,ANCHOR,SEALED_REVIEW,individual_seed,17011,1,REFUGE,OC,-2.229078424369348
S_SOURCE,ANCHOR,SEALED_REVIEW,individual_seed,29009,0,REFUGE,OD,-1.787424049958119
S_SOURCE,ANCHOR,SEALED_REVIEW,individual_seed,29009,0,REFUGE,OC,-5.086329066645348
S_SOURCE,ANCHOR,SEALED_REVIEW,individual_seed,29009,0,ORIGA,OD,-18.741452155060372
S_SOURCE,ANCHOR,SEALED_REVIEW,individual_seed,29009,0,ORIGA,OC,-37.36301769297476
S_SOURCE,ANCHOR,SEALED_REVIEW,individual_seed,29009,0,REFUGE_Valid,OD,-5.978588456912931
S_SOURCE,ANCHOR,SEALED_REVIEW,individual_seed,29009,0,REFUGE_Valid,OC,-5.900916617649521
S_SOURCE,ANCHOR,SEALED_REVIEW,individual_seed,29009,0,Drishti_GS,OD,-8.686443032825196
S_SOURCE,ANCHOR,SEALED_REVIEW,individual_seed,29009,0,Drishti_GS,OC,-9.75653147009163
S_SOURCE,ANCHOR,SEALED_REVIEW,individual_seed,29009,1,Drishti_GS,OD,-3.040190905495294
S_SOURCE,ANCHOR,SEALED_REVIEW,individual_seed,29009,1,REFUGE_Valid,OD,-6.017024190356594
S_SOURCE,ANCHOR,SEALED_REVIEW,individual_seed,29009,1,REFUGE_Valid,OC,-11.13734461961996
S_SOURCE,ANCHOR,SEALED_REVIEW,individual_seed,29009,1,ORIGA,OD,-17.896432470785086
S_SOURCE,ANCHOR,SEALED_REVIEW,individual_seed,29009,1,ORIGA,OC,-34.66820250016385
S_SOURCE,ANCHOR,SEALED_REVIEW,individual_seed,29009,1,REFUGE,OD,-3.4356035143541988
S_SOURCE,ANCHOR,SEALED_REVIEW,individual_seed,29009,1,REFUGE,OC,-2.0601604559096955
S_SOURCE,ANCHOR,SEALED_REVIEW,seed_mean,,0,REFUGE,OD,-2.030894835273363
S_SOURCE,ANCHOR,SEALED_REVIEW,seed_mean,,0,REFUGE,OC,-4.9399239543108
S_SOURCE,ANCHOR,SEALED_REVIEW,seed_mean,,0,ORIGA,OD,-18.73275540578692
S_SOURCE,ANCHOR,SEALED_REVIEW,seed_mean,,0,ORIGA,OC,-37.39226484192246
S_SOURCE,ANCHOR,SEALED_REVIEW,seed_mean,,0,REFUGE_Valid,OD,-5.833479918825375
S_SOURCE,ANCHOR,SEALED_REVIEW,seed_mean,,0,REFUGE_Valid,OC,-6.80233197947251
S_SOURCE,ANCHOR,SEALED_REVIEW,seed_mean,,0,Drishti_GS,OD,-8.834542545587945
S_SOURCE,ANCHOR,SEALED_REVIEW,seed_mean,,0,Drishti_GS,OC,-8.75622503940003
S_SOURCE,ANCHOR,SEALED_REVIEW,seed_mean,,1,Drishti_GS,OD,-2.737058404044826
S_SOURCE,ANCHOR,SEALED_REVIEW,seed_mean,,1,REFUGE_Valid,OD,-6.781579341835742
S_SOURCE,ANCHOR,SEALED_REVIEW,seed_mean,,1,REFUGE_Valid,OC,-11.08660255686762
S_SOURCE,ANCHOR,SEALED_REVIEW,seed_mean,,1,ORIGA,OD,-18.068129423788097
S_SOURCE,ANCHOR,SEALED_REVIEW,seed_mean,,1,ORIGA,OC,-35.06422292945598
S_SOURCE,ANCHOR,SEALED_REVIEW,seed_mean,,1,REFUGE,OD,-3.6924378755391225
S_SOURCE,ANCHOR,SEALED_REVIEW,seed_mean,,1,REFUGE,OC,-2.3084575296911964
S_SOURCE,C_CONT,SEALED_REVIEW,individual_seed,20260907,0,REFUGE,OD,-1.9406694456474298
S_SOURCE,C_CONT,SEALED_REVIEW,individual_seed,20260907,0,REFUGE,OC,-4.799739272368484
S_SOURCE,C_CONT,SEALED_REVIEW,individual_seed,20260907,0,ORIGA,OD,-18.371306121263004
S_SOURCE,C_CONT,SEALED_REVIEW,individual_seed,20260907,0,ORIGA,OC,-37.51976973916286
S_SOURCE,C_CONT,SEALED_REVIEW,individual_seed,20260907,0,REFUGE_Valid,OD,-4.063770125335665
S_SOURCE,C_CONT,SEALED_REVIEW,individual_seed,20260907,0,REFUGE_Valid,OC,-6.883875459001459
S_SOURCE,C_CONT,SEALED_REVIEW,individual_seed,20260907,0,Drishti_GS,OD,-9.834782236781763
S_SOURCE,C_CONT,SEALED_REVIEW,individual_seed,20260907,0,Drishti_GS,OC,-7.407495504654605
S_SOURCE,C_CONT,SEALED_REVIEW,individual_seed,20260907,1,Drishti_GS,OD,-2.3665379508825453
S_SOURCE,C_CONT,SEALED_REVIEW,individual_seed,20260907,1,REFUGE_Valid,OD,-8.445298777951507
S_SOURCE,C_CONT,SEALED_REVIEW,individual_seed,20260907,1,REFUGE_Valid,OC,-11.828707813207323
S_SOURCE,C_CONT,SEALED_REVIEW,individual_seed,20260907,1,ORIGA,OD,-17.842978344038727
S_SOURCE,C_CONT,SEALED_REVIEW,individual_seed,20260907,1,ORIGA,OC,-34.70278883697306
S_SOURCE,C_CONT,SEALED_REVIEW,individual_seed,20260907,1,REFUGE,OD,-4.117706161107549
S_SOURCE,C_CONT,SEALED_REVIEW,individual_seed,20260907,1,REFUGE,OC,-2.8599233675666653
S_SOURCE,C_CONT,SEALED_REVIEW,individual_seed,17011,0,REFUGE,OD,-1.748760542000639
S_SOURCE,C_CONT,SEALED_REVIEW,individual_seed,17011,0,REFUGE,OC,-4.925360840815031
S_SOURCE,C_CONT,SEALED_REVIEW,individual_seed,17011,0,ORIGA,OD,-17.99135706224898
S_SOURCE,C_CONT,SEALED_REVIEW,individual_seed,17011,0,ORIGA,OC,-37.11690279172037
S_SOURCE,C_CONT,SEALED_REVIEW,individual_seed,17011,0,REFUGE_Valid,OD,-5.438569666133361
S_SOURCE,C_CONT,SEALED_REVIEW,individual_seed,17011,0,REFUGE_Valid,OC,-7.257334414435483
S_SOURCE,C_CONT,SEALED_REVIEW,individual_seed,17011,0,Drishti_GS,OD,-9.174169265046928
S_SOURCE,C_CONT,SEALED_REVIEW,individual_seed,17011,0,Drishti_GS,OC,-6.901185212993241
S_SOURCE,C_CONT,SEALED_REVIEW,individual_seed,17011,1,Drishti_GS,OD,-2.448725246574895
S_SOURCE,C_CONT,SEALED_REVIEW,individual_seed,17011,1,REFUGE_Valid,OD,-7.850121318920344
S_SOURCE,C_CONT,SEALED_REVIEW,individual_seed,17011,1,REFUGE_Valid,OC,-11.566662258245067
S_SOURCE,C_CONT,SEALED_REVIEW,individual_seed,17011,1,ORIGA,OD,-17.813998285201095
S_SOURCE,C_CONT,SEALED_REVIEW,individual_seed,17011,1,ORIGA,OC,-34.837233607652614
S_SOURCE,C_CONT,SEALED_REVIEW,individual_seed,17011,1,REFUGE,OD,-3.8302017254197978
S_SOURCE,C_CONT,SEALED_REVIEW,individual_seed,17011,1,REFUGE,OC,-2.379632173902266
S_SOURCE,C_CONT,SEALED_REVIEW,individual_seed,29009,0,REFUGE,OD,-1.4551869129564778
S_SOURCE,C_CONT,SEALED_REVIEW,individual_seed,29009,0,REFUGE,OC,-5.02773826507358
S_SOURCE,C_CONT,SEALED_REVIEW,individual_seed,29009,0,ORIGA,OD,-18.216783059873137
S_SOURCE,C_CONT,SEALED_REVIEW,individual_seed,29009,0,ORIGA,OC,-37.12098636295672
S_SOURCE,C_CONT,SEALED_REVIEW,individual_seed,29009,0,REFUGE_Valid,OD,-4.219801957553685
S_SOURCE,C_CONT,SEALED_REVIEW,individual_seed,29009,0,REFUGE_Valid,OC,-6.280234406445331
S_SOURCE,C_CONT,SEALED_REVIEW,individual_seed,29009,0,Drishti_GS,OD,-9.886770900294678
S_SOURCE,C_CONT,SEALED_REVIEW,individual_seed,29009,0,Drishti_GS,OC,-7.7410024570112625
S_SOURCE,C_CONT,SEALED_REVIEW,individual_seed,29009,1,Drishti_GS,OD,-2.9031366264331666
S_SOURCE,C_CONT,SEALED_REVIEW,individual_seed,29009,1,REFUGE_Valid,OD,-7.138201076757909
S_SOURCE,C_CONT,SEALED_REVIEW,individual_seed,29009,1,REFUGE_Valid,OC,-11.65933785989909
S_SOURCE,C_CONT,SEALED_REVIEW,individual_seed,29009,1,ORIGA,OD,-17.321686804471952
S_SOURCE,C_CONT,SEALED_REVIEW,individual_seed,29009,1,ORIGA,OC,-33.79742523750219
S_SOURCE,C_CONT,SEALED_REVIEW,individual_seed,29009,1,REFUGE,OD,-3.327085247984485
S_SOURCE,C_CONT,SEALED_REVIEW,individual_seed,29009,1,REFUGE,OC,-2.294038359641192
S_SOURCE,C_CONT,SEALED_REVIEW,seed_mean,,0,REFUGE,OD,-1.7148723002015156
S_SOURCE,C_CONT,SEALED_REVIEW,seed_mean,,0,REFUGE,OC,-4.917612792752365
S_SOURCE,C_CONT,SEALED_REVIEW,seed_mean,,0,ORIGA,OD,-18.19314874779504
S_SOURCE,C_CONT,SEALED_REVIEW,seed_mean,,0,ORIGA,OC,-37.252552964613315
S_SOURCE,C_CONT,SEALED_REVIEW,seed_mean,,0,REFUGE_Valid,OD,-4.574047249674237
S_SOURCE,C_CONT,SEALED_REVIEW,seed_mean,,0,REFUGE_Valid,OC,-6.807148093294091
S_SOURCE,C_CONT,SEALED_REVIEW,seed_mean,,0,Drishti_GS,OD,-9.631907467374456
S_SOURCE,C_CONT,SEALED_REVIEW,seed_mean,,0,Drishti_GS,OC,-7.349894391553036
S_SOURCE,C_CONT,SEALED_REVIEW,seed_mean,,1,Drishti_GS,OD,-2.572799941296869
S_SOURCE,C_CONT,SEALED_REVIEW,seed_mean,,1,REFUGE_Valid,OD,-7.811207057876587
S_SOURCE,C_CONT,SEALED_REVIEW,seed_mean,,1,REFUGE_Valid,OC,-11.684902643783827
S_SOURCE,C_CONT,SEALED_REVIEW,seed_mean,,1,ORIGA,OD,-17.659554477903924
S_SOURCE,C_CONT,SEALED_REVIEW,seed_mean,,1,ORIGA,OC,-34.445815894042624
S_SOURCE,C_CONT,SEALED_REVIEW,seed_mean,,1,REFUGE,OD,-3.758331044837277
S_SOURCE,C_CONT,SEALED_REVIEW,seed_mean,,1,REFUGE,OC,-2.5111979670367077
INTERACTION_ALGEBRA,C_CONT,SEARCH,individual_seed,20260907,0,REFUGE,OD,-0.28434555927861993
INTERACTION_ALGEBRA,C_CONT,SEARCH,individual_seed,20260907,0,Drishti_GS,OD,-1.5759780812607147
INTERACTION_ALGEBRA,C_CONT,SEARCH,individual_seed,20260907,0,Drishti_GS,OC,-1.1303285996891788
INTERACTION_ALGEBRA,C_CONT,SEARCH,individual_seed,20260907,1,Drishti_GS,OC,-0.009767914190952354
INTERACTION_ALGEBRA,C_CONT,SEARCH,individual_seed,20260907,1,ORIGA,OD,-0.55601440902646
INTERACTION_ALGEBRA,C_CONT,SEARCH,individual_seed,20260907,1,ORIGA,OC,-0.2161776063485945
INTERACTION_ALGEBRA,C_CONT,SEARCH,individual_seed,17011,0,REFUGE,OD,-0.18053405664062439
INTERACTION_ALGEBRA,C_CONT,SEARCH,individual_seed,17011,0,Drishti_GS,OD,-2.0205071360821165
INTERACTION_ALGEBRA,C_CONT,SEARCH,individual_seed,17011,0,Drishti_GS,OC,-2.175476686820275
INTERACTION_ALGEBRA,C_CONT,SEARCH,individual_seed,17011,1,Drishti_GS,OD,-0.0995573349056258
INTERACTION_ALGEBRA,C_CONT,SEARCH,individual_seed,17011,1,Drishti_GS,OC,-0.016655996144265828
INTERACTION_ALGEBRA,C_CONT,SEARCH,individual_seed,17011,1,ORIGA,OD,-0.48815126611094684
INTERACTION_ALGEBRA,C_CONT,SEARCH,individual_seed,17011,1,ORIGA,OC,-0.10075312169394124
INTERACTION_ALGEBRA,C_CONT,SEARCH,individual_seed,29009,0,REFUGE,OD,-0.3241879974228681
INTERACTION_ALGEBRA,C_CONT,SEARCH,individual_seed,29009,0,Drishti_GS,OD,-1.3541508217296752
INTERACTION_ALGEBRA,C_CONT,SEARCH,individual_seed,29009,0,Drishti_GS,OC,-0.9703667864843482
INTERACTION_ALGEBRA,C_CONT,SEARCH,individual_seed,29009,1,Drishti_GS,OC,-0.007548770363030144
INTERACTION_ALGEBRA,C_CONT,SEARCH,individual_seed,29009,1,ORIGA,OD,-0.7841600542032126
INTERACTION_ALGEBRA,C_CONT,SEARCH,individual_seed,29009,1,ORIGA,OC,-0.9717959594857604
INTERACTION_ALGEBRA,C_CONT,SEARCH,seed_mean,,0,REFUGE,OD,-0.2630225377807041
INTERACTION_ALGEBRA,C_CONT,SEARCH,seed_mean,,0,Drishti_GS,OD,-1.6502120130241689
INTERACTION_ALGEBRA,C_CONT,SEARCH,seed_mean,,0,Drishti_GS,OC,-1.425390690997934
INTERACTION_ALGEBRA,C_CONT,SEARCH,seed_mean,,1,Drishti_GS,OD,-0.007651823264689976
INTERACTION_ALGEBRA,C_CONT,SEARCH,seed_mean,,1,Drishti_GS,OC,-0.011324226899416109
INTERACTION_ALGEBRA,C_CONT,SEARCH,seed_mean,,1,ORIGA,OD,-0.6094419097802065
INTERACTION_ALGEBRA,C_CONT,SEARCH,seed_mean,,1,ORIGA,OC,-0.429575562509432
INTERACTION_ALGEBRA,C_CONT,SEALED_REVIEW,individual_seed,20260907,0,REFUGE,OD,-0.3275993724487023
INTERACTION_ALGEBRA,C_CONT,SEALED_REVIEW,individual_seed,20260907,0,Drishti_GS,OD,-1.3806510744270923
INTERACTION_ALGEBRA,C_CONT,SEALED_REVIEW,individual_seed,20260907,0,Drishti_GS,OC,-1.6457739525104387
INTERACTION_ALGEBRA,C_CONT,SEALED_REVIEW,individual_seed,20260907,1,ORIGA,OD,-0.5409882031679132
INTERACTION_ALGEBRA,C_CONT,SEALED_REVIEW,individual_seed,20260907,1,ORIGA,OC,-0.16808478232931634
INTERACTION_ALGEBRA,C_CONT,SEALED_REVIEW,individual_seed,17011,0,REFUGE,OD,-0.22227267783661375
INTERACTION_ALGEBRA,C_CONT,SEALED_REVIEW,individual_seed,17011,0,Drishti_GS,OD,-1.8284542045180388
INTERACTION_ALGEBRA,C_CONT,SEALED_REVIEW,individual_seed,17011,0,Drishti_GS,OC,-2.791258223517609
INTERACTION_ALGEBRA,C_CONT,SEALED_REVIEW,individual_seed,17011,1,Drishti_GS,OD,-0.07269497086195997
INTERACTION_ALGEBRA,C_CONT,SEALED_REVIEW,individual_seed,17011,1,ORIGA,OD,-0.5227149297282239
INTERACTION_ALGEBRA,C_CONT,SEALED_REVIEW,individual_seed,29009,0,REFUGE,OD,-0.36347901636646895
INTERACTION_ALGEBRA,C_CONT,SEALED_REVIEW,individual_seed,29009,0,Drishti_GS,OD,-1.1710542347355073
INTERACTION_ALGEBRA,C_CONT,SEALED_REVIEW,individual_seed,29009,0,Drishti_GS,OC,-1.4402470287136424
INTERACTION_ALGEBRA,C_CONT,SEALED_REVIEW,individual_seed,29009,1,ORIGA,OD,-0.8791946387509171
INTERACTION_ALGEBRA,C_CONT,SEALED_REVIEW,individual_seed,29009,1,ORIGA,OC,-0.8928963069518119
INTERACTION_ALGEBRA,C_CONT,SEALED_REVIEW,seed_mean,,0,REFUGE,OD,-0.304450355550595
INTERACTION_ALGEBRA,C_CONT,SEALED_REVIEW,seed_mean,,0,Drishti_GS,OD,-1.4600531712268794
INTERACTION_ALGEBRA,C_CONT,SEALED_REVIEW,seed_mean,,0,Drishti_GS,OC,-1.95909306824723
INTERACTION_ALGEBRA,C_CONT,SEALED_REVIEW,seed_mean,,1,ORIGA,OD,-0.647632590549018
INTERACTION_ALGEBRA,C_CONT,SEALED_REVIEW,seed_mean,,1,ORIGA,OC,-0.3483996827423823
