seed,order,window,origin_domain,H,action,channel,delta_pp
20260907,0,0,REFUGE,0,FULL,OD,0.0
20260907,0,0,REFUGE,0,FULL,OC,0.0
20260907,0,0,REFUGE,0,ZERO,OD,-0.033992034342233524
20260907,0,0,REFUGE,0,ZERO,OC,0.045785830025280916
20260907,0,0,REFUGE,0,HALF,OD,-0.017449937959156614
20260907,0,0,REFUGE,0,HALF,OC,0.033506642499347095
20260907,0,0,REFUGE,8,FULL,OD,0.0
20260907,0,0,REFUGE,8,FULL,OC,0.0
20260907,0,0,REFUGE,8,ZERO,OD,-0.014002071602405408
20260907,0,0,REFUGE,8,ZERO,OC,-0.01716851536410502
20260907,0,0,REFUGE,8,HALF,OD,-0.004620482727986541
20260907,0,0,REFUGE,8,HALF,OC,-0.014518225891151815
20260907,0,0,REFUGE,32,FULL,OD,0.0
20260907,0,0,REFUGE,32,FULL,OC,0.0
20260907,0,0,REFUGE,32,ZERO,OD,-0.019340156533544928
20260907,0,0,REFUGE,32,ZERO,OC,0.011113317700363723
20260907,0,0,REFUGE,32,HALF,OD,-0.0035827605273794916
20260907,0,0,REFUGE,32,HALF,OC,-0.011659563801970307
20260907,0,0,REFUGE,64,FULL,OD,0.0
20260907,0,0,REFUGE,64,FULL,OC,0.0
20260907,0,0,REFUGE,64,ZERO,OD,-0.01708973901699551
20260907,0,0,REFUGE,64,ZERO,OC,0.009151624371369849
20260907,0,0,REFUGE,64,HALF,OD,-0.0055793849500958
20260907,0,0,REFUGE,64,HALF,OC,-0.00901121838420238
20260907,0,1,REFUGE,0,FULL,OD,0.0
20260907,0,1,REFUGE,0,FULL,OC,0.0
20260907,0,1,REFUGE,0,ZERO,OD,-0.012180998129096565
20260907,0,1,REFUGE,0,ZERO,OC,0.13826433100726376
20260907,0,1,REFUGE,0,HALF,OD,0.0
20260907,0,1,REFUGE,0,HALF,OC,0.08762322015334689
20260907,0,1,REFUGE,8,FULL,OD,0.0
20260907,0,1,REFUGE,8,FULL,OC,0.0
20260907,0,1,REFUGE,8,ZERO,OD,-0.017282498989743544
20260907,0,1,REFUGE,8,ZERO,OC,0.01587322493557508
20260907,0,1,REFUGE,8,HALF,OD,-0.005568370331943129
20260907,0,1,REFUGE,8,HALF,OC,-0.0014047121104141524
20260907,0,1,REFUGE,32,FULL,OD,0.0
20260907,0,1,REFUGE,32,FULL,OC,0.0
20260907,0,1,REFUGE,32,ZERO,OD,-0.035081218969267525
20260907,0,1,REFUGE,32,ZERO,OC,0.024709076205553515
20260907,0,1,REFUGE,32,HALF,OD,-0.0012353903603070648
20260907,0,1,REFUGE,32,HALF,OC,-0.01467496971072535
20260907,0,1,REFUGE,64,FULL,OD,0.0
20260907,0,1,REFUGE,64,FULL,OC,0.0
20260907,0,1,REFUGE,64,ZERO,OD,-0.037548516796391596
20260907,0,1,REFUGE,64,ZERO,OC,0.013581475763885464
20260907,0,1,REFUGE,64,HALF,OD,-0.0023229295288160756
20260907,0,1,REFUGE,64,HALF,OC,-0.011778230286381586
20260907,0,2,REFUGE,0,FULL,OD,0.0
20260907,0,2,REFUGE,0,FULL,OC,0.0
20260907,0,2,REFUGE,0,ZERO,OD,-0.015789201073602044
20260907,0,2,REFUGE,0,ZERO,OC,-0.015231132434706751
20260907,0,2,REFUGE,0,HALF,OD,-0.0019734158055086937
20260907,0,2,REFUGE,0,HALF,OC,0.008227966303053336
20260907,0,2,REFUGE,8,FULL,OD,0.0
20260907,0,2,REFUGE,8,FULL,OC,0.0
20260907,0,2,REFUGE,8,ZERO,OD,0.05456454294726143
20260907,0,2,REFUGE,8,ZERO,OC,0.0648543791079561
20260907,0,2,REFUGE,8,HALF,OD,0.016376670003054983
20260907,0,2,REFUGE,8,HALF,OC,0.021122850523624948
20260907,0,2,REFUGE,32,FULL,OD,0.0
20260907,0,2,REFUGE,32,FULL,OC,0.0
20260907,0,2,REFUGE,32,ZERO,OD,0.01805473273930147
20260907,0,2,REFUGE,32,ZERO,OC,0.014207161536276658
20260907,0,2,REFUGE,32,HALF,OD,-0.001726836701138268
20260907,0,2,REFUGE,32,HALF,OC,0.0070258954209379
20260907,0,2,REFUGE,64,FULL,OD,0.0
20260907,0,2,REFUGE,64,FULL,OC,0.0
20260907,0,2,REFUGE,64,ZERO,OD,0.023851114534579665
20260907,0,2,REFUGE,64,ZERO,OC,0.0030038680531276896
20260907,0,2,REFUGE,64,HALF,OD,-0.0011743081863784255
20260907,0,2,REFUGE,64,HALF,OC,0.002791681027972004
20260907,0,3,REFUGE,0,FULL,OD,0.0
20260907,0,3,REFUGE,0,FULL,OC,0.0
20260907,0,3,REFUGE,0,ZERO,OD,-0.011795605671707676
20260907,0,3,REFUGE,0,ZERO,OC,-0.04009269042114738
20260907,0,3,REFUGE,0,HALF,OD,-0.007863449144608126
20260907,0,3,REFUGE,0,HALF,OC,-0.0267329607792135
20260907,0,3,REFUGE,8,FULL,OD,0.0
20260907,0,3,REFUGE,8,FULL,OC,0.0
20260907,0,3,REFUGE,8,ZERO,OD,0.039055449110719564
20260907,0,3,REFUGE,8,ZERO,OC,0.022069331228017575
20260907,0,3,REFUGE,8,HALF,OD,-0.0053614654379856574
20260907,0,3,REFUGE,8,HALF,OC,0.00430287184857292
20260907,0,3,REFUGE,32,FULL,OD,0.0
20260907,0,3,REFUGE,32,FULL,OC,0.0
20260907,0,3,REFUGE,32,ZERO,OD,0.04530727722129768
20260907,0,3,REFUGE,32,ZERO,OC,0.038241426784558996
20260907,0,3,REFUGE,32,HALF,OD,-0.0037844315131252415
20260907,0,3,REFUGE,32,HALF,OC,0.004365999107015739
20260907,0,3,REFUGE,64,FULL,OD,0.0
20260907,0,3,REFUGE,64,FULL,OC,0.0
20260907,0,3,REFUGE,64,ZERO,OD,0.038738366884118136
20260907,0,3,REFUGE,64,ZERO,OC,0.0201577942436586
20260907,0,3,REFUGE,64,HALF,OD,-0.003862485928422643
20260907,0,3,REFUGE,64,HALF,OC,0.0038353799149888346
20260907,0,4,ORIGA,0,FULL,OD,0.0
20260907,0,4,ORIGA,0,FULL,OC,0.0
20260907,0,4,ORIGA,0,ZERO,OD,0.026688756627407884
20260907,0,4,ORIGA,0,ZERO,OC,0.1174925319932214
20260907,0,4,ORIGA,0,HALF,OD,0.020583907189006823
20260907,0,4,ORIGA,0,HALF,OC,0.060671909954237435
20260907,0,4,ORIGA,8,FULL,OD,0.0
20260907,0,4,ORIGA,8,FULL,OC,0.0
20260907,0,4,ORIGA,8,ZERO,OD,-0.006886330442256394
20260907,0,4,ORIGA,8,ZERO,OC,-0.04231823485871189
20260907,0,4,ORIGA,8,HALF,OD,-0.006628561030439073
20260907,0,4,ORIGA,8,HALF,OC,-0.015877511828506385
20260907,0,4,ORIGA,32,FULL,OD,0.0
20260907,0,4,ORIGA,32,FULL,OC,0.0
20260907,0,4,ORIGA,32,ZERO,OD,-0.00671177972006376
20260907,0,4,ORIGA,32,ZERO,OC,-0.004225465241873394
20260907,0,4,ORIGA,32,HALF,OD,-0.007339775542419602
20260907,0,4,ORIGA,32,HALF,OC,-0.0148094539389092
20260907,0,4,ORIGA,64,FULL,OD,0.0
20260907,0,4,ORIGA,64,FULL,OC,0.0
20260907,0,4,ORIGA,64,ZERO,OD,-0.00515124549264101
20260907,0,4,ORIGA,64,ZERO,OC,-0.004468326991627691
20260907,0,4,ORIGA,64,HALF,OD,-0.005369839133948062
20260907,0,4,ORIGA,64,HALF,OC,-0.009951464570022495
20260907,0,5,ORIGA,0,FULL,OD,0.0
20260907,0,5,ORIGA,0,FULL,OC,0.0
20260907,0,5,ORIGA,0,ZERO,OD,-0.0686774243360162
20260907,0,5,ORIGA,0,ZERO,OC,-0.10466418901692265
20260907,0,5,ORIGA,0,HALF,OD,-0.03156735517143261
20260907,0,5,ORIGA,0,HALF,OC,-0.05119257938267907
20260907,0,5,ORIGA,8,FULL,OD,0.0
20260907,0,5,ORIGA,8,FULL,OC,0.0
20260907,0,5,ORIGA,8,ZERO,OD,-0.03782847320798055
20260907,0,5,ORIGA,8,ZERO,OC,-0.03158738138236572
20260907,0,5,ORIGA,8,HALF,OD,-0.01008406082229385
20260907,0,5,ORIGA,8,HALF,OC,-0.005321695270822602
20260907,0,5,ORIGA,32,FULL,OD,0.0
20260907,0,5,ORIGA,32,FULL,OC,0.0
20260907,0,5,ORIGA,32,ZERO,OD,-0.07083217235012285
20260907,0,5,ORIGA,32,ZERO,OC,-0.10858033461566663
20260907,0,5,ORIGA,32,HALF,OD,-0.005055809078953644
20260907,0,5,ORIGA,32,HALF,OC,-0.0070095662047009455
20260907,0,5,ORIGA,64,FULL,OD,0.0
20260907,0,5,ORIGA,64,FULL,OC,0.0
20260907,0,5,ORIGA,64,ZERO,OD,-0.06750290916096446
20260907,0,5,ORIGA,64,ZERO,OC,-0.11051214227512673
20260907,0,5,ORIGA,64,HALF,OD,-0.005392277428754255
20260907,0,5,ORIGA,64,HALF,OC,-0.008226631764898684
20260907,0,6,ORIGA,0,FULL,OD,0.0
20260907,0,6,ORIGA,0,FULL,OC,0.0
20260907,0,6,ORIGA,0,ZERO,OD,-0.04163428191462515
20260907,0,6,ORIGA,0,ZERO,OC,-0.15750667041037048
20260907,0,6,ORIGA,0,HALF,OD,-0.015580526970282449
20260907,0,6,ORIGA,0,HALF,OC,-0.07319301983278592
20260907,0,6,ORIGA,8,FULL,OD,0.0
20260907,0,6,ORIGA,8,FULL,OC,0.0
20260907,0,6,ORIGA,8,ZERO,OD,-0.0033561115435247757
20260907,0,6,ORIGA,8,ZERO,OC,0.02050011631095572
20260907,0,6,ORIGA,8,HALF,OD,-0.002492474448686721
20260907,0,6,ORIGA,8,HALF,OC,0.006994869727634523
20260907,0,6,ORIGA,32,FULL,OD,0.0
20260907,0,6,ORIGA,32,FULL,OC,0.0
20260907,0,6,ORIGA,32,ZERO,OD,-0.014114594548416903
20260907,0,6,ORIGA,32,ZERO,OC,-0.0019345866799511668
20260907,0,6,ORIGA,32,HALF,OD,-0.002165741508179053
20260907,0,6,ORIGA,32,HALF,OC,0.002218622965003192
20260907,0,6,ORIGA,64,FULL,OD,0.0
20260907,0,6,ORIGA,64,FULL,OC,0.0
20260907,0,6,ORIGA,64,ZERO,OD,-0.0035345100683343844
20260907,0,6,ORIGA,64,ZERO,OC,0.006981576458670702
20260907,0,6,ORIGA,64,HALF,OD,-0.0008478910778677573
20260907,0,6,ORIGA,64,HALF,OC,0.0019174415270839518
20260907,0,7,ORIGA,0,FULL,OD,0.0
20260907,0,7,ORIGA,0,FULL,OC,0.0
20260907,0,7,ORIGA,0,ZERO,OD,-0.008935134497633612
20260907,0,7,ORIGA,0,ZERO,OC,-0.017413286368935132
20260907,0,7,ORIGA,0,HALF,OD,-0.005187187623263867
20260907,0,7,ORIGA,0,HALF,OC,-0.007562810967201017
20260907,0,7,ORIGA,8,FULL,OD,0.0
20260907,0,7,ORIGA,8,FULL,OC,0.0
20260907,0,7,ORIGA,8,ZERO,OD,-0.024837979946283895
20260907,0,7,ORIGA,8,ZERO,OC,0.005158833612000535
20260907,0,7,ORIGA,8,HALF,OD,0.005739839789697498
20260907,0,7,ORIGA,8,HALF,OC,0.002498284429783837
20260907,0,7,ORIGA,32,FULL,OD,0.0
20260907,0,7,ORIGA,32,FULL,OC,0.0
20260907,0,7,ORIGA,32,ZERO,OD,-0.042860655970414996
20260907,0,7,ORIGA,32,ZERO,OC,0.0020251273758020716
20260907,0,7,ORIGA,32,HALF,OD,0.004339431764819324
20260907,0,7,ORIGA,32,HALF,OC,0.00311443331048622
20260907,0,7,ORIGA,64,FULL,OD,0.0
20260907,0,7,ORIGA,64,FULL,OC,0.0
20260907,0,7,ORIGA,64,ZERO,OD,-0.04920785414165607
20260907,0,7,ORIGA,64,ZERO,OC,0.0024753860562825025
20260907,0,7,ORIGA,64,HALF,OD,0.003434098352826709
20260907,0,7,ORIGA,64,HALF,OC,0.004602672094144111
20260907,0,8,REFUGE_Valid,0,FULL,OD,0.0
20260907,0,8,REFUGE_Valid,0,FULL,OC,0.0
20260907,0,8,REFUGE_Valid,0,ZERO,OD,0.0071000199615838255
20260907,0,8,REFUGE_Valid,0,ZERO,OC,0.017234344154203995
20260907,0,8,REFUGE_Valid,0,HALF,OD,0.0017748846265845941
20260907,0,8,REFUGE_Valid,0,HALF,OC,0.008616096879379143
20260907,0,8,REFUGE_Valid,8,FULL,OD,0.0
20260907,0,8,REFUGE_Valid,8,FULL,OC,0.0
20260907,0,8,REFUGE_Valid,8,ZERO,OD,0.007252768419519384
20260907,0,8,REFUGE_Valid,8,ZERO,OC,0.00908797677752915
20260907,0,8,REFUGE_Valid,8,HALF,OD,0.0049141507065115775
20260907,0,8,REFUGE_Valid,8,HALF,OC,0.002948213796081234
20260907,0,8,REFUGE_Valid,32,FULL,OD,0.0
20260907,0,8,REFUGE_Valid,32,FULL,OC,0.0
20260907,0,8,REFUGE_Valid,32,ZERO,OD,0.0051330827814553
20260907,0,8,REFUGE_Valid,32,ZERO,OC,0.017049537512413337
20260907,0,8,REFUGE_Valid,32,HALF,OD,0.004667166157972247
20260907,0,8,REFUGE_Valid,32,HALF,OC,0.0027569888855012437
20260907,0,8,REFUGE_Valid,64,FULL,OD,0.0
20260907,0,8,REFUGE_Valid,64,FULL,OC,0.0
20260907,0,8,REFUGE_Valid,64,ZERO,OD,0.008634602033865235
20260907,0,8,REFUGE_Valid,64,ZERO,OC,0.021945546203177457
20260907,0,8,REFUGE_Valid,64,HALF,OD,0.00452214986333388
20260907,0,8,REFUGE_Valid,64,HALF,OC,0.0035852837832450746
20260907,0,9,REFUGE_Valid,0,FULL,OD,0.0
20260907,0,9,REFUGE_Valid,0,FULL,OC,0.0
20260907,0,9,REFUGE_Valid,0,ZERO,OD,0.020564815218989452
20260907,0,9,REFUGE_Valid,0,ZERO,OC,0.019601087851000898
20260907,0,9,REFUGE_Valid,0,HALF,OD,0.013708704276695016
20260907,0,9,REFUGE_Valid,0,HALF,OC,0.007838634397373312
20260907,0,9,REFUGE_Valid,8,FULL,OD,0.0
20260907,0,9,REFUGE_Valid,8,FULL,OC,0.0
20260907,0,9,REFUGE_Valid,8,ZERO,OD,0.051857877496772176
20260907,0,9,REFUGE_Valid,8,ZERO,OC,0.014477384731463872
20260907,0,9,REFUGE_Valid,8,HALF,OD,0.00955563546453675
20260907,0,9,REFUGE_Valid,8,HALF,OC,-0.00017678838418078158
20260907,0,9,REFUGE_Valid,32,FULL,OD,0.0
20260907,0,9,REFUGE_Valid,32,FULL,OC,0.0
20260907,0,9,REFUGE_Valid,32,ZERO,OD,0.052298331912268736
20260907,0,9,REFUGE_Valid,32,ZERO,OC,0.023781404183878863
20260907,0,9,REFUGE_Valid,32,HALF,OD,0.0065690138319780544
20260907,0,9,REFUGE_Valid,32,HALF,OC,0.005676223662476332
20260907,0,9,REFUGE_Valid,64,FULL,OD,0.0
20260907,0,9,REFUGE_Valid,64,FULL,OC,0.0
20260907,0,9,REFUGE_Valid,64,ZERO,OD,0.056347811217989374
20260907,0,9,REFUGE_Valid,64,ZERO,OC,0.03494714096027707
20260907,0,9,REFUGE_Valid,64,HALF,OD,0.005788039237941689
20260907,0,9,REFUGE_Valid,64,HALF,OC,0.005688128847893381
20260907,0,10,REFUGE_Valid,0,FULL,OD,0.0
20260907,0,10,REFUGE_Valid,0,FULL,OC,0.0
20260907,0,10,REFUGE_Valid,0,ZERO,OD,0.01987808466184049
20260907,0,10,REFUGE_Valid,0,ZERO,OC,0.007443389805040113
20260907,0,10,REFUGE_Valid,0,HALF,OD,0.009937811032315835
20260907,0,10,REFUGE_Valid,0,HALF,OC,0.0
20260907,0,10,REFUGE_Valid,8,FULL,OD,0.0
20260907,0,10,REFUGE_Valid,8,FULL,OC,0.0
20260907,0,10,REFUGE_Valid,8,ZERO,OD,0.004897476313104221
20260907,0,10,REFUGE_Valid,8,ZERO,OC,0.007966981225656866
20260907,0,10,REFUGE_Valid,8,HALF,OD,0.00413789441769552
20260907,0,10,REFUGE_Valid,8,HALF,OC,0.006798969402822763
20260907,0,10,REFUGE_Valid,32,FULL,OD,0.0
20260907,0,10,REFUGE_Valid,32,FULL,OC,0.0
20260907,0,10,REFUGE_Valid,32,ZERO,OD,0.0027497128376552382
20260907,0,10,REFUGE_Valid,32,ZERO,OC,0.0007476414423948086
20260907,0,10,REFUGE_Valid,32,HALF,OD,0.004322582374655326
20260907,0,10,REFUGE_Valid,32,HALF,OC,0.005130457960440538
20260907,0,10,REFUGE_Valid,64,FULL,OD,0.0
20260907,0,10,REFUGE_Valid,64,FULL,OC,0.0
20260907,0,10,REFUGE_Valid,64,ZERO,OD,0.006546173630880503
20260907,0,10,REFUGE_Valid,64,ZERO,OC,-0.0009228775567393654
20260907,0,10,REFUGE_Valid,64,HALF,OD,0.004206062888016504
20260907,0,10,REFUGE_Valid,64,HALF,OC,0.0053031646371337615
20260907,0,11,REFUGE_Valid,0,FULL,OD,0.0
20260907,0,11,REFUGE_Valid,0,FULL,OC,0.0
20260907,0,11,REFUGE_Valid,0,ZERO,OD,0.02819311350495468
20260907,0,11,REFUGE_Valid,0,ZERO,OC,0.020644793015065943
20260907,0,11,REFUGE_Valid,0,HALF,OD,0.01787533487842552
20260907,0,11,REFUGE_Valid,0,HALF,OC,0.016040013021921595
20260907,0,11,REFUGE_Valid,8,FULL,OD,0.0
20260907,0,11,REFUGE_Valid,8,FULL,OC,0.0
20260907,0,11,REFUGE_Valid,8,ZERO,OD,-0.012320475329943292
20260907,0,11,REFUGE_Valid,8,ZERO,OC,-0.03990162806390174
20260907,0,11,REFUGE_Valid,8,HALF,OD,0.0
20260907,0,11,REFUGE_Valid,8,HALF,OC,-0.007253040313827341
20260907,0,11,REFUGE_Valid,32,FULL,OD,0.0
20260907,0,11,REFUGE_Valid,32,FULL,OC,0.0
20260907,0,11,REFUGE_Valid,32,ZERO,OD,-0.053159175087444055
20260907,0,11,REFUGE_Valid,32,ZERO,OC,-0.0351687474261837
20260907,0,11,REFUGE_Valid,32,HALF,OD,-0.0009401703794793548
20260907,0,11,REFUGE_Valid,32,HALF,OC,-0.007776831298585307
20260907,0,11,REFUGE_Valid,64,FULL,OD,0.0
20260907,0,11,REFUGE_Valid,64,FULL,OC,0.0
20260907,0,11,REFUGE_Valid,64,ZERO,OD,-0.04608901348950667
20260907,0,11,REFUGE_Valid,64,ZERO,OC,-0.02267335535246673
20260907,0,11,REFUGE_Valid,64,HALF,OD,-0.001159190368738905
20260907,0,11,REFUGE_Valid,64,HALF,OC,-0.003973678056880203
20260907,0,12,Drishti_GS,0,FULL,OD,0.0
20260907,0,12,Drishti_GS,0,FULL,OC,0.0
20260907,0,12,Drishti_GS,0,ZERO,OD,-0.014319265754735966
20260907,0,12,Drishti_GS,0,ZERO,OC,0.010632076976236249
20260907,0,12,Drishti_GS,0,HALF,OD,-0.01145509737071393
20260907,0,12,Drishti_GS,0,HALF,OC,0.009944148980054024
20260907,0,12,Drishti_GS,8,FULL,OD,0.0
20260907,0,12,Drishti_GS,8,FULL,OC,0.0
20260907,0,12,Drishti_GS,8,ZERO,OD,-0.0015536879213584598
20260907,0,12,Drishti_GS,8,ZERO,OC,0.0018299986348750963
20260907,0,12,Drishti_GS,8,HALF,OD,-0.0022066614087066228
20260907,0,12,Drishti_GS,8,HALF,OC,-0.004777023263713431
20260907,0,12,Drishti_GS,32,FULL,OD,0.0
20260907,0,12,Drishti_GS,32,FULL,OC,0.0
20260907,0,12,Drishti_GS,32,ZERO,OD,0.002229914044264092
20260907,0,12,Drishti_GS,32,ZERO,OC,0.005410367546943462
20260907,0,12,Drishti_GS,32,HALF,OD,-0.005238852393276261
20260907,0,12,Drishti_GS,32,HALF,OC,0.002874027399542456
20260907,0,12,Drishti_GS,64,FULL,OD,0.0
20260907,0,12,Drishti_GS,64,FULL,OC,0.0
20260907,0,12,Drishti_GS,64,ZERO,OD,0.004541207219730836
20260907,0,12,Drishti_GS,64,ZERO,OC,0.010409282842630319
20260907,0,12,Drishti_GS,64,HALF,OD,-0.004924875024755693
20260907,0,12,Drishti_GS,64,HALF,OC,0.0041402864425066355
20260907,0,13,Drishti_GS,0,FULL,OD,0.0
20260907,0,13,Drishti_GS,0,FULL,OC,0.0
20260907,0,13,Drishti_GS,0,ZERO,OD,0.0026196032484477882
20260907,0,13,Drishti_GS,0,ZERO,OC,0.011095815708074497
20260907,0,13,Drishti_GS,0,HALF,OD,0.0
20260907,0,13,Drishti_GS,0,HALF,OC,0.0
20260907,0,13,Drishti_GS,8,FULL,OD,0.0
20260907,0,13,Drishti_GS,8,FULL,OC,0.0
20260907,0,13,Drishti_GS,8,ZERO,OD,-0.003881440651611001
20260907,0,13,Drishti_GS,8,ZERO,OC,0.0396630408746006
20260907,0,13,Drishti_GS,8,HALF,OD,0.00024464470753571277
20260907,0,13,Drishti_GS,8,HALF,OC,0.009364930899820934
20260907,0,13,Drishti_GS,32,FULL,OD,0.0
20260907,0,13,Drishti_GS,32,FULL,OC,0.0
20260907,0,13,Drishti_GS,32,ZERO,OD,-0.005970176694248153
20260907,0,13,Drishti_GS,32,ZERO,OC,0.06161434363365004
20260907,0,13,Drishti_GS,32,HALF,OD,0.0008573505512146085
20260907,0,13,Drishti_GS,32,HALF,OC,0.007627280439535866
20260907,0,14,Drishti_GS,0,FULL,OD,0.0
20260907,0,14,Drishti_GS,0,FULL,OC,0.0
20260907,0,14,Drishti_GS,0,ZERO,OD,-0.0013579983937290763
20260907,0,14,Drishti_GS,0,ZERO,OC,0.024191758541540764
20260907,0,14,Drishti_GS,0,HALF,OD,0.0
20260907,0,14,Drishti_GS,0,HALF,OC,0.020160385644139467
20260907,0,14,Drishti_GS,8,FULL,OD,0.0
20260907,0,14,Drishti_GS,8,FULL,OC,0.0
20260907,0,14,Drishti_GS,8,ZERO,OD,-0.012872482964851883
20260907,0,14,Drishti_GS,8,ZERO,OC,0.023068209877322943
20260907,0,14,Drishti_GS,8,HALF,OD,-0.0016634223867697528
20260907,0,14,Drishti_GS,8,HALF,OC,0.009228350853405232
20260907,0,15,Drishti_GS,0,FULL,OD,0.0
20260907,0,15,Drishti_GS,0,FULL,OC,0.0
20260907,0,15,Drishti_GS,0,ZERO,OD,-0.016299943015283702
20260907,0,15,Drishti_GS,0,ZERO,OC,0.004529423118498244
20260907,0,15,Drishti_GS,0,HALF,OD,-0.006268651545667581
20260907,0,15,Drishti_GS,0,HALF,OC,0.004529423118498244
20260907,1,0,Drishti_GS,0,FULL,OD,0.0
20260907,1,0,Drishti_GS,0,FULL,OC,0.0
20260907,1,0,Drishti_GS,0,ZERO,OD,-0.029810578416586964
20260907,1,0,Drishti_GS,0,ZERO,OC,-0.022755409856429765
20260907,1,0,Drishti_GS,0,HALF,OD,-0.026840663653132424
20260907,1,0,Drishti_GS,0,HALF,OC,-0.0028923237188678286
20260907,1,0,Drishti_GS,8,FULL,OD,0.0
20260907,1,0,Drishti_GS,8,FULL,OC,0.0
20260907,1,0,Drishti_GS,8,ZERO,OD,-0.02300080125958459
20260907,1,0,Drishti_GS,8,ZERO,OC,0.04126642304026973
20260907,1,0,Drishti_GS,8,HALF,OD,-0.01810465990241994
20260907,1,0,Drishti_GS,8,HALF,OC,0.026148790674540123
20260907,1,0,Drishti_GS,32,FULL,OD,0.0
20260907,1,0,Drishti_GS,32,FULL,OC,0.0
20260907,1,0,Drishti_GS,32,ZERO,OD,0.010427676324553659
20260907,1,0,Drishti_GS,32,ZERO,OC,0.019467098279747574
20260907,1,0,Drishti_GS,32,HALF,OD,-0.013314589447432468
20260907,1,0,Drishti_GS,32,HALF,OC,-0.0019459426297316895
20260907,1,0,Drishti_GS,64,FULL,OD,0.0
20260907,1,0,Drishti_GS,64,FULL,OC,0.0
20260907,1,0,Drishti_GS,64,ZERO,OD,0.010335202779074848
20260907,1,0,Drishti_GS,64,ZERO,OC,0.013105207414909614
20260907,1,0,Drishti_GS,64,HALF,OD,-0.013464814052085217
20260907,1,0,Drishti_GS,64,HALF,OC,-0.005016961733133485
20260907,1,1,Drishti_GS,0,FULL,OD,0.0
20260907,1,1,Drishti_GS,0,FULL,OC,0.0
20260907,1,1,Drishti_GS,0,ZERO,OD,-0.022656637460599427
20260907,1,1,Drishti_GS,0,ZERO,OC,-0.004161875488186695
20260907,1,1,Drishti_GS,0,HALF,OD,-0.008495170298076005
20260907,1,1,Drishti_GS,0,HALF,OC,0.0
20260907,1,1,Drishti_GS,8,FULL,OD,0.0
20260907,1,1,Drishti_GS,8,FULL,OC,0.0
20260907,1,1,Drishti_GS,8,ZERO,OD,-0.024504890489140507
20260907,1,1,Drishti_GS,8,ZERO,OC,-0.02243447729348702
20260907,1,1,Drishti_GS,8,HALF,OD,-0.011658016284670225
20260907,1,1,Drishti_GS,8,HALF,OC,-0.007150449124679881
20260907,1,1,Drishti_GS,32,FULL,OD,0.0
20260907,1,1,Drishti_GS,32,FULL,OC,0.0
20260907,1,1,Drishti_GS,32,ZERO,OD,-0.03254961717165372
20260907,1,1,Drishti_GS,32,ZERO,OC,-0.030998366915881093
20260907,1,1,Drishti_GS,32,HALF,OD,-0.011384808343834152
20260907,1,1,Drishti_GS,32,HALF,OC,-0.013409274863057874
20260907,1,1,Drishti_GS,64,FULL,OD,0.0
20260907,1,1,Drishti_GS,64,FULL,OC,0.0
20260907,1,1,Drishti_GS,64,ZERO,OD,-0.006818161636786613
20260907,1,1,Drishti_GS,64,ZERO,OC,-0.006106067169163509
20260907,1,1,Drishti_GS,64,HALF,OD,-0.00026963173453964373
20260907,1,1,Drishti_GS,64,HALF,OC,0.0002268615663680862
20260907,1,2,Drishti_GS,0,FULL,OD,0.0
20260907,1,2,Drishti_GS,0,FULL,OC,0.0
20260907,1,2,Drishti_GS,0,ZERO,OD,-0.03789663746472627
20260907,1,2,Drishti_GS,0,ZERO,OC,0.013391964041638005
20260907,1,2,Drishti_GS,0,HALF,OD,-0.013115166286183921
20260907,1,2,Drishti_GS,0,HALF,OC,-0.013394425724314374
20260907,1,2,Drishti_GS,8,FULL,OD,0.0
20260907,1,2,Drishti_GS,8,FULL,OC,0.0
20260907,1,2,Drishti_GS,8,ZERO,OD,-0.04958889361134311
20260907,1,2,Drishti_GS,8,ZERO,OC,0.011053372626804503
20260907,1,2,Drishti_GS,8,HALF,OD,-0.021689640933303167
20260907,1,2,Drishti_GS,8,HALF,OC,-0.011055242356178496
20260907,1,2,Drishti_GS,32,FULL,OD,0.0
20260907,1,2,Drishti_GS,32,FULL,OC,0.0
20260907,1,2,Drishti_GS,32,ZERO,OD,-0.027474702124692385
20260907,1,2,Drishti_GS,32,ZERO,OC,0.002903911716167329
20260907,1,2,Drishti_GS,32,HALF,OD,-0.005962077250870834
20260907,1,2,Drishti_GS,32,HALF,OC,0.0040856916129001775
20260907,1,2,Drishti_GS,64,FULL,OD,0.0
20260907,1,2,Drishti_GS,64,FULL,OC,0.0
20260907,1,2,Drishti_GS,64,ZERO,OD,0.014626015121990577
20260907,1,2,Drishti_GS,64,ZERO,OC,0.012710220923800364
20260907,1,2,Drishti_GS,64,HALF,OD,0.00495844687320357
20260907,1,2,Drishti_GS,64,HALF,OC,0.005070483756462352
20260907,1,3,Drishti_GS,0,FULL,OD,0.0
20260907,1,3,Drishti_GS,0,FULL,OC,0.0
20260907,1,3,Drishti_GS,0,ZERO,OD,-0.03343142093295626
20260907,1,3,Drishti_GS,0,ZERO,OC,-0.0796313182267312
20260907,1,3,Drishti_GS,0,HALF,OD,-0.022285525511250626
20260907,1,3,Drishti_GS,0,HALF,OC,-0.03714855755157487
20260907,1,3,Drishti_GS,8,FULL,OD,0.0
20260907,1,3,Drishti_GS,8,FULL,OC,0.0
20260907,1,3,Drishti_GS,8,ZERO,OD,0.007280238922987792
20260907,1,3,Drishti_GS,8,ZERO,OC,0.017965805916787758
20260907,1,3,Drishti_GS,8,HALF,OD,0.002457968356949891
20260907,1,3,Drishti_GS,8,HALF,OC,0.006084450870723401
20260907,1,3,Drishti_GS,32,FULL,OD,0.0
20260907,1,3,Drishti_GS,32,FULL,OC,0.0
20260907,1,3,Drishti_GS,32,ZERO,OD,0.014850461169331197
20260907,1,3,Drishti_GS,32,ZERO,OC,0.0024800203608492666
20260907,1,3,Drishti_GS,32,HALF,OD,0.006330115011124349
20260907,1,3,Drishti_GS,32,HALF,OC,0.004607484535775086
20260907,1,3,Drishti_GS,64,FULL,OD,0.0
20260907,1,3,Drishti_GS,64,FULL,OC,0.0
20260907,1,3,Drishti_GS,64,ZERO,OD,0.023605785950451263
20260907,1,3,Drishti_GS,64,ZERO,OC,0.01784771906548599
20260907,1,3,Drishti_GS,64,HALF,OD,0.009332800127907603
20260907,1,3,Drishti_GS,64,HALF,OC,0.0055597625665910755
20260907,1,4,REFUGE_Valid,0,FULL,OD,0.0
20260907,1,4,REFUGE_Valid,0,FULL,OC,0.0
20260907,1,4,REFUGE_Valid,0,ZERO,OD,0.04431140928086563
20260907,1,4,REFUGE_Valid,0,ZERO,OC,0.01021519552129746
20260907,1,4,REFUGE_Valid,0,HALF,OD,0.021094942727032162
20260907,1,4,REFUGE_Valid,0,HALF,OC,0.01021519552129746
20260907,1,4,REFUGE_Valid,8,FULL,OD,0.0
20260907,1,4,REFUGE_Valid,8,FULL,OC,0.0
20260907,1,4,REFUGE_Valid,8,ZERO,OD,0.03548924281014365
20260907,1,4,REFUGE_Valid,8,ZERO,OC,-0.0016368660378418554
20260907,1,4,REFUGE_Valid,8,HALF,OD,0.020087626868814823
20260907,1,4,REFUGE_Valid,8,HALF,OC,0.003295454434152134
20260907,1,4,REFUGE_Valid,32,FULL,OD,0.0
20260907,1,4,REFUGE_Valid,32,FULL,OC,0.0
20260907,1,4,REFUGE_Valid,32,ZERO,OD,0.027764958126809347
20260907,1,4,REFUGE_Valid,32,ZERO,OC,-0.006973651145798954
20260907,1,4,REFUGE_Valid,32,HALF,OD,0.016133237128784117
20260907,1,4,REFUGE_Valid,32,HALF,OC,0.000552585303275066
20260907,1,4,REFUGE_Valid,64,FULL,OD,0.0
20260907,1,4,REFUGE_Valid,64,FULL,OC,0.0
20260907,1,4,REFUGE_Valid,64,ZERO,OD,0.025696013301285348
20260907,1,4,REFUGE_Valid,64,ZERO,OC,-0.008775982459013676
20260907,1,4,REFUGE_Valid,64,HALF,OD,0.015189890162602637
20260907,1,4,REFUGE_Valid,64,HALF,OC,0.0031015913833840614
20260907,1,5,REFUGE_Valid,0,FULL,OD,0.0
20260907,1,5,REFUGE_Valid,0,FULL,OC,0.0
20260907,1,5,REFUGE_Valid,0,ZERO,OD,-0.007717708449206384
20260907,1,5,REFUGE_Valid,0,ZERO,OC,0.0
20260907,1,5,REFUGE_Valid,0,HALF,OD,-0.007717708449206384
20260907,1,5,REFUGE_Valid,0,HALF,OC,-0.005005242285548661
20260907,1,5,REFUGE_Valid,8,FULL,OD,0.0
20260907,1,5,REFUGE_Valid,8,FULL,OC,0.0
20260907,1,5,REFUGE_Valid,8,ZERO,OD,0.007313069740192191
20260907,1,5,REFUGE_Valid,8,ZERO,OC,-0.0033110971320979843
20260907,1,5,REFUGE_Valid,8,HALF,OD,-4.595940913532104e-05
20260907,1,5,REFUGE_Valid,8,HALF,OC,0.0034069614094178746
20260907,1,5,REFUGE_Valid,32,FULL,OD,0.0
20260907,1,5,REFUGE_Valid,32,FULL,OC,0.0
20260907,1,5,REFUGE_Valid,32,ZERO,OD,0.019190721453071546
20260907,1,5,REFUGE_Valid,32,ZERO,OC,0.008226831053121941
20260907,1,5,REFUGE_Valid,32,HALF,OD,-0.002162199747090199
20260907,1,5,REFUGE_Valid,32,HALF,OC,0.0020895899360482417
20260907,1,5,REFUGE_Valid,64,FULL,OD,0.0
20260907,1,5,REFUGE_Valid,64,FULL,OC,0.0
20260907,1,5,REFUGE_Valid,64,ZERO,OD,0.01863792937341202
20260907,1,5,REFUGE_Valid,64,ZERO,OC,0.007217098735807781
20260907,1,5,REFUGE_Valid,64,HALF,OD,-0.004405826701500359
20260907,1,5,REFUGE_Valid,64,HALF,OC,0.002742812658439675
20260907,1,6,REFUGE_Valid,0,FULL,OD,0.0
20260907,1,6,REFUGE_Valid,0,FULL,OC,0.0
20260907,1,6,REFUGE_Valid,0,ZERO,OD,0.006287054912391454
20260907,1,6,REFUGE_Valid,0,ZERO,OC,0.0
20260907,1,6,REFUGE_Valid,0,HALF,OD,0.0020955783418656893
20260907,1,6,REFUGE_Valid,0,HALF,OC,0.0
20260907,1,6,REFUGE_Valid,8,FULL,OD,0.0
20260907,1,6,REFUGE_Valid,8,FULL,OC,0.0
20260907,1,6,REFUGE_Valid,8,ZERO,OD,-0.00866361265545379
20260907,1,6,REFUGE_Valid,8,ZERO,OC,-0.039987877509524594
20260907,1,6,REFUGE_Valid,8,HALF,OD,0.003659713351510163
20260907,1,6,REFUGE_Valid,8,HALF,OC,0.000978917054538897
20260907,1,6,REFUGE_Valid,32,FULL,OD,0.0
20260907,1,6,REFUGE_Valid,32,FULL,OC,0.0
20260907,1,6,REFUGE_Valid,32,ZERO,OD,-0.022129511872563512
20260907,1,6,REFUGE_Valid,32,ZERO,OC,-0.055573874827615555
20260907,1,6,REFUGE_Valid,32,HALF,OD,0.00557353526910731
20260907,1,6,REFUGE_Valid,32,HALF,OC,0.0031389706870399436
20260907,1,6,REFUGE_Valid,64,FULL,OD,0.0
20260907,1,6,REFUGE_Valid,64,FULL,OC,0.0
20260907,1,6,REFUGE_Valid,64,ZERO,OD,-0.024310339405161585
20260907,1,6,REFUGE_Valid,64,ZERO,OC,-0.046436949287041784
20260907,1,6,REFUGE_Valid,64,HALF,OD,0.0049986466613063385
20260907,1,6,REFUGE_Valid,64,HALF,OC,0.003216855591617218
20260907,1,7,REFUGE_Valid,0,FULL,OD,0.0
20260907,1,7,REFUGE_Valid,0,FULL,OC,0.0
20260907,1,7,REFUGE_Valid,0,ZERO,OD,0.020012181727778966
20260907,1,7,REFUGE_Valid,0,ZERO,OC,0.09805601583070711
20260907,1,7,REFUGE_Valid,0,HALF,OD,0.003581391572296866
20260907,1,7,REFUGE_Valid,0,HALF,OC,0.037035757104803224
20260907,1,7,REFUGE_Valid,8,FULL,OD,0.0
20260907,1,7,REFUGE_Valid,8,FULL,OC,0.0
20260907,1,7,REFUGE_Valid,8,ZERO,OD,-0.005611027597538509
20260907,1,7,REFUGE_Valid,8,ZERO,OC,-0.015359919259907429
20260907,1,7,REFUGE_Valid,8,HALF,OD,-0.00152537985508161
20260907,1,7,REFUGE_Valid,8,HALF,OC,-0.004143420263375219
20260907,1,7,REFUGE_Valid,32,FULL,OD,0.0
20260907,1,7,REFUGE_Valid,32,FULL,OC,0.0
20260907,1,7,REFUGE_Valid,32,ZERO,OD,-0.0065162955642534826
20260907,1,7,REFUGE_Valid,32,ZERO,OC,-0.012343265220060573
20260907,1,7,REFUGE_Valid,32,HALF,OD,-0.001020685372751018
20260907,1,7,REFUGE_Valid,32,HALF,OC,-0.0008053737972844033
20260907,1,7,REFUGE_Valid,64,FULL,OD,0.0
20260907,1,7,REFUGE_Valid,64,FULL,OC,0.0
20260907,1,7,REFUGE_Valid,64,ZERO,OD,-0.0018944449953153253
20260907,1,7,REFUGE_Valid,64,ZERO,OC,0.004967907323774057
20260907,1,7,REFUGE_Valid,64,HALF,OD,-0.000548802119311631
20260907,1,7,REFUGE_Valid,64,HALF,OC,-7.3158997352607e-05
20260907,1,8,ORIGA,0,FULL,OD,0.0
20260907,1,8,ORIGA,0,FULL,OC,0.0
20260907,1,8,ORIGA,0,ZERO,OD,-0.04384516428828533
20260907,1,8,ORIGA,0,ZERO,OC,-0.016163053192009613
20260907,1,8,ORIGA,0,HALF,OD,-0.020185117560316712
20260907,1,8,ORIGA,0,HALF,OC,-0.0023770910228648745
20260907,1,8,ORIGA,8,FULL,OD,0.0
20260907,1,8,ORIGA,8,FULL,OC,0.0
20260907,1,8,ORIGA,8,ZERO,OD,-0.02006208478165661
20260907,1,8,ORIGA,8,ZERO,OC,-0.05522673168889014
20260907,1,8,ORIGA,8,HALF,OD,-0.007618926706243201
20260907,1,8,ORIGA,8,HALF,OC,-0.024554354654625854
20260907,1,8,ORIGA,32,FULL,OD,0.0
20260907,1,8,ORIGA,32,FULL,OC,0.0
20260907,1,8,ORIGA,32,ZERO,OD,-0.03450223793734608
20260907,1,8,ORIGA,32,ZERO,OC,-0.05101148916159559
20260907,1,8,ORIGA,32,HALF,OD,-0.009139464127954966
20260907,1,8,ORIGA,32,HALF,OC,-0.014484646848131888
20260907,1,8,ORIGA,64,FULL,OD,0.0
20260907,1,8,ORIGA,64,FULL,OC,0.0
20260907,1,8,ORIGA,64,ZERO,OD,-0.028224803632568296
20260907,1,8,ORIGA,64,ZERO,OC,-0.03546392403754339
20260907,1,8,ORIGA,64,HALF,OD,-0.006823309976610403
20260907,1,8,ORIGA,64,HALF,OC,-0.010108469524887198
20260907,1,9,ORIGA,0,FULL,OD,0.0
20260907,1,9,ORIGA,0,FULL,OC,0.0
20260907,1,9,ORIGA,0,ZERO,OD,-0.10387194802031274
20260907,1,9,ORIGA,0,ZERO,OC,-0.1657976317881591
20260907,1,9,ORIGA,0,HALF,OD,-0.054657435316528336
20260907,1,9,ORIGA,0,HALF,OC,-0.09987621317434048
20260907,1,9,ORIGA,8,FULL,OD,0.0
20260907,1,9,ORIGA,8,FULL,OC,0.0
20260907,1,9,ORIGA,8,ZERO,OD,-0.03376200847318955
20260907,1,9,ORIGA,8,ZERO,OC,-0.01759181634369611
20260907,1,9,ORIGA,8,HALF,OD,-0.01587990424920349
20260907,1,9,ORIGA,8,HALF,OC,-0.0037996480878419447
20260907,1,9,ORIGA,32,FULL,OD,0.0
20260907,1,9,ORIGA,32,FULL,OC,0.0
20260907,1,9,ORIGA,32,ZERO,OD,-0.06073601984805066
20260907,1,9,ORIGA,32,ZERO,OC,-0.1007932839671355
20260907,1,9,ORIGA,32,HALF,OD,-0.00903700763932136
20260907,1,9,ORIGA,32,HALF,OC,-0.012787047619951863
20260907,1,9,ORIGA,64,FULL,OD,0.0
20260907,1,9,ORIGA,64,FULL,OC,0.0
20260907,1,9,ORIGA,64,ZERO,OD,-0.060544165959584006
20260907,1,9,ORIGA,64,ZERO,OC,-0.11024692174299844
20260907,1,9,ORIGA,64,HALF,OD,-0.008417021639161248
20260907,1,9,ORIGA,64,HALF,OC,-0.014755111742772442
20260907,1,10,ORIGA,0,FULL,OD,0.0
20260907,1,10,ORIGA,0,FULL,OC,0.0
20260907,1,10,ORIGA,0,ZERO,OD,-0.07826182157847938
20260907,1,10,ORIGA,0,ZERO,OC,-0.19071045271413567
20260907,1,10,ORIGA,0,HALF,OD,-0.03839595848255328
20260907,1,10,ORIGA,0,HALF,OC,-0.07115527401565203
20260907,1,10,ORIGA,8,FULL,OD,0.0
20260907,1,10,ORIGA,8,FULL,OC,0.0
20260907,1,10,ORIGA,8,ZERO,OD,-0.020020678477337128
20260907,1,10,ORIGA,8,ZERO,OC,0.002847751523745501
20260907,1,10,ORIGA,8,HALF,OD,-0.008367333357440998
20260907,1,10,ORIGA,8,HALF,OC,0.0026444585806189025
20260907,1,10,ORIGA,32,FULL,OD,0.0
20260907,1,10,ORIGA,32,FULL,OC,0.0
20260907,1,10,ORIGA,32,ZERO,OD,-0.029893929902641503
20260907,1,10,ORIGA,32,ZERO,OC,0.0014779203001040742
20260907,1,10,ORIGA,32,HALF,OD,-0.005675893285371103
20260907,1,10,ORIGA,32,HALF,OC,-0.0024470840909316394
20260907,1,10,ORIGA,64,FULL,OD,0.0
20260907,1,10,ORIGA,64,FULL,OC,0.0
20260907,1,10,ORIGA,64,ZERO,OD,-0.017533289920720563
20260907,1,10,ORIGA,64,ZERO,OC,0.008912500376723642
20260907,1,10,ORIGA,64,HALF,OD,-0.0028344367857897623
20260907,1,10,ORIGA,64,HALF,OC,-0.0011598469671127987
20260907,1,11,ORIGA,0,FULL,OD,0.0
20260907,1,11,ORIGA,0,FULL,OC,0.0
20260907,1,11,ORIGA,0,ZERO,OD,0.0008287647081459681
20260907,1,11,ORIGA,0,ZERO,OC,0.003912808574099813
20260907,1,11,ORIGA,0,HALF,OD,-0.00015204141718072606
20260907,1,11,ORIGA,0,HALF,OC,0.00559831040531833
20260907,1,11,ORIGA,8,FULL,OD,0.0
20260907,1,11,ORIGA,8,FULL,OC,0.0
20260907,1,11,ORIGA,8,ZERO,OD,0.009537033953449736
20260907,1,11,ORIGA,8,ZERO,OC,-0.005572148855307546
20260907,1,11,ORIGA,8,HALF,OD,0.004803686939894192
20260907,1,11,ORIGA,8,HALF,OC,-0.008833570254694223
20260907,1,11,ORIGA,32,FULL,OD,0.0
20260907,1,11,ORIGA,32,FULL,OC,0.0
20260907,1,11,ORIGA,32,ZERO,OD,0.002480567814615142
20260907,1,11,ORIGA,32,ZERO,OC,0.0030857149109806414
20260907,1,11,ORIGA,32,HALF,OD,0.0032603762003589054
20260907,1,11,ORIGA,32,HALF,OC,-0.0005303068214175255
20260907,1,11,ORIGA,64,FULL,OD,0.0
20260907,1,11,ORIGA,64,FULL,OC,0.0
20260907,1,11,ORIGA,64,ZERO,OD,0.0014910515644572797
20260907,1,11,ORIGA,64,ZERO,OC,-0.00047564152613688293
20260907,1,11,ORIGA,64,HALF,OD,0.0019458734214907736
20260907,1,11,ORIGA,64,HALF,OC,0.00041460645097401994
20260907,1,12,REFUGE,0,FULL,OD,0.0
20260907,1,12,REFUGE,0,FULL,OC,0.0
20260907,1,12,REFUGE,0,ZERO,OD,-0.025872111210730964
20260907,1,12,REFUGE,0,ZERO,OC,0.004976928802747693
20260907,1,12,REFUGE,0,HALF,OD,-0.010844772663460844
20260907,1,12,REFUGE,0,HALF,OC,0.0
20260907,1,12,REFUGE,8,FULL,OD,0.0
20260907,1,12,REFUGE,8,FULL,OC,0.0
20260907,1,12,REFUGE,8,ZERO,OD,-0.028186726791602723
20260907,1,12,REFUGE,8,ZERO,OC,-0.002923827348539021
20260907,1,12,REFUGE,8,HALF,OD,-0.007089513303341732
20260907,1,12,REFUGE,8,HALF,OC,-0.006467538829227237
20260907,1,12,REFUGE,32,FULL,OD,0.0
20260907,1,12,REFUGE,32,FULL,OC,0.0
20260907,1,12,REFUGE,32,ZERO,OD,-0.023777868509213818
20260907,1,12,REFUGE,32,ZERO,OC,0.00699770266720634
20260907,1,12,REFUGE,32,HALF,OD,-0.005214723933136156
20260907,1,12,REFUGE,32,HALF,OC,-0.008737427122156305
20260907,1,12,REFUGE,64,FULL,OD,0.0
20260907,1,12,REFUGE,64,FULL,OC,0.0
20260907,1,12,REFUGE,64,ZERO,OD,-0.02382123581713813
20260907,1,12,REFUGE,64,ZERO,OC,0.010575171165825736
20260907,1,12,REFUGE,64,HALF,OD,-0.004159400934000246
20260907,1,12,REFUGE,64,HALF,OC,-0.007376483114711618
20260907,1,13,REFUGE,0,FULL,OD,0.0
20260907,1,13,REFUGE,0,FULL,OC,0.0
20260907,1,13,REFUGE,0,ZERO,OD,0.0032975807474571184
20260907,1,13,REFUGE,0,ZERO,OC,0.02350928055038537
20260907,1,13,REFUGE,0,HALF,OD,-0.00013598183373630945
20260907,1,13,REFUGE,0,HALF,OC,0.017630774512838343
20260907,1,13,REFUGE,8,FULL,OD,0.0
20260907,1,13,REFUGE,8,FULL,OC,0.0
20260907,1,13,REFUGE,8,ZERO,OD,0.007828636995242277
20260907,1,13,REFUGE,8,ZERO,OC,0.056315656538941994
20260907,1,13,REFUGE,8,HALF,OD,0.004400142681959096
20260907,1,13,REFUGE,8,HALF,OC,0.010397305650414523
20260907,1,13,REFUGE,32,FULL,OD,0.0
20260907,1,13,REFUGE,32,FULL,OC,0.0
20260907,1,13,REFUGE,32,ZERO,OD,0.0021921084169633787
20260907,1,13,REFUGE,32,ZERO,OC,0.04621865666639735
20260907,1,13,REFUGE,32,HALF,OD,0.0045350028822923605
20260907,1,13,REFUGE,32,HALF,OC,0.009738370911236416
20260907,1,13,REFUGE,64,FULL,OD,0.0
20260907,1,13,REFUGE,64,FULL,OC,0.0
20260907,1,13,REFUGE,64,ZERO,OD,-0.00010947535169236744
20260907,1,13,REFUGE,64,ZERO,OC,0.023268308447995878
20260907,1,13,REFUGE,64,HALF,OD,0.0029864010641773575
20260907,1,13,REFUGE,64,HALF,OC,0.006378639665484798
20260907,1,14,REFUGE,0,FULL,OD,0.0
20260907,1,14,REFUGE,0,FULL,OC,0.0
20260907,1,14,REFUGE,0,ZERO,OD,0.013610049175852623
20260907,1,14,REFUGE,0,ZERO,OC,0.0364698383989861
20260907,1,14,REFUGE,0,HALF,OD,0.00780134357179918
20260907,1,14,REFUGE,0,HALF,OC,0.030389423526017367
20260907,1,14,REFUGE,8,FULL,OD,0.0
20260907,1,14,REFUGE,8,FULL,OC,0.0
20260907,1,14,REFUGE,8,ZERO,OD,0.013237690200554653
20260907,1,14,REFUGE,8,ZERO,OC,0.0491550695876839
20260907,1,14,REFUGE,8,HALF,OD,0.007186685829509543
20260907,1,14,REFUGE,8,HALF,OC,0.002605471729239639
20260907,1,14,REFUGE,32,FULL,OD,0.0
20260907,1,14,REFUGE,32,FULL,OC,0.0
20260907,1,14,REFUGE,32,ZERO,OD,0.009340161321219398
20260907,1,14,REFUGE,32,ZERO,OC,-0.058398081874543095
20260907,1,14,REFUGE,32,HALF,OD,0.005179916181901945
20260907,1,14,REFUGE,32,HALF,OC,0.007734397024961481
20260907,1,14,REFUGE,64,FULL,OD,0.0
20260907,1,14,REFUGE,64,FULL,OC,0.0
20260907,1,14,REFUGE,64,ZERO,OD,0.004868369925588922
20260907,1,14,REFUGE,64,ZERO,OC,-0.05643534426101837
20260907,1,14,REFUGE,64,HALF,OD,0.004128327211745386
20260907,1,14,REFUGE,64,HALF,OC,0.005419912196344967
20260907,1,15,REFUGE,0,FULL,OD,0.0
20260907,1,15,REFUGE,0,FULL,OC,0.0
20260907,1,15,REFUGE,0,ZERO,OD,0.003143278889268686
20260907,1,15,REFUGE,0,ZERO,OC,0.034190929218993915
20260907,1,15,REFUGE,0,HALF,OD,0.0015716129432234993
20260907,1,15,REFUGE,0,HALF,OC,0.017091477794068055
17011,0,0,REFUGE,0,FULL,OD,0.0
17011,0,0,REFUGE,0,FULL,OC,0.0
17011,0,0,REFUGE,0,ZERO,OD,-0.046302959770230245
17011,0,0,REFUGE,0,ZERO,OC,-0.07661129401193989
17011,0,0,REFUGE,0,HALF,OD,-0.03184380516836427
17011,0,0,REFUGE,0,HALF,OC,-0.01846016470440759
17011,0,0,REFUGE,8,FULL,OD,0.0
17011,0,0,REFUGE,8,FULL,OC,0.0
17011,0,0,REFUGE,8,ZERO,OD,0.027534667048570327
17011,0,0,REFUGE,8,ZERO,OC,-0.008767510616749519
17011,0,0,REFUGE,8,HALF,OD,-0.0010377364372544662
17011,0,0,REFUGE,8,HALF,OC,-0.010798898453288075
17011,0,0,REFUGE,32,FULL,OD,0.0
17011,0,0,REFUGE,32,FULL,OC,0.0
17011,0,0,REFUGE,32,ZERO,OD,0.01933352492845586
17011,0,0,REFUGE,32,ZERO,OC,0.014210107392329974
17011,0,0,REFUGE,32,HALF,OD,-0.003610693924088082
17011,0,0,REFUGE,32,HALF,OC,-0.006902553168231407
17011,0,0,REFUGE,64,FULL,OD,0.0
17011,0,0,REFUGE,64,FULL,OC,0.0
17011,0,0,REFUGE,64,ZERO,OD,0.04036285504299997
17011,0,0,REFUGE,64,ZERO,OC,0.017290690050103308
17011,0,0,REFUGE,64,HALF,OD,-0.0036088147389676806
17011,0,0,REFUGE,64,HALF,OC,-0.004854019390108988
17011,0,1,REFUGE,0,FULL,OD,0.0
17011,0,1,REFUGE,0,FULL,OC,0.0
17011,0,1,REFUGE,0,ZERO,OD,-0.008741822908945096
17011,0,1,REFUGE,0,ZERO,OC,0.02133558110216427
17011,0,1,REFUGE,0,HALF,OD,-0.004499416796832634
17011,0,1,REFUGE,0,HALF,OC,0.006778480876533877
17011,0,1,REFUGE,8,FULL,OD,0.0
17011,0,1,REFUGE,8,FULL,OC,0.0
17011,0,1,REFUGE,8,ZERO,OD,-0.022908678556632367
17011,0,1,REFUGE,8,ZERO,OC,0.026939259531744142
17011,0,1,REFUGE,8,HALF,OD,-0.005705509352480931
17011,0,1,REFUGE,8,HALF,OC,-0.007535267333196316
17011,0,1,REFUGE,32,FULL,OD,0.0
17011,0,1,REFUGE,32,FULL,OC,0.0
17011,0,1,REFUGE,32,ZERO,OD,-0.04652491535036063
17011,0,1,REFUGE,32,ZERO,OC,0.030917704755879072
17011,0,1,REFUGE,32,HALF,OD,-0.002599445110050169
17011,0,1,REFUGE,32,HALF,OC,-0.0031916844143040635
17011,0,1,REFUGE,64,FULL,OD,0.0
17011,0,1,REFUGE,64,FULL,OC,0.0
17011,0,1,REFUGE,64,ZERO,OD,-0.047631584233599256
17011,0,1,REFUGE,64,ZERO,OC,0.018128084409184453
17011,0,1,REFUGE,64,HALF,OD,-0.0025897299731383328
17011,0,1,REFUGE,64,HALF,OC,-0.00294841375807664
17011,0,2,REFUGE,0,FULL,OD,0.0
17011,0,2,REFUGE,0,FULL,OC,0.0
17011,0,2,REFUGE,0,ZERO,OD,0.00795656096531161
17011,0,2,REFUGE,0,ZERO,OC,-0.03379247129333862
17011,0,2,REFUGE,0,HALF,OD,0.0
17011,0,2,REFUGE,0,HALF,OC,-0.026804140842401125
17011,0,2,REFUGE,8,FULL,OD,0.0
17011,0,2,REFUGE,8,FULL,OC,0.0
17011,0,2,REFUGE,8,ZERO,OD,0.05408268457706811
17011,0,2,REFUGE,8,ZERO,OC,0.06118335665206587
17011,0,2,REFUGE,8,HALF,OD,0.01632343126883029
17011,0,2,REFUGE,8,HALF,OC,0.019064027564638764
17011,0,2,REFUGE,32,FULL,OD,0.0
17011,0,2,REFUGE,32,FULL,OC,0.0
17011,0,2,REFUGE,32,ZERO,OD,0.04312139132790094
17011,0,2,REFUGE,32,ZERO,OC,0.02565979560982612
17011,0,2,REFUGE,32,HALF,OD,0.0040603276270587685
17011,0,2,REFUGE,32,HALF,OC,0.0023273899260516373
17011,0,2,REFUGE,64,FULL,OD,0.0
17011,0,2,REFUGE,64,FULL,OC,0.0
17011,0,2,REFUGE,64,ZERO,OD,0.0506500116777886
17011,0,2,REFUGE,64,ZERO,OC,0.0010761371631531347
17011,0,2,REFUGE,64,HALF,OD,0.0031929371690324615
17011,0,2,REFUGE,64,HALF,OC,0.001345998205806609
17011,0,3,REFUGE,0,FULL,OD,0.0
17011,0,3,REFUGE,0,FULL,OC,0.0
17011,0,3,REFUGE,0,ZERO,OD,-0.011095700416078103
17011,0,3,REFUGE,0,ZERO,OC,0.026205167151033493
17011,0,3,REFUGE,0,HALF,OD,-0.007136071985698322
17011,0,3,REFUGE,0,HALF,OC,0.0
17011,0,3,REFUGE,8,FULL,OD,0.0
17011,0,3,REFUGE,8,FULL,OC,0.0
17011,0,3,REFUGE,8,ZERO,OD,0.008191997877190715
17011,0,3,REFUGE,8,ZERO,OC,0.0007526708056957432
17011,0,3,REFUGE,8,HALF,OD,-0.001154855283402867
17011,0,3,REFUGE,8,HALF,OC,0.004466755999089855
17011,0,3,REFUGE,32,FULL,OD,0.0
17011,0,3,REFUGE,32,FULL,OC,0.0
17011,0,3,REFUGE,32,ZERO,OD,0.01314880779420946
17011,0,3,REFUGE,32,ZERO,OC,0.006689274057386285
17011,0,3,REFUGE,32,HALF,OD,-0.0020180627700625564
17011,0,3,REFUGE,32,HALF,OC,0.004209272169454437
17011,0,3,REFUGE,64,FULL,OD,0.0
17011,0,3,REFUGE,64,FULL,OC,0.0
17011,0,3,REFUGE,64,ZERO,OD,0.009846129276027682
17011,0,3,REFUGE,64,ZERO,OC,-0.004510165372863639
17011,0,3,REFUGE,64,HALF,OD,-0.005717253936992961
17011,0,3,REFUGE,64,HALF,OC,-0.004899164794927913
17011,0,4,ORIGA,0,FULL,OD,0.0
17011,0,4,ORIGA,0,FULL,OC,0.0
17011,0,4,ORIGA,0,ZERO,OD,0.07002463216888088
17011,0,4,ORIGA,0,ZERO,OC,0.09914798062088437
17011,0,4,ORIGA,0,HALF,OD,0.04099240471732912
17011,0,4,ORIGA,0,HALF,OC,0.04951279554688881
17011,0,4,ORIGA,8,FULL,OD,0.0
17011,0,4,ORIGA,8,FULL,OC,0.0
17011,0,4,ORIGA,8,ZERO,OD,0.017471023636531413
17011,0,4,ORIGA,8,ZERO,OC,-0.004018127505005964
17011,0,4,ORIGA,8,HALF,OD,-0.002101077993955869
17011,0,4,ORIGA,8,HALF,OC,-0.010639537547874056
17011,0,4,ORIGA,32,FULL,OD,0.0
17011,0,4,ORIGA,32,FULL,OC,0.0
17011,0,4,ORIGA,32,ZERO,OD,0.030198069498567293
17011,0,4,ORIGA,32,ZERO,OC,0.00038297891136096496
17011,0,4,ORIGA,32,HALF,OD,-0.00550440267758745
17011,0,4,ORIGA,32,HALF,OC,-0.00956396617249311
17011,0,4,ORIGA,64,FULL,OD,0.0
17011,0,4,ORIGA,64,FULL,OC,0.0
17011,0,4,ORIGA,64,ZERO,OD,0.01906437819800999
17011,0,4,ORIGA,64,ZERO,OC,0.0056799408748418045
17011,0,4,ORIGA,64,HALF,OD,-0.006012664558980418
17011,0,4,ORIGA,64,HALF,OC,-0.00356976413728205
17011,0,5,ORIGA,0,FULL,OD,0.0
17011,0,5,ORIGA,0,FULL,OC,0.0
17011,0,5,ORIGA,0,ZERO,OD,-0.09491333909736
17011,0,5,ORIGA,0,ZERO,OC,-0.11047107205584439
17011,0,5,ORIGA,0,HALF,OD,-0.052949544551992744
17011,0,5,ORIGA,0,HALF,OC,-0.030127287790918444
17011,0,5,ORIGA,8,FULL,OD,0.0
17011,0,5,ORIGA,8,FULL,OC,0.0
17011,0,5,ORIGA,8,ZERO,OD,-0.030290876375232756
17011,0,5,ORIGA,8,ZERO,OC,-0.024284685394462713
17011,0,5,ORIGA,8,HALF,OD,-0.00634672044918716
17011,0,5,ORIGA,8,HALF,OC,-0.003012242157382161
17011,0,5,ORIGA,32,FULL,OD,0.0
17011,0,5,ORIGA,32,FULL,OC,0.0
17011,0,5,ORIGA,32,ZERO,OD,-0.06858084610202297
17011,0,5,ORIGA,32,ZERO,OC,-0.119520204204278
17011,0,5,ORIGA,32,HALF,OD,-0.004914343351302364
17011,0,5,ORIGA,32,HALF,OC,-0.006087362331513191
17011,0,5,ORIGA,64,FULL,OD,0.0
17011,0,5,ORIGA,64,FULL,OC,0.0
17011,0,5,ORIGA,64,ZERO,OD,-0.06427241602571598
17011,0,5,ORIGA,64,ZERO,OC,-0.11483696688809175
17011,0,5,ORIGA,64,HALF,OD,-0.0036776795103321547
17011,0,5,ORIGA,64,HALF,OC,-0.0067039799261294775
17011,0,6,ORIGA,0,FULL,OD,0.0
17011,0,6,ORIGA,0,FULL,OC,0.0
17011,0,6,ORIGA,0,ZERO,OD,-0.0106020613840343
17011,0,6,ORIGA,0,ZERO,OC,-0.13146382390790734
17011,0,6,ORIGA,0,HALF,OD,-0.004885973591328252
17011,0,6,ORIGA,0,HALF,OC,-0.06792089476964236
17011,0,6,ORIGA,8,FULL,OD,0.0
17011,0,6,ORIGA,8,FULL,OC,0.0
17011,0,6,ORIGA,8,ZERO,OD,-0.0005986321854152266
17011,0,6,ORIGA,8,ZERO,OC,0.031465011008094734
17011,0,6,ORIGA,8,HALF,OD,0.006562351242735076
17011,0,6,ORIGA,8,HALF,OC,0.0029652521414647026
17011,0,6,ORIGA,32,FULL,OD,0.0
17011,0,6,ORIGA,32,FULL,OC,0.0
17011,0,6,ORIGA,32,ZERO,OD,-0.018544424645597246
17011,0,6,ORIGA,32,ZERO,OC,-0.011551413668229316
17011,0,6,ORIGA,32,HALF,OD,0.0013468895367196865
17011,0,6,ORIGA,32,HALF,OC,-0.0017109311247622827
17011,0,6,ORIGA,64,FULL,OD,0.0
17011,0,6,ORIGA,64,FULL,OC,0.0
17011,0,6,ORIGA,64,ZERO,OD,-0.00898809675601342
17011,0,6,ORIGA,64,ZERO,OC,-0.0007605281943909858
17011,0,6,ORIGA,64,HALF,OD,0.0010628513254147265
17011,0,6,ORIGA,64,HALF,OC,-0.0009822573031073034
17011,0,7,ORIGA,0,FULL,OD,0.0
17011,0,7,ORIGA,0,FULL,OC,0.0
17011,0,7,ORIGA,0,ZERO,OD,-0.02975935613996228
17011,0,7,ORIGA,0,ZERO,OC,-0.03026812625816433
17011,0,7,ORIGA,0,HALF,OD,-0.01110165725930301
17011,0,7,ORIGA,0,HALF,OC,-0.017294087970384453
17011,0,7,ORIGA,8,FULL,OD,0.0
17011,0,7,ORIGA,8,FULL,OC,0.0
17011,0,7,ORIGA,8,ZERO,OD,0.05382986040228843
17011,0,7,ORIGA,8,ZERO,OC,0.0141951205069617
17011,0,7,ORIGA,8,HALF,OD,0.01906110066272504
17011,0,7,ORIGA,8,HALF,OC,0.006647503942424748
17011,0,7,ORIGA,32,FULL,OD,0.0
17011,0,7,ORIGA,32,FULL,OC,0.0
17011,0,7,ORIGA,32,ZERO,OD,0.04980132647648361
17011,0,7,ORIGA,32,ZERO,OC,0.009922063596363273
17011,0,7,ORIGA,32,HALF,OD,0.01381787351198227
17011,0,7,ORIGA,32,HALF,OC,0.005958472476010002
17011,0,7,ORIGA,64,FULL,OD,0.0
17011,0,7,ORIGA,64,FULL,OC,0.0
17011,0,7,ORIGA,64,ZERO,OD,0.04843132453009957
17011,0,7,ORIGA,64,ZERO,OC,0.011244019238560554
17011,0,7,ORIGA,64,HALF,OD,0.013886042929129871
17011,0,7,ORIGA,64,HALF,OC,0.006212047632033091
17011,0,8,REFUGE_Valid,0,FULL,OD,0.0
17011,0,8,REFUGE_Valid,0,FULL,OC,0.0
17011,0,8,REFUGE_Valid,0,ZERO,OD,0.012739674699261627
17011,0,8,REFUGE_Valid,0,ZERO,OC,0.021230530280419657
17011,0,8,REFUGE_Valid,0,HALF,OD,0.007279314195301367
17011,0,8,REFUGE_Valid,0,HALF,OC,0.012736740276736214
17011,0,8,REFUGE_Valid,8,FULL,OD,0.0
17011,0,8,REFUGE_Valid,8,FULL,OC,0.0
17011,0,8,REFUGE_Valid,8,ZERO,OD,-0.0029152259884313025
17011,0,8,REFUGE_Valid,8,ZERO,OC,0.005276561391767132
17011,0,8,REFUGE_Valid,8,HALF,OD,0.007900697792280198
17011,0,8,REFUGE_Valid,8,HALF,OC,0.008404800780674293
17011,0,8,REFUGE_Valid,32,FULL,OD,0.0
17011,0,8,REFUGE_Valid,32,FULL,OC,0.0
17011,0,8,REFUGE_Valid,32,ZERO,OD,-0.04122544940103978
17011,0,8,REFUGE_Valid,32,ZERO,OC,0.007897682353387836
17011,0,8,REFUGE_Valid,32,HALF,OD,0.006489705877655183
17011,0,8,REFUGE_Valid,32,HALF,OC,0.006083448909500078
17011,0,8,REFUGE_Valid,64,FULL,OD,0.0
17011,0,8,REFUGE_Valid,64,FULL,OC,0.0
17011,0,8,REFUGE_Valid,64,ZERO,OD,-0.04053977436538503
17011,0,8,REFUGE_Valid,64,ZERO,OC,0.00683740892686302
17011,0,8,REFUGE_Valid,64,HALF,OD,0.0050300953454893715
17011,0,8,REFUGE_Valid,64,HALF,OC,0.005685853835316834
17011,0,9,REFUGE_Valid,0,FULL,OD,0.0
17011,0,9,REFUGE_Valid,0,FULL,OC,0.0
17011,0,9,REFUGE_Valid,0,ZERO,OD,-0.02958937879756718
17011,0,9,REFUGE_Valid,0,ZERO,OC,-0.007913369153676797
17011,0,9,REFUGE_Valid,0,HALF,OD,-0.023402879381265507
17011,0,9,REFUGE_Valid,0,HALF,OC,-0.007913369153676797
17011,0,9,REFUGE_Valid,8,FULL,OD,0.0
17011,0,9,REFUGE_Valid,8,FULL,OC,0.0
17011,0,9,REFUGE_Valid,8,ZERO,OD,-0.04921541932841933
17011,0,9,REFUGE_Valid,8,ZERO,OC,-0.002545903057480814
17011,0,9,REFUGE_Valid,8,HALF,OD,-0.016625289488132466
17011,0,9,REFUGE_Valid,8,HALF,OC,0.0009912326652568026
17011,0,9,REFUGE_Valid,32,FULL,OD,0.0
17011,0,9,REFUGE_Valid,32,FULL,OC,0.0
17011,0,9,REFUGE_Valid,32,ZERO,OD,-0.05158932193135968
17011,0,9,REFUGE_Valid,32,ZERO,OC,-0.018390650803468134
17011,0,9,REFUGE_Valid,32,HALF,OD,-0.011639416051494322
17011,0,9,REFUGE_Valid,32,HALF,OC,-0.004389363127060619
17011,0,9,REFUGE_Valid,64,FULL,OD,0.0
17011,0,9,REFUGE_Valid,64,FULL,OC,0.0
17011,0,9,REFUGE_Valid,64,ZERO,OD,-0.046045912707256775
17011,0,9,REFUGE_Valid,64,ZERO,OC,-0.01898394753696664
17011,0,9,REFUGE_Valid,64,HALF,OD,-0.009029490373194449
17011,0,9,REFUGE_Valid,64,HALF,OC,-0.0028375463005119173
17011,0,10,REFUGE_Valid,0,FULL,OD,0.0
17011,0,10,REFUGE_Valid,0,FULL,OC,0.0
17011,0,10,REFUGE_Valid,0,ZERO,OD,-0.004248569491210219
17011,0,10,REFUGE_Valid,0,ZERO,OC,-0.00766052535869477
17011,0,10,REFUGE_Valid,0,HALF,OD,0.0
17011,0,10,REFUGE_Valid,0,HALF,OC,-0.0038306093408237984
17011,0,10,REFUGE_Valid,8,FULL,OD,0.0
17011,0,10,REFUGE_Valid,8,FULL,OC,0.0
17011,0,10,REFUGE_Valid,8,ZERO,OD,-0.0160266304716572
17011,0,10,REFUGE_Valid,8,ZERO,OC,-0.009161003520375743
17011,0,10,REFUGE_Valid,8,HALF,OD,0.001103095113251129
17011,0,10,REFUGE_Valid,8,HALF,OC,0.00203086921746376
17011,0,10,REFUGE_Valid,32,FULL,OD,0.0
17011,0,10,REFUGE_Valid,32,FULL,OC,0.0
17011,0,10,REFUGE_Valid,32,ZERO,OD,-0.029447040081379328
17011,0,10,REFUGE_Valid,32,ZERO,OC,-0.020709076693925965
17011,0,10,REFUGE_Valid,32,HALF,OD,0.0008611311194783866
17011,0,10,REFUGE_Valid,32,HALF,OC,0.0010663015178025148
17011,0,10,REFUGE_Valid,64,FULL,OD,0.0
17011,0,10,REFUGE_Valid,64,FULL,OC,0.0
17011,0,10,REFUGE_Valid,64,ZERO,OD,-0.024419562290972863
17011,0,10,REFUGE_Valid,64,ZERO,OC,-0.017842879453951355
17011,0,10,REFUGE_Valid,64,HALF,OD,0.0006544598113151778
17011,0,10,REFUGE_Valid,64,HALF,OC,0.0008443026857420932
17011,0,11,REFUGE_Valid,0,FULL,OD,0.0
17011,0,11,REFUGE_Valid,0,FULL,OC,0.0
17011,0,11,REFUGE_Valid,0,ZERO,OD,0.03605248050298826
17011,0,11,REFUGE_Valid,0,ZERO,OC,0.027723203810865016
17011,0,11,REFUGE_Valid,0,HALF,OD,0.016219836339899985
17011,0,11,REFUGE_Valid,0,HALF,OC,0.004619198476845554
17011,0,11,REFUGE_Valid,8,FULL,OD,0.0
17011,0,11,REFUGE_Valid,8,FULL,OC,0.0
17011,0,11,REFUGE_Valid,8,ZERO,OD,-0.02440734610631523
17011,0,11,REFUGE_Valid,8,ZERO,OC,-0.014829092595945781
17011,0,11,REFUGE_Valid,8,HALF,OD,-0.009108729087216716
17011,0,11,REFUGE_Valid,8,HALF,OC,-0.014829092595945781
17011,0,11,REFUGE_Valid,32,FULL,OD,0.0
17011,0,11,REFUGE_Valid,32,FULL,OC,0.0
17011,0,11,REFUGE_Valid,32,ZERO,OD,-0.028395346755942796
17011,0,11,REFUGE_Valid,32,ZERO,OC,-0.007509978671137674
17011,0,11,REFUGE_Valid,32,HALF,OD,-0.0050461411422446645
17011,0,11,REFUGE_Valid,32,HALF,OC,-0.005880051175608969
17011,0,11,REFUGE_Valid,64,FULL,OD,0.0
17011,0,11,REFUGE_Valid,64,FULL,OC,0.0
17011,0,11,REFUGE_Valid,64,ZERO,OD,-0.022490637151207693
17011,0,11,REFUGE_Valid,64,ZERO,OC,-0.006593272698538044
17011,0,11,REFUGE_Valid,64,HALF,OD,-0.005429570887784507
17011,0,11,REFUGE_Valid,64,HALF,OC,-0.002666083590881385
17011,0,12,Drishti_GS,0,FULL,OD,0.0
17011,0,12,Drishti_GS,0,FULL,OC,0.0
17011,0,12,Drishti_GS,0,ZERO,OD,-0.026289197982706014
17011,0,12,Drishti_GS,0,ZERO,OC,0.0007185801437827877
17011,0,12,Drishti_GS,0,HALF,OD,-0.00739665912072951
17011,0,12,Drishti_GS,0,HALF,OC,-0.01512789241776602
17011,0,12,Drishti_GS,8,FULL,OD,0.0
17011,0,12,Drishti_GS,8,FULL,OC,0.0
17011,0,12,Drishti_GS,8,ZERO,OD,0.00488150500656559
17011,0,12,Drishti_GS,8,ZERO,OC,-0.002240044016176057
17011,0,12,Drishti_GS,8,HALF,OD,-0.015602372640174167
17011,0,12,Drishti_GS,8,HALF,OC,0.0007430471213325518
17011,0,12,Drishti_GS,32,FULL,OD,0.0
17011,0,12,Drishti_GS,32,FULL,OC,0.0
17011,0,12,Drishti_GS,32,ZERO,OD,0.04769153968013029
17011,0,12,Drishti_GS,32,ZERO,OC,0.004637030249782015
17011,0,12,Drishti_GS,32,HALF,OD,-0.008777670858350461
17011,0,12,Drishti_GS,32,HALF,OC,-0.001264236305871691
17011,0,12,Drishti_GS,64,FULL,OD,0.0
17011,0,12,Drishti_GS,64,FULL,OC,0.0
17011,0,12,Drishti_GS,64,ZERO,OD,0.04433709860602164
17011,0,12,Drishti_GS,64,ZERO,OC,0.012733686610246764
17011,0,12,Drishti_GS,64,HALF,OD,-0.006865002069389448
17011,0,12,Drishti_GS,64,HALF,OC,-6.302286232084953e-05
17011,0,13,Drishti_GS,0,FULL,OD,0.0
17011,0,13,Drishti_GS,0,FULL,OC,0.0
17011,0,13,Drishti_GS,0,ZERO,OD,-0.009334439752890944
17011,0,13,Drishti_GS,0,ZERO,OC,-0.003778457736594021
17011,0,13,Drishti_GS,0,HALF,OD,-0.002666820008826676
17011,0,13,Drishti_GS,0,HALF,OC,-0.007557113869509635
17011,0,13,Drishti_GS,8,FULL,OD,0.0
17011,0,13,Drishti_GS,8,FULL,OC,0.0
17011,0,13,Drishti_GS,8,ZERO,OD,0.0010162722502684574
17011,0,13,Drishti_GS,8,ZERO,OC,-0.027231560634845664
17011,0,13,Drishti_GS,8,HALF,OD,-0.003986993374127223
17011,0,13,Drishti_GS,8,HALF,OC,-0.009985742250322005
17011,0,13,Drishti_GS,32,FULL,OD,0.0
17011,0,13,Drishti_GS,32,FULL,OC,0.0
17011,0,13,Drishti_GS,32,ZERO,OD,0.0007308288855512046
17011,0,13,Drishti_GS,32,ZERO,OC,-0.017458368459188023
17011,0,13,Drishti_GS,32,HALF,OD,-0.003172263805922171
17011,0,13,Drishti_GS,32,HALF,OC,-0.0068818651502340344
17011,0,14,Drishti_GS,0,FULL,OD,0.0
17011,0,14,Drishti_GS,0,FULL,OC,0.0
17011,0,14,Drishti_GS,0,ZERO,OD,0.008287133815201742
17011,0,14,Drishti_GS,0,ZERO,OC,0.008234186053030612
17011,0,14,Drishti_GS,0,HALF,OD,0.004143724302082319
17011,0,14,Drishti_GS,0,HALF,OC,0.004117214142425496
17011,0,14,Drishti_GS,8,FULL,OD,0.0
17011,0,14,Drishti_GS,8,FULL,OC,0.0
17011,0,14,Drishti_GS,8,ZERO,OD,-0.006107491802666232
17011,0,14,Drishti_GS,8,ZERO,OC,0.01900666408054974
17011,0,14,Drishti_GS,8,HALF,OD,0.004495109883464465
17011,0,14,Drishti_GS,8,HALF,OC,0.012582464508824387
17011,0,15,Drishti_GS,0,FULL,OD,0.0
17011,0,15,Drishti_GS,0,FULL,OC,0.0
17011,0,15,Drishti_GS,0,ZERO,OD,-0.010304041259814767
17011,0,15,Drishti_GS,0,ZERO,OC,-0.004618873088773512
17011,0,15,Drishti_GS,0,HALF,OD,-0.007727856866580396
17011,0,15,Drishti_GS,0,HALF,OC,-0.004618873088773512
17011,1,0,Drishti_GS,0,FULL,OD,0.0
17011,1,0,Drishti_GS,0,FULL,OC,0.0
17011,1,0,Drishti_GS,0,ZERO,OD,-0.036610397726619226
17011,1,0,Drishti_GS,0,ZERO,OC,0.0024395070222311688
17011,1,0,Drishti_GS,0,HALF,OD,-0.01996634090770044
17011,1,0,Drishti_GS,0,HALF,OC,-0.004166542328505329
17011,1,0,Drishti_GS,8,FULL,OD,0.0
17011,1,0,Drishti_GS,8,FULL,OC,0.0
17011,1,0,Drishti_GS,8,ZERO,OD,-0.04710654978313755
17011,1,0,Drishti_GS,8,ZERO,OC,-0.006194635445709196
17011,1,0,Drishti_GS,8,HALF,OD,-0.026069413245323858
17011,1,0,Drishti_GS,8,HALF,OC,0.0007072868202868676
17011,1,0,Drishti_GS,32,FULL,OD,0.0
17011,1,0,Drishti_GS,32,FULL,OC,0.0
17011,1,0,Drishti_GS,32,ZERO,OD,-0.04916670177186688
17011,1,0,Drishti_GS,32,ZERO,OC,-0.01105428782675233
17011,1,0,Drishti_GS,32,HALF,OD,-0.01740554924064952
17011,1,0,Drishti_GS,32,HALF,OC,-0.008265972067817984
17011,1,0,Drishti_GS,64,FULL,OD,0.0
17011,1,0,Drishti_GS,64,FULL,OC,0.0
17011,1,0,Drishti_GS,64,ZERO,OD,-0.0517129434621495
17011,1,0,Drishti_GS,64,ZERO,OC,-0.01956373367502806
17011,1,0,Drishti_GS,64,HALF,OD,-0.016053824223817514
17011,1,0,Drishti_GS,64,HALF,OC,-0.0071337283332724155
17011,1,1,Drishti_GS,0,FULL,OD,0.0
17011,1,1,Drishti_GS,0,FULL,OC,0.0
17011,1,1,Drishti_GS,0,ZERO,OD,-0.03524785854861534
17011,1,1,Drishti_GS,0,ZERO,OC,-0.012425983493635329
17011,1,1,Drishti_GS,0,HALF,OD,-0.02114606042319167
17011,1,1,Drishti_GS,0,HALF,OC,-0.01656843341849168
17011,1,1,Drishti_GS,8,FULL,OD,0.0
17011,1,1,Drishti_GS,8,FULL,OC,0.0
17011,1,1,Drishti_GS,8,ZERO,OD,-0.03623958291763074
17011,1,1,Drishti_GS,8,ZERO,OC,-0.04662956313945443
17011,1,1,Drishti_GS,8,HALF,OD,-0.015109921896581113
17011,1,1,Drishti_GS,8,HALF,OC,-0.015165078096757156
17011,1,1,Drishti_GS,32,FULL,OD,0.0
17011,1,1,Drishti_GS,32,FULL,OC,0.0
17011,1,1,Drishti_GS,32,ZERO,OD,-0.035207206440617256
17011,1,1,Drishti_GS,32,ZERO,OC,-0.05434899760949463
17011,1,1,Drishti_GS,32,HALF,OD,-0.015768505543306333
17011,1,1,Drishti_GS,32,HALF,OC,-0.010885343546767956
17011,1,1,Drishti_GS,64,FULL,OD,0.0
17011,1,1,Drishti_GS,64,FULL,OC,0.0
17011,1,1,Drishti_GS,64,ZERO,OD,-0.013404164687969455
17011,1,1,Drishti_GS,64,ZERO,OC,-0.01741110721803807
17011,1,1,Drishti_GS,64,HALF,OD,-0.0038651511575551467
17011,1,1,Drishti_GS,64,HALF,OC,0.0034722875390755803
17011,1,2,Drishti_GS,0,FULL,OD,0.0
17011,1,2,Drishti_GS,0,FULL,OC,0.0
17011,1,2,Drishti_GS,0,ZERO,OD,-0.008700730976983095
17011,1,2,Drishti_GS,0,ZERO,OC,0.026670249160481774
17011,1,2,Drishti_GS,0,HALF,OD,-0.007250515076577813
17011,1,2,Drishti_GS,0,HALF,OC,0.013336347425223494
17011,1,2,Drishti_GS,8,FULL,OD,0.0
17011,1,2,Drishti_GS,8,FULL,OC,0.0
17011,1,2,Drishti_GS,8,ZERO,OD,0.02932549754120828
17011,1,2,Drishti_GS,8,ZERO,OC,0.02751185055298322
17011,1,2,Drishti_GS,8,HALF,OD,-0.0030878058088461557
17011,1,2,Drishti_GS,8,HALF,OC,0.00843810648891008
17011,1,2,Drishti_GS,32,FULL,OD,0.0
17011,1,2,Drishti_GS,32,FULL,OC,0.0
17011,1,2,Drishti_GS,32,ZERO,OD,0.008412717647942713
17011,1,2,Drishti_GS,32,ZERO,OC,-0.012379620086512944
17011,1,2,Drishti_GS,32,HALF,OD,-0.0033031928109750197
17011,1,2,Drishti_GS,32,HALF,OC,-0.0010389421275007749
17011,1,2,Drishti_GS,64,FULL,OD,0.0
17011,1,2,Drishti_GS,64,FULL,OC,0.0
17011,1,2,Drishti_GS,64,ZERO,OD,-0.017472359321118347
17011,1,2,Drishti_GS,64,ZERO,OC,-0.026675043559151845
17011,1,2,Drishti_GS,64,HALF,OD,0.002364985709874645
17011,1,2,Drishti_GS,64,HALF,OC,0.004263236890501787
17011,1,3,Drishti_GS,0,FULL,OD,0.0
17011,1,3,Drishti_GS,0,FULL,OC,0.0
17011,1,3,Drishti_GS,0,ZERO,OD,-0.07105592181376608
17011,1,3,Drishti_GS,0,ZERO,OC,-0.08277457803923483
17011,1,3,Drishti_GS,0,HALF,OD,-0.03621397947735261
17011,1,3,Drishti_GS,0,HALF,OC,-0.045652057581506256
17011,1,3,Drishti_GS,8,FULL,OD,0.0
17011,1,3,Drishti_GS,8,FULL,OC,0.0
17011,1,3,Drishti_GS,8,ZERO,OD,0.005152949706214827
17011,1,3,Drishti_GS,8,ZERO,OC,0.016090626350255377
17011,1,3,Drishti_GS,8,HALF,OD,0.011528199380535398
17011,1,3,Drishti_GS,8,HALF,OC,0.015370956221339327
17011,1,3,Drishti_GS,32,FULL,OD,0.0
17011,1,3,Drishti_GS,32,FULL,OC,0.0
17011,1,3,Drishti_GS,32,ZERO,OD,0.0014724248321869027
17011,1,3,Drishti_GS,32,ZERO,OC,0.0005988266702274814
17011,1,3,Drishti_GS,32,HALF,OD,0.011557850409232628
17011,1,3,Drishti_GS,32,HALF,OC,0.011428769804027183
17011,1,3,Drishti_GS,64,FULL,OD,0.0
17011,1,3,Drishti_GS,64,FULL,OC,0.0
17011,1,3,Drishti_GS,64,ZERO,OD,0.026378389233983057
17011,1,3,Drishti_GS,64,ZERO,OC,0.0179891447522067
17011,1,3,Drishti_GS,64,HALF,OD,0.015748546415693454
17011,1,3,Drishti_GS,64,HALF,OC,0.010565958030227307
17011,1,4,REFUGE_Valid,0,FULL,OD,0.0
17011,1,4,REFUGE_Valid,0,FULL,OC,0.0
17011,1,4,REFUGE_Valid,0,ZERO,OD,0.008446786213042401
17011,1,4,REFUGE_Valid,0,ZERO,OC,0.010198066439215836
17011,1,4,REFUGE_Valid,0,HALF,OD,0.006334933195319081
17011,1,4,REFUGE_Valid,0,HALF,OC,0.015298140348619427
17011,1,4,REFUGE_Valid,8,FULL,OD,0.0
17011,1,4,REFUGE_Valid,8,FULL,OC,0.0
17011,1,4,REFUGE_Valid,8,ZERO,OD,0.01516237203027515
17011,1,4,REFUGE_Valid,8,ZERO,OC,0.00018491116121310824
17011,1,4,REFUGE_Valid,8,HALF,OD,0.005560984668946389
17011,1,4,REFUGE_Valid,8,HALF,OC,0.00010718608510273953
17011,1,4,REFUGE_Valid,32,FULL,OD,0.0
17011,1,4,REFUGE_Valid,32,FULL,OC,0.0
17011,1,4,REFUGE_Valid,32,ZERO,OD,0.0230948907127555
17011,1,4,REFUGE_Valid,32,ZERO,OC,0.015891952461224435
17011,1,4,REFUGE_Valid,32,HALF,OD,0.0036395626907648193
17011,1,4,REFUGE_Valid,32,HALF,OC,0.001680428429168046
17011,1,4,REFUGE_Valid,64,FULL,OD,0.0
17011,1,4,REFUGE_Valid,64,FULL,OC,0.0
17011,1,4,REFUGE_Valid,64,ZERO,OD,0.027211531287747448
17011,1,4,REFUGE_Valid,64,ZERO,OC,0.01907493818346495
17011,1,4,REFUGE_Valid,64,HALF,OD,0.003369190304397307
17011,1,4,REFUGE_Valid,64,HALF,OC,0.001873034409157981
17011,1,5,REFUGE_Valid,0,FULL,OD,0.0
17011,1,5,REFUGE_Valid,0,FULL,OC,0.0
17011,1,5,REFUGE_Valid,0,ZERO,OD,0.03265461912789647
17011,1,5,REFUGE_Valid,0,ZERO,OC,0.034735865925512144
17011,1,5,REFUGE_Valid,0,HALF,OD,0.013734997721215336
17011,1,5,REFUGE_Valid,0,HALF,OC,0.009920263770666793
17011,1,5,REFUGE_Valid,8,FULL,OD,0.0
17011,1,5,REFUGE_Valid,8,FULL,OC,0.0
17011,1,5,REFUGE_Valid,8,ZERO,OD,0.046540390028425804
17011,1,5,REFUGE_Valid,8,ZERO,OC,0.013797701758242908
17011,1,5,REFUGE_Valid,8,HALF,OD,0.011850115587364485
17011,1,5,REFUGE_Valid,8,HALF,OC,0.018473818316657287
17011,1,5,REFUGE_Valid,32,FULL,OD,0.0
17011,1,5,REFUGE_Valid,32,FULL,OC,0.0
17011,1,5,REFUGE_Valid,32,ZERO,OD,0.020797697124606884
17011,1,5,REFUGE_Valid,32,ZERO,OC,0.013362310950384426
17011,1,5,REFUGE_Valid,32,HALF,OD,0.010436606962244355
17011,1,5,REFUGE_Valid,32,HALF,OC,0.007675434870861864
17011,1,5,REFUGE_Valid,64,FULL,OD,0.0
17011,1,5,REFUGE_Valid,64,FULL,OC,0.0
17011,1,5,REFUGE_Valid,64,ZERO,OD,0.017144602996879144
17011,1,5,REFUGE_Valid,64,ZERO,OC,0.008474838198779366
17011,1,5,REFUGE_Valid,64,HALF,OD,0.010081431871199698
17011,1,5,REFUGE_Valid,64,HALF,OC,0.008171624654366383
17011,1,6,REFUGE_Valid,0,FULL,OD,0.0
17011,1,6,REFUGE_Valid,0,FULL,OC,0.0
17011,1,6,REFUGE_Valid,0,ZERO,OD,0.020267890752123208
17011,1,6,REFUGE_Valid,0,ZERO,OC,0.01614910779287726
17011,1,6,REFUGE_Valid,0,HALF,OD,0.01215951743463961
17011,1,6,REFUGE_Valid,0,HALF,OC,0.0
17011,1,6,REFUGE_Valid,8,FULL,OD,0.0
17011,1,6,REFUGE_Valid,8,FULL,OC,0.0
17011,1,6,REFUGE_Valid,8,ZERO,OD,0.017093940265979768
17011,1,6,REFUGE_Valid,8,ZERO,OC,-0.009769018969926435
17011,1,6,REFUGE_Valid,8,HALF,OD,0.005823304531133999
17011,1,6,REFUGE_Valid,8,HALF,OC,0.0017024938535996625
17011,1,6,REFUGE_Valid,32,FULL,OD,0.0
17011,1,6,REFUGE_Valid,32,FULL,OC,0.0
17011,1,6,REFUGE_Valid,32,ZERO,OD,0.029967748685322704
17011,1,6,REFUGE_Valid,32,ZERO,OC,0.010002179452641258
17011,1,6,REFUGE_Valid,32,HALF,OD,0.010551557272833634
17011,1,6,REFUGE_Valid,32,HALF,OC,0.005853531427149505
17011,1,6,REFUGE_Valid,64,FULL,OD,0.0
17011,1,6,REFUGE_Valid,64,FULL,OC,0.0
17011,1,6,REFUGE_Valid,64,ZERO,OD,0.0212378174128105
17011,1,6,REFUGE_Valid,64,ZERO,OC,0.009787023148241758
17011,1,6,REFUGE_Valid,64,HALF,OD,0.010140996583061224
17011,1,6,REFUGE_Valid,64,HALF,OC,0.006439458383653118
17011,1,7,REFUGE_Valid,0,FULL,OD,0.0
17011,1,7,REFUGE_Valid,0,FULL,OC,0.0
17011,1,7,REFUGE_Valid,0,ZERO,OD,-0.049077464108037816
17011,1,7,REFUGE_Valid,0,ZERO,OC,0.0889333151521754
17011,1,7,REFUGE_Valid,0,HALF,OD,-0.024491765415490363
17011,1,7,REFUGE_Valid,0,HALF,OC,0.024794949346727435
17011,1,7,REFUGE_Valid,8,FULL,OD,0.0
17011,1,7,REFUGE_Valid,8,FULL,OC,0.0
17011,1,7,REFUGE_Valid,8,ZERO,OD,-0.03636560443933945
17011,1,7,REFUGE_Valid,8,ZERO,OC,-0.017774280254194252
17011,1,7,REFUGE_Valid,8,HALF,OD,-0.011176077648030969
17011,1,7,REFUGE_Valid,8,HALF,OC,-0.00958193746661351
17011,1,7,REFUGE_Valid,32,FULL,OD,0.0
17011,1,7,REFUGE_Valid,32,FULL,OC,0.0
17011,1,7,REFUGE_Valid,32,ZERO,OD,-0.033617807559807034
17011,1,7,REFUGE_Valid,32,ZERO,OC,-0.03278392280722642
17011,1,7,REFUGE_Valid,32,HALF,OD,-0.00843461776452159
17011,1,7,REFUGE_Valid,32,HALF,OC,-0.01371731714960589
17011,1,7,REFUGE_Valid,64,FULL,OD,0.0
17011,1,7,REFUGE_Valid,64,FULL,OC,0.0
17011,1,7,REFUGE_Valid,64,ZERO,OD,-0.03504192601062073
17011,1,7,REFUGE_Valid,64,ZERO,OC,-0.05684290735706554
17011,1,7,REFUGE_Valid,64,HALF,OD,-0.008069830396038924
17011,1,7,REFUGE_Valid,64,HALF,OC,-0.016633089851467275
17011,1,8,ORIGA,0,FULL,OD,0.0
17011,1,8,ORIGA,0,FULL,OC,0.0
17011,1,8,ORIGA,0,ZERO,OD,-0.015063305556438422
17011,1,8,ORIGA,0,ZERO,OC,0.08897350899507472
17011,1,8,ORIGA,0,HALF,OD,-0.0021189904273484217
17011,1,8,ORIGA,0,HALF,OC,0.04801237240841516
17011,1,8,ORIGA,8,FULL,OD,0.0
17011,1,8,ORIGA,8,FULL,OC,0.0
17011,1,8,ORIGA,8,ZERO,OD,-0.018522745038652033
17011,1,8,ORIGA,8,ZERO,OC,-0.04233395486666325
17011,1,8,ORIGA,8,HALF,OD,-0.013052053662590879
17011,1,8,ORIGA,8,HALF,OC,-0.02919071918304894
17011,1,8,ORIGA,32,FULL,OD,0.0
17011,1,8,ORIGA,32,FULL,OC,0.0
17011,1,8,ORIGA,32,ZERO,OD,-0.01334409306463158
17011,1,8,ORIGA,32,ZERO,OC,-0.01902240159348878
17011,1,8,ORIGA,32,HALF,OD,-0.011496735098717181
17011,1,8,ORIGA,32,HALF,OC,-0.015421366144835247
17011,1,8,ORIGA,64,FULL,OD,0.0
17011,1,8,ORIGA,64,FULL,OC,0.0
17011,1,8,ORIGA,64,ZERO,OD,-0.014758324014493951
17011,1,8,ORIGA,64,ZERO,OC,-0.0066165726281042225
17011,1,8,ORIGA,64,HALF,OD,-0.010264329518776094
17011,1,8,ORIGA,64,HALF,OC,-0.010710149359347554
17011,1,9,ORIGA,0,FULL,OD,0.0
17011,1,9,ORIGA,0,FULL,OC,0.0
17011,1,9,ORIGA,0,ZERO,OD,-0.04015652382595647
17011,1,9,ORIGA,0,ZERO,OC,-0.12623853713725453
17011,1,9,ORIGA,0,HALF,OD,-0.015211356509738039
17011,1,9,ORIGA,0,HALF,OC,-0.07045969215633363
17011,1,9,ORIGA,8,FULL,OD,0.0
17011,1,9,ORIGA,8,FULL,OC,0.0
17011,1,9,ORIGA,8,ZERO,OD,-0.02798407526414337
17011,1,9,ORIGA,8,ZERO,OC,-0.08051312985693926
17011,1,9,ORIGA,8,HALF,OD,-0.007248463235058011
17011,1,9,ORIGA,8,HALF,OC,-0.023520132959760076
17011,1,9,ORIGA,32,FULL,OD,0.0
17011,1,9,ORIGA,32,FULL,OC,0.0
17011,1,9,ORIGA,32,ZERO,OD,-0.053530298257769005
17011,1,9,ORIGA,32,ZERO,OC,-0.14128972615615965
17011,1,9,ORIGA,32,HALF,OD,-0.006299924365890774
17011,1,9,ORIGA,32,HALF,OC,-0.014476532357790006
17011,1,9,ORIGA,64,FULL,OD,0.0
17011,1,9,ORIGA,64,FULL,OC,0.0
17011,1,9,ORIGA,64,ZERO,OD,-0.052428694336754234
17011,1,9,ORIGA,64,ZERO,OC,-0.14804886873461953
17011,1,9,ORIGA,64,HALF,OD,-0.006512502691663258
17011,1,9,ORIGA,64,HALF,OC,-0.014427768764292637
17011,1,10,ORIGA,0,FULL,OD,0.0
17011,1,10,ORIGA,0,FULL,OC,0.0
17011,1,10,ORIGA,0,ZERO,OD,-0.035375574135116494
17011,1,10,ORIGA,0,ZERO,OC,-0.08042564944324937
17011,1,10,ORIGA,0,HALF,OD,-0.020272914970661304
17011,1,10,ORIGA,0,HALF,OC,-0.03593131342169187
17011,1,10,ORIGA,8,FULL,OD,0.0
17011,1,10,ORIGA,8,FULL,OC,0.0
17011,1,10,ORIGA,8,ZERO,OD,-0.018808952121005973
17011,1,10,ORIGA,8,ZERO,OC,-0.020946962148656212
17011,1,10,ORIGA,8,HALF,OD,-0.009888238140177918
17011,1,10,ORIGA,8,HALF,OC,-0.0034877702092188656
17011,1,10,ORIGA,32,FULL,OD,0.0
17011,1,10,ORIGA,32,FULL,OC,0.0
17011,1,10,ORIGA,32,ZERO,OD,-0.014533902034798984
17011,1,10,ORIGA,32,ZERO,OC,-0.048893203674481356
17011,1,10,ORIGA,32,HALF,OD,-0.001881587435505594
17011,1,10,ORIGA,32,HALF,OC,-0.005158040777828887
17011,1,10,ORIGA,64,FULL,OD,0.0
17011,1,10,ORIGA,64,FULL,OC,0.0
17011,1,10,ORIGA,64,ZERO,OD,-0.007916929404643724
17011,1,10,ORIGA,64,ZERO,OC,-0.03313288074534171
17011,1,10,ORIGA,64,HALF,OD,0.000686809728236426
17011,1,10,ORIGA,64,HALF,OC,-0.0024952843372574307
17011,1,11,ORIGA,0,FULL,OD,0.0
17011,1,11,ORIGA,0,FULL,OC,0.0
17011,1,11,ORIGA,0,ZERO,OD,-0.005914461113192715
17011,1,11,ORIGA,0,ZERO,OC,-0.008587075279521628
17011,1,11,ORIGA,0,HALF,OD,-0.0011975163426996005
17011,1,11,ORIGA,0,HALF,OC,0.007490980439968098
17011,1,11,ORIGA,8,FULL,OD,0.0
17011,1,11,ORIGA,8,FULL,OC,0.0
17011,1,11,ORIGA,8,ZERO,OD,0.020514033636970908
17011,1,11,ORIGA,8,ZERO,OC,-0.02237291359259075
17011,1,11,ORIGA,8,HALF,OD,0.008845641361688195
17011,1,11,ORIGA,8,HALF,OC,-0.01203357333631061
17011,1,11,ORIGA,32,FULL,OD,0.0
17011,1,11,ORIGA,32,FULL,OC,0.0
17011,1,11,ORIGA,32,ZERO,OD,0.01212344522183173
17011,1,11,ORIGA,32,ZERO,OC,-0.003837813744226537
17011,1,11,ORIGA,32,HALF,OD,0.004523279262087954
17011,1,11,ORIGA,32,HALF,OC,-0.006470750162705485
17011,1,11,ORIGA,64,FULL,OD,0.0
17011,1,11,ORIGA,64,FULL,OC,0.0
17011,1,11,ORIGA,64,ZERO,OD,0.008611734932685522
17011,1,11,ORIGA,64,ZERO,OC,0.013945791997755919
17011,1,11,ORIGA,64,HALF,OD,0.003228794204062524
17011,1,11,ORIGA,64,HALF,OC,0.004503983755384411
17011,1,12,REFUGE,0,FULL,OD,0.0
17011,1,12,REFUGE,0,FULL,OC,0.0
17011,1,12,REFUGE,0,ZERO,OD,-0.010256504381203513
17011,1,12,REFUGE,0,ZERO,OC,-0.009553385959407024
17011,1,12,REFUGE,0,HALF,OD,-0.007326315309711617
17011,1,12,REFUGE,0,HALF,OC,-0.009553385959407024
17011,1,12,REFUGE,8,FULL,OD,0.0
17011,1,12,REFUGE,8,FULL,OC,0.0
17011,1,12,REFUGE,8,ZERO,OD,-0.027670381719190118
17011,1,12,REFUGE,8,ZERO,OC,-0.09016695131663255
17011,1,12,REFUGE,8,HALF,OD,-0.0016382192183357347
17011,1,12,REFUGE,8,HALF,OC,-0.0035142736270756814
17011,1,12,REFUGE,32,FULL,OD,0.0
17011,1,12,REFUGE,32,FULL,OC,0.0
17011,1,12,REFUGE,32,ZERO,OD,-0.03890274411742212
17011,1,12,REFUGE,32,ZERO,OC,-0.10673823869683474
17011,1,12,REFUGE,32,HALF,OD,-0.004887363103989628
17011,1,12,REFUGE,32,HALF,OC,-0.005506980713732901
17011,1,12,REFUGE,64,FULL,OD,0.0
17011,1,12,REFUGE,64,FULL,OC,0.0
17011,1,12,REFUGE,64,ZERO,OD,-0.03935680807552444
17011,1,12,REFUGE,64,ZERO,OC,-0.10243773638947573
17011,1,12,REFUGE,64,HALF,OD,-0.0034448299487763734
17011,1,12,REFUGE,64,HALF,OC,-0.005073005044707202
17011,1,13,REFUGE,0,FULL,OD,0.0
17011,1,13,REFUGE,0,FULL,OC,0.0
17011,1,13,REFUGE,0,ZERO,OD,0.0
17011,1,13,REFUGE,0,ZERO,OC,0.00761231679859975
17011,1,13,REFUGE,0,HALF,OD,0.0
17011,1,13,REFUGE,0,HALF,OC,0.00761231679859975
17011,1,13,REFUGE,8,FULL,OD,0.0
17011,1,13,REFUGE,8,FULL,OC,0.0
17011,1,13,REFUGE,8,ZERO,OD,0.0002765176098051825
17011,1,13,REFUGE,8,ZERO,OC,0.0016366340173163962
17011,1,13,REFUGE,8,HALF,OD,0.004139375520679778
17011,1,13,REFUGE,8,HALF,OC,-0.004192594736252886
17011,1,13,REFUGE,32,FULL,OD,0.0
17011,1,13,REFUGE,32,FULL,OC,0.0
17011,1,13,REFUGE,32,ZERO,OD,-0.003952884076326768
17011,1,13,REFUGE,32,ZERO,OC,0.0002057452961139461
17011,1,13,REFUGE,32,HALF,OD,0.0025912511503349833
17011,1,13,REFUGE,32,HALF,OC,-0.0019508769695306682
17011,1,13,REFUGE,64,FULL,OD,0.0
17011,1,13,REFUGE,64,FULL,OC,0.0
17011,1,13,REFUGE,64,ZERO,OD,-0.0038360029905391
17011,1,13,REFUGE,64,ZERO,OC,-0.002873268910420279
17011,1,13,REFUGE,64,HALF,OD,0.0013369884445921798
17011,1,13,REFUGE,64,HALF,OC,-0.0007593470699589489
17011,1,14,REFUGE,0,FULL,OD,0.0
17011,1,14,REFUGE,0,FULL,OC,0.0
17011,1,14,REFUGE,0,ZERO,OD,0.01724721362124626
17011,1,14,REFUGE,0,ZERO,OC,0.07354987446443317
17011,1,14,REFUGE,0,HALF,OD,0.008726026975082846
17011,1,14,REFUGE,0,HALF,OC,0.03169951592276732
17011,1,14,REFUGE,8,FULL,OD,0.0
17011,1,14,REFUGE,8,FULL,OC,0.0
17011,1,14,REFUGE,8,ZERO,OD,0.01041042349277177
17011,1,14,REFUGE,8,ZERO,OC,0.039328184370660324
17011,1,14,REFUGE,8,HALF,OD,0.00487092168378922
17011,1,14,REFUGE,8,HALF,OC,0.00313406097080815
17011,1,14,REFUGE,32,FULL,OD,0.0
17011,1,14,REFUGE,32,FULL,OC,0.0
17011,1,14,REFUGE,32,ZERO,OD,0.027929992295753436
17011,1,14,REFUGE,32,ZERO,OC,0.06255309823957589
17011,1,14,REFUGE,32,HALF,OD,0.0036614697122558937
17011,1,14,REFUGE,32,HALF,OC,0.007950748334891955
17011,1,14,REFUGE,64,FULL,OD,0.0
17011,1,14,REFUGE,64,FULL,OC,0.0
17011,1,14,REFUGE,64,ZERO,OD,0.022649481251605152
17011,1,14,REFUGE,64,ZERO,OC,0.048765099565471814
17011,1,14,REFUGE,64,HALF,OD,0.0018227589580703807
17011,1,14,REFUGE,64,HALF,OC,0.0045340077945752455
17011,1,15,REFUGE,0,FULL,OD,0.0
17011,1,15,REFUGE,0,FULL,OC,0.0
17011,1,15,REFUGE,0,ZERO,OD,-0.005429821659930667
17011,1,15,REFUGE,0,ZERO,OC,-0.005752468931618182
17011,1,15,REFUGE,0,HALF,OD,-0.007227158214817564
17011,1,15,REFUGE,0,HALF,OC,-0.005752468931618182
29009,0,0,REFUGE,0,FULL,OD,0.0
29009,0,0,REFUGE,0,FULL,OC,0.0
29009,0,0,REFUGE,0,ZERO,OD,-0.020956530902040527
29009,0,0,REFUGE,0,ZERO,OC,0.006199771890877059
29009,0,0,REFUGE,0,HALF,OD,-0.010635604424777512
29009,0,0,REFUGE,0,HALF,OC,0.013304064391675752
29009,0,0,REFUGE,8,FULL,OD,0.0
29009,0,0,REFUGE,8,FULL,OC,0.0
29009,0,0,REFUGE,8,ZERO,OD,-0.01839505276241482
29009,0,0,REFUGE,8,ZERO,OC,-0.011440360562886553
29009,0,0,REFUGE,8,HALF,OD,-0.0013427425349163968
29009,0,0,REFUGE,8,HALF,OC,-0.02541974715306594
29009,0,0,REFUGE,32,FULL,OD,0.0
29009,0,0,REFUGE,32,FULL,OC,0.0
29009,0,0,REFUGE,32,ZERO,OD,-0.028558229535164514
29009,0,0,REFUGE,32,ZERO,OC,0.014472761113509591
29009,0,0,REFUGE,32,HALF,OD,-0.0007620980272662337
29009,0,0,REFUGE,32,HALF,OC,-0.012177216016553416
29009,0,0,REFUGE,64,FULL,OD,0.0
29009,0,0,REFUGE,64,FULL,OC,0.0
29009,0,0,REFUGE,64,ZERO,OD,-0.03587428030347439
29009,0,0,REFUGE,64,ZERO,OC,0.0063496264348827935
29009,0,0,REFUGE,64,HALF,OD,-0.0031102129757840657
29009,0,0,REFUGE,64,HALF,OC,-0.008239390962287985
29009,0,1,REFUGE,0,FULL,OD,0.0
29009,0,1,REFUGE,0,FULL,OC,0.0
29009,0,1,REFUGE,0,ZERO,OD,0.013644266238912905
29009,0,1,REFUGE,0,ZERO,OC,0.030456779009483625
29009,0,1,REFUGE,0,HALF,OD,0.0048214712856662345
29009,0,1,REFUGE,0,HALF,OC,0.007878729727437417
29009,0,1,REFUGE,8,FULL,OD,0.0
29009,0,1,REFUGE,8,FULL,OC,0.0
29009,0,1,REFUGE,8,ZERO,OD,0.009868452041644105
29009,0,1,REFUGE,8,ZERO,OC,-0.0014418536611913169
29009,0,1,REFUGE,8,HALF,OD,-6.435885040900757e-05
29009,0,1,REFUGE,8,HALF,OC,-0.014635363019678493
29009,0,1,REFUGE,32,FULL,OD,0.0
29009,0,1,REFUGE,32,FULL,OC,0.0
29009,0,1,REFUGE,32,ZERO,OD,0.012580558328423308
29009,0,1,REFUGE,32,ZERO,OC,0.003489693740277744
29009,0,1,REFUGE,32,HALF,OD,-0.000562163289131945
29009,0,1,REFUGE,32,HALF,OC,-0.006934121568420437
29009,0,1,REFUGE,64,FULL,OD,0.0
29009,0,1,REFUGE,64,FULL,OC,0.0
29009,0,1,REFUGE,64,ZERO,OD,0.013023057930141135
29009,0,1,REFUGE,64,ZERO,OC,0.005611327728274773
29009,0,1,REFUGE,64,HALF,OD,-0.0007115351723285812
29009,0,1,REFUGE,64,HALF,OC,-0.005506432382858861
29009,0,2,REFUGE,0,FULL,OD,0.0
29009,0,2,REFUGE,0,FULL,OC,0.0
29009,0,2,REFUGE,0,ZERO,OD,-0.04189098972496197
29009,0,2,REFUGE,0,ZERO,OC,-0.030670142616173734
29009,0,2,REFUGE,0,HALF,OD,-0.021939157475713955
29009,0,2,REFUGE,0,HALF,OC,-0.009479306292149658
29009,0,2,REFUGE,8,FULL,OD,0.0
29009,0,2,REFUGE,8,FULL,OC,0.0
29009,0,2,REFUGE,8,ZERO,OD,-0.005588617316632849
29009,0,2,REFUGE,8,ZERO,OC,0.02802001392339548
29009,0,2,REFUGE,8,HALF,OD,0.004014535511416284
29009,0,2,REFUGE,8,HALF,OC,0.0022315048319114794
29009,0,2,REFUGE,32,FULL,OD,0.0
29009,0,2,REFUGE,32,FULL,OC,0.0
29009,0,2,REFUGE,32,ZERO,OD,-0.025469257906280518
29009,0,2,REFUGE,32,ZERO,OC,0.011475247856637338
29009,0,2,REFUGE,32,HALF,OD,-0.0012613926344045012
29009,0,2,REFUGE,32,HALF,OC,0.0007495576693230532
29009,0,2,REFUGE,64,FULL,OD,0.0
29009,0,2,REFUGE,64,FULL,OC,0.0
29009,0,2,REFUGE,64,ZERO,OD,-0.020354090918942802
29009,0,2,REFUGE,64,ZERO,OC,0.004918802056224081
29009,0,2,REFUGE,64,HALF,OD,-0.0006947742170808624
29009,0,2,REFUGE,64,HALF,OC,0.0029935983242950215
29009,0,3,REFUGE,0,FULL,OD,0.0
29009,0,3,REFUGE,0,FULL,OC,0.0
29009,0,3,REFUGE,0,ZERO,OD,-0.01061273565100862
29009,0,3,REFUGE,0,ZERO,OC,0.003371149441747434
29009,0,3,REFUGE,0,HALF,OD,-0.0017265473891399097
29009,0,3,REFUGE,0,HALF,OC,0.0
29009,0,3,REFUGE,8,FULL,OD,0.0
29009,0,3,REFUGE,8,FULL,OC,0.0
29009,0,3,REFUGE,8,ZERO,OD,0.042306747163806335
29009,0,3,REFUGE,8,ZERO,OC,0.00642995193938134
29009,0,3,REFUGE,8,HALF,OD,0.0016905749326241448
29009,0,3,REFUGE,8,HALF,OC,0.004202275834472857
29009,0,3,REFUGE,32,FULL,OD,0.0
29009,0,3,REFUGE,32,FULL,OC,0.0
29009,0,3,REFUGE,32,ZERO,OD,0.04073514075588491
29009,0,3,REFUGE,32,ZERO,OC,-0.0034952703459438794
29009,0,3,REFUGE,32,HALF,OD,-0.0002842722331308778
29009,0,3,REFUGE,32,HALF,OC,-0.000708004067547563
29009,0,3,REFUGE,64,FULL,OD,0.0
29009,0,3,REFUGE,64,FULL,OC,0.0
29009,0,3,REFUGE,64,ZERO,OD,0.03891486930021415
29009,0,3,REFUGE,64,ZERO,OC,-0.01542960756818701
29009,0,3,REFUGE,64,HALF,OD,0.0015540449750517382
29009,0,3,REFUGE,64,HALF,OC,6.081600302110246e-05
29009,0,4,ORIGA,0,FULL,OD,0.0
29009,0,4,ORIGA,0,FULL,OC,0.0
29009,0,4,ORIGA,0,ZERO,OD,0.03619084692749652
29009,0,4,ORIGA,0,ZERO,OC,0.06002048080330269
29009,0,4,ORIGA,0,HALF,OD,-0.008575463243843728
29009,0,4,ORIGA,0,HALF,OC,0.024719708555352327
29009,0,4,ORIGA,8,FULL,OD,0.0
29009,0,4,ORIGA,8,FULL,OC,0.0
29009,0,4,ORIGA,8,ZERO,OD,-0.018157851127909908
29009,0,4,ORIGA,8,ZERO,OC,-0.025574240503800638
29009,0,4,ORIGA,8,HALF,OD,-0.007458877073787562
29009,0,4,ORIGA,8,HALF,OC,-0.015531555337503278
29009,0,4,ORIGA,32,FULL,OD,0.0
29009,0,4,ORIGA,32,FULL,OC,0.0
29009,0,4,ORIGA,32,ZERO,OD,-0.04299802817571674
29009,0,4,ORIGA,32,ZERO,OC,-0.024189816038827416
29009,0,4,ORIGA,32,HALF,OD,-0.008194567333021041
29009,0,4,ORIGA,32,HALF,OC,-0.010474671031644789
29009,0,4,ORIGA,64,FULL,OD,0.0
29009,0,4,ORIGA,64,FULL,OC,0.0
29009,0,4,ORIGA,64,ZERO,OD,-0.03876812628482185
29009,0,4,ORIGA,64,ZERO,OC,-0.01979725645630026
29009,0,4,ORIGA,64,HALF,OD,-0.006298522289142738
29009,0,4,ORIGA,64,HALF,OC,-0.00701680715407349
29009,0,5,ORIGA,0,FULL,OD,0.0
29009,0,5,ORIGA,0,FULL,OC,0.0
29009,0,5,ORIGA,0,ZERO,OD,-0.08132307897820112
29009,0,5,ORIGA,0,ZERO,OC,-0.17743367063405202
29009,0,5,ORIGA,0,HALF,OD,-0.03784498449074647
29009,0,5,ORIGA,0,HALF,OC,-0.1043427475633294
29009,0,5,ORIGA,8,FULL,OD,0.0
29009,0,5,ORIGA,8,FULL,OC,0.0
29009,0,5,ORIGA,8,ZERO,OD,-0.02119501324696671
29009,0,5,ORIGA,8,ZERO,OC,-0.017298150434399417
29009,0,5,ORIGA,8,HALF,OD,-0.002418415614513947
29009,0,5,ORIGA,8,HALF,OC,-0.005027895085802925
29009,0,5,ORIGA,32,FULL,OD,0.0
29009,0,5,ORIGA,32,FULL,OC,0.0
29009,0,5,ORIGA,32,ZERO,OD,-0.046527239991462466
29009,0,5,ORIGA,32,ZERO,OC,-0.09480835016876199
29009,0,5,ORIGA,32,HALF,OD,-0.0033094346945148345
29009,0,5,ORIGA,32,HALF,OC,-0.009001843934171916
29009,0,5,ORIGA,64,FULL,OD,0.0
29009,0,5,ORIGA,64,FULL,OC,0.0
29009,0,5,ORIGA,64,ZERO,OD,-0.04558358796366235
29009,0,5,ORIGA,64,ZERO,OC,-0.08987990535008805
29009,0,5,ORIGA,64,HALF,OD,-0.0035903246060655647
29009,0,5,ORIGA,64,HALF,OC,-0.009939674689007916
29009,0,6,ORIGA,0,FULL,OD,0.0
29009,0,6,ORIGA,0,FULL,OC,0.0
29009,0,6,ORIGA,0,ZERO,OD,-0.02550608681742972
29009,0,6,ORIGA,0,ZERO,OC,-0.10782629224826223
29009,0,6,ORIGA,0,HALF,OD,-0.01182116957605217
29009,0,6,ORIGA,0,HALF,OC,-0.04934064252438475
29009,0,6,ORIGA,8,FULL,OD,0.0
29009,0,6,ORIGA,8,FULL,OC,0.0
29009,0,6,ORIGA,8,ZERO,OD,-0.015978794079046565
29009,0,6,ORIGA,8,ZERO,OC,-0.012324471289929306
29009,0,6,ORIGA,8,HALF,OD,-0.010364954164003848
29009,0,6,ORIGA,8,HALF,OC,-0.011036829226355849
29009,0,6,ORIGA,32,FULL,OD,0.0
29009,0,6,ORIGA,32,FULL,OC,0.0
29009,0,6,ORIGA,32,ZERO,OD,-0.01946477952111536
29009,0,6,ORIGA,32,ZERO,OC,-0.012374603480083124
29009,0,6,ORIGA,32,HALF,OD,-0.004180267875696586
29009,0,6,ORIGA,32,HALF,OC,-0.005079503778176786
29009,0,6,ORIGA,64,FULL,OD,0.0
29009,0,6,ORIGA,64,FULL,OC,0.0
29009,0,6,ORIGA,64,ZERO,OD,-0.010770920544871387
29009,0,6,ORIGA,64,ZERO,OC,-0.004514983424300567
29009,0,6,ORIGA,64,HALF,OD,-0.0020593549435261593
29009,0,6,ORIGA,64,HALF,OC,-0.0036014714412289095
29009,0,7,ORIGA,0,FULL,OD,0.0
29009,0,7,ORIGA,0,FULL,OC,0.0
29009,0,7,ORIGA,0,ZERO,OD,-0.014162815178565324
29009,0,7,ORIGA,0,ZERO,OC,0.025689794847707503
29009,0,7,ORIGA,0,HALF,OD,-0.006437171675315767
29009,0,7,ORIGA,0,HALF,OC,0.019909654121761378
29009,0,7,ORIGA,8,FULL,OD,0.0
29009,0,7,ORIGA,8,FULL,OC,0.0
29009,0,7,ORIGA,8,ZERO,OD,0.009497765399615332
29009,0,7,ORIGA,8,ZERO,OC,0.004272708056376473
29009,0,7,ORIGA,8,HALF,OD,0.006643793483760874
29009,0,7,ORIGA,8,HALF,OC,0.007963600747366684
29009,0,7,ORIGA,32,FULL,OD,0.0
29009,0,7,ORIGA,32,FULL,OC,0.0
29009,0,7,ORIGA,32,ZERO,OD,0.0044663291301674235
29009,0,7,ORIGA,32,ZERO,OC,0.0010264316210495394
29009,0,7,ORIGA,32,HALF,OD,0.007114472548110484
29009,0,7,ORIGA,32,HALF,OC,0.008083846257839866
29009,0,7,ORIGA,64,FULL,OD,0.0
29009,0,7,ORIGA,64,FULL,OC,0.0
29009,0,7,ORIGA,64,ZERO,OD,-0.0016853171381114862
29009,0,7,ORIGA,64,ZERO,OC,-0.003545900646955147
29009,0,7,ORIGA,64,HALF,OD,0.005799809787831123
29009,0,7,ORIGA,64,HALF,OC,0.0071355190004354085
29009,0,8,REFUGE_Valid,0,FULL,OD,0.0
29009,0,8,REFUGE_Valid,0,FULL,OC,0.0
29009,0,8,REFUGE_Valid,0,ZERO,OD,-0.00807511271729311
29009,0,8,REFUGE_Valid,0,ZERO,OC,0.0
29009,0,8,REFUGE_Valid,0,HALF,OD,-0.00807511271729311
29009,0,8,REFUGE_Valid,0,HALF,OC,-0.004035973289830963
29009,0,8,REFUGE_Valid,8,FULL,OD,0.0
29009,0,8,REFUGE_Valid,8,FULL,OC,0.0
29009,0,8,REFUGE_Valid,8,ZERO,OD,-0.01684598209271826
29009,0,8,REFUGE_Valid,8,ZERO,OC,-0.005457192003447631
29009,0,8,REFUGE_Valid,8,HALF,OD,-0.0023989237284212095
29009,0,8,REFUGE_Valid,8,HALF,OC,0.00010493470534811422
29009,0,8,REFUGE_Valid,32,FULL,OD,0.0
29009,0,8,REFUGE_Valid,32,FULL,OC,0.0
29009,0,8,REFUGE_Valid,32,ZERO,OD,-0.042741967680072435
29009,0,8,REFUGE_Valid,32,ZERO,OC,-0.012731752525418472
29009,0,8,REFUGE_Valid,32,HALF,OD,-0.00322246269531945
29009,0,8,REFUGE_Valid,32,HALF,OC,-0.0007561676954637164
29009,0,8,REFUGE_Valid,64,FULL,OD,0.0
29009,0,8,REFUGE_Valid,64,FULL,OC,0.0
29009,0,8,REFUGE_Valid,64,ZERO,OD,-0.04741143805283343
29009,0,8,REFUGE_Valid,64,ZERO,OC,-0.01923976533060312
29009,0,8,REFUGE_Valid,64,HALF,OD,-0.0015424801889736273
29009,0,8,REFUGE_Valid,64,HALF,OC,-0.0007559038209947744
29009,0,9,REFUGE_Valid,0,FULL,OD,0.0
29009,0,9,REFUGE_Valid,0,FULL,OC,0.0
29009,0,9,REFUGE_Valid,0,ZERO,OD,0.031077673376501025
29009,0,9,REFUGE_Valid,0,ZERO,OC,-0.011120027331969595
29009,0,9,REFUGE_Valid,0,HALF,OD,0.011590044127530064
29009,0,9,REFUGE_Valid,0,HALF,OC,-0.003707227365978838
29009,0,9,REFUGE_Valid,8,FULL,OD,0.0
29009,0,9,REFUGE_Valid,8,FULL,OC,0.0
29009,0,9,REFUGE_Valid,8,ZERO,OD,0.010618237886305337
29009,0,9,REFUGE_Valid,8,ZERO,OC,-0.04153903839777939
29009,0,9,REFUGE_Valid,8,HALF,OD,0.014424746698921354
29009,0,9,REFUGE_Valid,8,HALF,OC,-0.0023165616462321736
29009,0,9,REFUGE_Valid,32,FULL,OD,0.0
29009,0,9,REFUGE_Valid,32,FULL,OC,0.0
29009,0,9,REFUGE_Valid,32,ZERO,OD,0.009451094842091834
29009,0,9,REFUGE_Valid,32,ZERO,OC,-0.046836752819160665
29009,0,9,REFUGE_Valid,32,HALF,OD,0.007967509176495469
29009,0,9,REFUGE_Valid,32,HALF,OC,0.001016376700832211
29009,0,9,REFUGE_Valid,64,FULL,OD,0.0
29009,0,9,REFUGE_Valid,64,FULL,OC,0.0
29009,0,9,REFUGE_Valid,64,ZERO,OD,0.008039749832661869
29009,0,9,REFUGE_Valid,64,ZERO,OC,-0.04482959979355883
29009,0,9,REFUGE_Valid,64,HALF,OD,0.006785650200725968
29009,0,9,REFUGE_Valid,64,HALF,OC,0.0023498252840852274
29009,0,10,REFUGE_Valid,0,FULL,OD,0.0
29009,0,10,REFUGE_Valid,0,FULL,OC,0.0
29009,0,10,REFUGE_Valid,0,ZERO,OD,0.0
29009,0,10,REFUGE_Valid,0,ZERO,OC,0.0
29009,0,10,REFUGE_Valid,0,HALF,OD,-0.00209974280225822
29009,0,10,REFUGE_Valid,0,HALF,OC,0.0
29009,0,10,REFUGE_Valid,8,FULL,OD,0.0
29009,0,10,REFUGE_Valid,8,FULL,OC,0.0
29009,0,10,REFUGE_Valid,8,ZERO,OD,0.010705300684577423
29009,0,10,REFUGE_Valid,8,ZERO,OC,-0.00603256306089861
29009,0,10,REFUGE_Valid,8,HALF,OD,0.0019996187094193374
29009,0,10,REFUGE_Valid,8,HALF,OC,0.005914543639320868
29009,0,10,REFUGE_Valid,32,FULL,OD,0.0
29009,0,10,REFUGE_Valid,32,FULL,OC,0.0
29009,0,10,REFUGE_Valid,32,ZERO,OD,0.01906339656729017
29009,0,10,REFUGE_Valid,32,ZERO,OC,-0.006089353598497382
29009,0,10,REFUGE_Valid,32,HALF,OD,0.0008741959966585
29009,0,10,REFUGE_Valid,32,HALF,OC,0.00307246837189723
29009,0,10,REFUGE_Valid,64,FULL,OD,0.0
29009,0,10,REFUGE_Valid,64,FULL,OC,0.0
29009,0,10,REFUGE_Valid,64,ZERO,OD,0.017102093038246835
29009,0,10,REFUGE_Valid,64,ZERO,OC,-0.006382493283268786
29009,0,10,REFUGE_Valid,64,HALF,OD,0.0012291147771748001
29009,0,10,REFUGE_Valid,64,HALF,OC,0.002593154638930173
29009,0,11,REFUGE_Valid,0,FULL,OD,0.0
29009,0,11,REFUGE_Valid,0,FULL,OC,0.0
29009,0,11,REFUGE_Valid,0,ZERO,OD,0.006581389294623818
29009,0,11,REFUGE_Valid,0,ZERO,OC,0.00451021875399249
29009,0,11,REFUGE_Valid,0,HALF,OD,0.0059321535176621865
29009,0,11,REFUGE_Valid,0,HALF,OC,0.01578671831346412
29009,0,11,REFUGE_Valid,8,FULL,OD,0.0
29009,0,11,REFUGE_Valid,8,FULL,OC,0.0
29009,0,11,REFUGE_Valid,8,ZERO,OD,-0.013920065362128753
29009,0,11,REFUGE_Valid,8,ZERO,OC,0.014123285119140405
29009,0,11,REFUGE_Valid,8,HALF,OD,0.001509725026849651
29009,0,11,REFUGE_Valid,8,HALF,OC,0.007062026971240698
29009,0,11,REFUGE_Valid,32,FULL,OD,0.0
29009,0,11,REFUGE_Valid,32,FULL,OC,0.0
29009,0,11,REFUGE_Valid,32,ZERO,OD,-0.033616463248037576
29009,0,11,REFUGE_Valid,32,ZERO,OC,0.0150928806281172
29009,0,11,REFUGE_Valid,32,HALF,OD,0.002673138311479306
29009,0,11,REFUGE_Valid,32,HALF,OC,0.005221749256762109
29009,0,11,REFUGE_Valid,64,FULL,OD,0.0
29009,0,11,REFUGE_Valid,64,FULL,OC,0.0
29009,0,11,REFUGE_Valid,64,ZERO,OD,-0.028314379924751165
29009,0,11,REFUGE_Valid,64,ZERO,OC,0.0025277257313547352
29009,0,11,REFUGE_Valid,64,HALF,OD,0.0019212773917729464
29009,0,11,REFUGE_Valid,64,HALF,OC,0.0032800081261399328
29009,0,12,Drishti_GS,0,FULL,OD,0.0
29009,0,12,Drishti_GS,0,FULL,OC,0.0
29009,0,12,Drishti_GS,0,ZERO,OD,-0.01308322551200547
29009,0,12,Drishti_GS,0,ZERO,OC,-0.021219698288064137
29009,0,12,Drishti_GS,0,HALF,OD,-0.005814363662210553
29009,0,12,Drishti_GS,0,HALF,OC,-0.022797646114312897
29009,0,12,Drishti_GS,8,FULL,OD,0.0
29009,0,12,Drishti_GS,8,FULL,OC,0.0
29009,0,12,Drishti_GS,8,ZERO,OD,-0.008050130312753367
29009,0,12,Drishti_GS,8,ZERO,OC,0.03676691164521628
29009,0,12,Drishti_GS,8,HALF,OD,-0.002205613172463927
29009,0,12,Drishti_GS,8,HALF,OC,0.010917410900901814
29009,0,12,Drishti_GS,32,FULL,OD,0.0
29009,0,12,Drishti_GS,32,FULL,OC,0.0
29009,0,12,Drishti_GS,32,ZERO,OD,-0.013187648055776435
29009,0,12,Drishti_GS,32,ZERO,OC,0.029177886104378103
29009,0,12,Drishti_GS,32,HALF,OD,-0.0022613089696648103
29009,0,12,Drishti_GS,32,HALF,OC,0.007179707200975827
29009,0,12,Drishti_GS,64,FULL,OD,0.0
29009,0,12,Drishti_GS,64,FULL,OC,0.0
29009,0,12,Drishti_GS,64,ZERO,OD,-0.012241168400763058
29009,0,12,Drishti_GS,64,ZERO,OC,0.03292898673167599
29009,0,12,Drishti_GS,64,HALF,OD,-0.0012636969685502208
29009,0,12,Drishti_GS,64,HALF,OC,0.007876042978736564
29009,0,13,Drishti_GS,0,FULL,OD,0.0
29009,0,13,Drishti_GS,0,FULL,OC,0.0
29009,0,13,Drishti_GS,0,ZERO,OD,-0.005346815858175091
29009,0,13,Drishti_GS,0,ZERO,OC,0.018402099809293304
29009,0,13,Drishti_GS,0,HALF,OD,-0.0013366549543576411
29009,0,13,Drishti_GS,0,HALF,OC,0.007361412083838559
29009,0,13,Drishti_GS,8,FULL,OD,0.0
29009,0,13,Drishti_GS,8,FULL,OC,0.0
29009,0,13,Drishti_GS,8,ZERO,OD,-0.012255315968630498
29009,0,13,Drishti_GS,8,ZERO,OC,0.008912172508843241
29009,0,13,Drishti_GS,8,HALF,OD,-0.006502888300417453
29009,0,13,Drishti_GS,8,HALF,OC,0.00490122033801299
29009,0,13,Drishti_GS,32,FULL,OD,0.0
29009,0,13,Drishti_GS,32,FULL,OC,0.0
29009,0,13,Drishti_GS,32,ZERO,OD,-0.011230777529377178
29009,0,13,Drishti_GS,32,ZERO,OC,0.0027999810139220926
29009,0,13,Drishti_GS,32,HALF,OD,-0.004284805162001248
29009,0,13,Drishti_GS,32,HALF,OC,0.007340838391144189
29009,0,14,Drishti_GS,0,FULL,OD,0.0
29009,0,14,Drishti_GS,0,FULL,OC,0.0
29009,0,14,Drishti_GS,0,ZERO,OD,-0.00137091111538723
29009,0,14,Drishti_GS,0,ZERO,OC,0.0039795386766598995
29009,0,14,Drishti_GS,0,HALF,OD,0.0
29009,0,14,Drishti_GS,0,HALF,OC,0.0039795386766598995
29009,0,14,Drishti_GS,8,FULL,OD,0.0
29009,0,14,Drishti_GS,8,FULL,OC,0.0
29009,0,14,Drishti_GS,8,ZERO,OD,0.00013943630897017556
29009,0,14,Drishti_GS,8,ZERO,OC,0.06497945536376903
29009,0,14,Drishti_GS,8,HALF,OD,-0.005645285363598873
29009,0,14,Drishti_GS,8,HALF,OC,0.004541483538389457
29009,0,15,Drishti_GS,0,FULL,OD,0.0
29009,0,15,Drishti_GS,0,FULL,OC,0.0
29009,0,15,Drishti_GS,0,ZERO,OD,0.005076500528744532
29009,0,15,Drishti_GS,0,ZERO,OC,0.00442484867727444
29009,0,15,Drishti_GS,0,HALF,OD,0.0012691676979130762
29009,0,15,Drishti_GS,0,HALF,OC,0.0
29009,1,0,Drishti_GS,0,FULL,OD,0.0
29009,1,0,Drishti_GS,0,FULL,OC,0.0
29009,1,0,Drishti_GS,0,ZERO,OD,-0.0368097461554413
29009,1,0,Drishti_GS,0,ZERO,OC,-0.03841877325675114
29009,1,0,Drishti_GS,0,HALF,OD,-0.024325283175556933
29009,1,0,Drishti_GS,0,HALF,OC,-0.059475183934182496
29009,1,0,Drishti_GS,8,FULL,OD,0.0
29009,1,0,Drishti_GS,8,FULL,OC,0.0
29009,1,0,Drishti_GS,8,ZERO,OD,-0.03913480195832619
29009,1,0,Drishti_GS,8,ZERO,OC,0.026815834370509606
29009,1,0,Drishti_GS,8,HALF,OD,-0.02636480851735712
29009,1,0,Drishti_GS,8,HALF,OC,0.013008516233725231
29009,1,0,Drishti_GS,32,FULL,OD,0.0
29009,1,0,Drishti_GS,32,FULL,OC,0.0
29009,1,0,Drishti_GS,32,ZERO,OD,-0.014093699920962877
29009,1,0,Drishti_GS,32,ZERO,OC,-0.017406264334482557
29009,1,0,Drishti_GS,32,HALF,OD,-0.013479405775541409
29009,1,0,Drishti_GS,32,HALF,OC,-0.008289593150692554
29009,1,0,Drishti_GS,64,FULL,OD,0.0
29009,1,0,Drishti_GS,64,FULL,OC,0.0
29009,1,0,Drishti_GS,64,ZERO,OD,-0.008418309356557074
29009,1,0,Drishti_GS,64,ZERO,OC,-0.019510617414809417
29009,1,0,Drishti_GS,64,HALF,OD,-0.011424388413246334
29009,1,0,Drishti_GS,64,HALF,OC,-0.011628939801568094
29009,1,1,Drishti_GS,0,FULL,OD,0.0
29009,1,1,Drishti_GS,0,FULL,OC,0.0
29009,1,1,Drishti_GS,0,ZERO,OD,-0.019627531184369218
29009,1,1,Drishti_GS,0,ZERO,OC,-0.012486314529496667
29009,1,1,Drishti_GS,0,HALF,OD,-0.011214889788320193
29009,1,1,Drishti_GS,0,HALF,OC,-0.004161875488186695
29009,1,1,Drishti_GS,8,FULL,OD,0.0
29009,1,1,Drishti_GS,8,FULL,OC,0.0
29009,1,1,Drishti_GS,8,ZERO,OD,-0.02508787067972662
29009,1,1,Drishti_GS,8,ZERO,OC,-0.009328540648155581
29009,1,1,Drishti_GS,8,HALF,OD,-0.01311642714448169
29009,1,1,Drishti_GS,8,HALF,OC,-0.015430702099422433
29009,1,1,Drishti_GS,32,FULL,OD,0.0
29009,1,1,Drishti_GS,32,FULL,OC,0.0
29009,1,1,Drishti_GS,32,ZERO,OD,-0.02300590020460902
29009,1,1,Drishti_GS,32,ZERO,OC,-0.0017046099281188276
29009,1,1,Drishti_GS,32,HALF,OD,-0.012155163385926926
29009,1,1,Drishti_GS,32,HALF,OC,-0.015239063052547408
29009,1,1,Drishti_GS,64,FULL,OD,0.0
29009,1,1,Drishti_GS,64,FULL,OC,0.0
29009,1,1,Drishti_GS,64,ZERO,OD,-0.0038469776543337275
29009,1,1,Drishti_GS,64,ZERO,OC,-0.006848372819312942
29009,1,1,Drishti_GS,64,HALF,OD,-0.0002985731816380621
29009,1,1,Drishti_GS,64,HALF,OC,-0.0023954850102327896
29009,1,2,Drishti_GS,0,FULL,OD,0.0
29009,1,2,Drishti_GS,0,FULL,OC,0.0
29009,1,2,Drishti_GS,0,ZERO,OD,-0.02023811473735293
29009,1,2,Drishti_GS,0,ZERO,OC,-0.04903174957430423
29009,1,2,Drishti_GS,0,HALF,OD,-0.014455047197174054
29009,1,2,Drishti_GS,0,HALF,OC,-0.026740497409470265
29009,1,2,Drishti_GS,8,FULL,OD,0.0
29009,1,2,Drishti_GS,8,FULL,OC,0.0
29009,1,2,Drishti_GS,8,ZERO,OD,-0.022827392235484467
29009,1,2,Drishti_GS,8,ZERO,OC,0.011081521203578859
29009,1,2,Drishti_GS,8,HALF,OD,-0.0030793940487825466
29009,1,2,Drishti_GS,8,HALF,OC,-0.00554146430957303
29009,1,2,Drishti_GS,32,FULL,OD,0.0
29009,1,2,Drishti_GS,32,FULL,OC,0.0
29009,1,2,Drishti_GS,32,ZERO,OD,-0.005027716596089249
29009,1,2,Drishti_GS,32,ZERO,OC,0.0019529277297749559
29009,1,2,Drishti_GS,32,HALF,OD,-0.0005870076850982286
29009,1,2,Drishti_GS,32,HALF,OC,-0.0036147538950430658
29009,1,2,Drishti_GS,64,FULL,OD,0.0
29009,1,2,Drishti_GS,64,FULL,OC,0.0
29009,1,2,Drishti_GS,64,ZERO,OD,0.013377489565385758
29009,1,2,Drishti_GS,64,ZERO,OC,0.006372536793634254
29009,1,2,Drishti_GS,64,HALF,OD,0.005004296128092278
29009,1,2,Drishti_GS,64,HALF,OC,-0.0005600932479126186
29009,1,3,Drishti_GS,0,FULL,OD,0.0
29009,1,3,Drishti_GS,0,FULL,OC,0.0
29009,1,3,Drishti_GS,0,ZERO,OD,-0.09132996544468597
29009,1,3,Drishti_GS,0,ZERO,OC,-0.038379602503198385
29009,1,3,Drishti_GS,0,HALF,OD,-0.04426361997700212
29009,1,3,Drishti_GS,0,HALF,OC,-0.024501180778486287
29009,1,3,Drishti_GS,8,FULL,OD,0.0
29009,1,3,Drishti_GS,8,FULL,OC,0.0
29009,1,3,Drishti_GS,8,ZERO,OD,0.022533245963316517
29009,1,3,Drishti_GS,8,ZERO,OC,-0.003128144284012535
29009,1,3,Drishti_GS,8,HALF,OD,0.016651811529328597
29009,1,3,Drishti_GS,8,HALF,OC,0.007148529915959045
29009,1,3,Drishti_GS,32,FULL,OD,0.0
29009,1,3,Drishti_GS,32,FULL,OC,0.0
29009,1,3,Drishti_GS,32,ZERO,OD,0.028940202510739255
29009,1,3,Drishti_GS,32,ZERO,OC,-0.0055967806012944266
29009,1,3,Drishti_GS,32,HALF,OD,0.017599979110613617
29009,1,3,Drishti_GS,32,HALF,OC,0.008817761364362298
29009,1,3,Drishti_GS,64,FULL,OD,0.0
29009,1,3,Drishti_GS,64,FULL,OC,0.0
29009,1,3,Drishti_GS,64,ZERO,OD,0.03871971193885315
29009,1,3,Drishti_GS,64,ZERO,OC,0.003697729224597879
29009,1,3,Drishti_GS,64,HALF,OD,0.021349284925051393
29009,1,3,Drishti_GS,64,HALF,OC,0.007641061880647726
29009,1,4,REFUGE_Valid,0,FULL,OD,0.0
29009,1,4,REFUGE_Valid,0,FULL,OC,0.0
29009,1,4,REFUGE_Valid,0,ZERO,OD,0.04360895501189077
29009,1,4,REFUGE_Valid,0,ZERO,OC,0.01015250040929061
29009,1,4,REFUGE_Valid,0,HALF,OD,0.02491391333693116
29009,1,4,REFUGE_Valid,0,HALF,OC,0.005075906238644734
29009,1,4,REFUGE_Valid,8,FULL,OD,0.0
29009,1,4,REFUGE_Valid,8,FULL,OC,0.0
29009,1,4,REFUGE_Valid,8,ZERO,OD,0.022698850990948927
29009,1,4,REFUGE_Valid,8,ZERO,OC,0.01635950468954661
29009,1,4,REFUGE_Valid,8,HALF,OD,0.006091137354303555
29009,1,4,REFUGE_Valid,8,HALF,OC,0.0014659663645701926
29009,1,4,REFUGE_Valid,32,FULL,OD,0.0
29009,1,4,REFUGE_Valid,32,FULL,OC,0.0
29009,1,4,REFUGE_Valid,32,ZERO,OD,0.037583811971245495
29009,1,4,REFUGE_Valid,32,ZERO,OC,0.028464956748756265
29009,1,4,REFUGE_Valid,32,HALF,OD,0.008534665985379775
29009,1,4,REFUGE_Valid,32,HALF,OC,0.0018981873533547855
29009,1,4,REFUGE_Valid,64,FULL,OD,0.0
29009,1,4,REFUGE_Valid,64,FULL,OC,0.0
29009,1,4,REFUGE_Valid,64,ZERO,OD,0.04489355233057779
29009,1,4,REFUGE_Valid,64,ZERO,OC,0.03972215626964726
29009,1,4,REFUGE_Valid,64,HALF,OD,0.006276979313994957
29009,1,4,REFUGE_Valid,64,HALF,OC,0.004066998329079752
29009,1,5,REFUGE_Valid,0,FULL,OD,0.0
29009,1,5,REFUGE_Valid,0,FULL,OC,0.0
29009,1,5,REFUGE_Valid,0,ZERO,OD,0.023958964247825065
29009,1,5,REFUGE_Valid,0,ZERO,OC,0.015041713710985505
29009,1,5,REFUGE_Valid,0,HALF,OD,0.012899269138088698
29009,1,5,REFUGE_Valid,0,HALF,OC,0.02005735334648051
29009,1,5,REFUGE_Valid,8,FULL,OD,0.0
29009,1,5,REFUGE_Valid,8,FULL,OC,0.0
29009,1,5,REFUGE_Valid,8,ZERO,OD,0.05119521701243457
29009,1,5,REFUGE_Valid,8,ZERO,OC,0.012680535512309632
29009,1,5,REFUGE_Valid,8,HALF,OD,0.012544533345916875
29009,1,5,REFUGE_Valid,8,HALF,OC,0.0030462889264057935
29009,1,5,REFUGE_Valid,32,FULL,OD,0.0
29009,1,5,REFUGE_Valid,32,FULL,OC,0.0
29009,1,5,REFUGE_Valid,32,ZERO,OD,0.04795396777062422
29009,1,5,REFUGE_Valid,32,ZERO,OC,0.0432591094338477
29009,1,5,REFUGE_Valid,32,HALF,OD,0.011131799442821944
29009,1,5,REFUGE_Valid,32,HALF,OC,0.0035551572043175383
29009,1,5,REFUGE_Valid,64,FULL,OD,0.0
29009,1,5,REFUGE_Valid,64,FULL,OC,0.0
29009,1,5,REFUGE_Valid,64,ZERO,OD,0.047721954849563986
29009,1,5,REFUGE_Valid,64,ZERO,OC,0.049969676485432046
29009,1,5,REFUGE_Valid,64,HALF,OD,0.010638401913467987
29009,1,5,REFUGE_Valid,64,HALF,OC,0.004424070789283974
29009,1,6,REFUGE_Valid,0,FULL,OD,0.0
29009,1,6,REFUGE_Valid,0,FULL,OC,0.0
29009,1,6,REFUGE_Valid,0,ZERO,OD,0.018042393607132112
29009,1,6,REFUGE_Valid,0,ZERO,OC,0.004102198718861416
29009,1,6,REFUGE_Valid,0,HALF,OD,0.012027364505200921
29009,1,6,REFUGE_Valid,0,HALF,OC,0.012308902058045135
29009,1,6,REFUGE_Valid,8,FULL,OD,0.0
29009,1,6,REFUGE_Valid,8,FULL,OC,0.0
29009,1,6,REFUGE_Valid,8,ZERO,OD,0.02247016300867699
29009,1,6,REFUGE_Valid,8,ZERO,OC,-0.0007847692920250893
29009,1,6,REFUGE_Valid,8,HALF,OD,0.006215521201852425
29009,1,6,REFUGE_Valid,8,HALF,OC,0.0033206496218554094
29009,1,6,REFUGE_Valid,32,FULL,OD,0.0
29009,1,6,REFUGE_Valid,32,FULL,OC,0.0
29009,1,6,REFUGE_Valid,32,ZERO,OD,0.03222548412209392
29009,1,6,REFUGE_Valid,32,ZERO,OC,-0.0003567510576019117
29009,1,6,REFUGE_Valid,32,HALF,OD,0.007510705626700087
29009,1,6,REFUGE_Valid,32,HALF,OC,0.007691440678243566
29009,1,6,REFUGE_Valid,64,FULL,OD,0.0
29009,1,6,REFUGE_Valid,64,FULL,OC,0.0
29009,1,6,REFUGE_Valid,64,ZERO,OD,0.02763151975760536
29009,1,6,REFUGE_Valid,64,ZERO,OC,0.005239858096260264
29009,1,6,REFUGE_Valid,64,HALF,OD,0.006713333441993541
29009,1,6,REFUGE_Valid,64,HALF,OC,0.007707536621488487
29009,1,7,REFUGE_Valid,0,FULL,OD,0.0
29009,1,7,REFUGE_Valid,0,FULL,OC,0.0
29009,1,7,REFUGE_Valid,0,ZERO,OD,0.041053764242292345
29009,1,7,REFUGE_Valid,0,ZERO,OC,0.09768543895610549
29009,1,7,REFUGE_Valid,0,HALF,OD,0.013192177039009323
29009,1,7,REFUGE_Valid,0,HALF,OC,0.04515747619831245
29009,1,7,REFUGE_Valid,8,FULL,OD,0.0
29009,1,7,REFUGE_Valid,8,FULL,OC,0.0
29009,1,7,REFUGE_Valid,8,ZERO,OD,-0.005195421286060764
29009,1,7,REFUGE_Valid,8,ZERO,OC,0.005424327244114124
29009,1,7,REFUGE_Valid,8,HALF,OD,-0.004697828195901366
29009,1,7,REFUGE_Valid,8,HALF,OC,-0.004753550097582604
29009,1,7,REFUGE_Valid,32,FULL,OD,0.0
29009,1,7,REFUGE_Valid,32,FULL,OC,0.0
29009,1,7,REFUGE_Valid,32,ZERO,OD,-0.003627106907700295
29009,1,7,REFUGE_Valid,32,ZERO,OC,0.004471200969184963
29009,1,7,REFUGE_Valid,32,HALF,OD,-0.005595657879950977
29009,1,7,REFUGE_Valid,32,HALF,OC,-0.002192683968942788
29009,1,7,REFUGE_Valid,64,FULL,OD,0.0
29009,1,7,REFUGE_Valid,64,FULL,OC,0.0
29009,1,7,REFUGE_Valid,64,ZERO,OD,-0.0016891726565262388
29009,1,7,REFUGE_Valid,64,ZERO,OC,0.010757154100105026
29009,1,7,REFUGE_Valid,64,HALF,OD,-0.004403685931507084
29009,1,7,REFUGE_Valid,64,HALF,OC,-0.0026495585545234235
29009,1,8,ORIGA,0,FULL,OD,0.0
29009,1,8,ORIGA,0,FULL,OC,0.0
29009,1,8,ORIGA,0,ZERO,OD,-0.003661283791828396
29009,1,8,ORIGA,0,ZERO,OC,0.01002199470191556
29009,1,8,ORIGA,0,HALF,OD,0.0017435732372206303
29009,1,8,ORIGA,0,HALF,OC,0.004089741038747263
29009,1,8,ORIGA,8,FULL,OD,0.0
29009,1,8,ORIGA,8,FULL,OC,0.0
29009,1,8,ORIGA,8,ZERO,OD,-0.009445527866958514
29009,1,8,ORIGA,8,ZERO,OC,-0.032464219453714804
29009,1,8,ORIGA,8,HALF,OD,-0.009737834082173435
29009,1,8,ORIGA,8,HALF,OC,-0.025597756544684103
29009,1,8,ORIGA,32,FULL,OD,0.0
29009,1,8,ORIGA,32,FULL,OC,0.0
29009,1,8,ORIGA,32,ZERO,OD,-0.008455769552341508
29009,1,8,ORIGA,32,ZERO,OC,0.0007875447395946367
29009,1,8,ORIGA,32,HALF,OD,-0.009413530525023361
29009,1,8,ORIGA,32,HALF,OC,-0.013273259957088612
29009,1,8,ORIGA,64,FULL,OD,0.0
29009,1,8,ORIGA,64,FULL,OC,0.0
29009,1,8,ORIGA,64,ZERO,OD,-0.006682166542489654
29009,1,8,ORIGA,64,ZERO,OC,-0.003147454566999386
29009,1,8,ORIGA,64,HALF,OD,-0.007879624668248653
29009,1,8,ORIGA,64,HALF,OC,-0.012115679503551746
29009,1,9,ORIGA,0,FULL,OD,0.0
29009,1,9,ORIGA,0,FULL,OC,0.0
29009,1,9,ORIGA,0,ZERO,OD,-0.1302339540014259
29009,1,9,ORIGA,0,ZERO,OC,-0.18299620403146832
29009,1,9,ORIGA,0,HALF,OD,-0.06030420692736982
29009,1,9,ORIGA,0,HALF,OC,-0.11114493533020209
29009,1,9,ORIGA,8,FULL,OD,0.0
29009,1,9,ORIGA,8,FULL,OC,0.0
29009,1,9,ORIGA,8,ZERO,OD,-0.06359634916660184
29009,1,9,ORIGA,8,ZERO,OC,-0.06227776971731913
29009,1,9,ORIGA,8,HALF,OD,-0.02034346669444176
29009,1,9,ORIGA,8,HALF,OC,-0.020663730368276845
29009,1,9,ORIGA,32,FULL,OD,0.0
29009,1,9,ORIGA,32,FULL,OC,0.0
29009,1,9,ORIGA,32,ZERO,OD,-0.08762467922755945
29009,1,9,ORIGA,32,ZERO,OC,-0.1339199835528717
29009,1,9,ORIGA,32,HALF,OD,-0.009793761195581396
29009,1,9,ORIGA,32,HALF,OC,-0.01811028196674158
29009,1,9,ORIGA,64,FULL,OD,0.0
29009,1,9,ORIGA,64,FULL,OC,0.0
29009,1,9,ORIGA,64,ZERO,OD,-0.08392508600726956
29009,1,9,ORIGA,64,ZERO,OC,-0.14638645920965132
29009,1,9,ORIGA,64,HALF,OD,-0.008766075571074339
29009,1,9,ORIGA,64,HALF,OC,-0.01848246389924668
29009,1,10,ORIGA,0,FULL,OD,0.0
29009,1,10,ORIGA,0,FULL,OC,0.0
29009,1,10,ORIGA,0,ZERO,OD,-0.029292035385310555
29009,1,10,ORIGA,0,ZERO,OC,-0.10617547110932435
29009,1,10,ORIGA,0,HALF,OD,-0.017323118029935358
29009,1,10,ORIGA,0,HALF,OC,-0.05697720853955701
29009,1,10,ORIGA,8,FULL,OD,0.0
29009,1,10,ORIGA,8,FULL,OC,0.0
29009,1,10,ORIGA,8,ZERO,OD,-0.021393533463665904
29009,1,10,ORIGA,8,ZERO,OC,-0.029004016724513804
29009,1,10,ORIGA,8,HALF,OD,-0.009025651254347622
29009,1,10,ORIGA,8,HALF,OC,-0.006884592509479148
29009,1,10,ORIGA,32,FULL,OD,0.0
29009,1,10,ORIGA,32,FULL,OC,0.0
29009,1,10,ORIGA,32,ZERO,OD,-0.012345359888001894
29009,1,10,ORIGA,32,ZERO,OC,-0.030763509756667418
29009,1,10,ORIGA,32,HALF,OD,-0.002784917835541023
29009,1,10,ORIGA,32,HALF,OC,-0.0022527563180432253
29009,1,10,ORIGA,64,FULL,OD,0.0
29009,1,10,ORIGA,64,FULL,OC,0.0
29009,1,10,ORIGA,64,ZERO,OD,-0.003989503256576654
29009,1,10,ORIGA,64,ZERO,OC,-0.021583173969290215
29009,1,10,ORIGA,64,HALF,OD,0.0007511372785984349
29009,1,10,ORIGA,64,HALF,OC,-0.0003234260798592459
29009,1,11,ORIGA,0,FULL,OD,0.0
29009,1,11,ORIGA,0,FULL,OC,0.0
29009,1,11,ORIGA,0,ZERO,OD,0.0006884960363890968
29009,1,11,ORIGA,0,ZERO,OC,-0.002353228280568942
29009,1,11,ORIGA,0,HALF,OD,-0.001412607150570011
29009,1,11,ORIGA,0,HALF,OC,-0.00890384644714004
29009,1,11,ORIGA,8,FULL,OD,0.0
29009,1,11,ORIGA,8,FULL,OC,0.0
29009,1,11,ORIGA,8,ZERO,OD,0.014859122156039462
29009,1,11,ORIGA,8,ZERO,OC,-0.003785190857271914
29009,1,11,ORIGA,8,HALF,OD,0.005104735867249133
29009,1,11,ORIGA,8,HALF,OC,-0.009360369511483668
29009,1,11,ORIGA,32,FULL,OD,0.0
29009,1,11,ORIGA,32,FULL,OC,0.0
29009,1,11,ORIGA,32,ZERO,OD,0.008386756242757087
29009,1,11,ORIGA,32,ZERO,OC,0.006944870271965442
29009,1,11,ORIGA,32,HALF,OD,0.003959089640190427
29009,1,11,ORIGA,32,HALF,OC,-0.0066920296107753074
29009,1,11,ORIGA,64,FULL,OD,0.0
29009,1,11,ORIGA,64,FULL,OC,0.0
29009,1,11,ORIGA,64,ZERO,OD,0.0060243923383040965
29009,1,11,ORIGA,64,ZERO,OC,-0.001197522546874552
29009,1,11,ORIGA,64,HALF,OD,0.0029153272693065446
29009,1,11,ORIGA,64,HALF,OC,-3.2398485288354095e-05
29009,1,12,REFUGE,0,FULL,OD,0.0
29009,1,12,REFUGE,0,FULL,OC,0.0
29009,1,12,REFUGE,0,ZERO,OD,-0.01904554371725453
29009,1,12,REFUGE,0,ZERO,OC,-0.053147576131735264
29009,1,12,REFUGE,0,HALF,OD,-0.006125428890683793
29009,1,12,REFUGE,0,HALF,OC,-0.024166308972567663
29009,1,12,REFUGE,8,FULL,OD,0.0
29009,1,12,REFUGE,8,FULL,OC,0.0
29009,1,12,REFUGE,8,ZERO,OD,-0.076842464740281
29009,1,12,REFUGE,8,ZERO,OC,-0.06805829362431837
29009,1,12,REFUGE,8,HALF,OD,-0.012553914026312896
29009,1,12,REFUGE,8,HALF,OC,-0.012531509974166966
29009,1,12,REFUGE,32,FULL,OD,0.0
29009,1,12,REFUGE,32,FULL,OC,0.0
29009,1,12,REFUGE,32,ZERO,OD,-0.09609559675500634
29009,1,12,REFUGE,32,ZERO,OC,-0.09199451406566084
29009,1,12,REFUGE,32,HALF,OD,-0.010012074645914026
29009,1,12,REFUGE,32,HALF,OC,-0.015778368790932973
29009,1,12,REFUGE,64,FULL,OD,0.0
29009,1,12,REFUGE,64,FULL,OC,0.0
29009,1,12,REFUGE,64,ZERO,OD,-0.08484363972371511
29009,1,12,REFUGE,64,ZERO,OC,-0.08218926910896585
29009,1,12,REFUGE,64,HALF,OD,-0.008674463873219906
29009,1,12,REFUGE,64,HALF,OC,-0.010531695841081046
29009,1,13,REFUGE,0,FULL,OD,0.0
29009,1,13,REFUGE,0,FULL,OC,0.0
29009,1,13,REFUGE,0,ZERO,OD,0.003817261634736724
29009,1,13,REFUGE,0,ZERO,OC,0.011372299399056374
29009,1,13,REFUGE,0,HALF,OD,0.0
29009,1,13,REFUGE,0,HALF,OC,0.005685775364469237
29009,1,13,REFUGE,8,FULL,OD,0.0
29009,1,13,REFUGE,8,FULL,OC,0.0
29009,1,13,REFUGE,8,ZERO,OD,0.000749778825905878
29009,1,13,REFUGE,8,ZERO,OC,0.011320862437500523
29009,1,13,REFUGE,8,HALF,OD,-0.0008376714492186466
29009,1,13,REFUGE,8,HALF,OC,-0.001071617586433149
29009,1,13,REFUGE,32,FULL,OD,0.0
29009,1,13,REFUGE,32,FULL,OC,0.0
29009,1,13,REFUGE,32,ZERO,OD,0.000104312008687657
29009,1,13,REFUGE,32,ZERO,OC,0.007596211741073944
29009,1,13,REFUGE,32,HALF,OD,0.002287309065522436
29009,1,13,REFUGE,32,HALF,OC,-0.0011446604798805993
29009,1,13,REFUGE,64,FULL,OD,0.0
29009,1,13,REFUGE,64,FULL,OC,0.0
29009,1,13,REFUGE,64,ZERO,OD,-0.0007492466185965441
29009,1,13,REFUGE,64,ZERO,OC,0.00513403608688634
29009,1,13,REFUGE,64,HALF,OD,0.0016182264453021844
29009,1,13,REFUGE,64,HALF,OC,-0.0012278255404254423
29009,1,14,REFUGE,0,FULL,OD,0.0
29009,1,14,REFUGE,0,FULL,OC,0.0
29009,1,14,REFUGE,0,ZERO,OD,0.004395845535071885
29009,1,14,REFUGE,0,ZERO,OC,0.015427210236765632
29009,1,14,REFUGE,0,HALF,OD,0.006411338065262839
29009,1,14,REFUGE,0,HALF,OC,0.006047533003325611
29009,1,14,REFUGE,8,FULL,OD,0.0
29009,1,14,REFUGE,8,FULL,OC,0.0
29009,1,14,REFUGE,8,ZERO,OD,0.015255383103450981
29009,1,14,REFUGE,8,ZERO,OC,0.031232505821137124
29009,1,14,REFUGE,8,HALF,OD,0.009416704505653684
29009,1,14,REFUGE,8,HALF,OC,0.0054333061667932725
29009,1,14,REFUGE,32,FULL,OD,0.0
29009,1,14,REFUGE,32,FULL,OC,0.0
29009,1,14,REFUGE,32,ZERO,OD,0.02193336918921318
29009,1,14,REFUGE,32,ZERO,OC,0.04109879157019236
29009,1,14,REFUGE,32,HALF,OD,0.0030669720692344526
29009,1,14,REFUGE,32,HALF,OC,0.0033940631501110374
29009,1,14,REFUGE,64,FULL,OD,0.0
29009,1,14,REFUGE,64,FULL,OC,0.0
29009,1,14,REFUGE,64,ZERO,OD,0.015686307170426517
29009,1,14,REFUGE,64,ZERO,OC,0.03865444696809561
29009,1,14,REFUGE,64,HALF,OD,0.001610787070006836
29009,1,14,REFUGE,64,HALF,OC,0.0032094492040215528
29009,1,15,REFUGE,0,FULL,OD,0.0
29009,1,15,REFUGE,0,FULL,OC,0.0
29009,1,15,REFUGE,0,ZERO,OD,-0.018013734843620455
29009,1,15,REFUGE,0,ZERO,OC,0.0
29009,1,15,REFUGE,0,HALF,OD,-0.0060057914090094755
29009,1,15,REFUGE,0,HALF,OC,0.005536781579849048
