condition,seed,order,role,domain,channel,observations,Dice_percent,ASSD_defined,ASSD_undefined,ASSD_conditional_mean_pixels,pred_empty,gt_empty
ANCHOR,17011,0,PRIMARY_ALL,REFUGE,OD,336,88.50112466695812,0,336,,0,0
ANCHOR,17011,0,PRIMARY_ALL,REFUGE,OC,336,83.3246663422447,0,336,,0,0
ANCHOR,17011,0,PRIMARY_ALL,ORIGA,OD,586,88.44729311643583,0,586,,0,0
ANCHOR,17011,0,PRIMARY_ALL,ORIGA,OC,586,72.50076445970673,0,586,,0,0
ANCHOR,17011,0,PRIMARY_ALL,REFUGE_Valid,OD,736,81.10172803600528,0,736,,0,0
ANCHOR,17011,0,PRIMARY_ALL,REFUGE_Valid,OC,736,60.07657319739734,0,736,,0,0
ANCHOR,17011,0,PRIMARY_ALL,Drishti_GS,OD,37,91.62168039755115,0,37,,0,0
ANCHOR,17011,0,PRIMARY_ALL,Drishti_GS,OC,37,69.38728116086878,0,37,,0,0
ANCHOR,17011,0,SEALED_REVIEW,REFUGE,OD,134,88.71580721873117,0,134,,0,0
ANCHOR,17011,0,SEALED_REVIEW,REFUGE,OC,134,82.55267651144528,0,134,,0,0
ANCHOR,17011,0,SEALED_REVIEW,ORIGA,OD,234,88.64511881445141,0,234,,0,0
ANCHOR,17011,0,SEALED_REVIEW,ORIGA,OC,234,73.76840925481179,0,234,,0,0
ANCHOR,17011,0,SEALED_REVIEW,REFUGE_Valid,OD,295,81.61425216096097,0,295,,0,0
ANCHOR,17011,0,SEALED_REVIEW,REFUGE_Valid,OC,295,60.47726546435382,0,295,,0,0
ANCHOR,17011,0,SEALED_REVIEW,Drishti_GS,OD,15,90.72568131286582,0,15,,0,0
ANCHOR,17011,0,SEALED_REVIEW,Drishti_GS,OC,15,65.98683098247649,0,15,,0,0
ANCHOR,17011,0,SEARCH,REFUGE,OD,202,88.35871148904927,0,202,,0,0
ANCHOR,17011,0,SEARCH,REFUGE,OC,202,83.83677840822055,0,202,,0,0
ANCHOR,17011,0,SEARCH,ORIGA,OD,352,88.3157839876414,0,352,,0,0
ANCHOR,17011,0,SEARCH,ORIGA,OC,352,71.65806877205165,0,352,,0,0
ANCHOR,17011,0,SEARCH,REFUGE_Valid,OD,441,80.75888309981045,0,441,,0,0
ANCHOR,17011,0,SEARCH,REFUGE_Valid,OC,441,59.808536420181554,0,441,,0,0
ANCHOR,17011,0,SEARCH,Drishti_GS,OD,22,92.23258886438204,0,22,,0,0
ANCHOR,17011,0,SEARCH,Drishti_GS,OC,22,71.70576991886352,0,22,,0,0
ANCHOR,17011,1,PRIMARY_ALL,Drishti_GS,OD,37,86.25855546016741,0,37,,0,0
ANCHOR,17011,1,PRIMARY_ALL,Drishti_GS,OC,37,61.52329650449741,0,37,,0,0
ANCHOR,17011,1,PRIMARY_ALL,REFUGE_Valid,OD,736,80.91153123912287,0,736,,0,0
ANCHOR,17011,1,PRIMARY_ALL,REFUGE_Valid,OC,736,63.57316687099217,0,736,,0,0
ANCHOR,17011,1,PRIMARY_ALL,ORIGA,OD,586,88.17676832704095,0,586,,0,0
ANCHOR,17011,1,PRIMARY_ALL,ORIGA,OC,586,70.47283708017201,0,586,,0,0
ANCHOR,17011,1,PRIMARY_ALL,REFUGE,OD,336,90.54035940798254,0,336,,0,0
ANCHOR,17011,1,PRIMARY_ALL,REFUGE,OC,336,80.35117991480807,0,336,,0,0
ANCHOR,17011,1,SEALED_REVIEW,Drishti_GS,OD,15,84.81850554080123,0,15,,0,0
ANCHOR,17011,1,SEALED_REVIEW,Drishti_GS,OC,15,57.57578727595504,0,15,,0,0
ANCHOR,17011,1,SEALED_REVIEW,REFUGE_Valid,OD,295,82.20140007427466,0,295,,0,0
ANCHOR,17011,1,SEALED_REVIEW,REFUGE_Valid,OC,295,64.30131955053074,0,295,,0,0
ANCHOR,17011,1,SEALED_REVIEW,ORIGA,OD,234,88.21010837433212,0,234,,0,0
ANCHOR,17011,1,SEALED_REVIEW,ORIGA,OC,234,71.38995101133375,0,234,,0,0
ANCHOR,17011,1,SEALED_REVIEW,REFUGE,OD,134,90.20325542332611,0,134,,0,0
ANCHOR,17011,1,SEALED_REVIEW,REFUGE,OC,134,79.88744940519969,0,134,,0,0
ANCHOR,17011,1,SEARCH,Drishti_GS,OD,22,87.24040767791708,0,22,,0,0
ANCHOR,17011,1,SEARCH,Drishti_GS,OC,22,64.21478006941267,0,22,,0,0
ANCHOR,17011,1,SEARCH,REFUGE_Valid,OD,441,80.04869380971293,0,441,,0,0
ANCHOR,17011,1,SEARCH,REFUGE_Valid,OC,441,63.08608061143689,0,441,,0,0
ANCHOR,17011,1,SEARCH,ORIGA,OD,352,88.15460477287579,0,352,,0,0
ANCHOR,17011,1,SEARCH,ORIGA,OC,352,69.8631647509338,0,352,,0,0
ANCHOR,17011,1,SEARCH,REFUGE,OD,202,90.76398284334867,0,202,,0,0
ANCHOR,17011,1,SEARCH,REFUGE,OC,202,80.65880312415224,0,202,,0,0
ANCHOR,29009,0,PRIMARY_ALL,REFUGE,OD,336,88.24328804761808,0,336,,0,0
ANCHOR,29009,0,PRIMARY_ALL,REFUGE,OC,336,83.46599161200551,0,336,,0,0
ANCHOR,29009,0,PRIMARY_ALL,ORIGA,OD,586,88.67815425050496,0,586,,0,0
ANCHOR,29009,0,PRIMARY_ALL,ORIGA,OC,586,72.4469997922642,0,586,,0,0
ANCHOR,29009,0,PRIMARY_ALL,REFUGE_Valid,OD,736,80.66682686391219,0,736,,0,0
ANCHOR,29009,0,PRIMARY_ALL,REFUGE_Valid,OC,736,58.80592939592489,0,736,,0,0
ANCHOR,29009,0,PRIMARY_ALL,Drishti_GS,OD,37,91.7081098941965,0,37,,0,0
ANCHOR,29009,0,PRIMARY_ALL,Drishti_GS,OC,37,71.36595565322371,0,37,,0,0
ANCHOR,29009,0,SEALED_REVIEW,REFUGE,OD,134,88.40900067496224,0,134,,0,0
ANCHOR,29009,0,SEALED_REVIEW,REFUGE,OC,134,82.7471844826054,0,134,,0,0
ANCHOR,29009,0,SEALED_REVIEW,ORIGA,OD,234,88.86326620864817,0,234,,0,0
ANCHOR,29009,0,SEALED_REVIEW,ORIGA,OC,234,73.65979874886375,0,234,,0,0
ANCHOR,29009,0,SEALED_REVIEW,REFUGE_Valid,OD,295,81.198271672961,0,295,,0,0
ANCHOR,29009,0,SEALED_REVIEW,REFUGE_Valid,OC,295,59.21016317750804,0,295,,0,0
ANCHOR,29009,0,SEALED_REVIEW,Drishti_GS,OD,15,90.87294490511891,0,15,,0,0
ANCHOR,29009,0,SEALED_REVIEW,Drishti_GS,OC,15,68.2079641435722,0,15,,0,0
ANCHOR,29009,0,SEARCH,REFUGE,OD,202,88.13335986908284,0,202,,0,0
ANCHOR,29009,0,SEARCH,REFUGE,OC,202,83.94282406418182,0,202,,0,0
ANCHOR,29009,0,SEARCH,ORIGA,OD,352,88.5550968692393,0,352,,0,0
ANCHOR,29009,0,SEARCH,ORIGA,OC,352,71.64076412225201,0,352,,0,0
ANCHOR,29009,0,SEARCH,REFUGE_Valid,OD,441,80.31132523427638,0,441,,0,0
ANCHOR,29009,0,SEARCH,REFUGE_Valid,OC,441,58.53552357831258,0,441,,0,0
ANCHOR,29009,0,SEARCH,Drishti_GS,OD,22,92.27754056856759,0,22,,0,0
ANCHOR,29009,0,SEARCH,Drishti_GS,OC,22,73.51913168253155,0,22,,0,0
ANCHOR,29009,1,PRIMARY_ALL,Drishti_GS,OD,37,86.6531013852018,0,37,,0,0
ANCHOR,29009,1,PRIMARY_ALL,Drishti_GS,OC,37,61.30625888102615,0,37,,0,0
ANCHOR,29009,1,PRIMARY_ALL,REFUGE_Valid,OD,736,79.95300326761077,0,736,,0,0
ANCHOR,29009,1,PRIMARY_ALL,REFUGE_Valid,OC,736,63.7569375803925,0,736,,0,0
ANCHOR,29009,1,PRIMARY_ALL,ORIGA,OD,586,87.995229484033,0,586,,0,0
ANCHOR,29009,1,PRIMARY_ALL,ORIGA,OC,586,70.00430227391836,0,586,,0,0
ANCHOR,29009,1,PRIMARY_ALL,REFUGE,OD,336,90.37990477697508,0,336,,0,0
ANCHOR,29009,1,PRIMARY_ALL,REFUGE,OC,336,80.30075029349702,0,336,,0,0
ANCHOR,29009,1,SEALED_REVIEW,Drishti_GS,OD,15,85.19306902755959,0,15,,0,0
ANCHOR,29009,1,SEALED_REVIEW,Drishti_GS,OC,15,57.33921435635644,0,15,,0,0
ANCHOR,29009,1,SEALED_REVIEW,REFUGE_Valid,OD,295,81.26001882398273,0,295,,0,0
ANCHOR,29009,1,SEALED_REVIEW,REFUGE_Valid,OC,295,64.48681591230972,0,295,,0,0
ANCHOR,29009,1,SEALED_REVIEW,ORIGA,OD,234,87.98896874569793,0,234,,0,0
ANCHOR,29009,1,SEALED_REVIEW,ORIGA,OC,234,70.90518335696923,0,234,,0,0
ANCHOR,29009,1,SEALED_REVIEW,REFUGE,OD,134,90.03757845572389,0,134,,0,0
ANCHOR,29009,1,SEALED_REVIEW,REFUGE,OC,134,79.70054131476992,0,134,,0,0
ANCHOR,29009,1,SEARCH,Drishti_GS,OD,22,87.64857799268512,0,22,,0,0
ANCHOR,29009,1,SEARCH,Drishti_GS,OC,22,64.01106196602824,0,22,,0,0
ANCHOR,29009,1,SEARCH,REFUGE_Valid,OD,441,79.0786958092667,0,441,,0,0
ANCHOR,29009,1,SEARCH,REFUGE_Valid,OC,441,63.268696972874174,0,441,,0,0
ANCHOR,29009,1,SEARCH,ORIGA,OD,352,87.99939145213075,0,352,,0,0
ANCHOR,29009,1,SEARCH,ORIGA,OC,352,69.40542109939022,0,352,,0,0
ANCHOR,29009,1,SEARCH,REFUGE,OD,202,90.60699253463677,0,202,,0,0
ANCHOR,29009,1,SEARCH,REFUGE,OC,202,80.69890872492985,0,202,,0,0
ANCHOR,20260907,0,PRIMARY_ALL,REFUGE,OD,336,88.62469891315666,0,336,,0,0
ANCHOR,20260907,0,PRIMARY_ALL,REFUGE,OC,336,83.30426064329203,0,336,,0,0
ANCHOR,20260907,0,PRIMARY_ALL,ORIGA,OD,586,88.84530879838871,0,586,,0,0
ANCHOR,20260907,0,PRIMARY_ALL,ORIGA,OC,586,72.2215841173643,0,586,,0,0
ANCHOR,20260907,0,PRIMARY_ALL,REFUGE_Valid,OD,736,79.45872216263078,0,736,,0,0
ANCHOR,20260907,0,PRIMARY_ALL,REFUGE_Valid,OC,736,60.117514475287216,0,736,,0,0
ANCHOR,20260907,0,PRIMARY_ALL,Drishti_GS,OD,37,92.47722525990466,0,37,,0,0
ANCHOR,20260907,0,PRIMARY_ALL,Drishti_GS,OC,37,70.73867448659915,0,37,,0,0
ANCHOR,20260907,0,SEALED_REVIEW,REFUGE,OD,134,88.8354390304076,0,134,,0,0
ANCHOR,20260907,0,SEALED_REVIEW,REFUGE,OC,134,82.50157470387988,0,134,,0,0
ANCHOR,20260907,0,SEALED_REVIEW,ORIGA,OD,234,88.99701854791114,0,234,,0,0
ANCHOR,20260907,0,SEALED_REVIEW,ORIGA,OC,234,73.51579212841257,0,234,,0,0
ANCHOR,20260907,0,SEALED_REVIEW,REFUGE_Valid,OD,295,80.1048504957372,0,295,,0,0
ANCHOR,20260907,0,SEALED_REVIEW,REFUGE_Valid,OC,295,60.56599071880263,0,295,,0,0
ANCHOR,20260907,0,SEALED_REVIEW,Drishti_GS,OD,15,91.62906624112281,0,15,,0,0
ANCHOR,20260907,0,SEALED_REVIEW,Drishti_GS,OC,15,67.50147186834175,0,15,,0,0
ANCHOR,20260907,0,SEARCH,REFUGE,OD,202,88.48490101359415,0,202,,0,0
ANCHOR,20260907,0,SEARCH,REFUGE,OC,202,83.83673547438721,0,202,,0,0
ANCHOR,20260907,0,SEARCH,ORIGA,OD,352,88.74445629444483,0,352,,0,0
ANCHOR,20260907,0,SEARCH,ORIGA,OC,352,71.36122992820152,0,352,,0,0
ANCHOR,20260907,0,SEARCH,REFUGE_Valid,OD,441,79.02650479694734,0,441,,0,0
ANCHOR,20260907,0,SEARCH,REFUGE_Valid,OC,441,59.817513360010466,0,441,,0,0
ANCHOR,20260907,0,SEARCH,Drishti_GS,OD,22,93.05551549998317,0,22,,0,0
ANCHOR,20260907,0,SEARCH,Drishti_GS,OC,22,72.94585808995646,0,22,,0,0
ANCHOR,20260907,1,PRIMARY_ALL,Drishti_GS,OD,37,86.11193746587064,0,37,,0,0
ANCHOR,20260907,1,PRIMARY_ALL,Drishti_GS,OC,37,61.34268082196619,0,37,,0,0
ANCHOR,20260907,1,PRIMARY_ALL,REFUGE_Valid,OD,736,81.42557407005854,0,736,,0,0
ANCHOR,20260907,1,PRIMARY_ALL,REFUGE_Valid,OC,736,63.85076841310734,0,736,,0,0
ANCHOR,20260907,1,PRIMARY_ALL,ORIGA,OD,586,88.20025852730181,0,586,,0,0
ANCHOR,20260907,1,PRIMARY_ALL,ORIGA,OC,586,70.57014407677946,0,586,,0,0
ANCHOR,20260907,1,PRIMARY_ALL,REFUGE,OD,336,90.97758268379994,0,336,,0,0
ANCHOR,20260907,1,PRIMARY_ALL,REFUGE,OC,336,80.81108877872471,0,336,,0,0
ANCHOR,20260907,1,SEALED_REVIEW,Drishti_GS,OD,15,84.66002462019638,0,15,,0,0
ANCHOR,20260907,1,SEALED_REVIEW,Drishti_GS,OC,15,57.34323667884489,0,15,,0,0
ANCHOR,20260907,1,SEALED_REVIEW,REFUGE_Valid,OD,295,82.63268948438052,0,295,,0,0
ANCHOR,20260907,1,SEALED_REVIEW,REFUGE_Valid,OC,295,64.53734638760824,0,295,,0,0
ANCHOR,20260907,1,SEALED_REVIEW,ORIGA,OD,234,88.29390897138964,0,234,,0,0
ANCHOR,20260907,1,SEALED_REVIEW,ORIGA,OC,234,71.5839562559895,0,234,,0,0
ANCHOR,20260907,1,SEALED_REVIEW,REFUGE,OD,134,90.63930897152535,0,134,,0,0
ANCHOR,20260907,1,SEALED_REVIEW,REFUGE,OC,134,80.27478469202916,0,134,,0,0
ANCHOR,20260907,1,SEARCH,Drishti_GS,OD,22,87.10187804246674,0,22,,0,0
ANCHOR,20260907,1,SEARCH,Drishti_GS,OC,22,64.06957455591254,0,22,,0,0
ANCHOR,20260907,1,SEARCH,REFUGE_Valid,OD,441,80.61809323734884,0,441,,0,0
ANCHOR,20260907,1,SEARCH,REFUGE_Valid,OC,441,63.39149289728474,0,441,,0,0
ANCHOR,20260907,1,SEARCH,ORIGA,OD,352,88.13800226617523,0,352,,0,0
ANCHOR,20260907,1,SEARCH,ORIGA,OC,352,69.89618938946369,0,352,,0,0
ANCHOR,20260907,1,SEARCH,REFUGE,OD,202,91.201982077091,0,202,,0,0
ANCHOR,20260907,1,SEARCH,REFUGE,OC,202,81.1668548560376,0,202,,0,0
C,17011,0,PRIMARY_ALL,REFUGE,OD,336,88.18647744386632,0,336,,0,0
C,17011,0,PRIMARY_ALL,REFUGE,OC,336,83.35079051117404,0,336,,0,0
C,17011,0,PRIMARY_ALL,ORIGA,OD,586,87.90348504522053,0,586,,0,0
C,17011,0,PRIMARY_ALL,ORIGA,OC,586,72.06268555433498,0,586,,0,0
C,17011,0,PRIMARY_ALL,REFUGE_Valid,OD,736,79.89457935338693,0,736,,0,0
C,17011,0,PRIMARY_ALL,REFUGE_Valid,OC,736,60.098825215693566,0,736,,0,0
C,17011,0,PRIMARY_ALL,Drishti_GS,OD,37,92.30252967675703,0,37,,0,0
C,17011,0,PRIMARY_ALL,Drishti_GS,OC,37,68.91718875925143,0,37,,0,0
C,17011,0,SEALED_REVIEW,REFUGE,OD,134,88.37115519294349,0,134,,0,0
C,17011,0,SEALED_REVIEW,REFUGE,OC,134,82.58601109448921,0,134,,0,0
C,17011,0,SEALED_REVIEW,ORIGA,OD,234,88.10673802178556,0,234,,0,0
C,17011,0,SEALED_REVIEW,ORIGA,OC,234,73.34831422153479,0,234,,0,0
C,17011,0,SEALED_REVIEW,REFUGE_Valid,OD,295,80.4826656146259,0,295,,0,0
C,17011,0,SEALED_REVIEW,REFUGE_Valid,OC,295,60.51297452493878,0,295,,0,0
C,17011,0,SEALED_REVIEW,Drishti_GS,OD,15,91.44930476760288,0,15,,0,0
C,17011,0,SEALED_REVIEW,Drishti_GS,OC,15,65.33168766722598,0,15,,0,0
C,17011,0,SEARCH,REFUGE,OD,202,88.06396844200324,0,202,,0,0
C,17011,0,SEARCH,REFUGE,OC,202,83.85811943115309,0,202,,0,0
C,17011,0,SEARCH,ORIGA,OD,352,87.76836800966309,0,352,,0,0
C,17011,0,SEARCH,ORIGA,OC,352,71.20803467898055,0,352,,0,0
C,17011,0,SEARCH,REFUGE_Valid,OD,441,79.50118831695724,0,441,,0,0
C,17011,0,SEARCH,REFUGE_Valid,OC,441,59.82178656211684,0,441,,0,0
C,17011,0,SEARCH,Drishti_GS,OD,22,92.8842739329985,0,22,,0,0
C,17011,0,SEARCH,Drishti_GS,OC,22,71.36184859472333,0,22,,0,0
C,17011,1,PRIMARY_ALL,Drishti_GS,OD,37,86.03308534026941,0,37,,0,0
C,17011,1,PRIMARY_ALL,Drishti_GS,OC,37,61.39986314439026,0,37,,0,0
C,17011,1,PRIMARY_ALL,REFUGE_Valid,OD,736,81.83393761088644,0,736,,0,0
C,17011,1,PRIMARY_ALL,REFUGE_Valid,OC,736,64.23722426416435,0,736,,0,0
C,17011,1,PRIMARY_ALL,ORIGA,OD,586,87.82223419156202,0,586,,0,0
C,17011,1,PRIMARY_ALL,ORIGA,OC,586,70.03945635023643,0,586,,0,0
C,17011,1,PRIMARY_ALL,REFUGE,OD,336,90.77004530147188,0,336,,0,0
C,17011,1,PRIMARY_ALL,REFUGE,OC,336,80.61391838641518,0,336,,0,0
C,17011,1,SEALED_REVIEW,Drishti_GS,OD,15,84.6021055104852,0,15,,0,0
C,17011,1,SEALED_REVIEW,Drishti_GS,OC,15,57.48067903512695,0,15,,0,0
C,17011,1,SEALED_REVIEW,REFUGE_Valid,OD,295,83.10639417621309,0,295,,0,0
C,17011,1,SEALED_REVIEW,REFUGE_Valid,OC,295,64.9265023138759,0,295,,0,0
C,17011,1,SEALED_REVIEW,ORIGA,OD,234,87.87594574470678,0,234,,0,0
C,17011,1,SEALED_REVIEW,ORIGA,OC,234,71.01964633551317,0,234,,0,0
C,17011,1,SEALED_REVIEW,REFUGE,OD,134,90.46047839313721,0,134,,0,0
C,17011,1,SEALED_REVIEW,REFUGE,OC,134,80.06081917203116,0,134,,0,0
C,17011,1,SEARCH,Drishti_GS,OD,22,87.00875340603136,0,22,,0,0
C,17011,1,SEARCH,Drishti_GS,OC,22,64.07203412797888,0,22,,0,0
C,17011,1,SEARCH,REFUGE_Valid,OD,441,80.98274784496499,0,441,,0,0
C,17011,1,SEARCH,REFUGE_Valid,OC,441,63.776142575581794,0,441,,0,0
C,17011,1,SEARCH,ORIGA,OD,352,87.7865282158919,0,352,,0,0
C,17011,1,SEARCH,ORIGA,OC,352,69.3878527804786,0,352,,0,0
C,17011,1,SEARCH,REFUGE,OD,202,90.97540156739686,0,202,,0,0
C,17011,1,SEARCH,REFUGE,OC,202,80.98082578605607,0,202,,0,0
C,29009,0,PRIMARY_ALL,REFUGE,OD,336,87.93438567992102,0,336,,0,0
C,29009,0,PRIMARY_ALL,REFUGE,OC,336,83.43442897708287,0,336,,0,0
C,29009,0,PRIMARY_ALL,ORIGA,OD,586,88.1249227171166,0,586,,0,0
C,29009,0,PRIMARY_ALL,ORIGA,OC,586,72.13070529443853,0,586,,0,0
C,29009,0,PRIMARY_ALL,REFUGE_Valid,OD,736,78.77389440224009,0,736,,0,0
C,29009,0,PRIMARY_ALL,REFUGE_Valid,OC,736,59.15924223115333,0,736,,0,0
C,29009,0,PRIMARY_ALL,Drishti_GS,OD,37,92.95582504639266,0,37,,0,0
C,29009,0,PRIMARY_ALL,Drishti_GS,OC,37,69.71228588345046,0,37,,0,0
C,29009,0,SEALED_REVIEW,REFUGE,OD,134,88.07759060799408,0,134,,0,0
C,29009,0,SEALED_REVIEW,REFUGE,OC,134,82.68874777587921,0,134,,0,0
C,29009,0,SEALED_REVIEW,ORIGA,OD,234,88.33172651933806,0,234,,0,0
C,29009,0,SEALED_REVIEW,ORIGA,OC,234,73.3707157377365,0,234,,0,0
C,29009,0,SEALED_REVIEW,REFUGE_Valid,OD,295,79.38224864614217,0,295,,0,0
C,29009,0,SEALED_REVIEW,REFUGE_Valid,OC,295,59.57706552927324,0,295,,0,0
C,29009,0,SEALED_REVIEW,Drishti_GS,OD,15,92.10991313643885,0,15,,0,0
C,29009,0,SEALED_REVIEW,Drishti_GS,OC,15,66.14990642002151,0,15,,0,0
C,29009,0,SEARCH,REFUGE,OD,202,87.8393883513973,0,202,,0,0
C,29009,0,SEARCH,REFUGE,OC,202,83.92908878382194,0,202,,0,0
C,29009,0,SEARCH,ORIGA,OD,352,87.98744518950346,0,352,,0,0
C,29009,0,SEARCH,ORIGA,OC,352,71.30638017020067,0,352,,0,0
C,29009,0,SEARCH,REFUGE_Valid,OD,441,78.36694541822396,0,441,,0,0
C,29009,0,SEARCH,REFUGE_Valid,OC,441,58.879745920619605,0,441,,0,0
C,29009,0,SEARCH,Drishti_GS,OD,22,93.53258316681571,0,22,,0,0
C,29009,0,SEARCH,Drishti_GS,OC,22,72.14118097215201,0,22,,0,0
C,29009,1,PRIMARY_ALL,Drishti_GS,OD,37,86.50215114243834,0,37,,0,0
C,29009,1,PRIMARY_ALL,Drishti_GS,OC,37,61.26420666048334,0,37,,0,0
C,29009,1,PRIMARY_ALL,REFUGE_Valid,OD,736,81.10402836956739,0,736,,0,0
C,29009,1,PRIMARY_ALL,REFUGE_Valid,OC,736,64.30309057738681,0,736,,0,0
C,29009,1,PRIMARY_ALL,ORIGA,OD,586,87.39469463290165,0,586,,0,0
C,29009,1,PRIMARY_ALL,ORIGA,OC,586,69.05066754790371,0,586,,0,0
C,29009,1,PRIMARY_ALL,REFUGE,OD,336,90.3223474752575,0,336,,0,0
C,29009,1,PRIMARY_ALL,REFUGE,OC,336,80.54751189704685,0,336,,0,0
C,29009,1,SEALED_REVIEW,Drishti_GS,OD,15,85.05532644749886,0,15,,0,0
C,29009,1,SEALED_REVIEW,Drishti_GS,OC,15,57.31228970705995,0,15,,0,0
C,29009,1,SEALED_REVIEW,REFUGE_Valid,OD,295,82.40105879602058,0,295,,0,0
C,29009,1,SEALED_REVIEW,REFUGE_Valid,OC,295,65.0179819613107,0,295,,0,0
C,29009,1,SEALED_REVIEW,ORIGA,OD,234,87.40151218225338,0,234,,0,0
C,29009,1,SEALED_REVIEW,ORIGA,OC,234,70.02393871037332,0,234,,0,0
C,29009,1,SEALED_REVIEW,REFUGE,OD,134,89.9426138747318,0,134,,0,0
C,29009,1,SEALED_REVIEW,REFUGE,OC,134,79.94522782793737,0,134,,0,0
C,29009,1,SEARCH,Drishti_GS,OD,22,87.4886225253516,0,22,,0,0
C,29009,1,SEARCH,Drishti_GS,OC,22,63.95869549236292,0,22,,0,0
C,29009,1,SEARCH,REFUGE_Valid,OD,441,80.23640030652048,0,441,,0,0
C,29009,1,SEARCH,REFUGE_Valid,OC,441,63.82487525253976,0,441,,0,0
C,29009,1,SEARCH,ORIGA,OD,352,87.39016251202578,0,352,,0,0
C,29009,1,SEARCH,ORIGA,OC,352,68.40366342285289,0,352,,0,0
C,29009,1,SEARCH,REFUGE,OD,202,90.57424996273495,0,202,,0,0
C,29009,1,SEARCH,REFUGE,OC,202,80.94704687358481,0,202,,0,0
C,20260907,0,PRIMARY_ALL,REFUGE,OD,336,88.3771914422293,0,336,,0,0
C,20260907,0,PRIMARY_ALL,REFUGE,OC,336,83.27966210909304,0,336,,0,0
C,20260907,0,PRIMARY_ALL,ORIGA,OD,586,88.25708328613436,0,586,,0,0
C,20260907,0,PRIMARY_ALL,ORIGA,OC,586,72.46894910986826,0,586,,0,0
C,20260907,0,PRIMARY_ALL,REFUGE_Valid,OD,736,78.41050005855556,0,736,,0,0
C,20260907,0,PRIMARY_ALL,REFUGE_Valid,OC,736,59.72251146944681,0,736,,0,0
C,20260907,0,PRIMARY_ALL,Drishti_GS,OD,37,92.94947586476542,0,37,,0,0
C,20260907,0,PRIMARY_ALL,Drishti_GS,OC,37,69.36867603266047,0,37,,0,0
C,20260907,0,SEALED_REVIEW,REFUGE,OD,134,88.56365045593681,0,134,,0,0
C,20260907,0,SEALED_REVIEW,REFUGE,OC,134,82.46027924712526,0,134,,0,0
C,20260907,0,SEALED_REVIEW,ORIGA,OD,234,88.42945983253117,0,234,,0,0
C,20260907,0,SEALED_REVIEW,ORIGA,OC,234,73.74165463347575,0,234,,0,0
C,20260907,0,SEALED_REVIEW,REFUGE_Valid,OD,295,79.11013237765201,0,295,,0,0
C,20260907,0,SEALED_REVIEW,REFUGE_Valid,OC,295,60.14591121091141,0,295,,0,0
C,20260907,0,SEALED_REVIEW,Drishti_GS,OD,15,92.10407891368587,0,15,,0,0
C,20260907,0,SEALED_REVIEW,Drishti_GS,OC,15,65.85935085325396,0,15,,0,0
C,20260907,0,SEARCH,REFUGE,OD,202,88.25350080937382,0,202,,0,0
C,20260907,0,SEARCH,REFUGE,OC,202,83.823213116537,0,202,,0,0
C,20260907,0,SEARCH,ORIGA,OD,352,88.14249205926829,0,352,,0,0
C,20260907,0,SEARCH,ORIGA,OC,352,71.62288918792466,0,352,,0,0
C,20260907,0,SEARCH,REFUGE_Valid,OD,441,77.94249204464751,0,441,,0,0
C,20260907,0,SEARCH,REFUGE_Valid,OC,441,59.43928488502038,0,441,,0,0
C,20260907,0,SEARCH,Drishti_GS,OD,22,93.52588287686511,0,22,,0,0
C,20260907,0,SEARCH,Drishti_GS,OC,22,71.7613977458922,0,22,,0,0
C,20260907,1,PRIMARY_ALL,Drishti_GS,OD,37,85.95899660557197,0,37,,0,0
C,20260907,1,PRIMARY_ALL,Drishti_GS,OC,37,61.28186406542727,0,37,,0,0
C,20260907,1,PRIMARY_ALL,REFUGE_Valid,OD,736,82.49780776701517,0,736,,0,0
C,20260907,1,PRIMARY_ALL,REFUGE_Valid,OC,736,64.5032474911912,0,736,,0,0
C,20260907,1,PRIMARY_ALL,ORIGA,OD,586,87.84554846283864,0,586,,0,0
C,20260907,1,PRIMARY_ALL,ORIGA,OC,586,69.85253871598226,0,586,,0,0
C,20260907,1,PRIMARY_ALL,REFUGE,OD,336,91.04440483046776,0,336,,0,0
C,20260907,1,PRIMARY_ALL,REFUGE,OC,336,81.06637633862897,0,336,,0,0
C,20260907,1,SEALED_REVIEW,Drishti_GS,OD,15,84.52044283445387,0,15,,0,0
C,20260907,1,SEALED_REVIEW,Drishti_GS,OC,15,57.321483123700936,0,15,,0,0
C,20260907,1,SEALED_REVIEW,REFUGE_Valid,OD,295,83.68880537688023,0,295,,0,0
C,20260907,1,SEALED_REVIEW,REFUGE_Valid,OC,295,65.1859711108448,0,295,,0,0
C,20260907,1,SEALED_REVIEW,ORIGA,OD,234,87.95705285581357,0,234,,0,0
C,20260907,1,SEALED_REVIEW,ORIGA,OC,234,70.96238322581596,0,234,,0,0
C,20260907,1,SEALED_REVIEW,REFUGE,OD,134,90.72666778733394,0,134,,0,0
C,20260907,1,SEALED_REVIEW,REFUGE,OC,134,80.50798280344641,0,134,,0,0
C,20260907,1,SEARCH,Drishti_GS,OD,22,86.9398287222434,0,22,,0,0
C,20260907,1,SEARCH,Drishti_GS,OC,22,63.982123798422506,0,22,,0,0
C,20260907,1,SEARCH,REFUGE_Valid,OD,441,81.70110868558618,0,441,,0,0
C,20260907,1,SEARCH,REFUGE_Valid,OC,441,64.04655028530047,0,441,,0,0
C,20260907,1,SEARCH,ORIGA,OD,352,87.7714233834178,0,352,,0,0
C,20260907,1,SEARCH,ORIGA,OC,352,69.11474435433145,0,352,,0,0
C,20260907,1,SEARCH,REFUGE,OD,202,91.25518088878425,0,202,,0,0
C,20260907,1,SEARCH,REFUGE,OC,202,81.43679581246293,0,202,,0,0
GREEDY,17011,0,PRIMARY_ALL,REFUGE,OD,336,88.49453579520141,0,336,,0,0
GREEDY,17011,0,PRIMARY_ALL,REFUGE,OC,336,83.32445365846294,0,336,,0,0
GREEDY,17011,0,PRIMARY_ALL,ORIGA,OD,586,88.43187765679086,0,586,,0,0
GREEDY,17011,0,PRIMARY_ALL,ORIGA,OC,586,72.49753877259347,0,586,,0,0
GREEDY,17011,0,PRIMARY_ALL,REFUGE_Valid,OD,736,81.11705135322536,0,736,,0,0
GREEDY,17011,0,PRIMARY_ALL,REFUGE_Valid,OC,736,60.08865404219445,0,736,,0,0
GREEDY,17011,0,PRIMARY_ALL,Drishti_GS,OD,37,91.61968818860153,0,37,,0,0
GREEDY,17011,0,PRIMARY_ALL,Drishti_GS,OC,37,69.39246012469373,0,37,,0,0
GREEDY,17011,0,SEALED_REVIEW,REFUGE,OD,134,88.70889453023229,0,134,,0,0
GREEDY,17011,0,SEALED_REVIEW,REFUGE,OC,134,82.5527352801936,0,134,,0,0
GREEDY,17011,0,SEALED_REVIEW,ORIGA,OD,234,88.63067682134188,0,234,,0,0
GREEDY,17011,0,SEALED_REVIEW,ORIGA,OC,234,73.7630158255256,0,234,,0,0
GREEDY,17011,0,SEALED_REVIEW,REFUGE_Valid,OD,295,81.63033270808222,0,295,,0,0
GREEDY,17011,0,SEALED_REVIEW,REFUGE_Valid,OC,295,60.490330698467496,0,295,,0,0
GREEDY,17011,0,SEALED_REVIEW,Drishti_GS,OD,15,90.72818845390967,0,15,,0,0
GREEDY,17011,0,SEALED_REVIEW,Drishti_GS,OC,15,65.98825617159599,0,15,,0,0
GREEDY,17011,0,SEARCH,REFUGE,OD,202,88.35233742641856,0,202,,0,0
GREEDY,17011,0,SEARCH,REFUGE,OC,202,83.83638565196834,0,202,,0,0
GREEDY,17011,0,SEARCH,ORIGA,OD,352,88.29972139399274,0,352,,0,0
GREEDY,17011,0,SEARCH,ORIGA,OC,352,71.65628414081472,0,352,,0,0
GREEDY,17011,0,SEARCH,REFUGE_Valid,OD,441,80.7736998800218,0,441,,0,0
GREEDY,17011,0,SEARCH,REFUGE_Valid,OC,441,59.81995877325896,0,441,,0,0
GREEDY,17011,0,SEARCH,Drishti_GS,OD,22,92.22752891680051,0,22,,0,0
GREEDY,17011,0,SEARCH,Drishti_GS,OC,22,71.7135082745331,0,22,,0,0
GREEDY,17011,1,PRIMARY_ALL,Drishti_GS,OD,37,86.25529609633656,0,37,,0,0
GREEDY,17011,1,PRIMARY_ALL,Drishti_GS,OC,37,61.519201417292614,0,37,,0,0
GREEDY,17011,1,PRIMARY_ALL,REFUGE_Valid,OD,736,80.90665561951283,0,736,,0,0
GREEDY,17011,1,PRIMARY_ALL,REFUGE_Valid,OC,736,63.57931502868788,0,736,,0,0
GREEDY,17011,1,PRIMARY_ALL,ORIGA,OD,586,88.17114772430998,0,586,,0,0
GREEDY,17011,1,PRIMARY_ALL,ORIGA,OC,586,70.46560301498695,0,586,,0,0
GREEDY,17011,1,PRIMARY_ALL,REFUGE,OD,336,90.54091046641318,0,336,,0,0
GREEDY,17011,1,PRIMARY_ALL,REFUGE,OC,336,80.34888438094644,0,336,,0,0
GREEDY,17011,1,SEALED_REVIEW,Drishti_GS,OD,15,84.81427641323297,0,15,,0,0
GREEDY,17011,1,SEALED_REVIEW,Drishti_GS,OC,15,57.572271030384904,0,15,,0,0
GREEDY,17011,1,SEALED_REVIEW,REFUGE_Valid,OD,295,82.19680153065318,0,295,,0,0
GREEDY,17011,1,SEALED_REVIEW,REFUGE_Valid,OC,295,64.30877208397003,0,295,,0,0
GREEDY,17011,1,SEALED_REVIEW,ORIGA,OD,234,88.20444330449466,0,234,,0,0
GREEDY,17011,1,SEALED_REVIEW,ORIGA,OC,234,71.38063145804324,0,234,,0,0
GREEDY,17011,1,SEALED_REVIEW,REFUGE,OD,134,90.20363867694292,0,134,,0,0
GREEDY,17011,1,SEALED_REVIEW,REFUGE,OC,134,79.88405856107241,0,134,,0,0
GREEDY,17011,1,SEARCH,Drishti_GS,OD,22,87.23780951663447,0,22,,0,0
GREEDY,17011,1,SEARCH,Drishti_GS,OC,22,64.21029031745697,0,22,,0,0
GREEDY,17011,1,SEARCH,REFUGE_Valid,OD,441,80.04363284448698,0,441,,0,0
GREEDY,17011,1,SEARCH,REFUGE_Valid,OC,441,63.09135622753542,0,441,,0,0
GREEDY,17011,1,SEARCH,ORIGA,OD,352,88.14901373066449,0,352,,0,0
GREEDY,17011,1,SEARCH,ORIGA,OC,352,69.85731706136431,0,352,,0,0
GREEDY,17011,1,SEARCH,REFUGE,OD,202,90.76464521784395,0,202,,0,0
GREEDY,17011,1,SEARCH,REFUGE,OC,202,80.65723418224901,0,202,,0,0
GREEDY,29009,0,PRIMARY_ALL,REFUGE,OD,336,88.24464124079195,0,336,,0,0
GREEDY,29009,0,PRIMARY_ALL,REFUGE,OC,336,83.46376378722071,0,336,,0,0
GREEDY,29009,0,PRIMARY_ALL,ORIGA,OD,586,88.66277846854274,0,586,,0,0
GREEDY,29009,0,PRIMARY_ALL,ORIGA,OC,586,72.43655822653984,0,586,,0,0
GREEDY,29009,0,PRIMARY_ALL,REFUGE_Valid,OD,736,80.69135265387588,0,736,,0,0
GREEDY,29009,0,PRIMARY_ALL,REFUGE_Valid,OC,736,58.83526239656006,0,736,,0,0
GREEDY,29009,0,PRIMARY_ALL,Drishti_GS,OD,37,91.71159839947848,0,37,,0,0
GREEDY,29009,0,PRIMARY_ALL,Drishti_GS,OC,37,71.34150830763043,0,37,,0,0
GREEDY,29009,0,SEALED_REVIEW,REFUGE,OD,134,88.41172971044365,0,134,,0,0
GREEDY,29009,0,SEALED_REVIEW,REFUGE,OC,134,82.74396954813213,0,134,,0,0
GREEDY,29009,0,SEALED_REVIEW,ORIGA,OD,234,88.8481185743677,0,234,,0,0
GREEDY,29009,0,SEALED_REVIEW,ORIGA,OC,234,73.65141583050716,0,234,,0,0
GREEDY,29009,0,SEALED_REVIEW,REFUGE_Valid,OD,295,81.22429067763876,0,295,,0,0
GREEDY,29009,0,SEALED_REVIEW,REFUGE_Valid,OC,295,59.241269476758134,0,295,,0,0
GREEDY,29009,0,SEALED_REVIEW,Drishti_GS,OD,15,90.8699271674044,0,15,,0,0
GREEDY,29009,0,SEALED_REVIEW,Drishti_GS,OC,15,68.16338592726795,0,15,,0,0
GREEDY,29009,0,SEARCH,REFUGE,OD,202,88.13380037478537,0,202,,0,0
GREEDY,29009,0,SEARCH,REFUGE,OC,202,83.94125105473493,0,202,,0,0
GREEDY,29009,0,SEARCH,ORIGA,OD,352,88.53956942092046,0,352,,0,0
GREEDY,29009,0,SEARCH,ORIGA,OC,352,71.62895402390248,0,352,,0,0
GREEDY,29009,0,SEARCH,REFUGE_Valid,OD,441,80.33485216178961,0,441,,0,0
GREEDY,29009,0,SEARCH,REFUGE_Valid,OC,441,58.56367035878584,0,441,,0,0
GREEDY,29009,0,SEARCH,Drishti_GS,OD,22,92.28546514861989,0,22,,0,0
GREEDY,29009,0,SEARCH,Drishti_GS,OC,22,73.50840993060487,0,22,,0,0
GREEDY,29009,1,PRIMARY_ALL,Drishti_GS,OD,37,86.65471599862845,0,37,,0,0
GREEDY,29009,1,PRIMARY_ALL,Drishti_GS,OC,37,61.305034662119674,0,37,,0,0
GREEDY,29009,1,PRIMARY_ALL,REFUGE_Valid,OD,736,79.96346839336384,0,736,,0,0
GREEDY,29009,1,PRIMARY_ALL,REFUGE_Valid,OC,736,63.7437509844604,0,736,,0,0
GREEDY,29009,1,PRIMARY_ALL,ORIGA,OD,586,88.00798769761384,0,586,,0,0
GREEDY,29009,1,PRIMARY_ALL,ORIGA,OC,586,69.99823586799941,0,586,,0,0
GREEDY,29009,1,PRIMARY_ALL,REFUGE,OD,336,90.40095065745632,0,336,,0,0
GREEDY,29009,1,PRIMARY_ALL,REFUGE,OC,336,80.31372912952497,0,336,,0,0
GREEDY,29009,1,SEALED_REVIEW,Drishti_GS,OD,15,85.19423966125117,0,15,,0,0
GREEDY,29009,1,SEALED_REVIEW,Drishti_GS,OC,15,57.33846307924301,0,15,,0,0
GREEDY,29009,1,SEALED_REVIEW,REFUGE_Valid,OD,295,81.27019294128002,0,295,,0,0
GREEDY,29009,1,SEALED_REVIEW,REFUGE_Valid,OC,295,64.4738000325858,0,295,,0,0
GREEDY,29009,1,SEALED_REVIEW,ORIGA,OD,234,88.00152269698101,0,234,,0,0
GREEDY,29009,1,SEALED_REVIEW,ORIGA,OC,234,70.89693513297044,0,234,,0,0
GREEDY,29009,1,SEALED_REVIEW,REFUGE,OD,134,90.05895490612788,0,134,,0,0
GREEDY,29009,1,SEALED_REVIEW,REFUGE,OC,134,79.71132623291088,0,134,,0,0
GREEDY,29009,1,SEARCH,Drishti_GS,OD,22,87.65049531956751,0,22,,0,0
GREEDY,29009,1,SEARCH,Drishti_GS,OC,22,64.00951528680831,0,22,,0,0
GREEDY,29009,1,SEARCH,REFUGE_Valid,OD,441,79.08935560054009,0,441,,0,0
GREEDY,29009,1,SEARCH,REFUGE_Valid,OC,441,63.255396179025034,0,441,,0,0
GREEDY,29009,1,SEARCH,ORIGA,OD,352,88.01228545371636,0,352,,0,0
GREEDY,29009,1,SEARCH,ORIGA,OC,352,69.40080510662662,0,352,,0,0
GREEDY,29009,1,SEARCH,REFUGE,OD,202,90.62781912615934,0,202,,0,0
GREEDY,29009,1,SEARCH,REFUGE,OC,202,80.71334293222937,0,202,,0,0
GREEDY,20260907,0,PRIMARY_ALL,REFUGE,OD,336,88.6510688084978,0,336,,0,0
GREEDY,20260907,0,PRIMARY_ALL,REFUGE,OC,336,83.30902918784747,0,336,,0,0
GREEDY,20260907,0,PRIMARY_ALL,ORIGA,OD,586,88.83651098762594,0,586,,0,0
GREEDY,20260907,0,PRIMARY_ALL,ORIGA,OC,586,72.27502591781044,0,586,,0,0
GREEDY,20260907,0,PRIMARY_ALL,REFUGE_Valid,OD,736,79.64919041321394,0,736,,0,0
GREEDY,20260907,0,PRIMARY_ALL,REFUGE_Valid,OC,736,60.062666546510314,0,736,,0,0
GREEDY,20260907,0,PRIMARY_ALL,Drishti_GS,OD,37,92.3907081006812,0,37,,0,0
GREEDY,20260907,0,PRIMARY_ALL,Drishti_GS,OC,37,70.74758376724711,0,37,,0,0
GREEDY,20260907,0,SEALED_REVIEW,REFUGE,OD,134,88.86273421311914,0,134,,0,0
GREEDY,20260907,0,SEALED_REVIEW,REFUGE,OC,134,82.50898479988398,0,134,,0,0
GREEDY,20260907,0,SEALED_REVIEW,ORIGA,OD,234,88.99006234180915,0,234,,0,0
GREEDY,20260907,0,SEALED_REVIEW,ORIGA,OC,234,73.56461531269,0,234,,0,0
GREEDY,20260907,0,SEALED_REVIEW,REFUGE_Valid,OD,295,80.29037874562631,0,295,,0,0
GREEDY,20260907,0,SEALED_REVIEW,REFUGE_Valid,OC,295,60.504274135900864,0,295,,0,0
GREEDY,20260907,0,SEALED_REVIEW,Drishti_GS,OD,15,91.54255153317091,0,15,,0,0
GREEDY,20260907,0,SEALED_REVIEW,Drishti_GS,OC,15,67.5025108504955,0,15,,0,0
GREEDY,20260907,0,SEARCH,REFUGE,OD,202,88.51065710444206,0,202,,0,0
GREEDY,20260907,0,SEARCH,REFUGE,OC,202,83.83975170263514,0,202,,0,0
GREEDY,20260907,0,SEARCH,ORIGA,OD,352,88.73443423512914,0,352,,0,0
GREEDY,20260907,0,SEARCH,ORIGA,OC,352,71.41774205871438,0,352,,0,0
GREEDY,20260907,0,SEARCH,REFUGE_Valid,OD,441,79.22027758314216,0,441,,0,0
GREEDY,20260907,0,SEARCH,REFUGE_Valid,OC,441,59.767260109162905,0,441,,0,0
GREEDY,20260907,0,SEARCH,Drishti_GS,OD,22,92.96899666943821,0,22,,0,0
GREEDY,20260907,0,SEARCH,Drishti_GS,OC,22,72.96013348321412,0,22,,0,0
GREEDY,20260907,1,PRIMARY_ALL,Drishti_GS,OD,37,86.1091839795543,0,37,,0,0
GREEDY,20260907,1,PRIMARY_ALL,Drishti_GS,OC,37,61.34004662459313,0,37,,0,0
GREEDY,20260907,1,PRIMARY_ALL,REFUGE_Valid,OD,736,81.43356610681326,0,736,,0,0
GREEDY,20260907,1,PRIMARY_ALL,REFUGE_Valid,OC,736,63.86052014610128,0,736,,0,0
GREEDY,20260907,1,PRIMARY_ALL,ORIGA,OD,586,88.200745705269,0,586,,0,0
GREEDY,20260907,1,PRIMARY_ALL,ORIGA,OC,586,70.5809736748636,0,586,,0,0
GREEDY,20260907,1,PRIMARY_ALL,REFUGE,OD,336,90.98086687009042,0,336,,0,0
GREEDY,20260907,1,PRIMARY_ALL,REFUGE,OC,336,80.81318437498985,0,336,,0,0
GREEDY,20260907,1,SEALED_REVIEW,Drishti_GS,OD,15,84.65577180916797,0,15,,0,0
GREEDY,20260907,1,SEALED_REVIEW,Drishti_GS,OC,15,57.34318446032573,0,15,,0,0
GREEDY,20260907,1,SEALED_REVIEW,REFUGE_Valid,OD,295,82.63987219538946,0,295,,0,0
GREEDY,20260907,1,SEALED_REVIEW,REFUGE_Valid,OC,295,64.54731077704261,0,295,,0,0
GREEDY,20260907,1,SEALED_REVIEW,ORIGA,OD,234,88.29647447619573,0,234,,0,0
GREEDY,20260907,1,SEALED_REVIEW,ORIGA,OC,234,71.5988799417982,0,234,,0,0
GREEDY,20260907,1,SEALED_REVIEW,REFUGE,OD,134,90.64412788852782,0,134,,0,0
GREEDY,20260907,1,SEALED_REVIEW,REFUGE,OC,134,80.28133248454937,0,134,,0,0
GREEDY,20260907,1,SEARCH,Drishti_GS,OD,22,87.10014682299953,0,22,,0,0
GREEDY,20260907,1,SEARCH,Drishti_GS,OC,22,64.0651799184118,0,22,,0,0
GREEDY,20260907,1,SEARCH,REFUGE_Valid,OD,441,80.6266266598065,0,441,,0,0
GREEDY,20260907,1,SEARCH,REFUGE_Valid,OC,441,63.40110237710425,0,441,,0,0
GREEDY,20260907,1,SEARCH,ORIGA,OD,352,88.13710782914158,0,352,,0,0
GREEDY,20260907,1,SEARCH,ORIGA,OC,352,69.90429734968549,0,352,,0,0
GREEDY,20260907,1,SEARCH,REFUGE,OD,202,91.20424817469136,0,202,,0,0
GREEDY,20260907,1,SEARCH,REFUGE,OC,202,81.16599701518302,0,202,,0,0
PG_CONS,17011,0,PRIMARY_ALL,REFUGE,OD,336,88.49538052214318,0,336,,0,0
PG_CONS,17011,0,PRIMARY_ALL,REFUGE,OC,336,83.32501451177534,0,336,,0,0
PG_CONS,17011,0,PRIMARY_ALL,ORIGA,OD,586,88.43528221576582,0,586,,0,0
PG_CONS,17011,0,PRIMARY_ALL,ORIGA,OC,586,72.49726711271975,0,586,,0,0
PG_CONS,17011,0,PRIMARY_ALL,REFUGE_Valid,OD,736,81.09770557693768,0,736,,0,0
PG_CONS,17011,0,PRIMARY_ALL,REFUGE_Valid,OC,736,60.08964273756823,0,736,,0,0
PG_CONS,17011,0,PRIMARY_ALL,Drishti_GS,OD,37,91.62797034204385,0,37,,0,0
PG_CONS,17011,0,PRIMARY_ALL,Drishti_GS,OC,37,69.38536449652965,0,37,,0,0
PG_CONS,17011,0,SEALED_REVIEW,REFUGE,OD,134,88.71025082936278,0,134,,0,0
PG_CONS,17011,0,SEALED_REVIEW,REFUGE,OC,134,82.5540111925542,0,134,,0,0
PG_CONS,17011,0,SEALED_REVIEW,ORIGA,OD,234,88.63464629249759,0,234,,0,0
PG_CONS,17011,0,SEALED_REVIEW,ORIGA,OC,234,73.76662193636949,0,234,,0,0
PG_CONS,17011,0,SEALED_REVIEW,REFUGE_Valid,OD,295,81.6100442193834,0,295,,0,0
PG_CONS,17011,0,SEALED_REVIEW,REFUGE_Valid,OC,295,60.49088835318133,0,295,,0,0
PG_CONS,17011,0,SEALED_REVIEW,Drishti_GS,OD,15,90.74256559822679,0,15,,0,0
PG_CONS,17011,0,SEALED_REVIEW,Drishti_GS,OC,15,65.97489730239056,0,15,,0,0
PG_CONS,17011,0,SEARCH,REFUGE,OD,202,88.35284279359158,0,202,,0,0
PG_CONS,17011,0,SEARCH,REFUGE,OC,202,83.83647215917946,0,202,,0,0
PG_CONS,17011,0,SEARCH,ORIGA,OD,352,88.30275041475663,0,352,,0,0
PG_CONS,17011,0,SEARCH,ORIGA,OC,352,71.65343464472532,0,352,,0,0
PG_CONS,17011,0,SEARCH,REFUGE_Valid,OD,441,80.75498471634475,0,441,,0,0
PG_CONS,17011,0,SEARCH,REFUGE_Valid,OC,441,59.82123580648916,0,441,,0,0
PG_CONS,17011,0,SEARCH,Drishti_GS,OD,22,92.2316553946464,0,22,,0,0
PG_CONS,17011,0,SEARCH,Drishti_GS,OC,22,71.7106830379881,0,22,,0,0
PG_CONS,17011,1,PRIMARY_ALL,Drishti_GS,OD,37,86.25205265761973,0,37,,0,0
PG_CONS,17011,1,PRIMARY_ALL,Drishti_GS,OC,37,61.52241279894745,0,37,,0,0
PG_CONS,17011,1,PRIMARY_ALL,REFUGE_Valid,OD,736,80.91405610620603,0,736,,0,0
PG_CONS,17011,1,PRIMARY_ALL,REFUGE_Valid,OC,736,63.57927499993432,0,736,,0,0
PG_CONS,17011,1,PRIMARY_ALL,ORIGA,OD,586,88.166238992701,0,586,,0,0
PG_CONS,17011,1,PRIMARY_ALL,ORIGA,OC,586,70.4633437886911,0,586,,0,0
PG_CONS,17011,1,PRIMARY_ALL,REFUGE,OD,336,90.54913567312316,0,336,,0,0
PG_CONS,17011,1,PRIMARY_ALL,REFUGE,OC,336,80.35176659356972,0,336,,0,0
PG_CONS,17011,1,SEALED_REVIEW,Drishti_GS,OD,15,84.81262514590493,0,15,,0,0
PG_CONS,17011,1,SEALED_REVIEW,Drishti_GS,OC,15,57.57291653573528,0,15,,0,0
PG_CONS,17011,1,SEALED_REVIEW,REFUGE_Valid,OD,295,82.20472172380289,0,295,,0,0
PG_CONS,17011,1,SEALED_REVIEW,REFUGE_Valid,OC,295,64.30801340609969,0,295,,0,0
PG_CONS,17011,1,SEALED_REVIEW,ORIGA,OD,234,88.19952348847681,0,234,,0,0
PG_CONS,17011,1,SEALED_REVIEW,ORIGA,OC,234,71.38130762956696,0,234,,0,0
PG_CONS,17011,1,SEALED_REVIEW,REFUGE,OD,134,90.21277227794404,0,134,,0,0
PG_CONS,17011,1,SEALED_REVIEW,REFUGE,OC,134,79.88738590833955,0,134,,0,0
PG_CONS,17011,1,SEARCH,Drishti_GS,OD,22,87.23348050651617,0,22,,0,0
PG_CONS,17011,1,SEARCH,Drishti_GS,OC,22,64.21525116022848,0,22,,0,0
PG_CONS,17011,1,SEARCH,REFUGE_Valid,OD,441,80.05068568173648,0,441,,0,0
PG_CONS,17011,1,SEARCH,REFUGE_Valid,OC,441,63.09179692778287,0,441,,0,0
PG_CONS,17011,1,SEARCH,ORIGA,OD,352,88.14411236766821,0,352,,0,0
PG_CONS,17011,1,SEARCH,ORIGA,OC,352,69.85310646265432,0,352,,0,0
PG_CONS,17011,1,SEARCH,REFUGE,OD,202,90.77226782636079,0,202,,0,0
PG_CONS,17011,1,SEARCH,REFUGE,OC,202,80.65982110753428,0,202,,0,0
PG_CONS,29009,0,PRIMARY_ALL,REFUGE,OD,336,88.24490853787825,0,336,,0,0
PG_CONS,29009,0,PRIMARY_ALL,REFUGE,OC,336,83.46474596190234,0,336,,0,0
PG_CONS,29009,0,PRIMARY_ALL,ORIGA,OD,586,88.6786396259279,0,586,,0,0
PG_CONS,29009,0,PRIMARY_ALL,ORIGA,OC,586,72.43699252600784,0,586,,0,0
PG_CONS,29009,0,PRIMARY_ALL,REFUGE_Valid,OD,736,80.65398374230537,0,736,,0,0
PG_CONS,29009,0,PRIMARY_ALL,REFUGE_Valid,OC,736,58.81635181765315,0,736,,0,0
PG_CONS,29009,0,PRIMARY_ALL,Drishti_GS,OD,37,91.7218443133182,0,37,,0,0
PG_CONS,29009,0,PRIMARY_ALL,Drishti_GS,OC,37,71.34128028010133,0,37,,0,0
PG_CONS,29009,0,SEALED_REVIEW,REFUGE,OD,134,88.41140152129546,0,134,,0,0
PG_CONS,29009,0,SEALED_REVIEW,REFUGE,OC,134,82.74628838982579,0,134,,0,0
PG_CONS,29009,0,SEALED_REVIEW,ORIGA,OD,234,88.86385582699012,0,234,,0,0
PG_CONS,29009,0,SEALED_REVIEW,ORIGA,OC,234,73.65277402453572,0,234,,0,0
PG_CONS,29009,0,SEALED_REVIEW,REFUGE_Valid,OD,295,81.18529775591013,0,295,,0,0
PG_CONS,29009,0,SEALED_REVIEW,REFUGE_Valid,OC,295,59.220390965749225,0,295,,0,0
PG_CONS,29009,0,SEALED_REVIEW,Drishti_GS,OD,15,90.8850793519654,0,15,,0,0
PG_CONS,29009,0,SEALED_REVIEW,Drishti_GS,OC,15,68.17088710130717,0,15,,0,0
PG_CONS,29009,0,SEARCH,REFUGE,OD,202,88.13446269739356,0,202,,0,0
PG_CONS,29009,0,SEARCH,REFUGE,OC,202,83.94134652951747,0,202,,0,0
PG_CONS,29009,0,SEARCH,ORIGA,OD,352,88.55551294681267,0,352,,0,0
PG_CONS,29009,0,SEARCH,ORIGA,OC,352,71.62877414346374,0,352,,0,0
PG_CONS,29009,0,SEARCH,REFUGE_Valid,OD,441,80.29856960622055,0,441,,0,0
PG_CONS,29009,0,SEARCH,REFUGE_Valid,OC,441,58.54607619704466,0,441,,0,0
PG_CONS,29009,0,SEARCH,Drishti_GS,OD,22,92.29236587787692,0,22,,0,0
PG_CONS,29009,0,SEARCH,Drishti_GS,OC,22,73.50291199291553,0,22,,0,0
PG_CONS,29009,1,PRIMARY_ALL,Drishti_GS,OD,37,86.65491145989361,0,37,,0,0
PG_CONS,29009,1,PRIMARY_ALL,Drishti_GS,OC,37,61.30629011347205,0,37,,0,0
PG_CONS,29009,1,PRIMARY_ALL,REFUGE_Valid,OD,736,79.95420720879206,0,736,,0,0
PG_CONS,29009,1,PRIMARY_ALL,REFUGE_Valid,OC,736,63.75025187690515,0,736,,0,0
PG_CONS,29009,1,PRIMARY_ALL,ORIGA,OD,586,87.98833722411247,0,586,,0,0
PG_CONS,29009,1,PRIMARY_ALL,ORIGA,OC,586,69.97778941360707,0,586,,0,0
PG_CONS,29009,1,PRIMARY_ALL,REFUGE,OD,336,90.38847925806607,0,336,,0,0
PG_CONS,29009,1,PRIMARY_ALL,REFUGE,OC,336,80.30319878056733,0,336,,0,0
PG_CONS,29009,1,SEALED_REVIEW,Drishti_GS,OD,15,85.19425466322954,0,15,,0,0
PG_CONS,29009,1,SEALED_REVIEW,Drishti_GS,OC,15,57.34008324899361,0,15,,0,0
PG_CONS,29009,1,SEALED_REVIEW,REFUGE_Valid,OD,295,81.26112256880897,0,295,,0,0
PG_CONS,29009,1,SEALED_REVIEW,REFUGE_Valid,OC,295,64.48086929191396,0,295,,0,0
PG_CONS,29009,1,SEALED_REVIEW,ORIGA,OD,234,87.98266240087507,0,234,,0,0
PG_CONS,29009,1,SEALED_REVIEW,ORIGA,OC,234,70.87533193031571,0,234,,0,0
PG_CONS,29009,1,SEALED_REVIEW,REFUGE,OD,134,90.04639357389084,0,134,,0,0
PG_CONS,29009,1,SEALED_REVIEW,REFUGE,OC,134,79.7004821618497,0,134,,0,0
PG_CONS,29009,1,SEARCH,Drishti_GS,OD,22,87.65081382125547,0,22,,0,0
PG_CONS,29009,1,SEARCH,Drishti_GS,OC,22,64.01052206652554,0,22,,0,0
PG_CONS,29009,1,SEARCH,REFUGE_Valid,OD,441,79.07996677522064,0,441,,0,0
PG_CONS,29009,1,SEARCH,REFUGE_Valid,OC,441,63.2615168714004,0,441,,0,0
PG_CONS,29009,1,SEARCH,ORIGA,OD,352,87.99210969183278,0,352,,0,0
PG_CONS,29009,1,SEARCH,ORIGA,OC,352,69.38112762693143,0,352,,0,0
PG_CONS,29009,1,SEARCH,REFUGE,OD,202,90.61540738519221,0,202,,0,0
PG_CONS,29009,1,SEARCH,REFUGE,OC,202,80.70302069595425,0,202,,0,0
PG_CONS,20260907,0,PRIMARY_ALL,REFUGE,OD,336,88.64775893608667,0,336,,0,0
PG_CONS,20260907,0,PRIMARY_ALL,REFUGE,OC,336,83.30773361356324,0,336,,0,0
PG_CONS,20260907,0,PRIMARY_ALL,ORIGA,OD,586,88.84121287688481,0,586,,0,0
PG_CONS,20260907,0,PRIMARY_ALL,ORIGA,OC,586,72.27220969986948,0,586,,0,0
PG_CONS,20260907,0,PRIMARY_ALL,REFUGE_Valid,OD,736,79.61630796460723,0,736,,0,0
PG_CONS,20260907,0,PRIMARY_ALL,REFUGE_Valid,OC,736,60.047674715275335,0,736,,0,0
PG_CONS,20260907,0,PRIMARY_ALL,Drishti_GS,OD,37,92.40970904006176,0,37,,0,0
PG_CONS,20260907,0,PRIMARY_ALL,Drishti_GS,OC,37,70.75990898003016,0,37,,0,0
PG_CONS,20260907,0,SEALED_REVIEW,REFUGE,OD,134,88.85986489361204,0,134,,0,0
PG_CONS,20260907,0,SEALED_REVIEW,REFUGE,OC,134,82.5070788279653,0,134,,0,0
PG_CONS,20260907,0,SEALED_REVIEW,ORIGA,OD,234,88.99385208999288,0,234,,0,0
PG_CONS,20260907,0,SEALED_REVIEW,ORIGA,OC,234,73.56130618711757,0,234,,0,0
PG_CONS,20260907,0,SEALED_REVIEW,REFUGE_Valid,OD,295,80.25958845093653,0,295,,0,0
PG_CONS,20260907,0,SEALED_REVIEW,REFUGE_Valid,OC,295,60.489942409396114,0,295,,0,0
PG_CONS,20260907,0,SEALED_REVIEW,Drishti_GS,OD,15,91.56371632010553,0,15,,0,0
PG_CONS,20260907,0,SEALED_REVIEW,Drishti_GS,OC,15,67.5219470462368,0,15,,0,0
PG_CONS,20260907,0,SEARCH,REFUGE,OD,202,88.50705498406488,0,202,,0,0
PG_CONS,20260907,0,SEARCH,REFUGE,OC,202,83.83886104559357,0,202,,0,0
PG_CONS,20260907,0,SEARCH,ORIGA,OD,352,88.73974249089821,0,352,,0,0
PG_CONS,20260907,0,SEARCH,ORIGA,OC,352,71.41525351232387,0,352,,0,0
PG_CONS,20260907,0,SEARCH,REFUGE_Valid,OD,441,79.18599562114431,0,441,,0,0
PG_CONS,20260907,0,SEARCH,REFUGE_Valid,OC,441,59.75182671127164,0,441,,0,0
PG_CONS,20260907,0,SEARCH,Drishti_GS,OD,22,92.98652225821372,0,22,,0,0
PG_CONS,20260907,0,SEARCH,Drishti_GS,OC,22,72.96761029852564,0,22,,0,0
PG_CONS,20260907,1,PRIMARY_ALL,Drishti_GS,OD,37,86.11107390057472,0,37,,0,0
PG_CONS,20260907,1,PRIMARY_ALL,Drishti_GS,OC,37,61.34181340758245,0,37,,0,0
PG_CONS,20260907,1,PRIMARY_ALL,REFUGE_Valid,OD,736,81.43421290592953,0,736,,0,0
PG_CONS,20260907,1,PRIMARY_ALL,REFUGE_Valid,OC,736,63.85614113862831,0,736,,0,0
PG_CONS,20260907,1,PRIMARY_ALL,ORIGA,OD,586,88.20120030347779,0,586,,0,0
PG_CONS,20260907,1,PRIMARY_ALL,ORIGA,OC,586,70.56402672411612,0,586,,0,0
PG_CONS,20260907,1,PRIMARY_ALL,REFUGE,OD,336,90.98469082668602,0,336,,0,0
PG_CONS,20260907,1,PRIMARY_ALL,REFUGE,OC,336,80.81568621419156,0,336,,0,0
PG_CONS,20260907,1,SEALED_REVIEW,Drishti_GS,OD,15,84.6580259804351,0,15,,0,0
PG_CONS,20260907,1,SEALED_REVIEW,Drishti_GS,OC,15,57.342705631112956,0,15,,0,0
PG_CONS,20260907,1,SEALED_REVIEW,REFUGE_Valid,OD,295,82.64023164143886,0,295,,0,0
PG_CONS,20260907,1,SEALED_REVIEW,REFUGE_Valid,OC,295,64.54301967499316,0,295,,0,0
PG_CONS,20260907,1,SEALED_REVIEW,ORIGA,OD,234,88.29647184657588,0,234,,0,0
PG_CONS,20260907,1,SEALED_REVIEW,ORIGA,OC,234,71.58248890000971,0,234,,0,0
PG_CONS,20260907,1,SEALED_REVIEW,REFUGE,OD,134,90.6482140131314,0,134,,0,0
PG_CONS,20260907,1,SEALED_REVIEW,REFUGE,OC,134,80.2783068984542,0,134,,0,0
PG_CONS,20260907,1,SEARCH,Drishti_GS,OD,22,87.10178839157902,0,22,,0,0
PG_CONS,20260907,1,SEARCH,Drishti_GS,OC,22,64.06847780062982,0,22,,0,0
PG_CONS,20260907,1,SEARCH,REFUGE_Valid,OD,441,80.62746567922828,0,441,,0,0
PG_CONS,20260907,1,SEARCH,REFUGE_Valid,OC,441,63.396664566683576,0,441,,0,0
PG_CONS,20260907,1,SEARCH,ORIGA,OD,352,88.137866379941,0,352,,0,0
PG_CONS,20260907,1,SEARCH,ORIGA,OC,352,69.88698084582322,0,352,,0,0
PG_CONS,20260907,1,SEARCH,REFUGE,OD,202,91.20789821785591,0,202,,0,0
PG_CONS,20260907,1,SEARCH,REFUGE,OC,202,81.17216556225495,0,202,,0,0
PG_COV,17011,0,PRIMARY_ALL,REFUGE,OD,336,88.49478639082983,0,336,,0,0
PG_COV,17011,0,PRIMARY_ALL,REFUGE,OC,336,83.3245436322018,0,336,,0,0
PG_COV,17011,0,PRIMARY_ALL,ORIGA,OD,586,88.43142130172197,0,586,,0,0
PG_COV,17011,0,PRIMARY_ALL,ORIGA,OC,586,72.49903392234076,0,586,,0,0
PG_COV,17011,0,PRIMARY_ALL,REFUGE_Valid,OD,736,81.09494750454256,0,736,,0,0
PG_COV,17011,0,PRIMARY_ALL,REFUGE_Valid,OC,736,60.084925778155835,0,736,,0,0
PG_COV,17011,0,PRIMARY_ALL,Drishti_GS,OD,37,91.62433898802477,0,37,,0,0
PG_COV,17011,0,PRIMARY_ALL,Drishti_GS,OC,37,69.38305078555612,0,37,,0,0
PG_COV,17011,0,SEALED_REVIEW,REFUGE,OD,134,88.70925479797742,0,134,,0,0
PG_COV,17011,0,SEALED_REVIEW,REFUGE,OC,134,82.55265345979154,0,134,,0,0
PG_COV,17011,0,SEALED_REVIEW,ORIGA,OD,234,88.62931534752413,0,234,,0,0
PG_COV,17011,0,SEALED_REVIEW,ORIGA,OC,234,73.76491979889914,0,234,,0,0
PG_COV,17011,0,SEALED_REVIEW,REFUGE_Valid,OD,295,81.6079147265577,0,295,,0,0
PG_COV,17011,0,SEALED_REVIEW,REFUGE_Valid,OC,295,60.48588338526362,0,295,,0,0
PG_COV,17011,0,SEALED_REVIEW,Drishti_GS,OD,15,90.73471719535483,0,15,,0,0
PG_COV,17011,0,SEALED_REVIEW,Drishti_GS,OC,15,65.98198778426364,0,15,,0,0
PG_COV,17011,0,SEARCH,REFUGE,OD,202,88.35251526925667,0,202,,0,0
PG_COV,17011,0,SEARCH,REFUGE,OC,202,83.83658958815711,0,202,,0,0
PG_COV,17011,0,SEARCH,ORIGA,OD,352,88.29986673718302,0,352,,0,0
PG_COV,17011,0,SEARCH,ORIGA,OC,352,71.657507515765,0,352,,0,0
PG_COV,17011,0,SEARCH,REFUGE_Valid,OD,441,80.75180616555285,0,441,,0,0
PG_COV,17011,0,SEARCH,REFUGE_Valid,OC,441,59.8167115058275,0,441,,0,0
PG_COV,17011,0,SEARCH,Drishti_GS,OD,22,92.23089930120884,0,22,,0,0
PG_COV,17011,0,SEARCH,Drishti_GS,OC,22,71.70195737734645,0,22,,0,0
PG_COV,17011,1,PRIMARY_ALL,Drishti_GS,OD,37,86.25372735795492,0,37,,0,0
PG_COV,17011,1,PRIMARY_ALL,Drishti_GS,OC,37,61.519221526024275,0,37,,0,0
PG_COV,17011,1,PRIMARY_ALL,REFUGE_Valid,OD,736,80.91619131189374,0,736,,0,0
PG_COV,17011,1,PRIMARY_ALL,REFUGE_Valid,OC,736,63.58073342420059,0,736,,0,0
PG_COV,17011,1,PRIMARY_ALL,ORIGA,OD,586,88.1798671701985,0,586,,0,0
PG_COV,17011,1,PRIMARY_ALL,ORIGA,OC,586,70.48352741287509,0,586,,0,0
PG_COV,17011,1,PRIMARY_ALL,REFUGE,OD,336,90.54571738281422,0,336,,0,0
PG_COV,17011,1,PRIMARY_ALL,REFUGE,OC,336,80.34705559155827,0,336,,0,0
PG_COV,17011,1,SEALED_REVIEW,Drishti_GS,OD,15,84.81334183831667,0,15,,0,0
PG_COV,17011,1,SEALED_REVIEW,Drishti_GS,OC,15,57.5724439129617,0,15,,0,0
PG_COV,17011,1,SEALED_REVIEW,REFUGE_Valid,OD,295,82.20596761672468,0,295,,0,0
PG_COV,17011,1,SEALED_REVIEW,REFUGE_Valid,OC,295,64.30978419704206,0,295,,0,0
PG_COV,17011,1,SEALED_REVIEW,ORIGA,OD,234,88.21326025180035,0,234,,0,0
PG_COV,17011,1,SEALED_REVIEW,ORIGA,OC,234,71.40056788778368,0,234,,0,0
PG_COV,17011,1,SEALED_REVIEW,REFUGE,OD,134,90.20876093056626,0,134,,0,0
PG_COV,17011,1,SEALED_REVIEW,REFUGE,OC,134,79.88393164139251,0,134,,0,0
PG_COV,17011,1,SEARCH,Drishti_GS,OD,22,87.2358083940719,0,22,,0,0
PG_COV,17011,1,SEARCH,Drishti_GS,OC,22,64.2102062622033,0,22,,0,0
PG_COV,17011,1,SEARCH,REFUGE_Valid,OD,441,80.05341577918371,0,441,,0,0
PG_COV,17011,1,SEARCH,REFUGE_Valid,OC,441,63.093046399283956,0,441,,0,0
PG_COV,17011,1,SEARCH,ORIGA,OD,352,88.15766836027001,0,352,,0,0
PG_COV,17011,1,SEARCH,ORIGA,OC,352,69.87390391535062,0,352,,0,0
PG_COV,17011,1,SEARCH,REFUGE,OD,202,90.76924295014702,0,202,,0,0
PG_COV,17011,1,SEARCH,REFUGE,OC,202,80.65427642978705,0,202,,0,0
PG_COV,29009,0,PRIMARY_ALL,REFUGE,OD,336,88.24357051164004,0,336,,0,0
PG_COV,29009,0,PRIMARY_ALL,REFUGE,OC,336,83.46378501360103,0,336,,0,0
PG_COV,29009,0,PRIMARY_ALL,ORIGA,OD,586,88.6676002053307,0,586,,0,0
PG_COV,29009,0,PRIMARY_ALL,ORIGA,OC,586,72.44572222567189,0,586,,0,0
PG_COV,29009,0,PRIMARY_ALL,REFUGE_Valid,OD,736,80.67803974540345,0,736,,0,0
PG_COV,29009,0,PRIMARY_ALL,REFUGE_Valid,OC,736,58.83134386241662,0,736,,0,0
PG_COV,29009,0,PRIMARY_ALL,Drishti_GS,OD,37,91.7128968442561,0,37,,0,0
PG_COV,29009,0,PRIMARY_ALL,Drishti_GS,OC,37,71.32148312013626,0,37,,0,0
PG_COV,29009,0,SEALED_REVIEW,REFUGE,OD,134,88.41055725332001,0,134,,0,0
PG_COV,29009,0,SEALED_REVIEW,REFUGE,OC,134,82.74480821256692,0,134,,0,0
PG_COV,29009,0,SEALED_REVIEW,ORIGA,OD,234,88.85289225823067,0,234,,0,0
PG_COV,29009,0,SEALED_REVIEW,ORIGA,OC,234,73.66148251711992,0,234,,0,0
PG_COV,29009,0,SEALED_REVIEW,REFUGE_Valid,OD,295,81.20851625818469,0,295,,0,0
PG_COV,29009,0,SEALED_REVIEW,REFUGE_Valid,OC,295,59.236310781602505,0,295,,0,0
PG_COV,29009,0,SEALED_REVIEW,Drishti_GS,OD,15,90.87416288458304,0,15,,0,0
PG_COV,29009,0,SEALED_REVIEW,Drishti_GS,OC,15,68.15931539815894,0,15,,0,0
PG_COV,29009,0,SEARCH,REFUGE,OD,202,88.13279712854542,0,202,,0,0
PG_COV,29009,0,SEARCH,REFUGE,OC,202,83.9407300202276,0,202,,0,0
PG_COV,29009,0,SEARCH,ORIGA,OD,352,88.54442310198242,0,352,,0,0
PG_COV,29009,0,SEARCH,ORIGA,OC,352,71.6375179410161,0,352,,0,0
PG_COV,29009,0,SEARCH,REFUGE_Valid,OD,441,80.32318584229584,0,441,,0,0
PG_COV,29009,0,SEARCH,REFUGE_Valid,OC,441,58.560447623958936,0,441,,0,0
PG_COV,29009,0,SEARCH,Drishti_GS,OD,22,92.28476090766955,0,22,,0,0
PG_COV,29009,0,SEARCH,Drishti_GS,OC,22,73.47750656693898,0,22,,0,0
PG_COV,29009,1,PRIMARY_ALL,Drishti_GS,OD,37,86.65551958339039,0,37,,0,0
PG_COV,29009,1,PRIMARY_ALL,Drishti_GS,OC,37,61.30667519397971,0,37,,0,0
PG_COV,29009,1,PRIMARY_ALL,REFUGE_Valid,OD,736,79.9563505137344,0,736,,0,0
PG_COV,29009,1,PRIMARY_ALL,REFUGE_Valid,OC,736,63.73964616929596,0,736,,0,0
PG_COV,29009,1,PRIMARY_ALL,ORIGA,OD,586,87.98865358132062,0,586,,0,0
PG_COV,29009,1,PRIMARY_ALL,ORIGA,OC,586,69.96914983620269,0,586,,0,0
PG_COV,29009,1,PRIMARY_ALL,REFUGE,OD,336,90.40133037877762,0,336,,0,0
PG_COV,29009,1,PRIMARY_ALL,REFUGE,OC,336,80.32238247512392,0,336,,0,0
PG_COV,29009,1,SEALED_REVIEW,Drishti_GS,OD,15,85.19545647808042,0,15,,0,0
PG_COV,29009,1,SEALED_REVIEW,Drishti_GS,OC,15,57.33809080504094,0,15,,0,0
PG_COV,29009,1,SEALED_REVIEW,REFUGE_Valid,OD,295,81.2622290699765,0,295,,0,0
PG_COV,29009,1,SEALED_REVIEW,REFUGE_Valid,OC,295,64.47088223794148,0,295,,0,0
PG_COV,29009,1,SEALED_REVIEW,ORIGA,OD,234,87.98242466542241,0,234,,0,0
PG_COV,29009,1,SEALED_REVIEW,ORIGA,OC,234,70.86926190052988,0,234,,0,0
PG_COV,29009,1,SEALED_REVIEW,REFUGE,OD,134,90.06059498153915,0,134,,0,0
PG_COV,29009,1,SEALED_REVIEW,REFUGE,OC,134,79.72024627403582,0,134,,0,0
PG_COV,29009,1,SEARCH,Drishti_GS,OD,22,87.65101715519263,0,22,,0,0
PG_COV,29009,1,SEARCH,Drishti_GS,OC,22,64.01252818643796,0,22,,0,0
PG_COV,29009,1,SEARCH,REFUGE_Valid,OD,441,79.08280363370852,0,441,,0,0
PG_COV,29009,1,SEARCH,REFUGE_Valid,OC,441,63.25049732519067,0,441,,0,0
PG_COV,29009,1,SEARCH,ORIGA,OD,352,87.99279439473023,0,352,,0,0
PG_COV,29009,1,SEARCH,ORIGA,OC,352,69.37077988434882,0,352,,0,0
PG_COV,29009,1,SEARCH,REFUGE,OD,202,90.62736277100511,0,202,,0,0
PG_COV,29009,1,SEARCH,REFUGE,OC,202,80.72181936099425,0,202,,0,0
PG_COV,20260907,0,PRIMARY_ALL,REFUGE,OD,336,88.65123970007423,0,336,,0,0
PG_COV,20260907,0,PRIMARY_ALL,REFUGE,OC,336,83.30773536762247,0,336,,0,0
PG_COV,20260907,0,PRIMARY_ALL,ORIGA,OD,586,88.83368007536355,0,586,,0,0
PG_COV,20260907,0,PRIMARY_ALL,ORIGA,OC,586,72.26570006907427,0,586,,0,0
PG_COV,20260907,0,PRIMARY_ALL,REFUGE_Valid,OD,736,79.62874285854953,0,736,,0,0
PG_COV,20260907,0,PRIMARY_ALL,REFUGE_Valid,OC,736,60.065413862813415,0,736,,0,0
PG_COV,20260907,0,PRIMARY_ALL,Drishti_GS,OD,37,92.40405944331481,0,37,,0,0
PG_COV,20260907,0,PRIMARY_ALL,Drishti_GS,OC,37,70.74986412078935,0,37,,0,0
PG_COV,20260907,0,SEALED_REVIEW,REFUGE,OD,134,88.86244939211404,0,134,,0,0
PG_COV,20260907,0,SEALED_REVIEW,REFUGE,OC,134,82.50826035067992,0,134,,0,0
PG_COV,20260907,0,SEALED_REVIEW,ORIGA,OD,234,88.98591941673374,0,234,,0,0
PG_COV,20260907,0,SEALED_REVIEW,ORIGA,OC,234,73.5551392839093,0,234,,0,0
PG_COV,20260907,0,SEALED_REVIEW,REFUGE_Valid,OD,295,80.27240007246945,0,295,,0,0
PG_COV,20260907,0,SEALED_REVIEW,REFUGE_Valid,OC,295,60.50767199129221,0,295,,0,0
PG_COV,20260907,0,SEALED_REVIEW,Drishti_GS,OD,15,91.55973111017111,0,15,,0,0
PG_COV,20260907,0,SEALED_REVIEW,Drishti_GS,OC,15,67.51459435509065,0,15,,0,0
PG_COV,20260907,0,SEARCH,REFUGE,OD,202,88.51113030040425,0,202,,0,0
PG_COV,20260907,0,SEARCH,REFUGE,OC,202,83.83808018084179,0,202,,0,0
PG_COV,20260907,0,SEARCH,ORIGA,OD,352,88.73247551320267,0,352,,0,0
PG_COV,20260907,0,SEARCH,ORIGA,OC,352,71.40851604557598,0,352,,0,0
PG_COV,20260907,0,SEARCH,REFUGE_Valid,OD,441,79.19817850910198,0,441,,0,0
PG_COV,20260907,0,SEARCH,REFUGE_Valid,OC,441,59.76957225759518,0,441,,0,0
PG_COV,20260907,0,SEARCH,Drishti_GS,OD,22,92.9797378522764,0,22,,0,0
PG_COV,20260907,0,SEARCH,Drishti_GS,OC,22,72.95572987012939,0,22,,0,0
PG_COV,20260907,1,PRIMARY_ALL,Drishti_GS,OD,37,86.11088243745584,0,37,,0,0
PG_COV,20260907,1,PRIMARY_ALL,Drishti_GS,OC,37,61.33870208540952,0,37,,0,0
PG_COV,20260907,1,PRIMARY_ALL,REFUGE_Valid,OD,736,81.43104500732993,0,736,,0,0
PG_COV,20260907,1,PRIMARY_ALL,REFUGE_Valid,OC,736,63.85938422446851,0,736,,0,0
PG_COV,20260907,1,PRIMARY_ALL,ORIGA,OD,586,88.19764676135033,0,586,,0,0
PG_COV,20260907,1,PRIMARY_ALL,ORIGA,OC,586,70.57077013687257,0,586,,0,0
PG_COV,20260907,1,PRIMARY_ALL,REFUGE,OD,336,90.97910051134141,0,336,,0,0
PG_COV,20260907,1,PRIMARY_ALL,REFUGE,OC,336,80.81710303327871,0,336,,0,0
PG_COV,20260907,1,SEALED_REVIEW,Drishti_GS,OD,15,84.65813496964246,0,15,,0,0
PG_COV,20260907,1,SEALED_REVIEW,Drishti_GS,OC,15,57.34090417006005,0,15,,0,0
PG_COV,20260907,1,SEALED_REVIEW,REFUGE_Valid,OD,295,82.63779756653997,0,295,,0,0
PG_COV,20260907,1,SEALED_REVIEW,REFUGE_Valid,OC,295,64.54574335189167,0,295,,0,0
PG_COV,20260907,1,SEALED_REVIEW,ORIGA,OD,234,88.29135724091864,0,234,,0,0
PG_COV,20260907,1,SEALED_REVIEW,ORIGA,OC,234,71.58596226236895,0,234,,0,0
PG_COV,20260907,1,SEALED_REVIEW,REFUGE,OD,134,90.6413794898601,0,134,,0,0
PG_COV,20260907,1,SEALED_REVIEW,REFUGE,OC,134,80.2816925745451,0,134,,0,0
PG_COV,20260907,1,SEARCH,Drishti_GS,OD,22,87.10139207460134,0,22,,0,0
PG_COV,20260907,1,SEARCH,Drishti_GS,OC,22,64.06447339132961,0,22,,0,0
PG_COV,20260907,1,SEARCH,REFUGE_Valid,OD,441,80.6238069008289,0,441,,0,0
PG_COV,20260907,1,SEARCH,REFUGE_Valid,OC,441,63.40025510294962,0,441,,0,0
PG_COV,20260907,1,SEARCH,ORIGA,OD,352,88.13535059027366,0,352,,0,0
PG_COV,20260907,1,SEARCH,ORIGA,OC,352,69.89589809890055,0,352,,0,0
PG_COV,20260907,1,SEARCH,REFUGE,OD,202,91.20313326816566,0,202,,0,0
PG_COV,20260907,1,SEARCH,REFUGE,OC,202,81.17227630788418,0,202,,0,0
PG_RETAIN,17011,0,PRIMARY_ALL,REFUGE,OD,336,88.4935742799994,0,336,,0,0
PG_RETAIN,17011,0,PRIMARY_ALL,REFUGE,OC,336,83.32435895565894,0,336,,0,0
PG_RETAIN,17011,0,PRIMARY_ALL,ORIGA,OD,586,88.42782223474009,0,586,,0,0
PG_RETAIN,17011,0,PRIMARY_ALL,ORIGA,OC,586,72.49953361629024,0,586,,0,0
PG_RETAIN,17011,0,PRIMARY_ALL,REFUGE_Valid,OD,736,81.10180870012874,0,736,,0,0
PG_RETAIN,17011,0,PRIMARY_ALL,REFUGE_Valid,OC,736,60.08720496114977,0,736,,0,0
PG_RETAIN,17011,0,PRIMARY_ALL,Drishti_GS,OD,37,91.61866239768631,0,37,,0,0
PG_RETAIN,17011,0,PRIMARY_ALL,Drishti_GS,OC,37,69.38909022953224,0,37,,0,0
PG_RETAIN,17011,0,SEALED_REVIEW,REFUGE,OD,134,88.70825119053826,0,134,,0,0
PG_RETAIN,17011,0,SEALED_REVIEW,REFUGE,OC,134,82.55291975593069,0,134,,0,0
PG_RETAIN,17011,0,SEALED_REVIEW,ORIGA,OD,234,88.6264644064579,0,234,,0,0
PG_RETAIN,17011,0,SEALED_REVIEW,ORIGA,OC,234,73.76760137597898,0,234,,0,0
PG_RETAIN,17011,0,SEALED_REVIEW,REFUGE_Valid,OD,295,81.61407212504542,0,295,,0,0
PG_RETAIN,17011,0,SEALED_REVIEW,REFUGE_Valid,OC,295,60.48853148291313,0,295,,0,0
PG_RETAIN,17011,0,SEALED_REVIEW,Drishti_GS,OD,15,90.72975269071314,0,15,,0,0
PG_RETAIN,17011,0,SEALED_REVIEW,Drishti_GS,OC,15,65.9785733671392,0,15,,0,0
PG_RETAIN,17011,0,SEARCH,REFUGE,OD,202,88.3511648442954,0,202,,0,0
PG_RETAIN,17011,0,SEARCH,REFUGE,OC,202,83.83610575151828,0,202,,0,0
PG_RETAIN,17011,0,SEARCH,ORIGA,OD,352,88.29577033649586,0,352,,0,0
PG_RETAIN,17011,0,SEARCH,ORIGA,OC,352,71.65655675331534,0,352,,0,0
PG_RETAIN,17011,0,SEARCH,REFUGE_Valid,OD,441,80.75913815511645,0,441,,0,0
PG_RETAIN,17011,0,SEARCH,REFUGE_Valid,OC,441,59.81874390917655,0,441,,0,0
PG_RETAIN,17011,0,SEARCH,Drishti_GS,OD,22,92.22473719789528,0,22,,0,0
PG_RETAIN,17011,0,SEARCH,Drishti_GS,OC,22,71.71444263570932,0,22,,0,0
PG_RETAIN,17011,1,PRIMARY_ALL,Drishti_GS,OD,37,86.25310674534522,0,37,,0,0
PG_RETAIN,17011,1,PRIMARY_ALL,Drishti_GS,OC,37,61.5186353923765,0,37,,0,0
PG_RETAIN,17011,1,PRIMARY_ALL,REFUGE_Valid,OD,736,80.90277524948142,0,736,,0,0
PG_RETAIN,17011,1,PRIMARY_ALL,REFUGE_Valid,OC,736,63.57840755720196,0,736,,0,0
PG_RETAIN,17011,1,PRIMARY_ALL,ORIGA,OD,586,88.16523455933078,0,586,,0,0
PG_RETAIN,17011,1,PRIMARY_ALL,ORIGA,OC,586,70.46049059221592,0,586,,0,0
PG_RETAIN,17011,1,PRIMARY_ALL,REFUGE,OD,336,90.54208520752809,0,336,,0,0
PG_RETAIN,17011,1,PRIMARY_ALL,REFUGE,OC,336,80.35244130299597,0,336,,0,0
PG_RETAIN,17011,1,SEALED_REVIEW,Drishti_GS,OD,15,84.81173878346348,0,15,,0,0
PG_RETAIN,17011,1,SEALED_REVIEW,Drishti_GS,OC,15,57.569977571514784,0,15,,0,0
PG_RETAIN,17011,1,SEALED_REVIEW,REFUGE_Valid,OD,295,82.19423495267947,0,295,,0,0
PG_RETAIN,17011,1,SEALED_REVIEW,REFUGE_Valid,OC,295,64.30863300623331,0,295,,0,0
PG_RETAIN,17011,1,SEALED_REVIEW,ORIGA,OD,234,88.19862064971342,0,234,,0,0
PG_RETAIN,17011,1,SEALED_REVIEW,ORIGA,OC,234,71.37486972270536,0,234,,0,0
PG_RETAIN,17011,1,SEALED_REVIEW,REFUGE,OD,134,90.20535854693324,0,134,,0,0
PG_RETAIN,17011,1,SEALED_REVIEW,REFUGE,OC,134,79.88895600175414,0,134,,0,0
PG_RETAIN,17011,1,SEARCH,Drishti_GS,OD,22,87.23585762844641,0,22,,0,0
PG_RETAIN,17011,1,SEARCH,Drishti_GS,OC,22,64.21090208841858,0,22,,0,0
PG_RETAIN,17011,1,SEARCH,REFUGE_Valid,OD,441,80.03887363396346,0,441,,0,0
PG_RETAIN,17011,1,SEARCH,REFUGE_Valid,OC,441,63.08993475116058,0,441,,0,0
PG_RETAIN,17011,1,SEARCH,ORIGA,OD,352,88.14304039697414,0,352,,0,0
PG_RETAIN,17011,1,SEARCH,ORIGA,OC,352,69.85263628387919,0,352,,0,0
PG_RETAIN,17011,1,SEARCH,REFUGE,OD,202,90.76545833881379,0,202,,0,0
PG_RETAIN,17011,1,SEARCH,REFUGE,OC,202,80.65990184936433,0,202,,0,0
PG_RETAIN,29009,0,PRIMARY_ALL,REFUGE,OD,336,88.24412774495202,0,336,,0,0
PG_RETAIN,29009,0,PRIMARY_ALL,REFUGE,OC,336,83.46369682562133,0,336,,0,0
PG_RETAIN,29009,0,PRIMARY_ALL,ORIGA,OD,586,88.66859076972854,0,586,,0,0
PG_RETAIN,29009,0,PRIMARY_ALL,ORIGA,OC,586,72.44552540405934,0,586,,0,0
PG_RETAIN,29009,0,PRIMARY_ALL,REFUGE_Valid,OD,736,80.6961774608482,0,736,,0,0
PG_RETAIN,29009,0,PRIMARY_ALL,REFUGE_Valid,OC,736,58.833507860373885,0,736,,0,0
PG_RETAIN,29009,0,PRIMARY_ALL,Drishti_GS,OD,37,91.7017270367459,0,37,,0,0
PG_RETAIN,29009,0,PRIMARY_ALL,Drishti_GS,OC,37,71.36174346229328,0,37,,0,0
PG_RETAIN,29009,0,SEALED_REVIEW,REFUGE,OD,134,88.41112840332394,0,134,,0,0
PG_RETAIN,29009,0,SEALED_REVIEW,REFUGE,OC,134,82.74324449763189,0,134,,0,0
PG_RETAIN,29009,0,SEALED_REVIEW,ORIGA,OD,234,88.85369394055428,0,234,,0,0
PG_RETAIN,29009,0,SEALED_REVIEW,ORIGA,OC,234,73.66290441128027,0,234,,0,0
PG_RETAIN,29009,0,SEALED_REVIEW,REFUGE_Valid,OD,295,81.22799798153629,0,295,,0,0
PG_RETAIN,29009,0,SEALED_REVIEW,REFUGE_Valid,OC,295,59.238801413967785,0,295,,0,0
PG_RETAIN,29009,0,SEALED_REVIEW,Drishti_GS,OD,15,90.86596665552582,0,15,,0,0
PG_RETAIN,29009,0,SEALED_REVIEW,Drishti_GS,OC,15,68.16989398091033,0,15,,0,0
PG_RETAIN,29009,0,SEARCH,REFUGE,OD,202,88.13334512999243,0,202,,0,0
PG_RETAIN,29009,0,SEARCH,REFUGE,OC,202,83.94162064715887,0,202,,0,0
PG_RETAIN,29009,0,SEARCH,ORIGA,OD,352,88.54553923003189,0,352,,0,0
PG_RETAIN,29009,0,SEARCH,ORIGA,OC,352,71.63624504130452,0,352,,0,0
PG_RETAIN,29009,0,SEARCH,REFUGE_Valid,OD,441,80.34042450483236,0,441,,0,0
PG_RETAIN,29009,0,SEARCH,REFUGE_Valid,OC,441,58.5623931249766,0,441,,0,0
PG_RETAIN,29009,0,SEARCH,Drishti_GS,OD,22,92.27156366030502,0,22,,0,0
PG_RETAIN,29009,0,SEARCH,Drishti_GS,OC,22,73.5380044723271,0,22,,0,0
PG_RETAIN,29009,1,PRIMARY_ALL,Drishti_GS,OD,37,86.65365587233323,0,37,,0,0
PG_RETAIN,29009,1,PRIMARY_ALL,Drishti_GS,OC,37,61.305876853538464,0,37,,0,0
PG_RETAIN,29009,1,PRIMARY_ALL,REFUGE_Valid,OD,736,79.95631688648997,0,736,,0,0
PG_RETAIN,29009,1,PRIMARY_ALL,REFUGE_Valid,OC,736,63.73960213088384,0,736,,0,0
PG_RETAIN,29009,1,PRIMARY_ALL,ORIGA,OD,586,87.99258941937457,0,586,,0,0
PG_RETAIN,29009,1,PRIMARY_ALL,ORIGA,OC,586,69.97619402701687,0,586,,0,0
PG_RETAIN,29009,1,PRIMARY_ALL,REFUGE,OD,336,90.38747928904911,0,336,,0,0
PG_RETAIN,29009,1,PRIMARY_ALL,REFUGE,OC,336,80.3055638391636,0,336,,0,0
PG_RETAIN,29009,1,SEALED_REVIEW,Drishti_GS,OD,15,85.19251534111837,0,15,,0,0
PG_RETAIN,29009,1,SEALED_REVIEW,Drishti_GS,OC,15,57.339986568840374,0,15,,0,0
PG_RETAIN,29009,1,SEALED_REVIEW,REFUGE_Valid,OD,295,81.26408740265019,0,295,,0,0
PG_RETAIN,29009,1,SEALED_REVIEW,REFUGE_Valid,OC,295,64.47110380473107,0,295,,0,0
PG_RETAIN,29009,1,SEALED_REVIEW,ORIGA,OD,234,87.98584347226414,0,234,,0,0
PG_RETAIN,29009,1,SEALED_REVIEW,ORIGA,OC,234,70.87643285393071,0,234,,0,0
PG_RETAIN,29009,1,SEALED_REVIEW,REFUGE,OD,134,90.04668741299783,0,134,,0,0
PG_RETAIN,29009,1,SEALED_REVIEW,REFUGE,OC,134,79.70507659075322,0,134,,0,0
PG_RETAIN,29009,1,SEARCH,Drishti_GS,OD,22,87.64988805270701,0,22,,0,0
PG_RETAIN,29009,1,SEARCH,Drishti_GS,OC,22,64.00989295674171,0,22,,0,0
PG_RETAIN,29009,1,SEARCH,REFUGE_Valid,OD,441,79.08150440969344,0,441,,0,0
PG_RETAIN,29009,1,SEARCH,REFUGE_Valid,OC,441,63.25027561436471,0,441,,0,0
PG_RETAIN,29009,1,SEARCH,ORIGA,OD,352,87.99707394103321,0,352,,0,0
PG_RETAIN,29009,1,SEARCH,ORIGA,OC,352,69.37773980685256,0,352,,0,0
PG_RETAIN,29009,1,SEARCH,REFUGE,OD,202,90.61354914741976,0,202,,0,0
PG_RETAIN,29009,1,SEARCH,REFUGE,OC,202,80.70390686533682,0,202,,0,0
PG_RETAIN,20260907,0,PRIMARY_ALL,REFUGE,OD,336,88.64609732378075,0,336,,0,0
PG_RETAIN,20260907,0,PRIMARY_ALL,REFUGE,OC,336,83.30777014218178,0,336,,0,0
PG_RETAIN,20260907,0,PRIMARY_ALL,ORIGA,OD,586,88.83616355548878,0,586,,0,0
PG_RETAIN,20260907,0,PRIMARY_ALL,ORIGA,OC,586,72.24797141310549,0,586,,0,0
PG_RETAIN,20260907,0,PRIMARY_ALL,REFUGE_Valid,OD,736,79.61298780121962,0,736,,0,0
PG_RETAIN,20260907,0,PRIMARY_ALL,REFUGE_Valid,OC,736,60.076898160599036,0,736,,0,0
PG_RETAIN,20260907,0,PRIMARY_ALL,Drishti_GS,OD,37,92.40633663194828,0,37,,0,0
PG_RETAIN,20260907,0,PRIMARY_ALL,Drishti_GS,OC,37,70.74473945671711,0,37,,0,0
PG_RETAIN,20260907,0,SEALED_REVIEW,REFUGE,OD,134,88.8576064768802,0,134,,0,0
PG_RETAIN,20260907,0,SEALED_REVIEW,REFUGE,OC,134,82.50831572474802,0,134,,0,0
PG_RETAIN,20260907,0,SEALED_REVIEW,ORIGA,OD,234,88.98812330066504,0,234,,0,0
PG_RETAIN,20260907,0,SEALED_REVIEW,ORIGA,OC,234,73.53892782876746,0,234,,0,0
PG_RETAIN,20260907,0,SEALED_REVIEW,REFUGE_Valid,OD,295,80.25568609539866,0,295,,0,0
PG_RETAIN,20260907,0,SEALED_REVIEW,REFUGE_Valid,OC,295,60.5204399915716,0,295,,0,0
PG_RETAIN,20260907,0,SEALED_REVIEW,Drishti_GS,OD,15,91.55982727932698,0,15,,0,0
PG_RETAIN,20260907,0,SEALED_REVIEW,Drishti_GS,OC,15,67.50177677677769,0,15,,0,0
PG_RETAIN,20260907,0,SEARCH,REFUGE,OD,202,88.50578927172467,0,202,,0,0
PG_RETAIN,20260907,0,SEARCH,REFUGE,OC,202,83.83810129038041,0,202,,0,0
PG_RETAIN,20260907,0,SEARCH,ORIGA,OD,352,88.73514486125228,0,352,,0,0
PG_RETAIN,20260907,0,SEARCH,ORIGA,OC,352,71.38977879587566,0,352,,0,0
PG_RETAIN,20260907,0,SEARCH,REFUGE_Valid,OD,441,79.18306490602048,0,441,,0,0
PG_RETAIN,20260907,0,SEARCH,REFUGE_Valid,OC,441,59.78019784282827,0,441,,0,0
PG_RETAIN,20260907,0,SEARCH,Drishti_GS,OD,22,92.98350209964461,0,22,,0,0
PG_RETAIN,20260907,0,SEARCH,Drishti_GS,OC,22,72.95585037485763,0,22,,0,0
PG_RETAIN,20260907,1,PRIMARY_ALL,Drishti_GS,OD,37,86.1087737158356,0,37,,0,0
PG_RETAIN,20260907,1,PRIMARY_ALL,Drishti_GS,OC,37,61.33949851003519,0,37,,0,0
PG_RETAIN,20260907,1,PRIMARY_ALL,REFUGE_Valid,OD,736,81.42651847899121,0,736,,0,0
PG_RETAIN,20260907,1,PRIMARY_ALL,REFUGE_Valid,OC,736,63.856586537907745,0,736,,0,0
PG_RETAIN,20260907,1,PRIMARY_ALL,ORIGA,OD,586,88.20392875863004,0,586,,0,0
PG_RETAIN,20260907,1,PRIMARY_ALL,ORIGA,OC,586,70.5767828084206,0,586,,0,0
PG_RETAIN,20260907,1,PRIMARY_ALL,REFUGE,OD,336,90.978373819804,0,336,,0,0
PG_RETAIN,20260907,1,PRIMARY_ALL,REFUGE,OC,336,80.81081403936467,0,336,,0,0
PG_RETAIN,20260907,1,SEALED_REVIEW,Drishti_GS,OD,15,84.65581629629388,0,15,,0,0
PG_RETAIN,20260907,1,SEALED_REVIEW,Drishti_GS,OC,15,57.34251629393881,0,15,,0,0
PG_RETAIN,20260907,1,SEALED_REVIEW,REFUGE_Valid,OD,295,82.63382217749734,0,295,,0,0
PG_RETAIN,20260907,1,SEALED_REVIEW,REFUGE_Valid,OC,295,64.54310779400993,0,295,,0,0
PG_RETAIN,20260907,1,SEALED_REVIEW,ORIGA,OD,234,88.29796296886876,0,234,,0,0
PG_RETAIN,20260907,1,SEALED_REVIEW,ORIGA,OC,234,71.5928711783243,0,234,,0,0
PG_RETAIN,20260907,1,SEALED_REVIEW,REFUGE,OD,134,90.64094633730308,0,134,,0,0
PG_RETAIN,20260907,1,SEALED_REVIEW,REFUGE,OC,134,80.27706100441624,0,134,,0,0
PG_RETAIN,20260907,1,SEARCH,Drishti_GS,OD,22,87.09942650188677,0,22,,0,0
PG_RETAIN,20260907,1,SEARCH,Drishti_GS,OC,22,64.06471365737363,0,22,,0,0
PG_RETAIN,20260907,1,SEARCH,REFUGE_Valid,OD,441,80.6189116965438,0,441,,0,0
PG_RETAIN,20260907,1,SEARCH,REFUGE_Valid,OC,441,63.3973489629641,0,441,,0,0
PG_RETAIN,20260907,1,SEARCH,ORIGA,OD,352,88.14141738023271,0,352,,0,0
PG_RETAIN,20260907,1,SEARCH,ORIGA,OC,352,69.90131497160962,0,352,,0,0
PG_RETAIN,20260907,1,SEARCH,REFUGE,OD,202,91.20221185275015,0,202,,0,0
PG_RETAIN,20260907,1,SEARCH,REFUGE,OC,202,81.1648878348255,0,202,,0,0
PG_STRUCT,17011,0,PRIMARY_ALL,REFUGE,OD,336,88.49683677470206,0,336,,0,0
PG_STRUCT,17011,0,PRIMARY_ALL,REFUGE,OC,336,83.32474113825847,0,336,,0,0
PG_STRUCT,17011,0,PRIMARY_ALL,ORIGA,OD,586,88.4337080754332,0,586,,0,0
PG_STRUCT,17011,0,PRIMARY_ALL,ORIGA,OC,586,72.4970541802016,0,586,,0,0
PG_STRUCT,17011,0,PRIMARY_ALL,REFUGE_Valid,OD,736,81.12627404765502,0,736,,0,0
PG_STRUCT,17011,0,PRIMARY_ALL,REFUGE_Valid,OC,736,60.103650964109384,0,736,,0,0
PG_STRUCT,17011,0,PRIMARY_ALL,Drishti_GS,OD,37,91.60346270203169,0,37,,0,0
PG_STRUCT,17011,0,PRIMARY_ALL,Drishti_GS,OC,37,69.37516112547924,0,37,,0,0
PG_STRUCT,17011,0,SEALED_REVIEW,REFUGE,OD,134,88.71151573086628,0,134,,0,0
PG_STRUCT,17011,0,SEALED_REVIEW,REFUGE,OC,134,82.55328222609954,0,134,,0,0
PG_STRUCT,17011,0,SEALED_REVIEW,ORIGA,OD,234,88.6321661852993,0,234,,0,0
PG_STRUCT,17011,0,SEALED_REVIEW,ORIGA,OC,234,73.76387877488105,0,234,,0,0
PG_STRUCT,17011,0,SEALED_REVIEW,REFUGE_Valid,OD,295,81.63899752511433,0,295,,0,0
PG_STRUCT,17011,0,SEALED_REVIEW,REFUGE_Valid,OC,295,60.50617740948517,0,295,,0,0
PG_STRUCT,17011,0,SEALED_REVIEW,Drishti_GS,OD,15,90.7155014417539,0,15,,0,0
PG_STRUCT,17011,0,SEALED_REVIEW,Drishti_GS,OC,15,65.96901956029753,0,15,,0,0
PG_STRUCT,17011,0,SEARCH,REFUGE,OD,202,88.35442598199906,0,202,,0,0
PG_STRUCT,17011,0,SEARCH,REFUGE,OC,202,83.83650101068073,0,202,,0,0
PG_STRUCT,17011,0,SEARCH,ORIGA,OD,352,88.30177853648813,0,352,,0,0
PG_STRUCT,17011,0,SEARCH,ORIGA,OC,352,71.65490373942036,0,352,,0,0
PG_STRUCT,17011,0,SEARCH,REFUGE_Valid,OD,441,80.78329575774458,0,441,,0,0
PG_STRUCT,17011,0,SEARCH,REFUGE_Valid,OC,441,59.83438724214599,0,441,,0,0
PG_STRUCT,17011,0,SEARCH,Drishti_GS,OD,22,92.2088908340393,0,22,,0,0
PG_STRUCT,17011,0,SEARCH,Drishti_GS,OC,22,71.69753037446678,0,22,,0,0
PG_STRUCT,17011,1,PRIMARY_ALL,Drishti_GS,OD,37,86.25275616004666,0,37,,0,0
PG_STRUCT,17011,1,PRIMARY_ALL,Drishti_GS,OC,37,61.51766765073769,0,37,,0,0
PG_STRUCT,17011,1,PRIMARY_ALL,REFUGE_Valid,OD,736,80.90762416333666,0,736,,0,0
PG_STRUCT,17011,1,PRIMARY_ALL,REFUGE_Valid,OC,736,63.580838590458995,0,736,,0,0
PG_STRUCT,17011,1,PRIMARY_ALL,ORIGA,OD,586,88.17409322978425,0,586,,0,0
PG_STRUCT,17011,1,PRIMARY_ALL,ORIGA,OC,586,70.47034695808723,0,586,,0,0
PG_STRUCT,17011,1,PRIMARY_ALL,REFUGE,OD,336,90.53997588837598,0,336,,0,0
PG_STRUCT,17011,1,PRIMARY_ALL,REFUGE,OC,336,80.34474398050962,0,336,,0,0
PG_STRUCT,17011,1,SEALED_REVIEW,Drishti_GS,OD,15,84.81028428821665,0,15,,0,0
PG_STRUCT,17011,1,SEALED_REVIEW,Drishti_GS,OC,15,57.56825105922797,0,15,,0,0
PG_STRUCT,17011,1,SEALED_REVIEW,REFUGE_Valid,OD,295,82.19800700098189,0,295,,0,0
PG_STRUCT,17011,1,SEALED_REVIEW,REFUGE_Valid,OC,295,64.31015700931438,0,295,,0,0
PG_STRUCT,17011,1,SEALED_REVIEW,ORIGA,OD,234,88.20651611645677,0,234,,0,0
PG_STRUCT,17011,1,SEALED_REVIEW,ORIGA,OC,234,71.3838271052417,0,234,,0,0
PG_STRUCT,17011,1,SEALED_REVIEW,REFUGE,OD,134,90.20248454798904,0,134,,0,0
PG_STRUCT,17011,1,SEALED_REVIEW,REFUGE,OC,134,79.88276228674981,0,134,,0,0
PG_STRUCT,17011,1,SEARCH,Drishti_GS,OD,22,87.23625970902165,0,22,,0,0
PG_STRUCT,17011,1,SEARCH,Drishti_GS,OC,22,64.21045169040342,0,22,,0,0
PG_STRUCT,17011,1,SEARCH,REFUGE_Valid,OD,441,80.04444290005927,0,441,,0,0
PG_STRUCT,17011,1,SEARCH,REFUGE_Valid,OC,441,63.09297252795936,0,441,,0,0
PG_STRUCT,17011,1,SEARCH,ORIGA,OD,352,88.1525393789849,0,352,,0,0
PG_STRUCT,17011,1,SEARCH,ORIGA,OC,352,69.86309026935386,0,352,,0,0
PG_STRUCT,17011,1,SEARCH,REFUGE,OD,202,90.76385628249403,0,202,,0,0
PG_STRUCT,17011,1,SEARCH,REFUGE,OC,202,80.65120708429087,0,202,,0,0
PG_STRUCT,29009,0,PRIMARY_ALL,REFUGE,OD,336,88.20734052339748,0,336,,0,0
PG_STRUCT,29009,0,PRIMARY_ALL,REFUGE,OC,336,83.46330071610582,0,336,,0,0
PG_STRUCT,29009,0,PRIMARY_ALL,ORIGA,OD,586,88.65281523401006,0,586,,0,0
PG_STRUCT,29009,0,PRIMARY_ALL,ORIGA,OC,586,72.07165467768256,0,586,,0,0
PG_STRUCT,29009,0,PRIMARY_ALL,REFUGE_Valid,OD,736,80.11616519655506,0,736,,0,0
PG_STRUCT,29009,0,PRIMARY_ALL,REFUGE_Valid,OC,736,59.44820511271655,0,736,,0,0
PG_STRUCT,29009,0,PRIMARY_ALL,Drishti_GS,OD,37,92.2111465647575,0,37,,0,0
PG_STRUCT,29009,0,PRIMARY_ALL,Drishti_GS,OC,37,71.09286426279775,0,37,,0,0
PG_STRUCT,29009,0,SEALED_REVIEW,REFUGE,OD,134,88.37175850081809,0,134,,0,0
PG_STRUCT,29009,0,SEALED_REVIEW,REFUGE,OC,134,82.74207985706714,0,134,,0,0
PG_STRUCT,29009,0,SEALED_REVIEW,ORIGA,OD,234,88.83896042015026,0,234,,0,0
PG_STRUCT,29009,0,SEALED_REVIEW,ORIGA,OC,234,73.3212353298282,0,234,,0,0
PG_STRUCT,29009,0,SEALED_REVIEW,REFUGE_Valid,OD,295,80.66053230626308,0,295,,0,0
PG_STRUCT,29009,0,SEALED_REVIEW,REFUGE_Valid,OC,295,59.87648216778675,0,295,,0,0
PG_STRUCT,29009,0,SEALED_REVIEW,Drishti_GS,OD,15,91.37867670642264,0,15,,0,0
PG_STRUCT,29009,0,SEALED_REVIEW,Drishti_GS,OC,15,67.83238108338065,0,15,,0,0
PG_STRUCT,29009,0,SEARCH,REFUGE,OD,202,88.09827117203925,0,202,,0,0
PG_STRUCT,29009,0,SEARCH,REFUGE,OC,202,83.9417343552701,0,202,,0,0
PG_STRUCT,29009,0,SEARCH,ORIGA,OD,352,88.52907099095097,0,352,,0,0
PG_STRUCT,29009,0,SEARCH,ORIGA,OC,352,71.24096753960848,0,352,,0,0
PG_STRUCT,29009,0,SEARCH,REFUGE_Valid,OD,441,79.75201939754402,0,441,,0,0
PG_STRUCT,29009,0,SEARCH,REFUGE_Valid,OC,441,59.16171592621834,0,441,,0,0
PG_STRUCT,29009,0,SEARCH,Drishti_GS,OD,22,92.77873964998581,0,22,,0,0
PG_STRUCT,29009,0,SEARCH,Drishti_GS,OC,22,73.31592097603667,0,22,,0,0
PG_STRUCT,29009,1,PRIMARY_ALL,Drishti_GS,OD,37,86.65333138715664,0,37,,0,0
PG_STRUCT,29009,1,PRIMARY_ALL,Drishti_GS,OC,37,61.306102900154116,0,37,,0,0
PG_STRUCT,29009,1,PRIMARY_ALL,REFUGE_Valid,OD,736,79.96260306329722,0,736,,0,0
PG_STRUCT,29009,1,PRIMARY_ALL,REFUGE_Valid,OC,736,63.741440320945024,0,736,,0,0
PG_STRUCT,29009,1,PRIMARY_ALL,ORIGA,OD,586,87.99833319031431,0,586,,0,0
PG_STRUCT,29009,1,PRIMARY_ALL,ORIGA,OC,586,69.98247418599973,0,586,,0,0
PG_STRUCT,29009,1,PRIMARY_ALL,REFUGE,OD,336,90.39673551172808,0,336,,0,0
PG_STRUCT,29009,1,PRIMARY_ALL,REFUGE,OC,336,80.31852839650638,0,336,,0,0
PG_STRUCT,29009,1,SEALED_REVIEW,Drishti_GS,OD,15,85.1931486373595,0,15,,0,0
PG_STRUCT,29009,1,SEALED_REVIEW,Drishti_GS,OC,15,57.33816909318509,0,15,,0,0
PG_STRUCT,29009,1,SEALED_REVIEW,REFUGE_Valid,OD,295,81.26969884349444,0,295,,0,0
PG_STRUCT,29009,1,SEALED_REVIEW,REFUGE_Valid,OC,295,64.47189156533955,0,295,,0,0
PG_STRUCT,29009,1,SEALED_REVIEW,ORIGA,OD,234,87.99303632267832,0,234,,0,0
PG_STRUCT,29009,1,SEALED_REVIEW,ORIGA,OC,234,70.8818731031079,0,234,,0,0
PG_STRUCT,29009,1,SEALED_REVIEW,REFUGE,OD,134,90.05653684707822,0,134,,0,0
PG_STRUCT,29009,1,SEALED_REVIEW,REFUGE,OC,134,79.7156480390433,0,134,,0,0
PG_STRUCT,29009,1,SEARCH,Drishti_GS,OD,22,87.64891053474561,0,22,,0,0
PG_STRUCT,29009,1,SEARCH,Drishti_GS,OC,22,64.01151231399663,0,22,,0,0
PG_STRUCT,29009,1,SEARCH,REFUGE_Valid,OD,441,79.08824194048957,0,441,,0,0
PG_STRUCT,29009,1,SEARCH,REFUGE_Valid,OC,441,63.252816472653905,0,441,,0,0
PG_STRUCT,29009,1,SEARCH,ORIGA,OD,352,88.00185440345868,0,352,,0,0
PG_STRUCT,29009,1,SEARCH,ORIGA,OC,352,69.3845783149676,0,352,,0,0
PG_STRUCT,29009,1,SEARCH,REFUGE,OD,202,90.62241185362453,0,202,,0,0
PG_STRUCT,29009,1,SEARCH,REFUGE,OC,202,80.71845893066505,0,202,,0,0
PG_STRUCT,20260907,0,PRIMARY_ALL,REFUGE,OD,336,88.63792346085177,0,336,,0,0
PG_STRUCT,20260907,0,PRIMARY_ALL,REFUGE,OC,336,83.30585094162717,0,336,,0,0
PG_STRUCT,20260907,0,PRIMARY_ALL,ORIGA,OD,586,88.83865185550668,0,586,,0,0
PG_STRUCT,20260907,0,PRIMARY_ALL,ORIGA,OC,586,72.24584179746851,0,586,,0,0
PG_STRUCT,20260907,0,PRIMARY_ALL,REFUGE_Valid,OD,736,79.57675711734693,0,736,,0,0
PG_STRUCT,20260907,0,PRIMARY_ALL,REFUGE_Valid,OC,736,60.079729688417,0,736,,0,0
PG_STRUCT,20260907,0,PRIMARY_ALL,Drishti_GS,OD,37,92.4216789064669,0,37,,0,0
PG_STRUCT,20260907,0,PRIMARY_ALL,Drishti_GS,OC,37,70.75455674499119,0,37,,0,0
PG_STRUCT,20260907,0,SEALED_REVIEW,REFUGE,OD,134,88.84832616847798,0,134,,0,0
PG_STRUCT,20260907,0,SEALED_REVIEW,REFUGE,OC,134,82.50593314646227,0,134,,0,0
PG_STRUCT,20260907,0,SEALED_REVIEW,ORIGA,OD,234,88.99071520238995,0,234,,0,0
PG_STRUCT,20260907,0,SEALED_REVIEW,ORIGA,OC,234,73.53795689951909,0,234,,0,0
PG_STRUCT,20260907,0,SEALED_REVIEW,REFUGE_Valid,OD,295,80.22038730594858,0,295,,0,0
PG_STRUCT,20260907,0,SEALED_REVIEW,REFUGE_Valid,OC,295,60.524552689425995,0,295,,0,0
PG_STRUCT,20260907,0,SEALED_REVIEW,Drishti_GS,OD,15,91.57380286058161,0,15,,0,0
PG_STRUCT,20260907,0,SEALED_REVIEW,Drishti_GS,OC,15,67.51082986516406,0,15,,0,0
PG_STRUCT,20260907,0,SEARCH,REFUGE,OD,202,88.49834938747595,0,202,,0,0
PG_STRUCT,20260907,0,SEARCH,REFUGE,OC,202,83.83648947901378,0,202,,0,0
PG_STRUCT,20260907,0,SEARCH,ORIGA,OD,352,88.73756428968088,0,352,,0,0
PG_STRUCT,20260907,0,SEARCH,ORIGA,OC,352,71.38687891712807,0,352,,0,0
PG_STRUCT,20260907,0,SEARCH,REFUGE_Valid,OD,441,79.14621084606011,0,441,,0,0
PG_STRUCT,20260907,0,SEARCH,REFUGE_Valid,OC,441,59.78217235214114,0,441,,0,0
PG_STRUCT,20260907,0,SEARCH,Drishti_GS,OD,22,92.99977621047961,0,22,,0,0
PG_STRUCT,20260907,0,SEARCH,Drishti_GS,OC,22,72.96618870850969,0,22,,0,0
PG_STRUCT,20260907,1,PRIMARY_ALL,Drishti_GS,OD,37,86.10991310450704,0,37,,0,0
PG_STRUCT,20260907,1,PRIMARY_ALL,Drishti_GS,OC,37,61.338670449204514,0,37,,0,0
PG_STRUCT,20260907,1,PRIMARY_ALL,REFUGE_Valid,OD,736,81.43531110819289,0,736,,0,0
PG_STRUCT,20260907,1,PRIMARY_ALL,REFUGE_Valid,OC,736,63.86013707752028,0,736,,0,0
PG_STRUCT,20260907,1,PRIMARY_ALL,ORIGA,OD,586,88.20937198507106,0,586,,0,0
PG_STRUCT,20260907,1,PRIMARY_ALL,ORIGA,OC,586,70.59189186927001,0,586,,0,0
PG_STRUCT,20260907,1,PRIMARY_ALL,REFUGE,OD,336,90.98325825300448,0,336,,0,0
PG_STRUCT,20260907,1,PRIMARY_ALL,REFUGE,OC,336,80.8183837239516,0,336,,0,0
PG_STRUCT,20260907,1,SEALED_REVIEW,Drishti_GS,OD,15,84.65749889902344,0,15,,0,0
PG_STRUCT,20260907,1,SEALED_REVIEW,Drishti_GS,OC,15,57.34146242191293,0,15,,0,0
PG_STRUCT,20260907,1,SEALED_REVIEW,REFUGE_Valid,OD,295,82.6417195611335,0,295,,0,0
PG_STRUCT,20260907,1,SEALED_REVIEW,REFUGE_Valid,OC,295,64.54573629619469,0,295,,0,0
PG_STRUCT,20260907,1,SEALED_REVIEW,ORIGA,OD,234,88.30335151382972,0,234,,0,0
PG_STRUCT,20260907,1,SEALED_REVIEW,ORIGA,OC,234,71.61062292723466,0,234,,0,0
PG_STRUCT,20260907,1,SEALED_REVIEW,REFUGE,OD,134,90.64821143370864,0,134,,0,0
PG_STRUCT,20260907,1,SEALED_REVIEW,REFUGE,OC,134,80.28363552619659,0,134,,0,0
PG_STRUCT,20260907,1,SEARCH,Drishti_GS,OD,22,87.10019551733677,0,22,,0,0
PG_STRUCT,20260907,1,SEARCH,Drishti_GS,OC,22,64.0640395587215,0,22,,0,0
PG_STRUCT,20260907,1,SEARCH,REFUGE_Valid,OD,441,80.62830318615781,0,441,,0,0
PG_STRUCT,20260907,1,SEARCH,REFUGE_Valid,OC,441,63.401516284982975,0,441,,0,0
PG_STRUCT,20260907,1,SEARCH,ORIGA,OD,352,88.14689695743034,0,352,,0,0
PG_STRUCT,20260907,1,SEARCH,ORIGA,OC,352,69.91466724550942,0,352,,0,0
PG_STRUCT,20260907,1,SEARCH,REFUGE,OD,202,91.20551703412153,0,202,,0,0
PG_STRUCT,20260907,1,SEARCH,REFUGE,OC,202,81.17311767691778,0,202,,0,0
RANDOM4,17011,0,PRIMARY_ALL,REFUGE,OD,336,88.49804044443171,0,336,,0,0
RANDOM4,17011,0,PRIMARY_ALL,REFUGE,OC,336,83.32507514845013,0,336,,0,0
RANDOM4,17011,0,PRIMARY_ALL,ORIGA,OD,586,88.43085924713026,0,586,,0,0
RANDOM4,17011,0,PRIMARY_ALL,ORIGA,OC,586,72.48570042498156,0,586,,0,0
RANDOM4,17011,0,PRIMARY_ALL,REFUGE_Valid,OD,736,81.07788397593752,0,736,,0,0
RANDOM4,17011,0,PRIMARY_ALL,REFUGE_Valid,OC,736,60.08310433512646,0,736,,0,0
RANDOM4,17011,0,PRIMARY_ALL,Drishti_GS,OD,37,91.63395706941161,0,37,,0,0
RANDOM4,17011,0,PRIMARY_ALL,Drishti_GS,OC,37,69.3648421628907,0,37,,0,0
RANDOM4,17011,0,SEALED_REVIEW,REFUGE,OD,134,88.71288593407115,0,134,,0,0
RANDOM4,17011,0,SEALED_REVIEW,REFUGE,OC,134,82.55267798681722,0,134,,0,0
RANDOM4,17011,0,SEALED_REVIEW,ORIGA,OD,234,88.62880347307791,0,234,,0,0
RANDOM4,17011,0,SEALED_REVIEW,ORIGA,OC,234,73.75139948632494,0,234,,0,0
RANDOM4,17011,0,SEALED_REVIEW,REFUGE_Valid,OD,295,81.59181014570898,0,295,,0,0
RANDOM4,17011,0,SEALED_REVIEW,REFUGE_Valid,OC,295,60.48426624696056,0,295,,0,0
RANDOM4,17011,0,SEALED_REVIEW,Drishti_GS,OD,15,90.73677628569214,0,15,,0,0
RANDOM4,17011,0,SEALED_REVIEW,Drishti_GS,OC,15,65.96141335008171,0,15,,0,0
RANDOM4,17011,0,SEARCH,REFUGE,OD,202,88.35551917902734,0,202,,0,0
RANDOM4,17011,0,SEARCH,REFUGE,OC,202,83.83745742398878,0,202,,0,0
RANDOM4,17011,0,SEARCH,ORIGA,OD,352,88.29927132419915,0,352,,0,0
RANDOM4,17011,0,SEARCH,ORIGA,OC,352,71.64429820806579,0,352,,0,0
RANDOM4,17011,0,SEARCH,REFUGE_Valid,OD,441,80.73410116395888,0,441,,0,0
RANDOM4,17011,0,SEARCH,REFUGE_Valid,OC,441,59.814753396371216,0,441,,0,0
RANDOM4,17011,0,SEARCH,Drishti_GS,OD,22,92.24567124012943,0,22,,0,0
RANDOM4,17011,0,SEARCH,Drishti_GS,OC,22,71.68536180798773,0,22,,0,0
RANDOM4,17011,1,PRIMARY_ALL,Drishti_GS,OD,37,86.25568486661737,0,37,,0,0
RANDOM4,17011,1,PRIMARY_ALL,Drishti_GS,OC,37,61.523763660046605,0,37,,0,0
RANDOM4,17011,1,PRIMARY_ALL,REFUGE_Valid,OD,736,80.9109798941429,0,736,,0,0
RANDOM4,17011,1,PRIMARY_ALL,REFUGE_Valid,OC,736,63.57703793381042,0,736,,0,0
RANDOM4,17011,1,PRIMARY_ALL,ORIGA,OD,586,88.16975484496095,0,586,,0,0
RANDOM4,17011,1,PRIMARY_ALL,ORIGA,OC,586,70.46807540494946,0,586,,0,0
RANDOM4,17011,1,PRIMARY_ALL,REFUGE,OD,336,90.5509566574678,0,336,,0,0
RANDOM4,17011,1,PRIMARY_ALL,REFUGE,OC,336,80.35951836641576,0,336,,0,0
RANDOM4,17011,1,SEALED_REVIEW,Drishti_GS,OD,15,84.81672996127854,0,15,,0,0
RANDOM4,17011,1,SEALED_REVIEW,Drishti_GS,OC,15,57.57827698942029,0,15,,0,0
RANDOM4,17011,1,SEALED_REVIEW,REFUGE_Valid,OD,295,82.20046496089017,0,295,,0,0
RANDOM4,17011,1,SEALED_REVIEW,REFUGE_Valid,OC,295,64.30592286148374,0,295,,0,0
RANDOM4,17011,1,SEALED_REVIEW,ORIGA,OD,234,88.20360823064614,0,234,,0,0
RANDOM4,17011,1,SEALED_REVIEW,ORIGA,OC,234,71.3840108384583,0,234,,0,0
RANDOM4,17011,1,SEALED_REVIEW,REFUGE,OD,134,90.21520066115434,0,134,,0,0
RANDOM4,17011,1,SEALED_REVIEW,REFUGE,OC,134,79.89511417169872,0,134,,0,0
RANDOM4,17011,1,SEARCH,Drishti_GS,OD,22,87.23679048389384,0,22,,0,0
RANDOM4,17011,1,SEARCH,Drishti_GS,OC,22,64.21386820820092,0,22,,0,0
RANDOM4,17011,1,SEARCH,REFUGE_Valid,OD,441,80.04839918055913,0,441,,0,0
RANDOM4,17011,1,SEARCH,REFUGE_Valid,OC,441,63.08946184840537,0,441,,0,0
RANDOM4,17011,1,SEARCH,ORIGA,OD,352,88.14725003743158,0,352,,0,0
RANDOM4,17011,1,SEARCH,ORIGA,OC,352,69.85918650881005,0,352,,0,0
RANDOM4,17011,1,SEARCH,REFUGE,OD,202,90.77368588274504,0,202,,0,0
RANDOM4,17011,1,SEARCH,REFUGE,OC,202,80.66758847578251,0,202,,0,0
RANDOM4,29009,0,PRIMARY_ALL,REFUGE,OD,336,88.24183283675032,0,336,,0,0
RANDOM4,29009,0,PRIMARY_ALL,REFUGE,OC,336,83.46537963006534,0,336,,0,0
RANDOM4,29009,0,PRIMARY_ALL,ORIGA,OD,586,88.68321864902082,0,586,,0,0
RANDOM4,29009,0,PRIMARY_ALL,ORIGA,OC,586,72.44237582186811,0,586,,0,0
RANDOM4,29009,0,PRIMARY_ALL,REFUGE_Valid,OD,736,80.65485177376627,0,736,,0,0
RANDOM4,29009,0,PRIMARY_ALL,REFUGE_Valid,OC,736,58.8004645611797,0,736,,0,0
RANDOM4,29009,0,PRIMARY_ALL,Drishti_GS,OD,37,91.72803558342947,0,37,,0,0
RANDOM4,29009,0,PRIMARY_ALL,Drishti_GS,OC,37,71.3515817391805,0,37,,0,0
RANDOM4,29009,0,SEALED_REVIEW,REFUGE,OD,134,88.4072635412015,0,134,,0,0
RANDOM4,29009,0,SEALED_REVIEW,REFUGE,OC,134,82.74591983491922,0,134,,0,0
RANDOM4,29009,0,SEALED_REVIEW,ORIGA,OD,234,88.867250540632,0,234,,0,0
RANDOM4,29009,0,SEALED_REVIEW,ORIGA,OC,234,73.65593173858693,0,234,,0,0
RANDOM4,29009,0,SEALED_REVIEW,REFUGE_Valid,OD,295,81.18594246883376,0,295,,0,0
RANDOM4,29009,0,SEALED_REVIEW,REFUGE_Valid,OC,295,59.20576180687515,0,295,,0,0
RANDOM4,29009,0,SEALED_REVIEW,Drishti_GS,OD,15,90.89728309474688,0,15,,0,0
RANDOM4,29009,0,SEALED_REVIEW,Drishti_GS,OC,15,68.17945581767356,0,15,,0,0
RANDOM4,29009,0,SEARCH,REFUGE,OD,202,88.1320916763718,0,202,,0,0
RANDOM4,29009,0,SEARCH,REFUGE,OC,202,83.94264503872662,0,202,,0,0
RANDOM4,29009,0,SEARCH,ORIGA,OD,352,88.5608792665293,0,352,,0,0
RANDOM4,29009,0,SEARCH,ORIGA,OC,352,71.63563694541298,0,352,,0,0
RANDOM4,29009,0,SEARCH,REFUGE_Valid,OD,441,80.29958702309754,0,441,,0,0
RANDOM4,29009,0,SEARCH,REFUGE_Valid,OC,441,58.52934735600928,0,441,,0,0
RANDOM4,29009,0,SEARCH,Drishti_GS,OD,22,92.29445773480398,0,22,,0,0
RANDOM4,29009,0,SEARCH,Drishti_GS,OC,22,73.51439486748069,0,22,,0,0
RANDOM4,29009,1,PRIMARY_ALL,Drishti_GS,OD,37,86.64657770095346,0,37,,0,0
RANDOM4,29009,1,PRIMARY_ALL,Drishti_GS,OC,37,61.30370456523476,0,37,,0,0
RANDOM4,29009,1,PRIMARY_ALL,REFUGE_Valid,OD,736,79.95417159927901,0,736,,0,0
RANDOM4,29009,1,PRIMARY_ALL,REFUGE_Valid,OC,736,63.73650821600861,0,736,,0,0
RANDOM4,29009,1,PRIMARY_ALL,ORIGA,OD,586,87.99168487508243,0,586,,0,0
RANDOM4,29009,1,PRIMARY_ALL,ORIGA,OC,586,69.99358493631429,0,586,,0,0
RANDOM4,29009,1,PRIMARY_ALL,REFUGE,OD,336,90.39272568905163,0,336,,0,0
RANDOM4,29009,1,PRIMARY_ALL,REFUGE,OC,336,80.30605237878592,0,336,,0,0
RANDOM4,29009,1,SEALED_REVIEW,Drishti_GS,OD,15,85.18773502571683,0,15,,0,0
RANDOM4,29009,1,SEALED_REVIEW,Drishti_GS,OC,15,57.33691401359904,0,15,,0,0
RANDOM4,29009,1,SEALED_REVIEW,REFUGE_Valid,OD,295,81.26114745457835,0,295,,0,0
RANDOM4,29009,1,SEALED_REVIEW,REFUGE_Valid,OC,295,64.46704775409587,0,295,,0,0
RANDOM4,29009,1,SEALED_REVIEW,ORIGA,OD,234,87.98533713951385,0,234,,0,0
RANDOM4,29009,1,SEALED_REVIEW,ORIGA,OC,234,70.89163180822854,0,234,,0,0
RANDOM4,29009,1,SEALED_REVIEW,REFUGE,OD,134,90.05071669195479,0,134,,0,0
RANDOM4,29009,1,SEALED_REVIEW,REFUGE,OC,134,79.7069525182451,0,134,,0,0
RANDOM4,29009,1,SEARCH,Drishti_GS,OD,22,87.64124316134205,0,22,,0,0
RANDOM4,29009,1,SEARCH,Drishti_GS,OC,22,64.00833448680457,0,22,,0,0
RANDOM4,29009,1,SEARCH,REFUGE_Valid,OD,441,79.07989069834181,0,441,,0,0
RANDOM4,29009,1,SEARCH,REFUGE_Valid,OC,441,63.2478253050432,0,441,,0,0
RANDOM4,29009,1,SEARCH,ORIGA,OD,352,87.99590467656834,0,352,,0,0
RANDOM4,29009,1,SEARCH,ORIGA,OC,352,69.39658786805312,0,352,,0,0
RANDOM4,29009,1,SEARCH,REFUGE,OD,202,90.61960294455152,0,202,,0,0
RANDOM4,29009,1,SEARCH,REFUGE,OC,202,80.70347505855062,0,202,,0,0
RANDOM4,20260907,0,PRIMARY_ALL,REFUGE,OD,336,88.54101318046952,0,336,,0,0
RANDOM4,20260907,0,PRIMARY_ALL,REFUGE,OC,336,83.32051258627752,0,336,,0,0
RANDOM4,20260907,0,PRIMARY_ALL,ORIGA,OD,586,88.56431074726162,0,586,,0,0
RANDOM4,20260907,0,PRIMARY_ALL,ORIGA,OC,586,72.16800183982055,0,586,,0,0
RANDOM4,20260907,0,PRIMARY_ALL,REFUGE_Valid,OD,736,80.19840112540619,0,736,,0,0
RANDOM4,20260907,0,PRIMARY_ALL,REFUGE_Valid,OC,736,60.40295635420615,0,736,,0,0
RANDOM4,20260907,0,PRIMARY_ALL,Drishti_GS,OD,37,92.19136021950565,0,37,,0,0
RANDOM4,20260907,0,PRIMARY_ALL,Drishti_GS,OC,37,69.63062099309424,0,37,,0,0
RANDOM4,20260907,0,SEALED_REVIEW,REFUGE,OD,134,88.74247365661637,0,134,,0,0
RANDOM4,20260907,0,SEALED_REVIEW,REFUGE,OC,134,82.5278984652481,0,134,,0,0
RANDOM4,20260907,0,SEALED_REVIEW,ORIGA,OD,234,88.73529863108736,0,234,,0,0
RANDOM4,20260907,0,SEALED_REVIEW,ORIGA,OC,234,73.459812978721,0,234,,0,0
RANDOM4,20260907,0,SEALED_REVIEW,REFUGE_Valid,OD,295,80.81790254172418,0,295,,0,0
RANDOM4,20260907,0,SEALED_REVIEW,REFUGE_Valid,OC,295,60.83118234278989,0,295,,0,0
RANDOM4,20260907,0,SEALED_REVIEW,Drishti_GS,OD,15,91.32342086664876,0,15,,0,0
RANDOM4,20260907,0,SEALED_REVIEW,Drishti_GS,OC,15,66.2281250848641,0,15,,0,0
RANDOM4,20260907,0,SEARCH,REFUGE,OD,202,88.40737108243151,0,202,,0,0
RANDOM4,20260907,0,SEARCH,REFUGE,OC,202,83.8463061121089,0,202,,0,0
RANDOM4,20260907,0,SEARCH,ORIGA,OD,352,88.45064266540017,0,352,,0,0
RANDOM4,20260907,0,SEARCH,ORIGA,OC,352,71.3092410258924,0,352,,0,0
RANDOM4,20260907,0,SEARCH,REFUGE_Valid,OD,441,79.78399541607784,0,441,,0,0
RANDOM4,20260907,0,SEARCH,REFUGE_Valid,OC,441,60.11650132782926,0,441,,0,0
RANDOM4,20260907,0,SEARCH,Drishti_GS,OD,22,92.78313705099899,0,22,,0,0
RANDOM4,20260907,0,SEARCH,Drishti_GS,OC,22,71.95050456688753,0,22,,0,0
RANDOM4,20260907,1,PRIMARY_ALL,Drishti_GS,OD,37,86.11139666269281,0,37,,0,0
RANDOM4,20260907,1,PRIMARY_ALL,Drishti_GS,OC,37,61.34309780809708,0,37,,0,0
RANDOM4,20260907,1,PRIMARY_ALL,REFUGE_Valid,OD,736,81.43510155391812,0,736,,0,0
RANDOM4,20260907,1,PRIMARY_ALL,REFUGE_Valid,OC,736,63.85904105368084,0,736,,0,0
RANDOM4,20260907,1,PRIMARY_ALL,ORIGA,OD,586,88.20604722815303,0,586,,0,0
RANDOM4,20260907,1,PRIMARY_ALL,ORIGA,OC,586,70.58969465759468,0,586,,0,0
RANDOM4,20260907,1,PRIMARY_ALL,REFUGE,OD,336,90.9836786793175,0,336,,0,0
RANDOM4,20260907,1,PRIMARY_ALL,REFUGE,OC,336,80.82027909220133,0,336,,0,0
RANDOM4,20260907,1,SEALED_REVIEW,Drishti_GS,OD,15,84.660430139925,0,15,,0,0
RANDOM4,20260907,1,SEALED_REVIEW,Drishti_GS,OC,15,57.34346679684161,0,15,,0,0
RANDOM4,20260907,1,SEALED_REVIEW,REFUGE_Valid,OD,295,82.64166969776275,0,295,,0,0
RANDOM4,20260907,1,SEALED_REVIEW,REFUGE_Valid,OC,295,64.54559125318374,0,295,,0,0
RANDOM4,20260907,1,SEALED_REVIEW,ORIGA,OD,234,88.29989194134808,0,234,,0,0
RANDOM4,20260907,1,SEALED_REVIEW,ORIGA,OC,234,71.60587525908524,0,234,,0,0
RANDOM4,20260907,1,SEALED_REVIEW,REFUGE,OD,134,90.64494407842263,0,134,,0,0
RANDOM4,20260907,1,SEALED_REVIEW,REFUGE,OC,134,80.28513331396657,0,134,,0,0
RANDOM4,20260907,1,SEARCH,Drishti_GS,OD,22,87.10069201912542,0,22,,0,0
RANDOM4,20260907,1,SEARCH,Drishti_GS,OC,22,64.07011895213489,0,22,,0,0
RANDOM4,20260907,1,SEARCH,REFUGE_Valid,OD,441,80.62798680916943,0,441,,0,0
RANDOM4,20260907,1,SEARCH,REFUGE_Valid,OC,441,63.399784117505426,0,441,,0,0
RANDOM4,20260907,1,SEARCH,ORIGA,OD,352,88.14366182222221,0,352,,0,0
RANDOM4,20260907,1,SEARCH,ORIGA,OC,352,69.91416550774017,0,352,,0,0
RANDOM4,20260907,1,SEARCH,REFUGE,OD,202,91.2083838106042,0,202,,0,0
RANDOM4,20260907,1,SEARCH,REFUGE,OC,202,81.1752767866739,0,202,,0,0
REPEAT5,17011,0,PRIMARY_ALL,REFUGE,OD,336,90.68168086302163,0,336,,0,0
REPEAT5,17011,0,PRIMARY_ALL,REFUGE,OC,336,81.92666699882525,0,336,,0,0
REPEAT5,17011,0,PRIMARY_ALL,ORIGA,OD,586,90.88736423416765,0,586,,0,0
REPEAT5,17011,0,PRIMARY_ALL,ORIGA,OC,586,74.35671237322772,0,586,,0,0
REPEAT5,17011,0,PRIMARY_ALL,REFUGE_Valid,OD,736,66.19769443874937,0,736,,0,0
REPEAT5,17011,0,PRIMARY_ALL,REFUGE_Valid,OC,736,41.77287844596485,0,736,,0,0
REPEAT5,17011,0,PRIMARY_ALL,Drishti_GS,OD,37,92.09884093547448,0,37,,0,0
REPEAT5,17011,0,PRIMARY_ALL,Drishti_GS,OC,37,79.12662330461887,0,37,,0,0
REPEAT5,17011,0,SEALED_REVIEW,REFUGE,OD,134,90.6797982280544,0,134,,0,0
REPEAT5,17011,0,SEALED_REVIEW,REFUGE,OC,134,81.07688778414236,0,134,,0,0
REPEAT5,17011,0,SEALED_REVIEW,ORIGA,OD,234,90.70475830586528,0,234,,0,0
REPEAT5,17011,0,SEALED_REVIEW,ORIGA,OC,234,74.32344510145946,0,234,,0,0
REPEAT5,17011,0,SEALED_REVIEW,REFUGE_Valid,OD,295,66.29757686479518,0,295,,0,0
REPEAT5,17011,0,SEALED_REVIEW,REFUGE_Valid,OC,295,42.08760873970323,0,295,,0,0
REPEAT5,17011,0,SEALED_REVIEW,Drishti_GS,OD,15,91.9355085212608,0,15,,0,0
REPEAT5,17011,0,SEALED_REVIEW,Drishti_GS,OC,15,80.39953989505628,0,15,,0,0
REPEAT5,17011,0,SEARCH,REFUGE,OD,202,90.68292973968306,0,202,,0,0
REPEAT5,17011,0,SEARCH,REFUGE,OC,202,82.49038192341689,0,202,,0,0
REPEAT5,17011,0,SEARCH,ORIGA,OD,352,91.00875567514139,0,352,,0,0
REPEAT5,17011,0,SEARCH,ORIGA,OC,352,74.37882754821004,0,352,,0,0
REPEAT5,17011,0,SEARCH,REFUGE_Valid,OD,441,66.1308796639568,0,441,,0,0
REPEAT5,17011,0,SEARCH,REFUGE_Valid,OC,441,41.5623445760038,0,441,,0,0
REPEAT5,17011,0,SEARCH,Drishti_GS,OD,22,92.21020394516563,0,22,,0,0
REPEAT5,17011,0,SEARCH,Drishti_GS,OC,22,78.25872562932064,0,22,,0,0
REPEAT5,17011,1,PRIMARY_ALL,Drishti_GS,OD,37,89.37414671259012,0,37,,0,0
REPEAT5,17011,1,PRIMARY_ALL,Drishti_GS,OC,37,63.74275244742339,0,37,,0,0
REPEAT5,17011,1,PRIMARY_ALL,REFUGE_Valid,OD,736,58.76653635671538,0,736,,0,0
REPEAT5,17011,1,PRIMARY_ALL,REFUGE_Valid,OC,736,50.92592461152227,0,736,,0,0
REPEAT5,17011,1,PRIMARY_ALL,ORIGA,OD,586,83.26060971776853,0,586,,0,0
REPEAT5,17011,1,PRIMARY_ALL,ORIGA,OC,586,68.5718119162625,0,586,,0,0
REPEAT5,17011,1,PRIMARY_ALL,REFUGE,OD,336,81.6199529017986,0,336,,0,0
REPEAT5,17011,1,PRIMARY_ALL,REFUGE,OC,336,56.618904962677846,0,336,,0,0
REPEAT5,17011,1,SEALED_REVIEW,Drishti_GS,OD,15,87.62561227661496,0,15,,0,0
REPEAT5,17011,1,SEALED_REVIEW,Drishti_GS,OC,15,59.6406555795324,0,15,,0,0
REPEAT5,17011,1,SEALED_REVIEW,REFUGE_Valid,OD,295,59.8318284903196,0,295,,0,0
REPEAT5,17011,1,SEALED_REVIEW,REFUGE_Valid,OC,295,51.526642763829834,0,295,,0,0
REPEAT5,17011,1,SEALED_REVIEW,ORIGA,OD,234,82.87281045210904,0,234,,0,0
REPEAT5,17011,1,SEALED_REVIEW,ORIGA,OC,234,67.58753533105208,0,234,,0,0
REPEAT5,17011,1,SEALED_REVIEW,REFUGE,OD,134,80.9258851486351,0,134,,0,0
REPEAT5,17011,1,SEALED_REVIEW,REFUGE,OC,134,55.91246907796057,0,134,,0,0
REPEAT5,17011,1,SEARCH,Drishti_GS,OD,22,90.56632928257318,0,22,,0,0
REPEAT5,17011,1,SEARCH,Drishti_GS,OC,22,66.53963667553089,0,22,,0,0
REPEAT5,17011,1,SEARCH,REFUGE_Valid,OD,441,58.05392597255836,0,441,,0,0
REPEAT5,17011,1,SEARCH,REFUGE_Valid,OC,441,50.52408367063626,0,441,,0,0
REPEAT5,17011,1,SEARCH,ORIGA,OD,352,83.51840809323537,0,352,,0,0
REPEAT5,17011,1,SEARCH,ORIGA,OC,352,69.22613214620353,0,352,,0,0
REPEAT5,17011,1,SEARCH,REFUGE,OD,202,82.08037408459023,0,202,,0,0
REPEAT5,17011,1,SEARCH,REFUGE,OC,202,57.087530747589305,0,202,,0,0
REPEAT5,29009,0,PRIMARY_ALL,REFUGE,OD,336,90.05086236443161,0,336,,0,0
REPEAT5,29009,0,PRIMARY_ALL,REFUGE,OC,336,83.21791317099739,0,336,,0,0
REPEAT5,29009,0,PRIMARY_ALL,ORIGA,OD,586,91.53608930752762,0,586,,0,0
REPEAT5,29009,0,PRIMARY_ALL,ORIGA,OC,586,75.07374478680035,0,586,,0,0
REPEAT5,29009,0,PRIMARY_ALL,REFUGE_Valid,OD,736,67.7066431206252,0,736,,0,0
REPEAT5,29009,0,PRIMARY_ALL,REFUGE_Valid,OC,736,42.154979230701045,0,736,,0,0
REPEAT5,29009,0,PRIMARY_ALL,Drishti_GS,OD,37,90.42864741792157,0,37,,0,0
REPEAT5,29009,0,PRIMARY_ALL,Drishti_GS,OC,37,79.27136686177691,0,37,,0,0
REPEAT5,29009,0,SEALED_REVIEW,REFUGE,OD,134,90.20936784099456,0,134,,0,0
REPEAT5,29009,0,SEALED_REVIEW,REFUGE,OC,134,82.72949572235565,0,134,,0,0
REPEAT5,29009,0,SEALED_REVIEW,ORIGA,OD,234,91.3314007952144,0,234,,0,0
REPEAT5,29009,0,SEALED_REVIEW,ORIGA,OC,234,75.11046655449601,0,234,,0,0
REPEAT5,29009,0,SEALED_REVIEW,REFUGE_Valid,OD,295,67.79718808163467,0,295,,0,0
REPEAT5,29009,0,SEALED_REVIEW,REFUGE_Valid,OC,295,42.48168164830524,0,295,,0,0
REPEAT5,29009,0,SEALED_REVIEW,Drishti_GS,OD,15,90.29111803560806,0,15,,0,0
REPEAT5,29009,0,SEALED_REVIEW,Drishti_GS,OC,15,80.77754389771488,0,15,,0,0
REPEAT5,29009,0,SEARCH,REFUGE,OD,202,89.94571516710766,0,202,,0,0
REPEAT5,29009,0,SEARCH,REFUGE,OC,202,83.54191286465083,0,202,,0,0
REPEAT5,29009,0,SEARCH,ORIGA,OD,352,91.67216064809948,0,352,,0,0
REPEAT5,29009,0,SEARCH,ORIGA,OC,352,75.04933315713903,0,352,,0,0
REPEAT5,29009,0,SEARCH,REFUGE_Valid,OD,441,67.64607449591365,0,441,,0,0
REPEAT5,29009,0,SEARCH,REFUGE_Valid,OC,441,41.93643679715629,0,441,,0,0
REPEAT5,29009,0,SEARCH,Drishti_GS,OD,22,90.52241745131714,0,22,,0,0
REPEAT5,29009,0,SEARCH,Drishti_GS,OC,22,78.24442797363739,0,22,,0,0
REPEAT5,29009,1,PRIMARY_ALL,Drishti_GS,OD,37,90.09276148716803,0,37,,0,0
REPEAT5,29009,1,PRIMARY_ALL,Drishti_GS,OC,37,62.1220968570975,0,37,,0,0
REPEAT5,29009,1,PRIMARY_ALL,REFUGE_Valid,OD,736,57.370667493827476,0,736,,0,0
REPEAT5,29009,1,PRIMARY_ALL,REFUGE_Valid,OC,736,50.369415749721114,0,736,,0,0
REPEAT5,29009,1,PRIMARY_ALL,ORIGA,OD,586,82.24605335349345,0,586,,0,0
REPEAT5,29009,1,PRIMARY_ALL,ORIGA,OC,586,67.98147778618743,0,586,,0,0
REPEAT5,29009,1,PRIMARY_ALL,REFUGE,OD,336,80.39866093050291,0,336,,0,0
REPEAT5,29009,1,PRIMARY_ALL,REFUGE,OC,336,57.30622491456878,0,336,,0,0
REPEAT5,29009,1,SEALED_REVIEW,Drishti_GS,OD,15,88.36526828303863,0,15,,0,0
REPEAT5,29009,1,SEALED_REVIEW,Drishti_GS,OC,15,57.94169213111319,0,15,,0,0
REPEAT5,29009,1,SEALED_REVIEW,REFUGE_Valid,OD,295,58.47996048582676,0,295,,0,0
REPEAT5,29009,1,SEALED_REVIEW,REFUGE_Valid,OC,295,51.12727046509406,0,295,,0,0
REPEAT5,29009,1,SEALED_REVIEW,ORIGA,OD,234,81.8790670791638,0,234,,0,0
REPEAT5,29009,1,SEALED_REVIEW,ORIGA,OC,234,66.96012959668343,0,234,,0,0
REPEAT5,29009,1,SEALED_REVIEW,REFUGE,OD,134,79.74977005471251,0,134,,0,0
REPEAT5,29009,1,SEALED_REVIEW,REFUGE,OC,134,56.61642486233364,0,134,,0,0
REPEAT5,29009,1,SEARCH,Drishti_GS,OD,22,91.27059776271082,0,22,,0,0
REPEAT5,29009,1,SEARCH,Drishti_GS,OC,22,64.97237280663226,0,22,,0,0
REPEAT5,29009,1,SEARCH,REFUGE_Valid,OD,441,56.628623428884644,0,441,,0,0
REPEAT5,29009,1,SEARCH,REFUGE_Valid,OC,441,49.862460781387746,0,441,,0,0
REPEAT5,29009,1,SEARCH,ORIGA,OD,352,82.49001581995122,0,352,,0,0
REPEAT5,29009,1,SEARCH,ORIGA,OC,352,68.66044220761907,0,352,,0,0
REPEAT5,29009,1,SEARCH,REFUGE,OD,202,80.82911329365099,0,202,,0,0
REPEAT5,29009,1,SEARCH,REFUGE,OC,202,57.763815048229716,0,202,,0,0
REPEAT5,20260907,0,PRIMARY_ALL,REFUGE,OD,336,90.50247206796429,0,336,,0,0
REPEAT5,20260907,0,PRIMARY_ALL,REFUGE,OC,336,82.3692314209372,0,336,,0,0
REPEAT5,20260907,0,PRIMARY_ALL,ORIGA,OD,586,90.63931351853677,0,586,,0,0
REPEAT5,20260907,0,PRIMARY_ALL,ORIGA,OC,586,74.34542783565482,0,586,,0,0
REPEAT5,20260907,0,PRIMARY_ALL,REFUGE_Valid,OD,736,66.17793399810981,0,736,,0,0
REPEAT5,20260907,0,PRIMARY_ALL,REFUGE_Valid,OC,736,40.49754418914957,0,736,,0,0
REPEAT5,20260907,0,PRIMARY_ALL,Drishti_GS,OD,37,91.63792938204932,0,37,,0,0
REPEAT5,20260907,0,PRIMARY_ALL,Drishti_GS,OC,37,79.25291005283833,0,37,,0,0
REPEAT5,20260907,0,SEALED_REVIEW,REFUGE,OD,134,90.52518126025046,0,134,,0,0
REPEAT5,20260907,0,SEALED_REVIEW,REFUGE,OC,134,81.60483952302526,0,134,,0,0
REPEAT5,20260907,0,SEALED_REVIEW,ORIGA,OD,234,90.45757076875712,0,234,,0,0
REPEAT5,20260907,0,SEALED_REVIEW,ORIGA,OC,234,74.2576589920629,0,234,,0,0
REPEAT5,20260907,0,SEALED_REVIEW,REFUGE_Valid,OD,295,66.30109207040805,0,295,,0,0
REPEAT5,20260907,0,SEALED_REVIEW,REFUGE_Valid,OC,295,40.79522047982106,0,295,,0,0
REPEAT5,20260907,0,SEALED_REVIEW,Drishti_GS,OD,15,91.32877881742512,0,15,,0,0
REPEAT5,20260907,0,SEALED_REVIEW,Drishti_GS,OC,15,80.6591907482399,0,15,,0,0
REPEAT5,20260907,0,SEARCH,REFUGE,OD,202,90.48740755426951,0,202,,0,0
REPEAT5,20260907,0,SEARCH,REFUGE,OC,202,82.87630327400748,0,202,,0,0
REPEAT5,20260907,0,SEARCH,ORIGA,OD,352,90.76013114196982,0,352,,0,0
REPEAT5,20260907,0,SEARCH,ORIGA,OC,352,74.40377416917899,0,352,,0,0
REPEAT5,20260907,0,SEARCH,REFUGE_Valid,OD,441,66.09554934657244,0,441,,0,0
REPEAT5,20260907,0,SEARCH,REFUGE_Valid,OC,441,40.29841832577522,0,441,,0,0
REPEAT5,20260907,0,SEARCH,Drishti_GS,OD,22,91.84871385792947,0,22,,0,0
REPEAT5,20260907,0,SEARCH,Drishti_GS,OC,22,78.29408230597362,0,22,,0,0
REPEAT5,20260907,1,PRIMARY_ALL,Drishti_GS,OD,37,89.3993137514419,0,37,,0,0
REPEAT5,20260907,1,PRIMARY_ALL,Drishti_GS,OC,37,63.02176132278265,0,37,,0,0
REPEAT5,20260907,1,PRIMARY_ALL,REFUGE_Valid,OD,736,57.584928195229146,0,736,,0,0
REPEAT5,20260907,1,PRIMARY_ALL,REFUGE_Valid,OC,736,50.89172368169694,0,736,,0,0
REPEAT5,20260907,1,PRIMARY_ALL,ORIGA,OD,586,82.67107873060503,0,586,,0,0
REPEAT5,20260907,1,PRIMARY_ALL,ORIGA,OC,586,68.19546469681224,0,586,,0,0
REPEAT5,20260907,1,PRIMARY_ALL,REFUGE,OD,336,82.71559287169968,0,336,,0,0
REPEAT5,20260907,1,PRIMARY_ALL,REFUGE,OC,336,58.32968497178158,0,336,,0,0
REPEAT5,20260907,1,SEALED_REVIEW,Drishti_GS,OD,15,87.6848578821574,0,15,,0,0
REPEAT5,20260907,1,SEALED_REVIEW,Drishti_GS,OC,15,58.89821988080667,0,15,,0,0
REPEAT5,20260907,1,SEALED_REVIEW,REFUGE_Valid,OD,295,58.64301816848555,0,295,,0,0
REPEAT5,20260907,1,SEALED_REVIEW,REFUGE_Valid,OC,295,51.626727739991786,0,295,,0,0
REPEAT5,20260907,1,SEALED_REVIEW,ORIGA,OD,234,82.29261490620911,0,234,,0,0
REPEAT5,20260907,1,SEALED_REVIEW,ORIGA,OC,234,67.27902293121899,0,234,,0,0
REPEAT5,20260907,1,SEALED_REVIEW,REFUGE,OD,134,82.10661567555424,0,134,,0,0
REPEAT5,20260907,1,SEALED_REVIEW,REFUGE,OC,134,57.58739500901614,0,134,,0,0
REPEAT5,20260907,1,SEARCH,Drishti_GS,OD,22,90.56826093504495,0,22,,0,0
REPEAT5,20260907,1,SEARCH,Drishti_GS,OC,22,65.83326685140264,0,22,,0,0
REPEAT5,20260907,1,SEARCH,REFUGE_Valid,OD,441,56.87713558273336,0,441,,0,0
REPEAT5,20260907,1,SEARCH,REFUGE_Valid,OC,441,50.400054300297896,0,441,,0,0
REPEAT5,20260907,1,SEARCH,ORIGA,OD,352,82.92267115932277,0,352,,0,0
REPEAT5,20260907,1,SEARCH,ORIGA,OC,352,68.80469018871229,0,352,,0,0
REPEAT5,20260907,1,SEARCH,REFUGE,OD,202,83.11956784340013,0,202,,0,0
REPEAT5,20260907,1,SEARCH,REFUGE,OC,202,58.82209514510123,0,202,,0,0
RN_DPO,17011,0,PRIMARY_ALL,REFUGE,OD,336,89.19564729331498,0,336,,0,0
RN_DPO,17011,0,PRIMARY_ALL,REFUGE,OC,336,83.14349679797326,0,336,,0,0
RN_DPO,17011,0,PRIMARY_ALL,ORIGA,OD,586,88.73387752916796,0,586,,0,0
RN_DPO,17011,0,PRIMARY_ALL,ORIGA,OC,586,72.44906868606539,0,586,,0,0
RN_DPO,17011,0,PRIMARY_ALL,REFUGE_Valid,OD,736,78.49884464820337,0,736,,0,0
RN_DPO,17011,0,PRIMARY_ALL,REFUGE_Valid,OC,736,59.677592398437234,0,736,,0,0
RN_DPO,17011,0,PRIMARY_ALL,Drishti_GS,OD,37,92.71096041467506,0,37,,0,0
RN_DPO,17011,0,PRIMARY_ALL,Drishti_GS,OC,37,68.79218141357178,0,37,,0,0
RN_DPO,17011,0,SEALED_REVIEW,REFUGE,OD,134,89.43880244401328,0,134,,0,0
RN_DPO,17011,0,SEALED_REVIEW,REFUGE,OC,134,82.28561854023533,0,134,,0,0
RN_DPO,17011,0,SEALED_REVIEW,ORIGA,OD,234,88.90212063721404,0,234,,0,0
RN_DPO,17011,0,SEALED_REVIEW,ORIGA,OC,234,73.71395629478589,0,234,,0,0
RN_DPO,17011,0,SEALED_REVIEW,REFUGE_Valid,OD,295,79.13895262784978,0,295,,0,0
RN_DPO,17011,0,SEALED_REVIEW,REFUGE_Valid,OC,295,60.06576573562619,0,295,,0,0
RN_DPO,17011,0,SEALED_REVIEW,Drishti_GS,OD,15,91.798395399815,0,15,,0,0
RN_DPO,17011,0,SEALED_REVIEW,Drishti_GS,OC,15,65.1391231163676,0,15,,0,0
RN_DPO,17011,0,SEARCH,REFUGE,OD,202,89.03434635176265,0,202,,0,0
RN_DPO,17011,0,SEARCH,REFUGE,OC,202,83.71258435508655,0,202,,0,0
RN_DPO,17011,0,SEARCH,ORIGA,OD,352,88.6220340993873,0,352,,0,0
RN_DPO,17011,0,SEARCH,ORIGA,OC,352,71.6082059007228,0,352,,0,0
RN_DPO,17011,0,SEARCH,REFUGE_Valid,OD,441,78.07065450308843,0,441,,0,0
RN_DPO,17011,0,SEARCH,REFUGE_Valid,OC,441,59.41792996199565,0,441,,0,0
RN_DPO,17011,0,SEARCH,Drishti_GS,OD,22,93.3331638338978,0,22,,0,0
RN_DPO,17011,0,SEARCH,Drishti_GS,OC,22,71.28290297984736,0,22,,0,0
RN_DPO,17011,1,PRIMARY_ALL,Drishti_GS,OD,37,86.35486598171806,0,37,,0,0
RN_DPO,17011,1,PRIMARY_ALL,Drishti_GS,OC,37,61.412525667741086,0,37,,0,0
RN_DPO,17011,1,PRIMARY_ALL,REFUGE_Valid,OD,736,79.58618202670922,0,736,,0,0
RN_DPO,17011,1,PRIMARY_ALL,REFUGE_Valid,OC,736,62.81629158713069,0,736,,0,0
RN_DPO,17011,1,PRIMARY_ALL,ORIGA,OD,586,87.91832573338107,0,586,,0,0
RN_DPO,17011,1,PRIMARY_ALL,ORIGA,OC,586,69.32425865088334,0,586,,0,0
RN_DPO,17011,1,PRIMARY_ALL,REFUGE,OD,336,90.61704992059632,0,336,,0,0
RN_DPO,17011,1,PRIMARY_ALL,REFUGE,OC,336,80.24576949332086,0,336,,0,0
RN_DPO,17011,1,SEALED_REVIEW,Drishti_GS,OD,15,84.86765637243988,0,15,,0,0
RN_DPO,17011,1,SEALED_REVIEW,Drishti_GS,OC,15,57.50212044783836,0,15,,0,0
RN_DPO,17011,1,SEALED_REVIEW,REFUGE_Valid,OD,295,80.85958417577088,0,295,,0,0
RN_DPO,17011,1,SEALED_REVIEW,REFUGE_Valid,OC,295,63.4672959962519,0,295,,0,0
RN_DPO,17011,1,SEALED_REVIEW,ORIGA,OD,234,87.98852011899065,0,234,,0,0
RN_DPO,17011,1,SEALED_REVIEW,ORIGA,OC,234,70.39086354053691,0,234,,0,0
RN_DPO,17011,1,SEALED_REVIEW,REFUGE,OD,134,90.26989633599084,0,134,,0,0
RN_DPO,17011,1,SEALED_REVIEW,REFUGE,OC,134,79.6217922091646,0,134,,0,0
RN_DPO,17011,1,SEARCH,Drishti_GS,OD,22,87.36887253349865,0,22,,0,0
RN_DPO,17011,1,SEARCH,Drishti_GS,OC,22,64.07871104494748,0,22,,0,0
RN_DPO,17011,1,SEARCH,REFUGE_Valid,OD,441,78.7343597274503,0,441,,0,0
RN_DPO,17011,1,SEARCH,REFUGE_Valid,OC,441,62.380812447242356,0,441,,0,0
RN_DPO,17011,1,SEARCH,ORIGA,OD,352,87.87166242022015,0,352,,0,0
RN_DPO,17011,1,SEARCH,ORIGA,OC,352,68.61520880946591,0,352,,0,0
RN_DPO,17011,1,SEARCH,REFUGE,OD,202,90.84733992226529,0,202,,0,0
RN_DPO,17011,1,SEARCH,REFUGE,OC,202,80.65969501845422,0,202,,0,0
RN_DPO,29009,0,PRIMARY_ALL,REFUGE,OD,336,88.93098928160913,0,336,,0,0
RN_DPO,29009,0,PRIMARY_ALL,REFUGE,OC,336,83.32503596487113,0,336,,0,0
RN_DPO,29009,0,PRIMARY_ALL,ORIGA,OD,586,89.17164844161967,0,586,,0,0
RN_DPO,29009,0,PRIMARY_ALL,ORIGA,OC,586,71.66764028399827,0,586,,0,0
RN_DPO,29009,0,PRIMARY_ALL,REFUGE_Valid,OD,736,75.99977827678791,0,736,,0,0
RN_DPO,29009,0,PRIMARY_ALL,REFUGE_Valid,OC,736,60.28433874736027,0,736,,0,0
RN_DPO,29009,0,PRIMARY_ALL,Drishti_GS,OD,37,94.30577082418873,0,37,,0,0
RN_DPO,29009,0,PRIMARY_ALL,Drishti_GS,OC,37,66.64737918726001,0,37,,0,0
RN_DPO,29009,0,SEALED_REVIEW,REFUGE,OD,134,89.1476993636967,0,134,,0,0
RN_DPO,29009,0,SEALED_REVIEW,REFUGE,OC,134,82.58642862208829,0,134,,0,0
RN_DPO,29009,0,SEALED_REVIEW,ORIGA,OD,234,89.36053804661408,0,234,,0,0
RN_DPO,29009,0,SEALED_REVIEW,ORIGA,OC,234,72.95356635579554,0,234,,0,0
RN_DPO,29009,0,SEALED_REVIEW,REFUGE_Valid,OD,295,76.6951372210039,0,295,,0,0
RN_DPO,29009,0,SEALED_REVIEW,REFUGE_Valid,OC,295,60.68532867146188,0,295,,0,0
RN_DPO,29009,0,SEALED_REVIEW,Drishti_GS,OD,15,93.39015831653543,0,15,,0,0
RN_DPO,29009,0,SEALED_REVIEW,Drishti_GS,OC,15,62.71330449077086,0,15,,0,0
RN_DPO,29009,0,SEARCH,REFUGE,OD,202,88.78723110834311,0,202,,0,0
RN_DPO,29009,0,SEARCH,REFUGE,OC,202,83.81500321206371,0,202,,0,0
RN_DPO,29009,0,SEARCH,ORIGA,OD,352,89.04607978375405,0,352,,0,0
RN_DPO,29009,0,SEARCH,ORIGA,OC,352,70.81279170217849,0,352,,0,0
RN_DPO,29009,0,SEARCH,REFUGE_Valid,OD,441,75.53462886965929,0,441,,0,0
RN_DPO,29009,0,SEARCH,REFUGE_Valid,OC,441,60.01610285708822,0,441,,0,0
RN_DPO,29009,0,SEARCH,Drishti_GS,OD,22,94.93005207940688,0,22,,0,0
RN_DPO,29009,0,SEARCH,Drishti_GS,OC,22,69.32970284395716,0,22,,0,0
RN_DPO,29009,1,PRIMARY_ALL,Drishti_GS,OD,37,86.76161001722198,0,37,,0,0
RN_DPO,29009,1,PRIMARY_ALL,Drishti_GS,OC,37,61.38566874607085,0,37,,0,0
RN_DPO,29009,1,PRIMARY_ALL,REFUGE_Valid,OD,736,78.51856981637327,0,736,,0,0
RN_DPO,29009,1,PRIMARY_ALL,REFUGE_Valid,OC,736,63.114291070246644,0,736,,0,0
RN_DPO,29009,1,PRIMARY_ALL,ORIGA,OD,586,87.20240415290634,0,586,,0,0
RN_DPO,29009,1,PRIMARY_ALL,ORIGA,OC,586,68.05017024468587,0,586,,0,0
RN_DPO,29009,1,PRIMARY_ALL,REFUGE,OD,336,90.28660032456928,0,336,,0,0
RN_DPO,29009,1,PRIMARY_ALL,REFUGE,OC,336,81.0651377715086,0,336,,0,0
RN_DPO,29009,1,SEALED_REVIEW,Drishti_GS,OD,15,85.29843788726392,0,15,,0,0
RN_DPO,29009,1,SEALED_REVIEW,Drishti_GS,OC,15,57.457766716265645,0,15,,0,0
RN_DPO,29009,1,SEALED_REVIEW,REFUGE_Valid,OD,295,79.78446216553377,0,295,,0,0
RN_DPO,29009,1,SEALED_REVIEW,REFUGE_Valid,OC,295,63.7956345148355,0,295,,0,0
RN_DPO,29009,1,SEALED_REVIEW,ORIGA,OD,234,87.26362193190542,0,234,,0,0
RN_DPO,29009,1,SEALED_REVIEW,ORIGA,OC,234,69.19434102234203,0,234,,0,0
RN_DPO,29009,1,SEALED_REVIEW,REFUGE,OD,134,89.86475617933179,0,134,,0,0
RN_DPO,29009,1,SEALED_REVIEW,REFUGE,OC,134,80.38300280981747,0,134,,0,0
RN_DPO,29009,1,SEARCH,Drishti_GS,OD,22,87.75922737855703,0,22,,0,0
RN_DPO,29009,1,SEARCH,Drishti_GS,OC,22,64.06378376639258,0,22,,0,0
RN_DPO,29009,1,SEARCH,REFUGE_Valid,OD,441,77.6717710794065,0,441,,0,0
RN_DPO,29009,1,SEARCH,REFUGE_Valid,OC,441,62.65851711071441,0,441,,0,0
RN_DPO,29009,1,SEARCH,ORIGA,OD,352,87.16170824300355,0,352,,0,0
RN_DPO,29009,1,SEARCH,ORIGA,OC,352,67.28955671635764,0,352,,0,0
RN_DPO,29009,1,SEARCH,REFUGE,OD,202,90.56643752982583,0,202,,0,0
RN_DPO,29009,1,SEARCH,REFUGE,OC,202,81.51764314213538,0,202,,0,0
RN_DPO,20260907,0,PRIMARY_ALL,REFUGE,OD,336,89.71168635390937,0,336,,0,0
RN_DPO,20260907,0,PRIMARY_ALL,REFUGE,OC,336,83.04059518728846,0,336,,0,0
RN_DPO,20260907,0,PRIMARY_ALL,ORIGA,OD,586,89.51027925423648,0,586,,0,0
RN_DPO,20260907,0,PRIMARY_ALL,ORIGA,OC,586,71.98292905371024,0,586,,0,0
RN_DPO,20260907,0,PRIMARY_ALL,REFUGE_Valid,OD,736,73.69136214134004,0,736,,0,0
RN_DPO,20260907,0,PRIMARY_ALL,REFUGE_Valid,OC,736,58.87245240579862,0,736,,0,0
RN_DPO,20260907,0,PRIMARY_ALL,Drishti_GS,OD,37,94.6840266531516,0,37,,0,0
RN_DPO,20260907,0,PRIMARY_ALL,Drishti_GS,OC,37,68.02129188772587,0,37,,0,0
RN_DPO,20260907,0,SEALED_REVIEW,REFUGE,OD,134,89.96207105982218,0,134,,0,0
RN_DPO,20260907,0,SEALED_REVIEW,REFUGE,OC,134,82.13637864135293,0,134,,0,0
RN_DPO,20260907,0,SEALED_REVIEW,ORIGA,OD,234,89.67530378645009,0,234,,0,0
RN_DPO,20260907,0,SEALED_REVIEW,ORIGA,OC,234,73.2418076218882,0,234,,0,0
RN_DPO,20260907,0,SEALED_REVIEW,REFUGE_Valid,OD,295,74.45844925623574,0,295,,0,0
RN_DPO,20260907,0,SEALED_REVIEW,REFUGE_Valid,OC,295,59.25315441093629,0,295,,0,0
RN_DPO,20260907,0,SEALED_REVIEW,Drishti_GS,OD,15,93.82046215719147,0,15,,0,0
RN_DPO,20260907,0,SEALED_REVIEW,Drishti_GS,OC,15,64.29269574239864,0,15,,0,0
RN_DPO,20260907,0,SEARCH,REFUGE,OD,202,89.5455895687989,0,202,,0,0
RN_DPO,20260907,0,SEARCH,REFUGE,OC,202,83.64042200488926,0,202,,0,0
RN_DPO,20260907,0,SEARCH,ORIGA,OD,352,89.40057544588994,0,352,,0,0
RN_DPO,20260907,0,SEARCH,ORIGA,OC,352,71.14606091463739,0,352,,0,0
RN_DPO,20260907,0,SEARCH,REFUGE_Valid,OD,441,73.17823130484517,0,441,,0,0
RN_DPO,20260907,0,SEARCH,REFUGE_Valid,OC,441,58.617787799187255,0,441,,0,0
RN_DPO,20260907,0,SEARCH,Drishti_GS,OD,22,95.27282062766987,0,22,,0,0
RN_DPO,20260907,0,SEARCH,Drishti_GS,OC,22,70.56351653226716,0,22,,0,0
RN_DPO,20260907,1,PRIMARY_ALL,Drishti_GS,OD,37,85.78984622649809,0,37,,0,0
RN_DPO,20260907,1,PRIMARY_ALL,Drishti_GS,OC,37,61.37151529197435,0,37,,0,0
RN_DPO,20260907,1,PRIMARY_ALL,REFUGE_Valid,OD,736,80.59683455769499,0,736,,0,0
RN_DPO,20260907,1,PRIMARY_ALL,REFUGE_Valid,OC,736,63.718974859406245,0,736,,0,0
RN_DPO,20260907,1,PRIMARY_ALL,ORIGA,OD,586,87.66589068066388,0,586,,0,0
RN_DPO,20260907,1,PRIMARY_ALL,ORIGA,OC,586,69.2553848469757,0,586,,0,0
RN_DPO,20260907,1,PRIMARY_ALL,REFUGE,OD,336,91.09912789952413,0,336,,0,0
RN_DPO,20260907,1,PRIMARY_ALL,REFUGE,OC,336,81.6394526191837,0,336,,0,0
RN_DPO,20260907,1,SEALED_REVIEW,Drishti_GS,OD,15,84.32304326161982,0,15,,0,0
RN_DPO,20260907,1,SEALED_REVIEW,Drishti_GS,OC,15,57.33351145961167,0,15,,0,0
RN_DPO,20260907,1,SEALED_REVIEW,REFUGE_Valid,OD,295,81.85360121630308,0,295,,0,0
RN_DPO,20260907,1,SEALED_REVIEW,REFUGE_Valid,OC,295,64.37064217962623,0,295,,0,0
RN_DPO,20260907,1,SEALED_REVIEW,ORIGA,OD,234,87.77910975690973,0,234,,0,0
RN_DPO,20260907,1,SEALED_REVIEW,ORIGA,OC,234,70.47489639665494,0,234,,0,0
RN_DPO,20260907,1,SEALED_REVIEW,REFUGE,OD,134,90.7513809231532,0,134,,0,0
RN_DPO,20260907,1,SEALED_REVIEW,REFUGE,OC,134,81.00397011587891,0,134,,0,0
RN_DPO,20260907,1,SEARCH,Drishti_GS,OD,22,86.78993915709691,0,22,,0,0
RN_DPO,20260907,1,SEARCH,Drishti_GS,OC,22,64.12469972313072,0,22,,0,0
RN_DPO,20260907,1,SEARCH,REFUGE_Valid,OD,441,79.75614030760568,0,441,,0,0
RN_DPO,20260907,1,SEARCH,REFUGE_Valid,OC,441,63.283052275585625,0,441,,0,0
RN_DPO,20260907,1,SEARCH,ORIGA,OD,352,87.59062572656863,0,352,,0,0
RN_DPO,20260907,1,SEARCH,ORIGA,OC,352,68.44468682815484,0,352,,0,0
RN_DPO,20260907,1,SEARCH,REFUGE,OD,202,91.32981153731475,0,202,,0,0
RN_DPO,20260907,1,SEARCH,REFUGE,OC,202,82.06101031939579,0,202,,0,0
