condition,role,diagnostic,count,mean,Spearman_actual_Dice_change,interpretation
C,SEARCH,BN_gradient_norm,6102,0.30471973577761546,,post-hoc association only; no online feedback
C,SEARCH,BN_lr,6102,0.0001,,post-hoc association only; no online feedback
C,SEARCH,BN_update_norm,6102,0.0031086708032996165,,post-hoc association only; no online feedback
C,SEARCH,prototype_bank_sizes.0,6102,0,,post-hoc association only; no online feedback
C,SEARCH,prototype_bank_sizes.1,6102,0,,post-hoc association only; no online feedback
C,SEARCH,prototype_bank_sizes.2,6102,0,,post-hoc association only; no online feedback
C,SEARCH,prototype_evictions,6102,0,,post-hoc association only; no online feedback
C,SEARCH,prototype_writes,6102,0,,post-hoc association only; no online feedback
C,SEARCH,pseudo_loss,6102,0.059499746813981874,,post-hoc association only; no online feedback
C,SEARCH,pseudo_target_change,6102,0.0,,post-hoc association only; no online feedback
C,SEARCH,target_entropy,6102,0.032856087409440946,,post-hoc association only; no online feedback
C,SEALED_REVIEW,BN_gradient_norm,4068,0.2819822755218241,,post-hoc association only; no online feedback
C,SEALED_REVIEW,BN_lr,4068,0.0001,,post-hoc association only; no online feedback
C,SEALED_REVIEW,BN_update_norm,4068,0.0030322784799526126,,post-hoc association only; no online feedback
C,SEALED_REVIEW,prototype_bank_sizes.0,4068,0,,post-hoc association only; no online feedback
C,SEALED_REVIEW,prototype_bank_sizes.1,4068,0,,post-hoc association only; no online feedback
C,SEALED_REVIEW,prototype_bank_sizes.2,4068,0,,post-hoc association only; no online feedback
C,SEALED_REVIEW,prototype_evictions,4068,0,,post-hoc association only; no online feedback
C,SEALED_REVIEW,prototype_writes,4068,0,,post-hoc association only; no online feedback
C,SEALED_REVIEW,pseudo_loss,4068,0.05609595485859447,,post-hoc association only; no online feedback
C,SEALED_REVIEW,pseudo_target_change,4068,0.0,,post-hoc association only; no online feedback
C,SEALED_REVIEW,target_entropy,4068,0.03186874651105574,,post-hoc association only; no online feedback
C,CONTEXT,BN_gradient_norm,1536,0.28206769468063914,,post-hoc association only; no online feedback
C,CONTEXT,BN_lr,1536,0.0001,,post-hoc association only; no online feedback
C,CONTEXT,BN_update_norm,1536,0.0031016257402522265,,post-hoc association only; no online feedback
C,CONTEXT,prototype_bank_sizes.0,1536,0,,post-hoc association only; no online feedback
C,CONTEXT,prototype_bank_sizes.1,1536,0,,post-hoc association only; no online feedback
C,CONTEXT,prototype_bank_sizes.2,1536,0,,post-hoc association only; no online feedback
C,CONTEXT,prototype_evictions,1536,0,,post-hoc association only; no online feedback
C,CONTEXT,prototype_writes,1536,0,,post-hoc association only; no online feedback
C,CONTEXT,pseudo_loss,1536,0.05435209757827882,,post-hoc association only; no online feedback
C,CONTEXT,pseudo_target_change,1536,0.0,,post-hoc association only; no online feedback
C,CONTEXT,target_entropy,1536,0.030845574766620604,,post-hoc association only; no online feedback
ANCHOR,SEARCH,BN_gradient_norm,6102,0.2839889565256239,,post-hoc association only; no online feedback
ANCHOR,SEARCH,BN_lr,6102,0.0001,,post-hoc association only; no online feedback
ANCHOR,SEARCH,BN_update_norm,6102,0.003004965124557467,,post-hoc association only; no online feedback
ANCHOR,SEARCH,adapter.gate_max,6102,1.46599644859163,,post-hoc association only; no online feedback
ANCHOR,SEARCH,adapter.gate_min,6102,1.4188491500955611,,post-hoc association only; no online feedback
ANCHOR,SEARCH,adapter.relative_rms,6102,0.05494442318489649,,post-hoc association only; no online feedback
ANCHOR,SEARCH,adapter.saturation,6102,0.09318380006529471,,post-hoc association only; no online feedback
ANCHOR,SEARCH,adapter_U_gradient,6102,0.0008497157234663302,,post-hoc association only; no online feedback
ANCHOR,SEARCH,adapter_V_gradient,6102,0.0027108485798806037,,post-hoc association only; no online feedback
ANCHOR,SEARCH,adapter_trainable_parameters,6102,2824,,post-hoc association only; no online feedback
ANCHOR,SEARCH,context_views,6102,8,,post-hoc association only; no online feedback
ANCHOR,SEARCH,prototype_bank_sizes.0,6102,0,,post-hoc association only; no online feedback
ANCHOR,SEARCH,prototype_bank_sizes.1,6102,0,,post-hoc association only; no online feedback
ANCHOR,SEARCH,prototype_bank_sizes.2,6102,0,,post-hoc association only; no online feedback
ANCHOR,SEARCH,prototype_evictions,6102,0,,post-hoc association only; no online feedback
ANCHOR,SEARCH,prototype_writes,6102,0,,post-hoc association only; no online feedback
ANCHOR,SEARCH,pseudo_loss,6102,0.05904636291285805,,post-hoc association only; no online feedback
ANCHOR,SEARCH,pseudo_target_change,6102,0.0,,post-hoc association only; no online feedback
ANCHOR,SEARCH,strong_context_distance,6102,0.1742449379171987,,post-hoc association only; no online feedback
ANCHOR,SEARCH,strong_used_context_distance,6102,0.0,,post-hoc association only; no online feedback
ANCHOR,SEARCH,target_entropy,6102,0.034302822724155656,,post-hoc association only; no online feedback
ANCHOR,SEALED_REVIEW,BN_gradient_norm,4068,0.26136328898129424,,post-hoc association only; no online feedback
ANCHOR,SEALED_REVIEW,BN_lr,4068,0.0001,,post-hoc association only; no online feedback
ANCHOR,SEALED_REVIEW,BN_update_norm,4068,0.002927941247808148,,post-hoc association only; no online feedback
ANCHOR,SEALED_REVIEW,adapter.gate_max,4068,1.4716149259105895,,post-hoc association only; no online feedback
ANCHOR,SEALED_REVIEW,adapter.gate_min,4068,1.4281518128329673,,post-hoc association only; no online feedback
ANCHOR,SEALED_REVIEW,adapter.relative_rms,4068,0.05477953613375926,,post-hoc association only; no online feedback
ANCHOR,SEALED_REVIEW,adapter.saturation,4068,0.09224202083158164,,post-hoc association only; no online feedback
ANCHOR,SEALED_REVIEW,adapter_U_gradient,4068,0.0008407940082508365,,post-hoc association only; no online feedback
ANCHOR,SEALED_REVIEW,adapter_V_gradient,4068,0.0026315407383308976,,post-hoc association only; no online feedback
ANCHOR,SEALED_REVIEW,adapter_trainable_parameters,4068,2824,,post-hoc association only; no online feedback
ANCHOR,SEALED_REVIEW,context_views,4068,8,,post-hoc association only; no online feedback
ANCHOR,SEALED_REVIEW,prototype_bank_sizes.0,4068,0,,post-hoc association only; no online feedback
ANCHOR,SEALED_REVIEW,prototype_bank_sizes.1,4068,0,,post-hoc association only; no online feedback
ANCHOR,SEALED_REVIEW,prototype_bank_sizes.2,4068,0,,post-hoc association only; no online feedback
ANCHOR,SEALED_REVIEW,prototype_evictions,4068,0,,post-hoc association only; no online feedback
ANCHOR,SEALED_REVIEW,prototype_writes,4068,0,,post-hoc association only; no online feedback
ANCHOR,SEALED_REVIEW,pseudo_loss,4068,0.055702816739389004,,post-hoc association only; no online feedback
ANCHOR,SEALED_REVIEW,pseudo_target_change,4068,0.0,,post-hoc association only; no online feedback
ANCHOR,SEALED_REVIEW,strong_context_distance,4068,0.17450071388517663,,post-hoc association only; no online feedback
ANCHOR,SEALED_REVIEW,strong_used_context_distance,4068,0.0,,post-hoc association only; no online feedback
ANCHOR,SEALED_REVIEW,target_entropy,4068,0.033284392370407416,,post-hoc association only; no online feedback
ANCHOR,CONTEXT,BN_gradient_norm,1536,0.2657005789951654,,post-hoc association only; no online feedback
ANCHOR,CONTEXT,BN_lr,1536,0.0001,,post-hoc association only; no online feedback
ANCHOR,CONTEXT,BN_update_norm,1536,0.003018192269678366,,post-hoc association only; no online feedback
ANCHOR,CONTEXT,adapter.gate_max,1536,1.4306645317701623,,post-hoc association only; no online feedback
ANCHOR,CONTEXT,adapter.gate_min,1536,1.354472011172523,,post-hoc association only; no online feedback
ANCHOR,CONTEXT,adapter.relative_rms,1536,0.05020271282734967,,post-hoc association only; no online feedback
ANCHOR,CONTEXT,adapter.saturation,1536,0.09470324621846278,,post-hoc association only; no online feedback
ANCHOR,CONTEXT,adapter_U_gradient,1536,0.0008625762815353729,,post-hoc association only; no online feedback
ANCHOR,CONTEXT,adapter_V_gradient,1536,0.002544226753687854,,post-hoc association only; no online feedback
ANCHOR,CONTEXT,adapter_trainable_parameters,1536,2824,,post-hoc association only; no online feedback
ANCHOR,CONTEXT,context_views,1536,8,,post-hoc association only; no online feedback
ANCHOR,CONTEXT,prototype_bank_sizes.0,1536,0,,post-hoc association only; no online feedback
ANCHOR,CONTEXT,prototype_bank_sizes.1,1536,0,,post-hoc association only; no online feedback
ANCHOR,CONTEXT,prototype_bank_sizes.2,1536,0,,post-hoc association only; no online feedback
ANCHOR,CONTEXT,prototype_evictions,1536,0,,post-hoc association only; no online feedback
ANCHOR,CONTEXT,prototype_writes,1536,0,,post-hoc association only; no online feedback
ANCHOR,CONTEXT,pseudo_loss,1536,0.054204274605581304,,post-hoc association only; no online feedback
ANCHOR,CONTEXT,pseudo_target_change,1536,0.0,,post-hoc association only; no online feedback
ANCHOR,CONTEXT,strong_context_distance,1536,0.17382450307938294,,post-hoc association only; no online feedback
ANCHOR,CONTEXT,strong_used_context_distance,1536,0.0,,post-hoc association only; no online feedback
ANCHOR,CONTEXT,target_entropy,1536,0.032128418088783896,,post-hoc association only; no online feedback
REPEAT5,SEARCH,BN_gradient_norm,6102,0.0704817076395893,,post-hoc association only; no online feedback
REPEAT5,SEARCH,BN_lr,6102,0.0001,,post-hoc association only; no online feedback
REPEAT5,SEARCH,BN_update_norm,6102,0.003333978582362384,,post-hoc association only; no online feedback
REPEAT5,SEARCH,adapter.gate_max,6102,1.4827627404640245,,post-hoc association only; no online feedback
REPEAT5,SEARCH,adapter.gate_min,6102,1.445435148219678,,post-hoc association only; no online feedback
REPEAT5,SEARCH,adapter.relative_rms,6102,0.07587315846901659,,post-hoc association only; no online feedback
REPEAT5,SEARCH,adapter.saturation,6102,0.3394379205916288,,post-hoc association only; no online feedback
REPEAT5,SEARCH,adapter_U_gradient,6102,0.00033494976421502906,,post-hoc association only; no online feedback
REPEAT5,SEARCH,adapter_V_gradient,6102,0.0011606890306140182,,post-hoc association only; no online feedback
REPEAT5,SEARCH,adapter_trainable_parameters,6102,2824,,post-hoc association only; no online feedback
REPEAT5,SEARCH,committed_updates,6102,5,,post-hoc association only; no online feedback
REPEAT5,SEARCH,context_views,6102,8,,post-hoc association only; no online feedback
REPEAT5,SEARCH,prototype_bank_sizes.0,6102,0,,post-hoc association only; no online feedback
REPEAT5,SEARCH,prototype_bank_sizes.1,6102,0,,post-hoc association only; no online feedback
REPEAT5,SEARCH,prototype_bank_sizes.2,6102,0,,post-hoc association only; no online feedback
REPEAT5,SEARCH,prototype_evictions,6102,0,,post-hoc association only; no online feedback
REPEAT5,SEARCH,prototype_writes,6102,0,,post-hoc association only; no online feedback
REPEAT5,SEARCH,pseudo_loss,6102,0.06409024358435522,,post-hoc association only; no online feedback
REPEAT5,SEARCH,pseudo_target_change,6102,0.0,,post-hoc association only; no online feedback
REPEAT5,SEARCH,strong_context_distance,6102,0.17362120728174163,,post-hoc association only; no online feedback
REPEAT5,SEARCH,strong_used_context_distance,6102,0.0,,post-hoc association only; no online feedback
REPEAT5,SEARCH,target_entropy,6102,0.05758690334775924,,post-hoc association only; no online feedback
REPEAT5,SEALED_REVIEW,BN_gradient_norm,4068,0.06791817068357905,,post-hoc association only; no online feedback
REPEAT5,SEALED_REVIEW,BN_lr,4068,0.0001,,post-hoc association only; no online feedback
REPEAT5,SEALED_REVIEW,BN_update_norm,4068,0.003300656871254315,,post-hoc association only; no online feedback
REPEAT5,SEALED_REVIEW,adapter.gate_max,4068,1.485081708170437,,post-hoc association only; no online feedback
REPEAT5,SEALED_REVIEW,adapter.gate_min,4068,1.4498971616272378,,post-hoc association only; no online feedback
REPEAT5,SEALED_REVIEW,adapter.relative_rms,4068,0.07623493817630358,,post-hoc association only; no online feedback
REPEAT5,SEALED_REVIEW,adapter.saturation,4068,0.33906519418855213,,post-hoc association only; no online feedback
REPEAT5,SEALED_REVIEW,adapter_U_gradient,4068,0.0003375727825189597,,post-hoc association only; no online feedback
REPEAT5,SEALED_REVIEW,adapter_V_gradient,4068,0.0011821327019687386,,post-hoc association only; no online feedback
REPEAT5,SEALED_REVIEW,adapter_trainable_parameters,4068,2824,,post-hoc association only; no online feedback
REPEAT5,SEALED_REVIEW,committed_updates,4068,5,,post-hoc association only; no online feedback
REPEAT5,SEALED_REVIEW,context_views,4068,8,,post-hoc association only; no online feedback
REPEAT5,SEALED_REVIEW,prototype_bank_sizes.0,4068,0,,post-hoc association only; no online feedback
REPEAT5,SEALED_REVIEW,prototype_bank_sizes.1,4068,0,,post-hoc association only; no online feedback
REPEAT5,SEALED_REVIEW,prototype_bank_sizes.2,4068,0,,post-hoc association only; no online feedback
REPEAT5,SEALED_REVIEW,prototype_evictions,4068,0,,post-hoc association only; no online feedback
REPEAT5,SEALED_REVIEW,prototype_writes,4068,0,,post-hoc association only; no online feedback
REPEAT5,SEALED_REVIEW,pseudo_loss,4068,0.06323305103971807,,post-hoc association only; no online feedback
REPEAT5,SEALED_REVIEW,pseudo_target_change,4068,0.0,,post-hoc association only; no online feedback
REPEAT5,SEALED_REVIEW,strong_context_distance,4068,0.17243757915817937,,post-hoc association only; no online feedback
REPEAT5,SEALED_REVIEW,strong_used_context_distance,4068,0.0,,post-hoc association only; no online feedback
REPEAT5,SEALED_REVIEW,target_entropy,4068,0.05699734531311847,,post-hoc association only; no online feedback
REPEAT5,CONTEXT,BN_gradient_norm,1536,0.08895061154710977,,post-hoc association only; no online feedback
REPEAT5,CONTEXT,BN_lr,1536,0.0001,,post-hoc association only; no online feedback
REPEAT5,CONTEXT,BN_update_norm,1536,0.0036111081837285988,,post-hoc association only; no online feedback
REPEAT5,CONTEXT,adapter.gate_max,1536,1.466685314817975,,post-hoc association only; no online feedback
REPEAT5,CONTEXT,adapter.gate_min,1536,1.3937028458264347,,post-hoc association only; no online feedback
REPEAT5,CONTEXT,adapter.relative_rms,1536,0.07140627480226651,,post-hoc association only; no online feedback
REPEAT5,CONTEXT,adapter.saturation,1536,0.29191220939780277,,post-hoc association only; no online feedback
REPEAT5,CONTEXT,adapter_U_gradient,1536,0.0003845908163585913,,post-hoc association only; no online feedback
REPEAT5,CONTEXT,adapter_V_gradient,1536,0.001205439906612445,,post-hoc association only; no online feedback
REPEAT5,CONTEXT,adapter_trainable_parameters,1536,2824,,post-hoc association only; no online feedback
REPEAT5,CONTEXT,committed_updates,1536,5,,post-hoc association only; no online feedback
REPEAT5,CONTEXT,context_views,1536,8,,post-hoc association only; no online feedback
REPEAT5,CONTEXT,prototype_bank_sizes.0,1536,0,,post-hoc association only; no online feedback
REPEAT5,CONTEXT,prototype_bank_sizes.1,1536,0,,post-hoc association only; no online feedback
REPEAT5,CONTEXT,prototype_bank_sizes.2,1536,0,,post-hoc association only; no online feedback
REPEAT5,CONTEXT,prototype_evictions,1536,0,,post-hoc association only; no online feedback
REPEAT5,CONTEXT,prototype_writes,1536,0,,post-hoc association only; no online feedback
REPEAT5,CONTEXT,pseudo_loss,1536,0.06030970311864318,,post-hoc association only; no online feedback
REPEAT5,CONTEXT,pseudo_target_change,1536,0.0,,post-hoc association only; no online feedback
REPEAT5,CONTEXT,strong_context_distance,1536,0.17013106621395005,,post-hoc association only; no online feedback
REPEAT5,CONTEXT,strong_used_context_distance,1536,0.0,,post-hoc association only; no online feedback
REPEAT5,CONTEXT,target_entropy,1536,0.05288052390824305,,post-hoc association only; no online feedback
RANDOM4,SEARCH,BN_gradient_norm,6102,0.2844443104774131,,post-hoc association only; no online feedback
RANDOM4,SEARCH,BN_lr,6102,0.0001,,post-hoc association only; no online feedback
RANDOM4,SEARCH,BN_update_norm,6102,0.0030099194573297407,,post-hoc association only; no online feedback
RANDOM4,SEARCH,adapter.gate_max,6102,1.468966909253531,,post-hoc association only; no online feedback
RANDOM4,SEARCH,adapter.gate_min,6102,1.4136491786726417,,post-hoc association only; no online feedback
RANDOM4,SEARCH,adapter.relative_rms,6102,0.05392385316700827,,post-hoc association only; no online feedback
RANDOM4,SEARCH,adapter.saturation,6102,0.0908903060136018,,post-hoc association only; no online feedback
RANDOM4,SEARCH,adapter_U_gradient,6102,0.0008958122070624655,,post-hoc association only; no online feedback
RANDOM4,SEARCH,adapter_V_gradient,6102,0.0029537145476800195,,post-hoc association only; no online feedback
RANDOM4,SEARCH,adapter_trainable_parameters,6102,2824,,post-hoc association only; no online feedback
RANDOM4,SEARCH,candidate_mask_disagreement,6102,3.5617242911259723e-06,,post-hoc association only; no online feedback
RANDOM4,SEARCH,committed_updates,6102,1,,post-hoc association only; no online feedback
RANDOM4,SEARCH,context_views,6102,8,,post-hoc association only; no online feedback
RANDOM4,SEARCH,is_contextual_bandit,6102,0,,post-hoc association only; no online feedback
RANDOM4,SEARCH,memory_max_lag,6102,64,,post-hoc association only; no online feedback
RANDOM4,SEARCH,memory_size,6102,3.9626352015732547,,post-hoc association only; no online feedback
RANDOM4,SEARCH,proposal_spread,6102,0.24079328370031783,,post-hoc association only; no online feedback
RANDOM4,SEARCH,proposal_updates,6102,4,,post-hoc association only; no online feedback
RANDOM4,SEARCH,prototype_bank_sizes.0,6102,0,,post-hoc association only; no online feedback
RANDOM4,SEARCH,prototype_bank_sizes.1,6102,0,,post-hoc association only; no online feedback
RANDOM4,SEARCH,prototype_bank_sizes.2,6102,0,,post-hoc association only; no online feedback
RANDOM4,SEARCH,prototype_evictions,6102,0,,post-hoc association only; no online feedback
RANDOM4,SEARCH,prototype_writes,6102,0,,post-hoc association only; no online feedback
RANDOM4,SEARCH,pseudo_loss,6102,0.05896154115259188,,post-hoc association only; no online feedback
RANDOM4,SEARCH,pseudo_target_change,6102,0.0,,post-hoc association only; no online feedback
RANDOM4,SEARCH,reference_forwards,6102,1,,post-hoc association only; no online feedback
RANDOM4,SEARCH,replay_updates,6102,0,,post-hoc association only; no online feedback
RANDOM4,SEARCH,reward_probe_forwards,6102,7.99803343166175,,post-hoc association only; no online feedback
RANDOM4,SEARCH,reward_scale,6102,0.05,,post-hoc association only; no online feedback
RANDOM4,SEARCH,rewards.0,6102,-0.009326203173677765,,post-hoc association only; no online feedback
RANDOM4,SEARCH,rewards.1,6102,-0.009315848103219448,,post-hoc association only; no online feedback
RANDOM4,SEARCH,rewards.2,6102,-0.009320797659896374,,post-hoc association only; no online feedback
RANDOM4,SEARCH,rewards.3,6102,-0.009323678456319704,,post-hoc association only; no online feedback
RANDOM4,SEARCH,selected,6102,1.4804981973123565,,post-hoc association only; no online feedback
RANDOM4,SEARCH,strong_context_distance,6102,0.1742449379171987,,post-hoc association only; no online feedback
RANDOM4,SEARCH,strong_used_context_distance,6102,0.0,,post-hoc association only; no online feedback
RANDOM4,SEARCH,target_entropy,6102,0.034192245897737165,,post-hoc association only; no online feedback
RANDOM4,SEALED_REVIEW,BN_gradient_norm,4068,0.2618319916805837,,post-hoc association only; no online feedback
RANDOM4,SEALED_REVIEW,BN_lr,4068,0.0001,,post-hoc association only; no online feedback
RANDOM4,SEALED_REVIEW,BN_update_norm,4068,0.002931849612561265,,post-hoc association only; no online feedback
RANDOM4,SEALED_REVIEW,adapter.gate_max,4068,1.4740854452493268,,post-hoc association only; no online feedback
RANDOM4,SEALED_REVIEW,adapter.gate_min,4068,1.4223075176322706,,post-hoc association only; no online feedback
RANDOM4,SEALED_REVIEW,adapter.relative_rms,4068,0.05382254656615796,,post-hoc association only; no online feedback
RANDOM4,SEALED_REVIEW,adapter.saturation,4068,0.09001866079713039,,post-hoc association only; no online feedback
RANDOM4,SEALED_REVIEW,adapter_U_gradient,4068,0.0008843643233059918,,post-hoc association only; no online feedback
RANDOM4,SEALED_REVIEW,adapter_V_gradient,4068,0.0028737907753236557,,post-hoc association only; no online feedback
RANDOM4,SEALED_REVIEW,adapter_trainable_parameters,4068,2824,,post-hoc association only; no online feedback
RANDOM4,SEALED_REVIEW,candidate_mask_disagreement,4068,3.0714560633446498e-06,,post-hoc association only; no online feedback
RANDOM4,SEALED_REVIEW,committed_updates,4068,1,,post-hoc association only; no online feedback
RANDOM4,SEALED_REVIEW,context_views,4068,8,,post-hoc association only; no online feedback
RANDOM4,SEALED_REVIEW,is_contextual_bandit,4068,0,,post-hoc association only; no online feedback
RANDOM4,SEALED_REVIEW,memory_max_lag,4068,64,,post-hoc association only; no online feedback
RANDOM4,SEALED_REVIEW,memory_size,4068,3.967551622418879,,post-hoc association only; no online feedback
RANDOM4,SEALED_REVIEW,proposal_spread,4068,0.24058763892000637,,post-hoc association only; no online feedback
RANDOM4,SEALED_REVIEW,proposal_updates,4068,4,,post-hoc association only; no online feedback
RANDOM4,SEALED_REVIEW,prototype_bank_sizes.0,4068,0,,post-hoc association only; no online feedback
RANDOM4,SEALED_REVIEW,prototype_bank_sizes.1,4068,0,,post-hoc association only; no online feedback
RANDOM4,SEALED_REVIEW,prototype_bank_sizes.2,4068,0,,post-hoc association only; no online feedback
RANDOM4,SEALED_REVIEW,prototype_evictions,4068,0,,post-hoc association only; no online feedback
RANDOM4,SEALED_REVIEW,prototype_writes,4068,0,,post-hoc association only; no online feedback
RANDOM4,SEALED_REVIEW,pseudo_loss,4068,0.0556182461930851,,post-hoc association only; no online feedback
RANDOM4,SEALED_REVIEW,pseudo_target_change,4068,0.0,,post-hoc association only; no online feedback
RANDOM4,SEALED_REVIEW,reference_forwards,4068,1,,post-hoc association only; no online feedback
RANDOM4,SEALED_REVIEW,replay_updates,4068,0,,post-hoc association only; no online feedback
RANDOM4,SEALED_REVIEW,reward_probe_forwards,4068,8,,post-hoc association only; no online feedback
RANDOM4,SEALED_REVIEW,reward_scale,4068,0.05,,post-hoc association only; no online feedback
RANDOM4,SEALED_REVIEW,rewards.0,4068,-0.008894695538247163,,post-hoc association only; no online feedback
RANDOM4,SEALED_REVIEW,rewards.1,4068,-0.008896512686276574,,post-hoc association only; no online feedback
RANDOM4,SEALED_REVIEW,rewards.2,4068,-0.008889857458561915,,post-hoc association only; no online feedback
RANDOM4,SEALED_REVIEW,rewards.3,4068,-0.008895618823161538,,post-hoc association only; no online feedback
RANDOM4,SEALED_REVIEW,selected,4068,1.505408062930187,,post-hoc association only; no online feedback
RANDOM4,SEALED_REVIEW,strong_context_distance,4068,0.17450071388517663,,post-hoc association only; no online feedback
RANDOM4,SEALED_REVIEW,strong_used_context_distance,4068,0.0,,post-hoc association only; no online feedback
RANDOM4,SEALED_REVIEW,target_entropy,4068,0.03318145330821328,,post-hoc association only; no online feedback
RANDOM4,CONTEXT,BN_gradient_norm,1536,0.26595203782926546,,post-hoc association only; no online feedback
RANDOM4,CONTEXT,BN_lr,1536,0.0001,,post-hoc association only; no online feedback
RANDOM4,CONTEXT,BN_update_norm,1536,0.003022950529649885,,post-hoc association only; no online feedback
RANDOM4,CONTEXT,adapter.gate_max,1536,1.4356923810361575,,post-hoc association only; no online feedback
RANDOM4,CONTEXT,adapter.gate_min,1536,1.342843404544207,,post-hoc association only; no online feedback
RANDOM4,CONTEXT,adapter.relative_rms,1536,0.04866197888291879,,post-hoc association only; no online feedback
RANDOM4,CONTEXT,adapter.saturation,1536,0.08615334890782833,,post-hoc association only; no online feedback
RANDOM4,CONTEXT,adapter_U_gradient,1536,0.0009047824346003116,,post-hoc association only; no online feedback
RANDOM4,CONTEXT,adapter_V_gradient,1536,0.002765066509302786,,post-hoc association only; no online feedback
RANDOM4,CONTEXT,adapter_trainable_parameters,1536,2824,,post-hoc association only; no online feedback
RANDOM4,CONTEXT,candidate_mask_disagreement,1536,7.418061917026837e-06,,post-hoc association only; no online feedback
RANDOM4,CONTEXT,committed_updates,1536,1,,post-hoc association only; no online feedback
RANDOM4,CONTEXT,context_views,1536,8,,post-hoc association only; no online feedback
RANDOM4,CONTEXT,is_contextual_bandit,1536,0,,post-hoc association only; no online feedback
RANDOM4,CONTEXT,memory_max_lag,1536,64,,post-hoc association only; no online feedback
RANDOM4,CONTEXT,memory_size,1536,3.859375,,post-hoc association only; no online feedback
RANDOM4,CONTEXT,proposal_spread,1536,0.2408571755028485,,post-hoc association only; no online feedback
RANDOM4,CONTEXT,proposal_updates,1536,4,,post-hoc association only; no online feedback
RANDOM4,CONTEXT,prototype_bank_sizes.0,1536,0,,post-hoc association only; no online feedback
RANDOM4,CONTEXT,prototype_bank_sizes.1,1536,0,,post-hoc association only; no online feedback
RANDOM4,CONTEXT,prototype_bank_sizes.2,1536,0,,post-hoc association only; no online feedback
RANDOM4,CONTEXT,prototype_evictions,1536,0,,post-hoc association only; no online feedback
RANDOM4,CONTEXT,prototype_writes,1536,0,,post-hoc association only; no online feedback
RANDOM4,CONTEXT,pseudo_loss,1536,0.05415066936984658,,post-hoc association only; no online feedback
RANDOM4,CONTEXT,pseudo_target_change,1536,0.0,,post-hoc association only; no online feedback
RANDOM4,CONTEXT,reference_forwards,1536,1,,post-hoc association only; no online feedback
RANDOM4,CONTEXT,replay_updates,1536,0,,post-hoc association only; no online feedback
RANDOM4,CONTEXT,reward_probe_forwards,1536,7.9921875,,post-hoc association only; no online feedback
RANDOM4,CONTEXT,reward_scale,1536,0.05,,post-hoc association only; no online feedback
RANDOM4,CONTEXT,rewards.0,1536,-0.009811201676782752,,post-hoc association only; no online feedback
RANDOM4,CONTEXT,rewards.1,1536,-0.009810291566517653,,post-hoc association only; no online feedback
RANDOM4,CONTEXT,rewards.2,1536,-0.009794475312749101,,post-hoc association only; no online feedback
RANDOM4,CONTEXT,rewards.3,1536,-0.00979670104774361,,post-hoc association only; no online feedback
RANDOM4,CONTEXT,selected,1536,1.4869791666666667,,post-hoc association only; no online feedback
RANDOM4,CONTEXT,strong_context_distance,1536,0.17382450307938294,,post-hoc association only; no online feedback
RANDOM4,CONTEXT,strong_used_context_distance,1536,0.0,,post-hoc association only; no online feedback
RANDOM4,CONTEXT,target_entropy,1536,0.03205744886872708,,post-hoc association only; no online feedback
GREEDY,SEARCH,BN_gradient_norm,6102,0.28395779605928023,,post-hoc association only; no online feedback
GREEDY,SEARCH,BN_lr,6102,0.0001,,post-hoc association only; no online feedback
GREEDY,SEARCH,BN_update_norm,6102,0.003003976593419903,,post-hoc association only; no online feedback
GREEDY,SEARCH,adapter.gate_max,6102,1.47071741310857,,post-hoc association only; no online feedback
GREEDY,SEARCH,adapter.gate_min,6102,1.4158113069785927,,post-hoc association only; no online feedback
GREEDY,SEARCH,adapter.relative_rms,6102,0.05537226913475382,,post-hoc association only; no online feedback
GREEDY,SEARCH,adapter.saturation,6102,0.09437188137870896,,post-hoc association only; no online feedback
GREEDY,SEARCH,adapter_U_gradient,6102,0.000866788673905239,,post-hoc association only; no online feedback
GREEDY,SEARCH,adapter_V_gradient,6102,0.00271059469942818,,post-hoc association only; no online feedback
GREEDY,SEARCH,adapter_trainable_parameters,6102,2824,,post-hoc association only; no online feedback
GREEDY,SEARCH,candidate_mask_disagreement,6102,3.271828085350154e-06,,post-hoc association only; no online feedback
GREEDY,SEARCH,committed_updates,6102,1,,post-hoc association only; no online feedback
GREEDY,SEARCH,context_views,6102,8,,post-hoc association only; no online feedback
GREEDY,SEARCH,is_contextual_bandit,6102,0,,post-hoc association only; no online feedback
GREEDY,SEARCH,memory_max_lag,6102,64,,post-hoc association only; no online feedback
GREEDY,SEARCH,memory_size,6102,3.9626352015732547,,post-hoc association only; no online feedback
GREEDY,SEARCH,proposal_spread,6102,0.2411658356399057,,post-hoc association only; no online feedback
GREEDY,SEARCH,proposal_updates,6102,4,,post-hoc association only; no online feedback
GREEDY,SEARCH,prototype_bank_sizes.0,6102,0,,post-hoc association only; no online feedback
GREEDY,SEARCH,prototype_bank_sizes.1,6102,0,,post-hoc association only; no online feedback
GREEDY,SEARCH,prototype_bank_sizes.2,6102,0,,post-hoc association only; no online feedback
GREEDY,SEARCH,prototype_evictions,6102,0,,post-hoc association only; no online feedback
GREEDY,SEARCH,prototype_writes,6102,0,,post-hoc association only; no online feedback
GREEDY,SEARCH,pseudo_loss,6102,0.05904640192462065,,post-hoc association only; no online feedback
GREEDY,SEARCH,pseudo_target_change,6102,0.0,,post-hoc association only; no online feedback
GREEDY,SEARCH,reference_forwards,6102,1,,post-hoc association only; no online feedback
GREEDY,SEARCH,replay_updates,6102,0,,post-hoc association only; no online feedback
GREEDY,SEARCH,reward_probe_forwards,6102,7.99803343166175,,post-hoc association only; no online feedback
GREEDY,SEARCH,reward_scale,6102,0.05,,post-hoc association only; no online feedback
GREEDY,SEARCH,rewards.0,6102,-0.009258818396686996,,post-hoc association only; no online feedback
GREEDY,SEARCH,rewards.1,6102,-0.00925461398516545,,post-hoc association only; no online feedback
GREEDY,SEARCH,rewards.2,6102,-0.009258441476401473,,post-hoc association only; no online feedback
GREEDY,SEARCH,rewards.3,6102,-0.00925072630341826,,post-hoc association only; no online feedback
GREEDY,SEARCH,selected,6102,1.4872173058013767,,post-hoc association only; no online feedback
GREEDY,SEARCH,strong_context_distance,6102,0.1742449379171987,,post-hoc association only; no online feedback
GREEDY,SEARCH,strong_used_context_distance,6102,0.0,,post-hoc association only; no online feedback
GREEDY,SEARCH,target_entropy,6102,0.03430969730631293,,post-hoc association only; no online feedback
GREEDY,SEALED_REVIEW,BN_gradient_norm,4068,0.26139692545409665,,post-hoc association only; no online feedback
GREEDY,SEALED_REVIEW,BN_lr,4068,0.0001,,post-hoc association only; no online feedback
GREEDY,SEALED_REVIEW,BN_update_norm,4068,0.0029268600924185276,,post-hoc association only; no online feedback
GREEDY,SEALED_REVIEW,adapter.gate_max,4068,1.4753289892170633,,post-hoc association only; no online feedback
GREEDY,SEALED_REVIEW,adapter.gate_min,4068,1.4261999361751823,,post-hoc association only; no online feedback
GREEDY,SEALED_REVIEW,adapter.relative_rms,4068,0.05523457328547588,,post-hoc association only; no online feedback
GREEDY,SEALED_REVIEW,adapter.saturation,4068,0.09340214875829841,,post-hoc association only; no online feedback
GREEDY,SEALED_REVIEW,adapter_U_gradient,4068,0.0008572348868197062,,post-hoc association only; no online feedback
GREEDY,SEALED_REVIEW,adapter_V_gradient,4068,0.0026330169493659866,,post-hoc association only; no online feedback
GREEDY,SEALED_REVIEW,adapter_trainable_parameters,4068,2824,,post-hoc association only; no online feedback
GREEDY,SEALED_REVIEW,candidate_mask_disagreement,4068,2.890063363659464e-06,,post-hoc association only; no online feedback
GREEDY,SEALED_REVIEW,committed_updates,4068,1,,post-hoc association only; no online feedback
GREEDY,SEALED_REVIEW,context_views,4068,8,,post-hoc association only; no online feedback
GREEDY,SEALED_REVIEW,is_contextual_bandit,4068,0,,post-hoc association only; no online feedback
GREEDY,SEALED_REVIEW,memory_max_lag,4068,64,,post-hoc association only; no online feedback
GREEDY,SEALED_REVIEW,memory_size,4068,3.967551622418879,,post-hoc association only; no online feedback
GREEDY,SEALED_REVIEW,proposal_spread,4068,0.2400578996688567,,post-hoc association only; no online feedback
GREEDY,SEALED_REVIEW,proposal_updates,4068,4,,post-hoc association only; no online feedback
GREEDY,SEALED_REVIEW,prototype_bank_sizes.0,4068,0,,post-hoc association only; no online feedback
GREEDY,SEALED_REVIEW,prototype_bank_sizes.1,4068,0,,post-hoc association only; no online feedback
GREEDY,SEALED_REVIEW,prototype_bank_sizes.2,4068,0,,post-hoc association only; no online feedback
GREEDY,SEALED_REVIEW,prototype_evictions,4068,0,,post-hoc association only; no online feedback
GREEDY,SEALED_REVIEW,prototype_writes,4068,0,,post-hoc association only; no online feedback
GREEDY,SEALED_REVIEW,pseudo_loss,4068,0.05570403385345138,,post-hoc association only; no online feedback
GREEDY,SEALED_REVIEW,pseudo_target_change,4068,0.0,,post-hoc association only; no online feedback
GREEDY,SEALED_REVIEW,reference_forwards,4068,1,,post-hoc association only; no online feedback
GREEDY,SEALED_REVIEW,replay_updates,4068,0,,post-hoc association only; no online feedback
GREEDY,SEALED_REVIEW,reward_probe_forwards,4068,8,,post-hoc association only; no online feedback
GREEDY,SEALED_REVIEW,reward_scale,4068,0.05,,post-hoc association only; no online feedback
GREEDY,SEALED_REVIEW,rewards.0,4068,-0.00886465167315982,,post-hoc association only; no online feedback
GREEDY,SEALED_REVIEW,rewards.1,4068,-0.008868486503919446,,post-hoc association only; no online feedback
GREEDY,SEALED_REVIEW,rewards.2,4068,-0.00886668707828611,,post-hoc association only; no online feedback
GREEDY,SEALED_REVIEW,rewards.3,4068,-0.00886485687772196,,post-hoc association only; no online feedback
GREEDY,SEALED_REVIEW,selected,4068,1.511307767944936,,post-hoc association only; no online feedback
GREEDY,SEALED_REVIEW,strong_context_distance,4068,0.17450071388517663,,post-hoc association only; no online feedback
GREEDY,SEALED_REVIEW,strong_used_context_distance,4068,0.0,,post-hoc association only; no online feedback
GREEDY,SEALED_REVIEW,target_entropy,4068,0.03329202992614494,,post-hoc association only; no online feedback
GREEDY,CONTEXT,BN_gradient_norm,1536,0.2656045601252117,,post-hoc association only; no online feedback
GREEDY,CONTEXT,BN_lr,1536,0.0001,,post-hoc association only; no online feedback
GREEDY,CONTEXT,BN_update_norm,1536,0.003017565784451411,,post-hoc association only; no online feedback
GREEDY,CONTEXT,adapter.gate_max,1536,1.4373527427669615,,post-hoc association only; no online feedback
GREEDY,CONTEXT,adapter.gate_min,1536,1.3470724753569812,,post-hoc association only; no online feedback
GREEDY,CONTEXT,adapter.relative_rms,1536,0.050534994721713154,,post-hoc association only; no online feedback
GREEDY,CONTEXT,adapter.saturation,1536,0.09633415099233389,,post-hoc association only; no online feedback
GREEDY,CONTEXT,adapter_U_gradient,1536,0.0008763427640493168,,post-hoc association only; no online feedback
GREEDY,CONTEXT,adapter_V_gradient,1536,0.0025445625928101436,,post-hoc association only; no online feedback
GREEDY,CONTEXT,adapter_trainable_parameters,1536,2824,,post-hoc association only; no online feedback
GREEDY,CONTEXT,candidate_mask_disagreement,1536,6.488446767131488e-06,,post-hoc association only; no online feedback
GREEDY,CONTEXT,committed_updates,1536,1,,post-hoc association only; no online feedback
GREEDY,CONTEXT,context_views,1536,8,,post-hoc association only; no online feedback
GREEDY,CONTEXT,is_contextual_bandit,1536,0,,post-hoc association only; no online feedback
GREEDY,CONTEXT,memory_max_lag,1536,64,,post-hoc association only; no online feedback
GREEDY,CONTEXT,memory_size,1536,3.859375,,post-hoc association only; no online feedback
GREEDY,CONTEXT,proposal_spread,1536,0.23903205192861302,,post-hoc association only; no online feedback
GREEDY,CONTEXT,proposal_updates,1536,4,,post-hoc association only; no online feedback
GREEDY,CONTEXT,prototype_bank_sizes.0,1536,0,,post-hoc association only; no online feedback
GREEDY,CONTEXT,prototype_bank_sizes.1,1536,0,,post-hoc association only; no online feedback
GREEDY,CONTEXT,prototype_bank_sizes.2,1536,0,,post-hoc association only; no online feedback
GREEDY,CONTEXT,prototype_evictions,1536,0,,post-hoc association only; no online feedback
GREEDY,CONTEXT,prototype_writes,1536,0,,post-hoc association only; no online feedback
GREEDY,CONTEXT,pseudo_loss,1536,0.05420275902118495,,post-hoc association only; no online feedback
GREEDY,CONTEXT,pseudo_target_change,1536,0.0,,post-hoc association only; no online feedback
GREEDY,CONTEXT,reference_forwards,1536,1,,post-hoc association only; no online feedback
GREEDY,CONTEXT,replay_updates,1536,0,,post-hoc association only; no online feedback
GREEDY,CONTEXT,reward_probe_forwards,1536,7.9921875,,post-hoc association only; no online feedback
GREEDY,CONTEXT,reward_scale,1536,0.05,,post-hoc association only; no online feedback
GREEDY,CONTEXT,rewards.0,1536,-0.009825371835303387,,post-hoc association only; no online feedback
GREEDY,CONTEXT,rewards.1,1536,-0.009805309598367722,,post-hoc association only; no online feedback
GREEDY,CONTEXT,rewards.2,1536,-0.009809129204172944,,post-hoc association only; no online feedback
GREEDY,CONTEXT,rewards.3,1536,-0.00981896887252524,,post-hoc association only; no online feedback
GREEDY,CONTEXT,selected,1536,1.4772135416666667,,post-hoc association only; no online feedback
GREEDY,CONTEXT,strong_context_distance,1536,0.17382450307938294,,post-hoc association only; no online feedback
GREEDY,CONTEXT,strong_used_context_distance,1536,0.0,,post-hoc association only; no online feedback
GREEDY,CONTEXT,target_entropy,1536,0.032133455395523924,,post-hoc association only; no online feedback
PG_CONS,SEARCH,BN_gradient_norm,6102,0.28393796136952576,,post-hoc association only; no online feedback
PG_CONS,SEARCH,BN_lr,6102,0.0001,,post-hoc association only; no online feedback
PG_CONS,SEARCH,BN_update_norm,6102,0.0030043418561266377,,post-hoc association only; no online feedback
PG_CONS,SEARCH,adapter.gate_max,6102,1.4710521815214654,,post-hoc association only; no online feedback
PG_CONS,SEARCH,adapter.gate_min,6102,1.4174932418534576,,post-hoc association only; no online feedback
PG_CONS,SEARCH,adapter.relative_rms,6102,0.05535403654402783,,post-hoc association only; no online feedback
PG_CONS,SEARCH,adapter.saturation,6102,0.09426383802594611,,post-hoc association only; no online feedback
PG_CONS,SEARCH,adapter_U_gradient,6102,0.0008595615934884514,,post-hoc association only; no online feedback
PG_CONS,SEARCH,adapter_V_gradient,6102,0.0027083847869585407,,post-hoc association only; no online feedback
PG_CONS,SEARCH,adapter_trainable_parameters,6102,2824,,post-hoc association only; no online feedback
PG_CONS,SEARCH,advantage_std,6102,0.00030461228129122307,,post-hoc association only; no online feedback
PG_CONS,SEARCH,candidate_mask_disagreement,6102,3.083793111255387e-06,,post-hoc association only; no online feedback
PG_CONS,SEARCH,committed_updates,6102,1,,post-hoc association only; no online feedback
PG_CONS,SEARCH,context_views,6102,8,,post-hoc association only; no online feedback
PG_CONS,SEARCH,is_contextual_bandit,6102,1,,post-hoc association only; no online feedback
PG_CONS,SEARCH,memory_max_lag,6102,64,,post-hoc association only; no online feedback
PG_CONS,SEARCH,memory_size,6102,3.9626352015732547,,post-hoc association only; no online feedback
PG_CONS,SEARCH,policy_KL,6102,0.002226277126010931,,post-hoc association only; no online feedback
PG_CONS,SEARCH,policy_gradient_norm,6102,0.004218758525075034,,post-hoc association only; no online feedback
PG_CONS,SEARCH,policy_loss,6102,-8.599983261318071e-05,,post-hoc association only; no online feedback
PG_CONS,SEARCH,proposal_spread,6102,0.24062052256785155,,post-hoc association only; no online feedback
PG_CONS,SEARCH,proposal_updates,6102,4,,post-hoc association only; no online feedback
PG_CONS,SEARCH,prototype_bank_sizes.0,6102,0,,post-hoc association only; no online feedback
PG_CONS,SEARCH,prototype_bank_sizes.1,6102,0,,post-hoc association only; no online feedback
PG_CONS,SEARCH,prototype_bank_sizes.2,6102,0,,post-hoc association only; no online feedback
PG_CONS,SEARCH,prototype_evictions,6102,0,,post-hoc association only; no online feedback
PG_CONS,SEARCH,prototype_writes,6102,0,,post-hoc association only; no online feedback
PG_CONS,SEARCH,pseudo_loss,6102,0.0590495731234697,,post-hoc association only; no online feedback
PG_CONS,SEARCH,pseudo_target_change,6102,0.0,,post-hoc association only; no online feedback
PG_CONS,SEARCH,reference_forwards,6102,1,,post-hoc association only; no online feedback
PG_CONS,SEARCH,replay_updates,6102,0,,post-hoc association only; no online feedback
PG_CONS,SEARCH,reward_probe_forwards,6102,7.99803343166175,,post-hoc association only; no online feedback
PG_CONS,SEARCH,reward_scale,6102,0.0022044377999799443,,post-hoc association only; no online feedback
PG_CONS,SEARCH,reward_std,6102,2.3697115455812313e-06,,post-hoc association only; no online feedback
PG_CONS,SEARCH,rewards.0,6102,-0.004701044061565662,,post-hoc association only; no online feedback
PG_CONS,SEARCH,rewards.1,6102,-0.004701007487514547,,post-hoc association only; no online feedback
PG_CONS,SEARCH,rewards.2,6102,-0.004701157715808634,,post-hoc association only; no online feedback
PG_CONS,SEARCH,rewards.3,6102,-0.004701047853279509,,post-hoc association only; no online feedback
PG_CONS,SEARCH,selected,6102,1.4924614880367093,,post-hoc association only; no online feedback
PG_CONS,SEARCH,strong_context_distance,6102,0.1742449379171987,,post-hoc association only; no online feedback
PG_CONS,SEARCH,strong_used_context_distance,6102,0.0,,post-hoc association only; no online feedback
PG_CONS,SEARCH,target_entropy,6102,0.03431263519161033,,post-hoc association only; no online feedback
PG_CONS,SEALED_REVIEW,BN_gradient_norm,4068,0.26138174298220296,,post-hoc association only; no online feedback
PG_CONS,SEALED_REVIEW,BN_lr,4068,0.0001,,post-hoc association only; no online feedback
PG_CONS,SEALED_REVIEW,BN_update_norm,4068,0.0029271197837657014,,post-hoc association only; no online feedback
PG_CONS,SEALED_REVIEW,adapter.gate_max,4068,1.4761035166893268,,post-hoc association only; no online feedback
PG_CONS,SEALED_REVIEW,adapter.gate_min,4068,1.427678371293355,,post-hoc association only; no online feedback
PG_CONS,SEALED_REVIEW,adapter.relative_rms,4068,0.05521139832306409,,post-hoc association only; no online feedback
PG_CONS,SEALED_REVIEW,adapter.saturation,4068,0.09325849206984453,,post-hoc association only; no online feedback
PG_CONS,SEALED_REVIEW,adapter_U_gradient,4068,0.0008504671867053582,,post-hoc association only; no online feedback
PG_CONS,SEALED_REVIEW,adapter_V_gradient,4068,0.00263001116151394,,post-hoc association only; no online feedback
PG_CONS,SEALED_REVIEW,adapter_trainable_parameters,4068,2824,,post-hoc association only; no online feedback
PG_CONS,SEALED_REVIEW,advantage_std,4068,0.0002781057977208974,,post-hoc association only; no online feedback
PG_CONS,SEALED_REVIEW,candidate_mask_disagreement,4068,2.707703626964648e-06,,post-hoc association only; no online feedback
PG_CONS,SEALED_REVIEW,committed_updates,4068,1,,post-hoc association only; no online feedback
PG_CONS,SEALED_REVIEW,context_views,4068,8,,post-hoc association only; no online feedback
PG_CONS,SEALED_REVIEW,is_contextual_bandit,4068,1,,post-hoc association only; no online feedback
PG_CONS,SEALED_REVIEW,memory_max_lag,4068,64,,post-hoc association only; no online feedback
PG_CONS,SEALED_REVIEW,memory_size,4068,3.967551622418879,,post-hoc association only; no online feedback
PG_CONS,SEALED_REVIEW,policy_KL,4068,0.0021441244211637634,,post-hoc association only; no online feedback
PG_CONS,SEALED_REVIEW,policy_gradient_norm,4068,0.004173351377440715,,post-hoc association only; no online feedback
PG_CONS,SEALED_REVIEW,policy_loss,4068,-6.69295688914545e-05,,post-hoc association only; no online feedback
PG_CONS,SEALED_REVIEW,proposal_spread,4068,0.2395464393585891,,post-hoc association only; no online feedback
PG_CONS,SEALED_REVIEW,proposal_updates,4068,4,,post-hoc association only; no online feedback
PG_CONS,SEALED_REVIEW,prototype_bank_sizes.0,4068,0,,post-hoc association only; no online feedback
PG_CONS,SEALED_REVIEW,prototype_bank_sizes.1,4068,0,,post-hoc association only; no online feedback
PG_CONS,SEALED_REVIEW,prototype_bank_sizes.2,4068,0,,post-hoc association only; no online feedback
PG_CONS,SEALED_REVIEW,prototype_evictions,4068,0,,post-hoc association only; no online feedback
PG_CONS,SEALED_REVIEW,prototype_writes,4068,0,,post-hoc association only; no online feedback
PG_CONS,SEALED_REVIEW,pseudo_loss,4068,0.05570701955091446,,post-hoc association only; no online feedback
PG_CONS,SEALED_REVIEW,pseudo_target_change,4068,0.0,,post-hoc association only; no online feedback
PG_CONS,SEALED_REVIEW,reference_forwards,4068,1,,post-hoc association only; no online feedback
PG_CONS,SEALED_REVIEW,replay_updates,4068,0,,post-hoc association only; no online feedback
PG_CONS,SEALED_REVIEW,reward_probe_forwards,4068,8,,post-hoc association only; no online feedback
PG_CONS,SEALED_REVIEW,reward_scale,4068,0.001970542010917143,,post-hoc association only; no online feedback
PG_CONS,SEALED_REVIEW,reward_std,4068,2.1818316930326304e-06,,post-hoc association only; no online feedback
PG_CONS,SEALED_REVIEW,rewards.0,4068,-0.004640687514325305,,post-hoc association only; no online feedback
PG_CONS,SEALED_REVIEW,rewards.1,4068,-0.004640508063424019,,post-hoc association only; no online feedback
PG_CONS,SEALED_REVIEW,rewards.2,4068,-0.004640665195711277,,post-hoc association only; no online feedback
PG_CONS,SEALED_REVIEW,rewards.3,4068,-0.004640554744523732,,post-hoc association only; no online feedback
PG_CONS,SEALED_REVIEW,selected,4068,1.4764011799410028,,post-hoc association only; no online feedback
PG_CONS,SEALED_REVIEW,strong_context_distance,4068,0.17450071388517663,,post-hoc association only; no online feedback
PG_CONS,SEALED_REVIEW,strong_used_context_distance,4068,0.0,,post-hoc association only; no online feedback
PG_CONS,SEALED_REVIEW,target_entropy,4068,0.03329459327660435,,post-hoc association only; no online feedback
PG_CONS,CONTEXT,BN_gradient_norm,1536,0.2655964656563204,,post-hoc association only; no online feedback
PG_CONS,CONTEXT,BN_lr,1536,0.0001,,post-hoc association only; no online feedback
PG_CONS,CONTEXT,BN_update_norm,1536,0.003017149545106198,,post-hoc association only; no online feedback
PG_CONS,CONTEXT,adapter.gate_max,1536,1.4386333959798019,,post-hoc association only; no online feedback
PG_CONS,CONTEXT,adapter.gate_min,1536,1.349205752951093,,post-hoc association only; no online feedback
PG_CONS,CONTEXT,adapter.relative_rms,1536,0.05053932521768919,,post-hoc association only; no online feedback
PG_CONS,CONTEXT,adapter.saturation,1536,0.09656007479255398,,post-hoc association only; no online feedback
PG_CONS,CONTEXT,adapter_U_gradient,1536,0.0008704157480584248,,post-hoc association only; no online feedback
PG_CONS,CONTEXT,adapter_V_gradient,1536,0.002544019792067568,,post-hoc association only; no online feedback
PG_CONS,CONTEXT,adapter_trainable_parameters,1536,2824,,post-hoc association only; no online feedback
PG_CONS,CONTEXT,advantage_std,1536,0.0004793538712755026,,post-hoc association only; no online feedback
PG_CONS,CONTEXT,candidate_mask_disagreement,1536,6.079285716017087e-06,,post-hoc association only; no online feedback
PG_CONS,CONTEXT,committed_updates,1536,1,,post-hoc association only; no online feedback
PG_CONS,CONTEXT,context_views,1536,8,,post-hoc association only; no online feedback
PG_CONS,CONTEXT,is_contextual_bandit,1536,1,,post-hoc association only; no online feedback
PG_CONS,CONTEXT,memory_max_lag,1536,64,,post-hoc association only; no online feedback
PG_CONS,CONTEXT,memory_size,1536,3.859375,,post-hoc association only; no online feedback
PG_CONS,CONTEXT,policy_KL,1536,0.00429600461696585,,post-hoc association only; no online feedback
PG_CONS,CONTEXT,policy_gradient_norm,1536,0.006136075356598214,,post-hoc association only; no online feedback
PG_CONS,CONTEXT,policy_loss,1536,-0.00015930599402647592,,post-hoc association only; no online feedback
PG_CONS,CONTEXT,proposal_spread,1536,0.23812862043268979,,post-hoc association only; no online feedback
PG_CONS,CONTEXT,proposal_updates,1536,4,,post-hoc association only; no online feedback
PG_CONS,CONTEXT,prototype_bank_sizes.0,1536,0,,post-hoc association only; no online feedback
PG_CONS,CONTEXT,prototype_bank_sizes.1,1536,0,,post-hoc association only; no online feedback
PG_CONS,CONTEXT,prototype_bank_sizes.2,1536,0,,post-hoc association only; no online feedback
PG_CONS,CONTEXT,prototype_evictions,1536,0,,post-hoc association only; no online feedback
PG_CONS,CONTEXT,prototype_writes,1536,0,,post-hoc association only; no online feedback
PG_CONS,CONTEXT,pseudo_loss,1536,0.05420508536068761,,post-hoc association only; no online feedback
PG_CONS,CONTEXT,pseudo_target_change,1536,0.0,,post-hoc association only; no online feedback
PG_CONS,CONTEXT,reference_forwards,1536,1,,post-hoc association only; no online feedback
PG_CONS,CONTEXT,replay_updates,1536,0,,post-hoc association only; no online feedback
PG_CONS,CONTEXT,reward_probe_forwards,1536,7.9921875,,post-hoc association only; no online feedback
PG_CONS,CONTEXT,reward_scale,1536,0.00537543095781775,,post-hoc association only; no online feedback
PG_CONS,CONTEXT,reward_std,1536,3.748487516387752e-06,,post-hoc association only; no online feedback
PG_CONS,CONTEXT,rewards.0,1536,-0.004946681774664596,,post-hoc association only; no online feedback
PG_CONS,CONTEXT,rewards.1,1536,-0.00494639647571562,,post-hoc association only; no online feedback
PG_CONS,CONTEXT,rewards.2,1536,-0.004946773780035052,,post-hoc association only; no online feedback
PG_CONS,CONTEXT,rewards.3,1536,-0.004947525539172778,,post-hoc association only; no online feedback
PG_CONS,CONTEXT,selected,1536,1.4811197916666667,,post-hoc association only; no online feedback
PG_CONS,CONTEXT,strong_context_distance,1536,0.17382450307938294,,post-hoc association only; no online feedback
PG_CONS,CONTEXT,strong_used_context_distance,1536,0.0,,post-hoc association only; no online feedback
PG_CONS,CONTEXT,target_entropy,1536,0.03213637295508912,,post-hoc association only; no online feedback
PG_STRUCT,SEARCH,BN_gradient_norm,6102,0.2842260087137875,,post-hoc association only; no online feedback
PG_STRUCT,SEARCH,BN_lr,6102,0.0001,,post-hoc association only; no online feedback
PG_STRUCT,SEARCH,BN_update_norm,6102,0.0030074029890966142,,post-hoc association only; no online feedback
PG_STRUCT,SEARCH,adapter.gate_max,6102,1.470872203147595,,post-hoc association only; no online feedback
PG_STRUCT,SEARCH,adapter.gate_min,6102,1.4162203996484688,,post-hoc association only; no online feedback
PG_STRUCT,SEARCH,adapter.relative_rms,6102,0.05476072232670567,,post-hoc association only; no online feedback
PG_STRUCT,SEARCH,adapter.saturation,6102,0.09003373307503469,,post-hoc association only; no online feedback
PG_STRUCT,SEARCH,adapter_U_gradient,6102,0.0007490492531117113,,post-hoc association only; no online feedback
PG_STRUCT,SEARCH,adapter_V_gradient,6102,0.002635319433510035,,post-hoc association only; no online feedback
PG_STRUCT,SEARCH,adapter_trainable_parameters,6102,2824,,post-hoc association only; no online feedback
PG_STRUCT,SEARCH,advantage_std,6102,0.0025313259718339844,,post-hoc association only; no online feedback
PG_STRUCT,SEARCH,candidate_mask_disagreement,6102,3.037590231906387e-06,,post-hoc association only; no online feedback
PG_STRUCT,SEARCH,committed_updates,6102,1,,post-hoc association only; no online feedback
PG_STRUCT,SEARCH,context_views,6102,8,,post-hoc association only; no online feedback
PG_STRUCT,SEARCH,is_contextual_bandit,6102,1,,post-hoc association only; no online feedback
PG_STRUCT,SEARCH,memory_max_lag,6102,64,,post-hoc association only; no online feedback
PG_STRUCT,SEARCH,memory_size,6102,3.9626352015732547,,post-hoc association only; no online feedback
PG_STRUCT,SEARCH,policy_KL,6102,0.006666607815333954,,post-hoc association only; no online feedback
PG_STRUCT,SEARCH,policy_gradient_norm,6102,0.026441316446569364,,post-hoc association only; no online feedback
PG_STRUCT,SEARCH,policy_loss,6102,0.0007549646293707579,,post-hoc association only; no online feedback
PG_STRUCT,SEARCH,proposal_spread,6102,0.2409655050588549,,post-hoc association only; no online feedback
PG_STRUCT,SEARCH,proposal_updates,6102,4,,post-hoc association only; no online feedback
PG_STRUCT,SEARCH,prototype_bank_sizes.0,6102,0,,post-hoc association only; no online feedback
PG_STRUCT,SEARCH,prototype_bank_sizes.1,6102,0,,post-hoc association only; no online feedback
PG_STRUCT,SEARCH,prototype_bank_sizes.2,6102,0,,post-hoc association only; no online feedback
PG_STRUCT,SEARCH,prototype_evictions,6102,0,,post-hoc association only; no online feedback
PG_STRUCT,SEARCH,prototype_writes,6102,0,,post-hoc association only; no online feedback
PG_STRUCT,SEARCH,pseudo_loss,6102,0.059007256547302274,,post-hoc association only; no online feedback
PG_STRUCT,SEARCH,pseudo_target_change,6102,0.0,,post-hoc association only; no online feedback
PG_STRUCT,SEARCH,reference_forwards,6102,1,,post-hoc association only; no online feedback
PG_STRUCT,SEARCH,replay_updates,6102,0,,post-hoc association only; no online feedback
PG_STRUCT,SEARCH,reward_probe_forwards,6102,7.99803343166175,,post-hoc association only; no online feedback
PG_STRUCT,SEARCH,reward_scale,6102,0.002216402018497447,,post-hoc association only; no online feedback
PG_STRUCT,SEARCH,reward_std,6102,2.023469171510993e-05,,post-hoc association only; no online feedback
PG_STRUCT,SEARCH,rewards.0,6102,-0.008815719378631357,,post-hoc association only; no online feedback
PG_STRUCT,SEARCH,rewards.1,6102,-0.008831397933100386,,post-hoc association only; no online feedback
PG_STRUCT,SEARCH,rewards.2,6102,-0.008823192475529583,,post-hoc association only; no online feedback
PG_STRUCT,SEARCH,rewards.3,6102,-0.008819329578637887,,post-hoc association only; no online feedback
PG_STRUCT,SEARCH,selected,6102,1.501147164863979,,post-hoc association only; no online feedback
PG_STRUCT,SEARCH,strong_context_distance,6102,0.1742449379171987,,post-hoc association only; no online feedback
PG_STRUCT,SEARCH,strong_used_context_distance,6102,0.0,,post-hoc association only; no online feedback
PG_STRUCT,SEARCH,target_entropy,6102,0.03424300962215963,,post-hoc association only; no online feedback
PG_STRUCT,SEALED_REVIEW,BN_gradient_norm,4068,0.2616791384463586,,post-hoc association only; no online feedback
PG_STRUCT,SEALED_REVIEW,BN_lr,4068,0.0001,,post-hoc association only; no online feedback
PG_STRUCT,SEALED_REVIEW,BN_update_norm,4068,0.0029304366827764545,,post-hoc association only; no online feedback
PG_STRUCT,SEALED_REVIEW,adapter.gate_max,4068,1.4756979513895079,,post-hoc association only; no online feedback
PG_STRUCT,SEALED_REVIEW,adapter.gate_min,4068,1.426620797773378,,post-hoc association only; no online feedback
PG_STRUCT,SEALED_REVIEW,adapter.relative_rms,4068,0.05461122702464481,,post-hoc association only; no online feedback
PG_STRUCT,SEALED_REVIEW,adapter.saturation,4068,0.0891208231976602,,post-hoc association only; no online feedback
PG_STRUCT,SEALED_REVIEW,adapter_U_gradient,4068,0.0007387573595467486,,post-hoc association only; no online feedback
PG_STRUCT,SEALED_REVIEW,adapter_V_gradient,4068,0.0025580703659470816,,post-hoc association only; no online feedback
PG_STRUCT,SEALED_REVIEW,adapter_trainable_parameters,4068,2824,,post-hoc association only; no online feedback
PG_STRUCT,SEALED_REVIEW,advantage_std,4068,0.0015035681402203944,,post-hoc association only; no online feedback
PG_STRUCT,SEALED_REVIEW,candidate_mask_disagreement,4068,2.6945167586515083e-06,,post-hoc association only; no online feedback
PG_STRUCT,SEALED_REVIEW,committed_updates,4068,1,,post-hoc association only; no online feedback
PG_STRUCT,SEALED_REVIEW,context_views,4068,8,,post-hoc association only; no online feedback
PG_STRUCT,SEALED_REVIEW,is_contextual_bandit,4068,1,,post-hoc association only; no online feedback
PG_STRUCT,SEALED_REVIEW,memory_max_lag,4068,64,,post-hoc association only; no online feedback
PG_STRUCT,SEALED_REVIEW,memory_size,4068,3.967551622418879,,post-hoc association only; no online feedback
PG_STRUCT,SEALED_REVIEW,policy_KL,4068,0.006555167388540922,,post-hoc association only; no online feedback
PG_STRUCT,SEALED_REVIEW,policy_gradient_norm,4068,0.01825936600362756,,post-hoc association only; no online feedback
PG_STRUCT,SEALED_REVIEW,policy_loss,4068,3.1762701278244715e-05,,post-hoc association only; no online feedback
PG_STRUCT,SEALED_REVIEW,proposal_spread,4068,0.23990071170588803,,post-hoc association only; no online feedback
PG_STRUCT,SEALED_REVIEW,proposal_updates,4068,4,,post-hoc association only; no online feedback
PG_STRUCT,SEALED_REVIEW,prototype_bank_sizes.0,4068,0,,post-hoc association only; no online feedback
PG_STRUCT,SEALED_REVIEW,prototype_bank_sizes.1,4068,0,,post-hoc association only; no online feedback
PG_STRUCT,SEALED_REVIEW,prototype_bank_sizes.2,4068,0,,post-hoc association only; no online feedback
PG_STRUCT,SEALED_REVIEW,prototype_evictions,4068,0,,post-hoc association only; no online feedback
PG_STRUCT,SEALED_REVIEW,prototype_writes,4068,0,,post-hoc association only; no online feedback
PG_STRUCT,SEALED_REVIEW,pseudo_loss,4068,0.05566096015186612,,post-hoc association only; no online feedback
PG_STRUCT,SEALED_REVIEW,pseudo_target_change,4068,0.0,,post-hoc association only; no online feedback
PG_STRUCT,SEALED_REVIEW,reference_forwards,4068,1,,post-hoc association only; no online feedback
PG_STRUCT,SEALED_REVIEW,replay_updates,4068,0,,post-hoc association only; no online feedback
PG_STRUCT,SEALED_REVIEW,reward_probe_forwards,4068,8,,post-hoc association only; no online feedback
PG_STRUCT,SEALED_REVIEW,reward_scale,4068,0.0019825997161574877,,post-hoc association only; no online feedback
PG_STRUCT,SEALED_REVIEW,reward_std,4068,1.1561982940714222e-05,,post-hoc association only; no online feedback
PG_STRUCT,SEALED_REVIEW,rewards.0,4068,-0.008445956542808426,,post-hoc association only; no online feedback
PG_STRUCT,SEALED_REVIEW,rewards.1,4068,-0.008440031038812393,,post-hoc association only; no online feedback
PG_STRUCT,SEALED_REVIEW,rewards.2,4068,-0.008441228987622286,,post-hoc association only; no online feedback
PG_STRUCT,SEALED_REVIEW,rewards.3,4068,-0.00843986434474191,,post-hoc association only; no online feedback
PG_STRUCT,SEALED_REVIEW,selected,4068,1.5063913470993118,,post-hoc association only; no online feedback
PG_STRUCT,SEALED_REVIEW,strong_context_distance,4068,0.17450071388517663,,post-hoc association only; no online feedback
PG_STRUCT,SEALED_REVIEW,strong_used_context_distance,4068,0.0,,post-hoc association only; no online feedback
PG_STRUCT,SEALED_REVIEW,target_entropy,4068,0.03322258894675161,,post-hoc association only; no online feedback
PG_STRUCT,CONTEXT,BN_gradient_norm,1536,0.26596645939935115,,post-hoc association only; no online feedback
PG_STRUCT,CONTEXT,BN_lr,1536,0.0001,,post-hoc association only; no online feedback
PG_STRUCT,CONTEXT,BN_update_norm,1536,0.0030196417900469896,,post-hoc association only; no online feedback
PG_STRUCT,CONTEXT,adapter.gate_max,1536,1.4378329480144505,,post-hoc association only; no online feedback
PG_STRUCT,CONTEXT,adapter.gate_min,1536,1.3480974653114874,,post-hoc association only; no online feedback
PG_STRUCT,CONTEXT,adapter.relative_rms,1536,0.04999355390084048,,post-hoc association only; no online feedback
PG_STRUCT,CONTEXT,adapter.saturation,1536,0.09135954019924004,,post-hoc association only; no online feedback
PG_STRUCT,CONTEXT,adapter_U_gradient,1536,0.0007580092930083993,,post-hoc association only; no online feedback
PG_STRUCT,CONTEXT,adapter_V_gradient,1536,0.002453412145122661,,post-hoc association only; no online feedback
PG_STRUCT,CONTEXT,adapter_trainable_parameters,1536,2824,,post-hoc association only; no online feedback
PG_STRUCT,CONTEXT,advantage_std,1536,0.0023944295708110594,,post-hoc association only; no online feedback
PG_STRUCT,CONTEXT,candidate_mask_disagreement,1536,5.3353918095429736e-06,,post-hoc association only; no online feedback
PG_STRUCT,CONTEXT,committed_updates,1536,1,,post-hoc association only; no online feedback
PG_STRUCT,CONTEXT,context_views,1536,8,,post-hoc association only; no online feedback
PG_STRUCT,CONTEXT,is_contextual_bandit,1536,1,,post-hoc association only; no online feedback
PG_STRUCT,CONTEXT,memory_max_lag,1536,64,,post-hoc association only; no online feedback
PG_STRUCT,CONTEXT,memory_size,1536,3.859375,,post-hoc association only; no online feedback
PG_STRUCT,CONTEXT,policy_KL,1536,0.011615406100948652,,post-hoc association only; no online feedback
PG_STRUCT,CONTEXT,policy_gradient_norm,1536,0.028451812107168257,,post-hoc association only; no online feedback
PG_STRUCT,CONTEXT,policy_loss,1536,-0.0015742723991845203,,post-hoc association only; no online feedback
PG_STRUCT,CONTEXT,proposal_spread,1536,0.23851496508480827,,post-hoc association only; no online feedback
PG_STRUCT,CONTEXT,proposal_updates,1536,4,,post-hoc association only; no online feedback
PG_STRUCT,CONTEXT,prototype_bank_sizes.0,1536,0,,post-hoc association only; no online feedback
PG_STRUCT,CONTEXT,prototype_bank_sizes.1,1536,0,,post-hoc association only; no online feedback
PG_STRUCT,CONTEXT,prototype_bank_sizes.2,1536,0,,post-hoc association only; no online feedback
PG_STRUCT,CONTEXT,prototype_evictions,1536,0,,post-hoc association only; no online feedback
PG_STRUCT,CONTEXT,prototype_writes,1536,0,,post-hoc association only; no online feedback
PG_STRUCT,CONTEXT,pseudo_loss,1536,0.05414223142239886,,post-hoc association only; no online feedback
PG_STRUCT,CONTEXT,pseudo_target_change,1536,0.0,,post-hoc association only; no online feedback
PG_STRUCT,CONTEXT,reference_forwards,1536,1,,post-hoc association only; no online feedback
PG_STRUCT,CONTEXT,replay_updates,1536,0,,post-hoc association only; no online feedback
PG_STRUCT,CONTEXT,reward_probe_forwards,1536,7.9921875,,post-hoc association only; no online feedback
PG_STRUCT,CONTEXT,reward_scale,1536,0.005390993687654922,,post-hoc association only; no online feedback
PG_STRUCT,CONTEXT,reward_std,1536,1.8344267236077596e-05,,post-hoc association only; no online feedback
PG_STRUCT,CONTEXT,rewards.0,1536,-0.009348475130307045,,post-hoc association only; no online feedback
PG_STRUCT,CONTEXT,rewards.1,1536,-0.009347694590516847,,post-hoc association only; no online feedback
PG_STRUCT,CONTEXT,rewards.2,1536,-0.009372490266279353,,post-hoc association only; no online feedback
PG_STRUCT,CONTEXT,rewards.3,1536,-0.009368316044440009,,post-hoc association only; no online feedback
PG_STRUCT,CONTEXT,selected,1536,1.48828125,,post-hoc association only; no online feedback
PG_STRUCT,CONTEXT,strong_context_distance,1536,0.17382450307938294,,post-hoc association only; no online feedback
PG_STRUCT,CONTEXT,strong_used_context_distance,1536,0.0,,post-hoc association only; no online feedback
PG_STRUCT,CONTEXT,target_entropy,1536,0.03205263156511743,,post-hoc association only; no online feedback
PG_RETAIN,SEARCH,BN_gradient_norm,6102,0.28386356886500697,,post-hoc association only; no online feedback
PG_RETAIN,SEARCH,BN_lr,6102,0.0001,,post-hoc association only; no online feedback
PG_RETAIN,SEARCH,BN_update_norm,6102,0.0030041947640034165,,post-hoc association only; no online feedback
PG_RETAIN,SEARCH,adapter.gate_max,6102,1.4709389269723145,,post-hoc association only; no online feedback
PG_RETAIN,SEARCH,adapter.gate_min,6102,1.4166479097530904,,post-hoc association only; no online feedback
PG_RETAIN,SEARCH,adapter.relative_rms,6102,0.05529089545834526,,post-hoc association only; no online feedback
PG_RETAIN,SEARCH,adapter.saturation,6102,0.09467644489854721,,post-hoc association only; no online feedback
PG_RETAIN,SEARCH,adapter_U_gradient,6102,0.000865656194312741,,post-hoc association only; no online feedback
PG_RETAIN,SEARCH,adapter_V_gradient,6102,0.00271170752698692,,post-hoc association only; no online feedback
PG_RETAIN,SEARCH,adapter_trainable_parameters,6102,2824,,post-hoc association only; no online feedback
PG_RETAIN,SEARCH,advantage_std,6102,0.002853317838351421,,post-hoc association only; no online feedback
PG_RETAIN,SEARCH,candidate_mask_disagreement,6102,3.1394905357898475e-06,,post-hoc association only; no online feedback
PG_RETAIN,SEARCH,committed_updates,6102,1,,post-hoc association only; no online feedback
PG_RETAIN,SEARCH,context_views,6102,8,,post-hoc association only; no online feedback
PG_RETAIN,SEARCH,is_contextual_bandit,6102,1,,post-hoc association only; no online feedback
PG_RETAIN,SEARCH,memory_max_lag,6102,64,,post-hoc association only; no online feedback
PG_RETAIN,SEARCH,memory_size,6102,3.9626352015732547,,post-hoc association only; no online feedback
PG_RETAIN,SEARCH,policy_KL,6102,0.00771732579993639,,post-hoc association only; no online feedback
PG_RETAIN,SEARCH,policy_gradient_norm,6102,0.03181946814360552,,post-hoc association only; no online feedback
PG_RETAIN,SEARCH,policy_loss,6102,0.0001381257736839932,,post-hoc association only; no online feedback
PG_RETAIN,SEARCH,proposal_spread,6102,0.24068205951618704,,post-hoc association only; no online feedback
PG_RETAIN,SEARCH,proposal_updates,6102,4,,post-hoc association only; no online feedback
PG_RETAIN,SEARCH,prototype_bank_sizes.0,6102,0,,post-hoc association only; no online feedback
PG_RETAIN,SEARCH,prototype_bank_sizes.1,6102,0,,post-hoc association only; no online feedback
PG_RETAIN,SEARCH,prototype_bank_sizes.2,6102,0,,post-hoc association only; no online feedback
PG_RETAIN,SEARCH,prototype_evictions,6102,0,,post-hoc association only; no online feedback
PG_RETAIN,SEARCH,prototype_writes,6102,0,,post-hoc association only; no online feedback
PG_RETAIN,SEARCH,pseudo_loss,6102,0.059049937590500035,,post-hoc association only; no online feedback
PG_RETAIN,SEARCH,pseudo_target_change,6102,0.0,,post-hoc association only; no online feedback
PG_RETAIN,SEARCH,reference_forwards,6102,1,,post-hoc association only; no online feedback
PG_RETAIN,SEARCH,replay_updates,6102,0,,post-hoc association only; no online feedback
PG_RETAIN,SEARCH,reward_probe_forwards,6102,7.99803343166175,,post-hoc association only; no online feedback
PG_RETAIN,SEARCH,reward_scale,6102,0.0022187598813312713,,post-hoc association only; no online feedback
PG_RETAIN,SEARCH,reward_std,6102,2.2664588245228378e-05,,post-hoc association only; no online feedback
PG_RETAIN,SEARCH,rewards.0,6102,-0.009259232041315296,,post-hoc association only; no online feedback
PG_RETAIN,SEARCH,rewards.1,6102,-0.0092601135986731,,post-hoc association only; no online feedback
PG_RETAIN,SEARCH,rewards.2,6102,-0.009254435173343543,,post-hoc association only; no online feedback
PG_RETAIN,SEARCH,rewards.3,6102,-0.009263422864044404,,post-hoc association only; no online feedback
PG_RETAIN,SEARCH,selected,6102,1.4972140281874795,,post-hoc association only; no online feedback
PG_RETAIN,SEARCH,strong_context_distance,6102,0.1742449379171987,,post-hoc association only; no online feedback
PG_RETAIN,SEARCH,strong_used_context_distance,6102,0.0,,post-hoc association only; no online feedback
PG_RETAIN,SEARCH,target_entropy,6102,0.03431517914974203,,post-hoc association only; no online feedback
PG_RETAIN,SEALED_REVIEW,BN_gradient_norm,4068,0.26130457514839295,,post-hoc association only; no online feedback
PG_RETAIN,SEALED_REVIEW,BN_lr,4068,0.0001,,post-hoc association only; no online feedback
PG_RETAIN,SEALED_REVIEW,BN_update_norm,4068,0.0029271400141330103,,post-hoc association only; no online feedback
PG_RETAIN,SEALED_REVIEW,adapter.gate_max,4068,1.4755271327999606,,post-hoc association only; no online feedback
PG_RETAIN,SEALED_REVIEW,adapter.gate_min,4068,1.4270547191770848,,post-hoc association only; no online feedback
PG_RETAIN,SEALED_REVIEW,adapter.relative_rms,4068,0.05514830862669718,,post-hoc association only; no online feedback
PG_RETAIN,SEALED_REVIEW,adapter.saturation,4068,0.09368569092530182,,post-hoc association only; no online feedback
PG_RETAIN,SEALED_REVIEW,adapter_U_gradient,4068,0.000856310273147067,,post-hoc association only; no online feedback
PG_RETAIN,SEALED_REVIEW,adapter_V_gradient,4068,0.0026344108428317616,,post-hoc association only; no online feedback
PG_RETAIN,SEALED_REVIEW,adapter_trainable_parameters,4068,2824,,post-hoc association only; no online feedback
PG_RETAIN,SEALED_REVIEW,advantage_std,4068,0.001506734726771629,,post-hoc association only; no online feedback
PG_RETAIN,SEALED_REVIEW,candidate_mask_disagreement,4068,2.7772716833544104e-06,,post-hoc association only; no online feedback
PG_RETAIN,SEALED_REVIEW,committed_updates,4068,1,,post-hoc association only; no online feedback
PG_RETAIN,SEALED_REVIEW,context_views,4068,8,,post-hoc association only; no online feedback
PG_RETAIN,SEALED_REVIEW,is_contextual_bandit,4068,1,,post-hoc association only; no online feedback
PG_RETAIN,SEALED_REVIEW,memory_max_lag,4068,64,,post-hoc association only; no online feedback
PG_RETAIN,SEALED_REVIEW,memory_size,4068,3.967551622418879,,post-hoc association only; no online feedback
PG_RETAIN,SEALED_REVIEW,policy_KL,4068,0.007571761967978764,,post-hoc association only; no online feedback
PG_RETAIN,SEALED_REVIEW,policy_gradient_norm,4068,0.020526372705719012,,post-hoc association only; no online feedback
PG_RETAIN,SEALED_REVIEW,policy_loss,4068,0.00012512745859029676,,post-hoc association only; no online feedback
PG_RETAIN,SEALED_REVIEW,proposal_spread,4068,0.23953808849217734,,post-hoc association only; no online feedback
PG_RETAIN,SEALED_REVIEW,proposal_updates,4068,4,,post-hoc association only; no online feedback
PG_RETAIN,SEALED_REVIEW,prototype_bank_sizes.0,4068,0,,post-hoc association only; no online feedback
PG_RETAIN,SEALED_REVIEW,prototype_bank_sizes.1,4068,0,,post-hoc association only; no online feedback
PG_RETAIN,SEALED_REVIEW,prototype_bank_sizes.2,4068,0,,post-hoc association only; no online feedback
PG_RETAIN,SEALED_REVIEW,prototype_evictions,4068,0,,post-hoc association only; no online feedback
PG_RETAIN,SEALED_REVIEW,prototype_writes,4068,0,,post-hoc association only; no online feedback
PG_RETAIN,SEALED_REVIEW,pseudo_loss,4068,0.055704979268575754,,post-hoc association only; no online feedback
PG_RETAIN,SEALED_REVIEW,pseudo_target_change,4068,0.0,,post-hoc association only; no online feedback
PG_RETAIN,SEALED_REVIEW,reference_forwards,4068,1,,post-hoc association only; no online feedback
PG_RETAIN,SEALED_REVIEW,replay_updates,4068,0,,post-hoc association only; no online feedback
PG_RETAIN,SEALED_REVIEW,reward_probe_forwards,4068,8,,post-hoc association only; no online feedback
PG_RETAIN,SEALED_REVIEW,reward_scale,4068,0.001984747291725484,,post-hoc association only; no online feedback
PG_RETAIN,SEALED_REVIEW,reward_std,4068,1.1587833613233342e-05,,post-hoc association only; no online feedback
PG_RETAIN,SEALED_REVIEW,rewards.0,4068,-0.008890131780490758,,post-hoc association only; no online feedback
PG_RETAIN,SEALED_REVIEW,rewards.1,4068,-0.008887507429671569,,post-hoc association only; no online feedback
PG_RETAIN,SEALED_REVIEW,rewards.2,4068,-0.008885105598136427,,post-hoc association only; no online feedback
PG_RETAIN,SEALED_REVIEW,rewards.3,4068,-0.008883275799209507,,post-hoc association only; no online feedback
PG_RETAIN,SEALED_REVIEW,selected,4068,1.4795968534906587,,post-hoc association only; no online feedback
PG_RETAIN,SEALED_REVIEW,strong_context_distance,4068,0.17450071388517663,,post-hoc association only; no online feedback
PG_RETAIN,SEALED_REVIEW,strong_used_context_distance,4068,0.0,,post-hoc association only; no online feedback
PG_RETAIN,SEALED_REVIEW,target_entropy,4068,0.033296635462797174,,post-hoc association only; no online feedback
PG_RETAIN,CONTEXT,BN_gradient_norm,1536,0.26560057470487664,,post-hoc association only; no online feedback
PG_RETAIN,CONTEXT,BN_lr,1536,0.0001,,post-hoc association only; no online feedback
PG_RETAIN,CONTEXT,BN_update_norm,1536,0.003017652151053577,,post-hoc association only; no online feedback
PG_RETAIN,CONTEXT,adapter.gate_max,1536,1.4373443101067096,,post-hoc association only; no online feedback
PG_RETAIN,CONTEXT,adapter.gate_min,1536,1.3485256705898792,,post-hoc association only; no online feedback
PG_RETAIN,CONTEXT,adapter.relative_rms,1536,0.05048235364819694,,post-hoc association only; no online feedback
PG_RETAIN,CONTEXT,adapter.saturation,1536,0.09662006779884298,,post-hoc association only; no online feedback
PG_RETAIN,CONTEXT,adapter_U_gradient,1536,0.0008756011915345141,,post-hoc association only; no online feedback
PG_RETAIN,CONTEXT,adapter_V_gradient,1536,0.0025458988079255875,,post-hoc association only; no online feedback
PG_RETAIN,CONTEXT,adapter_trainable_parameters,1536,2824,,post-hoc association only; no online feedback
PG_RETAIN,CONTEXT,advantage_std,1536,0.005896812348988377,,post-hoc association only; no online feedback
PG_RETAIN,CONTEXT,candidate_mask_disagreement,1536,6.318868448336919e-06,,post-hoc association only; no online feedback
PG_RETAIN,CONTEXT,committed_updates,1536,1,,post-hoc association only; no online feedback
PG_RETAIN,CONTEXT,context_views,1536,8,,post-hoc association only; no online feedback
PG_RETAIN,CONTEXT,is_contextual_bandit,1536,1,,post-hoc association only; no online feedback
PG_RETAIN,CONTEXT,memory_max_lag,1536,64,,post-hoc association only; no online feedback
PG_RETAIN,CONTEXT,memory_size,1536,3.859375,,post-hoc association only; no online feedback
PG_RETAIN,CONTEXT,policy_KL,1536,0.01702430044921736,,post-hoc association only; no online feedback
PG_RETAIN,CONTEXT,policy_gradient_norm,1536,0.0559869551625376,,post-hoc association only; no online feedback
PG_RETAIN,CONTEXT,policy_loss,1536,-0.000917803133536251,,post-hoc association only; no online feedback
PG_RETAIN,CONTEXT,proposal_spread,1536,0.23824199661127446,,post-hoc association only; no online feedback
PG_RETAIN,CONTEXT,proposal_updates,1536,4,,post-hoc association only; no online feedback
PG_RETAIN,CONTEXT,prototype_bank_sizes.0,1536,0,,post-hoc association only; no online feedback
PG_RETAIN,CONTEXT,prototype_bank_sizes.1,1536,0,,post-hoc association only; no online feedback
PG_RETAIN,CONTEXT,prototype_bank_sizes.2,1536,0,,post-hoc association only; no online feedback
PG_RETAIN,CONTEXT,prototype_evictions,1536,0,,post-hoc association only; no online feedback
PG_RETAIN,CONTEXT,prototype_writes,1536,0,,post-hoc association only; no online feedback
PG_RETAIN,CONTEXT,pseudo_loss,1536,0.05420662092365092,,post-hoc association only; no online feedback
PG_RETAIN,CONTEXT,pseudo_target_change,1536,0.0,,post-hoc association only; no online feedback
PG_RETAIN,CONTEXT,reference_forwards,1536,1,,post-hoc association only; no online feedback
PG_RETAIN,CONTEXT,replay_updates,1536,0,,post-hoc association only; no online feedback
PG_RETAIN,CONTEXT,reward_probe_forwards,1536,7.9921875,,post-hoc association only; no online feedback
PG_RETAIN,CONTEXT,reward_scale,1536,0.005399460677003096,,post-hoc association only; no online feedback
PG_RETAIN,CONTEXT,reward_std,1536,4.5279652533107184e-05,,post-hoc association only; no online feedback
PG_RETAIN,CONTEXT,rewards.0,1536,-0.009806973383557802,,post-hoc association only; no online feedback
PG_RETAIN,CONTEXT,rewards.1,1536,-0.00981786825536786,,post-hoc association only; no online feedback
PG_RETAIN,CONTEXT,rewards.2,1536,-0.009790794307679172,,post-hoc association only; no online feedback
PG_RETAIN,CONTEXT,rewards.3,1536,-0.009818044762718355,,post-hoc association only; no online feedback
PG_RETAIN,CONTEXT,selected,1536,1.4674479166666667,,post-hoc association only; no online feedback
PG_RETAIN,CONTEXT,strong_context_distance,1536,0.17382450307938294,,post-hoc association only; no online feedback
PG_RETAIN,CONTEXT,strong_used_context_distance,1536,0.0,,post-hoc association only; no online feedback
PG_RETAIN,CONTEXT,target_entropy,1536,0.03213809394340691,,post-hoc association only; no online feedback
PG_COV,SEARCH,BN_gradient_norm,6102,0.28397254407056643,,post-hoc association only; no online feedback
PG_COV,SEARCH,BN_lr,6102,0.0001,,post-hoc association only; no online feedback
PG_COV,SEARCH,BN_update_norm,6102,0.0030040814793131903,,post-hoc association only; no online feedback
PG_COV,SEARCH,adapter.gate_max,6102,1.47071530130487,,post-hoc association only; no online feedback
PG_COV,SEARCH,adapter.gate_min,6102,1.415953516588958,,post-hoc association only; no online feedback
PG_COV,SEARCH,adapter.relative_rms,6102,0.05535609960972811,,post-hoc association only; no online feedback
PG_COV,SEARCH,adapter.saturation,6102,0.09454407042575562,,post-hoc association only; no online feedback
PG_COV,SEARCH,adapter_U_gradient,6102,0.000868863248289765,,post-hoc association only; no online feedback
PG_COV,SEARCH,adapter_V_gradient,6102,0.0027094661656499775,,post-hoc association only; no online feedback
PG_COV,SEARCH,adapter_trainable_parameters,6102,2824,,post-hoc association only; no online feedback
PG_COV,SEARCH,advantage_std,6102,0.002712197956565775,,post-hoc association only; no online feedback
PG_COV,SEARCH,candidate_mask_disagreement,6102,3.1427335285898196e-06,,post-hoc association only; no online feedback
PG_COV,SEARCH,committed_updates,6102,1,,post-hoc association only; no online feedback
PG_COV,SEARCH,context_views,6102,8,,post-hoc association only; no online feedback
PG_COV,SEARCH,is_contextual_bandit,6102,1,,post-hoc association only; no online feedback
PG_COV,SEARCH,memory_max_lag,6102,64,,post-hoc association only; no online feedback
PG_COV,SEARCH,memory_size,6102,3.9626352015732547,,post-hoc association only; no online feedback
PG_COV,SEARCH,policy_KL,6102,0.010051825835016352,,post-hoc association only; no online feedback
PG_COV,SEARCH,policy_gradient_norm,6102,0.033147278153949244,,post-hoc association only; no online feedback
PG_COV,SEARCH,policy_loss,6102,0.00023849924465521187,,post-hoc association only; no online feedback
PG_COV,SEARCH,proposal_spread,6102,0.24086152481221051,,post-hoc association only; no online feedback
PG_COV,SEARCH,proposal_updates,6102,4,,post-hoc association only; no online feedback
PG_COV,SEARCH,prototype_bank_sizes.0,6102,0,,post-hoc association only; no online feedback
PG_COV,SEARCH,prototype_bank_sizes.1,6102,0,,post-hoc association only; no online feedback
PG_COV,SEARCH,prototype_bank_sizes.2,6102,0,,post-hoc association only; no online feedback
PG_COV,SEARCH,prototype_evictions,6102,0,,post-hoc association only; no online feedback
PG_COV,SEARCH,prototype_writes,6102,0,,post-hoc association only; no online feedback
PG_COV,SEARCH,pseudo_loss,6102,0.05904309254570677,,post-hoc association only; no online feedback
PG_COV,SEARCH,pseudo_target_change,6102,0.0,,post-hoc association only; no online feedback
PG_COV,SEARCH,reference_forwards,6102,1,,post-hoc association only; no online feedback
PG_COV,SEARCH,replay_updates,6102,0,,post-hoc association only; no online feedback
PG_COV,SEARCH,reward_probe_forwards,6102,7.99803343166175,,post-hoc association only; no online feedback
PG_COV,SEARCH,reward_scale,6102,0.002219539925545065,,post-hoc association only; no online feedback
PG_COV,SEARCH,reward_std,6102,2.1588064789475347e-05,,post-hoc association only; no online feedback
PG_COV,SEARCH,rewards.0,6102,-0.009256286593214601,,post-hoc association only; no online feedback
PG_COV,SEARCH,rewards.1,6102,-0.009258985739953113,,post-hoc association only; no online feedback
PG_COV,SEARCH,rewards.2,6102,-0.009256071066161766,,post-hoc association only; no online feedback
PG_COV,SEARCH,rewards.3,6102,-0.009261710740643369,,post-hoc association only; no online feedback
PG_COV,SEARCH,selected,6102,1.49328089151098,,post-hoc association only; no online feedback
PG_COV,SEARCH,strong_context_distance,6102,0.1742449379171987,,post-hoc association only; no online feedback
PG_COV,SEARCH,strong_used_context_distance,6102,0.0,,post-hoc association only; no online feedback
PG_COV,SEARCH,target_entropy,6102,0.034309765671678094,,post-hoc association only; no online feedback
PG_COV,SEALED_REVIEW,BN_gradient_norm,4068,0.2613322268903618,,post-hoc association only; no online feedback
PG_COV,SEALED_REVIEW,BN_lr,4068,0.0001,,post-hoc association only; no online feedback
PG_COV,SEALED_REVIEW,BN_update_norm,4068,0.0029267478967657827,,post-hoc association only; no online feedback
PG_COV,SEALED_REVIEW,adapter.gate_max,4068,1.475572204578122,,post-hoc association only; no online feedback
PG_COV,SEALED_REVIEW,adapter.gate_min,4068,1.426946695897666,,post-hoc association only; no online feedback
PG_COV,SEALED_REVIEW,adapter.relative_rms,4068,0.0552166949586707,,post-hoc association only; no online feedback
PG_COV,SEALED_REVIEW,adapter.saturation,4068,0.09353972975834984,,post-hoc association only; no online feedback
PG_COV,SEALED_REVIEW,adapter_U_gradient,4068,0.0008596719570836564,,post-hoc association only; no online feedback
PG_COV,SEALED_REVIEW,adapter_V_gradient,4068,0.0026327804157213618,,post-hoc association only; no online feedback
PG_COV,SEALED_REVIEW,adapter_trainable_parameters,4068,2824,,post-hoc association only; no online feedback
PG_COV,SEALED_REVIEW,advantage_std,4068,0.0018775303935272458,,post-hoc association only; no online feedback
PG_COV,SEALED_REVIEW,candidate_mask_disagreement,4068,2.7634401237015174e-06,,post-hoc association only; no online feedback
PG_COV,SEALED_REVIEW,committed_updates,4068,1,,post-hoc association only; no online feedback
PG_COV,SEALED_REVIEW,context_views,4068,8,,post-hoc association only; no online feedback
PG_COV,SEALED_REVIEW,is_contextual_bandit,4068,1,,post-hoc association only; no online feedback
PG_COV,SEALED_REVIEW,memory_max_lag,4068,64,,post-hoc association only; no online feedback
PG_COV,SEALED_REVIEW,memory_size,4068,3.967551622418879,,post-hoc association only; no online feedback
PG_COV,SEALED_REVIEW,policy_KL,4068,0.00952016009107569,,post-hoc association only; no online feedback
PG_COV,SEALED_REVIEW,policy_gradient_norm,4068,0.02652214355743307,,post-hoc association only; no online feedback
PG_COV,SEALED_REVIEW,policy_loss,4068,-0.00016560571668810585,,post-hoc association only; no online feedback
PG_COV,SEALED_REVIEW,proposal_spread,4068,0.23984270734802227,,post-hoc association only; no online feedback
PG_COV,SEALED_REVIEW,proposal_updates,4068,4,,post-hoc association only; no online feedback
PG_COV,SEALED_REVIEW,prototype_bank_sizes.0,4068,0,,post-hoc association only; no online feedback
PG_COV,SEALED_REVIEW,prototype_bank_sizes.1,4068,0,,post-hoc association only; no online feedback
PG_COV,SEALED_REVIEW,prototype_bank_sizes.2,4068,0,,post-hoc association only; no online feedback
PG_COV,SEALED_REVIEW,prototype_evictions,4068,0,,post-hoc association only; no online feedback
PG_COV,SEALED_REVIEW,prototype_writes,4068,0,,post-hoc association only; no online feedback
PG_COV,SEALED_REVIEW,pseudo_loss,4068,0.05569906783818598,,post-hoc association only; no online feedback
PG_COV,SEALED_REVIEW,pseudo_target_change,4068,0.0,,post-hoc association only; no online feedback
PG_COV,SEALED_REVIEW,reference_forwards,4068,1,,post-hoc association only; no online feedback
PG_COV,SEALED_REVIEW,replay_updates,4068,0,,post-hoc association only; no online feedback
PG_COV,SEALED_REVIEW,reward_probe_forwards,4068,8,,post-hoc association only; no online feedback
PG_COV,SEALED_REVIEW,reward_scale,4068,0.001985180262895115,,post-hoc association only; no online feedback
PG_COV,SEALED_REVIEW,reward_std,4068,1.4373762873803465e-05,,post-hoc association only; no online feedback
PG_COV,SEALED_REVIEW,rewards.0,4068,-0.008894656673442988,,post-hoc association only; no online feedback
PG_COV,SEALED_REVIEW,rewards.1,4068,-0.008902647679387263,,post-hoc association only; no online feedback
PG_COV,SEALED_REVIEW,rewards.2,4068,-0.008896999198455009,,post-hoc association only; no online feedback
PG_COV,SEALED_REVIEW,rewards.3,4068,-0.008892072724822318,,post-hoc association only; no online feedback
PG_COV,SEALED_REVIEW,selected,4068,1.480825958702065,,post-hoc association only; no online feedback
PG_COV,SEALED_REVIEW,strong_context_distance,4068,0.17450071388517663,,post-hoc association only; no online feedback
PG_COV,SEALED_REVIEW,strong_used_context_distance,4068,0.0,,post-hoc association only; no online feedback
PG_COV,SEALED_REVIEW,target_entropy,4068,0.03329151192764251,,post-hoc association only; no online feedback
PG_COV,CONTEXT,BN_gradient_norm,1536,0.2656395668357921,,post-hoc association only; no online feedback
PG_COV,CONTEXT,BN_lr,1536,0.0001,,post-hoc association only; no online feedback
PG_COV,CONTEXT,BN_update_norm,1536,0.003017360803369229,,post-hoc association only; no online feedback
PG_COV,CONTEXT,adapter.gate_max,1536,1.4377998548249404,,post-hoc association only; no online feedback
PG_COV,CONTEXT,adapter.gate_min,1536,1.3489811173640192,,post-hoc association only; no online feedback
PG_COV,CONTEXT,adapter.relative_rms,1536,0.050531278547540616,,post-hoc association only; no online feedback
PG_COV,CONTEXT,adapter.saturation,1536,0.09670116395379107,,post-hoc association only; no online feedback
PG_COV,CONTEXT,adapter_U_gradient,1536,0.000878813982813161,,post-hoc association only; no online feedback
PG_COV,CONTEXT,adapter_V_gradient,1536,0.0025450801946197052,,post-hoc association only; no online feedback
PG_COV,CONTEXT,adapter_trainable_parameters,1536,2824,,post-hoc association only; no online feedback
PG_COV,CONTEXT,advantage_std,1536,0.00567388488794444,,post-hoc association only; no online feedback
PG_COV,CONTEXT,candidate_mask_disagreement,1536,6.254840021332105e-06,,post-hoc association only; no online feedback
PG_COV,CONTEXT,committed_updates,1536,1,,post-hoc association only; no online feedback
PG_COV,CONTEXT,context_views,1536,8,,post-hoc association only; no online feedback
PG_COV,CONTEXT,is_contextual_bandit,1536,1,,post-hoc association only; no online feedback
PG_COV,CONTEXT,memory_max_lag,1536,64,,post-hoc association only; no online feedback
PG_COV,CONTEXT,memory_size,1536,3.859375,,post-hoc association only; no online feedback
PG_COV,CONTEXT,policy_KL,1536,0.016283729967350762,,post-hoc association only; no online feedback
PG_COV,CONTEXT,policy_gradient_norm,1536,0.045895418606835804,,post-hoc association only; no online feedback
PG_COV,CONTEXT,policy_loss,1536,6.213000932318395e-05,,post-hoc association only; no online feedback
PG_COV,CONTEXT,proposal_spread,1536,0.2388771068896555,,post-hoc association only; no online feedback
PG_COV,CONTEXT,proposal_updates,1536,4,,post-hoc association only; no online feedback
PG_COV,CONTEXT,prototype_bank_sizes.0,1536,0,,post-hoc association only; no online feedback
PG_COV,CONTEXT,prototype_bank_sizes.1,1536,0,,post-hoc association only; no online feedback
PG_COV,CONTEXT,prototype_bank_sizes.2,1536,0,,post-hoc association only; no online feedback
PG_COV,CONTEXT,prototype_evictions,1536,0,,post-hoc association only; no online feedback
PG_COV,CONTEXT,prototype_writes,1536,0,,post-hoc association only; no online feedback
PG_COV,CONTEXT,pseudo_loss,1536,0.05419990529844654,,post-hoc association only; no online feedback
PG_COV,CONTEXT,pseudo_target_change,1536,0.0,,post-hoc association only; no online feedback
PG_COV,CONTEXT,reference_forwards,1536,1,,post-hoc association only; no online feedback
PG_COV,CONTEXT,replay_updates,1536,0,,post-hoc association only; no online feedback
PG_COV,CONTEXT,reward_probe_forwards,1536,7.9921875,,post-hoc association only; no online feedback
PG_COV,CONTEXT,reward_scale,1536,0.00540128723280955,,post-hoc association only; no online feedback
PG_COV,CONTEXT,reward_std,1536,4.5865601358983554e-05,,post-hoc association only; no online feedback
PG_COV,CONTEXT,rewards.0,1536,-0.009809694429934221,,post-hoc association only; no online feedback
PG_COV,CONTEXT,rewards.1,1536,-0.009810154604246646,,post-hoc association only; no online feedback
PG_COV,CONTEXT,rewards.2,1536,-0.009805305671484701,,post-hoc association only; no online feedback
PG_COV,CONTEXT,rewards.3,1536,-0.00981627690860861,,post-hoc association only; no online feedback
PG_COV,CONTEXT,selected,1536,1.5032552083333333,,post-hoc association only; no online feedback
PG_COV,CONTEXT,strong_context_distance,1536,0.17382450307938294,,post-hoc association only; no online feedback
PG_COV,CONTEXT,strong_used_context_distance,1536,0.0,,post-hoc association only; no online feedback
PG_COV,CONTEXT,target_entropy,1536,0.03213296392277698,,post-hoc association only; no online feedback
RN_DPO,SEARCH,BN_gradient_norm,6102,0.37256442210342466,,post-hoc association only; no online feedback
RN_DPO,SEARCH,BN_lr,6102,0.0001,,post-hoc association only; no online feedback
RN_DPO,SEARCH,BN_update_norm,6102,0.002795590959340993,,post-hoc association only; no online feedback
RN_DPO,SEARCH,adapter.gate_max,6102,1.4647428458223808,,post-hoc association only; no online feedback
RN_DPO,SEARCH,adapter.gate_min,6102,1.3806485711688177,,post-hoc association only; no online feedback
RN_DPO,SEARCH,adapter.relative_rms,6102,0.05109687080095038,,post-hoc association only; no online feedback
RN_DPO,SEARCH,adapter.saturation,6102,0.046024696821464706,,post-hoc association only; no online feedback
RN_DPO,SEARCH,adapter_U_gradient,6102,0.0013241067600204813,,post-hoc association only; no online feedback
RN_DPO,SEARCH,adapter_V_gradient,6102,0.004167730082332647,,post-hoc association only; no online feedback
RN_DPO,SEARCH,adapter_trainable_parameters,6102,2824,,post-hoc association only; no online feedback
RN_DPO,SEARCH,candidate_mask_disagreement,6102,3.0329601759208846e-06,,post-hoc association only; no online feedback
RN_DPO,SEARCH,committed_updates,6102,1,,post-hoc association only; no online feedback
RN_DPO,SEARCH,context_views,6102,8,,post-hoc association only; no online feedback
RN_DPO,SEARCH,is_contextual_bandit,6102,0,,post-hoc association only; no online feedback
RN_DPO,SEARCH,memory_max_lag,6102,64,,post-hoc association only; no online feedback
RN_DPO,SEARCH,memory_size,6102,3.9626352015732547,,post-hoc association only; no online feedback
RN_DPO,SEARCH,preference_fraction,6102,1.1089316198998535e-05,,post-hoc association only; no online feedback
RN_DPO,SEARCH,preference_loss,6102,0.5379024794241594,,post-hoc association only; no online feedback
RN_DPO,SEARCH,proposal_spread,6102,0.2411658356399057,,post-hoc association only; no online feedback
RN_DPO,SEARCH,proposal_updates,6102,4,,post-hoc association only; no online feedback
RN_DPO,SEARCH,prototype_bank_sizes.0,6102,0,,post-hoc association only; no online feedback
RN_DPO,SEARCH,prototype_bank_sizes.1,6102,0,,post-hoc association only; no online feedback
RN_DPO,SEARCH,prototype_bank_sizes.2,6102,0,,post-hoc association only; no online feedback
RN_DPO,SEARCH,prototype_evictions,6102,0,,post-hoc association only; no online feedback
RN_DPO,SEARCH,prototype_writes,6102,0,,post-hoc association only; no online feedback
RN_DPO,SEARCH,pseudo_loss,6102,0.06210467411996995,,post-hoc association only; no online feedback
RN_DPO,SEARCH,pseudo_target_change,6102,0.0,,post-hoc association only; no online feedback
RN_DPO,SEARCH,reference_forwards,6102,1,,post-hoc association only; no online feedback
RN_DPO,SEARCH,replay_updates,6102,1,,post-hoc association only; no online feedback
RN_DPO,SEARCH,reward_probe_forwards,6102,7.99803343166175,,post-hoc association only; no online feedback
RN_DPO,SEARCH,reward_scale,6102,0.05,,post-hoc association only; no online feedback
RN_DPO,SEARCH,rewards.0,6102,-0.010260354787377766,,post-hoc association only; no online feedback
RN_DPO,SEARCH,rewards.1,6102,-0.010248764491144875,,post-hoc association only; no online feedback
RN_DPO,SEARCH,rewards.2,6102,-0.01025467877590959,,post-hoc association only; no online feedback
RN_DPO,SEARCH,rewards.3,6102,-0.010254440663934558,,post-hoc association only; no online feedback
RN_DPO,SEARCH,selected,6102,1.497705670272042,,post-hoc association only; no online feedback
RN_DPO,SEARCH,strong_context_distance,6102,0.1742449379171987,,post-hoc association only; no online feedback
RN_DPO,SEARCH,strong_used_context_distance,6102,0.0,,post-hoc association only; no online feedback
RN_DPO,SEARCH,target_entropy,6102,0.03425568868187862,,post-hoc association only; no online feedback
RN_DPO,SEALED_REVIEW,BN_gradient_norm,4068,0.3483422885409894,,post-hoc association only; no online feedback
RN_DPO,SEALED_REVIEW,BN_lr,4068,0.0001,,post-hoc association only; no online feedback
RN_DPO,SEALED_REVIEW,BN_update_norm,4068,0.0027342601251150156,,post-hoc association only; no online feedback
RN_DPO,SEALED_REVIEW,adapter.gate_max,4068,1.467775390255416,,post-hoc association only; no online feedback
RN_DPO,SEALED_REVIEW,adapter.gate_min,4068,1.387278971580043,,post-hoc association only; no online feedback
RN_DPO,SEALED_REVIEW,adapter.relative_rms,4068,0.05077672991613692,,post-hoc association only; no online feedback
RN_DPO,SEALED_REVIEW,adapter.saturation,4068,0.045004356048100116,,post-hoc association only; no online feedback
RN_DPO,SEALED_REVIEW,adapter_U_gradient,4068,0.0013565463695638777,,post-hoc association only; no online feedback
RN_DPO,SEALED_REVIEW,adapter_V_gradient,4068,0.004229051880391764,,post-hoc association only; no online feedback
RN_DPO,SEALED_REVIEW,adapter_trainable_parameters,4068,2824,,post-hoc association only; no online feedback
RN_DPO,SEALED_REVIEW,candidate_mask_disagreement,4068,2.826942220667236e-06,,post-hoc association only; no online feedback
RN_DPO,SEALED_REVIEW,committed_updates,4068,1,,post-hoc association only; no online feedback
RN_DPO,SEALED_REVIEW,context_views,4068,8,,post-hoc association only; no online feedback
RN_DPO,SEALED_REVIEW,is_contextual_bandit,4068,0,,post-hoc association only; no online feedback
RN_DPO,SEALED_REVIEW,memory_max_lag,4068,64,,post-hoc association only; no online feedback
RN_DPO,SEALED_REVIEW,memory_size,4068,3.967551622418879,,post-hoc association only; no online feedback
RN_DPO,SEALED_REVIEW,preference_fraction,4068,1.0177683572384695e-05,,post-hoc association only; no online feedback
RN_DPO,SEALED_REVIEW,preference_loss,4068,0.5434019822506426,,post-hoc association only; no online feedback
RN_DPO,SEALED_REVIEW,proposal_spread,4068,0.2400578996688567,,post-hoc association only; no online feedback
RN_DPO,SEALED_REVIEW,proposal_updates,4068,4,,post-hoc association only; no online feedback
RN_DPO,SEALED_REVIEW,prototype_bank_sizes.0,4068,0,,post-hoc association only; no online feedback
RN_DPO,SEALED_REVIEW,prototype_bank_sizes.1,4068,0,,post-hoc association only; no online feedback
RN_DPO,SEALED_REVIEW,prototype_bank_sizes.2,4068,0,,post-hoc association only; no online feedback
RN_DPO,SEALED_REVIEW,prototype_evictions,4068,0,,post-hoc association only; no online feedback
RN_DPO,SEALED_REVIEW,prototype_writes,4068,0,,post-hoc association only; no online feedback
RN_DPO,SEALED_REVIEW,pseudo_loss,4068,0.05860871381621768,,post-hoc association only; no online feedback
RN_DPO,SEALED_REVIEW,pseudo_target_change,4068,0.0,,post-hoc association only; no online feedback
RN_DPO,SEALED_REVIEW,reference_forwards,4068,1,,post-hoc association only; no online feedback
RN_DPO,SEALED_REVIEW,replay_updates,4068,1,,post-hoc association only; no online feedback
RN_DPO,SEALED_REVIEW,reward_probe_forwards,4068,8,,post-hoc association only; no online feedback
RN_DPO,SEALED_REVIEW,reward_scale,4068,0.05,,post-hoc association only; no online feedback
RN_DPO,SEALED_REVIEW,rewards.0,4068,-0.010012006841787529,,post-hoc association only; no online feedback
RN_DPO,SEALED_REVIEW,rewards.1,4068,-0.009999091229778757,,post-hoc association only; no online feedback
RN_DPO,SEALED_REVIEW,rewards.2,4068,-0.010008397933692893,,post-hoc association only; no online feedback
RN_DPO,SEALED_REVIEW,rewards.3,4068,-0.010003841846694702,,post-hoc association only; no online feedback
RN_DPO,SEALED_REVIEW,selected,4068,1.5066371681415929,,post-hoc association only; no online feedback
RN_DPO,SEALED_REVIEW,strong_context_distance,4068,0.17450071388517663,,post-hoc association only; no online feedback
RN_DPO,SEALED_REVIEW,strong_used_context_distance,4068,0.0,,post-hoc association only; no online feedback
RN_DPO,SEALED_REVIEW,target_entropy,4068,0.033247685129502415,,post-hoc association only; no online feedback
RN_DPO,CONTEXT,BN_gradient_norm,1536,0.3531096861770493,,post-hoc association only; no online feedback
RN_DPO,CONTEXT,BN_lr,1536,0.0001,,post-hoc association only; no online feedback
RN_DPO,CONTEXT,BN_update_norm,1536,0.0027851010810688117,,post-hoc association only; no online feedback
RN_DPO,CONTEXT,adapter.gate_max,1536,1.4242685484932736,,post-hoc association only; no online feedback
RN_DPO,CONTEXT,adapter.gate_min,1536,1.294330170804945,,post-hoc association only; no online feedback
RN_DPO,CONTEXT,adapter.relative_rms,1536,0.04677902833808408,,post-hoc association only; no online feedback
RN_DPO,CONTEXT,adapter.saturation,1536,0.05557833860317866,,post-hoc association only; no online feedback
RN_DPO,CONTEXT,adapter_U_gradient,1536,0.001294496904859462,,post-hoc association only; no online feedback
RN_DPO,CONTEXT,adapter_V_gradient,1536,0.003651479655015777,,post-hoc association only; no online feedback
RN_DPO,CONTEXT,adapter_trainable_parameters,1536,2824,,post-hoc association only; no online feedback
RN_DPO,CONTEXT,candidate_mask_disagreement,1536,4.0192777911822e-06,,post-hoc association only; no online feedback
RN_DPO,CONTEXT,committed_updates,1536,1,,post-hoc association only; no online feedback
RN_DPO,CONTEXT,context_views,1536,8,,post-hoc association only; no online feedback
RN_DPO,CONTEXT,is_contextual_bandit,1536,0,,post-hoc association only; no online feedback
RN_DPO,CONTEXT,memory_max_lag,1536,64,,post-hoc association only; no online feedback
RN_DPO,CONTEXT,memory_size,1536,3.859375,,post-hoc association only; no online feedback
RN_DPO,CONTEXT,preference_fraction,1536,1.4058003822962442e-05,,post-hoc association only; no online feedback
RN_DPO,CONTEXT,preference_loss,1536,0.5652317324032387,,post-hoc association only; no online feedback
RN_DPO,CONTEXT,proposal_spread,1536,0.23903205192861302,,post-hoc association only; no online feedback
RN_DPO,CONTEXT,proposal_updates,1536,4,,post-hoc association only; no online feedback
RN_DPO,CONTEXT,prototype_bank_sizes.0,1536,0,,post-hoc association only; no online feedback
RN_DPO,CONTEXT,prototype_bank_sizes.1,1536,0,,post-hoc association only; no online feedback
RN_DPO,CONTEXT,prototype_bank_sizes.2,1536,0,,post-hoc association only; no online feedback
RN_DPO,CONTEXT,prototype_evictions,1536,0,,post-hoc association only; no online feedback
RN_DPO,CONTEXT,prototype_writes,1536,0,,post-hoc association only; no online feedback
RN_DPO,CONTEXT,pseudo_loss,1536,0.05641531046057935,,post-hoc association only; no online feedback
RN_DPO,CONTEXT,pseudo_target_change,1536,0.0,,post-hoc association only; no online feedback
RN_DPO,CONTEXT,reference_forwards,1536,1,,post-hoc association only; no online feedback
RN_DPO,CONTEXT,replay_updates,1536,1,,post-hoc association only; no online feedback
RN_DPO,CONTEXT,reward_probe_forwards,1536,7.9921875,,post-hoc association only; no online feedback
RN_DPO,CONTEXT,reward_scale,1536,0.05,,post-hoc association only; no online feedback
RN_DPO,CONTEXT,rewards.0,1536,-0.011052172030696387,,post-hoc association only; no online feedback
RN_DPO,CONTEXT,rewards.1,1536,-0.011057643252077311,,post-hoc association only; no online feedback
RN_DPO,CONTEXT,rewards.2,1536,-0.011038835873099782,,post-hoc association only; no online feedback
RN_DPO,CONTEXT,rewards.3,1536,-0.011053514156547603,,post-hoc association only; no online feedback
RN_DPO,CONTEXT,selected,1536,1.4739583333333333,,post-hoc association only; no online feedback
RN_DPO,CONTEXT,strong_context_distance,1536,0.17382450307938294,,post-hoc association only; no online feedback
RN_DPO,CONTEXT,strong_used_context_distance,1536,0.0,,post-hoc association only; no online feedback
RN_DPO,CONTEXT,target_entropy,1536,0.03191765838952657,,post-hoc association only; no online feedback
