order,domain,arm,channel,dice_n,dice_mean,dice_median,dice_p10,dice_p90,dice_positive,dice_zero,dice_negative,dice_minimum,dice_worst_decile_mean,dice_tail_count,assd_defined,assd_undefined,assd_conditional_n,assd_conditional_mean,assd_conditional_median,assd_conditional_p10,assd_conditional_p90,assd_conditional_positive,assd_conditional_zero,assd_conditional_negative,assd_conditional_minimum,assd_conditional_worst_decile_mean,assd_conditional_tail_count
0,REFUGE,C,OD,336,88.3771914422293,88.90097988746953,84.25939041717052,92.38079675536054,336,0,0,72.71862439650867,81.62393360464915,34,336,0,336,10.582681881661106,9.883094235764425,6.166801385093642,15.438810721266035,336,0,0,3.1185358131076875,5.059728183298451,34
0,REFUGE,C,OC,336,83.27966210909302,85.14832011830038,73.33757798214756,91.79981891020361,336,0,0,42.30769230769231,65.21931612794285,34,336,0,336,7.541661994267889,6.462994185491183,3.3419162425902043,12.297904385497556,336,0,0,2.0230735523170145,2.828421173834169,34
0,REFUGE,C,macro,336,85.82842677566116,86.63229458536267,80.74768033748754,90.61700826124589,336,0,0,63.08031779581891,76.58028792951801,34,,,,,,,,,,,,,
0,REFUGE,RP,OD,336,88.411074025397,88.92642584397382,84.29228594911564,92.38380644028666,336,0,0,72.69057231061505,81.65884873099039,34,336,0,336,10.520008673338745,9.879724655084596,6.132094993156862,15.39138684052168,336,0,0,3.118996532428402,5.05401036904067,34
0,REFUGE,RP,OC,336,83.27343977723501,85.17540032991792,73.14715622948819,91.69126485197391,336,0,0,42.184776292852995,65.1490212804016,34,336,0,336,7.556393593541137,6.445763767718562,3.3924504847818366,12.390719897702171,336,0,0,2.0333088844110843,2.8533315814543454,34
0,REFUGE,RP,macro,336,85.84225690131602,86.67415509162817,80.75584791753477,90.55046282147902,336,0,0,62.906566405112365,76.56682195738581,34,,,,,,,,,,,,,
0,REFUGE,T_LR,OD,336,88.65265225529204,89.13642811805809,84.45420145091472,92.58051844848077,336,0,0,72.16021942684195,81.82461573212765,34,336,0,336,10.278697390078671,9.562122562182967,6.047926240386487,15.200502945067395,336,0,0,3.0391648041103223,4.808976641004509,34
0,REFUGE,T_LR,OC,336,82.9826218663507,85.46998233190595,72.4112786786883,91.64103243342862,336,0,0,41.791388441169694,64.50967181574693,34,336,0,336,7.748729015215419,6.538823613727818,3.5552478438210073,12.92727191060076,336,0,0,2.0333088844110843,3.037553205540848,34
0,REFUGE,T_LR,macro,336,85.8176370608214,86.5925014886734,80.80797273456002,90.25620132619784,336,0,0,61.56370937700382,76.39315223091457,34,,,,,,,,,,,,,
0,REFUGE,T_ISO,OD,336,89.50761758883358,90.10125594714167,84.98931926757885,93.22843303909008,336,0,0,72.41188920585259,82.6099783367787,34,336,0,336,9.420653086226293,8.608681856225818,5.5541420889961755,14.292685131796066,336,0,0,2.8332622554684956,4.510091684441924,34
0,REFUGE,T_ISO,OC,336,82.30177796872213,84.60189229907657,70.4834800689658,90.90896311517122,336,0,0,40.56287692651329,63.17552389318174,34,336,0,336,8.134592984637596,6.993290308502743,4.005172042851041,13.240897209452323,336,0,0,2.0333088844110843,3.2660556674091095,34
0,REFUGE,T_ISO,macro,336,85.90469777877786,86.85679012412936,80.36188264997443,90.45007063361012,336,0,0,60.897302627617655,76.12844895572968,34,,,,,,,,,,,,,
0,REFUGE,T_DIAG,OD,336,88.67652709510608,89.15834331502258,84.45310694883153,92.63302944909057,336,0,0,72.14038743901861,81.86793402723966,34,336,0,336,10.257291774132606,9.495421158095606,6.004264446821819,15.195685857348145,336,0,0,2.957356901243337,4.810789642147493,34
0,REFUGE,T_DIAG,OC,336,82.70936596592558,84.88941074604935,71.48087721848708,91.2713229401966,336,0,0,41.47065540077644,64.02377889418887,34,336,0,336,7.9046275004053665,6.717034686982762,3.7008166639557825,13.041236479806248,336,0,0,2.0333088844110843,3.1376476636432282,34
0,REFUGE,T_DIAG,macro,336,85.69294653051585,86.54933760377142,80.3972116563211,90.24865527986766,336,0,0,61.22604263773446,76.25297746958016,34,,,,,,,,,,,,,
0,REFUGE,U_PCA,OD,336,88.29565618352602,88.75120230010737,84.04512129398948,92.35927377324049,336,0,0,72.79098038280934,81.52550184237124,34,336,0,336,10.676892732338302,9.928720475199645,6.217324299202207,15.560825228726184,336,0,0,3.111865651750326,5.1234043449916635,34
0,REFUGE,U_PCA,OC,336,83.28013604013152,84.93207922064049,73.17066516615978,91.72958992345534,336,0,0,42.40654205607476,65.27421449190017,34,336,0,336,7.527274843326815,6.395518360030472,3.2897177792065997,12.187366101405413,336,0,0,2.0333088844110843,2.7950368887792063,34
0,REFUGE,U_PCA,macro,336,85.78789611182877,86.62231135123847,80.66860142076962,90.53901946631126,336,0,0,63.25421705013152,76.56641371980166,34,,,,,,,,,,,,,
0,REFUGE,U_RAND,OD,336,88.30821057923329,88.79864221867263,84.1036619619571,92.36179192021484,336,0,0,72.78880758872178,81.54584935072285,34,336,0,336,10.658230801422409,9.91034697475718,6.203739820381617,15.52931418097954,336,0,0,3.113261427069283,5.106973635863583,34
0,REFUGE,U_RAND,OC,336,83.28493383435006,84.98853760280642,73.29836165634333,91.77569017471068,336,0,0,42.35705950991832,65.25764073443162,34,336,0,336,7.532154382658573,6.46705507200538,3.3070991760990975,12.314413148565338,336,0,0,2.0333088844110843,2.808195110308916,34
0,REFUGE,U_RAND,macro,336,85.79657220679167,86.59845413270475,80.7230223787062,90.57100059686103,336,0,0,63.24607276532672,76.56573597568416,34,,,,,,,,,,,,,
0,REFUGE,U_SCALE,OD,336,88.36878571331656,88.89220793700267,84.24122305536426,92.38109715942808,336,0,0,72.72770522609957,81.61362308001766,34,336,0,336,10.596798256434097,9.888157834754855,6.1779395672196245,15.443361222572218,336,0,0,3.114972330894259,5.064489703306826,34
0,REFUGE,U_SCALE,OC,336,83.27812084088018,85.12963124270595,73.36106397051431,91.76936832093571,336,0,0,42.31262384893344,65.2197556826689,34,336,0,336,7.5423061149624875,6.4679268960222505,3.3408250565885016,12.299762270136455,336,0,0,2.024567008721935,2.8258957158564364,34
0,REFUGE,U_SCALE,macro,336,85.82345327709838,86.6350583995106,80.74581631212936,90.60873323402001,336,0,0,63.08553450714547,76.57771382525353,34,,,,,,,,,,,,,
0,REFUGE,S_JOINT,OD,336,87.73144844430273,88.11534645740481,83.37770900314172,91.85092787781066,336,0,0,71.84564487696505,80.71518964079607,34,336,0,336,11.809454096352676,10.592724017469912,6.490772785567797,17.240961931454756,336,0,0,3.0828345911143136,5.412643506444243,34
0,REFUGE,S_JOINT,OC,336,83.15009228554796,84.83911146069376,72.67037493367003,91.79609447532061,336,0,0,42.892591279688055,65.1856097071119,34,336,0,336,7.589705459904859,6.565803473783535,3.461094328261499,12.117135305717547,336,0,0,2.0333088844110843,2.780663602790282,34
0,REFUGE,S_JOINT,macro,336,85.44077036492534,86.05656620120286,80.01199850463786,90.07546019184504,336,0,0,62.28079216243623,76.29038199168919,34,,,,,,,,,,,,,
0,REFUGE,S_SHARED,OD,336,88.3929246547267,88.90979888649227,84.27497114789332,92.37966415773275,336,0,0,72.69918969655205,81.64061952778326,34,336,0,336,10.541494625498903,9.88060502041585,6.145585917452853,15.398109436080873,336,0,0,3.118996532428402,5.062366097571378,34
0,REFUGE,S_SHARED,OC,336,83.27449161443842,85.17589350420715,73.11036804399899,91.68337562125126,336,0,0,42.19948849104859,65.14808728203506,34,336,0,336,7.556852129106985,6.463372033508589,3.412140980535228,12.398355556382562,336,0,0,2.0333088844110843,2.8559067244352936,34
0,REFUGE,S_SHARED,macro,336,85.83370813458257,86.64044579073077,80.74395410642543,90.52767049749949,336,0,0,62.89533309676442,76.56356190037577,34,,,,,,,,,,,,,
0,REFUGE,S_NOPCA,OD,336,87.71483203228713,88.09349451505412,83.36820654707515,91.87846488534338,336,0,0,71.85460872927642,80.68305078995716,34,336,0,336,11.844735357858388,10.616396982581268,6.498588161486213,17.263220468309143,336,0,0,3.0913406815191955,5.419043316709037,34
0,REFUGE,S_NOPCA,OC,336,83.12946407324901,84.70243605697044,72.69378649345016,91.73551308366427,336,0,0,42.92809839167455,65.20173227777464,34,336,0,336,7.595264032980018,6.569135353379161,3.4733512363893233,12.133811579928693,336,0,0,2.0333088844110843,2.780017107462383,34
0,REFUGE,S_NOPCA,macro,336,85.42214805276808,86.01397136341235,79.94454574268465,90.04768417034512,336,0,0,62.39847732686486,76.2788196797742,34,,,,,,,,,,,,,
0,REFUGE,M_TRANSPORT,OD,336,88.413590849307,88.92778149783747,84.29592984871465,92.38394816087421,336,0,0,72.69489231353738,81.66217325347813,34,336,0,336,10.516113335372703,9.876819673239321,6.130669747643026,15.363829310802071,336,0,0,3.118996532428402,5.051085161481838,34
0,REFUGE,M_TRANSPORT,OC,336,83.26946595772101,85.18031112459857,73.05261523965655,91.6685523363912,336,0,0,42.17007434944237,65.13773261723765,34,336,0,336,7.559950872017274,6.456467759845207,3.408407358767386,12.389019482391001,336,0,0,2.0333088844110843,2.8620103432280826,34
0,REFUGE,M_TRANSPORT,macro,336,85.841528403514,86.66002462071722,80.74697053938124,90.53221390726597,336,0,0,62.880246624650546,76.56372316680873,34,,,,,,,,,,,,,
0,REFUGE,M_IDPOST,OD,336,88.41300389902703,88.92642584397382,84.29680208681415,92.38580641337356,336,0,0,72.68754898002803,81.65995740219103,34,336,0,336,10.516133830498958,9.880191184610485,6.134578534326771,15.385915694293063,336,0,0,3.118996532428402,5.050976478391442,34
0,REFUGE,M_IDPOST,OC,336,83.272873378799,85.18350420672498,73.12497072430457,91.68094026623406,336,0,0,42.17987450615849,65.1456603914177,34,336,0,336,7.557732277849223,6.444665740764041,3.4015252220680425,12.37491037201363,336,0,0,2.0333088844110843,2.8549008730239835,34
0,REFUGE,M_IDPOST,macro,336,85.84293863891303,86.67319465533042,80.7569676929883,90.54078322984023,336,0,0,62.89987205098962,76.56551846574534,34,,,,,,,,,,,,,
0,REFUGE,M_SHUFFLE,OD,336,88.77840449241242,89.25500708842145,84.63866366247997,92.6078726131658,336,0,0,72.71576578688294,82.01705527593951,34,336,0,336,10.159845389477512,9.51762208215808,6.008431436290885,14.979945045221626,336,0,0,3.1177494787410605,4.898419079362638,34
0,REFUGE,M_SHUFFLE,OC,336,83.12619908223718,85.18998999496159,72.63801755791344,91.59201596274309,336,0,0,41.97987741413207,64.80571722724271,34,336,0,336,7.658733818699395,6.4671922198503475,3.5027579127933524,12.450092161598388,336,0,0,2.0333088844110843,2.967467466918958,34
0,REFUGE,M_SHUFFLE,macro,336,85.9523017873248,86.75250278045952,80.9235908729062,90.46753527736979,336,0,0,62.44566372574785,76.5160454935637,34,,,,,,,,,,,,,
0,REFUGE,G_PCA,OD,336,88.5920140095585,89.04332881844982,84.54410483446239,92.43797692380645,336,0,0,72.7405833038139,81.8414065607169,34,336,0,336,10.367308840941941,9.691167681565382,6.065947541576664,15.082802132458816,336,0,0,3.118918686898848,4.964792836893891,34
0,REFUGE,G_PCA,OC,336,83.25454358031088,85.03991960482027,73.2696500978102,91.78027607254847,336,0,0,42.31262384893344,65.2119139667425,34,336,0,336,7.556193523296682,6.4873797655872245,3.351595227605868,12.350825772687791,336,0,0,2.027412414295657,2.846498505289262,34
0,REFUGE,G_PCA,macro,336,85.92327879493467,86.67945555075845,80.83846541459931,90.64372532758432,336,0,0,63.033040207103355,76.61922609257955,34,,,,,,,,,,,,,
0,REFUGE,G_ISO,OD,336,88.52197402450695,89.0005899242708,84.43855134109926,92.41575938860768,336,0,0,72.74405832780987,81.76891907633724,34,336,0,336,10.435051744757144,9.747964322888704,6.10214063636468,15.165350579572076,336,0,0,3.118918686898848,4.996216233098089,34
0,REFUGE,G_ISO,OC,336,83.25988211631396,85.08418343432093,73.29253269821572,91.78751385518214,336,0,0,42.30769230769231,65.21458041061311,34,336,0,336,7.5531264671216505,6.485473847524833,3.3523814429774657,12.347933714525933,336,0,0,2.0270649882615674,2.841465071636572,34
0,REFUGE,G_ISO,macro,336,85.89092807041045,86.6685607444681,80.80914106267696,90.62341671905855,336,0,0,63.055687628761326,76.60763955238652,34,,,,,,,,,,,,,
0,REFUGE,G_ORDER,OD,336,88.37810480502642,88.90289429750328,84.26212666243654,92.38079675536054,336,0,0,72.71992199576684,81.62387987312957,34,336,0,336,10.581765734679053,9.882511231281743,6.165994282591624,15.438810721266035,336,0,0,3.1185358131076875,5.056511430308147,34
0,REFUGE,G_ORDER,OC,336,83.27986150405638,85.14706262739281,73.33757798214756,91.79981891020361,336,0,0,42.30769230769231,65.21963339827504,34,336,0,336,7.5414694145008685,6.462994185491183,3.3419162425902043,12.297904385497556,336,0,0,2.0240239774772433,2.828872736266186,34
0,REFUGE,G_ORDER,macro,336,85.8289831545414,86.63323291813302,80.74718553393907,90.61918473959824,336,0,0,63.08359093306315,76.58103240926461,34,,,,,,,,,,,,,
0,ORIGA,C,OD,586,88.25708328613436,89.73026418201104,79.69650856693038,95.01366532732887,586,0,0,52.8567920139842,74.20943405620906,59,586,0,586,12.576814557643239,10.630283300143812,4.888126358974445,22.995475707095807,586,0,0,2.022930418578279,3.9691205348952066,59
0,ORIGA,C,OC,586,72.46894910986828,74.8387401535428,56.313837031362084,86.14549464345245,586,0,0,11.884984025559106,45.85639817349142,59,586,0,586,16.868975751639812,15.048667141670931,7.254432500524739,28.993385107120247,586,0,0,2.6643012223316447,5.735663012550563,59
0,ORIGA,C,macro,586,80.3630161980013,82.01962062052839,67.94263177913882,89.69882675194833,586,0,0,34.03396670482282,61.26735764836651,59,,,,,,,,,,,,,
0,ORIGA,RP,OD,586,88.22463524909729,89.69229938525477,79.82429627075055,94.94205851598772,586,0,0,52.95051677348577,74.27100875770445,59,586,0,586,12.602972044180449,10.723353775211194,4.980002974317381,22.92127071112514,586,0,0,2.0167028950910457,4.010199563126069,59
0,ORIGA,RP,OC,586,72.93762762981366,75.2597418927198,56.78494547279628,86.40677202342411,586,0,0,12.125395455852747,46.37798841306897,59,586,0,586,16.622197046755716,14.968057524113252,7.233875245455675,28.51422613003785,586,0,0,2.6452781784628123,5.66498648056847,59
0,ORIGA,RP,macro,586,80.58113143945548,82.26507909560321,68.3583116896253,89.81275509541722,586,0,0,34.267562650596695,61.5353665002465,59,,,,,,,,,,,,,
0,ORIGA,T_LR,OD,586,89.13881033541843,90.66420662509222,80.66514685638552,95.67319803853434,586,0,0,53.23126790727288,74.87610733495302,59,586,0,586,11.808720654038968,9.971374675564823,4.460829668438889,21.819291141485316,586,0,0,2.1095433603077494,3.728195346223883,59
0,ORIGA,T_LR,OC,586,73.70967797693098,75.81525874760723,57.2771228468978,87.43448275911993,586,0,0,11.684307882026514,46.823353276438915,59,586,0,586,16.737177704484083,15.452252581314895,8.1181178500266,27.964130243536403,586,0,0,2.7673161267965005,6.09936488574642,59
0,ORIGA,T_LR,macro,586,81.42424415617471,83.33539787473637,69.41191954329884,90.72167783410904,586,0,0,35.84789828794159,62.27080711349802,59,,,,,,,,,,,,,
0,ORIGA,T_ISO,OD,586,88.84087132387174,90.31972635158564,80.25096174106272,95.26986738456262,586,0,0,55.18985910716052,74.8436112657523,59,586,0,586,12.056217099452683,10.41682045090944,4.8605173763888,22.028622453866113,586,0,0,1.751173259767546,3.82880961988822,59
0,ORIGA,T_ISO,OC,586,74.31636574419699,76.58173737817411,59.12841920050746,87.59537573069609,586,0,0,12.162434502216849,47.493568933537176,59,586,0,586,16.290574356158288,14.647207532393665,7.578759423679141,27.353396371150986,586,0,0,2.5826930410196285,5.864337290159208,59
0,ORIGA,T_ISO,macro,586,81.57861853403435,83.51448691671041,70.53273274867911,90.85599891180038,586,0,0,37.54076904151724,62.43082929469164,59,,,,,,,,,,,,,
0,ORIGA,T_DIAG,OD,586,88.3558659357481,89.76675418335586,78.81132377861186,95.45825218177548,586,0,0,53.22270565617727,73.31937565314936,59,586,0,586,12.618574004063149,10.727667046713345,4.841466263364579,23.13410648879517,586,0,0,2.248936756368432,3.851788682021671,59
0,ORIGA,T_DIAG,OC,586,73.30669276085824,75.64691009891146,57.0114489602952,87.96554378410362,586,0,0,10.410380205190101,45.953006658554024,59,586,0,586,17.0089479397111,15.600582634876776,8.281349164324466,27.822068284675545,586,0,0,3.2304698265807477,6.090392411575888,59
0,ORIGA,T_DIAG,macro,586,80.83127934830317,82.57329800525271,68.62758728168734,90.9574962510845,586,0,0,36.24905198709648,61.078769334936716,59,,,,,,,,,,,,,
0,ORIGA,U_PCA,OD,586,87.93679183910683,89.44564507263648,79.06818756901029,94.85418701831588,586,0,0,51.95505617977528,73.48927484416446,59,586,0,586,12.911760466686822,11.007302079627298,4.945103779890734,23.464151153710723,586,0,0,2.216169075618485,4.0422488636664475,59
0,ORIGA,U_PCA,OC,586,71.76543249749837,73.67056134821418,55.076816041876185,86.08991991550997,586,0,0,11.189801699716714,44.66183132735892,59,586,0,586,17.205957222183766,15.457981250698262,7.196156017735962,29.410728853878233,586,0,0,2.7203102693770385,5.713702885433359,59
0,ORIGA,U_PCA,macro,586,79.85111216830259,81.65710489428442,67.18349039623506,89.57003551749963,586,0,0,32.83780535629633,60.289785009381205,59,,,,,,,,,,,,,
0,ORIGA,U_RAND,OD,586,88.01170033172247,89.52373879913407,79.22485997871641,94.87724532771905,586,0,0,52.16912670017527,73.69726201881682,59,586,0,586,12.826393561463217,10.909212905144305,4.974221947553704,23.362042429934124,586,0,0,2.1845573045517774,4.036821360553033,59
0,ORIGA,U_RAND,OC,586,71.95446410111212,74.15161815041759,55.4590602546033,86.01944705019257,586,0,0,11.418481459682166,44.99797186463321,59,586,0,586,17.110784573108898,15.279860299465259,7.189975116859299,28.99506271199911,586,0,0,2.681229365166928,5.70405191685703,59
0,ORIGA,U_RAND,macro,586,79.9830822164173,81.71763504009562,67.51424868060491,89.50764631763002,586,0,0,33.107372473737094,60.56480575051938,59,,,,,,,,,,,,,
0,ORIGA,U_SCALE,OD,586,88.19927909662134,89.67278693678554,79.55396935943557,94.984361295264,586,0,0,52.66931694976509,74.06550866747988,59,586,0,586,12.641214113605924,10.6728406178422,4.9335260211613505,23.106075505691415,586,0,0,2.0326403775332444,3.9817594187890646,59
0,ORIGA,U_SCALE,OC,586,72.4183373628807,74.79318832942965,56.2687375963814,86.12461065517626,586,0,0,11.7182050685887,45.71909525478428,59,586,0,586,16.891473569850245,15.041381396905305,7.216833884799792,28.838673982479165,586,0,0,2.656717099074125,5.741686026707073,59
0,ORIGA,U_SCALE,macro,586,80.30880822975102,82.03862176219221,67.91295635088068,89.70378447722018,586,0,0,33.83269710453846,61.115283942225766,59,,,,,,,,,,,,,
0,ORIGA,S_JOINT,OD,586,85.13947752999678,87.32764875563043,73.89697657619465,93.94878110339033,586,0,0,34.90710591840644,66.44913019022624,59,586,0,586,16.09116808453971,13.662794304214593,6.113391549953117,28.872223785520877,586,0,0,2.519230710837957,4.523341562253824,59
0,ORIGA,S_JOINT,OC,586,69.17872876241489,71.65397511944468,48.755280023191666,85.34748135285409,586,0,0,0.019173617102866455,37.012491823946796,59,586,0,586,18.335724169425557,16.899782409568914,7.62193219938849,30.721629736382873,586,0,0,3.095335120894901,5.870763593435518,59
0,ORIGA,S_JOINT,macro,586,77.15910314620582,79.2161130329305,61.46560220624302,88.71960746350302,586,0,0,18.260847893741218,52.92196785411588,59,,,,,,,,,,,,,
0,ORIGA,S_SHARED,OD,586,88.206372126418,89.6617719431551,79.78708358240272,94.91687224769531,586,0,0,52.97234856689048,74.25013809002616,59,586,0,586,12.621500382786206,10.779022622611754,5.002637108772751,22.989423251206702,586,0,0,2.0258843271617297,4.017763139559174,59
0,ORIGA,S_SHARED,OC,586,73.02150726626533,75.32347268795979,56.854141627112256,86.47521205751836,586,0,0,12.120167729335401,46.45618256343952,59,586,0,586,16.572236697513574,14.912170521643173,7.286345373815747,28.5332269702661,586,0,0,2.6419659549926933,5.656384686764093,59
0,ORIGA,S_SHARED,macro,586,80.61393969634166,82.31219648191797,68.37913538412951,89.84105825136227,586,0,0,34.348089650928536,61.56583323435033,59,,,,,,,,,,,,,
0,ORIGA,S_NOPCA,OD,586,85.13419370273509,87.34268384864548,73.87923886624094,93.9724406290474,586,0,0,34.74329893613623,66.39173195638551,59,586,0,586,16.107049825371437,13.673666465370395,6.035334147651578,28.895455956160635,586,0,0,2.4839966185959557,4.513212314540656,59
0,ORIGA,S_NOPCA,OC,586,68.99359289916099,71.51325695289029,48.625212687698365,85.1325986897181,586,0,0,0.019173617102866455,36.83647339284674,59,586,0,586,18.445093694334762,16.956266325354207,7.700040964764662,30.834591190021094,586,0,0,3.153714864734892,5.883043967326241,59
0,ORIGA,S_NOPCA,macro,586,77.06389330094804,79.11921484031848,61.34870617231646,88.6884833316472,586,0,0,18.174593596539175,52.81440667285046,59,,,,,,,,,,,,,
0,ORIGA,M_TRANSPORT,OD,586,88.25162789957145,89.70075747271625,79.81591794696959,94.96598882242805,586,0,0,53.00637935513668,74.29519218336317,59,586,0,586,12.576547415253806,10.695760792971848,4.962949842964718,22.876672741626678,586,0,0,2.005136542330209,3.9972386786847576,59
0,ORIGA,M_TRANSPORT,OC,586,72.9433436593951,75.28088336055245,56.8261514714434,86.40782192071637,586,0,0,12.140722005058633,46.39395388042284,59,586,0,586,16.627255935456287,14.949065891877474,7.310835673193184,28.477155995759613,586,0,0,2.653209315964495,5.675351368241869,59
0,ORIGA,M_TRANSPORT,macro,586,80.59748577948328,82.29872881207766,68.43421756913494,89.8197376116718,586,0,0,34.33853968870337,61.55879199349836,59,,,,,,,,,,,,,
0,ORIGA,M_IDPOST,OD,586,88.22323540869134,89.68313825753089,79.82443097070399,94.9463330434505,586,0,0,52.969368016860585,74.26276788150305,59,586,0,586,12.603737296781032,10.747096272688376,4.9870315767602715,22.926370859965864,586,0,0,2.009485816362678,4.010793183941356,59
0,ORIGA,M_IDPOST,OC,586,72.95242834178626,75.27365457075605,56.790327435064384,86.40478087438295,586,0,0,12.086711517451555,46.38635870520707,59,586,0,586,16.61403073443114,14.955375629306523,7.254651229884899,28.549060654216607,586,0,0,2.6564889806582364,5.663519602082535,59
0,ORIGA,M_IDPOST,macro,586,80.5878318752388,82.28128894327767,68.34995312063802,89.81205009482628,586,0,0,34.3046684130198,61.534081791718535,59,,,,,,,,,,,,,
0,ORIGA,M_SHUFFLE,OD,586,89.10591070344168,90.72627840819408,80.8339231860592,95.4625360994066,586,0,0,54.34627969839237,75.20056330838918,59,586,0,586,11.701113744538782,9.840341570034715,4.462889720384316,21.521242299905676,586,0,0,1.6952146203438705,3.6667808046530848,59
0,ORIGA,M_SHUFFLE,OC,586,73.45560081138137,75.91995468900254,57.849341733080536,86.47306880122937,586,0,0,12.660621905768481,46.905860034118064,59,586,0,586,16.36761601390836,14.752612104745733,7.3888064354404115,28.020446879600883,586,0,0,3.120032619514878,5.741177542205712,59
0,ORIGA,M_SHUFFLE,macro,586,81.28075575741154,83.10025343152762,69.25534762951199,89.94902803255354,586,0,0,35.390910778831525,62.149181299002805,59,,,,,,,,,,,,,
0,ORIGA,G_PCA,OD,586,88.62068993055088,90.17995059371432,80.17785761851445,95.18538016447484,586,0,0,53.25530568815782,74.6061841423428,59,586,0,586,12.207307803061282,10.225126795871724,4.750245911011688,22.32987730714555,586,0,0,1.9462666131011146,3.830638143660166,59
0,ORIGA,G_PCA,OC,586,72.33936378487164,74.72186129746385,56.179106388260585,86.12476855766994,586,0,0,11.994905638531899,45.687468606150446,59,586,0,586,16.975976955528644,15.139786788980633,7.389930229328467,28.852456405853733,586,0,0,2.707930163936553,5.817761137429867,59
0,ORIGA,G_PCA,macro,586,80.48002685771127,82.19578117586039,68.11993669996264,89.60749509003003,586,0,0,34.17475212637556,61.346765011569886,59,,,,,,,,,,,,,
0,ORIGA,G_ISO,OD,586,88.53535034162647,90.05482037261444,80.04081971553201,95.25512463567128,586,0,0,53.07792020740314,74.50757510956817,59,586,0,586,12.295051916208683,10.358421281719586,4.777368207233106,22.43561630736129,586,0,0,1.9424695685961009,3.8628387073056634,59
0,ORIGA,G_ISO,OC,586,72.43660612647105,74.8229144563518,56.26285669068807,86.08823993923167,586,0,0,11.922141119221411,45.791599876907895,59,586,0,586,16.916270025252683,15.142983152168775,7.350268368602995,28.783711433993993,586,0,0,2.6961667030815795,5.793993784986253,59
0,ORIGA,G_ISO,macro,586,80.48597823404876,82.16355217695582,68.14260051682372,89.63543090618344,586,0,0,34.09127699458349,61.363324994910705,59,,,,,,,,,,,,,
0,ORIGA,G_ORDER,OD,586,88.26347334168445,89.7388607502162,79.72993222329481,95.01941291486322,586,0,0,52.861806939990174,74.22174014383096,59,586,0,586,12.570982264433283,10.624372674207473,4.888282856223766,22.90652475868052,586,0,0,2.0062471664773396,3.966113611411826,59
0,ORIGA,G_ORDER,OC,586,72.47461885730185,74.85976285947734,56.30472520067525,86.13230333480638,586,0,0,11.881533101045298,45.87159004463379,59,586,0,586,16.86744322376298,15.085595799912863,7.244152043871739,29.00328564854576,586,0,0,2.660771585937953,5.736811470630013,59
0,ORIGA,G_ORDER,macro,586,80.36904609949316,82.00943352836424,67.95266164859089,89.68160791394828,586,0,0,34.03675814851051,61.280362292570615,59,,,,,,,,,,,,,
0,REFUGE_Valid,C,OD,736,78.41050005855557,79.04655613905638,65.74333492771888,89.43476100390964,736,0,0,49.20048578079142,61.212381169527916,74,736,0,736,20.695563988632024,18.537331793181437,9.29247099337784,32.16846141387557,736,0,0,3.4534784896315274,7.367118559469641,74
0,REFUGE_Valid,C,OC,736,59.722511469446815,57.85082197097725,39.77822803536665,82.79590691972011,736,0,0,20.98677154093672,35.13608102599414,74,736,0,736,18.360357885584865,18.77964792402595,8.528591191106177,26.93903713884856,736,0,0,2.1132237137576237,5.895404659369315,74
0,REFUGE_Valid,C,macro,736,69.06650576400119,68.86420533461194,53.52144493703766,85.16096234618854,736,0,0,35.82288712986035,49.43256113625707,74,,,,,,,,,,,,,
0,REFUGE_Valid,RP,OD,736,78.05376018695198,78.66552517599393,65.43299766284939,89.22940622796,736,0,0,49.0973817759487,60.89556476992963,74,736,0,736,20.960575667737718,18.691085770095988,9.725210129743918,32.592961343280884,736,0,0,3.8417171427129486,7.664691809845159,74
0,REFUGE_Valid,RP,OC,736,58.70903823296187,56.60462021693048,38.563495183966666,81.9404106732,736,0,0,20.47325994625986,34.24074278019457,74,736,0,736,19.072219701712708,19.583742286015607,9.032776500603962,27.824155269749866,736,0,0,2.0157710179734694,6.159439069714856,74
0,REFUGE_Valid,RP,macro,736,68.38139920995692,68.09209532908866,52.87115950130476,84.52954185780487,736,0,0,35.62248673419618,48.81243985881108,74,,,,,,,,,,,,,
0,REFUGE_Valid,T_LR,OD,736,63.550580042573905,63.45440814803898,51.342593697102025,75.60755974855158,736,0,0,37.270233757727105,47.0336777942684,74,736,0,736,36.812510677759654,35.615461347220894,22.325425663161518,52.08577471394345,736,0,0,6.595023577519649,18.8941061922224,74
0,REFUGE_Valid,T_LR,OC,736,44.614731705472465,42.169997605332604,27.129669682030997,65.46408894586409,736,0,0,13.26610644257703,23.083616561112024,74,736,0,736,32.15550272284671,32.38370798905703,18.964797847314653,44.355029173955195,736,0,0,2.981796601848139,13.727755475802436,74
0,REFUGE_Valid,T_LR,macro,736,54.08265587402318,52.868179675438995,40.1121567968995,69.8086351285422,736,0,0,28.80342199074758,36.253670847512986,74,,,,,,,,,,,,,
0,REFUGE_Valid,T_ISO,OD,736,75.44269056401806,75.84219482566026,63.13405560280083,86.67563401919355,736,0,0,47.40957765077269,58.53510970171131,74,736,0,736,23.154916535115827,21.043509612322502,12.088018145862048,35.43376628530001,736,0,0,3.6411528557567094,9.471463842550989,74
0,REFUGE_Valid,T_ISO,OC,736,49.143298082263854,46.675803539059146,30.675185531483585,71.7193229654564,736,0,0,16.10555668911107,26.81162921039998,74,736,0,736,27.145883384311215,27.610007338690338,16.035766600959136,37.33777161543979,736,0,0,3.354034581729696,10.788831994875483,74
0,REFUGE_Valid,T_ISO,macro,736,62.29299432314097,61.604415934881146,47.731081641922295,78.07475783282925,736,0,0,33.35157783934029,43.98782286758445,74,,,,,,,,,,,,,
0,REFUGE_Valid,T_DIAG,OD,736,64.98036707360052,64.9424348216478,52.812343222621024,76.66924519339463,736,0,0,39.17636680508639,48.72066982025315,74,736,0,736,34.57420555532597,33.08218088932182,21.300178002099244,48.643343770974994,736,0,0,4.94282288367091,17.906222493328503,74
0,REFUGE_Valid,T_DIAG,OC,736,42.37816389171851,39.637650376637104,25.519658250588748,63.02912626172174,736,0,0,12.588379139864973,21.7639742127485,74,736,0,736,34.90584215061409,35.16954347446966,21.692061916429097,47.45920860738221,736,0,0,2.8161128295930236,15.829551101213106,74
0,REFUGE_Valid,T_DIAG,macro,736,53.679265482659524,52.522606398273496,39.97535126164356,68.65665990338468,736,0,0,28.71132066404109,36.381915797810485,74,,,,,,,,,,,,,
0,REFUGE_Valid,U_PCA,OD,736,78.94341375465531,79.77629908650306,66.24914465635383,89.94470540802574,736,0,0,49.71491396282376,61.63521633725658,74,736,0,736,20.177720552409916,17.737200109727038,8.842425557856032,31.535448462723245,736,0,0,2.844562724006544,6.974552773027946,74
0,REFUGE_Valid,U_PCA,OC,736,61.40241808445462,59.727575613236674,41.62053603924937,84.25666671697726,736,0,0,21.75661771583575,36.49105930585599,74,736,0,736,17.28766656447757,17.80332433149185,7.586667811875635,25.736659569295487,736,0,0,2.0015291171748864,5.336217770688561,74
0,REFUGE_Valid,U_PCA,macro,736,70.17291591955495,70.23367756862956,54.58563195427138,86.22222651954911,736,0,0,36.42987854819752,50.407600982391315,74,,,,,,,,,,,,,
0,REFUGE_Valid,U_RAND,OD,736,78.91611340061075,79.70859172756448,66.26783248726863,89.8425357702036,736,0,0,49.6438328184441,61.6899558774661,74,736,0,736,20.20255967314242,17.78775053779762,8.992500781227006,31.526463633496277,736,0,0,2.909523986497416,7.007434343820625,74
0,REFUGE_Valid,U_RAND,OC,736,60.93658907742386,59.213420998057416,41.03594308803247,83.78689967914224,736,0,0,21.620622747851797,36.12567941204139,74,736,0,736,17.547346367042973,18.031538417894527,7.739629944107055,26.005910661564222,736,0,0,2.0161987701879074,5.4906751486632315,74
0,REFUGE_Valid,U_RAND,macro,736,69.92635123901731,69.90514532683643,54.32185666427259,86.04019141983736,736,0,0,36.32922485350098,50.204587067747276,74,,,,,,,,,,,,,
0,REFUGE_Valid,U_SCALE,OD,736,78.54098644360522,79.1781082382183,65.87139689488322,89.51162388263556,736,0,0,49.295274792131416,61.35504842252247,74,736,0,736,20.548279301591673,18.270027471028058,9.23778427642354,31.843453009398125,736,0,0,3.3481821611195945,7.28816461684746,74
0,REFUGE_Valid,U_SCALE,OC,736,59.79033621337115,57.92996943095779,39.86321028846345,82.85479865342268,736,0,0,21.011185682326623,35.19326518826087,74,736,0,736,18.31281397314816,18.767287163998112,8.447821044574209,26.866802578355518,736,0,0,2.1143900448420014,5.865797902415562,74
0,REFUGE_Valid,U_SCALE,macro,736,69.16566132848818,68.98176113738683,53.62658836604835,85.25151670755406,736,0,0,35.91575333809469,49.53679669080945,74,,,,,,,,,,,,,
0,REFUGE_Valid,S_JOINT,OD,736,81.86340437202448,83.32913723881484,69.47940441530453,92.4353842731615,736,0,0,50.33828906746075,64.04624719894305,74,736,0,736,17.34356465044392,14.476947628975203,6.416850857552394,28.865939494672773,736,0,0,1.9197875423805448,5.175168160670204,74
0,REFUGE_Valid,S_JOINT,OC,736,61.92124523383629,60.552072782087066,41.950390783876664,84.23888261877354,736,0,0,22.318813190966644,36.72408935142736,74,736,0,736,16.90220657670528,17.35233841768291,7.369780288612569,25.22158852764657,736,0,0,2.0772017879188542,5.279350932624708,74
0,REFUGE_Valid,S_JOINT,macro,736,71.89232480293037,72.25020472744791,56.13373372637659,87.28024658685963,736,0,0,37.92320983943577,52.00343376762228,74,,,,,,,,,,,,,
0,REFUGE_Valid,S_SHARED,OD,736,78.14073538598485,78.74836810728026,65.52190855527616,89.3007316568066,736,0,0,49.12466843501326,60.98235358806529,74,736,0,736,20.86162976750323,18.651974525813767,9.652682580874504,32.368296626217855,736,0,0,3.8511334288121692,7.59313294307739,74
0,REFUGE_Valid,S_SHARED,OC,736,58.58946184300907,56.476125406919095,38.44320589203927,81.79432956983621,736,0,0,20.42545831892079,34.1548164152409,74,736,0,736,19.158251305116078,19.694060799586847,9.1606998085349,27.9236670967063,736,0,0,2.0644901413206567,6.201676175105009,74
0,REFUGE_Valid,S_SHARED,macro,736,68.36509861449694,68.06845941132738,52.89047337583023,84.49470967173383,736,0,0,35.63231482741321,48.81060529005001,74,,,,,,,,,,,,,
0,REFUGE_Valid,S_NOPCA,OD,736,82.12429072535635,83.59759624482464,69.7320093036817,92.47151695412481,736,0,0,50.627615062761514,64.3682765818827,74,736,0,736,17.1244753006256,14.227059176182145,6.224870462476322,29.210385866941202,736,0,0,2.0103327982268153,5.003716645292499,74
0,REFUGE_Valid,S_NOPCA,OC,736,62.471701775715225,61.151098900187264,42.64501922411229,84.78610474058145,736,0,0,22.627037392138064,37.22189981432164,74,736,0,736,16.556789325630906,16.895573706624152,7.254790853626636,24.849947058063357,736,0,0,2.329943015104373,5.153548563032316,74
0,REFUGE_Valid,S_NOPCA,macro,736,72.29799625053579,72.57584692742134,56.639463496992335,87.55210052100853,736,0,0,37.9827908082833,52.41836212537021,74,,,,,,,,,,,,,
0,REFUGE_Valid,M_TRANSPORT,OD,736,78.05455383850733,78.61804158269102,65.43222811862182,89.17911702820398,736,0,0,49.07136368224488,60.90801184497273,74,736,0,736,20.92200855386678,18.742070516184082,9.726841464160842,32.49263170047716,736,0,0,3.8766285623942895,7.650833021338771,74
0,REFUGE_Valid,M_TRANSPORT,OC,736,58.69676780932859,56.58013492684786,38.61167093843608,81.88121177784122,736,0,0,20.496355432141616,34.24187315828375,74,736,0,736,19.175328679299444,19.629148639240725,9.064734712763148,28.00210577000852,736,0,0,2.0500380201832575,6.170754423743789,74
0,REFUGE_Valid,M_TRANSPORT,macro,736,68.37566082391797,68.09641022205705,52.867043138172036,84.50293642158023,736,0,0,35.58296420965978,48.81757564898537,74,,,,,,,,,,,,,
0,REFUGE_Valid,M_IDPOST,OD,736,78.05244994323559,78.67587972420728,65.44590049866636,89.22459405141768,736,0,0,49.0973817759487,60.89412117024375,74,736,0,736,20.957864367298978,18.682041329694187,9.719848421055886,32.583714877723224,736,0,0,3.8596270311178076,7.667485476380628,74
0,REFUGE_Valid,M_IDPOST,OC,736,58.684845008001496,56.576013048268265,38.53758416454144,81.91658164817645,736,0,0,20.466164110562342,34.22174457331751,74,736,0,736,19.089537791749443,19.614162018436176,9.052183807971288,27.812714796888102,736,0,0,2.0177522654072733,6.163964909767313,74
0,REFUGE_Valid,M_IDPOST,macro,736,68.36864747561853,68.08523328796181,52.87018200054816,84.51421786124558,736,0,0,35.64115754875329,48.800644600396275,74,,,,,,,,,,,,,
0,REFUGE_Valid,M_SHUFFLE,OD,736,73.66582987369415,74.06140808689527,60.705813772977336,85.11916586522038,736,0,0,45.98560424295997,56.64760486517829,74,736,0,736,25.203654636056307,23.095943510452017,13.394778516097555,37.49903016488928,736,0,0,3.431081522204445,10.691402267549819,74
0,REFUGE_Valid,M_SHUFFLE,OC,736,54.06875427617352,51.62110917149303,34.43975647330745,77.06651248865526,736,0,0,18.218187413448224,30.38910467973363,74,736,0,736,22.000394312513258,22.73647186726744,11.528205033649806,31.32916511300006,736,0,0,2.6686325793652106,7.615390878374687,74
0,REFUGE_Valid,M_SHUFFLE,macro,736,63.867292074933836,63.297313973213136,48.59128921097113,80.65870626543747,736,0,0,33.90865989361365,44.6938561005042,74,,,,,,,,,,,,,
0,REFUGE_Valid,G_PCA,OD,736,76.98634474585444,77.45938362163156,64.23841173385026,88.10313229884912,736,0,0,48.39119074281448,59.817955763263484,74,736,0,736,22.032214535933356,19.860212489738448,10.52975927491362,33.897973790547155,736,0,0,3.94125875272944,8.26584667071985,74
0,REFUGE_Valid,G_PCA,OC,736,59.29377046544598,57.44070763926915,39.28627070949903,82.45856968200872,736,0,0,20.73407446620787,34.79826068151017,74,736,0,736,18.656547793354115,19.070993922226023,8.74982539996421,27.12663378164561,736,0,0,2.1097864380329208,6.059832636925221,74
0,REFUGE_Valid,G_PCA,macro,736,68.14005760565021,67.92096870970946,52.609319458255406,84.30439498148672,736,0,0,35.46244173259323,48.550931868297575,74,,,,,,,,,,,,,
0,REFUGE_Valid,G_ISO,OD,736,77.32807523830898,77.86151833588569,64.57061824347562,88.44185494188554,736,0,0,48.59677620892165,60.12763535200919,74,736,0,736,21.7284028079111,19.59623245729545,10.14867765998869,33.646108410695334,736,0,0,4.047693135802136,8.044060693905875,74
0,REFUGE_Valid,G_ISO,OC,736,59.24932826543793,57.37687400970927,39.20062412479592,82.41147768648945,736,0,0,20.701198026779423,34.75132045699898,74,736,0,736,18.699307086178944,19.120777195870552,8.812202493905517,27.200505856981827,736,0,0,2.1058107775249026,6.07061323488179,74
0,REFUGE_Valid,G_ISO,macro,736,68.28870175187346,68.09203267921879,52.73749684215938,84.42732610520619,736,0,0,35.562075054739054,48.68463040377437,74,,,,,,,,,,,,,
0,REFUGE_Valid,G_ORDER,OD,736,78.40641931694972,79.0459883422988,65.73605101496904,89.43546857630983,736,0,0,49.180576631259484,61.2037276467742,74,736,0,736,20.69458613323447,18.480707653275804,9.306251142108902,32.05835698105467,736,0,0,3.4631332200579585,7.371988582990835,74
0,REFUGE_Valid,G_ORDER,OC,736,59.71360976525931,57.85172531436404,39.76177368235673,82.79700603323572,736,0,0,20.975522601393603,35.12651859321083,74,736,0,736,18.367484696396644,18.77320680818116,8.567707520612114,26.915958752820078,736,0,0,2.094088368495006,5.89931919816473,74
0,REFUGE_Valid,G_ORDER,macro,736,69.06001454110451,68.86043403378272,53.4923874381809,85.14586707238959,736,0,0,35.78175459659159,49.42131973448549,74,,,,,,,,,,,,,
0,Drishti_GS,C,OD,37,92.94947586476542,93.90696839576401,87.97140683331587,96.22166509626169,37,0,0,79.95114427315362,84.3150700360732,4,37,0,37,8.034825882606853,6.047172541680678,3.6560796755876774,16.081917413192212,37,0,0,2.1690133927629263,2.7377376155751505,4
0,Drishti_GS,C,OC,37,69.36867603266047,69.0867262318763,56.41965066085383,85.93844494136837,37,0,0,35.52660926975064,44.31140401032572,4,37,0,37,23.498576944650708,22.249237355861055,7.68393065557803,39.95844230585112,37,0,0,2.975421907369843,4.124081372706833,4
0,Drishti_GS,C,macro,37,81.15907594871295,82.23101852002695,73.4539429969628,90.41555612694277,37,0,0,60.09691489980654,64.41098204611589,4,,,,,,,,,,,,,
0,Drishti_GS,RP,OD,37,93.18712377083344,94.19972753168476,88.36882098702672,96.23045516892829,37,0,0,80.02159658210614,84.51912130706462,4,37,0,37,7.752741179006625,5.805667451203128,3.600569150866316,15.47363908482298,37,0,0,2.209225263248315,2.7288881886184555,4
0,Drishti_GS,RP,OC,37,71.52391085469023,71.0756053368473,58.954729668704616,87.34128231980947,37,0,0,40.75841665406958,48.20003011054461,4,37,0,37,22.217626159565476,20.334934349730382,7.026250734315761,37.99845224611437,37,0,0,3.652918650683278,4.47687011005965,4
0,Drishti_GS,RP,macro,37,82.35551731276183,83.54600055595245,75.30718232142166,90.9236105914402,37,0,0,62.449305030365984,66.72931428702783,4,,,,,,,,,,,,,
0,Drishti_GS,T_LR,OD,37,94.31931114023858,95.07841132912812,89.9733347662478,96.68288311898515,37,0,0,86.44399792748733,88.07358615504432,4,37,0,37,6.223438343911216,4.88463741417205,3.4520299086873987,11.473955257056579,37,0,0,2.6432090598746294,3.0192367348064764,4
0,Drishti_GS,T_LR,OC,37,81.45734249583168,85.66145798101424,65.63292715959552,90.44490498001473,37,0,0,46.746065504040835,57.44268060518584,4,37,0,37,15.423755338802371,11.42728986089636,7.000946308645638,30.562568758214304,37,0,0,4.7457753796591655,5.805348216061206,4
0,Drishti_GS,T_LR,macro,37,87.88832681803514,90.39912196097305,78.52340843494281,93.28281867903111,37,0,0,67.47182783837474,73.66467645093245,4,,,,,,,,,,,,,
0,Drishti_GS,T_ISO,OD,37,93.72651388741772,94.86059149621781,89.05424245693605,96.60606316669345,37,0,0,80.76241134751773,85.50919207544004,4,37,0,37,7.054797859297847,5.533710564574724,3.2491739916163715,13.870075736865118,37,0,0,1.9993466057061058,2.5055625666440675,4
0,Drishti_GS,T_ISO,OC,37,81.56773934655907,84.03506721215663,69.50531922480438,90.0358244566757,37,0,0,51.07114642873739,60.02153439088771,4,37,0,37,13.860479119910632,12.279045300345375,6.405693556512835,24.815512425493733,37,0,0,3.2240346786030476,4.682163693607535,4
0,Drishti_GS,T_ISO,macro,37,87.64712661698839,88.88478053329966,79.19122036638316,92.45415516921581,37,0,0,72.015995566262,75.07417555978678,4,,,,,,,,,,,,,
0,Drishti_GS,T_DIAG,OD,37,94.84798764922047,95.79115965564033,91.07770157709851,97.19210301944165,37,0,0,87.64892946641851,89.04902575410088,4,37,0,37,5.681139257559509,4.467594566322533,2.8040117429567535,9.953902819177985,37,0,0,2.385379884820214,2.572682611133689,4
0,Drishti_GS,T_DIAG,OC,37,82.67593748306929,87.15474611024003,65.62532477151697,91.86389026968094,37,0,0,42.7177673261554,54.104981632641696,4,37,0,37,13.574100783047555,9.888435986949393,6.299035498660109,30.700790799031864,37,0,0,4.50716012391881,5.151013794133408,4
0,Drishti_GS,T_DIAG,macro,37,88.76196256614489,91.3105396517436,79.02676523165776,94.20030330753146,37,0,0,66.38914468102102,72.82180677651334,4,,,,,,,,,,,,,
0,Drishti_GS,U_PCA,OD,37,92.60359612008101,93.59939874534105,87.50441052867832,95.94080697259385,37,0,0,79.47933942761922,83.78549472290703,4,37,0,37,8.416958126879624,6.534561037675068,3.8362510584003067,16.35000361941776,37,0,0,2.151743536145483,2.80286083459235,4
0,Drishti_GS,U_PCA,OC,37,66.49275445466063,66.15722809588611,52.51678360061437,84.83055190524165,37,0,0,30.10782416367155,39.55971158945089,4,37,0,37,24.956185187116514,24.555700941582526,6.935203935308032,41.147014944252234,37,0,0,2.7128474556401287,4.101843560950673,4
0,Drishti_GS,U_PCA,macro,37,79.54817528737081,80.33996191747202,71.30029309465326,89.88165125443709,37,0,0,57.10561750747327,61.672603156178965,4,,,,,,,,,,,,,
0,Drishti_GS,U_RAND,OD,37,92.63431673193959,93.66565051547971,87.50382650248373,95.99524345493464,37,0,0,79.53141941262433,83.85108085340843,4,37,0,37,8.368491048744392,6.457373253569019,3.76037072057107,16.384123301646856,37,0,0,2.1717856303780656,2.779067853150818,4
0,Drishti_GS,U_RAND,OC,37,67.73130338403989,67.94781573106697,54.35784033307581,85.32399289015879,37,0,0,33.11456117322229,42.07990716489863,4,37,0,37,24.360763704690328,23.799216233375546,7.327165019965539,40.84007965301793,37,0,0,2.771455261708524,4.094271023617023,4
0,Drishti_GS,U_RAND,macro,37,80.18281005798974,81.0618166637495,72.18242663912983,89.98727604268917,37,0,0,58.653567407885454,62.965494009153524,4,,,,,,,,,,,,,
0,Drishti_GS,U_SCALE,OD,37,92.8983590440585,93.83057217470603,87.89975500194056,96.19918723249761,37,0,0,79.88719595785516,84.25424871930397,4,37,0,37,8.086487006461226,6.118201053577005,3.6401255228911333,16.121889303450104,37,0,0,2.1239690807044704,2.725185448002182,4
0,Drishti_GS,U_SCALE,OC,37,69.31167140678103,69.10112359550563,56.34929085509116,85.91131078352099,37,0,0,35.55595200927702,44.29436360612013,4,37,0,37,23.534876120224755,22.300475256331264,7.6994317230471045,40.012234639478734,37,0,0,2.9565977696221912,4.110421995182077,4
0,Drishti_GS,U_SCALE,macro,37,81.10501522541976,82.17472834557502,73.38737653417955,90.39480608171152,37,0,0,60.08069508251644,64.36527419279611,4,,,,,,,,,,,,,
0,Drishti_GS,S_JOINT,OD,37,87.02749943795001,87.81682145837037,82.07112307247807,92.13598358189736,37,0,0,67.48653950859483,76.819628472614,4,37,0,37,14.14689157579307,13.10907397615309,7.424385287799791,21.08917491636147,37,0,0,6.298323846820775,6.996282907928638,4
0,Drishti_GS,S_JOINT,OC,37,62.56695231190002,61.14071766281326,49.6432367595115,80.71418851975668,37,0,0,26.318392726758837,35.148097361005725,4,37,0,37,26.46377669230298,26.208942175040324,8.904844270754932,41.48766947905842,37,0,0,2.7888736119279254,6.537075361633033,4
0,Drishti_GS,S_JOINT,macro,37,74.79722587492502,75.1241908739457,68.53709475737801,85.17292133171107,37,0,0,49.59803890047334,56.79300177320562,4,,,,,,,,,,,,,
0,Drishti_GS,S_SHARED,OD,37,93.16471434713652,94.15830269987471,88.34203177590068,96.25011221151938,37,0,0,80.00187827230253,84.50556983384608,4,37,0,37,7.770911503382702,5.7968827829384795,3.59005794083481,15.470960802106044,37,0,0,2.200408115414292,2.727383237805924,4
0,Drishti_GS,S_SHARED,OC,37,71.74850703681447,71.44616900714462,59.21090346951874,87.40480572951721,37,0,0,41.606701750617546,48.78646780627198,4,37,0,37,22.0516521377166,20.282912191945336,7.056366548621683,37.50357876009353,37,0,0,3.7344263821717316,4.493112061065915,4
0,Drishti_GS,S_SHARED,macro,37,82.4566106919755,83.60181606880339,75.50268418455062,90.93267117753808,37,0,0,62.6159420596196,67.04428726559527,4,,,,,,,,,,,,,
0,Drishti_GS,S_NOPCA,OD,37,86.94547438643372,87.7538731045054,82.01600557648436,92.07390654672614,37,0,0,67.44529838423833,76.8056921928381,4,37,0,37,14.23833647987965,13.218716935012596,7.5249057566682085,21.203312523779182,37,0,0,6.575108450296559,7.115217319181199,4
0,Drishti_GS,S_NOPCA,OC,37,61.95943889345391,60.859325793466056,48.94982742186533,80.79819591391822,37,0,0,25.904240249315325,34.618441338173135,4,37,0,37,26.845310093863468,26.752224328777498,8.448359414729957,42.38265491940695,37,0,0,2.6934552081805205,6.380317590833267,4
0,Drishti_GS,S_NOPCA,macro,37,74.45245663994379,74.78363437282674,68.14487968888997,85.09218214023562,37,0,0,49.33090052339598,56.511683402989455,4,,,,,,,,,,,,,
0,Drishti_GS,M_TRANSPORT,OD,37,93.20679202267777,94.21330691761598,88.4069174782354,96.25089505688625,37,0,0,80.09946747366693,84.57349925965792,4,37,0,37,7.718764051169707,5.759534489684712,3.585780238974739,15.319355258642057,37,0,0,2.1844422645736152,2.7205528291945935,4
0,Drishti_GS,M_TRANSPORT,OC,37,71.28020981740889,70.80971339678857,58.66735253084746,87.12154420739337,37,0,0,39.918374435567905,47.57744563429442,4,37,0,37,22.437094646007996,20.463258941529727,7.163837161987035,38.07596639992674,37,0,0,3.62172822085893,4.474123160503125,4
0,Drishti_GS,M_TRANSPORT,macro,37,82.24350092004335,83.42856648851169,75.12825519608029,90.85782955097106,37,0,0,62.16875787882271,66.400480406939,4,,,,,,,,,,,,,
0,Drishti_GS,M_IDPOST,OD,37,93.1843294761954,94.19244742926345,88.36815315319221,96.22641495712776,37,0,0,80.01314667146625,84.52251538967475,4,37,0,37,7.753347973662676,5.812979872532638,3.598407066248685,15.468634427852901,37,0,0,2.2091195523205513,2.7280146489410875,4
0,Drishti_GS,M_IDPOST,OC,37,71.55585974985517,71.12160048299899,58.99047874437391,87.34248489018742,37,0,0,40.854645516348334,48.26294425653365,4,37,0,37,22.19440482997075,20.349151469228413,7.062262440621792,37.97446219491279,37,0,0,3.65264679399275,4.480514388023434,4
0,Drishti_GS,M_IDPOST,macro,37,82.37009461302529,83.540500138944,75.32400295223295,90.9229968452714,37,0,0,62.4573627635761,66.7627511774956,4,,,,,,,,,,,,,
0,Drishti_GS,M_SHUFFLE,OD,37,94.9640361169491,95.92460732984294,92.05923631504238,97.21257365948918,37,0,0,84.03243128772179,88.21717917212773,4,37,0,37,5.581012657366421,4.057370138003452,2.664399268128001,9.852365668859845,37,0,0,1.648088849531305,2.145388325516584,4
0,Drishti_GS,M_SHUFFLE,OC,37,74.95776698618678,76.11340077432247,62.9146172464064,86.30953709986406,37,0,0,43.67182531269875,52.106779401711194,4,37,0,37,19.630141691460473,17.27276308359169,7.230758684963361,33.66483464027588,37,0,0,5.933151753711462,6.601790401115069,4
0,Drishti_GS,M_SHUFFLE,macro,37,84.96090155156796,86.25317433179326,78.32963730488812,91.348206643582,37,0,0,66.07356540697644,70.59795157594282,4,,,,,,,,,,,,,
0,Drishti_GS,G_PCA,OD,37,93.70851696679196,94.61783864433096,89.27441006742498,96.64445060482092,37,0,0,81.24632113758172,85.49451363508376,4,37,0,37,7.1638409888418355,5.690357801655518,3.361361630986879,14.382740108099567,37,0,0,1.8981422064379587,2.604164516064335,4
0,Drishti_GS,G_PCA,OC,37,69.0733728368984,68.80902235206196,55.733909084005916,85.62700142730584,37,0,0,32.62211730524787,42.65582922647624,4,37,0,37,23.565416688402706,22.23278793812402,7.878182059430422,39.70948577820823,37,0,0,3.2275088049877456,4.192410152493958,4
0,Drishti_GS,G_PCA,macro,37,81.39094490184519,82.71575068033725,73.5920115602183,90.37045411601207,37,0,0,59.186228966367,64.07517143078,4,,,,,,,,,,,,,
0,Drishti_GS,G_ISO,OD,37,93.5605064248368,94.60268230334016,89.03037558748169,96.45727935921668,37,0,0,81.0011641443539,85.27780822517998,4,37,0,37,7.353342557179663,5.671602491082223,3.4717711862763774,14.89543765407889,37,0,0,2.059156447106946,2.67884985512913,4
0,Drishti_GS,G_ISO,OC,37,69.49151138109343,69.16014500118575,56.38194118712069,85.92328706749272,37,0,0,34.14304993252362,43.73337247390266,4,37,0,37,23.36560618012662,21.8233092649458,7.763856682827969,39.71020074972581,37,0,0,3.2263915230090165,4.194360086250868,4
0,Drishti_GS,G_ISO,macro,37,81.52600890296512,82.77507696572425,73.81322068435442,90.46118271164477,37,0,0,59.83783523937471,64.50752832303333,4,,,,,,,,,,,,,
0,Drishti_GS,G_ORDER,OD,37,92.9518826472091,93.90696839576401,87.99615491256647,96.22806302910111,37,0,0,79.95302407516148,84.32301606099405,4,37,0,37,8.033118190479417,6.0481223272523374,3.6658882126329293,16.03878153083169,37,0,0,2.1696783789910996,2.747140321534411,4
0,Drishti_GS,G_ORDER,OC,37,69.39393099926808,69.07437132156234,56.431007024894555,85.95141095430188,37,0,0,35.58528428093645,44.364209836503754,4,37,0,37,23.493714842092153,22.193759217816964,7.674589799609369,39.99719735060561,37,0,0,2.9778069416623523,4.11196390996629,4
0,Drishti_GS,G_ORDER,macro,37,81.1729068232386,82.25739614565491,73.45747879537333,90.43236572446304,37,0,0,60.12678472200075,64.43758310675622,4,,,,,,,,,,,,,
1,REFUGE,C,OD,336,91.04440483046776,91.90271029542075,85.86951240045067,95.39915442028662,336,0,0,58.557035321366534,81.58977462843418,34,336,0,336,8.132185324146857,7.282109804551491,3.933118731245429,12.567566152034424,336,0,0,2.3419814886158608,3.280004465538083,34
1,REFUGE,C,OC,336,81.06637633862896,82.55673179808743,69.23775978319205,90.41444237810782,336,0,0,34.75598086124402,61.87254482097554,34,336,0,336,8.750577843635838,7.845584265585267,4.361923936169463,14.158649908755283,336,0,0,2.317644738438337,3.5607825595432976,34
1,REFUGE,C,macro,336,86.05539058454835,87.4101519043206,78.39667187717774,91.67827633308359,336,0,0,51.88028757218769,73.99075173475062,34,,,,,,,,,,,,,
1,REFUGE,RP,OD,336,91.0006191823699,91.9080182180954,85.62767766000854,95.42207265045994,336,0,0,58.213216670504266,81.35450359785075,34,336,0,336,8.210862929029888,7.39305804925157,3.9647172167087055,12.678351261589253,336,0,0,2.1921609574088587,3.28536712574557,34
1,REFUGE,RP,OC,336,80.00194225689964,81.64885127540106,67.28287068533561,90.41249735256417,336,0,0,32.647191011235954,59.77391972084853,34,336,0,336,9.35087944890015,8.458172223571264,4.4137610047746385,14.93317870358247,336,0,0,2.242537797397826,3.655709358837053,34
1,REFUGE,RP,macro,336,85.50128071963476,86.81355982903976,77.31243342312509,91.7711033002602,336,0,0,50.670269260615186,72.8365243408524,34,,,,,,,,,,,,,
1,REFUGE,T_LR,OD,336,89.78245120027456,91.18978710383288,82.12814101807233,95.59156352790203,336,0,0,53.757176270465656,77.33432259986864,34,336,0,336,9.688059022090929,8.242041819842358,4.058526549895161,16.878124945687315,336,0,0,1.580926486491054,3.2429407353099897,34
1,REFUGE,T_LR,OC,336,70.14143000034564,69.72965926271002,53.8197758706235,87.60117910909965,336,0,0,22.762597142140887,47.16873982936334,34,336,0,336,15.919725765989659,16.006313560107387,7.063663438114979,24.126295637581386,336,0,0,2.9355959931593736,5.668975772218304,34
1,REFUGE,T_LR,macro,336,79.9619406003101,80.29913920520545,69.23487157573969,89.99589398735586,336,0,0,43.798097906680326,64.81562567456753,34,,,,,,,,,,,,,
1,REFUGE,T_ISO,OD,336,91.50475536487568,91.82228598375156,88.34120796371172,95.23068715209195,336,0,0,65.34842845326716,84.36670917304879,34,336,0,336,7.631232857822367,7.3880137258769905,4.006055606011594,11.183052965073506,336,0,0,2.6389285454952827,3.466668840664378,34
1,REFUGE,T_ISO,OC,336,69.93986257095379,69.11067869818541,53.18382184154426,86.85267373152833,336,0,0,23.167697901384194,47.034799176462386,34,336,0,336,16.085370391391475,16.31826531753635,7.282644852188679,24.210288024989534,336,0,0,2.417577424200743,5.446019651004111,34
1,REFUGE,T_ISO,macro,336,80.72230896791473,80.57321479755797,72.79893818526033,89.51817270375774,336,0,0,50.33673151570689,68.23954372761585,34,,,,,,,,,,,,,
1,REFUGE,T_DIAG,OD,336,91.13850406240205,92.2298232611208,85.18066297071891,95.65475369168185,336,0,0,57.77950452509371,80.56040759918604,34,336,0,336,8.258307215654828,7.0957539267603345,3.8889325207963115,14.150228137940498,336,0,0,1.878645717805069,3.053033473551973,34
1,REFUGE,T_DIAG,OC,336,66.5051730292549,65.38609070193311,49.63390282227364,84.35072914276728,336,0,0,20.48505358150028,43.8334313444693,34,336,0,336,18.543458406090156,19.12186156812949,8.938971234336584,27.008174056758612,336,0,0,2.7518799298814245,6.426692873576866,34
1,REFUGE,T_DIAG,macro,336,78.82183854582847,78.77681974584596,69.11244510929012,89.29831001560545,336,0,0,45.19361437553759,64.73710380719335,34,,,,,,,,,,,,,
1,REFUGE,U_PCA,OD,336,91.21106510010713,92.12970356554271,86.29384676044546,95.45016937466798,336,0,0,59.28896393227334,82.13676427374777,34,336,0,336,7.9271845244491335,7.184263611794338,3.879488792142607,12.260938106966266,336,0,0,2.1796883135169733,3.2189870570032286,34
1,REFUGE,U_PCA,OC,336,81.96788917720421,83.56502448819343,71.39357048277994,90.24183871575869,336,0,0,37.220741955318715,63.48419354213009,34,336,0,336,8.218076824133684,7.146761000290466,4.014313491975475,13.2276269818076,336,0,0,2.2514516223068424,3.3475827902549007,34
1,REFUGE,U_PCA,macro,336,86.58947713865567,87.72887027762629,79.46722600306663,91.70721693232319,336,0,0,53.46466476785277,75.20364836499698,34,,,,,,,,,,,,,
1,REFUGE,U_RAND,OD,336,91.14815920585042,92.02077695111878,86.19132924656328,95.44168646986658,336,0,0,59.16824639003955,82.04634028302087,34,336,0,336,7.996458473610398,7.248607646874194,3.882151090340943,12.258614765500155,336,0,0,2.2035228287445308,3.2409366778626434,34
1,REFUGE,U_RAND,OC,336,81.82511934399005,83.63741531916385,70.71056216158894,90.2483503986233,336,0,0,36.7574132172857,63.1791143436889,34,336,0,336,8.300402393732103,7.216248722050173,4.109209302762126,13.444091341795675,336,0,0,2.233115209409591,3.400904210718934,34
1,REFUGE,U_RAND,macro,336,86.48663927492024,87.60585725425295,79.23770643905155,91.71947845108329,336,0,0,53.07998336061315,74.99177510401033,34,,,,,,,,,,,,,
1,REFUGE,U_SCALE,OD,336,91.07223442871832,91.91494712147318,85.91076259310177,95.41655572614613,336,0,0,58.66573848474302,81.66407057364765,34,336,0,336,8.104564956319665,7.23340957650889,3.947281869305704,12.517299840054465,336,0,0,2.309288129746805,3.2687911525035793,34
1,REFUGE,U_SCALE,OC,336,81.12787416364216,82.66072875349485,69.36076964846855,90.50573445444309,336,0,0,34.88617808087599,61.97385929635513,34,336,0,336,8.715175287497207,7.7504007945391,4.330876100905681,14.0586804799014,336,0,0,2.32582118403727,3.5592335099717176,34
1,REFUGE,U_SCALE,macro,336,86.10005429618025,87.45623454233453,78.48730813103772,91.66395627744049,336,0,0,51.98676315757462,74.0805130942449,34,,,,,,,,,,,,,
1,REFUGE,S_JOINT,OD,336,87.5877312622734,88.00065271673509,83.27778446529376,91.87419637521218,336,0,0,57.01463590645649,80.23957071025711,34,336,0,336,11.238240416698513,10.420961040425642,6.53656860561487,16.077909571490004,336,0,0,3.145924086016648,5.335107372881434,34
1,REFUGE,S_JOINT,OC,336,83.11581419823494,84.80451675821139,72.57252988627525,91.94624716843927,336,0,0,42.73101824602708,64.81043641503793,34,336,0,336,7.635675436635983,6.646322562703862,3.2207786868063897,12.259794624822776,336,0,0,2.0225458435856245,2.7679902946551755,34
1,REFUGE,S_JOINT,macro,336,85.35177273025417,86.02046434948755,79.72210855743097,90.26622305301082,336,0,0,49.90477103633816,75.71196164299202,34,,,,,,,,,,,,,
1,REFUGE,S_SHARED,OD,336,90.999123078885,91.90124868296957,85.63494747312481,95.40523602872632,336,0,0,58.19445723229906,81.34194162122152,34,336,0,336,8.212813962733344,7.366153429945859,3.974190314170313,12.689098993941823,336,0,0,2.191537733550654,3.2847954848643495,34
1,REFUGE,S_SHARED,OC,336,80.0423267814047,81.67437186371224,67.32209807089461,90.42368254558366,336,0,0,32.729566549517884,59.83044206467002,34,336,0,336,9.332600384603738,8.421902055218977,4.416194926628265,14.913572929587932,336,0,0,2.242213046735783,3.6562088340575096,34
1,REFUGE,S_SHARED,macro,336,85.52072493014487,86.85717731484104,77.32290334403564,91.75652360841308,336,0,0,50.66635284552204,72.86065182028779,34,,,,,,,,,,,,,
1,REFUGE,S_NOPCA,OD,336,87.56504721490762,87.97374605007793,83.3147259650727,91.81935662139877,336,0,0,57.3600145203739,80.22205482530532,34,336,0,336,11.273837801317814,10.477475024560121,6.547526922299479,16.135653760864415,336,0,0,3.161359243210085,5.3477833079733115,34
1,REFUGE,S_NOPCA,OC,336,83.13655436157896,84.71794469366603,72.4624299635665,91.8668736927483,336,0,0,42.83185840707965,64.94558204352485,34,336,0,336,7.6154114742140075,6.668756318313045,3.2031869931669865,12.34150551983057,336,0,0,2.0156291833226314,2.7504776919269505,34
1,REFUGE,S_NOPCA,macro,336,85.35080078824328,85.99598688306804,79.67073830678203,90.3659349120267,336,0,0,50.93127054647376,75.78332708939305,34,,,,,,,,,,,,,
1,REFUGE,M_TRANSPORT,OD,336,91.01973306738569,91.91734773805196,85.68287566699381,95.41585037451486,336,0,0,58.22394178066418,81.38129299084298,34,336,0,336,8.187375392711974,7.354388886485188,3.958171401659654,12.744261326389273,336,0,0,2.2137892202224707,3.2778086293304742,34
1,REFUGE,M_TRANSPORT,OC,336,80.02578778825013,81.55766698969381,67.3194799770271,90.44609073601916,336,0,0,32.62080114963176,59.8089770341459,34,336,0,336,9.357144120202102,8.436044892279668,4.404009181357519,14.92576164649914,336,0,0,2.2386131339543645,3.671151099759752,34
1,REFUGE,M_TRANSPORT,macro,336,85.52276042781791,86.83869025288843,77.32017754479016,91.77962895148895,336,0,0,50.67017127861604,72.86428595611505,34,,,,,,,,,,,,,
1,REFUGE,M_IDPOST,OD,336,90.99636215889362,91.88969307346305,85.61728877744719,95.4167766574247,336,0,0,58.213216670504266,81.35256129263932,34,336,0,336,8.215112330485042,7.412217191301929,3.965493039388442,12.681879737205954,336,0,0,2.1904425498749855,3.285810296944127,34
1,REFUGE,M_IDPOST,OC,336,79.99665380744966,81.64620373565407,67.28810701619032,90.38779669642096,336,0,0,32.641322908241214,59.77055280513153,34,336,0,336,9.353087496425308,8.454277569384773,4.414976236769797,14.96405446697889,336,0,0,2.2446169595339027,3.655948125259363,34
1,REFUGE,M_IDPOST,macro,336,85.49650798317164,86.80625127102189,77.29546505047924,91.77771914509285,336,0,0,50.661169901629044,72.83084368818895,34,,,,,,,,,,,,,
1,REFUGE,M_SHUFFLE,OD,336,89.81070531060138,91.09489861299431,82.78674326033126,95.11929020233603,336,0,0,54.373400434436626,78.01046116803118,34,336,0,336,9.488277152465772,8.236229415386134,4.612108214467716,15.679876066634879,336,0,0,2.451014741317635,3.603381058155867,34
1,REFUGE,M_SHUFFLE,OC,336,77.43473013625922,78.63970356406247,63.97478960943377,89.55501462058515,336,0,0,29.841426341303094,56.01821453427537,34,336,0,336,10.78853628739598,10.06947140340476,5.19894889314374,16.958541468892577,336,0,0,2.9963876437500203,4.187802091805448,34
1,REFUGE,M_SHUFFLE,macro,336,83.6227177234303,84.43370164072306,74.2847187729858,91.32805933679717,336,0,0,47.05136538016457,69.34358715661334,34,,,,,,,,,,,,,
1,REFUGE,G_PCA,OD,336,90.87025744373291,91.83491975186467,85.21913785214039,95.20376938114276,336,0,0,57.54278951201748,80.81674677123789,34,336,0,336,8.323172480090967,7.358553342414709,4.0967539417995535,12.984014451290875,336,0,0,2.047323032475384,3.3492741615602752,34
1,REFUGE,G_PCA,OC,336,80.9406328027769,82.38239071786597,68.97204540429826,90.33374221138605,336,0,0,34.726073238359305,61.70972600105423,34,336,0,336,8.803698916657973,7.908502618316662,4.3861183089817315,14.179780515152762,336,0,0,2.3504235090165597,3.5935132600368576,34
1,REFUGE,G_PCA,macro,336,85.90544512325489,87.29159902027328,78.02632736365169,91.76306393555241,336,0,0,51.235991466361455,73.58740818820276,34,,,,,,,,,,,,,
1,REFUGE,G_ISO,OD,336,90.9164951703029,91.85231539896688,85.4021961246616,95.27068361491754,336,0,0,57.83898789778317,81.0272367440151,34,336,0,336,8.275501422574047,7.348848560545932,4.00162535026463,12.759930007574763,336,0,0,2.1140662618601875,3.3203597039639274,34
1,REFUGE,G_ISO,OC,336,80.87951237348791,82.33814655033711,68.95169919650694,90.32943634083293,336,0,0,34.475557664926434,61.567833333701586,34,336,0,336,8.84805703273273,7.971110062900875,4.364129410459142,14.236954686510778,336,0,0,2.298166000821705,3.604001463861605,34
1,REFUGE,G_ISO,macro,336,85.89800377189539,87.30903787987691,78.07049112090937,91.75817547622802,336,0,0,51.330866360264,73.60059694710962,34,,,,,,,,,,,,,
1,REFUGE,G_ORDER,OD,336,91.0493990814979,91.92956727875095,85.87369573678711,95.40136505889022,336,0,0,58.56653076352853,81.58865325566205,34,336,0,336,8.125345103754361,7.267413672735432,3.9312230420859056,12.538907540546102,336,0,0,2.3479129806583625,3.275218197251613,34
1,REFUGE,G_ORDER,OC,336,81.07696507485298,82.57964934655509,69.25810713880713,90.43450154545565,336,0,0,34.7959379191416,61.8948048871555,34,336,0,336,8.74504700850022,7.812017679765386,4.372287094421058,14.105311975853965,336,0,0,2.3322190091845663,3.5626316334296413,34
1,REFUGE,G_ORDER,macro,336,86.06318207817544,87.43614496292281,78.41168578910691,91.67391795688124,336,0,0,51.89303875286908,74.0005950336521,34,,,,,,,,,,,,,
1,ORIGA,C,OD,586,87.84554846283864,89.42283683566245,77.85833813617896,95.47627165204275,586,0,0,57.6539135395021,72.27601090367986,59,586,0,586,13.301494528512045,11.472703111946583,4.7440317252826,24.39345648537458,586,0,0,2.054878729600988,3.6952816475837875,59
1,ORIGA,C,OC,586,69.85253871598225,72.33425407085906,52.11506074880596,84.53241595857088,586,0,0,1.9702788445483386,41.44239337073311,59,586,0,586,18.566709198973378,17.35478492827938,8.624930225911484,30.57610536038831,586,0,0,3.1201512628441885,6.8121015052781395,59
1,ORIGA,C,macro,586,78.84904358941044,80.82960919882467,65.6070896873327,88.82136243843354,586,0,0,33.387847629463025,58.02316306541273,59,,,,,,,,,,,,,
1,ORIGA,RP,OD,586,87.7881006637253,89.25525758707565,77.86966889128672,95.41359534004572,586,0,0,57.426199261992615,72.24780043937113,59,586,0,586,13.372801473769101,11.561827480492166,4.854437801210438,24.449242967236106,586,0,0,2.0395170926599677,3.728427367636125,59
1,ORIGA,RP,OC,586,70.55086695193681,72.78378277622798,53.13305657309738,84.8586041087014,586,0,0,2.7447789530783835,42.213642649887326,59,586,0,586,18.25209001297951,16.6163283556669,8.625388862821282,30.060916847500224,586,0,0,2.612324644615749,6.6436823622735535,59
1,ORIGA,RP,macro,586,79.16948380783106,81.27380639480289,65.97739169556124,89.19831415336711,586,0,0,33.75193900331146,58.36282931246287,59,,,,,,,,,,,,,
1,ORIGA,T_LR,OD,586,87.15772705503302,88.35122629031133,78.06661542998836,94.7799858695785,586,0,0,59.77666479276332,73.15117125515515,59,586,0,586,14.841898740943037,13.428635715141839,5.772178391225072,25.80510376526866,586,0,0,2.8259033332173638,4.481178567133693,59
1,ORIGA,T_LR,OC,586,70.81933431298539,73.08017338338738,53.721190456452646,86.23489555887505,586,0,0,6.784107946026986,43.35871380950081,59,586,0,586,19.102949301320386,17.904820452554326,9.436930211390251,30.164763489014604,586,0,0,3.6240701646313243,7.233325142800467,59
1,ORIGA,T_LR,macro,586,78.98853068400919,80.46955432274822,65.91068748443297,89.98071342595355,586,0,0,37.67762146004016,59.73515374054831,59,,,,,,,,,,,,,
1,ORIGA,T_ISO,OD,586,86.65606567859062,88.10247056893455,76.6238171433776,94.57528794179822,586,0,0,56.624247575358886,70.74264405599813,59,586,0,586,14.570946617559636,12.87972585488455,5.582387584617301,25.70688673464199,586,0,0,2.1854406700265665,4.331842299747834,59
1,ORIGA,T_ISO,OC,586,72.08223531243442,74.20791509394812,54.882683640923005,88.51539443947865,586,0,0,4.565248600277552,44.27179234564605,59,586,0,586,17.96890392198294,16.753614379632268,7.691201096151053,28.898208429747747,586,0,0,2.479146363678061,5.936778390424204,59
1,ORIGA,T_ISO,macro,586,79.36915049551253,80.90173274409821,66.46366408414735,90.79644836981774,586,0,0,33.20412753949158,58.76219330413384,59,,,,,,,,,,,,,
1,ORIGA,T_DIAG,OD,586,87.73733399742873,88.9470366220093,77.92169010045288,95.17466523195311,586,0,0,59.56457633197402,73.27325423879309,59,586,0,586,13.970419544051675,12.282022301368073,5.369600132895592,24.844299948664798,586,0,0,2.3541998072978116,4.085740883589007,59
1,ORIGA,T_DIAG,OC,586,71.09986441854475,72.7191423465232,53.34290604206776,87.58435937485771,586,0,0,8.212581925186143,43.69805180843277,59,586,0,586,19.137783234406797,17.948883919365286,9.018665036277334,30.36043143629047,586,0,0,3.9403821059185002,6.699458066907543,59
1,ORIGA,T_DIAG,macro,586,79.41859920798676,80.69519664401007,66.6995369907062,90.83109640711042,586,0,0,37.35611919577313,60.127005188152665,59,,,,,,,,,,,,,
1,ORIGA,U_PCA,OD,586,87.58392478172236,89.21358011633075,77.5506948284289,95.39850153177474,586,0,0,56.56973650096202,71.5456268659181,59,586,0,586,13.580028965408724,11.855825551980013,4.579823048833457,24.955787584750972,586,0,0,1.8796715290013686,3.692904454400326,59
1,ORIGA,U_PCA,OC,586,68.88445520176616,71.30876642334255,50.8184553635916,84.09473003814517,586,0,0,1.3973198946283358,39.97193148402614,59,586,0,586,18.952498164844666,17.907954934464982,8.49419113130758,30.911017179395337,586,0,0,2.8722928438737845,6.737340058460882,59
1,ORIGA,U_PCA,macro,586,78.23418999174424,79.87789919541603,64.96901415022538,88.92837326859932,586,0,0,32.77803433204101,56.99532236584436,59,,,,,,,,,,,,,
1,ORIGA,U_RAND,OD,586,87.67790298831392,89.28012049233712,77.75035855067631,95.39337467245514,586,0,0,57.0489567707623,71.82990272911434,59,586,0,586,13.461506680523765,11.733665098925435,4.5802004834908985,24.896108100254928,586,0,0,1.9122999090588801,3.679459008729106,59
1,ORIGA,U_RAND,OC,586,69.14241556851712,71.53967310420924,51.426379519691594,84.0770623576538,586,0,0,1.4288980338363055,40.37237268032932,59,586,0,586,18.81034401080088,17.802660898735766,8.626023341359513,31.11011362715357,586,0,0,2.881090962590449,6.729569785585053,59
1,ORIGA,U_RAND,macro,586,78.41015927841552,80.10888095324364,65.14119747712769,88.92458090447343,586,0,0,32.79563921657525,57.32347961844676,59,,,,,,,,,,,,,
1,ORIGA,U_SCALE,OD,586,87.8125222752736,89.39619584183146,77.85526887820231,95.46062581708006,586,0,0,57.34695821370743,72.1693627092929,59,586,0,586,13.33247490342555,11.55239814601886,4.699530496795894,24.534076149769554,586,0,0,2.058097968218938,3.6911068053861276,59
1,ORIGA,U_SCALE,OC,586,69.78251129479528,72.23614451134728,52.0292918926397,84.48725803228399,586,0,0,1.939042736947679,41.29116518660381,59,586,0,586,18.592658543277263,17.386446887960112,8.661458312418898,30.541493339631025,586,0,0,3.143280371889676,6.81807833135057,59
1,ORIGA,U_SCALE,macro,586,78.79751678503445,80.76006853886415,65.49492970947364,88.83050329163846,586,0,0,33.302237581116,57.89127085229638,59,,,,,,,,,,,,,
1,ORIGA,S_JOINT,OD,586,87.25832716910581,88.8729464392153,77.13202854117498,95.0457293358196,586,0,0,57.426199261992615,71.50742578608474,59,586,0,586,14.088763531700286,12.375700911576724,5.237654469641585,25.42925347191203,586,0,0,2.2350688658003897,4.0654966385609645,59
1,ORIGA,S_JOINT,OC,586,69.9536603775685,72.09718782197037,52.1372649734281,84.54489693792601,586,0,0,2.7447789530783835,41.42384957760719,59,586,0,586,18.51318767487903,17.080834889947972,8.631661139398508,30.26473247852706,586,0,0,2.603772548401185,6.618630971669695,59
1,ORIGA,S_JOINT,macro,586,78.60599377333715,80.71113541964209,64.80870923674695,88.7117662004267,586,0,0,33.75193900331146,57.55979535526075,59,,,,,,,,,,,,,
1,ORIGA,S_SHARED,OD,586,87.78789615487247,89.25242432922948,77.86909945519227,95.4136532626495,586,0,0,57.426199261992615,72.24718835524146,59,586,0,586,13.373126362166019,11.564472866359846,4.86115121406113,24.449242967236106,586,0,0,2.0293265413997985,3.7282498503191555,59
1,ORIGA,S_SHARED,OC,586,70.54481367796775,72.77754323985071,53.13305657309738,84.82216322116224,586,0,0,2.7447789530783835,42.211505138515186,59,586,0,586,18.2542449592784,16.63784443036394,8.60866934768362,30.060916847500224,586,0,0,2.613381230620653,6.645401475691925,59
1,ORIGA,S_SHARED,macro,586,79.16635491642012,81.27226577044641,65.9752749939305,89.18035402842801,586,0,0,33.75193900331146,58.3611958959454,59,,,,,,,,,,,,,
1,ORIGA,S_NOPCA,OD,586,87.31163824326406,88.95997863443841,77.19696311519174,95.04707267276247,586,0,0,57.6539135395021,71.52062681797764,59,586,0,586,14.02242357787366,12.207673784653181,5.175174196713575,25.503917264818625,586,0,0,2.1969760240351595,4.0332867148271445,59
1,ORIGA,S_NOPCA,OC,586,69.3745181996803,71.5918001521944,51.22100438489504,84.26143456564279,586,0,0,1.9702788445483386,40.807955414635344,59,586,0,586,18.755331849410545,17.655594310102174,8.650540011242326,30.66922850720512,586,0,0,3.0992365213769935,6.792503608045794,59
1,ORIGA,S_NOPCA,macro,586,78.34307822147218,80.28776647025299,64.71224618431468,88.56930313783363,586,0,0,33.387847629463025,57.25987142144078,59,,,,,,,,,,,,,
1,ORIGA,M_TRANSPORT,OD,586,87.79354796474351,89.2473556483323,77.88411204572787,95.42519998272978,586,0,0,57.49209751597455,72.26026716590991,59,586,0,586,13.374226229272907,11.573789097266673,4.861505347647546,24.489501368016988,586,0,0,2.049808810486954,3.729789144163375,59
1,ORIGA,M_TRANSPORT,OC,586,70.59107479754209,72.98643427080358,53.30749046125359,84.83935890871965,586,0,0,2.92972972972973,42.30586563970013,59,586,0,586,18.274783206363107,16.63163857959212,8.672284435407125,30.181903140474372,586,0,0,2.5743681412572452,6.685454812959176,59
1,ORIGA,M_TRANSPORT,macro,586,79.1923113811428,81.26367326334132,66.12200094127942,89.17960892298711,586,0,0,33.86868988135201,58.411227206632795,59,,,,,,,,,,,,,
1,ORIGA,M_IDPOST,OD,586,87.78522739978047,89.2600978648513,77.88353359111619,95.41662642517221,586,0,0,57.41776137227228,72.23760687887771,59,586,0,586,13.375302377565738,11.59320058613703,4.847931300496121,24.45712420097321,586,0,0,2.046407544513676,3.7294442381251693,59
1,ORIGA,M_IDPOST,OC,586,70.5540240864018,72.80826116214162,53.13699433548886,84.86257643838842,586,0,0,2.711643798470633,42.20884900635692,59,586,0,586,18.24945442003834,16.554254593759932,8.620542637342577,30.08112105174327,586,0,0,2.6125024293072725,6.643253483048593,59
1,ORIGA,M_IDPOST,macro,586,79.16962574309115,81.2834758588538,65.97074975902511,89.19855758200087,586,0,0,33.732785480235435,58.355929707993255,59,,,,,,,,,,,,,
1,ORIGA,M_SHUFFLE,OD,586,87.66145412147085,88.99013647435632,77.38621395408768,95.44250948504897,586,0,0,58.47793884245054,72.326095467567,59,586,0,586,13.70194734285849,11.945041625965757,4.722545655545444,25.306835408975275,586,0,0,1.9943849332330368,3.8434226622540346,59
1,ORIGA,M_SHUFFLE,OC,586,70.21243861868287,72.56476038082319,52.468054266249936,84.5728462151865,586,0,0,3.490802675585284,41.94776992513567,59,586,0,586,18.50025569534011,17.23607029314677,9.216490224505788,29.919569878500745,586,0,0,2.6538875750162942,7.0772674501236,59
1,ORIGA,M_SHUFFLE,macro,586,78.93694637007687,80.77894042515648,65.8176700192633,88.8888500976984,586,0,0,34.72914825874309,58.260091321856336,59,,,,,,,,,,,,,
1,ORIGA,G_PCA,OD,586,87.84676198965701,89.32817275211542,77.83618721091689,95.52588357942233,586,0,0,57.98907546024681,72.3031467307057,59,586,0,586,13.345257541601143,11.428096501881646,4.70517966752849,24.417853993336788,586,0,0,1.9334975376811145,3.7507531786291057,59
1,ORIGA,G_PCA,OC,586,69.63622248338127,71.94576712449846,52.12441138220339,84.29386504504308,586,0,0,2.0098828493698297,41.19038248852869,59,586,0,586,18.70313054465122,17.505972055697676,8.746127919439122,30.66989674982038,586,0,0,3.1933409002421858,6.90837426672502,59
1,ORIGA,G_PCA,macro,586,78.74149223651915,80.68461986851679,65.58804185821319,88.68711247501682,586,0,0,33.51261013634135,57.94384526291841,59,,,,,,,,,,,,,
1,ORIGA,G_ISO,OD,586,87.87764399158614,89.39170613286535,77.93320291823919,95.52098411282732,586,0,0,57.90925315018117,72.3552173875968,59,586,0,586,13.300586784319082,11.468447277756674,4.7174839591249444,24.448968456552798,586,0,0,1.9426435871469818,3.7280665426833837,59
1,ORIGA,G_ISO,OC,586,69.78523426786805,72.09340565506437,52.21259874688235,84.35009793483547,586,0,0,2.071792599157988,41.37406220314289,59,586,0,586,18.62362257648481,17.420441344337803,8.71653833158231,30.566640088447464,586,0,0,3.1308447186582846,6.868411704044071,59
1,ORIGA,G_ISO,macro,586,78.83143912972709,80.82510526688938,65.62731565283394,88.73810677169183,586,0,0,33.54022772489206,58.04289196972462,59,,,,,,,,,,,,,
1,ORIGA,G_ORDER,OD,586,87.84882814696324,89.41365667322131,77.85312174748958,95.47509374148545,586,0,0,57.653033512574005,72.2842405773162,59,586,0,586,13.30079086712361,11.50402140684836,4.736667444619975,24.41511895692816,586,0,0,2.0575064662583173,3.6922116026071388,59
1,ORIGA,G_ORDER,OC,586,69.84768702540251,72.32053626625259,52.11689689507756,84.50511649489997,586,0,0,1.9810795770728993,41.45150195957072,59,586,0,586,18.573317776418968,17.388435861082556,8.617904978015668,30.598017204827805,586,0,0,3.120751277116374,6.81586691291444,59
1,ORIGA,G_ORDER,macro,586,78.84825758618287,80.82698046249416,65.63956197203578,88.81492270300416,586,0,0,33.388223781227374,58.036621503097805,59,,,,,,,,,,,,,
1,REFUGE_Valid,C,OD,736,82.49780776701517,84.30332796027146,69.22211954739694,92.68826797739308,736,0,0,43.90642485389985,62.878708849101464,74,736,0,736,17.00359301229681,13.679365516477535,6.351129869694173,34.45606751501106,736,0,0,1.9588497054115976,4.814983843738457,74
1,REFUGE_Valid,C,OC,736,64.5032474911912,63.884510800680275,44.633862621155615,85.65410087327805,736,0,0,21.86400937866354,39.2949272227812,74,736,0,736,15.371625873010746,15.208453332789608,6.832397043388965,23.291447540295707,736,0,0,1.9748146893160934,5.026375726572461,74
1,REFUGE_Valid,C,macro,736,73.50052762910319,74.37695780536541,58.45414863671569,87.87946060889819,736,0,0,33.94859399653479,53.672051889219915,74,,,,,,,,,,,,,
1,REFUGE_Valid,RP,OD,736,82.25651263667314,83.8867050076517,68.86428881086417,92.58908094653242,736,0,0,43.74212999911324,62.653715123663744,74,736,0,736,17.168233984738002,13.905294725805858,6.5130507243102995,34.28985980549592,736,0,0,2.02329971964693,4.914176252622735,74
1,REFUGE_Valid,RP,OC,736,64.12303628906461,63.51894895399457,44.23619470232812,85.40469317388201,736,0,0,21.256684491978607,38.89212280669542,74,736,0,736,15.640716116420043,15.63951152152918,6.872625855046076,23.532367777427424,736,0,0,2.1311467603471335,5.122950566502778,74
1,REFUGE_Valid,RP,macro,736,73.18977446286888,74.01042074745712,58.12859609686162,87.73057246495216,736,0,0,33.561607045098356,53.29615593667167,74,,,,,,,,,,,,,
1,REFUGE_Valid,T_LR,OD,736,75.84837597028739,76.97785502633371,62.05774402331303,87.97994285029064,736,0,0,41.890933091329096,56.92597114709128,74,736,0,736,23.24513814294311,20.785768921987483,10.32875955491889,39.367651286014336,736,0,0,3.4675335206864446,7.99370166281471,74
1,REFUGE_Valid,T_LR,OC,736,58.70409418343299,57.473194187354466,38.53905977115467,80.89967593291573,736,0,0,20.26009582477755,33.936569065893195,74,736,0,736,19.584084829145,19.6733793362799,9.485334788697369,28.732691265148407,736,0,0,2.570766734946882,6.742642133146226,74
1,REFUGE_Valid,T_LR,macro,736,67.2762350768602,67.24261456320033,51.66457884472611,83.54028689210358,736,0,0,33.79148622743175,47.13217183428107,74,,,,,,,,,,,,,
1,REFUGE_Valid,T_ISO,OD,736,80.85813171172265,82.68954079518139,68.40443276164191,91.1199719412713,736,0,0,45.39839959900468,62.4182111237807,74,736,0,736,18.276881520835776,15.466105375910642,7.7396187096802755,32.71470135586338,736,0,0,2.7461226305043827,6.187354444594734,74
1,REFUGE_Valid,T_ISO,OC,736,59.299703514101765,58.12766855102433,38.908914552177635,81.56276730178826,736,0,0,20.883675809154244,34.55883788656262,74,736,0,736,18.967281112246333,19.233729833879735,9.218549651404782,28.035205979499132,736,0,0,2.5048757149933283,6.560978347478548,74
1,REFUGE_Valid,T_ISO,macro,736,70.07891761291219,70.45655144805963,55.27586026708153,84.78537574221784,736,0,0,35.646672283156846,50.47446960507533,74,,,,,,,,,,,,,
1,REFUGE_Valid,T_DIAG,OD,736,76.75301804402608,77.72342837435664,63.49465999420877,88.277399139762,736,0,0,43.66443294596658,58.387782044311194,74,736,0,736,22.270525987441943,20.086784812417555,10.27336636662804,37.46374147622477,736,0,0,4.748489197519849,7.959016239234043,74
1,REFUGE_Valid,T_DIAG,OC,736,57.10828116011574,55.50659526697623,37.58710098233752,79.63274236295356,736,0,0,19.30224975546136,32.51276041549889,74,736,0,736,20.80076986761422,20.90329089184896,10.371485182168842,30.184068595704062,736,0,0,2.420887042230265,7.263556422556551,74
1,REFUGE_Valid,T_DIAG,macro,736,66.93064960207091,66.83616249639692,51.47912727809373,82.89783149862987,736,0,0,34.92378403551646,47.07198144663612,74,,,,,,,,,,,,,
1,REFUGE_Valid,U_PCA,OD,736,82.85908377303355,84.81771811035884,69.58219652156288,92.82661503202058,736,0,0,43.885071385338414,63.19479710551313,74,736,0,736,16.76135407680006,13.301821528343543,5.985380659083752,33.973491696990074,736,0,0,1.8679259289293417,4.6490625595524415,74
1,REFUGE_Valid,U_PCA,OC,736,65.12208707732954,64.45314269763452,45.4300467875636,86.32459583210769,736,0,0,22.819605861546236,39.83418257456527,74,736,0,736,14.99574832919456,14.954905371690487,6.7227159842552915,22.589318142728196,736,0,0,1.7714331357590316,4.857162943705812,74
1,REFUGE_Valid,U_PCA,macro,736,73.99058542518155,74.8169105223984,58.84268910095864,88.2633524629922,736,0,0,34.59006989694876,54.17373573409627,74,,,,,,,,,,,,,
1,REFUGE_Valid,U_RAND,OD,736,82.83963097054355,84.78854894093371,69.5547317201723,92.8811179035254,736,0,0,44.17039958595828,63.18673810213952,74,736,0,736,16.79086217261599,13.340769838052745,6.002419337033098,34.656337681941686,736,0,0,1.8643587104093449,4.658571560797933,74
1,REFUGE_Valid,U_RAND,OC,736,65.04995892143062,64.35040537762076,45.3174297359637,86.3568580399773,736,0,0,23.020854423972466,39.77324042406324,74,736,0,736,15.044092235040427,14.943943129786252,6.766349742725474,22.628639357899246,736,0,0,1.7804358402260714,4.866442154770354,74
1,REFUGE_Valid,U_RAND,macro,736,73.94479494598708,74.76536930760795,58.82226312168376,88.20734623678413,736,0,0,34.688849014776366,54.13329474533473,74,,,,,,,,,,,,,
1,REFUGE_Valid,U_SCALE,OD,736,82.55473192313336,84.37582006901427,69.30935079656282,92.72202860209417,736,0,0,43.962495774547655,62.945735371808176,74,736,0,736,16.968179933681668,13.611640828852945,6.304403548468404,34.44080976494483,736,0,0,1.9406527465191497,4.790194793259067,74
1,REFUGE_Valid,U_SCALE,OC,736,64.53118554821813,63.86437932873151,44.682275444356826,85.67707944475183,736,0,0,21.95718056506012,39.31695278821478,74,736,0,736,15.360111854341369,15.187633986571733,6.830249222516937,23.24798610801747,736,0,0,1.9793592228679355,5.021054275095282,74
1,REFUGE_Valid,U_SCALE,macro,736,73.54295873567575,74.41413540592015,58.49323968135019,87.87516941609098,736,0,0,34.0235834002176,53.71700476213961,74,,,,,,,,,,,,,
1,REFUGE_Valid,S_JOINT,OD,736,82.25651263667314,83.8867050076517,68.86428881086417,92.58908094653242,736,0,0,43.74212999911324,62.653715123663744,74,736,0,736,17.168233984738002,13.905294725805858,6.5130507243102995,34.28985980549592,736,0,0,2.02329971964693,4.914176252622735,74
1,REFUGE_Valid,S_JOINT,OC,736,64.12303628906461,63.51894895399457,44.23619470232812,85.40469317388201,736,0,0,21.256684491978607,38.89212280669542,74,736,0,736,15.640716116420043,15.63951152152918,6.872625855046076,23.532367777427424,736,0,0,2.1311467603471335,5.122950566502778,74
1,REFUGE_Valid,S_JOINT,macro,736,73.18977446286888,74.01042074745712,58.12859609686162,87.73057246495216,736,0,0,33.561607045098356,53.29615593667167,74,,,,,,,,,,,,,
1,REFUGE_Valid,S_SHARED,OD,736,82.25651263667314,83.8867050076517,68.86428881086417,92.58908094653242,736,0,0,43.74212999911324,62.653715123663744,74,736,0,736,17.168233984738002,13.905294725805858,6.5130507243102995,34.28985980549592,736,0,0,2.02329971964693,4.914176252622735,74
1,REFUGE_Valid,S_SHARED,OC,736,64.12303628906461,63.51894895399457,44.23619470232812,85.40469317388201,736,0,0,21.256684491978607,38.89212280669542,74,736,0,736,15.640716116420043,15.63951152152918,6.872625855046076,23.532367777427424,736,0,0,2.1311467603471335,5.122950566502778,74
1,REFUGE_Valid,S_SHARED,macro,736,73.18977446286888,74.01042074745712,58.12859609686162,87.73057246495216,736,0,0,33.561607045098356,53.29615593667167,74,,,,,,,,,,,,,
1,REFUGE_Valid,S_NOPCA,OD,736,82.49780776701517,84.30332796027146,69.22211954739694,92.68826797739308,736,0,0,43.90642485389985,62.878708849101464,74,736,0,736,17.00359301229681,13.679365516477535,6.351129869694173,34.45606751501106,736,0,0,1.9588497054115976,4.814983843738457,74
1,REFUGE_Valid,S_NOPCA,OC,736,64.5032474911912,63.884510800680275,44.633862621155615,85.65410087327805,736,0,0,21.86400937866354,39.2949272227812,74,736,0,736,15.371625873010746,15.208453332789608,6.832397043388965,23.291447540295707,736,0,0,1.9748146893160934,5.026375726572461,74
1,REFUGE_Valid,S_NOPCA,macro,736,73.50052762910319,74.37695780536541,58.45414863671569,87.87946060889819,736,0,0,33.94859399653479,53.672051889219915,74,,,,,,,,,,,,,
1,REFUGE_Valid,M_TRANSPORT,OD,736,82.26311972698826,83.89727083089555,68.87499655708453,92.58370797232804,736,0,0,43.8002306395813,62.67405565678997,74,736,0,736,17.155639194370334,13.845238029129117,6.509649393443619,34.30283187358852,736,0,0,2.019683609346208,4.915462875411268,74
1,REFUGE_Valid,M_TRANSPORT,OC,736,64.08012964946006,63.468127409112725,44.18886704782278,85.32742871626147,736,0,0,21.39047619047619,38.85460656510215,74,736,0,736,15.673158006075932,15.634257063069716,6.981521606392041,23.52237568470953,736,0,0,2.179434130662383,5.136270042006809,74
1,REFUGE_Valid,M_TRANSPORT,macro,736,73.17162468822417,73.97818126839618,58.16866351870761,87.73171129429696,736,0,0,33.644653437680375,53.27917846093691,74,,,,,,,,,,,,,
1,REFUGE_Valid,M_IDPOST,OD,736,82.25675312333661,83.89406962781226,68.86461398159115,92.58581719422172,736,0,0,43.72517026106697,62.65254561116139,74,736,0,736,17.170035846543403,13.878315053513123,6.524984285235969,34.3922083042916,736,0,0,2.030051046554827,4.916674765818015,74
1,REFUGE_Valid,M_IDPOST,OC,736,64.1254596534295,63.53180324023852,44.23413054518436,85.40969830811449,736,0,0,21.266838635712237,38.893508279742164,74,736,0,736,15.640084008341343,15.656129443487183,6.894776682909789,23.523567185600122,736,0,0,2.135190000525574,5.122571253753668,74
1,REFUGE_Valid,M_IDPOST,macro,736,73.19110638838306,74.01044170170843,58.14395987901574,87.7330471371752,736,0,0,33.57310920049126,53.298299264052616,74,,,,,,,,,,,,,
1,REFUGE_Valid,M_SHUFFLE,OD,736,80.92782884510639,82.53153080705826,66.87277361450877,91.71893335547779,736,0,0,42.34756572457121,61.19325613203922,74,736,0,736,18.447538843165265,15.269989145546564,7.056210478469962,34.69420550677018,736,0,0,2.4400181683727964,5.485498046046693,74
1,REFUGE_Valid,M_SHUFFLE,OC,736,62.783823537319115,61.995840487275494,42.50166255361469,84.56263044749295,736,0,0,18.79267959573887,37.63584358747679,74,736,0,736,16.61977420392046,16.6169734678313,7.44447848599601,24.586896812923385,736,0,0,2.069835036605788,5.5296731495737905,74
1,REFUGE_Valid,M_SHUFFLE,macro,736,71.85582619121276,72.59870897888297,56.371407440195085,86.69203302100632,736,0,0,31.775705775198826,51.72268404866208,74,,,,,,,,,,,,,
1,REFUGE_Valid,G_PCA,OD,736,82.13651404356376,83.8277174567094,68.72955748106591,92.50949101046344,736,0,0,43.550208171618095,62.53442107730532,74,736,0,736,17.292687275023706,14.005779516094528,6.572133191928296,34.61903551421293,736,0,0,2.02415337701121,4.961362767077475,74
1,REFUGE_Valid,G_PCA,OC,736,64.33365602768794,63.71818891756738,44.5035780778492,85.67386512793078,736,0,0,21.954563258911087,39.128342335159985,74,736,0,736,15.476250217956693,15.335653703355238,6.9064124233137285,23.346095752237524,736,0,0,2.0515087275007033,5.077602191319528,74
1,REFUGE_Valid,G_PCA,macro,736,73.23508503562586,74.07738236331002,58.182310889546144,87.72105957331321,736,0,0,33.91809399205186,53.35928425225583,74,,,,,,,,,,,,,
1,REFUGE_Valid,G_ISO,OD,736,82.25919653410183,83.94565945508234,68.8697525632783,92.58576612277636,736,0,0,43.62106454064947,62.65162981947752,74,736,0,736,17.193304398618054,13.930216030039228,6.514767312224713,34.383539691936406,736,0,0,1.989779435725144,4.913895909826989,74
1,REFUGE_Valid,G_ISO,OC,736,64.348025187458,63.71715808673955,44.50690036926839,85.60797874695595,736,0,0,22.020320437670964,39.14372533193216,74,736,0,736,15.4679948962412,15.345824838326926,6.905604381708328,23.365324861725913,736,0,0,2.0597840978764763,5.067559275063964,74
1,REFUGE_Valid,G_ISO,macro,736,73.30361086077993,74.16698464979535,58.231696999399205,87.77190731537932,736,0,0,33.990304005210014,53.442752887001134,74,,,,,,,,,,,,,
1,REFUGE_Valid,G_ORDER,OD,736,82.49592896925054,84.2824454918195,69.21410139362479,92.69277429687887,736,0,0,43.87523092226801,62.87914897748378,74,736,0,736,17.00601594601076,13.677260945857292,6.3383167643150164,34.39933413786222,736,0,0,1.957536235972782,4.813532640520533,74
1,REFUGE_Valid,G_ORDER,OC,736,64.50375803762529,63.87986042682276,44.63821007765782,85.64591245975222,736,0,0,21.955034213098727,39.295228144632155,74,736,0,736,15.374064214426438,15.211033207264574,6.8297070827497635,23.29348682472446,736,0,0,1.9971787753580308,5.024816744020998,74
1,REFUGE_Valid,G_ORDER,macro,736,73.49984350343792,74.37014222455352,58.449730860756254,87.88283967279827,736,0,0,33.99311726126164,53.670652126241315,74,,,,,,,,,,,,,
1,Drishti_GS,C,OD,37,85.95899660557197,86.87371169437955,79.82272007115276,91.20250267018402,37,0,0,70.35706132526147,75.56388460035143,4,37,0,37,15.193805943096432,13.637586443436337,8.224797630729881,23.18876060920238,37,0,0,6.430692762345799,7.386978291067705,4
1,Drishti_GS,C,OC,37,61.281864065427285,60.40699147175547,48.69617814929648,82.44228578946826,37,0,0,25.87546341117854,35.20515507274935,4,37,0,37,27.05460753149691,27.560475586599182,7.493352133802345,41.506127813155615,37,0,0,4.752116364696918,5.812129990136639,4
1,Drishti_GS,C,macro,37,73.62043033549963,73.0412816043989,65.88129404806206,86.0307830134207,37,0,0,50.29674462643854,55.64179837447784,4,,,,,,,,,,,,,
1,Drishti_GS,RP,OD,37,85.9546986187967,86.85038828946465,79.82103312383248,91.19789438910634,37,0,0,70.36144578313252,75.56467164382339,4,37,0,37,15.200895433652578,13.63555876901532,8.249747641889762,23.204054908826226,37,0,0,6.430692762345799,7.393909814393799,4
1,Drishti_GS,RP,OC,37,61.29669213895056,60.418777440054036,48.717048425236534,82.42367931765382,37,0,0,25.883686335623718,35.22240223493083,4,37,0,37,27.061984634396698,27.59320754100132,7.496989639543132,41.523276357175575,37,0,0,4.752116364696918,5.815172171347325,4
1,Drishti_GS,RP,macro,37,73.62569537887362,73.04193859953969,65.881093520241,86.0302119465644,37,0,0,50.319529948024865,55.649758386559164,4,,,,,,,,,,,,,
1,Drishti_GS,T_LR,OD,37,86.41482650529701,87.78340690208668,80.79398679384023,91.49309519050352,37,0,0,70.7613725440615,75.71866676656964,4,37,0,37,14.739414142902952,13.029947390541418,8.224452781943466,22.61883788437102,37,0,0,6.428464896322347,6.914719872057006,4
1,Drishti_GS,T_LR,OC,37,61.69330945875288,61.1573024271437,49.400322010152024,82.00666992338451,37,0,0,25.743790911454024,35.446603122658544,4,37,0,37,26.8474306173536,27.01589582429857,7.76920487394663,41.15913679969805,37,0,0,4.661000666818448,5.7963054251293435,4
1,Drishti_GS,T_LR,macro,37,74.05406798202496,73.836738752339,66.16187411121513,86.25338365865944,37,0,0,50.559180374190696,55.727991955507996,4,,,,,,,,,,,,,
1,Drishti_GS,T_ISO,OD,37,86.10647554223966,87.37978302803124,80.13797657005993,91.35923790652737,37,0,0,70.36363790085984,75.59485781984344,4,37,0,37,15.040150482016605,13.26269821506789,8.342662444471378,23.067493900053897,37,0,0,6.430692762345799,7.1797944924745885,4
1,Drishti_GS,T_ISO,OC,37,62.01023796467827,61.37462615646923,49.92034801115838,81.80805701011714,37,0,0,25.89601926618501,35.75353393571241,4,37,0,37,26.695673599870904,26.833557615194362,7.836977622675083,40.90897856272546,37,0,0,4.647437057415026,5.831623465917516,4
1,Drishti_GS,T_ISO,macro,37,74.05835675345898,73.80675516246997,66.15988453253284,86.02974410209461,37,0,0,50.625407719984786,55.764346051395435,4,,,,,,,,,,,,,
1,Drishti_GS,T_DIAG,OD,37,86.21308704792978,87.52529505662322,80.43226452269425,91.4430216006392,37,0,0,70.21879893351391,75.57737200138641,4,37,0,37,14.932576525584835,13.266058438839726,8.441099741950733,22.92454834699372,37,0,0,6.430692762345799,7.0460464011360235,4
1,Drishti_GS,T_DIAG,OC,37,61.85108025345515,61.32423666256571,49.758777070688396,81.79662287682619,37,0,0,25.780843925719417,35.60030186945785,4,37,0,37,26.759943857733752,26.456980921570732,7.8576106892886095,40.97987680385047,37,0,0,4.671963815195486,5.865711169674743,4
1,Drishti_GS,T_DIAG,macro,37,74.03208365069246,73.7506816634496,66.17283288277552,86.05514708288501,37,0,0,50.3847502513726,55.69405868896484,4,,,,,,,,,,,,,
1,Drishti_GS,U_PCA,OD,37,85.87280068830773,86.71336370016651,79.6492086038623,91.17774790508315,37,0,0,70.05491711583444,75.47613842215391,4,37,0,37,15.268238817305626,13.684853566908552,8.297564604652994,23.262711144450265,37,0,0,6.430692762345799,7.457040118984457,4
1,Drishti_GS,U_PCA,OC,37,61.221364250842825,60.328367456137876,48.67651557903832,82.45064418608003,37,0,0,25.990513722066215,35.2202176333044,4,37,0,37,27.105631788853735,27.693984585163314,7.5513189442401965,41.480747874410035,37,0,0,4.782531951556999,5.728284429976782,4
1,Drishti_GS,U_PCA,macro,37,73.54708246957526,72.94437720633543,65.80737677900403,85.97953207083079,37,0,0,50.16773616721938,55.61550481291958,4,,,,,,,,,,,,,
1,Drishti_GS,U_RAND,OD,37,85.8950107448743,86.77880317429755,79.70809597681534,91.17273772945828,37,0,0,70.18913290099731,75.51201635029078,4,37,0,37,15.26008880510589,13.683484146984265,8.271779107313327,23.216725615852887,37,0,0,6.430692762345799,7.438986746473883,4
1,Drishti_GS,U_RAND,OC,37,61.22363493164489,60.30476297777653,48.656687124899584,82.48568981054302,37,0,0,25.920679886685555,35.19567737683462,4,37,0,37,27.11603910278559,27.637909852549843,7.505557936966113,41.51623516541372,37,0,0,4.77808260241904,5.757333755190291,4
1,Drishti_GS,U_RAND,macro,37,73.5593228382596,72.94919994383164,65.82825934382764,86.00044010527098,37,0,0,50.20983772801642,55.617999367070325,4,,,,,,,,,,,,,
1,Drishti_GS,U_SCALE,OD,37,85.9515703532003,86.86282863543285,79.81269452268327,91.1976165371964,37,0,0,70.31978145588944,75.55484370483563,4,37,0,37,15.203090886759952,13.65307306703261,8.225046352523865,23.216055833881224,37,0,0,6.430692762345799,7.394258188721466,4
1,Drishti_GS,U_SCALE,OC,37,61.278067995336755,60.39520351292011,48.698676788916394,82.43649531926835,37,0,0,25.89190848346044,35.205396567435514,4,37,0,37,27.067546779704728,27.568621050025865,7.526574609069797,41.500894938026384,37,0,0,4.753127602406979,5.79967846663836,4
1,Drishti_GS,U_SCALE,macro,37,73.61481917426852,73.0292497236092,65.87536213747605,86.02221528826057,37,0,0,50.272219115130966,55.637398674063014,4,,,,,,,,,,,,,
1,Drishti_GS,S_JOINT,OD,37,85.9546986187967,86.85038828946465,79.82103312383248,91.19789438910634,37,0,0,70.36144578313252,75.56467164382339,4,37,0,37,15.200895433652578,13.63555876901532,8.249747641889762,23.204054908826226,37,0,0,6.430692762345799,7.393909814393799,4
1,Drishti_GS,S_JOINT,OC,37,61.29669213895056,60.418777440054036,48.717048425236534,82.42367931765382,37,0,0,25.883686335623718,35.22240223493083,4,37,0,37,27.061984634396698,27.59320754100132,7.496989639543132,41.523276357175575,37,0,0,4.752116364696918,5.815172171347325,4
1,Drishti_GS,S_JOINT,macro,37,73.62569537887362,73.04193859953969,65.881093520241,86.0302119465644,37,0,0,50.319529948024865,55.649758386559164,4,,,,,,,,,,,,,
1,Drishti_GS,S_SHARED,OD,37,85.9546986187967,86.85038828946465,79.82103312383248,91.19789438910634,37,0,0,70.36144578313252,75.56467164382339,4,37,0,37,15.200895433652578,13.63555876901532,8.249747641889762,23.204054908826226,37,0,0,6.430692762345799,7.393909814393799,4
1,Drishti_GS,S_SHARED,OC,37,61.29669213895056,60.418777440054036,48.717048425236534,82.42367931765382,37,0,0,25.883686335623718,35.22240223493083,4,37,0,37,27.061984634396698,27.59320754100132,7.496989639543132,41.523276357175575,37,0,0,4.752116364696918,5.815172171347325,4
1,Drishti_GS,S_SHARED,macro,37,73.62569537887362,73.04193859953969,65.881093520241,86.0302119465644,37,0,0,50.319529948024865,55.649758386559164,4,,,,,,,,,,,,,
1,Drishti_GS,S_NOPCA,OD,37,85.95899660557197,86.87371169437955,79.82272007115276,91.20250267018402,37,0,0,70.35706132526147,75.56388460035143,4,37,0,37,15.193805943096432,13.637586443436337,8.224797630729881,23.18876060920238,37,0,0,6.430692762345799,7.386978291067705,4
1,Drishti_GS,S_NOPCA,OC,37,61.281864065427285,60.40699147175547,48.69617814929648,82.44228578946826,37,0,0,25.87546341117854,35.20515507274935,4,37,0,37,27.05460753149691,27.560475586599182,7.493352133802345,41.506127813155615,37,0,0,4.752116364696918,5.812129990136639,4
1,Drishti_GS,S_NOPCA,macro,37,73.62043033549963,73.0412816043989,65.88129404806206,86.0307830134207,37,0,0,50.29674462643854,55.64179837447784,4,,,,,,,,,,,,,
1,Drishti_GS,M_TRANSPORT,OD,37,85.95508287914177,86.85038828946465,79.82187660741712,91.19789438910634,37,0,0,70.36254185126315,75.56494566085604,4,37,0,37,15.200205716893997,13.63555876901532,8.249747641889762,23.181740439351863,37,0,0,6.430692762345799,7.395490082754023,4
1,Drishti_GS,M_TRANSPORT,OC,37,61.29451560197151,60.418777440054036,48.71366573485128,82.42367931765382,37,0,0,25.883686335623718,35.219552751534295,4,37,0,37,27.06251751384826,27.543699767423742,7.496989639543132,41.523276357175575,37,0,0,4.752116364696918,5.815172171347325,4
1,Drishti_GS,M_TRANSPORT,macro,37,73.62479924055665,73.04130119615104,65.87855650245206,86.0302119465644,37,0,0,50.31860737827866,55.649527744122615,4,,,,,,,,,,,,,
1,Drishti_GS,M_IDPOST,OD,37,85.95472705058744,86.84883305385272,79.82187660741712,91.19789438910634,37,0,0,70.36144578313252,75.56467164382339,4,37,0,37,15.200894065879984,13.63555876901532,8.249747641889762,23.203759082618095,37,0,0,6.430692762345799,7.393909814393799,4
1,Drishti_GS,M_IDPOST,OC,37,61.29630312624645,60.418777440054036,48.71785480301499,82.42367931765382,37,0,0,25.883686335623718,35.221345173668645,4,37,0,37,27.062056169895545,27.543699767423742,7.496989639543132,41.52133051807221,37,0,0,4.752116364696918,5.815172171347325,4
1,Drishti_GS,M_IDPOST,macro,37,73.62551508841693,73.0406681455381,65.87936874591557,86.0302119465644,37,0,0,50.319529948024865,55.649758386559164,4,,,,,,,,,,,,,
1,Drishti_GS,M_SHUFFLE,OD,37,86.02524597376753,86.99638979258467,79.97032409950567,91.22736079433437,37,0,0,70.46220652715706,75.59224432554171,4,37,0,37,15.133980237280175,13.586975128723697,8.213163636479623,23.056457424567284,37,0,0,6.430692762345799,7.342422723022933,4
1,Drishti_GS,M_SHUFFLE,OC,37,61.327192522072096,60.50514710018563,48.7616521749836,82.33757253981973,37,0,0,25.87546341117854,35.22919606532404,4,37,0,37,27.040503068897486,27.494219446595167,7.523381552874212,41.55459018740755,37,0,0,4.747382375710017,5.8326293859842515,4
1,Drishti_GS,M_SHUFFLE,macro,37,73.67621924791979,73.13438044384301,65.94437681581273,86.06390405071441,37,0,0,50.34931722738634,55.65690515915344,4,,,,,,,,,,,,,
1,Drishti_GS,G_PCA,OD,37,86.0042063978004,86.96846123216763,79.93119043157205,91.2138723464262,37,0,0,70.40198796402731,75.57751374966463,4,37,0,37,15.15302169100079,13.617747018091666,8.211828837679276,23.064963751385996,37,0,0,6.430692762345799,7.36225019917932,4
1,Drishti_GS,G_PCA,OC,37,61.27339997373158,60.43056141831996,48.67537558566834,82.41070370089034,37,0,0,25.8713516576934,35.19450065306691,4,37,0,37,27.07050333491003,27.591708561773473,7.514009665978134,41.52993904177273,37,0,0,4.760014511183788,5.827527160037285,4
1,Drishti_GS,G_PCA,macro,37,73.638803185766,73.0855242808688,65.91173545153445,86.04224002103163,37,0,0,50.301548767034454,55.642757179178915,4,,,,,,,,,,,,,
1,Drishti_GS,G_ISO,OD,37,85.99777671238311,86.95138698159846,79.9105312532973,91.21216281749487,37,0,0,70.39651077281987,75.57585040042386,4,37,0,37,15.157235982344446,13.621852436600435,8.221777555341752,23.055490731245058,37,0,0,6.430692762345799,7.364119152554296,4
1,Drishti_GS,G_ISO,OC,37,61.28040263026642,60.43448896893291,48.69294721677606,82.4167664401596,37,0,0,25.8713516576934,35.20080642880464,4,37,0,37,27.071158747995767,27.564875711907714,7.510376190668116,41.53076709332543,37,0,0,4.760014511183788,5.825573877283217,4
1,Drishti_GS,G_ISO,macro,37,73.63908967132477,73.088748621669,65.9100745937956,86.0397430038214,37,0,0,50.303225654946594,55.64349288897386,4,,,,,,,,,,,,,
1,Drishti_GS,G_ORDER,OD,37,85.95885203881102,86.87371169437955,79.82356351504009,91.20095781619578,37,0,0,70.35596516445422,75.56361056014961,4,37,0,37,15.193709091401283,13.637586443436337,8.222479836493767,23.189323078981282,37,0,0,6.430692762345799,7.386273387132313,4
1,Drishti_GS,G_ORDER,OC,37,61.28120930482795,60.40699147175547,48.698676788916394,82.44046276814616,37,0,0,25.87546341117854,35.203683729604336,4,37,0,37,27.05790380846945,27.56139386024473,7.494536733999778,41.50520659485976,37,0,0,4.752116364696918,5.812129990136639,4
1,Drishti_GS,G_ORDER,macro,37,73.62003067181949,73.0412816043989,65.88083782132156,86.02941574742913,37,0,0,50.29325385974488,55.64092568280442,4,,,,,,,,,,,,,
2,REFUGE,C,OD,336,90.2345238753077,90.38405677411744,86.40171415936076,94.19203138161313,336,0,0,68.46444290533748,83.14558097995734,34,336,0,336,8.703385549364906,8.321474487301398,4.597988907890116,12.589761650232871,336,0,0,2.6023507379958706,3.92750061465227,34
2,REFUGE,C,OC,336,83.04122096043173,85.3412933244325,72.12379268053098,91.46659485520428,336,0,0,40.092725466387016,64.89393158719997,34,336,0,336,7.693271134036766,6.388566028936674,3.698544894804117,12.860270862725525,336,0,0,2.075720449373545,3.087696699233621,34
2,REFUGE,C,macro,336,86.63787241786973,87.54623182361355,80.77303959980185,91.25089752790694,336,0,0,57.69432324688331,76.81342473733292,34,,,,,,,,,,,,,
2,REFUGE,RP,OD,336,90.21550057935158,90.34940376216582,86.36923241311771,94.18210279282916,336,0,0,68.40788238974038,83.12444499587525,34,336,0,336,8.734139214712965,8.381061493560892,4.648472843704917,12.718975070650924,336,0,0,2.5784769404533803,3.9543382479105595,34
2,REFUGE,RP,OC,336,82.90629091142041,85.12404728158178,71.53815016734592,91.42345013172799,336,0,0,39.482552451353406,64.6585362257069,34,336,0,336,7.773322118230433,6.479473987292591,3.741694487522155,12.785736419946728,336,0,0,1.9516429814295382,3.1345417998195075,34
2,REFUGE,RP,macro,336,86.560895745386,87.46614131336861,80.5581700230925,91.09961234075126,336,0,0,57.510516463202464,76.67212134129953,34,,,,,,,,,,,,,
2,REFUGE,T_LR,OD,336,90.91657464756393,91.18116025962249,87.46173727361908,94.8231776333907,336,0,0,67.38811738678466,83.54569184051127,34,336,0,336,8.146698909094198,7.699941679014733,4.303320011871752,11.83544307725013,336,0,0,2.4157218764818356,3.61884956077689,34
2,REFUGE,T_LR,OC,336,80.85449416364938,82.56512277261443,68.37258341019104,91.11804827195171,336,0,0,34.52471482889734,60.820898169314674,34,336,0,336,9.01061176245598,7.998047567000921,4.164725634826837,14.930927437758694,336,0,0,1.9427344132778916,3.377271917063698,34
2,REFUGE,T_LR,macro,336,85.88553440560666,87.01665944500036,79.46194940834053,90.97702651740008,336,0,0,56.3405729139291,74.88743399357227,34,,,,,,,,,,,,,
2,REFUGE,T_ISO,OD,336,90.73489552321759,90.99725969441624,87.06898382578221,94.4758441894365,336,0,0,68.78912538007512,83.87786509647513,34,336,0,336,8.258923081945627,7.7631655036712095,4.368480893751398,12.19722307086477,336,0,0,2.387435749044647,3.742453227160405,34
2,REFUGE,T_ISO,OC,336,78.73137362811005,79.85526501228188,64.8443515491405,90.58209808993234,336,0,0,31.54146765089014,57.498122109553066,34,336,0,336,10.32310799845168,9.694886089174798,4.675364457671786,16.45703288854491,336,0,0,1.800576659519687,3.6033507229913324,34
2,REFUGE,T_ISO,macro,336,84.7331345756638,85.36415222362278,77.74112762789203,90.35871623626679,336,0,0,55.45893245086199,73.5768782325745,34,,,,,,,,,,,,,
2,REFUGE,T_DIAG,OD,336,91.37616215051517,91.67665794751173,88.01181645412387,95.21597094542076,336,0,0,66.83762491408027,83.9146410249568,34,336,0,336,7.751617384111434,7.302091233553132,3.949762465855315,11.579324481996704,336,0,0,2.4722496335591244,3.393444734081885,34
2,REFUGE,T_DIAG,OC,336,77.81249538523909,78.82090735466531,63.58819855495655,90.1717526912914,336,0,0,30.510752688172044,56.23395907463278,34,336,0,336,10.915447209561133,10.415672396137275,4.875098269748149,17.06098147119737,336,0,0,1.955911208221343,3.84576693231774,34
2,REFUGE,T_DIAG,macro,336,84.59432876787712,85.4042220273506,77.3344714212592,90.87932409271303,336,0,0,54.613833203928095,72.74405098047714,34,,,,,,,,,,,,,
2,REFUGE,U_PCA,OD,336,90.21619128405216,90.44749347440263,86.47794302819392,94.1200394571415,336,0,0,68.60787824529991,83.21923234145589,34,336,0,336,8.71229298198542,8.27870450366699,4.592475130278753,12.759870270296354,336,0,0,2.5500218529621383,3.933955903240115,34
2,REFUGE,U_PCA,OC,336,83.1792469020462,85.20487452932139,72.8921437436864,91.518089408219,336,0,0,40.81357455893921,65.07897979488277,34,336,0,336,7.609504957685549,6.4374954072886155,3.5538884259978625,12.607481831901008,336,0,0,2.056564818749531,2.975528626682488,34
2,REFUGE,U_PCA,macro,336,86.69771909304917,87.65083714567044,81.1620024447235,91.3549640091712,336,0,0,57.859535895347726,76.94559618027425,34,,,,,,,,,,,,,
2,REFUGE,U_RAND,OD,336,90.18265543446341,90.41151021828279,86.47036119315842,94.11554427387406,336,0,0,68.57283596793695,83.162034964691,34,336,0,336,8.743043209232496,8.328160159741998,4.605116005961736,12.760052312726696,336,0,0,2.572437239091964,3.953655787859957,34
2,REFUGE,U_RAND,OC,336,83.16024394444072,85.29316354663086,72.71271145667073,91.52058290005895,336,0,0,40.64913262451035,65.02584976739772,34,336,0,336,7.625081290162048,6.4373183009452,3.580709412920596,12.706482376539434,336,0,0,2.0905496846044826,3.005671742581468,34
2,REFUGE,U_RAND,macro,336,86.67144968945206,87.58252037378392,81.02422398109219,91.31315634428003,336,0,0,57.84411029166079,76.9087189817747,34,,,,,,,,,,,,,
2,REFUGE,U_SCALE,OD,336,90.23436606273741,90.37633716760439,86.41345193054974,94.20478095016162,336,0,0,68.48562043306295,83.1553742184932,34,336,0,336,8.705285265205115,8.327002328759637,4.588365427812998,12.604146950696478,336,0,0,2.5954557662119613,3.9264894503241994,34
2,REFUGE,U_SCALE,OC,336,83.05058553574013,85.36472648670374,72.17889697576766,91.46933505049245,336,0,0,40.13703171621174,64.90631522854598,34,336,0,336,7.688199293856149,6.3999905045569845,3.7073925667818397,12.82566629607732,336,0,0,2.0638041343231794,3.0797491350610287,34
2,REFUGE,U_SCALE,macro,336,86.64247579923877,87.56677915783422,80.80892488522323,91.25582266932173,336,0,0,57.693043711632654,76.82639482558582,34,,,,,,,,,,,,,
2,REFUGE,S_JOINT,OD,336,88.6489185307695,89.12585677818652,84.36617480459154,92.63759338795603,336,0,0,70.82423132032038,81.86064919946266,34,336,0,336,10.339854516047543,9.60063928369032,5.826452799557291,15.138510240264328,336,0,0,3.3162197710507773,4.791362015548897,34
2,REFUGE,S_JOINT,OC,336,83.47899261962466,85.15931837625206,73.5254318604037,92.11286743640028,336,0,0,42.17007434944237,65.20879322427433,34,336,0,336,7.4450914281792935,6.403918260317384,3.2101076979317495,12.160885489040119,336,0,0,1.5397643036032131,2.71020652508727,34
2,REFUGE,S_JOINT,macro,336,86.0639555751971,86.86512001034777,80.74250562476416,90.55621543075233,336,0,0,60.7956178309272,76.6570248890938,34,,,,,,,,,,,,,
2,REFUGE,S_SHARED,OD,336,90.23218349591642,90.35670170895997,86.392768473437,94.19589723402379,336,0,0,68.41317699609158,83.1395678289579,34,336,0,336,8.717992696894791,8.360964444768584,4.628582631682474,12.675654317678841,336,0,0,2.5909521326836686,3.950137362422753,34
2,REFUGE,S_SHARED,OC,336,82.92301969458244,85.12214582472535,71.5745623212039,91.3930752270706,336,0,0,39.559960788585116,64.68099192667,34,336,0,336,7.760584580144072,6.484755203735479,3.7340701681684294,12.780591670163215,336,0,0,1.96681003092522,3.1297016919816607,34
2,REFUGE,S_SHARED,macro,336,86.57760159524942,87.50422889396637,80.60369616239994,91.12946537636066,336,0,0,57.52035824973879,76.6896471808719,34,,,,,,,,,,,,,
2,REFUGE,S_NOPCA,OD,336,88.61724033703248,89.05216589348439,84.33350973223034,92.59695564128454,336,0,0,70.882442891759,81.82949830238786,34,336,0,336,10.389029495936457,9.590488605920326,5.817267896432785,15.105732908701421,336,0,0,3.3804049994408443,4.791681664265655,34
2,REFUGE,S_NOPCA,OC,336,83.47278361310289,85.10618080135794,73.23833763307226,92.1936163248358,336,0,0,42.31262384893344,65.22232883193348,34,336,0,336,7.442356667594789,6.340633576287513,3.195723723259504,12.139486760486612,336,0,0,1.5372830488034008,2.6992780697676104,34
2,REFUGE,S_NOPCA,macro,336,86.04501197506768,86.84603542662808,80.65308691149681,90.53371278249062,336,0,0,60.93845633478995,76.64352068495248,34,,,,,,,,,,,,,
2,REFUGE,M_TRANSPORT,OD,336,90.24231889234365,90.36090311872852,86.39573378896299,94.19373886377008,336,0,0,68.42199294296306,83.14969575294268,34,336,0,336,8.710601948401012,8.372834002581964,4.604307772255201,12.680347580230118,336,0,0,2.569369677716458,3.938570410629287,34
2,REFUGE,M_TRANSPORT,OC,336,82.94130356211603,85.16491418019501,71.67203840816661,91.35022439525233,336,0,0,39.66797728265618,64.70757971850813,34,336,0,336,7.751720777233174,6.48077612262938,3.7138666438312384,12.842380464287729,336,0,0,1.9959822100574078,3.1300718543347887,34
2,REFUGE,M_TRANSPORT,macro,336,86.59181122722984,87.56764019707597,80.69103569245604,91.15381642563942,336,0,0,57.538892066913824,76.7125103311798,34,,,,,,,,,,,,,
2,REFUGE,M_IDPOST,OD,336,90.21953791940606,90.3508554840881,86.374699907235,94.18661562610936,336,0,0,68.41823056300268,83.12894121034414,34,336,0,336,8.72918037592669,8.375220767692372,4.638306157509035,12.709105034227399,336,0,0,2.583637183424462,3.952794022746778,34
2,REFUGE,M_IDPOST,OC,336,82.90383841619175,85.12604743597903,71.54149636807398,91.41896315240261,336,0,0,39.47397022062819,64.65877572303032,34,336,0,336,7.774274096384289,6.466379184512051,3.7451600975539456,12.787163966558623,336,0,0,1.9336123694712721,3.1362239810607737,34
2,REFUGE,M_IDPOST,macro,336,86.5616881677989,87.46722375401868,80.55494289591161,91.09139576741862,336,0,0,57.53643719313344,76.67281300650819,34,,,,,,,,,,,,,
2,REFUGE,M_SHUFFLE,OD,336,90.7552900501837,91.01610484718506,87.28355689830511,94.8328755370103,336,0,0,67.55016431987603,83.3797121441733,34,336,0,336,8.289673918767033,7.82209144948113,4.29671713726365,12.128910999803505,336,0,0,2.6292894750662814,3.6996345771292987,34
2,REFUGE,M_SHUFFLE,OC,336,82.37773620501987,84.74867577272956,71.41750960336176,90.92888694843015,336,0,0,38.37700760777684,63.86564139042718,34,336,0,336,8.022175087180539,6.803227690834376,4.020801124790774,13.340066712549493,336,0,0,1.8143967742472968,3.253677113241513,34
2,REFUGE,M_SHUFFLE,macro,336,86.56651312760178,87.56377787078792,80.45960596443925,91.2668281491209,336,0,0,57.04198414893501,76.22738837386228,34,,,,,,,,,,,,,
2,REFUGE,G_PCA,OD,336,90.47632956103992,90.64137398454936,86.65839913765029,94.39727236091034,336,0,0,68.58563217115338,83.32435288303513,34,336,0,336,8.501838208332137,8.146300215183732,4.507030116342392,12.411415358826353,336,0,0,2.616579068755067,3.8209301419094666,34
2,REFUGE,G_PCA,OC,336,82.99426816479148,85.33159291003824,72.03722577352801,91.46116285319141,336,0,0,40.14590471979662,64.87491957084185,34,336,0,336,7.716436483482604,6.463078067481046,3.7273136247939016,12.871198506692359,336,0,0,2.0583414975418926,3.1045263935769305,34
2,REFUGE,G_PCA,macro,336,86.7352988629157,87.6977973949073,80.84008364746171,91.29128436822054,336,0,0,57.77068007462278,76.83022583862308,34,,,,,,,,,,,,,
2,REFUGE,G_ISO,OD,336,90.43227937329164,90.59387284722155,86.52138801888269,94.30073097434504,336,0,0,68.55021562263815,83.29194105820024,34,336,0,336,8.537716813440491,8.160041437832458,4.519341267861826,12.481194273459288,336,0,0,2.6228955811113535,3.837796185793389,34
2,REFUGE,G_ISO,OC,336,82.99513884072394,85.29337991504266,71.99928380457354,91.42603737251817,336,0,0,40.07060900264784,64.86726648476034,34,336,0,336,7.718053193534241,6.448709485694218,3.7257348959929724,12.831360069313142,336,0,0,2.0549273579140843,3.106445588484636,34
2,REFUGE,G_ISO,macro,336,86.71370910700779,87.70076695807707,80.83025098306246,91.26194956614988,336,0,0,57.77821113369951,76.82278955992237,34,,,,,,,,,,,,,
2,REFUGE,G_ORDER,OD,336,90.23416476498781,90.3839743829771,86.40403780633923,94.1911471200929,336,0,0,68.46903208508355,83.14478061406739,34,336,0,336,8.704278313409603,8.320981590570483,4.59472860237004,12.609818635882611,336,0,0,2.6077683117094357,3.9264856708547495,34
2,REFUGE,G_ORDER,OC,336,83.03983124848173,85.33827703987282,72.12619023708693,91.46421565397901,336,0,0,40.0971516891146,64.89698037973312,34,336,0,336,7.692919647744778,6.388247602965668,3.7051002936383153,12.855228738576734,336,0,0,2.076075987749926,3.088716577573212,34
2,REFUGE,G_ORDER,macro,336,86.63699800673479,87.55059732759598,80.76788822419283,91.24381092448064,336,0,0,57.694470275951396,76.81356767878954,34,,,,,,,,,,,,,
2,ORIGA,C,OD,586,85.161810995662,87.45047863806394,73.45883714692488,94.34630831752285,586,0,0,33.512999365884596,65.20275878252065,59,586,0,586,15.940143780729553,13.431694933332379,5.742717233399237,29.588248907778233,586,0,0,2.4204897437521713,4.321231699252663,59
2,ORIGA,C,OC,586,68.6191522319363,71.25205821479031,48.41887785133689,85.13932871571484,585,1,0,0.0,34.941615652703156,59,586,0,586,18.58669940080472,17.01198892138507,7.788515842859478,30.721811460852575,586,0,0,3.057458371226474,5.9509548700061385,59
2,ORIGA,C,macro,586,76.89048161379914,79.22382045849427,60.90851930342731,88.65940649243325,586,0,0,17.279031243848575,51.35656536441921,59,,,,,,,,,,,,,
2,ORIGA,RP,OD,586,85.18198835142033,87.43691933048265,73.4806313432776,94.34139000499229,586,0,0,33.622765876536945,65.27912198701534,59,586,0,586,15.917485130728734,13.452077906499742,5.787947115275685,29.47943814529048,586,0,0,2.3978804843351136,4.331533253105394,59
2,ORIGA,RP,OC,586,68.78180644676769,71.28194289735823,48.54761829360436,84.99858429090324,585,1,0,0.0,35.09977248738769,59,586,0,586,18.499550562630535,16.96964828534033,7.811972143669433,30.825923106173484,586,0,0,2.9871511413224714,5.929864476802225,59
2,ORIGA,RP,macro,586,76.981897399094,79.32382100867494,60.917427721227455,88.6554079449377,586,0,0,17.338050719575946,51.467439901546214,59,,,,,,,,,,,,,
2,ORIGA,T_LR,OD,586,86.16271776551386,88.5445975835149,74.3145456010344,94.9666659095791,586,0,0,35.695044791079376,66.03903760472888,59,586,0,586,14.949697365387625,12.173284515683587,5.039008560479276,28.94104817753407,586,0,0,1.681246155995355,3.931815547653161,59
2,ORIGA,T_LR,OC,586,69.29149042984862,72.0411015635381,48.85780651749654,84.96333064349733,585,1,0,0.0,35.36718042527637,59,586,0,586,18.37024019618478,16.879478509475184,8.270785793484801,30.680655517702377,586,0,0,2.7295050684620534,6.210280461951914,59
2,ORIGA,T_LR,macro,586,77.72710409768123,80.18590938584126,61.788719092821,88.90395055453091,586,0,0,18.4793215587196,51.926499625044535,59,,,,,,,,,,,,,
2,ORIGA,T_ISO,OD,586,83.88824301031605,86.15155514750069,72.08324962863009,93.90429278605205,586,0,0,34.047400563237666,62.61900190354065,59,586,0,586,17.300245211660638,14.761943597783278,6.072192711003517,30.567655321015575,586,0,0,2.9474999150150727,4.795161818260508,59
2,ORIGA,T_ISO,OC,586,68.37987354280493,71.60619881904131,47.15872614235148,85.18418133668558,585,1,0,0.0,33.50091300735522,59,586,0,586,18.745189479770843,17.288610810814205,8.167202031498752,31.88354130615518,586,0,0,2.4055401362054303,6.243675516397184,59
2,ORIGA,T_ISO,macro,586,76.1340582765605,78.66905713212716,59.949009073552986,88.89064986185228,586,0,0,17.57902387243303,49.116029588976,59,,,,,,,,,,,,,
2,ORIGA,T_DIAG,OD,586,85.68476810919324,87.99499329521245,73.50945324059688,94.74487220020347,586,0,0,35.421958791984196,64.98661630410315,59,586,0,586,15.491828032307245,12.798144289612877,5.258853547715592,29.009272598045925,586,0,0,2.1412085401820455,4.100249315894835,59
2,ORIGA,T_DIAG,OC,586,69.14796281077734,72.01150379388392,48.34291155962357,85.62163303466275,585,1,0,0.0,34.63922215378262,59,586,0,586,18.50042445887417,17.225645156690653,8.29270616385161,31.625519767146738,586,0,0,2.6060449966016694,6.204874590096719,59
2,ORIGA,T_DIAG,macro,586,77.41636545998529,79.93167345211657,61.44472674338428,89.41576539811018,586,0,0,18.337624338967405,51.01746984404888,59,,,,,,,,,,,,,
2,ORIGA,U_PCA,OD,586,84.7996991970679,87.07681799724347,72.90605232685756,94.2123428734358,586,0,0,31.79135428297974,64.27298604083886,59,586,0,586,16.314448267078827,13.74417027542591,5.90664671933734,30.43894145409864,586,0,0,2.478993016788149,4.389915924926318,59
2,ORIGA,U_PCA,OC,586,68.05308792966528,70.66094246119205,47.346998202487775,84.97075986463847,585,1,0,0.0,33.612276891091824,59,586,0,586,18.847285580459456,17.404152925236957,7.85225690776723,31.808919688210263,586,0,0,3.078665645811271,5.94741572875466,59
2,ORIGA,U_PCA,macro,586,76.42639356336659,78.72139802364867,60.13186324538555,88.58090952728989,586,0,0,16.27628695369448,50.176959825240594,59,,,,,,,,,,,,,
2,ORIGA,U_RAND,OD,586,84.9005494187688,87.22067553129807,73.08517813502276,94.2567404495077,586,0,0,32.1296532381438,64.55105046316773,59,586,0,586,16.207032501144475,13.70522097092634,5.896358470116429,30.0965812742825,586,0,0,2.4561199807561156,4.366705938519165,59
2,ORIGA,U_RAND,OC,586,68.18968826714223,70.81269102906997,47.49289856196074,85.00509824508921,585,1,0,0.0,33.93737754098622,59,586,0,586,18.77047975677079,17.371099260104863,7.801859102045628,31.310664164130273,586,0,0,3.085910750973123,5.935592863387073,59
2,ORIGA,U_RAND,macro,586,76.54511884295552,78.78456822391644,60.56344777956771,88.62111163513713,586,0,0,16.47473125350389,50.510899566910965,59,,,,,,,,,,,,,
2,ORIGA,U_SCALE,OD,586,85.11244732644973,87.40905141162592,73.41120197874824,94.3435424100838,586,0,0,33.172992967249286,65.05900315231372,59,586,0,586,15.991826949454383,13.475930348972588,5.763587539814242,29.84836131072237,586,0,0,2.4273156750176432,4.326821181074063,59
2,ORIGA,U_SCALE,OC,586,68.54681670838707,71.23283539028506,48.16140011660407,85.12701829446956,585,1,0,0.0,34.73139683907386,59,586,0,586,18.616529253108453,17.07469422357062,7.818176179703951,30.982349850612906,586,0,0,3.070225438006605,5.9563588704056345,59
2,ORIGA,U_SCALE,macro,586,76.8296320174184,79.19318457452633,60.875970869001065,88.65746054614178,586,0,0,17.104739472716464,51.17928935763808,59,,,,,,,,,,,,,
2,ORIGA,S_JOINT,OD,586,81.80391358092675,84.97764497330414,65.95927958717519,92.91515501872937,586,0,0,24.503032071861725,55.583896966182046,59,586,0,586,19.62873701640702,16.34608811124007,7.037617033089358,37.44540321714789,586,0,0,2.7212976217196356,5.299698932302166,59
2,ORIGA,S_JOINT,OC,586,64.60799500524121,68.61593712100397,39.06916483541352,84.3733256484945,583,3,0,0.0,22.50410801318388,59,586,0,586,20.45189955866963,18.66814268028481,7.992867290832471,34.75421727937614,586,0,0,3.202951657801917,6.111160283510742,59
2,ORIGA,S_JOINT,macro,586,73.20595429308398,76.97328412146803,54.197422322773456,87.82667907803697,586,0,0,12.251516035930862,39.612182592426834,59,,,,,,,,,,,,,
2,ORIGA,S_SHARED,OD,586,85.18193585374301,87.43981213751795,73.4759604357314,94.34672811319786,586,0,0,33.608518594812146,65.27289273404016,59,586,0,586,15.918335643810458,13.445273506339852,5.777712650031878,29.47533741682732,586,0,0,2.406428847510427,4.329105879293217,59
2,ORIGA,S_SHARED,OC,586,68.775861456594,71.2933447682214,48.54277422876427,84.9979016285016,585,1,0,0.0,35.09257333637142,59,586,0,586,18.5025472235413,16.95945351782853,7.806295408403763,30.870778835949512,586,0,0,2.9896739703471673,5.933627767744348,59
2,ORIGA,S_SHARED,macro,586,76.97889865516849,79.32144387694588,60.91135675987559,88.66231514270733,586,0,0,17.326790858312354,51.460764174145,59,,,,,,,,,,,,,
2,ORIGA,S_NOPCA,OD,586,81.77803720061556,84.96886392545997,65.93203750195923,92.94763290070127,586,0,0,24.503032071861725,55.50975232823714,59,586,0,586,19.65447066749569,16.361113027791102,7.036278568131514,37.519981117413536,586,0,0,2.713283125830121,5.312127762294857,59
2,ORIGA,S_NOPCA,OC,586,64.52407432634352,68.52355975684797,39.06916483541352,84.3410017359445,583,3,0,0.0,22.416925466643534,59,586,0,586,20.50479336130083,18.65571865309177,8.024927746985572,34.710772301047626,586,0,0,3.24294876239342,6.121673804938765,59
2,ORIGA,S_NOPCA,macro,586,73.15105576347955,76.93485547704458,54.09705597620194,87.73898901526846,586,0,0,12.251516035930862,39.52685738731897,59,,,,,,,,,,,,,
2,ORIGA,M_TRANSPORT,OD,586,85.18708321752445,87.43078065435103,73.4771428541549,94.36439803244824,586,0,0,33.62540205662859,65.26969687351612,59,586,0,586,15.91162393695912,13.455194083443587,5.769012869937897,29.574835997338134,586,0,0,2.406273961723964,4.323132547512888,59
2,ORIGA,M_TRANSPORT,OC,586,68.74183425995457,71.25805902173721,48.54372173223048,85.10262947725431,585,1,0,0.0,35.06142441897163,59,586,0,586,18.517210016101505,17.02432935292424,7.7657922343441275,30.708788811019126,586,0,0,2.994937913704137,5.936432474825508,59
2,ORIGA,M_TRANSPORT,macro,586,76.96445873873951,79.2991968841231,60.93035552837248,88.66392999835979,586,0,0,17.339368809621767,51.44623168278403,59,,,,,,,,,,,,,
2,ORIGA,M_IDPOST,OD,586,85.18468679002,87.43872788391026,73.48146648298811,94.34801579473864,586,0,0,33.62540205662859,65.28228416658193,59,586,0,586,15.91320109461612,13.458369642979878,5.778179247927836,29.523300014631623,586,0,0,2.400547100077423,4.329222083433926,59
2,ORIGA,M_IDPOST,OC,586,68.78552514129593,71.29070795022159,48.55780622967875,84.98125232817608,585,1,0,0.0,35.10461848306447,59,586,0,586,18.49942901032354,16.959915130364656,7.8008278733039536,30.83884801338705,586,0,0,2.9905969256408826,5.92922448714943,59
2,ORIGA,M_IDPOST,macro,586,76.98510596565797,79.32728587948407,60.92082675242204,88.65231790332598,586,0,0,17.339368809621767,51.470926406022436,59,,,,,,,,,,,,,
2,ORIGA,M_SHUFFLE,OD,586,85.41754667053283,87.64275473278042,73.56898489282776,94.595597552368,586,0,0,33.87400503220294,65.45526845296914,59,586,0,586,15.672052382042226,13.134417323379626,5.362570124840074,29.365810522635037,586,0,0,2.3079446088295215,4.192532162549792,59
2,ORIGA,M_SHUFFLE,OC,586,68.93235106428988,71.46836324639385,48.67358639516564,84.93393280695794,585,1,0,0.0,35.2187537871742,59,586,0,586,18.43109509134513,16.898533033435207,7.843876675389508,30.672336881272567,586,0,0,3.1618329356576056,5.981035078152864,59
2,ORIGA,M_SHUFFLE,macro,586,77.17494886741135,79.470985838019,61.11192600771955,88.73547895867016,586,0,0,17.48456981254019,51.60981400557617,59,,,,,,,,,,,,,
2,ORIGA,G_PCA,OD,586,85.22048121284048,87.4675027170727,73.46253663357118,94.4515383539194,586,0,0,33.4855403348554,65.19246563758996,59,586,0,586,15.879523569733971,13.381965033344105,5.586257773237378,29.673254667420874,586,0,0,2.3678339158179824,4.276389008270327,59
2,ORIGA,G_PCA,OC,586,68.56882160845728,71.12615802209558,48.31821142990161,85.08697116233881,585,1,0,0.0,34.848730603347796,59,586,0,586,18.61628352072893,17.129108950613848,7.806741013533985,30.719193351633926,586,0,0,3.0646569677158704,5.977343640030186,59
2,ORIGA,G_PCA,macro,586,76.89465141064889,79.22145112124764,60.86793741652758,88.66158724576178,586,0,0,17.265279886108466,51.31121519880055,59,,,,,,,,,,,,,
2,ORIGA,G_ISO,OD,586,85.2204946066781,87.46094185452401,73.46338480963874,94.43545529014199,586,0,0,33.496099942925994,65.2083613842113,59,586,0,586,15.877630311179185,13.388975328194608,5.6352309641826785,29.64706177997223,586,0,0,2.3734172745795257,4.276722260444932,59
2,ORIGA,G_ISO,OC,586,68.6022393220093,71.17075789636581,48.38917248354479,85.05213711822455,585,1,0,0.0,34.89274724320155,59,586,0,586,18.60083084750383,17.14597451262966,7.813766234660305,30.644777827719754,586,0,0,3.0580730936513936,5.975349423939227,59
2,ORIGA,G_ISO,macro,586,76.9113669643437,79.23592920693997,60.867744459171114,88.64564745422072,586,0,0,17.270559690143763,51.338684930074024,59,,,,,,,,,,,,,
2,ORIGA,G_ORDER,OD,586,85.16125994288984,87.45047863806394,73.45883714692488,94.34462363921726,586,0,0,33.51036002473089,65.20257179266858,59,586,0,586,15.939235643562043,13.430307178831267,5.744079335106315,29.625701796100593,586,0,0,2.4226613964321206,4.321304904811122,59
2,ORIGA,G_ORDER,OC,586,68.61916131930396,71.25576003914748,48.42465651863333,85.14170156743836,585,1,0,0.0,34.94154005951069,59,586,0,586,18.586164929962006,16.999604031598288,7.764437159265906,30.77277929724235,586,0,0,3.0590257783783574,5.949409309159138,59
2,ORIGA,G_ORDER,macro,586,76.89021063109689,79.22407771719153,60.906379683933395,88.65766019847317,586,0,0,17.277711573271727,51.35633233545559,59,,,,,,,,,,,,,
2,REFUGE_Valid,C,OD,736,80.88075744280204,82.02962482200314,68.50649900495785,91.74997183157929,736,0,0,49.456299390624665,63.01452911964146,74,736,0,736,18.341074827943896,15.26612115897785,6.942038166500064,31.242323679783,736,0,0,2.3174805487853063,5.674342690269733,74
2,REFUGE_Valid,C,OC,736,61.94284163547999,60.440619875448114,41.722661934114214,84.57532022289034,736,0,0,22.68199233716475,37.006285480375155,74,736,0,736,16.88047401916029,17.274088781348222,7.336476771320722,25.050120141642424,736,0,0,2.0341171134254092,5.305071562071628,74
2,REFUGE_Valid,C,macro,736,71.41179953914101,71.5820944506655,56.08516776972634,86.99359591277485,736,0,0,39.657648429126446,51.76463158336602,74,,,,,,,,,,,,,
2,REFUGE_Valid,RP,OD,736,80.56559914456669,81.67417383792719,68.03515744040044,91.56225991171735,736,0,0,49.25478758765628,62.65376648740431,74,736,0,736,18.627970887019906,15.623144177822995,7.225021370775132,31.610716872941396,736,0,0,2.516522926180945,5.8601710833512195,74
2,REFUGE_Valid,RP,OC,736,61.1380835772913,59.36380559437213,40.920527835706665,83.78470238786522,736,0,0,22.220136999155486,36.2857829073846,74,736,0,736,17.394463037310096,17.86415009153501,7.75031507068851,25.770999133803194,736,0,0,1.7542529821612434,5.483103102511208,74
2,REFUGE_Valid,RP,macro,736,70.85184136092899,71.06814984657807,55.32915941009814,86.40308926828953,736,0,0,39.536182525114846,51.20705956908759,74,,,,,,,,,,,,,
2,REFUGE_Valid,T_LR,OD,736,71.21483154548166,71.45010915482902,56.95965216156863,84.76601456365063,736,0,0,41.459381364340544,52.383480169376,74,736,0,736,28.28131058502239,26.264357169636888,13.424504042470122,45.25542343903325,736,0,0,3.1873748917160247,10.462378520868484,74
2,REFUGE_Valid,T_LR,OC,736,51.03080252319992,49.07755215191628,32.24373387517211,73.68671598575352,736,0,0,16.214735688852368,27.57479695779318,74,736,0,736,26.05942550715434,26.107541306439018,14.193017737102394,36.890550156555854,736,0,0,2.595484809548994,9.505005236912064,74
2,REFUGE_Valid,T_LR,macro,736,61.1228170343408,60.27549652321342,45.78245249910482,78.02909485515966,736,0,0,31.5012506238547,41.42479789983993,74,,,,,,,,,,,,,
2,REFUGE_Valid,T_ISO,OD,736,78.24896944542233,79.08912242942647,65.52340907627183,89.58749861069865,736,0,0,46.22400647967179,60.165477351060716,74,736,0,736,20.584523570719426,18.057900269600026,8.953730109751971,34.50272020424849,736,0,0,2.9431374196585254,7.203523633412319,74
2,REFUGE_Valid,T_ISO,OC,736,51.201303585066405,48.64435502022138,32.42029426520786,73.56644117471183,736,0,0,17.067896785353902,28.358813277997736,74,736,0,736,25.70496771947383,26.033745832668245,14.456163712925179,35.209279236284914,736,0,0,2.82877832611541,9.747921944179184,74
2,REFUGE_Valid,T_ISO,macro,736,64.72513651524437,64.40776605543607,49.9370157592207,79.71337284234914,736,0,0,35.27679867133093,45.9519189487834,74,,,,,,,,,,,,,
2,REFUGE_Valid,T_DIAG,OD,736,69.93441018960924,69.96783442507487,56.17892857408498,83.2577656492937,736,0,0,41.65541854453112,52.017131586703854,74,736,0,736,29.253989550134175,27.623755675765153,15.23134295355777,45.45879770971433,736,0,0,3.023227963503127,12.002389393191676,74
2,REFUGE_Valid,T_DIAG,OC,736,46.27967792439823,43.89264465753999,28.687780797188815,67.48943645150567,736,0,0,14.278822961890981,24.301063087209275,74,736,0,736,30.772050978315548,30.837365463507474,18.148018795201125,43.03109147018954,736,0,0,2.6122219915224743,12.776199648776867,74
2,REFUGE_Valid,T_DIAG,macro,736,58.10704405700375,57.08176838935319,43.592850230705764,74.20748451027433,736,0,0,30.198527336640034,39.4044407964269,74,,,,,,,,,,,,,
2,REFUGE_Valid,U_PCA,OD,736,81.14891193529857,82.38529563087258,68.65371365031358,91.99633264197632,736,0,0,49.453887416790536,63.192124852251204,74,736,0,736,18.042394758950653,14.869269721795193,6.812114076150204,31.171854790605092,736,0,0,2.1424797028627394,5.484227037342146,74
2,REFUGE_Valid,U_PCA,OC,736,63.09779022385884,61.87432630178741,43.06526251521345,85.77375385573411,736,0,0,23.291039638044655,37.97468229105276,74,736,0,736,16.143353316768057,16.569954727885758,6.931191159001162,24.272275349018642,736,0,0,2.295177417115974,4.999139176130198,74
2,REFUGE_Valid,U_PCA,macro,736,72.12335107957871,72.32010054597161,56.75850735815803,87.5806845551866,736,0,0,39.94540289873411,52.436644918061305,74,,,,,,,,,,,,,
2,REFUGE_Valid,U_RAND,OD,736,81.18508161327513,82.41240057325214,68.7250696204585,92.01911802935518,736,0,0,49.55767488024856,63.279692491623,74,736,0,736,18.023882886766636,14.856094522844307,6.75312510779683,31.16851015667881,736,0,0,2.160898895571318,5.476243900999023,74
2,REFUGE_Valid,U_RAND,OC,736,62.77291874473093,61.465131336245456,42.66665435707603,85.54557153870311,736,0,0,23.08667251633031,37.71314104795344,74,736,0,736,16.32588622078226,16.779274534857166,7.104770052812057,24.356224206074007,736,0,0,2.412058850107066,5.072374303388232,74
2,REFUGE_Valid,U_RAND,macro,736,71.97900017900302,72.27182494108534,56.66035393058766,87.4930208399183,736,0,0,39.957719245056545,52.31402936549052,74,,,,,,,,,,,,,
2,REFUGE_Valid,U_SCALE,OD,736,80.93337404013919,82.11636220244273,68.52253828103213,91.80655330186036,736,0,0,49.46482027868111,63.071223705059246,74,736,0,736,18.283310935982918,15.219995273640174,6.917147090463596,31.17778998952662,736,0,0,2.2744455687112852,5.648771896567231,74
2,REFUGE_Valid,U_SCALE,OC,736,61.99641796361338,60.52683715692771,41.78650105714701,84.62774564357767,736,0,0,22.723347087611554,37.05297398457247,74,736,0,736,16.844688074207824,17.26232358828593,7.3272794813027815,25.025787190696114,736,0,0,2.0376324084777075,5.293744766838617,74
2,REFUGE_Valid,U_SCALE,macro,736,71.46489600187628,71.64139068826027,56.17685452871055,87.04678045731845,736,0,0,39.68577339444873,51.81863876573387,74,,,,,,,,,,,,,
2,REFUGE_Valid,S_JOINT,OD,736,83.24370350095211,84.9425799312221,70.43914146076398,93.30877063455024,736,0,0,48.11468320421045,64.23876030999183,74,736,0,736,16.414442802023235,13.162429156849623,5.495846178648623,32.28455472806037,736,0,0,1.8509122601078312,4.319769092861254,74
2,REFUGE_Valid,S_JOINT,OC,736,63.88486708714772,62.64470011123831,43.71896120492878,86.0999498042107,736,0,0,23.8277319380157,38.39683635673985,74,736,0,736,15.87481979378067,15.94313017763154,6.717367775675581,23.941043091964787,736,0,0,2.086842797975306,4.929919908500172,74
2,REFUGE_Valid,S_JOINT,macro,736,73.56428529404991,74.14216151026685,57.723549460233826,88.13436941098729,736,0,0,40.113997810266746,53.5969331421614,74,,,,,,,,,,,,,
2,REFUGE_Valid,S_SHARED,OD,736,80.50383236166907,81.59999710627874,67.96141601462614,91.55525890705482,736,0,0,49.20097682190138,62.59222962299659,74,736,0,736,18.694581192847952,15.75605518225408,7.29901967615052,31.57919231199967,736,0,0,2.521149264071722,5.895891481208567,74
2,REFUGE_Valid,S_SHARED,OC,736,61.13450641255283,59.37965326190225,40.91043563314739,83.7629307002234,736,0,0,22.20555138784696,36.28273559425077,74,736,0,736,17.404507980481412,17.857876385955976,7.777396017101619,25.767577008148297,736,0,0,1.755141744099663,5.492228233286241,74
2,REFUGE_Valid,S_SHARED,macro,736,70.81916938711095,71.0456641804171,55.29350881941805,86.3769409213646,736,0,0,39.54727537670421,51.171140483500174,74,,,,,,,,,,,,,
2,REFUGE_Valid,S_NOPCA,OD,736,83.43292191940658,85.19313828986336,70.68906817857172,93.39540431601026,736,0,0,48.39061546710052,64.46097585586044,74,736,0,736,16.302600889209494,13.078802042921534,5.397913126194487,32.33938083616497,736,0,0,1.8063168459299634,4.236532995406775,74
2,REFUGE_Valid,S_NOPCA,OC,736,64.24049894962401,63.182214490929724,44.09705913307168,86.15313356433832,736,0,0,24.06748653318427,38.72668613231684,74,736,0,736,15.638339524684019,15.6797437685406,6.638524446691475,23.54329101748641,736,0,0,1.9642181265812106,4.838277294789797,74
2,REFUGE_Valid,S_NOPCA,macro,736,73.83671043451531,74.38122174513013,58.044085663364825,88.33444843942081,736,0,0,40.1774242427152,53.90385275430747,74,,,,,,,,,,,,,
2,REFUGE_Valid,M_TRANSPORT,OD,736,80.58690041898764,81.69833640908553,68.10666642519539,91.55581559162351,736,0,0,49.27076183939602,62.69548327943878,74,736,0,736,18.528250723010945,15.60704095233432,7.211792337614289,31.201330109091458,736,0,0,2.521063650938092,5.860649255047517,74
2,REFUGE_Valid,M_TRANSPORT,OC,736,61.40963862704415,59.72884189926752,41.12166557243207,84.15376121010947,736,0,0,22.371280113367973,36.524280755970196,74,736,0,736,17.237603193684222,17.700252194810396,7.568154213448549,25.561372992371943,736,0,0,1.8089719908841435,5.4300655511296245,74
2,REFUGE_Valid,M_TRANSPORT,macro,736,70.9982695230159,71.24117066055936,55.5461676245068,86.43727328917464,736,0,0,39.600151642906546,51.353698082227424,74,,,,,,,,,,,,,
2,REFUGE_Valid,M_IDPOST,OD,736,80.55181916349376,81.65394950189093,68.01246574210649,91.55922750783901,736,0,0,49.2305054229005,62.63898655523477,74,736,0,736,18.637671398443484,15.62868894339797,7.242870221175599,31.458613240115824,736,0,0,2.5208646191777264,5.866131404233695,74
2,REFUGE_Valid,M_IDPOST,OC,736,61.119675741492,59.35939679519369,40.899783192460184,83.77262261661573,736,0,0,22.20555138784696,36.27106406920735,74,736,0,736,17.407024212021202,17.883526108509077,7.77203194203684,25.778520908924385,736,0,0,1.7456243250320045,5.487944594458541,74
2,REFUGE_Valid,M_IDPOST,macro,736,70.83574745249288,71.05841621866125,55.30423184772599,86.39801157800585,736,0,0,39.529989043351875,51.19211109770732,74,,,,,,,,,,,,,
2,REFUGE_Valid,M_SHUFFLE,OD,736,77.3300045974238,77.92595865015994,64.15072486788569,89.06919587212366,736,0,0,46.57775344180226,59.41379662312368,74,736,0,736,21.725614430378815,19.253231333639004,9.627282404905346,34.59271705559216,736,0,0,3.962508116199347,7.662410693650314,74
2,REFUGE_Valid,M_SHUFFLE,OC,736,57.646687584960844,55.71591707639694,37.67377173993828,80.47488941775416,736,0,0,20.100161276631866,33.35419946540969,74,736,0,736,19.471493620681436,20.06390597647402,9.382702277485112,28.023522883202393,736,0,0,2.2575579113618307,6.435507800656834,74
2,REFUGE_Valid,M_SHUFFLE,macro,736,67.48834609119231,67.17692971166349,52.03445408547503,83.59060386344865,736,0,0,38.00918323431109,47.953182327501146,74,,,,,,,,,,,,,
2,REFUGE_Valid,G_PCA,OD,736,79.89266357580857,80.94542453153039,67.1797355888522,91.09760880308002,736,0,0,48.591251374904814,61.98098284402702,74,736,0,736,19.274185924368254,16.3408855759508,7.633904049511171,31.818739476143996,736,0,0,2.6336586815254956,6.182946068623972,74
2,REFUGE_Valid,G_PCA,OC,736,61.62037471881877,60.04612395993116,41.41133406875929,84.28185313551205,736,0,0,22.505227143128685,36.7394312374927,74,736,0,736,17.096619426830625,17.532260395483796,7.561636858176463,25.30361088223841,736,0,0,1.8872457234607591,5.410630646197042,74
2,REFUGE_Valid,G_PCA,macro,736,70.75651914731367,71.00995893821371,55.36324391160694,86.24857689740487,736,0,0,39.35988098485845,51.10090648666902,74,,,,,,,,,,,,,
2,REFUGE_Valid,G_ISO,OD,736,80.16840577143442,81.22872885050596,67.52733454675132,91.31321589031444,736,0,0,48.84324232372204,62.2699056771952,74,736,0,736,19.027685171582014,16.125290922747567,7.539031420324167,32.11508295665743,736,0,0,2.5577999075671025,6.0438331527687215,74
2,REFUGE_Valid,G_ISO,OC,736,61.608645783692964,60.00674318853382,41.38872042805855,84.29277887828597,736,0,0,22.496674900247008,36.72828347131962,74,736,0,736,17.110715034447647,17.518046604918,7.546382400902738,25.354747514902137,736,0,0,1.881701356170867,5.408152040576283,74
2,REFUGE_Valid,G_ISO,macro,736,70.8885257775637,71.13495832904485,55.51677095230642,86.37529012202732,736,0,0,39.424793183508164,51.24013443656705,74,,,,,,,,,,,,,
2,REFUGE_Valid,G_ORDER,OD,736,80.88419503164242,82.02977362273137,68.50933396323441,91.7447327860233,736,0,0,49.45416962728506,63.01994695036427,74,736,0,736,18.339444254623505,15.29568896761441,6.943735726587409,31.33690119393662,736,0,0,2.3170625194182928,5.674624231529686,74
2,REFUGE_Valid,G_ORDER,OC,736,61.94228159076975,60.45165645554671,41.73208447694542,84.56939322624262,736,0,0,22.684165149918574,37.00455356131579,74,736,0,736,16.87977631062288,17.266991373732584,7.332910633234931,25.035143117992178,736,0,0,2.0333453640555708,5.303413628753818,74
2,REFUGE_Valid,G_ORDER,macro,736,71.41323831120609,71.58568571007602,56.081615774346716,86.99044522908326,736,0,0,39.65912882403704,51.76590604593685,74,,,,,,,,,,,,,
2,Drishti_GS,C,OD,37,89.77479869514293,90.70777495213875,83.65566672357787,93.51632117817103,37,0,0,77.35268003551516,80.97275657481104,4,37,0,37,11.34839707926068,9.977194648373235,6.2525904322121955,19.214321907979055,37,0,0,3.465497354915645,4.350498033424262,4
2,Drishti_GS,C,OC,37,64.4080646100431,63.72104525595581,51.61698594782248,86.42089865854149,37,0,0,26.71429242844386,36.87925127415172,4,37,0,37,25.798011863285847,26.132991282404124,5.944590238950066,41.80430222833169,37,0,0,4.008289008968057,4.857867062489348,4
2,Drishti_GS,C,macro,37,77.09143165259302,77.85937038794444,69.37405341526703,88.79282786793685,37,0,0,54.42095994304188,59.03118403638157,4,,,,,,,,,,,,,
2,Drishti_GS,RP,OD,37,89.74844229965794,90.64059127103258,83.61760629526584,93.51575686007205,37,0,0,77.225994491064,80.93555532673591,4,37,0,37,11.368066734011528,10.052380480141935,6.295913351705491,19.250399663714475,37,0,0,3.4835047798601675,4.363311141065132,4
2,Drishti_GS,RP,OC,37,65.210776481539,64.48809439694764,52.453292107349434,86.28357775649617,37,0,0,28.559471775318517,38.4458211687953,4,37,0,37,25.33737794391301,24.601802256438756,6.004083130850639,41.54436890517876,37,0,0,3.876623029842348,4.749050072484368,4
2,Drishti_GS,RP,macro,37,77.47960939059848,78.1871025259332,69.91323779406353,88.7084756699479,37,0,0,55.33409571366252,59.870666109888575,4,,,,,,,,,,,,,
2,Drishti_GS,T_LR,OD,37,92.3498313043951,93.31726782752902,87.03295374373732,95.48471758089637,37,0,0,81.11096465041987,84.43334796744062,4,37,0,37,8.630248884642315,7.053392965428476,4.335807079638552,16.205441293940854,37,0,0,2.5028960018975575,2.9342082940420413,4
2,Drishti_GS,T_LR,OC,37,69.99003601880008,71.77670065184691,58.1235639279462,86.2760941862116,37,0,0,33.3031919703409,44.13247517047701,4,37,0,37,22.691451275513884,21.24692373721591,6.937924759072522,37.96006952603827,37,0,0,4.518677373292785,5.268070153259812,4
2,Drishti_GS,T_LR,macro,37,81.1699336615976,82.76119064939047,74.00904057641861,89.92343924875055,37,0,0,59.178851148701426,64.42638020701172,4,,,,,,,,,,,,,
2,Drishti_GS,T_ISO,OD,37,90.01272047438184,91.08352787109264,83.70832416251625,93.85798879119156,37,0,0,76.99058957552808,80.76292206494543,4,37,0,37,11.06028430306748,9.43917476939755,5.981126289340252,19.223941619720673,37,0,0,3.623475836711675,4.07110615387775,4
2,Drishti_GS,T_ISO,OC,37,73.1754287695621,73.20033897528687,61.78399445868827,87.5365811224659,37,0,0,45.548038455899295,52.95623906686421,4,37,0,37,20.69773630026371,18.571208853614213,6.685861302125227,32.45578875074386,37,0,0,4.256052830927272,5.521352491258481,4
2,Drishti_GS,T_ISO,macro,37,81.59407462197197,82.84033632125534,75.15374958440724,89.2759965508576,37,0,0,63.8970771017255,67.43612284413237,4,,,,,,,,,,,,,
2,Drishti_GS,T_DIAG,OD,37,92.84155389400098,93.60281487227795,87.8769181049582,95.71163382772828,37,0,0,81.48039359671023,84.93688807841457,4,37,0,37,8.020997018142678,6.306344051473725,4.142500083032353,14.789284845220273,37,0,0,2.6554464714432675,2.9636227361526872,4
2,Drishti_GS,T_DIAG,OC,37,73.72096519034517,74.90397683625835,63.09445827008313,86.31896289619395,37,0,0,41.11867620442989,51.293526395021246,4,37,0,37,20.756287048175466,17.805233484164955,7.558821040910646,35.30958674619758,37,0,0,4.444948139711032,6.1018368672220635,4
2,Drishti_GS,T_DIAG,macro,37,83.28125954217306,85.02404843738955,77.2375082192707,90.27815897577446,37,0,0,63.39687298806387,68.39813925449168,4,,,,,,,,,,,,,
2,Drishti_GS,U_PCA,OD,37,89.50974613172026,90.4369745492044,83.34249516718647,93.42674081565173,37,0,0,76.94122745768425,80.62978107026416,4,37,0,37,11.618536048517578,10.233647003794609,6.384778322341812,19.551923229166494,37,0,0,3.6418475127245564,4.545904305164027,4
2,Drishti_GS,U_PCA,OC,37,63.49793914823611,62.88842198385491,50.76850198882486,86.45296596807921,37,0,0,25.533525765390618,35.674230371906546,4,37,0,37,26.364482249985347,26.62977013362444,5.994368547494976,42.45335123030783,37,0,0,4.150487955871791,4.971468958478311,4
2,Drishti_GS,U_PCA,macro,37,76.50384263997817,76.98649815814389,68.77543888158715,88.60919968836909,37,0,0,53.631473727802636,58.233541714805455,4,,,,,,,,,,,,,
2,Drishti_GS,U_RAND,OD,37,89.53629083159309,90.4589389274719,83.382131886672,93.40913108712273,37,0,0,76.99453683425187,80.67648206910499,4,37,0,37,11.588512350921734,10.209056766792093,6.370237261143307,19.499055104117552,37,0,0,3.648276508201766,4.550001532615702,4
2,Drishti_GS,U_RAND,OC,37,63.685386541968775,63.039876284104714,50.931765526303735,86.52706565485174,37,0,0,25.83433713597392,35.990556179031685,4,37,0,37,26.25706097975398,26.52435102364767,5.953763058671113,42.34670147575502,37,0,0,4.125618986968463,4.963826390236105,4
2,Drishti_GS,U_RAND,macro,37,76.61083868678095,77.1139171054579,68.85944198171919,88.6524578882736,37,0,0,53.84499972011647,58.402091636228505,4,,,,,,,,,,,,,
2,Drishti_GS,U_SCALE,OD,37,89.75705050091663,90.69528191352556,83.64305509333248,93.5209751246142,37,0,0,77.30851710783216,80.94401474247351,4,37,0,37,11.36362928298344,9.981348664195965,6.2617925785661095,19.218713201303355,37,0,0,3.480054195667262,4.363719810777992,4
2,Drishti_GS,U_SCALE,OC,37,64.35239500435092,63.67234744365036,51.563738281433096,86.39478414050613,37,0,0,26.59611992945326,36.81085146955668,4,37,0,37,25.833490866369047,26.113513293525166,5.965511633329372,41.82015720654968,37,0,0,4.022630269819653,4.8855189083822514,4
2,Drishti_GS,U_SCALE,macro,37,77.05472275263377,77.79707656132003,69.33880221268139,88.76665496678324,37,0,0,54.35575680861964,58.98530356636121,4,,,,,,,,,,,,,
2,Drishti_GS,S_JOINT,OD,37,86.47380119925606,87.39933561505939,79.77150307208727,91.81851783565901,37,0,0,71.05699124570064,76.33589969644738,4,37,0,37,14.661901507714976,12.67881853117169,8.04415283745935,23.3832195433273,37,0,0,6.52844683947454,7.052265660425648,4
2,Drishti_GS,S_JOINT,OC,37,61.39725747462075,60.958788898233806,49.44858935201332,82.14544384939916,37,0,0,25.16122913505311,35.04072858778516,4,37,0,37,26.968594782569916,27.280745826498116,7.725869332800987,41.259716143367676,37,0,0,4.5407383671757415,5.958915770139581,4
2,Drishti_GS,S_JOINT,macro,37,73.9355293369384,74.36537784408203,66.34339185059828,85.95582688170461,37,0,0,50.69964307296119,55.95368922380815,4,,,,,,,,,,,,,
2,Drishti_GS,S_SHARED,OD,37,89.76016368110865,90.66247409418995,83.63325571943405,93.51926284508153,37,0,0,77.24958370692968,80.94904409645255,4,37,0,37,11.364565598627259,10.04415014608127,6.3862421823662245,19.221909819936577,37,0,0,3.4755463804415454,4.350625518149425,4
2,Drishti_GS,S_SHARED,OC,37,65.1695095062638,64.41145281018028,52.391181361726765,86.3064025539921,37,0,0,28.483706649919753,38.365295650403596,4,37,0,37,25.35207765486535,24.641396377644654,6.021878334819526,41.53630087123034,37,0,0,3.867409259845291,4.750847169274671,4
2,Drishti_GS,S_SHARED,macro,37,77.46483659368623,78.18305705039799,69.89505851997227,88.72842142853013,37,0,0,55.30121853611586,59.84053942781768,4,,,,,,,,,,,,,
2,Drishti_GS,S_NOPCA,OD,37,86.48678321337925,87.41916815539842,79.80086431071686,91.82975001928006,37,0,0,71.07975852153295,76.34510127051165,4,37,0,37,14.645032515684488,12.682331021809015,8.039931544609951,23.382121097121022,37,0,0,6.5329022329852435,7.040475591053097,4
2,Drishti_GS,S_NOPCA,OC,37,61.29421907141853,60.861270865479035,49.33088639846119,82.1354695254465,37,0,0,25.086579059727693,34.92279636990388,4,37,0,37,27.022215760656085,27.289032260703635,7.670266959807778,41.31994007693526,37,0,0,4.572264083357528,5.957482826267106,4
2,Drishti_GS,S_NOPCA,macro,37,73.89050114239888,74.2653584128418,66.30082411902065,85.93957703374403,37,0,0,50.64484952930314,55.90139129798861,4,,,,,,,,,,,,,
2,Drishti_GS,M_TRANSPORT,OD,37,89.78641006543258,90.6921582075903,83.67019017154904,93.5349061870378,37,0,0,77.28003969810233,80.98099365226207,4,37,0,37,11.330288084393043,9.953554256803628,6.250808653823082,19.182728107687186,37,0,0,3.4699239518338425,4.337819422405378,4
2,Drishti_GS,M_TRANSPORT,OC,37,64.94481545933623,64.17619772670939,52.16130959539657,86.32140198018519,37,0,0,27.871148459383754,37.87778791184337,4,37,0,37,25.45658863022875,24.849672062851365,5.967745542242495,41.55719239421065,37,0,0,3.902008012350424,4.771742083068872,4
2,Drishti_GS,M_TRANSPORT,macro,37,77.3656127623844,78.09625073717024,69.73643969250156,88.75356766774334,37,0,0,55.01272948341759,59.577862488768176,4,,,,,,,,,,,,,
2,Drishti_GS,M_IDPOST,OD,37,89.75060665675667,90.64371792489243,83.61491217292298,93.5153911851284,37,0,0,77.23090965866783,80.94094471898933,4,37,0,37,11.36693421547372,10.069290244078843,6.299796452209416,19.27352842678681,37,0,0,3.4837137667986,4.362143410530246,4
2,Drishti_GS,M_IDPOST,OC,37,65.21873816565865,64.48809439694764,52.459654482224906,86.28619033906055,37,0,0,28.575413799516458,38.46243961934703,4,37,0,37,25.33682441288983,24.600909381233567,6.016450573420947,41.55549086643244,37,0,0,3.8729364569894833,4.749053356273205,4
2,Drishti_GS,M_IDPOST,macro,37,77.48467241120765,78.19632310108247,69.9224764201862,88.70978196123009,37,0,0,55.344291446336456,59.88204611112201,4,,,,,,,,,,,,,
2,Drishti_GS,M_SHUFFLE,OD,37,90.54167319332305,91.58139403044304,84.66571528957117,94.10378096296749,37,0,0,78.47926705554147,81.92971800623985,4,37,0,37,10.525431832940063,9.150106456537312,5.676609105748496,18.20227801292436,37,0,0,3.2314972029530065,3.840677272391976,4
2,Drishti_GS,M_SHUFFLE,OC,37,65.98855543203128,65.73088770652478,53.22877998514717,85.82690273562739,37,0,0,28.375925150118697,38.77661890743157,4,37,0,37,24.67456964875996,25.044594053245053,6.362067111700033,40.59163628978138,37,0,0,3.8095351722840163,4.704450518864198,4
2,Drishti_GS,M_SHUFFLE,macro,37,78.26511431267716,79.34710031959405,70.62025341858359,88.90359007903821,37,0,0,55.6307551736233,60.47695894647332,4,,,,,,,,,,,,,
2,Drishti_GS,G_PCA,OD,37,90.0932706230437,91.13859202231362,84.03058576507124,93.6822359677319,37,0,0,77.73507272263332,81.32929162303294,4,37,0,37,11.01107613278347,9.660571341839688,6.029651958494559,18.8137719562575,37,0,0,3.4125306022231308,4.1288305109863614,4
2,Drishti_GS,G_PCA,OC,37,64.27377724039789,63.747252747252745,51.43573341064319,86.37620342087418,37,0,0,26.006937070857223,36.358669506843476,4,37,0,37,25.82247928356918,26.617619196930193,5.921959640992703,41.85642450352674,37,0,0,4.010200588850087,4.866520258460488,4
2,Drishti_GS,G_PCA,macro,37,77.18352393172077,78.04802409137139,69.40779076307392,88.93983238543889,37,0,0,54.23251250780711,58.90993523483329,4,,,,,,,,,,,,,
2,Drishti_GS,G_ISO,OD,37,90.05665945530731,91.08589489870012,83.98403817890184,93.66150667373623,37,0,0,77.69996490444437,81.29600687230123,4,37,0,37,11.046193200642737,9.67434796598895,6.058003279232444,18.852503513665578,37,0,0,3.4083487687178233,4.158342437367855,4
2,Drishti_GS,G_ISO,OC,37,64.40443162838388,63.792156431945514,51.58755691990137,86.37219397651468,37,0,0,26.35520180850563,36.63961597756064,4,37,0,37,25.761261066277125,26.48135634124284,5.926349750094217,41.813065829074596,37,0,0,3.995064174706938,4.857698159347011,4
2,Drishti_GS,G_ISO,macro,37,77.2305455418456,78.0921695001298,69.47419594307964,88.91570349482829,37,0,0,54.385073493778016,59.03845142450706,4,,,,,,,,,,,,,
2,Drishti_GS,G_ORDER,OD,37,89.77369615063672,90.70465196022403,83.65645479806895,93.51746831846792,37,0,0,77.34777461363709,80.9693191024708,4,37,0,37,11.34893570157664,9.977194648373235,6.246012026924844,19.210247415061986,37,0,0,3.46528093619389,4.349948852606591,4
2,Drishti_GS,G_ORDER,OC,37,64.41105480038512,63.72104525595581,51.61698594782248,86.42089865854149,37,0,0,26.718364469510046,36.89296500664062,4,37,0,37,25.79823750064882,26.137177734577303,5.947737446964906,41.809062835033174,37,0,0,4.01201598908888,4.8615828544700985,4
2,Drishti_GS,G_ORDER,macro,37,77.0923754755109,77.86001683301447,69.37097939936774,88.79045159114916,37,0,0,54.42243993558997,59.03587486861076,4,,,,,,,,,,,,,
3,REFUGE,C,OD,336,91.1475014106275,91.3258440295717,87.83272325293464,94.64046604284545,336,0,0,67.84200075135513,84.7788212424449,34,336,0,336,7.761422689529344,7.369882759619896,4.384711594012526,11.72688490737226,336,0,0,2.402735992816224,3.720194728798953,34
3,REFUGE,C,OC,336,82.83879939120862,84.8844244021716,72.7325057473459,91.0694783308804,336,0,0,41.506410256410255,65.10628683979171,34,336,0,336,7.77359885945103,6.5711497114487285,3.798881687984261,12.959236674891589,336,0,0,2.212975604297851,3.1880770882770655,34
3,REFUGE,C,macro,336,86.99315040091807,87.92047540212351,81.86174114578972,91.40565234611731,336,0,0,60.0088451152077,77.45056976088226,34,,,,,,,,,,,,,
3,REFUGE,RP,OD,336,91.21020976130796,91.36203875536191,87.93251737034944,94.76463963871541,336,0,0,67.60796897981014,84.86430508397206,34,336,0,336,7.730607545528194,7.382925037134807,4.350752221935089,11.565722968660314,336,0,0,2.412578915893399,3.6921343531937865,34
3,REFUGE,RP,OC,336,82.49352234679468,84.7619705584583,72.11183713461585,90.61922486484241,336,0,0,39.69382176052488,64.35878650243443,34,336,0,336,7.992425404905281,6.625150374730163,4.051615840834099,12.99520050605993,336,0,0,2.2040806456269553,3.3019778455628104,34
3,REFUGE,RP,macro,336,86.85186605405133,87.90595758933902,81.2474872324006,91.47362058087634,336,0,0,59.15637678690726,77.10876257458864,34,,,,,,,,,,,,,
3,REFUGE,T_LR,OD,336,90.7845826569877,90.94766570467596,87.21669788000591,94.34889629732413,336,0,0,68.2669978938273,84.47847864835813,34,336,0,336,8.178802192229925,7.8417717853256255,4.582799214416758,11.875954785970157,336,0,0,3.066853387289683,4.005343131464455,34
3,REFUGE,T_LR,OC,336,79.97200006715096,81.59616221821389,66.40769819295944,91.0033841143528,336,0,0,33.638973789015466,59.386404685882574,34,336,0,336,9.52893050515046,8.628361180706925,4.3524352379842295,15.577247256626926,336,0,0,1.9995537219270991,3.521511270917461,34
3,REFUGE,T_LR,macro,336,85.37829136206932,86.18556568056196,78.77008691321488,90.824121888792,336,0,0,56.81354512398495,74.55647678770801,34,,,,,,,,,,,,,
3,REFUGE,T_ISO,OD,336,90.93067508309771,91.06801311330146,87.82388642510978,94.24631817961483,336,0,0,68.572513493721,84.85791939972874,34,336,0,336,8.051775324288183,7.730204281422531,4.792446999193581,11.340337958125733,336,0,0,3.3991281029826323,4.210538272960454,34
3,REFUGE,T_ISO,OC,336,76.68225010456152,77.24590497774969,61.90909329373565,89.88439195079467,336,0,0,30.183661597274163,54.75776015793947,34,336,0,336,11.544833086625593,11.152561047125651,5.232944804492539,18.19474123000584,336,0,0,2.003418008282055,4.004914650168002,34
3,REFUGE,T_ISO,macro,336,83.80646259382961,84.45812414562799,76.41144017173994,90.03055986908265,336,0,0,55.49183628854101,72.31783267093932,34,,,,,,,,,,,,,
3,REFUGE,T_DIAG,OD,336,90.85356720963853,90.96562879967604,87.37020974397754,94.29028531246544,336,0,0,68.22278590317879,84.63337031218977,34,336,0,336,8.133118734849408,7.776077097691989,4.642687725261755,11.723413549443793,336,0,0,3.1633488597348736,4.111972771807701,34
3,REFUGE,T_DIAG,OC,336,76.90788127902519,77.59726264449557,61.96090080475291,90.13672035108654,336,0,0,30.046326935804103,54.93068114795967,34,336,0,336,11.403443743094696,11.036823942161416,5.137413510587717,17.952556993633102,336,0,0,2.1978464312873323,3.947543820634353,34
3,REFUGE,T_DIAG,macro,336,83.88072424433186,84.45348768633245,76.38862818473646,90.30637217013555,336,0,0,55.294108386606396,72.3279758061387,34,,,,,,,,,,,,,
3,REFUGE,U_PCA,OD,336,91.00579826769636,91.26515344744321,87.48833890675179,94.50655500997098,336,0,0,68.36853349198194,84.60963105083799,34,336,0,336,7.874942335698084,7.2360482161959325,4.475239619157167,12.048496299229736,336,0,0,2.453393726385544,3.822233414272351,34
3,REFUGE,U_PCA,OC,336,82.99566728023514,84.90521895420275,73.15457938702403,91.12941751715749,336,0,0,42.179097498246435,65.36129426093088,34,336,0,336,7.665717468811798,6.462977828155319,3.5848728675205246,12.713320914350305,336,0,0,2.082394851545886,3.0343520159078694,34
3,REFUGE,U_PCA,macro,336,87.00073277396575,87.83398027492292,82.08708743577077,91.51074683389774,336,0,0,60.77801674599097,77.55689631035108,34,,,,,,,,,,,,,
3,REFUGE,U_RAND,OD,336,91.01034408915196,91.23941295238365,87.56079600206832,94.55493173602909,336,0,0,68.27621593885873,84.61512936496638,34,336,0,336,7.868732976100102,7.291239509990058,4.45290586266195,11.990483383787595,336,0,0,2.440286328153178,3.8202345727244307,34
3,REFUGE,U_RAND,OC,336,83.00414408914337,84.90426978586275,73.25642893456595,91.05707991999105,336,0,0,42.220923436586794,65.33416684406437,34,336,0,336,7.663332309485936,6.429160706578934,3.556616053980501,12.683063460960753,336,0,0,2.0752320691303345,3.0393021087761407,34
3,REFUGE,U_RAND,macro,336,87.00724408914766,87.87265704297369,82.12850612435538,91.49197810446549,336,0,0,60.660027769969574,77.52642132149928,34,,,,,,,,,,,,,
3,REFUGE,U_SCALE,OD,336,91.13837828776082,91.28506345715664,87.79221035481811,94.63723503010638,336,0,0,67.91124959707747,84.76912626287023,34,336,0,336,7.768682499297851,7.313642011678211,4.397381270668369,11.741851953318445,336,0,0,2.4005519323073092,3.7323214296356064,34
3,REFUGE,U_SCALE,OC,336,82.84878335026252,84.86913460131933,72.68708063402569,91.05885611358075,336,0,0,41.512027491408936,65.11469756791593,34,336,0,336,7.766702135379637,6.523986243397442,3.7965040371679786,12.929663455406804,336,0,0,2.204402298244257,3.180783768001005,34
3,REFUGE,U_SCALE,macro,336,86.99358081901167,87.90153203948128,81.83530625328237,91.38774793457637,336,0,0,60.07014422594159,77.45735889421664,34,,,,,,,,,,,,,
3,REFUGE,S_JOINT,OD,336,88.83692772340812,89.2869493483897,84.49386149569081,92.93415413630824,336,0,0,73.07520721313016,82.1508170176373,34,336,0,336,9.975960238285804,9.311585482444801,5.72303306085636,15.031637336116919,336,0,0,3.0765964643922983,4.566054159673936,34
3,REFUGE,S_JOINT,OC,336,83.12198301799205,84.92171818424693,72.58282376479998,91.51102172326108,336,0,0,42.55069745633572,64.85969411438928,34,336,0,336,7.6323526519382465,6.605564077799203,3.438199719748744,12.37647666364105,336,0,0,2.1841622772465112,2.956635028943374,34
3,REFUGE,S_JOINT,macro,336,85.9794553707001,86.83523176224836,80.50267802118933,90.62280014732998,336,0,0,63.188112574088095,76.33776430797855,34,,,,,,,,,,,,,
3,REFUGE,S_SHARED,OD,336,91.21745102612437,91.38001560832976,87.95095364320295,94.77873754066908,336,0,0,67.5754416913907,84.86991064340704,34,336,0,336,7.7249676083563505,7.441989796159868,4.356083798822503,11.55998704022776,336,0,0,2.4144469157896378,3.684514161453974,34
3,REFUGE,S_SHARED,OC,336,82.50621445143774,84.79228764710913,72.16739907824551,90.63358308982414,336,0,0,39.72857611907628,64.40111218624496,34,336,0,336,7.984554214750869,6.616337189579733,4.03238555272141,12.986564672063043,336,0,0,2.1962803693690462,3.2950997894532206,34
3,REFUGE,S_SHARED,macro,336,86.86183273878106,87.9162636682001,81.25569220035922,91.46938991000113,336,0,0,59.142630008804645,77.1258078569695,34,,,,,,,,,,,,,
3,REFUGE,S_NOPCA,OD,336,88.81076470870907,89.23439475510081,84.47905598290244,92.91675749765412,336,0,0,73.06635349383441,82.11685867187278,34,336,0,336,10.012493925038722,9.371686554988777,5.697884578922498,15.032808181802615,336,0,0,3.0680049628709796,4.566695007676773,34
3,REFUGE,S_NOPCA,OC,336,83.13067166508529,84.82486133210186,72.41541917282814,91.76213990372719,336,0,0,43.057203892713034,64.90572089468057,34,336,0,336,7.603897359126222,6.5917882548240065,3.2458608965181934,12.614032471946166,336,0,0,2.146910746723314,2.874257336141756,34
3,REFUGE,S_NOPCA,macro,336,85.97071818689719,86.76252550199109,80.2795193195887,90.76188491590057,336,0,0,63.399725835688514,76.28200236964406,34,,,,,,,,,,,,,
3,REFUGE,M_TRANSPORT,OD,336,91.20527284432853,91.36671930150229,87.91189120920195,94.74791466722327,336,0,0,67.67674063763151,84.86517066944779,34,336,0,336,7.730316727467125,7.418232879268089,4.32166546312774,11.550037208604671,336,0,0,2.395430035572861,3.698460935009458,34
3,REFUGE,M_TRANSPORT,OC,336,82.41468297330641,84.72377913666148,71.86433596232214,90.5966677621964,336,0,0,39.34959349593496,64.24586647504789,34,336,0,336,8.03573193481065,6.675974214730504,4.044922593809034,13.025409132925404,336,0,0,2.161762480040262,3.3233962688557597,34
3,REFUGE,M_TRANSPORT,macro,336,86.80997790881747,87.84802281721335,81.16076174162663,91.38685627435123,336,0,0,59.03817298285128,77.05160148690763,34,,,,,,,,,,,,,
3,REFUGE,M_IDPOST,OD,336,91.21171772326575,91.36998177246349,87.94375986784799,94.76978704630858,336,0,0,67.61520151908213,84.86880077475148,34,336,0,336,7.729479981466521,7.377690634047086,4.347127883558246,11.55856217755025,336,0,0,2.39427942915152,3.6891159137353595,34
3,REFUGE,M_IDPOST,OC,336,82.49020031395483,84.7368411567657,72.09372816336293,90.63370950359172,336,0,0,39.66346153846153,64.35091002190492,34,336,0,336,7.994931868512868,6.645275163568462,4.051187936748004,12.99281204103427,336,0,0,2.198896789713061,3.3032752877728644,34
3,REFUGE,M_IDPOST,macro,336,86.85095901861028,87.90097018933471,81.24037439072433,91.46641449110933,336,0,0,59.14238897499588,77.1034688829905,34,,,,,,,,,,,,,
3,REFUGE,M_SHUFFLE,OD,336,91.58398344540572,92.02549943044968,88.07337523185373,95.00945080182245,336,0,0,64.24251664379733,84.39768551567494,34,336,0,336,7.452432032778794,7.120601545468913,4.139531282552722,10.739202892950008,336,0,0,2.396067981674105,3.476921083376799,34
3,REFUGE,M_SHUFFLE,OC,336,81.22360372272472,83.26292727325509,70.02603938491049,89.99456491904714,336,0,0,37.58542141230068,62.56991741002215,34,336,0,336,8.72704306198347,7.559799219705093,4.525748268529659,14.053157535653597,336,0,0,2.609872941775676,3.6534395469585954,34
3,REFUGE,M_SHUFFLE,macro,336,86.40379358406524,87.220617170456,80.5865076602965,91.37169726024946,336,0,0,56.14533884113486,75.69341489200895,34,,,,,,,,,,,,,
3,REFUGE,G_PCA,OD,336,91.31022640559608,91.51280184653827,87.93463801717353,94.81107188121786,336,0,0,67.0948223242483,84.90094411733031,34,336,0,336,7.624465664642541,7.349899386370914,4.290481867654808,11.444152284647823,336,0,0,2.3463947811829358,3.592035395815239,34
3,REFUGE,G_PCA,OC,336,82.7663604538769,84.88870881236844,72.95835694271184,90.99502868078439,336,0,0,41.37301858820846,65.06500103066178,34,336,0,336,7.81500601307498,6.607418793667987,3.8440855227271853,13.020201477223903,336,0,0,2.2214881924164973,3.212553254238125,34
3,REFUGE,G_PCA,macro,336,87.0382934297365,87.95848366847264,81.89936122989934,91.52603836956001,336,0,0,59.54232210359998,77.42555380344686,34,,,,,,,,,,,,,
3,REFUGE,G_ISO,OD,336,91.26460071409572,91.44692288446217,87.89822984051129,94.76818859315978,336,0,0,67.3055932699731,84.88330201338124,34,336,0,336,7.663605309014183,7.425122346181304,4.27041041336868,11.480919504293968,336,0,0,2.3622865531434534,3.6244694183632564,34
3,REFUGE,G_ISO,OC,336,82.77605906668262,84.89495233890958,72.94343038188785,91.00527045343915,336,0,0,41.32118451025057,65.05689054437028,34,336,0,336,7.811529317493882,6.604916602852192,3.849652553313364,13.006178115878633,336,0,0,2.2474510173527817,3.2094166875572037,34
3,REFUGE,G_ISO,macro,336,87.02032989038918,87.95131249840546,81.9013903125983,91.5004871860825,336,0,0,59.65035363824388,77.42548636555483,34,,,,,,,,,,,,,
3,REFUGE,G_ORDER,OD,336,91.14480406971661,91.31185184746269,87.82199320070035,94.64472085917362,336,0,0,67.86931894445787,84.77557243273411,34,336,0,336,7.763394127946215,7.357780836385221,4.376732433333823,11.740788304292334,336,0,0,2.4028684466404084,3.7233123541532382,34
3,REFUGE,G_ORDER,OC,336,82.84455697444089,84.88193369795363,72.70843686080289,91.06932622948192,336,0,0,41.493015800320585,65.10780439933463,34,336,0,336,7.769137652810879,6.548052850949244,3.797736371633775,12.958772707528905,336,0,0,2.2049067251305874,3.1829073651305437,34
3,REFUGE,G_ORDER,macro,336,86.99468052207875,87.91560563601027,81.86481585898528,91.39342369939612,336,0,0,60.035834740496696,77.45466335183951,34,,,,,,,,,,,,,
3,ORIGA,C,OD,586,88.25137226105925,89.681948052035,78.7217585246375,95.54195373038084,586,0,0,55.94640315780994,73.38157050605724,59,586,0,586,12.999362313852814,11.138627925476282,4.597210051721991,24.50935550544635,586,0,0,1.9568978376532602,3.7582942513243145,59
3,ORIGA,C,OC,586,69.49208926544902,71.80783010619228,51.9906417651201,84.09310591428971,586,0,0,1.7122712774886688,41.413647863252415,59,586,0,586,18.83430480607265,17.509199523234834,8.743644017868846,30.861707789991165,586,0,0,3.3036729454192337,6.914993737346831,59
3,ORIGA,C,macro,586,78.87173076325413,80.8315942461132,65.87207731605945,88.41737668254164,586,0,0,33.98998439708764,58.61006958656625,59,,,,,,,,,,,,,
3,ORIGA,RP,OD,586,88.23596532429333,89.63880435766855,78.72147759410582,95.55173465337421,586,0,0,56.01053253801924,73.47008714481983,59,586,0,586,12.981692779366245,11.280361863792889,4.614394164641328,24.31956051551365,586,0,0,1.9269774842154914,3.7718822233468408,59
3,ORIGA,RP,OC,586,71.36541554249655,73.99959245660571,54.74113995586873,85.56080256078084,586,0,0,3.707847211123542,43.53661090595999,59,586,0,586,17.9822017006094,16.378701340567567,8.36216924932645,29.777088829724775,586,0,0,2.538664758708666,6.533558616050591,59
3,ORIGA,RP,macro,586,79.80069043339495,81.80664425973384,67.11216357563413,89.46816060236912,586,0,0,34.92963440627851,59.647379809674185,59,,,,,,,,,,,,,
3,ORIGA,T_LR,OD,586,88.6758372204977,89.9260977439886,79.63278375519437,95.47663033846104,586,0,0,57.07753699495649,74.81959220350042,59,586,0,586,12.633462044540478,11.019451830690278,4.8679854648599115,23.272733784915925,586,0,0,2.3334219246091403,3.8465928076373195,59
3,ORIGA,T_LR,OC,586,72.43180036101755,74.53543029598914,55.84833492956053,88.00941593075083,586,0,0,8.328487721966274,45.477201878165104,59,586,0,586,18.249505920895384,17.38629909507214,8.598712788915794,28.686855475475774,586,0,0,3.860201574118045,6.492836600716365,59
3,ORIGA,T_LR,macro,586,80.55381879075762,82.25469198302056,68.6231543099887,91.05644731608103,586,0,0,38.26917218217298,61.95052493331181,59,,,,,,,,,,,,,
3,ORIGA,T_ISO,OD,586,87.68755889841304,89.23036973031923,77.86213023190558,94.97180654322878,586,0,0,55.67459752101439,72.74356374184288,59,586,0,586,13.403803888310454,11.732361452079704,5.10971510707845,24.210084773176252,586,0,0,1.5890508786364699,3.9828770932065756,59
3,ORIGA,T_ISO,OC,586,72.71315562349476,74.44428350170898,56.46707876636565,88.92511975334637,586,0,0,8.270476528529594,45.756603248787066,59,586,0,586,18.00245464024677,17.157737113793715,7.398533379990651,28.85385216079476,586,0,0,3.0158843656003356,5.71816368743979,59
3,ORIGA,T_ISO,macro,586,80.2003572609539,81.75025133223997,67.89416206860815,91.22337704721353,586,0,0,36.1220117888963,60.986302575443496,59,,,,,,,,,,,,,
3,ORIGA,T_DIAG,OD,586,88.38952281437909,89.69046934781322,79.01573086961298,95.57993241368824,586,0,0,56.58099743132659,73.80174073784279,59,586,0,586,12.91002364333899,11.179399082679623,4.757044056392216,23.576422469910952,586,0,0,2.0376902789625886,3.8566194374595124,59
3,ORIGA,T_DIAG,OC,586,71.07971136012434,72.64292328667872,53.330534059672615,87.77427954258718,586,0,0,9.093982420554429,44.037390154892265,59,586,0,586,19.523415949231737,18.569396306445018,8.900662265345996,30.821338913203153,586,0,0,3.701758280494757,6.755561213156958,59
3,ORIGA,T_DIAG,macro,586,79.7346170872517,80.95961608793887,67.60007578596986,91.1151853753448,586,0,0,37.737527460440305,61.05554150387587,59,,,,,,,,,,,,,
3,ORIGA,U_PCA,OD,586,88.09100459583603,89.51502162074777,78.0849216137808,95.54446314241065,586,0,0,55.119193772513256,72.78592522730898,59,586,0,586,13.150693825912052,11.103377481340715,4.631081636387046,25.077754562493322,586,0,0,1.9783056855531005,3.7575344478387938,59
3,ORIGA,U_PCA,OC,586,68.38918092284001,70.61271246429288,50.63343176865321,83.70658791021873,586,0,0,1.1436492808871945,40.01893113125515,59,586,0,586,19.250003163471018,17.96391356496448,8.72242962145979,31.319313161200995,586,0,0,3.0338054781426482,6.830029993380033,59
3,ORIGA,U_PCA,macro,586,78.24009275933804,80.14115943009841,65.04679557506549,88.36375151315038,586,0,0,33.269058803093934,57.6752638780552,59,,,,,,,,,,,,,
3,ORIGA,U_RAND,OD,586,88.14661828814083,89.50437690118169,78.23569055812118,95.5128701277618,586,0,0,55.30333629533888,72.98923646216086,59,586,0,586,13.066238144010807,11.123237842079522,4.604164464090991,24.83274278945813,586,0,0,1.990969863027439,3.751881483893361,59
3,ORIGA,U_RAND,OC,586,68.6714197031985,71.02714349434179,51.014201971209815,83.69446953257346,586,0,0,1.1747092018887482,40.40128842197807,59,586,0,586,19.111552083482735,17.97691764721942,8.79456512839921,31.113768562315993,586,0,0,2.9868363697330063,6.829215757396262,59
3,ORIGA,U_RAND,macro,586,78.40901899566965,80.32657017615551,65.20352704749253,88.47248269605194,586,0,0,33.38843068625017,57.93195246413428,59,,,,,,,,,,,,,
3,ORIGA,U_SCALE,OD,586,88.24083013498142,89.70404113325093,78.60811936266263,95.55653359901854,586,0,0,55.86179080397956,73.31693698501043,59,586,0,586,13.007870207362432,11.109972278703436,4.573336124333453,24.45293502337566,586,0,0,1.9577740986212957,3.758320984002062,59
3,ORIGA,U_SCALE,OC,586,69.46631643139263,71.77130079671576,51.992534377624246,84.10786843233231,586,0,0,1.6355794544334286,41.32763455778226,59,586,0,586,18.845699865770577,17.538930136940095,8.703349941469966,30.86637597909965,586,0,0,3.2993957731209007,6.913675325968128,59
3,ORIGA,U_SCALE,macro,586,78.85357328318703,80.80773318457386,65.84427904341575,88.45340765703745,586,0,0,33.87664880645092,58.51986156207621,59,,,,,,,,,,,,,
3,ORIGA,S_JOINT,OD,586,85.4656201748009,87.93912719050061,73.2589433301577,94.86077926561339,586,0,0,41.75531498221811,64.51772690961359,59,586,0,586,15.578703064561719,12.867466847545558,5.153183447866359,28.853377419320317,586,0,0,2.440482774013984,4.079266427603708,59
3,ORIGA,S_JOINT,OC,586,67.90386395157371,71.02522096181033,45.536005577482086,85.08769240041764,586,0,0,0.09419300145999153,33.12407806309672,59,586,0,586,19.074545781298216,17.612455665315043,7.977591901123731,31.500612474170836,586,0,0,2.912496220216657,6.156614918936828,59
3,ORIGA,S_JOINT,macro,586,76.68474206318731,79.35685290104945,59.730861162584276,89.05136610025983,586,0,0,21.93916363457373,49.91064242188107,59,,,,,,,,,,,,,
3,ORIGA,S_SHARED,OD,586,88.23604726340666,89.62415115716155,78.71633648310932,95.55178997232667,586,0,0,56.039750218223325,73.47501098952254,59,586,0,586,12.985456089104575,11.292111589035777,4.63157307373125,24.236940621606195,586,0,0,1.9370909993672047,3.7723566580577206,59
3,ORIGA,S_SHARED,OC,586,71.32633716645783,73.9514708587248,54.66273513892871,85.51487260405705,586,0,0,3.752265216927833,43.48799059791172,59,586,0,586,18.007206274531065,16.427248339436545,8.37519022124566,29.72358655591728,586,0,0,2.511075935968029,6.546755400309958,59
3,ORIGA,S_SHARED,macro,586,79.78119221493226,81.7579447063462,67.0485236560178,89.47461286406926,586,0,0,34.96489153722802,59.634776683307344,59,,,,,,,,,,,,,
3,ORIGA,S_NOPCA,OD,586,85.41883250670344,87.86901231129124,73.18521895355917,94.91809289944366,586,0,0,41.258015843078084,64.3301248251946,59,586,0,586,15.632203457313041,12.84803143833861,5.14743215538075,28.974939981382533,586,0,0,2.4346424139881337,4.062433019634839,59
3,ORIGA,S_NOPCA,OC,586,67.38021884260522,70.40484481398967,45.010081755753845,84.67878246773165,586,0,0,0.05661445555765239,32.59003324536536,59,586,0,586,19.313831474967557,18.097955519976587,7.927395915620044,32.27102796664194,586,0,0,2.9210419642579737,6.17921084655141,59
3,ORIGA,S_NOPCA,macro,586,76.39952567465433,79.14965825888031,59.59742151190166,88.99637313375884,586,0,0,21.529616144697048,49.5593960857009,59,,,,,,,,,,,,,
3,ORIGA,M_TRANSPORT,OD,586,88.25574949067754,89.67479978157687,78.7616663235135,95.54737605105797,586,0,0,55.94788798603183,73.50458370280674,59,586,0,586,12.9721640395945,11.266774639651718,4.607925987650495,24.36561669512363,586,0,0,1.943833093362843,3.7689407311273224,59
3,ORIGA,M_TRANSPORT,OC,586,71.3210277248069,73.97082032361371,54.67403630801391,85.49135856783636,586,0,0,3.6309428738753127,43.51767290337231,59,586,0,586,18.051302890452064,16.499830906269757,8.364554746774601,29.716257246297456,586,0,0,2.5872239961542154,6.586281704851056,59
3,ORIGA,M_TRANSPORT,macro,586,79.78838860774222,81.83592341115127,67.08136616057524,89.43293453132209,586,0,0,34.938401118958396,59.65787044912135,59,,,,,,,,,,,,,
3,ORIGA,M_IDPOST,OD,586,88.24115128847038,89.63164122017243,78.72255122026915,95.54232148752823,586,0,0,56.03223640026863,73.48561444307555,59,586,0,586,12.976340108321628,11.27759610419514,4.62953706463085,24.2781443237128,586,0,0,1.9231895899913698,3.7742167160480165,59
3,ORIGA,M_IDPOST,OC,586,71.37468134401422,74.00494253552996,54.71172170181148,85.58759625083304,586,0,0,3.7587179896715117,43.55518518286519,59,586,0,586,17.97607840970526,16.37789382169515,8.338374080981033,29.816182097163697,586,0,0,2.5369999062356743,6.529946523789538,59
3,ORIGA,M_IDPOST,macro,586,79.8079163162423,81.82621039097202,67.12030987247746,89.48152155348943,586,0,0,34.978900402982504,59.66757490660897,59,,,,,,,,,,,,,
3,ORIGA,M_SHUFFLE,OD,586,87.54463699552198,88.78538942927733,77.81592710061776,95.07942787061563,586,0,0,56.195950494536795,72.9517407218904,59,586,0,586,14.115903002567272,12.591877705751592,5.3931047589550145,25.188046336494065,586,0,0,2.5188240474280765,4.088911472713247,59
3,ORIGA,M_SHUFFLE,OC,586,70.02574489412657,72.38684402759998,52.36377880879642,84.6404039609314,586,0,0,3.7902069248104895,41.95842941580065,59,586,0,586,18.865752484737875,17.77051988728831,9.43045715969987,29.907720391212514,586,0,0,3.384258780335483,7.417724617356824,59
3,ORIGA,M_SHUFFLE,macro,586,78.78519094482428,80.50621385835109,65.78961778789291,88.7895511920395,586,0,0,35.78236179478114,58.62838342494814,59,,,,,,,,,,,,,
3,ORIGA,G_PCA,OD,586,88.13254932365,89.52415795435701,78.71723108799787,95.5093407611591,586,0,0,56.06810321894121,73.30699887726246,59,586,0,586,13.206620931089581,11.593894113902465,4.670159344990023,24.522352720877272,586,0,0,2.079434458157545,3.8127674218170204,59
3,ORIGA,G_PCA,OC,586,69.02425492968572,71.3790834497365,51.61184704674483,83.74611180227515,586,0,0,1.6237402015677491,40.82758638519647,59,586,0,586,19.099213196880577,17.832469406809643,8.962979214118906,31.008075808357347,586,0,0,3.4777462134562165,7.085557314408638,59
3,ORIGA,G_PCA,macro,586,78.57840212666785,80.53916851613886,65.53516978942554,88.27302464104102,586,0,0,34.11201463266118,58.32124470503783,59,,,,,,,,,,,,,
3,ORIGA,G_ISO,OD,586,88.20460571848848,89.60438357495339,78.78346869662445,95.58261012815152,586,0,0,56.103480464061874,73.41469566803309,59,586,0,586,13.10826760143973,11.494099258422967,4.623979223946254,24.303651561673572,586,0,0,2.0419740792599277,3.787808525868758,59
3,ORIGA,G_ISO,OC,586,69.25296047484994,71.66687613803234,51.94822764461658,83.8182985733338,586,0,0,1.6540008940545372,41.10638816550907,59,586,0,586,18.98194128492502,17.77372286491618,8.923828711358349,30.905084694992347,586,0,0,3.4673715084184242,7.043752515091183,59
3,ORIGA,G_ISO,macro,586,78.72878309666922,80.70443360782143,65.68037586616174,88.207395519253,586,0,0,34.08920112689816,58.50408751037394,59,,,,,,,,,,,,,
3,ORIGA,G_ORDER,OD,586,88.26321564033088,89.70432553968396,78.7364672384711,95.5466345877487,586,0,0,56.0223487697432,73.40756512545198,59,586,0,586,12.981868548365215,11.110735644459865,4.598718458569632,24.398466038462722,586,0,0,1.9632310569262774,3.7576339147838453,59
3,ORIGA,G_ORDER,OC,586,69.52159212023024,71.87094448865122,51.96776268820124,84.1144436183409,586,0,0,1.7564468311237904,41.45842150982087,59,586,0,586,18.816563192644296,17.516035004257255,8.756882274258562,30.887660223903012,586,0,0,3.31941210735033,6.916478154493286,59
3,ORIGA,G_ORDER,macro,586,78.89240388028057,80.85582971981128,65.93751742326307,88.41347526040357,586,0,0,33.9997578607495,58.64889809646035,59,,,,,,,,,,,,,
3,REFUGE_Valid,C,OD,736,84.82521665485947,87.21339107240047,73.17042804130739,93.45608041773977,736,0,0,45.68684101909872,66.35196119717205,74,736,0,736,15.667096734822636,11.672568458878438,5.318687871697319,32.68850625032398,736,0,0,1.6724287164200082,4.240995484972968,74
3,REFUGE_Valid,C,OC,736,65.57989099161321,65.20024628856811,46.210629976451344,85.98395104353935,736,0,0,24.827007758439926,40.74887629645072,74,736,0,736,14.703587559835688,14.597529036093569,6.517019881475177,21.995945647086515,736,0,0,1.8915900775823644,4.796005739330562,74
3,REFUGE_Valid,C,macro,736,75.20255382323634,75.60027053277528,60.81234369240829,88.47674874874866,736,0,0,36.57730786105537,56.07604037750241,74,,,,,,,,,,,,,
3,REFUGE_Valid,RP,OD,736,84.70813651365447,87.02615256900634,73.01951763618848,93.42480777602061,736,0,0,45.52839441470445,66.20473533466188,74,736,0,736,15.730899848294076,11.795866782857711,5.376391176563644,32.36447506641531,736,0,0,1.713047941847788,4.277668197196243,74
3,REFUGE_Valid,RP,OC,736,65.10056608218278,64.7006010824318,45.593260260038534,85.7176712586191,736,0,0,24.442289039767218,40.27267554225584,74,736,0,736,15.025044544554419,15.028155744103158,6.64998447885362,22.438870535751555,736,0,0,2.0026762129311084,4.920013071031017,74
3,REFUGE_Valid,RP,macro,736,74.90435129791862,75.42151542526963,60.316595830566996,88.4958902513574,736,0,0,36.36790795035522,55.71650236448726,74,,,,,,,,,,,,,
3,REFUGE_Valid,T_LR,OD,736,81.84459221023003,83.28250665349142,68.78279468470338,92.3376832302481,736,0,0,43.93756663695314,62.72499920132857,74,736,0,736,17.754384761701566,14.639864187831952,6.776169655972295,33.087369302914055,736,0,0,2.2902275016475726,5.2382142128394,74
3,REFUGE_Valid,T_LR,OC,736,61.53006146794484,61.085068217899725,41.082647966905874,83.29639895554686,736,0,0,21.66712416506542,36.326862701824005,74,736,0,736,17.42347172151912,17.463757088463275,8.156223770264596,26.05680650542378,736,0,0,2.250128247230777,5.823827754968337,74
3,REFUGE_Valid,T_LR,macro,736,71.68732683908743,71.97127629430985,56.08362735460183,86.68338524770644,736,0,0,36.25343294425419,51.563557970330564,74,,,,,,,,,,,,,
3,REFUGE_Valid,T_ISO,OD,736,82.19365108440459,83.82638832725843,70.00419556865754,91.89395430695222,736,0,0,44.56776332384418,63.79325472907026,74,736,0,736,17.448744785875643,14.475365333058798,6.873753335617271,32.00642170649882,736,0,0,2.6304197953997854,5.5448949076004626,74
3,REFUGE_Valid,T_ISO,OC,736,60.436592563323956,59.59773889418065,40.1353513879153,82.36943050666852,736,0,0,21.188260558339298,35.4586680575138,74,736,0,736,18.23792590629082,18.22426967527162,8.621806523222565,26.98123399893111,736,0,0,2.5523691991501303,6.2542543343964345,74
3,REFUGE_Valid,T_ISO,macro,736,71.31512182386427,71.58257185981029,56.153047339332524,85.98248774123272,736,0,0,35.73806285205265,51.64948141246645,74,,,,,,,,,,,,,
3,REFUGE_Valid,T_DIAG,OD,736,80.66697683774974,82.0009038600177,67.66877728110362,91.21046434529867,736,0,0,43.92944463849109,61.80505312065662,74,736,0,736,18.852074031297395,15.980507177438792,7.409876302419203,33.882531638518785,736,0,0,2.8559227382960604,5.9230306745437575,74
3,REFUGE_Valid,T_DIAG,OC,736,59.524031357745024,58.37353817183451,39.50449634912019,81.89230112879616,736,0,0,20.422595946528677,34.397014571797186,74,736,0,736,18.94043098908065,19.10319494064948,8.961478045298293,28.061220769135254,736,0,0,2.8432622569345822,6.381905822598033,74
3,REFUGE_Valid,T_DIAG,macro,736,70.0955040977474,70.27256145286071,54.49171742130031,85.60644716997926,736,0,0,35.5112002672776,49.90866823888863,74,,,,,,,,,,,,,
3,REFUGE_Valid,U_PCA,OD,736,85.00332602750696,87.30878781288837,73.61719843831932,93.54725950096392,736,0,0,45.926483030929774,66.62831177964301,74,736,0,736,15.63054045408994,11.587900328796026,5.2911527047684235,33.28942482550567,736,0,0,1.6213850484014727,4.193129383037465,74
3,REFUGE_Valid,U_PCA,OC,736,65.9082840532538,65.55984712813768,46.663412228751525,85.98446844504984,736,0,0,25.050248598328572,41.066384156398755,74,736,0,736,14.501576414184985,14.38565447504417,6.3685352199250875,21.789179924540992,736,0,0,1.898821587109198,4.706285875338014,74
3,REFUGE_Valid,U_PCA,macro,736,75.45580504038037,75.83865170937483,61.10828821588575,88.7060139170855,736,0,0,36.963140545007434,56.38709463127723,74,,,,,,,,,,,,,
3,REFUGE_Valid,U_RAND,OD,736,84.97676458445805,87.31128859250143,73.58903922638561,93.55249215286553,736,0,0,45.894428152492665,66.547594223348,74,736,0,736,15.644330646617329,11.58115228336442,5.29687273861502,33.154945085105695,736,0,0,1.624655432767597,4.197148963484967,74
3,REFUGE_Valid,U_RAND,OC,736,65.89388957581538,65.5297042702615,46.620060295202464,85.97352416946896,736,0,0,25.047598899936535,41.048979245161775,74,736,0,736,14.516629046096671,14.3371126142246,6.381342829160738,21.79046085276421,736,0,0,1.8741613581863548,4.707494977803375,74
3,REFUGE_Valid,U_RAND,macro,736,75.43532708013673,75.81733562712247,61.07571606105927,88.68326124865064,736,0,0,36.91442850809251,56.35838599779934,74,,,,,,,,,,,,,
3,REFUGE_Valid,U_SCALE,OD,736,84.84640420363273,87.24287588733934,73.24222918398942,93.47918104660117,736,0,0,45.758924379847144,66.38508922560699,74,736,0,736,15.657611850253998,11.677130091500484,5.307516093000247,32.841122176749465,736,0,0,1.6806821994635812,4.233117018849603,74
3,REFUGE_Valid,U_SCALE,OC,736,65.5900669175095,65.2237734219041,46.23211023301211,85.99514485285698,736,0,0,24.842635333613092,40.75858876431769,74,736,0,736,14.696539930387763,14.581304460489623,6.5138412794828815,21.993639623869946,736,0,0,1.9154905402656497,4.79126311312223,74
3,REFUGE_Valid,U_SCALE,macro,736,75.21823556057112,75.62219991789775,60.82829136942014,88.48852607483329,736,0,0,36.6033464435191,56.09639463639247,74,,,,,,,,,,,,,
3,REFUGE_Valid,S_JOINT,OD,736,85.68120107340508,87.77750091999732,75.40773267502107,93.93333705799043,736,0,0,44.10899224213704,67.3378003788163,74,736,0,736,16.602153187231647,11.376001270044103,5.048311482046596,38.417661606393935,736,0,0,2.0955950293634267,3.983574285104834,74
3,REFUGE_Valid,S_JOINT,OC,736,65.93260743438591,65.78347102132447,46.52415760868136,86.14800049710408,736,0,0,17.41115743498114,40.765143790099025,74,736,0,736,14.624103116109689,14.355364775336543,6.312801132440452,21.878042105683008,736,0,0,1.947488563757485,4.599423802754517,74
3,REFUGE_Valid,S_JOINT,macro,736,75.8069042538955,76.45717547669497,61.46741974903705,88.88674759827497,736,0,0,31.816740036966394,56.464821800510606,74,,,,,,,,,,,,,
3,REFUGE_Valid,S_SHARED,OD,736,84.70681961771818,87.02010781506746,73.01176944331564,93.41841559858977,736,0,0,45.50761516296823,66.19185746025968,74,736,0,736,15.737421161855645,11.810033808749388,5.385487986122419,32.48332404188884,736,0,0,1.714476147764286,4.278431817874482,74
3,REFUGE_Valid,S_SHARED,OC,736,65.11487027597632,64.7427529573987,45.604348679006485,85.72487728082865,736,0,0,24.34006211180124,40.28183502943249,74,736,0,736,15.01552579723169,15.011771543081807,6.651867930130063,22.430005138137695,736,0,0,1.9894400154706808,4.914537447944717,74
3,REFUGE_Valid,S_SHARED,macro,736,74.91084494684725,75.42061917238058,60.317421776688185,88.50758887867859,736,0,0,36.29928932542073,55.72269472618356,74,,,,,,,,,,,,,
3,REFUGE_Valid,S_NOPCA,OD,736,85.71670806788315,87.82135463083617,75.43212945569611,93.98012671025026,736,0,0,44.13132956829712,67.39132108817907,74,736,0,736,16.670930694156393,11.446822157673802,5.061410875831724,38.92148235848111,736,0,0,2.096907035543264,3.9944531595539927,74
3,REFUGE_Valid,S_NOPCA,OC,736,66.1228037997828,65.98770173257239,46.67155614242151,86.40459408740597,736,0,0,17.134746020480584,40.96903773785851,74,736,0,736,14.50380971726899,14.177525855508797,6.258757987152773,21.73028128260102,736,0,0,1.9611305230448695,4.548904959922979,74
3,REFUGE_Valid,S_NOPCA,macro,736,75.91975593383297,76.60461591690012,61.662370965169565,88.85770031707429,736,0,0,31.679257959589062,56.62366223357497,74,,,,,,,,,,,,,
3,REFUGE_Valid,M_TRANSPORT,OD,736,84.72252614404997,87.07067819249104,73.03104430303839,93.42705711903449,736,0,0,45.62395819676737,66.24305713440245,74,736,0,736,15.725830847377319,11.787631566132786,5.3754104827729305,32.33557477762639,736,0,0,1.7281962178966754,4.277522002600605,74
3,REFUGE_Valid,M_TRANSPORT,OC,736,65.00646045071346,64.53706789142214,45.4331106992081,85.66633612699877,736,0,0,24.409854654159364,40.184516875380965,74,736,0,736,15.06726917717808,15.024809999518546,6.695674046610731,22.60372708663698,736,0,0,2.024452979557602,4.948695996061798,74
3,REFUGE_Valid,M_TRANSPORT,macro,736,74.86449329738171,75.35264168885108,60.23963192168078,88.4652603569501,736,0,0,36.46527598942088,55.685156780525055,74,,,,,,,,,,,,,
3,REFUGE_Valid,M_IDPOST,OD,736,84.70297760291112,87.02313235965889,73.00672349739551,93.41918471492951,736,0,0,45.50694262509825,66.19215244558164,74,736,0,736,15.736663489849182,11.825404932818923,5.375640105509586,32.34984589064928,736,0,0,1.713047941847788,4.279740153842506,74
3,REFUGE_Valid,M_IDPOST,OC,736,65.09633106220615,64.7080354723225,45.58650344707919,85.70956886836393,736,0,0,24.303600892943802,40.26743991400806,74,736,0,736,15.028841221356743,15.02597389719557,6.6554459104486,22.425973118223332,736,0,0,2.0074091137948087,4.922951873379717,74
3,REFUGE_Valid,M_IDPOST,macro,736,74.89965433255863,75.41329293023719,60.304155317326575,88.49289750788935,736,0,0,36.28539431930167,55.70981169314695,74,,,,,,,,,,,,,
3,REFUGE_Valid,M_SHUFFLE,OD,736,83.69857939067963,85.8305728901715,71.1151174588352,93.038192361602,736,0,0,43.27207207207207,64.55354021052216,74,736,0,736,16.553567915383347,12.883298181457565,5.846888484748202,34.59805831951737,736,0,0,1.936811265184696,4.597052139813673,74
3,REFUGE_Valid,M_SHUFFLE,OC,736,64.0044499726281,63.482291101828054,44.116604920000356,84.7739343486475,736,0,0,22.05029013539652,39.14553200365812,74,736,0,736,15.887201284086851,15.8688356193267,7.13139027738973,23.511219943039613,736,0,0,2.2918716950117717,5.262599042332546,74
3,REFUGE_Valid,M_SHUFFLE,macro,736,73.85151468165387,74.47777836949126,59.248660116757875,87.87800446661996,736,0,0,34.45229195479397,54.25126623535911,74,,,,,,,,,,,,,
3,REFUGE_Valid,G_PCA,OD,736,84.6420330987667,86.93347509034581,72.9854712732623,93.41047302316221,736,0,0,45.29300003725366,66.06199962208073,74,736,0,736,15.765986673817357,11.846112983639358,5.406376346356395,32.30172753872404,736,0,0,1.7215279318722911,4.285288168225298,74
3,REFUGE_Valid,G_PCA,OC,736,65.46345521748587,65.1053215220143,46.04522235596876,85.91375926614171,736,0,0,24.60159362549801,40.62378993266533,74,736,0,736,14.771867742270027,14.658379115247008,6.5844101780912485,22.079744102399403,736,0,0,1.8557269361753101,4.819675000444985,74
3,REFUGE_Valid,G_PCA,macro,736,75.05274415812629,75.48367209390138,60.553908237730724,88.52077514421777,736,0,0,36.37852329085201,55.850535623981024,74,,,,,,,,,,,,,
3,REFUGE_Valid,G_ISO,OD,736,84.7054117419182,87.0389356666659,73.05038452610378,93.40487424417304,736,0,0,45.46184738955824,66.16548918232286,74,736,0,736,15.725526991242896,11.75566144535955,5.3814251597473035,32.40806182606903,736,0,0,1.6890872652349658,4.2671695316368226,74
3,REFUGE_Valid,G_ISO,OC,736,65.47272216149608,65.09442170575605,46.04775814269973,85.92770885823136,736,0,0,24.73623733416902,40.6376167451753,74,736,0,736,14.764419449930736,14.67411557529762,6.581097415599272,22.056934919641346,736,0,0,1.8677145553827004,4.818418413985904,74
3,REFUGE_Valid,G_ISO,macro,736,75.08906695170714,75.48775852055705,60.62320942352257,88.49916293961621,736,0,0,36.48961050009282,55.91275973622241,74,,,,,,,,,,,,,
3,REFUGE_Valid,G_ORDER,OD,736,84.82778806245477,87.22438779049082,73.16925715439501,93.46173178444171,736,0,0,45.7124629414193,66.35820037220637,74,736,0,736,15.664521570789551,11.692230972307488,5.309305486855497,32.70189988647441,736,0,0,1.6711957887471152,4.235402418247434,74
3,REFUGE_Valid,G_ORDER,OC,736,65.58091529767923,65.2028674399153,46.2192683478316,85.9863962082488,736,0,0,24.82440507390712,40.74978437053187,74,736,0,736,14.70165071907967,14.591945394986519,6.513739170057679,21.995985574682074,736,0,0,1.8936834317550053,4.795883170299552,74
3,REFUGE_Valid,G_ORDER,macro,736,75.204351680067,75.6025884858517,60.81510889031194,88.47776433783548,736,0,0,36.58167024208886,56.07893589168188,74,,,,,,,,,,,,,
3,Drishti_GS,C,OD,37,91.95395174735668,93.19188507941169,86.1577956551156,94.68191845216118,37,0,0,77.34286879934724,82.45588443266878,4,37,0,37,8.99815529842958,6.789094647536862,5.181645616424791,16.28390441527135,37,0,0,2.775034280629619,3.820368796858621,4
3,Drishti_GS,C,OC,37,60.520319155717466,60.76542942682971,45.92124903591392,79.15408374066503,37,0,0,17.12216655919845,28.71611849659479,4,37,0,37,27.058256441609608,27.15150945124005,8.860092807375064,42.52514135211928,37,0,0,4.230427413719647,6.25422896341543,4
3,Drishti_GS,C,macro,37,76.2371354515371,76.85623316260168,67.46524120774545,86.93160235259458,37,0,0,50.82967709891019,55.64909865574192,4,,,,,,,,,,,,,
3,Drishti_GS,RP,OD,37,91.96413388447868,93.06377717984147,86.16411815682932,94.70253758944438,37,0,0,77.10200221221206,82.44045161952893,4,37,0,37,9.007437027693419,6.858681151213802,5.174952881970862,16.328350361622853,37,0,0,2.8304228709571113,3.868002293463814,4
3,Drishti_GS,RP,OC,37,64.837962846053,65.74630501867793,52.156549463512064,80.66815288724514,37,0,0,22.842590812992505,36.17682106607083,4,37,0,37,25.105289906416647,25.571719349229326,10.319021899039413,41.4214751192555,37,0,0,3.4189620517777937,6.2305993577324195,4
3,Drishti_GS,RP,macro,37,78.40104836526582,79.45270088719913,70.82048591838446,86.33244964241084,37,0,0,53.71282158177409,59.47245838176944,4,,,,,,,,,,,,,
3,Drishti_GS,T_LR,OD,37,89.89149798878556,91.08712711392147,83.64173939159976,93.7521265347952,37,0,0,74.2825751861205,79.87829022099443,4,37,0,37,11.196479967916561,9.423049029992578,6.2664114803221995,19.393027493971154,37,0,0,3.9047062121247613,4.447261846861425,4
3,Drishti_GS,T_LR,OC,37,74.78375975517153,75.02423745245731,64.695978055882,87.58010104611839,37,0,0,47.36079486648727,54.75451128145339,4,37,0,37,19.013847486417536,17.848955789546686,6.4106869378972124,27.646704823624592,37,0,0,4.652190171459902,5.352027056189048,4
3,Drishti_GS,T_LR,macro,37,82.33762887197857,83.1971145485185,76.75744028106983,89.22561627143689,37,0,0,61.130422245757174,67.83177123444624,4,,,,,,,,,,,,,
3,Drishti_GS,T_ISO,OD,37,90.50050345025704,91.81459813694227,84.1881239845026,93.98959510367412,37,0,0,74.90107451434726,80.95695547255511,4,37,0,37,10.512842118405471,8.532283597882644,5.593470126058058,18.93097288928686,37,0,0,3.8128293724913904,4.1649258451804645,4
3,Drishti_GS,T_ISO,OC,37,78.03067297457396,79.28021536862985,65.85336163214843,87.66838583224903,37,0,0,53.81653183677124,58.55954875560998,4,37,0,37,16.61358739373254,15.402852103037572,7.2627025194391805,23.467693899884974,37,0,0,3.177415016042163,5.454308238839677,4
3,Drishti_GS,T_ISO,macro,37,84.26558821241551,85.7460699487112,78.07463644641858,89.7727657845498,37,0,0,64.35880317555925,71.37303883925227,4,,,,,,,,,,,,,
3,Drishti_GS,T_DIAG,OD,37,90.17558266065666,91.42442406116652,83.96110136757868,93.91610318345458,37,0,0,74.61463606106945,80.41931784363615,4,37,0,37,10.878304046325033,9.079178567819012,6.038359555652228,19.082960208786915,37,0,0,3.847200388221595,4.285682817479805,4
3,Drishti_GS,T_DIAG,OC,37,78.4212472664319,79.8107623109371,65.74470739764128,87.96534444711475,37,0,0,54.27546905920339,58.66215861377211,4,37,0,37,16.262458673219204,14.93122810496333,7.315633211104571,23.167603429140573,37,0,0,2.8523602616410115,5.283069584052111,4
3,Drishti_GS,T_DIAG,macro,37,84.29841496354429,85.78717104655276,77.76836065499182,90.16179336392645,37,0,0,64.44505256013642,71.24156895885247,4,,,,,,,,,,,,,
3,Drishti_GS,U_PCA,OD,37,91.64411151983614,92.88188898990147,85.68853900135856,94.41026513178277,37,0,0,76.84139504249065,82.00738555851584,4,37,0,37,9.312218592400331,7.081720408596564,5.273777367356211,16.840868085868244,37,0,0,2.8397223669074827,3.869704593694287,4
3,Drishti_GS,U_PCA,OC,37,59.269541476953165,59.86449012264502,44.1490588030036,80.05360692564089,37,0,0,17.452655031563314,27.584476979586317,4,37,0,37,27.723689349508817,28.165988870307714,8.336228710472733,42.891450381473526,37,0,0,4.453094311316282,6.209694449655062,4
3,Drishti_GS,U_PCA,macro,37,75.45682649839466,76.01915254528319,66.46604614162277,87.26787899373198,37,0,0,50.74307183997553,54.795931269051074,4,,,,,,,,,,,,,
3,Drishti_GS,U_RAND,OD,37,91.69792583985743,92.95612150966555,85.70688249555097,94.4402034407167,37,0,0,76.93431359958906,82.09812104700674,4,37,0,37,9.266828664368955,6.986596817675946,5.286327901944855,16.863099307499596,37,0,0,2.8062741794140624,3.8591011186183746,4
3,Drishti_GS,U_RAND,OC,37,59.261609437374894,59.82002571061277,44.02406763604379,80.08261817280777,37,0,0,17.113095238095237,27.443573559076086,4,37,0,37,27.71929133421527,27.822879599245734,8.419495726579006,42.89047529690911,37,0,0,4.438893064801386,6.28034926880607,4
3,Drishti_GS,U_RAND,macro,37,75.47976763861617,76.06692729217505,66.44211763632322,87.26944221971411,37,0,0,50.62652360131715,54.77084730304141,4,,,,,,,,,,,,,
3,Drishti_GS,U_SCALE,OD,37,91.91758960679286,93.16031095060292,86.10649816574158,94.63938327770813,37,0,0,77.28003969810233,82.39614837691705,4,37,0,37,9.040097818009174,6.815035823548743,5.25160444767931,16.333738856845756,37,0,0,2.7654892832460507,3.8197437555629987,4
3,Drishti_GS,U_SCALE,OC,37,60.54319772248906,60.72721103822665,45.998576618555376,79.17836255071045,37,0,0,17.262657051520332,28.777751757103253,4,37,0,37,27.062068411248323,27.173286241112258,8.836204841345099,42.553319190103096,37,0,0,4.2332869090545024,6.232287860460782,4
3,Drishti_GS,U_SCALE,macro,37,76.23039366464097,76.85273733758724,67.47386912485771,86.94967888614522,37,0,0,50.87056368336097,55.652577568203,4,,,,,,,,,,,,,
3,Drishti_GS,S_JOINT,OD,37,88.08605173439754,89.40417814200309,81.93975546637485,92.35564686055268,37,0,0,70.52892896950046,77.41194588564144,4,37,0,37,12.998059738498146,11.139215535343196,6.723408666908784,21.228753798541902,37,0,0,5.4546551139262345,5.679461224428445,4
3,Drishti_GS,S_JOINT,OC,37,62.59947994833763,61.08213820078227,50.387904262737365,79.16699174073695,37,0,0,26.0315662821148,35.85376037988546,4,37,0,37,26.391706719577314,27.12736543279767,9.304861015148088,41.527353076136485,37,0,0,4.613296090064687,6.1084608994510745,4
3,Drishti_GS,S_JOINT,macro,37,75.34276584136757,74.96273666061002,67.76638962720018,85.39883875480336,37,0,0,50.84216334348898,56.70274698060385,4,,,,,,,,,,,,,
3,Drishti_GS,S_SHARED,OD,37,92.00379566575754,93.0758388188965,86.23047782319489,94.76141443755579,37,0,0,77.17583729182854,82.49784005428278,4,37,0,37,8.959565077354858,6.850704090636313,5.143375165773709,16.23159462165082,37,0,0,2.816514085806196,3.8436940138165108,4
3,Drishti_GS,S_SHARED,OC,37,64.5716652913241,65.5534170077801,51.828906478229165,80.36205338610661,37,0,0,22.34749927724776,35.59633738158013,4,37,0,37,25.24118410630603,25.73002441537992,10.200039277039556,41.66558906504049,37,0,0,3.4923959877980426,6.237056211521622,4
3,Drishti_GS,S_SHARED,macro,37,78.28773047854081,79.35768878753116,70.63037154057777,86.36406709300326,37,0,0,53.495646451417024,59.2112732877489,4,,,,,,,,,,,,,
3,Drishti_GS,S_NOPCA,OD,37,88.09347307109073,89.40330235317381,82.0113045898386,92.39306674952908,37,0,0,70.45892332128012,77.37943622222008,4,37,0,37,12.991944174206532,11.14277597728585,6.714992911312962,21.253152268980383,37,0,0,5.386174072751269,5.635809098204501,4
3,Drishti_GS,S_NOPCA,OC,37,61.217233210610225,59.31413900605171,48.61354804229743,80.35024279044144,37,0,0,23.95912910618793,33.77954423377823,4,37,0,37,27.17251871763584,27.75281018257223,8.464100968910719,42.940917970330894,37,0,0,4.989819969216344,6.291695865788322,4
3,Drishti_GS,S_NOPCA,macro,37,74.65535314085048,74.25614219334292,66.75824294544445,85.92344264752424,37,0,0,50.092376523554925,55.57949022799916,4,,,,,,,,,,,,,
3,Drishti_GS,M_TRANSPORT,OD,37,91.97751625988916,93.09030606307459,86.20101017445698,94.71889655355842,37,0,0,77.1640296414981,82.46575178333946,4,37,0,37,8.978748613662345,6.806716864464486,5.14353887390012,16.2421420751144,37,0,0,2.8360844388396393,3.859932997948562,4
3,Drishti_GS,M_TRANSPORT,OC,37,64.98087701094693,65.98211149242034,52.19901939099385,80.75389280035893,37,0,0,23.11032216278456,36.37500394717641,4,37,0,37,25.11856917494589,25.39856083294562,10.327794804866707,41.56806564575013,37,0,0,3.43688679691521,6.259275480390334,4
3,Drishti_GS,M_TRANSPORT,macro,37,78.47919663541803,79.54606868541987,70.90133191012927,86.34681537701009,37,0,0,53.85148474664261,59.61711568641485,4,,,,,,,,,,,,,
3,Drishti_GS,M_IDPOST,OD,37,91.96990888872324,93.06708939920593,86.16291870542437,94.71340891927382,37,0,0,77.13843860928374,82.45388277083798,4,37,0,37,9.00095508971844,6.830678276101781,5.1721958718545356,16.317299298480286,37,0,0,2.83683764081892,3.8654896096590905,4
3,Drishti_GS,M_IDPOST,OC,37,64.85164778172177,65.75720665854648,52.17737519279366,80.69176549910205,37,0,0,22.851102676211983,36.173436542208684,4,37,0,37,25.087196010026922,25.53313723157668,10.318582932833364,41.38143194028174,37,0,0,3.435520321517131,6.2232996031341585,4
3,Drishti_GS,M_IDPOST,macro,37,78.4107783352225,79.46361738579486,70.82627227124813,86.35303879024362,37,0,0,53.72027592866364,59.47089010055737,4,,,,,,,,,,,,,
3,Drishti_GS,M_SHUFFLE,OD,37,93.36743847956745,94.3638937707479,88.66226987474901,95.99090221609136,37,0,0,80.07039499413375,84.92793659645501,4,37,0,37,7.427646800833711,5.857147775847313,3.969942347772981,13.998525279710952,37,0,0,3.0963463914102642,3.5196661134251395,4
3,Drishti_GS,M_SHUFFLE,OC,37,65.59114517671324,67.60312457174182,53.205508620708706,81.34170961366297,37,0,0,21.30567537440023,35.65677663560206,4,37,0,37,24.50653521896761,23.27756240334124,10.534759920634976,40.12649770782762,37,0,0,4.22435393568658,7.013452658398459,4
3,Drishti_GS,M_SHUFFLE,macro,37,79.47929182814035,81.55504227665777,72.38332433196175,87.52421055561952,37,0,0,54.042053817694004,60.51505360751745,4,,,,,,,,,,,,,
3,Drishti_GS,G_PCA,OD,37,92.36509827739485,93.30892527675276,86.80161695011208,95.19965825293698,37,0,0,78.10539872325879,83.06517049079426,4,37,0,37,8.57360000846509,6.618151835153604,4.8140424858660555,15.666379233095805,37,0,0,2.688560948275391,3.671151844511527,4
3,Drishti_GS,G_PCA,OC,37,60.1391446609037,60.7302641073748,45.2765781784958,79.0061776053553,37,0,0,15.98582586779128,27.655201247149673,4,37,0,37,27.1007677646082,27.302900573451826,8.843044807784088,42.659198197906534,37,0,0,4.331173401834813,6.228967826154259,4
3,Drishti_GS,G_PCA,macro,37,76.25212146914927,76.9095780042808,67.39706296689673,86.91355634262402,37,0,0,50.525983785550565,55.42357961393109,4,,,,,,,,,,,,,
3,Drishti_GS,G_ISO,OD,37,92.25357858020242,93.29381145170619,86.62218633031132,95.06734036031806,37,0,0,77.89475360749212,82.88992126191835,4,37,0,37,8.684574485923207,6.722535870216188,4.934898441676782,15.748259519341602,37,0,0,2.7060848668808095,3.708322804681597,4
3,Drishti_GS,G_ISO,OC,37,60.39084969707484,60.870818915801614,45.729816652180894,78.97498387306206,37,0,0,16.521522766857426,28.21260742678237,4,37,0,37,27.044305045549606,27.21031867614499,8.90321826219219,42.47769326174539,37,0,0,4.270928096548942,6.233263189691673,4
3,Drishti_GS,G_ISO,macro,37,76.32221413863863,76.93335171495612,67.53922702663967,86.88258576471331,37,0,0,50.71071486066019,55.62800438145212,4,,,,,,,,,,,,,
3,Drishti_GS,G_ORDER,OD,37,91.9363330189159,93.17013463892289,86.12512267611423,94.65789685210056,37,0,0,77.31146229245849,82.42775448870182,4,37,0,37,9.0142135597416,6.748630807276912,5.205690220822767,16.307703168627175,37,0,0,2.7660540753050267,3.807995630926732,4
3,Drishti_GS,G_ORDER,OC,37,60.53884330924644,60.76542942682971,45.93227342515881,79.14365718377648,37,0,0,17.19017279420879,28.75048844156174,4,37,0,37,27.058610918292967,27.15625473709557,8.821862351566304,42.51925742045097,37,0,0,4.241689434526798,6.225015537334864,4
3,Drishti_GS,G_ORDER,macro,37,76.23758816408116,76.85444337409407,67.45875934682206,86.93633599087615,37,0,0,50.84820391529185,55.64998759520896,4,,,,,,,,,,,,,
4,REFUGE,C,OD,336,90.00174390334466,90.41630185447349,85.59141644435473,94.09960405398212,336,0,0,70.22432831927658,82.49832252787229,34,336,0,336,8.89946929526357,8.230192884331014,4.753463804697306,13.584715058210055,336,0,0,2.567351792850701,4.001406077528686,34
4,REFUGE,C,OC,336,83.02825628989116,85.08770359583691,71.80934903326067,91.66052040794784,336,0,0,41.22120077176257,63.97476216709083,34,336,0,336,7.717529216793446,6.339257890145243,3.4980395075072863,12.865626968989236,336,0,0,1.9967796399229067,2.924803679653271,34
4,REFUGE,C,macro,336,86.51500009661792,87.45361579555443,81.125282251557,91.32164545932491,336,0,0,59.139705964163014,76.22625115077186,34,,,,,,,,,,,,,
4,REFUGE,RP,OD,336,90.02022066018121,90.44266437068093,85.53389246895614,94.08521954614983,336,0,0,70.12306092382356,82.49558157490854,34,336,0,336,8.897675588913314,8.185118661392247,4.7579011763933945,13.538381902251118,336,0,0,2.5997579374864075,3.9921319814600054,34
4,REFUGE,RP,OC,336,82.85221269917245,84.88103757254319,71.58820932320066,91.43238026995792,336,0,0,40.84570400359874,63.56149129424857,34,336,0,336,7.81826500172978,6.511416625913955,3.6028931541331053,12.97612129483941,336,0,0,1.958641576536887,2.9669209468557547,34
4,REFUGE,RP,macro,336,86.43621667967685,87.32397114922072,80.99563856148134,91.17660990101044,336,0,0,58.77350514100444,76.06887968628655,34,,,,,,,,,,,,,
4,REFUGE,T_LR,OD,336,90.60815895575311,91.17106740604541,85.82468914273869,94.89400861830994,336,0,0,67.78016085790884,81.71960634950554,34,336,0,336,8.47316716005029,7.781918347001113,4.125585307578552,13.62159661181691,336,0,0,2.1752058622124992,3.579615273147999,34
4,REFUGE,T_LR,OC,336,79.9582106926791,82.09783609156622,65.17085724839352,91.05622525739165,336,0,0,37.2093023255814,58.24891916755793,34,336,0,336,9.530633216851202,8.433339882499293,4.128371920980153,16.26272955674419,336,0,0,2.0333088844110843,3.257626413649941,34
4,REFUGE,T_LR,macro,336,85.28318482421611,86.25534545663956,77.69956915196909,91.2966212634736,336,0,0,54.995911519632266,72.98762931403422,34,,,,,,,,,,,,,
4,REFUGE,T_ISO,OD,336,90.19922944790427,90.62042515676252,85.80143699756852,94.14903756079994,336,0,0,70.06082646059268,82.72369744866943,34,336,0,336,8.751248835337435,8.007343870692235,4.7339586977429375,13.208931230727156,336,0,0,2.8520486795419746,3.9887600416514726,34
4,REFUGE,T_ISO,OC,336,80.19978496339829,81.98367457736406,65.30789147370275,91.08380308020739,336,0,0,36.76857663494634,58.73624982525237,34,336,0,336,9.393423633964803,8.38204389174977,3.9688964327133944,16.314160678342105,336,0,0,2.0333088844110843,3.1957552953890875,34
4,REFUGE,T_ISO,macro,336,85.19950720565127,86.02892124822296,78.51138793061513,90.78278473453742,336,0,0,56.27833084350247,74.03860861976801,34,,,,,,,,,,,,,
4,REFUGE,T_DIAG,OD,336,90.6522968176635,91.24733691265207,85.95167420038308,94.87337167699502,336,0,0,67.92767135065424,81.93067597532647,34,336,0,336,8.443695815306071,7.759203307891137,4.143179436901008,13.502780899753308,336,0,0,2.2675488415944276,3.622687792513253,34
4,REFUGE,T_DIAG,OC,336,78.3141319895478,80.66068366964785,63.65397292307837,90.28757892183779,336,0,0,35.646285209539705,55.70919678989728,34,336,0,336,10.540961631776382,8.934116840079966,4.3787374508594095,17.61206476663188,336,0,0,2.0333088844110843,3.4802898201644403,34
4,REFUGE,T_DIAG,macro,336,84.48321440360566,85.76421301184948,76.54162890871167,91.1113091465482,336,0,0,53.906923206888656,71.75230978437423,34,,,,,,,,,,,,,
4,REFUGE,U_PCA,OD,336,89.94115011355503,90.40854907284371,85.47736129334484,93.99188893246114,336,0,0,70.41638463721915,82.49474735599622,34,336,0,336,8.956027179443863,8.297708608322127,4.899488730491164,13.613649051383945,336,0,0,2.56330826363176,4.021072882516373,34
4,REFUGE,U_PCA,OC,336,83.24675765203355,85.29080581284921,71.94145777292255,91.75641288076066,336,0,0,41.72314761631246,64.46458480235185,34,336,0,336,7.578817576519146,6.350588280855747,3.4273383178668233,12.496495499350921,336,0,0,1.849768930643027,2.832828397610641,34
4,REFUGE,U_PCA,macro,336,86.59395388279431,87.41404222196454,81.31427555654687,91.25818632389681,336,0,0,59.53325616392151,76.43365664591738,34,,,,,,,,,,,,,
4,REFUGE,U_RAND,OD,336,89.91111923690944,90.38350444198372,85.49617634788524,93.98246144475127,336,0,0,70.35752459481273,82.4632065469581,34,336,0,336,8.979652901667063,8.310024115705875,4.8733332399273745,13.614422664148005,336,0,0,2.5413611397831195,4.038732498173229,34
4,REFUGE,U_RAND,OC,336,83.21628208447585,85.34051401046126,72.14980459767114,91.77369219451114,336,0,0,41.66093140628585,64.37498088182458,34,336,0,336,7.599408513026473,6.365179531040159,3.464843638467521,12.47572961119547,336,0,0,1.8460691191740837,2.856305683933709,34
4,REFUGE,U_RAND,macro,336,86.56370066069266,87.485929573103,81.30034157499918,91.23235573955887,336,0,0,59.42063627597909,76.37925113607793,34,,,,,,,,,,,,,
4,REFUGE,U_SCALE,OD,336,89.99514675802307,90.42366995555676,85.59754857343157,94.10147150247153,336,0,0,70.28908272246753,82.49886912531173,34,336,0,336,8.906434665584893,8.233175701409408,4.789631161463755,13.568799080276317,336,0,0,2.5532280769469904,4.002378169349714,34
4,REFUGE,U_SCALE,OC,336,83.04375638178021,85.08267224580172,71.8186506625843,91.64673232511872,336,0,0,41.23524069028156,64.00758767642162,34,336,0,336,7.708633713739552,6.3475402087841974,3.4995256557871786,12.870176030841279,336,0,0,1.9754521568820491,2.917652265361533,34
4,REFUGE,U_SCALE,macro,336,86.51945156990163,87.47973538573166,81.14101981994344,91.27868154115407,336,0,0,59.18532483319513,76.24424287937644,34,,,,,,,,,,,,,
4,REFUGE,S_JOINT,OD,336,88.16585015860858,88.69828047008212,83.784329369426,92.22842153709266,336,0,0,71.78253204364606,81.18883915915414,34,336,0,336,10.653768682894574,9.94068663253815,6.147005304763754,15.486273296177993,336,0,0,3.118996532428402,5.059041864568622,34
4,REFUGE,S_JOINT,OC,336,83.3219195146257,85.1491329216405,73.41352188310285,91.73200848371616,336,0,0,42.262043286013494,65.03996335423318,34,336,0,336,7.538534811422161,6.3898203218178775,3.3714440140177024,12.19391444607476,336,0,0,1.8036186524981461,2.8064291034181568,34
4,REFUGE,S_JOINT,macro,336,85.74388483661714,86.54886181562247,80.44574198327817,90.48581510254029,336,0,0,62.08778878017427,76.32746267091626,34,,,,,,,,,,,,,
4,REFUGE,S_SHARED,OD,336,90.02193367278373,90.44774398869964,85.53614053983031,94.08508201934416,336,0,0,70.17422206812863,82.50049899258028,34,336,0,336,8.894949715655448,8.18043179532373,4.766426168304001,13.501880612290638,336,0,0,2.5977861012623276,3.9891508883718494,34
4,REFUGE,S_SHARED,OC,336,82.86915177875991,84.88958082816549,71.62299405846296,91.4975202404477,336,0,0,40.891691060571944,63.5876756319438,34,336,0,336,7.810404253148355,6.5059643153292885,3.58813330658196,12.971074681182087,336,0,0,1.9720656131272636,2.9646865404056517,34
4,REFUGE,S_SHARED,macro,336,86.44554272577182,87.30920703543669,80.99244046337282,91.19001107710827,336,0,0,58.81622273151375,76.0820142281169,34,,,,,,,,,,,,,
4,REFUGE,S_NOPCA,OD,336,88.15374683202276,88.70289957939625,83.76989851035148,92.24572260790036,336,0,0,71.78851517246311,81.18378113718931,34,336,0,336,10.679437367868704,9.909075240569983,6.138914140320031,15.49421549906614,336,0,0,3.1185358131076875,5.072421299140951,34
4,REFUGE,S_NOPCA,OC,336,83.3210006540885,85.08851645930325,73.13410193136026,91.65682795602733,336,0,0,42.30634828188701,65.07438815074636,34,336,0,336,7.5303295931507845,6.383978193788689,3.3869654310908492,12.180674332802326,336,0,0,1.7886330347794992,2.788534852797033,34
4,REFUGE,S_NOPCA,macro,336,85.73737374305563,86.62799601100622,80.35890654715789,90.5426789593266,336,0,0,62.19971498709531,76.33284588187769,34,,,,,,,,,,,,,
4,REFUGE,M_TRANSPORT,OD,336,90.02981754593854,90.45029135708059,85.53578296047479,94.08969962519768,336,0,0,70.1360603171852,82.50523364339465,34,336,0,336,8.886615435008164,8.178000035487326,4.76530405240481,13.497617152571461,336,0,0,2.614819995127262,3.990005859626365,34
4,REFUGE,M_TRANSPORT,OC,336,82.84650275119732,84.88982469582842,71.58146805314539,91.43325134568772,336,0,0,40.84570400359874,63.558405851174086,34,336,0,336,7.822703923819528,6.529157961130355,3.6038517799628265,12.96374538363008,336,0,0,2.002786269920715,2.968552097614972,34
4,REFUGE,M_TRANSPORT,macro,336,86.43816014856793,87.32674037067824,80.99821430482504,91.17915693607046,336,0,0,58.79758880111062,76.07047257948886,34,,,,,,,,,,,,,
4,REFUGE,M_IDPOST,OD,336,90.021203341053,90.4412812281573,85.52644979161445,94.08160344998132,336,0,0,70.12238708978663,82.49713107850904,34,336,0,336,8.89622559593138,8.175453218234315,4.76680424319971,13.523449794178891,336,0,0,2.612589096977026,3.9915785328401245,34
4,REFUGE,M_IDPOST,OC,336,82.84682372362145,84.89022897487666,71.58093736611805,91.41701457564872,336,0,0,40.8411109861689,63.55458228547579,34,336,0,336,7.822185667073343,6.502169528973784,3.6039709045348305,12.980433097622434,336,0,0,1.989628202721284,2.9719783330146528,34
4,REFUGE,M_IDPOST,macro,336,86.43401353233723,87.32407583329197,80.9966155121656,91.17910967737944,336,0,0,58.7689994520663,76.06531286905194,34,,,,,,,,,,,,,
4,REFUGE,M_SHUFFLE,OD,336,90.44110173249332,91.02659061584485,85.88861635109382,94.50003667071263,336,0,0,69.8034920701784,82.4207817782681,34,336,0,336,8.550738675724022,7.721180039487708,4.463523694405344,13.146250849656166,336,0,0,2.002200282245981,3.7206994334320678,34
4,REFUGE,M_SHUFFLE,OC,336,82.20187988427072,84.02569846961626,70.73834279367972,91.22680928341663,336,0,0,40.33762772101288,62.37915210405848,34,336,0,336,8.121483468424078,6.867708802810975,3.848292137771633,13.583637550029273,336,0,0,2.0333088844110843,3.0859049488923085,34
4,REFUGE,M_SHUFFLE,macro,336,86.32149080838202,87.256821649843,80.3883491404831,91.2109732510151,336,0,0,57.42010563571631,75.4883117039543,34,,,,,,,,,,,,,
4,REFUGE,G_PCA,OD,336,90.20229372821302,90.66279987229916,85.68317192649836,94.2283004312954,336,0,0,70.24270591272915,82.58529736351198,34,336,0,336,8.728207951949999,7.991273404274237,4.58571162313166,13.503728878339405,336,0,0,2.734644695105303,3.8740319743028757,34
4,REFUGE,G_PCA,OC,336,82.97145804652985,85.00877841576155,71.80776923089252,91.58744832647045,336,0,0,41.22587968217934,63.908964419863516,34,336,0,336,7.741299677949376,6.38245501479645,3.493236126236373,12.906317156238448,336,0,0,2.0262890453325464,2.9369819094408514,34
4,REFUGE,G_PCA,macro,336,86.58687588737143,87.50488872219503,81.09619223391726,91.38328774437538,336,0,0,59.10494782084389,76.20694894651464,34,,,,,,,,,,,,,
4,REFUGE,G_ISO,OD,336,90.15035667686107,90.58153875926128,85.56902773268192,94.1322919978345,336,0,0,70.25930879751478,82.56901288201918,34,336,0,336,8.772000536380203,8.078351954207793,4.649701485455566,13.450860987137993,336,0,0,2.6768605949444573,3.9074766546032786,34
4,REFUGE,G_ISO,OC,336,82.97801435655072,84.97339875786669,71.7991385016214,91.62707350287732,336,0,0,41.20249574588769,63.898549262933784,34,336,0,336,7.7405254791541,6.38591658297312,3.4707610498424204,12.92727191060076,336,0,0,2.0087677805691304,2.935938168201255,34
4,REFUGE,G_ISO,macro,336,86.56418551670588,87.5129754768773,81.09326572296979,91.35456441763637,336,0,0,59.102562339226154,76.20517038766465,34,,,,,,,,,,,,,
4,REFUGE,G_ORDER,OD,336,90.00274831544205,90.41865043736598,85.59346137247482,94.10907518597182,336,0,0,70.22608695652174,82.500608090635,34,336,0,336,8.89819245551999,8.231651105880115,4.751448508396116,13.558645134526838,336,0,0,2.566987315895899,3.9997951539270296,34
4,REFUGE,G_ORDER,OC,336,83.02749005642504,85.07899935371441,71.80666894557815,91.66354805254741,336,0,0,41.20249574588769,63.973820661005554,34,336,0,336,7.717144215277464,6.347983102464216,3.492943412361421,12.881044940576913,336,0,0,1.9981631629058187,2.9239834077219955,34
4,REFUGE,G_ORDER,macro,336,86.51511918593353,87.45539200185107,81.1218854723094,91.32434227471413,336,0,0,59.14273405239787,76.22811123000301,34,,,,,,,,,,,,,
4,ORIGA,C,OD,586,87.25338612732756,89.34798075438695,76.63957664633367,95.36786853852144,586,0,0,44.721509792003324,69.62944515639897,59,586,0,586,13.653972425410396,11.319560699146948,4.747095148154351,25.43817395363749,586,0,0,1.709069529799837,3.6934988097802623,59
4,ORIGA,C,OC,586,70.36741123729323,73.15271157850991,52.180031812469146,85.48462768092108,586,0,0,0.5827839877710901,39.40292084977375,59,586,0,586,17.962217735990187,16.245157506176394,7.826290461862596,30.01168915317785,586,0,0,2.9167000073092724,6.10447628766753,59
4,ORIGA,C,macro,586,78.81039868231038,81.07276272171785,64.8449803968775,89.18372222987065,586,0,0,24.51792763124045,55.649414958990384,59,,,,,,,,,,,,,
4,ORIGA,RP,OD,586,87.25862301102985,89.27287438586964,76.61907229470845,95.32372851572107,586,0,0,44.76988067887053,69.68620286398637,59,586,0,586,13.648112156506633,11.285658415743253,4.8008018083764235,25.374452752995666,586,0,0,1.6117313931378052,3.7086768811247315,59
4,ORIGA,RP,OC,586,70.8392454942325,73.71303028595605,52.57359748749909,85.83796429383159,586,0,0,0.5921115461751505,39.750447947905094,59,586,0,586,17.698376739001077,16.005782374896675,7.640785414792253,29.666213357512962,586,0,0,2.9148315699115517,6.017677412842294,59
4,ORIGA,RP,macro,586,79.04893425263118,81.38543822469745,64.94825737680793,89.52993078813904,586,0,0,24.786658228862407,55.82632480798376,59,,,,,,,,,,,,,
4,ORIGA,T_LR,OD,586,87.52391590909029,89.27752125401582,77.32911407477883,95.38662681815512,586,0,0,44.817154551116644,70.13175316111715,59,586,0,586,13.6711032800266,11.862752312394768,4.844062819242126,25.486029594286336,586,0,0,2.493539161418648,3.9155085815378636,59
4,ORIGA,T_LR,OC,586,71.4519436333823,73.83211923149966,52.350304686878715,87.66909787020947,586,0,0,1.047271329746349,40.15178787897656,59,586,0,586,17.8676020839424,16.84346165363445,8.0760630665742,29.227924154390283,586,0,0,2.3323759635276176,6.084978917776036,59
4,ORIGA,T_LR,macro,586,79.4879297712363,81.53256089575488,65.88784704600036,91.00858888185832,586,0,0,26.951041469566984,56.38949405517336,59,,,,,,,,,,,,,
4,ORIGA,T_ISO,OD,586,86.69694722632252,88.52715510458245,76.08916883893514,94.96690397388089,586,0,0,45.21831515884844,68.94993909257104,59,586,0,586,14.263092895942904,12.264370357557643,5.06176968828353,26.645827767815526,586,0,0,1.6816522214894456,4.0380961530083095,59
4,ORIGA,T_ISO,OC,586,71.98980165699409,74.0004152278399,52.950833290530746,88.4816146292994,586,0,0,1.048667715334382,40.44651729906201,59,586,0,586,17.37145704938177,15.963548936660086,7.310395833170533,29.28578565003546,586,0,0,2.1012122950719996,5.591970455071865,59
4,ORIGA,T_ISO,macro,586,79.3433744416583,81.49866236136683,64.97163777809688,90.87504807347491,586,0,0,26.97426740415001,55.71612015492075,59,,,,,,,,,,,,,
4,ORIGA,T_DIAG,OD,586,87.09196858355645,88.63169703000193,76.13770438244443,95.35314899869965,586,0,0,44.92987574604209,69.24246434112531,59,586,0,586,14.15488516833281,12.292810438216891,4.917380009786736,26.590114583428594,586,0,0,2.2910633612645883,4.003987265239303,59
4,ORIGA,T_DIAG,OC,586,70.83738401132015,72.92847532088575,51.7542480577965,88.15790470207983,586,0,0,1.1805922157700246,39.360434257175534,59,586,0,586,18.4544819945024,17.347612891170584,7.810978404745199,29.94457306665953,586,0,0,3.4879150467508766,6.088761495033721,59
4,ORIGA,T_DIAG,macro,586,78.96467629743829,80.95963137138051,65.21796069785948,91.07624163789116,586,0,0,26.984100735138266,55.65210787508024,59,,,,,,,,,,,,,
4,ORIGA,U_PCA,OD,586,86.89801263974302,89.07849741006731,75.76739243191659,95.26304596257242,586,0,0,40.35550011694083,68.69968183850389,59,586,0,586,14.04166805176274,11.711897763414614,4.733234032985025,26.525417321849375,586,0,0,1.779712933339371,3.736965199526048,59
4,ORIGA,U_PCA,OC,586,69.48341792482837,72.22913201764206,50.45977098363278,85.30983687427994,586,0,0,0.2101442353615436,38.1658668146917,59,586,0,586,18.36618975791175,16.836576526066672,7.845893136094877,30.61801915085523,586,0,0,3.093635256691733,6.074280731295718,59
4,ORIGA,U_PCA,macro,586,78.1907152822857,80.45139243204437,63.1143663426775,89.14142270431137,586,0,0,21.529385916822346,54.611811339330515,59,,,,,,,,,,,,,
4,ORIGA,U_RAND,OD,586,86.96919211900817,89.09480678330401,76.10667849468322,95.2638723451255,586,0,0,41.26648420004976,68.95559812803297,59,586,0,586,13.952008749833862,11.598140008409834,4.758465915428397,26.424992498610784,586,0,0,1.779557846510739,3.734697617854373,59
4,ORIGA,U_RAND,OC,586,69.77552327536645,72.54599659808997,50.86753275874523,85.4143698040468,586,0,0,0.34397095356392127,38.57367467067232,59,586,0,586,18.2235466022556,16.70539754078996,7.80893486874473,30.303240080926123,586,0,0,3.0433605906331853,6.092074031157072,59
4,ORIGA,U_RAND,macro,586,78.37235769718731,80.79862669200331,63.542850771222845,89.16383002197361,586,0,0,22.158480155135692,54.9434108344523,59,,,,,,,,,,,,,
4,ORIGA,U_SCALE,OD,586,87.20868063353439,89.33868061563292,76.44110682725443,95.34616553631649,586,0,0,44.01531341769038,69.48347452797239,59,586,0,586,13.701668911042043,11.408929153030229,4.780433896941879,25.649273197290686,586,0,0,1.719578427646189,3.6987540361003215,59
4,ORIGA,U_SCALE,OC,586,70.30910102356683,73.14271544868478,51.84735314709856,85.46234345520801,586,0,0,0.5350148084455909,39.24115714293168,59,586,0,586,17.983272999083955,16.26752654407056,7.83173045716002,30.07773155282061,586,0,0,2.9201674638485793,6.107662424890059,59
4,ORIGA,U_SCALE,macro,586,78.7588908285506,81.02981751495574,64.47521688398015,89.17449017315154,586,0,0,23.958691220665173,55.498022546886595,59,,,,,,,,,,,,,
4,ORIGA,S_JOINT,OD,586,85.54399197348536,87.94352158107094,73.07957257884536,94.8637519914551,586,0,0,32.65115980209471,65.78603699953958,59,586,0,586,15.573974433415271,13.004387029011905,5.00993150125173,28.820431857273807,586,0,0,2.3264895879846064,3.9636198210980185,59
4,ORIGA,S_JOINT,OC,586,68.91734237300169,71.45651165233505,47.6064287365424,84.88577578329189,586,0,0,0.019062142584826535,35.44649348205569,59,586,0,586,18.50343706938075,16.84763030219713,8.08292400858665,30.890227874567515,586,0,0,2.9142635638812124,6.099160188578652,59
4,ORIGA,S_JOINT,macro,586,77.23066717324353,79.75478348745142,60.855571378623374,88.98695203099483,586,0,0,17.021906465697313,51.7654321281532,59,,,,,,,,,,,,,
4,ORIGA,S_SHARED,OD,586,87.2607846091355,89.28846487222859,76.62674644722912,95.33640950372238,586,0,0,44.75673752557147,69.68491154138086,59,586,0,586,13.644592127244863,11.283041048033734,4.804227202764531,25.361990998201204,586,0,0,1.6156827050387803,3.706638995505098,59
4,ORIGA,S_SHARED,OC,586,70.84954090646033,73.8231938303015,52.51051930736289,85.82412526113862,586,0,0,0.5826448254453412,39.73287928235405,59,586,0,586,17.68606001003336,15.992850719851461,7.651049964210838,29.58511234123971,586,0,0,2.9081420958381847,6.0173989996049695,59
4,ORIGA,S_SHARED,macro,586,79.05516275779792,81.33067991588865,64.93679496307642,89.54969110747527,586,0,0,24.76525799829725,55.819557806806976,59,,,,,,,,,,,,,
4,ORIGA,S_NOPCA,OD,586,85.49287917284491,87.9037603088061,73.037993560671,94.87472739108226,586,0,0,32.526440993988494,65.65892403047769,59,586,0,586,15.637065142632617,13.01219797081023,4.976109196757307,29.043437624088433,586,0,0,2.383791161791551,3.9631374645430566,59
4,ORIGA,S_NOPCA,OC,586,68.56047343240755,71.19694026738458,46.72838226128036,84.67973914441501,586,0,0,0.01906486821409847,35.201361575006494,59,586,0,586,18.694685258418705,17.10542079671452,8.104093796958676,31.02923643643029,586,0,0,2.9511899530801924,6.109380601707789,59
4,ORIGA,S_NOPCA,macro,586,77.02667630262623,79.59962518842065,60.677302494489226,88.84902779467754,586,0,0,16.951207821348998,51.582791561163724,59,,,,,,,,,,,,,
4,ORIGA,M_TRANSPORT,OD,586,87.27795811953266,89.2958488254155,76.63198486675876,95.32553288046273,586,0,0,44.76921708712537,69.70139187329481,59,586,0,586,13.629049427944652,11.293427643905739,4.756471871315355,25.373742955298113,586,0,0,1.6259945881966635,3.7080694156081164,59
4,ORIGA,M_TRANSPORT,OC,586,70.8272378935255,73.734269548479,52.57650396295257,85.82590703844649,586,0,0,0.5921398214029894,39.75151949434337,59,586,0,586,17.725299209263135,16.010306662862106,7.7174653164339,29.64253848756545,586,0,0,2.9042388149173237,6.052428652647111,59
4,ORIGA,M_TRANSPORT,macro,586,79.05259800652908,81.39600803521374,64.99163218434462,89.51508820407625,586,0,0,24.802154507928194,55.83765404499175,59,,,,,,,,,,,,,
4,ORIGA,M_IDPOST,OD,586,87.26500522318297,89.27434589297783,76.62736846621567,95.32191208510304,586,0,0,44.76921708712537,69.69546384265891,59,586,0,586,13.641284674750883,11.302392124105642,4.803420449400511,25.349615343251962,586,0,0,1.6218359120780022,3.7062389607318003,59
4,ORIGA,M_IDPOST,OC,586,70.8489061392053,73.77523119263051,52.58384158411828,85.85071778152133,586,0,0,0.5826448254453412,39.758091993475524,59,586,0,586,17.694464551081687,15.968409850624159,7.6366457023976775,29.617712635448854,586,0,0,2.909583056098437,6.018434002302521,59
4,ORIGA,M_IDPOST,macro,586,79.05695568119411,81.37947367016295,64.95086458490192,89.54839928655592,586,0,0,24.78999490569473,55.83532288931712,59,,,,,,,,,,,,,
4,ORIGA,M_SHUFFLE,OD,586,87.74688281113292,89.74287584314904,77.27928298933526,95.68744712950837,586,0,0,44.828914234928156,70.05173605397965,59,586,0,586,13.175625769945718,10.9731162680676,4.326393642612141,24.916404065024913,586,0,0,2.0969735586735223,3.485061186811038,59
4,ORIGA,M_SHUFFLE,OC,586,71.06139259869653,73.84746931575341,53.10628605838626,85.82417841184028,586,0,0,0.6117084826762247,39.96882923301146,59,586,0,586,17.63469111891896,15.991764045177407,7.894590991430821,29.497083893010945,586,0,0,3.1740671760105195,6.164566289530608,59
4,ORIGA,M_SHUFFLE,macro,586,79.40413770491473,81.86679630115424,64.97052884735402,89.9307607825316,586,0,0,25.152475494631183,56.060392739684865,59,,,,,,,,,,,,,
4,ORIGA,G_PCA,OD,586,87.40766002552753,89.38347661046359,76.60894600058712,95.38106806933703,586,0,0,44.76811379463624,69.68060799389063,59,586,0,586,13.502880673807642,11.045132055471214,4.536269810095153,25.41871827433249,586,0,0,1.6533432374358936,3.6360344433767486,59
4,ORIGA,G_PCA,OC,586,70.18946060456875,73.12044097738789,51.832280681645045,85.28194103214145,586,0,0,0.5733123118818977,39.24322172502104,59,586,0,586,18.08334474264014,16.363110967101726,7.943235310415228,30.120913984843675,586,0,0,2.8965292658843023,6.209753790699021,59
4,ORIGA,G_PCA,macro,586,78.79856031504815,81.06571767681697,64.69436300719747,89.23379927759876,586,0,0,24.42907999757586,55.58631735156345,59,,,,,,,,,,,,,
4,ORIGA,G_ISO,OD,586,87.38922073742076,89.39343614637065,76.60584951266621,95.33411830658702,586,0,0,44.74776216728911,69.68124778329978,59,586,0,586,13.519598913436282,11.131383612449305,4.518295422921994,25.41447462547019,586,0,0,1.6357050324117604,3.6438730576812834,59
4,ORIGA,G_ISO,OC,586,70.3015373452228,73.15021707307415,51.987615543143846,85.35235272106706,586,0,0,0.5826448254453412,39.31467940561694,59,586,0,586,18.01364522863049,16.353947450776374,7.924949345069623,30.04757024792496,586,0,0,2.915716167383205,6.177728839420112,59
4,ORIGA,G_ISO,macro,586,78.84537904132176,81.13007778013929,64.80231948657664,89.2352096981549,586,0,0,24.46619728358484,55.62567140549102,59,,,,,,,,,,,,,
4,ORIGA,G_ORDER,OD,586,87.25169866208958,89.35212399811184,76.65244514029746,95.35303418072566,586,0,0,44.721509792003324,69.6249341748692,59,586,0,586,13.65611988814534,11.336173230943864,4.759861452297805,25.47401853450641,586,0,0,1.7116504709868838,3.69317009244432,59
4,ORIGA,G_ORDER,OC,586,70.36825428482284,73.15833599117416,52.169153640645604,85.48842533368389,586,0,0,0.582811828213825,39.400353674654866,59,586,0,586,17.960492010021795,16.251492574142382,7.813440327862515,30.025760276788404,586,0,0,2.9190219221615368,6.10362712710661,59
4,ORIGA,G_ORDER,macro,586,78.8099764734562,81.07572491526588,64.83463396357925,89.18533722635723,586,0,0,24.515742558094793,55.645235082551636,59,,,,,,,,,,,,,
4,REFUGE_Valid,C,OD,736,80.91582639285913,81.93577857108029,67.4715554860486,92.06263536329435,736,0,0,49.92562707581963,62.96136769588407,74,736,0,736,18.511790065911097,15.884972547151374,7.040995327998168,31.425532225936742,736,0,0,2.5922751625111657,5.501375831920105,74
4,REFUGE_Valid,C,OC,736,62.008253082915644,60.687143632089686,41.7472453001577,83.86949368494905,736,0,0,22.261915953746357,36.959961595316265,74,736,0,736,16.851167817376076,17.125996992389155,7.5133071618118805,25.41341022120344,736,0,0,2.0486818898538925,5.270680808632974,74
4,REFUGE_Valid,C,macro,736,71.46203973788737,71.71538811434249,56.21901631600866,86.89888730797293,736,0,0,41.418457593974914,51.3911127071695,74,,,,,,,,,,,,,
4,REFUGE_Valid,RP,OD,736,80.58610387253735,81.64899413490632,67.17378888383078,91.81894166284627,736,0,0,49.889993481095175,62.53077631349573,74,736,0,736,18.75758493581889,16.058346294158262,7.111194099483091,31.682474914229434,736,0,0,2.757014481975298,5.64389799513071,74
4,REFUGE_Valid,RP,OC,736,61.235589853475496,59.962804306170185,40.978787435688545,83.66903430310785,736,0,0,21.690940734634058,36.15841163659089,74,736,0,736,17.382461363355663,17.721728698947125,7.918572220995991,26.083709972164904,736,0,0,1.915828906548546,5.41920624154067,74
4,REFUGE_Valid,RP,macro,736,70.91084686300643,71.2045002197413,55.420112640465604,86.69429887236373,736,0,0,40.84450566939647,50.7405790103682,74,,,,,,,,,,,,,
4,REFUGE_Valid,T_LR,OD,736,72.04313214022204,72.28868217864735,56.82373789697023,87.30852515095344,736,0,0,40.66934175702212,51.77662695855118,74,736,0,736,27.58557404729687,25.2699428125567,11.01265815887874,46.00374103682404,736,0,0,3.482708521909161,8.503204703692967,74
4,REFUGE_Valid,T_LR,OC,736,52.239017839924166,50.111696904843676,32.05402106916293,76.36120088123397,736,0,0,15.865996649916248,26.895413439767175,74,736,0,736,25.2140076213593,25.028702393430656,11.460537467046027,38.018246478261375,736,0,0,2.8666589076936213,8.075517741666054,74
4,REFUGE_Valid,T_LR,macro,736,62.1410749900731,61.83124439275329,45.28895572464657,80.7282535205886,736,0,0,30.31285496328147,40.621065966795435,74,,,,,,,,,,,,,
4,REFUGE_Valid,T_ISO,OD,736,80.01279754707335,80.87303267306099,66.8679530384583,91.25490154425358,736,0,0,49.49223718479337,62.013792675583204,74,736,0,736,18.994231744199887,16.51229399401945,7.640292345801683,32.1233455929824,736,0,0,3.0624303964595017,6.040884550092632,74
4,REFUGE_Valid,T_ISO,OC,736,54.62754693145737,52.63156903426268,34.82021561951879,77.86217932681546,736,0,0,17.70467289719626,29.95391940605313,74,736,0,736,22.704191288824784,23.00329161330007,10.693634708378013,33.63995814394446,736,0,0,2.87837572753857,7.410258214615491,74
4,REFUGE_Valid,T_ISO,macro,736,67.32017223926536,66.96321545770262,51.77357460596882,83.7693126568373,736,0,0,37.35760192401748,47.52966983167546,74,,,,,,,,,,,,,
4,REFUGE_Valid,T_DIAG,OD,736,72.64516743480948,72.74183477821659,57.73195916328643,87.29584645823529,736,0,0,41.954883753081866,53.02854170742053,74,736,0,736,26.65427556309304,24.600308337832708,11.079782835009341,42.990265755326504,736,0,0,3.256114996286662,8.567953993364945,74
4,REFUGE_Valid,T_DIAG,OC,736,49.99904297549665,47.33355501368274,30.11143281128827,74.95030475776679,736,0,0,14.716301037847243,25.08996585848673,74,736,0,736,27.51987242349815,27.086208080847065,12.448420891389691,41.42918330250538,736,0,0,3.1326542831909174,8.966755677111617,74
4,REFUGE_Valid,T_DIAG,macro,736,61.32210520515307,60.60257034695964,44.67599411725755,79.94208109031054,736,0,0,30.079569989365947,40.32664895472339,74,,,,,,,,,,,,,
4,REFUGE_Valid,U_PCA,OD,736,81.23206138781804,82.44062708974367,67.71556673882228,92.21012781572958,736,0,0,49.9549991818033,63.175810692462164,74,736,0,736,18.185905409137956,15.366369407342424,6.834973469075016,31.368916705915243,736,0,0,2.4345838987330364,5.335427176037264,74
4,REFUGE_Valid,U_PCA,OC,736,63.227397691271385,62.09914159127469,42.68850313482938,85.2161013749377,736,0,0,23.091175036567527,38.07622685070682,74,736,0,736,16.08381573292934,16.319814000881358,7.116305984783096,24.35717169371936,736,0,0,2.3795538675566137,4.993619487798331,74
4,REFUGE_Valid,U_PCA,macro,736,72.22972953954469,72.72459044153891,56.89590063035356,87.3647599128417,736,0,0,42.09905222924547,52.18250410097441,74,,,,,,,,,,,,,
4,REFUGE_Valid,U_RAND,OD,736,81.27611310151885,82.44936343330697,67.7851909155828,92.19091548905035,736,0,0,49.95196140558883,63.297884041089254,74,736,0,736,18.167805699369346,15.29820345099127,6.829786361212388,31.37634831476513,736,0,0,2.4558837706817354,5.324841808821524,74
4,REFUGE_Valid,U_RAND,OC,736,62.959706406811954,61.70171474044628,42.359552036971394,84.93024093009349,736,0,0,22.896925159543606,37.820401630503355,74,736,0,736,16.232322683463025,16.395236281728998,7.186741364095514,24.513003790368668,736,0,0,2.3665493133701325,5.036777554815918,74
4,REFUGE_Valid,U_RAND,macro,736,72.1179097541654,72.46859381093063,56.90263821800549,87.34265465485159,736,0,0,42.086263898995526,52.067067001956126,74,,,,,,,,,,,,,
4,REFUGE_Valid,U_SCALE,OD,736,80.98421869519107,82.04787732452164,67.49278311775348,92.1135064627553,736,0,0,49.91437657995596,63.0379005507846,74,736,0,736,18.454419552813565,15.842796262343885,6.981272275635546,31.41617448967377,736,0,0,2.5913648577817336,5.4646372165283355,74
4,REFUGE_Valid,U_SCALE,OC,736,62.06131121323042,60.75446095500983,41.79768971020287,83.91830159191497,736,0,0,22.324879796360893,37.010799879734144,74,736,0,736,16.817042505932516,17.072140469551883,7.479402433719304,25.30491911096086,736,0,0,2.0681398369714596,5.2568705023023385,74
4,REFUGE_Valid,U_SCALE,macro,736,71.52276495421074,71.76569223875967,56.29775751110331,86.99071075864258,736,0,0,41.47211487552074,51.45925297261838,74,,,,,,,,,,,,,
4,REFUGE_Valid,S_JOINT,OD,736,82.97203196866462,84.30887328663097,69.87892340910486,93.45486944102629,736,0,0,50.392185571754275,64.73876862111328,74,736,0,736,17.046806146424448,13.766269316569407,5.603584679598361,30.56689238788379,736,0,0,1.9646837866393603,4.493020509292265,74
4,REFUGE_Valid,S_JOINT,OC,736,62.932504933592575,62.08647801288755,42.49493157635538,85.35400310608144,736,0,0,22.736437830052807,37.612135903053016,74,736,0,736,16.26320755829092,16.311590865677864,7.020819217739642,24.685059803612305,736,0,0,2.026904340131055,5.120901678279137,74
4,REFUGE_Valid,S_JOINT,macro,736,72.95226845112859,73.40617116782511,57.89351296289483,87.93940518958726,736,0,0,41.91008515474043,52.77472585078183,74,,,,,,,,,,,,,
4,REFUGE_Valid,S_SHARED,OD,736,80.5997199912239,81.6564773357741,67.19403059687404,91.83234101317237,736,0,0,49.90831669451123,62.542679781144635,74,736,0,736,18.75357141510971,16.05486156813801,7.131340215747817,31.72636918522488,736,0,0,2.7355198380840604,5.633415006605363,74
4,REFUGE_Valid,S_SHARED,OC,736,61.226371181608705,59.95322655941047,40.98993830721406,83.67015734958457,736,0,0,21.686967671032146,36.14290178042067,74,736,0,736,17.375492746307476,17.687828263616062,7.926829263907397,26.04833419147566,736,0,0,1.8906388445056126,5.420085319401044,74
4,REFUGE_Valid,S_SHARED,macro,736,70.91304558641632,71.22514994566495,55.4123444541847,86.68008451854433,736,0,0,40.84218600396806,50.73864508943173,74,,,,,,,,,,,,,
4,REFUGE_Valid,S_NOPCA,OD,736,83.1816030370538,84.5791185480356,70.12224906198014,93.55123402357724,736,0,0,50.45746707702615,65.00867246090498,74,736,0,736,16.88732237221067,13.592553612176486,5.543575654087951,30.554053083729713,736,0,0,1.9343659585629833,4.389999699816708,74
4,REFUGE_Valid,S_NOPCA,OC,736,63.433227597720105,62.529163399534724,43.05660709661573,85.57660003975153,736,0,0,23.163454954514332,38.14967422358586,74,736,0,736,15.928322187151823,15.973878205144409,6.9702120372654734,24.23392436373034,736,0,0,2.212249175002487,5.0238744803865565,74
4,REFUGE_Valid,S_NOPCA,macro,736,73.30741531738695,73.85478476043298,58.245428006167934,88.1044077106609,736,0,0,42.2309707431304,53.22507742017899,74,,,,,,,,,,,,,
4,REFUGE_Valid,M_TRANSPORT,OD,736,80.57210089123846,81.6433126879138,67.1579656773083,91.77704447598197,736,0,0,49.89000244439013,62.520460288154176,74,736,0,736,18.75505315279281,16.08682649782362,7.111738907479877,31.705915665065945,736,0,0,2.7724816185444707,5.647410985631931,74
4,REFUGE_Valid,M_TRANSPORT,OC,736,61.194144239110734,59.94020975663193,40.933805106690784,83.63483619820062,736,0,0,21.690940734634058,36.135159676600516,74,736,0,736,17.473164037007766,17.769681294032132,7.994215959841765,26.354945081398093,736,0,0,1.9079587083443423,5.442601947718712,74
4,REFUGE_Valid,M_TRANSPORT,macro,736,70.88312256517459,71.16998619858455,55.400687660954084,86.66336100192419,736,0,0,40.80998638869377,50.71870027398584,74,,,,,,,,,,,,,
4,REFUGE_Valid,M_IDPOST,OD,736,80.57617452506743,81.64232417821779,67.15247782728498,91.79335051735399,736,0,0,49.89610918720717,62.519878214310864,74,736,0,736,18.766224086151812,16.061212652698607,7.1107125296358085,31.787276307314087,736,0,0,2.7589827469600166,5.649072109929321,74
4,REFUGE_Valid,M_IDPOST,OC,736,61.221364979319404,59.9566220009939,40.97934624065999,83.66149468800245,736,0,0,21.67902590863316,36.1470311657015,74,736,0,736,17.394776210339124,17.70377283023489,7.93437398014953,26.11224202514213,736,0,0,1.917689553145975,5.4222111116844,74
4,REFUGE_Valid,M_IDPOST,macro,736,70.89876975219342,71.17261275215647,55.39540421551989,86.68307565260645,736,0,0,40.82954978720734,50.728518674379295,74,,,,,,,,,,,,,
4,REFUGE_Valid,M_SHUFFLE,OD,736,77.72847596830907,78.57076322269705,63.59435307719019,90.39830804090644,736,0,0,46.44305573268716,58.78959812448055,74,736,0,736,21.68880613687139,19.345874307643484,8.516870264564135,36.44212613540768,736,0,0,2.9830799412107574,6.592425288681347,74
4,REFUGE_Valid,M_SHUFFLE,OC,736,58.288397965680105,56.883554835220934,38.40712158724579,81.35940976849804,736,0,0,19.638414330734783,33.08880981131995,74,736,0,736,19.15371949405019,19.304295589533286,8.820842699459714,28.765866792671115,736,0,0,2.721354695065626,6.08037291432581,74
4,REFUGE_Valid,M_SHUFFLE,macro,736,68.0084369669946,67.90657801817127,51.83619254129306,85.11330044222876,736,0,0,37.358147870510706,47.26529310439002,74,,,,,,,,,,,,,
4,REFUGE_Valid,G_PCA,OD,736,80.08400100976932,81.17309040606767,66.58886667614735,91.63407526802615,736,0,0,49.372271482415464,61.907962997130824,74,736,0,736,19.240493094318786,16.562692360341174,7.291226707919273,32.611098653688465,736,0,0,2.7984531992295296,5.804640906025065,74
4,REFUGE_Valid,G_PCA,OC,736,61.768949374530756,60.4676733172641,41.44273489881398,83.71815793085254,736,0,0,22.132909617721282,36.7464465254097,74,736,0,736,17.012107184109492,17.28774794375813,7.649435750750313,25.565282042820733,736,0,0,1.9986977238455501,5.340296957114271,74
4,REFUGE_Valid,G_PCA,macro,736,70.92647519215004,71.2811088965858,55.51693825684725,86.60255562343681,736,0,0,40.764910358275564,50.755322697889895,74,,,,,,,,,,,,,
4,REFUGE_Valid,G_ISO,OD,736,80.31185316852827,81.40119199380956,66.82817360313341,91.70849534846852,736,0,0,49.618487028558974,62.182363125487626,74,736,0,736,19.050109764636694,16.414080077490908,7.222831162652256,32.18889246246174,736,0,0,2.7550313198558762,5.7168295905085955,74
4,REFUGE_Valid,G_ISO,OC,736,61.74067444610803,60.466547136091606,41.38114137053196,83.74410868409572,736,0,0,22.10604929051531,36.703729909487095,74,736,0,736,17.039417804285446,17.36829663375238,7.655176535448013,25.656541668577358,736,0,0,1.9993812895458831,5.341504288281115,74
4,REFUGE_Valid,G_ISO,macro,736,71.02626380731816,71.34321757446784,55.631707830605656,86.71870028689057,736,0,0,40.848709156469305,50.866738952805726,74,,,,,,,,,,,,,
4,REFUGE_Valid,G_ORDER,OD,736,80.92143030254542,81.93378350799446,67.45816548941092,92.06139708204134,736,0,0,49.91950439159585,62.968186870693145,74,736,0,736,18.503378333138986,15.932265543185597,7.033444788062631,31.33973400747849,736,0,0,2.5973247239318966,5.498319503443267,74
4,REFUGE_Valid,G_ORDER,OC,736,62.007293701139176,60.68555927123653,41.73015031394056,83.8690338764442,736,0,0,22.2598232750517,36.95964673992912,74,736,0,736,16.85005115615804,17.11210116422363,7.513011163637813,25.40428353199932,736,0,0,2.0618202606118237,5.269328363479649,74
4,REFUGE_Valid,G_ORDER,macro,736,71.46436200184229,71.7153287451062,56.22394837821592,86.9081268372976,736,0,0,41.41560761684106,51.394956821223886,74,,,,,,,,,,,,,
4,Drishti_GS,C,OD,37,87.67842526274647,89.01656661427873,81.54183543866854,92.230946126491,37,0,0,72.78580258692928,77.5405778565054,4,37,0,37,13.463755451222609,11.598170153142485,7.437027997929715,21.834999315861694,37,0,0,5.33347684604799,6.175957114185133,4
4,Drishti_GS,C,OC,37,62.116052283901055,61.93803412855273,49.947748420115296,82.1355428861016,37,0,0,26.179195247860832,35.2485131116959,4,37,0,37,26.88812358730285,27.668459343337677,7.426318040897231,42.58675233431882,37,0,0,4.092039364942434,6.106410089856006,4
4,Drishti_GS,C,macro,37,74.89723877332376,74.87746603316148,67.21577344883886,86.73209532186465,37,0,0,51.96914472075539,56.50610804427221,4,,,,,,,,,,,,,
4,Drishti_GS,RP,OD,37,87.69436330257857,89.02657375085337,81.53341673912175,92.25039504728205,37,0,0,72.74673837267204,77.55229350683408,4,37,0,37,13.446829572128848,11.523130411662706,7.451872492917195,21.76073313433458,37,0,0,5.305814122436816,6.171316086224785,4
4,Drishti_GS,RP,OC,37,62.463105908223476,62.10309736973808,50.297318145506445,81.95984158077307,37,0,0,26.620582633843547,35.66854346210893,4,37,0,37,26.67289788859822,27.223174842449055,7.529488727533904,42.30223008942943,37,0,0,3.9739679255817526,6.027583857683619,4
4,Drishti_GS,RP,macro,37,75.07873460540104,75.03046934793157,67.41343494939915,86.79575565146628,37,0,0,52.141296667974224,56.72889676766108,4,,,,,,,,,,,,,
4,Drishti_GS,T_LR,OD,37,89.56597154616497,90.69779167086821,83.91318679350158,93.60899157255149,37,0,0,75.12521683891617,79.54549324865854,4,37,0,37,11.519919928957757,9.529826513445967,5.992355251467164,19.23874852160914,37,0,0,3.5836028456877504,4.710530965281582,4
4,Drishti_GS,T_LR,OC,37,65.12000922821802,65.14554914920546,52.945695613711095,83.23356847440665,37,0,0,27.136762154812693,37.75228226073226,4,37,0,37,25.227183599514696,24.35523081906197,7.890594402944522,40.91172553756759,37,0,0,3.3979418235152856,5.632679383477308,4
4,Drishti_GS,T_LR,macro,37,77.34299038719149,77.30973681020214,69.41154679297746,86.88192646696554,37,0,0,54.26046164981906,58.6488877546954,4,,,,,,,,,,,,,
4,Drishti_GS,T_ISO,OD,37,88.49153192995037,89.67088753641582,82.20882629847104,92.73350229732463,37,0,0,74.0015777536732,78.73963237503138,4,37,0,37,12.590205217593534,10.73047450540148,7.127597600675032,21.144127558028828,37,0,0,4.774291241305707,5.402029225678091,4
4,Drishti_GS,T_ISO,OC,37,65.75582909931069,65.2828995890844,54.20182843238868,82.83380816876561,37,0,0,29.226493747105142,39.47848557560112,4,37,0,37,24.66467656803654,24.06507794434207,8.246756919544973,39.450676266426065,37,0,0,3.300813967573745,5.736491020380955,4
4,Drishti_GS,T_ISO,macro,37,77.12368051463055,77.1331834441888,69.64410389976706,86.41979153545476,37,0,0,54.323091763887085,59.15085135692519,4,,,,,,,,,,,,,
4,Drishti_GS,T_DIAG,OD,37,89.51140551237953,90.66941068498484,83.70897085189277,93.65817552818824,37,0,0,74.82958766337134,79.48271331808269,4,37,0,37,11.566984602179456,9.460133948581388,5.944496311840059,19.410453209360092,37,0,0,3.8843336930872634,4.753691740034167,4
4,Drishti_GS,T_DIAG,OC,37,66.37517212272921,66.33520111540788,54.639154361162824,83.88918569924262,37,0,0,28.738648767912302,39.51672334112117,4,37,0,37,24.522346025330844,23.622977050123723,7.905001630180154,39.61745627712817,37,0,0,3.3315380395795664,5.403118834398507,4
4,Drishti_GS,T_DIAG,macro,37,77.94328881755436,78.2868501612807,70.18361134251003,87.4460907466378,37,0,0,54.826336314904886,59.55989434173259,4,,,,,,,,,,,,,
4,Drishti_GS,U_PCA,OD,37,87.44649868170659,88.80664550550415,81.2390935267831,92.1318875612462,37,0,0,72.18772141874713,77.24461072000496,4,37,0,37,13.691523154184543,11.802569556053426,7.576283329073195,22.222847630391485,37,0,0,5.564326516143413,6.369563226853123,4
4,Drishti_GS,U_PCA,OC,37,61.57629597830248,61.48303309593632,49.432005186918914,82.26948675222923,37,0,0,25.805537182273458,34.71830712192568,4,37,0,37,27.18711820872625,27.80493863245938,7.325665767235176,42.68377954740615,37,0,0,4.240873313090021,6.166856215279973,4
4,Drishti_GS,U_PCA,macro,37,74.51139733000456,74.48403663549179,66.9049160714013,86.44609934605684,37,0,0,51.4453671656146,56.14294553095329,4,,,,,,,,,,,,,
4,Drishti_GS,U_RAND,OD,37,87.47426647604719,88.81460927921533,81.25396290435793,92.14376856645667,37,0,0,72.30906320005997,77.30283311467433,4,37,0,37,13.668427888919826,11.821755117443658,7.5163220545890175,22.21367704251752,37,0,0,5.57407775818072,6.341464262082866,4
4,Drishti_GS,U_RAND,OC,37,61.6966697971239,61.56422709763859,49.52198511815129,82.34140035042785,37,0,0,25.94122506786262,34.8871708020916,4,37,0,37,27.127897487454618,27.860701559813155,7.326992786478483,42.67373031605041,37,0,0,4.199213884577306,6.151763234427926,4
4,Drishti_GS,U_RAND,macro,37,74.58546813658555,74.54569464610292,66.97486720207057,86.55255578983291,37,0,0,51.58789889586642,56.24975321842784,4,,,,,,,,,,,,,
4,Drishti_GS,U_SCALE,OD,37,87.65543068911755,89.01227728894786,81.52718595031996,92.22254772221746,37,0,0,72.72033004889306,77.51325886503463,4,37,0,37,13.484381208541425,11.607309829696923,7.442653412399468,21.83279531436293,37,0,0,5.3514991697053045,6.191563989101431,4
4,Drishti_GS,U_SCALE,OC,37,62.08389661434995,61.934190746617666,49.92774568192556,82.14346457340305,37,0,0,26.187389510901593,35.22070171347745,4,37,0,37,26.907186047767535,27.686205871261024,7.434209231113426,42.56710224255398,37,0,0,4.105766282787246,6.122119881940304,4
4,Drishti_GS,U_SCALE,macro,37,74.86966365173376,74.85537436242468,67.20279456733313,86.70146352569672,37,0,0,51.91311472180292,56.48479370511191,4,,,,,,,,,,,,,
4,Drishti_GS,S_JOINT,OD,37,86.0864035225161,87.0955796634345,79.19949362214432,91.0348919647548,37,0,0,68.94087680459513,75.63857476191356,4,37,0,37,15.04024095303752,13.234654071446311,8.740196053454758,23.778503030539436,37,0,0,6.256790149682287,7.2176940758475086,4
4,Drishti_GS,S_JOINT,OC,37,61.289081604495834,60.68001096791884,49.353121861596094,80.87314855885677,37,0,0,26.236538869382848,35.36676995466869,4,37,0,37,27.008975389171955,27.321792293794395,8.923298868515959,41.38018226843436,37,0,0,4.420435556988851,6.168623758216496,4
4,Drishti_GS,S_JOINT,macro,37,73.68774256350598,73.65423882942157,66.35648598524205,84.48633576532171,37,0,0,49.63717725028371,55.750770034121544,4,,,,,,,,,,,,,
4,Drishti_GS,S_SHARED,OD,37,87.69087790686322,89.02371475312697,81.53856978424518,92.23963458860028,37,0,0,72.76680137082921,77.54865865136317,4,37,0,37,13.452647918503251,11.544675809225728,7.46323496117336,21.771772042777144,37,0,0,5.308688728020466,6.174829155509691,4
4,Drishti_GS,S_SHARED,OC,37,62.43949320136119,62.07625351094301,50.27855059195086,81.9744909938977,37,0,0,26.604274931220168,35.673331943061356,4,37,0,37,26.69054156565916,27.25221958564846,7.5213837391477725,42.25547452195334,37,0,0,3.9849176213171855,6.035002421580592,4
4,Drishti_GS,S_SHARED,macro,37,75.06518555411219,75.0143637859271,67.39796643212823,86.78201203301684,37,0,0,52.14843035772905,56.727709753543465,4,,,,,,,,,,,,,
4,Drishti_GS,S_NOPCA,OD,37,86.08136293324537,87.09093402825401,79.21716189999258,91.03480344732033,37,0,0,68.93751602701086,75.62724753064565,4,37,0,37,15.051260957907774,13.242222219069774,8.73956739321282,23.776139643925408,37,0,0,6.256790149682287,7.2207818180498675,4
4,Drishti_GS,S_NOPCA,OC,37,61.247730857863864,60.676190737338565,49.34728432312151,80.84841002796827,37,0,0,26.093108815621907,35.28642424014194,4,37,0,37,27.033665769469458,27.321792293794395,8.947368385105799,41.474753142652,37,0,0,4.427927243421815,6.166656807932391,4
4,Drishti_GS,S_NOPCA,macro,37,73.66454689555462,73.65423882942157,66.29565315750118,84.46611868910817,37,0,0,49.63255753882463,55.678071011376076,4,,,,,,,,,,,,,
4,Drishti_GS,M_TRANSPORT,OD,37,87.6991279692659,89.0494404306559,81.54928529656652,92.24638000611688,37,0,0,72.7583545637868,77.5539913785941,4,37,0,37,13.44007295685048,11.521553569266985,7.482930939341619,21.7555668463324,37,0,0,5.299844437742496,6.179780915985429,4
4,Drishti_GS,M_TRANSPORT,OC,37,62.44434706423952,62.10309736973808,50.27182896999078,81.95206020281437,37,0,0,26.645038437125322,35.65360270971498,4,37,0,37,26.69445277245406,27.23342004096866,7.498116998076504,42.295818776926154,37,0,0,3.9757632787739823,6.018119227048805,4
4,Drishti_GS,M_TRANSPORT,macro,37,75.07173751675272,75.02164537803289,67.40185147232319,86.78960624348318,37,0,0,52.12536633251106,56.723226853378854,4,,,,,,,,,,,,,
4,Drishti_GS,M_IDPOST,OD,37,87.69611166617256,89.03514986025066,81.53668299847796,92.24868412671344,37,0,0,72.76152224785488,77.55628578339966,4,37,0,37,13.444739717860495,11.515773266166663,7.475912037431267,21.75618425981467,37,0,0,5.305953409451096,6.171637674319592,4
4,Drishti_GS,M_IDPOST,OC,37,62.46266178362693,62.11459868219856,50.298276520055204,81.95620909556678,37,0,0,26.604274931220168,35.67326968288096,4,37,0,37,26.665272292698386,27.211998820958165,7.5377199049089105,42.29649194919186,37,0,0,3.9739679255817526,6.037335930270521,4
4,Drishti_GS,M_IDPOST,macro,37,75.07938672489976,75.03228984173013,67.4096936371188,86.79429261626298,37,0,0,52.15593225667141,56.730208991615385,4,,,,,,,,,,,,,
4,Drishti_GS,M_SHUFFLE,OD,37,88.09130693902597,89.42702829634848,82.13373601938342,92.38988268386271,37,0,0,73.2809917355372,77.90518658598937,4,37,0,37,13.028132947426581,10.900424752661548,7.211899252981741,20.977177739531392,37,0,0,4.780006205666632,5.86080018211777,4
4,Drishti_GS,M_SHUFFLE,OC,37,62.620769306633825,62.225679204400244,50.4487576282212,81.85795105265959,37,0,0,26.55941292689811,35.705399131907626,4,37,0,37,26.563011985999857,26.870403747496624,7.851410677078394,42.44137760337742,37,0,0,3.924251959606664,6.038529444171073,4
4,Drishti_GS,M_SHUFFLE,macro,37,75.35603812282989,75.46898424669466,67.58035203399278,86.94663747842158,37,0,0,52.36348488783538,56.8736987711217,4,,,,,,,,,,,,,
4,Drishti_GS,G_PCA,OD,37,87.86404733123484,89.27189769295032,81.79045623955491,92.29276608667891,37,0,0,72.9807644515135,77.68456867942413,4,37,0,37,13.276528080680812,11.200101932012215,7.424810811501734,21.484138877131038,37,0,0,5.1368219044313435,6.052597613962158,4
4,Drishti_GS,G_PCA,OC,37,62.08889867125503,61.96877348250814,49.89591040744519,82.15328472670876,37,0,0,26.0315662821148,35.120184438079555,4,37,0,37,26.8956167407733,27.75458484505443,7.375580339791936,42.68110709711455,37,0,0,4.065549735954043,6.056232981727728,4
4,Drishti_GS,G_PCA,macro,37,74.97647300124494,74.95899028107034,67.25610733129058,86.84700110224321,37,0,0,52.005452184178495,56.51128105975296,4,,,,,,,,,,,,,
4,Drishti_GS,G_ISO,OD,37,87.82097315347974,89.21779160826571,81.7460741061588,92.27533686383815,37,0,0,72.94392562086196,77.65119794299349,4,37,0,37,13.323572071328691,11.242957234621427,7.445278284166156,21.55202672071366,37,0,0,5.19286526142621,6.094110782147988,4
4,Drishti_GS,G_ISO,OC,37,62.11548681627661,61.96877348250814,49.95607897247262,82.12480729598992,37,0,0,26.10131119705688,35.17564885984521,4,37,0,37,26.875745577634678,27.737720023239415,7.383654610624575,42.65991338958312,37,0,0,4.074071938566419,6.058819904622602,4
4,Drishti_GS,G_ISO,macro,37,74.96822998487819,74.96404241311397,67.26306202568536,86.82145158813466,37,0,0,51.99577726298321,56.51779220808278,4,,,,,,,,,,,,,
4,Drishti_GS,G_ORDER,OD,37,87.67948462568461,89.01370710089664,81.54913502389904,92.23327852719605,37,0,0,72.79107969535566,77.54451323058016,4,37,0,37,13.461416953320333,11.595248563202471,7.442043778604656,21.805508114029266,37,0,0,5.334489421263839,6.178002715040699,4
4,Drishti_GS,G_ORDER,OC,37,62.11954099042517,61.93803412855273,49.95511223873181,82.13446478456099,37,0,0,26.17509782659941,35.246536967690375,4,37,0,37,26.88790680393517,27.68937749204546,7.4293979311657505,42.5924844959892,37,0,0,4.092039364942434,6.105855212829876,4
4,Drishti_GS,G_ORDER,macro,37,74.89951280805488,74.88798028169813,67.21693564494198,86.7331080196235,37,0,0,51.97178327496859,56.50525174737939,4,,,,,,,,,,,,,
