cell_type,seed,order,pivot,origin_domain,horizon,role,channel,scored_contents,keep,rollback,delta_pp,cumulative_delta_pp,oracle,oracle_action,future_domain,windows
WINDOW_CHANNEL,20260907,0,64,REFUGE,64,SEARCH,OD,32,88.45499306912703,88.3335573752482,-0.1214356938788228,-3.885942204122486,88.45499306912703,KEEP,,
WINDOW_CHANNEL,20260907,0,64,REFUGE,64,SEARCH,OC,32,84.5113084639358,84.10754561739444,-0.40376284654136896,-12.920411089323878,84.5113084639358,KEEP,,
WINDOW_CHANNEL,20260907,0,64,REFUGE,64,SEALED_REVIEW,OD,23,88.683800587473,88.53313679801484,-0.1506637894581644,-3.465267157537525,88.683800587473,KEEP,,
WINDOW_CHANNEL,20260907,0,64,REFUGE,64,SEALED_REVIEW,OC,23,81.52693070933516,81.09248306830433,-0.4344476410308289,-9.992295743709114,81.52693070933516,KEEP,,
WINDOW_CHANNEL,20260907,0,64,REFUGE,256,SEARCH,OD,120,88.50694546561279,88.38270596194482,-0.12423950366796532,-14.908740440155455,88.50694546561279,KEEP,,
WINDOW_CHANNEL,20260907,0,64,REFUGE,256,SEARCH,OC,120,84.33883964808025,84.152336520864,-0.1865031272162554,-22.380375265950526,84.33883964808025,KEEP,,
WINDOW_CHANNEL,20260907,0,64,REFUGE,256,SEALED_REVIEW,OD,89,88.47347551099668,88.3523890793184,-0.12108643167827893,-10.776692419367222,88.47347551099668,KEEP,,
WINDOW_CHANNEL,20260907,0,64,REFUGE,256,SEALED_REVIEW,OC,89,83.24521298970026,83.05544810113078,-0.18976488856948492,-16.88907508268425,83.24521298970026,KEEP,,
WINDOW_CHANNEL,20260907,0,192,REFUGE,64,SEARCH,OC,28,84.71947137357375,84.58714018745191,-0.1323311861218457,-3.7052732114116083,84.71947137357375,KEEP,,
WINDOW_CHANNEL,20260907,0,192,REFUGE,64,SEALED_REVIEW,OC,21,85.67570328027132,85.57532270278419,-0.10038057748712959,-2.1079921272295863,85.67570328027132,KEEP,,
WINDOW_CHANNEL,20260907,0,192,REFUGE,256,SEARCH,OD,119,86.7422803532647,86.64260239198494,-0.09967796127976669,-11.861677392292727,86.7422803532647,KEEP,,
WINDOW_CHANNEL,20260907,0,192,REFUGE,256,SEARCH,OC,119,80.01922299014801,80.00405968409567,-0.015163306052343728,-1.804433420229536,80.01922299014801,KEEP,,
WINDOW_CHANNEL,20260907,0,192,REFUGE,256,SEALED_REVIEW,OD,91,86.70595355043451,86.6191664624175,-0.08678708801701873,-7.897625009549145,86.70595355043451,KEEP,,
WINDOW_CHANNEL,20260907,0,192,REFUGE,256,SEALED_REVIEW,OC,91,80.45531531334495,80.43171039396009,-0.023604919384865752,-2.148047664022293,80.45531531334495,KEEP,,
WINDOW_CHANNEL,20260907,0,320,REFUGE,64,SEARCH,OD,33,87.8768910931317,87.74813243228347,-0.12875866084823429,-4.249035807991461,87.8768910931317,KEEP,,
WINDOW_CHANNEL,20260907,0,320,REFUGE,64,SEARCH,OC,33,83.62764223414216,83.47792356329509,-0.14971867084706503,-4.940716137953373,83.62764223414216,KEEP,,
WINDOW_CHANNEL,20260907,0,320,REFUGE,64,SEALED_REVIEW,OD,25,88.4823189720621,88.28398366309877,-0.19833530896333684,-4.958382724083464,88.4823189720621,KEEP,,
WINDOW_CHANNEL,20260907,0,320,REFUGE,64,SEALED_REVIEW,OC,25,83.64641120886434,83.57291126285955,-0.07349994600478738,-1.8374986501196702,83.64641120886434,KEEP,,
WINDOW_CHANNEL,20260907,0,320,REFUGE,256,SEARCH,OD,133,85.34827610353935,85.13311995095408,-0.21515615258526566,-28.61576829384019,85.34827610353935,KEEP,,
WINDOW_CHANNEL,20260907,0,320,REFUGE,256,SEARCH,OC,133,72.6475525047529,72.4328426259184,-0.21470987883449766,-28.556413884987514,72.6475525047529,KEEP,,
WINDOW_CHANNEL,20260907,0,320,REFUGE,256,SEALED_REVIEW,OD,89,85.48174012547926,85.25422530637056,-0.22751481910870552,-20.24881890067425,85.48174012547926,KEEP,,
WINDOW_CHANNEL,20260907,0,320,REFUGE,256,SEALED_REVIEW,OC,89,72.78446284577551,72.59265944047706,-0.19180340529844386,-17.070503071561507,72.78446284577551,KEEP,,
WINDOW_CHANNEL,20260907,0,448,ORIGA,64,SEARCH,OD,35,85.5882587914629,84.31467935377741,-1.2735794376854983,-44.575280318992576,85.5882587914629,KEEP,,
WINDOW_CHANNEL,20260907,0,448,ORIGA,64,SEARCH,OC,35,71.34465171654342,69.01190388524823,-2.332747831295194,-81.64617409533206,71.34465171654342,KEEP,,
WINDOW_CHANNEL,20260907,0,448,ORIGA,64,SEALED_REVIEW,OD,22,85.14042621645216,83.7844394701854,-1.3559867462667512,-29.831708417868633,85.14042621645216,KEEP,,
WINDOW_CHANNEL,20260907,0,448,ORIGA,64,SEALED_REVIEW,OC,22,70.34553525477914,68.42160982187043,-1.9239254329087032,-42.32635952399142,70.34553525477914,KEEP,,
WINDOW_CHANNEL,20260907,0,448,ORIGA,256,SEARCH,OD,137,85.87161673581731,85.44400559391296,-0.42761114190435023,-58.58272644089621,85.87161673581731,KEEP,,
WINDOW_CHANNEL,20260907,0,448,ORIGA,256,SEARCH,OC,137,69.92640548278227,69.11776980436005,-0.8086356784222204,-110.78308794384236,69.92640548278227,KEEP,,
WINDOW_CHANNEL,20260907,0,448,ORIGA,256,SEALED_REVIEW,OD,90,86.85631715943396,86.48124796799485,-0.3750691914391098,-33.75622722951973,86.85631715943396,KEEP,,
WINDOW_CHANNEL,20260907,0,448,ORIGA,256,SEALED_REVIEW,OC,90,73.43171962981269,72.73721951990282,-0.6945001099098675,-62.5050098918878,73.43171962981269,KEEP,,
WINDOW_CHANNEL,20260907,0,576,ORIGA,64,SEARCH,OD,38,86.24104421067035,85.61238117381238,-0.6286630368579722,-23.889195400603313,86.24104421067035,KEEP,,
WINDOW_CHANNEL,20260907,0,576,ORIGA,64,SEARCH,OC,38,66.66766591841909,66.09690862445,-0.5707572939690948,-21.688777170825826,66.66766591841909,KEEP,,
WINDOW_CHANNEL,20260907,0,576,ORIGA,64,SEALED_REVIEW,OD,24,90.09989638494626,89.72928755870117,-0.37060882624508906,-8.894611829881967,90.09989638494626,KEEP,,
WINDOW_CHANNEL,20260907,0,576,ORIGA,64,SEALED_REVIEW,OC,24,80.37206980464136,79.93845134911774,-0.43361845552361444,-10.406842932566803,80.37206980464136,KEEP,,
WINDOW_CHANNEL,20260907,0,576,ORIGA,256,SEARCH,OD,140,87.97006311870487,87.62895665903628,-0.34110645966859465,-47.754904353603536,87.97006311870487,KEEP,,
WINDOW_CHANNEL,20260907,0,576,ORIGA,256,SEARCH,OC,140,71.39156548463777,71.041016016888,-0.35054946774977225,-49.07692548496702,71.39156548463777,KEEP,,
WINDOW_CHANNEL,20260907,0,576,ORIGA,256,SEALED_REVIEW,OD,95,87.93280447175823,87.6957279779271,-0.2370764938311254,-22.522266913957637,87.93280447175823,KEEP,,
WINDOW_CHANNEL,20260907,0,576,ORIGA,256,SEALED_REVIEW,OC,95,74.08952086127975,73.86946952246291,-0.22005133881684458,-20.904877187600185,74.08952086127975,KEEP,,
WINDOW_CHANNEL,20260907,0,704,ORIGA,64,SEARCH,OD,32,89.61900230075206,89.4170812795332,-0.20192102121885114,-6.461472679003123,89.61900230075206,KEEP,,
WINDOW_CHANNEL,20260907,0,704,ORIGA,64,SEARCH,OC,32,72.11929335992144,71.81047182060952,-0.30882153931192136,-9.882289257981682,72.11929335992144,KEEP,,
WINDOW_CHANNEL,20260907,0,704,ORIGA,64,SEALED_REVIEW,OD,27,88.16409644842739,87.99632746226317,-0.1677689861642193,-4.529762626434206,88.16409644842739,KEEP,,
WINDOW_CHANNEL,20260907,0,704,ORIGA,64,SEALED_REVIEW,OC,27,71.84053657649243,71.59405292818971,-0.2464836483027142,-6.655058504173226,71.84053657649243,KEEP,,
WINDOW_CHANNEL,20260907,0,704,ORIGA,256,SEARCH,OD,143,90.2102732602855,90.05909383579625,-0.15117942448925703,-21.61865770196316,90.2102732602855,KEEP,,
WINDOW_CHANNEL,20260907,0,704,ORIGA,256,SEARCH,OC,143,73.51251624391743,73.32086471581759,-0.19165152809983965,-27.406168518278314,73.51251624391743,KEEP,,
WINDOW_CHANNEL,20260907,0,704,ORIGA,256,SEALED_REVIEW,OD,91,90.01570771256782,89.87874921135554,-0.13695850121227693,-12.463223610316902,90.01570771256782,KEEP,,
WINDOW_CHANNEL,20260907,0,704,ORIGA,256,SEALED_REVIEW,OC,91,74.67657468589071,74.52234572196855,-0.154228963922165,-14.034835716917023,74.67657468589071,KEEP,,
WINDOW_CHANNEL,20260907,0,832,ORIGA,64,SEARCH,OD,38,89.64334948981468,89.51462459624186,-0.1287248935728229,-4.891545955766972,89.64334948981468,KEEP,,
WINDOW_CHANNEL,20260907,0,832,ORIGA,64,SEARCH,OC,38,72.45099960700777,72.44192309797369,-0.009076509034088076,-0.3449073432953611,72.45099960700777,KEEP,,
WINDOW_CHANNEL,20260907,0,832,ORIGA,64,SEALED_REVIEW,OD,20,90.28035157877753,90.22143332628222,-0.058918252495303136,-1.1783650499060911,90.28035157877753,KEEP,,
WINDOW_CHANNEL,20260907,0,832,ORIGA,256,SEARCH,OD,140,89.04143889085839,88.9851025158909,-0.056336374967486336,-7.887092495446701,89.04143889085839,KEEP,,
WINDOW_CHANNEL,20260907,0,832,ORIGA,256,SEALED_REVIEW,OD,95,90.35487947328868,90.31003601714967,-0.044843456139005866,-4.260128333205877,90.31003601714967,ROLLBACK,,
WINDOW_CHANNEL,20260907,0,960,ORIGA,64,SEARCH,OD,33,92.50138450082548,92.3817844566046,-0.11960004422087422,-3.94680145928902,92.50138450082548,KEEP,,
WINDOW_CHANNEL,20260907,0,960,ORIGA,64,SEALED_REVIEW,OD,24,93.01557924250665,92.92061734106424,-0.09496190144240302,-2.2790856346178856,93.01557924250665,KEEP,,
WINDOW_CHANNEL,20260907,0,1088,REFUGE_Valid,64,SEARCH,OD,37,78.53794016723037,78.2051083261334,-0.3328318410969757,-12.314778120588123,78.53794016723037,KEEP,,
WINDOW_CHANNEL,20260907,0,1088,REFUGE_Valid,64,SEALED_REVIEW,OD,22,81.01755273418667,80.87836868650139,-0.13918404768527637,-3.062049049076208,81.01755273418667,KEEP,,
WINDOW_CHANNEL,20260907,0,1856,Drishti_GS,64,SEARCH,OD,14,93.62373915482448,93.52810596894062,-0.09563318588385528,-1.3388646023739739,93.62373915482448,KEEP,,
WINDOW_CHANNEL,20260907,0,1856,Drishti_GS,64,SEARCH,OC,14,71.58123806026808,71.37112273304206,-0.21011532722602055,-2.9416145811643446,71.58123806026808,KEEP,,
WINDOW_CHANNEL,20260907,0,1856,Drishti_GS,64,SEALED_REVIEW,OD,10,90.44903740379793,90.35893646555745,-0.09010093824048226,-0.9010093824048084,90.44903740379793,KEEP,,
WINDOW_CHANNEL,20260907,0,1856,Drishti_GS,64,SEALED_REVIEW,OC,10,62.58879114168358,62.19503798284707,-0.3937531588365104,-3.93753158836509,62.58879114168358,KEEP,,
WINDOW_CHANNEL,20260907,1,64,Drishti_GS,64,SEARCH,OC,22,62.808648559388956,62.795782749177484,-0.012865810211472706,-0.2830478246522752,62.795782749177484,ROLLBACK,,
WINDOW_CHANNEL,20260907,1,64,Drishti_GS,64,SEALED_REVIEW,OC,18,66.9996346352228,66.95474679686015,-0.044887838362654975,-0.8079810905278109,66.95474679686015,ROLLBACK,,
WINDOW_CHANNEL,20260907,1,192,REFUGE_Valid,64,SEARCH,OD,32,82.00810580308166,81.56713244814009,-0.4409733549415762,-14.111147358130331,82.00810580308166,KEEP,,
WINDOW_CHANNEL,20260907,1,576,REFUGE_Valid,64,SEARCH,OD,34,83.10479434081691,83.01469007855266,-0.09010426226424784,-3.063544916984405,83.10479434081691,KEEP,,
WINDOW_CHANNEL,20260907,1,576,REFUGE_Valid,64,SEALED_REVIEW,OD,26,81.12443366105974,81.10533747808326,-0.019096182976483078,-0.4965007573883966,81.10533747808326,ROLLBACK,,
WINDOW_CHANNEL,20260907,1,576,REFUGE_Valid,256,SEARCH,OD,150,79.77216088865,79.72736689351596,-0.04479399513404303,-6.719099270107613,79.72736689351596,ROLLBACK,,
WINDOW_CHANNEL,20260907,1,832,REFUGE_Valid,256,SEARCH,OC,145,65.02602217893484,64.98815599631871,-0.03786618261612773,-5.490596479338922,64.98815599631871,ROLLBACK,,
WINDOW_CHANNEL,20260907,1,832,REFUGE_Valid,256,SEALED_REVIEW,OC,84,62.6275226306312,62.55783750557314,-0.0696851250580579,-5.853550504876644,62.55783750557314,ROLLBACK,,
WINDOW_CHANNEL,20260907,1,960,ORIGA,64,SEARCH,OD,34,85.77640916493965,84.08129589675627,-1.695113268183377,-57.63385111823501,85.77640916493965,KEEP,,
WINDOW_CHANNEL,20260907,1,960,ORIGA,64,SEARCH,OC,34,67.70648471320192,65.2995337904902,-2.406950922711715,-81.83633137219803,67.70648471320192,KEEP,,
WINDOW_CHANNEL,20260907,1,960,ORIGA,64,SEALED_REVIEW,OD,22,84.8208949153352,82.73862017225723,-2.082274743077974,-45.81004434771524,84.8208949153352,KEEP,,
WINDOW_CHANNEL,20260907,1,960,ORIGA,64,SEALED_REVIEW,OC,22,65.04637056632627,61.90496045307473,-3.1414101132515455,-69.11102249153397,65.04637056632627,KEEP,,
WINDOW_CHANNEL,20260907,1,960,ORIGA,256,SEARCH,OD,134,85.35733389052005,84.26349384466579,-1.0938400458542645,-146.57456614447142,85.35733389052005,KEEP,,
WINDOW_CHANNEL,20260907,1,960,ORIGA,256,SEARCH,OC,134,66.1291841029709,64.50517133040287,-1.6240127725680225,-217.61771152411356,66.1291841029709,KEEP,,
WINDOW_CHANNEL,20260907,1,960,ORIGA,256,SEALED_REVIEW,OD,91,86.17619973339444,85.05990992428568,-1.116289809108764,-101.58237262889699,86.17619973339444,KEEP,,
WINDOW_CHANNEL,20260907,1,960,ORIGA,256,SEALED_REVIEW,OC,91,69.51003860025024,67.91257099495972,-1.5974676052905181,-145.36955208143823,69.51003860025024,KEEP,,
WINDOW_CHANNEL,20260907,1,1088,ORIGA,64,SEARCH,OD,37,84.83972211568165,84.40626671903381,-0.4334553966478438,-16.037849675970335,84.83972211568165,KEEP,,
WINDOW_CHANNEL,20260907,1,1088,ORIGA,64,SEARCH,OC,37,60.941962754968415,60.26541227446288,-0.6765504805055329,-25.03236777870491,60.941962754968415,KEEP,,
WINDOW_CHANNEL,20260907,1,1088,ORIGA,64,SEALED_REVIEW,OD,25,89.30864021431762,89.03187630838273,-0.2767639059348852,-6.919097648372272,89.30864021431762,KEEP,,
WINDOW_CHANNEL,20260907,1,1088,ORIGA,64,SEALED_REVIEW,OC,25,74.88615944849607,74.2676944041387,-0.6184650443573787,-15.461626108934198,74.88615944849607,KEEP,,
WINDOW_CHANNEL,20260907,1,1088,ORIGA,256,SEARCH,OD,142,86.69006110391528,86.40857355234715,-0.28148755156813365,-39.97123232267464,86.69006110391528,KEEP,,
WINDOW_CHANNEL,20260907,1,1088,ORIGA,256,SEARCH,OC,142,67.31801458401134,66.74866634101238,-0.5693482429989558,-80.84745050585177,67.31801458401134,KEEP,,
WINDOW_CHANNEL,20260907,1,1088,ORIGA,256,SEALED_REVIEW,OD,93,86.62836132001726,86.41090923539429,-0.21745208462297683,-20.223043869936717,86.62836132001726,KEEP,,
WINDOW_CHANNEL,20260907,1,1088,ORIGA,256,SEALED_REVIEW,OC,93,70.34498049575119,69.8695383747802,-0.4754421209709818,-44.21611725030119,70.34498049575119,KEEP,,
WINDOW_CHANNEL,20260907,1,1216,ORIGA,64,SEARCH,OD,36,87.23532334455581,86.86127363885775,-0.37404970569805585,-13.465789405130053,87.23532334455581,KEEP,,
WINDOW_CHANNEL,20260907,1,1216,ORIGA,64,SEARCH,OC,36,67.93842629001816,67.22118000041297,-0.7172462896051854,-25.82086642578676,67.93842629001816,KEEP,,
WINDOW_CHANNEL,20260907,1,1216,ORIGA,64,SEALED_REVIEW,OD,24,85.4105005372118,85.0846839995687,-0.3258165376431066,-7.819596903434515,85.4105005372118,KEEP,,
WINDOW_CHANNEL,20260907,1,1216,ORIGA,64,SEALED_REVIEW,OC,24,68.27135000847206,67.64353297016449,-0.627817038307569,-15.067608919381726,68.27135000847206,KEEP,,
WINDOW_CHANNEL,20260907,1,1216,ORIGA,256,SEARCH,OD,147,89.2281425153086,88.98387148404578,-0.24427103126282645,-35.907841595634295,89.2281425153086,KEEP,,
WINDOW_CHANNEL,20260907,1,1216,ORIGA,256,SEARCH,OC,147,70.93966868590148,70.5264819313379,-0.4131867545635828,-60.73845292084817,70.93966868590148,KEEP,,
WINDOW_CHANNEL,20260907,1,1216,ORIGA,256,SEALED_REVIEW,OD,89,89.02342379595967,88.83313498978164,-0.19028880617803168,-16.935703749844848,89.02342379595967,KEEP,,
WINDOW_CHANNEL,20260907,1,1216,ORIGA,256,SEALED_REVIEW,OC,89,72.5790475300776,72.24610140684845,-0.3329461232291493,-29.632204967394344,72.5790475300776,KEEP,,
WINDOW_CHANNEL,20260907,1,1344,ORIGA,64,SEARCH,OD,35,88.52170661555516,88.4486843228164,-0.07302229273875582,-2.555780245856681,88.52170661555516,KEEP,,
WINDOW_CHANNEL,20260907,1,1344,ORIGA,64,SEARCH,OC,35,69.32930558838136,69.15975420656999,-0.16955138181137386,-5.934298363398142,69.32930558838136,KEEP,,
WINDOW_CHANNEL,20260907,1,1344,ORIGA,64,SEALED_REVIEW,OD,21,88.8470528850102,88.77516684656352,-0.07188603844667796,-1.5096068073801945,88.8470528850102,KEEP,,
WINDOW_CHANNEL,20260907,1,1344,ORIGA,64,SEALED_REVIEW,OC,21,75.33845629024003,75.25265475050297,-0.08580153973706217,-1.8018323344782914,75.33845629024003,KEEP,,
WINDOW_CHANNEL,20260907,1,1344,ORIGA,256,SEARCH,OD,141,92.01535906388422,91.9702674429298,-0.045091620954423206,-6.357918554573871,92.01535906388422,KEEP,,
WINDOW_CHANNEL,20260907,1,1344,ORIGA,256,SEARCH,OC,141,76.64318876942902,76.50909127126249,-0.1340974981665255,-18.90774724147971,76.64318876942902,KEEP,,
WINDOW_CHANNEL,20260907,1,1344,ORIGA,256,SEALED_REVIEW,OD,91,92.50458589095675,92.46491784617115,-0.03966804478559993,-3.6097920754903328,92.50458589095675,KEEP,,
WINDOW_CHANNEL,20260907,1,1344,ORIGA,256,SEALED_REVIEW,OC,91,77.33546840769928,77.21789518154641,-0.1175732261528708,-10.699163579912337,77.33546840769928,KEEP,,
WINDOW_CHANNEL,20260907,1,1472,ORIGA,64,SEARCH,OC,31,77.03545386982981,76.97760140353925,-0.05785246629055507,-1.7934264550073138,77.03545386982981,KEEP,,
WINDOW_CHANNEL,20260907,1,1472,ORIGA,64,SEALED_REVIEW,OC,25,77.59684109618917,77.54498990424167,-0.05185119194749177,-1.296279798687202,77.59684109618917,KEEP,,
WINDOW_CHANNEL,20260907,1,1600,REFUGE,64,SEARCH,OD,35,91.0665300916939,91.00680514446387,-0.05972494723003763,-2.090373153051246,91.0665300916939,KEEP,,
WINDOW_CHANNEL,20260907,1,1600,REFUGE,64,SEARCH,OC,35,82.16034894735937,82.12941987388415,-0.030929073475221003,-1.0825175716327138,82.16034894735937,KEEP,,
WINDOW_CHANNEL,20260907,1,1600,REFUGE,64,SEALED_REVIEW,OD,19,90.26010402952086,90.18846709434463,-0.0716369351762296,-1.3611017683482913,90.26010402952086,KEEP,,
WINDOW_CHANNEL,20260907,1,1600,REFUGE,64,SEALED_REVIEW,OC,19,80.15417488911544,80.08309073909466,-0.07108415002078061,-1.3505988503947606,80.15417488911544,KEEP,,
WINDOW_CHANNEL,20260907,1,1600,REFUGE,256,SEARCH,OD,125,91.63506519768261,91.61736646819266,-0.017698729489950438,-2.2123411862442097,91.63506519768261,KEEP,,
WINDOW_CHANNEL,20260907,1,1600,REFUGE,256,SEARCH,OC,125,81.20904797056659,81.14864720835065,-0.06040076221593438,-7.550095276991897,81.20904797056659,KEEP,,
WINDOW_CHANNEL,20260907,1,1600,REFUGE,256,SEALED_REVIEW,OD,85,90.61986569425649,90.58084576835562,-0.039019925900873886,-3.316693701573925,90.61986569425649,KEEP,,
WINDOW_CHANNEL,20260907,1,1600,REFUGE,256,SEALED_REVIEW,OC,85,79.99456034853614,79.89767367824494,-0.09688667029119813,-8.235366974751862,79.99456034853614,KEEP,,
WINDOW_CHANNEL,17011,0,64,REFUGE,64,SEARCH,OD,32,88.56098791820934,88.32676664376206,-0.23422127444727892,-7.49508078231311,88.56098791820934,KEEP,,
WINDOW_CHANNEL,17011,0,64,REFUGE,64,SEARCH,OC,32,84.51531309220623,84.28893051775455,-0.22638257445167653,-7.244242382453535,84.51531309220623,KEEP,,
WINDOW_CHANNEL,17011,0,64,REFUGE,64,SEALED_REVIEW,OD,23,88.82318725850236,88.5793184876129,-0.24386877088946335,-5.608981730457913,88.82318725850236,KEEP,,
WINDOW_CHANNEL,17011,0,64,REFUGE,64,SEALED_REVIEW,OC,23,81.33688172324227,81.16149194937108,-0.17538977387118848,-4.03396479903742,81.33688172324227,KEEP,,
WINDOW_CHANNEL,17011,0,64,REFUGE,256,SEARCH,OD,120,88.2902536512399,88.03152899419196,-0.2587246570479351,-31.04695884575166,88.2902536512399,KEEP,,
WINDOW_CHANNEL,17011,0,64,REFUGE,256,SEARCH,OC,120,84.36869039765583,84.28885253928325,-0.07983785837257074,-9.580543004708908,84.36869039765583,KEEP,,
WINDOW_CHANNEL,17011,0,64,REFUGE,256,SEALED_REVIEW,OD,89,88.31447774330587,88.06065721807526,-0.2538205252306085,-22.59002674552424,88.31447774330587,KEEP,,
WINDOW_CHANNEL,17011,0,64,REFUGE,256,SEALED_REVIEW,OC,89,83.38742143548869,83.36354499537578,-0.023876440112914565,-2.1250031700494887,83.38742143548869,KEEP,,
WINDOW_CHANNEL,17011,0,192,REFUGE,64,SEARCH,OC,28,84.55924341059493,84.54441098888383,-0.014832421711105326,-0.4153078079110486,84.54441098888383,ROLLBACK,,
WINDOW_CHANNEL,17011,0,192,REFUGE,64,SEALED_REVIEW,OC,21,85.8042016366874,85.72341427949496,-0.08078735719243468,-1.696534501041043,85.72341427949496,ROLLBACK,,
WINDOW_CHANNEL,17011,0,192,REFUGE,256,SEARCH,OC,119,79.7892075053821,79.75218324715924,-0.03702425822285704,-4.405886728520759,79.7892075053821,KEEP,,
WINDOW_CHANNEL,17011,0,192,REFUGE,256,SEALED_REVIEW,OC,91,80.52122926570584,80.44145526168032,-0.07977400402552348,-7.259434366323145,80.52122926570584,KEEP,,
WINDOW_CHANNEL,17011,0,320,REFUGE,64,SEARCH,OC,33,83.61626212543757,83.56801503372992,-0.04824709170765118,-1.5921540263523042,83.56801503372992,ROLLBACK,,
WINDOW_CHANNEL,17011,0,320,REFUGE,64,SEALED_REVIEW,OC,25,83.6334509342431,83.5401538056724,-0.09329712857069694,-2.3324282142676793,83.6334509342431,KEEP,,
WINDOW_CHANNEL,17011,0,320,REFUGE,256,SEARCH,OD,133,84.52378799742745,84.50633733376884,-0.017450663658607368,-2.3209382665950997,84.52378799742745,KEEP,,
WINDOW_CHANNEL,17011,0,320,REFUGE,256,SEARCH,OC,133,71.9242820136078,71.7587447113214,-0.16553730228639552,-22.01646120409154,71.9242820136078,KEEP,,
WINDOW_CHANNEL,17011,0,320,REFUGE,256,SEALED_REVIEW,OD,89,84.66801725304103,84.6507757951766,-0.01724145786442932,-1.5344897499341172,84.66801725304103,KEEP,,
WINDOW_CHANNEL,17011,0,320,REFUGE,256,SEALED_REVIEW,OC,89,72.07514288391198,71.87886981014174,-0.19627307377024295,-17.468303565551707,72.07514288391198,KEEP,,
WINDOW_CHANNEL,17011,0,448,ORIGA,64,SEARCH,OD,35,84.25884146715707,83.01456318417094,-1.24427828298613,-43.54973990451456,84.25884146715707,KEEP,,
WINDOW_CHANNEL,17011,0,448,ORIGA,64,SEARCH,OC,35,70.11139620848843,67.53966104950547,-2.5717351589829605,-90.01073056440403,70.11139620848843,KEEP,,
WINDOW_CHANNEL,17011,0,448,ORIGA,64,SEALED_REVIEW,OD,22,83.92106538444285,82.23875782705855,-1.6823075573843056,-37.010766262454865,83.92106538444285,KEEP,,
WINDOW_CHANNEL,17011,0,448,ORIGA,64,SEALED_REVIEW,OC,22,69.04264694920987,66.68652228251143,-2.3561246666984346,-51.834742667365454,69.04264694920987,KEEP,,
WINDOW_CHANNEL,17011,0,448,ORIGA,256,SEARCH,OD,137,85.21902793085562,84.76348413621155,-0.4555437946440719,-62.40949986623732,85.21902793085562,KEEP,,
WINDOW_CHANNEL,17011,0,448,ORIGA,256,SEARCH,OC,137,69.11092427615182,68.22118494053012,-0.889739335621698,-121.89428898017306,69.11092427615182,KEEP,,
WINDOW_CHANNEL,17011,0,448,ORIGA,256,SEALED_REVIEW,OD,90,86.28723753586722,85.783316522709,-0.5039210131582195,-45.35289118424015,86.28723753586722,KEEP,,
WINDOW_CHANNEL,17011,0,448,ORIGA,256,SEALED_REVIEW,OC,90,72.54716163486523,71.78618485616838,-0.7609767786968575,-68.48791008271748,72.54716163486523,KEEP,,
WINDOW_CHANNEL,17011,0,576,ORIGA,64,SEARCH,OD,38,85.84079168745528,84.9816502201948,-0.8591414672604856,-32.64737575589841,85.84079168745528,KEEP,,
WINDOW_CHANNEL,17011,0,576,ORIGA,64,SEARCH,OC,38,66.1292008345394,65.40535674549392,-0.7238440890454854,-27.506075383728707,66.1292008345394,KEEP,,
WINDOW_CHANNEL,17011,0,576,ORIGA,64,SEALED_REVIEW,OD,24,89.8945587694876,89.34620522631005,-0.548353543177555,-13.160485036261264,89.8945587694876,KEEP,,
WINDOW_CHANNEL,17011,0,576,ORIGA,64,SEALED_REVIEW,OC,24,79.94253987664437,79.30380451020874,-0.6387353664356397,-15.329648794455238,79.94253987664437,KEEP,,
WINDOW_CHANNEL,17011,0,576,ORIGA,256,SEARCH,OD,140,87.63682737294872,87.07340141626344,-0.5634259566852791,-78.87963393593805,87.63682737294872,KEEP,,
WINDOW_CHANNEL,17011,0,576,ORIGA,256,SEARCH,OC,140,70.78332032368957,70.19456015219521,-0.5887601714943571,-82.42642400920951,70.78332032368957,KEEP,,
WINDOW_CHANNEL,17011,0,576,ORIGA,256,SEALED_REVIEW,OD,95,87.7050542393499,87.23952515808982,-0.46552908126008674,-44.225262719708496,87.7050542393499,KEEP,,
WINDOW_CHANNEL,17011,0,576,ORIGA,256,SEALED_REVIEW,OC,95,73.55848504384691,73.10704477610545,-0.45144026774146084,-42.88682543543925,73.55848504384691,KEEP,,
WINDOW_CHANNEL,17011,0,704,ORIGA,64,SEARCH,OD,32,89.18952532015777,89.11804554601989,-0.07147977413788453,-2.2873527724124187,89.18952532015777,KEEP,,
WINDOW_CHANNEL,17011,0,704,ORIGA,64,SEARCH,OC,32,71.43654728337938,71.06585097210687,-0.37069631127251057,-11.862281960720544,71.43654728337938,KEEP,,
WINDOW_CHANNEL,17011,0,704,ORIGA,64,SEALED_REVIEW,OD,27,87.98426279918043,87.96765704911908,-0.016605750061344793,-0.448355251656551,87.98426279918043,KEEP,,
WINDOW_CHANNEL,17011,0,704,ORIGA,64,SEALED_REVIEW,OC,27,71.556554210058,71.44711637865332,-0.10943783140467644,-2.9548214479260935,71.556554210058,KEEP,,
WINDOW_CHANNEL,17011,0,704,ORIGA,256,SEARCH,OD,143,89.9615583279314,89.93380659326245,-0.02775173466895353,-3.9684980576601987,89.9615583279314,KEEP,,
WINDOW_CHANNEL,17011,0,704,ORIGA,256,SEARCH,OC,143,73.19926021640676,72.99228569463098,-0.20697452177577702,-29.597356613936796,73.19926021640676,KEEP,,
WINDOW_CHANNEL,17011,0,704,ORIGA,256,SEALED_REVIEW,OC,91,74.50135397749595,74.38787593771539,-0.11347803978055993,-10.326501620031394,74.50135397749595,KEEP,,
WINDOW_CHANNEL,17011,0,832,ORIGA,64,SEARCH,OD,38,89.47654996767648,89.22530856658351,-0.2512414010929689,-9.547173241532548,89.47654996767648,KEEP,,
WINDOW_CHANNEL,17011,0,832,ORIGA,64,SEARCH,OC,38,72.16859904003194,71.92973231671988,-0.23886672331205716,-9.07693548585842,72.16859904003194,KEEP,,
WINDOW_CHANNEL,17011,0,832,ORIGA,64,SEALED_REVIEW,OD,20,90.0413050578035,89.85940660917866,-0.1818984486248354,-3.637968972496509,90.0413050578035,KEEP,,
WINDOW_CHANNEL,17011,0,832,ORIGA,64,SEALED_REVIEW,OC,20,78.30787262949826,78.21257397547431,-0.09529865402394933,-1.9059730804790718,78.30787262949826,KEEP,,
WINDOW_CHANNEL,17011,0,832,ORIGA,256,SEARCH,OD,140,89.1553644956578,89.04843111104512,-0.10693338461268809,-14.9706738457756,89.1553644956578,KEEP,,
WINDOW_CHANNEL,17011,0,832,ORIGA,256,SEARCH,OC,140,72.26447952812131,72.1872438641965,-0.07723566392481018,-10.812992949474157,72.26447952812131,KEEP,,
WINDOW_CHANNEL,17011,0,832,ORIGA,256,SEALED_REVIEW,OD,95,90.41284156870879,90.32666290717567,-0.08617866153311127,-8.186972845646743,90.41284156870879,KEEP,,
WINDOW_CHANNEL,17011,0,960,ORIGA,64,SEARCH,OD,33,92.51221832341474,92.41284305277848,-0.0993752706362585,-3.279383930996403,92.51221832341474,KEEP,,
WINDOW_CHANNEL,17011,0,960,ORIGA,64,SEARCH,OC,33,75.04566005454747,74.98172627105427,-0.0639337834931979,-2.109814855275374,75.04566005454747,KEEP,,
WINDOW_CHANNEL,17011,0,960,ORIGA,64,SEALED_REVIEW,OD,24,92.99104901834905,92.90450635359878,-0.08654266475026873,-2.077023954006634,92.99104901834905,KEEP,,
WINDOW_CHANNEL,17011,0,960,ORIGA,64,SEALED_REVIEW,OC,24,77.17588743615701,77.09779949645471,-0.07808793970229999,-1.8741105528554698,77.17588743615701,KEEP,,
WINDOW_CHANNEL,17011,0,1216,REFUGE_Valid,64,SEARCH,OD,31,79.22915338421768,79.12870960322442,-0.10044378099325968,-3.113757210791036,79.22915338421768,KEEP,,
WINDOW_CHANNEL,17011,0,1216,REFUGE_Valid,64,SEALED_REVIEW,OD,27,80.19415516651375,80.0697947936389,-0.1243603728748468,-3.357730067620629,80.19415516651375,KEEP,,
WINDOW_CHANNEL,17011,0,1472,REFUGE_Valid,64,SEARCH,OD,36,81.83959048496229,81.81885392013285,-0.0207365648294342,-0.7465163338597236,81.81885392013285,ROLLBACK,,
WINDOW_CHANNEL,17011,0,1472,REFUGE_Valid,64,SEALED_REVIEW,OD,26,83.34551582321996,83.2858416827565,-0.05967414046345709,-1.5515276520498915,83.2858416827565,ROLLBACK,,
WINDOW_CHANNEL,17011,0,1472,REFUGE_Valid,256,SEARCH,OD,140,80.17950009675636,80.15459634731468,-0.024903749441676837,-3.4865249218346506,80.15459634731468,ROLLBACK,,
WINDOW_CHANNEL,17011,0,1472,REFUGE_Valid,256,SEALED_REVIEW,OD,94,81.56374396655148,81.53657532133394,-0.02716864521754303,-2.5538526504496986,81.53657532133394,ROLLBACK,,
WINDOW_CHANNEL,17011,0,1856,Drishti_GS,64,SEARCH,OD,14,93.03091563726852,92.9344880139539,-0.09642762331462507,-1.3499867264048362,93.03091563726852,KEEP,,
WINDOW_CHANNEL,17011,0,1856,Drishti_GS,64,SEARCH,OC,14,71.26690173917557,71.17649498528363,-0.09040675389194064,-1.2656945544871618,71.26690173917557,KEEP,,
WINDOW_CHANNEL,17011,0,1856,Drishti_GS,64,SEALED_REVIEW,OD,10,89.70297125181573,89.59577868142748,-0.10719257038824992,-1.0719257038824708,89.70297125181573,KEEP,,
WINDOW_CHANNEL,17011,0,1856,Drishti_GS,64,SEALED_REVIEW,OC,10,61.956876060002195,61.791214903979196,-0.16566115602299902,-1.6566115602300258,61.956876060002195,KEEP,,
WINDOW_CHANNEL,17011,1,64,Drishti_GS,64,SEARCH,OC,22,62.74727058235644,62.73352831118118,-0.013742271175260612,-0.30232996585574057,62.73352831118118,ROLLBACK,,
WINDOW_CHANNEL,17011,1,192,REFUGE_Valid,64,SEARCH,OD,32,80.89540994403454,80.65195268140667,-0.24345726262787082,-7.790632404091724,80.89540994403454,KEEP,,
WINDOW_CHANNEL,17011,1,320,REFUGE_Valid,64,SEARCH,OC,31,64.84434218176108,64.84328166640809,-0.001060515352989455,-0.03287597594275837,64.84328166640809,ROLLBACK,,
WINDOW_CHANNEL,17011,1,320,REFUGE_Valid,64,SEALED_REVIEW,OC,28,61.49658355269925,61.43806314503889,-0.05852040766036026,-1.6385714144900838,61.49658355269925,KEEP,,
WINDOW_CHANNEL,17011,1,320,REFUGE_Valid,256,SEALED_REVIEW,OC,105,65.97545236537336,65.97488641334432,-0.0005659520290350883,-0.05942496304885836,65.97488641334432,ROLLBACK,,
WINDOW_CHANNEL,17011,1,576,REFUGE_Valid,64,SEARCH,OD,34,82.18807069964758,82.09780791192824,-0.0902627877193396,-3.068934782457397,82.09780791192824,ROLLBACK,,
WINDOW_CHANNEL,17011,1,832,REFUGE_Valid,256,SEARCH,OC,145,65.00769091343473,64.75938156385263,-0.24830934958210094,-36.00485568940465,65.00769091343473,KEEP,,
WINDOW_CHANNEL,17011,1,832,REFUGE_Valid,256,SEALED_REVIEW,OD,84,82.28440583052404,82.28203907077358,-0.0023667597504584137,-0.1988078190392173,82.28440583052404,KEEP,,
WINDOW_CHANNEL,17011,1,832,REFUGE_Valid,256,SEALED_REVIEW,OC,84,62.36267356538528,62.041838997283826,-0.3208345681014535,-26.950103720522115,62.36267356538528,KEEP,,
WINDOW_CHANNEL,17011,1,960,ORIGA,64,SEARCH,OD,34,85.69663072264682,84.10825848578531,-1.5883722368615025,-54.00465605329133,85.69663072264682,KEEP,,
WINDOW_CHANNEL,17011,1,960,ORIGA,64,SEARCH,OC,34,67.70328599954867,65.2564283960248,-2.446857603523867,-83.19315851981158,67.70328599954867,KEEP,,
WINDOW_CHANNEL,17011,1,960,ORIGA,64,SEALED_REVIEW,OD,22,84.36895535837974,82.4804988247256,-1.8884565336541357,-41.546043740391106,84.36895535837974,KEEP,,
WINDOW_CHANNEL,17011,1,960,ORIGA,64,SEALED_REVIEW,OC,22,64.90136453401514,61.45103385826323,-3.450330675751914,-75.90727486654204,64.90136453401514,KEEP,,
WINDOW_CHANNEL,17011,1,960,ORIGA,256,SEARCH,OD,134,85.34194524377713,84.35902134874767,-0.9829238950294581,-131.71180193394724,85.34194524377713,KEEP,,
WINDOW_CHANNEL,17011,1,960,ORIGA,256,SEARCH,OC,134,66.29920663216981,64.55389820301346,-1.7453084291563528,-233.8713295069515,66.29920663216981,KEEP,,
WINDOW_CHANNEL,17011,1,960,ORIGA,256,SEALED_REVIEW,OD,91,86.04054981433411,85.05722348990065,-0.9833263244334631,-89.48269552344433,86.04054981433411,KEEP,,
WINDOW_CHANNEL,17011,1,960,ORIGA,256,SEALED_REVIEW,OC,91,69.61579994995253,67.88669532747753,-1.7291046224750062,-157.34852064522582,69.61579994995253,KEEP,,
WINDOW_CHANNEL,17011,1,1088,ORIGA,64,SEARCH,OD,37,84.76485384065168,84.22771379460146,-0.5371400460502258,-19.874181703858703,84.76485384065168,KEEP,,
WINDOW_CHANNEL,17011,1,1088,ORIGA,64,SEARCH,OC,37,60.7667844796571,60.18469296937714,-0.5820915102799589,-21.537385880358496,60.7667844796571,KEEP,,
WINDOW_CHANNEL,17011,1,1088,ORIGA,64,SEALED_REVIEW,OD,25,89.35966247561545,89.0257296335572,-0.33393284205824614,-8.348321051456196,89.35966247561545,KEEP,,
WINDOW_CHANNEL,17011,1,1088,ORIGA,64,SEALED_REVIEW,OC,25,74.93605164732232,74.47188396601804,-0.464167681304275,-11.604192032607202,74.93605164732232,KEEP,,
WINDOW_CHANNEL,17011,1,1088,ORIGA,256,SEARCH,OD,142,86.80843689328647,86.50268142475826,-0.30575546852820423,-43.41727653100531,86.80843689328647,KEEP,,
WINDOW_CHANNEL,17011,1,1088,ORIGA,256,SEARCH,OC,142,67.78982214874155,67.39093777150768,-0.3988843772338697,-56.64158156721039,67.78982214874155,KEEP,,
WINDOW_CHANNEL,17011,1,1088,ORIGA,256,SEALED_REVIEW,OD,93,86.74685620190752,86.50502193935364,-0.24183426255387985,-22.490586417511196,86.74685620190752,KEEP,,
WINDOW_CHANNEL,17011,1,1088,ORIGA,256,SEALED_REVIEW,OC,93,70.62633788065423,70.33119881174038,-0.2951390689138549,-27.447933408988675,70.62633788065423,KEEP,,
WINDOW_CHANNEL,17011,1,1216,ORIGA,64,SEARCH,OD,36,87.2962729148322,87.16204471335963,-0.13422820147256687,-4.832215253012407,87.2962729148322,KEEP,,
WINDOW_CHANNEL,17011,1,1216,ORIGA,64,SEARCH,OC,36,68.70007372307134,68.25028600476503,-0.44978771830631104,-16.19235785902689,68.70007372307134,KEEP,,
WINDOW_CHANNEL,17011,1,1216,ORIGA,64,SEALED_REVIEW,OD,24,85.51149871103155,85.37638406315973,-0.13511464787181637,-3.2427515489236782,85.51149871103155,KEEP,,
WINDOW_CHANNEL,17011,1,1216,ORIGA,64,SEALED_REVIEW,OC,24,68.48018931058083,68.16812351542836,-0.31206579515246347,-7.48957908365896,68.48018931058083,KEEP,,
WINDOW_CHANNEL,17011,1,1216,ORIGA,256,SEARCH,OD,147,89.40148064189947,89.31736668181345,-0.08411396008601457,-12.36475213264275,89.40148064189947,KEEP,,
WINDOW_CHANNEL,17011,1,1216,ORIGA,256,SEARCH,OC,147,71.5940038332725,71.3797674260654,-0.21423640720709614,-31.492751859443786,71.5940038332725,KEEP,,
WINDOW_CHANNEL,17011,1,1216,ORIGA,256,SEALED_REVIEW,OD,89,89.13160086704218,89.0644554188304,-0.06714544821177526,-5.975944890848382,89.13160086704218,KEEP,,
WINDOW_CHANNEL,17011,1,1216,ORIGA,256,SEALED_REVIEW,OC,89,72.89131660018958,72.72960638401761,-0.16171021617196857,-14.392209239305629,72.89131660018958,KEEP,,
WINDOW_CHANNEL,17011,1,1344,ORIGA,64,SEARCH,OD,35,88.8840255554602,88.79162401466954,-0.09240154079066087,-3.23405392767296,88.8840255554602,KEEP,,
WINDOW_CHANNEL,17011,1,1344,ORIGA,64,SEARCH,OC,35,70.26643454672418,70.12648449635846,-0.1399500503657265,-4.898251762800115,70.26643454672418,KEEP,,
WINDOW_CHANNEL,17011,1,1344,ORIGA,64,SEALED_REVIEW,OD,21,89.13673025383969,89.08852704204185,-0.048203211797840595,-1.0122674477547093,89.13673025383969,KEEP,,
WINDOW_CHANNEL,17011,1,1344,ORIGA,256,SEARCH,OD,141,92.05850483023049,92.03455472925063,-0.023950100979860167,-3.376964238160383,92.05850483023049,KEEP,,
WINDOW_CHANNEL,17011,1,1344,ORIGA,256,SEARCH,OC,141,77.01979661346913,76.9175599454489,-0.10223666802022535,-14.41537019085041,77.01979661346913,KEEP,,
WINDOW_CHANNEL,17011,1,1344,ORIGA,256,SEALED_REVIEW,OC,91,77.63709677327229,77.58782156225948,-0.04927521101281229,-4.48404420216545,77.63709677327229,KEEP,,
WINDOW_CHANNEL,17011,1,1472,ORIGA,64,SEALED_REVIEW,OC,25,77.82459985884924,77.81562144635339,-0.008978412495849852,-0.224460312396225,77.81562144635339,ROLLBACK,,
WINDOW_CHANNEL,17011,1,1600,REFUGE,64,SEARCH,OD,35,90.78485975617089,90.7635939230378,-0.02126583313308572,-0.7443041596583981,90.7635939230378,ROLLBACK,,
WINDOW_CHANNEL,17011,1,1600,REFUGE,64,SEALED_REVIEW,OD,19,89.90057878095878,89.8716476310571,-0.028931149901680442,-0.5496918481319,89.8716476310571,ROLLBACK,,
WINDOW_CHANNEL,17011,1,1600,REFUGE,256,SEARCH,OD,125,91.35990156683104,91.34361283413169,-0.01628873269935127,-2.0360915874190937,91.34361283413169,ROLLBACK,,
WINDOW_CHANNEL,17011,1,1600,REFUGE,256,SEALED_REVIEW,OD,85,90.30137807679097,90.27514367502502,-0.02623440176594727,-2.2299241501058447,90.27514367502502,ROLLBACK,,
WINDOW_CHANNEL,17011,1,1728,REFUGE,64,SEARCH,OC,27,79.60282612495729,79.59554316930212,-0.007282955655171008,-0.19663980268980197,79.59554316930212,ROLLBACK,,
WINDOW_CHANNEL,29009,0,64,REFUGE,64,SEARCH,OC,32,84.44675574601602,84.15939803255431,-0.28735771346171646,-9.195446830774642,84.44675574601602,KEEP,,
WINDOW_CHANNEL,29009,0,64,REFUGE,64,SEALED_REVIEW,OC,23,81.35952675180219,81.07517118892115,-0.28435556288104635,-6.540177946264194,81.35952675180219,KEEP,,
WINDOW_CHANNEL,29009,0,64,REFUGE,256,SEARCH,OC,120,84.47354731859033,84.35153623033614,-0.12201108825419738,-14.641330590502477,84.47354731859033,KEEP,,
WINDOW_CHANNEL,29009,0,64,REFUGE,256,SEALED_REVIEW,OC,89,83.48511120093396,83.39965243497292,-0.08545876596103597,-7.605830170532101,83.48511120093396,KEEP,,
WINDOW_CHANNEL,29009,0,192,REFUGE,64,SEARCH,OC,28,84.67607298662308,84.55678437459697,-0.11928861202611074,-3.3400811367311576,84.67607298662308,KEEP,,
WINDOW_CHANNEL,29009,0,192,REFUGE,64,SEALED_REVIEW,OC,21,85.88169987174831,85.77232042621604,-0.10937944553226941,-2.2969683561776435,85.77232042621604,ROLLBACK,,
WINDOW_CHANNEL,29009,0,192,REFUGE,256,SEARCH,OD,119,86.0146907115809,86.00658833389865,-0.008102377682249085,-0.9641829441883871,86.0146907115809,KEEP,,
WINDOW_CHANNEL,29009,0,192,REFUGE,256,SEARCH,OC,119,79.86450496764073,79.81519493927405,-0.049310028366676306,-5.867893375635646,79.86450496764073,KEEP,,
WINDOW_CHANNEL,29009,0,192,REFUGE,256,SEALED_REVIEW,OD,91,85.90571320328186,85.90527848384487,-0.0004347194369955787,-0.03955946876696004,85.90571320328186,KEEP,,
WINDOW_CHANNEL,29009,0,192,REFUGE,256,SEALED_REVIEW,OC,91,80.36571203258059,80.28905910796392,-0.07665292461666695,-6.9754161401164065,80.36571203258059,KEEP,,
WINDOW_CHANNEL,29009,0,320,REFUGE,64,SEARCH,OD,33,87.27325343606628,87.20735391309219,-0.0658995229740924,-2.174684258145305,87.27325343606628,KEEP,,
WINDOW_CHANNEL,29009,0,320,REFUGE,64,SEARCH,OC,33,83.82177882066357,83.73492584874053,-0.08685297192303665,-2.866148073460053,83.82177882066357,KEEP,,
WINDOW_CHANNEL,29009,0,320,REFUGE,64,SEALED_REVIEW,OD,25,87.63799368576461,87.53610854602431,-0.101885139740304,-2.5471284935076,87.63799368576461,KEEP,,
WINDOW_CHANNEL,29009,0,320,REFUGE,64,SEALED_REVIEW,OC,25,83.7679262845082,83.74025531092707,-0.027670973581138014,-0.6917743395283225,83.7679262845082,KEEP,,
WINDOW_CHANNEL,29009,0,320,REFUGE,256,SEARCH,OD,133,84.5802865968224,84.44085664828178,-0.13942994854062363,-18.54418315590268,84.5802865968224,KEEP,,
WINDOW_CHANNEL,29009,0,320,REFUGE,256,SEARCH,OC,133,71.90001412103973,71.71010236138463,-0.18991175965510365,-25.258264034129073,71.90001412103973,KEEP,,
WINDOW_CHANNEL,29009,0,320,REFUGE,256,SEALED_REVIEW,OD,89,84.65655938844301,84.51456380902643,-0.14199557941658725,-12.63760656807667,84.65655938844301,KEEP,,
WINDOW_CHANNEL,29009,0,320,REFUGE,256,SEALED_REVIEW,OC,89,71.8385023043128,71.6598545158918,-0.17864778842100293,-15.899653169469078,71.8385023043128,KEEP,,
WINDOW_CHANNEL,29009,0,448,ORIGA,64,SEARCH,OD,35,84.51728940787832,82.9341024576863,-1.5831869501920295,-55.411543256721025,84.51728940787832,KEEP,,
WINDOW_CHANNEL,29009,0,448,ORIGA,64,SEARCH,OC,35,69.98985404283135,67.38214479417329,-2.607709248658068,-91.2698237030327,69.98985404283135,KEEP,,
WINDOW_CHANNEL,29009,0,448,ORIGA,64,SEALED_REVIEW,OD,22,84.35026893328669,82.23112985036761,-2.1191390829190766,-46.62105982421989,84.35026893328669,KEEP,,
WINDOW_CHANNEL,29009,0,448,ORIGA,64,SEALED_REVIEW,OC,22,69.0514432383026,66.69488262640564,-2.3565606118969527,-51.84433346173306,69.0514432383026,KEEP,,
WINDOW_CHANNEL,29009,0,448,ORIGA,256,SEARCH,OD,137,85.36316746353845,84.46458157926968,-0.8985858842687691,-123.10626614482156,85.36316746353845,KEEP,,
WINDOW_CHANNEL,29009,0,448,ORIGA,256,SEARCH,OC,137,68.96704650941396,67.89338451819377,-1.0736619912201917,-147.09169279716633,68.96704650941396,KEEP,,
WINDOW_CHANNEL,29009,0,448,ORIGA,256,SEALED_REVIEW,OD,90,86.46018328660051,85.54254234802822,-0.9176409385722906,-82.5876844715057,86.46018328660051,KEEP,,
WINDOW_CHANNEL,29009,0,448,ORIGA,256,SEALED_REVIEW,OC,90,72.47101322275891,71.51682385775462,-0.9541893650042965,-85.87704285038612,72.47101322275891,KEEP,,
WINDOW_CHANNEL,29009,0,576,ORIGA,64,SEARCH,OD,38,85.77079890782925,85.31603663311326,-0.4547622747159892,-17.280966439207887,85.77079890782925,KEEP,,
WINDOW_CHANNEL,29009,0,576,ORIGA,64,SEARCH,OC,38,65.71089879845862,65.50728778412525,-0.2036110143333616,-7.737218544667437,65.71089879845862,KEEP,,
WINDOW_CHANNEL,29009,0,576,ORIGA,64,SEALED_REVIEW,OD,24,90.01230435292265,89.67605071673947,-0.33625363618318715,-8.070087268396549,90.01230435292265,KEEP,,
WINDOW_CHANNEL,29009,0,576,ORIGA,64,SEALED_REVIEW,OC,24,79.50137714942878,79.21165145549561,-0.28972569393316405,-6.953416654396172,79.50137714942878,KEEP,,
WINDOW_CHANNEL,29009,0,576,ORIGA,256,SEARCH,OD,140,87.75221947362046,87.47977449377593,-0.2724449798445221,-38.14229717823336,87.75221947362046,KEEP,,
WINDOW_CHANNEL,29009,0,576,ORIGA,256,SEARCH,OC,140,70.77240427171454,70.59553659825914,-0.17686767345539067,-24.761474283755376,70.77240427171454,KEEP,,
WINDOW_CHANNEL,29009,0,576,ORIGA,256,SEALED_REVIEW,OD,95,87.86408723866326,87.64931300145112,-0.21477423721213995,-20.403552535153153,87.86408723866326,KEEP,,
WINDOW_CHANNEL,29009,0,576,ORIGA,256,SEALED_REVIEW,OC,95,73.7687795353744,73.62020440876726,-0.14857512660714178,-14.114637027678427,73.7687795353744,KEEP,,
WINDOW_CHANNEL,29009,0,704,ORIGA,64,SEARCH,OD,32,89.41347894961677,89.1980211714973,-0.21545777811947175,-6.894648899823125,89.41347894961677,KEEP,,
WINDOW_CHANNEL,29009,0,704,ORIGA,64,SEARCH,OC,32,71.63771654643809,71.34565399943926,-0.29206254699882095,-9.346001503962363,71.63771654643809,KEEP,,
WINDOW_CHANNEL,29009,0,704,ORIGA,64,SEALED_REVIEW,OD,27,88.0643605498777,87.88595898841442,-0.17840156146328923,-4.816842159509022,88.0643605498777,KEEP,,
WINDOW_CHANNEL,29009,0,704,ORIGA,64,SEALED_REVIEW,OC,27,71.94180600385486,71.6752970413986,-0.2665089624562711,-7.195741986319106,71.94180600385486,KEEP,,
WINDOW_CHANNEL,29009,0,704,ORIGA,256,SEARCH,OD,143,90.20507522179186,90.07915357040194,-0.12592165138991618,-18.006796148756834,90.20507522179186,KEEP,,
WINDOW_CHANNEL,29009,0,704,ORIGA,256,SEARCH,OC,143,73.40917913821737,73.24170289682407,-0.16747624139330242,-23.949102519243553,73.40917913821737,KEEP,,
WINDOW_CHANNEL,29009,0,704,ORIGA,256,SEALED_REVIEW,OD,91,90.05160988385926,89.93502434603197,-0.11658553782729086,-10.609283942284563,90.05160988385926,KEEP,,
WINDOW_CHANNEL,29009,0,704,ORIGA,256,SEALED_REVIEW,OC,91,74.82961636833195,74.71100358183946,-0.1186127864924913,-10.793763570816168,74.82961636833195,KEEP,,
WINDOW_CHANNEL,29009,0,832,ORIGA,64,SEARCH,OD,38,89.72603312042465,89.53838389994175,-0.18764922048289634,-7.130670378349663,89.72603312042465,KEEP,,
WINDOW_CHANNEL,29009,0,832,ORIGA,64,SEARCH,OC,38,72.39802872019193,72.3158206228496,-0.08220809734233114,-3.123907699008541,72.39802872019193,KEEP,,
WINDOW_CHANNEL,29009,0,832,ORIGA,64,SEALED_REVIEW,OD,20,90.24095576744354,90.13029168324627,-0.1106640841972677,-2.2132816839452687,90.24095576744354,KEEP,,
WINDOW_CHANNEL,29009,0,832,ORIGA,256,SEARCH,OD,140,89.29196735395844,89.19258157647097,-0.0993857774874698,-13.914008848245324,89.29196735395844,KEEP,,
WINDOW_CHANNEL,29009,0,832,ORIGA,256,SEARCH,OC,140,72.39173188117934,72.35321240131228,-0.0385194798670625,-5.392727181390068,72.39173188117934,KEEP,,
WINDOW_CHANNEL,29009,0,832,ORIGA,256,SEALED_REVIEW,OD,95,90.5691353886504,90.4808306064973,-0.08830478215308801,-8.388954304543496,90.5691353886504,KEEP,,
WINDOW_CHANNEL,29009,0,960,ORIGA,64,SEARCH,OD,33,92.9663389810599,92.85245495183287,-0.11388402922703733,-3.7581729644923456,92.9663389810599,KEEP,,
WINDOW_CHANNEL,29009,0,960,ORIGA,64,SEARCH,OC,33,75.27209995634102,75.23620277432333,-0.035897182017691875,-1.1846070065836614,75.27209995634102,KEEP,,
WINDOW_CHANNEL,29009,0,960,ORIGA,64,SEALED_REVIEW,OD,24,93.47213716229204,93.37095319338803,-0.10118396890401016,-2.4284152536961017,93.47213716229204,KEEP,,
WINDOW_CHANNEL,29009,0,960,ORIGA,64,SEALED_REVIEW,OC,24,77.3140375845593,77.2555158866817,-0.05852169787759465,-1.4045207490622502,77.3140375845593,KEEP,,
WINDOW_CHANNEL,29009,0,1088,REFUGE_Valid,64,SEARCH,OD,37,78.82101580604622,78.24672714948085,-0.574288656565372,-21.248680292918756,78.82101580604622,KEEP,,
WINDOW_CHANNEL,29009,0,1088,REFUGE_Valid,64,SEARCH,OC,37,58.50312201626086,58.471833145748306,-0.03128887051255447,-1.1576882089643874,58.50312201626086,KEEP,,
WINDOW_CHANNEL,29009,0,1088,REFUGE_Valid,64,SEALED_REVIEW,OD,22,80.98715346723985,80.61104354748825,-0.3761099197515989,-8.274418234534949,80.98715346723985,KEEP,,
WINDOW_CHANNEL,29009,0,1088,REFUGE_Valid,64,SEALED_REVIEW,OC,22,62.55233184017095,62.4486592413254,-0.10367259884554869,-2.280797174602071,62.55233184017095,KEEP,,
WINDOW_CHANNEL,29009,0,1088,REFUGE_Valid,256,SEARCH,OD,130,78.67747306230335,78.55141414568482,-0.12605891661853263,-16.387659160409946,78.67747306230335,KEEP,,
WINDOW_CHANNEL,29009,0,1088,REFUGE_Valid,256,SEALED_REVIEW,OD,104,78.94367465766788,78.90927497632643,-0.03439968134145488,-3.577566859512352,78.90927497632643,ROLLBACK,,
WINDOW_CHANNEL,29009,0,1856,Drishti_GS,64,SEARCH,OD,14,93.70282787568021,93.68883547749768,-0.013992398182537613,-0.19589357455545553,93.68883547749768,ROLLBACK,,
WINDOW_CHANNEL,29009,1,64,Drishti_GS,64,SEARCH,OC,22,62.7376639354212,62.69895563730247,-0.038708298118734774,-0.8515825586122077,62.69895563730247,ROLLBACK,,
WINDOW_CHANNEL,29009,1,64,Drishti_GS,64,SEALED_REVIEW,OC,18,67.04549495811258,66.90798518116515,-0.13750977694743938,-2.475175985054065,67.04549495811258,KEEP,,
WINDOW_CHANNEL,29009,1,192,REFUGE_Valid,64,SEARCH,OD,32,80.57647137755438,80.09529990526568,-0.4811714722887075,-15.39748711323847,80.57647137755438,KEEP,,
WINDOW_CHANNEL,29009,1,192,REFUGE_Valid,256,SEARCH,OD,128,81.95843364669142,81.85610513873858,-0.10232850795283355,-13.098049017962971,81.85610513873858,ROLLBACK,,
WINDOW_CHANNEL,29009,1,448,REFUGE_Valid,64,SEARCH,OD,31,80.58455613864584,80.54700520680532,-0.03755093184051361,-1.1640788870560215,80.58455613864584,KEEP,,
WINDOW_CHANNEL,29009,1,448,REFUGE_Valid,64,SEARCH,OC,31,62.885227765825675,62.86403248159247,-0.021195284233208156,-0.6570538112293889,62.885227765825675,KEEP,,
WINDOW_CHANNEL,29009,1,448,REFUGE_Valid,64,SEALED_REVIEW,OD,27,83.76780570862958,83.70784408316688,-0.059961625462705115,-1.6189638874930097,83.76780570862958,KEEP,,
WINDOW_CHANNEL,29009,1,448,REFUGE_Valid,64,SEALED_REVIEW,OC,27,68.73427903030333,68.69098121211302,-0.04329781819031098,-1.1690410911384284,68.73427903030333,KEEP,,
WINDOW_CHANNEL,29009,1,448,REFUGE_Valid,256,SEARCH,OD,133,80.65661695263029,80.65223788626183,-0.004379066368457529,-0.5824158270047306,80.65661695263029,KEEP,,
WINDOW_CHANNEL,29009,1,448,REFUGE_Valid,256,SEARCH,OC,133,65.1641147710432,65.15520638207136,-0.008908388971846648,-1.184815733255494,65.1641147710432,KEEP,,
WINDOW_CHANNEL,29009,1,448,REFUGE_Valid,256,SEALED_REVIEW,OD,102,81.69971954764499,81.68447711932427,-0.015242428320718204,-1.554727688712255,81.69971954764499,KEEP,,
WINDOW_CHANNEL,29009,1,448,REFUGE_Valid,256,SEALED_REVIEW,OC,102,65.25536335275469,65.24026779685424,-0.015095555900444424,-1.5397467018453632,65.25536335275469,KEEP,,
WINDOW_CHANNEL,29009,1,576,REFUGE_Valid,64,SEARCH,OD,34,81.10566151930936,81.0413288100355,-0.06433270927387014,-2.187312115311485,81.10566151930936,KEEP,,
WINDOW_CHANNEL,29009,1,576,REFUGE_Valid,64,SEALED_REVIEW,OD,26,78.79801668434943,78.71602612657252,-0.0819905577769191,-2.1317545021998114,78.79801668434943,KEEP,,
WINDOW_CHANNEL,29009,1,576,REFUGE_Valid,256,SEARCH,OD,150,78.00071852330822,77.92733619665134,-0.07338232665688338,-11.00734899853159,78.00071852330822,KEEP,,
WINDOW_CHANNEL,29009,1,576,REFUGE_Valid,256,SEALED_REVIEW,OD,84,80.45566780996504,80.3933036714332,-0.062364138531833646,-5.238587636675064,80.45566780996504,KEEP,,
WINDOW_CHANNEL,29009,1,960,ORIGA,64,SEARCH,OD,34,85.37497302663692,83.74718183595446,-1.6277911906824585,-55.3449004832037,85.37497302663692,KEEP,,
WINDOW_CHANNEL,29009,1,960,ORIGA,64,SEARCH,OC,34,66.59080680609483,64.2546766270191,-2.336130179075738,-79.42842608857516,66.59080680609483,KEEP,,
WINDOW_CHANNEL,29009,1,960,ORIGA,64,SEALED_REVIEW,OD,22,84.03120077592807,82.138804353395,-1.8923964225330678,-41.6327212957276,84.03120077592807,KEEP,,
WINDOW_CHANNEL,29009,1,960,ORIGA,64,SEALED_REVIEW,OC,22,63.46147194382695,60.48170371507421,-2.9797682287527394,-65.5549010325603,63.46147194382695,KEEP,,
WINDOW_CHANNEL,29009,1,960,ORIGA,256,SEARCH,OD,134,85.08324928737537,84.09550452314363,-0.987744764231735,-132.3577984070518,85.08324928737537,KEEP,,
WINDOW_CHANNEL,29009,1,960,ORIGA,256,SEARCH,OC,134,65.25076453987549,63.671518726642766,-1.579245813232724,-211.61893897318484,65.25076453987549,KEEP,,
WINDOW_CHANNEL,29009,1,960,ORIGA,256,SEALED_REVIEW,OD,91,85.64081291694099,84.63768128669537,-1.003131630245619,-91.28497835235157,85.64081291694099,KEEP,,
WINDOW_CHANNEL,29009,1,960,ORIGA,256,SEALED_REVIEW,OC,91,68.4313802565689,66.901700875876,-1.5296793806928974,-139.2008236430533,68.4313802565689,KEEP,,
WINDOW_CHANNEL,29009,1,1088,ORIGA,64,SEARCH,OD,37,84.59096294634647,84.10863665782605,-0.4823262885204116,-17.846072675255414,84.59096294634647,KEEP,,
WINDOW_CHANNEL,29009,1,1088,ORIGA,64,SEARCH,OC,37,59.81637802969411,58.96224286118521,-0.8541351685088969,-31.603001234829147,59.81637802969411,KEEP,,
WINDOW_CHANNEL,29009,1,1088,ORIGA,64,SEALED_REVIEW,OD,25,89.21210011401135,88.8902768079891,-0.32182330602225306,-8.045582650556526,89.21210011401135,KEEP,,
WINDOW_CHANNEL,29009,1,1088,ORIGA,64,SEALED_REVIEW,OC,25,74.17403848687424,73.47222762586614,-0.7018108610080986,-17.54527152520246,74.17403848687424,KEEP,,
WINDOW_CHANNEL,29009,1,1088,ORIGA,256,SEARCH,OD,142,86.20365523632884,85.87111200956448,-0.33254322676435777,-47.221138200540636,86.20365523632884,KEEP,,
WINDOW_CHANNEL,29009,1,1088,ORIGA,256,SEARCH,OC,142,66.5260211811188,65.84921269716332,-0.6768084839554689,-96.10680472167539,66.5260211811188,KEEP,,
WINDOW_CHANNEL,29009,1,1088,ORIGA,256,SEALED_REVIEW,OD,93,86.11213722542884,85.85000813710275,-0.26212908832609116,-24.378005214326308,86.11213722542884,KEEP,,
WINDOW_CHANNEL,29009,1,1088,ORIGA,256,SEALED_REVIEW,OC,93,69.5430965407384,68.97808830423989,-0.5650082364985138,-52.545765994362384,69.5430965407384,KEEP,,
WINDOW_CHANNEL,29009,1,1216,ORIGA,64,SEARCH,OD,36,86.60598466681283,86.24099108447137,-0.3649935823414552,-13.13976896429267,86.60598466681283,KEEP,,
WINDOW_CHANNEL,29009,1,1216,ORIGA,64,SEARCH,OC,36,67.2850634470747,66.53752646985096,-0.7475369772237457,-26.911331180054646,67.2850634470747,KEEP,,
WINDOW_CHANNEL,29009,1,1216,ORIGA,64,SEALED_REVIEW,OD,24,84.59198846417789,84.22733111880206,-0.36465734537583216,-8.751776289020071,84.59198846417789,KEEP,,
WINDOW_CHANNEL,29009,1,1216,ORIGA,64,SEALED_REVIEW,OC,24,67.34675766840171,66.60435092096415,-0.7424067474375562,-17.817761938501327,67.34675766840171,KEEP,,
WINDOW_CHANNEL,29009,1,1216,ORIGA,256,SEARCH,OD,147,88.67762827613896,88.42924911827137,-0.24837915786758913,-36.51173620653518,88.67762827613896,KEEP,,
WINDOW_CHANNEL,29009,1,1216,ORIGA,256,SEARCH,OC,147,70.31150170270456,69.82891803729302,-0.4825836654115392,-70.93979881549603,70.31150170270456,KEEP,,
WINDOW_CHANNEL,29009,1,1216,ORIGA,256,SEALED_REVIEW,OD,89,88.3656017201108,88.14959103815426,-0.21601068195654705,-19.224950694132886,88.3656017201108,KEEP,,
WINDOW_CHANNEL,29009,1,1216,ORIGA,256,SEALED_REVIEW,OC,89,71.8223649110168,71.41313219254656,-0.4092327184702498,-36.42171194385218,71.8223649110168,KEEP,,
WINDOW_CHANNEL,29009,1,1472,ORIGA,64,SEARCH,OC,31,77.03390353682018,76.8646715707087,-0.16923196611148228,-5.246190949455752,77.03390353682018,KEEP,,
WINDOW_CHANNEL,29009,1,1472,ORIGA,64,SEALED_REVIEW,OC,25,77.46061487776088,77.37286332751444,-0.08775155024643766,-2.1937887561610694,77.46061487776088,KEEP,,
FUTURE_DOMAIN_CHANNEL,20260907,0,64,REFUGE,64,SEARCH,OD,32,88.45499306912703,88.3335573752482,-0.1214356938788228,,,,REFUGE,
FUTURE_DOMAIN_CHANNEL,20260907,0,64,REFUGE,64,SEARCH,OC,32,84.5113084639358,84.10754561739444,-0.40376284654136896,,,,REFUGE,
FUTURE_DOMAIN_CHANNEL,20260907,0,64,REFUGE,64,SEALED_REVIEW,OD,23,88.683800587473,88.53313679801484,-0.1506637894581644,,,,REFUGE,
FUTURE_DOMAIN_CHANNEL,20260907,0,64,REFUGE,64,SEALED_REVIEW,OC,23,81.52693070933516,81.09248306830433,-0.4344476410308289,,,,REFUGE,
FUTURE_DOMAIN_CHANNEL,20260907,0,64,REFUGE,256,SEARCH,OD,120,88.50694546561279,88.38270596194482,-0.12423950366796532,,,,REFUGE,
FUTURE_DOMAIN_CHANNEL,20260907,0,64,REFUGE,256,SEARCH,OC,120,84.33883964808025,84.152336520864,-0.1865031272162554,,,,REFUGE,
FUTURE_DOMAIN_CHANNEL,20260907,0,64,REFUGE,256,SEALED_REVIEW,OD,89,88.47347551099668,88.3523890793184,-0.12108643167827893,,,,REFUGE,
FUTURE_DOMAIN_CHANNEL,20260907,0,64,REFUGE,256,SEALED_REVIEW,OC,89,83.24521298970026,83.05544810113078,-0.18976488856948492,,,,REFUGE,
FUTURE_DOMAIN_CHANNEL,20260907,0,192,REFUGE,64,SEARCH,OC,28,84.71947137357375,84.58714018745191,-0.1323311861218457,,,,REFUGE,
FUTURE_DOMAIN_CHANNEL,20260907,0,192,REFUGE,64,SEALED_REVIEW,OC,21,85.67570328027132,85.57532270278419,-0.10038057748712959,,,,REFUGE,
FUTURE_DOMAIN_CHANNEL,20260907,0,192,REFUGE,256,SEARCH,OD,26,81.69575813706408,81.53827253334428,-0.1574856037197918,,,,ORIGA,
FUTURE_DOMAIN_CHANNEL,20260907,0,192,REFUGE,256,SEARCH,OD,93,88.15313602661112,88.06961934171244,-0.08351668489868302,,,,REFUGE,
FUTURE_DOMAIN_CHANNEL,20260907,0,192,REFUGE,256,SEARCH,OC,93,85.02350679121189,85.00002405970906,-0.023482731502824095,,,,REFUGE,
FUTURE_DOMAIN_CHANNEL,20260907,0,192,REFUGE,256,SEALED_REVIEW,OD,18,80.19179704986598,80.04803122460892,-0.14376582525706283,,,,ORIGA,
FUTURE_DOMAIN_CHANNEL,20260907,0,192,REFUGE,256,SEALED_REVIEW,OD,73,88.31218392043772,88.23944638406891,-0.07273753636880542,,,,REFUGE,
FUTURE_DOMAIN_CHANNEL,20260907,0,192,REFUGE,256,SEALED_REVIEW,OC,73,84.75845554632633,84.70951519606547,-0.04894035026086385,,,,REFUGE,
FUTURE_DOMAIN_CHANNEL,20260907,0,320,REFUGE,64,SEARCH,OD,33,87.8768910931317,87.74813243228347,-0.12875866084823429,,,,REFUGE,
FUTURE_DOMAIN_CHANNEL,20260907,0,320,REFUGE,64,SEARCH,OC,33,83.62764223414216,83.47792356329509,-0.14971867084706503,,,,REFUGE,
FUTURE_DOMAIN_CHANNEL,20260907,0,320,REFUGE,64,SEALED_REVIEW,OD,25,88.4823189720621,88.28398366309877,-0.19833530896333684,,,,REFUGE,
FUTURE_DOMAIN_CHANNEL,20260907,0,320,REFUGE,64,SEALED_REVIEW,OC,25,83.64641120886434,83.57291126285955,-0.07349994600478738,,,,REFUGE,
FUTURE_DOMAIN_CHANNEL,20260907,0,320,REFUGE,256,SEARCH,OD,94,84.24866527906252,83.9963641525094,-0.252301126553121,,,,ORIGA,
FUTURE_DOMAIN_CHANNEL,20260907,0,320,REFUGE,256,SEARCH,OD,39,87.99862014202198,87.87299290105153,-0.1256272409704451,,,,REFUGE,
FUTURE_DOMAIN_CHANNEL,20260907,0,320,REFUGE,256,SEARCH,OC,94,67.9023680058214,67.64498316438072,-0.2573848414406825,,,,ORIGA,
FUTURE_DOMAIN_CHANNEL,20260907,0,320,REFUGE,256,SEARCH,OC,39,84.08466386115185,83.97281158449638,-0.11185227665546904,,,,REFUGE,
FUTURE_DOMAIN_CHANNEL,20260907,0,320,REFUGE,256,SEALED_REVIEW,OD,59,83.8709630883953,83.61902564230667,-0.25193744608863256,,,,ORIGA,
FUTURE_DOMAIN_CHANNEL,20260907,0,320,REFUGE,256,SEALED_REVIEW,OD,30,88.64960163174437,88.47011797902954,-0.17948365271483624,,,,REFUGE,
FUTURE_DOMAIN_CHANNEL,20260907,0,320,REFUGE,256,SEALED_REVIEW,OC,59,67.13104193106815,66.86163002446426,-0.26941190660389225,,,,ORIGA,
FUTURE_DOMAIN_CHANNEL,20260907,0,320,REFUGE,256,SEALED_REVIEW,OC,30,83.90285731136665,83.86368395863558,-0.039173352731069144,,,,REFUGE,
FUTURE_DOMAIN_CHANNEL,20260907,0,448,ORIGA,64,SEARCH,OD,35,85.5882587914629,84.31467935377741,-1.2735794376854983,,,,ORIGA,
FUTURE_DOMAIN_CHANNEL,20260907,0,448,ORIGA,64,SEARCH,OC,35,71.34465171654342,69.01190388524823,-2.332747831295194,,,,ORIGA,
FUTURE_DOMAIN_CHANNEL,20260907,0,448,ORIGA,64,SEALED_REVIEW,OD,22,85.14042621645216,83.7844394701854,-1.3559867462667512,,,,ORIGA,
FUTURE_DOMAIN_CHANNEL,20260907,0,448,ORIGA,64,SEALED_REVIEW,OC,22,70.34553525477914,68.42160982187043,-1.9239254329087032,,,,ORIGA,
FUTURE_DOMAIN_CHANNEL,20260907,0,448,ORIGA,256,SEARCH,OD,137,85.87161673581731,85.44400559391296,-0.42761114190435023,,,,ORIGA,
FUTURE_DOMAIN_CHANNEL,20260907,0,448,ORIGA,256,SEARCH,OC,137,69.92640548278227,69.11776980436005,-0.8086356784222204,,,,ORIGA,
FUTURE_DOMAIN_CHANNEL,20260907,0,448,ORIGA,256,SEALED_REVIEW,OD,90,86.85631715943396,86.48124796799485,-0.3750691914391098,,,,ORIGA,
FUTURE_DOMAIN_CHANNEL,20260907,0,448,ORIGA,256,SEALED_REVIEW,OC,90,73.43171962981269,72.73721951990282,-0.6945001099098675,,,,ORIGA,
FUTURE_DOMAIN_CHANNEL,20260907,0,576,ORIGA,64,SEARCH,OD,38,86.24104421067035,85.61238117381238,-0.6286630368579722,,,,ORIGA,
FUTURE_DOMAIN_CHANNEL,20260907,0,576,ORIGA,64,SEARCH,OC,38,66.66766591841909,66.09690862445,-0.5707572939690948,,,,ORIGA,
FUTURE_DOMAIN_CHANNEL,20260907,0,576,ORIGA,64,SEALED_REVIEW,OD,24,90.09989638494626,89.72928755870117,-0.37060882624508906,,,,ORIGA,
FUTURE_DOMAIN_CHANNEL,20260907,0,576,ORIGA,64,SEALED_REVIEW,OC,24,80.37206980464136,79.93845134911774,-0.43361845552361444,,,,ORIGA,
FUTURE_DOMAIN_CHANNEL,20260907,0,576,ORIGA,256,SEARCH,OD,140,87.97006311870487,87.62895665903628,-0.34110645966859465,,,,ORIGA,
FUTURE_DOMAIN_CHANNEL,20260907,0,576,ORIGA,256,SEARCH,OC,140,71.39156548463777,71.041016016888,-0.35054946774977225,,,,ORIGA,
FUTURE_DOMAIN_CHANNEL,20260907,0,576,ORIGA,256,SEALED_REVIEW,OD,95,87.93280447175823,87.6957279779271,-0.2370764938311254,,,,ORIGA,
FUTURE_DOMAIN_CHANNEL,20260907,0,576,ORIGA,256,SEALED_REVIEW,OC,95,74.08952086127975,73.86946952246291,-0.22005133881684458,,,,ORIGA,
FUTURE_DOMAIN_CHANNEL,20260907,0,704,ORIGA,64,SEARCH,OD,32,89.61900230075206,89.4170812795332,-0.20192102121885114,,,,ORIGA,
FUTURE_DOMAIN_CHANNEL,20260907,0,704,ORIGA,64,SEARCH,OC,32,72.11929335992144,71.81047182060952,-0.30882153931192136,,,,ORIGA,
FUTURE_DOMAIN_CHANNEL,20260907,0,704,ORIGA,64,SEALED_REVIEW,OD,27,88.16409644842739,87.99632746226317,-0.1677689861642193,,,,ORIGA,
FUTURE_DOMAIN_CHANNEL,20260907,0,704,ORIGA,64,SEALED_REVIEW,OC,27,71.84053657649243,71.59405292818971,-0.2464836483027142,,,,ORIGA,
FUTURE_DOMAIN_CHANNEL,20260907,0,704,ORIGA,256,SEARCH,OD,143,90.2102732602855,90.05909383579625,-0.15117942448925703,,,,ORIGA,
FUTURE_DOMAIN_CHANNEL,20260907,0,704,ORIGA,256,SEARCH,OC,143,73.51251624391743,73.32086471581759,-0.19165152809983965,,,,ORIGA,
FUTURE_DOMAIN_CHANNEL,20260907,0,704,ORIGA,256,SEALED_REVIEW,OD,91,90.01570771256782,89.87874921135554,-0.13695850121227693,,,,ORIGA,
FUTURE_DOMAIN_CHANNEL,20260907,0,704,ORIGA,256,SEALED_REVIEW,OC,91,74.67657468589071,74.52234572196855,-0.154228963922165,,,,ORIGA,
FUTURE_DOMAIN_CHANNEL,20260907,0,832,ORIGA,64,SEARCH,OD,38,89.64334948981468,89.51462459624186,-0.1287248935728229,,,,ORIGA,
FUTURE_DOMAIN_CHANNEL,20260907,0,832,ORIGA,64,SEARCH,OC,38,72.45099960700777,72.44192309797369,-0.009076509034088076,,,,ORIGA,
FUTURE_DOMAIN_CHANNEL,20260907,0,832,ORIGA,64,SEALED_REVIEW,OD,20,90.28035157877753,90.22143332628222,-0.058918252495303136,,,,ORIGA,
FUTURE_DOMAIN_CHANNEL,20260907,0,832,ORIGA,256,SEARCH,OD,118,91.52054155836862,91.38995196130865,-0.13058959705996642,,,,ORIGA,
FUTURE_DOMAIN_CHANNEL,20260907,0,832,ORIGA,256,SEALED_REVIEW,OD,80,92.46075840234205,92.34768610409438,-0.11307229824767262,,,,ORIGA,
FUTURE_DOMAIN_CHANNEL,20260907,0,960,ORIGA,64,SEARCH,OD,33,92.50138450082548,92.3817844566046,-0.11960004422087422,,,,ORIGA,
FUTURE_DOMAIN_CHANNEL,20260907,0,960,ORIGA,64,SEALED_REVIEW,OD,24,93.01557924250665,92.92061734106424,-0.09496190144240302,,,,ORIGA,
FUTURE_DOMAIN_CHANNEL,20260907,0,960,ORIGA,256,SEARCH,OD,46,92.30515209014331,92.17783358261876,-0.12731850752454932,,,,ORIGA,
FUTURE_DOMAIN_CHANNEL,20260907,0,960,ORIGA,256,SEALED_REVIEW,OD,35,92.76896074655441,92.67521385103866,-0.09374689551574988,,,,ORIGA,
FUTURE_DOMAIN_CHANNEL,20260907,0,1088,REFUGE_Valid,64,SEARCH,OD,37,78.53794016723037,78.2051083261334,-0.3328318410969757,,,,REFUGE_Valid,
FUTURE_DOMAIN_CHANNEL,20260907,0,1088,REFUGE_Valid,64,SEALED_REVIEW,OD,22,81.01755273418667,80.87836868650139,-0.13918404768527637,,,,REFUGE_Valid,
FUTURE_DOMAIN_CHANNEL,20260907,0,1600,REFUGE_Valid,256,SEARCH,OD,1,96.51797477884433,96.45404465062337,-0.06393012822096011,,,,Drishti_GS,
FUTURE_DOMAIN_CHANNEL,20260907,0,1600,REFUGE_Valid,256,SEARCH,OC,1,67.82406123467747,67.6515509149982,-0.17251031967927588,,,,Drishti_GS,
FUTURE_DOMAIN_CHANNEL,20260907,0,1856,Drishti_GS,64,SEARCH,OD,14,93.62373915482448,93.52810596894062,-0.09563318588385528,,,,Drishti_GS,
FUTURE_DOMAIN_CHANNEL,20260907,0,1856,Drishti_GS,64,SEARCH,OC,14,71.58123806026808,71.37112273304206,-0.21011532722602055,,,,Drishti_GS,
FUTURE_DOMAIN_CHANNEL,20260907,0,1856,Drishti_GS,64,SEALED_REVIEW,OD,10,90.44903740379793,90.35893646555745,-0.09010093824048226,,,,Drishti_GS,
FUTURE_DOMAIN_CHANNEL,20260907,0,1856,Drishti_GS,64,SEALED_REVIEW,OC,10,62.58879114168358,62.19503798284707,-0.3937531588365104,,,,Drishti_GS,
FUTURE_DOMAIN_CHANNEL,20260907,1,64,Drishti_GS,64,SEARCH,OD,7,86.03270917015979,85.69576889442584,-0.33694027573395147,,,,Drishti_GS,
FUTURE_DOMAIN_CHANNEL,20260907,1,64,Drishti_GS,64,SEARCH,OC,7,64.52529450402062,64.15062685775285,-0.37466764626776694,,,,Drishti_GS,
FUTURE_DOMAIN_CHANNEL,20260907,1,64,Drishti_GS,64,SEALED_REVIEW,OD,7,87.6093635480021,87.25846660431837,-0.35089694368372193,,,,Drishti_GS,
FUTURE_DOMAIN_CHANNEL,20260907,1,64,Drishti_GS,64,SEALED_REVIEW,OC,7,64.51651347253274,64.12971829303544,-0.38679517949729814,,,,Drishti_GS,
FUTURE_DOMAIN_CHANNEL,20260907,1,64,Drishti_GS,256,SEARCH,OD,7,86.03270917015979,85.69576889442584,-0.33694027573395147,,,,Drishti_GS,
FUTURE_DOMAIN_CHANNEL,20260907,1,64,Drishti_GS,256,SEARCH,OC,7,64.52529450402062,64.15062685775285,-0.37466764626776694,,,,Drishti_GS,
FUTURE_DOMAIN_CHANNEL,20260907,1,64,Drishti_GS,256,SEALED_REVIEW,OD,7,87.6093635480021,87.25846660431837,-0.35089694368372193,,,,Drishti_GS,
FUTURE_DOMAIN_CHANNEL,20260907,1,64,Drishti_GS,256,SEALED_REVIEW,OC,7,64.51651347253274,64.12971829303544,-0.38679517949729814,,,,Drishti_GS,
FUTURE_DOMAIN_CHANNEL,20260907,1,192,REFUGE_Valid,64,SEARCH,OD,32,82.00810580308166,81.56713244814009,-0.4409733549415762,,,,REFUGE_Valid,
FUTURE_DOMAIN_CHANNEL,20260907,1,576,REFUGE_Valid,64,SEARCH,OD,34,83.10479434081691,83.01469007855266,-0.09010426226424784,,,,REFUGE_Valid,
FUTURE_DOMAIN_CHANNEL,20260907,1,576,REFUGE_Valid,64,SEALED_REVIEW,OD,26,81.12443366105974,81.10533747808326,-0.019096182976483078,,,,REFUGE_Valid,
FUTURE_DOMAIN_CHANNEL,20260907,1,576,REFUGE_Valid,256,SEARCH,OD,150,79.77216088865,79.72736689351596,-0.04479399513404303,,,,REFUGE_Valid,
FUTURE_DOMAIN_CHANNEL,20260907,1,704,REFUGE_Valid,256,SEARCH,OD,33,83.06798813790687,82.92697673620225,-0.1410114017046169,,,,ORIGA,
FUTURE_DOMAIN_CHANNEL,20260907,1,704,REFUGE_Valid,256,SEARCH,OC,33,62.46010275146378,62.26514580943682,-0.19495694202696257,,,,ORIGA,
FUTURE_DOMAIN_CHANNEL,20260907,1,704,REFUGE_Valid,256,SEALED_REVIEW,OD,22,80.82259078581384,80.63346448763383,-0.18912629818001392,,,,ORIGA,
FUTURE_DOMAIN_CHANNEL,20260907,1,704,REFUGE_Valid,256,SEALED_REVIEW,OC,22,59.76207952959451,59.524856894654626,-0.23722263493988294,,,,ORIGA,
FUTURE_DOMAIN_CHANNEL,20260907,1,832,REFUGE_Valid,256,SEARCH,OD,101,84.36381848575955,84.35295949584015,-0.01085898991939871,,,,ORIGA,
FUTURE_DOMAIN_CHANNEL,20260907,1,832,REFUGE_Valid,256,SEARCH,OC,101,65.30348729940029,65.22982664864415,-0.07366065075613903,,,,ORIGA,
FUTURE_DOMAIN_CHANNEL,20260907,1,832,REFUGE_Valid,256,SEALED_REVIEW,OC,63,63.82240673256795,63.719749940807354,-0.1026567917605945,,,,ORIGA,
FUTURE_DOMAIN_CHANNEL,20260907,1,960,ORIGA,64,SEARCH,OD,34,85.77640916493965,84.08129589675627,-1.695113268183377,,,,ORIGA,
FUTURE_DOMAIN_CHANNEL,20260907,1,960,ORIGA,64,SEARCH,OC,34,67.70648471320192,65.2995337904902,-2.406950922711715,,,,ORIGA,
FUTURE_DOMAIN_CHANNEL,20260907,1,960,ORIGA,64,SEALED_REVIEW,OD,22,84.8208949153352,82.73862017225723,-2.082274743077974,,,,ORIGA,
FUTURE_DOMAIN_CHANNEL,20260907,1,960,ORIGA,64,SEALED_REVIEW,OC,22,65.04637056632627,61.90496045307473,-3.1414101132515455,,,,ORIGA,
FUTURE_DOMAIN_CHANNEL,20260907,1,960,ORIGA,256,SEARCH,OD,134,85.35733389052005,84.26349384466579,-1.0938400458542645,,,,ORIGA,
FUTURE_DOMAIN_CHANNEL,20260907,1,960,ORIGA,256,SEARCH,OC,134,66.1291841029709,64.50517133040287,-1.6240127725680225,,,,ORIGA,
FUTURE_DOMAIN_CHANNEL,20260907,1,960,ORIGA,256,SEALED_REVIEW,OD,91,86.17619973339444,85.05990992428568,-1.116289809108764,,,,ORIGA,
FUTURE_DOMAIN_CHANNEL,20260907,1,960,ORIGA,256,SEALED_REVIEW,OC,91,69.51003860025024,67.91257099495972,-1.5974676052905181,,,,ORIGA,
FUTURE_DOMAIN_CHANNEL,20260907,1,1088,ORIGA,64,SEARCH,OD,37,84.83972211568165,84.40626671903381,-0.4334553966478438,,,,ORIGA,
FUTURE_DOMAIN_CHANNEL,20260907,1,1088,ORIGA,64,SEARCH,OC,37,60.941962754968415,60.26541227446288,-0.6765504805055329,,,,ORIGA,
FUTURE_DOMAIN_CHANNEL,20260907,1,1088,ORIGA,64,SEALED_REVIEW,OD,25,89.30864021431762,89.03187630838273,-0.2767639059348852,,,,ORIGA,
FUTURE_DOMAIN_CHANNEL,20260907,1,1088,ORIGA,64,SEALED_REVIEW,OC,25,74.88615944849607,74.2676944041387,-0.6184650443573787,,,,ORIGA,
FUTURE_DOMAIN_CHANNEL,20260907,1,1088,ORIGA,256,SEARCH,OD,142,86.69006110391528,86.40857355234715,-0.28148755156813365,,,,ORIGA,
FUTURE_DOMAIN_CHANNEL,20260907,1,1088,ORIGA,256,SEARCH,OC,142,67.31801458401134,66.74866634101238,-0.5693482429989558,,,,ORIGA,
FUTURE_DOMAIN_CHANNEL,20260907,1,1088,ORIGA,256,SEALED_REVIEW,OD,93,86.62836132001726,86.41090923539429,-0.21745208462297683,,,,ORIGA,
FUTURE_DOMAIN_CHANNEL,20260907,1,1088,ORIGA,256,SEALED_REVIEW,OC,93,70.34498049575119,69.8695383747802,-0.4754421209709818,,,,ORIGA,
FUTURE_DOMAIN_CHANNEL,20260907,1,1216,ORIGA,64,SEARCH,OD,36,87.23532334455581,86.86127363885775,-0.37404970569805585,,,,ORIGA,
FUTURE_DOMAIN_CHANNEL,20260907,1,1216,ORIGA,64,SEARCH,OC,36,67.93842629001816,67.22118000041297,-0.7172462896051854,,,,ORIGA,
FUTURE_DOMAIN_CHANNEL,20260907,1,1216,ORIGA,64,SEALED_REVIEW,OD,24,85.4105005372118,85.0846839995687,-0.3258165376431066,,,,ORIGA,
FUTURE_DOMAIN_CHANNEL,20260907,1,1216,ORIGA,64,SEALED_REVIEW,OC,24,68.27135000847206,67.64353297016449,-0.627817038307569,,,,ORIGA,
FUTURE_DOMAIN_CHANNEL,20260907,1,1216,ORIGA,256,SEARCH,OD,147,89.2281425153086,88.98387148404578,-0.24427103126282645,,,,ORIGA,
FUTURE_DOMAIN_CHANNEL,20260907,1,1216,ORIGA,256,SEARCH,OC,147,70.93966868590148,70.5264819313379,-0.4131867545635828,,,,ORIGA,
FUTURE_DOMAIN_CHANNEL,20260907,1,1216,ORIGA,256,SEALED_REVIEW,OD,89,89.02342379595967,88.83313498978164,-0.19028880617803168,,,,ORIGA,
FUTURE_DOMAIN_CHANNEL,20260907,1,1216,ORIGA,256,SEALED_REVIEW,OC,89,72.5790475300776,72.24610140684845,-0.3329461232291493,,,,ORIGA,
FUTURE_DOMAIN_CHANNEL,20260907,1,1344,ORIGA,64,SEARCH,OD,35,88.52170661555516,88.4486843228164,-0.07302229273875582,,,,ORIGA,
FUTURE_DOMAIN_CHANNEL,20260907,1,1344,ORIGA,64,SEARCH,OC,35,69.32930558838136,69.15975420656999,-0.16955138181137386,,,,ORIGA,
FUTURE_DOMAIN_CHANNEL,20260907,1,1344,ORIGA,64,SEALED_REVIEW,OD,21,88.8470528850102,88.77516684656352,-0.07188603844667796,,,,ORIGA,
FUTURE_DOMAIN_CHANNEL,20260907,1,1344,ORIGA,64,SEALED_REVIEW,OC,21,75.33845629024003,75.25265475050297,-0.08580153973706217,,,,ORIGA,
FUTURE_DOMAIN_CHANNEL,20260907,1,1344,ORIGA,256,SEARCH,OD,109,92.24801796105204,92.18921802809984,-0.058799932952197764,,,,ORIGA,
FUTURE_DOMAIN_CHANNEL,20260907,1,1344,ORIGA,256,SEARCH,OC,109,74.77551084059827,74.60181350278063,-0.17369733781764296,,,,ORIGA,
FUTURE_DOMAIN_CHANNEL,20260907,1,1344,ORIGA,256,SEALED_REVIEW,OD,78,92.88810059561915,92.84279941303538,-0.04530118258377058,,,,ORIGA,
FUTURE_DOMAIN_CHANNEL,20260907,1,1344,ORIGA,256,SEALED_REVIEW,OD,13,90.20349766298234,90.1976284449857,-0.00586921799664708,,,,REFUGE,
FUTURE_DOMAIN_CHANNEL,20260907,1,1344,ORIGA,256,SEALED_REVIEW,OC,78,77.3060526289332,77.17435675719962,-0.13169587173358366,,,,ORIGA,
FUTURE_DOMAIN_CHANNEL,20260907,1,1344,ORIGA,256,SEALED_REVIEW,OC,13,77.51196308029579,77.47912572762709,-0.03283735266869314,,,,REFUGE,
FUTURE_DOMAIN_CHANNEL,20260907,1,1472,ORIGA,64,SEARCH,OC,31,77.03545386982981,76.97760140353925,-0.05785246629055507,,,,ORIGA,
FUTURE_DOMAIN_CHANNEL,20260907,1,1472,ORIGA,64,SEALED_REVIEW,OC,25,77.59684109618917,77.54498990424167,-0.05185119194749177,,,,ORIGA,
FUTURE_DOMAIN_CHANNEL,20260907,1,1472,ORIGA,256,SEARCH,OD,38,94.47644741951002,94.46141941147317,-0.015028008036850338,,,,ORIGA,
FUTURE_DOMAIN_CHANNEL,20260907,1,1472,ORIGA,256,SEARCH,OC,38,77.75567400974548,77.70671332358765,-0.04896068615782667,,,,ORIGA,
FUTURE_DOMAIN_CHANNEL,20260907,1,1472,ORIGA,256,SEALED_REVIEW,OD,32,94.7506040150634,94.74969170149633,-0.0009123135670705551,,,,ORIGA,
FUTURE_DOMAIN_CHANNEL,20260907,1,1472,ORIGA,256,SEALED_REVIEW,OC,32,77.90788821445852,77.87353379279753,-0.034354421660992784,,,,ORIGA,
FUTURE_DOMAIN_CHANNEL,20260907,1,1600,REFUGE,64,SEARCH,OD,35,91.0665300916939,91.00680514446387,-0.05972494723003763,,,,REFUGE,
FUTURE_DOMAIN_CHANNEL,20260907,1,1600,REFUGE,64,SEARCH,OC,35,82.16034894735937,82.12941987388415,-0.030929073475221003,,,,REFUGE,
FUTURE_DOMAIN_CHANNEL,20260907,1,1600,REFUGE,64,SEALED_REVIEW,OD,19,90.26010402952086,90.18846709434463,-0.0716369351762296,,,,REFUGE,
FUTURE_DOMAIN_CHANNEL,20260907,1,1600,REFUGE,64,SEALED_REVIEW,OC,19,80.15417488911544,80.08309073909466,-0.07108415002078061,,,,REFUGE,
FUTURE_DOMAIN_CHANNEL,20260907,1,1600,REFUGE,256,SEARCH,OD,125,91.63506519768261,91.61736646819266,-0.017698729489950438,,,,REFUGE,
FUTURE_DOMAIN_CHANNEL,20260907,1,1600,REFUGE,256,SEARCH,OC,125,81.20904797056659,81.14864720835065,-0.06040076221593438,,,,REFUGE,
FUTURE_DOMAIN_CHANNEL,20260907,1,1600,REFUGE,256,SEALED_REVIEW,OD,85,90.61986569425649,90.58084576835562,-0.039019925900873886,,,,REFUGE,
FUTURE_DOMAIN_CHANNEL,20260907,1,1600,REFUGE,256,SEALED_REVIEW,OC,85,79.99456034853614,79.89767367824494,-0.09688667029119813,,,,REFUGE,
FUTURE_DOMAIN_CHANNEL,17011,0,64,REFUGE,64,SEARCH,OD,32,88.56098791820934,88.32676664376206,-0.23422127444727892,,,,REFUGE,
FUTURE_DOMAIN_CHANNEL,17011,0,64,REFUGE,64,SEARCH,OC,32,84.51531309220623,84.28893051775455,-0.22638257445167653,,,,REFUGE,
FUTURE_DOMAIN_CHANNEL,17011,0,64,REFUGE,64,SEALED_REVIEW,OD,23,88.82318725850236,88.5793184876129,-0.24386877088946335,,,,REFUGE,
FUTURE_DOMAIN_CHANNEL,17011,0,64,REFUGE,64,SEALED_REVIEW,OC,23,81.33688172324227,81.16149194937108,-0.17538977387118848,,,,REFUGE,
FUTURE_DOMAIN_CHANNEL,17011,0,64,REFUGE,256,SEARCH,OD,120,88.2902536512399,88.03152899419196,-0.2587246570479351,,,,REFUGE,
FUTURE_DOMAIN_CHANNEL,17011,0,64,REFUGE,256,SEARCH,OC,120,84.36869039765583,84.28885253928325,-0.07983785837257074,,,,REFUGE,
FUTURE_DOMAIN_CHANNEL,17011,0,64,REFUGE,256,SEALED_REVIEW,OD,89,88.31447774330587,88.06065721807526,-0.2538205252306085,,,,REFUGE,
FUTURE_DOMAIN_CHANNEL,17011,0,64,REFUGE,256,SEALED_REVIEW,OC,89,83.38742143548869,83.36354499537578,-0.023876440112914565,,,,REFUGE,
FUTURE_DOMAIN_CHANNEL,17011,0,192,REFUGE,64,SEARCH,OC,28,84.55924341059493,84.54441098888383,-0.014832421711105326,,,,REFUGE,
FUTURE_DOMAIN_CHANNEL,17011,0,192,REFUGE,64,SEALED_REVIEW,OC,21,85.8042016366874,85.72341427949496,-0.08078735719243468,,,,REFUGE,
FUTURE_DOMAIN_CHANNEL,17011,0,192,REFUGE,256,SEARCH,OD,26,80.77387899295277,80.71521018104121,-0.05866881191155926,,,,ORIGA,
FUTURE_DOMAIN_CHANNEL,17011,0,192,REFUGE,256,SEARCH,OC,26,61.12576052745112,60.89069572161322,-0.2350648058379008,,,,ORIGA,
FUTURE_DOMAIN_CHANNEL,17011,0,192,REFUGE,256,SEALED_REVIEW,OD,18,79.25455544369834,79.20620391076815,-0.048351532930183794,,,,ORIGA,
FUTURE_DOMAIN_CHANNEL,17011,0,192,REFUGE,256,SEALED_REVIEW,OC,18,62.23218725780597,61.97285902820715,-0.25932822959882174,,,,ORIGA,
FUTURE_DOMAIN_CHANNEL,17011,0,192,REFUGE,256,SEALED_REVIEW,OC,73,85.03085606217431,84.99535570281068,-0.03550035936362406,,,,REFUGE,
FUTURE_DOMAIN_CHANNEL,17011,0,320,REFUGE,64,SEARCH,OC,33,83.61626212543757,83.56801503372992,-0.04824709170765118,,,,REFUGE,
FUTURE_DOMAIN_CHANNEL,17011,0,320,REFUGE,64,SEALED_REVIEW,OC,25,83.6334509342431,83.5401538056724,-0.09329712857069694,,,,REFUGE,
FUTURE_DOMAIN_CHANNEL,17011,0,320,REFUGE,256,SEARCH,OD,94,83.21867548957708,83.15703285135865,-0.06164263821843008,,,,ORIGA,
FUTURE_DOMAIN_CHANNEL,17011,0,320,REFUGE,256,SEARCH,OC,94,66.88143008125974,66.66478740754674,-0.21664267371299673,,,,ORIGA,
FUTURE_DOMAIN_CHANNEL,17011,0,320,REFUGE,256,SEARCH,OC,39,84.07884820952364,84.03648795631673,-0.04236025320690828,,,,REFUGE,
FUTURE_DOMAIN_CHANNEL,17011,0,320,REFUGE,256,SEALED_REVIEW,OD,59,82.84551422060919,82.78925637743582,-0.05625784317336979,,,,ORIGA,
FUTURE_DOMAIN_CHANNEL,17011,0,320,REFUGE,256,SEALED_REVIEW,OC,59,65.97818636330972,65.72654790929784,-0.2516384540118821,,,,ORIGA,
FUTURE_DOMAIN_CHANNEL,17011,0,320,REFUGE,256,SEALED_REVIEW,OC,30,84.06582404109645,83.97843621513474,-0.0873878259617129,,,,REFUGE,
FUTURE_DOMAIN_CHANNEL,17011,0,448,ORIGA,64,SEARCH,OD,35,84.25884146715707,83.01456318417094,-1.24427828298613,,,,ORIGA,
FUTURE_DOMAIN_CHANNEL,17011,0,448,ORIGA,64,SEARCH,OC,35,70.11139620848843,67.53966104950547,-2.5717351589829605,,,,ORIGA,
FUTURE_DOMAIN_CHANNEL,17011,0,448,ORIGA,64,SEALED_REVIEW,OD,22,83.92106538444285,82.23875782705855,-1.6823075573843056,,,,ORIGA,
FUTURE_DOMAIN_CHANNEL,17011,0,448,ORIGA,64,SEALED_REVIEW,OC,22,69.04264694920987,66.68652228251143,-2.3561246666984346,,,,ORIGA,
FUTURE_DOMAIN_CHANNEL,17011,0,448,ORIGA,256,SEARCH,OD,137,85.21902793085562,84.76348413621155,-0.4555437946440719,,,,ORIGA,
FUTURE_DOMAIN_CHANNEL,17011,0,448,ORIGA,256,SEARCH,OC,137,69.11092427615182,68.22118494053012,-0.889739335621698,,,,ORIGA,
FUTURE_DOMAIN_CHANNEL,17011,0,448,ORIGA,256,SEALED_REVIEW,OD,90,86.28723753586722,85.783316522709,-0.5039210131582195,,,,ORIGA,
FUTURE_DOMAIN_CHANNEL,17011,0,448,ORIGA,256,SEALED_REVIEW,OC,90,72.54716163486523,71.78618485616838,-0.7609767786968575,,,,ORIGA,
FUTURE_DOMAIN_CHANNEL,17011,0,576,ORIGA,64,SEARCH,OD,38,85.84079168745528,84.9816502201948,-0.8591414672604856,,,,ORIGA,
FUTURE_DOMAIN_CHANNEL,17011,0,576,ORIGA,64,SEARCH,OC,38,66.1292008345394,65.40535674549392,-0.7238440890454854,,,,ORIGA,
FUTURE_DOMAIN_CHANNEL,17011,0,576,ORIGA,64,SEALED_REVIEW,OD,24,89.8945587694876,89.34620522631005,-0.548353543177555,,,,ORIGA,
FUTURE_DOMAIN_CHANNEL,17011,0,576,ORIGA,64,SEALED_REVIEW,OC,24,79.94253987664437,79.30380451020874,-0.6387353664356397,,,,ORIGA,
FUTURE_DOMAIN_CHANNEL,17011,0,576,ORIGA,256,SEARCH,OD,140,87.63682737294872,87.07340141626344,-0.5634259566852791,,,,ORIGA,
FUTURE_DOMAIN_CHANNEL,17011,0,576,ORIGA,256,SEARCH,OC,140,70.78332032368957,70.19456015219521,-0.5887601714943571,,,,ORIGA,
FUTURE_DOMAIN_CHANNEL,17011,0,576,ORIGA,256,SEALED_REVIEW,OD,95,87.7050542393499,87.23952515808982,-0.46552908126008674,,,,ORIGA,
FUTURE_DOMAIN_CHANNEL,17011,0,576,ORIGA,256,SEALED_REVIEW,OC,95,73.55848504384691,73.10704477610545,-0.45144026774146084,,,,ORIGA,
FUTURE_DOMAIN_CHANNEL,17011,0,704,ORIGA,64,SEARCH,OD,32,89.18952532015777,89.11804554601989,-0.07147977413788453,,,,ORIGA,
FUTURE_DOMAIN_CHANNEL,17011,0,704,ORIGA,64,SEARCH,OC,32,71.43654728337938,71.06585097210687,-0.37069631127251057,,,,ORIGA,
FUTURE_DOMAIN_CHANNEL,17011,0,704,ORIGA,64,SEALED_REVIEW,OD,27,87.98426279918043,87.96765704911908,-0.016605750061344793,,,,ORIGA,
FUTURE_DOMAIN_CHANNEL,17011,0,704,ORIGA,64,SEALED_REVIEW,OC,27,71.556554210058,71.44711637865332,-0.10943783140467644,,,,ORIGA,
FUTURE_DOMAIN_CHANNEL,17011,0,704,ORIGA,256,SEARCH,OD,143,89.9615583279314,89.93380659326245,-0.02775173466895353,,,,ORIGA,
FUTURE_DOMAIN_CHANNEL,17011,0,704,ORIGA,256,SEARCH,OC,143,73.19926021640676,72.99228569463098,-0.20697452177577702,,,,ORIGA,
FUTURE_DOMAIN_CHANNEL,17011,0,704,ORIGA,256,SEALED_REVIEW,OC,91,74.50135397749595,74.38787593771539,-0.11347803978055993,,,,ORIGA,
FUTURE_DOMAIN_CHANNEL,17011,0,832,ORIGA,64,SEARCH,OD,38,89.47654996767648,89.22530856658351,-0.2512414010929689,,,,ORIGA,
FUTURE_DOMAIN_CHANNEL,17011,0,832,ORIGA,64,SEARCH,OC,38,72.16859904003194,71.92973231671988,-0.23886672331205716,,,,ORIGA,
FUTURE_DOMAIN_CHANNEL,17011,0,832,ORIGA,64,SEALED_REVIEW,OD,20,90.0413050578035,89.85940660917866,-0.1818984486248354,,,,ORIGA,
FUTURE_DOMAIN_CHANNEL,17011,0,832,ORIGA,64,SEALED_REVIEW,OC,20,78.30787262949826,78.21257397547431,-0.09529865402394933,,,,ORIGA,
FUTURE_DOMAIN_CHANNEL,17011,0,832,ORIGA,256,SEARCH,OD,118,91.45714903678522,91.26009369801164,-0.1970553387735805,,,,ORIGA,
FUTURE_DOMAIN_CHANNEL,17011,0,832,ORIGA,256,SEARCH,OC,118,75.1280394528901,74.99524455631196,-0.13279489657814736,,,,ORIGA,
FUTURE_DOMAIN_CHANNEL,17011,0,832,ORIGA,256,SEALED_REVIEW,OD,80,92.37612934570319,92.20949348917968,-0.16663585652351287,,,,ORIGA,
FUTURE_DOMAIN_CHANNEL,17011,0,832,ORIGA,256,SEALED_REVIEW,OC,80,78.46125632654463,78.41161927452812,-0.049637052016507255,,,,ORIGA,
FUTURE_DOMAIN_CHANNEL,17011,0,960,ORIGA,64,SEARCH,OD,33,92.51221832341474,92.41284305277848,-0.0993752706362585,,,,ORIGA,
FUTURE_DOMAIN_CHANNEL,17011,0,960,ORIGA,64,SEARCH,OC,33,75.04566005454747,74.98172627105427,-0.0639337834931979,,,,ORIGA,
FUTURE_DOMAIN_CHANNEL,17011,0,960,ORIGA,64,SEALED_REVIEW,OD,24,92.99104901834905,92.90450635359878,-0.08654266475026873,,,,ORIGA,
FUTURE_DOMAIN_CHANNEL,17011,0,960,ORIGA,64,SEALED_REVIEW,OC,24,77.17588743615701,77.09779949645471,-0.07808793970229999,,,,ORIGA,
FUTURE_DOMAIN_CHANNEL,17011,0,960,ORIGA,256,SEARCH,OD,46,92.26139985512042,92.15549546809261,-0.10590438702780602,,,,ORIGA,
FUTURE_DOMAIN_CHANNEL,17011,0,960,ORIGA,256,SEARCH,OC,46,76.88407212833243,76.79710693852948,-0.08696518980295309,,,,ORIGA,
FUTURE_DOMAIN_CHANNEL,17011,0,960,ORIGA,256,SEALED_REVIEW,OD,35,92.71180287409699,92.62955713252822,-0.0822457415687694,,,,ORIGA,
FUTURE_DOMAIN_CHANNEL,17011,0,960,ORIGA,256,SEALED_REVIEW,OC,35,77.96064145696543,77.9034986140383,-0.05714284292713501,,,,ORIGA,
FUTURE_DOMAIN_CHANNEL,17011,0,1216,REFUGE_Valid,64,SEARCH,OD,31,79.22915338421768,79.12870960322442,-0.10044378099325968,,,,REFUGE_Valid,
FUTURE_DOMAIN_CHANNEL,17011,0,1216,REFUGE_Valid,64,SEALED_REVIEW,OD,27,80.19415516651375,80.0697947936389,-0.1243603728748468,,,,REFUGE_Valid,
FUTURE_DOMAIN_CHANNEL,17011,0,1472,REFUGE_Valid,64,SEARCH,OD,36,81.83959048496229,81.81885392013285,-0.0207365648294342,,,,REFUGE_Valid,
FUTURE_DOMAIN_CHANNEL,17011,0,1472,REFUGE_Valid,64,SEALED_REVIEW,OD,26,83.34551582321996,83.2858416827565,-0.05967414046345709,,,,REFUGE_Valid,
FUTURE_DOMAIN_CHANNEL,17011,0,1472,REFUGE_Valid,256,SEARCH,OD,140,80.17950009675636,80.15459634731468,-0.024903749441676837,,,,REFUGE_Valid,
FUTURE_DOMAIN_CHANNEL,17011,0,1472,REFUGE_Valid,256,SEALED_REVIEW,OD,94,81.56374396655148,81.53657532133394,-0.02716864521754303,,,,REFUGE_Valid,
FUTURE_DOMAIN_CHANNEL,17011,0,1600,REFUGE_Valid,256,SEARCH,OD,1,96.29467669523642,96.25005469581832,-0.04462199941809786,,,,Drishti_GS,
FUTURE_DOMAIN_CHANNEL,17011,0,1600,REFUGE_Valid,256,SEARCH,OC,1,67.05347429495941,66.92354944993578,-0.12992484502363766,,,,Drishti_GS,
FUTURE_DOMAIN_CHANNEL,17011,0,1856,Drishti_GS,64,SEARCH,OD,14,93.03091563726852,92.9344880139539,-0.09642762331462507,,,,Drishti_GS,
FUTURE_DOMAIN_CHANNEL,17011,0,1856,Drishti_GS,64,SEARCH,OC,14,71.26690173917557,71.17649498528363,-0.09040675389194064,,,,Drishti_GS,
FUTURE_DOMAIN_CHANNEL,17011,0,1856,Drishti_GS,64,SEALED_REVIEW,OD,10,89.70297125181573,89.59577868142748,-0.10719257038824992,,,,Drishti_GS,
FUTURE_DOMAIN_CHANNEL,17011,0,1856,Drishti_GS,64,SEALED_REVIEW,OC,10,61.956876060002195,61.791214903979196,-0.16566115602299902,,,,Drishti_GS,
FUTURE_DOMAIN_CHANNEL,17011,1,64,Drishti_GS,64,SEARCH,OD,7,86.12120163544445,85.47132945634593,-0.6498721790985229,,,,Drishti_GS,
FUTURE_DOMAIN_CHANNEL,17011,1,64,Drishti_GS,64,SEARCH,OC,7,64.59051647198592,64.05281586189987,-0.5377006100860484,,,,Drishti_GS,
FUTURE_DOMAIN_CHANNEL,17011,1,64,Drishti_GS,64,SEALED_REVIEW,OD,7,87.79105604618853,87.10654498360968,-0.6845110625788493,,,,Drishti_GS,
FUTURE_DOMAIN_CHANNEL,17011,1,64,Drishti_GS,64,SEALED_REVIEW,OC,7,64.7626148726253,64.17879265438424,-0.5838222182410675,,,,Drishti_GS,
FUTURE_DOMAIN_CHANNEL,17011,1,64,Drishti_GS,256,SEARCH,OD,7,86.12120163544445,85.47132945634593,-0.6498721790985229,,,,Drishti_GS,
FUTURE_DOMAIN_CHANNEL,17011,1,64,Drishti_GS,256,SEARCH,OC,7,64.59051647198592,64.05281586189987,-0.5377006100860484,,,,Drishti_GS,
FUTURE_DOMAIN_CHANNEL,17011,1,64,Drishti_GS,256,SEALED_REVIEW,OD,7,87.79105604618853,87.10654498360968,-0.6845110625788493,,,,Drishti_GS,
FUTURE_DOMAIN_CHANNEL,17011,1,64,Drishti_GS,256,SEALED_REVIEW,OC,7,64.7626148726253,64.17879265438424,-0.5838222182410675,,,,Drishti_GS,
FUTURE_DOMAIN_CHANNEL,17011,1,192,REFUGE_Valid,64,SEARCH,OD,32,80.89540994403454,80.65195268140667,-0.24345726262787082,,,,REFUGE_Valid,
FUTURE_DOMAIN_CHANNEL,17011,1,320,REFUGE_Valid,64,SEARCH,OC,31,64.84434218176108,64.84328166640809,-0.001060515352989455,,,,REFUGE_Valid,
FUTURE_DOMAIN_CHANNEL,17011,1,320,REFUGE_Valid,64,SEALED_REVIEW,OC,28,61.49658355269925,61.43806314503889,-0.05852040766036026,,,,REFUGE_Valid,
FUTURE_DOMAIN_CHANNEL,17011,1,320,REFUGE_Valid,256,SEALED_REVIEW,OC,105,65.97545236537336,65.97488641334432,-0.0005659520290350883,,,,REFUGE_Valid,
FUTURE_DOMAIN_CHANNEL,17011,1,576,REFUGE_Valid,64,SEARCH,OD,34,82.18807069964758,82.09780791192824,-0.0902627877193396,,,,REFUGE_Valid,
FUTURE_DOMAIN_CHANNEL,17011,1,704,REFUGE_Valid,256,SEARCH,OD,33,83.00192305742013,82.82342920963413,-0.17849384778600097,,,,ORIGA,
FUTURE_DOMAIN_CHANNEL,17011,1,704,REFUGE_Valid,256,SEARCH,OC,33,62.297182549704424,62.00539454603119,-0.29178800367323277,,,,ORIGA,
FUTURE_DOMAIN_CHANNEL,17011,1,704,REFUGE_Valid,256,SEALED_REVIEW,OD,22,80.53943392564142,80.3296199983771,-0.2098139272643209,,,,ORIGA,
FUTURE_DOMAIN_CHANNEL,17011,1,704,REFUGE_Valid,256,SEALED_REVIEW,OC,22,59.087138884036975,58.843201219207586,-0.24393766482938872,,,,ORIGA,
FUTURE_DOMAIN_CHANNEL,17011,1,832,REFUGE_Valid,256,SEARCH,OD,101,84.30888871542531,84.19717726397155,-0.1117114514537576,,,,ORIGA,
FUTURE_DOMAIN_CHANNEL,17011,1,832,REFUGE_Valid,256,SEARCH,OC,101,65.37081250594638,65.00818876412622,-0.36262374182015833,,,,ORIGA,
FUTURE_DOMAIN_CHANNEL,17011,1,832,REFUGE_Valid,256,SEALED_REVIEW,OD,63,83.33853035714102,83.2240570515418,-0.11447330559921909,,,,ORIGA,
FUTURE_DOMAIN_CHANNEL,17011,1,832,REFUGE_Valid,256,SEALED_REVIEW,OC,63,63.528074410101844,63.08335348530162,-0.4447209248002224,,,,ORIGA,
FUTURE_DOMAIN_CHANNEL,17011,1,960,ORIGA,64,SEARCH,OD,34,85.69663072264682,84.10825848578531,-1.5883722368615025,,,,ORIGA,
FUTURE_DOMAIN_CHANNEL,17011,1,960,ORIGA,64,SEARCH,OC,34,67.70328599954867,65.2564283960248,-2.446857603523867,,,,ORIGA,
FUTURE_DOMAIN_CHANNEL,17011,1,960,ORIGA,64,SEALED_REVIEW,OD,22,84.36895535837974,82.4804988247256,-1.8884565336541357,,,,ORIGA,
FUTURE_DOMAIN_CHANNEL,17011,1,960,ORIGA,64,SEALED_REVIEW,OC,22,64.90136453401514,61.45103385826323,-3.450330675751914,,,,ORIGA,
FUTURE_DOMAIN_CHANNEL,17011,1,960,ORIGA,256,SEARCH,OD,134,85.34194524377713,84.35902134874767,-0.9829238950294581,,,,ORIGA,
FUTURE_DOMAIN_CHANNEL,17011,1,960,ORIGA,256,SEARCH,OC,134,66.29920663216981,64.55389820301346,-1.7453084291563528,,,,ORIGA,
FUTURE_DOMAIN_CHANNEL,17011,1,960,ORIGA,256,SEALED_REVIEW,OD,91,86.04054981433411,85.05722348990065,-0.9833263244334631,,,,ORIGA,
FUTURE_DOMAIN_CHANNEL,17011,1,960,ORIGA,256,SEALED_REVIEW,OC,91,69.61579994995253,67.88669532747753,-1.7291046224750062,,,,ORIGA,
FUTURE_DOMAIN_CHANNEL,17011,1,1088,ORIGA,64,SEARCH,OD,37,84.76485384065168,84.22771379460146,-0.5371400460502258,,,,ORIGA,
FUTURE_DOMAIN_CHANNEL,17011,1,1088,ORIGA,64,SEARCH,OC,37,60.7667844796571,60.18469296937714,-0.5820915102799589,,,,ORIGA,
FUTURE_DOMAIN_CHANNEL,17011,1,1088,ORIGA,64,SEALED_REVIEW,OD,25,89.35966247561545,89.0257296335572,-0.33393284205824614,,,,ORIGA,
FUTURE_DOMAIN_CHANNEL,17011,1,1088,ORIGA,64,SEALED_REVIEW,OC,25,74.93605164732232,74.47188396601804,-0.464167681304275,,,,ORIGA,
FUTURE_DOMAIN_CHANNEL,17011,1,1088,ORIGA,256,SEARCH,OD,142,86.80843689328647,86.50268142475826,-0.30575546852820423,,,,ORIGA,
FUTURE_DOMAIN_CHANNEL,17011,1,1088,ORIGA,256,SEARCH,OC,142,67.78982214874155,67.39093777150768,-0.3988843772338697,,,,ORIGA,
FUTURE_DOMAIN_CHANNEL,17011,1,1088,ORIGA,256,SEALED_REVIEW,OD,93,86.74685620190752,86.50502193935364,-0.24183426255387985,,,,ORIGA,
FUTURE_DOMAIN_CHANNEL,17011,1,1088,ORIGA,256,SEALED_REVIEW,OC,93,70.62633788065423,70.33119881174038,-0.2951390689138549,,,,ORIGA,
FUTURE_DOMAIN_CHANNEL,17011,1,1216,ORIGA,64,SEARCH,OD,36,87.2962729148322,87.16204471335963,-0.13422820147256687,,,,ORIGA,
FUTURE_DOMAIN_CHANNEL,17011,1,1216,ORIGA,64,SEARCH,OC,36,68.70007372307134,68.25028600476503,-0.44978771830631104,,,,ORIGA,
FUTURE_DOMAIN_CHANNEL,17011,1,1216,ORIGA,64,SEALED_REVIEW,OD,24,85.51149871103155,85.37638406315973,-0.13511464787181637,,,,ORIGA,
FUTURE_DOMAIN_CHANNEL,17011,1,1216,ORIGA,64,SEALED_REVIEW,OC,24,68.48018931058083,68.16812351542836,-0.31206579515246347,,,,ORIGA,
FUTURE_DOMAIN_CHANNEL,17011,1,1216,ORIGA,256,SEARCH,OD,147,89.40148064189947,89.31736668181345,-0.08411396008601457,,,,ORIGA,
FUTURE_DOMAIN_CHANNEL,17011,1,1216,ORIGA,256,SEARCH,OC,147,71.5940038332725,71.3797674260654,-0.21423640720709614,,,,ORIGA,
FUTURE_DOMAIN_CHANNEL,17011,1,1216,ORIGA,256,SEALED_REVIEW,OD,89,89.13160086704218,89.0644554188304,-0.06714544821177526,,,,ORIGA,
FUTURE_DOMAIN_CHANNEL,17011,1,1216,ORIGA,256,SEALED_REVIEW,OC,89,72.89131660018958,72.72960638401761,-0.16171021617196857,,,,ORIGA,
FUTURE_DOMAIN_CHANNEL,17011,1,1344,ORIGA,64,SEARCH,OD,35,88.8840255554602,88.79162401466954,-0.09240154079066087,,,,ORIGA,
FUTURE_DOMAIN_CHANNEL,17011,1,1344,ORIGA,64,SEARCH,OC,35,70.26643454672418,70.12648449635846,-0.1399500503657265,,,,ORIGA,
FUTURE_DOMAIN_CHANNEL,17011,1,1344,ORIGA,64,SEALED_REVIEW,OD,21,89.13673025383969,89.08852704204185,-0.048203211797840595,,,,ORIGA,
FUTURE_DOMAIN_CHANNEL,17011,1,1344,ORIGA,256,SEARCH,OD,109,92.3717829535809,92.32003875281829,-0.05174420076261299,,,,ORIGA,
FUTURE_DOMAIN_CHANNEL,17011,1,1344,ORIGA,256,SEARCH,OC,109,75.26494601141911,75.12889934963707,-0.13604666178204639,,,,ORIGA,
FUTURE_DOMAIN_CHANNEL,17011,1,1344,ORIGA,256,SEALED_REVIEW,OD,78,92.95729290133268,92.95172436247363,-0.005568538859051841,,,,ORIGA,
FUTURE_DOMAIN_CHANNEL,17011,1,1344,ORIGA,256,SEALED_REVIEW,OC,78,77.61165231942547,77.56701924751872,-0.044633071906758914,,,,ORIGA,
FUTURE_DOMAIN_CHANNEL,17011,1,1344,ORIGA,256,SEALED_REVIEW,OC,13,77.78976349635317,77.71263545070407,-0.07712804564910414,,,,REFUGE,
FUTURE_DOMAIN_CHANNEL,17011,1,1472,ORIGA,64,SEALED_REVIEW,OC,25,77.82459985884924,77.81562144635339,-0.008978412495849852,,,,ORIGA,
FUTURE_DOMAIN_CHANNEL,17011,1,1600,REFUGE,64,SEARCH,OD,35,90.78485975617089,90.7635939230378,-0.02126583313308572,,,,REFUGE,
FUTURE_DOMAIN_CHANNEL,17011,1,1600,REFUGE,64,SEALED_REVIEW,OD,19,89.90057878095878,89.8716476310571,-0.028931149901680442,,,,REFUGE,
FUTURE_DOMAIN_CHANNEL,17011,1,1600,REFUGE,256,SEARCH,OD,125,91.35990156683104,91.34361283413169,-0.01628873269935127,,,,REFUGE,
FUTURE_DOMAIN_CHANNEL,17011,1,1600,REFUGE,256,SEALED_REVIEW,OD,85,90.30137807679097,90.27514367502502,-0.02623440176594727,,,,REFUGE,
FUTURE_DOMAIN_CHANNEL,17011,1,1728,REFUGE,64,SEARCH,OC,27,79.60282612495729,79.59554316930212,-0.007282955655171008,,,,REFUGE,
FUTURE_DOMAIN_CHANNEL,29009,0,64,REFUGE,64,SEARCH,OC,32,84.44675574601602,84.15939803255431,-0.28735771346171646,,,,REFUGE,
FUTURE_DOMAIN_CHANNEL,29009,0,64,REFUGE,64,SEALED_REVIEW,OC,23,81.35952675180219,81.07517118892115,-0.28435556288104635,,,,REFUGE,
FUTURE_DOMAIN_CHANNEL,29009,0,64,REFUGE,256,SEARCH,OC,120,84.47354731859033,84.35153623033614,-0.12201108825419738,,,,REFUGE,
FUTURE_DOMAIN_CHANNEL,29009,0,64,REFUGE,256,SEALED_REVIEW,OC,89,83.48511120093396,83.39965243497292,-0.08545876596103597,,,,REFUGE,
FUTURE_DOMAIN_CHANNEL,29009,0,192,REFUGE,64,SEARCH,OC,28,84.67607298662308,84.55678437459697,-0.11928861202611074,,,,REFUGE,
FUTURE_DOMAIN_CHANNEL,29009,0,192,REFUGE,64,SEALED_REVIEW,OC,21,85.88169987174831,85.77232042621604,-0.10937944553226941,,,,REFUGE,
FUTURE_DOMAIN_CHANNEL,29009,0,192,REFUGE,256,SEARCH,OD,26,80.71065269806908,80.64760269537553,-0.06305000269355787,,,,ORIGA,
FUTURE_DOMAIN_CHANNEL,29009,0,192,REFUGE,256,SEARCH,OC,26,60.87320614671028,60.7709520744288,-0.10225407228148242,,,,ORIGA,
FUTURE_DOMAIN_CHANNEL,29009,0,192,REFUGE,256,SEARCH,OC,93,85.17390033693312,85.13939186923078,-0.03450846770233795,,,,REFUGE,
FUTURE_DOMAIN_CHANNEL,29009,0,192,REFUGE,256,SEALED_REVIEW,OD,18,79.04541482158676,79.01197965687845,-0.03343516470830821,,,,ORIGA,
FUTURE_DOMAIN_CHANNEL,29009,0,192,REFUGE,256,SEALED_REVIEW,OC,18,60.96420287916306,60.87898855842823,-0.08521432073482771,,,,ORIGA,
FUTURE_DOMAIN_CHANNEL,29009,0,192,REFUGE,256,SEALED_REVIEW,OC,73,85.14964579643697,85.07510390100012,-0.07454189543685175,,,,REFUGE,
FUTURE_DOMAIN_CHANNEL,29009,0,320,REFUGE,64,SEARCH,OD,33,87.27325343606628,87.20735391309219,-0.0658995229740924,,,,REFUGE,
FUTURE_DOMAIN_CHANNEL,29009,0,320,REFUGE,64,SEARCH,OC,33,83.82177882066357,83.73492584874053,-0.08685297192303665,,,,REFUGE,
FUTURE_DOMAIN_CHANNEL,29009,0,320,REFUGE,64,SEALED_REVIEW,OD,25,87.63799368576461,87.53610854602431,-0.101885139740304,,,,REFUGE,
FUTURE_DOMAIN_CHANNEL,29009,0,320,REFUGE,64,SEALED_REVIEW,OC,25,83.7679262845082,83.74025531092707,-0.027670973581138014,,,,REFUGE,
FUTURE_DOMAIN_CHANNEL,29009,0,320,REFUGE,256,SEARCH,OD,94,83.42697243855908,83.25771631068767,-0.16925612787140665,,,,ORIGA,
FUTURE_DOMAIN_CHANNEL,29009,0,320,REFUGE,256,SEARCH,OD,39,87.36006943981604,87.29252823120093,-0.06754120861511126,,,,REFUGE,
FUTURE_DOMAIN_CHANNEL,29009,0,320,REFUGE,256,SEARCH,OC,94,66.76743727004371,66.52733318419293,-0.24010408585078835,,,,ORIGA,
FUTURE_DOMAIN_CHANNEL,29009,0,320,REFUGE,256,SEARCH,OC,39,84.27084037728655,84.20190499359028,-0.06893538369627095,,,,REFUGE,
FUTURE_DOMAIN_CHANNEL,29009,0,320,REFUGE,256,SEALED_REVIEW,OD,59,82.99870555098528,82.83746570275378,-0.16123984823150295,,,,ORIGA,
FUTURE_DOMAIN_CHANNEL,29009,0,320,REFUGE,256,SEALED_REVIEW,OD,30,87.91700526877656,87.81285675136263,-0.1041485174139325,,,,REFUGE,
FUTURE_DOMAIN_CHANNEL,29009,0,320,REFUGE,256,SEALED_REVIEW,OC,59,65.54570625986005,65.2891754492467,-0.2565308106133557,,,,ORIGA,
FUTURE_DOMAIN_CHANNEL,29009,0,320,REFUGE,256,SEALED_REVIEW,OC,30,84.21433452506987,84.18885668029381,-0.025477844776062852,,,,REFUGE,
FUTURE_DOMAIN_CHANNEL,29009,0,448,ORIGA,64,SEARCH,OD,35,84.51728940787832,82.9341024576863,-1.5831869501920295,,,,ORIGA,
FUTURE_DOMAIN_CHANNEL,29009,0,448,ORIGA,64,SEARCH,OC,35,69.98985404283135,67.38214479417329,-2.607709248658068,,,,ORIGA,
FUTURE_DOMAIN_CHANNEL,29009,0,448,ORIGA,64,SEALED_REVIEW,OD,22,84.35026893328669,82.23112985036761,-2.1191390829190766,,,,ORIGA,
FUTURE_DOMAIN_CHANNEL,29009,0,448,ORIGA,64,SEALED_REVIEW,OC,22,69.0514432383026,66.69488262640564,-2.3565606118969527,,,,ORIGA,
FUTURE_DOMAIN_CHANNEL,29009,0,448,ORIGA,256,SEARCH,OD,137,85.36316746353845,84.46458157926968,-0.8985858842687691,,,,ORIGA,
FUTURE_DOMAIN_CHANNEL,29009,0,448,ORIGA,256,SEARCH,OC,137,68.96704650941396,67.89338451819377,-1.0736619912201917,,,,ORIGA,
FUTURE_DOMAIN_CHANNEL,29009,0,448,ORIGA,256,SEALED_REVIEW,OD,90,86.46018328660051,85.54254234802822,-0.9176409385722906,,,,ORIGA,
FUTURE_DOMAIN_CHANNEL,29009,0,448,ORIGA,256,SEALED_REVIEW,OC,90,72.47101322275891,71.51682385775462,-0.9541893650042965,,,,ORIGA,
FUTURE_DOMAIN_CHANNEL,29009,0,576,ORIGA,64,SEARCH,OD,38,85.77079890782925,85.31603663311326,-0.4547622747159892,,,,ORIGA,
FUTURE_DOMAIN_CHANNEL,29009,0,576,ORIGA,64,SEARCH,OC,38,65.71089879845862,65.50728778412525,-0.2036110143333616,,,,ORIGA,
FUTURE_DOMAIN_CHANNEL,29009,0,576,ORIGA,64,SEALED_REVIEW,OD,24,90.01230435292265,89.67605071673947,-0.33625363618318715,,,,ORIGA,
FUTURE_DOMAIN_CHANNEL,29009,0,576,ORIGA,64,SEALED_REVIEW,OC,24,79.50137714942878,79.21165145549561,-0.28972569393316405,,,,ORIGA,
FUTURE_DOMAIN_CHANNEL,29009,0,576,ORIGA,256,SEARCH,OD,140,87.75221947362046,87.47977449377593,-0.2724449798445221,,,,ORIGA,
FUTURE_DOMAIN_CHANNEL,29009,0,576,ORIGA,256,SEARCH,OC,140,70.77240427171454,70.59553659825914,-0.17686767345539067,,,,ORIGA,
FUTURE_DOMAIN_CHANNEL,29009,0,576,ORIGA,256,SEALED_REVIEW,OD,95,87.86408723866326,87.64931300145112,-0.21477423721213995,,,,ORIGA,
FUTURE_DOMAIN_CHANNEL,29009,0,576,ORIGA,256,SEALED_REVIEW,OC,95,73.7687795353744,73.62020440876726,-0.14857512660714178,,,,ORIGA,
FUTURE_DOMAIN_CHANNEL,29009,0,704,ORIGA,64,SEARCH,OD,32,89.41347894961677,89.1980211714973,-0.21545777811947175,,,,ORIGA,
FUTURE_DOMAIN_CHANNEL,29009,0,704,ORIGA,64,SEARCH,OC,32,71.63771654643809,71.34565399943926,-0.29206254699882095,,,,ORIGA,
FUTURE_DOMAIN_CHANNEL,29009,0,704,ORIGA,64,SEALED_REVIEW,OD,27,88.0643605498777,87.88595898841442,-0.17840156146328923,,,,ORIGA,
FUTURE_DOMAIN_CHANNEL,29009,0,704,ORIGA,64,SEALED_REVIEW,OC,27,71.94180600385486,71.6752970413986,-0.2665089624562711,,,,ORIGA,
FUTURE_DOMAIN_CHANNEL,29009,0,704,ORIGA,256,SEARCH,OD,143,90.20507522179186,90.07915357040194,-0.12592165138991618,,,,ORIGA,
FUTURE_DOMAIN_CHANNEL,29009,0,704,ORIGA,256,SEARCH,OC,143,73.40917913821737,73.24170289682407,-0.16747624139330242,,,,ORIGA,
FUTURE_DOMAIN_CHANNEL,29009,0,704,ORIGA,256,SEALED_REVIEW,OD,91,90.05160988385926,89.93502434603197,-0.11658553782729086,,,,ORIGA,
FUTURE_DOMAIN_CHANNEL,29009,0,704,ORIGA,256,SEALED_REVIEW,OC,91,74.82961636833195,74.71100358183946,-0.1186127864924913,,,,ORIGA,
FUTURE_DOMAIN_CHANNEL,29009,0,832,ORIGA,64,SEARCH,OD,38,89.72603312042465,89.53838389994175,-0.18764922048289634,,,,ORIGA,
FUTURE_DOMAIN_CHANNEL,29009,0,832,ORIGA,64,SEARCH,OC,38,72.39802872019193,72.3158206228496,-0.08220809734233114,,,,ORIGA,
FUTURE_DOMAIN_CHANNEL,29009,0,832,ORIGA,64,SEALED_REVIEW,OD,20,90.24095576744354,90.13029168324627,-0.1106640841972677,,,,ORIGA,
FUTURE_DOMAIN_CHANNEL,29009,0,832,ORIGA,256,SEARCH,OD,118,91.81868835417141,91.59679597070719,-0.22189238346422258,,,,ORIGA,
FUTURE_DOMAIN_CHANNEL,29009,0,832,ORIGA,256,SEARCH,OC,118,75.39669738861929,75.29962137094668,-0.09707601767260599,,,,ORIGA,
FUTURE_DOMAIN_CHANNEL,29009,0,832,ORIGA,256,SEALED_REVIEW,OD,80,92.73367009591688,92.53648311842662,-0.19718697749026148,,,,ORIGA,
FUTURE_DOMAIN_CHANNEL,29009,0,960,ORIGA,64,SEARCH,OD,33,92.9663389810599,92.85245495183287,-0.11388402922703733,,,,ORIGA,
FUTURE_DOMAIN_CHANNEL,29009,0,960,ORIGA,64,SEARCH,OC,33,75.27209995634102,75.23620277432333,-0.035897182017691875,,,,ORIGA,
FUTURE_DOMAIN_CHANNEL,29009,0,960,ORIGA,64,SEALED_REVIEW,OD,24,93.47213716229204,93.37095319338803,-0.10118396890401016,,,,ORIGA,
FUTURE_DOMAIN_CHANNEL,29009,0,960,ORIGA,64,SEALED_REVIEW,OC,24,77.3140375845593,77.2555158866817,-0.05852169787759465,,,,ORIGA,
FUTURE_DOMAIN_CHANNEL,29009,0,960,ORIGA,256,SEARCH,OD,46,92.81510199897491,92.69170217886133,-0.1233998201135762,,,,ORIGA,
FUTURE_DOMAIN_CHANNEL,29009,0,960,ORIGA,256,SEARCH,OC,46,77.22575315025992,77.15247048004875,-0.07328267021117085,,,,ORIGA,
FUTURE_DOMAIN_CHANNEL,29009,0,960,ORIGA,256,SEALED_REVIEW,OD,35,93.25071602401975,93.15331224769655,-0.09740377632320474,,,,ORIGA,
FUTURE_DOMAIN_CHANNEL,29009,0,960,ORIGA,256,SEALED_REVIEW,OC,35,77.98237728577604,77.94771216697522,-0.034665118800816686,,,,ORIGA,
FUTURE_DOMAIN_CHANNEL,29009,0,1088,REFUGE_Valid,64,SEARCH,OD,37,78.82101580604622,78.24672714948085,-0.574288656565372,,,,REFUGE_Valid,
FUTURE_DOMAIN_CHANNEL,29009,0,1088,REFUGE_Valid,64,SEARCH,OC,37,58.50312201626086,58.471833145748306,-0.03128887051255447,,,,REFUGE_Valid,
FUTURE_DOMAIN_CHANNEL,29009,0,1088,REFUGE_Valid,64,SEALED_REVIEW,OD,22,80.98715346723985,80.61104354748825,-0.3761099197515989,,,,REFUGE_Valid,
FUTURE_DOMAIN_CHANNEL,29009,0,1088,REFUGE_Valid,64,SEALED_REVIEW,OC,22,62.55233184017095,62.4486592413254,-0.10367259884554869,,,,REFUGE_Valid,
FUTURE_DOMAIN_CHANNEL,29009,0,1088,REFUGE_Valid,256,SEARCH,OD,130,78.67747306230335,78.55141414568482,-0.12605891661853263,,,,REFUGE_Valid,
FUTURE_DOMAIN_CHANNEL,29009,0,1088,REFUGE_Valid,256,SEALED_REVIEW,OD,104,78.94367465766788,78.90927497632643,-0.03439968134145488,,,,REFUGE_Valid,
FUTURE_DOMAIN_CHANNEL,29009,0,1600,REFUGE_Valid,256,SEARCH,OD,1,96.54415481262185,96.44195569446254,-0.10219911815931937,,,,Drishti_GS,
FUTURE_DOMAIN_CHANNEL,29009,0,1600,REFUGE_Valid,256,SEARCH,OC,1,68.69799988980108,68.41887302945806,-0.2791268603430268,,,,Drishti_GS,
FUTURE_DOMAIN_CHANNEL,29009,0,1856,Drishti_GS,64,SEARCH,OD,14,93.70282787568021,93.68883547749768,-0.013992398182537613,,,,Drishti_GS,
FUTURE_DOMAIN_CHANNEL,29009,1,64,Drishti_GS,64,SEARCH,OD,7,86.50473235891407,86.2702631835831,-0.23446917533097178,,,,Drishti_GS,
FUTURE_DOMAIN_CHANNEL,29009,1,64,Drishti_GS,64,SEARCH,OC,7,64.46957569991068,64.12424424850569,-0.3453314514049879,,,,Drishti_GS,
FUTURE_DOMAIN_CHANNEL,29009,1,64,Drishti_GS,64,SEALED_REVIEW,OD,7,88.16474926472787,87.73120558535632,-0.433543679371553,,,,Drishti_GS,
FUTURE_DOMAIN_CHANNEL,29009,1,64,Drishti_GS,64,SEALED_REVIEW,OC,7,64.72312879734307,64.20146810699164,-0.5216606903514247,,,,Drishti_GS,
FUTURE_DOMAIN_CHANNEL,29009,1,64,Drishti_GS,256,SEARCH,OD,7,86.50473235891407,86.2702631835831,-0.23446917533097178,,,,Drishti_GS,
FUTURE_DOMAIN_CHANNEL,29009,1,64,Drishti_GS,256,SEARCH,OC,7,64.46957569991068,64.12424424850569,-0.3453314514049879,,,,Drishti_GS,
FUTURE_DOMAIN_CHANNEL,29009,1,64,Drishti_GS,256,SEALED_REVIEW,OD,7,88.16474926472787,87.73120558535632,-0.433543679371553,,,,Drishti_GS,
FUTURE_DOMAIN_CHANNEL,29009,1,64,Drishti_GS,256,SEALED_REVIEW,OC,7,64.72312879734307,64.20146810699164,-0.5216606903514247,,,,Drishti_GS,
FUTURE_DOMAIN_CHANNEL,29009,1,192,REFUGE_Valid,64,SEARCH,OD,32,80.57647137755438,80.09529990526568,-0.4811714722887075,,,,REFUGE_Valid,
FUTURE_DOMAIN_CHANNEL,29009,1,192,REFUGE_Valid,256,SEARCH,OD,128,81.95843364669142,81.85610513873858,-0.10232850795283355,,,,REFUGE_Valid,
FUTURE_DOMAIN_CHANNEL,29009,1,448,REFUGE_Valid,64,SEARCH,OD,31,80.58455613864584,80.54700520680532,-0.03755093184051361,,,,REFUGE_Valid,
FUTURE_DOMAIN_CHANNEL,29009,1,448,REFUGE_Valid,64,SEARCH,OC,31,62.885227765825675,62.86403248159247,-0.021195284233208156,,,,REFUGE_Valid,
FUTURE_DOMAIN_CHANNEL,29009,1,448,REFUGE_Valid,64,SEALED_REVIEW,OD,27,83.76780570862958,83.70784408316688,-0.059961625462705115,,,,REFUGE_Valid,
FUTURE_DOMAIN_CHANNEL,29009,1,448,REFUGE_Valid,64,SEALED_REVIEW,OC,27,68.73427903030333,68.69098121211302,-0.04329781819031098,,,,REFUGE_Valid,
FUTURE_DOMAIN_CHANNEL,29009,1,448,REFUGE_Valid,256,SEARCH,OD,133,80.65661695263029,80.65223788626183,-0.004379066368457529,,,,REFUGE_Valid,
FUTURE_DOMAIN_CHANNEL,29009,1,448,REFUGE_Valid,256,SEARCH,OC,133,65.1641147710432,65.15520638207136,-0.008908388971846648,,,,REFUGE_Valid,
FUTURE_DOMAIN_CHANNEL,29009,1,448,REFUGE_Valid,256,SEALED_REVIEW,OD,102,81.69971954764499,81.68447711932427,-0.015242428320718204,,,,REFUGE_Valid,
FUTURE_DOMAIN_CHANNEL,29009,1,448,REFUGE_Valid,256,SEALED_REVIEW,OC,102,65.25536335275469,65.24026779685424,-0.015095555900444424,,,,REFUGE_Valid,
FUTURE_DOMAIN_CHANNEL,29009,1,576,REFUGE_Valid,64,SEARCH,OD,34,81.10566151930936,81.0413288100355,-0.06433270927387014,,,,REFUGE_Valid,
FUTURE_DOMAIN_CHANNEL,29009,1,576,REFUGE_Valid,64,SEALED_REVIEW,OD,26,78.79801668434943,78.71602612657252,-0.0819905577769191,,,,REFUGE_Valid,
FUTURE_DOMAIN_CHANNEL,29009,1,576,REFUGE_Valid,256,SEARCH,OD,150,78.00071852330822,77.92733619665134,-0.07338232665688338,,,,REFUGE_Valid,
FUTURE_DOMAIN_CHANNEL,29009,1,576,REFUGE_Valid,256,SEALED_REVIEW,OD,84,80.45566780996504,80.3933036714332,-0.062364138531833646,,,,REFUGE_Valid,
FUTURE_DOMAIN_CHANNEL,29009,1,704,REFUGE_Valid,256,SEARCH,OD,33,82.73784187809255,82.6687274622023,-0.06911441589025458,,,,ORIGA,
FUTURE_DOMAIN_CHANNEL,29009,1,704,REFUGE_Valid,256,SEARCH,OC,33,61.71648400957182,61.59065921640396,-0.12582479316786532,,,,ORIGA,
FUTURE_DOMAIN_CHANNEL,29009,1,704,REFUGE_Valid,256,SEALED_REVIEW,OD,22,80.16211391048427,80.06391836805807,-0.09819554242619688,,,,ORIGA,
FUTURE_DOMAIN_CHANNEL,29009,1,704,REFUGE_Valid,256,SEALED_REVIEW,OC,22,57.916493111503755,57.85288427991926,-0.06360883158449582,,,,ORIGA,
FUTURE_DOMAIN_CHANNEL,29009,1,832,REFUGE_Valid,256,SEARCH,OC,101,64.51173056793932,64.46940988261883,-0.04232068532049027,,,,ORIGA,
FUTURE_DOMAIN_CHANNEL,29009,1,960,ORIGA,64,SEARCH,OD,34,85.37497302663692,83.74718183595446,-1.6277911906824585,,,,ORIGA,
FUTURE_DOMAIN_CHANNEL,29009,1,960,ORIGA,64,SEARCH,OC,34,66.59080680609483,64.2546766270191,-2.336130179075738,,,,ORIGA,
FUTURE_DOMAIN_CHANNEL,29009,1,960,ORIGA,64,SEALED_REVIEW,OD,22,84.03120077592807,82.138804353395,-1.8923964225330678,,,,ORIGA,
FUTURE_DOMAIN_CHANNEL,29009,1,960,ORIGA,64,SEALED_REVIEW,OC,22,63.46147194382695,60.48170371507421,-2.9797682287527394,,,,ORIGA,
FUTURE_DOMAIN_CHANNEL,29009,1,960,ORIGA,256,SEARCH,OD,134,85.08324928737537,84.09550452314363,-0.987744764231735,,,,ORIGA,
FUTURE_DOMAIN_CHANNEL,29009,1,960,ORIGA,256,SEARCH,OC,134,65.25076453987549,63.671518726642766,-1.579245813232724,,,,ORIGA,
FUTURE_DOMAIN_CHANNEL,29009,1,960,ORIGA,256,SEALED_REVIEW,OD,91,85.64081291694099,84.63768128669537,-1.003131630245619,,,,ORIGA,
FUTURE_DOMAIN_CHANNEL,29009,1,960,ORIGA,256,SEALED_REVIEW,OC,91,68.4313802565689,66.901700875876,-1.5296793806928974,,,,ORIGA,
FUTURE_DOMAIN_CHANNEL,29009,1,1088,ORIGA,64,SEARCH,OD,37,84.59096294634647,84.10863665782605,-0.4823262885204116,,,,ORIGA,
FUTURE_DOMAIN_CHANNEL,29009,1,1088,ORIGA,64,SEARCH,OC,37,59.81637802969411,58.96224286118521,-0.8541351685088969,,,,ORIGA,
FUTURE_DOMAIN_CHANNEL,29009,1,1088,ORIGA,64,SEALED_REVIEW,OD,25,89.21210011401135,88.8902768079891,-0.32182330602225306,,,,ORIGA,
FUTURE_DOMAIN_CHANNEL,29009,1,1088,ORIGA,64,SEALED_REVIEW,OC,25,74.17403848687424,73.47222762586614,-0.7018108610080986,,,,ORIGA,
FUTURE_DOMAIN_CHANNEL,29009,1,1088,ORIGA,256,SEARCH,OD,142,86.20365523632884,85.87111200956448,-0.33254322676435777,,,,ORIGA,
FUTURE_DOMAIN_CHANNEL,29009,1,1088,ORIGA,256,SEARCH,OC,142,66.5260211811188,65.84921269716332,-0.6768084839554689,,,,ORIGA,
FUTURE_DOMAIN_CHANNEL,29009,1,1088,ORIGA,256,SEALED_REVIEW,OD,93,86.11213722542884,85.85000813710275,-0.26212908832609116,,,,ORIGA,
FUTURE_DOMAIN_CHANNEL,29009,1,1088,ORIGA,256,SEALED_REVIEW,OC,93,69.5430965407384,68.97808830423989,-0.5650082364985138,,,,ORIGA,
FUTURE_DOMAIN_CHANNEL,29009,1,1216,ORIGA,64,SEARCH,OD,36,86.60598466681283,86.24099108447137,-0.3649935823414552,,,,ORIGA,
FUTURE_DOMAIN_CHANNEL,29009,1,1216,ORIGA,64,SEARCH,OC,36,67.2850634470747,66.53752646985096,-0.7475369772237457,,,,ORIGA,
FUTURE_DOMAIN_CHANNEL,29009,1,1216,ORIGA,64,SEALED_REVIEW,OD,24,84.59198846417789,84.22733111880206,-0.36465734537583216,,,,ORIGA,
FUTURE_DOMAIN_CHANNEL,29009,1,1216,ORIGA,64,SEALED_REVIEW,OC,24,67.34675766840171,66.60435092096415,-0.7424067474375562,,,,ORIGA,
FUTURE_DOMAIN_CHANNEL,29009,1,1216,ORIGA,256,SEARCH,OD,147,88.67762827613896,88.42924911827137,-0.24837915786758913,,,,ORIGA,
FUTURE_DOMAIN_CHANNEL,29009,1,1216,ORIGA,256,SEARCH,OC,147,70.31150170270456,69.82891803729302,-0.4825836654115392,,,,ORIGA,
FUTURE_DOMAIN_CHANNEL,29009,1,1216,ORIGA,256,SEALED_REVIEW,OD,89,88.3656017201108,88.14959103815426,-0.21601068195654705,,,,ORIGA,
FUTURE_DOMAIN_CHANNEL,29009,1,1216,ORIGA,256,SEALED_REVIEW,OC,89,71.8223649110168,71.41313219254656,-0.4092327184702498,,,,ORIGA,
FUTURE_DOMAIN_CHANNEL,29009,1,1344,ORIGA,256,SEALED_REVIEW,OC,13,77.68199395328017,77.65603708342829,-0.025956869851881947,,,,REFUGE,
FUTURE_DOMAIN_CHANNEL,29009,1,1472,ORIGA,64,SEARCH,OC,31,77.03390353682018,76.8646715707087,-0.16923196611148228,,,,ORIGA,
FUTURE_DOMAIN_CHANNEL,29009,1,1472,ORIGA,64,SEALED_REVIEW,OC,25,77.46061487776088,77.37286332751444,-0.08775155024643766,,,,ORIGA,
FUTURE_DOMAIN_CHANNEL,29009,1,1472,ORIGA,256,SEARCH,OD,38,94.61987529545841,94.6127548596532,-0.007120435805219927,,,,ORIGA,
FUTURE_DOMAIN_CHANNEL,29009,1,1472,ORIGA,256,SEARCH,OC,38,77.80266222579954,77.64286351932039,-0.15979870647915106,,,,ORIGA,
FUTURE_DOMAIN_CHANNEL,29009,1,1472,ORIGA,256,SEALED_REVIEW,OC,32,77.72821575487187,77.6469133721147,-0.08130238275717261,,,,ORIGA,
ORIGIN_STRATUM,,0,,Drishti_GS,64,SEALED_REVIEW,,,76.34438071492987,76.22094529049933,-0.12343542443052986,,,,,3
ORIGIN_STRATUM,,1,,Drishti_GS,64,SEALED_REVIEW,,,76.40120498997844,76.3964275299641,-0.004777460014333694,,,,,3
ORIGIN_STRATUM,,0,,ORIGA,64,SEALED_REVIEW,,,82.25506016905489,81.72034325694088,-0.5347169121140164,,,,,15
ORIGIN_STRATUM,,1,,ORIGA,64,SEALED_REVIEW,,,80.25106167101266,79.56285252640932,-0.6882091446033523,,,,,15
ORIGIN_STRATUM,,0,,REFUGE,64,SEALED_REVIEW,,,85.83802394319768,85.7499980370014,-0.08802590619628524,,,,,9
ORIGIN_STRATUM,,0,,ORIGA,256,SEALED_REVIEW,,,80.44082455655763,80.25090237475575,-0.18992218180187403,,,,,15
ORIGIN_STRATUM,,1,,ORIGA,256,SEALED_REVIEW,,,81.2000784165136,80.82945076795113,-0.37062764856247554,,,,,15
ORIGIN_STRATUM,,0,,REFUGE,256,SEALED_REVIEW,,,82.58594807846903,82.48548922121905,-0.10045885724997403,,,,,9
ORIGIN_STRATUM,,1,,REFUGE,256,SEALED_REVIEW,,,84.88671289344335,84.87684929690852,-0.009863596534823197,,,,,3
ORIGIN_STRATUM,,0,,Drishti_GS,64,SEARCH,,,82.4919688540012,82.41393796493514,-0.07803088906605637,,,,,3
ORIGIN_STRATUM,,0,,ORIGA,64,SEARCH,,,79.80237113203381,79.2087600303251,-0.593611101708719,,,,,15
ORIGIN_STRATUM,,1,,ORIGA,64,SEARCH,,,78.27191356439008,77.64853493525045,-0.6233786291396105,,,,,15
ORIGIN_STRATUM,,0,,REFUGE,64,SEARCH,,,86.0392323810774,85.95034118065075,-0.08889120042664128,,,,,9
ORIGIN_STRATUM,,0,,ORIGA,256,SEARCH,,,78.58309360054587,78.34413518479255,-0.23895841575331456,,,,,15
ORIGIN_STRATUM,,1,,ORIGA,256,SEARCH,,,80.55543957459984,80.15411883782669,-0.40132073677316005,,,,,15
ORIGIN_STRATUM,,0,,REFUGE,256,SEARCH,,,82.64240981510419,82.53992971919003,-0.10248009591416639,,,,,9
